0 FILE DX0076.DAT.dat
0 DX0076
0 Name:  Untitled_22
0 Author:  
0 BL_Item_No DX0076.DAT
0 BFC CERTIFY CCW
1 71 0.0000 75.9999 -0.0002 1.0000 0.0000 0.0000 0.0000 1.0000 0.0000 0.0000 0.0000 1.0000 58120.dat
1 72 -87.0000 57.0000 278.0000 0.0000 1.0000 0.0000 1.0000 0.0000 0.0000 0.0000 0.0000 -1.0000 58124c01.dat
3 0 2.420 49.524 116.313 2.475 52.082 117.127 3.042 51.814 116.858
3 0 3.042 51.814 116.858 2.993 49.637 115.958 2.420 49.524 116.313
3 0 2.993 49.637 115.958 3.042 51.814 116.858 3.712 51.720 116.764
3 0 3.712 51.720 116.764 3.664 49.665 115.836 2.993 49.637 115.958
3 0 3.664 49.665 115.836 3.712 51.720 116.764 4.382 51.814 116.858
3 0 4.382 51.814 116.858 4.332 49.604 115.966 3.664 49.665 115.836
3 0 4.332 49.604 115.966 4.382 51.814 116.858 4.949 52.082 117.127
3 0 4.949 52.082 117.127 4.894 49.465 116.327 4.332 49.604 115.966
3 0 4.894 49.465 116.327 4.949 52.082 117.127 5.329 52.483 117.528
3 0 5.329 52.483 117.528 5.266 49.268 116.864 4.894 49.465 116.327
3 0 5.266 49.268 116.864 5.329 52.483 117.528 5.462 52.957 118.002
3 0 5.462 52.957 118.002 5.390 49.043 117.497 5.266 49.268 116.864
3 0 5.390 49.043 117.497 5.462 52.957 118.002 5.329 53.430 118.475
3 0 5.329 53.430 118.475 5.248 48.825 118.128 5.390 49.043 117.497
3 0 5.248 48.825 118.128 5.329 53.430 118.475 4.949 53.832 118.877
3 0 4.949 53.832 118.877 4.862 48.646 118.662 5.248 48.825 118.128
3 0 4.862 48.646 118.662 4.949 53.832 118.877 4.382 54.100 119.145
3 0 4.382 54.100 119.145 4.289 48.534 119.016 4.862 48.646 118.662
3 0 3.618 48.506 119.138 4.289 48.534 119.016 4.382 54.100 119.145
3 0 4.382 54.100 119.145 3.712 54.194 119.239 3.618 48.506 119.138
3 0 3.618 48.506 119.138 3.712 54.194 119.239 3.042 54.100 119.145
3 0 3.042 54.100 119.145 2.950 48.566 119.009 3.618 48.506 119.138
3 0 2.950 48.566 119.009 3.042 54.100 119.145 2.475 53.832 118.877
3 0 2.475 53.832 118.877 2.388 48.705 118.648 2.950 48.566 119.009
3 0 0.518 49.696 115.945 -0.054 49.584 116.299 0.000 52.082 117.127
3 0 0.000 52.082 117.127 0.567 51.814 116.858 0.518 49.696 115.945
3 0 1.190 49.724 115.823 0.518 49.696 115.945 0.567 51.814 116.858
3 0 0.567 51.814 116.858 1.237 51.720 116.764 1.190 49.724 115.823
3 0 1.857 49.664 115.952 1.190 49.724 115.823 1.237 51.720 116.764
3 0 1.237 51.720 116.764 1.907 51.814 116.858 1.857 49.664 115.952
3 0 2.420 49.524 116.313 1.857 49.664 115.952 1.907 51.814 116.858
3 0 1.907 51.814 116.858 2.475 52.082 117.127 2.420 49.524 116.313
3 0 1.815 48.593 119.003 2.388 48.705 118.648 2.475 53.832 118.877
3 0 2.475 53.832 118.877 1.907 54.100 119.145 1.815 48.593 119.003
3 0 1.237 54.194 119.239 1.144 48.565 119.125 1.815 48.593 119.003
3 0 1.815 48.593 119.003 1.907 54.100 119.145 1.237 54.194 119.239
3 0 0.476 48.625 118.996 1.144 48.565 119.125 1.237 54.194 119.239
3 0 1.237 54.194 119.239 0.567 54.100 119.145 0.476 48.625 118.996
3 0 -0.087 48.764 118.634 0.476 48.625 118.996 0.567 54.100 119.145
3 0 0.567 54.100 119.145 0.000 53.832 118.877 -0.087 48.764 118.634
3 0 -1.955 49.755 115.931 -2.527 49.643 116.286 -2.474 52.082 117.127
3 0 -2.474 52.082 117.127 -1.907 51.814 116.858 -1.955 49.755 115.931
3 0 -1.284 49.783 115.809 -1.955 49.755 115.931 -1.907 51.814 116.858
3 0 -1.907 51.814 116.858 -1.237 51.720 116.764 -1.284 49.783 115.809
3 0 -0.616 49.723 115.938 -1.284 49.783 115.809 -1.237 51.720 116.764
3 0 -1.237 51.720 116.764 -0.567 51.814 116.858 -0.616 49.723 115.938
3 0 -0.054 49.584 116.299 -0.616 49.723 115.938 -0.567 51.814 116.858
3 0 -0.567 51.814 116.858 0.000 52.082 117.127 -0.054 49.584 116.299
3 0 -0.658 48.652 118.989 -0.087 48.764 118.634 0.000 53.832 118.877
3 0 0.000 53.832 118.877 -0.567 54.100 119.145 -0.658 48.652 118.989
3 0 -1.237 54.194 119.239 -1.329 48.624 119.111 -0.658 48.652 118.989
3 0 -0.658 48.652 118.989 -0.567 54.100 119.145 -1.237 54.194 119.239
3 0 -1.997 48.684 118.982 -1.329 48.624 119.111 -1.237 54.194 119.239
3 0 -1.237 54.194 119.239 -1.907 54.100 119.145 -1.997 48.684 118.982
3 0 -2.560 48.823 118.621 -1.997 48.684 118.982 -1.907 54.100 119.145
3 0 -1.907 54.100 119.145 -2.474 53.832 118.877 -2.560 48.823 118.621
3 0 -2.560 48.823 118.621 -2.474 53.832 118.877 -3.042 54.100 119.145
3 0 -3.042 54.100 119.145 -3.133 48.711 118.976 -2.560 48.823 118.621
3 0 -3.804 48.683 119.098 -3.133 48.711 118.976 -3.042 54.100 119.145
3 0 -3.042 54.100 119.145 -3.712 54.194 119.239 -3.804 48.683 119.098
3 0 -3.804 48.683 119.098 -3.712 54.194 119.239 -4.382 54.100 119.145
3 0 -4.382 54.100 119.145 -4.471 48.743 118.968 -3.804 48.683 119.098
3 0 -4.471 48.743 118.968 -4.382 54.100 119.145 -4.949 53.832 118.877
3 0 -4.949 53.832 118.877 -5.034 48.883 118.607 -4.471 48.743 118.968
3 0 -5.034 48.883 118.607 -4.949 53.832 118.877 -5.329 53.430 118.475
3 0 -5.329 53.430 118.475 -5.406 49.080 118.070 -5.034 48.883 118.607
3 0 -5.406 49.080 118.070 -5.329 53.430 118.475 -5.462 52.957 118.002
3 0 -5.462 52.957 118.002 -5.530 49.305 117.437 -5.406 49.080 118.070
3 0 -5.530 49.305 117.437 -5.462 52.957 118.002 -5.329 52.483 117.528
3 0 -5.329 52.483 117.528 -5.388 49.523 116.806 -5.530 49.305 117.437
3 0 -5.388 49.523 116.806 -5.329 52.483 117.528 -4.949 52.082 117.127
3 0 -4.949 52.082 117.127 -5.002 49.702 116.272 -5.388 49.523 116.806
3 0 -5.002 49.702 116.272 -4.949 52.082 117.127 -4.382 51.814 116.858
3 0 -4.382 51.814 116.858 -4.429 49.814 115.918 -5.002 49.702 116.272
3 0 -4.429 49.814 115.918 -4.382 51.814 116.858 -3.712 51.720 116.764
3 0 -3.712 51.720 116.764 -3.758 49.842 115.796 -4.429 49.814 115.918
3 0 -3.758 49.842 115.796 -3.712 51.720 116.764 -3.042 51.814 116.858
3 0 -3.042 51.814 116.858 -3.090 49.782 115.925 -3.758 49.842 115.796
3 0 -3.090 49.782 115.925 -3.042 51.814 116.858 -2.474 52.082 117.127
3 0 -2.474 52.082 117.127 -2.527 49.643 116.286 -3.090 49.782 115.925
3 0 2.911 46.477 114.053 2.336 46.292 114.372 2.420 49.524 116.313
3 0 2.420 49.524 116.313 2.993 49.637 115.958 2.911 46.477 114.053
3 0 3.582 46.529 113.942 2.911 46.477 114.053 2.993 49.637 115.958
3 0 2.993 49.637 115.958 3.664 49.665 115.836 3.582 46.529 113.942
3 0 4.249 46.439 114.057 3.582 46.529 113.942 3.664 49.665 115.836
3 0 3.664 49.665 115.836 4.332 49.604 115.966 4.249 46.439 114.057
3 0 4.810 46.220 114.380 4.249 46.439 114.057 4.332 49.604 115.966
3 0 4.332 49.604 115.966 4.894 49.465 116.327 4.810 46.220 114.380
3 0 5.179 45.908 114.862 4.810 46.220 114.380 4.894 49.465 116.327
3 0 4.894 49.465 116.327 5.266 49.268 116.864 5.179 45.908 114.862
3 0 5.300 45.548 115.430 5.179 45.908 114.862 5.266 49.268 116.864
3 0 5.266 49.268 116.864 5.390 49.043 117.497 5.300 45.548 115.430
3 0 5.154 45.196 115.996 5.300 45.548 115.430 5.390 49.043 117.497
3 0 5.390 49.043 117.497 5.248 48.825 118.128 5.154 45.196 115.996
3 0 4.765 44.905 116.476 5.154 45.196 115.996 5.248 48.825 118.128
3 0 5.248 48.825 118.128 4.862 48.646 118.662 4.765 44.905 116.476
3 0 4.190 44.719 116.795 4.765 44.905 116.476 4.862 48.646 118.662
3 0 4.862 48.646 118.662 4.289 48.534 119.016 4.190 44.719 116.795
3 0 3.518 44.668 116.906 4.190 44.719 116.795 4.289 48.534 119.016
3 0 4.289 48.534 119.016 3.618 48.506 119.138 3.518 44.668 116.906
3 0 2.851 44.758 116.791 3.518 44.668 116.906 3.618 48.506 119.138
3 0 3.618 48.506 119.138 2.950 48.566 119.009 2.851 44.758 116.791
3 0 2.291 44.976 116.467 2.851 44.758 116.791 2.950 48.566 119.009
3 0 2.950 48.566 119.009 2.388 48.705 118.648 2.291 44.976 116.467
3 0 0.518 49.696 115.945 0.437 46.549 114.044 -0.138 46.363 114.363
3 0 -0.138 46.363 114.363 -0.054 49.584 116.299 0.518 49.696 115.945
3 0 1.190 49.724 115.823 1.108 46.600 113.934 0.437 46.549 114.044
3 0 0.437 46.549 114.044 0.518 49.696 115.945 1.190 49.724 115.823
3 0 1.857 49.664 115.952 1.775 46.510 114.049 1.108 46.600 113.934
3 0 1.108 46.600 113.934 1.190 49.724 115.823 1.857 49.664 115.952
3 0 2.420 49.524 116.313 2.336 46.292 114.372 1.775 46.510 114.049
3 0 1.775 46.510 114.049 1.857 49.664 115.952 2.420 49.524 116.313
3 0 1.815 48.593 119.003 1.716 44.791 116.787 2.291 44.976 116.467
3 0 2.291 44.976 116.467 2.388 48.705 118.648 1.815 48.593 119.003
3 0 1.144 48.565 119.125 1.044 44.739 116.897 1.716 44.791 116.787
3 0 1.716 44.791 116.787 1.815 48.593 119.003 1.144 48.565 119.125
3 0 0.476 48.625 118.996 0.377 44.830 116.782 1.044 44.739 116.897
3 0 1.044 44.739 116.897 1.144 48.565 119.125 0.476 48.625 118.996
3 0 -0.087 48.764 118.634 -0.183 45.048 116.459 0.377 44.830 116.782
3 0 0.377 44.830 116.782 0.476 48.625 118.996 -0.087 48.764 118.634
3 0 -1.955 49.755 115.931 -2.036 46.620 114.035 -2.611 46.435 114.355
3 0 -2.611 46.435 114.355 -2.527 49.643 116.286 -1.955 49.755 115.931
3 0 -1.284 49.783 115.809 -1.365 46.672 113.925 -2.036 46.620 114.035
3 0 -2.036 46.620 114.035 -1.955 49.755 115.931 -1.284 49.783 115.809
3 0 -0.616 49.723 115.938 -0.698 46.582 114.040 -1.365 46.672 113.925
3 0 -1.365 46.672 113.925 -1.284 49.783 115.809 -0.616 49.723 115.938
3 0 -0.054 49.584 116.299 -0.138 46.363 114.363 -0.698 46.582 114.040
3 0 -0.698 46.582 114.040 -0.616 49.723 115.938 -0.054 49.584 116.299
3 0 -0.658 48.652 118.989 -0.757 44.862 116.778 -0.183 45.048 116.459
3 0 -0.183 45.048 116.459 -0.087 48.764 118.634 -0.658 48.652 118.989
3 0 -1.329 48.624 119.111 -1.429 44.811 116.888 -0.757 44.862 116.778
3 0 -0.757 44.862 116.778 -0.658 48.652 118.989 -1.329 48.624 119.111
3 0 -1.997 48.684 118.982 -2.096 44.901 116.773 -1.429 44.811 116.888
3 0 -1.429 44.811 116.888 -1.329 48.624 119.111 -1.997 48.684 118.982
3 0 -2.560 48.823 118.621 -2.656 45.119 116.450 -2.096 44.901 116.773
3 0 -2.096 44.901 116.773 -1.997 48.684 118.982 -2.560 48.823 118.621
3 0 -3.231 44.934 116.770 -2.656 45.119 116.450 -2.560 48.823 118.621
3 0 -2.560 48.823 118.621 -3.133 48.711 118.976 -3.231 44.934 116.770
3 0 -3.903 44.882 116.880 -3.231 44.934 116.770 -3.133 48.711 118.976
3 0 -3.133 48.711 118.976 -3.804 48.683 119.098 -3.903 44.882 116.880
3 0 -4.570 44.973 116.765 -3.903 44.882 116.880 -3.804 48.683 119.098
3 0 -3.804 48.683 119.098 -4.471 48.743 118.968 -4.570 44.973 116.765
3 0 -5.130 45.191 116.442 -4.570 44.973 116.765 -4.471 48.743 118.968
3 0 -4.471 48.743 118.968 -5.034 48.883 118.607 -5.130 45.191 116.442
3 0 -5.499 45.503 115.960 -5.130 45.191 116.442 -5.034 48.883 118.607
3 0 -5.034 48.883 118.607 -5.406 49.080 118.070 -5.499 45.503 115.960
3 0 -5.620 45.863 115.392 -5.499 45.503 115.960 -5.406 49.080 118.070
3 0 -5.406 49.080 118.070 -5.530 49.305 117.437 -5.620 45.863 115.392
3 0 -5.474 46.216 114.826 -5.620 45.863 115.392 -5.530 49.305 117.437
3 0 -5.530 49.305 117.437 -5.388 49.523 116.806 -5.474 46.216 114.826
3 0 -5.085 46.506 114.346 -5.474 46.216 114.826 -5.388 49.523 116.806
3 0 -5.388 49.523 116.806 -5.002 49.702 116.272 -5.085 46.506 114.346
3 0 -4.510 46.692 114.027 -5.085 46.506 114.346 -5.002 49.702 116.272
3 0 -5.002 49.702 116.272 -4.429 49.814 115.918 -4.510 46.692 114.027
3 0 -3.839 46.743 113.916 -4.510 46.692 114.027 -4.429 49.814 115.918
3 0 -4.429 49.814 115.918 -3.758 49.842 115.796 -3.839 46.743 113.916
3 0 -3.172 46.653 114.032 -3.839 46.743 113.916 -3.758 49.842 115.796
3 0 -3.758 49.842 115.796 -3.090 49.782 115.925 -3.172 46.653 114.032
3 0 -2.611 46.435 114.355 -3.172 46.653 114.032 -3.090 49.782 115.925
3 0 -3.090 49.782 115.925 -2.527 49.643 116.286 -2.611 46.435 114.355
3 0 2.727 39.779 109.597 2.153 39.589 109.913 2.336 46.292 114.372
3 0 2.336 46.292 114.372 2.911 46.477 114.053 2.727 39.779 109.597
3 0 3.399 39.831 109.488 2.727 39.779 109.597 2.911 46.477 114.053
3 0 2.911 46.477 114.053 3.582 46.529 113.942 3.399 39.831 109.488
3 0 4.066 39.739 109.602 3.399 39.831 109.488 3.582 46.529 113.942
3 0 3.582 46.529 113.942 4.249 46.439 114.057 4.066 39.739 109.602
3 0 4.626 39.516 109.922 4.066 39.739 109.602 4.249 46.439 114.057
3 0 4.249 46.439 114.057 4.810 46.220 114.380 4.626 39.516 109.922
3 0 4.995 39.195 110.399 4.626 39.516 109.922 4.810 46.220 114.380
3 0 4.810 46.220 114.380 5.179 45.908 114.862 4.995 39.195 110.399
3 0 5.115 38.827 110.961 4.995 39.195 110.399 5.179 45.908 114.862
3 0 5.179 45.908 114.862 5.300 45.548 115.430 5.115 38.827 110.961
3 0 4.969 38.466 111.523 5.115 38.827 110.961 5.300 45.548 115.430
3 0 5.300 45.548 115.430 5.154 45.196 115.996 4.969 38.466 111.523
3 0 4.579 38.168 111.997 4.969 38.466 111.523 5.154 45.196 115.996
3 0 5.154 45.196 115.996 4.765 44.905 116.476 4.579 38.168 111.997
3 0 4.004 37.978 112.313 4.579 38.168 111.997 4.765 44.905 116.476
3 0 4.765 44.905 116.476 4.190 44.719 116.795 4.004 37.978 112.313
3 0 3.332 37.926 112.423 4.004 37.978 112.313 4.190 44.719 116.795
3 0 4.190 44.719 116.795 3.518 44.668 116.906 3.332 37.926 112.423
3 0 2.665 38.018 112.309 3.332 37.926 112.423 3.518 44.668 116.906
3 0 3.518 44.668 116.906 2.851 44.758 116.791 2.665 38.018 112.309
3 0 2.105 38.242 111.988 2.665 38.018 112.309 2.851 44.758 116.791
3 0 2.851 44.758 116.791 2.291 44.976 116.467 2.105 38.242 111.988
3 0 0.437 46.549 114.044 0.253 39.852 109.588 -0.321 39.663 109.904
3 0 -0.321 39.663 109.904 -0.138 46.363 114.363 0.437 46.549 114.044
3 0 1.108 46.600 113.934 0.925 39.905 109.479 0.253 39.852 109.588
3 0 0.253 39.852 109.588 0.437 46.549 114.044 1.108 46.600 113.934
3 0 1.775 46.510 114.049 1.592 39.813 109.593 0.925 39.905 109.479
3 0 0.925 39.905 109.479 1.108 46.600 113.934 1.775 46.510 114.049
3 0 2.336 46.292 114.372 2.153 39.589 109.913 1.592 39.813 109.593
3 0 1.592 39.813 109.593 1.775 46.510 114.049 2.336 46.292 114.372
3 0 1.716 44.791 116.787 1.530 38.052 112.304 2.105 38.242 111.988
3 0 2.105 38.242 111.988 2.291 44.976 116.467 1.716 44.791 116.787
3 0 1.044 44.739 116.897 0.858 37.999 112.414 1.530 38.052 112.304
3 0 1.530 38.052 112.304 1.716 44.791 116.787 1.044 44.739 116.897
3 0 0.377 44.830 116.782 0.191 38.092 112.300 0.858 37.999 112.414
3 0 0.858 37.999 112.414 1.044 44.739 116.897 0.377 44.830 116.782
3 0 -0.183 45.048 116.459 -0.369 38.315 111.979 0.191 38.092 112.300
3 0 0.191 38.092 112.300 0.377 44.830 116.782 -0.183 45.048 116.459
3 0 -2.036 46.620 114.035 -2.219 39.926 109.579 -2.794 39.736 109.895
3 0 -2.794 39.736 109.895 -2.611 46.435 114.355 -2.036 46.620 114.035
3 0 -1.365 46.672 113.925 -1.547 39.979 109.470 -2.219 39.926 109.579
3 0 -2.219 39.926 109.579 -2.036 46.620 114.035 -1.365 46.672 113.925
3 0 -0.698 46.582 114.040 -0.881 39.886 109.584 -1.547 39.979 109.470
3 0 -1.547 39.979 109.470 -1.365 46.672 113.925 -0.698 46.582 114.040
3 0 -0.138 46.363 114.363 -0.321 39.663 109.904 -0.881 39.886 109.584
3 0 -0.881 39.886 109.584 -0.698 46.582 114.040 -0.138 46.363 114.363
3 0 -0.757 44.862 116.778 -0.943 38.126 112.295 -0.369 38.315 111.979
3 0 -0.369 38.315 111.979 -0.183 45.048 116.459 -0.757 44.862 116.778
3 0 -1.429 44.811 116.888 -1.615 38.073 112.405 -0.943 38.126 112.295
3 0 -0.943 38.126 112.295 -0.757 44.862 116.778 -1.429 44.811 116.888
3 0 -2.096 44.901 116.773 -2.282 38.166 112.291 -1.615 38.073 112.405
3 0 -1.615 38.073 112.405 -1.429 44.811 116.888 -2.096 44.901 116.773
3 0 -2.656 45.119 116.450 -2.842 38.389 111.970 -2.282 38.166 112.291
3 0 -2.282 38.166 112.291 -2.096 44.901 116.773 -2.656 45.119 116.450
3 0 -3.417 38.199 112.287 -2.842 38.389 111.970 -2.656 45.119 116.450
3 0 -2.656 45.119 116.450 -3.231 44.934 116.770 -3.417 38.199 112.287
3 0 -4.089 38.147 112.396 -3.417 38.199 112.287 -3.231 44.934 116.770
3 0 -3.231 44.934 116.770 -3.903 44.882 116.880 -4.089 38.147 112.396
3 0 -4.756 38.239 112.282 -4.089 38.147 112.396 -3.903 44.882 116.880
3 0 -3.903 44.882 116.880 -4.570 44.973 116.765 -4.756 38.239 112.282
3 0 -5.316 38.463 111.961 -4.756 38.239 112.282 -4.570 44.973 116.765
3 0 -4.570 44.973 116.765 -5.130 45.191 116.442 -5.316 38.463 111.961
3 0 -5.684 38.783 111.484 -5.316 38.463 111.961 -5.130 45.191 116.442
3 0 -5.130 45.191 116.442 -5.499 45.503 115.960 -5.684 38.783 111.484
3 0 -5.804 39.152 110.922 -5.684 38.783 111.484 -5.499 45.503 115.960
3 0 -5.499 45.503 115.960 -5.620 45.863 115.392 -5.804 39.152 110.922
3 0 -5.658 39.512 110.361 -5.804 39.152 110.922 -5.620 45.863 115.392
3 0 -5.620 45.863 115.392 -5.474 46.216 114.826 -5.658 39.512 110.361
3 0 -5.268 39.810 109.886 -5.658 39.512 110.361 -5.474 46.216 114.826
3 0 -5.474 46.216 114.826 -5.085 46.506 114.346 -5.268 39.810 109.886
3 0 -4.693 40.000 109.570 -5.268 39.810 109.886 -5.085 46.506 114.346
3 0 -5.085 46.506 114.346 -4.510 46.692 114.027 -4.693 40.000 109.570
3 0 -4.021 40.052 109.461 -4.693 40.000 109.570 -4.510 46.692 114.027
3 0 -4.510 46.692 114.027 -3.839 46.743 113.916 -4.021 40.052 109.461
3 0 -3.355 39.960 109.575 -4.021 40.052 109.461 -3.839 46.743 113.916
3 0 -3.839 46.743 113.916 -3.172 46.653 114.032 -3.355 39.960 109.575
3 0 -2.794 39.736 109.895 -3.355 39.960 109.575 -3.172 46.653 114.032
3 0 -3.172 46.653 114.032 -2.611 46.435 114.355 -2.794 39.736 109.895
3 0 2.634 36.330 107.411 2.059 36.151 107.733 2.153 39.589 109.913
3 0 2.153 39.589 109.913 2.727 39.779 109.597 2.634 36.330 107.411
3 0 3.306 36.379 107.300 2.634 36.330 107.411 2.727 39.779 109.597
3 0 2.727 39.779 109.597 3.399 39.831 109.488 3.306 36.379 107.300
3 0 3.973 36.290 107.417 3.306 36.379 107.300 3.399 39.831 109.488
3 0 3.399 39.831 109.488 4.066 39.739 109.602 3.973 36.290 107.417
3 0 4.533 36.077 107.744 3.973 36.290 107.417 4.066 39.739 109.602
3 0 4.066 39.739 109.602 4.626 39.516 109.922 4.533 36.077 107.744
3 0 4.901 35.772 108.231 4.533 36.077 107.744 4.626 39.516 109.922
3 0 4.626 39.516 109.922 4.995 39.195 110.399 4.901 35.772 108.231
3 0 5.022 35.421 108.804 4.901 35.772 108.231 4.995 39.195 110.399
3 0 4.995 39.195 110.399 5.115 38.827 110.961 5.022 35.421 108.804
3 0 4.876 35.079 109.377 5.022 35.421 108.804 5.115 38.827 110.961
3 0 5.115 38.827 110.961 4.969 38.466 111.523 4.876 35.079 109.377
3 0 4.486 34.796 109.861 4.876 35.079 109.377 4.969 38.466 111.523
3 0 4.969 38.466 111.523 4.579 38.168 111.997 4.486 34.796 109.861
3 0 3.911 34.616 110.183 4.486 34.796 109.861 4.579 38.168 111.997
3 0 4.579 38.168 111.997 4.004 37.978 112.313 3.911 34.616 110.183
3 0 3.239 34.567 110.294 3.911 34.616 110.183 4.004 37.978 112.313
3 0 4.004 37.978 112.313 3.332 37.926 112.423 3.239 34.567 110.294
3 0 2.572 34.656 110.177 3.239 34.567 110.294 3.332 37.926 112.423
3 0 3.332 37.926 112.423 2.665 38.018 112.309 2.572 34.656 110.177
3 0 2.012 34.869 109.850 2.572 34.656 110.177 2.665 38.018 112.309
3 0 2.665 38.018 112.309 2.105 38.242 111.988 2.012 34.869 109.850
3 0 0.253 39.852 109.588 0.160 36.403 107.400 -0.415 36.224 107.722
3 0 -0.415 36.224 107.722 -0.321 39.663 109.904 0.253 39.852 109.588
3 0 0.925 39.905 109.479 0.832 36.453 107.289 0.160 36.403 107.400
3 0 0.160 36.403 107.400 0.253 39.852 109.588 0.925 39.905 109.479
3 0 1.592 39.813 109.593 1.499 36.364 107.406 0.832 36.453 107.289
3 0 0.832 36.453 107.289 0.925 39.905 109.479 1.592 39.813 109.593
3 0 2.153 39.589 109.913 2.059 36.151 107.733 1.499 36.364 107.406
3 0 1.499 36.364 107.406 1.592 39.813 109.593 2.153 39.589 109.913
3 0 1.530 38.052 112.304 1.437 34.690 110.172 2.012 34.869 109.850
3 0 2.012 34.869 109.850 2.105 38.242 111.988 1.530 38.052 112.304
3 0 0.858 37.999 112.414 0.765 34.641 110.283 1.437 34.690 110.172
3 0 1.437 34.690 110.172 1.530 38.052 112.304 0.858 37.999 112.414
3 0 0.191 38.092 112.300 0.098 34.730 110.166 0.765 34.641 110.283
3 0 0.765 34.641 110.283 0.858 37.999 112.414 0.191 38.092 112.300
3 0 -0.369 38.315 111.979 -0.462 34.943 109.839 0.098 34.730 110.166
3 0 0.098 34.730 110.166 0.191 38.092 112.300 -0.369 38.315 111.979
3 0 -2.219 39.926 109.579 -2.313 36.477 107.389 -2.887 36.297 107.711
3 0 -2.887 36.297 107.711 -2.794 39.736 109.895 -2.219 39.926 109.579
3 0 -1.547 39.979 109.470 -1.641 36.526 107.278 -2.313 36.477 107.389
3 0 -2.313 36.477 107.389 -2.219 39.926 109.579 -1.547 39.979 109.470
3 0 -0.881 39.886 109.584 -0.974 36.437 107.395 -1.641 36.526 107.278
3 0 -1.641 36.526 107.278 -1.547 39.979 109.470 -0.881 39.886 109.584
3 0 -0.321 39.663 109.904 -0.415 36.224 107.722 -0.974 36.437 107.395
3 0 -0.974 36.437 107.395 -0.881 39.886 109.584 -0.321 39.663 109.904
3 0 -0.943 38.126 112.295 -1.036 34.763 110.161 -0.462 34.943 109.839
3 0 -0.462 34.943 109.839 -0.369 38.315 111.979 -0.943 38.126 112.295
3 0 -1.615 38.073 112.405 -1.708 34.714 110.272 -1.036 34.763 110.161
3 0 -1.036 34.763 110.161 -0.943 38.126 112.295 -1.615 38.073 112.405
3 0 -2.282 38.166 112.291 -2.375 34.803 110.155 -1.708 34.714 110.272
3 0 -1.708 34.714 110.272 -1.615 38.073 112.405 -2.282 38.166 112.291
3 0 -2.842 38.389 111.970 -2.935 35.016 109.828 -2.375 34.803 110.155
3 0 -2.375 34.803 110.155 -2.282 38.166 112.291 -2.842 38.389 111.970
3 0 -3.510 34.836 110.150 -2.935 35.016 109.828 -2.842 38.389 111.970
3 0 -2.842 38.389 111.970 -3.417 38.199 112.287 -3.510 34.836 110.150
3 0 -4.182 34.787 110.261 -3.510 34.836 110.150 -3.417 38.199 112.287
3 0 -3.417 38.199 112.287 -4.089 38.147 112.396 -4.182 34.787 110.261
3 0 -4.848 34.876 110.144 -4.182 34.787 110.261 -4.089 38.147 112.396
3 0 -4.089 38.147 112.396 -4.756 38.239 112.282 -4.848 34.876 110.144
3 0 -5.409 35.089 109.817 -4.848 34.876 110.144 -4.756 38.239 112.282
3 0 -4.756 38.239 112.282 -5.316 38.463 111.961 -5.409 35.089 109.817
3 0 -5.777 35.395 109.330 -5.409 35.089 109.817 -5.316 38.463 111.961
3 0 -5.316 38.463 111.961 -5.684 38.783 111.484 -5.777 35.395 109.330
3 0 -5.897 35.745 108.757 -5.777 35.395 109.330 -5.684 38.783 111.484
3 0 -5.684 38.783 111.484 -5.804 39.152 110.922 -5.897 35.745 108.757
3 0 -5.751 36.088 108.184 -5.897 35.745 108.757 -5.804 39.152 110.922
3 0 -5.804 39.152 110.922 -5.658 39.512 110.361 -5.751 36.088 108.184
3 0 -5.361 36.371 107.700 -5.751 36.088 108.184 -5.658 39.512 110.361
3 0 -5.658 39.512 110.361 -5.268 39.810 109.886 -5.361 36.371 107.700
3 0 -4.787 36.550 107.378 -5.361 36.371 107.700 -5.268 39.810 109.886
3 0 -5.268 39.810 109.886 -4.693 40.000 109.570 -4.787 36.550 107.378
3 0 -4.115 36.599 107.267 -4.787 36.550 107.378 -4.693 40.000 109.570
3 0 -4.693 40.000 109.570 -4.021 40.052 109.461 -4.115 36.599 107.267
3 0 -3.448 36.510 107.384 -4.115 36.599 107.267 -4.021 40.052 109.461
3 0 -4.021 40.052 109.461 -3.355 39.960 109.575 -3.448 36.510 107.384
3 0 -2.887 36.297 107.711 -3.448 36.510 107.384 -3.355 39.960 109.575
3 0 -3.355 39.960 109.575 -2.794 39.736 109.895 -2.887 36.297 107.711
3 0 2.540 32.767 105.354 1.965 32.604 105.685 2.059 36.151 107.733
3 0 2.059 36.151 107.733 2.634 36.330 107.411 2.540 32.767 105.354
3 0 3.211 32.810 105.240 2.540 32.767 105.354 2.634 36.330 107.411
3 0 2.634 36.330 107.411 3.306 36.379 107.300 3.211 32.810 105.240
3 0 3.878 32.728 105.361 3.211 32.810 105.240 3.306 36.379 107.300
3 0 3.306 36.379 107.300 3.973 36.290 107.417 3.878 32.728 105.361
3 0 4.439 32.532 105.698 3.878 32.728 105.361 3.973 36.290 107.417
3 0 3.973 36.290 107.417 4.533 36.077 107.744 4.439 32.532 105.698
3 0 4.808 32.253 106.201 4.439 32.532 105.698 4.533 36.077 107.744
3 0 4.533 36.077 107.744 4.901 35.772 108.231 4.808 32.253 106.201
3 0 4.929 31.933 106.791 4.808 32.253 106.201 4.901 35.772 108.231
3 0 4.901 35.772 108.231 5.022 35.421 108.804 4.929 31.933 106.791
3 0 4.783 31.620 107.381 4.929 31.933 106.791 5.022 35.421 108.804
3 0 5.022 35.421 108.804 4.876 35.079 109.377 4.783 31.620 107.381
3 0 4.394 31.363 107.879 4.783 31.620 107.381 4.876 35.079 109.377
3 0 4.876 35.079 109.377 4.486 34.796 109.861 4.394 31.363 107.879
3 0 3.819 31.200 108.210 4.394 31.363 107.879 4.486 34.796 109.861
3 0 4.486 34.796 109.861 3.911 34.616 110.183 3.819 31.200 108.210
3 0 3.147 31.157 108.324 3.819 31.200 108.210 3.911 34.616 110.183
3 0 3.911 34.616 110.183 3.239 34.567 110.294 3.147 31.157 108.324
3 0 2.480 31.239 108.203 3.147 31.157 108.324 3.239 34.567 110.294
3 0 3.239 34.567 110.294 2.572 34.656 110.177 2.480 31.239 108.203
3 0 1.920 31.435 107.866 2.480 31.239 108.203 2.572 34.656 110.177
3 0 2.572 34.656 110.177 2.012 34.869 109.850 1.920 31.435 107.866
3 0 0.160 36.403 107.400 0.066 32.838 105.341 -0.509 32.675 105.672
3 0 -0.509 32.675 105.672 -0.415 36.224 107.722 0.160 36.403 107.400
3 0 0.832 36.453 107.289 0.738 32.882 105.227 0.066 32.838 105.341
3 0 0.066 32.838 105.341 0.160 36.403 107.400 0.832 36.453 107.289
3 0 1.499 36.364 107.406 1.405 32.799 105.348 0.738 32.882 105.227
3 0 0.738 32.882 105.227 0.832 36.453 107.289 1.499 36.364 107.406
3 0 2.059 36.151 107.733 1.965 32.604 105.685 1.405 32.799 105.348
3 0 1.405 32.799 105.348 1.499 36.364 107.406 2.059 36.151 107.733
3 0 1.437 34.690 110.172 1.345 31.272 108.197 1.920 31.435 107.866
3 0 1.920 31.435 107.866 2.012 34.869 109.850 1.437 34.690 110.172
3 0 0.765 34.641 110.283 0.673 31.229 108.311 1.345 31.272 108.197
3 0 1.345 31.272 108.197 1.437 34.690 110.172 0.765 34.641 110.283
3 0 0.098 34.730 110.166 0.006 31.311 108.190 0.673 31.229 108.311
3 0 0.673 31.229 108.311 0.765 34.641 110.283 0.098 34.730 110.166
3 0 -0.462 34.943 109.839 -0.554 31.506 107.853 0.006 31.311 108.190
3 0 0.006 31.311 108.190 0.098 34.730 110.166 -0.462 34.943 109.839
3 0 -2.313 36.477 107.389 -2.407 32.910 105.328 -2.982 32.747 105.659
3 0 -2.982 32.747 105.659 -2.887 36.297 107.711 -2.313 36.477 107.389
3 0 -1.641 36.526 107.278 -1.735 32.953 105.214 -2.407 32.910 105.328
3 0 -2.407 32.910 105.328 -2.313 36.477 107.389 -1.641 36.526 107.278
3 0 -0.974 36.437 107.395 -1.068 32.871 105.335 -1.735 32.953 105.214
3 0 -1.735 32.953 105.214 -1.641 36.526 107.278 -0.974 36.437 107.395
3 0 -0.415 36.224 107.722 -0.509 32.675 105.672 -1.068 32.871 105.335
3 0 -1.068 32.871 105.335 -0.974 36.437 107.395 -0.415 36.224 107.722
3 0 -1.036 34.763 110.161 -1.128 31.344 108.184 -0.554 31.506 107.853
3 0 -0.554 31.506 107.853 -0.462 34.943 109.839 -1.036 34.763 110.161
3 0 -1.708 34.714 110.272 -1.799 31.300 108.298 -1.128 31.344 108.184
3 0 -1.128 31.344 108.184 -1.036 34.763 110.161 -1.708 34.714 110.272
3 0 -2.375 34.803 110.155 -2.466 31.382 108.177 -1.799 31.300 108.298
3 0 -1.799 31.300 108.298 -1.708 34.714 110.272 -2.375 34.803 110.155
3 0 -2.935 35.016 109.828 -3.027 31.578 107.840 -2.466 31.382 108.177
3 0 -2.466 31.382 108.177 -2.375 34.803 110.155 -2.935 35.016 109.828
3 0 -3.602 31.415 108.171 -3.027 31.578 107.840 -2.935 35.016 109.828
3 0 -2.935 35.016 109.828 -3.510 34.836 110.150 -3.602 31.415 108.171
3 0 -4.273 31.372 108.285 -3.602 31.415 108.171 -3.510 34.836 110.150
3 0 -3.510 34.836 110.150 -4.182 34.787 110.261 -4.273 31.372 108.285
3 0 -4.940 31.454 108.164 -4.273 31.372 108.285 -4.182 34.787 110.261
3 0 -4.182 34.787 110.261 -4.848 34.876 110.144 -4.940 31.454 108.164
3 0 -5.501 31.650 107.827 -4.940 31.454 108.164 -4.848 34.876 110.144
3 0 -4.848 34.876 110.144 -5.409 35.089 109.817 -5.501 31.650 107.827
3 0 -5.870 31.929 107.325 -5.501 31.650 107.827 -5.409 35.089 109.817
3 0 -5.409 35.089 109.817 -5.777 35.395 109.330 -5.870 31.929 107.325
3 0 -5.991 32.249 106.734 -5.870 31.929 107.325 -5.777 35.395 109.330
3 0 -5.777 35.395 109.330 -5.897 35.745 108.757 -5.991 32.249 106.734
3 0 -5.845 32.562 106.145 -5.991 32.249 106.734 -5.897 35.745 108.757
3 0 -5.897 35.745 108.757 -5.751 36.088 108.184 -5.845 32.562 106.145
3 0 -5.456 32.819 105.646 -5.845 32.562 106.145 -5.751 36.088 108.184
3 0 -5.751 36.088 108.184 -5.361 36.371 107.700 -5.456 32.819 105.646
3 0 -4.881 32.982 105.315 -5.456 32.819 105.646 -5.361 36.371 107.700
3 0 -5.361 36.371 107.700 -4.787 36.550 107.378 -4.881 32.982 105.315
3 0 -4.209 33.025 105.201 -4.881 32.982 105.315 -4.787 36.550 107.378
3 0 -4.787 36.550 107.378 -4.115 36.599 107.267 -4.209 33.025 105.201
3 0 -3.542 32.943 105.322 -4.209 33.025 105.201 -4.115 36.599 107.267
3 0 -4.115 36.599 107.267 -3.448 36.510 107.384 -3.542 32.943 105.322
3 0 -2.982 32.747 105.659 -3.542 32.943 105.322 -3.448 36.510 107.384
3 0 -3.448 36.510 107.384 -2.887 36.297 107.711 -2.982 32.747 105.659
3 0 2.445 29.046 103.508 1.871 28.909 103.852 1.965 32.604 105.685
3 0 1.965 32.604 105.685 2.540 32.767 105.354 2.445 29.046 103.508
3 0 3.117 29.081 103.390 2.445 29.046 103.508 2.540 32.767 105.354
3 0 2.540 32.767 105.354 3.211 32.810 105.240 3.117 29.081 103.390
3 0 3.784 29.008 103.516 3.117 29.081 103.390 3.211 32.810 105.240
3 0 3.211 32.810 105.240 3.878 32.728 105.361 3.784 29.008 103.516
3 0 4.345 28.840 103.867 3.784 29.008 103.516 3.878 32.728 105.361
3 0 3.878 32.728 105.361 4.439 32.532 105.698 4.345 28.840 103.867
3 0 4.714 28.601 104.389 4.345 28.840 103.867 4.439 32.532 105.698
3 0 4.439 32.532 105.698 4.808 32.253 106.201 4.714 28.601 104.389
3 0 4.836 28.328 105.003 4.714 28.601 104.389 4.808 32.253 106.201
3 0 4.808 32.253 106.201 4.929 31.933 106.791 4.836 28.328 105.003
3 0 4.692 28.062 105.615 4.836 28.328 105.003 4.929 31.933 106.791
3 0 4.929 31.933 106.791 4.783 31.620 107.381 4.692 28.062 105.615
3 0 4.303 27.844 106.132 4.692 28.062 105.615 4.783 31.620 107.381
3 0 4.783 31.620 107.381 4.394 31.363 107.879 4.303 27.844 106.132
3 0 3.729 27.707 106.476 4.303 27.844 106.132 4.394 31.363 107.879
3 0 4.394 31.363 107.879 3.819 31.200 108.210 3.729 27.707 106.476
3 0 3.057 27.672 106.594 3.729 27.707 106.476 3.819 31.200 108.210
3 0 3.819 31.200 108.210 3.147 31.157 108.324 3.057 27.672 106.594
3 0 2.390 27.744 106.468 3.057 27.672 106.594 3.147 31.157 108.324
3 0 3.147 31.157 108.324 2.480 31.239 108.203 2.390 27.744 106.468
3 0 1.829 27.912 106.117 2.390 27.744 106.468 2.480 31.239 108.203
3 0 2.480 31.239 108.203 1.920 31.435 107.866 1.829 27.912 106.117
3 0 0.066 32.838 105.341 -0.029 29.114 103.492 -0.603 28.977 103.836
3 0 -0.603 28.977 103.836 -0.509 32.675 105.672 0.066 32.838 105.341
3 0 0.738 32.882 105.227 0.643 29.149 103.375 -0.029 29.114 103.492
3 0 -0.029 29.114 103.492 0.066 32.838 105.341 0.738 32.882 105.227
3 0 1.405 32.799 105.348 1.310 29.077 103.501 0.643 29.149 103.375
3 0 0.643 29.149 103.375 0.738 32.882 105.227 1.405 32.799 105.348
3 0 1.965 32.604 105.685 1.871 28.909 103.852 1.310 29.077 103.501
3 0 1.310 29.077 103.501 1.405 32.799 105.348 1.965 32.604 105.685
3 0 1.345 31.272 108.197 1.255 27.776 106.460 1.829 27.912 106.117
3 0 1.829 27.912 106.117 1.920 31.435 107.866 1.345 31.272 108.197
3 0 0.673 31.229 108.311 0.583 27.740 106.578 1.255 27.776 106.460
3 0 1.255 27.776 106.460 1.345 31.272 108.197 0.673 31.229 108.311
3 0 0.006 31.311 108.190 -0.084 27.813 106.452 0.583 27.740 106.578
3 0 0.583 27.740 106.578 0.673 31.229 108.311 0.006 31.311 108.190
3 0 -0.554 31.506 107.853 -0.645 27.981 106.101 -0.084 27.813 106.452
3 0 -0.084 27.813 106.452 0.006 31.311 108.190 -0.554 31.506 107.853
3 0 -2.407 32.910 105.328 -2.502 29.183 103.477 -3.076 29.046 103.820
3 0 -3.076 29.046 103.820 -2.982 32.747 105.659 -2.407 32.910 105.328
3 0 -1.735 32.953 105.214 -1.830 29.218 103.359 -2.502 29.183 103.477
3 0 -2.502 29.183 103.477 -2.407 32.910 105.328 -1.735 32.953 105.214
3 0 -1.068 32.871 105.335 -1.163 29.146 103.485 -1.830 29.218 103.359
3 0 -1.830 29.218 103.359 -1.735 32.953 105.214 -1.068 32.871 105.335
3 0 -0.509 32.675 105.672 -0.603 28.977 103.836 -1.163 29.146 103.485
3 0 -1.163 29.146 103.485 -1.068 32.871 105.335 -0.509 32.675 105.672
3 0 -1.128 31.344 108.184 -1.218 27.844 106.445 -0.645 27.981 106.101
3 0 -0.645 27.981 106.101 -0.554 31.506 107.853 -1.128 31.344 108.184
3 0 -1.799 31.300 108.298 -1.890 27.809 106.562 -1.218 27.844 106.445
3 0 -1.218 27.844 106.445 -1.128 31.344 108.184 -1.799 31.300 108.298
3 0 -2.466 31.382 108.177 -2.557 27.881 106.436 -1.890 27.809 106.562
3 0 -1.890 27.809 106.562 -1.799 31.300 108.298 -2.466 31.382 108.177
3 0 -3.027 31.578 107.840 -3.118 28.050 106.085 -2.557 27.881 106.436
3 0 -2.557 27.881 106.436 -2.466 31.382 108.177 -3.027 31.578 107.840
3 0 -3.692 27.913 106.429 -3.118 28.050 106.085 -3.027 31.578 107.840
3 0 -3.027 31.578 107.840 -3.602 31.415 108.171 -3.692 27.913 106.429
3 0 -4.364 27.878 106.547 -3.692 27.913 106.429 -3.602 31.415 108.171
3 0 -3.602 31.415 108.171 -4.273 31.372 108.285 -4.364 27.878 106.547
3 0 -5.031 27.950 106.420 -4.364 27.878 106.547 -4.273 31.372 108.285
3 0 -4.273 31.372 108.285 -4.940 31.454 108.164 -5.031 27.950 106.420
3 0 -5.592 28.118 106.070 -5.031 27.950 106.420 -4.940 31.454 108.164
3 0 -4.940 31.454 108.164 -5.501 31.650 107.827 -5.592 28.118 106.070
3 0 -5.962 28.357 105.548 -5.592 28.118 106.070 -5.501 31.650 107.827
3 0 -5.501 31.650 107.827 -5.870 31.929 107.325 -5.962 28.357 105.548
3 0 -6.083 28.631 104.934 -5.962 28.357 105.548 -5.870 31.929 107.325
3 0 -5.870 31.929 107.325 -5.991 32.249 106.734 -6.083 28.631 104.934
3 0 -5.939 28.896 104.322 -6.083 28.631 104.934 -5.991 32.249 106.734
3 0 -5.991 32.249 106.734 -5.845 32.562 106.145 -5.939 28.896 104.322
3 0 -5.550 29.114 103.805 -5.939 28.896 104.322 -5.845 32.562 106.145
3 0 -5.845 32.562 106.145 -5.456 32.819 105.646 -5.550 29.114 103.805
3 0 -4.976 29.251 103.461 -5.550 29.114 103.805 -5.456 32.819 105.646
3 0 -5.456 32.819 105.646 -4.881 32.982 105.315 -4.976 29.251 103.461
3 0 -4.304 29.286 103.343 -4.976 29.251 103.461 -4.881 32.982 105.315
3 0 -4.881 32.982 105.315 -4.209 33.025 105.201 -4.304 29.286 103.343
3 0 -3.637 29.214 103.469 -4.304 29.286 103.343 -4.209 33.025 105.201
3 0 -4.209 33.025 105.201 -3.542 32.943 105.322 -3.637 29.214 103.469
3 0 -3.076 29.046 103.820 -3.637 29.214 103.469 -3.542 32.943 105.322
3 0 -3.542 32.943 105.322 -2.982 32.747 105.659 -3.076 29.046 103.820
3 0 2.350 25.122 101.997 1.777 25.023 102.354 1.871 28.909 103.852
3 0 1.871 28.909 103.852 2.445 29.046 103.508 2.350 25.122 101.997
3 0 3.022 25.144 101.875 2.350 25.122 101.997 2.445 29.046 103.508
3 0 2.445 29.046 103.508 3.117 29.081 103.390 3.022 25.144 101.875
3 0 3.689 25.087 102.007 3.022 25.144 101.875 3.117 29.081 103.390
3 0 3.117 29.081 103.390 3.784 29.008 103.516 3.689 25.087 102.007
3 0 4.251 24.960 102.373 3.689 25.087 102.007 3.784 29.008 103.516
3 0 3.784 29.008 103.516 4.345 28.840 103.867 4.251 24.960 102.373
3 0 4.622 24.781 102.918 4.251 24.960 102.373 4.345 28.840 103.867
3 0 4.345 28.840 103.867 4.714 28.601 104.389 4.622 24.781 102.918
3 0 4.745 24.578 103.558 4.622 24.781 102.918 4.714 28.601 104.389
3 0 4.714 28.601 104.389 4.836 28.328 105.003 4.745 24.578 103.558
3 0 4.602 24.382 104.196 4.745 24.578 103.558 4.836 28.328 105.003
3 0 4.836 28.328 105.003 4.692 28.062 105.615 4.602 24.382 104.196
3 0 4.214 24.222 104.735 4.602 24.382 104.196 4.692 28.062 105.615
3 0 4.692 28.062 105.615 4.303 27.844 106.132 4.214 24.222 104.735
3 0 3.641 24.124 105.093 4.214 24.222 104.735 4.303 27.844 106.132
3 0 4.303 27.844 106.132 3.729 27.707 106.476 3.641 24.124 105.093
3 0 2.970 24.101 105.215 3.641 24.124 105.093 3.729 27.707 106.476
3 0 3.729 27.707 106.476 3.057 27.672 106.594 2.970 24.101 105.215
3 0 2.302 24.158 105.083 2.970 24.101 105.215 3.057 27.672 106.594
3 0 3.057 27.672 106.594 2.390 27.744 106.468 2.302 24.158 105.083
3 0 1.740 24.286 104.716 2.302 24.158 105.083 2.390 27.744 106.468
3 0 2.390 27.744 106.468 1.829 27.912 106.117 1.740 24.286 104.716
3 0 -0.029 29.114 103.492 -0.124 25.185 101.978 -0.697 25.087 102.336
3 0 -0.697 25.087 102.336 -0.603 28.977 103.836 -0.029 29.114 103.492
3 0 0.643 29.149 103.375 0.548 25.208 101.856 -0.124 25.185 101.978
3 0 -0.124 25.185 101.978 -0.029 29.114 103.492 0.643 29.149 103.375
3 0 1.310 29.077 103.501 1.215 25.151 101.988 0.548 25.208 101.856
3 0 0.548 25.208 101.856 0.643 29.149 103.375 1.310 29.077 103.501
3 0 1.871 28.909 103.852 1.777 25.023 102.354 1.215 25.151 101.988
3 0 1.215 25.151 101.988 1.310 29.077 103.501 1.871 28.909 103.852
3 0 1.255 27.776 106.460 1.167 24.187 105.074 1.740 24.286 104.716
3 0 1.740 24.286 104.716 1.829 27.912 106.117 1.255 27.776 106.460
3 0 0.583 27.740 106.578 0.496 24.165 105.196 1.167 24.187 105.074
3 0 1.167 24.187 105.074 1.255 27.776 106.460 0.583 27.740 106.578
3 0 -0.084 27.813 106.452 -0.172 24.221 105.064 0.496 24.165 105.196
3 0 0.496 24.165 105.196 0.583 27.740 106.578 -0.084 27.813 106.452
3 0 -0.645 27.981 106.101 -0.734 24.349 104.698 -0.172 24.221 105.064
3 0 -0.172 24.221 105.064 -0.084 27.813 106.452 -0.645 27.981 106.101
3 0 -2.502 29.183 103.477 -2.597 25.249 101.959 -3.170 25.150 102.317
3 0 -3.170 25.150 102.317 -3.076 29.046 103.820 -2.502 29.183 103.477
3 0 -1.830 29.218 103.359 -1.925 25.271 101.837 -2.597 25.249 101.959
3 0 -2.597 25.249 101.959 -2.502 29.183 103.477 -1.830 29.218 103.359
3 0 -1.163 29.146 103.485 -1.258 25.214 101.969 -1.925 25.271 101.837
3 0 -1.925 25.271 101.837 -1.830 29.218 103.359 -1.163 29.146 103.485
3 0 -0.603 28.977 103.836 -0.697 25.087 102.336 -1.258 25.214 101.969
3 0 -1.258 25.214 101.969 -1.163 29.146 103.485 -0.603 28.977 103.836
3 0 -1.218 27.844 106.445 -1.306 24.251 105.056 -0.734 24.349 104.698
3 0 -0.734 24.349 104.698 -0.645 27.981 106.101 -1.218 27.844 106.445
3 0 -1.890 27.809 106.562 -1.978 24.228 105.177 -1.306 24.251 105.056
3 0 -1.306 24.251 105.056 -1.218 27.844 106.445 -1.890 27.809 106.562
3 0 -2.557 27.881 106.436 -2.645 24.285 105.045 -1.978 24.228 105.177
3 0 -1.978 24.228 105.177 -1.890 27.809 106.562 -2.557 27.881 106.436
3 0 -3.118 28.050 106.085 -3.207 24.413 104.679 -2.645 24.285 105.045
3 0 -2.645 24.285 105.045 -2.557 27.881 106.436 -3.118 28.050 106.085
3 0 -3.780 24.314 105.037 -3.207 24.413 104.679 -3.118 28.050 106.085
3 0 -3.118 28.050 106.085 -3.692 27.913 106.429 -3.780 24.314 105.037
3 0 -4.452 24.292 105.159 -3.780 24.314 105.037 -3.692 27.913 106.429
3 0 -3.692 27.913 106.429 -4.364 27.878 106.547 -4.452 24.292 105.159
3 0 -5.119 24.348 105.027 -4.452 24.292 105.159 -4.364 27.878 106.547
3 0 -4.364 27.878 106.547 -5.031 27.950 106.420 -5.119 24.348 105.027
3 0 -5.681 24.476 104.660 -5.119 24.348 105.027 -5.031 27.950 106.420
3 0 -5.031 27.950 106.420 -5.592 28.118 106.070 -5.681 24.476 104.660
3 0 -6.052 24.655 104.115 -5.681 24.476 104.660 -5.592 28.118 106.070
3 0 -5.592 28.118 106.070 -5.962 28.357 105.548 -6.052 24.655 104.115
3 0 -6.175 24.858 103.475 -6.052 24.655 104.115 -5.962 28.357 105.548
3 0 -5.962 28.357 105.548 -6.083 28.631 104.934 -6.175 24.858 103.475
3 0 -6.032 25.054 102.837 -6.175 24.858 103.475 -6.083 28.631 104.934
3 0 -6.083 28.631 104.934 -5.939 28.896 104.322 -6.032 25.054 102.837
3 0 -5.644 25.214 102.298 -6.032 25.054 102.837 -5.939 28.896 104.322
3 0 -5.939 28.896 104.322 -5.550 29.114 103.805 -5.644 25.214 102.298
3 0 -5.071 25.312 101.940 -5.644 25.214 102.298 -5.550 29.114 103.805
3 0 -5.550 29.114 103.805 -4.976 29.251 103.461 -5.071 25.312 101.940
3 0 -4.399 25.335 101.818 -5.071 25.312 101.940 -4.976 29.251 103.461
3 0 -4.976 29.251 103.461 -4.304 29.286 103.343 -4.399 25.335 101.818
3 0 -3.732 25.278 101.950 -4.399 25.335 101.818 -4.304 29.286 103.343
3 0 -4.304 29.286 103.343 -3.637 29.214 103.469 -3.732 25.278 101.950
3 0 -3.170 25.150 102.317 -3.732 25.278 101.950 -3.637 29.214 103.469
3 0 -3.637 29.214 103.469 -3.076 29.046 103.820 -3.170 25.150 102.317
3 0 2.258 20.959 100.994 1.686 20.919 101.364 1.777 25.023 102.354
3 0 1.777 25.023 102.354 2.350 25.122 101.997 2.258 20.959 100.994
3 0 2.929 20.963 100.868 2.258 20.959 100.994 2.350 25.122 101.997
3 0 2.350 25.122 101.997 3.022 25.144 101.875 2.929 20.963 100.868
3 0 3.597 20.929 101.006 2.929 20.963 100.868 3.022 25.144 101.875
3 0 3.022 25.144 101.875 3.689 25.087 102.007 3.597 20.929 101.006
3 0 4.160 20.864 101.386 3.597 20.929 101.006 3.689 25.087 102.007
3 0 3.689 25.087 102.007 4.251 24.960 102.373 4.160 20.864 101.386
3 0 4.533 20.776 101.952 4.160 20.864 101.386 4.251 24.960 102.373
3 0 4.251 24.960 102.373 4.622 24.781 102.918 4.533 20.776 101.952
3 0 4.658 20.680 102.616 4.533 20.776 101.952 4.622 24.781 102.918
3 0 4.622 24.781 102.918 4.745 24.578 103.558 4.658 20.680 102.616
3 0 4.517 20.590 103.278 4.658 20.680 102.616 4.745 24.578 103.558
3 0 4.745 24.578 103.558 4.602 24.382 104.196 4.517 20.590 103.278
3 0 4.131 20.519 103.837 4.517 20.590 103.278 4.602 24.382 104.196
3 0 4.602 24.382 104.196 4.214 24.222 104.735 4.131 20.519 103.837
3 0 3.559 20.479 104.207 4.131 20.519 103.837 4.214 24.222 104.735
3 0 4.214 24.222 104.735 3.641 24.124 105.093 3.559 20.479 104.207
3 0 2.888 20.475 104.333 3.559 20.479 104.207 3.641 24.124 105.093
3 0 3.641 24.124 105.093 2.970 24.101 105.215 2.888 20.475 104.333
3 0 2.220 20.509 104.196 2.888 20.475 104.333 2.970 24.101 105.215
3 0 2.970 24.101 105.215 2.302 24.158 105.083 2.220 20.509 104.196
3 0 1.657 20.574 103.815 2.220 20.509 104.196 2.302 24.158 105.083
3 0 2.302 24.158 105.083 1.740 24.286 104.716 1.657 20.574 103.815
3 0 -0.124 25.185 101.978 -0.216 21.014 100.972 -0.788 20.974 101.343
3 0 -0.788 20.974 101.343 -0.697 25.087 102.336 -0.124 25.185 101.978
3 0 0.548 25.208 101.856 0.455 21.018 100.846 -0.216 21.014 100.972
3 0 -0.216 21.014 100.972 -0.124 25.185 101.978 0.548 25.208 101.856
3 0 1.215 25.151 101.988 1.123 20.984 100.984 0.455 21.018 100.846
3 0 0.455 21.018 100.846 0.548 25.208 101.856 1.215 25.151 101.988
3 0 1.777 25.023 102.354 1.686 20.919 101.364 1.123 20.984 100.984
3 0 1.123 20.984 100.984 1.215 25.151 101.988 1.777 25.023 102.354
3 0 1.167 24.187 105.074 1.085 20.534 104.186 1.657 20.574 103.815
3 0 1.657 20.574 103.815 1.740 24.286 104.716 1.167 24.187 105.074
3 0 0.496 24.165 105.196 0.414 20.530 104.312 1.085 20.534 104.186
3 0 1.085 20.534 104.186 1.167 24.187 105.074 0.496 24.165 105.196
3 0 -0.172 24.221 105.064 -0.254 20.564 104.174 0.414 20.530 104.312
3 0 0.414 20.530 104.312 0.496 24.165 105.196 -0.172 24.221 105.064
3 0 -0.734 24.349 104.698 -0.817 20.629 103.793 -0.254 20.564 104.174
3 0 -0.254 20.564 104.174 -0.172 24.221 105.064 -0.734 24.349 104.698
3 0 -2.597 25.249 101.959 -2.690 21.069 100.950 -3.262 21.029 101.321
3 0 -3.262 21.029 101.321 -3.170 25.150 102.317 -2.597 25.249 101.959
3 0 -1.925 25.271 101.837 -2.018 21.073 100.824 -2.690 21.069 100.950
3 0 -2.690 21.069 100.950 -2.597 25.249 101.959 -1.925 25.271 101.837
3 0 -1.258 25.214 101.969 -1.351 21.039 100.962 -2.018 21.073 100.824
3 0 -2.018 21.073 100.824 -1.925 25.271 101.837 -1.258 25.214 101.969
3 0 -0.697 25.087 102.336 -0.788 20.974 101.343 -1.351 21.039 100.962
3 0 -1.351 21.039 100.962 -1.258 25.214 101.969 -0.697 25.087 102.336
3 0 -1.306 24.251 105.056 -1.389 20.589 104.164 -0.817 20.629 103.793
3 0 -0.817 20.629 103.793 -0.734 24.349 104.698 -1.306 24.251 105.056
3 0 -1.978 24.228 105.177 -2.060 20.586 104.290 -1.389 20.589 104.164
3 0 -1.389 20.589 104.164 -1.306 24.251 105.056 -1.978 24.228 105.177
3 0 -2.645 24.285 105.045 -2.728 20.619 104.152 -2.060 20.586 104.290
3 0 -2.060 20.586 104.290 -1.978 24.228 105.177 -2.645 24.285 105.045
3 0 -3.207 24.413 104.679 -3.291 20.684 103.772 -2.728 20.619 104.152
3 0 -2.728 20.619 104.152 -2.645 24.285 105.045 -3.207 24.413 104.679
3 0 -3.863 20.644 104.142 -3.291 20.684 103.772 -3.207 24.413 104.679
3 0 -3.207 24.413 104.679 -3.780 24.314 105.037 -3.863 20.644 104.142
3 0 -4.534 20.641 104.268 -3.863 20.644 104.142 -3.780 24.314 105.037
3 0 -3.780 24.314 105.037 -4.452 24.292 105.159 -4.534 20.641 104.268
3 0 -5.202 20.674 104.130 -4.534 20.641 104.268 -4.452 24.292 105.159
3 0 -4.452 24.292 105.159 -5.119 24.348 105.027 -5.202 20.674 104.130
3 0 -5.765 20.739 103.750 -5.202 20.674 104.130 -5.119 24.348 105.027
3 0 -5.119 24.348 105.027 -5.681 24.476 104.660 -5.765 20.739 103.750
3 0 -6.138 20.827 103.184 -5.765 20.739 103.750 -5.681 24.476 104.660
3 0 -5.681 24.476 104.660 -6.052 24.655 104.115 -6.138 20.827 103.184
3 0 -6.263 20.923 102.520 -6.138 20.827 103.184 -6.052 24.655 104.115
3 0 -6.052 24.655 104.115 -6.175 24.858 103.475 -6.263 20.923 102.520
3 0 -6.122 21.013 101.858 -6.263 20.923 102.520 -6.175 24.858 103.475
3 0 -6.175 24.858 103.475 -6.032 25.054 102.837 -6.122 21.013 101.858
3 0 -5.736 21.084 101.299 -6.122 21.013 101.858 -6.032 25.054 102.837
3 0 -6.032 25.054 102.837 -5.644 25.214 102.298 -5.736 21.084 101.299
3 0 -5.164 21.124 100.929 -5.736 21.084 101.299 -5.644 25.214 102.298
3 0 -5.644 25.214 102.298 -5.071 25.312 101.940 -5.164 21.124 100.929
3 0 -4.493 21.128 100.803 -5.164 21.124 100.929 -5.071 25.312 101.940
3 0 -5.071 25.312 101.940 -4.399 25.335 101.818 -4.493 21.128 100.803
3 0 -3.825 21.095 100.940 -4.493 21.128 100.803 -4.399 25.335 101.818
3 0 -4.399 25.335 101.818 -3.732 25.278 101.950 -3.825 21.095 100.940
3 0 -3.262 21.029 101.321 -3.825 21.095 100.940 -3.732 25.278 101.950
3 0 -3.732 25.278 101.950 -3.170 25.150 102.317 -3.262 21.029 101.321
3 0 2.172 16.580 100.816 1.602 16.624 101.189 1.686 20.919 101.364
3 0 1.686 20.919 101.364 2.258 20.959 100.994 2.172 16.580 100.816
3 0 2.843 16.557 100.690 2.172 16.580 100.816 2.258 20.959 100.994
3 0 2.258 20.959 100.994 2.929 20.963 100.868 2.843 16.557 100.690
3 0 3.511 16.557 100.829 2.843 16.557 100.690 2.929 20.963 100.868
3 0 2.929 20.963 100.868 3.597 20.929 101.006 3.511 16.557 100.829
3 0 4.076 16.582 101.212 3.511 16.557 100.829 3.597 20.929 101.006
3 0 3.597 20.929 101.006 4.160 20.864 101.386 4.076 16.582 101.212
3 0 4.451 16.627 101.781 4.076 16.582 101.212 4.160 20.864 101.386
3 0 4.160 20.864 101.386 4.533 20.776 101.952 4.451 16.627 101.781
3 0 4.579 16.686 102.449 4.451 16.627 101.781 4.533 20.776 101.952
3 0 4.533 20.776 101.952 4.658 20.680 102.616 4.579 16.686 102.449
3 0 4.441 16.749 103.114 4.579 16.686 102.449 4.658 20.680 102.616
3 0 4.658 20.680 102.616 4.517 20.590 103.278 4.441 16.749 103.114
3 0 4.057 16.808 103.676 4.441 16.749 103.114 4.517 20.590 103.278
3 0 4.517 20.590 103.278 4.131 20.519 103.837 4.057 16.808 103.676
3 0 3.487 16.852 104.049 4.057 16.808 103.676 4.131 20.519 103.837
3 0 4.131 20.519 103.837 3.559 20.479 104.207 3.487 16.852 104.049
3 0 2.816 16.875 104.175 3.487 16.852 104.049 3.559 20.479 104.207
3 0 3.559 20.479 104.207 2.888 20.475 104.333 2.816 16.875 104.175
3 0 2.147 16.875 104.036 2.816 16.875 104.175 2.888 20.475 104.333
3 0 2.888 20.475 104.333 2.220 20.509 104.196 2.147 16.875 104.036
3 0 1.583 16.850 103.653 2.147 16.875 104.036 2.220 20.509 104.196
3 0 2.220 20.509 104.196 1.657 20.574 103.815 1.583 16.850 103.653
3 0 -0.216 21.014 100.972 -0.302 16.622 100.793 -0.873 16.667 101.166
3 0 -0.873 16.667 101.166 -0.788 20.974 101.343 -0.216 21.014 100.972
3 0 0.455 21.018 100.846 0.368 16.599 100.667 -0.302 16.622 100.793
3 0 -0.302 16.622 100.793 -0.216 21.014 100.972 0.455 21.018 100.846
3 0 1.123 20.984 100.984 1.037 16.599 100.806 0.368 16.599 100.667
3 0 0.368 16.599 100.667 0.455 21.018 100.846 1.123 20.984 100.984
3 0 1.686 20.919 101.364 1.602 16.624 101.189 1.037 16.599 100.806
3 0 1.037 16.599 100.806 1.123 20.984 100.984 1.686 20.919 101.364
3 0 1.085 20.534 104.186 1.012 16.894 104.026 1.583 16.850 103.653
3 0 1.583 16.850 103.653 1.657 20.574 103.815 1.085 20.534 104.186
3 0 0.414 20.530 104.312 0.341 16.918 104.152 1.012 16.894 104.026
3 0 1.012 16.894 104.026 1.085 20.534 104.186 0.414 20.530 104.312
3 0 -0.254 20.564 104.174 -0.327 16.917 104.013 0.341 16.918 104.152
3 0 0.341 16.918 104.152 0.414 20.530 104.312 -0.254 20.564 104.174
3 0 -0.817 20.629 103.793 -0.892 16.892 103.630 -0.327 16.917 104.013
3 0 -0.327 16.917 104.013 -0.254 20.564 104.174 -0.817 20.629 103.793
3 0 -2.690 21.069 100.950 -2.776 16.665 100.770 -3.346 16.709 101.143
3 0 -3.346 16.709 101.143 -3.262 21.029 101.321 -2.690 21.069 100.950
3 0 -2.018 21.073 100.824 -2.105 16.641 100.644 -2.776 16.665 100.770
3 0 -2.776 16.665 100.770 -2.690 21.069 100.950 -2.018 21.073 100.824
3 0 -1.351 21.039 100.962 -1.437 16.642 100.783 -2.105 16.641 100.644
3 0 -2.105 16.641 100.644 -2.018 21.073 100.824 -1.351 21.039 100.962
3 0 -0.788 20.974 101.343 -0.873 16.667 101.166 -1.437 16.642 100.783
3 0 -1.437 16.642 100.783 -1.351 21.039 100.962 -0.788 20.974 101.343
3 0 -1.389 20.589 104.164 -1.461 16.936 104.003 -0.892 16.892 103.630
3 0 -0.892 16.892 103.630 -0.817 20.629 103.793 -1.389 20.589 104.164
3 0 -2.060 20.586 104.290 -2.132 16.960 104.129 -1.461 16.936 104.003
3 0 -1.461 16.936 104.003 -1.389 20.589 104.164 -2.060 20.586 104.290
3 0 -2.728 20.619 104.152 -2.801 16.959 103.990 -2.132 16.960 104.129
3 0 -2.132 16.960 104.129 -2.060 20.586 104.290 -2.728 20.619 104.152
3 0 -3.291 20.684 103.772 -3.365 16.934 103.607 -2.801 16.959 103.990
3 0 -2.801 16.959 103.990 -2.728 20.619 104.152 -3.291 20.684 103.772
3 0 -3.936 16.979 103.980 -3.365 16.934 103.607 -3.291 20.684 103.772
3 0 -3.291 20.684 103.772 -3.863 20.644 104.142 -3.936 16.979 103.980
3 0 -4.607 17.002 104.106 -3.936 16.979 103.980 -3.863 20.644 104.142
3 0 -3.863 20.644 104.142 -4.534 20.641 104.268 -4.607 17.002 104.106
3 0 -5.275 17.001 103.967 -4.607 17.002 104.106 -4.534 20.641 104.268
3 0 -4.534 20.641 104.268 -5.202 20.674 104.130 -5.275 17.001 103.967
3 0 -5.840 16.977 103.584 -5.275 17.001 103.967 -5.202 20.674 104.130
3 0 -5.202 20.674 104.130 -5.765 20.739 103.750 -5.840 16.977 103.584
3 0 -6.215 16.931 103.015 -5.840 16.977 103.584 -5.765 20.739 103.750
3 0 -5.765 20.739 103.750 -6.138 20.827 103.184 -6.215 16.931 103.015
3 0 -6.343 16.873 102.347 -6.215 16.931 103.015 -6.138 20.827 103.184
3 0 -6.138 20.827 103.184 -6.263 20.923 102.520 -6.343 16.873 102.347
3 0 -6.204 16.809 101.681 -6.343 16.873 102.347 -6.263 20.923 102.520
3 0 -6.263 20.923 102.520 -6.122 21.013 101.858 -6.204 16.809 101.681
3 0 -5.821 16.751 101.120 -6.204 16.809 101.681 -6.122 21.013 101.858
3 0 -6.122 21.013 101.858 -5.736 21.084 101.299 -5.821 16.751 101.120
3 0 -5.250 16.707 100.747 -5.821 16.751 101.120 -5.736 21.084 101.299
3 0 -5.736 21.084 101.299 -5.164 21.124 100.929 -5.250 16.707 100.747
3 0 -4.580 16.683 100.621 -5.250 16.707 100.747 -5.164 21.124 100.929
3 0 -5.164 21.124 100.929 -4.493 21.128 100.803 -4.580 16.683 100.621
3 0 -3.911 16.684 100.760 -4.580 16.683 100.621 -4.493 21.128 100.803
3 0 -4.493 21.128 100.803 -3.825 21.095 100.940 -3.911 16.684 100.760
3 0 -3.346 16.709 101.143 -3.911 16.684 100.760 -3.825 21.095 100.940
3 0 -3.825 21.095 100.940 -3.262 21.029 101.321 -3.346 16.709 101.143
3 0 2.103 12.233 101.814 1.534 12.378 102.162 1.602 16.624 101.189
3 0 1.602 16.624 101.189 2.172 16.580 100.816 2.103 12.233 101.814
3 0 2.773 12.177 101.695 2.103 12.233 101.814 2.172 16.580 100.816
3 0 2.172 16.580 100.816 2.843 16.557 100.690 2.773 12.177 101.695
3 0 3.442 12.218 101.825 2.773 12.177 101.695 2.843 16.557 100.690
3 0 2.843 16.557 100.690 3.511 16.557 100.829 3.442 12.218 101.825
3 0 4.008 12.352 102.182 3.442 12.218 101.825 3.511 16.557 100.829
3 0 3.511 16.557 100.829 4.076 16.582 101.212 4.008 12.352 102.182
3 0 4.386 12.557 102.713 4.008 12.352 102.182 4.076 16.582 101.212
3 0 4.076 16.582 101.212 4.451 16.627 101.781 4.386 12.557 102.713
3 0 4.516 12.801 103.337 4.386 12.557 102.713 4.451 16.627 101.781
3 0 4.451 16.627 101.781 4.579 16.686 102.449 4.516 12.801 103.337
3 0 4.381 13.049 103.959 4.516 12.801 103.337 4.579 16.686 102.449
3 0 4.579 16.686 102.449 4.441 16.749 103.114 4.381 13.049 103.959
3 0 4.000 13.262 104.483 4.381 13.049 103.959 4.441 16.749 103.114
3 0 4.441 16.749 103.114 4.057 16.808 103.676 4.000 13.262 104.483
3 0 3.430 13.407 104.832 4.000 13.262 104.483 4.057 16.808 103.676
3 0 4.057 16.808 103.676 3.487 16.852 104.049 3.430 13.407 104.832
3 0 2.760 13.463 104.950 3.430 13.407 104.832 3.487 16.852 104.049
3 0 3.487 16.852 104.049 2.816 16.875 104.175 2.760 13.463 104.950
3 0 2.091 13.422 104.821 2.760 13.463 104.950 2.816 16.875 104.175
3 0 2.816 16.875 104.175 2.147 16.875 104.036 2.091 13.422 104.821
3 0 1.525 13.288 104.463 2.091 13.422 104.821 2.147 16.875 104.036
3 0 2.147 16.875 104.036 1.583 16.850 103.653 1.525 13.288 104.463
3 0 -0.302 16.622 100.793 -0.372 12.259 101.794 -0.941 12.405 102.142
3 0 -0.941 12.405 102.142 -0.873 16.667 101.166 -0.302 16.622 100.793
3 0 0.368 16.599 100.667 0.298 12.203 101.675 -0.372 12.259 101.794
3 0 -0.372 12.259 101.794 -0.302 16.622 100.793 0.368 16.599 100.667
3 0 1.037 16.599 100.806 0.967 12.245 101.805 0.298 12.203 101.675
3 0 0.298 12.203 101.675 0.368 16.599 100.667 1.037 16.599 100.806
3 0 1.602 16.624 101.189 1.534 12.378 102.162 0.967 12.245 101.805
3 0 0.967 12.245 101.805 1.037 16.599 100.806 1.602 16.624 101.189
3 0 1.012 16.894 104.026 0.956 13.434 104.812 1.525 13.288 104.463
3 0 1.525 13.288 104.463 1.583 16.850 103.653 1.012 16.894 104.026
3 0 0.341 16.918 104.152 0.286 13.490 104.930 0.956 13.434 104.812
3 0 0.956 13.434 104.812 1.012 16.894 104.026 0.341 16.918 104.152
3 0 -0.327 16.917 104.013 -0.384 13.448 104.801 0.286 13.490 104.930
3 0 0.286 13.490 104.930 0.341 16.918 104.152 -0.327 16.917 104.013
3 0 -0.892 16.892 103.630 -0.950 13.315 104.443 -0.384 13.448 104.801
3 0 -0.384 13.448 104.801 -0.327 16.917 104.013 -0.892 16.892 103.630
3 0 -2.776 16.665 100.770 -2.846 12.285 101.774 -3.415 12.431 102.122
3 0 -3.415 12.431 102.122 -3.346 16.709 101.143 -2.776 16.665 100.770
3 0 -2.105 16.641 100.644 -2.176 12.229 101.655 -2.846 12.285 101.774
3 0 -2.846 12.285 101.774 -2.776 16.665 100.770 -2.105 16.641 100.644
3 0 -1.437 16.642 100.783 -1.506 12.271 101.785 -2.176 12.229 101.655
3 0 -2.176 12.229 101.655 -2.105 16.641 100.644 -1.437 16.642 100.783
3 0 -0.873 16.667 101.166 -0.941 12.405 102.142 -1.506 12.271 101.785
3 0 -1.506 12.271 101.785 -1.437 16.642 100.783 -0.873 16.667 101.166
3 0 -1.461 16.936 104.003 -1.518 13.460 104.792 -0.950 13.315 104.443
3 0 -0.950 13.315 104.443 -0.892 16.892 103.630 -1.461 16.936 104.003
3 0 -2.132 16.960 104.129 -2.188 13.516 104.910 -1.518 13.460 104.792
3 0 -1.518 13.460 104.792 -1.461 16.936 104.003 -2.132 16.960 104.129
3 0 -2.801 16.959 103.990 -2.857 13.475 104.781 -2.188 13.516 104.910
3 0 -2.188 13.516 104.910 -2.132 16.960 104.129 -2.801 16.959 103.990
3 0 -3.365 16.934 103.607 -3.424 13.341 104.423 -2.857 13.475 104.781
3 0 -2.857 13.475 104.781 -2.801 16.959 103.990 -3.365 16.934 103.607
3 0 -3.993 13.487 104.772 -3.424 13.341 104.423 -3.365 16.934 103.607
3 0 -3.365 16.934 103.607 -3.936 16.979 103.980 -3.993 13.487 104.772
3 0 -4.663 13.543 104.890 -3.993 13.487 104.772 -3.936 16.979 103.980
3 0 -3.936 16.979 103.980 -4.607 17.002 104.106 -4.663 13.543 104.890
3 0 -5.332 13.501 104.761 -4.663 13.543 104.890 -4.607 17.002 104.106
3 0 -4.607 17.002 104.106 -5.275 17.001 103.967 -5.332 13.501 104.761
3 0 -5.898 13.367 104.404 -5.332 13.501 104.761 -5.275 17.001 103.967
3 0 -5.275 17.001 103.967 -5.840 16.977 103.584 -5.898 13.367 104.404
3 0 -6.276 13.163 103.872 -5.898 13.367 104.404 -5.840 16.977 103.584
3 0 -5.840 16.977 103.584 -6.215 16.931 103.015 -6.276 13.163 103.872
3 0 -6.406 12.918 103.249 -6.276 13.163 103.872 -6.215 16.931 103.015
3 0 -6.215 16.931 103.015 -6.343 16.873 102.347 -6.406 12.918 103.249
3 0 -6.271 12.670 102.627 -6.406 12.918 103.249 -6.343 16.873 102.347
3 0 -6.343 16.873 102.347 -6.204 16.809 101.681 -6.271 12.670 102.627
3 0 -5.890 12.457 102.102 -6.271 12.670 102.627 -6.204 16.809 101.681
3 0 -6.204 16.809 101.681 -5.821 16.751 101.120 -5.890 12.457 102.102
3 0 -5.320 12.312 101.754 -5.890 12.457 102.102 -5.821 16.751 101.120
3 0 -5.821 16.751 101.120 -5.250 16.707 100.747 -5.320 12.312 101.754
3 0 -4.650 12.256 101.635 -5.320 12.312 101.754 -5.250 16.707 100.747
3 0 -5.250 16.707 100.747 -4.580 16.683 100.621 -4.650 12.256 101.635
3 0 -3.981 12.298 101.765 -4.650 12.256 101.635 -4.580 16.683 100.621
3 0 -4.580 16.683 100.621 -3.911 16.684 100.760 -3.981 12.298 101.765
3 0 -3.415 12.431 102.122 -3.981 12.298 101.765 -3.911 16.684 100.760
3 0 -3.911 16.684 100.760 -3.346 16.709 101.143 -3.415 12.431 102.122
3 0 2.059 8.376 104.063 1.491 8.613 104.358 1.534 12.378 102.162
3 0 1.534 12.378 102.162 2.103 12.233 101.814 2.059 8.376 104.063
3 0 2.729 8.291 103.961 2.059 8.376 104.063 2.103 12.233 101.814
3 0 2.103 12.233 101.814 2.773 12.177 101.695 2.729 8.291 103.961
3 0 3.399 8.370 104.069 2.729 8.291 103.961 2.773 12.177 101.695
3 0 2.773 12.177 101.695 3.442 12.218 101.825 3.399 8.370 104.069
3 0 3.966 8.601 104.371 3.399 8.370 104.069 3.442 12.218 101.825
3 0 3.442 12.218 101.825 4.008 12.352 102.182 3.966 8.601 104.371
3 0 4.345 8.950 104.819 3.966 8.601 104.371 4.008 12.352 102.182
3 0 4.008 12.352 102.182 4.386 12.557 102.713 4.345 8.950 104.819
3 0 4.477 9.362 105.347 4.345 8.950 104.819 4.386 12.557 102.713
3 0 4.386 12.557 102.713 4.516 12.801 103.337 4.477 9.362 105.347
3 0 4.344 9.776 105.873 4.477 9.362 105.347 4.516 12.801 103.337
3 0 4.516 12.801 103.337 4.381 13.049 103.959 4.344 9.776 105.873
3 0 3.964 10.128 106.318 4.344 9.776 105.873 4.381 13.049 103.959
3 0 4.381 13.049 103.959 4.000 13.262 104.483 3.964 10.128 106.318
3 0 3.396 10.365 106.613 3.964 10.128 106.318 4.000 13.262 104.483
3 0 4.000 13.262 104.483 3.430 13.407 104.832 3.396 10.365 106.613
3 0 2.726 10.451 106.715 3.396 10.365 106.613 3.430 13.407 104.832
3 0 3.430 13.407 104.832 2.760 13.463 104.950 2.726 10.451 106.715
3 0 2.056 10.372 106.607 2.726 10.451 106.715 2.760 13.463 104.950
3 0 2.760 13.463 104.950 2.091 13.422 104.821 2.056 10.372 106.607
3 0 1.489 10.140 106.306 2.056 10.372 106.607 2.091 13.422 104.821
3 0 2.091 13.422 104.821 1.525 13.288 104.463 1.489 10.140 106.306
3 0 -0.372 12.259 101.794 -0.416 8.388 104.050 -0.984 8.625 104.346
3 0 -0.984 8.625 104.346 -0.941 12.405 102.142 -0.372 12.259 101.794
3 0 0.298 12.203 101.675 0.254 8.303 103.949 -0.416 8.388 104.050
3 0 -0.416 8.388 104.050 -0.372 12.259 101.794 0.298 12.203 101.675
3 0 0.967 12.245 101.805 0.924 8.382 104.057 0.254 8.303 103.949
3 0 0.254 8.303 103.949 0.298 12.203 101.675 0.967 12.245 101.805
3 0 1.534 12.378 102.162 1.491 8.613 104.358 0.924 8.382 104.057
3 0 0.924 8.382 104.057 0.967 12.245 101.805 1.534 12.378 102.162
3 0 0.956 13.434 104.812 0.921 10.377 106.601 1.489 10.140 106.306
3 0 1.489 10.140 106.306 1.525 13.288 104.463 0.956 13.434 104.812
3 0 0.286 13.490 104.930 0.251 10.463 106.703 0.921 10.377 106.601
3 0 0.921 10.377 106.601 0.956 13.434 104.812 0.286 13.490 104.930
3 0 -0.384 13.448 104.801 -0.419 10.384 106.595 0.251 10.463 106.703
3 0 0.251 10.463 106.703 0.286 13.490 104.930 -0.384 13.448 104.801
3 0 -0.950 13.315 104.443 -0.986 10.152 106.293 -0.419 10.384 106.595
3 0 -0.419 10.384 106.595 -0.384 13.448 104.801 -0.950 13.315 104.443
3 0 -2.846 12.285 101.774 -2.890 8.400 104.038 -3.458 8.637 104.334
3 0 -3.458 8.637 104.334 -3.415 12.431 102.122 -2.846 12.285 101.774
3 0 -2.176 12.229 101.655 -2.220 8.314 103.937 -2.890 8.400 104.038
3 0 -2.890 8.400 104.038 -2.846 12.285 101.774 -2.176 12.229 101.655
3 0 -1.506 12.271 101.785 -1.550 8.393 104.045 -2.220 8.314 103.937
3 0 -2.220 8.314 103.937 -2.176 12.229 101.655 -1.506 12.271 101.785
3 0 -0.941 12.405 102.142 -0.984 8.625 104.346 -1.550 8.393 104.045
3 0 -1.550 8.393 104.045 -1.506 12.271 101.785 -0.941 12.405 102.142
3 0 -1.518 13.460 104.792 -1.553 10.389 106.589 -0.986 10.152 106.293
3 0 -0.986 10.152 106.293 -0.950 13.315 104.443 -1.518 13.460 104.792
3 0 -2.188 13.516 104.910 -2.223 10.474 106.691 -1.553 10.389 106.589
3 0 -1.553 10.389 106.589 -1.518 13.460 104.792 -2.188 13.516 104.910
3 0 -2.857 13.475 104.781 -2.893 10.395 106.583 -2.223 10.474 106.691
3 0 -2.223 10.474 106.691 -2.188 13.516 104.910 -2.857 13.475 104.781
3 0 -3.424 13.341 104.423 -3.460 10.164 106.281 -2.893 10.395 106.583
3 0 -2.893 10.395 106.583 -2.857 13.475 104.781 -3.424 13.341 104.423
3 0 -4.028 10.401 106.577 -3.460 10.164 106.281 -3.424 13.341 104.423
3 0 -3.424 13.341 104.423 -3.993 13.487 104.772 -4.028 10.401 106.577
3 0 -4.698 10.486 106.678 -4.028 10.401 106.577 -3.993 13.487 104.772
3 0 -3.993 13.487 104.772 -4.663 13.543 104.890 -4.698 10.486 106.678
3 0 -5.367 10.407 106.570 -4.698 10.486 106.678 -4.663 13.543 104.890
3 0 -4.663 13.543 104.890 -5.332 13.501 104.761 -5.367 10.407 106.570
3 0 -5.935 10.176 106.269 -5.367 10.407 106.570 -5.332 13.501 104.761
3 0 -5.332 13.501 104.761 -5.898 13.367 104.404 -5.935 10.176 106.269
3 0 -6.314 9.827 105.820 -5.935 10.176 106.269 -5.898 13.367 104.404
3 0 -5.898 13.367 104.404 -6.276 13.163 103.872 -6.314 9.827 105.820
3 0 -6.446 9.415 105.293 -6.314 9.827 105.820 -6.276 13.163 103.872
3 0 -6.276 13.163 103.872 -6.406 12.918 103.249 -6.446 9.415 105.293
3 0 -6.312 9.001 104.767 -6.446 9.415 105.293 -6.406 12.918 103.249
3 0 -6.406 12.918 103.249 -6.271 12.670 102.627 -6.312 9.001 104.767
3 0 -5.933 8.649 104.322 -6.312 9.001 104.767 -6.271 12.670 102.627
3 0 -6.271 12.670 102.627 -5.890 12.457 102.102 -5.933 8.649 104.322
3 0 -5.364 8.412 104.026 -5.933 8.649 104.322 -5.890 12.457 102.102
3 0 -5.890 12.457 102.102 -5.320 12.312 101.754 -5.364 8.412 104.026
3 0 -4.695 8.326 103.925 -5.364 8.412 104.026 -5.320 12.312 101.754
3 0 -5.320 12.312 101.754 -4.650 12.256 101.635 -4.695 8.326 103.925
3 0 -4.025 8.405 104.033 -4.695 8.326 103.925 -4.650 12.256 101.635
3 0 -4.650 12.256 101.635 -3.981 12.298 101.765 -4.025 8.405 104.033
3 0 -3.458 8.637 104.334 -4.025 8.405 104.033 -3.981 12.298 101.765
3 0 -3.981 12.298 101.765 -3.415 12.431 102.122 -3.458 8.637 104.334
3 0 2.042 5.236 107.322 1.474 5.549 107.537 1.491 8.613 104.358
3 0 1.491 8.613 104.358 2.059 8.376 104.063 2.042 5.236 107.322
3 0 2.711 5.113 107.264 2.042 5.236 107.322 2.059 8.376 104.063
3 0 2.059 8.376 104.063 2.729 8.291 103.961 2.711 5.113 107.264
3 0 3.380 5.200 107.371 2.711 5.113 107.264 2.729 8.291 103.961
3 0 2.729 8.291 103.961 3.399 8.370 104.069 3.380 5.200 107.371
3 0 3.947 5.482 107.626 3.380 5.200 107.371 3.399 8.370 104.069
3 0 3.399 8.370 104.069 3.966 8.601 104.371 3.947 5.482 107.626
3 0 4.325 5.918 107.991 3.947 5.482 107.626 3.966 8.601 104.371
3 0 3.966 8.601 104.371 4.345 8.950 104.819 4.325 5.918 107.991
3 0 4.457 6.441 108.410 4.325 5.918 107.991 4.345 8.950 104.819
3 0 4.345 8.950 104.819 4.477 9.362 105.347 4.457 6.441 108.410
3 0 4.323 6.970 108.820 4.457 6.441 108.410 4.477 9.362 105.347
3 0 4.477 9.362 105.347 4.344 9.776 105.873 4.323 6.970 108.820
3 0 3.944 7.427 109.157 4.323 6.970 108.820 4.344 9.776 105.873
3 0 4.344 9.776 105.873 3.964 10.128 106.318 3.944 7.427 109.157
3 0 3.376 7.740 109.372 3.944 7.427 109.157 3.964 10.128 106.318
3 0 3.964 10.128 106.318 3.396 10.365 106.613 3.376 7.740 109.372
3 0 2.707 7.863 109.430 3.376 7.740 109.372 3.396 10.365 106.613
3 0 3.396 10.365 106.613 2.726 10.451 106.715 2.707 7.863 109.430
3 0 2.038 7.776 109.323 2.707 7.863 109.430 2.726 10.451 106.715
3 0 2.726 10.451 106.715 2.056 10.372 106.607 2.038 7.776 109.323
3 0 1.471 7.494 109.068 2.038 7.776 109.323 2.056 10.372 106.607
3 0 2.056 10.372 106.607 1.489 10.140 106.306 1.471 7.494 109.068
3 0 -0.416 8.388 104.050 -0.431 5.303 107.233 -0.998 5.616 107.447
3 0 -0.998 5.616 107.447 -0.984 8.625 104.346 -0.416 8.388 104.050
3 0 0.254 8.303 103.949 0.239 5.180 107.175 -0.431 5.303 107.233
3 0 -0.431 5.303 107.233 -0.416 8.388 104.050 0.254 8.303 103.949
3 0 0.924 8.382 104.057 0.907 5.267 107.281 0.239 5.180 107.175
3 0 0.239 5.180 107.175 0.254 8.303 103.949 0.924 8.382 104.057
3 0 1.491 8.613 104.358 1.474 5.549 107.537 0.907 5.267 107.281
3 0 0.907 5.267 107.281 0.924 8.382 104.057 1.491 8.613 104.358
3 0 0.921 10.377 106.601 0.904 7.807 109.282 1.471 7.494 109.068
3 0 1.471 7.494 109.068 1.489 10.140 106.306 0.921 10.377 106.601
3 0 0.251 10.463 106.703 0.234 7.930 109.340 0.904 7.807 109.282
3 0 0.904 7.807 109.282 0.921 10.377 106.601 0.251 10.463 106.703
3 0 -0.419 10.384 106.595 -0.434 7.843 109.233 0.234 7.930 109.340
3 0 0.234 7.930 109.340 0.251 10.463 106.703 -0.419 10.384 106.595
3 0 -0.986 10.152 106.293 -1.001 7.561 108.978 -0.434 7.843 109.233
3 0 -0.434 7.843 109.233 -0.419 10.384 106.595 -0.986 10.152 106.293
3 0 -2.890 8.400 104.038 -2.902 5.370 107.143 -3.470 5.683 107.357
3 0 -3.470 5.683 107.357 -3.458 8.637 104.334 -2.890 8.400 104.038
3 0 -2.220 8.314 103.937 -2.233 5.247 107.085 -2.902 5.370 107.143
3 0 -2.902 5.370 107.143 -2.890 8.400 104.038 -2.220 8.314 103.937
3 0 -1.550 8.393 104.045 -1.564 5.334 107.192 -2.233 5.247 107.085
3 0 -2.233 5.247 107.085 -2.220 8.314 103.937 -1.550 8.393 104.045
3 0 -0.984 8.625 104.346 -0.998 5.616 107.447 -1.564 5.334 107.192
3 0 -1.564 5.334 107.192 -1.550 8.393 104.045 -0.984 8.625 104.346
3 0 -1.553 10.389 106.589 -1.568 7.874 109.192 -1.001 7.561 108.978
3 0 -1.001 7.561 108.978 -0.986 10.152 106.293 -1.553 10.389 106.589
3 0 -2.223 10.474 106.691 -2.237 7.997 109.250 -1.568 7.874 109.192
3 0 -1.568 7.874 109.192 -1.553 10.389 106.589 -2.223 10.474 106.691
3 0 -2.893 10.395 106.583 -2.906 7.910 109.144 -2.237 7.997 109.250
3 0 -2.237 7.997 109.250 -2.223 10.474 106.691 -2.893 10.395 106.583
3 0 -3.460 10.164 106.281 -3.473 7.628 108.888 -2.906 7.910 109.144
3 0 -2.906 7.910 109.144 -2.893 10.395 106.583 -3.460 10.164 106.281
3 0 -4.040 7.941 109.102 -3.473 7.628 108.888 -3.460 10.164 106.281
3 0 -3.460 10.164 106.281 -4.028 10.401 106.577 -4.040 7.941 109.102
3 0 -4.710 8.064 109.161 -4.040 7.941 109.102 -4.028 10.401 106.577
3 0 -4.028 10.401 106.577 -4.698 10.486 106.678 -4.710 8.064 109.161
3 0 -5.378 7.977 109.054 -4.710 8.064 109.161 -4.698 10.486 106.678
3 0 -4.698 10.486 106.678 -5.367 10.407 106.570 -5.378 7.977 109.054
3 0 -5.945 7.695 108.799 -5.378 7.977 109.054 -5.367 10.407 106.570
3 0 -5.367 10.407 106.570 -5.935 10.176 106.269 -5.945 7.695 108.799
3 0 -6.323 7.259 108.434 -5.945 7.695 108.799 -5.935 10.176 106.269
3 0 -5.935 10.176 106.269 -6.314 9.827 105.820 -6.323 7.259 108.434
3 0 -6.456 6.736 108.014 -6.323 7.259 108.434 -6.314 9.827 105.820
3 0 -6.314 9.827 105.820 -6.446 9.415 105.293 -6.456 6.736 108.014
3 0 -6.322 6.207 107.605 -6.456 6.736 108.014 -6.446 9.415 105.293
3 0 -6.446 9.415 105.293 -6.312 9.001 104.767 -6.322 6.207 107.605
3 0 -5.942 5.750 107.268 -6.322 6.207 107.605 -6.312 9.001 104.767
3 0 -6.312 9.001 104.767 -5.933 8.649 104.322 -5.942 5.750 107.268
3 0 -5.375 5.437 107.053 -5.942 5.750 107.268 -5.933 8.649 104.322
3 0 -5.933 8.649 104.322 -5.364 8.412 104.026 -5.375 5.437 107.053
3 0 -4.705 5.314 106.995 -5.375 5.437 107.053 -5.364 8.412 104.026
3 0 -5.364 8.412 104.026 -4.695 8.326 103.925 -4.705 5.314 106.995
3 0 -4.037 5.401 107.102 -4.705 5.314 106.995 -4.695 8.326 103.925
3 0 -4.695 8.326 103.925 -4.025 8.405 104.033 -4.037 5.401 107.102
3 0 -3.470 5.683 107.357 -4.037 5.401 107.102 -4.025 8.405 104.033
3 0 -4.025 8.405 104.033 -3.458 8.637 104.334 -3.470 5.683 107.357
3 0 1.625 2.719 111.349 1.071 3.110 111.432 1.474 5.549 107.537
3 0 1.474 5.549 107.537 2.042 5.236 107.322 1.625 2.719 111.349
3 0 2.281 2.536 111.400 1.625 2.719 111.349 2.042 5.236 107.322
3 0 2.042 5.236 107.322 2.711 5.113 107.264 2.281 2.536 111.400
3 0 2.938 2.587 111.576 2.281 2.536 111.400 2.711 5.113 107.264
3 0 2.711 5.113 107.264 3.380 5.200 107.371 2.938 2.587 111.576
3 0 3.498 2.866 111.852 2.938 2.587 111.576 3.380 5.200 107.371
3 0 3.380 5.200 107.371 3.947 5.482 107.626 3.498 2.866 111.852
3 0 3.873 3.329 112.184 3.498 2.866 111.852 3.947 5.482 107.626
3 0 3.947 5.482 107.626 4.325 5.918 107.991 3.873 3.329 112.184
3 0 4.009 3.906 112.523 3.873 3.329 112.184 4.325 5.918 107.991
3 0 4.325 5.918 107.991 4.457 6.441 108.410 4.009 3.906 112.523
3 0 3.883 4.510 112.816 4.009 3.906 112.523 4.457 6.441 108.410
3 0 4.457 6.441 108.410 4.323 6.970 108.820 3.883 4.510 112.816
3 0 3.514 5.047 113.020 3.883 4.510 112.816 4.323 6.970 108.820
3 0 4.323 6.970 108.820 3.944 7.427 109.157 3.514 5.047 113.020
3 0 2.960 5.438 113.103 3.514 5.047 113.020 3.944 7.427 109.157
3 0 3.944 7.427 109.157 3.376 7.740 109.372 2.960 5.438 113.103
3 0 2.305 5.621 113.052 2.960 5.438 113.103 3.376 7.740 109.372
3 0 3.376 7.740 109.372 2.707 7.863 109.430 2.305 5.621 113.052
3 0 1.647 5.570 112.876 2.305 5.621 113.052 2.707 7.863 109.430
3 0 2.707 7.863 109.430 2.038 7.776 109.323 1.647 5.570 112.876
3 0 1.088 5.291 112.600 1.647 5.570 112.876 2.038 7.776 109.323
3 0 2.038 7.776 109.323 1.471 7.494 109.068 1.088 5.291 112.600
3 0 -0.431 5.303 107.233 -0.802 2.963 110.929 -1.356 3.353 111.012
3 0 -1.356 3.353 111.012 -0.998 5.616 107.447 -0.431 5.303 107.233
3 0 0.239 5.180 107.175 -0.146 2.780 110.980 -0.802 2.963 110.929
3 0 -0.802 2.963 110.929 -0.431 5.303 107.233 0.239 5.180 107.175
3 0 0.907 5.267 107.281 0.511 2.831 111.157 -0.146 2.780 110.980
3 0 -0.146 2.780 110.980 0.239 5.180 107.175 0.907 5.267 107.281
3 0 1.474 5.549 107.537 1.071 3.110 111.432 0.511 2.831 111.157
3 0 0.511 2.831 111.157 0.907 5.267 107.281 1.474 5.549 107.537
3 0 0.904 7.807 109.282 0.533 5.682 112.683 1.088 5.291 112.600
3 0 1.088 5.291 112.600 1.471 7.494 109.068 0.904 7.807 109.282
3 0 0.234 7.930 109.340 -0.122 5.865 112.632 0.533 5.682 112.683
3 0 0.533 5.682 112.683 0.904 7.807 109.282 0.234 7.930 109.340
3 0 -0.434 7.843 109.233 -0.780 5.813 112.456 -0.122 5.865 112.632
3 0 -0.122 5.865 112.632 0.234 7.930 109.340 -0.434 7.843 109.233
3 0 -1.001 7.561 108.978 -1.339 5.535 112.180 -0.780 5.813 112.456
3 0 -0.780 5.813 112.456 -0.434 7.843 109.233 -1.001 7.561 108.978
3 0 -2.902 5.370 107.143 -3.228 3.207 110.510 -3.782 3.597 110.592
3 0 -3.782 3.597 110.592 -3.470 5.683 107.357 -2.902 5.370 107.143
3 0 -2.233 5.247 107.085 -2.572 3.023 110.560 -3.228 3.207 110.510
3 0 -3.228 3.207 110.510 -2.902 5.370 107.143 -2.233 5.247 107.085
3 0 -1.564 5.334 107.192 -1.915 3.075 110.737 -2.572 3.023 110.560
3 0 -2.572 3.023 110.560 -2.233 5.247 107.085 -1.564 5.334 107.192
3 0 -0.998 5.616 107.447 -1.356 3.353 111.012 -1.915 3.075 110.737
3 0 -1.915 3.075 110.737 -1.564 5.334 107.192 -0.998 5.616 107.447
3 0 -1.568 7.874 109.192 -1.892 5.925 112.263 -1.339 5.535 112.180
3 0 -1.339 5.535 112.180 -1.001 7.561 108.978 -1.568 7.874 109.192
3 0 -2.237 7.997 109.250 -2.548 6.108 112.213 -1.892 5.925 112.263
3 0 -1.892 5.925 112.263 -1.568 7.874 109.192 -2.237 7.997 109.250
3 0 -2.906 7.910 109.144 -3.206 6.057 112.036 -2.548 6.108 112.213
3 0 -2.548 6.108 112.213 -2.237 7.997 109.250 -2.906 7.910 109.144
3 0 -3.473 7.628 108.888 -3.765 5.779 111.761 -3.206 6.057 112.036
3 0 -3.206 6.057 112.036 -2.906 7.910 109.144 -3.473 7.628 108.888
3 0 -4.319 6.169 111.843 -3.765 5.779 111.761 -3.473 7.628 108.888
3 0 -3.473 7.628 108.888 -4.040 7.941 109.102 -4.319 6.169 111.843
3 0 -4.975 6.352 111.793 -4.319 6.169 111.843 -4.040 7.941 109.102
3 0 -4.040 7.941 109.102 -4.710 8.064 109.161 -4.975 6.352 111.793
3 0 -5.633 6.301 111.616 -4.975 6.352 111.793 -4.710 8.064 109.161
3 0 -4.710 8.064 109.161 -5.378 7.977 109.054 -5.633 6.301 111.616
3 0 -6.192 6.022 111.341 -5.633 6.301 111.616 -5.378 7.977 109.054
3 0 -5.378 7.977 109.054 -5.945 7.695 108.799 -6.192 6.022 111.341
3 0 -6.568 5.559 111.009 -6.192 6.022 111.341 -5.945 7.695 108.799
3 0 -5.945 7.695 108.799 -6.323 7.259 108.434 -6.568 5.559 111.009
3 0 -6.703 4.982 110.670 -6.568 5.559 111.009 -6.323 7.259 108.434
3 0 -6.323 7.259 108.434 -6.456 6.736 108.014 -6.703 4.982 110.670
3 0 -6.577 4.378 110.376 -6.703 4.982 110.670 -6.456 6.736 108.014
3 0 -6.456 6.736 108.014 -6.322 6.207 107.605 -6.577 4.378 110.376
3 0 -6.209 3.841 110.173 -6.577 4.378 110.376 -6.322 6.207 107.605
3 0 -6.322 6.207 107.605 -5.942 5.750 107.268 -6.209 3.841 110.173
3 0 -5.655 3.450 110.090 -6.209 3.841 110.173 -5.942 5.750 107.268
3 0 -5.942 5.750 107.268 -5.375 5.437 107.053 -5.655 3.450 110.090
3 0 -4.999 3.267 110.141 -5.655 3.450 110.090 -5.375 5.437 107.053
3 0 -5.375 5.437 107.053 -4.705 5.314 106.995 -4.999 3.267 110.141
3 0 -4.342 3.318 110.317 -4.999 3.267 110.141 -4.705 5.314 106.995
3 0 -4.705 5.314 106.995 -4.037 5.401 107.102 -4.342 3.318 110.317
3 0 -3.782 3.597 110.592 -4.342 3.318 110.317 -4.037 5.401 107.102
3 0 -4.037 5.401 107.102 -3.470 5.683 107.357 -3.782 3.597 110.592
3 0 0.222 0.921 115.529 -0.296 1.364 115.480 1.071 3.110 111.432
3 0 1.071 3.110 111.432 1.625 2.719 111.349 0.222 0.921 115.529
3 0 0.841 0.692 115.702 0.222 0.921 115.529 1.625 2.719 111.349
3 0 1.625 2.719 111.349 2.281 2.536 111.400 0.841 0.692 115.702
3 0 1.468 0.711 115.972 0.841 0.692 115.702 2.281 2.536 111.400
3 0 2.281 2.536 111.400 2.938 2.587 111.576 1.468 0.711 115.972
3 0 2.006 0.975 116.299 1.468 0.711 115.972 2.938 2.587 111.576
3 0 2.938 2.587 111.576 3.498 2.866 111.852 2.006 0.975 116.299
3 0 2.375 1.443 116.632 2.006 0.975 116.299 3.498 2.866 111.852
3 0 3.498 2.866 111.852 3.873 3.329 112.184 2.375 1.443 116.632
3 0 2.516 2.046 116.921 2.375 1.443 116.632 3.873 3.329 112.184
3 0 3.873 3.329 112.184 4.009 3.906 112.523 2.516 2.046 116.921
3 0 2.410 2.689 117.122 2.516 2.046 116.921 4.009 3.906 112.523
3 0 4.009 3.906 112.523 3.883 4.510 112.816 2.410 2.689 117.122
3 0 2.073 3.277 117.205 2.410 2.689 117.122 3.883 4.510 112.816
3 0 3.883 4.510 112.816 3.514 5.047 113.020 2.073 3.277 117.205
3 0 1.555 3.719 117.155 2.073 3.277 117.205 3.514 5.047 113.020
3 0 3.514 5.047 113.020 2.960 5.438 113.103 1.555 3.719 117.155
3 0 0.935 3.948 116.982 1.555 3.719 117.155 2.960 5.438 113.103
3 0 2.960 5.438 113.103 2.305 5.621 113.052 0.935 3.948 116.982
3 0 0.308 3.930 116.712 0.935 3.948 116.982 2.305 5.621 113.052
3 0 2.305 5.621 113.052 1.647 5.570 112.876 0.308 3.930 116.712
3 0 -0.230 3.666 116.385 0.308 3.930 116.712 1.647 5.570 112.876
3 0 1.647 5.570 112.876 1.088 5.291 112.600 -0.230 3.666 116.385
3 0 -0.802 2.963 110.929 -2.081 1.310 114.709 -2.599 1.752 114.660
3 0 -2.599 1.752 114.660 -1.356 3.353 111.012 -0.802 2.963 110.929
3 0 -0.146 2.780 110.980 -1.462 1.081 114.882 -2.081 1.310 114.709
3 0 -2.081 1.310 114.709 -0.802 2.963 110.929 -0.146 2.780 110.980
3 0 0.511 2.831 111.157 -0.835 1.100 115.153 -1.462 1.081 114.882
3 0 -1.462 1.081 114.882 -0.146 2.780 110.980 0.511 2.831 111.157
3 0 1.071 3.110 111.432 -0.296 1.364 115.480 -0.835 1.100 115.153
3 0 -0.835 1.100 115.153 0.511 2.831 111.157 1.071 3.110 111.432
3 0 0.533 5.682 112.683 -0.748 4.108 116.336 -0.230 3.666 116.385
3 0 -0.230 3.666 116.385 1.088 5.291 112.600 0.533 5.682 112.683
3 0 -0.122 5.865 112.632 -1.368 4.337 116.163 -0.748 4.108 116.336
3 0 -0.748 4.108 116.336 0.533 5.682 112.683 -0.122 5.865 112.632
3 0 -0.780 5.813 112.456 -1.994 4.318 115.893 -1.368 4.337 116.163
3 0 -1.368 4.337 116.163 -0.122 5.865 112.632 -0.780 5.813 112.456
3 0 -1.339 5.535 112.180 -2.533 4.054 115.566 -1.994 4.318 115.893
3 0 -1.994 4.318 115.893 -0.780 5.813 112.456 -1.339 5.535 112.180
3 0 -3.228 3.207 110.510 -4.383 1.699 113.890 -4.901 2.141 113.841
3 0 -4.901 2.141 113.841 -3.782 3.597 110.592 -3.228 3.207 110.510
3 0 -2.572 3.023 110.560 -3.764 1.470 114.063 -4.383 1.699 113.890
3 0 -4.383 1.699 113.890 -3.228 3.207 110.510 -2.572 3.023 110.560
3 0 -1.915 3.075 110.737 -3.137 1.488 114.334 -3.764 1.470 114.063
3 0 -3.764 1.470 114.063 -2.572 3.023 110.560 -1.915 3.075 110.737
3 0 -1.356 3.353 111.012 -2.599 1.752 114.660 -3.137 1.488 114.334
3 0 -3.137 1.488 114.334 -1.915 3.075 110.737 -1.356 3.353 111.012
3 0 -1.892 5.925 112.263 -3.050 4.496 115.517 -2.533 4.054 115.566
3 0 -2.533 4.054 115.566 -1.339 5.535 112.180 -1.892 5.925 112.263
3 0 -2.548 6.108 112.213 -3.670 4.725 115.344 -3.050 4.496 115.517
3 0 -3.050 4.496 115.517 -1.892 5.925 112.263 -2.548 6.108 112.213
3 0 -3.206 6.057 112.036 -4.296 4.707 115.074 -3.670 4.725 115.344
3 0 -3.670 4.725 115.344 -2.548 6.108 112.213 -3.206 6.057 112.036
3 0 -3.765 5.779 111.761 -4.835 4.443 114.747 -4.296 4.707 115.074
3 0 -4.296 4.707 115.074 -3.206 6.057 112.036 -3.765 5.779 111.761
3 0 -5.353 4.885 114.698 -4.835 4.443 114.747 -3.765 5.779 111.761
3 0 -3.765 5.779 111.761 -4.319 6.169 111.843 -5.353 4.885 114.698
3 0 -5.973 5.114 114.525 -5.353 4.885 114.698 -4.319 6.169 111.843
3 0 -4.319 6.169 111.843 -4.975 6.352 111.793 -5.973 5.114 114.525
3 0 -6.599 5.095 114.254 -5.973 5.114 114.525 -4.975 6.352 111.793
3 0 -4.975 6.352 111.793 -5.633 6.301 111.616 -6.599 5.095 114.254
3 0 -7.138 4.832 113.927 -6.599 5.095 114.254 -5.633 6.301 111.616
3 0 -5.633 6.301 111.616 -6.192 6.022 111.341 -7.138 4.832 113.927
3 0 -7.506 4.363 113.594 -7.138 4.832 113.927 -6.192 6.022 111.341
3 0 -6.192 6.022 111.341 -6.568 5.559 111.009 -7.506 4.363 113.594
3 0 -7.648 3.761 113.305 -7.506 4.363 113.594 -6.568 5.559 111.009
3 0 -6.568 5.559 111.009 -6.703 4.982 110.670 -7.648 3.761 113.305
3 0 -7.542 3.117 113.104 -7.648 3.761 113.305 -6.703 4.982 110.670
3 0 -6.703 4.982 110.670 -6.577 4.378 110.376 -7.542 3.117 113.104
3 0 -7.204 2.529 113.022 -7.542 3.117 113.104 -6.577 4.378 110.376
3 0 -6.577 4.378 110.376 -6.209 3.841 110.173 -7.204 2.529 113.022
3 0 -6.686 2.087 113.071 -7.204 2.529 113.022 -6.209 3.841 110.173
3 0 -6.209 3.841 110.173 -5.655 3.450 110.090 -6.686 2.087 113.071
3 0 -6.066 1.858 113.244 -6.686 2.087 113.071 -5.655 3.450 110.090
3 0 -5.655 3.450 110.090 -4.999 3.267 110.141 -6.066 1.858 113.244
3 0 -5.440 1.877 113.514 -6.066 1.858 113.244 -4.999 3.267 110.141
3 0 -4.999 3.267 110.141 -4.342 3.318 110.317 -5.440 1.877 113.514
3 0 -4.901 2.141 113.841 -5.440 1.877 113.514 -4.342 3.318 110.317
3 0 -4.342 3.318 110.317 -3.782 3.597 110.592 -4.901 2.141 113.841
3 0 -1.660 -0.291 119.417 -2.146 0.170 119.284 -0.296 1.364 115.480
3 0 -0.296 1.364 115.480 0.222 0.921 115.529 -1.660 -0.291 119.417
3 0 -1.072 -0.534 119.667 -1.660 -0.291 119.417 0.222 0.921 115.529
3 0 0.222 0.921 115.529 0.841 0.692 115.702 -1.072 -0.534 119.667
3 0 -0.474 -0.522 119.996 -1.072 -0.534 119.667 0.841 0.692 115.702
3 0 0.841 0.692 115.702 1.468 0.711 115.972 -0.474 -0.522 119.996
3 0 0.045 -0.259 120.353 -0.474 -0.522 119.996 1.468 0.711 115.972
3 0 1.468 0.711 115.972 2.006 0.975 116.299 0.045 -0.259 120.353
3 0 0.404 0.217 120.685 0.045 -0.259 120.353 2.006 0.975 116.299
3 0 2.006 0.975 116.299 2.375 1.443 116.632 0.404 0.217 120.685
3 0 0.550 0.833 120.941 0.404 0.217 120.685 2.375 1.443 116.632
3 0 2.375 1.443 116.632 2.516 2.046 116.921 0.550 0.833 120.941
3 0 0.461 1.496 121.082 0.550 0.833 120.941 2.516 2.046 116.921
3 0 2.516 2.046 116.921 2.410 2.689 117.122 0.461 1.496 121.082
3 0 0.149 2.103 121.086 0.461 1.496 121.082 2.410 2.689 117.122
3 0 2.410 2.689 117.122 2.073 3.277 117.205 0.149 2.103 121.086
3 0 -0.338 2.563 120.953 0.149 2.103 121.086 2.073 3.277 117.205
3 0 2.073 3.277 117.205 1.555 3.719 117.155 -0.338 2.563 120.953
3 0 -0.925 2.806 120.704 -0.338 2.563 120.953 1.555 3.719 117.155
3 0 1.555 3.719 117.155 0.935 3.948 116.982 -0.925 2.806 120.704
3 0 -1.523 2.795 120.375 -0.925 2.806 120.704 0.935 3.948 116.982
3 0 0.935 3.948 116.982 0.308 3.930 116.712 -1.523 2.795 120.375
3 0 -2.042 2.531 120.017 -1.523 2.795 120.375 0.308 3.930 116.712
3 0 0.308 3.930 116.712 -0.230 3.666 116.385 -2.042 2.531 120.017
3 0 -2.081 1.310 114.709 -3.850 0.138 118.349 -4.337 0.598 118.216
3 0 -4.337 0.598 118.216 -2.599 1.752 114.660 -2.081 1.310 114.709
3 0 -1.462 1.081 114.882 -3.263 -0.105 118.598 -3.850 0.138 118.349
3 0 -3.850 0.138 118.349 -2.081 1.310 114.709 -1.462 1.081 114.882
3 0 -0.835 1.100 115.153 -2.665 -0.094 118.927 -3.263 -0.105 118.598
3 0 -3.263 -0.105 118.598 -1.462 1.081 114.882 -0.835 1.100 115.153
3 0 -0.296 1.364 115.480 -2.146 0.170 119.284 -2.665 -0.094 118.927
3 0 -2.665 -0.094 118.927 -0.835 1.100 115.153 -0.296 1.364 115.480
3 0 -0.748 4.108 116.336 -2.529 2.991 119.885 -2.042 2.531 120.017
3 0 -2.042 2.531 120.017 -0.230 3.666 116.385 -0.748 4.108 116.336
3 0 -1.368 4.337 116.163 -3.116 3.234 119.635 -2.529 2.991 119.885
3 0 -2.529 2.991 119.885 -0.748 4.108 116.336 -1.368 4.337 116.163
3 0 -1.994 4.318 115.893 -3.714 3.223 119.306 -3.116 3.234 119.635
3 0 -3.116 3.234 119.635 -1.368 4.337 116.163 -1.994 4.318 115.893
3 0 -2.533 4.054 115.566 -4.233 2.960 118.949 -3.714 3.223 119.306
3 0 -3.714 3.223 119.306 -1.994 4.318 115.893 -2.533 4.054 115.566
3 0 -4.383 1.699 113.890 -6.040 0.566 117.280 -6.527 1.026 117.147
3 0 -6.527 1.026 117.147 -4.901 2.141 113.841 -4.383 1.699 113.890
3 0 -3.764 1.470 114.063 -5.453 0.323 117.530 -6.040 0.566 117.280
3 0 -6.040 0.566 117.280 -4.383 1.699 113.890 -3.764 1.470 114.063
3 0 -3.137 1.488 114.334 -4.855 0.334 117.859 -5.453 0.323 117.530
3 0 -5.453 0.323 117.530 -3.764 1.470 114.063 -3.137 1.488 114.334
3 0 -2.599 1.752 114.660 -4.337 0.598 118.216 -4.855 0.334 117.859
3 0 -4.855 0.334 117.859 -3.137 1.488 114.334 -2.599 1.752 114.660
3 0 -3.050 4.496 115.517 -4.719 3.420 118.816 -4.233 2.960 118.949
3 0 -4.233 2.960 118.949 -2.533 4.054 115.566 -3.050 4.496 115.517
3 0 -3.670 4.725 115.344 -5.306 3.663 118.567 -4.719 3.420 118.816
3 0 -4.719 3.420 118.816 -3.050 4.496 115.517 -3.670 4.725 115.344
3 0 -4.296 4.707 115.074 -5.904 3.651 118.238 -5.306 3.663 118.567
3 0 -5.306 3.663 118.567 -3.670 4.725 115.344 -4.296 4.707 115.074
3 0 -4.835 4.443 114.747 -6.423 3.388 117.880 -5.904 3.651 118.238
3 0 -5.904 3.651 118.238 -4.296 4.707 115.074 -4.835 4.443 114.747
3 0 -6.910 3.848 117.748 -6.423 3.388 117.880 -4.835 4.443 114.747
3 0 -4.835 4.443 114.747 -5.353 4.885 114.698 -6.910 3.848 117.748
3 0 -7.497 4.091 117.498 -6.910 3.848 117.748 -5.353 4.885 114.698
3 0 -5.353 4.885 114.698 -5.973 5.114 114.525 -7.497 4.091 117.498
3 0 -8.095 4.080 117.169 -7.497 4.091 117.498 -5.973 5.114 114.525
3 0 -5.973 5.114 114.525 -6.599 5.095 114.254 -8.095 4.080 117.169
3 0 -8.614 3.816 116.812 -8.095 4.080 117.169 -6.599 5.095 114.254
3 0 -6.599 5.095 114.254 -7.138 4.832 113.927 -8.614 3.816 116.812
3 0 -8.974 3.340 116.480 -8.614 3.816 116.812 -7.138 4.832 113.927
3 0 -7.138 4.832 113.927 -7.506 4.363 113.594 -8.974 3.340 116.480
3 0 -9.120 2.724 116.224 -8.974 3.340 116.480 -7.506 4.363 113.594
3 0 -7.506 4.363 113.594 -7.648 3.761 113.305 -9.120 2.724 116.224
3 0 -9.030 2.062 116.083 -9.120 2.724 116.224 -7.648 3.761 113.305
3 0 -7.648 3.761 113.305 -7.542 3.117 113.104 -9.030 2.062 116.083
3 0 -8.718 1.455 116.079 -9.030 2.062 116.083 -7.542 3.117 113.104
3 0 -7.542 3.117 113.104 -7.204 2.529 113.022 -8.718 1.455 116.079
3 0 -8.231 0.994 116.212 -8.718 1.455 116.079 -7.204 2.529 113.022
3 0 -7.204 2.529 113.022 -6.686 2.087 113.071 -8.231 0.994 116.212
3 0 -7.644 0.751 116.461 -8.231 0.994 116.212 -6.686 2.087 113.071
3 0 -6.686 2.087 113.071 -6.066 1.858 113.244 -7.644 0.751 116.461
3 0 -7.046 0.762 116.790 -7.644 0.751 116.461 -6.066 1.858 113.244
3 0 -6.066 1.858 113.244 -5.440 1.877 113.514 -7.046 0.762 116.790
3 0 -6.527 1.026 117.147 -7.046 0.762 116.790 -5.440 1.877 113.514
3 0 -5.440 1.877 113.514 -4.901 2.141 113.841 -6.527 1.026 117.147
3 0 -3.794 -1.150 123.090 -4.257 -0.685 122.901 -2.146 0.170 119.284
3 0 -2.146 0.170 119.284 -1.660 -0.291 119.417 -3.794 -1.150 123.090
3 0 -3.231 -1.394 123.390 -3.794 -1.150 123.090 -1.660 -0.291 119.417
3 0 -1.660 -0.291 119.417 -1.072 -0.534 119.667 -3.231 -1.394 123.390
3 0 -2.655 -1.380 123.756 -3.231 -1.394 123.390 -1.072 -0.534 119.667
3 0 -1.072 -0.534 119.667 -0.474 -0.522 119.996 -2.655 -1.380 123.756
3 0 -2.152 -1.110 124.131 -2.655 -1.380 123.756 -0.474 -0.522 119.996
3 0 -0.474 -0.522 119.996 0.045 -0.259 120.353 -2.152 -1.110 124.131
3 0 -1.800 -0.625 124.459 -2.152 -1.110 124.131 0.045 -0.259 120.353
3 0 0.045 -0.259 120.353 0.404 0.217 120.685 -1.800 -0.625 124.459
3 0 -1.653 0.000 124.690 -1.800 -0.625 124.459 0.404 0.217 120.685
3 0 0.404 0.217 120.685 0.550 0.833 120.941 -1.653 0.000 124.690
3 0 -1.731 0.671 124.788 -1.653 0.000 124.690 0.550 0.833 120.941
3 0 0.550 0.833 120.941 0.461 1.496 121.082 -1.731 0.671 124.788
3 0 -2.025 1.286 124.739 -1.731 0.671 124.788 0.461 1.496 121.082
3 0 0.461 1.496 121.082 0.149 2.103 121.086 -2.025 1.286 124.739
3 0 -2.488 1.750 124.550 -2.025 1.286 124.739 0.149 2.103 121.086
3 0 0.149 2.103 121.086 -0.338 2.563 120.953 -2.488 1.750 124.550
3 0 -3.051 1.994 124.250 -2.488 1.750 124.550 -0.338 2.563 120.953
3 0 -0.338 2.563 120.953 -0.925 2.806 120.704 -3.051 1.994 124.250
3 0 -3.627 1.980 123.884 -3.051 1.994 124.250 -0.925 2.806 120.704
3 0 -0.925 2.806 120.704 -1.523 2.795 120.375 -3.627 1.980 123.884
3 0 -4.130 1.710 123.509 -3.627 1.980 123.884 -1.523 2.795 120.375
3 0 -1.523 2.795 120.375 -2.042 2.531 120.017 -4.130 1.710 123.509
3 0 -3.850 0.138 118.349 -5.899 -0.726 121.859 -6.362 -0.261 121.670
3 0 -6.362 -0.261 121.670 -4.337 0.598 118.216 -3.850 0.138 118.349
3 0 -3.263 -0.105 118.598 -5.336 -0.969 122.160 -5.899 -0.726 121.859
3 0 -5.899 -0.726 121.859 -3.850 0.138 118.349 -3.263 -0.105 118.598
3 0 -2.665 -0.094 118.927 -4.760 -0.955 122.525 -5.336 -0.969 122.160
3 0 -5.336 -0.969 122.160 -3.263 -0.105 118.598 -2.665 -0.094 118.927
3 0 -2.146 0.170 119.284 -4.257 -0.685 122.901 -4.760 -0.955 122.525
3 0 -4.760 -0.955 122.525 -2.665 -0.094 118.927 -2.146 0.170 119.284
3 0 -2.529 2.991 119.885 -4.593 2.175 123.320 -4.130 1.710 123.509
3 0 -4.130 1.710 123.509 -2.042 2.531 120.017 -2.529 2.991 119.885
3 0 -3.116 3.234 119.635 -5.156 2.418 123.019 -4.593 2.175 123.320
3 0 -4.593 2.175 123.320 -2.529 2.991 119.885 -3.116 3.234 119.635
3 0 -3.714 3.223 119.306 -5.732 2.404 122.654 -5.156 2.418 123.019
3 0 -5.156 2.418 123.019 -3.116 3.234 119.635 -3.714 3.223 119.306
3 0 -4.233 2.960 118.949 -6.235 2.135 122.278 -5.732 2.404 122.654
3 0 -5.732 2.404 122.654 -3.714 3.223 119.306 -4.233 2.960 118.949
3 0 -6.040 0.566 117.280 -8.003 -0.301 120.629 -8.467 0.163 120.440
3 0 -8.467 0.163 120.440 -6.527 1.026 117.147 -6.040 0.566 117.280
3 0 -5.453 0.323 117.530 -7.441 -0.545 120.930 -8.003 -0.301 120.629
3 0 -8.003 -0.301 120.629 -6.040 0.566 117.280 -5.453 0.323 117.530
3 0 -4.855 0.334 117.859 -6.864 -0.531 121.295 -7.441 -0.545 120.930
3 0 -7.441 -0.545 120.930 -5.453 0.323 117.530 -4.855 0.334 117.859
3 0 -4.337 0.598 118.216 -6.362 -0.261 121.670 -6.864 -0.531 121.295
3 0 -6.864 -0.531 121.295 -4.855 0.334 117.859 -4.337 0.598 118.216
3 0 -4.719 3.420 118.816 -6.698 2.599 122.090 -6.235 2.135 122.278
3 0 -6.235 2.135 122.278 -4.233 2.960 118.949 -4.719 3.420 118.816
3 0 -5.306 3.663 118.567 -7.260 2.843 121.790 -6.698 2.599 122.090
3 0 -6.698 2.599 122.090 -4.719 3.420 118.816 -5.306 3.663 118.567
3 0 -5.904 3.651 118.238 -7.837 2.829 121.424 -7.260 2.843 121.790
3 0 -7.260 2.843 121.790 -5.306 3.663 118.567 -5.904 3.651 118.238
3 0 -6.423 3.388 117.880 -8.339 2.559 121.048 -7.837 2.829 121.424
3 0 -7.837 2.829 121.424 -5.904 3.651 118.238 -6.423 3.388 117.880
3 0 -8.803 3.023 120.859 -8.339 2.559 121.048 -6.423 3.388 117.880
3 0 -6.423 3.388 117.880 -6.910 3.848 117.748 -8.803 3.023 120.859
3 0 -9.365 3.267 120.559 -8.803 3.023 120.859 -6.910 3.848 117.748
3 0 -6.910 3.848 117.748 -7.497 4.091 117.498 -9.365 3.267 120.559
3 0 -9.942 3.253 120.194 -9.365 3.267 120.559 -7.497 4.091 117.498
3 0 -7.497 4.091 117.498 -8.095 4.080 117.169 -9.942 3.253 120.194
3 0 -10.444 2.983 119.818 -9.942 3.253 120.194 -8.095 4.080 117.169
3 0 -8.095 4.080 117.169 -8.614 3.816 116.812 -10.444 2.983 119.818
3 0 -10.796 2.499 119.490 -10.444 2.983 119.818 -8.614 3.816 116.812
3 0 -8.614 3.816 116.812 -8.974 3.340 116.480 -10.796 2.499 119.490
3 0 -10.944 1.873 119.259 -10.796 2.499 119.490 -8.974 3.340 116.480
3 0 -8.974 3.340 116.480 -9.120 2.724 116.224 -10.944 1.873 119.259
3 0 -10.865 1.202 119.161 -10.944 1.873 119.259 -9.120 2.724 116.224
3 0 -9.120 2.724 116.224 -9.030 2.062 116.083 -10.865 1.202 119.161
3 0 -10.572 0.588 119.210 -10.865 1.202 119.161 -9.030 2.062 116.083
3 0 -9.030 2.062 116.083 -8.718 1.455 116.079 -10.572 0.588 119.210
3 0 -10.109 0.123 119.399 -10.572 0.588 119.210 -8.718 1.455 116.079
3 0 -8.718 1.455 116.079 -8.231 0.994 116.212 -10.109 0.123 119.399
3 0 -9.546 -0.121 119.699 -10.109 0.123 119.399 -8.231 0.994 116.212
3 0 -8.231 0.994 116.212 -7.644 0.751 116.461 -9.546 -0.121 119.699
3 0 -8.969 -0.107 120.065 -9.546 -0.121 119.699 -7.644 0.751 116.461
3 0 -7.644 0.751 116.461 -7.046 0.762 116.790 -8.969 -0.107 120.065
3 0 -8.467 0.163 120.440 -8.969 -0.107 120.065 -7.046 0.762 116.790
3 0 -7.046 0.762 116.790 -6.527 1.026 117.147 -8.467 0.163 120.440
3 0 -6.090 -1.773 126.611 -6.536 -1.311 126.380 -4.257 -0.685 122.901
3 0 -4.257 -0.685 122.901 -3.794 -1.150 123.090 -6.090 -1.773 126.611
3 0 -5.546 -2.012 126.947 -6.090 -1.773 126.611 -3.794 -1.150 123.090
3 0 -3.794 -1.150 123.090 -3.231 -1.394 123.390 -5.546 -2.012 126.947
3 0 -4.986 -1.991 127.338 -5.546 -2.012 126.947 -3.231 -1.394 123.390
3 0 -3.231 -1.394 123.390 -2.655 -1.380 123.756 -4.986 -1.991 127.338
3 0 -4.497 -1.712 127.724 -4.986 -1.991 127.338 -2.655 -1.380 123.756
3 0 -2.655 -1.380 123.756 -2.152 -1.110 124.131 -4.497 -1.712 127.724
3 0 -4.152 -1.219 128.047 -4.497 -1.712 127.724 -2.152 -1.110 124.131
3 0 -2.152 -1.110 124.131 -1.800 -0.625 124.459 -4.152 -1.219 128.047
3 0 -4.004 -0.586 128.257 -4.152 -1.219 128.047 -1.800 -0.625 124.459
3 0 -1.800 -0.625 124.459 -1.653 0.000 124.690 -4.004 -0.586 128.257
3 0 -4.076 0.090 128.322 -4.004 -0.586 128.257 -1.653 0.000 124.690
3 0 -1.653 0.000 124.690 -1.731 0.671 124.788 -4.076 0.090 128.322
3 0 -4.357 0.706 128.233 -4.076 0.090 128.322 -1.731 0.671 124.788
3 0 -1.731 0.671 124.788 -2.025 1.286 124.739 -4.357 0.706 128.233
3 0 -4.803 1.169 128.003 -4.357 0.706 128.233 -2.025 1.286 124.739
3 0 -2.025 1.286 124.739 -2.488 1.750 124.550 -4.803 1.169 128.003
3 0 -5.347 1.407 127.667 -4.803 1.169 128.003 -2.488 1.750 124.550
3 0 -2.488 1.750 124.550 -3.051 1.994 124.250 -5.347 1.407 127.667
3 0 -5.906 1.386 127.276 -5.347 1.407 127.667 -3.051 1.994 124.250
3 0 -3.051 1.994 124.250 -3.627 1.980 123.884 -5.906 1.386 127.276
3 0 -6.396 1.107 126.889 -5.906 1.386 127.276 -3.627 1.980 123.884
3 0 -3.627 1.980 123.884 -4.130 1.710 123.509 -6.396 1.107 126.889
3 0 -5.899 -0.726 121.859 -8.129 -1.372 125.267 -8.575 -0.909 125.037
3 0 -8.575 -0.909 125.037 -6.362 -0.261 121.670 -5.899 -0.726 121.859
3 0 -5.336 -0.969 122.160 -7.585 -1.611 125.603 -8.129 -1.372 125.267
3 0 -8.129 -1.372 125.267 -5.899 -0.726 121.859 -5.336 -0.969 122.160
3 0 -4.760 -0.955 122.525 -7.026 -1.589 125.994 -7.585 -1.611 125.603
3 0 -7.585 -1.611 125.603 -5.336 -0.969 122.160 -4.760 -0.955 122.525
3 0 -4.257 -0.685 122.901 -6.536 -1.311 126.380 -7.026 -1.589 125.994
3 0 -7.026 -1.589 125.994 -4.760 -0.955 122.525 -4.257 -0.685 122.901
3 0 -4.593 2.175 123.320 -6.842 1.570 126.659 -6.396 1.107 126.889
3 0 -6.396 1.107 126.889 -4.130 1.710 123.509 -4.593 2.175 123.320
3 0 -5.156 2.418 123.019 -7.386 1.809 126.323 -6.842 1.570 126.659
3 0 -6.842 1.570 126.659 -4.593 2.175 123.320 -5.156 2.418 123.019
3 0 -5.732 2.404 122.654 -7.946 1.787 125.932 -7.386 1.809 126.323
3 0 -7.386 1.809 126.323 -5.156 2.418 123.019 -5.732 2.404 122.654
3 0 -6.235 2.135 122.278 -8.435 1.508 125.546 -7.946 1.787 125.932
3 0 -7.946 1.787 125.932 -5.732 2.404 122.654 -6.235 2.135 122.278
3 0 -8.003 -0.301 120.629 -10.168 -0.971 123.924 -10.614 -0.508 123.693
3 0 -10.614 -0.508 123.693 -8.467 0.163 120.440 -8.003 -0.301 120.629
3 0 -7.441 -0.545 120.930 -9.623 -1.210 124.260 -10.168 -0.971 123.924
3 0 -10.168 -0.971 123.924 -8.003 -0.301 120.629 -7.441 -0.545 120.930
3 0 -6.864 -0.531 121.295 -9.064 -1.188 124.651 -9.623 -1.210 124.260
3 0 -9.623 -1.210 124.260 -7.441 -0.545 120.930 -6.864 -0.531 121.295
3 0 -6.362 -0.261 121.670 -8.575 -0.909 125.037 -9.064 -1.188 124.651
3 0 -9.064 -1.188 124.651 -6.864 -0.531 121.295 -6.362 -0.261 121.670
3 0 -6.698 2.599 122.090 -8.881 1.971 125.316 -8.435 1.508 125.546
3 0 -8.435 1.508 125.546 -6.235 2.135 122.278 -6.698 2.599 122.090
3 0 -7.260 2.843 121.790 -9.425 2.210 124.980 -8.881 1.971 125.316
3 0 -8.881 1.971 125.316 -6.698 2.599 122.090 -7.260 2.843 121.790
3 0 -7.837 2.829 121.424 -9.984 2.188 124.589 -9.425 2.210 124.980
3 0 -9.425 2.210 124.980 -7.260 2.843 121.790 -7.837 2.829 121.424
3 0 -8.339 2.559 121.048 -10.474 1.910 124.202 -9.984 2.188 124.589
3 0 -9.984 2.188 124.589 -7.837 2.829 121.424 -8.339 2.559 121.048
3 0 -10.920 2.372 123.972 -10.474 1.910 124.202 -8.339 2.559 121.048
3 0 -8.339 2.559 121.048 -8.803 3.023 120.859 -10.920 2.372 123.972
3 0 -11.464 2.611 123.636 -10.920 2.372 123.972 -8.803 3.023 120.859
3 0 -8.803 3.023 120.859 -9.365 3.267 120.559 -11.464 2.611 123.636
3 0 -12.024 2.590 123.245 -11.464 2.611 123.636 -9.365 3.267 120.559
3 0 -9.365 3.267 120.559 -9.942 3.253 120.194 -12.024 2.590 123.245
3 0 -12.513 2.311 122.859 -12.024 2.590 123.245 -9.942 3.253 120.194
3 0 -9.942 3.253 120.194 -10.444 2.983 119.818 -12.513 2.311 122.859
3 0 -12.858 1.818 122.536 -12.513 2.311 122.859 -10.444 2.983 119.818
3 0 -10.444 2.983 119.818 -10.796 2.499 119.490 -12.858 1.818 122.536
3 0 -13.005 1.185 122.326 -12.858 1.818 122.536 -10.796 2.499 119.490
3 0 -10.796 2.499 119.490 -10.944 1.873 119.259 -13.005 1.185 122.326
3 0 -12.934 0.509 122.260 -13.005 1.185 122.326 -10.944 1.873 119.259
3 0 -10.944 1.873 119.259 -10.865 1.202 119.161 -12.934 0.509 122.260
3 0 -12.653 -0.107 122.350 -12.934 0.509 122.260 -10.865 1.202 119.161
3 0 -10.865 1.202 119.161 -10.572 0.588 119.210 -12.653 -0.107 122.350
3 0 -12.207 -0.570 122.580 -12.653 -0.107 122.350 -10.572 0.588 119.210
3 0 -10.572 0.588 119.210 -10.109 0.123 119.399 -12.207 -0.570 122.580
3 0 -11.663 -0.808 122.916 -12.207 -0.570 122.580 -10.109 0.123 119.399
3 0 -10.109 0.123 119.399 -9.546 -0.121 119.699 -11.663 -0.808 122.916
3 0 -11.103 -0.787 123.307 -11.663 -0.808 122.916 -9.546 -0.121 119.699
3 0 -9.546 -0.121 119.699 -8.969 -0.107 120.065 -11.103 -0.787 123.307
3 0 -10.614 -0.508 123.693 -11.103 -0.787 123.307 -8.969 -0.107 120.065
3 0 -8.969 -0.107 120.065 -8.467 0.163 120.440 -10.614 -0.508 123.693
3 0 -8.497 -2.226 130.017 -8.931 -1.768 129.755 -6.536 -1.311 126.380
3 0 -6.536 -1.311 126.380 -6.090 -1.773 126.611 -8.497 -2.226 130.017
3 0 -7.967 -2.456 130.381 -8.497 -2.226 130.017 -6.090 -1.773 126.611
3 0 -6.090 -1.773 126.611 -5.546 -2.012 126.947 -7.967 -2.456 130.381
3 0 -7.421 -2.425 130.790 -7.967 -2.456 130.381 -5.546 -2.012 126.947
3 0 -5.546 -2.012 126.947 -4.986 -1.991 127.338 -7.421 -2.425 130.790
3 0 -6.943 -2.136 131.182 -7.421 -2.425 130.790 -4.986 -1.991 127.338
3 0 -4.986 -1.991 127.338 -4.497 -1.712 127.724 -6.943 -2.136 131.182
3 0 -6.605 -1.635 131.499 -6.943 -2.136 131.182 -4.497 -1.712 127.724
3 0 -4.497 -1.712 127.724 -4.152 -1.219 128.047 -6.605 -1.635 131.499
3 0 -6.458 -0.996 131.691 -6.605 -1.635 131.499 -4.152 -1.219 128.047
3 0 -4.152 -1.219 128.047 -4.004 -0.586 128.257 -6.458 -0.996 131.691
3 0 -6.526 -0.318 131.729 -6.458 -0.996 131.691 -4.004 -0.586 128.257
3 0 -4.004 -0.586 128.257 -4.076 0.090 128.322 -6.526 -0.318 131.729
3 0 -6.797 0.297 131.608 -6.526 -0.318 131.729 -4.076 0.090 128.322
3 0 -4.076 0.090 128.322 -4.357 0.706 128.233 -6.797 0.297 131.608
3 0 -7.231 0.755 131.346 -6.797 0.297 131.608 -4.357 0.706 128.233
3 0 -4.357 0.706 128.233 -4.803 1.169 128.003 -7.231 0.755 131.346
3 0 -7.761 0.985 130.983 -7.231 0.755 131.346 -4.803 1.169 128.003
3 0 -4.803 1.169 128.003 -5.347 1.407 127.667 -7.761 0.985 130.983
3 0 -8.307 0.954 130.574 -7.761 0.985 130.983 -5.347 1.407 127.667
3 0 -5.347 1.407 127.667 -5.906 1.386 127.276 -8.307 0.954 130.574
3 0 -8.786 0.666 130.181 -8.307 0.954 130.574 -5.906 1.386 127.276
3 0 -5.906 1.386 127.276 -6.396 1.107 126.889 -8.786 0.666 130.181
3 0 -8.129 -1.372 125.267 -10.486 -1.857 128.590 -10.919 -1.399 128.328
3 0 -10.919 -1.399 128.328 -8.575 -0.909 125.037 -8.129 -1.372 125.267
3 0 -7.585 -1.611 125.603 -9.955 -2.088 128.954 -10.486 -1.857 128.590
3 0 -10.486 -1.857 128.590 -8.129 -1.372 125.267 -7.585 -1.611 125.603
3 0 -7.026 -1.589 125.994 -9.410 -2.056 129.363 -9.955 -2.088 128.954
3 0 -9.955 -2.088 128.954 -7.585 -1.611 125.603 -7.026 -1.589 125.994
3 0 -6.536 -1.311 126.380 -8.931 -1.768 129.755 -9.410 -2.056 129.363
3 0 -9.410 -2.056 129.363 -7.026 -1.589 125.994 -6.536 -1.311 126.380
3 0 -6.842 1.570 126.659 -9.220 1.123 129.919 -8.786 0.666 130.181
3 0 -8.786 0.666 130.181 -6.396 1.107 126.889 -6.842 1.570 126.659
3 0 -7.386 1.809 126.323 -9.750 1.354 129.556 -9.220 1.123 129.919
3 0 -9.220 1.123 129.919 -6.842 1.570 126.659 -7.386 1.809 126.323
3 0 -7.946 1.787 125.932 -10.296 1.323 129.147 -9.750 1.354 129.556
3 0 -9.750 1.354 129.556 -7.386 1.809 126.323 -7.946 1.787 125.932
3 0 -8.435 1.508 125.546 -10.774 1.034 128.754 -10.296 1.323 129.147
3 0 -10.296 1.323 129.147 -7.946 1.787 125.932 -8.435 1.508 125.546
3 0 -10.168 -0.971 123.924 -12.473 -1.488 127.164 -12.907 -1.031 126.902
3 0 -12.907 -1.031 126.902 -10.614 -0.508 123.693 -10.168 -0.971 123.924
3 0 -9.623 -1.210 124.260 -11.943 -1.719 127.527 -12.473 -1.488 127.164
3 0 -12.473 -1.488 127.164 -10.168 -0.971 123.924 -9.623 -1.210 124.260
3 0 -9.064 -1.188 124.651 -11.397 -1.688 127.936 -11.943 -1.719 127.527
3 0 -11.943 -1.719 127.527 -9.623 -1.210 124.260 -9.064 -1.188 124.651
3 0 -8.575 -0.909 125.037 -10.919 -1.399 128.328 -11.397 -1.688 127.936
3 0 -11.397 -1.688 127.936 -9.064 -1.188 124.651 -8.575 -0.909 125.037
3 0 -8.881 1.971 125.316 -11.207 1.492 128.493 -10.774 1.034 128.754
3 0 -10.774 1.034 128.754 -8.435 1.508 125.546 -8.881 1.971 125.316
3 0 -9.425 2.210 124.980 -11.737 1.722 128.130 -11.207 1.492 128.493
3 0 -11.207 1.492 128.493 -8.881 1.971 125.316 -9.425 2.210 124.980
3 0 -9.984 2.188 124.589 -12.283 1.691 127.721 -11.737 1.722 128.130
3 0 -11.737 1.722 128.130 -9.425 2.210 124.980 -9.984 2.188 124.589
3 0 -10.474 1.910 124.202 -12.762 1.403 127.328 -12.283 1.691 127.721
3 0 -12.283 1.691 127.721 -9.984 2.188 124.589 -10.474 1.910 124.202
3 0 -13.195 1.860 127.066 -12.762 1.403 127.328 -10.474 1.910 124.202
3 0 -10.474 1.910 124.202 -10.920 2.372 123.972 -13.195 1.860 127.066
3 0 -13.726 2.091 126.703 -13.195 1.860 127.066 -10.920 2.372 123.972
3 0 -10.920 2.372 123.972 -11.464 2.611 123.636 -13.726 2.091 126.703
3 0 -14.271 2.060 126.294 -13.726 2.091 126.703 -11.464 2.611 123.636
3 0 -11.464 2.611 123.636 -12.024 2.590 123.245 -14.271 2.060 126.294
3 0 -14.750 1.771 125.901 -14.271 2.060 126.294 -12.024 2.590 123.245
3 0 -12.024 2.590 123.245 -12.513 2.311 122.859 -14.750 1.771 125.901
3 0 -15.088 1.270 125.584 -14.750 1.771 125.901 -12.513 2.311 122.859
3 0 -12.513 2.311 122.859 -12.858 1.818 122.536 -15.088 1.270 125.584
3 0 -15.234 0.631 125.392 -15.088 1.270 125.584 -12.858 1.818 122.536
3 0 -12.858 1.818 122.536 -13.005 1.185 122.326 -15.234 0.631 125.392
3 0 -15.167 -0.048 125.354 -15.234 0.631 125.392 -13.005 1.185 122.326
3 0 -13.005 1.185 122.326 -12.934 0.509 122.260 -15.167 -0.048 125.354
3 0 -14.895 -0.662 125.475 -15.167 -0.048 125.354 -12.934 0.509 122.260
3 0 -12.934 0.509 122.260 -12.653 -0.107 122.350 -14.895 -0.662 125.475
3 0 -14.461 -1.120 125.737 -14.895 -0.662 125.475 -12.653 -0.107 122.350
3 0 -12.653 -0.107 122.350 -12.207 -0.570 122.580 -14.461 -1.120 125.737
3 0 -13.931 -1.351 126.100 -14.461 -1.120 125.737 -12.207 -0.570 122.580
3 0 -12.207 -0.570 122.580 -11.663 -0.808 122.916 -13.931 -1.351 126.100
3 0 -13.385 -1.319 126.509 -13.931 -1.351 126.100 -11.663 -0.808 122.916
3 0 -11.663 -0.808 122.916 -11.103 -0.787 123.307 -13.385 -1.319 126.509
3 0 -12.907 -1.031 126.902 -13.385 -1.319 126.509 -11.103 -0.787 123.307
3 0 -11.103 -0.787 123.307 -10.614 -0.508 123.693 -12.907 -1.031 126.902
3 0 -10.986 -2.548 133.335 -11.410 -2.097 133.048 -8.931 -1.768 129.755
3 0 -8.931 -1.768 129.755 -8.497 -2.226 130.017 -10.986 -2.548 133.335
3 0 -10.466 -2.769 133.719 -10.986 -2.548 133.335 -8.497 -2.226 130.017
3 0 -8.497 -2.226 130.017 -7.967 -2.456 130.381 -10.466 -2.769 133.719
3 0 -9.931 -2.727 134.142 -10.466 -2.769 133.719 -7.967 -2.456 130.381
3 0 -7.967 -2.456 130.381 -7.421 -2.425 130.790 -9.931 -2.727 134.142
3 0 -9.462 -2.428 134.538 -9.931 -2.727 134.142 -7.421 -2.425 130.790
3 0 -7.421 -2.425 130.790 -6.943 -2.136 131.182 -9.462 -2.428 134.538
3 0 -9.130 -1.917 134.847 -9.462 -2.428 134.538 -6.943 -2.136 131.182
3 0 -6.943 -2.136 131.182 -6.605 -1.635 131.499 -9.130 -1.917 134.847
3 0 -8.987 -1.274 135.023 -9.130 -1.917 134.847 -6.605 -1.635 131.499
3 0 -6.605 -1.635 131.499 -6.458 -0.996 131.691 -8.987 -1.274 135.023
3 0 -9.052 -0.594 135.039 -8.987 -1.274 135.023 -6.458 -0.996 131.691
3 0 -6.458 -0.996 131.691 -6.526 -0.318 131.729 -9.052 -0.594 135.039
3 0 -9.318 0.018 134.891 -9.052 -0.594 135.039 -6.526 -0.318 131.729
3 0 -6.526 -0.318 131.729 -6.797 0.297 131.608 -9.318 0.018 134.891
3 0 -9.743 0.468 134.604 -9.318 0.018 134.891 -6.797 0.297 131.608
3 0 -6.797 0.297 131.608 -7.231 0.755 131.346 -9.743 0.468 134.604
3 0 -10.262 0.689 134.220 -9.743 0.468 134.604 -7.231 0.755 131.346
3 0 -7.231 0.755 131.346 -7.761 0.985 130.983 -10.262 0.689 134.220
3 0 -10.797 0.647 133.798 -10.262 0.689 134.220 -7.761 0.985 130.983
3 0 -7.761 0.985 130.983 -8.307 0.954 130.574 -10.797 0.647 133.798
3 0 -11.266 0.348 133.401 -10.797 0.647 133.798 -8.307 0.954 130.574
3 0 -8.307 0.954 130.574 -8.786 0.666 130.181 -11.266 0.348 133.401
3 0 -10.486 -1.857 128.590 -12.934 -2.217 131.845 -13.359 -1.766 131.558
3 0 -13.359 -1.766 131.558 -10.919 -1.399 128.328 -10.486 -1.857 128.590
3 0 -9.955 -2.088 128.954 -12.415 -2.438 132.229 -12.934 -2.217 131.845
3 0 -12.934 -2.217 131.845 -10.486 -1.857 128.590 -9.955 -2.088 128.954
3 0 -9.410 -2.056 129.363 -11.880 -2.396 132.651 -12.415 -2.438 132.229
3 0 -12.415 -2.438 132.229 -9.955 -2.088 128.954 -9.410 -2.056 129.363
3 0 -8.931 -1.768 129.755 -11.410 -2.097 133.048 -11.880 -2.396 132.651
3 0 -11.880 -2.396 132.651 -9.410 -2.056 129.363 -8.931 -1.768 129.755
3 0 -9.220 1.123 129.919 -11.691 0.799 133.114 -11.266 0.348 133.401
3 0 -11.266 0.348 133.401 -8.786 0.666 130.181 -9.220 1.123 129.919
3 0 -9.750 1.354 129.556 -12.210 1.020 132.730 -11.691 0.799 133.114
3 0 -11.691 0.799 133.114 -9.220 1.123 129.919 -9.750 1.354 129.556
3 0 -10.296 1.323 129.147 -12.745 0.978 132.307 -12.210 1.020 132.730
3 0 -12.210 1.020 132.730 -9.750 1.354 129.556 -10.296 1.323 129.147
3 0 -10.774 1.034 128.754 -13.214 0.679 131.911 -12.745 0.978 132.307
3 0 -12.745 0.978 132.307 -10.296 1.323 129.147 -10.774 1.034 128.754
3 0 -12.473 -1.488 127.164 -14.882 -1.886 130.356 -15.306 -1.435 130.068
3 0 -15.306 -1.435 130.068 -12.907 -1.031 126.902 -12.473 -1.488 127.164
3 0 -11.943 -1.719 127.527 -14.362 -2.107 130.740 -14.882 -1.886 130.356
3 0 -14.882 -1.886 130.356 -12.473 -1.488 127.164 -11.943 -1.719 127.527
3 0 -11.397 -1.688 127.936 -13.827 -2.065 131.162 -14.362 -2.107 130.740
3 0 -14.362 -2.107 130.740 -11.943 -1.719 127.527 -11.397 -1.688 127.936
3 0 -10.919 -1.399 128.328 -13.359 -1.766 131.558 -13.827 -2.065 131.162
3 0 -13.827 -2.065 131.162 -11.397 -1.688 127.936 -10.919 -1.399 128.328
3 0 -11.207 1.492 128.493 -13.638 1.130 131.624 -13.214 0.679 131.911
3 0 -13.214 0.679 131.911 -10.774 1.034 128.754 -11.207 1.492 128.493
3 0 -11.737 1.722 128.130 -14.158 1.351 131.240 -13.638 1.130 131.624
3 0 -13.638 1.130 131.624 -11.207 1.492 128.493 -11.737 1.722 128.130
3 0 -12.283 1.691 127.721 -14.693 1.309 130.818 -14.158 1.351 131.240
3 0 -14.158 1.351 131.240 -11.737 1.722 128.130 -12.283 1.691 127.721
3 0 -12.762 1.403 127.328 -15.162 1.010 130.422 -14.693 1.309 130.818
3 0 -14.693 1.309 130.818 -12.283 1.691 127.721 -12.762 1.403 127.328
3 0 -15.587 1.461 130.134 -15.162 1.010 130.422 -12.762 1.403 127.328
3 0 -12.762 1.403 127.328 -13.195 1.860 127.066 -15.587 1.461 130.134
3 0 -16.106 1.682 129.750 -15.587 1.461 130.134 -13.195 1.860 127.066
3 0 -13.195 1.860 127.066 -13.726 2.091 126.703 -16.106 1.682 129.750
3 0 -16.641 1.640 129.328 -16.106 1.682 129.750 -13.726 2.091 126.703
3 0 -13.726 2.091 126.703 -14.271 2.060 126.294 -16.641 1.640 129.328
3 0 -17.110 1.341 128.932 -16.641 1.640 129.328 -14.271 2.060 126.294
3 0 -14.271 2.060 126.294 -14.750 1.771 125.901 -17.110 1.341 128.932
3 0 -17.442 0.830 128.622 -17.110 1.341 128.932 -14.750 1.771 125.901
3 0 -14.750 1.771 125.901 -15.088 1.270 125.584 -17.442 0.830 128.622
3 0 -17.586 0.187 128.446 -17.442 0.830 128.622 -15.088 1.270 125.584
3 0 -15.088 1.270 125.584 -15.234 0.631 125.392 -17.586 0.187 128.446
3 0 -17.520 -0.493 128.431 -17.586 0.187 128.446 -15.234 0.631 125.392
3 0 -15.234 0.631 125.392 -15.167 -0.048 125.354 -17.520 -0.493 128.431
3 0 -17.255 -1.105 128.578 -17.520 -0.493 128.431 -15.167 -0.048 125.354
3 0 -15.167 -0.048 125.354 -14.895 -0.662 125.475 -17.255 -1.105 128.578
3 0 -16.830 -1.555 128.866 -17.255 -1.105 128.578 -14.895 -0.662 125.475
3 0 -14.895 -0.662 125.475 -14.461 -1.120 125.737 -16.830 -1.555 128.866
3 0 -16.310 -1.776 129.250 -16.830 -1.555 128.866 -14.461 -1.120 125.737
3 0 -14.461 -1.120 125.737 -13.931 -1.351 126.100 -16.310 -1.776 129.250
3 0 -15.775 -1.734 129.672 -16.310 -1.776 129.250 -13.931 -1.351 126.100
3 0 -13.931 -1.351 126.100 -13.385 -1.319 126.509 -15.775 -1.734 129.672
3 0 -15.306 -1.435 130.068 -15.775 -1.734 129.672 -13.385 -1.319 126.509
3 0 -13.385 -1.319 126.509 -12.907 -1.031 126.902 -15.306 -1.435 130.068
3 0 -13.534 -2.767 136.580 -13.953 -2.325 136.272 -11.410 -2.097 133.048
3 0 -11.410 -2.097 133.048 -10.986 -2.548 133.335 -13.534 -2.767 136.580
3 0 -13.023 -2.978 136.981 -13.534 -2.767 136.580 -10.986 -2.548 133.335
3 0 -10.986 -2.548 133.335 -10.466 -2.769 133.719 -13.023 -2.978 136.981
3 0 -12.497 -2.925 137.413 -13.023 -2.978 136.981 -10.466 -2.769 133.719
3 0 -10.466 -2.769 133.719 -9.931 -2.727 134.142 -12.497 -2.925 137.413
3 0 -12.036 -2.615 137.810 -12.497 -2.925 137.413 -9.931 -2.727 134.142
3 0 -9.931 -2.727 134.142 -9.462 -2.428 134.538 -12.036 -2.615 137.810
3 0 -11.710 -2.097 138.112 -12.036 -2.615 137.810 -9.462 -2.428 134.538
3 0 -9.462 -2.428 134.538 -9.130 -1.917 134.847 -11.710 -2.097 138.112
3 0 -11.569 -1.448 138.274 -11.710 -2.097 138.112 -9.130 -1.917 134.847
3 0 -9.130 -1.917 134.847 -8.987 -1.274 135.023 -11.569 -1.448 138.274
3 0 -11.635 -0.769 138.269 -11.569 -1.448 138.274 -8.987 -1.274 135.023
3 0 -8.987 -1.274 135.023 -9.052 -0.594 135.039 -11.635 -0.769 138.269
3 0 -11.897 -0.161 138.100 -11.635 -0.769 138.269 -9.052 -0.594 135.039
3 0 -9.052 -0.594 135.039 -9.318 0.018 134.891 -11.897 -0.161 138.100
3 0 -12.315 0.282 137.792 -11.897 -0.161 138.100 -9.318 0.018 134.891
3 0 -9.318 0.018 134.891 -9.743 0.468 134.604 -12.315 0.282 137.792
3 0 -12.827 0.492 137.391 -12.315 0.282 137.792 -9.743 0.468 134.604
3 0 -9.743 0.468 134.604 -10.262 0.689 134.220 -12.827 0.492 137.391
3 0 -13.353 0.439 136.960 -12.827 0.492 137.391 -10.262 0.689 134.220
3 0 -10.262 0.689 134.220 -10.797 0.647 133.798 -13.353 0.439 136.960
3 0 -13.814 0.129 136.562 -13.353 0.439 136.960 -10.797 0.647 133.798
3 0 -10.797 0.647 133.798 -11.266 0.348 133.401 -13.814 0.129 136.562
3 0 -12.934 -2.217 131.845 -15.451 -2.477 135.042 -15.870 -2.034 134.734
3 0 -15.870 -2.034 134.734 -13.359 -1.766 131.558 -12.934 -2.217 131.845
3 0 -12.415 -2.438 132.229 -14.940 -2.688 135.443 -15.451 -2.477 135.042
3 0 -15.451 -2.477 135.042 -12.934 -2.217 131.845 -12.415 -2.438 132.229
3 0 -11.880 -2.396 132.651 -14.414 -2.634 135.875 -14.940 -2.688 135.443
3 0 -14.940 -2.688 135.443 -12.415 -2.438 132.229 -11.880 -2.396 132.651
3 0 -11.410 -2.097 133.048 -13.953 -2.325 136.272 -14.414 -2.634 135.875
3 0 -14.414 -2.634 135.875 -11.880 -2.396 132.651 -11.410 -2.097 133.048
3 0 -11.691 0.799 133.114 -14.233 0.572 136.254 -13.814 0.129 136.562
3 0 -13.814 0.129 136.562 -11.266 0.348 133.401 -11.691 0.799 133.114
3 0 -12.210 1.020 132.730 -14.744 0.783 135.853 -14.233 0.572 136.254
3 0 -14.233 0.572 136.254 -11.691 0.799 133.114 -12.210 1.020 132.730
3 0 -12.745 0.978 132.307 -15.270 0.729 135.422 -14.744 0.783 135.853
3 0 -14.744 0.783 135.853 -12.210 1.020 132.730 -12.745 0.978 132.307
3 0 -13.214 0.679 131.911 -15.731 0.420 135.024 -15.270 0.729 135.422
3 0 -15.270 0.729 135.422 -12.745 0.978 132.307 -13.214 0.679 131.911
3 0 -14.882 -1.886 130.356 -17.368 -2.187 133.505 -17.786 -1.744 133.197
3 0 -17.786 -1.744 133.197 -15.306 -1.435 130.068 -14.882 -1.886 130.356
3 0 -14.362 -2.107 130.740 -16.857 -2.397 133.905 -17.368 -2.187 133.505
3 0 -17.368 -2.187 133.505 -14.882 -1.886 130.356 -14.362 -2.107 130.740
3 0 -13.827 -2.065 131.162 -16.330 -2.344 134.337 -16.857 -2.397 133.905
3 0 -16.857 -2.397 133.905 -14.362 -2.107 130.740 -13.827 -2.065 131.162
3 0 -13.359 -1.766 131.558 -15.870 -2.034 134.734 -16.330 -2.344 134.337
3 0 -16.330 -2.344 134.337 -13.827 -2.065 131.162 -13.359 -1.766 131.558
3 0 -13.638 1.130 131.624 -16.149 0.862 134.717 -15.731 0.420 135.024
3 0 -15.731 0.420 135.024 -13.214 0.679 131.911 -13.638 1.130 131.624
3 0 -14.158 1.351 131.240 -16.660 1.073 134.316 -16.149 0.862 134.717
3 0 -16.149 0.862 134.717 -13.638 1.130 131.624 -14.158 1.351 131.240
3 0 -14.693 1.309 130.818 -17.187 1.019 133.884 -16.660 1.073 134.316
3 0 -16.660 1.073 134.316 -14.158 1.351 131.240 -14.693 1.309 130.818
3 0 -15.162 1.010 130.422 -17.648 0.710 133.487 -17.187 1.019 133.884
3 0 -17.187 1.019 133.884 -14.693 1.309 130.818 -15.162 1.010 130.422
3 0 -18.066 1.153 133.179 -17.648 0.710 133.487 -15.162 1.010 130.422
3 0 -15.162 1.010 130.422 -15.587 1.461 130.134 -18.066 1.153 133.179
3 0 -18.578 1.363 132.778 -18.066 1.153 133.179 -15.587 1.461 130.134
3 0 -15.587 1.461 130.134 -16.106 1.682 129.750 -18.578 1.363 132.778
3 0 -19.104 1.310 132.346 -18.578 1.363 132.778 -16.106 1.682 129.750
3 0 -16.106 1.682 129.750 -16.641 1.640 129.328 -19.104 1.310 132.346
3 0 -19.565 1.000 131.949 -19.104 1.310 132.346 -16.641 1.640 129.328
3 0 -16.641 1.640 129.328 -17.110 1.341 128.932 -19.565 1.000 131.949
3 0 -19.891 0.482 131.647 -19.565 1.000 131.949 -17.110 1.341 128.932
3 0 -17.110 1.341 128.932 -17.442 0.830 128.622 -19.891 0.482 131.647
3 0 -20.031 -0.167 131.485 -19.891 0.482 131.647 -17.442 0.830 128.622
3 0 -17.442 0.830 128.622 -17.586 0.187 128.446 -20.031 -0.167 131.485
3 0 -19.966 -0.846 131.490 -20.031 -0.167 131.485 -17.586 0.187 128.446
3 0 -17.586 0.187 128.446 -17.520 -0.493 128.431 -19.966 -0.846 131.490
3 0 -19.704 -1.454 131.659 -19.966 -0.846 131.490 -17.520 -0.493 128.431
3 0 -17.520 -0.493 128.431 -17.255 -1.105 128.578 -19.704 -1.454 131.659
3 0 -19.285 -1.896 131.967 -19.704 -1.454 131.659 -17.255 -1.105 128.578
3 0 -17.255 -1.105 128.578 -16.830 -1.555 128.866 -19.285 -1.896 131.967
3 0 -18.774 -2.107 132.367 -19.285 -1.896 131.967 -16.830 -1.555 128.866
3 0 -16.830 -1.555 128.866 -16.310 -1.776 129.250 -18.774 -2.107 132.367
3 0 -18.248 -2.053 132.799 -18.774 -2.107 132.367 -16.310 -1.776 129.250
3 0 -16.310 -1.776 129.250 -15.775 -1.734 129.672 -18.248 -2.053 132.799
3 0 -17.786 -1.744 133.197 -18.248 -2.053 132.799 -15.775 -1.734 129.672
3 0 -15.775 -1.734 129.672 -15.306 -1.435 130.068 -17.786 -1.744 133.197
3 0 -16.130 -2.909 139.774 -16.544 -2.474 139.447 -13.953 -2.325 136.272
3 0 -13.953 -2.325 136.272 -13.534 -2.767 136.580 -16.130 -2.909 139.774
3 0 -15.626 -3.108 140.188 -16.130 -2.909 139.774 -13.534 -2.767 136.580
3 0 -13.534 -2.767 136.580 -13.023 -2.978 136.981 -15.626 -3.108 140.188
3 0 -15.107 -3.043 140.628 -15.626 -3.108 140.188 -13.023 -2.978 136.981
3 0 -13.023 -2.978 136.981 -12.497 -2.925 137.413 -15.107 -3.043 140.628
3 0 -14.653 -2.723 141.025 -15.107 -3.043 140.628 -12.497 -2.925 137.413
3 0 -12.497 -2.925 137.413 -12.036 -2.615 137.810 -14.653 -2.723 141.025
3 0 -14.334 -2.196 141.320 -14.653 -2.723 141.025 -12.036 -2.615 137.810
3 0 -12.036 -2.615 137.810 -11.710 -2.097 138.112 -14.334 -2.196 141.320
3 0 -14.196 -1.544 141.467 -14.334 -2.196 141.320 -11.710 -2.097 138.112
3 0 -11.710 -2.097 138.112 -11.569 -1.448 138.274 -14.196 -1.544 141.467
3 0 -14.263 -0.865 141.444 -14.196 -1.544 141.467 -11.569 -1.448 138.274
3 0 -11.569 -1.448 138.274 -11.635 -0.769 138.269 -14.263 -0.865 141.444
3 0 -14.523 -0.262 141.255 -14.263 -0.865 141.444 -11.635 -0.769 138.269
3 0 -11.635 -0.769 138.269 -11.897 -0.161 138.100 -14.523 -0.262 141.255
3 0 -14.936 0.172 140.929 -14.523 -0.262 141.255 -11.897 -0.161 138.100
3 0 -11.897 -0.161 138.100 -12.315 0.282 137.792 -14.936 0.172 140.929
3 0 -15.441 0.372 140.514 -14.936 0.172 140.929 -12.315 0.282 137.792
3 0 -12.315 0.282 137.792 -12.827 0.492 137.391 -15.441 0.372 140.514
3 0 -15.959 0.306 140.075 -15.441 0.372 140.514 -12.827 0.492 137.391
3 0 -12.827 0.492 137.391 -13.353 0.439 136.960 -15.959 0.306 140.075
3 0 -16.413 -0.014 139.678 -15.959 0.306 140.075 -13.353 0.439 136.960
3 0 -13.353 0.439 136.960 -13.814 0.129 136.562 -16.413 -0.014 139.678
3 0 -15.451 -2.477 135.042 -18.021 -2.660 138.196 -18.435 -2.226 137.870
3 0 -18.435 -2.226 137.870 -15.870 -2.034 134.734 -15.451 -2.477 135.042
3 0 -14.940 -2.688 135.443 -17.517 -2.860 138.611 -18.021 -2.660 138.196
3 0 -18.021 -2.660 138.196 -15.451 -2.477 135.042 -14.940 -2.688 135.443
3 0 -14.414 -2.634 135.875 -16.998 -2.795 139.050 -17.517 -2.860 138.611
3 0 -17.517 -2.860 138.611 -14.940 -2.688 135.443 -14.414 -2.634 135.875
3 0 -13.953 -2.325 136.272 -16.544 -2.474 139.447 -16.998 -2.795 139.050
3 0 -16.998 -2.795 139.050 -14.414 -2.634 135.875 -13.953 -2.325 136.272
3 0 -14.233 0.572 136.254 -16.827 0.420 139.351 -16.413 -0.014 139.678
3 0 -16.413 -0.014 139.678 -13.814 0.129 136.562 -14.233 0.572 136.254
3 0 -14.744 0.783 135.853 -17.331 0.620 138.936 -16.827 0.420 139.351
3 0 -16.827 0.420 139.351 -14.233 0.572 136.254 -14.744 0.783 135.853
3 0 -15.270 0.729 135.422 -17.850 0.555 138.497 -17.331 0.620 138.936
3 0 -17.331 0.620 138.936 -14.744 0.783 135.853 -15.270 0.729 135.422
3 0 -15.731 0.420 135.024 -18.304 0.234 138.100 -17.850 0.555 138.497
3 0 -17.850 0.555 138.497 -15.270 0.729 135.422 -15.731 0.420 135.024
3 0 -17.368 -2.187 133.505 -19.911 -2.412 136.619 -20.325 -1.978 136.293
3 0 -20.325 -1.978 136.293 -17.786 -1.744 133.197 -17.368 -2.187 133.505
3 0 -16.857 -2.397 133.905 -19.407 -2.612 137.034 -19.911 -2.412 136.619
3 0 -19.911 -2.412 136.619 -17.368 -2.187 133.505 -16.857 -2.397 133.905
3 0 -16.330 -2.344 134.337 -18.888 -2.547 137.473 -19.407 -2.612 137.034
3 0 -19.407 -2.612 137.034 -16.857 -2.397 133.905 -16.330 -2.344 134.337
3 0 -15.870 -2.034 134.734 -18.435 -2.226 137.870 -18.888 -2.547 137.473
3 0 -18.888 -2.547 137.473 -16.330 -2.344 134.337 -15.870 -2.034 134.734
3 0 -16.149 0.862 134.717 -18.717 0.668 137.774 -18.304 0.234 138.100
3 0 -18.304 0.234 138.100 -15.731 0.420 135.024 -16.149 0.862 134.717
3 0 -16.660 1.073 134.316 -19.221 0.868 137.359 -18.717 0.668 137.774
3 0 -18.717 0.668 137.774 -16.149 0.862 134.717 -16.660 1.073 134.316
3 0 -17.187 1.019 133.884 -19.740 0.803 136.920 -19.221 0.868 137.359
3 0 -19.221 0.868 137.359 -16.660 1.073 134.316 -17.187 1.019 133.884
3 0 -17.648 0.710 133.487 -20.194 0.483 136.523 -19.740 0.803 136.920
3 0 -19.740 0.803 136.920 -17.187 1.019 133.884 -17.648 0.710 133.487
3 0 -20.608 0.917 136.196 -20.194 0.483 136.523 -17.648 0.710 133.487
3 0 -17.648 0.710 133.487 -18.066 1.153 133.179 -20.608 0.917 136.196
3 0 -21.112 1.116 135.782 -20.608 0.917 136.196 -18.066 1.153 133.179
3 0 -18.066 1.153 133.179 -18.578 1.363 132.778 -21.112 1.116 135.782
3 0 -21.631 1.051 135.343 -21.112 1.116 135.782 -18.578 1.363 132.778
3 0 -18.578 1.363 132.778 -19.104 1.310 132.346 -21.631 1.051 135.343
3 0 -22.085 0.731 134.945 -21.631 1.051 135.343 -19.104 1.310 132.346
3 0 -19.104 1.310 132.346 -19.565 1.000 131.949 -22.085 0.731 134.945
3 0 -22.405 0.204 134.651 -22.085 0.731 134.945 -19.565 1.000 131.949
3 0 -19.565 1.000 131.949 -19.891 0.482 131.647 -22.405 0.204 134.651
3 0 -22.542 -0.448 134.503 -22.405 0.204 134.651 -19.891 0.482 131.647
3 0 -19.891 0.482 131.647 -20.031 -0.167 131.485 -22.542 -0.448 134.503
3 0 -22.475 -1.127 134.526 -22.542 -0.448 134.503 -20.031 -0.167 131.485
3 0 -20.031 -0.167 131.485 -19.966 -0.846 131.490 -22.475 -1.127 134.526
3 0 -22.216 -1.730 134.715 -22.475 -1.127 134.526 -19.966 -0.846 131.490
3 0 -19.966 -0.846 131.490 -19.704 -1.454 131.659 -22.216 -1.730 134.715
3 0 -21.802 -2.164 135.042 -22.216 -1.730 134.715 -19.704 -1.454 131.659
3 0 -19.704 -1.454 131.659 -19.285 -1.896 131.967 -21.802 -2.164 135.042
3 0 -21.297 -2.363 135.456 -21.802 -2.164 135.042 -19.285 -1.896 131.967
3 0 -19.285 -1.896 131.967 -18.774 -2.107 132.367 -21.297 -2.363 135.456
3 0 -20.779 -2.298 135.895 -21.297 -2.363 135.456 -18.774 -2.107 132.367
3 0 -18.774 -2.107 132.367 -18.248 -2.053 132.799 -20.779 -2.298 135.895
3 0 -20.325 -1.978 136.293 -20.779 -2.298 135.895 -18.248 -2.053 132.799
3 0 -18.248 -2.053 132.799 -17.786 -1.744 133.197 -20.325 -1.978 136.293
3 0 -18.772 -2.973 142.916 -19.182 -2.547 142.574 -16.544 -2.474 139.447
3 0 -16.544 -2.474 139.447 -16.130 -2.909 139.774 -18.772 -2.973 142.916
3 0 -18.273 -3.161 143.343 -18.772 -2.973 142.916 -16.130 -2.909 139.774
3 0 -16.130 -2.909 139.774 -15.626 -3.108 140.188 -18.273 -3.161 143.343
3 0 -17.761 -3.084 143.788 -18.273 -3.161 143.343 -15.626 -3.108 140.188
3 0 -15.626 -3.108 140.188 -15.107 -3.043 140.628 -17.761 -3.084 143.788
3 0 -17.314 -2.753 144.184 -17.761 -3.084 143.788 -15.107 -3.043 140.628
3 0 -15.107 -3.043 140.628 -14.653 -2.723 141.025 -17.314 -2.753 144.184
3 0 -17.000 -2.219 144.470 -17.314 -2.753 144.184 -14.653 -2.723 141.025
3 0 -14.653 -2.723 141.025 -14.334 -2.196 141.320 -17.000 -2.219 144.470
3 0 -16.867 -1.562 144.604 -17.000 -2.219 144.470 -14.334 -2.196 141.320
3 0 -14.334 -2.196 141.320 -14.196 -1.544 141.467 -16.867 -1.562 144.604
3 0 -16.934 -0.884 144.565 -16.867 -1.562 144.604 -14.196 -1.544 141.467
3 0 -14.196 -1.544 141.467 -14.263 -0.865 141.444 -16.934 -0.884 144.565
3 0 -17.193 -0.287 144.358 -16.934 -0.884 144.565 -14.263 -0.865 141.444
3 0 -14.263 -0.865 141.444 -14.523 -0.262 141.255 -17.193 -0.287 144.358
3 0 -17.603 0.138 144.015 -17.193 -0.287 144.358 -14.523 -0.262 141.255
3 0 -14.523 -0.262 141.255 -14.936 0.172 140.929 -17.603 0.138 144.015
3 0 -18.102 0.326 143.589 -17.603 0.138 144.015 -14.936 0.172 140.929
3 0 -14.936 0.172 140.929 -15.441 0.372 140.514 -18.102 0.326 143.589
3 0 -18.614 0.249 143.144 -18.102 0.326 143.589 -15.441 0.372 140.514
3 0 -15.441 0.372 140.514 -15.959 0.306 140.075 -18.614 0.249 143.144
3 0 -19.061 -0.082 142.748 -18.614 0.249 143.144 -15.959 0.306 140.075
3 0 -15.959 0.306 140.075 -16.413 -0.014 139.678 -19.061 -0.082 142.748
3 0 -18.021 -2.660 138.196 -20.641 -2.767 141.306 -21.051 -2.342 140.964
3 0 -21.051 -2.342 140.964 -18.435 -2.226 137.870 -18.021 -2.660 138.196
3 0 -17.517 -2.860 138.611 -20.142 -2.955 141.733 -20.641 -2.767 141.306
3 0 -20.641 -2.767 141.306 -18.021 -2.660 138.196 -17.517 -2.860 138.611
3 0 -16.998 -2.795 139.050 -19.629 -2.878 142.178 -20.142 -2.955 141.733
3 0 -20.142 -2.955 141.733 -17.517 -2.860 138.611 -16.998 -2.795 139.050
3 0 -16.544 -2.474 139.447 -19.182 -2.547 142.574 -19.629 -2.878 142.178
3 0 -19.629 -2.878 142.178 -16.998 -2.795 139.050 -16.544 -2.474 139.447
3 0 -16.827 0.420 139.351 -19.471 0.343 142.405 -19.061 -0.082 142.748
3 0 -19.061 -0.082 142.748 -16.413 -0.014 139.678 -16.827 0.420 139.351
3 0 -17.331 0.620 138.936 -19.970 0.532 141.979 -19.471 0.343 142.405
3 0 -19.471 0.343 142.405 -16.827 0.420 139.351 -17.331 0.620 138.936
3 0 -17.850 0.555 138.497 -20.482 0.454 141.534 -19.970 0.532 141.979
3 0 -19.970 0.532 141.979 -17.331 0.620 138.936 -17.850 0.555 138.497
3 0 -18.304 0.234 138.100 -20.930 0.124 141.138 -20.482 0.454 141.534
3 0 -20.482 0.454 141.534 -17.850 0.555 138.497 -18.304 0.234 138.100
3 0 -19.911 -2.412 136.619 -22.508 -2.562 139.697 -22.918 -2.137 139.354
3 0 -22.918 -2.137 139.354 -20.325 -1.978 136.293 -19.911 -2.412 136.619
3 0 -19.407 -2.612 137.034 -22.009 -2.750 140.123 -22.508 -2.562 139.697
3 0 -22.508 -2.562 139.697 -19.911 -2.412 136.619 -19.407 -2.612 137.034
3 0 -18.888 -2.547 137.473 -21.497 -2.673 140.568 -22.009 -2.750 140.123
3 0 -22.009 -2.750 140.123 -19.407 -2.612 137.034 -18.888 -2.547 137.473
3 0 -18.435 -2.226 137.870 -21.051 -2.342 140.964 -21.497 -2.673 140.568
3 0 -21.497 -2.673 140.568 -18.888 -2.547 137.473 -18.435 -2.226 137.870
3 0 -18.717 0.668 137.774 -21.339 0.549 140.795 -20.930 0.124 141.138
3 0 -20.930 0.124 141.138 -18.304 0.234 138.100 -18.717 0.668 137.774
3 0 -19.221 0.868 137.359 -21.838 0.737 140.369 -21.339 0.549 140.795
3 0 -21.339 0.549 140.795 -18.717 0.668 137.774 -19.221 0.868 137.359
3 0 -19.740 0.803 136.920 -22.350 0.660 139.924 -21.838 0.737 140.369
3 0 -21.838 0.737 140.369 -19.221 0.868 137.359 -19.740 0.803 136.920
3 0 -20.194 0.483 136.523 -22.797 0.329 139.528 -22.350 0.660 139.924
3 0 -22.350 0.660 139.924 -19.740 0.803 136.920 -20.194 0.483 136.523
3 0 -23.207 0.754 139.185 -22.797 0.329 139.528 -20.194 0.483 136.523
3 0 -20.194 0.483 136.523 -20.608 0.917 136.196 -23.207 0.754 139.185
3 0 -23.706 0.942 138.759 -23.207 0.754 139.185 -20.608 0.917 136.196
3 0 -20.608 0.917 136.196 -21.112 1.116 135.782 -23.706 0.942 138.759
3 0 -24.219 0.865 138.314 -23.706 0.942 138.759 -21.112 1.116 135.782
3 0 -21.112 1.116 135.782 -21.631 1.051 135.343 -24.219 0.865 138.314
3 0 -24.666 0.534 137.918 -24.219 0.865 138.314 -21.631 1.051 135.343
3 0 -21.631 1.051 135.343 -22.085 0.731 134.945 -24.666 0.534 137.918
3 0 -24.980 0.000 137.631 -24.666 0.534 137.918 -22.085 0.731 134.945
3 0 -22.085 0.731 134.945 -22.405 0.204 134.651 -24.980 0.000 137.631
3 0 -25.113 -0.656 137.498 -24.980 0.000 137.631 -22.405 0.204 134.651
3 0 -22.405 0.204 134.651 -22.542 -0.448 134.503 -25.113 -0.656 137.498
3 0 -25.045 -1.335 137.537 -25.113 -0.656 137.498 -22.542 -0.448 134.503
3 0 -22.542 -0.448 134.503 -22.475 -1.127 134.526 -25.045 -1.335 137.537
3 0 -24.787 -1.932 137.744 -25.045 -1.335 137.537 -22.475 -1.127 134.526
3 0 -22.475 -1.127 134.526 -22.216 -1.730 134.715 -24.787 -1.932 137.744
3 0 -24.377 -2.357 138.087 -24.787 -1.932 137.744 -22.216 -1.730 134.715
3 0 -22.216 -1.730 134.715 -21.802 -2.164 135.042 -24.377 -2.357 138.087
3 0 -23.878 -2.545 138.513 -24.377 -2.357 138.087 -21.802 -2.164 135.042
3 0 -21.802 -2.164 135.042 -21.297 -2.363 135.456 -23.878 -2.545 138.513
3 0 -23.366 -2.468 138.958 -23.878 -2.545 138.513 -21.297 -2.363 135.456
3 0 -21.297 -2.363 135.456 -20.779 -2.298 135.895 -23.366 -2.468 138.958
3 0 -22.918 -2.137 139.354 -23.366 -2.468 138.958 -20.779 -2.298 135.895
3 0 -20.779 -2.298 135.895 -20.325 -1.978 136.293 -22.918 -2.137 139.354
3 0 -21.451 -2.978 146.028 -21.857 -2.563 145.670 -19.182 -2.547 142.574
3 0 -19.182 -2.547 142.574 -18.772 -2.973 142.916 -21.451 -2.978 146.028
3 0 -20.957 -3.155 146.466 -21.451 -2.978 146.028 -18.772 -2.973 142.916
3 0 -18.772 -2.973 142.916 -18.273 -3.161 143.343 -20.957 -3.155 146.466
3 0 -20.452 -3.065 146.916 -20.957 -3.155 146.466 -18.273 -3.161 143.343
3 0 -18.273 -3.161 143.343 -17.761 -3.084 143.788 -20.452 -3.065 146.916
3 0 -20.011 -2.724 147.310 -20.452 -3.065 146.916 -17.761 -3.084 143.788
3 0 -17.761 -3.084 143.788 -17.314 -2.753 144.184 -20.011 -2.724 147.310
3 0 -19.702 -2.182 147.588 -20.011 -2.724 147.310 -17.314 -2.753 144.184
3 0 -17.314 -2.753 144.184 -17.000 -2.219 144.470 -19.702 -2.182 147.588
3 0 -19.573 -1.522 147.708 -19.702 -2.182 147.588 -17.000 -2.219 144.470
3 0 -17.000 -2.219 144.470 -16.867 -1.562 144.604 -19.573 -1.522 147.708
3 0 -19.641 -0.845 147.651 -19.573 -1.522 147.708 -16.867 -1.562 144.604
3 0 -16.867 -1.562 144.604 -16.934 -0.884 144.565 -19.641 -0.845 147.651
3 0 -19.899 -0.254 147.426 -19.641 -0.845 147.651 -16.934 -0.884 144.565
3 0 -16.934 -0.884 144.565 -17.193 -0.287 144.358 -19.899 -0.254 147.426
3 0 -20.305 0.161 147.067 -19.899 -0.254 147.426 -17.193 -0.287 144.358
3 0 -17.193 -0.287 144.358 -17.603 0.138 144.015 -20.305 0.161 147.067
3 0 -20.798 0.338 146.629 -20.305 0.161 147.067 -17.603 0.138 144.015
3 0 -17.603 0.138 144.015 -18.102 0.326 143.589 -20.798 0.338 146.629
3 0 -21.304 0.248 146.179 -20.798 0.338 146.629 -18.102 0.326 143.589
3 0 -18.102 0.326 143.589 -18.614 0.249 143.144 -21.304 0.248 146.179
3 0 -21.745 -0.093 145.785 -21.304 0.248 146.179 -18.614 0.249 143.144
3 0 -18.614 0.249 143.144 -19.061 -0.082 142.748 -21.745 -0.093 145.785
3 0 -20.641 -2.767 141.306 -23.297 -2.818 144.388 -23.703 -2.402 144.029
3 0 -23.703 -2.402 144.029 -21.051 -2.342 140.964 -20.641 -2.767 141.306
3 0 -20.142 -2.955 141.733 -22.803 -2.994 144.825 -23.297 -2.818 144.388
3 0 -23.297 -2.818 144.388 -20.641 -2.767 141.306 -20.142 -2.955 141.733
3 0 -19.629 -2.878 142.178 -22.298 -2.905 145.276 -22.803 -2.994 144.825
3 0 -22.803 -2.994 144.825 -20.142 -2.955 141.733 -19.629 -2.878 142.178
3 0 -19.182 -2.547 142.574 -21.857 -2.563 145.670 -22.298 -2.905 145.276
3 0 -22.298 -2.905 145.276 -19.629 -2.878 142.178 -19.182 -2.547 142.574
3 0 -19.471 0.343 142.405 -22.151 0.322 145.426 -21.745 -0.093 145.785
3 0 -21.745 -0.093 145.785 -19.061 -0.082 142.748 -19.471 0.343 142.405
3 0 -19.970 0.532 141.979 -22.644 0.498 144.988 -22.151 0.322 145.426
3 0 -22.151 0.322 145.426 -19.471 0.343 142.405 -19.970 0.532 141.979
3 0 -20.482 0.454 141.534 -23.150 0.409 144.538 -22.644 0.498 144.988
3 0 -22.644 0.498 144.988 -19.970 0.532 141.979 -20.482 0.454 141.534
3 0 -20.930 0.124 141.138 -23.591 0.067 144.144 -23.150 0.409 144.538
3 0 -23.150 0.409 144.538 -20.482 0.454 141.534 -20.930 0.124 141.138
3 0 -22.508 -2.562 139.697 -25.142 -2.657 142.748 -25.548 -2.242 142.389
3 0 -25.548 -2.242 142.389 -22.918 -2.137 139.354 -22.508 -2.562 139.697
3 0 -22.009 -2.750 140.123 -24.649 -2.834 143.185 -25.142 -2.657 142.748
3 0 -25.142 -2.657 142.748 -22.508 -2.562 139.697 -22.009 -2.750 140.123
3 0 -21.497 -2.673 140.568 -24.143 -2.744 143.636 -24.649 -2.834 143.185
3 0 -24.649 -2.834 143.185 -22.009 -2.750 140.123 -21.497 -2.673 140.568
3 0 -21.051 -2.342 140.964 -23.703 -2.402 144.029 -24.143 -2.744 143.636
3 0 -24.143 -2.744 143.636 -21.497 -2.673 140.568 -21.051 -2.342 140.964
3 0 -21.339 0.549 140.795 -23.996 0.482 143.786 -23.591 0.067 144.144
3 0 -23.591 0.067 144.144 -20.930 0.124 141.138 -21.339 0.549 140.795
3 0 -21.838 0.737 140.369 -24.490 0.659 143.348 -23.996 0.482 143.786
3 0 -23.996 0.482 143.786 -21.339 0.549 140.795 -21.838 0.737 140.369
3 0 -22.350 0.660 139.924 -24.995 0.569 142.898 -24.490 0.659 143.348
3 0 -24.490 0.659 143.348 -21.838 0.737 140.369 -22.350 0.660 139.924
3 0 -22.797 0.329 139.528 -25.436 0.228 142.504 -24.995 0.569 142.898
3 0 -24.995 0.569 142.898 -22.350 0.660 139.924 -22.797 0.329 139.528
3 0 -25.842 0.643 142.146 -25.436 0.228 142.504 -22.797 0.329 139.528
3 0 -22.797 0.329 139.528 -23.207 0.754 139.185 -25.842 0.643 142.146
3 0 -26.336 0.819 141.708 -25.842 0.643 142.146 -23.207 0.754 139.185
3 0 -23.207 0.754 139.185 -23.706 0.942 138.759 -26.336 0.819 141.708
3 0 -26.841 0.730 141.258 -26.336 0.819 141.708 -23.706 0.942 138.759
3 0 -23.706 0.942 138.759 -24.219 0.865 138.314 -26.841 0.730 141.258
3 0 -27.282 0.388 140.864 -26.841 0.730 141.258 -24.219 0.865 138.314
3 0 -24.219 0.865 138.314 -24.666 0.534 137.918 -27.282 0.388 140.864
3 0 -27.591 -0.154 140.586 -27.282 0.388 140.864 -24.666 0.534 137.918
3 0 -24.666 0.534 137.918 -24.980 0.000 137.631 -27.591 -0.154 140.586
3 0 -27.721 -0.813 140.466 -27.591 -0.154 140.586 -24.980 0.000 137.631
3 0 -24.980 0.000 137.631 -25.113 -0.656 137.498 -27.721 -0.813 140.466
3 0 -27.652 -1.490 140.523 -27.721 -0.813 140.466 -25.113 -0.656 137.498
3 0 -25.113 -0.656 137.498 -25.045 -1.335 137.537 -27.652 -1.490 140.523
3 0 -27.395 -2.081 140.748 -27.652 -1.490 140.523 -25.045 -1.335 137.537
3 0 -25.045 -1.335 137.537 -24.787 -1.932 137.744 -27.395 -2.081 140.748
3 0 -26.988 -2.497 141.107 -27.395 -2.081 140.748 -24.787 -1.932 137.744
3 0 -24.787 -1.932 137.744 -24.377 -2.357 138.087 -26.988 -2.497 141.107
3 0 -26.495 -2.673 141.545 -26.988 -2.497 141.107 -24.377 -2.357 138.087
3 0 -24.377 -2.357 138.087 -23.878 -2.545 138.513 -26.495 -2.673 141.545
3 0 -25.989 -2.584 141.995 -26.495 -2.673 141.545 -23.878 -2.545 138.513
3 0 -23.878 -2.545 138.513 -23.366 -2.468 138.958 -25.989 -2.584 141.995
3 0 -25.548 -2.242 142.389 -25.989 -2.584 141.995 -23.366 -2.468 138.958
3 0 -23.366 -2.468 138.958 -22.918 -2.137 139.354 -25.548 -2.242 142.389
3 0 -26.882 -2.857 152.108 -27.285 -2.457 151.730 -21.857 -2.563 145.670
3 0 -21.857 -2.563 145.670 -21.451 -2.978 146.028 -26.882 -2.857 152.108
3 0 -26.394 -3.016 152.559 -26.882 -2.857 152.108 -21.451 -2.978 146.028
3 0 -21.451 -2.978 146.028 -20.957 -3.155 146.466 -26.394 -3.016 152.559
3 0 -25.897 -2.908 153.014 -26.394 -3.016 152.559 -20.957 -3.155 146.466
3 0 -20.957 -3.155 146.466 -20.452 -3.065 146.916 -25.897 -2.908 153.014
3 0 -25.464 -2.551 153.404 -25.897 -2.908 153.014 -20.452 -3.065 146.916
3 0 -20.452 -3.065 146.916 -20.011 -2.724 147.310 -25.464 -2.551 153.404
3 0 -25.164 -1.998 153.668 -25.464 -2.551 153.404 -20.011 -2.724 147.310
3 0 -20.011 -2.724 147.310 -19.702 -2.182 147.588 -25.164 -1.998 153.668
3 0 -25.040 -1.334 153.768 -25.164 -1.998 153.668 -19.702 -2.182 147.588
3 0 -19.702 -2.182 147.588 -19.573 -1.522 147.708 -25.040 -1.334 153.768
3 0 -25.112 -0.660 153.687 -25.040 -1.334 153.768 -19.573 -1.522 147.708
3 0 -19.573 -1.522 147.708 -19.641 -0.845 147.651 -25.112 -0.660 153.687
3 0 -25.369 -0.078 153.439 -25.112 -0.660 153.687 -19.641 -0.845 147.651
3 0 -19.641 -0.845 147.651 -19.899 -0.254 147.426 -25.369 -0.078 153.439
3 0 -25.772 0.323 153.060 -25.369 -0.078 153.439 -19.899 -0.254 147.426
3 0 -19.899 -0.254 147.426 -20.305 0.161 147.067 -25.772 0.323 153.060
3 0 -26.259 0.481 152.609 -25.772 0.323 153.060 -20.305 0.161 147.067
3 0 -20.305 0.161 147.067 -20.798 0.338 146.629 -26.259 0.481 152.609
3 0 -26.757 0.373 152.154 -26.259 0.481 152.609 -20.798 0.338 146.629
3 0 -20.798 0.338 146.629 -21.304 0.248 146.179 -26.757 0.373 152.154
3 0 -27.189 0.016 151.765 -26.757 0.373 152.154 -21.304 0.248 146.179
3 0 -21.304 0.248 146.179 -21.745 -0.093 145.785 -27.189 0.016 151.765
3 0 -23.297 -2.818 144.388 -28.702 -2.763 150.434 -29.105 -2.363 150.056
3 0 -29.105 -2.363 150.056 -23.703 -2.402 144.029 -23.297 -2.818 144.388
3 0 -22.803 -2.994 144.825 -28.215 -2.922 150.885 -28.702 -2.763 150.434
3 0 -28.702 -2.763 150.434 -23.297 -2.818 144.388 -22.803 -2.994 144.825
3 0 -22.298 -2.905 145.276 -27.717 -2.814 151.340 -28.215 -2.922 150.885
3 0 -28.215 -2.922 150.885 -22.803 -2.994 144.825 -22.298 -2.905 145.276
3 0 -21.857 -2.563 145.670 -27.285 -2.457 151.730 -27.717 -2.814 151.340
3 0 -27.717 -2.814 151.340 -22.298 -2.905 145.276 -21.857 -2.563 145.670
3 0 -22.151 0.322 145.426 -27.593 0.417 151.386 -27.189 0.016 151.765
3 0 -27.189 0.016 151.765 -21.745 -0.093 145.785 -22.151 0.322 145.426
3 0 -22.644 0.498 144.988 -28.080 0.575 150.935 -27.593 0.417 151.386
3 0 -27.593 0.417 151.386 -22.151 0.322 145.426 -22.644 0.498 144.988
3 0 -23.150 0.409 144.538 -28.578 0.467 150.480 -28.080 0.575 150.935
3 0 -28.080 0.575 150.935 -22.644 0.498 144.988 -23.150 0.409 144.538
3 0 -23.591 0.067 144.144 -29.010 0.110 150.091 -28.578 0.467 150.480
3 0 -28.578 0.467 150.480 -23.150 0.409 144.538 -23.591 0.067 144.144
3 0 -25.142 -2.657 142.748 -30.522 -2.669 148.761 -30.925 -2.269 148.382
3 0 -30.925 -2.269 148.382 -25.548 -2.242 142.389 -25.142 -2.657 142.748
3 0 -24.649 -2.834 143.185 -30.035 -2.828 149.212 -30.522 -2.669 148.761
3 0 -30.522 -2.669 148.761 -25.142 -2.657 142.748 -24.649 -2.834 143.185
3 0 -24.143 -2.744 143.636 -29.537 -2.720 149.667 -30.035 -2.828 149.212
3 0 -30.035 -2.828 149.212 -24.649 -2.834 143.185 -24.143 -2.744 143.636
3 0 -23.703 -2.402 144.029 -29.105 -2.363 150.056 -29.537 -2.720 149.667
3 0 -29.537 -2.720 149.667 -24.143 -2.744 143.636 -23.703 -2.402 144.029
3 0 -23.996 0.482 143.786 -29.412 0.511 149.713 -29.010 0.110 150.091
3 0 -29.010 0.110 150.091 -23.591 0.067 144.144 -23.996 0.482 143.786
3 0 -24.490 0.659 143.348 -29.900 0.669 149.262 -29.412 0.511 149.713
3 0 -29.412 0.511 149.713 -23.996 0.482 143.786 -24.490 0.659 143.348
3 0 -24.995 0.569 142.898 -30.397 0.561 148.807 -29.900 0.669 149.262
3 0 -29.900 0.669 149.262 -24.490 0.659 143.348 -24.995 0.569 142.898
3 0 -25.436 0.228 142.504 -30.830 0.204 148.417 -30.397 0.561 148.807
3 0 -30.397 0.561 148.807 -24.995 0.569 142.898 -25.436 0.228 142.504
3 0 -31.233 0.605 148.039 -30.830 0.204 148.417 -25.436 0.228 142.504
3 0 -25.436 0.228 142.504 -25.842 0.643 142.146 -31.233 0.605 148.039
3 0 -31.720 0.763 147.588 -31.233 0.605 148.039 -25.842 0.643 142.146
3 0 -25.842 0.643 142.146 -26.336 0.819 141.708 -31.720 0.763 147.588
3 0 -32.218 0.656 147.133 -31.720 0.763 147.588 -26.336 0.819 141.708
3 0 -26.336 0.819 141.708 -26.841 0.730 141.258 -32.218 0.656 147.133
3 0 -32.650 0.298 146.743 -32.218 0.656 147.133 -26.841 0.730 141.258
3 0 -26.841 0.730 141.258 -27.282 0.388 140.864 -32.650 0.298 146.743
3 0 -32.951 -0.255 146.479 -32.650 0.298 146.743 -27.282 0.388 140.864
3 0 -27.282 0.388 140.864 -27.591 -0.154 140.586 -32.951 -0.255 146.479
3 0 -33.075 -0.919 146.379 -32.951 -0.255 146.479 -27.591 -0.154 140.586
3 0 -27.591 -0.154 140.586 -27.721 -0.813 140.466 -33.075 -0.919 146.379
3 0 -33.003 -1.593 146.460 -33.075 -0.919 146.379 -27.721 -0.813 140.466
3 0 -27.721 -0.813 140.466 -27.652 -1.490 140.523 -33.003 -1.593 146.460
3 0 -32.746 -2.175 146.708 -33.003 -1.593 146.460 -27.652 -1.490 140.523
3 0 -27.652 -1.490 140.523 -27.395 -2.081 140.748 -32.746 -2.175 146.708
3 0 -32.343 -2.575 147.087 -32.746 -2.175 146.708 -27.395 -2.081 140.748
3 0 -27.395 -2.081 140.748 -26.988 -2.497 141.107 -32.343 -2.575 147.087
3 0 -31.855 -2.734 147.538 -32.343 -2.575 147.087 -26.988 -2.497 141.107
3 0 -26.988 -2.497 141.107 -26.495 -2.673 141.545 -31.855 -2.734 147.538
3 0 -31.357 -2.626 147.993 -31.855 -2.734 147.538 -26.495 -2.673 141.545
3 0 -26.495 -2.673 141.545 -25.989 -2.584 141.995 -31.357 -2.626 147.993
3 0 -30.925 -2.269 148.382 -31.357 -2.626 147.993 -25.989 -2.584 141.995
3 0 -25.989 -2.584 141.995 -25.548 -2.242 142.389 -30.925 -2.269 148.382
3 0 -32.396 -2.542 158.098 -32.798 -2.161 157.699 -27.285 -2.457 151.730
3 0 -27.285 -2.457 151.730 -26.882 -2.857 152.108 -32.396 -2.542 158.098
3 0 -31.913 -2.678 158.562 -32.396 -2.542 158.098 -26.882 -2.857 152.108
3 0 -26.882 -2.857 152.108 -26.394 -3.016 152.559 -31.913 -2.678 158.562
3 0 -31.423 -2.547 159.019 -31.913 -2.678 158.562 -26.394 -3.016 152.559
3 0 -26.394 -3.016 152.559 -25.897 -2.908 153.014 -31.423 -2.547 159.019
3 0 -31.000 -2.169 159.400 -31.423 -2.547 159.019 -25.897 -2.908 153.014
3 0 -25.897 -2.908 153.014 -25.464 -2.551 153.404 -31.000 -2.169 159.400
3 0 -30.710 -1.603 159.648 -31.000 -2.169 159.400 -25.464 -2.551 153.404
3 0 -25.464 -2.551 153.404 -25.164 -1.998 153.668 -30.710 -1.603 159.648
3 0 -30.595 -0.934 159.724 -30.710 -1.603 159.648 -25.164 -1.998 153.668
3 0 -25.164 -1.998 153.668 -25.040 -1.334 153.768 -30.595 -0.934 159.724
3 0 -30.674 -0.265 159.616 -30.595 -0.934 159.724 -25.040 -1.334 153.768
3 0 -25.040 -1.334 153.768 -25.112 -0.660 153.687 -30.674 -0.265 159.616
3 0 -30.935 0.304 159.342 -30.674 -0.265 159.616 -25.112 -0.660 153.687
3 0 -25.112 -0.660 153.687 -25.369 -0.078 153.439 -30.935 0.304 159.342
3 0 -31.337 0.685 158.943 -30.935 0.304 159.342 -25.369 -0.078 153.439
3 0 -25.369 -0.078 153.439 -25.772 0.323 153.060 -31.337 0.685 158.943
3 0 -31.820 0.820 158.480 -31.337 0.685 158.943 -25.772 0.323 153.060
3 0 -25.772 0.323 153.060 -26.259 0.481 152.609 -31.820 0.820 158.480
3 0 -32.310 0.689 158.023 -31.820 0.820 158.480 -26.259 0.481 152.609
3 0 -26.259 0.481 152.609 -26.757 0.373 152.154 -32.310 0.689 158.023
3 0 -32.732 0.312 157.642 -32.310 0.689 158.023 -26.757 0.373 152.154
3 0 -26.757 0.373 152.154 -27.189 0.016 151.765 -32.732 0.312 157.642
3 0 -28.702 -2.763 150.434 -34.194 -2.534 156.397 -34.596 -2.153 155.998
3 0 -34.596 -2.153 155.998 -29.105 -2.363 150.056 -28.702 -2.763 150.434
3 0 -28.215 -2.922 150.885 -33.711 -2.670 156.861 -34.194 -2.534 156.397
3 0 -34.194 -2.534 156.397 -28.702 -2.763 150.434 -28.215 -2.922 150.885
3 0 -27.717 -2.814 151.340 -33.221 -2.539 157.318 -33.711 -2.670 156.861
3 0 -33.711 -2.670 156.861 -28.215 -2.922 150.885 -27.717 -2.814 151.340
3 0 -27.285 -2.457 151.730 -32.798 -2.161 157.699 -33.221 -2.539 157.318
3 0 -33.221 -2.539 157.318 -27.717 -2.814 151.340 -27.285 -2.457 151.730
3 0 -27.593 0.417 151.386 -33.135 0.693 157.242 -32.732 0.312 157.642
3 0 -32.732 0.312 157.642 -27.189 0.016 151.765 -27.593 0.417 151.386
3 0 -28.080 0.575 150.935 -33.618 0.828 156.779 -33.135 0.693 157.242
3 0 -33.135 0.693 157.242 -27.593 0.417 151.386 -28.080 0.575 150.935
3 0 -28.578 0.467 150.480 -34.108 0.697 156.322 -33.618 0.828 156.779
3 0 -33.618 0.828 156.779 -28.080 0.575 150.935 -28.578 0.467 150.480
3 0 -29.010 0.110 150.091 -34.530 0.320 155.941 -34.108 0.697 156.322
3 0 -34.108 0.697 156.322 -28.578 0.467 150.480 -29.010 0.110 150.091
3 0 -30.522 -2.669 148.761 -35.991 -2.526 154.697 -36.393 -2.145 154.298
3 0 -36.393 -2.145 154.298 -30.925 -2.269 148.382 -30.522 -2.669 148.761
3 0 -30.035 -2.828 149.212 -35.508 -2.662 155.160 -35.991 -2.526 154.697
3 0 -35.991 -2.526 154.697 -30.522 -2.669 148.761 -30.035 -2.828 149.212
3 0 -29.537 -2.720 149.667 -35.018 -2.531 155.618 -35.508 -2.662 155.160
3 0 -35.508 -2.662 155.160 -30.035 -2.828 149.212 -29.537 -2.720 149.667
3 0 -29.105 -2.363 150.056 -34.596 -2.153 155.998 -35.018 -2.531 155.618
3 0 -35.018 -2.531 155.618 -29.537 -2.720 149.667 -29.105 -2.363 150.056
3 0 -29.412 0.511 149.713 -34.932 0.701 155.542 -34.530 0.320 155.941
3 0 -34.530 0.320 155.941 -29.010 0.110 150.091 -29.412 0.511 149.713
3 0 -29.900 0.669 149.262 -35.415 0.836 155.079 -34.932 0.701 155.542
3 0 -34.932 0.701 155.542 -29.412 0.511 149.713 -29.900 0.669 149.262
3 0 -30.397 0.561 148.807 -35.905 0.705 154.622 -35.415 0.836 155.079
3 0 -35.415 0.836 155.079 -29.900 0.669 149.262 -30.397 0.561 148.807
3 0 -30.830 0.204 148.417 -36.327 0.328 154.240 -35.905 0.705 154.622
3 0 -35.905 0.705 154.622 -30.397 0.561 148.807 -30.830 0.204 148.417
3 0 -36.730 0.709 153.841 -36.327 0.328 154.240 -30.830 0.204 148.417
3 0 -30.830 0.204 148.417 -31.233 0.605 148.039 -36.730 0.709 153.841
3 0 -37.213 0.844 153.378 -36.730 0.709 153.841 -31.233 0.605 148.039
3 0 -31.233 0.605 148.039 -31.720 0.763 147.588 -37.213 0.844 153.378
3 0 -37.703 0.713 152.921 -37.213 0.844 153.378 -31.720 0.763 147.588
3 0 -31.720 0.763 147.588 -32.218 0.656 147.133 -37.703 0.713 152.921
3 0 -38.125 0.336 152.539 -37.703 0.713 152.921 -32.218 0.656 147.133
3 0 -32.218 0.656 147.133 -32.650 0.298 146.743 -38.125 0.336 152.539
3 0 -38.416 -0.230 152.292 -38.125 0.336 152.539 -32.650 0.298 146.743
3 0 -32.650 0.298 146.743 -32.951 -0.255 146.479 -38.416 -0.230 152.292
3 0 -38.530 -0.899 152.216 -38.416 -0.230 152.292 -32.951 -0.255 146.479
3 0 -32.951 -0.255 146.479 -33.075 -0.919 146.379 -38.530 -0.899 152.216
3 0 -38.451 -1.569 152.323 -38.530 -0.899 152.216 -33.075 -0.919 146.379
3 0 -33.075 -0.919 146.379 -33.003 -1.593 146.460 -38.451 -1.569 152.323
3 0 -38.191 -2.137 152.597 -38.451 -1.569 152.323 -33.003 -1.593 146.460
3 0 -33.003 -1.593 146.460 -32.746 -2.175 146.708 -38.191 -2.137 152.597
3 0 -37.788 -2.518 152.996 -38.191 -2.137 152.597 -32.746 -2.175 146.708
3 0 -32.746 -2.175 146.708 -32.343 -2.575 147.087 -37.788 -2.518 152.996
3 0 -37.305 -2.654 153.459 -37.788 -2.518 152.996 -32.343 -2.575 147.087
3 0 -32.343 -2.575 147.087 -31.855 -2.734 147.538 -37.305 -2.654 153.459
3 0 -36.816 -2.523 153.917 -37.305 -2.654 153.459 -31.855 -2.734 147.538
3 0 -31.855 -2.734 147.538 -31.357 -2.626 147.993 -36.816 -2.523 153.917
3 0 -36.393 -2.145 154.298 -36.816 -2.523 153.917 -31.357 -2.626 147.993
3 0 -31.357 -2.626 147.993 -30.925 -2.269 148.382 -36.393 -2.145 154.298
3 0 -37.630 -2.102 163.635 -38.033 -1.741 163.219 -32.798 -2.161 157.699
3 0 -32.798 -2.161 157.699 -32.396 -2.542 158.098 -37.630 -2.102 163.635
3 0 -37.150 -2.214 164.108 -37.630 -2.102 163.635 -32.396 -2.542 158.098
3 0 -32.396 -2.542 158.098 -31.913 -2.678 158.562 -37.150 -2.214 164.108
3 0 -36.667 -2.061 164.565 -37.150 -2.214 164.108 -31.913 -2.678 158.562
3 0 -31.913 -2.678 158.562 -31.423 -2.547 159.019 -36.667 -2.061 164.565
3 0 -36.253 -1.665 164.937 -36.667 -2.061 164.565 -31.423 -2.547 159.019
3 0 -31.423 -2.547 159.019 -31.000 -2.169 159.400 -36.253 -1.665 164.937
3 0 -35.972 -1.086 165.167 -36.253 -1.665 164.937 -31.000 -2.169 159.400
3 0 -31.000 -2.169 159.400 -30.710 -1.603 159.648 -35.972 -1.086 165.167
3 0 -35.867 -0.414 165.220 -35.972 -1.086 165.167 -30.710 -1.603 159.648
3 0 -30.710 -1.603 159.648 -30.595 -0.934 159.724 -35.867 -0.414 165.220
3 0 -35.954 0.251 165.088 -35.867 -0.414 165.220 -30.595 -0.934 159.724
3 0 -30.595 -0.934 159.724 -30.674 -0.265 159.616 -35.954 0.251 165.088
3 0 -36.219 0.806 164.791 -35.954 0.251 165.088 -30.674 -0.265 159.616
3 0 -30.674 -0.265 159.616 -30.935 0.304 159.342 -36.219 0.806 164.791
3 0 -36.622 1.167 164.375 -36.219 0.806 164.791 -30.935 0.304 159.342
3 0 -30.935 0.304 159.342 -31.337 0.685 158.943 -36.622 1.167 164.375
3 0 -37.102 1.279 163.902 -36.622 1.167 164.375 -31.337 0.685 158.943
3 0 -31.337 0.685 158.943 -31.820 0.820 158.480 -37.102 1.279 163.902
3 0 -37.585 1.126 163.445 -37.102 1.279 163.902 -31.820 0.820 158.480
3 0 -31.820 0.820 158.480 -32.310 0.689 158.023 -37.585 1.126 163.445
3 0 -37.999 0.729 163.074 -37.585 1.126 163.445 -32.310 0.689 158.023
3 0 -32.310 0.689 158.023 -32.732 0.312 157.642 -37.999 0.729 163.074
3 0 -34.194 -2.534 156.397 -39.410 -2.178 161.917 -39.813 -1.817 161.501
3 0 -39.813 -1.817 161.501 -34.596 -2.153 155.998 -34.194 -2.534 156.397
3 0 -33.711 -2.670 156.861 -38.930 -2.291 162.390 -39.410 -2.178 161.917
3 0 -39.410 -2.178 161.917 -34.194 -2.534 156.397 -33.711 -2.670 156.861
3 0 -33.221 -2.539 157.318 -38.447 -2.137 162.847 -38.930 -2.291 162.390
3 0 -38.930 -2.291 162.390 -33.711 -2.670 156.861 -33.221 -2.539 157.318
3 0 -32.798 -2.161 157.699 -38.033 -1.741 163.219 -38.447 -2.137 162.847
3 0 -38.447 -2.137 162.847 -33.221 -2.539 157.318 -32.798 -2.161 157.699
3 0 -33.135 0.693 157.242 -38.402 1.091 162.657 -37.999 0.729 163.074
3 0 -37.999 0.729 163.074 -32.732 0.312 157.642 -33.135 0.693 157.242
3 0 -33.618 0.828 156.779 -38.882 1.203 162.185 -38.402 1.091 162.657
3 0 -38.402 1.091 162.657 -33.135 0.693 157.242 -33.618 0.828 156.779
3 0 -34.108 0.697 156.322 -39.365 1.049 161.728 -38.882 1.203 162.185
3 0 -38.882 1.203 162.185 -33.618 0.828 156.779 -34.108 0.697 156.322
3 0 -34.530 0.320 155.941 -39.779 0.653 161.356 -39.365 1.049 161.728
3 0 -39.365 1.049 161.728 -34.108 0.697 156.322 -34.530 0.320 155.941
3 0 -35.991 -2.526 154.697 -41.190 -2.254 160.200 -41.593 -1.893 159.784
3 0 -41.593 -1.893 159.784 -36.393 -2.145 154.298 -35.991 -2.526 154.697
3 0 -35.508 -2.662 155.160 -40.710 -2.367 160.673 -41.190 -2.254 160.200
3 0 -41.190 -2.254 160.200 -35.991 -2.526 154.697 -35.508 -2.662 155.160
3 0 -35.018 -2.531 155.618 -40.226 -2.213 161.130 -40.710 -2.367 160.673
3 0 -40.710 -2.367 160.673 -35.508 -2.662 155.160 -35.018 -2.531 155.618
3 0 -34.596 -2.153 155.998 -39.813 -1.817 161.501 -40.226 -2.213 161.130
3 0 -40.226 -2.213 161.130 -35.018 -2.531 155.618 -34.596 -2.153 155.998
3 0 -34.932 0.701 155.542 -40.181 1.014 160.940 -39.779 0.653 161.356
3 0 -39.779 0.653 161.356 -34.530 0.320 155.941 -34.932 0.701 155.542
3 0 -35.415 0.836 155.079 -40.661 1.127 160.468 -40.181 1.014 160.940
3 0 -40.181 1.014 160.940 -34.932 0.701 155.542 -35.415 0.836 155.079
3 0 -35.905 0.705 154.622 -41.145 0.973 160.011 -40.661 1.127 160.468
3 0 -40.661 1.127 160.468 -35.415 0.836 155.079 -35.905 0.705 154.622
3 0 -36.327 0.328 154.240 -41.558 0.577 159.639 -41.145 0.973 160.011
3 0 -41.145 0.973 160.011 -35.905 0.705 154.622 -36.327 0.328 154.240
3 0 -41.962 0.938 159.222 -41.558 0.577 159.639 -36.327 0.328 154.240
3 0 -36.327 0.328 154.240 -36.730 0.709 153.841 -41.962 0.938 159.222
3 0 -42.442 1.051 158.750 -41.962 0.938 159.222 -36.730 0.709 153.841
3 0 -36.730 0.709 153.841 -37.213 0.844 153.378 -42.442 1.051 158.750
3 0 -42.925 0.897 158.293 -42.442 1.051 158.750 -37.213 0.844 153.378
3 0 -37.213 0.844 153.378 -37.703 0.713 152.921 -42.925 0.897 158.293
3 0 -43.339 0.501 157.921 -42.925 0.897 158.293 -37.703 0.713 152.921
3 0 -37.703 0.713 152.921 -38.125 0.336 152.539 -43.339 0.501 157.921
3 0 -43.619 -0.078 157.691 -43.339 0.501 157.921 -38.125 0.336 152.539
3 0 -38.125 0.336 152.539 -38.416 -0.230 152.292 -43.619 -0.078 157.691
3 0 -43.725 -0.750 157.638 -43.619 -0.078 157.691 -38.416 -0.230 152.292
3 0 -38.416 -0.230 152.292 -38.530 -0.899 152.216 -43.725 -0.750 157.638
3 0 -43.638 -1.414 157.770 -43.725 -0.750 157.638 -38.530 -0.899 152.216
3 0 -38.530 -0.899 152.216 -38.451 -1.569 152.323 -43.638 -1.414 157.770
3 0 -43.373 -1.969 158.066 -43.638 -1.414 157.770 -38.451 -1.569 152.323
3 0 -38.451 -1.569 152.323 -38.191 -2.137 152.597 -43.373 -1.969 158.066
3 0 -42.970 -2.331 158.483 -43.373 -1.969 158.066 -38.191 -2.137 152.597
3 0 -38.191 -2.137 152.597 -37.788 -2.518 152.996 -42.970 -2.331 158.483
3 0 -42.490 -2.443 158.955 -42.970 -2.331 158.483 -37.788 -2.518 152.996
3 0 -37.788 -2.518 152.996 -37.305 -2.654 153.459 -42.490 -2.443 158.955
3 0 -42.007 -2.289 159.412 -42.490 -2.443 158.955 -37.305 -2.654 153.459
3 0 -37.305 -2.654 153.459 -36.816 -2.523 153.917 -42.007 -2.289 159.412
3 0 -41.593 -1.893 159.784 -42.007 -2.289 159.412 -36.816 -2.523 153.917
3 0 -36.816 -2.523 153.917 -36.393 -2.145 154.298 -41.593 -1.893 159.784
3 0 -43.262 -1.517 169.465 -43.666 -1.176 169.033 -38.033 -1.741 163.219
3 0 -38.033 -1.741 163.219 -37.630 -2.102 163.635 -43.262 -1.517 169.465
3 0 -42.785 -1.606 169.945 -43.262 -1.517 169.465 -37.630 -2.102 163.635
3 0 -37.630 -2.102 163.635 -37.150 -2.214 164.108 -42.785 -1.606 169.945
3 0 -42.307 -1.431 170.400 -42.785 -1.606 169.945 -37.150 -2.214 164.108
3 0 -37.150 -2.214 164.108 -36.667 -2.061 164.565 -42.307 -1.431 170.400
3 0 -41.901 -1.017 170.760 -42.307 -1.431 170.400 -36.667 -2.061 164.565
3 0 -36.667 -2.061 164.565 -36.253 -1.665 164.937 -41.901 -1.017 170.760
3 0 -41.629 -0.427 170.972 -41.901 -1.017 170.760 -36.253 -1.665 164.937
3 0 -36.253 -1.665 164.937 -35.972 -1.086 165.167 -41.629 -0.427 170.972
3 0 -41.533 0.248 171.002 -41.629 -0.427 170.972 -35.972 -1.086 165.167
3 0 -35.972 -1.086 165.167 -35.867 -0.414 165.220 -41.533 0.248 171.002
3 0 -41.626 0.906 170.846 -41.533 0.248 171.002 -35.867 -0.414 165.220
3 0 -35.867 -0.414 165.220 -35.954 0.251 165.088 -41.626 0.906 170.846
3 0 -41.896 1.447 170.528 -41.626 0.906 170.846 -35.954 0.251 165.088
3 0 -35.954 0.251 165.088 -36.219 0.806 164.791 -41.896 1.447 170.528
3 0 -42.300 1.788 170.096 -41.896 1.447 170.528 -36.219 0.806 164.791
3 0 -36.219 0.806 164.791 -36.622 1.167 164.375 -42.300 1.788 170.096
3 0 -42.777 1.878 169.616 -42.300 1.788 170.096 -36.622 1.167 164.375
3 0 -36.622 1.167 164.375 -37.102 1.279 163.902 -42.777 1.878 169.616
3 0 -43.255 1.702 169.161 -42.777 1.878 169.616 -37.102 1.279 163.902
3 0 -37.102 1.279 163.902 -37.585 1.126 163.445 -43.255 1.702 169.161
3 0 -43.660 1.288 168.800 -43.255 1.702 169.161 -37.585 1.126 163.445
3 0 -37.585 1.126 163.445 -37.999 0.729 163.074 -43.660 1.288 168.800
3 0 -39.410 -2.178 161.917 -45.027 -1.676 167.737 -45.431 -1.335 167.305
3 0 -45.431 -1.335 167.305 -39.813 -1.817 161.501 -39.410 -2.178 161.917
3 0 -38.930 -2.291 162.390 -44.549 -1.766 168.217 -45.027 -1.676 167.737
3 0 -45.027 -1.676 167.737 -39.410 -2.178 161.917 -38.930 -2.291 162.390
3 0 -38.447 -2.137 162.847 -44.072 -1.590 168.672 -44.549 -1.766 168.217
3 0 -44.549 -1.766 168.217 -38.930 -2.291 162.390 -38.447 -2.137 162.847
3 0 -38.033 -1.741 163.219 -43.666 -1.176 169.033 -44.072 -1.590 168.672
3 0 -44.072 -1.590 168.672 -38.447 -2.137 162.847 -38.033 -1.741 163.219
3 0 -38.402 1.091 162.657 -44.064 1.629 168.368 -43.660 1.288 168.800
3 0 -43.660 1.288 168.800 -37.999 0.729 163.074 -38.402 1.091 162.657
3 0 -38.882 1.203 162.185 -44.542 1.719 167.888 -44.064 1.629 168.368
3 0 -44.064 1.629 168.368 -38.402 1.091 162.657 -38.882 1.203 162.185
3 0 -39.365 1.049 161.728 -45.019 1.543 167.433 -44.542 1.719 167.888
3 0 -44.542 1.719 167.888 -38.882 1.203 162.185 -39.365 1.049 161.728
3 0 -39.779 0.653 161.356 -45.425 1.129 167.072 -45.019 1.543 167.433
3 0 -45.019 1.543 167.433 -39.365 1.049 161.728 -39.779 0.653 161.356
3 0 -41.190 -2.254 160.200 -46.791 -1.835 166.009 -47.195 -1.494 165.577
3 0 -47.195 -1.494 165.577 -41.593 -1.893 159.784 -41.190 -2.254 160.200
3 0 -40.710 -2.367 160.673 -46.314 -1.925 166.489 -46.791 -1.835 166.009
3 0 -46.791 -1.835 166.009 -41.190 -2.254 160.200 -40.710 -2.367 160.673
3 0 -40.226 -2.213 161.130 -45.836 -1.749 166.944 -46.314 -1.925 166.489
3 0 -46.314 -1.925 166.489 -40.710 -2.367 160.673 -40.226 -2.213 161.130
3 0 -39.813 -1.817 161.501 -45.431 -1.335 167.305 -45.836 -1.749 166.944
3 0 -45.836 -1.749 166.944 -40.226 -2.213 161.130 -39.813 -1.817 161.501
3 0 -40.181 1.014 160.940 -45.828 1.470 166.640 -45.425 1.129 167.072
3 0 -45.425 1.129 167.072 -39.779 0.653 161.356 -40.181 1.014 160.940
3 0 -40.661 1.127 160.468 -46.306 1.560 166.160 -45.828 1.470 166.640
3 0 -45.828 1.470 166.640 -40.181 1.014 160.940 -40.661 1.127 160.468
3 0 -41.145 0.973 160.011 -46.783 1.384 165.705 -46.306 1.560 166.160
3 0 -46.306 1.560 166.160 -40.661 1.127 160.468 -41.145 0.973 160.011
3 0 -41.558 0.577 159.639 -47.189 0.970 165.345 -46.783 1.384 165.705
3 0 -46.783 1.384 165.705 -41.145 0.973 160.011 -41.558 0.577 159.639
3 0 -47.593 1.311 164.913 -47.189 0.970 165.345 -41.558 0.577 159.639
3 0 -41.558 0.577 159.639 -41.962 0.938 159.222 -47.593 1.311 164.913
3 0 -48.070 1.400 164.432 -47.593 1.311 164.913 -41.962 0.938 159.222
3 0 -41.962 0.938 159.222 -42.442 1.051 158.750 -48.070 1.400 164.432
3 0 -48.548 1.225 163.977 -48.070 1.400 164.432 -42.442 1.051 158.750
3 0 -42.442 1.051 158.750 -42.925 0.897 158.293 -48.548 1.225 163.977
3 0 -48.954 0.811 163.617 -48.548 1.225 163.977 -42.925 0.897 158.293
3 0 -42.925 0.897 158.293 -43.339 0.501 157.921 -48.954 0.811 163.617
3 0 -49.226 0.221 163.405 -48.954 0.811 163.617 -43.339 0.501 157.921
3 0 -43.339 0.501 157.921 -43.619 -0.078 157.691 -49.226 0.221 163.405
3 0 -49.322 -0.454 163.375 -49.226 0.221 163.405 -43.619 -0.078 157.691
3 0 -43.619 -0.078 157.691 -43.725 -0.750 157.638 -49.322 -0.454 163.375
3 0 -49.229 -1.112 163.531 -49.322 -0.454 163.375 -43.725 -0.750 157.638
3 0 -43.725 -0.750 157.638 -43.638 -1.414 157.770 -49.229 -1.112 163.531
3 0 -48.959 -1.653 163.849 -49.229 -1.112 163.531 -43.638 -1.414 157.770
3 0 -43.638 -1.414 157.770 -43.373 -1.969 158.066 -48.959 -1.653 163.849
3 0 -48.556 -1.994 164.281 -48.959 -1.653 163.849 -43.373 -1.969 158.066
3 0 -43.373 -1.969 158.066 -42.970 -2.331 158.483 -48.556 -1.994 164.281
3 0 -48.078 -2.084 164.761 -48.556 -1.994 164.281 -42.970 -2.331 158.483
3 0 -42.970 -2.331 158.483 -42.490 -2.443 158.955 -48.078 -2.084 164.761
3 0 -47.601 -1.908 165.217 -48.078 -2.084 164.761 -42.490 -2.443 158.955
3 0 -42.490 -2.443 158.955 -42.007 -2.289 159.412 -47.601 -1.908 165.217
3 0 -47.195 -1.494 165.577 -47.601 -1.908 165.217 -42.007 -2.289 159.412
3 0 -42.007 -2.289 159.412 -41.593 -1.893 159.784 -47.195 -1.494 165.577
3 0 -51.784 -0.446 178.076 -52.189 -0.129 177.628 -43.666 -1.176 169.033
3 0 -43.666 -1.176 169.033 -43.262 -1.517 169.465 -51.784 -0.446 178.076
3 0 -51.309 -0.508 178.563 -51.784 -0.446 178.076 -43.262 -1.517 169.465
3 0 -43.262 -1.517 169.465 -42.785 -1.606 169.945 -51.309 -0.508 178.563
3 0 -50.836 -0.306 179.013 -51.309 -0.508 178.563 -42.785 -1.606 169.945
3 0 -42.785 -1.606 169.945 -42.307 -1.431 170.400 -50.836 -0.306 179.013
3 0 -50.439 0.129 179.358 -50.836 -0.306 179.013 -42.307 -1.431 170.400
3 0 -42.307 -1.431 170.400 -41.901 -1.017 170.760 -50.439 0.129 179.358
3 0 -50.178 0.731 179.546 -50.439 0.129 179.358 -41.901 -1.017 170.760
3 0 -41.901 -1.017 170.760 -41.629 -0.427 170.972 -50.178 0.731 179.546
3 0 -50.091 1.409 179.548 -50.178 0.731 179.546 -41.629 -0.427 170.972
3 0 -41.629 -0.427 170.972 -41.533 0.248 171.002 -50.091 1.409 179.548
3 0 -50.193 2.058 179.364 -50.091 1.409 179.548 -41.533 0.248 171.002
3 0 -41.533 0.248 171.002 -41.626 0.906 170.846 -50.193 2.058 179.364
3 0 -50.468 2.581 179.021 -50.193 2.058 179.364 -41.626 0.906 170.846
3 0 -41.626 0.906 170.846 -41.896 1.447 170.528 -50.468 2.581 179.021
3 0 -50.874 2.897 178.572 -50.468 2.581 179.021 -41.896 1.447 170.528
3 0 -41.896 1.447 170.528 -42.300 1.788 170.096 -50.874 2.897 178.572
3 0 -51.349 2.959 178.086 -50.874 2.897 178.572 -42.300 1.788 170.096
3 0 -42.300 1.788 170.096 -42.777 1.878 169.616 -51.349 2.959 178.086
3 0 -51.821 2.758 177.636 -51.349 2.959 178.086 -42.777 1.878 169.616
3 0 -42.777 1.878 169.616 -43.255 1.702 169.161 -51.821 2.758 177.636
3 0 -52.218 2.323 177.291 -51.821 2.758 177.636 -43.255 1.702 169.161
3 0 -43.255 1.702 169.161 -43.660 1.288 168.800 -52.218 2.323 177.291
3 0 -45.027 -1.676 167.737 -53.534 -0.704 176.346 -53.940 -0.387 175.897
3 0 -53.940 -0.387 175.897 -45.431 -1.335 167.305 -45.027 -1.676 167.737
3 0 -44.549 -1.766 168.217 -53.059 -0.766 176.832 -53.534 -0.704 176.346
3 0 -53.534 -0.704 176.346 -45.027 -1.676 167.737 -44.549 -1.766 168.217
3 0 -44.072 -1.590 168.672 -52.587 -0.564 177.282 -53.059 -0.766 176.832
3 0 -53.059 -0.766 176.832 -44.549 -1.766 168.217 -44.072 -1.590 168.672
3 0 -43.666 -1.176 169.033 -52.189 -0.129 177.628 -52.587 -0.564 177.282
3 0 -52.587 -0.564 177.282 -44.072 -1.590 168.672 -43.666 -1.176 169.033
3 0 -44.064 1.629 168.368 -52.624 2.639 176.842 -52.218 2.323 177.291
3 0 -52.218 2.323 177.291 -43.660 1.288 168.800 -44.064 1.629 168.368
3 0 -44.542 1.719 167.888 -53.099 2.701 176.355 -52.624 2.639 176.842
3 0 -52.624 2.639 176.842 -44.064 1.629 168.368 -44.542 1.719 167.888
3 0 -45.019 1.543 167.433 -53.571 2.499 175.905 -53.099 2.701 176.355
3 0 -53.099 2.701 176.355 -44.542 1.719 167.888 -45.019 1.543 167.433
3 0 -45.425 1.129 167.072 -53.968 2.064 175.560 -53.571 2.499 175.905
3 0 -53.571 2.499 175.905 -45.019 1.543 167.433 -45.425 1.129 167.072
3 0 -46.791 -1.835 166.009 -55.284 -0.962 174.616 -55.689 -0.646 174.167
3 0 -55.689 -0.646 174.167 -47.195 -1.494 165.577 -46.791 -1.835 166.009
3 0 -46.314 -1.925 166.489 -54.808 -1.024 175.102 -55.284 -0.962 174.616
3 0 -55.284 -0.962 174.616 -46.791 -1.835 166.009 -46.314 -1.925 166.489
3 0 -45.836 -1.749 166.944 -54.336 -0.822 175.552 -54.808 -1.024 175.102
3 0 -54.808 -1.024 175.102 -46.314 -1.925 166.489 -45.836 -1.749 166.944
3 0 -45.431 -1.335 167.305 -53.940 -0.387 175.897 -54.336 -0.822 175.552
3 0 -54.336 -0.822 175.552 -45.836 -1.749 166.944 -45.431 -1.335 167.305
3 0 -45.828 1.470 166.640 -54.373 2.381 175.112 -53.968 2.064 175.560
3 0 -53.968 2.064 175.560 -45.425 1.129 167.072 -45.828 1.470 166.640
3 0 -46.306 1.560 166.160 -54.849 2.443 174.625 -54.373 2.381 175.112
3 0 -54.373 2.381 175.112 -45.828 1.470 166.640 -46.306 1.560 166.160
3 0 -46.783 1.384 165.705 -55.321 2.241 174.175 -54.849 2.443 174.625
3 0 -54.849 2.443 174.625 -46.306 1.560 166.160 -46.783 1.384 165.705
3 0 -47.189 0.970 165.345 -55.718 1.806 173.830 -55.321 2.241 174.175
3 0 -55.321 2.241 174.175 -46.783 1.384 165.705 -47.189 0.970 165.345
3 0 -56.124 2.123 173.381 -55.718 1.806 173.830 -47.189 0.970 165.345
3 0 -47.189 0.970 165.345 -47.593 1.311 164.913 -56.124 2.123 173.381
3 0 -56.599 2.185 172.895 -56.124 2.123 173.381 -47.593 1.311 164.913
3 0 -47.593 1.311 164.913 -48.070 1.400 164.432 -56.599 2.185 172.895
3 0 -57.071 1.983 172.444 -56.599 2.185 172.895 -48.070 1.400 164.432
3 0 -48.070 1.400 164.432 -48.548 1.225 163.977 -57.071 1.983 172.444
3 0 -57.468 1.548 172.099 -57.071 1.983 172.444 -48.548 1.225 163.977
3 0 -48.548 1.225 163.977 -48.954 0.811 163.617 -57.468 1.548 172.099
3 0 -57.730 0.946 171.911 -57.468 1.548 172.099 -48.954 0.811 163.617
3 0 -48.954 0.811 163.617 -49.226 0.221 163.405 -57.730 0.946 171.911
3 0 -57.816 0.268 171.909 -57.730 0.946 171.911 -49.226 0.221 163.405
3 0 -49.226 0.221 163.405 -49.322 -0.454 163.375 -57.816 0.268 171.909
3 0 -57.714 -0.381 172.094 -57.816 0.268 171.909 -49.322 -0.454 163.375
3 0 -49.322 -0.454 163.375 -49.229 -1.112 163.531 -57.714 -0.381 172.094
3 0 -57.440 -0.904 172.436 -57.714 -0.381 172.094 -49.229 -1.112 163.531
3 0 -49.229 -1.112 163.531 -48.959 -1.653 163.849 -57.440 -0.904 172.436
3 0 -57.034 -1.220 172.885 -57.440 -0.904 172.436 -48.959 -1.653 163.849
3 0 -48.959 -1.653 163.849 -48.556 -1.994 164.281 -57.034 -1.220 172.885
3 0 -56.559 -1.282 173.371 -57.034 -1.220 172.885 -48.556 -1.994 164.281
3 0 -48.556 -1.994 164.281 -48.078 -2.084 164.761 -56.559 -1.282 173.371
3 0 -56.087 -1.081 173.822 -56.559 -1.282 173.371 -48.078 -2.084 164.761
3 0 -48.078 -2.084 164.761 -47.601 -1.908 165.217 -56.087 -1.081 173.822
3 0 -55.689 -0.646 174.167 -56.087 -1.081 173.822 -47.601 -1.908 165.217
3 0 -47.601 -1.908 165.217 -47.195 -1.494 165.577 -55.689 -0.646 174.167
3 0 -60.360 0.899 186.586 -60.769 1.187 186.121 -52.189 -0.129 177.628
3 0 -52.189 -0.129 177.628 -51.784 -0.446 178.076 -60.360 0.899 186.586
3 0 -59.886 0.868 187.076 -60.360 0.899 186.586 -51.784 -0.446 178.076
3 0 -51.784 -0.446 178.076 -51.309 -0.508 178.563 -59.886 0.868 187.076
3 0 -59.419 1.099 187.517 -59.886 0.868 187.076 -51.309 -0.508 178.563
3 0 -51.309 -0.508 178.563 -50.836 -0.306 179.013 -59.419 1.099 187.517
3 0 -59.030 1.556 187.843 -59.419 1.099 187.517 -50.836 -0.306 179.013
3 0 -50.836 -0.306 179.013 -50.439 0.129 179.358 -59.030 1.556 187.843
3 0 -58.779 2.171 188.003 -59.030 1.556 187.843 -50.439 0.129 179.358
3 0 -50.439 0.129 179.358 -50.178 0.731 179.546 -58.779 2.171 188.003
3 0 -58.704 2.849 187.973 -58.779 2.171 188.003 -50.178 0.731 179.546
3 0 -50.178 0.731 179.546 -50.091 1.409 179.548 -58.704 2.849 187.973
3 0 -58.815 3.487 187.757 -58.704 2.849 187.973 -50.091 1.409 179.548
3 0 -50.091 1.409 179.548 -50.193 2.058 179.364 -58.815 3.487 187.757
3 0 -59.098 3.988 187.389 -58.815 3.487 187.757 -50.193 2.058 179.364
3 0 -50.193 2.058 179.364 -50.468 2.581 179.021 -59.098 3.988 187.389
3 0 -59.507 4.276 186.925 -59.098 3.988 187.389 -50.468 2.581 179.021
3 0 -50.468 2.581 179.021 -50.874 2.897 178.572 -59.507 4.276 186.925
3 0 -59.981 4.307 186.435 -59.507 4.276 186.925 -50.874 2.897 178.572
3 0 -50.874 2.897 178.572 -51.349 2.959 178.086 -59.981 4.307 186.435
3 0 -60.448 4.076 185.994 -59.981 4.307 186.435 -51.349 2.959 178.086
3 0 -51.349 2.959 178.086 -51.821 2.758 177.636 -60.448 4.076 185.994
3 0 -60.837 3.619 185.668 -60.448 4.076 185.994 -51.821 2.758 177.636
3 0 -51.821 2.758 177.636 -52.218 2.323 177.291 -60.837 3.619 185.668
3 0 -53.534 -0.704 176.346 -62.100 0.529 184.864 -62.509 0.818 184.400
3 0 -62.509 0.818 184.400 -53.940 -0.387 175.897 -53.534 -0.704 176.346
3 0 -53.059 -0.766 176.832 -61.625 0.499 185.355 -62.100 0.529 184.864
3 0 -62.100 0.529 184.864 -53.534 -0.704 176.346 -53.059 -0.766 176.832
3 0 -52.587 -0.564 177.282 -61.158 0.729 185.796 -61.625 0.499 185.355
3 0 -61.625 0.499 185.355 -53.059 -0.766 176.832 -52.587 -0.564 177.282
3 0 -52.189 -0.129 177.628 -60.769 1.187 186.121 -61.158 0.729 185.796
3 0 -61.158 0.729 185.796 -52.587 -0.564 177.282 -52.189 -0.129 177.628
3 0 -52.624 2.639 176.842 -61.247 3.907 185.204 -60.837 3.619 185.668
3 0 -60.837 3.619 185.668 -52.218 2.323 177.291 -52.624 2.639 176.842
3 0 -53.099 2.701 176.355 -61.721 3.938 184.714 -61.247 3.907 185.204
3 0 -61.247 3.907 185.204 -52.624 2.639 176.842 -53.099 2.701 176.355
3 0 -53.571 2.499 175.905 -62.188 3.707 184.272 -61.721 3.938 184.714
3 0 -61.721 3.938 184.714 -53.099 2.701 176.355 -53.571 2.499 175.905
3 0 -53.968 2.064 175.560 -62.577 3.250 183.947 -62.188 3.707 184.272
3 0 -62.188 3.707 184.272 -53.571 2.499 175.905 -53.968 2.064 175.560
3 0 -55.284 -0.962 174.616 -63.839 0.160 183.144 -64.248 0.449 182.679
3 0 -64.248 0.449 182.679 -55.689 -0.646 174.167 -55.284 -0.962 174.616
3 0 -54.808 -1.024 175.102 -63.364 0.129 183.634 -63.839 0.160 183.144
3 0 -63.839 0.160 183.144 -55.284 -0.962 174.616 -54.808 -1.024 175.102
3 0 -54.336 -0.822 175.552 -62.897 0.360 184.075 -63.364 0.129 183.634
3 0 -63.364 0.129 183.634 -54.808 -1.024 175.102 -54.336 -0.822 175.552
3 0 -53.940 -0.387 175.897 -62.509 0.818 184.400 -62.897 0.360 184.075
3 0 -62.897 0.360 184.075 -54.336 -0.822 175.552 -53.940 -0.387 175.897
3 0 -54.373 2.381 175.112 -62.986 3.538 183.483 -62.577 3.250 183.947
3 0 -62.577 3.250 183.947 -53.968 2.064 175.560 -54.373 2.381 175.112
3 0 -54.849 2.443 174.625 -63.460 3.569 182.993 -62.986 3.538 183.483
3 0 -62.986 3.538 183.483 -54.373 2.381 175.112 -54.849 2.443 174.625
3 0 -55.321 2.241 174.175 -63.927 3.338 182.552 -63.460 3.569 182.993
3 0 -63.460 3.569 182.993 -54.849 2.443 174.625 -55.321 2.241 174.175
3 0 -55.718 1.806 173.830 -64.316 2.881 182.226 -63.927 3.338 182.552
3 0 -63.927 3.338 182.552 -55.321 2.241 174.175 -55.718 1.806 173.830
3 0 -64.725 3.169 181.762 -64.316 2.881 182.226 -55.718 1.806 173.830
3 0 -55.718 1.806 173.830 -56.124 2.123 173.381 -64.725 3.169 181.762
3 0 -65.200 3.200 181.272 -64.725 3.169 181.762 -56.124 2.123 173.381
3 0 -56.124 2.123 173.381 -56.599 2.185 172.895 -65.200 3.200 181.272
3 0 -65.667 2.969 180.830 -65.200 3.200 181.272 -56.599 2.185 172.895
3 0 -56.599 2.185 172.895 -57.071 1.983 172.444 -65.667 2.969 180.830
3 0 -66.055 2.511 180.505 -65.667 2.969 180.830 -57.071 1.983 172.444
3 0 -57.071 1.983 172.444 -57.468 1.548 172.099 -66.055 2.511 180.505
3 0 -66.306 1.897 180.345 -66.055 2.511 180.505 -57.468 1.548 172.099
3 0 -57.468 1.548 172.099 -57.730 0.946 171.911 -66.306 1.897 180.345
3 0 -66.382 1.219 180.375 -66.306 1.897 180.345 -57.730 0.946 171.911
3 0 -57.730 0.946 171.911 -57.816 0.268 171.909 -66.382 1.219 180.375
3 0 -66.270 0.581 180.590 -66.382 1.219 180.375 -57.816 0.268 171.909
3 0 -57.816 0.268 171.909 -57.714 -0.381 172.094 -66.270 0.581 180.590
3 0 -65.988 0.079 180.958 -66.270 0.581 180.590 -57.714 -0.381 172.094
3 0 -57.714 -0.381 172.094 -57.440 -0.904 172.436 -65.988 0.079 180.958
3 0 -65.578 -0.209 181.422 -65.988 0.079 180.958 -57.440 -0.904 172.436
3 0 -57.440 -0.904 172.436 -57.034 -1.220 172.885 -65.578 -0.209 181.422
3 0 -65.104 -0.240 181.913 -65.578 -0.209 181.422 -57.034 -1.220 172.885
3 0 -57.034 -1.220 172.885 -56.559 -1.282 173.371 -65.104 -0.240 181.913
3 0 -64.637 -0.009 182.354 -65.104 -0.240 181.913 -56.559 -1.282 173.371
3 0 -56.559 -1.282 173.371 -56.087 -1.081 173.822 -64.637 -0.009 182.354
3 0 -64.248 0.449 182.679 -64.637 -0.009 182.354 -56.087 -1.081 173.822
3 0 -56.087 -1.081 173.822 -55.689 -0.646 174.167 -64.248 0.449 182.679
3 0 -68.963 2.498 195.004 -69.376 2.759 194.528 -60.769 1.187 186.121
3 0 -60.769 1.187 186.121 -60.360 0.899 186.586 -68.963 2.498 195.004
3 0 -68.488 2.496 195.495 -68.963 2.498 195.004 -60.360 0.899 186.586
3 0 -60.360 0.899 186.586 -59.886 0.868 187.076 -68.488 2.496 195.495
3 0 -68.024 2.753 195.925 -68.488 2.496 195.495 -59.886 0.868 187.076
3 0 -59.886 0.868 187.076 -59.419 1.099 187.517 -68.024 2.753 195.925
3 0 -67.641 3.230 196.229 -68.024 2.753 195.925 -59.419 1.099 187.517
3 0 -59.419 1.099 187.517 -59.030 1.556 187.843 -67.641 3.230 196.229
3 0 -67.399 3.854 196.360 -67.641 3.230 196.229 -59.030 1.556 187.843
3 0 -59.030 1.556 187.843 -58.779 2.171 188.003 -67.399 3.854 196.360
3 0 -67.333 4.531 196.300 -67.399 3.854 196.360 -58.779 2.171 188.003
3 0 -58.779 2.171 188.003 -58.704 2.849 187.973 -67.333 4.531 196.300
3 0 -67.454 5.157 196.056 -67.333 4.531 196.300 -58.704 2.849 187.973
3 0 -58.704 2.849 187.973 -58.815 3.487 187.757 -67.454 5.157 196.056
3 0 -67.743 5.638 195.667 -67.454 5.157 196.056 -58.815 3.487 187.757
3 0 -58.815 3.487 187.757 -59.098 3.988 187.389 -67.743 5.638 195.667
3 0 -68.157 5.899 195.190 -67.743 5.638 195.667 -59.098 3.988 187.389
3 0 -59.098 3.988 187.389 -59.507 4.276 186.925 -68.157 5.899 195.190
3 0 -68.632 5.901 194.700 -68.157 5.899 195.190 -59.507 4.276 186.925
3 0 -59.507 4.276 186.925 -59.981 4.307 186.435 -68.632 5.901 194.700
3 0 -69.096 5.644 194.270 -68.632 5.901 194.700 -59.981 4.307 186.435
3 0 -59.981 4.307 186.435 -60.448 4.076 185.994 -69.096 5.644 194.270
3 0 -69.478 5.167 193.966 -69.096 5.644 194.270 -60.448 4.076 185.994
3 0 -60.448 4.076 185.994 -60.837 3.619 185.668 -69.478 5.167 193.966
3 0 -62.100 0.529 184.864 -70.698 2.028 193.303 -71.111 2.289 192.827
3 0 -71.111 2.289 192.827 -62.509 0.818 184.400 -62.100 0.529 184.864
3 0 -61.625 0.499 185.355 -70.223 2.025 193.793 -70.698 2.028 193.303
3 0 -70.698 2.028 193.303 -62.100 0.529 184.864 -61.625 0.499 185.355
3 0 -61.158 0.729 185.796 -69.759 2.282 194.223 -70.223 2.025 193.793
3 0 -70.223 2.025 193.793 -61.625 0.499 185.355 -61.158 0.729 185.796
3 0 -60.769 1.187 186.121 -69.376 2.759 194.528 -69.759 2.282 194.223
3 0 -69.759 2.282 194.223 -61.158 0.729 185.796 -60.769 1.187 186.121
3 0 -61.247 3.907 185.204 -69.892 5.429 193.489 -69.478 5.167 193.966
3 0 -69.478 5.167 193.966 -60.837 3.619 185.668 -61.247 3.907 185.204
3 0 -61.721 3.938 184.714 -70.367 5.431 192.999 -69.892 5.429 193.489
3 0 -69.892 5.429 193.489 -61.247 3.907 185.204 -61.721 3.938 184.714
3 0 -62.188 3.707 184.272 -70.831 5.174 192.569 -70.367 5.431 192.999
3 0 -70.367 5.431 192.999 -61.721 3.938 184.714 -62.188 3.707 184.272
3 0 -62.577 3.250 183.947 -71.213 4.697 192.265 -70.831 5.174 192.569
3 0 -70.831 5.174 192.569 -62.188 3.707 184.272 -62.577 3.250 183.947
3 0 -63.839 0.160 183.144 -72.432 1.558 191.603 -72.846 1.819 191.126
3 0 -72.846 1.819 191.126 -64.248 0.449 182.679 -63.839 0.160 183.144
3 0 -63.364 0.129 183.634 -71.957 1.555 192.093 -72.432 1.558 191.603
3 0 -72.432 1.558 191.603 -63.839 0.160 183.144 -63.364 0.129 183.634
3 0 -62.897 0.360 184.075 -71.493 1.812 192.523 -71.957 1.555 192.093
3 0 -71.957 1.555 192.093 -63.364 0.129 183.634 -62.897 0.360 184.075
3 0 -62.509 0.818 184.400 -71.111 2.289 192.827 -71.493 1.812 192.523
3 0 -71.493 1.812 192.523 -62.897 0.360 184.075 -62.509 0.818 184.400
3 0 -62.986 3.538 183.483 -71.626 4.958 191.789 -71.213 4.697 192.265
3 0 -71.213 4.697 192.265 -62.577 3.250 183.947 -62.986 3.538 183.483
3 0 -63.460 3.569 182.993 -72.101 4.961 191.298 -71.626 4.958 191.789
3 0 -71.626 4.958 191.789 -62.986 3.538 183.483 -63.460 3.569 182.993
3 0 -63.927 3.338 182.552 -72.565 4.704 190.868 -72.101 4.961 191.298
3 0 -72.101 4.961 191.298 -63.460 3.569 182.993 -63.927 3.338 182.552
3 0 -64.316 2.881 182.226 -72.948 4.227 190.564 -72.565 4.704 190.868
3 0 -72.565 4.704 190.868 -63.927 3.338 182.552 -64.316 2.881 182.226
3 0 -73.361 4.488 190.088 -72.948 4.227 190.564 -64.316 2.881 182.226
3 0 -64.316 2.881 182.226 -64.725 3.169 181.762 -73.361 4.488 190.088
3 0 -73.836 4.490 189.597 -73.361 4.488 190.088 -64.725 3.169 181.762
3 0 -64.725 3.169 181.762 -65.200 3.200 181.272 -73.836 4.490 189.597
3 0 -74.300 4.234 189.167 -73.836 4.490 189.597 -65.200 3.200 181.272
3 0 -65.200 3.200 181.272 -65.667 2.969 180.830 -74.300 4.234 189.167
3 0 -74.683 3.757 188.863 -74.300 4.234 189.167 -65.667 2.969 180.830
3 0 -65.667 2.969 180.830 -66.055 2.511 180.505 -74.683 3.757 188.863
3 0 -74.925 3.132 188.731 -74.683 3.757 188.863 -66.055 2.511 180.505
3 0 -66.055 2.511 180.505 -66.306 1.897 180.345 -74.925 3.132 188.731
3 0 -74.991 2.455 188.792 -74.925 3.132 188.731 -66.306 1.897 180.345
3 0 -66.306 1.897 180.345 -66.382 1.219 180.375 -74.991 2.455 188.792
3 0 -74.870 1.829 189.035 -74.991 2.455 188.792 -66.382 1.219 180.375
3 0 -66.382 1.219 180.375 -66.270 0.581 180.590 -74.870 1.829 189.035
3 0 -74.581 1.349 189.425 -74.870 1.829 189.035 -66.270 0.581 180.590
3 0 -66.270 0.581 180.590 -65.988 0.079 180.958 -74.581 1.349 189.425
3 0 -74.167 1.087 189.901 -74.581 1.349 189.425 -65.988 0.079 180.958
3 0 -65.988 0.079 180.958 -65.578 -0.209 181.422 -74.167 1.087 189.901
3 0 -73.692 1.085 190.392 -74.167 1.087 189.901 -65.578 -0.209 181.422
3 0 -65.578 -0.209 181.422 -65.104 -0.240 181.913 -73.692 1.085 190.392
3 0 -73.228 1.342 190.822 -73.692 1.085 190.392 -65.104 -0.240 181.913
3 0 -65.104 -0.240 181.913 -64.637 -0.009 182.354 -73.228 1.342 190.822
3 0 -72.846 1.819 191.126 -73.228 1.342 190.822 -64.637 -0.009 182.354
3 0 -64.637 -0.009 182.354 -64.248 0.449 182.679 -72.846 1.819 191.126
3 0 -74.691 3.748 200.583 -75.108 3.988 200.099 -69.376 2.759 194.528
3 0 -69.376 2.759 194.528 -68.963 2.498 195.004 -74.691 3.748 200.583
3 0 -74.214 3.768 201.072 -74.691 3.748 200.583 -68.963 2.498 195.004
3 0 -68.963 2.498 195.004 -68.488 2.496 195.495 -74.214 3.768 201.072
3 0 -73.750 4.044 201.490 -74.214 3.768 201.072 -68.488 2.496 195.495
3 0 -68.488 2.496 195.495 -68.024 2.753 195.925 -73.750 4.044 201.490
3 0 -73.371 4.535 201.774 -73.750 4.044 201.490 -68.024 2.753 195.925
3 0 -68.024 2.753 195.925 -67.641 3.230 196.229 -73.371 4.535 201.774
3 0 -73.132 5.166 201.882 -73.371 4.535 201.774 -67.641 3.230 196.229
3 0 -67.641 3.230 196.229 -67.399 3.854 196.360 -73.132 5.166 201.882
3 0 -73.072 5.841 201.795 -73.132 5.166 201.882 -67.399 3.854 196.360
3 0 -67.399 3.854 196.360 -67.333 4.531 196.300 -73.072 5.841 201.795
3 0 -73.198 6.456 201.529 -73.072 5.841 201.795 -67.333 4.531 196.300
3 0 -67.333 4.531 196.300 -67.454 5.157 196.056 -73.198 6.456 201.529
3 0 -73.492 6.919 201.122 -73.198 6.456 201.529 -67.454 5.157 196.056
3 0 -67.454 5.157 196.056 -67.743 5.638 195.667 -73.492 6.919 201.122
3 0 -73.909 7.160 200.638 -73.492 6.919 201.122 -67.743 5.638 195.667
3 0 -67.743 5.638 195.667 -68.157 5.899 195.190 -73.909 7.160 200.638
3 0 -74.386 7.140 200.150 -73.909 7.160 200.638 -68.157 5.899 195.190
3 0 -68.157 5.899 195.190 -68.632 5.901 194.700 -74.386 7.140 200.150
3 0 -74.850 6.864 199.731 -74.386 7.140 200.150 -68.632 5.901 194.700
3 0 -68.632 5.901 194.700 -69.096 5.644 194.270 -74.850 6.864 199.731
3 0 -75.230 6.373 199.447 -74.850 6.864 199.731 -69.096 5.644 194.270
3 0 -69.096 5.644 194.270 -69.478 5.167 193.966 -75.230 6.373 199.447
3 0 -70.698 2.028 193.303 -76.428 3.201 198.908 -76.846 3.441 198.424
3 0 -76.846 3.441 198.424 -71.111 2.289 192.827 -70.698 2.028 193.303
3 0 -70.223 2.025 193.793 -75.952 3.221 199.396 -76.428 3.201 198.908
3 0 -76.428 3.201 198.908 -70.698 2.028 193.303 -70.223 2.025 193.793
3 0 -69.759 2.282 194.223 -75.488 3.497 199.815 -75.952 3.221 199.396
3 0 -75.952 3.221 199.396 -70.223 2.025 193.793 -69.759 2.282 194.223
3 0 -69.376 2.759 194.528 -75.108 3.988 200.099 -75.488 3.497 199.815
3 0 -75.488 3.497 199.815 -69.759 2.282 194.223 -69.376 2.759 194.528
3 0 -69.892 5.429 193.489 -75.647 6.613 198.962 -75.230 6.373 199.447
3 0 -75.230 6.373 199.447 -69.478 5.167 193.966 -69.892 5.429 193.489
3 0 -70.367 5.431 192.999 -76.124 6.593 198.474 -75.647 6.613 198.962
3 0 -75.647 6.613 198.962 -69.892 5.429 193.489 -70.367 5.431 192.999
3 0 -70.831 5.174 192.569 -76.587 6.317 198.056 -76.124 6.593 198.474
3 0 -76.124 6.593 198.474 -70.367 5.431 192.999 -70.831 5.174 192.569
3 0 -71.213 4.697 192.265 -76.967 5.826 197.771 -76.587 6.317 198.056
3 0 -76.587 6.317 198.056 -70.831 5.174 192.569 -71.213 4.697 192.265
3 0 -72.432 1.558 191.603 -78.165 2.655 197.233 -78.582 2.895 196.749
3 0 -78.582 2.895 196.749 -72.846 1.819 191.126 -72.432 1.558 191.603
3 0 -71.957 1.555 192.093 -77.688 2.674 197.722 -78.165 2.655 197.233
3 0 -78.165 2.655 197.233 -72.432 1.558 191.603 -71.957 1.555 192.093
3 0 -71.493 1.812 192.523 -77.225 2.951 198.140 -77.688 2.674 197.722
3 0 -77.688 2.674 197.722 -71.957 1.555 192.093 -71.493 1.812 192.523
3 0 -71.111 2.289 192.827 -76.846 3.441 198.424 -77.225 2.951 198.140
3 0 -77.225 2.951 198.140 -71.493 1.812 192.523 -71.111 2.289 192.827
3 0 -71.626 4.958 191.789 -77.384 6.066 197.288 -76.967 5.826 197.771
3 0 -76.967 5.826 197.771 -71.213 4.697 192.265 -71.626 4.958 191.789
3 0 -72.101 4.961 191.298 -77.861 6.046 196.799 -77.384 6.066 197.288
3 0 -77.384 6.066 197.288 -71.626 4.958 191.789 -72.101 4.961 191.298
3 0 -72.565 4.704 190.868 -78.324 5.770 196.381 -77.861 6.046 196.799
3 0 -77.861 6.046 196.799 -72.101 4.961 191.298 -72.565 4.704 190.868
3 0 -72.948 4.227 190.564 -78.704 5.279 196.097 -78.324 5.770 196.381
3 0 -78.324 5.770 196.381 -72.565 4.704 190.868 -72.948 4.227 190.564
3 0 -79.121 5.519 195.612 -78.704 5.279 196.097 -72.948 4.227 190.564
3 0 -72.948 4.227 190.564 -73.361 4.488 190.088 -79.121 5.519 195.612
3 0 -79.598 5.499 195.124 -79.121 5.519 195.612 -73.361 4.488 190.088
3 0 -73.361 4.488 190.088 -73.836 4.490 189.597 -79.598 5.499 195.124
3 0 -80.062 5.223 194.705 -79.598 5.499 195.124 -73.836 4.490 189.597
3 0 -73.836 4.490 189.597 -74.300 4.234 189.167 -80.062 5.223 194.705
3 0 -80.442 4.732 194.421 -80.062 5.223 194.705 -74.300 4.234 189.167
3 0 -74.300 4.234 189.167 -74.683 3.757 188.863 -80.442 4.732 194.421
3 0 -80.680 4.101 194.314 -80.442 4.732 194.421 -74.683 3.757 188.863
3 0 -74.683 3.757 188.863 -74.925 3.132 188.731 -80.680 4.101 194.314
3 0 -80.741 3.426 194.400 -80.680 4.101 194.314 -74.925 3.132 188.731
3 0 -74.925 3.132 188.731 -74.991 2.455 188.792 -80.741 3.426 194.400
3 0 -80.614 2.811 194.667 -80.741 3.426 194.400 -74.991 2.455 188.792
3 0 -74.991 2.455 188.792 -74.870 1.829 189.035 -80.614 2.811 194.667
3 0 -80.320 2.348 195.073 -80.614 2.811 194.667 -74.870 1.829 189.035
3 0 -74.870 1.829 189.035 -74.581 1.349 189.425 -80.320 2.348 195.073
3 0 -79.903 2.108 195.558 -80.320 2.348 195.073 -74.581 1.349 189.425
3 0 -74.581 1.349 189.425 -74.167 1.087 189.901 -79.903 2.108 195.558
3 0 -79.426 2.127 196.046 -79.903 2.108 195.558 -74.167 1.087 189.901
3 0 -74.167 1.087 189.901 -73.692 1.085 190.392 -79.426 2.127 196.046
3 0 -78.962 2.404 196.464 -79.426 2.127 196.046 -73.692 1.085 190.392
3 0 -73.692 1.085 190.392 -73.228 1.342 190.822 -78.962 2.404 196.464
3 0 -78.582 2.895 196.749 -78.962 2.404 196.464 -73.228 1.342 190.822
3 0 -73.228 1.342 190.822 -72.846 1.819 191.126 -78.582 2.895 196.749
3 0 -80.397 5.137 206.135 -80.818 5.362 205.646 -75.108 3.988 200.099
3 0 -75.108 3.988 200.099 -74.691 3.748 200.583 -80.397 5.137 206.135
3 0 -79.918 5.173 206.620 -80.397 5.137 206.135 -74.691 3.748 200.583
3 0 -74.691 3.748 200.583 -74.214 3.768 201.072 -79.918 5.173 206.620
3 0 -79.453 5.463 207.027 -79.918 5.173 206.620 -74.214 3.768 201.072
3 0 -74.214 3.768 201.072 -73.750 4.044 201.490 -79.453 5.463 207.027
3 0 -79.072 5.963 207.294 -79.453 5.463 207.027 -73.750 4.044 201.490
3 0 -73.750 4.044 201.490 -73.371 4.535 201.774 -79.072 5.963 207.294
3 0 -78.834 6.597 207.380 -79.072 5.963 207.294 -73.371 4.535 201.774
3 0 -73.371 4.535 201.774 -73.132 5.166 201.882 -78.834 6.597 207.380
3 0 -78.775 7.269 207.272 -78.834 6.597 207.380 -73.132 5.166 201.882
3 0 -73.132 5.166 201.882 -73.072 5.841 201.795 -78.775 7.269 207.272
3 0 -78.904 7.876 206.987 -78.775 7.269 207.272 -73.072 5.841 201.795
3 0 -73.072 5.841 201.795 -73.198 6.456 201.529 -78.904 7.876 206.987
3 0 -79.201 8.325 206.568 -78.904 7.876 206.987 -73.198 6.456 201.529
3 0 -73.198 6.456 201.529 -73.492 6.919 201.122 -79.201 8.325 206.568
3 0 -79.621 8.550 206.079 -79.201 8.325 206.568 -73.492 6.919 201.122
3 0 -73.492 6.919 201.122 -73.909 7.160 200.638 -79.621 8.550 206.079
3 0 -80.100 8.514 205.594 -79.621 8.550 206.079 -73.909 7.160 200.638
3 0 -73.909 7.160 200.638 -74.386 7.140 200.150 -80.100 8.514 205.594
3 0 -80.566 8.224 205.187 -80.100 8.514 205.594 -74.386 7.140 200.150
3 0 -74.386 7.140 200.150 -74.850 6.864 199.731 -80.566 8.224 205.187
3 0 -80.947 7.724 204.920 -80.566 8.224 205.187 -74.850 6.864 199.731
3 0 -74.850 6.864 199.731 -75.230 6.373 199.447 -80.947 7.724 204.920
3 0 -76.428 3.201 198.908 -82.144 4.536 204.487 -82.564 4.760 203.998
3 0 -82.564 4.760 203.998 -76.846 3.441 198.424 -76.428 3.201 198.908
3 0 -75.952 3.221 199.396 -81.664 4.572 204.972 -82.144 4.536 204.487
3 0 -82.144 4.536 204.487 -76.428 3.201 198.908 -75.952 3.221 199.396
3 0 -75.488 3.497 199.815 -81.199 4.861 205.379 -81.664 4.572 204.972
3 0 -81.664 4.572 204.972 -75.952 3.221 199.396 -75.488 3.497 199.815
3 0 -75.108 3.988 200.099 -80.818 5.362 205.646 -81.199 4.861 205.379
3 0 -81.199 4.861 205.379 -75.488 3.497 199.815 -75.108 3.988 200.099
3 0 -75.647 6.613 198.962 -81.367 7.948 204.431 -80.947 7.724 204.920
3 0 -80.947 7.724 204.920 -75.230 6.373 199.447 -75.647 6.613 198.962
3 0 -76.124 6.593 198.474 -81.846 7.913 203.946 -81.367 7.948 204.431
3 0 -81.367 7.948 204.431 -75.647 6.613 198.962 -76.124 6.593 198.474
3 0 -76.587 6.317 198.056 -82.312 7.623 203.539 -81.846 7.913 203.946
3 0 -81.846 7.913 203.946 -76.124 6.593 198.474 -76.587 6.317 198.056
3 0 -76.967 5.826 197.771 -82.693 7.123 203.272 -82.312 7.623 203.539
3 0 -82.312 7.623 203.539 -76.587 6.317 198.056 -76.967 5.826 197.771
3 0 -78.165 2.655 197.233 -83.889 3.935 202.840 -84.309 4.159 202.351
3 0 -84.309 4.159 202.351 -78.582 2.895 196.749 -78.165 2.655 197.233
3 0 -77.688 2.674 197.722 -83.409 3.970 203.325 -83.889 3.935 202.840
3 0 -83.889 3.935 202.840 -78.165 2.655 197.233 -77.688 2.674 197.722
3 0 -77.225 2.951 198.140 -82.944 4.260 203.732 -83.409 3.970 203.325
3 0 -83.409 3.970 203.325 -77.688 2.674 197.722 -77.225 2.951 198.140
3 0 -76.846 3.441 198.424 -82.564 4.760 203.998 -82.944 4.260 203.732
3 0 -82.944 4.260 203.732 -77.225 2.951 198.140 -76.846 3.441 198.424
3 0 -77.384 6.066 197.288 -83.112 7.347 202.784 -82.693 7.123 203.272
3 0 -82.693 7.123 203.272 -76.967 5.826 197.771 -77.384 6.066 197.288
3 0 -77.861 6.046 196.799 -83.592 7.311 202.299 -83.112 7.347 202.784
3 0 -83.112 7.347 202.784 -77.384 6.066 197.288 -77.861 6.046 196.799
3 0 -78.324 5.770 196.381 -84.057 7.022 201.892 -83.592 7.311 202.299
3 0 -83.592 7.311 202.299 -77.861 6.046 196.799 -78.324 5.770 196.381
3 0 -78.704 5.279 196.097 -84.438 6.521 201.625 -84.057 7.022 201.892
3 0 -84.057 7.022 201.892 -78.324 5.770 196.381 -78.704 5.279 196.097
3 0 -84.858 6.746 201.136 -84.438 6.521 201.625 -78.704 5.279 196.097
3 0 -78.704 5.279 196.097 -79.121 5.519 195.612 -84.858 6.746 201.136
3 0 -85.338 6.710 200.651 -84.858 6.746 201.136 -79.121 5.519 195.612
3 0 -79.121 5.519 195.612 -79.598 5.499 195.124 -85.338 6.710 200.651
3 0 -85.803 6.420 200.244 -85.338 6.710 200.651 -79.598 5.499 195.124
3 0 -79.598 5.499 195.124 -80.062 5.223 194.705 -85.803 6.420 200.244
3 0 -86.184 5.920 199.978 -85.803 6.420 200.244 -80.062 5.223 194.705
3 0 -80.062 5.223 194.705 -80.442 4.732 194.421 -86.184 5.920 199.978
3 0 -86.422 5.286 199.891 -86.184 5.920 199.978 -80.442 4.732 194.421
3 0 -80.442 4.732 194.421 -80.680 4.101 194.314 -86.422 5.286 199.891
3 0 -86.481 4.614 199.999 -86.422 5.286 199.891 -80.680 4.101 194.314
3 0 -80.680 4.101 194.314 -80.741 3.426 194.400 -86.481 4.614 199.999
3 0 -86.352 4.007 200.284 -86.481 4.614 199.999 -80.741 3.426 194.400
3 0 -80.741 3.426 194.400 -80.614 2.811 194.667 -86.352 4.007 200.284
3 0 -86.055 3.558 200.703 -86.352 4.007 200.284 -80.614 2.811 194.667
3 0 -80.614 2.811 194.667 -80.320 2.348 195.073 -86.055 3.558 200.703
3 0 -85.635 3.333 201.192 -86.055 3.558 200.703 -80.320 2.348 195.073
3 0 -80.320 2.348 195.073 -79.903 2.108 195.558 -85.635 3.333 201.192
3 0 -85.155 3.369 201.677 -85.635 3.333 201.192 -79.903 2.108 195.558
3 0 -79.903 2.108 195.558 -79.426 2.127 196.046 -85.155 3.369 201.677
3 0 -84.690 3.659 202.084 -85.155 3.369 201.677 -79.426 2.127 196.046
3 0 -79.426 2.127 196.046 -78.962 2.404 196.464 -84.690 3.659 202.084
3 0 -84.309 4.159 202.351 -84.690 3.659 202.084 -78.962 2.404 196.464
3 0 -78.962 2.404 196.464 -78.582 2.895 196.749 -84.309 4.159 202.351
3 0 -83.226 5.930 208.907 -83.649 6.143 208.415 -80.818 5.362 205.646
3 0 -80.818 5.362 205.646 -80.397 5.137 206.135 -83.226 5.930 208.907
3 0 -82.744 5.976 209.388 -83.226 5.930 208.907 -80.397 5.137 206.135
3 0 -80.397 5.137 206.135 -79.918 5.173 206.620 -82.744 5.976 209.388
3 0 -82.275 6.275 209.785 -82.744 5.976 209.388 -79.918 5.173 206.620
3 0 -79.918 5.173 206.620 -79.453 5.463 207.027 -82.275 6.275 209.785
3 0 -81.891 6.780 210.037 -82.275 6.275 209.785 -79.453 5.463 207.027
3 0 -79.453 5.463 207.027 -79.072 5.963 207.294 -81.891 6.780 210.037
3 0 -81.651 7.416 210.105 -81.891 6.780 210.037 -79.072 5.963 207.294
3 0 -79.072 5.963 207.294 -78.834 6.597 207.380 -81.651 7.416 210.105
3 0 -81.591 8.084 209.980 -81.651 7.416 210.105 -78.834 6.597 207.380
3 0 -78.834 6.597 207.380 -78.775 7.269 207.272 -81.591 8.084 209.980
3 0 -81.720 8.684 209.681 -81.591 8.084 209.980 -78.775 7.269 207.272
3 0 -78.775 7.269 207.272 -78.904 7.876 206.987 -81.720 8.684 209.681
3 0 -82.019 9.124 209.253 -81.720 8.684 209.681 -78.904 7.876 206.987
3 0 -78.904 7.876 206.987 -79.201 8.325 206.568 -82.019 9.124 209.253
3 0 -82.442 9.337 208.761 -82.019 9.124 209.253 -79.201 8.325 206.568
3 0 -79.201 8.325 206.568 -79.621 8.550 206.079 -82.442 9.337 208.761
3 0 -82.925 9.291 208.280 -82.442 9.337 208.761 -79.621 8.550 206.079
3 0 -79.621 8.550 206.079 -80.100 8.514 205.594 -82.925 9.291 208.280
3 0 -83.393 8.992 207.884 -82.925 9.291 208.280 -80.100 8.514 205.594
3 0 -80.100 8.514 205.594 -80.566 8.224 205.187 -83.393 8.992 207.884
3 0 -83.777 8.487 207.632 -83.393 8.992 207.884 -80.566 8.224 205.187
3 0 -80.566 8.224 205.187 -80.947 7.724 204.920 -83.777 8.487 207.632
3 0 -82.144 4.536 204.487 -84.984 5.292 207.286 -85.407 5.505 206.794
3 0 -85.407 5.505 206.794 -82.564 4.760 203.998 -82.144 4.536 204.487
3 0 -81.664 4.572 204.972 -84.502 5.338 207.767 -84.984 5.292 207.286
3 0 -84.984 5.292 207.286 -82.144 4.536 204.487 -81.664 4.572 204.972
3 0 -81.199 4.861 205.379 -84.033 5.637 208.164 -84.502 5.338 207.767
3 0 -84.502 5.338 207.767 -81.664 4.572 204.972 -81.199 4.861 205.379
3 0 -80.818 5.362 205.646 -83.649 6.143 208.415 -84.033 5.637 208.164
3 0 -84.033 5.637 208.164 -81.199 4.861 205.379 -80.818 5.362 205.646
3 0 -81.367 7.948 204.431 -84.200 8.700 207.140 -83.777 8.487 207.632
3 0 -83.777 8.487 207.632 -80.947 7.724 204.920 -81.367 7.948 204.431
3 0 -81.846 7.913 203.946 -84.683 8.653 206.659 -84.200 8.700 207.140
3 0 -84.200 8.700 207.140 -81.367 7.948 204.431 -81.846 7.913 203.946
3 0 -82.312 7.623 203.539 -85.151 8.354 206.262 -84.683 8.653 206.659
3 0 -84.683 8.653 206.659 -81.846 7.913 203.946 -82.312 7.623 203.539
3 0 -82.693 7.123 203.272 -85.535 7.849 206.011 -85.151 8.354 206.262
3 0 -85.151 8.354 206.262 -82.312 7.623 203.539 -82.693 7.123 203.272
3 0 -83.889 3.935 202.840 -86.742 4.654 205.666 -87.165 4.867 205.174
3 0 -87.165 4.867 205.174 -84.309 4.159 202.351 -83.889 3.935 202.840
3 0 -83.409 3.970 203.325 -86.259 4.701 206.147 -86.742 4.654 205.666
3 0 -86.742 4.654 205.666 -83.889 3.935 202.840 -83.409 3.970 203.325
3 0 -82.944 4.260 203.732 -85.790 4.999 206.543 -86.259 4.701 206.147
3 0 -86.259 4.701 206.147 -83.409 3.970 203.325 -82.944 4.260 203.732
3 0 -82.564 4.760 203.998 -85.407 5.505 206.794 -85.790 4.999 206.543
3 0 -85.790 4.999 206.543 -82.944 4.260 203.732 -82.564 4.760 203.998
3 0 -83.112 7.347 202.784 -85.957 8.062 205.519 -85.535 7.849 206.011
3 0 -85.535 7.849 206.011 -82.693 7.123 203.272 -83.112 7.347 202.784
3 0 -83.592 7.311 202.299 -86.440 8.016 205.038 -85.957 8.062 205.519
3 0 -85.957 8.062 205.519 -83.112 7.347 202.784 -83.592 7.311 202.299
3 0 -84.057 7.022 201.892 -86.909 7.717 204.642 -86.440 8.016 205.038
3 0 -86.440 8.016 205.038 -83.592 7.311 202.299 -84.057 7.022 201.892
3 0 -84.438 6.521 201.625 -87.292 7.211 204.390 -86.909 7.717 204.642
3 0 -86.909 7.717 204.642 -84.057 7.022 201.892 -84.438 6.521 201.625
3 0 -87.715 7.424 203.898 -87.292 7.211 204.390 -84.438 6.521 201.625
3 0 -84.438 6.521 201.625 -84.858 6.746 201.136 -87.715 7.424 203.898
3 0 -88.198 7.378 203.417 -87.715 7.424 203.898 -84.858 6.746 201.136
3 0 -84.858 6.746 201.136 -85.338 6.710 200.651 -88.198 7.378 203.417
3 0 -88.667 7.079 203.021 -88.198 7.378 203.417 -85.338 6.710 200.651
3 0 -85.338 6.710 200.651 -85.803 6.420 200.244 -88.667 7.079 203.021
3 0 -89.050 6.573 202.769 -88.667 7.079 203.021 -85.803 6.420 200.244
3 0 -85.803 6.420 200.244 -86.184 5.920 199.978 -89.050 6.573 202.769
3 0 -89.290 5.938 202.700 -89.050 6.573 202.769 -86.184 5.920 199.978
3 0 -86.184 5.920 199.978 -86.422 5.286 199.891 -89.290 5.938 202.700
3 0 -89.350 5.269 202.825 -89.290 5.938 202.700 -86.422 5.286 199.891
3 0 -86.422 5.286 199.891 -86.481 4.614 199.999 -89.350 5.269 202.825
3 0 -89.221 4.669 203.124 -89.350 5.269 202.825 -86.481 4.614 199.999
3 0 -86.481 4.614 199.999 -86.352 4.007 200.284 -89.221 4.669 203.124
3 0 -88.923 4.229 203.553 -89.221 4.669 203.124 -86.352 4.007 200.284
3 0 -86.352 4.007 200.284 -86.055 3.558 200.703 -88.923 4.229 203.553
3 0 -88.500 4.016 204.045 -88.923 4.229 203.553 -86.055 3.558 200.703
3 0 -86.055 3.558 200.703 -85.635 3.333 201.192 -88.500 4.016 204.045
3 0 -88.017 4.063 204.525 -88.500 4.016 204.045 -85.635 3.333 201.192
3 0 -85.635 3.333 201.192 -85.155 3.369 201.677 -88.017 4.063 204.525
3 0 -87.548 4.362 204.922 -88.017 4.063 204.525 -85.155 3.369 201.677
3 0 -85.155 3.369 201.677 -84.690 3.659 202.084 -87.548 4.362 204.922
3 0 -87.165 4.867 205.174 -87.548 4.362 204.922 -84.690 3.659 202.084
3 0 -84.690 3.659 202.084 -84.309 4.159 202.351 -87.165 4.867 205.174
3 0 -86.036 6.771 211.675 -86.460 6.977 211.182 -83.649 6.143 208.415
3 0 -83.649 6.143 208.415 -83.226 5.930 208.907 -86.036 6.771 211.675
3 0 -85.549 6.824 212.151 -86.036 6.771 211.675 -83.226 5.930 208.907
3 0 -83.226 5.930 208.907 -82.744 5.976 209.388 -85.549 6.824 212.151
3 0 -85.075 7.127 212.537 -85.549 6.824 212.151 -82.744 5.976 209.388
3 0 -82.744 5.976 209.388 -82.275 6.275 209.785 -85.075 7.127 212.537
3 0 -84.685 7.635 212.775 -85.075 7.127 212.537 -82.275 6.275 209.785
3 0 -82.275 6.275 209.785 -81.891 6.780 210.037 -84.685 7.635 212.775
3 0 -84.438 8.270 212.828 -84.685 7.635 212.775 -81.891 6.780 210.037
3 0 -81.891 6.780 210.037 -81.651 7.416 210.105 -84.438 8.270 212.828
3 0 -84.374 8.935 212.688 -84.438 8.270 212.828 -81.651 7.416 210.105
3 0 -81.651 7.416 210.105 -81.591 8.084 209.980 -84.374 8.935 212.688
3 0 -84.500 9.529 212.377 -84.374 8.935 212.688 -81.591 8.084 209.980
3 0 -81.591 8.084 209.980 -81.720 8.684 209.681 -84.500 9.529 212.377
3 0 -84.798 9.962 211.941 -84.500 9.529 212.377 -81.720 8.684 209.681
3 0 -81.720 8.684 209.681 -82.019 9.124 209.253 -84.798 9.962 211.941
3 0 -85.223 10.168 211.448 -84.798 9.962 211.941 -82.019 9.124 209.253
3 0 -82.019 9.124 209.253 -82.442 9.337 208.761 -85.223 10.168 211.448
3 0 -85.710 10.115 210.972 -85.223 10.168 211.448 -82.442 9.337 208.761
3 0 -82.442 9.337 208.761 -82.925 9.291 208.280 -85.710 10.115 210.972
3 0 -86.184 9.812 210.585 -85.710 10.115 210.972 -82.925 9.291 208.280
3 0 -82.925 9.291 208.280 -83.393 8.992 207.884 -86.184 9.812 210.585
3 0 -86.574 9.305 210.348 -86.184 9.812 210.585 -83.393 8.992 207.884
3 0 -83.393 8.992 207.884 -83.777 8.487 207.632 -86.574 9.305 210.348
3 0 -84.984 5.292 207.286 -87.812 6.114 210.082 -88.236 6.320 209.588
3 0 -88.236 6.320 209.588 -85.407 5.505 206.794 -84.984 5.292 207.286
3 0 -84.502 5.338 207.767 -87.325 6.166 210.558 -87.812 6.114 210.082
3 0 -87.812 6.114 210.082 -84.984 5.292 207.286 -84.502 5.338 207.767
3 0 -84.033 5.637 208.164 -86.850 6.470 210.944 -87.325 6.166 210.558
3 0 -87.325 6.166 210.558 -84.502 5.338 207.767 -84.033 5.637 208.164
3 0 -83.649 6.143 208.415 -86.460 6.977 211.182 -86.850 6.470 210.944
3 0 -86.850 6.470 210.944 -84.033 5.637 208.164 -83.649 6.143 208.415
3 0 -84.200 8.700 207.140 -86.999 9.510 209.854 -86.574 9.305 210.348
3 0 -86.574 9.305 210.348 -83.777 8.487 207.632 -84.200 8.700 207.140
3 0 -84.683 8.653 206.659 -87.485 9.458 209.378 -86.999 9.510 209.854
3 0 -86.999 9.510 209.854 -84.200 8.700 207.140 -84.683 8.653 206.659
3 0 -85.151 8.354 206.262 -87.960 9.155 208.992 -87.485 9.458 209.378
3 0 -87.485 9.458 209.378 -84.683 8.653 206.659 -85.151 8.354 206.262
3 0 -85.535 7.849 206.011 -88.350 8.647 208.754 -87.960 9.155 208.992
3 0 -87.960 9.155 208.992 -85.151 8.354 206.262 -85.535 7.849 206.011
3 0 -86.742 4.654 205.666 -89.587 5.456 208.489 -90.011 5.662 207.995
3 0 -90.011 5.662 207.995 -87.165 4.867 205.174 -86.742 4.654 205.666
3 0 -86.259 4.701 206.147 -89.100 5.509 208.965 -89.587 5.456 208.489
3 0 -89.587 5.456 208.489 -86.742 4.654 205.666 -86.259 4.701 206.147
3 0 -85.790 4.999 206.543 -88.626 5.812 209.351 -89.100 5.509 208.965
3 0 -89.100 5.509 208.965 -86.259 4.701 206.147 -85.790 4.999 206.543
3 0 -85.407 5.505 206.794 -88.236 6.320 209.588 -88.626 5.812 209.351
3 0 -88.626 5.812 209.351 -85.790 4.999 206.543 -85.407 5.505 206.794
3 0 -85.957 8.062 205.519 -88.774 8.853 208.261 -88.350 8.647 208.754
3 0 -88.350 8.647 208.754 -85.535 7.849 206.011 -85.957 8.062 205.519
3 0 -86.440 8.016 205.038 -89.261 8.800 207.785 -88.774 8.853 208.261
3 0 -88.774 8.853 208.261 -85.957 8.062 205.519 -86.440 8.016 205.038
3 0 -86.909 7.717 204.642 -89.735 8.497 207.399 -89.261 8.800 207.785
3 0 -89.261 8.800 207.785 -86.440 8.016 205.038 -86.909 7.717 204.642
3 0 -87.292 7.211 204.390 -90.125 7.990 207.161 -89.735 8.497 207.399
3 0 -89.735 8.497 207.399 -86.909 7.717 204.642 -87.292 7.211 204.390
3 0 -90.550 8.195 206.668 -90.125 7.990 207.161 -87.292 7.211 204.390
3 0 -87.292 7.211 204.390 -87.715 7.424 203.898 -90.550 8.195 206.668
3 0 -91.037 8.143 206.192 -90.550 8.195 206.668 -87.715 7.424 203.898
3 0 -87.715 7.424 203.898 -88.198 7.378 203.417 -91.037 8.143 206.192
3 0 -91.511 7.840 205.806 -91.037 8.143 206.192 -88.198 7.378 203.417
3 0 -88.198 7.378 203.417 -88.667 7.079 203.021 -91.511 7.840 205.806
3 0 -91.901 7.332 205.568 -91.511 7.840 205.806 -88.667 7.079 203.021
3 0 -88.667 7.079 203.021 -89.050 6.573 202.769 -91.901 7.332 205.568
3 0 -92.147 6.697 205.515 -91.901 7.332 205.568 -89.050 6.573 202.769
3 0 -89.050 6.573 202.769 -89.290 5.938 202.700 -92.147 6.697 205.515
3 0 -92.212 6.032 205.655 -92.147 6.697 205.515 -89.290 5.938 202.700
3 0 -89.290 5.938 202.700 -89.350 5.269 202.825 -92.212 6.032 205.655
3 0 -92.086 5.438 205.966 -92.212 6.032 205.655 -89.350 5.269 202.825
3 0 -89.350 5.269 202.825 -89.221 4.669 203.124 -92.086 5.438 205.966
3 0 -91.787 5.005 206.402 -92.086 5.438 205.966 -89.221 4.669 203.124
3 0 -89.221 4.669 203.124 -88.923 4.229 203.553 -91.787 5.005 206.402
3 0 -91.363 4.799 206.895 -91.787 5.005 206.402 -88.923 4.229 203.553
3 0 -88.923 4.229 203.553 -88.500 4.016 204.045 -91.363 4.799 206.895
3 0 -90.876 4.851 207.371 -91.363 4.799 206.895 -88.500 4.016 204.045
3 0 -88.500 4.016 204.045 -88.017 4.063 204.525 -90.876 4.851 207.371
3 0 -90.402 5.155 207.758 -90.876 4.851 207.371 -88.017 4.063 204.525
3 0 -88.017 4.063 204.525 -87.548 4.362 204.922 -90.402 5.155 207.758
3 0 -90.011 5.662 207.995 -90.402 5.155 207.758 -87.548 4.362 204.922
3 0 -87.548 4.362 204.922 -87.165 4.867 205.174 -90.011 5.662 207.995
3 0 -88.803 7.709 214.441 -89.231 7.908 213.947 -86.460 6.977 211.182
3 0 -86.460 6.977 211.182 -86.036 6.771 211.675 -88.803 7.709 214.441
3 0 -88.310 7.766 214.909 -88.803 7.709 214.441 -86.036 6.771 211.675
3 0 -86.036 6.771 211.675 -85.549 6.824 212.151 -88.310 7.766 214.909
3 0 -87.826 8.072 215.282 -88.310 7.766 214.909 -85.549 6.824 212.151
3 0 -85.549 6.824 212.151 -85.075 7.127 212.537 -87.826 8.072 215.282
3 0 -87.425 8.579 215.500 -87.826 8.072 215.282 -85.075 7.127 212.537
3 0 -85.075 7.127 212.537 -84.685 7.635 212.775 -87.425 8.579 215.500
3 0 -87.167 9.211 215.533 -87.425 8.579 215.500 -84.685 7.635 212.775
3 0 -84.685 7.635 212.775 -84.438 8.270 212.828 -87.167 9.211 215.533
3 0 -87.093 9.871 215.374 -87.167 9.211 215.533 -84.438 8.270 212.828
3 0 -84.438 8.270 212.828 -84.374 8.935 212.688 -87.093 9.871 215.374
3 0 -87.213 10.458 215.047 -87.093 9.871 215.374 -84.374 8.935 212.688
3 0 -84.374 8.935 212.688 -84.500 9.529 212.377 -87.213 10.458 215.047
3 0 -87.510 10.884 214.603 -87.213 10.458 215.047 -84.500 9.529 212.377
3 0 -84.500 9.529 212.377 -84.798 9.962 211.941 -87.510 10.884 214.603
3 0 -87.937 11.084 214.110 -87.510 10.884 214.603 -84.798 9.962 211.941
3 0 -84.798 9.962 211.941 -85.223 10.168 211.448 -87.937 11.084 214.110
3 0 -88.430 11.026 213.641 -87.937 11.084 214.110 -85.223 10.168 211.448
3 0 -85.223 10.168 211.448 -85.710 10.115 210.972 -88.430 11.026 213.641
3 0 -88.914 10.720 213.269 -88.430 11.026 213.641 -85.710 10.115 210.972
3 0 -85.710 10.115 210.972 -86.184 9.812 210.585 -88.914 10.720 213.269
3 0 -89.316 10.213 213.050 -88.914 10.720 213.269 -86.184 9.812 210.585
3 0 -86.184 9.812 210.585 -86.574 9.305 210.348 -89.316 10.213 213.050
3 0 -87.812 6.114 210.082 -90.609 7.038 212.888 -91.037 7.237 212.394
3 0 -91.037 7.237 212.394 -88.236 6.320 209.588 -87.812 6.114 210.082
3 0 -87.325 6.166 210.558 -90.116 7.095 213.356 -90.609 7.038 212.888
3 0 -90.609 7.038 212.888 -87.812 6.114 210.082 -87.325 6.166 210.558
3 0 -86.850 6.470 210.944 -89.632 7.401 213.728 -90.116 7.095 213.356
3 0 -90.116 7.095 213.356 -87.325 6.166 210.558 -86.850 6.470 210.944
3 0 -86.460 6.977 211.182 -89.231 7.908 213.947 -89.632 7.401 213.728
3 0 -89.632 7.401 213.728 -86.850 6.470 210.944 -86.460 6.977 211.182
3 0 -86.999 9.510 209.854 -89.743 10.412 212.556 -89.316 10.213 213.050
3 0 -89.316 10.213 213.050 -86.574 9.305 210.348 -86.999 9.510 209.854
3 0 -87.485 9.458 209.378 -90.236 10.355 212.088 -89.743 10.412 212.556
3 0 -89.743 10.412 212.556 -86.999 9.510 209.854 -87.485 9.458 209.378
3 0 -87.960 9.155 208.992 -90.720 10.049 211.716 -90.236 10.355 212.088
3 0 -90.236 10.355 212.088 -87.485 9.458 209.378 -87.960 9.155 208.992
3 0 -88.350 8.647 208.754 -91.122 9.542 211.497 -90.720 10.049 211.716
3 0 -90.720 10.049 211.716 -87.960 9.155 208.992 -88.350 8.647 208.754
3 0 -89.587 5.456 208.489 -92.415 6.367 211.335 -92.842 6.566 210.841
3 0 -92.842 6.566 210.841 -90.011 5.662 207.995 -89.587 5.456 208.489
3 0 -89.100 5.509 208.965 -91.922 6.424 211.803 -92.415 6.367 211.335
3 0 -92.415 6.367 211.335 -89.587 5.456 208.489 -89.100 5.509 208.965
3 0 -88.626 5.812 209.351 -91.437 6.730 212.175 -91.922 6.424 211.803
3 0 -91.922 6.424 211.803 -89.100 5.509 208.965 -88.626 5.812 209.351
3 0 -88.236 6.320 209.588 -91.037 7.237 212.394 -91.437 6.730 212.175
3 0 -91.437 6.730 212.175 -88.626 5.812 209.351 -88.236 6.320 209.588
3 0 -88.774 8.853 208.261 -91.549 9.742 211.003 -91.122 9.542 211.497
3 0 -91.122 9.542 211.497 -88.350 8.647 208.754 -88.774 8.853 208.261
3 0 -89.261 8.800 207.785 -92.042 9.684 210.535 -91.549 9.742 211.003
3 0 -91.549 9.742 211.003 -88.774 8.853 208.261 -89.261 8.800 207.785
3 0 -89.735 8.497 207.399 -92.526 9.378 210.163 -92.042 9.684 210.535
3 0 -92.042 9.684 210.535 -89.261 8.800 207.785 -89.735 8.497 207.399
3 0 -90.125 7.990 207.161 -92.927 8.871 209.944 -92.526 9.378 210.163
3 0 -92.526 9.378 210.163 -89.735 8.497 207.399 -90.125 7.990 207.161
3 0 -93.355 9.071 209.450 -92.927 8.871 209.944 -90.125 7.990 207.161
3 0 -90.125 7.990 207.161 -90.550 8.195 206.668 -93.355 9.071 209.450
3 0 -93.848 9.013 208.981 -93.355 9.071 209.450 -90.550 8.195 206.668
3 0 -90.550 8.195 206.668 -91.037 8.143 206.192 -93.848 9.013 208.981
3 0 -94.332 8.707 208.609 -93.848 9.013 208.981 -91.037 8.143 206.192
3 0 -91.037 8.143 206.192 -91.511 7.840 205.806 -94.332 8.707 208.609
3 0 -94.733 8.200 208.391 -94.332 8.707 208.609 -91.511 7.840 205.806
3 0 -91.511 7.840 205.806 -91.901 7.332 205.568 -94.733 8.200 208.391
3 0 -94.991 7.568 208.358 -94.733 8.200 208.391 -91.901 7.332 205.568
3 0 -91.901 7.332 205.568 -92.147 6.697 205.515 -94.991 7.568 208.358
3 0 -95.065 6.909 208.517 -94.991 7.568 208.358 -92.147 6.697 205.515
3 0 -92.147 6.697 205.515 -92.212 6.032 205.655 -95.065 6.909 208.517
3 0 -94.945 6.321 208.844 -95.065 6.909 208.517 -92.212 6.032 205.655
3 0 -92.212 6.032 205.655 -92.086 5.438 205.966 -94.945 6.321 208.844
3 0 -94.648 5.895 209.288 -94.945 6.321 208.844 -92.086 5.438 205.966
3 0 -92.086 5.438 205.966 -91.787 5.005 206.402 -94.648 5.895 209.288
3 0 -94.221 5.696 209.781 -94.648 5.895 209.288 -91.787 5.005 206.402
3 0 -91.787 5.005 206.402 -91.363 4.799 206.895 -94.221 5.696 209.781
3 0 -93.728 5.753 210.250 -94.221 5.696 209.781 -91.363 4.799 206.895
3 0 -91.363 4.799 206.895 -90.876 4.851 207.371 -93.728 5.753 210.250
3 0 -93.244 6.059 210.622 -93.728 5.753 210.250 -90.876 4.851 207.371
3 0 -90.876 4.851 207.371 -90.402 5.155 207.758 -93.244 6.059 210.622
3 0 -92.842 6.566 210.841 -93.244 6.059 210.622 -90.402 5.155 207.758
3 0 -90.402 5.155 207.758 -90.011 5.662 207.995 -92.842 6.566 210.841
3 0 -91.482 8.779 217.189 -91.914 8.974 216.697 -89.231 7.908 213.947
3 0 -89.231 7.908 213.947 -88.803 7.709 214.441 -91.482 8.779 217.189
3 0 -90.970 8.835 217.637 -91.482 8.779 217.189 -88.803 7.709 214.441
3 0 -88.803 7.709 214.441 -88.310 7.766 214.909 -90.970 8.835 217.637
3 0 -90.455 9.133 217.972 -90.970 8.835 217.637 -88.310 7.766 214.909
3 0 -88.310 7.766 214.909 -87.826 8.072 215.282 -90.455 9.133 217.972
3 0 -90.016 9.627 218.145 -90.455 9.133 217.972 -87.826 8.072 215.282
3 0 -87.826 8.072 215.282 -87.425 8.579 215.500 -90.016 9.627 218.145
3 0 -89.720 10.242 218.128 -90.016 9.627 218.145 -87.425 8.579 215.500
3 0 -87.425 8.579 215.500 -87.167 9.211 215.533 -89.720 10.242 218.128
3 0 -89.612 10.884 217.924 -89.720 10.242 218.128 -87.167 9.211 215.533
3 0 -87.167 9.211 215.533 -87.093 9.871 215.374 -89.612 10.884 217.924
3 0 -89.709 11.457 217.565 -89.612 10.884 217.924 -87.093 9.871 215.374
3 0 -87.093 9.871 215.374 -87.213 10.458 215.047 -89.709 11.457 217.565
3 0 -89.995 11.872 217.104 -89.709 11.457 217.565 -87.213 10.458 215.047
3 0 -87.213 10.458 215.047 -87.510 10.884 214.603 -89.995 11.872 217.104
3 0 -90.427 12.066 216.612 -89.995 11.872 217.104 -87.510 10.884 214.603
3 0 -87.510 10.884 214.603 -87.937 11.084 214.110 -90.427 12.066 216.612
3 0 -90.939 12.010 216.165 -90.427 12.066 216.612 -87.937 11.084 214.110
3 0 -87.937 11.084 214.110 -88.430 11.026 213.641 -90.939 12.010 216.165
3 0 -91.454 11.713 215.829 -90.939 12.010 216.165 -88.430 11.026 213.641
3 0 -88.430 11.026 213.641 -88.914 10.720 213.269 -91.454 11.713 215.829
3 0 -91.893 11.219 215.657 -91.454 11.713 215.829 -88.914 10.720 213.269
3 0 -88.914 10.720 213.269 -89.316 10.213 213.050 -91.893 11.219 215.657
3 0 -90.609 7.038 212.888 -93.381 8.126 215.742 -93.813 8.321 215.250
3 0 -93.813 8.321 215.250 -91.037 7.237 212.394 -90.609 7.038 212.888
3 0 -90.116 7.095 213.356 -92.868 8.182 216.189 -93.381 8.126 215.742
3 0 -93.381 8.126 215.742 -90.609 7.038 212.888 -90.116 7.095 213.356
3 0 -89.632 7.401 213.728 -92.353 8.480 216.525 -92.868 8.182 216.189
3 0 -92.868 8.182 216.189 -90.116 7.095 213.356 -89.632 7.401 213.728
3 0 -89.231 7.908 213.947 -91.914 8.974 216.697 -92.353 8.480 216.525
3 0 -92.353 8.480 216.525 -89.632 7.401 213.728 -89.231 7.908 213.947
3 0 -89.743 10.412 212.556 -92.325 11.413 215.165 -91.893 11.219 215.657
3 0 -91.893 11.219 215.657 -89.316 10.213 213.050 -89.743 10.412 212.556
3 0 -90.236 10.355 212.088 -92.838 11.357 214.717 -92.325 11.413 215.165
3 0 -92.325 11.413 215.165 -89.743 10.412 212.556 -90.236 10.355 212.088
3 0 -90.720 10.049 211.716 -93.353 11.060 214.382 -92.838 11.357 214.717
3 0 -92.838 11.357 214.717 -90.236 10.355 212.088 -90.720 10.049 211.716
3 0 -91.122 9.542 211.497 -93.791 10.566 214.209 -93.353 11.060 214.382
3 0 -93.353 11.060 214.382 -90.720 10.049 211.716 -91.122 9.542 211.497
3 0 -92.415 6.367 211.335 -95.278 7.474 214.295 -95.710 7.668 213.803
3 0 -95.710 7.668 213.803 -92.842 6.566 210.841 -92.415 6.367 211.335
3 0 -91.922 6.424 211.803 -94.766 7.529 214.742 -95.278 7.474 214.295
3 0 -95.278 7.474 214.295 -92.415 6.367 211.335 -91.922 6.424 211.803
3 0 -91.437 6.730 212.175 -94.251 7.827 215.078 -94.766 7.529 214.742
3 0 -94.766 7.529 214.742 -91.922 6.424 211.803 -91.437 6.730 212.175
3 0 -91.037 7.237 212.394 -93.813 8.321 215.250 -94.251 7.827 215.078
3 0 -94.251 7.827 215.078 -91.437 6.730 212.175 -91.037 7.237 212.394
3 0 -91.549 9.742 211.003 -94.223 10.760 213.718 -93.791 10.566 214.209
3 0 -93.791 10.566 214.209 -91.122 9.542 211.497 -91.549 9.742 211.003
3 0 -92.042 9.684 210.535 -94.735 10.705 213.270 -94.223 10.760 213.718
3 0 -94.223 10.760 213.718 -91.549 9.742 211.003 -92.042 9.684 210.535
3 0 -92.526 9.378 210.163 -95.250 10.407 212.935 -94.735 10.705 213.270
3 0 -94.735 10.705 213.270 -92.042 9.684 210.535 -92.526 9.378 210.163
3 0 -92.927 8.871 209.944 -95.689 9.913 212.762 -95.250 10.407 212.935
3 0 -95.250 10.407 212.935 -92.526 9.378 210.163 -92.927 8.871 209.944
3 0 -96.121 10.107 212.270 -95.689 9.913 212.762 -92.927 8.871 209.944
3 0 -92.927 8.871 209.944 -93.355 9.071 209.450 -96.121 10.107 212.270
3 0 -96.634 10.052 211.823 -96.121 10.107 212.270 -93.355 9.071 209.450
3 0 -93.355 9.071 209.450 -93.848 9.013 208.981 -96.634 10.052 211.823
3 0 -97.149 9.754 211.487 -96.634 10.052 211.823 -93.848 9.013 208.981
3 0 -93.848 9.013 208.981 -94.332 8.707 208.609 -97.149 9.754 211.487
3 0 -97.587 9.260 211.315 -97.149 9.754 211.487 -94.332 8.707 208.609
3 0 -94.332 8.707 208.609 -94.733 8.200 208.391 -97.587 9.260 211.315
3 0 -97.883 8.645 211.332 -97.587 9.260 211.315 -94.733 8.200 208.391
3 0 -94.733 8.200 208.391 -94.991 7.568 208.358 -97.883 8.645 211.332
3 0 -97.991 8.002 211.535 -97.883 8.645 211.332 -94.991 7.568 208.358
3 0 -94.991 7.568 208.358 -95.065 6.909 208.517 -97.991 8.002 211.535
3 0 -97.895 7.430 211.895 -97.991 8.002 211.535 -95.065 6.909 208.517
3 0 -95.065 6.909 208.517 -94.945 6.321 208.844 -97.895 7.430 211.895
3 0 -97.609 7.015 212.356 -97.895 7.430 211.895 -94.945 6.321 208.844
3 0 -94.945 6.321 208.844 -94.648 5.895 209.288 -97.609 7.015 212.356
3 0 -97.177 6.821 212.847 -97.609 7.015 212.356 -94.648 5.895 209.288
3 0 -94.648 5.895 209.288 -94.221 5.696 209.781 -97.177 6.821 212.847
3 0 -96.664 6.876 213.295 -97.177 6.821 212.847 -94.221 5.696 209.781
3 0 -94.221 5.696 209.781 -93.728 5.753 210.250 -96.664 6.876 213.295
3 0 -96.149 7.174 213.631 -96.664 6.876 213.295 -93.728 5.753 210.250
3 0 -93.728 5.753 210.250 -93.244 6.059 210.622 -96.149 7.174 213.631
3 0 -95.710 7.668 213.803 -96.149 7.174 213.631 -93.244 6.059 210.622
3 0 -93.244 6.059 210.622 -92.842 6.566 210.841 -95.710 7.668 213.803
3 0 -93.800 10.330 219.855 -94.244 10.521 219.373 -91.914 8.974 216.697
3 0 -91.914 8.974 216.697 -91.482 8.779 217.189 -93.800 10.330 219.855
3 0 -93.240 10.359 220.244 -93.800 10.330 219.855 -91.482 8.779 217.189
3 0 -91.482 8.779 217.189 -90.970 8.835 217.637 -93.240 10.359 220.244
3 0 -92.648 10.604 220.480 -93.240 10.359 220.244 -90.970 8.835 217.637
3 0 -90.970 8.835 217.637 -90.455 9.133 217.972 -92.648 10.604 220.480
3 0 -92.115 11.029 220.528 -92.648 10.604 220.480 -90.455 9.133 217.972
3 0 -90.455 9.133 217.972 -90.016 9.627 218.145 -92.115 11.029 220.528
3 0 -91.722 11.567 220.380 -92.115 11.029 220.528 -90.016 9.627 218.145
3 0 -90.016 9.627 218.145 -89.720 10.242 218.128 -91.722 11.567 220.380
3 0 -91.529 12.138 220.059 -91.722 11.567 220.380 -89.720 10.242 218.128
3 0 -89.720 10.242 218.128 -89.612 10.884 217.924 -91.529 12.138 220.059
3 0 -91.565 12.654 219.613 -91.529 12.138 220.059 -89.612 10.884 217.924
3 0 -89.612 10.884 217.924 -89.709 11.457 217.565 -91.565 12.654 219.613
3 0 -91.825 13.037 219.111 -91.565 12.654 219.613 -89.709 11.457 217.565
3 0 -89.709 11.457 217.565 -89.995 11.872 217.104 -91.825 13.037 219.111
3 0 -92.269 13.228 218.629 -91.825 13.037 219.111 -89.995 11.872 217.104
3 0 -89.995 11.872 217.104 -90.427 12.066 216.612 -92.269 13.228 218.629
3 0 -92.830 13.199 218.240 -92.269 13.228 218.629 -90.427 12.066 216.612
3 0 -90.427 12.066 216.612 -90.939 12.010 216.165 -92.830 13.199 218.240
3 0 -93.422 12.954 218.004 -92.830 13.199 218.240 -90.939 12.010 216.165
3 0 -90.939 12.010 216.165 -91.454 11.713 215.829 -93.422 12.954 218.004
3 0 -93.954 12.529 217.956 -93.422 12.954 218.004 -91.454 11.713 215.829
3 0 -91.454 11.713 215.829 -91.893 11.219 215.657 -93.954 12.529 217.956
3 0 -93.381 8.126 215.742 -95.930 9.822 218.700 -96.374 10.014 218.218
3 0 -96.374 10.014 218.218 -93.813 8.321 215.250 -93.381 8.126 215.742
3 0 -92.868 8.182 216.189 -95.369 9.851 219.089 -95.930 9.822 218.700
3 0 -95.930 9.822 218.700 -93.381 8.126 215.742 -92.868 8.182 216.189
3 0 -92.353 8.480 216.525 -94.777 10.097 219.325 -95.369 9.851 219.089
3 0 -95.369 9.851 219.089 -92.868 8.182 216.189 -92.353 8.480 216.525
3 0 -91.914 8.974 216.697 -94.244 10.521 219.373 -94.777 10.097 219.325
3 0 -94.777 10.097 219.325 -92.353 8.480 216.525 -91.914 8.974 216.697
3 0 -92.325 11.413 215.165 -94.399 12.721 217.474 -93.954 12.529 217.956
3 0 -93.954 12.529 217.956 -91.893 11.219 215.657 -92.325 11.413 215.165
3 0 -92.838 11.357 214.717 -94.959 12.692 217.085 -94.399 12.721 217.474
3 0 -94.399 12.721 217.474 -92.325 11.413 215.165 -92.838 11.357 214.717
3 0 -93.353 11.060 214.382 -95.551 12.446 216.849 -94.959 12.692 217.085
3 0 -94.959 12.692 217.085 -92.838 11.357 214.717 -93.353 11.060 214.382
3 0 -93.791 10.566 214.209 -96.084 12.022 216.801 -95.551 12.446 216.849
3 0 -95.551 12.446 216.849 -93.353 11.060 214.382 -93.791 10.566 214.209
3 0 -95.278 7.474 214.295 -98.058 9.315 217.545 -98.502 9.506 217.063
3 0 -98.502 9.506 217.063 -95.710 7.668 213.803 -95.278 7.474 214.295
3 0 -94.766 7.529 214.742 -97.498 9.344 217.934 -98.058 9.315 217.545
3 0 -98.058 9.315 217.545 -95.278 7.474 214.295 -94.766 7.529 214.742
3 0 -94.251 7.827 215.078 -96.906 9.590 218.170 -97.498 9.344 217.934
3 0 -97.498 9.344 217.934 -94.766 7.529 214.742 -94.251 7.827 215.078
3 0 -93.813 8.321 215.250 -96.374 10.014 218.218 -96.906 9.590 218.170
3 0 -96.906 9.590 218.170 -94.251 7.827 215.078 -93.813 8.321 215.250
3 0 -94.223 10.760 213.718 -96.527 12.214 216.319 -96.084 12.022 216.801
3 0 -96.084 12.022 216.801 -93.791 10.566 214.209 -94.223 10.760 213.718
3 0 -94.735 10.705 213.270 -97.087 12.184 215.931 -96.527 12.214 216.319
3 0 -96.527 12.214 216.319 -94.223 10.760 213.718 -94.735 10.705 213.270
3 0 -95.250 10.407 212.935 -97.679 11.939 215.694 -97.087 12.184 215.931
3 0 -97.087 12.184 215.931 -94.735 10.705 213.270 -95.250 10.407 212.935
3 0 -95.689 9.913 212.762 -98.212 11.515 215.646 -97.679 11.939 215.694
3 0 -97.679 11.939 215.694 -95.250 10.407 212.935 -95.689 9.913 212.762
3 0 -98.656 11.706 215.164 -98.212 11.515 215.646 -95.689 9.913 212.762
3 0 -95.689 9.913 212.762 -96.121 10.107 212.270 -98.656 11.706 215.164
3 0 -99.217 11.677 214.775 -98.656 11.706 215.164 -96.121 10.107 212.270
3 0 -96.121 10.107 212.270 -96.634 10.052 211.823 -99.217 11.677 214.775
3 0 -99.808 11.431 214.539 -99.217 11.677 214.775 -96.634 10.052 211.823
3 0 -96.634 10.052 211.823 -97.149 9.754 211.487 -99.808 11.431 214.539
3 0 -100.341 11.007 214.491 -99.808 11.431 214.539 -97.149 9.754 211.487
3 0 -97.149 9.754 211.487 -97.587 9.260 211.315 -100.341 11.007 214.491
3 0 -100.734 10.469 214.639 -100.341 11.007 214.491 -97.587 9.260 211.315
3 0 -97.587 9.260 211.315 -97.883 8.645 211.332 -100.734 10.469 214.639
3 0 -100.927 9.898 214.960 -100.734 10.469 214.639 -97.883 8.645 211.332
3 0 -97.883 8.645 211.332 -97.991 8.002 211.535 -100.927 9.898 214.960
3 0 -100.891 9.382 215.406 -100.927 9.898 214.960 -97.991 8.002 211.535
3 0 -97.991 8.002 211.535 -97.895 7.430 211.895 -100.891 9.382 215.406
3 0 -100.631 8.999 215.908 -100.891 9.382 215.406 -97.895 7.430 211.895
3 0 -97.895 7.430 211.895 -97.609 7.015 212.356 -100.631 8.999 215.908
3 0 -100.187 8.807 216.390 -100.631 8.999 215.908 -97.609 7.015 212.356
3 0 -97.609 7.015 212.356 -97.177 6.821 212.847 -100.187 8.807 216.390
3 0 -99.627 8.837 216.779 -100.187 8.807 216.390 -97.177 6.821 212.847
3 0 -97.177 6.821 212.847 -96.664 6.876 213.295 -99.627 8.837 216.779
3 0 -99.035 9.082 217.015 -99.627 8.837 216.779 -96.664 6.876 213.295
3 0 -96.664 6.876 213.295 -96.149 7.174 213.631 -99.035 9.082 217.015
3 0 -98.502 9.506 217.063 -99.035 9.082 217.015 -96.149 7.174 213.631
3 0 -96.149 7.174 213.631 -95.710 7.668 213.803 -98.502 9.506 217.063
3 0 -95.190 12.998 222.252 -95.647 13.192 221.784 -94.244 10.521 219.373
3 0 -94.244 10.521 219.373 -93.800 10.330 219.855 -95.190 12.998 222.252
3 0 -94.589 12.975 222.577 -95.190 12.998 222.252 -93.800 10.330 219.855
3 0 -93.800 10.330 219.855 -93.240 10.359 220.244 -94.589 12.975 222.577
3 0 -93.937 13.128 222.707 -94.589 12.975 222.577 -93.240 10.359 220.244
3 0 -93.240 10.359 220.244 -92.648 10.604 220.480 -93.937 13.128 222.707
3 0 -93.332 13.433 222.624 -93.937 13.128 222.707 -92.648 10.604 220.480
3 0 -92.648 10.604 220.480 -92.115 11.029 220.528 -93.332 13.433 222.624
3 0 -92.866 13.844 222.341 -93.332 13.433 222.624 -92.115 11.029 220.528
3 0 -92.115 11.029 220.528 -91.722 11.567 220.380 -92.866 13.844 222.341
3 0 -92.610 14.297 221.899 -92.866 13.844 222.341 -91.722 11.567 220.380
3 0 -91.722 11.567 220.380 -91.529 12.138 220.059 -92.610 14.297 221.899
3 0 -92.604 14.725 221.367 -92.610 14.297 221.899 -91.529 12.138 220.059
3 0 -91.529 12.138 220.059 -91.565 12.654 219.613 -92.604 14.725 221.367
3 0 -92.848 15.062 220.825 -92.604 14.725 221.367 -91.565 12.654 219.613
3 0 -91.565 12.654 219.613 -91.825 13.037 219.111 -92.848 15.062 220.825
3 0 -93.305 15.257 220.357 -92.848 15.062 220.825 -91.825 13.037 219.111
3 0 -91.825 13.037 219.111 -92.269 13.228 218.629 -93.305 15.257 220.357
3 0 -93.905 15.279 220.032 -93.305 15.257 220.357 -92.269 13.228 218.629
3 0 -92.269 13.228 218.629 -92.830 13.199 218.240 -93.905 15.279 220.032
3 0 -94.558 15.126 219.902 -93.905 15.279 220.032 -92.830 13.199 218.240
3 0 -92.830 13.199 218.240 -93.422 12.954 218.004 -94.558 15.126 219.902
3 0 -95.163 14.821 219.985 -94.558 15.126 219.902 -93.422 12.954 218.004
3 0 -93.422 12.954 218.004 -93.954 12.529 217.956 -95.163 14.821 219.985
3 0 -95.930 9.822 218.700 -97.505 12.757 221.412 -97.962 12.951 220.943
3 0 -97.962 12.951 220.943 -96.374 10.014 218.218 -95.930 9.822 218.700
3 0 -95.369 9.851 219.089 -96.905 12.734 221.736 -97.505 12.757 221.412
3 0 -97.505 12.757 221.412 -95.930 9.822 218.700 -95.369 9.851 219.089
3 0 -94.777 10.097 219.325 -96.252 12.887 221.867 -96.905 12.734 221.736
3 0 -96.905 12.734 221.736 -95.369 9.851 219.089 -94.777 10.097 219.325
3 0 -94.244 10.521 219.373 -95.647 13.192 221.784 -96.252 12.887 221.867
3 0 -96.252 12.887 221.867 -94.777 10.097 219.325 -94.244 10.521 219.373
3 0 -94.399 12.721 217.474 -95.620 15.016 219.516 -95.163 14.821 219.985
3 0 -95.163 14.821 219.985 -93.954 12.529 217.956 -94.399 12.721 217.474
3 0 -94.959 12.692 217.085 -96.221 15.038 219.192 -95.620 15.016 219.516
3 0 -95.620 15.016 219.516 -94.399 12.721 217.474 -94.959 12.692 217.085
3 0 -95.551 12.446 216.849 -96.873 14.885 219.061 -96.221 15.038 219.192
3 0 -96.221 15.038 219.192 -94.959 12.692 217.085 -95.551 12.446 216.849
3 0 -96.084 12.022 216.801 -97.478 14.580 219.144 -96.873 14.885 219.061
3 0 -96.873 14.885 219.061 -95.551 12.446 216.849 -96.084 12.022 216.801
3 0 -98.058 9.315 217.545 -99.819 12.516 220.571 -100.276 12.710 220.103
3 0 -100.276 12.710 220.103 -98.502 9.506 217.063 -98.058 9.315 217.545
3 0 -97.498 9.344 217.934 -99.219 12.493 220.895 -99.819 12.516 220.571
3 0 -99.819 12.516 220.571 -98.058 9.315 217.545 -97.498 9.344 217.934
3 0 -96.906 9.590 218.170 -98.567 12.646 221.026 -99.219 12.493 220.895
3 0 -99.219 12.493 220.895 -97.498 9.344 217.934 -96.906 9.590 218.170
3 0 -96.374 10.014 218.218 -97.962 12.951 220.943 -98.567 12.646 221.026
3 0 -98.567 12.646 221.026 -96.906 9.590 218.170 -96.374 10.014 218.218
3 0 -96.527 12.214 216.319 -97.934 14.775 218.676 -97.478 14.580 219.144
3 0 -97.478 14.580 219.144 -96.084 12.022 216.801 -96.527 12.214 216.319
3 0 -97.087 12.184 215.931 -98.535 14.797 218.351 -97.934 14.775 218.676
3 0 -97.934 14.775 218.676 -96.527 12.214 216.319 -97.087 12.184 215.931
3 0 -97.679 11.939 215.694 -99.187 14.644 218.221 -98.535 14.797 218.351
3 0 -98.535 14.797 218.351 -97.087 12.184 215.931 -97.679 11.939 215.694
3 0 -98.212 11.515 215.646 -99.793 14.339 218.303 -99.187 14.644 218.221
3 0 -99.187 14.644 218.221 -97.679 11.939 215.694 -98.212 11.515 215.646
3 0 -100.250 14.534 217.835 -99.793 14.339 218.303 -98.212 11.515 215.646
3 0 -98.212 11.515 215.646 -98.656 11.706 215.164 -100.250 14.534 217.835
3 0 -100.850 14.556 217.510 -100.250 14.534 217.835 -98.656 11.706 215.164
3 0 -98.656 11.706 215.164 -99.217 11.677 214.775 -100.850 14.556 217.510
3 0 -101.503 14.403 217.380 -100.850 14.556 217.510 -99.217 11.677 214.775
3 0 -99.217 11.677 214.775 -99.808 11.431 214.539 -101.503 14.403 217.380
3 0 -102.108 14.098 217.463 -101.503 14.403 217.380 -99.808 11.431 214.539
3 0 -99.808 11.431 214.539 -100.341 11.007 214.491 -102.108 14.098 217.463
3 0 -102.574 13.688 217.747 -102.108 14.098 217.463 -100.341 11.007 214.491
3 0 -100.341 11.007 214.491 -100.734 10.469 214.639 -102.574 13.688 217.747
3 0 -102.829 13.234 218.188 -102.574 13.688 217.747 -100.734 10.469 214.639
3 0 -100.734 10.469 214.639 -100.927 9.898 214.960 -102.829 13.234 218.188
3 0 -102.836 12.806 218.720 -102.829 13.234 218.188 -100.927 9.898 214.960
3 0 -100.927 9.898 214.960 -100.891 9.382 215.406 -102.836 12.806 218.720
3 0 -102.592 12.469 219.262 -102.836 12.806 218.720 -100.891 9.382 215.406
3 0 -100.891 9.382 215.406 -100.631 8.999 215.908 -102.592 12.469 219.262
3 0 -102.135 12.275 219.730 -102.592 12.469 219.262 -100.631 8.999 215.908
3 0 -100.631 8.999 215.908 -100.187 8.807 216.390 -102.135 12.275 219.730
3 0 -101.534 12.252 220.055 -102.135 12.275 219.730 -100.187 8.807 216.390
3 0 -100.187 8.807 216.390 -99.627 8.837 216.779 -101.534 12.252 220.055
3 0 -100.882 12.405 220.185 -101.534 12.252 220.055 -99.627 8.837 216.779
3 0 -99.627 8.837 216.779 -99.035 9.082 217.015 -100.882 12.405 220.185
3 0 -100.276 12.710 220.103 -100.882 12.405 220.185 -99.035 9.082 217.015
3 0 -99.035 9.082 217.015 -98.502 9.506 217.063 -100.276 12.710 220.103
3 0 -96.017 16.160 224.423 -96.480 16.361 223.963 -95.647 13.192 221.784
3 0 -95.647 13.192 221.784 -95.190 12.998 222.252 -96.017 16.160 224.423
3 0 -95.403 16.101 224.715 -96.017 16.160 224.423 -95.190 12.998 222.252
3 0 -95.190 12.998 222.252 -94.589 12.975 222.577 -95.403 16.101 224.715
3 0 -94.730 16.191 224.794 -95.403 16.101 224.715 -94.589 12.975 222.577
3 0 -94.589 12.975 222.577 -93.937 13.128 222.707 -94.730 16.191 224.794
3 0 -94.103 16.417 224.649 -94.730 16.191 224.794 -93.937 13.128 222.707
3 0 -93.937 13.128 222.707 -93.332 13.433 222.624 -94.103 16.417 224.649
3 0 -93.615 16.745 224.301 -94.103 16.417 224.649 -93.332 13.433 222.624
3 0 -93.332 13.433 222.624 -92.866 13.844 222.341 -93.615 16.745 224.301
3 0 -93.342 17.124 223.804 -93.615 16.745 224.301 -92.866 13.844 222.341
3 0 -92.866 13.844 222.341 -92.610 14.297 221.899 -93.342 17.124 223.804
3 0 -93.324 17.498 223.232 -93.342 17.124 223.804 -92.610 14.297 221.899
3 0 -92.610 14.297 221.899 -92.604 14.725 221.367 -93.324 17.498 223.232
3 0 -93.566 17.809 222.674 -93.324 17.498 223.232 -92.604 14.725 221.367
3 0 -92.604 14.725 221.367 -92.848 15.062 220.825 -93.566 17.809 222.674
3 0 -94.029 18.009 222.214 -93.566 17.809 222.674 -92.848 15.062 220.825
3 0 -92.848 15.062 220.825 -93.305 15.257 220.357 -94.029 18.009 222.214
3 0 -94.643 18.069 221.922 -94.029 18.009 222.214 -93.305 15.257 220.357
3 0 -93.305 15.257 220.357 -93.905 15.279 220.032 -94.643 18.069 221.922
3 0 -95.315 17.979 221.843 -94.643 18.069 221.922 -93.905 15.279 220.032
3 0 -93.905 15.279 220.032 -94.558 15.126 219.902 -95.315 17.979 221.843
3 0 -95.943 17.753 221.988 -95.315 17.979 221.843 -94.558 15.126 219.902
3 0 -94.558 15.126 219.902 -95.163 14.821 219.985 -95.943 17.753 221.988
3 0 -97.505 12.757 221.412 -98.394 16.104 223.737 -98.857 16.305 223.277
3 0 -98.857 16.305 223.277 -97.962 12.951 220.943 -97.505 12.757 221.412
3 0 -96.905 12.734 221.736 -97.780 16.045 224.029 -98.394 16.104 223.737
3 0 -98.394 16.104 223.737 -97.505 12.757 221.412 -96.905 12.734 221.736
3 0 -96.252 12.887 221.867 -97.108 16.135 224.108 -97.780 16.045 224.029
3 0 -97.780 16.045 224.029 -96.905 12.734 221.736 -96.252 12.887 221.867
3 0 -95.647 13.192 221.784 -96.480 16.361 223.963 -97.108 16.135 224.108
3 0 -97.108 16.135 224.108 -96.252 12.887 221.867 -95.647 13.192 221.784
3 0 -95.620 15.016 219.516 -96.406 17.953 221.528 -95.943 17.753 221.988
3 0 -95.943 17.753 221.988 -95.163 14.821 219.985 -95.620 15.016 219.516
3 0 -96.221 15.038 219.192 -97.020 18.013 221.236 -96.406 17.953 221.528
3 0 -96.406 17.953 221.528 -95.620 15.016 219.516 -96.221 15.038 219.192
3 0 -96.873 14.885 219.061 -97.693 17.923 221.157 -97.020 18.013 221.236
3 0 -97.020 18.013 221.236 -96.221 15.038 219.192 -96.873 14.885 219.061
3 0 -97.478 14.580 219.144 -98.320 17.697 221.302 -97.693 17.923 221.157
3 0 -97.693 17.923 221.157 -96.873 14.885 219.061 -97.478 14.580 219.144
3 0 -99.819 12.516 220.571 -100.771 16.048 223.051 -101.234 16.249 222.591
3 0 -101.234 16.249 222.591 -100.276 12.710 220.103 -99.819 12.516 220.571
3 0 -99.219 12.493 220.895 -100.156 15.988 223.343 -100.771 16.048 223.051
3 0 -100.771 16.048 223.051 -99.819 12.516 220.571 -99.219 12.493 220.895
3 0 -98.567 12.646 221.026 -99.484 16.079 223.422 -100.156 15.988 223.343
3 0 -100.156 15.988 223.343 -99.219 12.493 220.895 -98.567 12.646 221.026
3 0 -97.962 12.951 220.943 -98.857 16.305 223.277 -99.484 16.079 223.422
3 0 -99.484 16.079 223.422 -98.567 12.646 221.026 -97.962 12.951 220.943
3 0 -97.934 14.775 218.676 -98.782 17.897 220.842 -98.320 17.697 221.302
3 0 -98.320 17.697 221.302 -97.478 14.580 219.144 -97.934 14.775 218.676
3 0 -98.535 14.797 218.351 -99.397 17.957 220.550 -98.782 17.897 220.842
3 0 -98.782 17.897 220.842 -97.934 14.775 218.676 -98.535 14.797 218.351
3 0 -99.187 14.644 218.221 -100.069 17.867 220.471 -99.397 17.957 220.550
3 0 -99.397 17.957 220.550 -98.535 14.797 218.351 -99.187 14.644 218.221
3 0 -99.793 14.339 218.303 -100.697 17.640 220.616 -100.069 17.867 220.471
3 0 -100.069 17.867 220.471 -99.187 14.644 218.221 -99.793 14.339 218.303
3 0 -101.160 17.841 220.156 -100.697 17.640 220.616 -99.793 14.339 218.303
3 0 -99.793 14.339 218.303 -100.250 14.534 217.835 -101.160 17.841 220.156
3 0 -101.774 17.901 219.864 -101.160 17.841 220.156 -100.250 14.534 217.835
3 0 -100.250 14.534 217.835 -100.850 14.556 217.510 -101.774 17.901 219.864
3 0 -102.446 17.811 219.785 -101.774 17.901 219.864 -100.850 14.556 217.510
3 0 -100.850 14.556 217.510 -101.503 14.403 217.380 -102.446 17.811 219.785
3 0 -103.074 17.584 219.930 -102.446 17.811 219.785 -101.503 14.403 217.380
3 0 -101.503 14.403 217.380 -102.108 14.098 217.463 -103.074 17.584 219.930
3 0 -103.562 17.257 220.278 -103.074 17.584 219.930 -102.108 14.098 217.463
3 0 -102.108 14.098 217.463 -102.574 13.688 217.747 -103.562 17.257 220.278
3 0 -103.835 16.877 220.776 -103.562 17.257 220.278 -102.574 13.688 217.747
3 0 -102.574 13.688 217.747 -102.829 13.234 218.188 -103.835 16.877 220.776
3 0 -103.852 16.503 221.347 -103.835 16.877 220.776 -102.829 13.234 218.188
3 0 -102.829 13.234 218.188 -102.836 12.806 218.720 -103.852 16.503 221.347
3 0 -103.611 16.193 221.905 -103.852 16.503 221.347 -102.836 12.806 218.720
3 0 -102.836 12.806 218.720 -102.592 12.469 219.262 -103.611 16.193 221.905
3 0 -103.148 15.992 222.365 -103.611 16.193 221.905 -102.592 12.469 219.262
3 0 -102.592 12.469 219.262 -102.135 12.275 219.730 -103.148 15.992 222.365
3 0 -102.534 15.932 222.657 -103.148 15.992 222.365 -102.135 12.275 219.730
3 0 -102.135 12.275 219.730 -101.534 12.252 220.055 -102.534 15.932 222.657
3 0 -101.862 16.022 222.736 -102.534 15.932 222.657 -101.534 12.252 220.055
3 0 -101.534 12.252 220.055 -100.882 12.405 220.185 -101.862 16.022 222.736
3 0 -101.234 16.249 222.591 -101.862 16.022 222.736 -100.882 12.405 220.185
3 0 -100.882 12.405 220.185 -100.276 12.710 220.103 -101.234 16.249 222.591
3 0 -96.541 19.527 226.455 -97.005 19.734 225.999 -96.480 16.361 223.963
3 0 -96.480 16.361 223.963 -96.017 16.160 224.423 -96.541 19.527 226.455
3 0 -95.923 19.443 226.732 -96.541 19.527 226.455 -96.017 16.160 224.423
3 0 -96.017 16.160 224.423 -95.403 16.101 224.715 -95.923 19.443 226.732
3 0 -95.244 19.493 226.788 -95.923 19.443 226.732 -95.403 16.101 224.715
3 0 -95.403 16.101 224.715 -94.730 16.191 224.794 -95.244 19.493 226.788
3 0 -94.609 19.672 226.613 -95.244 19.493 226.788 -94.730 16.191 224.794
3 0 -94.730 16.191 224.794 -94.103 16.417 224.649 -94.609 19.672 226.613
3 0 -94.113 19.950 226.235 -94.609 19.672 226.613 -94.103 16.417 224.649
3 0 -94.103 16.417 224.649 -93.615 16.745 224.301 -94.113 19.950 226.235
3 0 -93.832 20.287 225.712 -94.113 19.950 226.235 -93.615 16.745 224.301
3 0 -93.615 16.745 224.301 -93.342 17.124 223.804 -93.832 20.287 225.712
3 0 -93.810 20.630 225.122 -93.832 20.287 225.712 -93.342 17.124 223.804
3 0 -93.342 17.124 223.804 -93.324 17.498 223.232 -93.810 20.630 225.122
3 0 -94.049 20.928 224.556 -93.810 20.630 225.122 -93.324 17.498 223.232
3 0 -93.324 17.498 223.232 -93.566 17.809 222.674 -94.049 20.928 224.556
3 0 -94.512 21.135 224.099 -94.049 20.928 224.556 -93.566 17.809 222.674
3 0 -93.566 17.809 222.674 -94.029 18.009 222.214 -94.512 21.135 224.099
3 0 -95.131 21.219 223.822 -94.512 21.135 224.099 -94.029 18.009 222.214
3 0 -94.029 18.009 222.214 -94.643 18.069 221.922 -95.131 21.219 223.822
3 0 -95.809 21.168 223.767 -95.131 21.219 223.822 -94.643 18.069 221.922
3 0 -94.643 18.069 221.922 -95.315 17.979 221.843 -95.809 21.168 223.767
3 0 -96.445 20.990 223.941 -95.809 21.168 223.767 -95.315 17.979 221.843
3 0 -95.315 17.979 221.843 -95.943 17.753 221.988 -96.445 20.990 223.941
3 0 -98.394 16.104 223.737 -98.938 19.589 225.840 -99.402 19.796 225.384
3 0 -99.402 19.796 225.384 -98.857 16.305 223.277 -98.394 16.104 223.737
3 0 -97.780 16.045 224.029 -98.320 19.505 226.117 -98.938 19.589 225.840
3 0 -98.938 19.589 225.840 -98.394 16.104 223.737 -97.780 16.045 224.029
3 0 -97.108 16.135 224.108 -97.641 19.555 226.173 -98.320 19.505 226.117
3 0 -98.320 19.505 226.117 -97.780 16.045 224.029 -97.108 16.135 224.108
3 0 -96.480 16.361 223.963 -97.005 19.734 225.999 -97.641 19.555 226.173
3 0 -97.641 19.555 226.173 -97.108 16.135 224.108 -96.480 16.361 223.963
3 0 -96.406 17.953 221.528 -96.909 21.197 223.485 -96.445 20.990 223.941
3 0 -96.445 20.990 223.941 -95.943 17.753 221.988 -96.406 17.953 221.528
3 0 -97.020 18.013 221.236 -97.527 21.281 223.208 -96.909 21.197 223.485
3 0 -96.909 21.197 223.485 -96.406 17.953 221.528 -97.020 18.013 221.236
3 0 -97.693 17.923 221.157 -98.206 21.230 223.152 -97.527 21.281 223.208
3 0 -97.527 21.281 223.208 -97.020 18.013 221.236 -97.693 17.923 221.157
3 0 -98.320 17.697 221.302 -98.842 21.052 223.327 -98.206 21.230 223.152
3 0 -98.206 21.230 223.152 -97.693 17.923 221.157 -98.320 17.697 221.302
3 0 -100.771 16.048 223.051 -101.334 19.651 225.226 -101.798 19.858 224.769
3 0 -101.798 19.858 224.769 -101.234 16.249 222.591 -100.771 16.048 223.051
3 0 -100.156 15.988 223.343 -100.715 19.567 225.503 -101.334 19.651 225.226
3 0 -101.334 19.651 225.226 -100.771 16.048 223.051 -100.156 15.988 223.343
3 0 -99.484 16.079 223.422 -100.037 19.617 225.558 -100.715 19.567 225.503
3 0 -100.715 19.567 225.503 -100.156 15.988 223.343 -99.484 16.079 223.422
3 0 -98.857 16.305 223.277 -99.402 19.796 225.384 -100.037 19.617 225.558
3 0 -100.037 19.617 225.558 -99.484 16.079 223.422 -98.857 16.305 223.277
3 0 -98.782 17.897 220.842 -99.305 21.259 222.870 -98.842 21.052 223.327
3 0 -98.842 21.052 223.327 -98.320 17.697 221.302 -98.782 17.897 220.842
3 0 -99.397 17.957 220.550 -99.923 21.343 222.593 -99.305 21.259 222.870
3 0 -99.305 21.259 222.870 -98.782 17.897 220.842 -99.397 17.957 220.550
3 0 -100.069 17.867 220.471 -100.602 21.292 222.538 -99.923 21.343 222.593
3 0 -99.923 21.343 222.593 -99.397 17.957 220.550 -100.069 17.867 220.471
3 0 -100.697 17.640 220.616 -101.237 21.114 222.712 -100.602 21.292 222.538
3 0 -100.602 21.292 222.538 -100.069 17.867 220.471 -100.697 17.640 220.616
3 0 -101.701 21.321 222.256 -101.237 21.114 222.712 -100.697 17.640 220.616
3 0 -100.697 17.640 220.616 -101.160 17.841 220.156 -101.701 21.321 222.256
3 0 -102.320 21.405 221.979 -101.701 21.321 222.256 -101.160 17.841 220.156
3 0 -101.160 17.841 220.156 -101.774 17.901 219.864 -102.320 21.405 221.979
3 0 -102.998 21.355 221.923 -102.320 21.405 221.979 -101.774 17.901 219.864
3 0 -101.774 17.901 219.864 -102.446 17.811 219.785 -102.998 21.355 221.923
3 0 -103.634 21.176 222.097 -102.998 21.355 221.923 -102.446 17.811 219.785
3 0 -102.446 17.811 219.785 -103.074 17.584 219.930 -103.634 21.176 222.097
3 0 -104.130 20.898 222.475 -103.634 21.176 222.097 -103.074 17.584 219.930
3 0 -103.074 17.584 219.930 -103.562 17.257 220.278 -104.130 20.898 222.475
3 0 -104.410 20.561 222.999 -104.130 20.898 222.475 -103.562 17.257 220.278
3 0 -103.562 17.257 220.278 -103.835 16.877 220.776 -104.410 20.561 222.999
3 0 -104.433 20.218 223.589 -104.410 20.561 222.999 -103.835 16.877 220.776
3 0 -103.835 16.877 220.776 -103.852 16.503 221.347 -104.433 20.218 223.589
3 0 -104.194 19.920 224.155 -104.433 20.218 223.589 -103.852 16.503 221.347
3 0 -103.852 16.503 221.347 -103.611 16.193 221.905 -104.194 19.920 224.155
3 0 -103.730 19.713 224.611 -104.194 19.920 224.155 -103.611 16.193 221.905
3 0 -103.611 16.193 221.905 -103.148 15.992 222.365 -103.730 19.713 224.611
3 0 -103.112 19.629 224.888 -103.730 19.713 224.611 -103.148 15.992 222.365
3 0 -103.148 15.992 222.365 -102.534 15.932 222.657 -103.112 19.629 224.888
3 0 -102.433 19.680 224.944 -103.112 19.629 224.888 -102.534 15.932 222.657
3 0 -102.534 15.932 222.657 -101.862 16.022 222.736 -102.433 19.680 224.944
3 0 -101.798 19.858 224.769 -102.433 19.680 224.944 -101.862 16.022 222.736
3 0 -101.862 16.022 222.736 -101.234 16.249 222.591 -101.798 19.858 224.769
3 0 -96.863 22.999 228.384 -97.325 23.212 227.929 -97.005 19.734 225.999
3 0 -97.005 19.734 225.999 -96.541 19.527 226.455 -96.863 22.999 228.384
3 0 -96.244 22.895 228.654 -96.863 22.999 228.384 -96.541 19.527 226.455
3 0 -96.541 19.527 226.455 -95.923 19.443 226.732 -96.244 22.895 228.654
3 0 -95.563 22.916 228.696 -96.244 22.895 228.654 -95.923 19.443 226.732
3 0 -95.923 19.443 226.732 -95.244 19.493 226.788 -95.563 22.916 228.696
3 0 -94.923 23.059 228.506 -95.563 22.916 228.696 -95.244 19.493 226.788
3 0 -95.244 19.493 226.788 -94.609 19.672 226.613 -94.923 23.059 228.506
3 0 -94.422 23.302 228.111 -94.923 23.059 228.506 -94.609 19.672 226.613
3 0 -94.609 19.672 226.613 -94.113 19.950 226.235 -94.422 23.302 228.111
3 0 -94.136 23.608 227.572 -94.422 23.302 228.111 -94.113 19.950 226.235
3 0 -94.113 19.950 226.235 -93.832 20.287 225.712 -94.136 23.608 227.572
3 0 -94.108 23.931 226.970 -94.136 23.608 227.572 -93.832 20.287 225.712
3 0 -93.832 20.287 225.712 -93.810 20.630 225.122 -94.108 23.931 226.970
3 0 -94.343 24.220 226.399 -94.108 23.931 226.970 -93.810 20.630 225.122
3 0 -93.810 20.630 225.122 -94.049 20.928 224.556 -94.343 24.220 226.399
3 0 -94.805 24.433 225.943 -94.343 24.220 226.399 -94.049 20.928 224.556
3 0 -94.049 20.928 224.556 -94.512 21.135 224.099 -94.805 24.433 225.943
3 0 -95.424 24.537 225.674 -94.805 24.433 225.943 -94.512 21.135 224.099
3 0 -94.512 21.135 224.099 -95.131 21.219 223.822 -95.424 24.537 225.674
3 0 -96.105 24.516 225.631 -95.424 24.537 225.674 -95.131 21.219 223.822
3 0 -95.131 21.219 223.822 -95.809 21.168 223.767 -96.105 24.516 225.631
3 0 -96.745 24.373 225.822 -96.105 24.516 225.631 -95.809 21.168 223.767
3 0 -95.809 21.168 223.767 -96.445 20.990 223.941 -96.745 24.373 225.822
3 0 -98.938 19.589 225.840 -99.265 23.151 227.808 -99.727 23.364 227.353
3 0 -99.727 23.364 227.353 -99.402 19.796 225.384 -98.938 19.589 225.840
3 0 -98.320 19.505 226.117 -98.646 23.047 228.077 -99.265 23.151 227.808
3 0 -99.265 23.151 227.808 -98.938 19.589 225.840 -98.320 19.505 226.117
3 0 -97.641 19.555 226.173 -97.965 23.069 228.120 -98.646 23.047 228.077
3 0 -98.646 23.047 228.077 -98.320 19.505 226.117 -97.641 19.555 226.173
3 0 -97.005 19.734 225.999 -97.325 23.212 227.929 -97.965 23.069 228.120
3 0 -97.965 23.069 228.120 -97.641 19.555 226.173 -97.005 19.734 225.999
3 0 -96.909 21.197 223.485 -97.207 24.586 225.367 -96.745 24.373 225.822
3 0 -96.745 24.373 225.822 -96.445 20.990 223.941 -96.909 21.197 223.485
3 0 -97.527 21.281 223.208 -97.826 24.690 225.097 -97.207 24.586 225.367
3 0 -97.207 24.586 225.367 -96.909 21.197 223.485 -97.527 21.281 223.208
3 0 -98.206 21.230 223.152 -98.507 24.669 225.055 -97.826 24.690 225.097
3 0 -97.826 24.690 225.097 -97.527 21.281 223.208 -98.206 21.230 223.152
3 0 -98.842 21.052 223.327 -99.147 24.526 225.246 -98.507 24.669 225.055
3 0 -98.507 24.669 225.055 -98.206 21.230 223.152 -98.842 21.052 223.327
3 0 -101.334 19.651 225.226 -101.666 23.304 227.232 -102.128 23.517 226.776
3 0 -102.128 23.517 226.776 -101.798 19.858 224.769 -101.334 19.651 225.226
3 0 -100.715 19.567 225.503 -101.047 23.200 227.501 -101.666 23.304 227.232
3 0 -101.666 23.304 227.232 -101.334 19.651 225.226 -100.715 19.567 225.503
3 0 -100.037 19.617 225.558 -100.366 23.221 227.544 -101.047 23.200 227.501
3 0 -101.047 23.200 227.501 -100.715 19.567 225.503 -100.037 19.617 225.558
3 0 -99.402 19.796 225.384 -99.727 23.364 227.353 -100.366 23.221 227.544
3 0 -100.366 23.221 227.544 -100.037 19.617 225.558 -99.402 19.796 225.384
3 0 -99.305 21.259 222.870 -99.609 24.739 224.790 -99.147 24.526 225.246
3 0 -99.147 24.526 225.246 -98.842 21.052 223.327 -99.305 21.259 222.870
3 0 -99.923 21.343 222.593 -100.227 24.843 224.521 -99.609 24.739 224.790
3 0 -99.609 24.739 224.790 -99.305 21.259 222.870 -99.923 21.343 222.593
3 0 -100.602 21.292 222.538 -100.908 24.821 224.478 -100.227 24.843 224.521
3 0 -100.227 24.843 224.521 -99.923 21.343 222.593 -100.602 21.292 222.538
3 0 -101.237 21.114 222.712 -101.548 24.678 224.669 -100.908 24.821 224.478
3 0 -100.908 24.821 224.478 -100.602 21.292 222.538 -101.237 21.114 222.712
3 0 -102.011 24.892 224.214 -101.548 24.678 224.669 -101.237 21.114 222.712
3 0 -101.237 21.114 222.712 -101.701 21.321 222.256 -102.011 24.892 224.214
3 0 -102.629 24.995 223.945 -102.011 24.892 224.214 -101.701 21.321 222.256
3 0 -101.701 21.321 222.256 -102.320 21.405 221.979 -102.629 24.995 223.945
3 0 -103.311 24.974 223.902 -102.629 24.995 223.945 -102.320 21.405 221.979
3 0 -102.320 21.405 221.979 -102.998 21.355 221.923 -103.311 24.974 223.902
3 0 -103.950 24.831 224.093 -103.311 24.974 223.902 -102.998 21.355 221.923
3 0 -102.998 21.355 221.923 -103.634 21.176 222.097 -103.950 24.831 224.093
3 0 -104.452 24.588 224.488 -103.950 24.831 224.093 -103.634 21.176 222.097
3 0 -103.634 21.176 222.097 -104.130 20.898 222.475 -104.452 24.588 224.488
3 0 -104.738 24.282 225.027 -104.452 24.588 224.488 -104.130 20.898 222.475
3 0 -104.130 20.898 222.475 -104.410 20.561 222.999 -104.738 24.282 225.027
3 0 -104.765 23.960 225.628 -104.738 24.282 225.027 -104.410 20.561 222.999
3 0 -104.410 20.561 222.999 -104.433 20.218 223.589 -104.765 23.960 225.628
3 0 -104.530 23.670 226.200 -104.765 23.960 225.628 -104.433 20.218 223.589
3 0 -104.433 20.218 223.589 -104.194 19.920 224.155 -104.530 23.670 226.200
3 0 -104.068 23.457 226.655 -104.530 23.670 226.200 -104.194 19.920 224.155
3 0 -104.194 19.920 224.155 -103.730 19.713 224.611 -104.068 23.457 226.655
3 0 -103.449 23.353 226.924 -104.068 23.457 226.655 -103.730 19.713 224.611
3 0 -103.730 19.713 224.611 -103.112 19.629 224.888 -103.449 23.353 226.924
3 0 -102.768 23.374 226.967 -103.449 23.353 226.924 -103.112 19.629 224.888
3 0 -103.112 19.629 224.888 -102.433 19.680 224.944 -102.768 23.374 226.967
3 0 -102.128 23.517 226.776 -102.768 23.374 226.967 -102.433 19.680 224.944
3 0 -102.433 19.680 224.944 -101.798 19.858 224.769 -102.128 23.517 226.776
3 0 -97.022 26.540 230.232 -97.480 26.759 229.775 -97.325 23.212 227.929
3 0 -97.325 23.212 227.929 -96.863 22.999 228.384 -97.022 26.540 230.232
3 0 -96.405 26.420 230.498 -97.022 26.540 230.232 -96.863 22.999 228.384
3 0 -96.863 22.999 228.384 -96.244 22.895 228.654 -96.405 26.420 230.498
3 0 -95.723 26.418 230.535 -96.405 26.420 230.498 -96.244 22.895 228.654
3 0 -96.244 22.895 228.654 -95.563 22.916 228.696 -95.723 26.418 230.535
3 0 -95.080 26.534 230.336 -95.723 26.418 230.535 -95.563 22.916 228.696
3 0 -95.563 22.916 228.696 -94.923 23.059 228.506 -95.080 26.534 230.336
3 0 -94.574 26.751 229.932 -95.080 26.534 230.336 -94.923 23.059 228.506
3 0 -94.923 23.059 228.506 -94.422 23.302 228.111 -94.574 26.751 229.932
3 0 -94.282 27.034 229.383 -94.574 26.751 229.932 -94.422 23.302 228.111
3 0 -94.422 23.302 228.111 -94.136 23.608 227.572 -94.282 27.034 229.383
3 0 -94.249 27.342 228.775 -94.282 27.034 229.383 -94.136 23.608 227.572
3 0 -94.136 23.608 227.572 -94.108 23.931 226.970 -94.249 27.342 228.775
3 0 -94.479 27.627 228.199 -94.249 27.342 228.775 -94.108 23.931 226.970
3 0 -94.108 23.931 226.970 -94.343 24.220 226.399 -94.479 27.627 228.199
3 0 -94.937 27.846 227.742 -94.479 27.627 228.199 -94.343 24.220 226.399
3 0 -94.343 24.220 226.399 -94.805 24.433 225.943 -94.937 27.846 227.742
3 0 -95.554 27.966 227.476 -94.937 27.846 227.742 -94.805 24.433 225.943
3 0 -94.805 24.433 225.943 -95.424 24.537 225.674 -95.554 27.966 227.476
3 0 -96.236 27.968 227.439 -95.554 27.966 227.476 -95.424 24.537 225.674
3 0 -95.424 24.537 225.674 -96.105 24.516 225.631 -96.236 27.968 227.439
3 0 -96.879 27.852 227.638 -96.236 27.968 227.439 -96.105 24.516 225.631
3 0 -96.105 24.516 225.631 -96.745 24.373 225.822 -96.879 27.852 227.638
3 0 -99.265 23.151 227.808 -99.422 26.764 229.671 -99.880 26.983 229.215
3 0 -99.880 26.983 229.215 -99.727 23.364 227.353 -99.265 23.151 227.808
3 0 -98.646 23.047 228.077 -98.805 26.644 229.938 -99.422 26.764 229.671
3 0 -99.422 26.764 229.671 -99.265 23.151 227.808 -98.646 23.047 228.077
3 0 -97.965 23.069 228.120 -98.123 26.643 229.974 -98.805 26.644 229.938
3 0 -98.805 26.644 229.938 -98.646 23.047 228.077 -97.965 23.069 228.120
3 0 -97.325 23.212 227.929 -97.480 26.759 229.775 -98.123 26.643 229.974
3 0 -98.123 26.643 229.974 -97.965 23.069 228.120 -97.325 23.212 227.929
3 0 -97.207 24.586 225.367 -97.337 28.071 227.182 -96.879 27.852 227.638
3 0 -96.879 27.852 227.638 -96.745 24.373 225.822 -97.207 24.586 225.367
3 0 -97.826 24.690 225.097 -97.954 28.190 226.915 -97.337 28.071 227.182
3 0 -97.337 28.071 227.182 -97.207 24.586 225.367 -97.826 24.690 225.097
3 0 -98.507 24.669 225.055 -98.636 28.192 226.878 -97.954 28.190 226.915
3 0 -97.954 28.190 226.915 -97.826 24.690 225.097 -98.507 24.669 225.055
3 0 -99.147 24.526 225.246 -99.279 28.076 227.077 -98.636 28.192 226.878
3 0 -98.636 28.192 226.878 -98.507 24.669 225.055 -99.147 24.526 225.246
3 0 -101.666 23.304 227.232 -101.821 26.988 229.111 -102.280 27.207 228.654
3 0 -102.280 27.207 228.654 -102.128 23.517 226.776 -101.666 23.304 227.232
3 0 -101.047 23.200 227.501 -101.204 26.869 229.377 -101.821 26.988 229.111
3 0 -101.821 26.988 229.111 -101.666 23.304 227.232 -101.047 23.200 227.501
3 0 -100.366 23.221 227.544 -100.522 26.867 229.414 -101.204 26.869 229.377
3 0 -101.204 26.869 229.377 -101.047 23.200 227.501 -100.366 23.221 227.544
3 0 -99.727 23.364 227.353 -99.880 26.983 229.215 -100.522 26.867 229.414
3 0 -100.522 26.867 229.414 -100.366 23.221 227.544 -99.727 23.364 227.353
3 0 -99.609 24.739 224.790 -99.737 28.295 226.621 -99.279 28.076 227.077
3 0 -99.279 28.076 227.077 -99.147 24.526 225.246 -99.609 24.739 224.790
3 0 -100.227 24.843 224.521 -100.354 28.414 226.355 -99.737 28.295 226.621
3 0 -99.737 28.295 226.621 -99.609 24.739 224.790 -100.227 24.843 224.521
3 0 -100.908 24.821 224.478 -101.036 28.416 226.318 -100.354 28.414 226.355
3 0 -100.354 28.414 226.355 -100.227 24.843 224.521 -100.908 24.821 224.478
3 0 -101.548 24.678 224.669 -101.678 28.300 226.517 -101.036 28.416 226.318
3 0 -101.036 28.416 226.318 -100.908 24.821 224.478 -101.548 24.678 224.669
3 0 -102.137 28.519 226.061 -101.678 28.300 226.517 -101.548 24.678 224.669
3 0 -101.548 24.678 224.669 -102.011 24.892 224.214 -102.137 28.519 226.061
3 0 -102.754 28.639 225.794 -102.137 28.519 226.061 -102.011 24.892 224.214
3 0 -102.011 24.892 224.214 -102.629 24.995 223.945 -102.754 28.639 225.794
3 0 -103.436 28.641 225.757 -102.754 28.639 225.794 -102.629 24.995 223.945
3 0 -102.629 24.995 223.945 -103.311 24.974 223.902 -103.436 28.641 225.757
3 0 -104.078 28.525 225.956 -103.436 28.641 225.757 -103.311 24.974 223.902
3 0 -103.311 24.974 223.902 -103.950 24.831 224.093 -104.078 28.525 225.956
3 0 -104.584 28.308 226.361 -104.078 28.525 225.956 -103.950 24.831 224.093
3 0 -103.950 24.831 224.093 -104.452 24.588 224.488 -104.584 28.308 226.361
3 0 -104.876 28.025 226.909 -104.584 28.308 226.361 -104.452 24.588 224.488
3 0 -104.452 24.588 224.488 -104.738 24.282 225.027 -104.876 28.025 226.909
3 0 -104.910 27.717 227.518 -104.876 28.025 226.909 -104.738 24.282 225.027
3 0 -104.738 24.282 225.027 -104.765 23.960 225.628 -104.910 27.717 227.518
3 0 -104.680 27.432 228.094 -104.910 27.717 227.518 -104.765 23.960 225.628
3 0 -104.765 23.960 225.628 -104.530 23.670 226.200 -104.680 27.432 228.094
3 0 -104.222 27.213 228.550 -104.680 27.432 228.094 -104.530 23.670 226.200
3 0 -104.530 23.670 226.200 -104.068 23.457 226.655 -104.222 27.213 228.550
3 0 -103.604 27.093 228.817 -104.222 27.213 228.550 -104.068 23.457 226.655
3 0 -104.068 23.457 226.655 -103.449 23.353 226.924 -103.604 27.093 228.817
3 0 -102.923 27.091 228.853 -103.604 27.093 228.817 -103.449 23.353 226.924
3 0 -103.449 23.353 226.924 -102.768 23.374 226.967 -102.923 27.091 228.853
3 0 -102.280 27.207 228.654 -102.923 27.091 228.853 -102.768 23.374 226.967
3 0 -102.768 23.374 226.967 -102.128 23.517 226.776 -102.280 27.207 228.654
3 0 -97.078 30.118 232.028 -97.531 30.343 231.569 -97.480 26.759 229.775
3 0 -97.480 26.759 229.775 -97.022 26.540 230.232 -97.078 30.118 232.028
3 0 -96.464 29.985 232.295 -97.078 30.118 232.028 -97.022 26.540 230.232
3 0 -97.022 26.540 230.232 -96.405 26.420 230.498 -96.464 29.985 232.295
3 0 -95.782 29.965 232.330 -96.464 29.985 232.295 -96.405 26.420 230.498
3 0 -96.405 26.420 230.498 -95.723 26.418 230.535 -95.782 29.965 232.330
3 0 -95.137 30.059 232.128 -95.782 29.965 232.330 -95.723 26.418 230.535
3 0 -95.723 26.418 230.535 -95.080 26.534 230.336 -95.137 30.059 232.128
3 0 -94.626 30.255 231.719 -95.137 30.059 232.128 -95.080 26.534 230.336
3 0 -95.080 26.534 230.336 -94.574 26.751 229.932 -94.626 30.255 231.719
3 0 -94.328 30.521 231.166 -94.626 30.255 231.719 -94.574 26.751 229.932
3 0 -94.574 26.751 229.932 -94.282 27.034 229.383 -94.328 30.521 231.166
3 0 -94.287 30.818 230.552 -94.328 30.521 231.166 -94.282 27.034 229.383
3 0 -94.282 27.034 229.383 -94.249 27.342 228.775 -94.287 30.818 230.552
3 0 -94.510 31.101 229.972 -94.287 30.818 230.552 -94.249 27.342 228.775
3 0 -94.249 27.342 228.775 -94.479 27.627 228.199 -94.510 31.101 229.972
3 0 -94.964 31.325 229.513 -94.510 31.101 229.972 -94.479 27.627 228.199
3 0 -94.479 27.627 228.199 -94.937 27.846 227.742 -94.964 31.325 229.513
3 0 -95.578 31.458 229.246 -94.964 31.325 229.513 -94.937 27.846 227.742
3 0 -94.937 27.846 227.742 -95.554 27.966 227.476 -95.578 31.458 229.246
3 0 -96.259 31.479 229.211 -95.578 31.458 229.246 -95.554 27.966 227.476
3 0 -95.554 27.966 227.476 -96.236 27.968 227.439 -96.259 31.479 229.211
3 0 -96.905 31.384 229.413 -96.259 31.479 229.211 -96.236 27.968 227.439
3 0 -96.236 27.968 227.439 -96.879 27.852 227.638 -96.905 31.384 229.413
3 0 -99.422 26.764 229.671 -99.472 30.402 231.469 -99.925 30.626 231.011
3 0 -99.925 30.626 231.011 -99.880 26.983 229.215 -99.422 26.764 229.671
3 0 -98.805 26.644 229.938 -98.858 30.269 231.736 -99.472 30.402 231.469
3 0 -99.472 30.402 231.469 -99.422 26.764 229.671 -98.805 26.644 229.938
3 0 -98.123 26.643 229.974 -98.176 30.248 231.772 -98.858 30.269 231.736
3 0 -98.858 30.269 231.736 -98.805 26.644 229.938 -98.123 26.643 229.974
3 0 -97.480 26.759 229.775 -97.531 30.343 231.569 -98.176 30.248 231.772
3 0 -98.176 30.248 231.772 -98.123 26.643 229.974 -97.480 26.759 229.775
3 0 -97.337 28.071 227.182 -97.358 31.609 228.955 -96.905 31.384 229.413
3 0 -96.905 31.384 229.413 -96.879 27.852 227.638 -97.337 28.071 227.182
3 0 -97.954 28.190 226.915 -97.972 31.742 228.688 -97.358 31.609 228.955
3 0 -97.358 31.609 228.955 -97.337 28.071 227.182 -97.954 28.190 226.915
3 0 -98.636 28.192 226.878 -98.654 31.762 228.652 -97.972 31.742 228.688
3 0 -97.972 31.742 228.688 -97.954 28.190 226.915 -98.636 28.192 226.878
3 0 -99.279 28.076 227.077 -99.299 31.668 228.855 -98.654 31.762 228.652
3 0 -98.654 31.762 228.652 -98.636 28.192 226.878 -99.279 28.076 227.077
3 0 -101.821 26.988 229.111 -101.866 30.685 230.911 -102.319 30.910 230.452
3 0 -102.319 30.910 230.452 -102.280 27.207 228.654 -101.821 26.988 229.111
3 0 -101.204 26.869 229.377 -101.251 30.552 231.178 -101.866 30.685 230.911
3 0 -101.866 30.685 230.911 -101.821 26.988 229.111 -101.204 26.869 229.377
3 0 -100.522 26.867 229.414 -100.570 30.532 231.213 -101.251 30.552 231.178
3 0 -101.251 30.552 231.178 -101.204 26.869 229.377 -100.522 26.867 229.414
3 0 -99.880 26.983 229.215 -99.925 30.626 231.011 -100.570 30.532 231.213
3 0 -100.570 30.532 231.213 -100.522 26.867 229.414 -99.880 26.983 229.215
3 0 -99.737 28.295 226.621 -99.751 31.892 228.396 -99.299 31.668 228.855
3 0 -99.299 31.668 228.855 -99.279 28.076 227.077 -99.737 28.295 226.621
3 0 -100.354 28.414 226.355 -100.366 32.025 228.129 -99.751 31.892 228.396
3 0 -99.751 31.892 228.396 -99.737 28.295 226.621 -100.354 28.414 226.355
3 0 -101.036 28.416 226.318 -101.047 32.046 228.094 -100.366 32.025 228.129
3 0 -100.366 32.025 228.129 -100.354 28.414 226.355 -101.036 28.416 226.318
3 0 -101.678 28.300 226.517 -101.692 31.951 228.296 -101.047 32.046 228.094
3 0 -101.047 32.046 228.094 -101.036 28.416 226.318 -101.678 28.300 226.517
3 0 -102.146 32.176 227.838 -101.692 31.951 228.296 -101.678 28.300 226.517
3 0 -101.678 28.300 226.517 -102.137 28.519 226.061 -102.146 32.176 227.838
3 0 -102.760 32.308 227.570 -102.146 32.176 227.838 -102.137 28.519 226.061
3 0 -102.137 28.519 226.061 -102.754 28.639 225.794 -102.760 32.308 227.570
3 0 -103.442 32.329 227.535 -102.760 32.308 227.570 -102.754 28.639 225.794
3 0 -102.754 28.639 225.794 -103.436 28.641 225.757 -103.442 32.329 227.535
3 0 -104.087 32.234 227.738 -103.442 32.329 227.535 -103.436 28.641 225.757
3 0 -103.436 28.641 225.757 -104.078 28.525 225.956 -104.087 32.234 227.738
3 0 -104.598 32.039 228.147 -104.087 32.234 227.738 -104.078 28.525 225.956
3 0 -104.078 28.525 225.956 -104.584 28.308 226.361 -104.598 32.039 228.147
3 0 -104.896 31.773 228.700 -104.598 32.039 228.147 -104.584 28.308 226.361
3 0 -104.584 28.308 226.361 -104.876 28.025 226.909 -104.896 31.773 228.700
3 0 -104.937 31.475 229.313 -104.896 31.773 228.700 -104.876 28.025 226.909
3 0 -104.876 28.025 226.909 -104.910 27.717 227.518 -104.937 31.475 229.313
3 0 -104.713 31.193 229.893 -104.937 31.475 229.313 -104.910 27.717 227.518
3 0 -104.910 27.717 227.518 -104.680 27.432 228.094 -104.713 31.193 229.893
3 0 -104.260 30.968 230.352 -104.713 31.193 229.893 -104.680 27.432 228.094
3 0 -104.680 27.432 228.094 -104.222 27.213 228.550 -104.260 30.968 230.352
3 0 -103.646 30.836 230.619 -104.260 30.968 230.352 -104.222 27.213 228.550
3 0 -104.222 27.213 228.550 -103.604 27.093 228.817 -103.646 30.836 230.619
3 0 -102.964 30.815 230.655 -103.646 30.836 230.619 -103.604 27.093 228.817
3 0 -103.604 27.093 228.817 -102.923 27.091 228.853 -102.964 30.815 230.655
3 0 -102.319 30.910 230.452 -102.964 30.815 230.655 -102.923 27.091 228.853
3 0 -102.923 27.091 228.853 -102.280 27.207 228.654 -102.319 30.910 230.452
3 0 -97.034 33.726 233.776 -97.482 33.956 233.314 -97.531 30.343 231.569
3 0 -97.531 30.343 231.569 -97.078 30.118 232.028 -97.034 33.726 233.776
3 0 -96.424 33.582 234.046 -97.034 33.726 233.776 -97.078 30.118 232.028
3 0 -97.078 30.118 232.028 -96.464 29.985 232.295 -96.424 33.582 234.046
3 0 -95.743 33.545 234.082 -96.424 33.582 234.046 -96.464 29.985 232.295
3 0 -96.464 29.985 232.295 -95.782 29.965 232.330 -95.743 33.545 234.082
3 0 -95.096 33.622 233.880 -95.743 33.545 234.082 -95.782 29.965 232.330
3 0 -95.782 29.965 232.330 -95.137 30.059 232.128 -95.096 33.622 233.880
3 0 -94.580 33.800 233.469 -95.096 33.622 233.880 -95.137 30.059 232.128
3 0 -95.137 30.059 232.128 -94.626 30.255 231.719 -94.580 33.800 233.469
3 0 -94.275 34.052 232.913 -94.580 33.800 233.469 -94.626 30.255 231.719
3 0 -94.626 30.255 231.719 -94.328 30.521 231.166 -94.275 34.052 232.913
3 0 -94.226 34.341 232.296 -94.275 34.052 232.913 -94.328 30.521 231.166
3 0 -94.328 30.521 231.166 -94.287 30.818 230.552 -94.226 34.341 232.296
3 0 -94.442 34.621 231.712 -94.226 34.341 232.296 -94.287 30.818 230.552
3 0 -94.287 30.818 230.552 -94.510 31.101 229.972 -94.442 34.621 231.712
3 0 -94.889 34.851 231.250 -94.442 34.621 231.712 -94.510 31.101 229.972
3 0 -94.510 31.101 229.972 -94.964 31.325 229.513 -94.889 34.851 231.250
3 0 -95.499 34.996 230.981 -94.889 34.851 231.250 -94.964 31.325 229.513
3 0 -94.964 31.325 229.513 -95.578 31.458 229.246 -95.499 34.996 230.981
3 0 -96.180 35.032 230.944 -95.499 34.996 230.981 -95.578 31.458 229.246
3 0 -95.578 31.458 229.246 -96.259 31.479 229.211 -96.180 35.032 230.944
3 0 -96.828 34.956 231.147 -96.180 35.032 230.944 -96.259 31.479 229.211
3 0 -96.259 31.479 229.211 -96.905 31.384 229.413 -96.828 34.956 231.147
3 0 -99.472 30.402 231.469 -99.421 34.061 233.210 -99.868 34.291 232.748
3 0 -99.868 34.291 232.748 -99.925 30.626 231.011 -99.472 30.402 231.469
3 0 -98.858 30.269 231.736 -98.810 33.916 233.480 -99.421 34.061 233.210
3 0 -99.421 34.061 233.210 -99.472 30.402 231.469 -98.858 30.269 231.736
3 0 -98.176 30.248 231.772 -98.129 33.880 233.517 -98.810 33.916 233.480
3 0 -98.810 33.916 233.480 -98.858 30.269 231.736 -98.176 30.248 231.772
3 0 -97.531 30.343 231.569 -97.482 33.956 233.314 -98.129 33.880 233.517
3 0 -98.129 33.880 233.517 -98.176 30.248 231.772 -97.531 30.343 231.569
3 0 -97.358 31.609 228.955 -97.275 35.186 230.685 -96.828 34.956 231.147
3 0 -96.828 34.956 231.147 -96.905 31.384 229.413 -97.358 31.609 228.955
3 0 -97.972 31.742 228.688 -97.885 35.330 230.415 -97.275 35.186 230.685
3 0 -97.275 35.186 230.685 -97.358 31.609 228.955 -97.972 31.742 228.688
3 0 -98.654 31.762 228.652 -98.566 35.367 230.379 -97.885 35.330 230.415
3 0 -97.885 35.330 230.415 -97.972 31.742 228.688 -98.654 31.762 228.652
3 0 -99.299 31.668 228.855 -99.214 35.290 230.581 -98.566 35.367 230.379
3 0 -98.566 35.367 230.379 -98.654 31.762 228.652 -99.299 31.668 228.855
3 0 -101.866 30.685 230.911 -101.806 34.395 232.645 -102.253 34.625 232.183
3 0 -102.253 34.625 232.183 -102.319 30.910 230.452 -101.866 30.685 230.911
3 0 -101.251 30.552 231.178 -101.195 34.251 232.915 -101.806 34.395 232.645
3 0 -101.806 34.395 232.645 -101.866 30.685 230.911 -101.251 30.552 231.178
3 0 -100.570 30.532 231.213 -100.515 34.214 232.951 -101.195 34.251 232.915
3 0 -101.195 34.251 232.915 -101.251 30.552 231.178 -100.570 30.532 231.213
3 0 -99.925 30.626 231.011 -99.868 34.291 232.748 -100.515 34.214 232.951
3 0 -100.515 34.214 232.951 -100.570 30.532 231.213 -99.925 30.626 231.011
3 0 -99.751 31.892 228.396 -99.660 35.520 230.119 -99.214 35.290 230.581
3 0 -99.214 35.290 230.581 -99.299 31.668 228.855 -99.751 31.892 228.396
3 0 -100.366 32.025 228.129 -100.271 35.664 229.850 -99.660 35.520 230.119
3 0 -99.660 35.520 230.119 -99.751 31.892 228.396 -100.366 32.025 228.129
3 0 -101.047 32.046 228.094 -100.951 35.701 229.813 -100.271 35.664 229.850
3 0 -100.271 35.664 229.850 -100.366 32.025 228.129 -101.047 32.046 228.094
3 0 -101.692 31.951 228.296 -101.599 35.625 230.016 -100.951 35.701 229.813
3 0 -100.951 35.701 229.813 -101.047 32.046 228.094 -101.692 31.951 228.296
3 0 -102.046 35.855 229.554 -101.599 35.625 230.016 -101.692 31.951 228.296
3 0 -101.692 31.951 228.296 -102.146 32.176 227.838 -102.046 35.855 229.554
3 0 -102.657 35.999 229.284 -102.046 35.855 229.554 -102.146 32.176 227.838
3 0 -102.146 32.176 227.838 -102.760 32.308 227.570 -102.657 35.999 229.284
3 0 -103.338 36.036 229.247 -102.657 35.999 229.284 -102.760 32.308 227.570
3 0 -102.760 32.308 227.570 -103.442 32.329 227.535 -103.338 36.036 229.247
3 0 -103.985 35.959 229.450 -103.338 36.036 229.247 -103.442 32.329 227.535
3 0 -103.442 32.329 227.535 -104.087 32.234 227.738 -103.985 35.959 229.450
3 0 -104.501 35.781 229.860 -103.985 35.959 229.450 -104.087 32.234 227.738
3 0 -104.087 32.234 227.738 -104.598 32.039 228.147 -104.501 35.781 229.860
3 0 -104.806 35.528 230.417 -104.501 35.781 229.860 -104.598 32.039 228.147
3 0 -104.598 32.039 228.147 -104.896 31.773 228.700 -104.806 35.528 230.417
3 0 -104.855 35.240 231.033 -104.806 35.528 230.417 -104.896 31.773 228.700
3 0 -104.896 31.773 228.700 -104.937 31.475 229.313 -104.855 35.240 231.033
3 0 -104.639 34.959 231.617 -104.855 35.240 231.033 -104.937 31.475 229.313
3 0 -104.937 31.475 229.313 -104.713 31.193 229.893 -104.639 34.959 231.617
3 0 -104.192 34.729 232.079 -104.639 34.959 231.617 -104.713 31.193 229.893
3 0 -104.713 31.193 229.893 -104.260 30.968 230.352 -104.192 34.729 232.079
3 0 -103.582 34.585 232.349 -104.192 34.729 232.079 -104.260 30.968 230.352
3 0 -104.260 30.968 230.352 -103.646 30.836 230.619 -103.582 34.585 232.349
3 0 -102.901 34.548 232.386 -103.582 34.585 232.349 -103.646 30.836 230.619
3 0 -103.646 30.836 230.619 -102.964 30.815 230.655 -102.901 34.548 232.386
3 0 -102.253 34.625 232.183 -102.901 34.548 232.386 -102.964 30.815 230.655
3 0 -102.964 30.815 230.655 -102.319 30.910 230.452 -102.253 34.625 232.183
3 0 -96.942 36.894 235.281 -97.383 37.130 234.815 -97.482 33.956 233.314
3 0 -97.482 33.956 233.314 -97.034 33.726 233.776 -96.942 36.894 235.281
3 0 -96.336 36.739 235.553 -96.942 36.894 235.281 -97.034 33.726 233.776
3 0 -97.034 33.726 233.776 -96.424 33.582 234.046 -96.336 36.739 235.553
3 0 -95.656 36.687 235.591 -96.336 36.739 235.553 -96.424 33.582 234.046
3 0 -96.424 33.582 234.046 -95.743 33.545 234.082 -95.656 36.687 235.591
3 0 -95.006 36.746 235.389 -95.656 36.687 235.591 -95.743 33.545 234.082
3 0 -95.743 33.545 234.082 -95.096 33.622 233.880 -95.006 36.746 235.389
3 0 -94.486 36.908 234.978 -95.006 36.746 235.389 -95.096 33.622 233.880
3 0 -95.096 33.622 233.880 -94.580 33.800 233.469 -94.486 36.908 234.978
3 0 -94.174 37.148 234.420 -94.486 36.908 234.978 -94.580 33.800 233.469
3 0 -94.580 33.800 233.469 -94.275 34.052 232.913 -94.174 37.148 234.420
3 0 -94.117 37.429 233.800 -94.174 37.148 234.420 -94.275 34.052 232.913
3 0 -94.275 34.052 232.913 -94.226 34.341 232.296 -94.117 37.429 233.800
3 0 -94.325 37.708 233.213 -94.117 37.429 233.800 -94.226 34.341 232.296
3 0 -94.226 34.341 232.296 -94.442 34.621 231.712 -94.325 37.708 233.213
3 0 -94.766 37.944 232.748 -94.325 37.708 233.213 -94.442 34.621 231.712
3 0 -94.442 34.621 231.712 -94.889 34.851 231.250 -94.766 37.944 232.748
3 0 -95.373 38.099 232.475 -94.766 37.944 232.748 -94.889 34.851 231.250
3 0 -94.889 34.851 231.250 -95.499 34.996 230.981 -95.373 38.099 232.475
3 0 -96.052 38.151 232.437 -95.373 38.099 232.475 -95.499 34.996 230.981
3 0 -95.499 34.996 230.981 -96.180 35.032 230.944 -96.052 38.151 232.437
3 0 -96.702 38.092 232.639 -96.052 38.151 232.437 -96.180 35.032 230.944
3 0 -96.180 35.032 230.944 -96.828 34.956 231.147 -96.702 38.092 232.639
3 0 -99.421 34.061 233.210 -99.319 37.278 234.706 -99.760 37.513 234.241
3 0 -99.760 37.513 234.241 -99.868 34.291 232.748 -99.421 34.061 233.210
3 0 -98.810 33.916 233.480 -98.712 37.123 234.979 -99.319 37.278 234.706
3 0 -99.319 37.278 234.706 -99.421 34.061 233.210 -98.810 33.916 233.480
3 0 -98.129 33.880 233.517 -98.033 37.070 235.017 -98.712 37.123 234.979
3 0 -98.712 37.123 234.979 -98.810 33.916 233.480 -98.129 33.880 233.517
3 0 -97.482 33.956 233.314 -97.383 37.130 234.815 -98.033 37.070 235.017
3 0 -98.033 37.070 235.017 -98.129 33.880 233.517 -97.482 33.956 233.314
3 0 -97.275 35.186 230.685 -97.143 38.327 232.174 -96.702 38.092 232.639
3 0 -96.702 38.092 232.639 -96.828 34.956 231.147 -97.275 35.186 230.685
3 0 -97.885 35.330 230.415 -97.749 38.483 231.901 -97.143 38.327 232.174
3 0 -97.143 38.327 232.174 -97.275 35.186 230.685 -97.885 35.330 230.415
3 0 -98.566 35.367 230.379 -98.429 38.535 231.863 -97.749 38.483 231.901
3 0 -97.749 38.483 231.901 -97.885 35.330 230.415 -98.566 35.367 230.379
3 0 -99.214 35.290 230.581 -99.079 38.475 232.065 -98.429 38.535 231.863
3 0 -98.429 38.535 231.863 -98.566 35.367 230.379 -99.214 35.290 230.581
3 0 -101.806 34.395 232.645 -101.695 37.661 234.133 -102.135 37.897 233.667
3 0 -102.135 37.897 233.667 -102.253 34.625 232.183 -101.806 34.395 232.645
3 0 -101.195 34.251 232.915 -101.088 37.506 234.405 -101.695 37.661 234.133
3 0 -101.695 37.661 234.133 -101.806 34.395 232.645 -101.195 34.251 232.915
3 0 -100.515 34.214 232.951 -100.408 37.454 234.443 -101.088 37.506 234.405
3 0 -101.088 37.506 234.405 -101.195 34.251 232.915 -100.515 34.214 232.951
3 0 -99.868 34.291 232.748 -99.760 37.513 234.241 -100.408 37.454 234.443
3 0 -100.408 37.454 234.443 -100.515 34.214 232.951 -99.868 34.291 232.748
3 0 -99.660 35.520 230.119 -99.519 38.710 231.600 -99.079 38.475 232.065
3 0 -99.079 38.475 232.065 -99.214 35.290 230.581 -99.660 35.520 230.119
3 0 -100.271 35.664 229.850 -100.125 38.866 231.327 -99.519 38.710 231.600
3 0 -99.519 38.710 231.600 -99.660 35.520 230.119 -100.271 35.664 229.850
3 0 -100.951 35.701 229.813 -100.805 38.918 231.289 -100.125 38.866 231.327
3 0 -100.125 38.866 231.327 -100.271 35.664 229.850 -100.951 35.701 229.813
3 0 -101.599 35.625 230.016 -101.454 38.859 231.491 -100.805 38.918 231.289
3 0 -100.805 38.918 231.289 -100.951 35.701 229.813 -101.599 35.625 230.016
3 0 -101.895 39.094 231.026 -101.454 38.859 231.491 -101.599 35.625 230.016
3 0 -101.599 35.625 230.016 -102.046 35.855 229.554 -101.895 39.094 231.026
3 0 -102.502 39.250 230.753 -101.895 39.094 231.026 -102.046 35.855 229.554
3 0 -102.046 35.855 229.554 -102.657 35.999 229.284 -102.502 39.250 230.753
3 0 -103.182 39.302 230.715 -102.502 39.250 230.753 -102.657 35.999 229.284
3 0 -102.657 35.999 229.284 -103.338 36.036 229.247 -103.182 39.302 230.715
3 0 -103.831 39.242 230.917 -103.182 39.302 230.715 -103.338 36.036 229.247
3 0 -103.338 36.036 229.247 -103.985 35.959 229.450 -103.831 39.242 230.917
3 0 -104.352 39.080 231.328 -103.831 39.242 230.917 -103.985 35.959 229.450
3 0 -103.985 35.959 229.450 -104.501 35.781 229.860 -104.352 39.080 231.328
3 0 -104.664 38.841 231.886 -104.352 39.080 231.328 -104.501 35.781 229.860
3 0 -104.501 35.781 229.860 -104.806 35.528 230.417 -104.664 38.841 231.886
3 0 -104.720 38.560 232.506 -104.664 38.841 231.886 -104.806 35.528 230.417
3 0 -104.806 35.528 230.417 -104.855 35.240 231.033 -104.720 38.560 232.506
3 0 -104.512 38.280 233.093 -104.720 38.560 232.506 -104.855 35.240 231.033
3 0 -104.855 35.240 231.033 -104.639 34.959 231.617 -104.512 38.280 233.093
3 0 -104.071 38.045 233.558 -104.512 38.280 233.093 -104.639 34.959 231.617
3 0 -104.639 34.959 231.617 -104.192 34.729 232.079 -104.071 38.045 233.558
3 0 -103.465 37.889 233.831 -104.071 38.045 233.558 -104.192 34.729 232.079
3 0 -104.192 34.729 232.079 -103.582 34.585 232.349 -103.465 37.889 233.831
3 0 -102.785 37.837 233.869 -103.465 37.889 233.831 -103.582 34.585 232.349
3 0 -103.582 34.585 232.349 -102.901 34.548 232.386 -102.785 37.837 233.869
3 0 -102.135 37.897 233.667 -102.785 37.837 233.869 -102.901 34.548 232.386
3 0 -102.901 34.548 232.386 -102.253 34.625 232.183 -102.135 37.897 233.667
3 0 -96.523 44.188 238.622 -96.953 44.431 238.152 -97.383 37.130 234.815
3 0 -97.383 37.130 234.815 -96.942 36.894 235.281 -96.523 44.188 238.622
3 0 -95.923 44.017 238.900 -96.523 44.188 238.622 -96.942 36.894 235.281
3 0 -96.942 36.894 235.281 -96.336 36.739 235.553 -95.923 44.017 238.900
3 0 -95.245 43.945 238.944 -95.923 44.017 238.900 -96.336 36.739 235.553
3 0 -96.336 36.739 235.553 -95.656 36.687 235.591 -95.245 43.945 238.944
3 0 -94.593 43.983 238.745 -95.245 43.945 238.944 -95.656 36.687 235.591
3 0 -95.656 36.687 235.591 -95.006 36.746 235.389 -94.593 43.983 238.745
3 0 -94.065 44.124 238.336 -94.593 43.983 238.745 -95.006 36.746 235.389
3 0 -95.006 36.746 235.389 -94.486 36.908 234.978 -94.065 44.124 238.336
3 0 -93.743 44.347 237.777 -94.065 44.124 238.336 -94.486 36.908 234.978
3 0 -94.486 36.908 234.978 -94.174 37.148 234.420 -93.743 44.347 237.777
3 0 -93.674 44.619 237.154 -93.743 44.347 237.777 -94.174 37.148 234.420
3 0 -94.174 37.148 234.420 -94.117 37.429 233.800 -93.674 44.619 237.154
3 0 -93.870 44.898 236.563 -93.674 44.619 237.154 -94.117 37.429 233.800
3 0 -94.117 37.429 233.800 -94.325 37.708 233.213 -93.870 44.898 236.563
3 0 -94.301 45.141 236.092 -93.870 44.898 236.563 -94.325 37.708 233.213
3 0 -94.325 37.708 233.213 -94.766 37.944 232.748 -94.301 45.141 236.092
3 0 -94.900 45.312 235.814 -94.301 45.141 236.092 -94.766 37.944 232.748
3 0 -94.766 37.944 232.748 -95.373 38.099 232.475 -94.900 45.312 235.814
3 0 -95.578 45.384 235.771 -94.900 45.312 235.814 -95.373 38.099 232.475
3 0 -95.373 38.099 232.475 -96.052 38.151 232.437 -95.578 45.384 235.771
3 0 -96.230 45.347 235.969 -95.578 45.384 235.771 -96.052 38.151 232.437
3 0 -96.052 38.151 232.437 -96.702 38.092 232.639 -96.230 45.347 235.969
3 0 -99.319 37.278 234.706 -98.883 44.636 238.028 -99.314 44.880 237.558
3 0 -99.314 44.880 237.558 -99.760 37.513 234.241 -99.319 37.278 234.706
3 0 -98.712 37.123 234.979 -98.283 44.466 238.307 -98.883 44.636 238.028
3 0 -98.883 44.636 238.028 -99.319 37.278 234.706 -98.712 37.123 234.979
3 0 -98.033 37.070 235.017 -97.606 44.394 238.350 -98.283 44.466 238.307
3 0 -98.283 44.466 238.307 -98.712 37.123 234.979 -98.033 37.070 235.017
3 0 -97.383 37.130 234.815 -96.953 44.431 238.152 -97.606 44.394 238.350
3 0 -97.606 44.394 238.350 -98.033 37.070 235.017 -97.383 37.130 234.815
3 0 -97.143 38.327 232.174 -96.661 45.590 235.498 -96.230 45.347 235.969
3 0 -96.230 45.347 235.969 -96.702 38.092 232.639 -97.143 38.327 232.174
3 0 -97.749 38.483 231.901 -97.261 45.760 235.220 -96.661 45.590 235.498
3 0 -96.661 45.590 235.498 -97.143 38.327 232.174 -97.749 38.483 231.901
3 0 -98.429 38.535 231.863 -97.938 45.833 235.177 -97.261 45.760 235.220
3 0 -97.261 45.760 235.220 -97.749 38.483 231.901 -98.429 38.535 231.863
3 0 -99.079 38.475 232.065 -98.591 45.795 235.375 -97.938 45.833 235.177
3 0 -97.938 45.833 235.177 -98.429 38.535 231.863 -99.079 38.475 232.065
3 0 -101.695 37.661 234.133 -101.243 45.085 237.435 -101.673 45.328 236.964
3 0 -101.673 45.328 236.964 -102.135 37.897 233.667 -101.695 37.661 234.133
3 0 -101.088 37.506 234.405 -100.643 44.914 237.713 -101.243 45.085 237.435
3 0 -101.243 45.085 237.435 -101.695 37.661 234.133 -101.088 37.506 234.405
3 0 -100.408 37.454 234.443 -99.965 44.842 237.756 -100.643 44.914 237.713
3 0 -100.643 44.914 237.713 -101.088 37.506 234.405 -100.408 37.454 234.443
3 0 -99.760 37.513 234.241 -99.314 44.880 237.558 -99.965 44.842 237.756
3 0 -99.965 44.842 237.756 -100.408 37.454 234.443 -99.760 37.513 234.241
3 0 -99.519 38.710 231.600 -99.021 46.038 234.904 -98.591 45.795 235.375
3 0 -98.591 45.795 235.375 -99.079 38.475 232.065 -99.519 38.710 231.600
3 0 -100.125 38.866 231.327 -99.620 46.209 234.626 -99.021 46.038 234.904
3 0 -99.021 46.038 234.904 -99.519 38.710 231.600 -100.125 38.866 231.327
3 0 -100.805 38.918 231.289 -100.298 46.281 234.583 -99.620 46.209 234.626
3 0 -99.620 46.209 234.626 -100.125 38.866 231.327 -100.805 38.918 231.289
3 0 -101.454 38.859 231.491 -100.950 46.243 234.781 -100.298 46.281 234.583
3 0 -100.298 46.281 234.583 -100.805 38.918 231.289 -101.454 38.859 231.491
3 0 -101.381 46.487 234.311 -100.950 46.243 234.781 -101.454 38.859 231.491
3 0 -101.454 38.859 231.491 -101.895 39.094 231.026 -101.381 46.487 234.311
3 0 -101.981 46.657 234.032 -101.381 46.487 234.311 -101.895 39.094 231.026
3 0 -101.895 39.094 231.026 -102.502 39.250 230.753 -101.981 46.657 234.032
3 0 -102.658 46.729 233.989 -101.981 46.657 234.032 -102.502 39.250 230.753
3 0 -102.502 39.250 230.753 -103.182 39.302 230.715 -102.658 46.729 233.989
3 0 -103.311 46.692 234.188 -102.658 46.729 233.989 -103.182 39.302 230.715
3 0 -103.182 39.302 230.715 -103.831 39.242 230.917 -103.311 46.692 234.188
3 0 -103.838 46.551 234.597 -103.311 46.692 234.188 -103.831 39.242 230.917
3 0 -103.831 39.242 230.917 -104.352 39.080 231.328 -103.838 46.551 234.597
3 0 -104.161 46.327 235.156 -103.838 46.551 234.597 -104.352 39.080 231.328
3 0 -104.352 39.080 231.328 -104.664 38.841 231.886 -104.161 46.327 235.156
3 0 -104.230 46.055 235.778 -104.161 46.327 235.156 -104.664 38.841 231.886
3 0 -104.664 38.841 231.886 -104.720 38.560 232.506 -104.230 46.055 235.778
3 0 -104.034 45.776 236.370 -104.230 46.055 235.778 -104.720 38.560 232.506
3 0 -104.720 38.560 232.506 -104.512 38.280 233.093 -104.034 45.776 236.370
3 0 -103.603 45.533 236.841 -104.034 45.776 236.370 -104.512 38.280 233.093
3 0 -104.512 38.280 233.093 -104.071 38.045 233.558 -103.603 45.533 236.841
3 0 -103.003 45.362 237.119 -103.603 45.533 236.841 -104.071 38.045 233.558
3 0 -104.071 38.045 233.558 -103.465 37.889 233.831 -103.003 45.362 237.119
3 0 -102.326 45.290 237.162 -103.003 45.362 237.119 -103.465 37.889 233.831
3 0 -103.465 37.889 233.831 -102.785 37.837 233.869 -102.326 45.290 237.162
3 0 -101.673 45.328 236.964 -102.326 45.290 237.162 -102.785 37.837 233.869
3 0 -102.785 37.837 233.869 -102.135 37.897 233.667 -101.673 45.328 236.964
3 0 -95.912 51.491 241.903 -96.328 51.744 241.424 -96.953 44.431 238.152
3 0 -96.953 44.431 238.152 -96.523 44.188 238.622 -95.912 51.491 241.903
3 0 -95.322 51.304 242.191 -95.912 51.491 241.903 -96.523 44.188 238.622
3 0 -96.523 44.188 238.622 -95.923 44.017 238.900 -95.322 51.304 242.191
3 0 -94.647 51.210 242.245 -95.322 51.304 242.191 -95.923 44.017 238.900
3 0 -95.923 44.017 238.900 -95.245 43.945 238.944 -94.647 51.210 242.245
3 0 -93.992 51.224 242.055 -94.647 51.210 242.245 -95.245 43.945 238.944
3 0 -95.245 43.945 238.944 -94.593 43.983 238.745 -93.992 51.224 242.055
3 0 -93.454 51.345 241.652 -93.992 51.224 242.055 -94.593 43.983 238.745
3 0 -94.593 43.983 238.745 -94.065 44.124 238.336 -93.454 51.345 241.652
3 0 -93.116 51.552 241.096 -93.454 51.345 241.652 -94.065 44.124 238.336
3 0 -94.065 44.124 238.336 -93.743 44.347 237.777 -93.116 51.552 241.096
3 0 -93.030 51.816 240.472 -93.116 51.552 241.096 -93.743 44.347 237.777
3 0 -93.743 44.347 237.777 -93.674 44.619 237.154 -93.030 51.816 240.472
3 0 -93.209 52.095 239.875 -93.030 51.816 240.472 -93.674 44.619 237.154
3 0 -93.674 44.619 237.154 -93.870 44.898 236.563 -93.209 52.095 239.875
3 0 -93.625 52.348 239.396 -93.209 52.095 239.875 -93.870 44.898 236.563
3 0 -93.870 44.898 236.563 -94.301 45.141 236.092 -93.625 52.348 239.396
3 0 -94.215 52.535 239.108 -93.625 52.348 239.396 -94.301 45.141 236.092
3 0 -94.301 45.141 236.092 -94.900 45.312 235.814 -94.215 52.535 239.108
3 0 -94.889 52.629 239.054 -94.215 52.535 239.108 -94.900 45.312 235.814
3 0 -94.900 45.312 235.814 -95.578 45.384 235.771 -94.889 52.629 239.054
3 0 -95.545 52.614 239.244 -94.889 52.629 239.054 -95.578 45.384 235.771
3 0 -95.578 45.384 235.771 -96.230 45.347 235.969 -95.545 52.614 239.244
3 0 -98.883 44.636 238.028 -98.248 52.010 241.272 -98.664 52.263 240.793
3 0 -98.664 52.263 240.793 -99.314 44.880 237.558 -98.883 44.636 238.028
3 0 -98.283 44.466 238.307 -97.658 51.823 241.560 -98.248 52.010 241.272
3 0 -98.248 52.010 241.272 -98.883 44.636 238.028 -98.283 44.466 238.307
3 0 -97.606 44.394 238.350 -96.984 51.729 241.613 -97.658 51.823 241.560
3 0 -97.658 51.823 241.560 -98.283 44.466 238.307 -97.606 44.394 238.350
3 0 -96.953 44.431 238.152 -96.328 51.744 241.424 -96.984 51.729 241.613
3 0 -96.984 51.729 241.613 -97.606 44.394 238.350 -96.953 44.431 238.152
3 0 -96.661 45.590 235.498 -95.961 52.867 238.765 -95.545 52.614 239.244
3 0 -95.545 52.614 239.244 -96.230 45.347 235.969 -96.661 45.590 235.498
3 0 -97.261 45.760 235.220 -96.551 53.054 238.477 -95.961 52.867 238.765
3 0 -95.961 52.867 238.765 -96.661 45.590 235.498 -97.261 45.760 235.220
3 0 -97.938 45.833 235.177 -97.225 53.148 238.423 -96.551 53.054 238.477
3 0 -96.551 53.054 238.477 -97.261 45.760 235.220 -97.938 45.833 235.177
3 0 -98.591 45.795 235.375 -97.881 53.134 238.612 -97.225 53.148 238.423
3 0 -97.225 53.148 238.423 -97.938 45.833 235.177 -98.591 45.795 235.375
3 0 -101.243 45.085 237.435 -100.583 52.529 240.641 -100.999 52.782 240.162
3 0 -100.999 52.782 240.162 -101.673 45.328 236.964 -101.243 45.085 237.435
3 0 -100.643 44.914 237.713 -99.993 52.342 240.929 -100.583 52.529 240.641
3 0 -100.583 52.529 240.641 -101.243 45.085 237.435 -100.643 44.914 237.713
3 0 -99.965 44.842 237.756 -99.319 52.248 240.982 -99.993 52.342 240.929
3 0 -99.993 52.342 240.929 -100.643 44.914 237.713 -99.965 44.842 237.756
3 0 -99.314 44.880 237.558 -98.664 52.263 240.793 -99.319 52.248 240.982
3 0 -99.319 52.248 240.982 -99.965 44.842 237.756 -99.314 44.880 237.558
3 0 -99.021 46.038 234.904 -98.296 53.386 238.134 -97.881 53.134 238.612
3 0 -97.881 53.134 238.612 -98.591 45.795 235.375 -99.021 46.038 234.904
3 0 -99.620 46.209 234.626 -98.886 53.573 237.845 -98.296 53.386 238.134
3 0 -98.296 53.386 238.134 -99.021 46.038 234.904 -99.620 46.209 234.626
3 0 -100.298 46.281 234.583 -99.560 53.667 237.792 -98.886 53.573 237.845
3 0 -98.886 53.573 237.845 -99.620 46.209 234.626 -100.298 46.281 234.583
3 0 -100.950 46.243 234.781 -100.216 53.653 237.981 -99.560 53.667 237.792
3 0 -99.560 53.667 237.792 -100.298 46.281 234.583 -100.950 46.243 234.781
3 0 -100.632 53.905 237.502 -100.216 53.653 237.981 -100.950 46.243 234.781
3 0 -100.950 46.243 234.781 -101.381 46.487 234.311 -100.632 53.905 237.502
3 0 -101.222 54.093 237.214 -100.632 53.905 237.502 -101.381 46.487 234.311
3 0 -101.381 46.487 234.311 -101.981 46.657 234.032 -101.222 54.093 237.214
3 0 -101.896 54.186 237.161 -101.222 54.093 237.214 -101.981 46.657 234.032
3 0 -101.981 46.657 234.032 -102.658 46.729 233.989 -101.896 54.186 237.161
3 0 -102.552 54.172 237.350 -101.896 54.186 237.161 -102.658 46.729 233.989
3 0 -102.658 46.729 233.989 -103.311 46.692 234.188 -102.552 54.172 237.350
3 0 -103.090 54.052 237.753 -102.552 54.172 237.350 -103.311 46.692 234.188
3 0 -103.311 46.692 234.188 -103.838 46.551 234.597 -103.090 54.052 237.753
3 0 -103.427 53.844 238.309 -103.090 54.052 237.753 -103.838 46.551 234.597
3 0 -103.838 46.551 234.597 -104.161 46.327 235.156 -103.427 53.844 238.309
3 0 -103.514 53.580 238.933 -103.427 53.844 238.309 -104.161 46.327 235.156
3 0 -104.161 46.327 235.156 -104.230 46.055 235.778 -103.514 53.580 238.933
3 0 -103.335 53.301 239.530 -103.514 53.580 238.933 -104.230 46.055 235.778
3 0 -104.230 46.055 235.778 -104.034 45.776 236.370 -103.335 53.301 239.530
3 0 -102.919 53.048 240.009 -103.335 53.301 239.530 -104.034 45.776 236.370
3 0 -104.034 45.776 236.370 -103.603 45.533 236.841 -102.919 53.048 240.009
3 0 -102.329 52.861 240.297 -102.919 53.048 240.009 -103.603 45.533 236.841
3 0 -103.603 45.533 236.841 -103.003 45.362 237.119 -102.329 52.861 240.297
3 0 -101.655 52.767 240.351 -102.329 52.861 240.297 -103.003 45.362 237.119
3 0 -103.003 45.362 237.119 -102.326 45.290 237.162 -101.655 52.767 240.351
3 0 -100.999 52.782 240.162 -101.655 52.767 240.351 -102.326 45.290 237.162
3 0 -102.326 45.290 237.162 -101.673 45.328 236.964 -100.999 52.782 240.162
3 0 -95.126 58.796 245.139 -95.527 59.058 244.653 -96.328 51.744 241.424
3 0 -96.328 51.744 241.424 -95.912 51.491 241.903 -95.126 58.796 245.139
3 0 -94.546 58.593 245.437 -95.126 58.796 245.139 -95.912 51.491 241.903
3 0 -95.912 51.491 241.903 -95.322 51.304 242.191 -94.546 58.593 245.437
3 0 -93.876 58.481 245.501 -94.546 58.593 245.437 -95.322 51.304 242.191
3 0 -95.322 51.304 242.191 -94.647 51.210 242.245 -93.876 58.481 245.501
3 0 -93.217 58.475 245.321 -93.876 58.481 245.501 -94.647 51.210 242.245
3 0 -94.647 51.210 242.245 -93.992 51.224 242.055 -93.217 58.475 245.321
3 0 -92.670 58.577 244.925 -93.217 58.475 245.321 -93.992 51.224 242.055
3 0 -93.992 51.224 242.055 -93.454 51.345 241.652 -92.670 58.577 244.925
3 0 -92.319 58.772 244.373 -92.670 58.577 244.925 -93.454 51.345 241.652
3 0 -93.454 51.345 241.652 -93.116 51.552 241.096 -92.319 58.772 244.373
3 0 -92.216 59.030 243.749 -92.319 58.772 244.373 -93.116 51.552 241.096
3 0 -93.116 51.552 241.096 -93.030 51.816 240.472 -92.216 59.030 243.749
3 0 -92.377 59.311 243.148 -92.216 59.030 243.749 -93.030 51.816 240.472
3 0 -93.030 51.816 240.472 -93.209 52.095 239.875 -92.377 59.311 243.148
3 0 -92.779 59.572 242.662 -92.377 59.311 243.148 -93.209 52.095 239.875
3 0 -93.209 52.095 239.875 -93.625 52.348 239.396 -92.779 59.572 242.662
3 0 -93.359 59.775 242.364 -92.779 59.572 242.662 -93.625 52.348 239.396
3 0 -93.625 52.348 239.396 -94.215 52.535 239.108 -93.359 59.775 242.364
3 0 -94.029 59.888 242.300 -93.359 59.775 242.364 -94.215 52.535 239.108
3 0 -94.215 52.535 239.108 -94.889 52.629 239.054 -94.029 59.888 242.300
3 0 -94.688 59.894 242.480 -94.029 59.888 242.300 -94.889 52.629 239.054
3 0 -94.889 52.629 239.054 -95.545 52.614 239.244 -94.688 59.894 242.480
3 0 -98.248 52.010 241.272 -97.437 59.379 244.471 -97.838 59.641 243.984
3 0 -97.838 59.641 243.984 -98.664 52.263 240.793 -98.248 52.010 241.272
3 0 -97.658 51.823 241.560 -96.857 59.176 244.769 -97.437 59.379 244.471
3 0 -97.437 59.379 244.471 -98.248 52.010 241.272 -97.658 51.823 241.560
3 0 -96.984 51.729 241.613 -96.186 59.064 244.833 -96.857 59.176 244.769
3 0 -96.857 59.176 244.769 -97.658 51.823 241.560 -96.984 51.729 241.613
3 0 -96.328 51.744 241.424 -95.527 59.058 244.653 -96.186 59.064 244.833
3 0 -96.186 59.064 244.833 -96.984 51.729 241.613 -96.328 51.744 241.424
3 0 -95.961 52.867 238.765 -95.089 60.156 241.994 -94.688 59.894 242.480
3 0 -94.688 59.894 242.480 -95.545 52.614 239.244 -95.961 52.867 238.765
3 0 -96.551 53.054 238.477 -95.669 60.358 241.696 -95.089 60.156 241.994
3 0 -95.089 60.156 241.994 -95.961 52.867 238.765 -96.551 53.054 238.477
3 0 -97.225 53.148 238.423 -96.340 60.471 241.632 -95.669 60.358 241.696
3 0 -95.669 60.358 241.696 -96.551 53.054 238.477 -97.225 53.148 238.423
3 0 -97.881 53.134 238.612 -96.998 60.477 241.812 -96.340 60.471 241.632
3 0 -96.340 60.471 241.632 -97.225 53.148 238.423 -97.881 53.134 238.612
3 0 -100.583 52.529 240.641 -99.746 59.962 243.803 -100.148 60.224 243.316
3 0 -100.148 60.224 243.316 -100.999 52.782 240.162 -100.583 52.529 240.641
3 0 -99.993 52.342 240.929 -99.166 59.759 244.100 -99.746 59.962 243.803
3 0 -99.746 59.962 243.803 -100.583 52.529 240.641 -99.993 52.342 240.929
3 0 -99.319 52.248 240.982 -98.496 59.646 244.164 -99.166 59.759 244.100
3 0 -99.166 59.759 244.100 -99.993 52.342 240.929 -99.319 52.248 240.982
3 0 -98.664 52.263 240.793 -97.838 59.641 243.984 -98.496 59.646 244.164
3 0 -98.496 59.646 244.164 -99.319 52.248 240.982 -98.664 52.263 240.793
3 0 -98.296 53.386 238.134 -97.399 60.738 241.325 -96.998 60.477 241.812
3 0 -96.998 60.477 241.812 -97.881 53.134 238.612 -98.296 53.386 238.134
3 0 -98.886 53.573 237.845 -97.979 60.941 241.028 -97.399 60.738 241.325
3 0 -97.399 60.738 241.325 -98.296 53.386 238.134 -98.886 53.573 237.845
3 0 -99.560 53.667 237.792 -98.649 61.054 240.964 -97.979 60.941 241.028
3 0 -97.979 60.941 241.028 -98.886 53.573 237.845 -99.560 53.667 237.792
3 0 -100.216 53.653 237.981 -99.308 61.060 241.143 -98.649 61.054 240.964
3 0 -98.649 61.054 240.964 -99.560 53.667 237.792 -100.216 53.653 237.981
3 0 -99.709 61.321 240.657 -99.308 61.060 241.143 -100.216 53.653 237.981
3 0 -100.216 53.653 237.981 -100.632 53.905 237.502 -99.709 61.321 240.657
3 0 -100.290 61.524 240.359 -99.709 61.321 240.657 -100.632 53.905 237.502
3 0 -100.632 53.905 237.502 -101.222 54.093 237.214 -100.290 61.524 240.359
3 0 -100.960 61.637 240.295 -100.290 61.524 240.359 -101.222 54.093 237.214
3 0 -101.222 54.093 237.214 -101.896 54.186 237.161 -100.960 61.637 240.295
3 0 -101.619 61.643 240.475 -100.960 61.637 240.295 -101.896 54.186 237.161
3 0 -101.896 54.186 237.161 -102.552 54.172 237.350 -101.619 61.643 240.475
3 0 -102.165 61.540 240.871 -101.619 61.643 240.475 -102.552 54.172 237.350
3 0 -102.552 54.172 237.350 -103.090 54.052 237.753 -102.165 61.540 240.871
3 0 -102.517 61.345 241.423 -102.165 61.540 240.871 -103.090 54.052 237.753
3 0 -103.090 54.052 237.753 -103.427 53.844 238.309 -102.517 61.345 241.423
3 0 -102.620 61.088 242.047 -102.517 61.345 241.423 -103.427 53.844 238.309
3 0 -103.427 53.844 238.309 -103.514 53.580 238.933 -102.620 61.088 242.047
3 0 -102.458 60.807 242.648 -102.620 61.088 242.047 -103.514 53.580 238.933
3 0 -103.514 53.580 238.933 -103.335 53.301 239.530 -102.458 60.807 242.648
3 0 -102.057 60.545 243.134 -102.458 60.807 242.648 -103.335 53.301 239.530
3 0 -103.335 53.301 239.530 -102.919 53.048 240.009 -102.057 60.545 243.134
3 0 -101.477 60.342 243.432 -102.057 60.545 243.134 -102.919 53.048 240.009
3 0 -102.919 53.048 240.009 -102.329 52.861 240.297 -101.477 60.342 243.432
3 0 -100.807 60.229 243.496 -101.477 60.342 243.432 -102.329 52.861 240.297
3 0 -102.329 52.861 240.297 -101.655 52.767 240.351 -100.807 60.229 243.496
3 0 -100.148 60.224 243.316 -100.807 60.229 243.496 -101.655 52.767 240.351
3 0 -101.655 52.767 240.351 -100.999 52.782 240.162 -100.148 60.224 243.316
3 0 -94.185 66.085 248.360 -94.571 66.356 247.867 -95.527 59.058 244.653
3 0 -95.527 59.058 244.653 -95.126 58.796 245.139 -94.185 66.085 248.360
3 0 -93.615 65.867 248.667 -94.185 66.085 248.360 -95.126 58.796 245.139
3 0 -95.126 58.796 245.139 -94.546 58.593 245.437 -93.615 65.867 248.667
3 0 -92.949 65.736 248.742 -93.615 65.867 248.667 -94.546 58.593 245.437
3 0 -94.546 58.593 245.437 -93.876 58.481 245.501 -92.949 65.736 248.742
3 0 -92.288 65.712 248.572 -92.949 65.736 248.742 -93.876 58.481 245.501
3 0 -93.876 58.481 245.501 -93.217 58.475 245.321 -92.288 65.712 248.572
3 0 -91.733 65.798 248.185 -92.288 65.712 248.572 -93.217 58.475 245.321
3 0 -93.217 58.475 245.321 -92.670 58.577 244.925 -91.733 65.798 248.185
3 0 -91.367 65.982 247.638 -91.733 65.798 248.185 -92.670 58.577 244.925
3 0 -92.670 58.577 244.925 -92.319 58.772 244.373 -91.367 65.982 247.638
3 0 -91.248 66.236 247.015 -91.367 65.982 247.638 -92.319 58.772 244.373
3 0 -92.319 58.772 244.373 -92.216 59.030 243.749 -91.248 66.236 247.015
3 0 -91.392 66.520 246.411 -91.248 66.236 247.015 -92.216 59.030 243.749
3 0 -92.216 59.030 243.749 -92.377 59.311 243.148 -91.392 66.520 246.411
3 0 -91.779 66.791 245.918 -91.392 66.520 246.411 -92.377 59.311 243.148
3 0 -92.377 59.311 243.148 -92.779 59.572 242.662 -91.779 66.791 245.918
3 0 -92.348 67.009 245.611 -91.779 66.791 245.918 -92.779 59.572 242.662
3 0 -92.779 59.572 242.662 -93.359 59.775 242.364 -92.348 67.009 245.611
3 0 -93.014 67.140 245.536 -92.348 67.009 245.611 -93.359 59.775 242.364
3 0 -93.359 59.775 242.364 -94.029 59.888 242.300 -93.014 67.140 245.536
3 0 -93.675 67.164 245.706 -93.014 67.140 245.536 -94.029 59.888 242.300
3 0 -94.029 59.888 242.300 -94.688 59.894 242.480 -93.675 67.164 245.706
3 0 -97.437 59.379 244.471 -96.468 66.729 247.655 -96.854 67.001 247.162
3 0 -96.854 67.001 247.162 -97.838 59.641 243.984 -97.437 59.379 244.471
3 0 -96.857 59.176 244.769 -95.898 66.511 247.962 -96.468 66.729 247.655
3 0 -96.468 66.729 247.655 -97.437 59.379 244.471 -96.857 59.176 244.769
3 0 -96.186 59.064 244.833 -95.232 66.380 248.036 -95.898 66.511 247.962
3 0 -95.898 66.511 247.962 -96.857 59.176 244.769 -96.186 59.064 244.833
3 0 -95.527 59.058 244.653 -94.571 66.356 247.867 -95.232 66.380 248.036
3 0 -95.232 66.380 248.036 -96.186 59.064 244.833 -95.527 59.058 244.653
3 0 -95.089 60.156 241.994 -94.062 67.436 245.213 -93.675 67.164 245.706
3 0 -93.675 67.164 245.706 -94.688 59.894 242.480 -95.089 60.156 241.994
3 0 -95.669 60.358 241.696 -94.631 67.654 244.906 -94.062 67.436 245.213
3 0 -94.062 67.436 245.213 -95.089 60.156 241.994 -95.669 60.358 241.696
3 0 -96.340 60.471 241.632 -95.297 67.785 244.831 -94.631 67.654 244.906
3 0 -94.631 67.654 244.906 -95.669 60.358 241.696 -96.340 60.471 241.632
3 0 -96.998 60.477 241.812 -95.958 67.809 245.001 -95.297 67.785 244.831
3 0 -95.297 67.785 244.831 -96.340 60.471 241.632 -96.998 60.477 241.812
3 0 -99.746 59.962 243.803 -98.750 67.373 246.950 -99.136 67.645 246.456
3 0 -99.136 67.645 246.456 -100.148 60.224 243.316 -99.746 59.962 243.803
3 0 -99.166 59.759 244.100 -98.180 67.156 247.257 -98.750 67.373 246.950
3 0 -98.750 67.373 246.950 -99.746 59.962 243.803 -99.166 59.759 244.100
3 0 -98.496 59.646 244.164 -97.514 67.025 247.331 -98.180 67.156 247.257
3 0 -98.180 67.156 247.257 -99.166 59.759 244.100 -98.496 59.646 244.164
3 0 -97.838 59.641 243.984 -96.854 67.001 247.162 -97.514 67.025 247.331
3 0 -97.514 67.025 247.331 -98.496 59.646 244.164 -97.838 59.641 243.984
3 0 -97.399 60.738 241.325 -96.344 68.080 244.508 -95.958 67.809 245.001
3 0 -95.958 67.809 245.001 -96.998 60.477 241.812 -97.399 60.738 241.325
3 0 -97.979 60.941 241.028 -96.914 68.298 244.201 -96.344 68.080 244.508
3 0 -96.344 68.080 244.508 -97.399 60.738 241.325 -97.979 60.941 241.028
3 0 -98.649 61.054 240.964 -97.580 68.429 244.126 -96.914 68.298 244.201
3 0 -96.914 68.298 244.201 -97.979 60.941 241.028 -98.649 61.054 240.964
3 0 -99.308 61.060 241.143 -98.241 68.453 244.295 -97.580 68.429 244.126
3 0 -97.580 68.429 244.126 -98.649 61.054 240.964 -99.308 61.060 241.143
3 0 -98.627 68.725 243.802 -98.241 68.453 244.295 -99.308 61.060 241.143
3 0 -99.308 61.060 241.143 -99.709 61.321 240.657 -98.627 68.725 243.802
3 0 -99.197 68.943 243.495 -98.627 68.725 243.802 -99.709 61.321 240.657
3 0 -99.709 61.321 240.657 -100.290 61.524 240.359 -99.197 68.943 243.495
3 0 -99.863 69.074 243.421 -99.197 68.943 243.495 -100.290 61.524 240.359
3 0 -100.290 61.524 240.359 -100.960 61.637 240.295 -99.863 69.074 243.421
3 0 -100.524 69.098 243.590 -99.863 69.074 243.421 -100.960 61.637 240.295
3 0 -100.960 61.637 240.295 -101.619 61.643 240.475 -100.524 69.098 243.590
3 0 -101.079 69.011 243.978 -100.524 69.098 243.590 -101.619 61.643 240.475
3 0 -101.619 61.643 240.475 -102.165 61.540 240.871 -101.079 69.011 243.978
3 0 -101.444 68.827 244.525 -101.079 69.011 243.978 -102.165 61.540 240.871
3 0 -102.165 61.540 240.871 -102.517 61.345 241.423 -101.444 68.827 244.525
3 0 -101.564 68.574 245.147 -101.444 68.827 244.525 -102.517 61.345 241.423
3 0 -102.517 61.345 241.423 -102.620 61.088 242.047 -101.564 68.574 245.147
3 0 -101.419 68.290 245.751 -101.564 68.574 245.147 -102.620 61.088 242.047
3 0 -102.620 61.088 242.047 -102.458 60.807 242.648 -101.419 68.290 245.751
3 0 -101.033 68.018 246.244 -101.419 68.290 245.751 -102.458 60.807 242.648
3 0 -102.458 60.807 242.648 -102.057 60.545 243.134 -101.033 68.018 246.244
3 0 -100.463 67.800 246.551 -101.033 68.018 246.244 -102.057 60.545 243.134
3 0 -102.057 60.545 243.134 -101.477 60.342 243.432 -100.463 67.800 246.551
3 0 -99.797 67.669 246.626 -100.463 67.800 246.551 -101.477 60.342 243.432
3 0 -101.477 60.342 243.432 -100.807 60.229 243.496 -99.797 67.669 246.626
3 0 -99.136 67.645 246.456 -99.797 67.669 246.626 -100.807 60.229 243.496
3 0 -100.807 60.229 243.496 -100.148 60.224 243.316 -99.136 67.645 246.456
3 0 -93.112 73.338 251.600 -93.481 73.621 251.100 -94.571 66.356 247.867
3 0 -94.571 66.356 247.867 -94.185 66.085 248.360 -93.112 73.338 251.600
3 0 -92.555 73.103 251.918 -93.112 73.338 251.600 -94.185 66.085 248.360
3 0 -94.185 66.085 248.360 -93.615 65.867 248.667 -92.555 73.103 251.918
3 0 -91.895 72.953 252.005 -92.555 73.103 251.918 -93.615 65.867 248.667
3 0 -93.615 65.867 248.667 -92.949 65.736 248.742 -91.895 72.953 252.005
3 0 -91.232 72.911 251.849 -91.895 72.953 252.005 -92.949 65.736 248.742
3 0 -92.949 65.736 248.742 -92.288 65.712 248.572 -91.232 72.911 251.849
3 0 -90.666 72.982 251.472 -91.232 72.911 251.849 -92.288 65.712 248.572
3 0 -92.288 65.712 248.572 -91.733 65.798 248.185 -90.666 72.982 251.472
3 0 -90.285 73.155 250.933 -90.666 72.982 251.472 -91.733 65.798 248.185
3 0 -91.733 65.798 248.185 -91.367 65.982 247.638 -90.285 73.155 250.933
3 0 -90.146 73.406 250.313 -90.285 73.155 250.933 -91.367 65.982 247.638
3 0 -91.367 65.982 247.638 -91.248 66.236 247.015 -90.146 73.406 250.313
3 0 -90.271 73.694 249.707 -90.146 73.406 250.313 -91.248 66.236 247.015
3 0 -91.248 66.236 247.015 -91.392 66.520 246.411 -90.271 73.694 249.707
3 0 -90.639 73.977 249.207 -90.271 73.694 249.707 -91.392 66.520 246.411
3 0 -91.392 66.520 246.411 -91.779 66.791 245.918 -90.639 73.977 249.207
3 0 -91.196 74.212 248.889 -90.639 73.977 249.207 -91.779 66.791 245.918
3 0 -91.779 66.791 245.918 -92.348 67.009 245.611 -91.196 74.212 248.889
3 0 -91.857 74.362 248.801 -91.196 74.212 248.889 -92.348 67.009 245.611
3 0 -92.348 67.009 245.611 -93.014 67.140 245.536 -91.857 74.362 248.801
3 0 -92.520 74.404 248.958 -91.857 74.362 248.801 -93.014 67.140 245.536
3 0 -93.014 67.140 245.536 -93.675 67.164 245.706 -92.520 74.404 248.958
3 0 -96.468 66.729 247.655 -95.362 74.048 250.851 -95.730 74.331 250.350
3 0 -95.730 74.331 250.350 -96.854 67.001 247.162 -96.468 66.729 247.655
3 0 -95.898 66.511 247.962 -94.805 73.814 251.169 -95.362 74.048 250.851
3 0 -95.362 74.048 250.851 -96.468 66.729 247.655 -95.898 66.511 247.962
3 0 -95.232 66.380 248.036 -94.144 73.664 251.256 -94.805 73.814 251.169
3 0 -94.805 73.814 251.169 -95.898 66.511 247.962 -95.232 66.380 248.036
3 0 -94.571 66.356 247.867 -93.481 73.621 251.100 -94.144 73.664 251.256
3 0 -94.144 73.664 251.256 -95.232 66.380 248.036 -94.571 66.356 247.867
3 0 -94.062 67.436 245.213 -92.889 74.687 248.457 -92.520 74.404 248.958
3 0 -92.520 74.404 248.958 -93.675 67.164 245.706 -94.062 67.436 245.213
3 0 -94.631 67.654 244.906 -93.446 74.922 248.140 -92.889 74.687 248.457
3 0 -92.889 74.687 248.457 -94.062 67.436 245.213 -94.631 67.654 244.906
3 0 -95.297 67.785 244.831 -94.106 75.072 248.052 -93.446 74.922 248.140
3 0 -93.446 74.922 248.140 -94.631 67.654 244.906 -95.297 67.785 244.831
3 0 -95.958 67.809 245.001 -94.769 75.115 248.209 -94.106 75.072 248.052
3 0 -94.106 75.072 248.052 -95.297 67.785 244.831 -95.958 67.809 245.001
3 0 -98.750 67.373 246.950 -97.610 74.758 250.102 -97.979 75.041 249.602
3 0 -97.979 75.041 249.602 -99.136 67.645 246.456 -98.750 67.373 246.950
3 0 -98.180 67.156 247.257 -97.053 74.524 250.420 -97.610 74.758 250.102
3 0 -97.610 74.758 250.102 -98.750 67.373 246.950 -98.180 67.156 247.257
3 0 -97.514 67.025 247.331 -96.393 74.374 250.507 -97.053 74.524 250.420
3 0 -97.053 74.524 250.420 -98.180 67.156 247.257 -97.514 67.025 247.331
3 0 -96.854 67.001 247.162 -95.730 74.331 250.350 -96.393 74.374 250.507
3 0 -96.393 74.374 250.507 -97.514 67.025 247.331 -96.854 67.001 247.162
3 0 -96.344 68.080 244.508 -95.137 75.397 247.709 -94.769 75.115 248.209
3 0 -94.769 75.115 248.209 -95.958 67.809 245.001 -96.344 68.080 244.508
3 0 -96.914 68.298 244.201 -95.694 75.632 247.391 -95.137 75.397 247.709
3 0 -95.137 75.397 247.709 -96.344 68.080 244.508 -96.914 68.298 244.201
3 0 -97.580 68.429 244.126 -96.355 75.782 247.303 -95.694 75.632 247.391
3 0 -95.694 75.632 247.391 -96.914 68.298 244.201 -97.580 68.429 244.126
3 0 -98.241 68.453 244.295 -97.018 75.824 247.460 -96.355 75.782 247.303
3 0 -96.355 75.782 247.303 -97.580 68.429 244.126 -98.241 68.453 244.295
3 0 -97.387 76.108 246.959 -97.018 75.824 247.460 -98.241 68.453 244.295
3 0 -98.241 68.453 244.295 -98.627 68.725 243.802 -97.387 76.108 246.959
3 0 -97.944 76.342 246.641 -97.387 76.108 246.959 -98.627 68.725 243.802
3 0 -98.627 68.725 243.802 -99.197 68.943 243.495 -97.944 76.342 246.641
3 0 -98.604 76.492 246.554 -97.944 76.342 246.641 -99.197 68.943 243.495
3 0 -99.197 68.943 243.495 -99.863 69.074 243.421 -98.604 76.492 246.554
3 0 -99.267 76.535 246.710 -98.604 76.492 246.554 -99.863 69.074 243.421
3 0 -99.863 69.074 243.421 -100.524 69.098 243.590 -99.267 76.535 246.710
3 0 -99.833 76.464 247.087 -99.267 76.535 246.710 -100.524 69.098 243.590
3 0 -100.524 69.098 243.590 -101.079 69.011 243.978 -99.833 76.464 247.087
3 0 -100.214 76.290 247.626 -99.833 76.464 247.087 -101.079 69.011 243.978
3 0 -101.079 69.011 243.978 -101.444 68.827 244.525 -100.214 76.290 247.626
3 0 -100.353 76.040 248.246 -100.214 76.290 247.626 -101.444 68.827 244.525
3 0 -101.444 68.827 244.525 -101.564 68.574 245.147 -100.353 76.040 248.246
3 0 -100.228 75.751 248.852 -100.353 76.040 248.246 -101.564 68.574 245.147
3 0 -101.564 68.574 245.147 -101.419 68.290 245.751 -100.228 75.751 248.852
3 0 -99.860 75.468 249.353 -100.228 75.751 248.852 -101.419 68.290 245.751
3 0 -101.419 68.290 245.751 -101.033 68.018 246.244 -99.860 75.468 249.353
3 0 -99.303 75.234 249.671 -99.860 75.468 249.353 -101.033 68.018 246.244
3 0 -101.033 68.018 246.244 -100.463 67.800 246.551 -99.303 75.234 249.671
3 0 -98.642 75.084 249.758 -99.303 75.234 249.671 -100.463 67.800 246.551
3 0 -100.463 67.800 246.551 -99.797 67.669 246.626 -98.642 75.084 249.758
3 0 -97.979 75.041 249.602 -98.642 75.084 249.758 -99.797 67.669 246.626
3 0 -99.797 67.669 246.626 -99.136 67.645 246.456 -97.979 75.041 249.602
3 0 -91.926 80.530 254.901 -92.270 80.827 254.391 -93.481 73.621 251.100
3 0 -93.481 73.621 251.100 -93.112 73.338 251.600 -91.926 80.530 254.901
3 0 -91.388 80.276 255.234 -91.926 80.530 254.901 -93.112 73.338 251.600
3 0 -93.112 73.338 251.600 -92.555 73.103 251.918 -91.388 80.276 255.234
3 0 -90.736 80.103 255.341 -91.388 80.276 255.234 -92.555 73.103 251.918
3 0 -92.555 73.103 251.918 -91.895 72.953 252.005 -90.736 80.103 255.341
3 0 -90.070 80.038 255.204 -90.736 80.103 255.341 -91.895 72.953 252.005
3 0 -91.895 72.953 252.005 -91.232 72.911 251.849 -90.070 80.038 255.204
3 0 -89.492 80.091 254.844 -90.070 80.038 255.204 -91.232 72.911 251.849
3 0 -91.232 72.911 251.849 -90.666 72.982 251.472 -89.492 80.091 254.844
3 0 -89.089 80.253 254.317 -89.492 80.091 254.844 -90.666 72.982 251.472
3 0 -90.666 72.982 251.472 -90.285 73.155 250.933 -89.089 80.253 254.317
3 0 -88.923 80.500 253.703 -89.089 80.253 254.317 -90.285 73.155 250.933
3 0 -90.285 73.155 250.933 -90.146 73.406 250.313 -88.923 80.500 253.703
3 0 -89.019 80.795 253.094 -88.923 80.500 253.703 -90.146 73.406 250.313
3 0 -90.146 73.406 250.313 -90.271 73.694 249.707 -89.019 80.795 253.094
3 0 -89.363 81.092 252.585 -89.019 80.795 253.094 -90.271 73.694 249.707
3 0 -90.271 73.694 249.707 -90.639 73.977 249.207 -89.363 81.092 252.585
3 0 -89.902 81.346 252.251 -89.363 81.092 252.585 -90.639 73.977 249.207
3 0 -90.639 73.977 249.207 -91.196 74.212 248.889 -89.902 81.346 252.251
3 0 -90.554 81.519 252.145 -89.902 81.346 252.251 -91.196 74.212 248.889
3 0 -91.196 74.212 248.889 -91.857 74.362 248.801 -90.554 81.519 252.145
3 0 -91.220 81.584 252.282 -90.554 81.519 252.145 -91.857 74.362 248.801
3 0 -91.857 74.362 248.801 -92.520 74.404 248.958 -91.220 81.584 252.282
3 0 -95.362 74.048 250.851 -94.127 81.320 254.088 -94.471 81.617 253.579
3 0 -94.471 81.617 253.579 -95.730 74.331 250.350 -95.362 74.048 250.851
3 0 -94.805 73.814 251.169 -93.588 81.066 254.422 -94.127 81.320 254.088
3 0 -94.127 81.320 254.088 -95.362 74.048 250.851 -94.805 73.814 251.169
3 0 -94.144 73.664 251.256 -92.936 80.893 254.528 -93.588 81.066 254.422
3 0 -93.588 81.066 254.422 -94.805 73.814 251.169 -94.144 73.664 251.256
3 0 -93.481 73.621 251.100 -92.270 80.827 254.391 -92.936 80.893 254.528
3 0 -92.936 80.893 254.528 -94.144 73.664 251.256 -93.481 73.621 251.100
3 0 -92.889 74.687 248.457 -91.564 81.881 251.772 -91.220 81.584 252.282
3 0 -91.220 81.584 252.282 -92.520 74.404 248.958 -92.889 74.687 248.457
3 0 -93.446 74.922 248.140 -92.103 82.136 251.439 -91.564 81.881 251.772
3 0 -91.564 81.881 251.772 -92.889 74.687 248.457 -93.446 74.922 248.140
3 0 -94.106 75.072 248.052 -92.755 82.309 251.332 -92.103 82.136 251.439
3 0 -92.103 82.136 251.439 -93.446 74.922 248.140 -94.106 75.072 248.052
3 0 -94.769 75.115 248.209 -93.420 82.374 251.469 -92.755 82.309 251.332
3 0 -92.755 82.309 251.332 -94.106 75.072 248.052 -94.769 75.115 248.209
3 0 -97.610 74.758 250.102 -96.326 82.109 253.276 -96.670 82.406 252.766
3 0 -96.670 82.406 252.766 -97.979 75.041 249.602 -97.610 74.758 250.102
3 0 -97.053 74.524 250.420 -95.788 81.855 253.609 -96.326 82.109 253.276
3 0 -96.326 82.109 253.276 -97.610 74.758 250.102 -97.053 74.524 250.420
3 0 -96.393 74.374 250.507 -95.136 81.682 253.716 -95.788 81.855 253.609
3 0 -95.788 81.855 253.609 -97.053 74.524 250.420 -96.393 74.374 250.507
3 0 -95.730 74.331 250.350 -94.471 81.617 253.579 -95.136 81.682 253.716
3 0 -95.136 81.682 253.716 -96.393 74.374 250.507 -95.730 74.331 250.350
3 0 -95.137 75.397 247.709 -93.763 82.671 250.960 -93.420 82.374 251.469
3 0 -93.420 82.374 251.469 -94.769 75.115 248.209 -95.137 75.397 247.709
3 0 -95.694 75.632 247.391 -94.302 82.925 250.627 -93.763 82.671 250.960
3 0 -93.763 82.671 250.960 -95.137 75.397 247.709 -95.694 75.632 247.391
3 0 -96.355 75.782 247.303 -94.954 83.098 250.520 -94.302 82.925 250.627
3 0 -94.302 82.925 250.627 -95.694 75.632 247.391 -96.355 75.782 247.303
3 0 -97.018 75.824 247.460 -95.620 83.163 250.657 -94.954 83.098 250.520
3 0 -94.954 83.098 250.520 -96.355 75.782 247.303 -97.018 75.824 247.460
3 0 -95.964 83.460 250.147 -95.620 83.163 250.657 -97.018 75.824 247.460
3 0 -97.018 75.824 247.460 -97.387 76.108 246.959 -95.964 83.460 250.147
3 0 -96.503 83.714 249.814 -95.964 83.460 250.147 -97.387 76.108 246.959
3 0 -97.387 76.108 246.959 -97.944 76.342 246.641 -96.503 83.714 249.814
3 0 -97.155 83.887 249.708 -96.503 83.714 249.814 -97.944 76.342 246.641
3 0 -97.944 76.342 246.641 -98.604 76.492 246.554 -97.155 83.887 249.708
3 0 -97.820 83.952 249.845 -97.155 83.887 249.708 -98.604 76.492 246.554
3 0 -98.604 76.492 246.554 -99.267 76.535 246.710 -97.820 83.952 249.845
3 0 -98.399 83.900 250.204 -97.820 83.952 249.845 -99.267 76.535 246.710
3 0 -99.267 76.535 246.710 -99.833 76.464 247.087 -98.399 83.900 250.204
3 0 -98.801 83.738 250.731 -98.399 83.900 250.204 -99.833 76.464 247.087
3 0 -99.833 76.464 247.087 -100.214 76.290 247.626 -98.801 83.738 250.731
3 0 -98.967 83.490 251.346 -98.801 83.738 250.731 -100.214 76.290 247.626
3 0 -100.214 76.290 247.626 -100.353 76.040 248.246 -98.967 83.490 251.346
3 0 -98.871 83.196 251.954 -98.967 83.490 251.346 -100.353 76.040 248.246
3 0 -100.353 76.040 248.246 -100.228 75.751 248.852 -98.871 83.196 251.954
3 0 -98.527 82.899 252.464 -98.871 83.196 251.954 -100.228 75.751 248.852
3 0 -100.228 75.751 248.852 -99.860 75.468 249.353 -98.527 82.899 252.464
3 0 -97.988 82.644 252.797 -98.527 82.899 252.464 -99.860 75.468 249.353
3 0 -99.860 75.468 249.353 -99.303 75.234 249.671 -97.988 82.644 252.797
3 0 -97.336 82.471 252.903 -97.988 82.644 252.797 -99.303 75.234 249.671
3 0 -99.303 75.234 249.671 -98.642 75.084 249.758 -97.336 82.471 252.903
3 0 -96.670 82.406 252.766 -97.336 82.471 252.903 -98.642 75.084 249.758
3 0 -98.642 75.084 249.758 -97.979 75.041 249.602 -96.670 82.406 252.766
3 0 -90.953 87.956 257.794 -92.270 80.827 254.391 -91.926 80.530 254.901
3 0 -91.926 80.530 254.901 -90.647 87.643 258.319 -90.953 87.956 257.794
3 0 -90.647 87.643 258.319 -91.926 80.530 254.901 -91.388 80.276 255.234
3 0 -91.388 80.276 255.234 -90.136 87.365 258.677 -90.647 87.643 258.319
3 0 -90.136 87.365 258.677 -91.388 80.276 255.234 -90.736 80.103 255.341
3 0 -90.736 80.103 255.341 -89.499 87.164 258.814 -90.136 87.365 258.677
3 0 -89.499 87.164 258.814 -90.736 80.103 255.341 -90.070 80.038 255.204
3 0 -90.070 80.038 255.204 -88.830 87.071 258.709 -89.499 87.164 258.814
3 0 -88.830 87.071 258.709 -90.070 80.038 255.204 -89.492 80.091 254.844
3 0 -89.492 80.091 254.844 -88.234 87.099 258.378 -88.830 87.071 258.709
3 0 -88.234 87.099 258.378 -89.492 80.091 254.844 -89.089 80.253 254.317
3 0 -89.089 80.253 254.317 -87.799 87.245 257.872 -88.234 87.099 258.378
3 0 -87.799 87.245 257.872 -89.089 80.253 254.317 -88.923 80.500 253.703
3 0 -88.923 80.500 253.703 -87.593 87.486 257.267 -87.799 87.245 257.872
3 0 -87.593 87.486 257.267 -88.923 80.500 253.703 -89.019 80.795 253.094
3 0 -89.019 80.795 253.094 -87.647 87.786 256.656 -87.593 87.486 257.267
3 0 -87.647 87.786 256.656 -89.019 80.795 253.094 -89.363 81.092 252.585
3 0 -89.363 81.092 252.585 -87.953 88.099 256.132 -87.647 87.786 256.656
3 0 -87.953 88.099 256.132 -89.363 81.092 252.585 -89.902 81.346 252.251
3 0 -89.902 81.346 252.251 -88.463 88.377 255.774 -87.953 88.099 256.132
3 0 -88.463 88.377 255.774 -89.902 81.346 252.251 -90.554 81.519 252.145
3 0 -90.554 81.519 252.145 -89.101 88.578 255.637 -88.463 88.377 255.774
3 0 -89.101 88.578 255.637 -90.554 81.519 252.145 -91.220 81.584 252.282
3 0 -91.220 81.584 252.282 -89.770 88.671 255.742 -89.101 88.578 255.637
3 0 -92.770 88.529 257.404 -93.075 88.842 256.880 -94.471 81.617 253.579
3 0 -94.471 81.617 253.579 -94.127 81.320 254.088 -92.770 88.529 257.404
3 0 -92.259 88.251 257.762 -92.770 88.529 257.404 -94.127 81.320 254.088
3 0 -94.127 81.320 254.088 -93.588 81.066 254.422 -92.259 88.251 257.762
3 0 -91.621 88.050 257.899 -92.259 88.251 257.762 -93.588 81.066 254.422
3 0 -93.588 81.066 254.422 -92.936 80.893 254.528 -91.621 88.050 257.899
3 0 -90.953 87.956 257.794 -91.621 88.050 257.899 -92.936 80.893 254.528
3 0 -92.936 80.893 254.528 -92.270 80.827 254.391 -90.953 87.956 257.794
3 0 -90.075 88.984 255.217 -89.770 88.671 255.742 -91.220 81.584 252.282
3 0 -91.220 81.584 252.282 -91.564 81.881 251.772 -90.075 88.984 255.217
3 0 -90.586 89.262 254.859 -90.075 88.984 255.217 -91.564 81.881 251.772
3 0 -91.564 81.881 251.772 -92.103 82.136 251.439 -90.586 89.262 254.859
3 0 -91.224 89.463 254.722 -90.586 89.262 254.859 -92.103 82.136 251.439
3 0 -92.103 82.136 251.439 -92.755 82.309 251.332 -91.224 89.463 254.722
3 0 -91.892 89.557 254.827 -91.224 89.463 254.722 -92.755 82.309 251.332
3 0 -92.755 82.309 251.332 -93.420 82.374 251.469 -91.892 89.557 254.827
3 0 -94.891 89.414 256.490 -95.197 89.727 255.965 -96.670 82.406 252.766
3 0 -96.670 82.406 252.766 -96.326 82.109 253.276 -94.891 89.414 256.490
3 0 -94.381 89.136 256.848 -94.891 89.414 256.490 -96.326 82.109 253.276
3 0 -96.326 82.109 253.276 -95.788 81.855 253.609 -94.381 89.136 256.848
3 0 -93.743 88.935 256.985 -94.381 89.136 256.848 -95.788 81.855 253.609
3 0 -95.788 81.855 253.609 -95.136 81.682 253.716 -93.743 88.935 256.985
3 0 -93.075 88.842 256.880 -93.743 88.935 256.985 -95.136 81.682 253.716
3 0 -95.136 81.682 253.716 -94.471 81.617 253.579 -93.075 88.842 256.880
3 0 -92.197 89.869 254.303 -91.892 89.557 254.827 -93.420 82.374 251.469
3 0 -93.420 82.374 251.469 -93.763 82.671 250.960 -92.197 89.869 254.303
3 0 -92.708 90.147 253.945 -92.197 89.869 254.303 -93.763 82.671 250.960
3 0 -93.763 82.671 250.960 -94.302 82.925 250.627 -92.708 90.147 253.945
3 0 -93.345 90.348 253.808 -92.708 90.147 253.945 -94.302 82.925 250.627
3 0 -94.302 82.925 250.627 -94.954 83.098 250.520 -93.345 90.348 253.808
3 0 -94.014 90.442 253.913 -93.345 90.348 253.808 -94.954 83.098 250.520
3 0 -94.954 83.098 250.520 -95.620 83.163 250.657 -94.014 90.442 253.913
3 0 -94.014 90.442 253.913 -95.620 83.163 250.657 -95.964 83.460 250.147
3 0 -95.964 83.460 250.147 -94.319 90.755 253.388 -94.014 90.442 253.913
3 0 -94.319 90.755 253.388 -95.964 83.460 250.147 -96.503 83.714 249.814
3 0 -96.503 83.714 249.814 -94.830 91.033 253.030 -94.319 90.755 253.388
3 0 -94.830 91.033 253.030 -96.503 83.714 249.814 -97.155 83.887 249.708
3 0 -97.155 83.887 249.708 -95.468 91.234 252.893 -94.830 91.033 253.030
3 0 -95.468 91.234 252.893 -97.155 83.887 249.708 -97.820 83.952 249.845
3 0 -97.820 83.952 249.845 -96.136 91.327 252.998 -95.468 91.234 252.893
3 0 -96.136 91.327 252.998 -97.820 83.952 249.845 -98.399 83.900 250.204
3 0 -98.399 83.900 250.204 -96.733 91.299 253.329 -96.136 91.327 252.998
3 0 -96.733 91.299 253.329 -98.399 83.900 250.204 -98.801 83.738 250.731
3 0 -98.801 83.738 250.731 -97.167 91.153 253.835 -96.733 91.299 253.329
3 0 -97.167 91.153 253.835 -98.801 83.738 250.731 -98.967 83.490 251.346
3 0 -98.967 83.490 251.346 -97.373 90.912 254.440 -97.167 91.153 253.835
3 0 -97.373 90.912 254.440 -98.967 83.490 251.346 -98.871 83.196 251.954
3 0 -98.871 83.196 251.954 -97.319 90.612 255.051 -97.373 90.912 254.440
3 0 -97.319 90.612 255.051 -98.871 83.196 251.954 -98.527 82.899 252.464
3 0 -98.527 82.899 252.464 -97.014 90.300 255.575 -97.319 90.612 255.051
3 0 -97.014 90.300 255.575 -98.527 82.899 252.464 -97.988 82.644 252.797
3 0 -97.988 82.644 252.797 -96.503 90.021 255.933 -97.014 90.300 255.575
3 0 -96.503 90.021 255.933 -97.988 82.644 252.797 -97.336 82.471 252.903
3 0 -97.336 82.471 252.903 -95.865 89.820 256.070 -96.503 90.021 255.933
3 0 -95.865 89.820 256.070 -97.336 82.471 252.903 -96.670 82.406 252.766
3 0 -96.670 82.406 252.766 -95.197 89.727 255.965 -95.865 89.820 256.070
3 0 -90.296 91.455 259.576 -90.953 87.956 257.794 -90.647 87.643 258.319
3 0 -90.647 87.643 258.319 -90.028 91.129 260.113 -90.296 91.455 259.576
3 0 -90.028 91.129 260.113 -90.647 87.643 258.319 -90.136 87.365 258.677
3 0 -90.136 87.365 258.677 -89.546 90.830 260.493 -90.028 91.129 260.113
3 0 -89.546 90.830 260.493 -90.136 87.365 258.677 -89.499 87.164 258.814
3 0 -89.499 87.164 258.814 -88.924 90.604 260.659 -89.546 90.830 260.493
3 0 -88.924 90.604 260.659 -89.499 87.164 258.814 -88.830 87.071 258.709
3 0 -88.830 87.071 258.709 -88.256 90.484 260.586 -88.924 90.604 260.659
3 0 -88.256 90.484 260.586 -88.830 87.071 258.709 -88.234 87.099 258.378
3 0 -88.234 87.099 258.378 -87.643 90.489 260.284 -88.256 90.484 260.586
3 0 -87.643 90.489 260.284 -88.234 87.099 258.378 -87.799 87.245 257.872
3 0 -87.799 87.245 257.872 -87.180 90.619 259.799 -87.643 90.489 260.284
3 0 -87.180 90.619 259.799 -87.799 87.245 257.872 -87.593 87.486 257.267
3 0 -87.593 87.486 257.267 -86.937 90.853 259.206 -87.180 90.619 259.799
3 0 -86.937 90.853 259.206 -87.593 87.486 257.267 -87.647 87.786 256.656
3 0 -87.647 87.786 256.656 -86.950 91.156 258.594 -86.937 90.853 259.206
3 0 -86.950 91.156 258.594 -87.647 87.786 256.656 -87.953 88.099 256.132
3 0 -87.953 88.099 256.132 -87.217 91.482 258.057 -86.950 91.156 258.594
3 0 -87.217 91.482 258.057 -87.953 88.099 256.132 -88.463 88.377 255.774
3 0 -88.463 88.377 255.774 -87.699 91.781 257.676 -87.217 91.482 258.057
3 0 -87.699 91.781 257.676 -88.463 88.377 255.774 -89.101 88.578 255.637
3 0 -89.101 88.578 255.637 -88.321 92.007 257.510 -87.699 91.781 257.676
3 0 -88.321 92.007 257.510 -89.101 88.578 255.637 -89.770 88.671 255.742
3 0 -89.770 88.671 255.742 -88.990 92.127 257.584 -88.321 92.007 257.510
3 0 -92.068 92.100 259.102 -92.336 92.426 258.565 -93.075 88.842 256.880
3 0 -93.075 88.842 256.880 -92.770 88.529 257.404 -92.068 92.100 259.102
3 0 -91.586 91.801 259.483 -92.068 92.100 259.102 -92.770 88.529 257.404
3 0 -92.770 88.529 257.404 -92.259 88.251 257.762 -91.586 91.801 259.483
3 0 -90.964 91.575 259.649 -91.586 91.801 259.483 -92.259 88.251 257.762
3 0 -92.259 88.251 257.762 -91.621 88.050 257.899 -90.964 91.575 259.649
3 0 -90.296 91.455 259.576 -90.964 91.575 259.649 -91.621 88.050 257.899
3 0 -91.621 88.050 257.899 -90.953 87.956 257.794 -90.296 91.455 259.576
3 0 -89.258 92.453 257.047 -88.990 92.127 257.584 -89.770 88.671 255.742
3 0 -89.770 88.671 255.742 -90.075 88.984 255.217 -89.258 92.453 257.047
3 0 -89.739 92.752 256.666 -89.258 92.453 257.047 -90.075 88.984 255.217
3 0 -90.075 88.984 255.217 -90.586 89.262 254.859 -89.739 92.752 256.666
3 0 -90.362 92.978 256.500 -89.739 92.752 256.666 -90.586 89.262 254.859
3 0 -90.586 89.262 254.859 -91.224 89.463 254.722 -90.362 92.978 256.500
3 0 -91.030 93.098 256.574 -90.362 92.978 256.500 -91.224 89.463 254.722
3 0 -91.224 89.463 254.722 -91.892 89.557 254.827 -91.030 93.098 256.574
3 0 -94.107 93.071 258.093 -94.375 93.397 257.556 -95.197 89.727 255.965
3 0 -95.197 89.727 255.965 -94.891 89.414 256.490 -94.107 93.071 258.093
3 0 -93.626 92.772 258.473 -94.107 93.071 258.093 -94.891 89.414 256.490
3 0 -94.891 89.414 256.490 -94.381 89.136 256.848 -93.626 92.772 258.473
3 0 -93.003 92.545 258.639 -93.626 92.772 258.473 -94.381 89.136 256.848
3 0 -94.381 89.136 256.848 -93.743 88.935 256.985 -93.003 92.545 258.639
3 0 -92.336 92.426 258.565 -93.003 92.545 258.639 -93.743 88.935 256.985
3 0 -93.743 88.935 256.985 -93.075 88.842 256.880 -92.336 92.426 258.565
3 0 -91.297 93.424 256.037 -91.030 93.098 256.574 -91.892 89.557 254.827
3 0 -91.892 89.557 254.827 -92.197 89.869 254.303 -91.297 93.424 256.037
3 0 -91.779 93.723 255.656 -91.297 93.424 256.037 -92.197 89.869 254.303
3 0 -92.197 89.869 254.303 -92.708 90.147 253.945 -91.779 93.723 255.656
3 0 -92.401 93.949 255.490 -91.779 93.723 255.656 -92.708 90.147 253.945
3 0 -92.708 90.147 253.945 -93.345 90.348 253.808 -92.401 93.949 255.490
3 0 -93.069 94.069 255.564 -92.401 93.949 255.490 -93.345 90.348 253.808
3 0 -93.345 90.348 253.808 -94.014 90.442 253.913 -93.069 94.069 255.564
3 0 -93.069 94.069 255.564 -94.014 90.442 253.913 -94.319 90.755 253.388
3 0 -94.319 90.755 253.388 -93.337 94.395 255.027 -93.069 94.069 255.564
3 0 -93.337 94.395 255.027 -94.319 90.755 253.388 -94.830 91.033 253.030
3 0 -94.830 91.033 253.030 -93.819 94.694 254.646 -93.337 94.395 255.027
3 0 -93.819 94.694 254.646 -94.830 91.033 253.030 -95.468 91.234 252.893
3 0 -95.468 91.234 252.893 -94.441 94.920 254.480 -93.819 94.694 254.646
3 0 -94.441 94.920 254.480 -95.468 91.234 252.893 -96.136 91.327 252.998
3 0 -96.136 91.327 252.998 -95.109 95.040 254.554 -94.441 94.920 254.480
3 0 -95.109 95.040 254.554 -96.136 91.327 252.998 -96.733 91.299 253.329
3 0 -96.733 91.299 253.329 -95.722 95.034 254.856 -95.109 95.040 254.554
3 0 -95.722 95.034 254.856 -96.733 91.299 253.329 -97.167 91.153 253.835
3 0 -97.167 91.153 253.835 -96.185 94.905 255.340 -95.722 95.034 254.856
3 0 -96.185 94.905 255.340 -97.167 91.153 253.835 -97.373 90.912 254.440
3 0 -97.373 90.912 254.440 -96.429 94.671 255.934 -96.185 94.905 255.340
3 0 -96.429 94.671 255.934 -97.373 90.912 254.440 -97.319 90.612 255.051
3 0 -97.319 90.612 255.051 -96.415 94.368 256.545 -96.429 94.671 255.934
3 0 -96.415 94.368 256.545 -97.319 90.612 255.051 -97.014 90.300 255.575
3 0 -97.014 90.300 255.575 -96.148 94.042 257.082 -96.415 94.368 256.545
3 0 -96.148 94.042 257.082 -97.014 90.300 255.575 -96.503 90.021 255.933
3 0 -96.503 90.021 255.933 -95.666 93.743 257.463 -96.148 94.042 257.082
3 0 -95.666 93.743 257.463 -96.503 90.021 255.933 -95.865 89.820 256.070
3 0 -95.865 89.820 256.070 -95.044 93.516 257.629 -95.666 93.743 257.463
3 0 -95.044 93.516 257.629 -95.865 89.820 256.070 -95.197 89.727 255.965
3 0 -95.197 89.727 255.965 -94.375 93.397 257.556 -95.044 93.516 257.629
3 0 -89.323 94.588 261.920 -89.560 94.925 261.376 -90.296 91.455 259.576
3 0 -90.296 91.455 259.576 -90.028 91.129 260.113 -89.323 94.588 261.920
3 0 -88.865 94.271 262.315 -89.323 94.588 261.920 -90.028 91.129 260.113
3 0 -90.028 91.129 260.113 -89.546 90.830 260.493 -88.865 94.271 262.315
3 0 -88.257 94.022 262.501 -88.865 94.271 262.315 -89.546 90.830 260.493
3 0 -89.546 90.830 260.493 -88.924 90.604 260.659 -88.257 94.022 262.501
3 0 -87.591 93.880 262.450 -88.257 94.022 262.501 -88.924 90.604 260.659
3 0 -88.924 90.604 260.659 -88.256 90.484 260.586 -87.591 93.880 262.450
3 0 -86.969 93.867 262.170 -87.591 93.880 262.450 -88.256 90.484 260.586
3 0 -88.256 90.484 260.586 -87.643 90.489 260.284 -86.969 93.867 262.170
3 0 -86.484 93.984 261.703 -86.969 93.867 262.170 -87.643 90.489 260.284
3 0 -87.643 90.489 260.284 -87.180 90.619 259.799 -86.484 93.984 261.703
3 0 -86.212 94.213 261.120 -86.484 93.984 261.703 -87.180 90.619 259.799
3 0 -87.180 90.619 259.799 -86.937 90.853 259.206 -86.212 94.213 261.120
3 0 -86.193 94.520 260.511 -86.212 94.213 261.120 -86.937 90.853 259.206
3 0 -86.937 90.853 259.206 -86.950 91.156 258.594 -86.193 94.520 260.511
3 0 -86.431 94.858 259.967 -86.193 94.520 260.511 -86.950 91.156 258.594
3 0 -86.950 91.156 258.594 -87.217 91.482 258.057 -86.431 94.858 259.967
3 0 -86.889 95.175 259.572 -86.431 94.858 259.967 -87.217 91.482 258.057
3 0 -87.217 91.482 258.057 -87.699 91.781 257.676 -86.889 95.175 259.572
3 0 -87.497 95.423 259.385 -86.889 95.175 259.572 -87.699 91.781 257.676
3 0 -87.699 91.781 257.676 -88.321 92.007 257.510 -87.497 95.423 259.385
3 0 -88.163 95.565 259.436 -87.497 95.423 259.385 -88.321 92.007 257.510
3 0 -88.321 92.007 257.510 -88.990 92.127 257.584 -88.163 95.565 259.436
3 0 -92.068 92.100 259.102 -91.292 95.633 260.845 -91.530 95.971 260.301
3 0 -91.530 95.971 260.301 -92.336 92.426 258.565 -92.068 92.100 259.102
3 0 -91.586 91.801 259.483 -90.835 95.316 261.240 -91.292 95.633 260.845
3 0 -91.292 95.633 260.845 -92.068 92.100 259.102 -91.586 91.801 259.483
3 0 -90.964 91.575 259.649 -90.227 95.067 261.427 -90.835 95.316 261.240
3 0 -90.835 95.316 261.240 -91.586 91.801 259.483 -90.964 91.575 259.649
3 0 -90.296 91.455 259.576 -89.560 94.925 261.376 -90.227 95.067 261.427
3 0 -90.227 95.067 261.427 -90.964 91.575 259.649 -90.296 91.455 259.576
3 0 -89.258 92.453 257.047 -88.400 95.903 258.892 -88.163 95.565 259.436
3 0 -88.163 95.565 259.436 -88.990 92.127 257.584 -89.258 92.453 257.047
3 0 -89.739 92.752 256.666 -88.858 96.220 258.497 -88.400 95.903 258.892
3 0 -88.400 95.903 258.892 -89.258 92.453 257.047 -89.739 92.752 256.666
3 0 -90.362 92.978 256.500 -89.466 96.469 258.311 -88.858 96.220 258.497
3 0 -88.858 96.220 258.497 -89.739 92.752 256.666 -90.362 92.978 256.500
3 0 -91.030 93.098 256.574 -90.132 96.610 258.362 -89.466 96.469 258.311
3 0 -89.466 96.469 258.311 -90.362 92.978 256.500 -91.030 93.098 256.574
3 0 -94.107 93.071 258.093 -93.261 96.678 259.771 -93.498 97.015 259.227
3 0 -93.498 97.015 259.227 -94.375 93.397 257.556 -94.107 93.071 258.093
3 0 -93.626 92.772 258.473 -92.803 96.360 260.166 -93.261 96.678 259.771
3 0 -93.261 96.678 259.771 -94.107 93.071 258.093 -93.626 92.772 258.473
3 0 -93.003 92.545 258.639 -92.195 96.112 260.352 -92.803 96.360 260.166
3 0 -92.803 96.360 260.166 -93.626 92.772 258.473 -93.003 92.545 258.639
3 0 -92.336 92.426 258.565 -91.530 95.971 260.301 -92.195 96.112 260.352
3 0 -92.195 96.112 260.352 -93.003 92.545 258.639 -92.336 92.426 258.565
3 0 -91.297 93.424 256.037 -90.369 96.948 257.818 -90.132 96.610 258.362
3 0 -90.132 96.610 258.362 -91.030 93.098 256.574 -91.297 93.424 256.037
3 0 -91.779 93.723 255.656 -90.827 97.265 257.423 -90.369 96.948 257.818
3 0 -90.369 96.948 257.818 -91.297 93.424 256.037 -91.779 93.723 255.656
3 0 -92.401 93.949 255.490 -91.435 97.513 257.237 -90.827 97.265 257.423
3 0 -90.827 97.265 257.423 -91.779 93.723 255.656 -92.401 93.949 255.490
3 0 -93.069 94.069 255.564 -92.101 97.655 257.287 -91.435 97.513 257.237
3 0 -91.435 97.513 257.237 -92.401 93.949 255.490 -93.069 94.069 255.564
3 0 -92.338 97.993 256.744 -92.101 97.655 257.287 -93.069 94.069 255.564
3 0 -93.069 94.069 255.564 -93.337 94.395 255.027 -92.338 97.993 256.744
3 0 -92.796 98.310 256.348 -92.338 97.993 256.744 -93.337 94.395 255.027
3 0 -93.337 94.395 255.027 -93.819 94.694 254.646 -92.796 98.310 256.348
3 0 -93.404 98.558 256.162 -92.796 98.310 256.348 -93.819 94.694 254.646
3 0 -93.819 94.694 254.646 -94.441 94.920 254.480 -93.404 98.558 256.162
3 0 -94.070 98.700 256.213 -93.404 98.558 256.162 -94.441 94.920 254.480
3 0 -94.441 94.920 254.480 -95.109 95.040 254.554 -94.070 98.700 256.213
3 0 -94.693 98.714 256.493 -94.070 98.700 256.213 -95.109 95.040 254.554
3 0 -95.109 95.040 254.554 -95.722 95.034 254.856 -94.693 98.714 256.493
3 0 -95.177 98.597 256.960 -94.693 98.714 256.493 -95.722 95.034 254.856
3 0 -95.722 95.034 254.856 -96.185 94.905 255.340 -95.177 98.597 256.960
3 0 -95.449 98.367 257.543 -95.177 98.597 256.960 -96.185 94.905 255.340
3 0 -96.185 94.905 255.340 -96.429 94.671 255.934 -95.449 98.367 257.543
3 0 -95.468 98.060 258.152 -95.449 98.367 257.543 -96.429 94.671 255.934
3 0 -96.429 94.671 255.934 -96.415 94.368 256.545 -95.468 98.060 258.152
3 0 -95.230 97.723 258.696 -95.468 98.060 258.152 -96.415 94.368 256.545
3 0 -96.415 94.368 256.545 -96.148 94.042 257.082 -95.230 97.723 258.696
3 0 -94.773 97.405 259.091 -95.230 97.723 258.696 -96.148 94.042 257.082
3 0 -96.148 94.042 257.082 -95.666 93.743 257.463 -94.773 97.405 259.091
3 0 -94.165 97.157 259.278 -94.773 97.405 259.091 -95.666 93.743 257.463
3 0 -95.666 93.743 257.463 -95.044 93.516 257.629 -94.165 97.157 259.278
3 0 -93.498 97.015 259.227 -94.165 97.157 259.278 -95.044 93.516 257.629
3 0 -95.044 93.516 257.629 -94.375 93.397 257.556 -93.498 97.015 259.227
3 0 -88.571 97.982 263.771 -88.776 98.335 263.224 -89.560 94.925 261.376
3 0 -89.560 94.925 261.376 -89.323 94.588 261.920 -88.571 97.982 263.771
3 0 -88.140 97.642 264.178 -88.571 97.982 263.771 -89.323 94.588 261.920
3 0 -89.323 94.588 261.920 -88.865 94.271 262.315 -88.140 97.642 264.178
3 0 -87.549 97.368 264.382 -88.140 97.642 264.178 -88.865 94.271 262.315
3 0 -88.865 94.271 262.315 -88.257 94.022 262.501 -87.549 97.368 264.382
3 0 -86.888 97.201 264.353 -87.549 97.368 264.382 -88.257 94.022 262.501
3 0 -88.257 94.022 262.501 -87.591 93.880 262.450 -86.888 97.201 264.353
3 0 -86.257 97.166 264.095 -86.888 97.201 264.353 -87.591 93.880 262.450
3 0 -87.591 93.880 262.450 -86.969 93.867 262.170 -86.257 97.166 264.095
3 0 -85.752 97.270 263.646 -86.257 97.166 264.095 -86.969 93.867 262.170
3 0 -86.969 93.867 262.170 -86.484 93.984 261.703 -85.752 97.270 263.646
3 0 -85.451 97.495 263.077 -85.752 97.270 263.646 -86.484 93.984 261.703
3 0 -86.484 93.984 261.703 -86.212 94.213 261.120 -85.451 97.495 263.077
3 0 -85.398 97.808 262.472 -85.451 97.495 263.077 -86.212 94.213 261.120
3 0 -86.212 94.213 261.120 -86.193 94.520 260.511 -85.398 97.808 262.472
3 0 -85.603 98.161 261.925 -85.398 97.808 262.472 -86.193 94.520 260.511
3 0 -86.193 94.520 260.511 -86.431 94.858 259.967 -85.603 98.161 261.925
3 0 -86.034 98.501 261.518 -85.603 98.161 261.925 -86.431 94.858 259.967
3 0 -86.431 94.858 259.967 -86.889 95.175 259.572 -86.034 98.501 261.518
3 0 -86.625 98.775 261.314 -86.034 98.501 261.518 -86.889 95.175 259.572
3 0 -86.889 95.175 259.572 -87.497 95.423 259.385 -86.625 98.775 261.314
3 0 -87.286 98.942 261.343 -86.625 98.775 261.314 -87.497 95.423 259.385
3 0 -87.497 95.423 259.385 -88.163 95.565 259.436 -87.286 98.942 261.343
3 0 -91.292 95.633 260.845 -90.459 99.116 262.642 -90.664 99.469 262.094
3 0 -90.664 99.469 262.094 -91.530 95.971 260.301 -91.292 95.633 260.845
3 0 -90.835 95.316 261.240 -90.028 98.776 263.048 -90.459 99.116 262.642
3 0 -90.459 99.116 262.642 -91.292 95.633 260.845 -90.835 95.316 261.240
3 0 -90.227 95.067 261.427 -89.437 98.502 263.253 -90.028 98.776 263.048
3 0 -90.028 98.776 263.048 -90.835 95.316 261.240 -90.227 95.067 261.427
3 0 -89.560 94.925 261.376 -88.776 98.335 263.224 -89.437 98.502 263.253
3 0 -89.437 98.502 263.253 -90.227 95.067 261.427 -89.560 94.925 261.376
3 0 -88.400 95.903 258.892 -87.491 99.295 260.796 -87.286 98.942 261.343
3 0 -87.286 98.942 261.343 -88.163 95.565 259.436 -88.400 95.903 258.892
3 0 -88.858 96.220 258.497 -87.922 99.635 260.389 -87.491 99.295 260.796
3 0 -87.491 99.295 260.796 -88.400 95.903 258.892 -88.858 96.220 258.497
3 0 -89.466 96.469 258.311 -88.513 99.909 260.184 -87.922 99.635 260.389
3 0 -87.922 99.635 260.389 -88.858 96.220 258.497 -89.466 96.469 258.311
3 0 -90.132 96.610 258.362 -89.174 100.076 260.214 -88.513 99.909 260.184
3 0 -88.513 99.909 260.184 -89.466 96.469 258.311 -90.132 96.610 258.362
3 0 -93.261 96.678 259.771 -92.346 100.250 261.513 -92.551 100.603 260.966
3 0 -92.551 100.603 260.966 -93.498 97.015 259.227 -93.261 96.678 259.771
3 0 -92.803 96.360 260.166 -91.915 99.910 261.920 -92.346 100.250 261.513
3 0 -92.346 100.250 261.513 -93.261 96.678 259.771 -92.803 96.360 260.166
3 0 -92.195 96.112 260.352 -91.324 99.636 262.124 -91.915 99.910 261.920
3 0 -91.915 99.910 261.920 -92.803 96.360 260.166 -92.195 96.112 260.352
3 0 -91.530 95.971 260.301 -90.664 99.469 262.094 -91.324 99.636 262.124
3 0 -91.324 99.636 262.124 -92.195 96.112 260.352 -91.530 95.971 260.301
3 0 -90.369 96.948 257.818 -89.378 100.429 259.667 -89.174 100.076 260.214
3 0 -89.174 100.076 260.214 -90.132 96.610 258.362 -90.369 96.948 257.818
3 0 -90.827 97.265 257.423 -89.809 100.769 259.260 -89.378 100.429 259.667
3 0 -89.378 100.429 259.667 -90.369 96.948 257.818 -90.827 97.265 257.423
3 0 -91.435 97.513 257.237 -90.400 101.043 259.056 -89.809 100.769 259.260
3 0 -89.809 100.769 259.260 -90.827 97.265 257.423 -91.435 97.513 257.237
3 0 -92.101 97.655 257.287 -91.061 101.210 259.085 -90.400 101.043 259.056
3 0 -90.400 101.043 259.056 -91.435 97.513 257.237 -92.101 97.655 257.287
3 0 -91.266 101.563 258.537 -91.061 101.210 259.085 -92.101 97.655 257.287
3 0 -92.101 97.655 257.287 -92.338 97.993 256.744 -91.266 101.563 258.537
3 0 -91.697 101.903 258.131 -91.266 101.563 258.537 -92.338 97.993 256.744
3 0 -92.338 97.993 256.744 -92.796 98.310 256.348 -91.697 101.903 258.131
3 0 -92.288 102.177 257.926 -91.697 101.903 258.131 -92.796 98.310 256.348
3 0 -92.796 98.310 256.348 -93.404 98.558 256.162 -92.288 102.177 257.926
3 0 -92.949 102.344 257.956 -92.288 102.177 257.926 -93.404 98.558 256.162
3 0 -93.404 98.558 256.162 -94.070 98.700 256.213 -92.949 102.344 257.956
3 0 -93.580 102.378 258.214 -92.949 102.344 257.956 -94.070 98.700 256.213
3 0 -94.070 98.700 256.213 -94.693 98.714 256.493 -93.580 102.378 258.214
3 0 -94.085 102.275 258.662 -93.580 102.378 258.214 -94.693 98.714 256.493
3 0 -94.693 98.714 256.493 -95.177 98.597 256.960 -94.085 102.275 258.662
3 0 -94.386 102.050 259.232 -94.085 102.275 258.662 -95.177 98.597 256.960
3 0 -95.177 98.597 256.960 -95.449 98.367 257.543 -94.386 102.050 259.232
3 0 -94.439 101.737 259.836 -94.386 102.050 259.232 -95.449 98.367 257.543
3 0 -95.449 98.367 257.543 -95.468 98.060 258.152 -94.439 101.737 259.836
3 0 -94.234 101.384 260.384 -94.439 101.737 259.836 -95.468 98.060 258.152
3 0 -95.468 98.060 258.152 -95.230 97.723 258.696 -94.234 101.384 260.384
3 0 -93.803 101.044 260.790 -94.234 101.384 260.384 -95.230 97.723 258.696
3 0 -95.230 97.723 258.696 -94.773 97.405 259.091 -93.803 101.044 260.790
3 0 -93.212 100.770 260.995 -93.803 101.044 260.790 -94.773 97.405 259.091
3 0 -94.773 97.405 259.091 -94.165 97.157 259.278 -93.212 100.770 260.995
3 0 -92.551 100.603 260.966 -93.212 100.770 260.995 -94.165 97.157 259.278
3 0 -94.165 97.157 259.278 -93.498 97.015 259.227 -92.551 100.603 260.966
3 0 -87.746 101.277 265.684 -87.916 101.651 265.138 -88.776 98.335 263.224
3 0 -88.776 98.335 263.224 -88.571 97.982 263.771 -87.746 101.277 265.684
3 0 -87.344 100.909 266.096 -87.746 101.277 265.684 -88.571 97.982 263.771
3 0 -88.571 97.982 263.771 -88.140 97.642 264.178 -87.344 100.909 266.096
3 0 -86.773 100.604 266.313 -87.344 100.909 266.096 -88.140 97.642 264.178
3 0 -88.140 97.642 264.178 -87.549 97.368 264.382 -86.773 100.604 266.313
3 0 -86.119 100.408 266.300 -86.773 100.604 266.313 -87.549 97.368 264.382
3 0 -87.549 97.368 264.382 -86.888 97.201 264.353 -86.119 100.408 266.300
3 0 -85.482 100.350 266.061 -86.119 100.408 266.300 -86.888 97.201 264.353
3 0 -86.888 97.201 264.353 -86.257 97.166 264.095 -85.482 100.350 266.061
3 0 -84.959 100.440 265.632 -85.482 100.350 266.061 -86.257 97.166 264.095
3 0 -86.257 97.166 264.095 -85.752 97.270 263.646 -84.959 100.440 265.632
3 0 -84.629 100.664 265.077 -84.959 100.440 265.632 -85.752 97.270 263.646
3 0 -85.752 97.270 263.646 -85.451 97.495 263.077 -84.629 100.664 265.077
3 0 -84.543 100.987 264.482 -84.629 100.664 265.077 -85.451 97.495 263.077
3 0 -85.451 97.495 263.077 -85.398 97.808 262.472 -84.543 100.987 264.482
3 0 -84.714 101.361 263.937 -84.543 100.987 264.482 -85.398 97.808 262.472
3 0 -85.398 97.808 262.472 -85.603 98.161 261.925 -84.714 101.361 263.937
3 0 -85.115 101.729 263.525 -84.714 101.361 263.937 -85.603 98.161 261.925
3 0 -85.603 98.161 261.925 -86.034 98.501 261.518 -85.115 101.729 263.525
3 0 -85.686 102.034 263.308 -85.115 101.729 263.525 -86.034 98.501 261.518
3 0 -86.034 98.501 261.518 -86.625 98.775 261.314 -85.686 102.034 263.308
3 0 -86.340 102.230 263.320 -85.686 102.034 263.308 -86.625 98.775 261.314
3 0 -86.625 98.775 261.314 -87.286 98.942 261.343 -86.340 102.230 263.320
3 0 -90.459 99.116 262.642 -89.543 102.520 264.522 -89.714 102.893 263.976
3 0 -89.714 102.893 263.976 -90.664 99.469 262.094 -90.459 99.116 262.642
3 0 -90.028 98.776 263.048 -89.141 102.152 264.934 -89.543 102.520 264.522
3 0 -89.543 102.520 264.522 -90.459 99.116 262.642 -90.028 98.776 263.048
3 0 -89.437 98.502 263.253 -88.570 101.847 265.151 -89.141 102.152 264.934
3 0 -89.141 102.152 264.934 -90.028 98.776 263.048 -89.437 98.502 263.253
3 0 -88.776 98.335 263.224 -87.916 101.651 265.138 -88.570 101.847 265.151
3 0 -88.570 101.847 265.151 -89.437 98.502 263.253 -88.776 98.335 263.224
3 0 -87.491 99.295 260.796 -86.511 102.604 262.775 -86.340 102.230 263.320
3 0 -86.340 102.230 263.320 -87.286 98.942 261.343 -87.491 99.295 260.796
3 0 -87.922 99.635 260.389 -86.913 102.971 262.363 -86.511 102.604 262.775
3 0 -86.511 102.604 262.775 -87.491 99.295 260.796 -87.922 99.635 260.389
3 0 -88.513 99.909 260.184 -87.484 103.277 262.146 -86.913 102.971 262.363
3 0 -86.913 102.971 262.363 -87.922 99.635 260.389 -88.513 99.909 260.184
3 0 -89.174 100.076 260.214 -88.138 103.473 262.158 -87.484 103.277 262.146
3 0 -87.484 103.277 262.146 -88.513 99.909 260.184 -89.174 100.076 260.214
3 0 -92.346 100.250 261.513 -91.340 103.762 263.360 -91.510 104.136 262.815
3 0 -91.510 104.136 262.815 -92.551 100.603 260.966 -92.346 100.250 261.513
3 0 -91.915 99.910 261.920 -90.938 103.394 263.772 -91.340 103.762 263.360
3 0 -91.340 103.762 263.360 -92.346 100.250 261.513 -91.915 99.910 261.920
3 0 -91.324 99.636 262.124 -90.367 103.089 263.989 -90.938 103.394 263.772
3 0 -90.938 103.394 263.772 -91.915 99.910 261.920 -91.324 99.636 262.124
3 0 -90.664 99.469 262.094 -89.714 102.893 263.976 -90.367 103.089 263.989
3 0 -90.367 103.089 263.989 -91.324 99.636 262.124 -90.664 99.469 262.094
3 0 -89.378 100.429 259.667 -88.308 103.846 261.614 -88.138 103.473 262.158
3 0 -88.138 103.473 262.158 -89.174 100.076 260.214 -89.378 100.429 259.667
3 0 -89.809 100.769 259.260 -88.709 104.214 261.201 -88.308 103.846 261.614
3 0 -88.308 103.846 261.614 -89.378 100.429 259.667 -89.809 100.769 259.260
3 0 -90.400 101.043 259.056 -89.281 104.519 260.985 -88.709 104.214 261.201
3 0 -88.709 104.214 261.201 -89.809 100.769 259.260 -90.400 101.043 259.056
3 0 -91.061 101.210 259.085 -89.934 104.715 260.997 -89.281 104.519 260.985
3 0 -89.281 104.519 260.985 -90.400 101.043 259.056 -91.061 101.210 259.085
3 0 -90.105 105.089 260.452 -89.934 104.715 260.997 -91.061 101.210 259.085
3 0 -91.061 101.210 259.085 -91.266 101.563 258.537 -90.105 105.089 260.452
3 0 -90.507 105.457 260.039 -90.105 105.089 260.452 -91.266 101.563 258.537
3 0 -91.266 101.563 258.537 -91.697 101.903 258.131 -90.507 105.457 260.039
3 0 -91.078 105.762 259.823 -90.507 105.457 260.039 -91.697 101.903 258.131
3 0 -91.697 101.903 258.131 -92.288 102.177 257.926 -91.078 105.762 259.823
3 0 -91.732 105.958 259.835 -91.078 105.762 259.823 -92.288 102.177 257.926
3 0 -92.288 102.177 257.926 -92.949 102.344 257.956 -91.732 105.958 259.835
3 0 -92.369 106.016 260.074 -91.732 105.958 259.835 -92.949 102.344 257.956
3 0 -92.949 102.344 257.956 -93.580 102.378 258.214 -92.369 106.016 260.074
3 0 -92.892 105.926 260.503 -92.369 106.016 260.074 -93.580 102.378 258.214
3 0 -93.580 102.378 258.214 -94.085 102.275 258.662 -92.892 105.926 260.503
3 0 -93.222 105.702 261.058 -92.892 105.926 260.503 -94.085 102.275 258.662
3 0 -94.085 102.275 258.662 -94.386 102.050 259.232 -93.222 105.702 261.058
3 0 -93.308 105.379 261.653 -93.222 105.702 261.058 -94.386 102.050 259.232
3 0 -94.386 102.050 259.232 -94.439 101.737 259.836 -93.308 105.379 261.653
3 0 -93.137 105.005 262.198 -93.308 105.379 261.653 -94.439 101.737 259.836
3 0 -94.439 101.737 259.836 -94.234 101.384 260.384 -93.137 105.005 262.198
3 0 -92.735 104.637 262.610 -93.137 105.005 262.198 -94.234 101.384 260.384
3 0 -94.234 101.384 260.384 -93.803 101.044 260.790 -92.735 104.637 262.610
3 0 -92.164 104.332 262.827 -92.735 104.637 262.610 -93.803 101.044 260.790
3 0 -93.803 101.044 260.790 -93.212 100.770 260.995 -92.164 104.332 262.827
3 0 -91.510 104.136 262.815 -92.164 104.332 262.827 -93.212 100.770 260.995
3 0 -93.212 100.770 260.995 -92.551 100.603 260.966 -91.510 104.136 262.815
3 0 -86.817 104.417 267.666 -86.954 104.821 267.133 -87.916 101.651 265.138
3 0 -87.916 101.651 265.138 -87.746 101.277 265.684 -86.817 104.417 267.666
3 0 -86.445 104.012 268.072 -86.817 104.417 267.666 -87.746 101.277 265.684
3 0 -87.746 101.277 265.684 -87.344 100.909 266.096 -86.445 104.012 268.072
3 0 -85.896 103.669 268.288 -86.445 104.012 268.072 -87.344 100.909 266.096
3 0 -87.344 100.909 266.096 -86.773 100.604 266.313 -85.896 103.669 268.288
3 0 -85.253 103.438 268.282 -85.896 103.669 268.288 -86.773 100.604 266.313
3 0 -86.773 100.604 266.313 -86.119 100.408 266.300 -85.253 103.438 268.282
3 0 -84.614 103.357 268.055 -85.253 103.438 268.282 -86.119 100.408 266.300
3 0 -86.119 100.408 266.300 -85.482 100.350 266.061 -84.614 103.357 268.055
3 0 -84.077 103.436 267.642 -84.614 103.357 268.055 -85.482 100.350 266.061
3 0 -85.482 100.350 266.061 -84.959 100.440 265.632 -84.077 103.436 267.642
3 0 -83.722 103.664 267.105 -84.077 103.436 267.642 -84.959 100.440 265.632
3 0 -84.959 100.440 265.632 -84.629 100.664 265.077 -83.722 103.664 267.105
3 0 -83.605 104.006 266.526 -83.722 103.664 267.105 -84.629 100.664 265.077
3 0 -84.629 100.664 265.077 -84.543 100.987 264.482 -83.605 104.006 266.526
3 0 -83.743 104.411 265.993 -83.605 104.006 266.526 -84.543 100.987 264.482
3 0 -84.543 100.987 264.482 -84.714 101.361 263.937 -83.743 104.411 265.993
3 0 -84.114 104.815 265.587 -83.743 104.411 265.993 -84.714 101.361 263.937
3 0 -84.714 101.361 263.937 -85.115 101.729 263.525 -84.114 104.815 265.587
3 0 -84.663 105.159 265.371 -84.114 104.815 265.587 -85.115 101.729 263.525
3 0 -85.115 101.729 263.525 -85.686 102.034 263.308 -84.663 105.159 265.371
3 0 -85.306 105.389 265.377 -84.663 105.159 265.371 -85.686 102.034 263.308
3 0 -85.686 102.034 263.308 -86.340 102.230 263.320 -85.306 105.389 265.377
3 0 -89.543 102.520 264.522 -88.518 105.800 266.517 -88.655 106.204 265.984
3 0 -88.655 106.204 265.984 -89.714 102.893 263.976 -89.543 102.520 264.522
3 0 -89.141 102.152 264.934 -88.146 105.395 266.923 -88.518 105.800 266.517
3 0 -88.518 105.800 266.517 -89.543 102.520 264.522 -89.141 102.152 264.934
3 0 -88.570 101.847 265.151 -87.597 105.051 267.139 -88.146 105.395 266.923
3 0 -88.146 105.395 266.923 -89.141 102.152 264.934 -88.570 101.847 265.151
3 0 -87.916 101.651 265.138 -86.954 104.821 267.133 -87.597 105.051 267.139
3 0 -87.597 105.051 267.139 -88.570 101.847 265.151 -87.916 101.651 265.138
3 0 -86.511 102.604 262.775 -85.444 105.793 264.844 -85.306 105.389 265.377
3 0 -85.306 105.389 265.377 -86.340 102.230 263.320 -86.511 102.604 262.775
3 0 -86.913 102.971 262.363 -85.815 106.198 264.438 -85.444 105.793 264.844
3 0 -85.444 105.793 264.844 -86.511 102.604 262.775 -86.913 102.971 262.363
3 0 -87.484 103.277 262.146 -86.364 106.542 264.222 -85.815 106.198 264.438
3 0 -85.815 106.198 264.438 -86.913 102.971 262.363 -87.484 103.277 262.146
3 0 -88.138 103.473 262.158 -87.007 106.772 264.228 -86.364 106.542 264.222
3 0 -86.364 106.542 264.222 -87.484 103.277 262.146 -88.138 103.473 262.158
3 0 -91.340 103.762 263.360 -90.218 107.182 265.369 -90.356 107.586 264.836
3 0 -90.356 107.586 264.836 -91.510 104.136 262.815 -91.340 103.762 263.360
3 0 -90.938 103.394 263.772 -89.846 106.777 265.774 -90.218 107.182 265.369
3 0 -90.218 107.182 265.369 -91.340 103.762 263.360 -90.938 103.394 263.772
3 0 -90.367 103.089 263.989 -89.297 106.433 265.990 -89.846 106.777 265.774
3 0 -89.846 106.777 265.774 -90.938 103.394 263.772 -90.367 103.089 263.989
3 0 -89.714 102.893 263.976 -88.655 106.204 265.984 -89.297 106.433 265.990
3 0 -89.297 106.433 265.990 -90.367 103.089 263.989 -89.714 102.893 263.976
3 0 -88.308 103.846 261.614 -87.144 107.176 263.695 -87.007 106.772 264.228
3 0 -87.007 106.772 264.228 -88.138 103.473 262.158 -88.308 103.846 261.614
3 0 -88.709 104.214 261.201 -87.516 107.580 263.290 -87.144 107.176 263.695
3 0 -87.144 107.176 263.695 -88.308 103.846 261.614 -88.709 104.214 261.201
3 0 -89.281 104.519 260.985 -88.065 107.924 263.074 -87.516 107.580 263.290
3 0 -87.516 107.580 263.290 -88.709 104.214 261.201 -89.281 104.519 260.985
3 0 -89.934 104.715 260.997 -88.707 108.154 263.079 -88.065 107.924 263.074
3 0 -88.065 107.924 263.074 -89.281 104.519 260.985 -89.934 104.715 260.997
3 0 -88.845 108.558 262.546 -88.707 108.154 263.079 -89.934 104.715 260.997
3 0 -89.934 104.715 260.997 -90.105 105.089 260.452 -88.845 108.558 262.546
3 0 -89.217 108.963 262.141 -88.845 108.558 262.546 -90.105 105.089 260.452
3 0 -90.105 105.089 260.452 -90.507 105.457 260.039 -89.217 108.963 262.141
3 0 -89.766 109.306 261.925 -89.217 108.963 262.141 -90.507 105.457 260.039
3 0 -90.507 105.457 260.039 -91.078 105.762 259.823 -89.766 109.306 261.925
3 0 -90.408 109.537 261.930 -89.766 109.306 261.925 -91.078 105.762 259.823
3 0 -91.078 105.762 259.823 -91.732 105.958 259.835 -90.408 109.537 261.930
3 0 -91.047 109.618 262.157 -90.408 109.537 261.930 -91.732 105.958 259.835
3 0 -91.732 105.958 259.835 -92.369 106.016 260.074 -91.047 109.618 262.157
3 0 -91.585 109.539 262.571 -91.047 109.618 262.157 -92.369 106.016 260.074
3 0 -92.369 106.016 260.074 -92.892 105.926 260.503 -91.585 109.539 262.571
3 0 -91.939 109.311 263.108 -91.585 109.539 262.571 -92.892 105.926 260.503
3 0 -92.892 105.926 260.503 -93.222 105.702 261.058 -91.939 109.311 263.108
3 0 -92.057 108.969 263.687 -91.939 109.311 263.108 -93.222 105.702 261.058
3 0 -93.222 105.702 261.058 -93.308 105.379 261.653 -92.057 108.969 263.687
3 0 -91.919 108.564 264.220 -92.057 108.969 263.687 -93.308 105.379 261.653
3 0 -93.308 105.379 261.653 -93.137 105.005 262.198 -91.919 108.564 264.220
3 0 -91.547 108.160 264.625 -91.919 108.564 264.220 -93.137 105.005 262.198
3 0 -93.137 105.005 262.198 -92.735 104.637 262.610 -91.547 108.160 264.625
3 0 -90.999 107.816 264.842 -91.547 108.160 264.625 -92.735 104.637 262.610
3 0 -92.735 104.637 262.610 -92.164 104.332 262.827 -90.999 107.816 264.842
3 0 -90.356 107.586 264.836 -90.999 107.816 264.842 -92.164 104.332 262.827
3 0 -92.164 104.332 262.827 -91.510 104.136 262.815 -90.356 107.586 264.836
3 0 -85.719 107.229 269.675 -85.828 107.692 269.186 -86.954 104.821 267.133
3 0 -86.954 104.821 267.133 -86.817 104.417 267.666 -85.719 107.229 269.675
3 0 -85.376 106.762 270.035 -85.719 107.229 269.675 -86.817 104.417 267.666
3 0 -86.817 104.417 267.666 -86.445 104.012 268.072 -85.376 106.762 270.035
3 0 -84.851 106.362 270.213 -85.376 106.762 270.035 -86.445 104.012 268.072
3 0 -86.445 104.012 268.072 -85.896 103.669 268.288 -84.851 106.362 270.213
3 0 -84.225 106.091 270.180 -84.851 106.362 270.213 -85.896 103.669 268.288
3 0 -85.896 103.669 268.288 -85.253 103.438 268.282 -84.225 106.091 270.180
3 0 -83.593 105.989 269.942 -84.225 106.091 270.180 -85.253 103.438 268.282
3 0 -85.253 103.438 268.282 -84.614 103.357 268.055 -83.593 105.989 269.942
3 0 -83.052 106.073 269.536 -83.593 105.989 269.942 -84.614 103.357 268.055
3 0 -84.614 103.357 268.055 -84.077 103.436 267.642 -83.052 106.073 269.536
3 0 -82.682 106.329 269.022 -83.052 106.073 269.536 -84.077 103.436 267.642
3 0 -84.077 103.436 267.642 -83.722 103.664 267.105 -82.682 106.329 269.022
3 0 -82.542 106.719 268.479 -82.682 106.329 269.022 -83.722 103.664 267.105
3 0 -83.722 103.664 267.105 -83.605 104.006 266.526 -82.542 106.719 268.479
3 0 -82.651 107.182 267.990 -82.542 106.719 268.479 -83.605 104.006 266.526
3 0 -83.605 104.006 266.526 -83.743 104.411 265.993 -82.651 107.182 267.990
3 0 -82.995 107.650 267.629 -82.651 107.182 267.990 -83.743 104.411 265.993
3 0 -83.743 104.411 265.993 -84.114 104.815 265.587 -82.995 107.650 267.629
3 0 -83.519 108.049 267.451 -82.995 107.650 267.629 -84.114 104.815 265.587
3 0 -84.114 104.815 265.587 -84.663 105.159 265.371 -83.519 108.049 267.451
3 0 -84.145 108.320 267.484 -83.519 108.049 267.451 -84.663 105.159 265.371
3 0 -84.663 105.159 265.371 -85.306 105.389 265.377 -84.145 108.320 267.484
3 0 -88.518 105.800 266.517 -87.322 108.831 268.680 -87.431 109.294 268.191
3 0 -87.431 109.294 268.191 -88.655 106.204 265.984 -88.518 105.800 266.517
3 0 -88.146 105.395 266.923 -86.979 108.363 269.040 -87.322 108.831 268.680
3 0 -87.322 108.831 268.680 -88.518 105.800 266.517 -88.146 105.395 266.923
3 0 -87.597 105.051 267.139 -86.454 107.964 269.218 -86.979 108.363 269.040
3 0 -86.979 108.363 269.040 -88.146 105.395 266.923 -87.597 105.051 267.139
3 0 -86.954 104.821 267.133 -85.828 107.692 269.186 -86.454 107.964 269.218
3 0 -86.454 107.964 269.218 -87.597 105.051 267.139 -86.954 104.821 267.133
3 0 -85.444 105.793 264.844 -84.255 108.784 266.995 -84.145 108.320 267.484
3 0 -84.145 108.320 267.484 -85.306 105.389 265.377 -85.444 105.793 264.844
3 0 -85.815 106.198 264.438 -84.598 109.251 266.634 -84.255 108.784 266.995
3 0 -84.255 108.784 266.995 -85.444 105.793 264.844 -85.815 106.198 264.438
3 0 -86.364 106.542 264.222 -85.122 109.651 266.456 -84.598 109.251 266.634
3 0 -84.598 109.251 266.634 -85.815 106.198 264.438 -86.364 106.542 264.222
3 0 -87.007 106.772 264.228 -85.748 109.922 266.489 -85.122 109.651 266.456
3 0 -85.122 109.651 266.456 -86.364 106.542 264.222 -87.007 106.772 264.228
3 0 -90.218 107.182 265.369 -88.924 110.432 267.685 -89.034 110.895 267.196
3 0 -89.034 110.895 267.196 -90.356 107.586 264.836 -90.218 107.182 265.369
3 0 -89.846 106.777 265.774 -88.581 109.965 268.046 -88.924 110.432 267.685
3 0 -88.924 110.432 267.685 -90.218 107.182 265.369 -89.846 106.777 265.774
3 0 -89.297 106.433 265.990 -88.057 109.565 268.224 -88.581 109.965 268.046
3 0 -88.581 109.965 268.046 -89.846 106.777 265.774 -89.297 106.433 265.990
3 0 -88.655 106.204 265.984 -87.431 109.294 268.191 -88.057 109.565 268.224
3 0 -88.057 109.565 268.224 -89.297 106.433 265.990 -88.655 106.204 265.984
3 0 -87.144 107.176 263.695 -85.857 110.385 266.000 -85.748 109.922 266.489
3 0 -85.748 109.922 266.489 -87.007 106.772 264.228 -87.144 107.176 263.695
3 0 -87.516 107.580 263.290 -86.200 110.853 265.639 -85.857 110.385 266.000
3 0 -85.857 110.385 266.000 -87.144 107.176 263.695 -87.516 107.580 263.290
3 0 -88.065 107.924 263.074 -86.724 111.252 265.462 -86.200 110.853 265.639
3 0 -86.200 110.853 265.639 -87.516 107.580 263.290 -88.065 107.924 263.074
3 0 -88.707 108.154 263.079 -87.350 111.523 265.494 -86.724 111.252 265.462
3 0 -86.724 111.252 265.462 -88.065 107.924 263.074 -88.707 108.154 263.079
3 0 -87.460 111.987 265.005 -87.350 111.523 265.494 -88.707 108.154 263.079
3 0 -88.707 108.154 263.079 -88.845 108.558 262.546 -87.460 111.987 265.005
3 0 -87.803 112.454 264.644 -87.460 111.987 265.005 -88.845 108.558 262.546
3 0 -88.845 108.558 262.546 -89.217 108.963 262.141 -87.803 112.454 264.644
3 0 -88.327 112.854 264.467 -87.803 112.454 264.644 -89.217 108.963 262.141
3 0 -89.217 108.963 262.141 -89.766 109.306 261.925 -88.327 112.854 264.467
3 0 -88.953 113.125 264.499 -88.327 112.854 264.467 -89.766 109.306 261.925
3 0 -89.766 109.306 261.925 -90.408 109.537 261.930 -88.953 113.125 264.499
3 0 -89.585 113.227 264.737 -88.953 113.125 264.499 -90.408 109.537 261.930
3 0 -90.408 109.537 261.930 -91.047 109.618 262.157 -89.585 113.227 264.737
3 0 -90.127 113.143 265.144 -89.585 113.227 264.737 -91.047 109.618 262.157
3 0 -91.047 109.618 262.157 -91.585 109.539 262.571 -90.127 113.143 265.144
3 0 -90.496 112.887 265.658 -90.127 113.143 265.144 -91.585 109.539 262.571
3 0 -91.585 109.539 262.571 -91.939 109.311 263.108 -90.496 112.887 265.658
3 0 -90.637 112.497 266.201 -90.496 112.887 265.658 -91.939 109.311 263.108
3 0 -91.939 109.311 263.108 -92.057 108.969 263.687 -90.637 112.497 266.201
3 0 -90.527 112.034 266.690 -90.637 112.497 266.201 -92.057 108.969 263.687
3 0 -92.057 108.969 263.687 -91.919 108.564 264.220 -90.527 112.034 266.690
3 0 -90.184 111.566 267.051 -90.527 112.034 266.690 -91.919 108.564 264.220
3 0 -91.919 108.564 264.220 -91.547 108.160 264.625 -90.184 111.566 267.051
3 0 -89.660 111.167 267.229 -90.184 111.566 267.051 -91.547 108.160 264.625
3 0 -91.547 108.160 264.625 -90.999 107.816 264.842 -89.660 111.167 267.229
3 0 -89.034 110.895 267.196 -89.660 111.167 267.229 -90.999 107.816 264.842
3 0 -90.999 107.816 264.842 -90.356 107.586 264.836 -89.034 110.895 267.196
3 0 -84.483 109.805 271.088 -85.828 107.692 269.186 -85.719 107.229 269.675
3 0 -85.719 107.229 269.675 -84.413 109.205 271.406 -84.483 109.805 271.088
3 0 -84.413 109.205 271.406 -85.719 107.229 269.675 -85.376 106.762 270.035
3 0 -85.376 106.762 270.035 -84.115 108.617 271.585 -84.413 109.205 271.406
3 0 -84.115 108.617 271.585 -85.376 106.762 270.035 -84.851 106.362 270.213
3 0 -84.851 106.362 270.213 -83.636 108.131 271.598 -84.115 108.617 271.585
3 0 -83.636 108.131 271.598 -84.851 106.362 270.213 -84.225 106.091 270.180
3 0 -84.225 106.091 270.180 -83.048 107.820 271.443 -83.636 108.131 271.598
3 0 -83.048 107.820 271.443 -84.225 106.091 270.180 -83.593 105.989 269.942
3 0 -83.593 105.989 269.942 -82.441 107.732 271.143 -83.048 107.820 271.443
3 0 -82.441 107.732 271.143 -83.593 105.989 269.942 -83.052 106.073 269.536
3 0 -83.052 106.073 269.536 -81.907 107.880 270.744 -82.441 107.732 271.143
3 0 -81.907 107.880 270.744 -83.052 106.073 269.536 -82.682 106.329 269.022
3 0 -82.682 106.329 269.022 -81.528 108.242 270.307 -81.907 107.880 270.744
3 0 -81.528 108.242 270.307 -82.682 106.329 269.022 -82.542 106.719 268.479
3 0 -82.542 106.719 268.479 -81.361 108.763 269.898 -81.528 108.242 270.307
3 0 -81.361 108.763 269.898 -82.542 106.719 268.479 -82.651 107.182 267.990
3 0 -82.651 107.182 267.990 -81.431 109.363 269.580 -81.361 108.763 269.898
3 0 -81.431 109.363 269.580 -82.651 107.182 267.990 -82.995 107.650 267.629
3 0 -82.995 107.650 267.629 -81.728 109.951 269.401 -81.431 109.363 269.580
3 0 -81.728 109.951 269.401 -82.995 107.650 267.629 -83.519 108.049 267.451
3 0 -83.519 108.049 267.451 -82.207 110.437 269.388 -81.728 109.951 269.401
3 0 -82.207 110.437 269.388 -83.519 108.049 267.451 -84.145 108.320 267.484
3 0 -84.145 108.320 267.484 -82.795 110.748 269.543 -82.207 110.437 269.388
3 0 -85.847 111.190 271.051 -85.917 111.790 270.733 -87.431 109.294 268.191
3 0 -87.431 109.294 268.191 -87.322 108.831 268.680 -85.847 111.190 271.051
3 0 -85.550 110.602 271.230 -85.847 111.190 271.051 -87.322 108.831 268.680
3 0 -87.322 108.831 268.680 -86.979 108.363 269.040 -85.550 110.602 271.230
3 0 -85.071 110.116 271.243 -85.550 110.602 271.230 -86.979 108.363 269.040
3 0 -86.979 108.363 269.040 -86.454 107.964 269.218 -85.071 110.116 271.243
3 0 -84.483 109.805 271.088 -85.071 110.116 271.243 -86.454 107.964 269.218
3 0 -86.454 107.964 269.218 -85.828 107.692 269.186 -84.483 109.805 271.088
3 0 -82.866 111.348 269.225 -82.795 110.748 269.543 -84.145 108.320 267.484
3 0 -84.145 108.320 267.484 -84.255 108.784 266.995 -82.866 111.348 269.225
3 0 -83.163 111.936 269.046 -82.866 111.348 269.225 -84.255 108.784 266.995
3 0 -84.255 108.784 266.995 -84.598 109.251 266.634 -83.163 111.936 269.046
3 0 -83.642 112.423 269.033 -83.163 111.936 269.046 -84.598 109.251 266.634
3 0 -84.598 109.251 266.634 -85.122 109.651 266.456 -83.642 112.423 269.033
3 0 -84.230 112.734 269.188 -83.642 112.423 269.033 -85.122 109.651 266.456
3 0 -85.122 109.651 266.456 -85.748 109.922 266.489 -84.230 112.734 269.188
3 0 -87.281 113.175 270.696 -87.351 113.775 270.378 -89.034 110.895 267.196
3 0 -89.034 110.895 267.196 -88.924 110.432 267.685 -87.281 113.175 270.696
3 0 -86.984 112.587 270.875 -87.281 113.175 270.696 -88.924 110.432 267.685
3 0 -88.924 110.432 267.685 -88.581 109.965 268.046 -86.984 112.587 270.875
3 0 -86.505 112.100 270.888 -86.984 112.587 270.875 -88.581 109.965 268.046
3 0 -88.581 109.965 268.046 -88.057 109.565 268.224 -86.505 112.100 270.888
3 0 -85.917 111.790 270.733 -86.505 112.100 270.888 -88.057 109.565 268.224
3 0 -88.057 109.565 268.224 -87.431 109.294 268.191 -85.917 111.790 270.733
3 0 -84.299 113.333 268.870 -84.230 112.734 269.188 -85.748 109.922 266.489
3 0 -85.748 109.922 266.489 -85.857 110.385 266.000 -84.299 113.333 268.870
3 0 -84.597 113.921 268.691 -84.299 113.333 268.870 -85.857 110.385 266.000
3 0 -85.857 110.385 266.000 -86.200 110.853 265.639 -84.597 113.921 268.691
3 0 -85.076 114.407 268.678 -84.597 113.921 268.691 -86.200 110.853 265.639
3 0 -86.200 110.853 265.639 -86.724 111.252 265.462 -85.076 114.407 268.678
3 0 -85.664 114.718 268.833 -85.076 114.407 268.678 -86.724 111.252 265.462
3 0 -86.724 111.252 265.462 -87.350 111.523 265.494 -85.664 114.718 268.833
3 0 -85.664 114.718 268.833 -87.350 111.523 265.494 -87.460 111.987 265.005
3 0 -87.460 111.987 265.005 -85.734 115.318 268.515 -85.664 114.718 268.833
3 0 -85.734 115.318 268.515 -87.460 111.987 265.005 -87.803 112.454 264.644
3 0 -87.803 112.454 264.644 -86.031 115.906 268.335 -85.734 115.318 268.515
3 0 -86.031 115.906 268.335 -87.803 112.454 264.644 -88.327 112.854 264.467
3 0 -88.327 112.854 264.467 -86.510 116.393 268.322 -86.031 115.906 268.335
3 0 -86.510 116.393 268.322 -88.327 112.854 264.467 -88.953 113.125 264.499
3 0 -88.953 113.125 264.499 -87.098 116.703 268.478 -86.510 116.393 268.322
3 0 -87.098 116.703 268.478 -88.953 113.125 264.499 -89.585 113.227 264.737
3 0 -89.585 113.227 264.737 -87.705 116.791 268.778 -87.098 116.703 268.478
3 0 -87.705 116.791 268.778 -89.585 113.227 264.737 -90.127 113.143 265.144
3 0 -90.127 113.143 265.144 -88.239 116.643 269.177 -87.705 116.791 268.778
3 0 -88.239 116.643 269.177 -90.127 113.143 265.144 -90.496 112.887 265.658
3 0 -90.496 112.887 265.658 -88.619 116.281 269.614 -88.239 116.643 269.177
3 0 -88.619 116.281 269.614 -90.496 112.887 265.658 -90.637 112.497 266.201
3 0 -90.637 112.497 266.201 -88.786 115.760 270.023 -88.619 116.281 269.614
3 0 -88.786 115.760 270.023 -90.637 112.497 266.201 -90.527 112.034 266.690
3 0 -90.527 112.034 266.690 -88.716 115.160 270.341 -88.786 115.760 270.023
3 0 -88.716 115.160 270.341 -90.527 112.034 266.690 -90.184 111.566 267.051
3 0 -90.184 111.566 267.051 -88.418 114.572 270.520 -88.716 115.160 270.341
3 0 -88.418 114.572 270.520 -90.184 111.566 267.051 -89.660 111.167 267.229
3 0 -89.660 111.167 267.229 -87.939 114.086 270.533 -88.418 114.572 270.520
3 0 -87.939 114.086 270.533 -89.660 111.167 267.229 -89.034 110.895 267.196
3 0 -89.034 110.895 267.196 -87.351 113.775 270.378 -87.939 114.086 270.533
3 0 -83.288 110.528 272.442 -84.483 109.805 271.088 -84.413 109.205 271.406
3 0 -84.413 109.205 271.406 -83.407 109.872 272.295 -83.288 110.528 272.442
3 0 -83.407 109.872 272.295 -84.413 109.205 271.406 -84.115 108.617 271.585
3 0 -84.115 108.617 271.585 -83.295 109.256 272.022 -83.407 109.872 272.295
3 0 -83.295 109.256 272.022 -84.115 108.617 271.585 -83.636 108.131 271.598
3 0 -83.636 108.131 271.598 -82.968 108.774 271.665 -83.295 109.256 272.022
3 0 -82.968 108.774 271.665 -83.636 108.131 271.598 -83.048 107.820 271.443
3 0 -83.048 107.820 271.443 -82.476 108.500 271.280 -82.968 108.774 271.665
3 0 -82.476 108.500 271.280 -83.048 107.820 271.443 -82.441 107.732 271.143
3 0 -82.441 107.732 271.143 -81.894 108.474 270.923 -82.476 108.500 271.280
3 0 -81.894 108.474 270.923 -82.441 107.732 271.143 -81.907 107.880 270.744
3 0 -81.907 107.880 270.744 -81.311 108.702 270.650 -81.894 108.474 270.923
3 0 -81.311 108.702 270.650 -81.907 107.880 270.744 -81.528 108.242 270.307
3 0 -81.528 108.242 270.307 -80.815 109.147 270.502 -81.311 108.702 270.650
3 0 -80.815 109.147 270.502 -81.528 108.242 270.307 -81.361 108.763 269.898
3 0 -81.361 108.763 269.898 -80.482 109.744 270.502 -80.815 109.147 270.502
3 0 -80.482 109.744 270.502 -81.361 108.763 269.898 -81.431 109.363 269.580
3 0 -81.431 109.363 269.580 -80.363 110.399 270.650 -80.482 109.744 270.502
3 0 -80.363 110.399 270.650 -81.431 109.363 269.580 -81.728 109.951 269.401
3 0 -81.728 109.951 269.401 -80.476 111.015 270.923 -80.363 110.399 270.650
3 0 -80.476 111.015 270.923 -81.728 109.951 269.401 -82.207 110.437 269.388
3 0 -82.207 110.437 269.388 -80.803 111.497 271.279 -80.476 111.015 270.923
3 0 -80.803 111.497 271.279 -82.207 110.437 269.388 -82.795 110.748 269.543
3 0 -82.795 110.748 269.543 -81.295 111.772 271.665 -80.803 111.497 271.279
3 0 -84.220 111.900 273.458 -84.101 112.556 273.605 -85.917 111.790 270.733
3 0 -85.917 111.790 270.733 -85.847 111.190 271.051 -84.220 111.900 273.458
3 0 -84.107 111.284 273.185 -84.220 111.900 273.458 -85.847 111.190 271.051
3 0 -85.847 111.190 271.051 -85.550 110.602 271.230 -84.107 111.284 273.185
3 0 -83.780 110.802 272.828 -84.107 111.284 273.185 -85.550 110.602 271.230
3 0 -85.550 110.602 271.230 -85.071 110.116 271.243 -83.780 110.802 272.828
3 0 -83.288 110.528 272.442 -83.780 110.802 272.828 -85.071 110.116 271.243
3 0 -85.071 110.116 271.243 -84.483 109.805 271.088 -83.288 110.528 272.442
3 0 -81.176 112.428 271.813 -81.295 111.772 271.665 -82.795 110.748 269.543
3 0 -82.795 110.748 269.543 -82.866 111.348 269.225 -81.176 112.428 271.813
3 0 -81.288 113.043 272.086 -81.176 112.428 271.813 -82.866 111.348 269.225
3 0 -82.866 111.348 269.225 -83.163 111.936 269.046 -81.288 113.043 272.086
3 0 -81.615 113.525 272.442 -81.288 113.043 272.086 -83.163 111.936 269.046
3 0 -83.163 111.936 269.046 -83.642 112.423 269.033 -81.615 113.525 272.442
3 0 -82.107 113.800 272.828 -81.615 113.525 272.442 -83.642 112.423 269.033
3 0 -83.642 112.423 269.033 -84.230 112.734 269.188 -82.107 113.800 272.828
3 0 -85.032 113.927 274.620 -84.913 114.583 274.768 -87.351 113.775 270.378
3 0 -87.351 113.775 270.378 -87.281 113.175 270.696 -85.032 113.927 274.620
3 0 -84.919 113.311 274.347 -85.032 113.927 274.620 -87.281 113.175 270.696
3 0 -87.281 113.175 270.696 -86.984 112.587 270.875 -84.919 113.311 274.347
3 0 -84.592 112.830 273.991 -84.919 113.311 274.347 -86.984 112.587 270.875
3 0 -86.984 112.587 270.875 -86.505 112.100 270.888 -84.592 112.830 273.991
3 0 -84.101 112.556 273.605 -84.592 112.830 273.991 -86.505 112.100 270.888
3 0 -86.505 112.100 270.888 -85.917 111.790 270.733 -84.101 112.556 273.605
3 0 -81.988 114.455 272.975 -82.107 113.800 272.828 -84.230 112.734 269.188
3 0 -84.230 112.734 269.188 -84.299 113.333 268.870 -81.988 114.455 272.975
3 0 -82.100 115.071 273.248 -81.988 114.455 272.975 -84.299 113.333 268.870
3 0 -84.299 113.333 268.870 -84.597 113.921 268.691 -82.100 115.071 273.248
3 0 -82.427 115.552 273.605 -82.100 115.071 273.248 -84.597 113.921 268.691
3 0 -84.597 113.921 268.691 -85.076 114.407 268.678 -82.427 115.552 273.605
3 0 -82.919 115.827 273.991 -82.427 115.552 273.605 -85.076 114.407 268.678
3 0 -85.076 114.407 268.678 -85.664 114.718 268.833 -82.919 115.827 273.991
3 0 -82.919 115.827 273.991 -85.664 114.718 268.833 -85.734 115.318 268.515
3 0 -85.734 115.318 268.515 -82.800 116.483 274.138 -82.919 115.827 273.991
3 0 -82.800 116.483 274.138 -85.734 115.318 268.515 -86.031 115.906 268.335
3 0 -86.031 115.906 268.335 -82.913 117.099 274.411 -82.800 116.483 274.138
3 0 -82.913 117.099 274.411 -86.031 115.906 268.335 -86.510 116.393 268.322
3 0 -86.510 116.393 268.322 -83.240 117.581 274.768 -82.913 117.099 274.411
3 0 -83.240 117.581 274.768 -86.510 116.393 268.322 -87.098 116.703 268.478
3 0 -87.098 116.703 268.478 -83.732 117.855 275.153 -83.240 117.581 274.768
3 0 -83.732 117.855 275.153 -87.098 116.703 268.478 -87.705 116.791 268.778
3 0 -87.705 116.791 268.778 -84.314 117.881 275.510 -83.732 117.855 275.153
3 0 -84.314 117.881 275.510 -87.705 116.791 268.778 -88.239 116.643 269.177
3 0 -88.239 116.643 269.177 -84.897 117.653 275.783 -84.314 117.881 275.510
3 0 -84.897 117.653 275.783 -88.239 116.643 269.177 -88.619 116.281 269.614
3 0 -88.619 116.281 269.614 -85.392 117.207 275.930 -84.897 117.653 275.783
3 0 -85.392 117.207 275.930 -88.619 116.281 269.614 -88.786 115.760 270.023
3 0 -88.786 115.760 270.023 -85.725 116.611 275.930 -85.392 117.207 275.930
3 0 -85.725 116.611 275.930 -88.786 115.760 270.023 -88.716 115.160 270.341
3 0 -88.716 115.160 270.341 -85.844 115.955 275.783 -85.725 116.611 275.930
3 0 -85.844 115.955 275.783 -88.716 115.160 270.341 -88.418 114.572 270.520
3 0 -88.418 114.572 270.520 -85.732 115.339 275.510 -85.844 115.955 275.783
3 0 -85.732 115.339 275.510 -88.418 114.572 270.520 -87.939 114.086 270.533
3 0 -87.939 114.086 270.533 -85.405 114.858 275.154 -85.732 115.339 275.510
3 0 -85.405 114.858 275.154 -87.939 114.086 270.533 -87.351 113.775 270.378
3 0 -87.351 113.775 270.378 -84.913 114.583 274.768 -85.405 114.858 275.154
3 0 -82.558 108.918 273.391 -83.288 110.528 272.442 -83.407 109.872 272.295
3 0 -83.407 109.872 272.295 -82.864 108.559 272.897 -82.558 108.918 273.391
3 0 -82.925 108.229 272.302 -82.864 108.559 272.897 -83.407 109.872 272.295
3 0 -83.407 109.872 272.295 -83.295 109.256 272.022 -82.925 108.229 272.302
3 0 -82.925 108.229 272.302 -83.295 109.256 272.022 -82.968 108.774 271.665
3 0 -82.968 108.774 271.665 -82.732 107.979 271.697 -82.925 108.229 272.302
3 0 -82.732 107.979 271.697 -82.968 108.774 271.665 -82.476 108.500 271.280
3 0 -82.476 108.500 271.280 -82.315 107.846 271.173 -82.732 107.979 271.697
3 0 -81.736 107.851 270.811 -82.315 107.846 271.173 -82.476 108.500 271.280
3 0 -82.476 108.500 271.280 -81.894 108.474 270.923 -81.736 107.851 270.811
3 0 -81.736 107.851 270.811 -81.894 108.474 270.923 -81.311 108.702 270.650
3 0 -81.311 108.702 270.650 -81.084 107.993 270.665 -81.736 107.851 270.811
3 0 -81.084 107.993 270.665 -81.311 108.702 270.650 -80.815 109.147 270.502
3 0 -80.815 109.147 270.502 -80.459 108.250 270.758 -81.084 107.993 270.665
3 0 -80.459 108.250 270.758 -80.815 109.147 270.502 -80.482 109.744 270.502
3 0 -80.482 109.744 270.502 -79.955 108.584 271.075 -80.459 108.250 270.758
3 0 -79.955 108.584 271.075 -80.482 109.744 270.502 -80.363 110.399 270.650
3 0 -80.363 110.399 270.650 -79.649 108.943 271.569 -79.955 108.584 271.075
3 0 -79.588 109.273 272.164 -79.649 108.943 271.569 -80.363 110.399 270.650
3 0 -80.363 110.399 270.650 -80.476 111.015 270.923 -79.588 109.273 272.164
3 0 -79.780 109.524 272.769 -79.588 109.273 272.164 -80.476 111.015 270.923
3 0 -80.476 111.015 270.923 -80.803 111.497 271.279 -79.780 109.524 272.769
3 0 -80.198 109.656 273.292 -79.780 109.524 272.769 -80.803 111.497 271.279
3 0 -80.803 111.497 271.279 -81.295 111.772 271.665 -80.198 109.656 273.292
3 0 -84.220 111.900 273.458 -83.107 109.631 275.114 -82.801 109.990 275.608
3 0 -82.801 109.990 275.608 -84.101 112.556 273.605 -84.220 111.900 273.458
3 0 -84.107 111.284 273.185 -83.168 109.301 274.520 -83.107 109.631 275.114
3 0 -83.107 109.631 275.114 -84.220 111.900 273.458 -84.107 111.284 273.185
3 0 -83.780 110.802 272.828 -82.976 109.051 273.914 -83.168 109.301 274.520
3 0 -83.168 109.301 274.520 -84.107 111.284 273.185 -83.780 110.802 272.828
3 0 -83.288 110.528 272.442 -82.558 108.918 273.391 -82.976 109.051 273.914
3 0 -82.976 109.051 273.914 -83.780 110.802 272.828 -83.288 110.528 272.442
3 0 -79.892 110.015 273.786 -80.198 109.656 273.292 -81.295 111.772 271.665
3 0 -81.295 111.772 271.665 -81.176 112.428 271.813 -79.892 110.015 273.786
3 0 -81.288 113.043 272.086 -79.831 110.345 274.381 -79.892 110.015 273.786
3 0 -79.892 110.015 273.786 -81.176 112.428 271.813 -81.288 113.043 272.086
3 0 -81.615 113.525 272.442 -80.024 110.596 274.986 -79.831 110.345 274.381
3 0 -79.831 110.345 274.381 -81.288 113.043 272.086 -81.615 113.525 272.442
3 0 -82.107 113.800 272.828 -80.441 110.728 275.510 -80.024 110.596 274.986
3 0 -80.024 110.596 274.986 -81.615 113.525 272.442 -82.107 113.800 272.828
3 0 -85.032 113.927 274.620 -83.350 110.703 277.331 -83.044 111.062 277.825
3 0 -83.044 111.062 277.825 -84.913 114.583 274.768 -85.032 113.927 274.620
3 0 -84.919 113.311 274.347 -83.412 110.373 276.736 -83.350 110.703 277.331
3 0 -83.350 110.703 277.331 -85.032 113.927 274.620 -84.919 113.311 274.347
3 0 -84.592 112.830 273.991 -83.219 110.122 276.131 -83.412 110.373 276.736
3 0 -83.412 110.373 276.736 -84.919 113.311 274.347 -84.592 112.830 273.991
3 0 -84.101 112.556 273.605 -82.801 109.990 275.608 -83.219 110.122 276.131
3 0 -83.219 110.122 276.131 -84.592 112.830 273.991 -84.101 112.556 273.605
3 0 -81.988 114.455 272.975 -80.135 111.087 276.003 -80.441 110.728 275.510
3 0 -80.441 110.728 275.510 -82.107 113.800 272.828 -81.988 114.455 272.975
3 0 -82.100 115.071 273.248 -80.074 111.417 276.597 -80.135 111.087 276.003
3 0 -80.135 111.087 276.003 -81.988 114.455 272.975 -82.100 115.071 273.248
3 0 -82.427 115.552 273.605 -80.267 111.667 277.203 -80.074 111.417 276.597
3 0 -80.074 111.417 276.597 -82.100 115.071 273.248 -82.427 115.552 273.605
3 0 -82.919 115.827 273.991 -80.684 111.800 277.726 -80.267 111.667 277.203
3 0 -80.267 111.667 277.203 -82.427 115.552 273.605 -82.919 115.827 273.991
3 0 -80.378 112.159 278.220 -80.684 111.800 277.726 -82.919 115.827 273.991
3 0 -82.919 115.827 273.991 -82.800 116.483 274.138 -80.378 112.159 278.220
3 0 -80.317 112.489 278.815 -80.378 112.159 278.220 -82.800 116.483 274.138
3 0 -82.800 116.483 274.138 -82.913 117.099 274.411 -80.317 112.489 278.815
3 0 -80.510 112.739 279.420 -80.317 112.489 278.815 -82.913 117.099 274.411
3 0 -82.913 117.099 274.411 -83.240 117.581 274.768 -80.510 112.739 279.420
3 0 -80.928 112.872 279.944 -80.510 112.739 279.420 -83.240 117.581 274.768
3 0 -83.240 117.581 274.768 -83.732 117.855 275.153 -80.928 112.872 279.944
3 0 -81.506 112.867 280.306 -80.928 112.872 279.944 -83.732 117.855 275.153
3 0 -83.732 117.855 275.153 -84.314 117.881 275.510 -81.506 112.867 280.306
3 0 -82.158 112.725 280.452 -81.506 112.867 280.306 -84.314 117.881 275.510
3 0 -84.314 117.881 275.510 -84.897 117.653 275.783 -82.158 112.725 280.452
3 0 -82.158 112.725 280.452 -84.897 117.653 275.783 -85.392 117.207 275.930
3 0 -85.392 117.207 275.930 -82.784 112.468 280.359 -82.158 112.725 280.452
3 0 -82.784 112.468 280.359 -85.392 117.207 275.930 -85.725 116.611 275.930
3 0 -85.725 116.611 275.930 -83.288 112.134 280.042 -82.784 112.468 280.359
3 0 -83.594 111.775 279.548 -83.288 112.134 280.042 -85.725 116.611 275.930
3 0 -85.725 116.611 275.930 -85.844 115.955 275.783 -83.594 111.775 279.548
3 0 -83.655 111.445 278.954 -83.594 111.775 279.548 -85.844 115.955 275.783
3 0 -85.844 115.955 275.783 -85.732 115.339 275.510 -83.655 111.445 278.954
3 0 -83.462 111.195 278.348 -83.655 111.445 278.954 -85.732 115.339 275.510
3 0 -85.732 115.339 275.510 -85.405 114.858 275.154 -83.462 111.195 278.348
3 0 -83.044 111.062 277.825 -83.462 111.195 278.348 -85.405 114.858 275.154
3 0 -85.405 114.858 275.154 -84.913 114.583 274.768 -83.044 111.062 277.825
3 0 -82.421 105.671 273.687 -82.062 105.846 274.240 -82.558 108.918 273.391
3 0 -82.558 108.918 273.391 -82.864 108.559 272.897 -82.421 105.671 273.687
3 0 -82.535 105.510 273.033 -82.421 105.671 273.687 -82.864 108.559 272.897
3 0 -82.864 108.559 272.897 -82.925 108.229 272.302 -82.535 105.510 273.033
3 0 -82.384 105.387 272.378 -82.535 105.510 273.033 -82.925 108.229 272.302
3 0 -82.925 108.229 272.302 -82.732 107.979 271.697 -82.384 105.387 272.378
3 0 -81.993 105.321 271.823 -82.384 105.387 272.378 -82.732 107.979 271.697
3 0 -82.732 107.979 271.697 -82.315 107.846 271.173 -81.993 105.321 271.823
3 0 -81.421 105.322 271.450 -81.993 105.321 271.823 -82.315 107.846 271.173
3 0 -82.315 107.846 271.173 -81.736 107.851 270.811 -81.421 105.322 271.450
3 0 -80.754 105.390 271.318 -81.421 105.322 271.450 -81.736 107.851 270.811
3 0 -81.736 107.851 270.811 -81.084 107.993 270.665 -80.754 105.390 271.318
3 0 -80.095 105.514 271.446 -80.754 105.390 271.318 -81.084 107.993 270.665
3 0 -81.084 107.993 270.665 -80.459 108.250 270.758 -80.095 105.514 271.446
3 0 -79.544 105.676 271.815 -80.095 105.514 271.446 -80.459 108.250 270.758
3 0 -80.459 108.250 270.758 -79.955 108.584 271.075 -79.544 105.676 271.815
3 0 -79.184 105.851 272.368 -79.544 105.676 271.815 -79.955 108.584 271.075
3 0 -79.955 108.584 271.075 -79.649 108.943 271.569 -79.184 105.851 272.368
3 0 -79.071 106.012 273.022 -79.184 105.851 272.368 -79.649 108.943 271.569
3 0 -79.649 108.943 271.569 -79.588 109.273 272.164 -79.071 106.012 273.022
3 0 -79.221 106.135 273.677 -79.071 106.012 273.022 -79.588 109.273 272.164
3 0 -79.588 109.273 272.164 -79.780 109.524 272.769 -79.221 106.135 273.677
3 0 -79.613 106.201 274.233 -79.221 106.135 273.677 -79.780 109.524 272.769
3 0 -79.780 109.524 272.769 -80.198 109.656 273.292 -79.613 106.201 274.233
3 0 -83.107 109.631 275.114 -82.490 106.196 276.105 -82.130 106.370 276.658
3 0 -82.130 106.370 276.658 -82.801 109.990 275.608 -83.107 109.631 275.114
3 0 -83.168 109.301 274.520 -82.603 106.035 275.451 -82.490 106.196 276.105
3 0 -82.490 106.196 276.105 -83.107 109.631 275.114 -83.168 109.301 274.520
3 0 -82.976 109.051 273.914 -82.453 105.912 274.796 -82.603 106.035 275.451
3 0 -82.603 106.035 275.451 -83.168 109.301 274.520 -82.976 109.051 273.914
3 0 -82.558 108.918 273.391 -82.062 105.846 274.240 -82.453 105.912 274.796
3 0 -82.453 105.912 274.796 -82.976 109.051 273.914 -82.558 108.918 273.391
3 0 -79.892 110.015 273.786 -79.253 106.376 274.786 -79.613 106.201 274.233
3 0 -79.613 106.201 274.233 -80.198 109.656 273.292 -79.892 110.015 273.786
3 0 -79.831 110.345 274.381 -79.140 106.537 275.440 -79.253 106.376 274.786
3 0 -79.253 106.376 274.786 -79.892 110.015 273.786 -79.831 110.345 274.381
3 0 -80.024 110.596 274.986 -79.290 106.660 276.095 -79.140 106.537 275.440
3 0 -79.140 106.537 275.440 -79.831 110.345 274.381 -80.024 110.596 274.986
3 0 -80.441 110.728 275.510 -79.681 106.725 276.650 -79.290 106.660 276.095
3 0 -79.290 106.660 276.095 -80.024 110.596 274.986 -80.441 110.728 275.510
3 0 -83.350 110.703 277.331 -82.559 106.720 278.521 -82.199 106.895 279.075
3 0 -82.199 106.895 279.075 -83.044 111.062 277.825 -83.350 110.703 277.331
3 0 -83.412 110.373 276.736 -82.672 106.559 277.868 -82.559 106.720 278.521
3 0 -82.559 106.720 278.521 -83.350 110.703 277.331 -83.412 110.373 276.736
3 0 -83.219 110.122 276.131 -82.522 106.436 277.213 -82.672 106.559 277.868
3 0 -82.672 106.559 277.868 -83.412 110.373 276.736 -83.219 110.122 276.131
3 0 -82.801 109.990 275.608 -82.130 106.370 276.658 -82.522 106.436 277.213
3 0 -82.522 106.436 277.213 -83.219 110.122 276.131 -82.801 109.990 275.608
3 0 -80.135 111.087 276.003 -79.321 106.900 277.203 -79.681 106.725 276.650
3 0 -79.681 106.725 276.650 -80.441 110.728 275.510 -80.135 111.087 276.003
3 0 -80.074 111.417 276.597 -79.208 107.061 277.857 -79.321 106.900 277.203
3 0 -79.321 106.900 277.203 -80.135 111.087 276.003 -80.074 111.417 276.597
3 0 -80.267 111.667 277.203 -79.359 107.184 278.511 -79.208 107.061 277.857
3 0 -79.208 107.061 277.857 -80.074 111.417 276.597 -80.267 111.667 277.203
3 0 -80.684 111.800 277.726 -79.750 107.250 279.067 -79.359 107.184 278.511
3 0 -79.359 107.184 278.511 -80.267 111.667 277.203 -80.684 111.800 277.726
3 0 -79.390 107.425 279.621 -79.750 107.250 279.067 -80.684 111.800 277.726
3 0 -80.684 111.800 277.726 -80.378 112.159 278.220 -79.390 107.425 279.621
3 0 -79.277 107.586 280.275 -79.390 107.425 279.621 -80.378 112.159 278.220
3 0 -80.378 112.159 278.220 -80.317 112.489 278.815 -79.277 107.586 280.275
3 0 -79.427 107.708 280.929 -79.277 107.586 280.275 -80.317 112.489 278.815
3 0 -80.317 112.489 278.815 -80.510 112.739 279.420 -79.427 107.708 280.929
3 0 -79.818 107.774 281.485 -79.427 107.708 280.929 -80.510 112.739 279.420
3 0 -80.510 112.739 279.420 -80.928 112.872 279.944 -79.818 107.774 281.485
3 0 -80.391 107.773 281.857 -79.818 107.774 281.485 -80.928 112.872 279.944
3 0 -80.928 112.872 279.944 -81.506 112.867 280.306 -80.391 107.773 281.857
3 0 -81.057 107.705 281.989 -80.391 107.773 281.857 -81.506 112.867 280.306
3 0 -81.506 112.867 280.306 -82.158 112.725 280.452 -81.057 107.705 281.989
3 0 -81.716 107.581 281.861 -81.057 107.705 281.989 -82.158 112.725 280.452
3 0 -82.158 112.725 280.452 -82.784 112.468 280.359 -81.716 107.581 281.861
3 0 -82.268 107.419 281.493 -81.716 107.581 281.861 -82.784 112.468 280.359
3 0 -82.784 112.468 280.359 -83.288 112.134 280.042 -82.268 107.419 281.493
3 0 -82.627 107.244 280.939 -82.268 107.419 281.493 -83.288 112.134 280.042
3 0 -83.288 112.134 280.042 -83.594 111.775 279.548 -82.627 107.244 280.939
3 0 -82.740 107.083 280.285 -82.627 107.244 280.939 -83.594 111.775 279.548
3 0 -83.594 111.775 279.548 -83.655 111.445 278.954 -82.740 107.083 280.285
3 0 -82.590 106.961 279.631 -82.740 107.083 280.285 -83.655 111.445 278.954
3 0 -83.655 111.445 278.954 -83.462 111.195 278.348 -82.590 106.961 279.631
3 0 -82.199 106.895 279.075 -82.590 106.961 279.631 -83.462 111.195 278.348
3 0 -83.462 111.195 278.348 -83.044 111.062 277.825 -82.199 106.895 279.075
3 0 -82.077 102.076 274.263 -81.703 102.177 274.825 -82.062 105.846 274.240
3 0 -82.062 105.846 274.240 -82.421 105.671 273.687 -82.077 102.076 274.263
3 0 -82.204 101.982 273.598 -82.077 102.076 274.263 -82.421 105.671 273.687
3 0 -82.421 105.671 273.687 -82.535 105.510 273.033 -82.204 101.982 273.598
3 0 -82.066 101.911 272.933 -82.204 101.982 273.598 -82.535 105.510 273.033
3 0 -82.535 105.510 273.033 -82.384 105.387 272.378 -82.066 101.911 272.933
3 0 -81.683 101.872 272.369 -82.066 101.911 272.933 -82.384 105.387 272.378
3 0 -82.384 105.387 272.378 -81.993 105.321 271.823 -81.683 101.872 272.369
3 0 -81.114 101.872 271.992 -81.683 101.872 272.369 -81.993 105.321 271.823
3 0 -81.993 105.321 271.823 -81.421 105.322 271.450 -81.114 101.872 271.992
3 0 -80.446 101.912 271.858 -81.114 101.872 271.992 -81.421 105.322 271.450
3 0 -81.421 105.322 271.450 -80.754 105.390 271.318 -80.446 101.912 271.858
3 0 -79.780 101.984 271.989 -80.446 101.912 271.858 -80.754 105.390 271.318
3 0 -80.754 105.390 271.318 -80.095 105.514 271.446 -79.780 101.984 271.989
3 0 -79.217 102.078 272.364 -79.780 101.984 271.989 -80.095 105.514 271.446
3 0 -80.095 105.514 271.446 -79.544 105.676 271.815 -79.217 102.078 272.364
3 0 -78.844 102.179 272.927 -79.217 102.078 272.364 -79.544 105.676 271.815
3 0 -79.544 105.676 271.815 -79.184 105.851 272.368 -78.844 102.179 272.927
3 0 -78.716 102.273 273.591 -78.844 102.179 272.927 -79.184 105.851 272.368
3 0 -79.184 105.851 272.368 -79.071 106.012 273.022 -78.716 102.273 273.591
3 0 -78.855 102.344 274.256 -78.716 102.273 273.591 -79.071 106.012 273.022
3 0 -79.071 106.012 273.022 -79.221 106.135 273.677 -78.855 102.344 274.256
3 0 -79.237 102.383 274.820 -78.855 102.344 274.256 -79.221 106.135 273.677
3 0 -79.221 106.135 273.677 -79.613 106.201 274.233 -79.237 102.383 274.820
3 0 -82.490 106.196 276.105 -82.097 102.381 276.719 -81.724 102.482 277.281
3 0 -81.724 102.482 277.281 -82.130 106.370 276.658 -82.490 106.196 276.105
3 0 -82.603 106.035 275.451 -82.224 102.287 276.054 -82.097 102.381 276.719
3 0 -82.097 102.381 276.719 -82.490 106.196 276.105 -82.603 106.035 275.451
3 0 -82.453 105.912 274.796 -82.086 102.216 275.389 -82.224 102.287 276.054
3 0 -82.224 102.287 276.054 -82.603 106.035 275.451 -82.453 105.912 274.796
3 0 -82.062 105.846 274.240 -81.703 102.177 274.825 -82.086 102.216 275.389
3 0 -82.086 102.216 275.389 -82.453 105.912 274.796 -82.062 105.846 274.240
3 0 -79.253 106.376 274.786 -78.864 102.484 275.383 -79.237 102.383 274.820
3 0 -79.237 102.383 274.820 -79.613 106.201 274.233 -79.253 106.376 274.786
3 0 -79.140 106.537 275.440 -78.737 102.578 276.047 -78.864 102.484 275.383
3 0 -78.864 102.484 275.383 -79.253 106.376 274.786 -79.140 106.537 275.440
3 0 -79.290 106.660 276.095 -78.875 102.650 276.712 -78.737 102.578 276.047
3 0 -78.737 102.578 276.047 -79.140 106.537 275.440 -79.290 106.660 276.095
3 0 -79.681 106.725 276.650 -79.257 102.688 277.276 -78.875 102.650 276.712
3 0 -78.875 102.650 276.712 -79.290 106.660 276.095 -79.681 106.725 276.650
3 0 -82.559 106.720 278.521 -82.117 102.686 279.174 -81.744 102.788 279.736
3 0 -81.744 102.788 279.736 -82.199 106.895 279.075 -82.559 106.720 278.521
3 0 -82.672 106.559 277.868 -82.244 102.592 278.509 -82.117 102.686 279.174
3 0 -82.117 102.686 279.174 -82.559 106.720 278.521 -82.672 106.559 277.868
3 0 -82.522 106.436 277.213 -82.106 102.521 277.845 -82.244 102.592 278.509
3 0 -82.244 102.592 278.509 -82.672 106.559 277.868 -82.522 106.436 277.213
3 0 -82.130 106.370 276.658 -81.724 102.482 277.281 -82.106 102.521 277.845
3 0 -82.106 102.521 277.845 -82.522 106.436 277.213 -82.130 106.370 276.658
3 0 -79.321 106.900 277.203 -78.884 102.790 277.838 -79.257 102.688 277.276
3 0 -79.257 102.688 277.276 -79.681 106.725 276.650 -79.321 106.900 277.203
3 0 -79.208 107.061 277.857 -78.757 102.883 278.502 -78.884 102.790 277.838
3 0 -78.884 102.790 277.838 -79.321 106.900 277.203 -79.208 107.061 277.857
3 0 -79.359 107.184 278.511 -78.895 102.955 279.167 -78.757 102.883 278.502
3 0 -78.757 102.883 278.502 -79.208 107.061 277.857 -79.359 107.184 278.511
3 0 -79.750 107.250 279.067 -79.277 102.993 279.731 -78.895 102.955 279.167
3 0 -78.895 102.955 279.167 -79.359 107.184 278.511 -79.750 107.250 279.067
3 0 -78.904 103.095 280.294 -79.277 102.993 279.731 -79.750 107.250 279.067
3 0 -79.750 107.250 279.067 -79.390 107.425 279.621 -78.904 103.095 280.294
3 0 -78.777 103.188 280.958 -78.904 103.095 280.294 -79.390 107.425 279.621
3 0 -79.390 107.425 279.621 -79.277 107.586 280.275 -78.777 103.188 280.958
3 0 -78.915 103.260 281.623 -78.777 103.188 280.958 -79.277 107.586 280.275
3 0 -79.277 107.586 280.275 -79.427 107.708 280.929 -78.915 103.260 281.623
3 0 -79.298 103.298 282.187 -78.915 103.260 281.623 -79.427 107.708 280.929
3 0 -79.427 107.708 280.929 -79.818 107.774 281.485 -79.298 103.298 282.187
3 0 -79.866 103.298 282.565 -79.298 103.298 282.187 -79.818 107.774 281.485
3 0 -79.818 107.774 281.485 -80.391 107.773 281.857 -79.866 103.298 282.565
3 0 -80.535 103.259 282.698 -79.866 103.298 282.565 -80.391 107.773 281.857
3 0 -80.391 107.773 281.857 -81.057 107.705 281.989 -80.535 103.259 282.698
3 0 -81.201 103.187 282.567 -80.535 103.259 282.698 -81.057 107.705 281.989
3 0 -81.057 107.705 281.989 -81.716 107.581 281.861 -81.201 103.187 282.567
3 0 -81.764 103.093 282.192 -81.201 103.187 282.567 -81.716 107.581 281.861
3 0 -81.716 107.581 281.861 -82.268 107.419 281.493 -81.764 103.093 282.192
3 0 -82.137 102.991 281.630 -81.764 103.093 282.192 -82.268 107.419 281.493
3 0 -82.268 107.419 281.493 -82.627 107.244 280.939 -82.137 102.991 281.630
3 0 -82.265 102.898 280.965 -82.137 102.991 281.630 -82.627 107.244 280.939
3 0 -82.627 107.244 280.939 -82.740 107.083 280.285 -82.265 102.898 280.965
3 0 -82.126 102.826 280.301 -82.265 102.898 280.965 -82.740 107.083 280.285
3 0 -82.740 107.083 280.285 -82.590 106.961 279.631 -82.126 102.826 280.301
3 0 -81.744 102.788 279.736 -82.126 102.826 280.301 -82.590 106.961 279.631
3 0 -82.590 106.961 279.631 -82.199 106.895 279.075 -81.744 102.788 279.736
3 0 -81.852 98.275 274.621 -81.474 98.335 275.186 -81.703 102.177 274.825
3 0 -81.703 102.177 274.825 -82.077 102.076 274.263 -81.852 98.275 274.621
3 0 -81.985 98.219 273.953 -81.852 98.275 274.621 -82.077 102.076 274.263
3 0 -82.077 102.076 274.263 -82.204 101.982 273.598 -81.985 98.219 273.953
3 0 -81.852 98.177 273.285 -81.985 98.219 273.953 -82.204 101.982 273.598
3 0 -82.204 101.982 273.598 -82.066 101.911 272.933 -81.852 98.177 273.285
3 0 -81.472 98.155 272.718 -81.852 98.177 273.285 -82.066 101.911 272.933
3 0 -82.066 101.911 272.933 -81.683 101.872 272.369 -81.472 98.155 272.718
3 0 -80.905 98.155 272.338 -81.472 98.155 272.718 -81.683 101.872 272.369
3 0 -81.683 101.872 272.369 -81.114 101.872 271.992 -80.905 98.155 272.338
3 0 -80.236 98.178 272.203 -80.905 98.155 272.338 -81.114 101.872 271.992
3 0 -81.114 101.872 271.992 -80.446 101.912 271.858 -80.236 98.178 272.203
3 0 -79.567 98.221 272.334 -80.236 98.178 272.203 -80.446 101.912 271.858
3 0 -80.446 101.912 271.858 -79.780 101.984 271.989 -79.567 98.221 272.334
3 0 -79.001 98.276 272.710 -79.567 98.221 272.334 -79.780 101.984 271.989
3 0 -79.780 101.984 271.989 -79.217 102.078 272.364 -79.001 98.276 272.710
3 0 -78.622 98.336 273.275 -79.001 98.276 272.710 -79.217 102.078 272.364
3 0 -79.217 102.078 272.364 -78.844 102.179 272.927 -78.622 98.336 273.275
3 0 -78.489 98.392 273.943 -78.622 98.336 273.275 -78.844 102.179 272.927
3 0 -78.844 102.179 272.927 -78.716 102.273 273.591 -78.489 98.392 273.943
3 0 -78.623 98.434 274.611 -78.489 98.392 273.943 -78.716 102.273 273.591
3 0 -78.716 102.273 273.591 -78.855 102.344 274.256 -78.623 98.434 274.611
3 0 -79.002 98.457 275.179 -78.623 98.434 274.611 -78.855 102.344 274.256
3 0 -78.855 102.344 274.256 -79.237 102.383 274.820 -79.002 98.457 275.179
3 0 -82.097 102.381 276.719 -81.854 98.455 277.089 -81.475 98.515 277.654
3 0 -81.475 98.515 277.654 -81.724 102.482 277.281 -82.097 102.381 276.719
3 0 -82.224 102.287 276.054 -81.986 98.400 276.422 -81.854 98.455 277.089
3 0 -81.854 98.455 277.089 -82.097 102.381 276.719 -82.224 102.287 276.054
3 0 -82.086 102.216 275.389 -81.853 98.358 275.753 -81.986 98.400 276.422
3 0 -81.986 98.400 276.422 -82.224 102.287 276.054 -82.086 102.216 275.389
3 0 -81.703 102.177 274.825 -81.474 98.335 275.186 -81.853 98.358 275.753
3 0 -81.853 98.358 275.753 -82.086 102.216 275.389 -81.703 102.177 274.825
3 0 -78.864 102.484 275.383 -78.623 98.517 275.744 -79.002 98.457 275.179
3 0 -79.002 98.457 275.179 -79.237 102.383 274.820 -78.864 102.484 275.383
3 0 -78.737 102.578 276.047 -78.491 98.572 276.411 -78.623 98.517 275.744
3 0 -78.623 98.517 275.744 -78.864 102.484 275.383 -78.737 102.578 276.047
3 0 -78.875 102.650 276.712 -78.624 98.614 277.080 -78.491 98.572 276.411
3 0 -78.491 98.572 276.411 -78.737 102.578 276.047 -78.875 102.650 276.712
3 0 -79.257 102.688 277.276 -79.004 98.637 277.647 -78.624 98.614 277.080
3 0 -78.624 98.614 277.080 -78.875 102.650 276.712 -79.257 102.688 277.276
3 0 -82.117 102.686 279.174 -81.855 98.635 279.557 -81.477 98.695 280.122
3 0 -81.477 98.695 280.122 -81.744 102.788 279.736 -82.117 102.686 279.174
3 0 -82.244 102.592 278.509 -81.988 98.580 278.889 -81.855 98.635 279.557
3 0 -81.855 98.635 279.557 -82.117 102.686 279.174 -82.244 102.592 278.509
3 0 -82.106 102.521 277.845 -81.855 98.538 278.221 -81.988 98.580 278.889
3 0 -81.988 98.580 278.889 -82.244 102.592 278.509 -82.106 102.521 277.845
3 0 -81.724 102.482 277.281 -81.475 98.515 277.654 -81.855 98.538 278.221
3 0 -81.855 98.538 278.221 -82.106 102.521 277.845 -81.724 102.482 277.281
3 0 -78.884 102.790 277.838 -78.625 98.697 278.211 -79.004 98.637 277.647
3 0 -79.004 98.637 277.647 -79.257 102.688 277.276 -78.884 102.790 277.838
3 0 -78.757 102.883 278.502 -78.492 98.752 278.879 -78.625 98.697 278.211
3 0 -78.625 98.697 278.211 -78.884 102.790 277.838 -78.757 102.883 278.502
3 0 -78.895 102.955 279.167 -78.626 98.794 279.547 -78.492 98.752 278.879
3 0 -78.492 98.752 278.879 -78.757 102.883 278.502 -78.895 102.955 279.167
3 0 -79.277 102.993 279.731 -79.005 98.817 280.114 -78.626 98.794 279.547
3 0 -78.626 98.794 279.547 -78.895 102.955 279.167 -79.277 102.993 279.731
3 0 -78.626 98.877 280.680 -79.005 98.817 280.114 -79.277 102.993 279.731
3 0 -79.277 102.993 279.731 -78.904 103.095 280.294 -78.626 98.877 280.680
3 0 -78.494 98.932 281.347 -78.626 98.877 280.680 -78.904 103.095 280.294
3 0 -78.904 103.095 280.294 -78.777 103.188 280.958 -78.494 98.932 281.347
3 0 -78.627 98.975 282.015 -78.494 98.932 281.347 -78.777 103.188 280.958
3 0 -78.777 103.188 280.958 -78.915 103.260 281.623 -78.627 98.975 282.015
3 0 -79.007 98.997 282.583 -78.627 98.975 282.015 -78.915 103.260 281.623
3 0 -78.915 103.260 281.623 -79.298 103.298 282.187 -79.007 98.997 282.583
3 0 -79.574 98.997 282.963 -79.007 98.997 282.583 -79.298 103.298 282.187
3 0 -79.298 103.298 282.187 -79.866 103.298 282.565 -79.574 98.997 282.963
3 0 -80.243 98.974 283.098 -79.574 98.997 282.963 -79.866 103.298 282.565
3 0 -79.866 103.298 282.565 -80.535 103.259 282.698 -80.243 98.974 283.098
3 0 -80.912 98.931 282.967 -80.243 98.974 283.098 -80.535 103.259 282.698
3 0 -80.535 103.259 282.698 -81.201 103.187 282.567 -80.912 98.931 282.967
3 0 -81.478 98.875 282.590 -80.912 98.931 282.967 -81.201 103.187 282.567
3 0 -81.201 103.187 282.567 -81.764 103.093 282.192 -81.478 98.875 282.590
3 0 -81.857 98.815 282.025 -81.478 98.875 282.590 -81.764 103.093 282.192
3 0 -81.764 103.093 282.192 -82.137 102.991 281.630 -81.857 98.815 282.025
3 0 -81.989 98.760 281.358 -81.857 98.815 282.025 -82.137 102.991 281.630
3 0 -82.137 102.991 281.630 -82.265 102.898 280.965 -81.989 98.760 281.358
3 0 -81.856 98.718 280.689 -81.989 98.760 281.358 -82.265 102.898 280.965
3 0 -82.265 102.898 280.965 -82.126 102.826 280.301 -81.856 98.718 280.689
3 0 -81.477 98.695 280.122 -81.856 98.718 280.689 -82.126 102.826 280.301
3 0 -82.126 102.826 280.301 -81.744 102.788 279.736 -81.477 98.695 280.122
3 0 -81.715 94.383 274.830 -81.335 94.416 275.396 -81.474 98.335 275.186
3 0 -81.474 98.335 275.186 -81.852 98.275 274.621 -81.715 94.383 274.830
3 0 -81.850 94.352 274.162 -81.715 94.383 274.830 -81.852 98.275 274.621
3 0 -81.852 98.275 274.621 -81.985 98.219 273.953 -81.850 94.352 274.162
3 0 -81.718 94.329 273.492 -81.850 94.352 274.162 -81.985 98.219 273.953
3 0 -81.985 98.219 273.953 -81.852 98.177 273.285 -81.718 94.329 273.492
3 0 -81.340 94.316 272.924 -81.718 94.329 273.492 -81.852 98.177 273.285
3 0 -81.852 98.177 273.285 -81.472 98.155 272.718 -81.340 94.316 272.924
3 0 -80.773 94.316 272.543 -81.340 94.316 272.924 -81.472 98.155 272.718
3 0 -81.472 98.155 272.718 -80.905 98.155 272.338 -80.773 94.316 272.543
3 0 -80.104 94.329 272.408 -80.773 94.316 272.543 -80.905 98.155 272.338
3 0 -80.905 98.155 272.338 -80.236 98.178 272.203 -80.104 94.329 272.408
3 0 -79.434 94.353 272.539 -80.104 94.329 272.408 -80.236 98.178 272.203
3 0 -80.236 98.178 272.203 -79.567 98.221 272.334 -79.434 94.353 272.539
3 0 -78.866 94.384 272.916 -79.434 94.353 272.539 -79.567 98.221 272.334
3 0 -79.567 98.221 272.334 -79.001 98.276 272.710 -78.866 94.384 272.916
3 0 -78.485 94.417 273.482 -78.866 94.384 272.916 -79.001 98.276 272.710
3 0 -79.001 98.276 272.710 -78.622 98.336 273.275 -78.485 94.417 273.482
3 0 -78.351 94.448 274.151 -78.485 94.417 273.482 -78.622 98.336 273.275
3 0 -78.622 98.336 273.275 -78.489 98.392 273.943 -78.351 94.448 274.151
3 0 -78.483 94.471 274.820 -78.351 94.448 274.151 -78.489 98.392 273.943
3 0 -78.489 98.392 273.943 -78.623 98.434 274.611 -78.483 94.471 274.820
3 0 -78.861 94.484 275.389 -78.483 94.471 274.820 -78.623 98.434 274.611
3 0 -78.623 98.434 274.611 -79.002 98.457 275.179 -78.861 94.484 275.389
3 0 -81.854 98.455 277.089 -81.710 94.482 277.303 -81.330 94.516 277.869
3 0 -81.330 94.516 277.869 -81.475 98.515 277.654 -81.854 98.455 277.089
3 0 -81.986 98.400 276.422 -81.845 94.452 276.635 -81.710 94.482 277.303
3 0 -81.710 94.482 277.303 -81.854 98.455 277.089 -81.986 98.400 276.422
3 0 -81.853 98.358 275.753 -81.713 94.428 275.965 -81.845 94.452 276.635
3 0 -81.845 94.452 276.635 -81.986 98.400 276.422 -81.853 98.358 275.753
3 0 -81.474 98.335 275.186 -81.335 94.416 275.396 -81.713 94.428 275.965
3 0 -81.713 94.428 275.965 -81.853 98.358 275.753 -81.474 98.335 275.186
3 0 -78.623 98.517 275.744 -78.481 94.517 275.955 -78.861 94.484 275.389
3 0 -78.861 94.484 275.389 -79.002 98.457 275.179 -78.623 98.517 275.744
3 0 -78.491 98.572 276.411 -78.346 94.548 276.624 -78.481 94.517 275.955
3 0 -78.481 94.517 275.955 -78.623 98.517 275.744 -78.491 98.572 276.411
3 0 -78.624 98.614 277.080 -78.478 94.571 277.293 -78.346 94.548 276.624
3 0 -78.346 94.548 276.624 -78.491 98.572 276.411 -78.624 98.614 277.080
3 0 -79.004 98.637 277.647 -78.856 94.584 277.862 -78.478 94.571 277.293
3 0 -78.478 94.571 277.293 -78.624 98.614 277.080 -79.004 98.637 277.647
3 0 -81.855 98.635 279.557 -81.705 94.582 279.775 -81.325 94.615 280.341
3 0 -81.325 94.615 280.341 -81.477 98.695 280.122 -81.855 98.635 279.557
3 0 -81.988 98.580 278.889 -81.840 94.552 279.106 -81.705 94.582 279.775
3 0 -81.705 94.582 279.775 -81.855 98.635 279.557 -81.988 98.580 278.889
3 0 -81.855 98.538 278.221 -81.708 94.528 278.437 -81.840 94.552 279.106
3 0 -81.840 94.552 279.106 -81.988 98.580 278.889 -81.855 98.538 278.221
3 0 -81.475 98.515 277.654 -81.330 94.516 277.869 -81.708 94.528 278.437
3 0 -81.708 94.528 278.437 -81.855 98.538 278.221 -81.475 98.515 277.654
3 0 -78.625 98.697 278.211 -78.476 94.617 278.427 -78.856 94.584 277.862
3 0 -78.856 94.584 277.862 -79.004 98.637 277.647 -78.625 98.697 278.211
3 0 -78.492 98.752 278.879 -78.341 94.648 279.096 -78.476 94.617 278.427
3 0 -78.476 94.617 278.427 -78.625 98.697 278.211 -78.492 98.752 278.879
3 0 -78.626 98.794 279.547 -78.473 94.671 279.765 -78.341 94.648 279.096
3 0 -78.341 94.648 279.096 -78.492 98.752 278.879 -78.626 98.794 279.547
3 0 -79.005 98.817 280.114 -78.851 94.683 280.334 -78.473 94.671 279.765
3 0 -78.473 94.671 279.765 -78.626 98.794 279.547 -79.005 98.817 280.114
3 0 -78.471 94.717 280.900 -78.851 94.683 280.334 -79.005 98.817 280.114
3 0 -79.005 98.817 280.114 -78.626 98.877 280.680 -78.471 94.717 280.900
3 0 -78.336 94.747 281.569 -78.471 94.717 280.900 -78.626 98.877 280.680
3 0 -78.626 98.877 280.680 -78.494 98.932 281.347 -78.336 94.747 281.569
3 0 -78.468 94.771 282.238 -78.336 94.747 281.569 -78.494 98.932 281.347
3 0 -78.494 98.932 281.347 -78.627 98.975 282.015 -78.468 94.771 282.238
3 0 -78.846 94.783 282.807 -78.468 94.771 282.238 -78.627 98.975 282.015
3 0 -78.627 98.975 282.015 -79.007 98.997 282.583 -78.846 94.783 282.807
3 0 -79.413 94.783 283.187 -78.846 94.783 282.807 -79.007 98.997 282.583
3 0 -79.007 98.997 282.583 -79.574 98.997 282.963 -79.413 94.783 283.187
3 0 -80.082 94.770 283.323 -79.413 94.783 283.187 -79.574 98.997 282.963
3 0 -79.574 98.997 282.963 -80.243 98.974 283.098 -80.082 94.770 283.323
3 0 -80.752 94.746 283.192 -80.082 94.770 283.323 -80.243 98.974 283.098
3 0 -80.243 98.974 283.098 -80.912 98.931 282.967 -80.752 94.746 283.192
3 0 -81.320 94.715 282.814 -80.752 94.746 283.192 -80.912 98.931 282.967
3 0 -80.912 98.931 282.967 -81.478 98.875 282.590 -81.320 94.715 282.814
3 0 -81.700 94.682 282.248 -81.320 94.715 282.814 -81.478 98.875 282.590
3 0 -81.478 98.875 282.590 -81.857 98.815 282.025 -81.700 94.682 282.248
3 0 -81.835 94.651 281.579 -81.700 94.682 282.248 -81.857 98.815 282.025
3 0 -81.857 98.815 282.025 -81.989 98.760 281.358 -81.835 94.651 281.579
3 0 -81.703 94.628 280.910 -81.835 94.651 281.579 -81.989 98.760 281.358
3 0 -81.989 98.760 281.358 -81.856 98.718 280.689 -81.703 94.628 280.910
3 0 -81.325 94.615 280.341 -81.703 94.628 280.910 -81.856 98.718 280.689
3 0 -81.856 98.718 280.689 -81.477 98.695 280.122 -81.325 94.615 280.341
3 0 -81.650 90.940 274.923 -81.269 90.955 275.490 -81.335 94.416 275.396
3 0 -81.335 94.416 275.396 -81.715 94.383 274.830 -81.650 90.940 274.923
3 0 -81.784 90.926 274.254 -81.650 90.940 274.923 -81.715 94.383 274.830
3 0 -81.715 94.383 274.830 -81.850 94.352 274.162 -81.784 90.926 274.254
3 0 -81.652 90.915 273.584 -81.784 90.926 274.254 -81.850 94.352 274.162
3 0 -81.850 94.352 274.162 -81.718 94.329 273.492 -81.652 90.915 273.584
3 0 -81.274 90.910 273.016 -81.652 90.915 273.584 -81.718 94.329 273.492
3 0 -81.718 94.329 273.492 -81.340 94.316 272.924 -81.274 90.910 273.016
3 0 -80.707 90.910 272.635 -81.274 90.910 273.016 -81.340 94.316 272.924
3 0 -81.340 94.316 272.924 -80.773 94.316 272.543 -80.707 90.910 272.635
3 0 -80.038 90.916 272.500 -80.707 90.910 272.635 -80.773 94.316 272.543
3 0 -80.773 94.316 272.543 -80.104 94.329 272.408 -80.038 90.916 272.500
3 0 -79.368 90.927 272.632 -80.038 90.916 272.500 -80.104 94.329 272.408
3 0 -80.104 94.329 272.408 -79.434 94.353 272.539 -79.368 90.927 272.632
3 0 -78.800 90.941 273.010 -79.368 90.927 272.632 -79.434 94.353 272.539
3 0 -79.434 94.353 272.539 -78.866 94.384 272.916 -78.800 90.941 273.010
3 0 -78.419 90.956 273.577 -78.800 90.941 273.010 -78.866 94.384 272.916
3 0 -78.866 94.384 272.916 -78.485 94.417 273.482 -78.419 90.956 273.577
3 0 -78.285 90.970 274.246 -78.419 90.956 273.577 -78.485 94.417 273.482
3 0 -78.485 94.417 273.482 -78.351 94.448 274.151 -78.285 90.970 274.246
3 0 -78.416 90.981 274.916 -78.285 90.970 274.246 -78.351 94.448 274.151
3 0 -78.351 94.448 274.151 -78.483 94.471 274.820 -78.416 90.981 274.916
3 0 -78.795 90.987 275.484 -78.416 90.981 274.916 -78.483 94.471 274.820
3 0 -78.483 94.471 274.820 -78.861 94.484 275.389 -78.795 90.987 275.484
3 0 -81.710 94.482 277.303 -81.644 90.986 277.398 -81.264 91.001 277.965
3 0 -81.264 91.001 277.965 -81.330 94.516 277.869 -81.710 94.482 277.303
3 0 -81.845 94.452 276.635 -81.779 90.972 276.729 -81.644 90.986 277.398
3 0 -81.644 90.986 277.398 -81.710 94.482 277.303 -81.845 94.452 276.635
3 0 -81.713 94.428 275.965 -81.647 90.961 276.059 -81.779 90.972 276.729
3 0 -81.779 90.972 276.729 -81.845 94.452 276.635 -81.713 94.428 275.965
3 0 -81.335 94.416 275.396 -81.269 90.955 275.490 -81.647 90.961 276.059
3 0 -81.647 90.961 276.059 -81.713 94.428 275.965 -81.335 94.416 275.396
3 0 -78.481 94.517 275.955 -78.414 91.002 276.051 -78.795 90.987 275.484
3 0 -78.795 90.987 275.484 -78.861 94.484 275.389 -78.481 94.517 275.955
3 0 -78.346 94.548 276.624 -78.279 91.016 276.721 -78.414 91.002 276.051
3 0 -78.414 91.002 276.051 -78.481 94.517 275.955 -78.346 94.548 276.624
3 0 -78.478 94.571 277.293 -78.411 91.027 277.390 -78.279 91.016 276.721
3 0 -78.279 91.016 276.721 -78.346 94.548 276.624 -78.478 94.571 277.293
3 0 -78.856 94.584 277.862 -78.789 91.032 277.959 -78.411 91.027 277.390
3 0 -78.411 91.027 277.390 -78.478 94.571 277.293 -78.856 94.584 277.862
3 0 -81.705 94.582 279.775 -81.639 91.032 279.872 -81.259 91.047 280.438
3 0 -81.259 91.047 280.438 -81.325 94.615 280.341 -81.705 94.582 279.775
3 0 -81.840 94.552 279.106 -81.774 91.017 279.202 -81.639 91.032 279.872
3 0 -81.639 91.032 279.872 -81.705 94.582 279.775 -81.840 94.552 279.106
3 0 -81.708 94.528 278.437 -81.642 91.007 278.532 -81.774 91.017 279.202
3 0 -81.774 91.017 279.202 -81.840 94.552 279.106 -81.708 94.528 278.437
3 0 -81.330 94.516 277.869 -81.264 91.001 277.965 -81.642 91.007 278.532
3 0 -81.642 91.007 278.532 -81.708 94.528 278.437 -81.330 94.516 277.869
3 0 -78.476 94.617 278.427 -78.409 91.048 278.525 -78.789 91.032 277.959
3 0 -78.789 91.032 277.959 -78.856 94.584 277.862 -78.476 94.617 278.427
3 0 -78.341 94.648 279.096 -78.274 91.062 279.194 -78.409 91.048 278.525
3 0 -78.409 91.048 278.525 -78.476 94.617 278.427 -78.341 94.648 279.096
3 0 -78.473 94.671 279.765 -78.406 91.072 279.864 -78.274 91.062 279.194
3 0 -78.274 91.062 279.194 -78.341 94.648 279.096 -78.473 94.671 279.765
3 0 -78.851 94.683 280.334 -78.784 91.078 280.433 -78.406 91.072 279.864
3 0 -78.406 91.072 279.864 -78.473 94.671 279.765 -78.851 94.683 280.334
3 0 -78.404 91.093 281.000 -78.784 91.078 280.433 -78.851 94.683 280.334
3 0 -78.851 94.683 280.334 -78.471 94.717 280.900 -78.404 91.093 281.000
3 0 -78.269 91.107 281.669 -78.404 91.093 281.000 -78.471 94.717 280.900
3 0 -78.471 94.717 280.900 -78.336 94.747 281.569 -78.269 91.107 281.669
3 0 -78.401 91.118 282.339 -78.269 91.107 281.669 -78.336 94.747 281.569
3 0 -78.336 94.747 281.569 -78.468 94.771 282.238 -78.401 91.118 282.339
3 0 -78.779 91.124 282.907 -78.401 91.118 282.339 -78.468 94.771 282.238
3 0 -78.468 94.771 282.238 -78.846 94.783 282.807 -78.779 91.124 282.907
3 0 -79.346 91.124 283.288 -78.779 91.124 282.907 -78.846 94.783 282.807
3 0 -78.846 94.783 282.807 -79.413 94.783 283.187 -79.346 91.124 283.288
3 0 -80.015 91.118 283.422 -79.346 91.124 283.288 -79.413 94.783 283.187
3 0 -79.413 94.783 283.187 -80.082 94.770 283.323 -80.015 91.118 283.422
3 0 -80.685 91.107 283.291 -80.015 91.118 283.422 -80.082 94.770 283.323
3 0 -80.082 94.770 283.323 -80.752 94.746 283.192 -80.685 91.107 283.291
3 0 -81.254 91.093 282.913 -80.685 91.107 283.291 -80.752 94.746 283.192
3 0 -80.752 94.746 283.192 -81.320 94.715 282.814 -81.254 91.093 282.913
3 0 -81.634 91.077 282.346 -81.254 91.093 282.913 -81.320 94.715 282.814
3 0 -81.320 94.715 282.814 -81.700 94.682 282.248 -81.634 91.077 282.346
3 0 -81.769 91.063 281.677 -81.634 91.077 282.346 -81.700 94.682 282.248
3 0 -81.700 94.682 282.248 -81.835 94.651 281.579 -81.769 91.063 281.677
3 0 -81.637 91.053 281.007 -81.769 91.063 281.677 -81.835 94.651 281.579
3 0 -81.835 94.651 281.579 -81.703 94.628 280.910 -81.637 91.053 281.007
3 0 -81.259 91.047 280.438 -81.637 91.053 281.007 -81.703 94.628 280.910
3 0 -81.703 94.628 280.910 -81.325 94.615 280.341 -81.259 91.047 280.438
3 0 -81.617 87.000 274.958 -81.237 87.000 275.525 -81.269 90.955 275.490
3 0 -81.269 90.955 275.490 -81.650 90.940 274.923 -81.617 87.000 274.958
3 0 -81.750 87.000 274.288 -81.617 87.000 274.958 -81.650 90.940 274.923
3 0 -81.650 90.940 274.923 -81.784 90.926 274.254 -81.750 87.000 274.288
3 0 -81.617 87.000 273.618 -81.750 87.000 274.288 -81.784 90.926 274.254
3 0 -81.784 90.926 274.254 -81.652 90.915 273.584 -81.617 87.000 273.618
3 0 -81.237 87.000 273.051 -81.617 87.000 273.618 -81.652 90.915 273.584
3 0 -81.652 90.915 273.584 -81.274 90.910 273.016 -81.237 87.000 273.051
3 0 -80.670 87.000 272.671 -81.237 87.000 273.051 -81.274 90.910 273.016
3 0 -81.274 90.910 273.016 -80.707 90.910 272.635 -80.670 87.000 272.671
3 0 -80.000 87.000 272.538 -80.670 87.000 272.671 -80.707 90.910 272.635
3 0 -80.707 90.910 272.635 -80.038 90.916 272.500 -80.000 87.000 272.538
3 0 -79.330 87.000 272.671 -80.000 87.000 272.538 -80.038 90.916 272.500
3 0 -80.038 90.916 272.500 -79.368 90.927 272.632 -79.330 87.000 272.671
3 0 -78.763 87.000 273.051 -79.330 87.000 272.671 -79.368 90.927 272.632
3 0 -79.368 90.927 272.632 -78.800 90.941 273.010 -78.763 87.000 273.051
3 0 -78.383 87.000 273.618 -78.763 87.000 273.051 -78.800 90.941 273.010
3 0 -78.800 90.941 273.010 -78.419 90.956 273.577 -78.383 87.000 273.618
3 0 -78.250 87.000 274.288 -78.383 87.000 273.618 -78.419 90.956 273.577
3 0 -78.419 90.956 273.577 -78.285 90.970 274.246 -78.250 87.000 274.288
3 0 -78.383 87.000 274.958 -78.250 87.000 274.288 -78.285 90.970 274.246
3 0 -78.285 90.970 274.246 -78.416 90.981 274.916 -78.383 87.000 274.958
3 0 -78.763 87.000 275.525 -78.383 87.000 274.958 -78.416 90.981 274.916
3 0 -78.416 90.981 274.916 -78.795 90.987 275.484 -78.763 87.000 275.525
3 0 -81.644 90.986 277.398 -81.617 87.000 277.433 -81.237 87.000 278.000
3 0 -81.237 87.000 278.000 -81.264 91.001 277.965 -81.644 90.986 277.398
3 0 -81.779 90.972 276.729 -81.750 87.000 276.763 -81.617 87.000 277.433
3 0 -81.617 87.000 277.433 -81.644 90.986 277.398 -81.779 90.972 276.729
3 0 -81.647 90.961 276.059 -81.617 87.000 276.093 -81.750 87.000 276.763
3 0 -81.750 87.000 276.763 -81.779 90.972 276.729 -81.647 90.961 276.059
3 0 -81.269 90.955 275.490 -81.237 87.000 275.525 -81.617 87.000 276.093
3 0 -81.617 87.000 276.093 -81.647 90.961 276.059 -81.269 90.955 275.490
3 0 -78.414 91.002 276.051 -78.383 87.000 276.093 -78.763 87.000 275.525
3 0 -78.763 87.000 275.525 -78.795 90.987 275.484 -78.414 91.002 276.051
3 0 -78.279 91.016 276.721 -78.250 87.000 276.763 -78.383 87.000 276.093
3 0 -78.383 87.000 276.093 -78.414 91.002 276.051 -78.279 91.016 276.721
3 0 -78.411 91.027 277.390 -78.383 87.000 277.433 -78.250 87.000 276.763
3 0 -78.250 87.000 276.763 -78.279 91.016 276.721 -78.411 91.027 277.390
3 0 -78.789 91.032 277.959 -78.763 87.000 278.000 -78.383 87.000 277.433
3 0 -78.383 87.000 277.433 -78.411 91.027 277.390 -78.789 91.032 277.959
3 0 -81.639 91.032 279.872 -81.617 87.000 279.907 -81.237 87.000 280.474
3 0 -81.237 87.000 280.474 -81.259 91.047 280.438 -81.639 91.032 279.872
3 0 -81.774 91.017 279.202 -81.750 87.000 279.237 -81.617 87.000 279.907
3 0 -81.617 87.000 279.907 -81.639 91.032 279.872 -81.774 91.017 279.202
3 0 -81.642 91.007 278.532 -81.617 87.000 278.567 -81.750 87.000 279.237
3 0 -81.750 87.000 279.237 -81.774 91.017 279.202 -81.642 91.007 278.532
3 0 -81.264 91.001 277.965 -81.237 87.000 278.000 -81.617 87.000 278.567
3 0 -81.617 87.000 278.567 -81.642 91.007 278.532 -81.264 91.001 277.965
3 0 -78.409 91.048 278.525 -78.383 87.000 278.567 -78.763 87.000 278.000
3 0 -78.763 87.000 278.000 -78.789 91.032 277.959 -78.409 91.048 278.525
3 0 -78.274 91.062 279.194 -78.250 87.000 279.237 -78.383 87.000 278.567
3 0 -78.383 87.000 278.567 -78.409 91.048 278.525 -78.274 91.062 279.194
3 0 -78.406 91.072 279.864 -78.383 87.000 279.907 -78.250 87.000 279.237
3 0 -78.250 87.000 279.237 -78.274 91.062 279.194 -78.406 91.072 279.864
3 0 -78.784 91.078 280.433 -78.763 87.000 280.474 -78.383 87.000 279.907
3 0 -78.383 87.000 279.907 -78.406 91.072 279.864 -78.784 91.078 280.433
3 0 -78.383 87.000 281.042 -78.763 87.000 280.474 -78.784 91.078 280.433
3 0 -78.784 91.078 280.433 -78.404 91.093 281.000 -78.383 87.000 281.042
3 0 -78.250 87.000 281.712 -78.383 87.000 281.042 -78.404 91.093 281.000
3 0 -78.404 91.093 281.000 -78.269 91.107 281.669 -78.250 87.000 281.712
3 0 -78.383 87.000 282.382 -78.250 87.000 281.712 -78.269 91.107 281.669
3 0 -78.269 91.107 281.669 -78.401 91.118 282.339 -78.383 87.000 282.382
3 0 -78.763 87.000 282.949 -78.383 87.000 282.382 -78.401 91.118 282.339
3 0 -78.401 91.118 282.339 -78.779 91.124 282.907 -78.763 87.000 282.949
3 0 -79.330 87.000 283.329 -78.763 87.000 282.949 -78.779 91.124 282.907
3 0 -78.779 91.124 282.907 -79.346 91.124 283.288 -79.330 87.000 283.329
3 0 -80.000 87.000 283.462 -79.330 87.000 283.329 -79.346 91.124 283.288
3 0 -79.346 91.124 283.288 -80.015 91.118 283.422 -80.000 87.000 283.462
3 0 -80.670 87.000 283.329 -80.000 87.000 283.462 -80.015 91.118 283.422
3 0 -80.015 91.118 283.422 -80.685 91.107 283.291 -80.670 87.000 283.329
3 0 -81.237 87.000 282.949 -80.670 87.000 283.329 -80.685 91.107 283.291
3 0 -80.685 91.107 283.291 -81.254 91.093 282.913 -81.237 87.000 282.949
3 0 -81.617 87.000 282.382 -81.237 87.000 282.949 -81.254 91.093 282.913
3 0 -81.254 91.093 282.913 -81.634 91.077 282.346 -81.617 87.000 282.382
3 0 -81.750 87.000 281.712 -81.617 87.000 282.382 -81.634 91.077 282.346
3 0 -81.634 91.077 282.346 -81.769 91.063 281.677 -81.750 87.000 281.712
3 0 -81.617 87.000 281.042 -81.750 87.000 281.712 -81.769 91.063 281.677
3 0 -81.769 91.063 281.677 -81.637 91.053 281.007 -81.617 87.000 281.042
3 0 -81.237 87.000 280.474 -81.617 87.000 281.042 -81.637 91.053 281.007
3 0 -81.637 91.053 281.007 -81.259 91.047 280.438 -81.237 87.000 280.474
