0 FILE dx0015.dat
0 dx0015
0 Name:  Untitled_6
0 Author:  
0 BL_Item_No dx0015.dat
0 BFC CERTIFY CCW
1 71 0.0000 0.0000 0.0000 1.0000 0.0000 0.0000 0.0000 1.0000 0.0000 0.0000 0.0000 1.0000 58120.dat
1 72 150.0000 -87.0000 60.0000 0.0000 0.0000 1.0000 0.0000 1.0000 0.0000 -1.0000 0.0000 0.0000 58124c01.dat
3 0 3.156 -26.913 119.399 2.590 -26.690 119.710 2.475 -23.918 117.127
3 0 2.475 -23.918 117.127 3.042 -24.186 116.859 3.156 -26.913 119.399
3 0 3.824 -26.969 119.270 3.156 -26.913 119.399 3.042 -24.186 116.859
3 0 3.042 -24.186 116.859 3.712 -24.280 116.765 3.824 -26.969 119.270
3 0 4.492 -26.852 119.342 3.824 -26.969 119.270 3.712 -24.280 116.765
3 0 3.712 -24.280 116.765 4.382 -24.186 116.859 4.492 -26.852 119.342
3 0 5.060 -26.578 119.605 4.492 -26.852 119.342 4.382 -24.186 116.859
3 0 4.382 -24.186 116.859 4.949 -23.918 117.127 5.060 -26.578 119.605
3 0 5.440 -26.189 120.018 5.060 -26.578 119.605 4.949 -23.918 117.127
3 0 4.949 -23.918 117.127 5.329 -23.516 117.528 5.440 -26.189 120.018
3 0 5.574 -25.744 120.519 5.440 -26.189 120.018 5.329 -23.516 117.528
3 0 5.329 -23.516 117.528 5.462 -23.043 118.002 5.574 -25.744 120.519
3 0 5.443 -25.312 121.031 5.574 -25.744 120.519 5.462 -23.043 118.002
3 0 5.462 -23.043 118.002 5.329 -22.570 118.476 5.443 -25.312 121.031
3 0 5.065 -24.958 121.476 5.443 -25.312 121.031 5.329 -22.570 118.476
3 0 5.329 -22.570 118.476 4.949 -22.168 118.877 5.065 -24.958 121.476
3 0 4.500 -24.735 121.787 5.065 -24.958 121.476 4.949 -22.168 118.877
3 0 4.949 -22.168 118.877 4.382 -21.900 119.145 4.500 -24.735 121.787
3 0 3.832 -24.679 121.916 4.500 -24.735 121.787 4.382 -21.900 119.145
3 0 4.382 -21.900 119.145 3.712 -21.806 119.240 3.832 -24.679 121.916
3 0 3.163 -24.796 121.844 3.832 -24.679 121.916 3.712 -21.806 119.240
3 0 3.712 -21.806 119.240 3.042 -21.900 119.145 3.163 -24.796 121.844
3 0 2.595 -25.070 121.581 3.163 -24.796 121.844 3.042 -21.900 119.145
3 0 3.042 -21.900 119.145 2.475 -22.168 118.877 2.595 -25.070 121.581
3 0 0.567 -24.186 116.859 0.685 -27.025 119.504 0.120 -26.803 119.815
3 0 0.120 -26.803 119.815 0.000 -23.918 117.127 0.567 -24.186 116.859
3 0 1.237 -24.280 116.765 1.354 -27.082 119.375 0.685 -27.025 119.504
3 0 0.685 -27.025 119.504 0.567 -24.186 116.859 1.237 -24.280 116.765
3 0 1.907 -24.186 116.859 2.022 -26.964 119.447 1.354 -27.082 119.375
3 0 1.354 -27.082 119.375 1.237 -24.280 116.765 1.907 -24.186 116.859
3 0 2.475 -23.918 117.127 2.590 -26.690 119.710 2.022 -26.964 119.447
3 0 2.022 -26.964 119.447 1.907 -24.186 116.859 2.475 -23.918 117.127
3 0 1.907 -21.900 119.145 2.030 -24.848 121.892 2.595 -25.070 121.581
3 0 2.595 -25.070 121.581 2.475 -22.168 118.877 1.907 -21.900 119.145
3 0 1.237 -21.806 119.240 1.361 -24.791 122.021 2.030 -24.848 121.892
3 0 2.030 -24.848 121.892 1.907 -21.900 119.145 1.237 -21.806 119.240
3 0 0.567 -21.900 119.145 0.693 -24.909 121.949 1.361 -24.791 122.021
3 0 1.361 -24.791 122.021 1.237 -21.806 119.240 0.567 -21.900 119.145
3 0 0.000 -22.168 118.877 0.125 -25.183 121.686 0.693 -24.909 121.949
3 0 0.693 -24.909 121.949 0.567 -21.900 119.145 0.000 -22.168 118.877
3 0 -1.907 -24.186 116.859 -1.784 -27.138 119.609 -2.350 -26.915 119.920
3 0 -2.350 -26.915 119.920 -2.474 -23.918 117.127 -1.907 -24.186 116.859
3 0 -1.237 -24.280 116.765 -1.116 -27.194 119.480 -1.784 -27.138 119.609
3 0 -1.784 -27.138 119.609 -1.907 -24.186 116.859 -1.237 -24.280 116.765
3 0 -0.567 -24.186 116.859 -0.447 -27.077 119.552 -1.116 -27.194 119.480
3 0 -1.116 -27.194 119.480 -1.237 -24.280 116.765 -0.567 -24.186 116.859
3 0 0.000 -23.918 117.127 0.120 -26.803 119.815 -0.447 -27.077 119.552
3 0 -0.447 -27.077 119.552 -0.567 -24.186 116.859 0.000 -23.918 117.127
3 0 -0.567 -21.900 119.145 -0.440 -24.960 121.997 0.125 -25.183 121.686
3 0 0.125 -25.183 121.686 0.000 -22.168 118.877 -0.567 -21.900 119.145
3 0 -1.237 -21.806 119.240 -1.108 -24.904 122.126 -0.440 -24.960 121.997
3 0 -0.440 -24.960 121.997 -0.567 -21.900 119.145 -1.237 -21.806 119.240
3 0 -1.907 -21.900 119.145 -1.776 -25.021 122.054 -1.108 -24.904 122.126
3 0 -1.108 -24.904 122.126 -1.237 -21.806 119.240 -1.907 -21.900 119.145
3 0 -2.474 -22.168 118.877 -2.344 -25.295 121.791 -1.776 -25.021 122.054
3 0 -1.776 -25.021 122.054 -1.907 -21.900 119.145 -2.474 -22.168 118.877
3 0 -2.910 -25.073 122.102 -2.344 -25.295 121.791 -2.474 -22.168 118.877
3 0 -2.474 -22.168 118.877 -3.042 -21.900 119.145 -2.910 -25.073 122.102
3 0 -3.578 -25.016 122.231 -2.910 -25.073 122.102 -3.042 -21.900 119.145
3 0 -3.042 -21.900 119.145 -3.712 -21.806 119.240 -3.578 -25.016 122.231
3 0 -4.247 -25.134 122.158 -3.578 -25.016 122.231 -3.712 -21.806 119.240
3 0 -3.712 -21.806 119.240 -4.382 -21.900 119.145 -4.247 -25.134 122.158
3 0 -4.814 -25.408 121.896 -4.247 -25.134 122.158 -4.382 -21.900 119.145
3 0 -4.382 -21.900 119.145 -4.949 -22.168 118.877 -4.814 -25.408 121.896
3 0 -5.194 -25.797 121.482 -4.814 -25.408 121.896 -4.949 -22.168 118.877
3 0 -4.949 -22.168 118.877 -5.329 -22.570 118.476 -5.194 -25.797 121.482
3 0 -5.329 -26.241 120.982 -5.194 -25.797 121.482 -5.329 -22.570 118.476
3 0 -5.329 -22.570 118.476 -5.462 -23.043 118.002 -5.329 -26.241 120.982
3 0 -5.197 -26.673 120.470 -5.329 -26.241 120.982 -5.462 -23.043 118.002
3 0 -5.462 -23.043 118.002 -5.329 -23.516 117.528 -5.197 -26.673 120.470
3 0 -4.820 -27.028 120.025 -5.197 -26.673 120.470 -5.329 -23.516 117.528
3 0 -5.329 -23.516 117.528 -4.949 -23.918 117.127 -4.820 -27.028 120.025
3 0 -4.254 -27.250 119.714 -4.820 -27.028 120.025 -4.949 -23.918 117.127
3 0 -4.949 -23.918 117.127 -4.382 -24.186 116.859 -4.254 -27.250 119.714
3 0 -3.586 -27.307 119.585 -4.254 -27.250 119.714 -4.382 -24.186 116.859
3 0 -4.382 -24.186 116.859 -3.712 -24.280 116.765 -3.586 -27.307 119.585
3 0 -2.917 -27.189 119.657 -3.586 -27.307 119.585 -3.712 -24.280 116.765
3 0 -3.712 -24.280 116.765 -3.042 -24.186 116.859 -2.917 -27.189 119.657
3 0 -2.350 -26.915 119.920 -2.917 -27.189 119.657 -3.042 -24.186 116.859
3 0 -3.042 -24.186 116.859 -2.474 -23.918 117.127 -2.350 -26.915 119.920
3 0 3.498 -29.767 121.692 2.939 -29.601 122.048 2.590 -26.690 119.710
3 0 2.590 -26.690 119.710 3.156 -26.913 119.399 3.498 -29.767 121.692
3 0 4.160 -29.777 121.526 3.498 -29.767 121.692 3.156 -26.913 119.399
3 0 3.156 -26.913 119.399 3.824 -26.969 119.270 4.160 -29.777 121.526
3 0 4.825 -29.630 121.575 4.160 -29.777 121.526 3.824 -26.969 119.270
3 0 3.824 -26.969 119.270 4.492 -26.852 119.342 4.825 -29.630 121.575
3 0 5.392 -29.349 121.832 4.825 -29.630 121.575 4.492 -26.852 119.342
3 0 4.492 -26.852 119.342 5.060 -26.578 119.605 5.392 -29.349 121.832
3 0 5.774 -28.976 122.257 5.392 -29.349 121.832 5.060 -26.578 119.605
3 0 5.060 -26.578 119.605 5.440 -26.189 120.018 5.774 -28.976 122.257
3 0 5.913 -28.567 122.786 5.774 -28.976 122.257 5.440 -26.189 120.018
3 0 5.440 -26.189 120.018 5.574 -25.744 120.519 5.913 -28.567 122.786
3 0 5.788 -28.186 123.339 5.913 -28.567 122.786 5.574 -25.744 120.519
3 0 5.574 -25.744 120.519 5.443 -25.312 121.031 5.788 -28.186 123.339
3 0 5.418 -27.889 123.830 5.788 -28.186 123.339 5.443 -25.312 121.031
3 0 5.443 -25.312 121.031 5.065 -24.958 121.476 5.418 -27.889 123.830
3 0 4.860 -27.723 124.186 5.418 -27.889 123.830 5.065 -24.958 121.476
3 0 5.065 -24.958 121.476 4.500 -24.735 121.787 4.860 -27.723 124.186
3 0 4.197 -27.713 124.352 4.860 -27.723 124.186 4.500 -24.735 121.787
3 0 4.500 -24.735 121.787 3.832 -24.679 121.916 4.197 -27.713 124.352
3 0 3.532 -27.859 124.303 4.197 -27.713 124.352 3.832 -24.679 121.916
3 0 3.832 -24.679 121.916 3.163 -24.796 121.844 3.532 -27.859 124.303
3 0 2.966 -28.141 124.046 3.532 -27.859 124.303 3.163 -24.796 121.844
3 0 3.163 -24.796 121.844 2.595 -25.070 121.581 2.966 -28.141 124.046
3 0 0.685 -27.025 119.504 1.045 -30.018 121.908 0.487 -29.852 122.264
3 0 0.487 -29.852 122.264 0.120 -26.803 119.815 0.685 -27.025 119.504
3 0 1.354 -27.082 119.375 1.707 -30.029 121.742 1.045 -30.018 121.908
3 0 1.045 -30.018 121.908 0.685 -27.025 119.504 1.354 -27.082 119.375
3 0 2.022 -26.964 119.447 2.372 -29.882 121.791 1.707 -30.029 121.742
3 0 1.707 -30.029 121.742 1.354 -27.082 119.375 2.022 -26.964 119.447
3 0 2.590 -26.690 119.710 2.939 -29.601 122.048 2.372 -29.882 121.791
3 0 2.372 -29.882 121.791 2.022 -26.964 119.447 2.590 -26.690 119.710
3 0 2.030 -24.848 121.892 2.407 -27.975 124.402 2.966 -28.141 124.046
3 0 2.966 -28.141 124.046 2.595 -25.070 121.581 2.030 -24.848 121.892
3 0 1.361 -24.791 122.021 1.745 -27.964 124.568 2.407 -27.975 124.402
3 0 2.407 -27.975 124.402 2.030 -24.848 121.892 1.361 -24.791 122.021
3 0 0.693 -24.909 121.949 1.080 -28.111 124.519 1.745 -27.964 124.568
3 0 1.745 -27.964 124.568 1.361 -24.791 122.021 0.693 -24.909 121.949
3 0 0.125 -25.183 121.686 0.513 -28.392 124.263 1.080 -28.111 124.519
3 0 1.080 -28.111 124.519 0.693 -24.909 121.949 0.125 -25.183 121.686
3 0 -1.784 -27.138 119.609 -1.407 -30.270 122.125 -1.965 -30.104 122.480
3 0 -1.965 -30.104 122.480 -2.350 -26.915 119.920 -1.784 -27.138 119.609
3 0 -1.116 -27.194 119.480 -0.744 -30.280 121.959 -1.407 -30.270 122.125
3 0 -1.407 -30.270 122.125 -1.784 -27.138 119.609 -1.116 -27.194 119.480
3 0 -0.447 -27.077 119.552 -0.079 -30.133 122.008 -0.744 -30.280 121.959
3 0 -0.744 -30.280 121.959 -1.116 -27.194 119.480 -0.447 -27.077 119.552
3 0 0.120 -26.803 119.815 0.487 -29.852 122.264 -0.079 -30.133 122.008
3 0 -0.079 -30.133 122.008 -0.447 -27.077 119.552 0.120 -26.803 119.815
3 0 -0.440 -24.960 121.997 -0.045 -28.226 124.618 0.513 -28.392 124.263
3 0 0.513 -28.392 124.263 0.125 -25.183 121.686 -0.440 -24.960 121.997
3 0 -1.108 -24.904 122.126 -0.707 -28.216 124.784 -0.045 -28.226 124.618
3 0 -0.045 -28.226 124.618 -0.440 -24.960 121.997 -1.108 -24.904 122.126
3 0 -1.776 -25.021 122.054 -1.372 -28.362 124.735 -0.707 -28.216 124.784
3 0 -0.707 -28.216 124.784 -1.108 -24.904 122.126 -1.776 -25.021 122.054
3 0 -2.344 -25.295 121.791 -1.939 -28.644 124.479 -1.372 -28.362 124.735
3 0 -1.372 -28.362 124.735 -1.776 -25.021 122.054 -2.344 -25.295 121.791
3 0 -2.497 -28.478 124.835 -1.939 -28.644 124.479 -2.344 -25.295 121.791
3 0 -2.344 -25.295 121.791 -2.910 -25.073 122.102 -2.497 -28.478 124.835
3 0 -3.160 -28.467 125.001 -2.497 -28.478 124.835 -2.910 -25.073 122.102
3 0 -2.910 -25.073 122.102 -3.578 -25.016 122.231 -3.160 -28.467 125.001
3 0 -3.825 -28.614 124.952 -3.160 -28.467 125.001 -3.578 -25.016 122.231
3 0 -3.578 -25.016 122.231 -4.247 -25.134 122.158 -3.825 -28.614 124.952
3 0 -4.391 -28.895 124.695 -3.825 -28.614 124.952 -4.247 -25.134 122.158
3 0 -4.247 -25.134 122.158 -4.814 -25.408 121.896 -4.391 -28.895 124.695
3 0 -4.773 -29.269 124.270 -4.391 -28.895 124.695 -4.814 -25.408 121.896
3 0 -4.814 -25.408 121.896 -5.194 -25.797 121.482 -4.773 -29.269 124.270
3 0 -4.912 -29.677 123.741 -4.773 -29.269 124.270 -5.194 -25.797 121.482
3 0 -5.194 -25.797 121.482 -5.329 -26.241 120.982 -4.912 -29.677 123.741
3 0 -4.788 -30.059 123.188 -4.912 -29.677 123.741 -5.329 -26.241 120.982
3 0 -5.329 -26.241 120.982 -5.197 -26.673 120.470 -4.788 -30.059 123.188
3 0 -4.418 -30.355 122.697 -4.788 -30.059 123.188 -5.197 -26.673 120.470
3 0 -5.197 -26.673 120.470 -4.820 -27.028 120.025 -4.418 -30.355 122.697
3 0 -3.859 -30.521 122.341 -4.418 -30.355 122.697 -4.820 -27.028 120.025
3 0 -4.820 -27.028 120.025 -4.254 -27.250 119.714 -3.859 -30.521 122.341
3 0 -3.197 -30.532 122.175 -3.859 -30.521 122.341 -4.254 -27.250 119.714
3 0 -4.254 -27.250 119.714 -3.586 -27.307 119.585 -3.197 -30.532 122.175
3 0 -2.532 -30.385 122.224 -3.197 -30.532 122.175 -3.586 -27.307 119.585
3 0 -3.586 -27.307 119.585 -2.917 -27.189 119.657 -2.532 -30.385 122.224
3 0 -1.965 -30.104 122.480 -2.532 -30.385 122.224 -2.917 -27.189 119.657
3 0 -2.917 -27.189 119.657 -2.350 -26.915 119.920 -1.965 -30.104 122.480
3 0 4.110 -32.695 123.622 3.569 -32.608 124.029 2.939 -29.601 122.048
3 0 2.939 -29.601 122.048 3.498 -29.767 121.692 4.110 -32.695 123.622
3 0 4.758 -32.641 123.413 4.110 -32.695 123.622 3.498 -29.767 121.692
3 0 3.498 -29.767 121.692 4.160 -29.777 121.526 4.758 -32.641 123.413
3 0 5.414 -32.453 123.435 4.758 -32.641 123.413 4.160 -29.777 121.526
3 0 4.160 -29.777 121.526 4.825 -29.630 121.575 5.414 -32.453 123.435
3 0 5.978 -32.161 123.685 5.414 -32.453 123.435 4.825 -29.630 121.575
3 0 4.825 -29.630 121.575 5.392 -29.349 121.832 5.978 -32.161 123.685
3 0 6.365 -31.809 124.124 5.978 -32.161 123.685 5.392 -29.349 121.832
3 0 5.392 -29.349 121.832 5.774 -28.976 122.257 6.365 -31.809 124.124
3 0 6.515 -31.450 124.685 6.365 -31.809 124.124 5.774 -28.976 122.257
3 0 5.774 -28.976 122.257 5.913 -28.567 122.786 6.515 -31.450 124.685
3 0 6.407 -31.140 125.283 6.515 -31.450 124.685 5.913 -28.567 122.786
3 0 5.913 -28.567 122.786 5.788 -28.186 123.339 6.407 -31.140 125.283
3 0 6.055 -30.925 125.828 6.407 -31.140 125.283 5.788 -28.186 123.339
3 0 5.788 -28.186 123.339 5.418 -27.889 123.830 6.055 -30.925 125.828
3 0 5.514 -30.838 126.235 6.055 -30.925 125.828 5.418 -27.889 123.830
3 0 5.418 -27.889 123.830 4.860 -27.723 124.186 5.514 -30.838 126.235
3 0 4.866 -30.893 126.443 5.514 -30.838 126.235 4.860 -27.723 124.186
3 0 4.860 -27.723 124.186 4.197 -27.713 124.352 4.866 -30.893 126.443
3 0 4.209 -31.080 126.421 4.866 -30.893 126.443 4.197 -27.713 124.352
3 0 4.197 -27.713 124.352 3.532 -27.859 124.303 4.209 -31.080 126.421
3 0 3.645 -31.372 126.172 4.209 -31.080 126.421 3.532 -27.859 124.303
3 0 3.532 -27.859 124.303 2.966 -28.141 124.046 3.645 -31.372 126.172
3 0 1.045 -30.018 121.908 1.700 -33.142 123.965 1.159 -33.056 124.373
3 0 1.159 -33.056 124.373 0.487 -29.852 122.264 1.045 -30.018 121.908
3 0 1.707 -30.029 121.742 2.348 -33.088 123.757 1.700 -33.142 123.965
3 0 1.700 -33.142 123.965 1.045 -30.018 121.908 1.707 -30.029 121.742
3 0 2.372 -29.882 121.791 3.004 -32.900 123.779 2.348 -33.088 123.757
3 0 2.348 -33.088 123.757 1.707 -30.029 121.742 2.372 -29.882 121.791
3 0 2.939 -29.601 122.048 3.569 -32.608 124.029 3.004 -32.900 123.779
3 0 3.004 -32.900 123.779 2.372 -29.882 121.791 2.939 -29.601 122.048
3 0 2.407 -27.975 124.402 3.104 -31.285 126.579 3.645 -31.372 126.172
3 0 3.645 -31.372 126.172 2.966 -28.141 124.046 2.407 -27.975 124.402
3 0 1.745 -27.964 124.568 2.456 -31.340 126.787 3.104 -31.285 126.579
3 0 3.104 -31.285 126.579 2.407 -27.975 124.402 1.745 -27.964 124.568
3 0 1.080 -28.111 124.519 1.800 -31.527 126.765 2.456 -31.340 126.787
3 0 2.456 -31.340 126.787 1.745 -27.964 124.568 1.080 -28.111 124.519
3 0 0.513 -28.392 124.263 1.235 -31.819 126.515 1.800 -31.527 126.765
3 0 1.800 -31.527 126.765 1.080 -28.111 124.519 0.513 -28.392 124.263
3 0 -1.407 -30.270 122.125 -0.709 -33.590 124.309 -1.250 -33.503 124.717
3 0 -1.250 -33.503 124.717 -1.965 -30.104 122.480 -1.407 -30.270 122.125
3 0 -0.744 -30.280 121.959 -0.061 -33.535 124.101 -0.709 -33.590 124.309
3 0 -0.709 -33.590 124.309 -1.407 -30.270 122.125 -0.744 -30.280 121.959
3 0 -0.079 -30.133 122.008 0.595 -33.348 124.123 -0.061 -33.535 124.101
3 0 -0.061 -33.535 124.101 -0.744 -30.280 121.959 -0.079 -30.133 122.008
3 0 0.487 -29.852 122.264 1.159 -33.056 124.373 0.595 -33.348 124.123
3 0 0.595 -33.348 124.123 -0.079 -30.133 122.008 0.487 -29.852 122.264
3 0 -0.045 -28.226 124.618 0.695 -31.732 126.923 1.235 -31.819 126.515
3 0 1.235 -31.819 126.515 0.513 -28.392 124.263 -0.045 -28.226 124.618
3 0 -0.707 -28.216 124.784 0.047 -31.787 127.131 0.695 -31.732 126.923
3 0 0.695 -31.732 126.923 -0.045 -28.226 124.618 -0.707 -28.216 124.784
3 0 -1.372 -28.362 124.735 -0.609 -31.974 127.109 0.047 -31.787 127.131
3 0 0.047 -31.787 127.131 -0.707 -28.216 124.784 -1.372 -28.362 124.735
3 0 -1.939 -28.644 124.479 -1.174 -32.267 126.859 -0.609 -31.974 127.109
3 0 -0.609 -31.974 127.109 -1.372 -28.362 124.735 -1.939 -28.644 124.479
3 0 -1.715 -32.180 127.267 -1.174 -32.267 126.859 -1.939 -28.644 124.479
3 0 -1.939 -28.644 124.479 -2.497 -28.478 124.835 -1.715 -32.180 127.267
3 0 -2.363 -32.234 127.475 -1.715 -32.180 127.267 -2.497 -28.478 124.835
3 0 -2.497 -28.478 124.835 -3.160 -28.467 125.001 -2.363 -32.234 127.475
3 0 -3.019 -32.422 127.453 -2.363 -32.234 127.475 -3.160 -28.467 125.001
3 0 -3.160 -28.467 125.001 -3.825 -28.614 124.952 -3.019 -32.422 127.453
3 0 -3.583 -32.714 127.203 -3.019 -32.422 127.453 -3.825 -28.614 124.952
3 0 -3.825 -28.614 124.952 -4.391 -28.895 124.695 -3.583 -32.714 127.203
3 0 -3.970 -33.066 126.764 -3.583 -32.714 127.203 -4.391 -28.895 124.695
3 0 -4.391 -28.895 124.695 -4.773 -29.269 124.270 -3.970 -33.066 126.764
3 0 -4.121 -33.425 126.203 -3.970 -33.066 126.764 -4.773 -29.269 124.270
3 0 -4.773 -29.269 124.270 -4.912 -29.677 123.741 -4.121 -33.425 126.203
3 0 -4.012 -33.735 125.605 -4.121 -33.425 126.203 -4.912 -29.677 123.741
3 0 -4.912 -29.677 123.741 -4.788 -30.059 123.188 -4.012 -33.735 125.605
3 0 -3.660 -33.950 125.061 -4.012 -33.735 125.605 -4.788 -30.059 123.188
3 0 -4.788 -30.059 123.188 -4.418 -30.355 122.697 -3.660 -33.950 125.061
3 0 -3.119 -34.037 124.653 -3.660 -33.950 125.061 -4.418 -30.355 122.697
3 0 -4.418 -30.355 122.697 -3.859 -30.521 122.341 -3.119 -34.037 124.653
3 0 -2.471 -33.982 124.445 -3.119 -34.037 124.653 -3.859 -30.521 122.341
3 0 -3.859 -30.521 122.341 -3.197 -30.532 122.175 -2.471 -33.982 124.445
3 0 -1.815 -33.795 124.467 -2.471 -33.982 124.445 -3.197 -30.532 122.175
3 0 -3.197 -30.532 122.175 -2.532 -30.385 122.224 -1.815 -33.795 124.467
3 0 -1.250 -33.503 124.717 -1.815 -33.795 124.467 -2.532 -30.385 122.224
3 0 -2.532 -30.385 122.224 -1.965 -30.104 122.480 -1.250 -33.503 124.717
3 0 5.054 -35.658 125.052 4.548 -35.678 125.510 3.569 -32.608 124.029
3 0 3.569 -32.608 124.029 4.110 -32.695 123.622 5.054 -35.658 125.052
3 0 5.673 -35.515 124.802 5.054 -35.658 125.052 4.110 -32.695 123.622
3 0 4.110 -32.695 123.622 4.758 -32.641 123.413 5.673 -35.515 124.802
3 0 6.311 -35.272 124.797 5.673 -35.515 124.802 4.758 -32.641 123.413
3 0 4.758 -32.641 123.413 5.414 -32.453 123.435 6.311 -35.272 124.797
3 0 6.870 -34.965 125.039 6.311 -35.272 124.797 5.414 -32.453 123.435
3 0 5.414 -32.453 123.435 5.978 -32.161 123.685 6.870 -34.965 125.039
3 0 7.267 -34.641 125.491 6.870 -34.965 125.039 5.978 -32.161 123.685
3 0 5.978 -32.161 123.685 6.365 -31.809 124.124 7.267 -34.641 125.491
3 0 7.439 -34.349 126.084 7.267 -34.641 125.491 6.365 -31.809 124.124
3 0 6.365 -31.809 124.124 6.515 -31.450 124.685 7.439 -34.349 126.084
3 0 7.362 -34.135 126.728 7.439 -34.349 126.084 6.515 -31.450 124.685
3 0 6.515 -31.450 124.685 6.407 -31.140 125.283 7.362 -34.135 126.728
3 0 7.046 -34.029 127.324 7.362 -34.135 126.728 6.407 -31.140 125.283
3 0 6.407 -31.140 125.283 6.055 -30.925 125.828 7.046 -34.029 127.324
3 0 6.540 -34.050 127.782 7.046 -34.029 127.324 6.055 -30.925 125.828
3 0 6.055 -30.925 125.828 5.514 -30.838 126.235 6.540 -34.050 127.782
3 0 5.921 -34.192 128.032 6.540 -34.050 127.782 5.514 -30.838 126.235
3 0 5.514 -30.838 126.235 4.866 -30.893 126.443 5.921 -34.192 128.032
3 0 5.283 -34.436 128.037 5.921 -34.192 128.032 4.866 -30.893 126.443
3 0 4.866 -30.893 126.443 4.209 -31.080 126.421 5.283 -34.436 128.037
3 0 4.724 -34.743 127.795 5.283 -34.436 128.037 4.209 -31.080 126.421
3 0 4.209 -31.080 126.421 3.645 -31.372 126.172 4.724 -34.743 127.795
3 0 1.700 -33.142 123.965 2.731 -36.371 125.522 2.225 -36.391 125.981
3 0 2.225 -36.391 125.981 1.159 -33.056 124.373 1.700 -33.142 123.965
3 0 2.348 -33.088 123.757 3.350 -36.228 125.272 2.731 -36.371 125.522
3 0 2.731 -36.371 125.522 1.700 -33.142 123.965 2.348 -33.088 123.757
3 0 3.004 -32.900 123.779 3.988 -35.985 125.268 3.350 -36.228 125.272
3 0 3.350 -36.228 125.272 2.348 -33.088 123.757 3.004 -32.900 123.779
3 0 3.569 -32.608 124.029 4.548 -35.678 125.510 3.988 -35.985 125.268
3 0 3.988 -35.985 125.268 3.004 -32.900 123.779 3.569 -32.608 124.029
3 0 3.104 -31.285 126.579 4.217 -34.763 128.253 4.724 -34.743 127.795
3 0 4.724 -34.743 127.795 3.645 -31.372 126.172 3.104 -31.285 126.579
3 0 2.456 -31.340 126.787 3.598 -34.906 128.503 4.217 -34.763 128.253
3 0 4.217 -34.763 128.253 3.104 -31.285 126.579 2.456 -31.340 126.787
3 0 1.800 -31.527 126.765 2.961 -35.149 128.507 3.598 -34.906 128.503
3 0 3.598 -34.906 128.503 2.456 -31.340 126.787 1.800 -31.527 126.765
3 0 1.235 -31.819 126.515 2.401 -35.456 128.265 2.961 -35.149 128.507
3 0 2.961 -35.149 128.507 1.800 -31.527 126.765 1.235 -31.819 126.515
3 0 -0.709 -33.590 124.309 0.409 -37.084 125.993 -0.097 -37.105 126.451
3 0 -0.097 -37.105 126.451 -1.250 -33.503 124.717 -0.709 -33.590 124.309
3 0 -0.061 -33.535 124.101 1.028 -36.942 125.743 0.409 -37.084 125.993
3 0 0.409 -37.084 125.993 -0.709 -33.590 124.309 -0.061 -33.535 124.101
3 0 0.595 -33.348 124.123 1.666 -36.698 125.738 1.028 -36.942 125.743
3 0 1.028 -36.942 125.743 -0.061 -33.535 124.101 0.595 -33.348 124.123
3 0 1.159 -33.056 124.373 2.225 -36.391 125.981 1.666 -36.698 125.738
3 0 1.666 -36.698 125.738 0.595 -33.348 124.123 1.159 -33.056 124.373
3 0 0.695 -31.732 126.923 1.896 -35.476 128.723 2.401 -35.456 128.265
3 0 2.401 -35.456 128.265 1.235 -31.819 126.515 0.695 -31.732 126.923
3 0 0.047 -31.787 127.131 1.277 -35.619 128.973 1.896 -35.476 128.723
3 0 1.896 -35.476 128.723 0.695 -31.732 126.923 0.047 -31.787 127.131
3 0 -0.609 -31.974 127.109 0.639 -35.862 128.978 1.277 -35.619 128.973
3 0 1.277 -35.619 128.973 0.047 -31.787 127.131 -0.609 -31.974 127.109
3 0 -1.174 -32.267 126.859 0.079 -36.169 128.736 0.639 -35.862 128.978
3 0 0.639 -35.862 128.978 -0.609 -31.974 127.109 -1.174 -32.267 126.859
3 0 -0.427 -36.190 129.194 0.079 -36.169 128.736 -1.174 -32.267 126.859
3 0 -1.174 -32.267 126.859 -1.715 -32.180 127.267 -0.427 -36.190 129.194
3 0 -1.046 -36.333 129.444 -0.427 -36.190 129.194 -1.715 -32.180 127.267
3 0 -1.715 -32.180 127.267 -2.363 -32.234 127.475 -1.046 -36.333 129.444
3 0 -1.684 -36.576 129.448 -1.046 -36.333 129.444 -2.363 -32.234 127.475
3 0 -2.363 -32.234 127.475 -3.019 -32.422 127.453 -1.684 -36.576 129.448
3 0 -2.244 -36.883 129.206 -1.684 -36.576 129.448 -3.019 -32.422 127.453
3 0 -3.019 -32.422 127.453 -3.583 -32.714 127.203 -2.244 -36.883 129.206
3 0 -2.640 -37.207 128.754 -2.244 -36.883 129.206 -3.583 -32.714 127.203
3 0 -3.583 -32.714 127.203 -3.970 -33.066 126.764 -2.640 -37.207 128.754
3 0 -2.813 -37.498 128.161 -2.640 -37.207 128.754 -3.970 -33.066 126.764
3 0 -3.970 -33.066 126.764 -4.121 -33.425 126.203 -2.813 -37.498 128.161
3 0 -2.735 -37.713 127.518 -2.813 -37.498 128.161 -4.121 -33.425 126.203
3 0 -4.121 -33.425 126.203 -4.012 -33.735 125.605 -2.735 -37.713 127.518
3 0 -2.419 -37.818 126.922 -2.735 -37.713 127.518 -4.012 -33.735 125.605
3 0 -4.012 -33.735 125.605 -3.660 -33.950 125.061 -2.419 -37.818 126.922
3 0 -1.913 -37.798 126.463 -2.419 -37.818 126.922 -3.660 -33.950 125.061
3 0 -3.660 -33.950 125.061 -3.119 -34.037 124.653 -1.913 -37.798 126.463
3 0 -1.294 -37.655 126.213 -1.913 -37.798 126.463 -3.119 -34.037 124.653
3 0 -3.119 -34.037 124.653 -2.471 -33.982 124.445 -1.294 -37.655 126.213
3 0 -0.657 -37.412 126.209 -1.294 -37.655 126.213 -2.471 -33.982 124.445
3 0 -2.471 -33.982 124.445 -1.815 -33.795 124.467 -0.657 -37.412 126.209
3 0 -0.097 -37.105 126.451 -0.657 -37.412 126.209 -1.815 -33.795 124.467
3 0 -1.815 -33.795 124.467 -1.250 -33.503 124.717 -0.097 -37.105 126.451
3 0 6.367 -38.600 125.879 5.918 -38.747 126.372 4.548 -35.678 125.510
3 0 4.548 -35.678 125.510 5.054 -35.658 125.052 6.367 -38.600 125.879
3 0 6.939 -38.353 125.600 6.367 -38.600 125.879 5.054 -35.658 125.052
3 0 5.054 -35.658 125.052 5.673 -35.515 124.802 6.939 -38.353 125.600
3 0 7.547 -38.044 125.577 6.939 -38.353 125.600 5.673 -35.515 124.802
3 0 5.673 -35.515 124.802 6.311 -35.272 124.797 7.547 -38.044 125.577
3 0 8.098 -37.719 125.815 7.547 -38.044 125.577 6.311 -35.272 124.797
3 0 6.311 -35.272 124.797 6.870 -34.965 125.039 8.098 -37.719 125.815
3 0 8.509 -37.427 126.276 8.098 -37.719 125.815 6.870 -34.965 125.039
3 0 6.870 -34.965 125.039 7.267 -34.641 125.491 8.509 -37.427 126.276
3 0 8.717 -37.214 126.890 8.509 -37.427 126.276 7.267 -34.641 125.491
3 0 7.267 -34.641 125.491 7.439 -34.349 126.084 8.717 -37.214 126.890
3 0 8.690 -37.112 127.565 8.717 -37.214 126.890 7.439 -34.349 126.084
3 0 7.439 -34.349 126.084 7.362 -34.135 126.728 8.690 -37.112 127.565
3 0 8.433 -37.136 128.197 8.690 -37.112 127.565 7.362 -34.135 126.728
3 0 7.362 -34.135 126.728 7.046 -34.029 127.324 8.433 -37.136 128.197
3 0 7.984 -37.283 128.690 8.433 -37.136 128.197 7.046 -34.029 127.324
3 0 7.046 -34.029 127.324 6.540 -34.050 127.782 7.984 -37.283 128.690
3 0 7.412 -37.530 128.969 7.984 -37.283 128.690 6.540 -34.050 127.782
3 0 6.540 -34.050 127.782 5.921 -34.192 128.032 7.412 -37.530 128.969
3 0 6.804 -37.840 128.991 7.412 -37.530 128.969 5.921 -34.192 128.032
3 0 5.921 -34.192 128.032 5.283 -34.436 128.037 6.804 -37.840 128.991
3 0 6.252 -38.165 128.754 6.804 -37.840 128.991 5.283 -34.436 128.037
3 0 5.283 -34.436 128.037 4.724 -34.743 127.795 6.252 -38.165 128.754
3 0 2.731 -36.371 125.522 4.186 -39.629 126.437 3.737 -39.776 126.930
3 0 3.737 -39.776 126.930 2.225 -36.391 125.981 2.731 -36.371 125.522
3 0 3.350 -36.228 125.272 4.758 -39.382 126.158 4.186 -39.629 126.437
3 0 4.186 -39.629 126.437 2.731 -36.371 125.522 3.350 -36.228 125.272
3 0 3.988 -35.985 125.268 5.366 -39.072 126.135 4.758 -39.382 126.158
3 0 4.758 -39.382 126.158 3.350 -36.228 125.272 3.988 -35.985 125.268
3 0 4.548 -35.678 125.510 5.918 -38.747 126.372 5.366 -39.072 126.135
3 0 5.366 -39.072 126.135 3.988 -35.985 125.268 4.548 -35.678 125.510
3 0 4.217 -34.763 128.253 5.803 -38.312 129.247 6.252 -38.165 128.754
3 0 6.252 -38.165 128.754 4.724 -34.743 127.795 4.217 -34.763 128.253
3 0 3.598 -34.906 128.503 5.231 -38.559 129.526 5.803 -38.312 129.247
3 0 5.803 -38.312 129.247 4.217 -34.763 128.253 3.598 -34.906 128.503
3 0 2.961 -35.149 128.507 4.623 -38.869 129.549 5.231 -38.559 129.526
3 0 5.231 -38.559 129.526 3.598 -34.906 128.503 2.961 -35.149 128.507
3 0 2.401 -35.456 128.265 4.071 -39.194 129.312 4.623 -38.869 129.549
3 0 4.623 -38.869 129.549 2.961 -35.149 128.507 2.401 -35.456 128.265
3 0 0.409 -37.084 125.993 2.006 -40.657 126.994 1.557 -40.804 127.487
3 0 1.557 -40.804 127.487 -0.097 -37.105 126.451 0.409 -37.084 125.993
3 0 1.028 -36.942 125.743 2.578 -40.410 126.715 2.006 -40.657 126.994
3 0 2.006 -40.657 126.994 0.409 -37.084 125.993 1.028 -36.942 125.743
3 0 1.666 -36.698 125.738 3.186 -40.101 126.692 2.578 -40.410 126.715
3 0 2.578 -40.410 126.715 1.028 -36.942 125.743 1.666 -36.698 125.738
3 0 2.225 -36.391 125.981 3.737 -39.776 126.930 3.186 -40.101 126.692
3 0 3.186 -40.101 126.692 1.666 -36.698 125.738 2.225 -36.391 125.981
3 0 1.896 -35.476 128.723 3.623 -39.340 129.805 4.071 -39.194 129.312
3 0 4.071 -39.194 129.312 2.401 -35.456 128.265 1.896 -35.476 128.723
3 0 1.277 -35.619 128.973 3.051 -39.587 130.084 3.623 -39.340 129.805
3 0 3.623 -39.340 129.805 1.896 -35.476 128.723 1.277 -35.619 128.973
3 0 0.639 -35.862 128.978 2.443 -39.897 130.106 3.051 -39.587 130.084
3 0 3.051 -39.587 130.084 1.277 -35.619 128.973 0.639 -35.862 128.978
3 0 0.079 -36.169 128.736 1.891 -40.222 129.869 2.443 -39.897 130.106
3 0 2.443 -39.897 130.106 0.639 -35.862 128.978 0.079 -36.169 128.736
3 0 1.442 -40.369 130.362 1.891 -40.222 129.869 0.079 -36.169 128.736
3 0 0.079 -36.169 128.736 -0.427 -36.190 129.194 1.442 -40.369 130.362
3 0 0.870 -40.616 130.641 1.442 -40.369 130.362 -0.427 -36.190 129.194
3 0 -0.427 -36.190 129.194 -1.046 -36.333 129.444 0.870 -40.616 130.641
3 0 0.262 -40.926 130.664 0.870 -40.616 130.641 -1.046 -36.333 129.444
3 0 -1.046 -36.333 129.444 -1.684 -36.576 129.448 0.262 -40.926 130.664
3 0 -0.290 -41.251 130.427 0.262 -40.926 130.664 -1.684 -36.576 129.448
3 0 -1.684 -36.576 129.448 -2.244 -36.883 129.206 -0.290 -41.251 130.427
3 0 -0.701 -41.542 129.966 -0.290 -41.251 130.427 -2.244 -36.883 129.206
3 0 -2.244 -36.883 129.206 -2.640 -37.207 128.754 -0.701 -41.542 129.966
3 0 -0.909 -41.755 129.351 -0.701 -41.542 129.966 -2.640 -37.207 128.754
3 0 -2.640 -37.207 128.754 -2.813 -37.498 128.161 -0.909 -41.755 129.351
3 0 -0.882 -41.857 128.676 -0.909 -41.755 129.351 -2.813 -37.498 128.161
3 0 -2.813 -37.498 128.161 -2.735 -37.713 127.518 -0.882 -41.857 128.676
3 0 -0.624 -41.833 128.045 -0.882 -41.857 128.676 -2.735 -37.713 127.518
3 0 -2.735 -37.713 127.518 -2.419 -37.818 126.922 -0.624 -41.833 128.045
3 0 -0.175 -41.686 127.552 -0.624 -41.833 128.045 -2.419 -37.818 126.922
3 0 -2.419 -37.818 126.922 -1.913 -37.798 126.463 -0.175 -41.686 127.552
3 0 0.397 -41.439 127.273 -0.175 -41.686 127.552 -1.913 -37.798 126.463
3 0 -1.913 -37.798 126.463 -1.294 -37.655 126.213 0.397 -41.439 127.273
3 0 1.005 -41.129 127.250 0.397 -41.439 127.273 -1.294 -37.655 126.213
3 0 -1.294 -37.655 126.213 -0.657 -37.412 126.209 1.005 -41.129 127.250
3 0 1.557 -40.804 127.487 1.005 -41.129 127.250 -0.657 -37.412 126.209
3 0 -0.657 -37.412 126.209 -0.097 -37.105 126.451 1.557 -40.804 127.487
3 0 8.035 -41.442 126.054 7.661 -41.717 126.554 5.918 -38.747 126.372
3 0 5.918 -38.747 126.372 6.367 -38.600 125.879 8.035 -41.442 126.054
3 0 8.546 -41.090 125.768 8.035 -41.442 126.054 6.367 -38.600 125.879
3 0 6.367 -38.600 125.879 6.939 -38.353 125.600 8.546 -41.090 125.768
3 0 9.115 -40.713 125.742 8.546 -41.090 125.768 6.939 -38.353 125.600
3 0 6.939 -38.353 125.600 7.547 -38.044 125.577 9.115 -40.713 125.742
3 0 9.655 -40.369 125.979 9.115 -40.713 125.742 7.547 -38.044 125.577
3 0 7.547 -38.044 125.577 8.098 -37.719 125.815 9.655 -40.369 125.979
3 0 10.085 -40.110 126.442 9.655 -40.369 125.979 8.098 -37.719 125.815
3 0 8.098 -37.719 125.815 8.509 -37.427 126.276 10.085 -40.110 126.442
3 0 10.338 -39.976 127.062 10.085 -40.110 126.442 8.509 -37.427 126.276
3 0 8.509 -37.427 126.276 8.717 -37.214 126.890 10.338 -39.976 127.062
3 0 10.377 -39.987 127.743 10.338 -39.976 127.062 8.717 -37.214 126.890
3 0 8.717 -37.214 126.890 8.690 -37.112 127.565 10.377 -39.987 127.743
3 0 10.195 -40.142 128.383 10.377 -39.987 127.743 8.690 -37.112 127.565
3 0 8.690 -37.112 127.565 8.433 -37.136 128.197 10.195 -40.142 128.383
3 0 9.821 -40.416 128.884 10.195 -40.142 128.383 8.433 -37.136 128.197
3 0 8.433 -37.136 128.197 7.984 -37.283 128.690 9.821 -40.416 128.884
3 0 9.310 -40.769 129.169 9.821 -40.416 128.884 7.984 -37.283 128.690
3 0 7.984 -37.283 128.690 7.412 -37.530 128.969 9.310 -40.769 129.169
3 0 8.742 -41.146 129.195 9.310 -40.769 129.169 7.412 -37.530 128.969
3 0 7.412 -37.530 128.969 6.804 -37.840 128.991 8.742 -41.146 129.195
3 0 8.201 -41.490 128.959 8.742 -41.146 129.195 6.804 -37.840 128.991
3 0 6.804 -37.840 128.991 6.252 -38.165 128.754 8.201 -41.490 128.959
3 0 4.186 -39.629 126.437 6.041 -42.791 126.629 5.667 -43.065 127.130
3 0 5.667 -43.065 127.130 3.737 -39.776 126.930 4.186 -39.629 126.437
3 0 4.758 -39.382 126.158 6.552 -42.438 126.344 6.041 -42.791 126.629
3 0 6.041 -42.791 126.629 4.186 -39.629 126.437 4.758 -39.382 126.158
3 0 5.366 -39.072 126.135 7.120 -42.061 126.318 6.552 -42.438 126.344
3 0 6.552 -42.438 126.344 4.758 -39.382 126.158 5.366 -39.072 126.135
3 0 5.918 -38.747 126.372 7.661 -41.717 126.554 7.120 -42.061 126.318
3 0 7.120 -42.061 126.318 5.366 -39.072 126.135 5.918 -38.747 126.372
3 0 5.803 -38.312 129.247 7.827 -41.765 129.459 8.201 -41.490 128.959
3 0 8.201 -41.490 128.959 6.252 -38.165 128.754 5.803 -38.312 129.247
3 0 5.231 -38.559 129.526 7.316 -42.117 129.744 7.827 -41.765 129.459
3 0 7.827 -41.765 129.459 5.803 -38.312 129.247 5.231 -38.559 129.526
3 0 4.623 -38.869 129.549 6.747 -42.494 129.771 7.316 -42.117 129.744
3 0 7.316 -42.117 129.744 5.231 -38.559 129.526 4.623 -38.869 129.549
3 0 4.071 -39.194 129.312 6.207 -42.838 129.534 6.747 -42.494 129.771
3 0 6.747 -42.494 129.771 4.623 -38.869 129.549 4.071 -39.194 129.312
3 0 2.006 -40.657 126.994 4.048 -44.138 127.204 3.673 -44.413 127.705
3 0 3.673 -44.413 127.705 1.557 -40.804 127.487 2.006 -40.657 126.994
3 0 2.578 -40.410 126.715 4.558 -43.786 126.919 4.048 -44.138 127.204
3 0 4.048 -44.138 127.204 2.006 -40.657 126.994 2.578 -40.410 126.715
3 0 3.186 -40.101 126.692 5.127 -43.409 126.893 4.558 -43.786 126.919
3 0 4.558 -43.786 126.919 2.578 -40.410 126.715 3.186 -40.101 126.692
3 0 3.737 -39.776 126.930 5.667 -43.065 127.130 5.127 -43.409 126.893
3 0 5.127 -43.409 126.893 3.186 -40.101 126.692 3.737 -39.776 126.930
3 0 3.623 -39.340 129.805 5.833 -43.112 130.034 6.207 -42.838 129.534
3 0 6.207 -42.838 129.534 4.071 -39.194 129.312 3.623 -39.340 129.805
3 0 3.051 -39.587 130.084 5.323 -43.465 130.319 5.833 -43.112 130.034
3 0 5.833 -43.112 130.034 3.623 -39.340 129.805 3.051 -39.587 130.084
3 0 2.443 -39.897 130.106 4.754 -43.842 130.346 5.323 -43.465 130.319
3 0 5.323 -43.465 130.319 3.051 -39.587 130.084 2.443 -39.897 130.106
3 0 1.891 -40.222 129.869 4.214 -44.186 130.109 4.754 -43.842 130.346
3 0 4.754 -43.842 130.346 2.443 -39.897 130.106 1.891 -40.222 129.869
3 0 3.839 -44.461 130.610 4.214 -44.186 130.109 1.891 -40.222 129.869
3 0 1.891 -40.222 129.869 1.442 -40.369 130.362 3.839 -44.461 130.610
3 0 3.329 -44.813 130.895 3.839 -44.461 130.610 1.442 -40.369 130.362
3 0 1.442 -40.369 130.362 0.870 -40.616 130.641 3.329 -44.813 130.895
3 0 2.760 -45.190 130.921 3.329 -44.813 130.895 0.870 -40.616 130.641
3 0 0.870 -40.616 130.641 0.262 -40.926 130.664 2.760 -45.190 130.921
3 0 2.220 -45.534 130.685 2.760 -45.190 130.921 0.262 -40.926 130.664
3 0 0.262 -40.926 130.664 -0.290 -41.251 130.427 2.220 -45.534 130.685
3 0 1.790 -45.793 130.221 2.220 -45.534 130.685 -0.290 -41.251 130.427
3 0 -0.290 -41.251 130.427 -0.701 -41.542 129.966 1.790 -45.793 130.221
3 0 1.536 -45.927 129.602 1.790 -45.793 130.221 -0.701 -41.542 129.966
3 0 -0.701 -41.542 129.966 -0.909 -41.755 129.351 1.536 -45.927 129.602
3 0 1.497 -45.916 128.920 1.536 -45.927 129.602 -0.909 -41.755 129.351
3 0 -0.909 -41.755 129.351 -0.882 -41.857 128.676 1.497 -45.916 128.920
3 0 1.679 -45.761 128.280 1.497 -45.916 128.920 -0.882 -41.857 128.676
3 0 -0.882 -41.857 128.676 -0.624 -41.833 128.045 1.679 -45.761 128.280
3 0 2.054 -45.487 127.780 1.679 -45.761 128.280 -0.624 -41.833 128.045
3 0 -0.624 -41.833 128.045 -0.175 -41.686 127.552 2.054 -45.487 127.780
3 0 2.564 -45.134 127.495 2.054 -45.487 127.780 -0.175 -41.686 127.552
3 0 -0.175 -41.686 127.552 0.397 -41.439 127.273 2.564 -45.134 127.495
3 0 3.133 -44.757 127.468 2.564 -45.134 127.495 0.397 -41.439 127.273
3 0 0.397 -41.439 127.273 1.005 -41.129 127.250 3.133 -44.757 127.468
3 0 3.673 -44.413 127.705 3.133 -44.757 127.468 1.005 -41.129 127.250
3 0 1.005 -41.129 127.250 1.557 -40.804 127.487 3.673 -44.413 127.705
3 0 10.028 -44.123 125.571 9.731 -44.504 126.053 7.661 -41.717 126.554
3 0 7.661 -41.717 126.554 8.035 -41.442 126.054 10.028 -44.123 125.571
3 0 10.474 -43.681 125.302 10.028 -44.123 125.571 8.035 -41.442 126.054
3 0 8.035 -41.442 126.054 8.546 -41.090 125.768 10.474 -43.681 125.302
3 0 11.001 -43.248 125.285 10.474 -43.681 125.302 8.546 -41.090 125.768
3 0 8.546 -41.090 125.768 9.115 -40.713 125.742 11.001 -43.248 125.285
3 0 11.529 -42.888 125.525 11.001 -43.248 125.285 9.115 -40.713 125.742
3 0 9.115 -40.713 125.742 9.655 -40.369 125.979 11.529 -42.888 125.525
3 0 11.978 -42.656 125.985 11.529 -42.888 125.525 9.655 -40.369 125.979
3 0 9.655 -40.369 125.979 10.085 -40.110 126.442 11.978 -42.656 125.985
3 0 12.279 -42.588 126.594 11.978 -42.656 125.985 10.085 -40.110 126.442
3 0 10.085 -40.110 126.442 10.338 -39.976 127.062 12.279 -42.588 126.594
3 0 12.387 -42.694 127.260 12.279 -42.588 126.594 10.338 -39.976 127.062
3 0 10.338 -39.976 127.062 10.377 -39.987 127.743 12.387 -42.694 127.260
3 0 12.284 -42.958 127.881 12.387 -42.694 127.260 10.377 -39.987 127.743
3 0 10.377 -39.987 127.743 10.195 -40.142 128.383 12.284 -42.958 127.881
3 0 11.987 -43.339 128.364 12.284 -42.958 127.881 10.195 -40.142 128.383
3 0 10.195 -40.142 128.383 9.821 -40.416 128.884 11.987 -43.339 128.364
3 0 11.541 -43.780 128.633 11.987 -43.339 128.364 9.821 -40.416 128.884
3 0 9.821 -40.416 128.884 9.310 -40.769 129.169 11.541 -43.780 128.633
3 0 11.014 -44.214 128.649 11.541 -43.780 128.633 9.310 -40.769 129.169
3 0 9.310 -40.769 129.169 8.742 -41.146 129.195 11.014 -44.214 128.649
3 0 10.486 -44.574 128.409 11.014 -44.214 128.649 8.742 -41.146 129.195
3 0 8.742 -41.146 129.195 8.201 -41.490 128.959 10.486 -44.574 128.409
3 0 6.041 -42.791 126.629 8.230 -45.739 126.099 7.933 -46.120 126.582
3 0 7.933 -46.120 126.582 5.667 -43.065 127.130 6.041 -42.791 126.629
3 0 6.552 -42.438 126.344 8.676 -45.298 125.830 8.230 -45.739 126.099
3 0 8.230 -45.739 126.099 6.041 -42.791 126.629 6.552 -42.438 126.344
3 0 7.120 -42.061 126.318 9.203 -44.864 125.813 8.676 -45.298 125.830
3 0 8.676 -45.298 125.830 6.552 -42.438 126.344 7.120 -42.061 126.318
3 0 7.661 -41.717 126.554 9.731 -44.504 126.053 9.203 -44.864 125.813
3 0 9.203 -44.864 125.813 7.120 -42.061 126.318 7.661 -41.717 126.554
3 0 7.827 -41.765 129.459 10.189 -44.955 128.892 10.486 -44.574 128.409
3 0 10.486 -44.574 128.409 8.201 -41.490 128.959 7.827 -41.765 129.459
3 0 7.316 -42.117 129.744 9.743 -45.397 129.161 10.189 -44.955 128.892
3 0 10.189 -44.955 128.892 7.827 -41.765 129.459 7.316 -42.117 129.744
3 0 6.747 -42.494 129.771 9.216 -45.830 129.177 9.743 -45.397 129.161
3 0 9.743 -45.397 129.161 7.316 -42.117 129.744 6.747 -42.494 129.771
3 0 6.207 -42.838 129.534 8.688 -46.190 128.937 9.216 -45.830 129.177
3 0 9.216 -45.830 129.177 6.747 -42.494 129.771 6.207 -42.838 129.534
3 0 4.048 -44.138 127.204 6.432 -47.355 126.627 6.135 -47.736 127.109
3 0 6.135 -47.736 127.109 3.673 -44.413 127.705 4.048 -44.138 127.204
3 0 4.558 -43.786 126.919 6.878 -46.914 126.357 6.432 -47.355 126.627
3 0 6.432 -47.355 126.627 4.048 -44.138 127.204 4.558 -43.786 126.919
3 0 5.127 -43.409 126.893 7.405 -46.480 126.341 6.878 -46.914 126.357
3 0 6.878 -46.914 126.357 4.558 -43.786 126.919 5.127 -43.409 126.893
3 0 5.667 -43.065 127.130 7.933 -46.120 126.582 7.405 -46.480 126.341
3 0 7.405 -46.480 126.341 5.127 -43.409 126.893 5.667 -43.065 127.130
3 0 5.833 -43.112 130.034 8.391 -46.571 129.420 8.688 -46.190 128.937
3 0 8.688 -46.190 128.937 6.207 -42.838 129.534 5.833 -43.112 130.034
3 0 5.323 -43.465 130.319 7.945 -47.012 129.689 8.391 -46.571 129.420
3 0 8.391 -46.571 129.420 5.833 -43.112 130.034 5.323 -43.465 130.319
3 0 4.754 -43.842 130.346 7.418 -47.446 129.705 7.945 -47.012 129.689
3 0 7.945 -47.012 129.689 5.323 -43.465 130.319 4.754 -43.842 130.346
3 0 4.214 -44.186 130.109 6.890 -47.806 129.465 7.418 -47.446 129.705
3 0 7.418 -47.446 129.705 4.754 -43.842 130.346 4.214 -44.186 130.109
3 0 6.593 -48.188 129.948 6.890 -47.806 129.465 4.214 -44.186 130.109
3 0 4.214 -44.186 130.109 3.839 -44.461 130.610 6.593 -48.188 129.948
3 0 6.147 -48.629 130.217 6.593 -48.188 129.948 3.839 -44.461 130.610
3 0 3.839 -44.461 130.610 3.329 -44.813 130.895 6.147 -48.629 130.217
3 0 5.620 -49.062 130.233 6.147 -48.629 130.217 3.329 -44.813 130.895
3 0 3.329 -44.813 130.895 2.760 -45.190 130.921 5.620 -49.062 130.233
3 0 5.092 -49.422 129.993 5.620 -49.062 130.233 2.760 -45.190 130.921
3 0 2.760 -45.190 130.921 2.220 -45.534 130.685 5.092 -49.422 129.993
3 0 4.643 -49.654 129.534 5.092 -49.422 129.993 2.220 -45.534 130.685
3 0 2.220 -45.534 130.685 1.790 -45.793 130.221 4.643 -49.654 129.534
3 0 4.342 -49.722 128.925 4.643 -49.654 129.534 1.790 -45.793 130.221
3 0 1.790 -45.793 130.221 1.536 -45.927 129.602 4.342 -49.722 128.925
3 0 4.234 -49.616 128.259 4.342 -49.722 128.925 1.536 -45.927 129.602
3 0 1.536 -45.927 129.602 1.497 -45.916 128.920 4.234 -49.616 128.259
3 0 4.337 -49.353 127.637 4.234 -49.616 128.259 1.497 -45.916 128.920
3 0 1.497 -45.916 128.920 1.679 -45.761 128.280 4.337 -49.353 127.637
3 0 4.634 -48.971 127.155 4.337 -49.353 127.637 1.679 -45.761 128.280
3 0 1.679 -45.761 128.280 2.054 -45.487 127.780 4.634 -48.971 127.155
3 0 5.080 -48.530 126.885 4.634 -48.971 127.155 2.054 -45.487 127.780
3 0 2.054 -45.487 127.780 2.564 -45.134 127.495 5.080 -48.530 126.885
3 0 5.607 -48.096 126.869 5.080 -48.530 126.885 2.564 -45.134 127.495
3 0 2.564 -45.134 127.495 3.133 -44.757 127.468 5.607 -48.096 126.869
3 0 6.135 -47.736 127.109 5.607 -48.096 126.869 3.133 -44.757 127.468
3 0 3.133 -44.757 127.468 3.673 -44.413 127.705 6.135 -47.736 127.109
3 0 12.261 -46.611 124.535 12.033 -47.070 124.986 9.731 -44.504 126.053
3 0 9.731 -44.504 126.053 10.028 -44.123 125.571 12.261 -46.611 124.535
3 0 12.651 -46.106 124.292 12.261 -46.611 124.535 10.028 -44.123 125.571
3 0 10.028 -44.123 125.571 10.474 -43.681 125.302 12.651 -46.106 124.292
3 0 13.142 -45.631 124.293 12.651 -46.106 124.292 10.474 -43.681 125.302
3 0 10.474 -43.681 125.302 11.001 -43.248 125.285 13.142 -45.631 124.293
3 0 13.659 -45.259 124.538 13.142 -45.631 124.293 11.001 -43.248 125.285
3 0 11.001 -43.248 125.285 11.529 -42.888 125.525 13.659 -45.259 124.538
3 0 14.124 -45.047 124.990 13.659 -45.259 124.538 11.529 -42.888 125.525
3 0 11.529 -42.888 125.525 11.978 -42.656 125.985 14.124 -45.047 124.990
3 0 14.466 -45.026 125.581 14.124 -45.047 124.990 11.978 -42.656 125.985
3 0 11.978 -42.656 125.985 12.279 -42.588 126.594 14.466 -45.026 125.581
3 0 14.633 -45.200 126.220 14.466 -45.026 125.581 12.279 -42.588 126.594
3 0 12.279 -42.588 126.594 12.387 -42.694 127.260 14.633 -45.200 126.220
3 0 14.600 -45.543 126.809 14.633 -45.200 126.220 12.387 -42.694 127.260
3 0 12.387 -42.694 127.260 12.284 -42.958 127.881 14.600 -45.543 126.809
3 0 14.371 -46.001 127.260 14.600 -45.543 126.809 12.284 -42.958 127.881
3 0 12.284 -42.958 127.881 11.987 -43.339 128.364 14.371 -46.001 127.260
3 0 13.982 -46.507 127.504 14.371 -46.001 127.260 11.987 -43.339 128.364
3 0 11.987 -43.339 128.364 11.541 -43.780 128.633 13.982 -46.507 127.504
3 0 13.491 -46.981 127.503 13.982 -46.507 127.504 11.541 -43.780 128.633
3 0 11.541 -43.780 128.633 11.014 -44.214 128.649 13.491 -46.981 127.503
3 0 12.974 -47.353 127.257 13.491 -46.981 127.503 11.014 -44.214 128.649
3 0 11.014 -44.214 128.649 10.486 -44.574 128.409 12.974 -47.353 127.257
3 0 8.230 -45.739 126.099 10.635 -48.422 124.983 10.406 -48.881 125.434
3 0 10.406 -48.881 125.434 7.933 -46.120 126.582 8.230 -45.739 126.099
3 0 8.676 -45.298 125.830 11.025 -47.917 124.740 10.635 -48.422 124.983
3 0 10.635 -48.422 124.983 8.230 -45.739 126.099 8.676 -45.298 125.830
3 0 9.203 -44.864 125.813 11.515 -47.442 124.741 11.025 -47.917 124.740
3 0 11.025 -47.917 124.740 8.676 -45.298 125.830 9.203 -44.864 125.813
3 0 9.731 -44.504 126.053 12.033 -47.070 124.986 11.515 -47.442 124.741
3 0 11.515 -47.442 124.741 9.203 -44.864 125.813 9.731 -44.504 126.053
3 0 10.189 -44.955 128.892 12.745 -47.812 127.708 12.974 -47.353 127.257
3 0 12.974 -47.353 127.257 10.486 -44.574 128.409 10.189 -44.955 128.892
3 0 9.743 -45.397 129.161 12.355 -48.318 127.952 12.745 -47.812 127.708
3 0 12.745 -47.812 127.708 10.189 -44.955 128.892 9.743 -45.397 129.161
3 0 9.216 -45.830 129.177 11.865 -48.792 127.951 12.355 -48.318 127.952
3 0 12.355 -48.318 127.952 9.743 -45.397 129.161 9.216 -45.830 129.177
3 0 8.688 -46.190 128.937 11.347 -49.164 127.706 11.865 -48.792 127.951
3 0 11.865 -48.792 127.951 9.216 -45.830 129.177 8.688 -46.190 128.937
3 0 6.432 -47.355 126.627 9.009 -50.233 125.431 8.780 -50.691 125.882
3 0 8.780 -50.691 125.882 6.135 -47.736 127.109 6.432 -47.355 126.627
3 0 6.878 -46.914 126.357 9.399 -49.727 125.188 9.009 -50.233 125.431
3 0 9.009 -50.233 125.431 6.432 -47.355 126.627 6.878 -46.914 126.357
3 0 7.405 -46.480 126.341 9.889 -49.253 125.189 9.399 -49.727 125.188
3 0 9.399 -49.727 125.188 6.878 -46.914 126.357 7.405 -46.480 126.341
3 0 7.933 -46.120 126.582 10.406 -48.881 125.434 9.889 -49.253 125.189
3 0 9.889 -49.253 125.189 7.405 -46.480 126.341 7.933 -46.120 126.582
3 0 8.391 -46.571 129.420 11.119 -49.623 128.156 11.347 -49.164 127.706
3 0 11.347 -49.164 127.706 8.688 -46.190 128.937 8.391 -46.571 129.420
3 0 7.945 -47.012 129.689 10.730 -50.128 128.400 11.119 -49.623 128.156
3 0 11.119 -49.623 128.156 8.391 -46.571 129.420 7.945 -47.012 129.689
3 0 7.418 -47.446 129.705 10.239 -50.603 128.399 10.730 -50.128 128.400
3 0 10.730 -50.128 128.400 7.945 -47.012 129.689 7.418 -47.446 129.705
3 0 6.890 -47.806 129.465 9.722 -50.975 128.154 10.239 -50.603 128.399
3 0 10.239 -50.603 128.399 7.418 -47.446 129.705 6.890 -47.806 129.465
3 0 9.493 -51.433 128.605 9.722 -50.975 128.154 6.890 -47.806 129.465
3 0 6.890 -47.806 129.465 6.593 -48.188 129.948 9.493 -51.433 128.605
3 0 9.103 -51.939 128.848 9.493 -51.433 128.605 6.593 -48.188 129.948
3 0 6.593 -48.188 129.948 6.147 -48.629 130.217 9.103 -51.939 128.848
3 0 8.612 -52.413 128.847 9.103 -51.939 128.848 6.147 -48.629 130.217
3 0 6.147 -48.629 130.217 5.620 -49.062 130.233 8.612 -52.413 128.847
3 0 8.095 -52.785 128.602 8.612 -52.413 128.847 5.620 -49.062 130.233
3 0 5.620 -49.062 130.233 5.092 -49.422 129.993 8.095 -52.785 128.602
3 0 7.630 -52.998 128.149 8.095 -52.785 128.602 5.092 -49.422 129.993
3 0 5.092 -49.422 129.993 4.643 -49.654 129.534 7.630 -52.998 128.149
3 0 7.288 -53.019 127.559 7.630 -52.998 128.149 4.643 -49.654 129.534
3 0 4.643 -49.654 129.534 4.342 -49.722 128.925 7.288 -53.019 127.559
3 0 7.121 -52.845 126.920 7.288 -53.019 127.559 4.342 -49.722 128.925
3 0 4.342 -49.722 128.925 4.234 -49.616 128.259 7.121 -52.845 126.920
3 0 7.154 -52.502 126.330 7.121 -52.845 126.920 4.234 -49.616 128.259
3 0 4.234 -49.616 128.259 4.337 -49.353 127.637 7.154 -52.502 126.330
3 0 7.383 -52.044 125.879 7.154 -52.502 126.330 4.337 -49.353 127.637
3 0 4.337 -49.353 127.637 4.634 -48.971 127.155 7.383 -52.044 125.879
3 0 7.772 -51.538 125.636 7.383 -52.044 125.879 4.634 -48.971 127.155
3 0 4.634 -48.971 127.155 5.080 -48.530 126.885 7.772 -51.538 125.636
3 0 8.263 -51.064 125.637 7.772 -51.538 125.636 5.080 -48.530 126.885
3 0 5.080 -48.530 126.885 5.607 -48.096 126.869 8.263 -51.064 125.637
3 0 8.780 -50.691 125.882 8.263 -51.064 125.637 5.607 -48.096 126.869
3 0 5.607 -48.096 126.869 6.135 -47.736 127.109 8.780 -50.691 125.882
3 0 14.651 -48.881 123.052 14.478 -49.394 123.468 12.033 -47.070 124.986
3 0 12.033 -47.070 124.986 12.261 -46.611 124.535 14.651 -48.881 123.052
3 0 14.993 -48.331 122.837 14.651 -48.881 123.052 12.261 -46.611 124.535
3 0 12.261 -46.611 124.535 12.651 -46.106 124.292 14.993 -48.331 122.837
3 0 15.454 -47.827 122.856 14.993 -48.331 122.837 12.651 -46.106 124.292
3 0 12.651 -46.106 124.292 13.142 -45.631 124.293 15.454 -47.827 122.856
3 0 15.962 -47.446 123.107 15.454 -47.827 122.856 13.142 -45.631 124.293
3 0 13.142 -45.631 124.293 13.659 -45.259 124.538 15.962 -47.446 123.107
3 0 16.440 -47.246 123.551 15.962 -47.446 123.107 13.659 -45.259 124.538
3 0 13.659 -45.259 124.538 14.124 -45.047 124.990 16.440 -47.246 123.551
3 0 16.816 -47.258 124.121 16.440 -47.246 123.551 14.124 -45.047 124.990
3 0 14.124 -45.047 124.990 14.466 -45.026 125.581 16.816 -47.258 124.121
3 0 17.033 -47.479 124.730 16.816 -47.258 124.121 14.466 -45.026 125.581
3 0 14.466 -45.026 125.581 14.633 -45.200 126.220 17.033 -47.479 124.730
3 0 17.056 -47.876 125.285 17.033 -47.479 124.730 14.633 -45.200 126.220
3 0 14.633 -45.200 126.220 14.600 -45.543 126.809 17.056 -47.876 125.285
3 0 16.884 -48.389 125.702 17.056 -47.876 125.285 14.600 -45.543 126.809
3 0 14.600 -45.543 126.809 14.371 -46.001 127.260 16.884 -48.389 125.702
3 0 16.541 -48.939 125.916 16.884 -48.389 125.702 14.371 -46.001 127.260
3 0 14.371 -46.001 127.260 13.982 -46.507 127.504 16.541 -48.939 125.916
3 0 16.081 -49.443 125.897 16.541 -48.939 125.916 13.982 -46.507 127.504
3 0 13.982 -46.507 127.504 13.491 -46.981 127.503 16.081 -49.443 125.897
3 0 15.573 -49.824 125.646 16.081 -49.443 125.897 13.491 -46.981 127.503
3 0 13.491 -46.981 127.503 12.974 -47.353 127.257 15.573 -49.824 125.646
3 0 10.635 -48.422 124.983 13.167 -50.829 123.413 12.995 -51.342 123.830
3 0 12.995 -51.342 123.830 10.406 -48.881 125.434 10.635 -48.422 124.983
3 0 11.025 -47.917 124.740 13.510 -50.279 123.198 13.167 -50.829 123.413
3 0 13.167 -50.829 123.413 10.635 -48.422 124.983 11.025 -47.917 124.740
3 0 11.515 -47.442 124.741 13.970 -49.775 123.218 13.510 -50.279 123.198
3 0 13.510 -50.279 123.198 11.025 -47.917 124.740 11.515 -47.442 124.741
3 0 12.033 -47.070 124.986 14.478 -49.394 123.468 13.970 -49.775 123.218
3 0 13.970 -49.775 123.218 11.515 -47.442 124.741 12.033 -47.070 124.986
3 0 12.745 -47.812 127.708 15.400 -50.337 126.063 15.573 -49.824 125.646
3 0 15.573 -49.824 125.646 12.974 -47.353 127.257 12.745 -47.812 127.708
3 0 12.355 -48.318 127.952 15.057 -50.887 126.278 15.400 -50.337 126.063
3 0 15.400 -50.337 126.063 12.745 -47.812 127.708 12.355 -48.318 127.952
3 0 11.865 -48.792 127.951 14.597 -51.391 126.258 15.057 -50.887 126.278
3 0 15.057 -50.887 126.278 12.355 -48.318 127.952 11.865 -48.792 127.951
3 0 11.347 -49.164 127.706 14.089 -51.772 126.007 14.597 -51.391 126.258
3 0 14.597 -51.391 126.258 11.865 -48.792 127.951 11.347 -49.164 127.706
3 0 9.009 -50.233 125.431 11.684 -52.776 123.774 11.511 -53.289 124.191
3 0 11.511 -53.289 124.191 8.780 -50.691 125.882 9.009 -50.233 125.431
3 0 9.399 -49.727 125.188 12.027 -52.226 123.559 11.684 -52.776 123.774
3 0 11.684 -52.776 123.774 9.009 -50.233 125.431 9.399 -49.727 125.188
3 0 9.889 -49.253 125.189 12.487 -51.722 123.579 12.027 -52.226 123.559
3 0 12.027 -52.226 123.559 9.399 -49.727 125.188 9.889 -49.253 125.189
3 0 10.406 -48.881 125.434 12.995 -51.342 123.830 12.487 -51.722 123.579
3 0 12.487 -51.722 123.579 9.889 -49.253 125.189 10.406 -48.881 125.434
3 0 11.119 -49.623 128.156 13.917 -52.284 126.424 14.089 -51.772 126.007
3 0 14.089 -51.772 126.007 11.347 -49.164 127.706 11.119 -49.623 128.156
3 0 10.730 -50.128 128.400 13.574 -52.834 126.639 13.917 -52.284 126.424
3 0 13.917 -52.284 126.424 11.119 -49.623 128.156 10.730 -50.128 128.400
3 0 10.239 -50.603 128.399 13.114 -53.338 126.619 13.574 -52.834 126.639
3 0 13.574 -52.834 126.639 10.730 -50.128 128.400 10.239 -50.603 128.399
3 0 9.722 -50.975 128.154 12.606 -53.719 126.368 13.114 -53.338 126.619
3 0 13.114 -53.338 126.619 10.239 -50.603 128.399 9.722 -50.975 128.154
3 0 12.433 -54.231 126.785 12.606 -53.719 126.368 9.722 -50.975 128.154
3 0 9.722 -50.975 128.154 9.493 -51.433 128.605 12.433 -54.231 126.785
3 0 12.091 -54.782 127.000 12.433 -54.231 126.785 9.493 -51.433 128.605
3 0 9.493 -51.433 128.605 9.103 -51.939 128.848 12.091 -54.782 127.000
3 0 11.630 -55.285 126.981 12.091 -54.782 127.000 9.103 -51.939 128.848
3 0 9.103 -51.939 128.848 8.612 -52.413 128.847 11.630 -55.285 126.981
3 0 11.122 -55.666 126.730 11.630 -55.285 126.981 8.612 -52.413 128.847
3 0 8.612 -52.413 128.847 8.095 -52.785 128.602 11.122 -55.666 126.730
3 0 10.644 -55.866 126.285 11.122 -55.666 126.730 8.095 -52.785 128.602
3 0 8.095 -52.785 128.602 7.630 -52.998 128.149 10.644 -55.866 126.285
3 0 10.268 -55.855 125.716 10.644 -55.866 126.285 7.630 -52.998 128.149
3 0 7.630 -52.998 128.149 7.288 -53.019 127.559 10.268 -55.855 125.716
3 0 10.051 -55.634 125.107 10.268 -55.855 125.716 7.288 -53.019 127.559
3 0 7.288 -53.019 127.559 7.121 -52.845 126.920 10.051 -55.634 125.107
3 0 10.028 -55.237 124.552 10.051 -55.634 125.107 7.121 -52.845 126.920
3 0 7.121 -52.845 126.920 7.154 -52.502 126.330 10.028 -55.237 124.552
3 0 10.200 -54.724 124.135 10.028 -55.237 124.552 7.154 -52.502 126.330
3 0 7.154 -52.502 126.330 7.383 -52.044 125.879 10.200 -54.724 124.135
3 0 10.543 -54.174 123.920 10.200 -54.724 124.135 7.383 -52.044 125.879
3 0 7.383 -52.044 125.879 7.772 -51.538 125.636 10.543 -54.174 123.920
3 0 11.003 -53.670 123.940 10.543 -54.174 123.920 7.772 -51.538 125.636
3 0 7.772 -51.538 125.636 8.263 -51.064 125.637 11.003 -53.670 123.940
3 0 11.511 -53.289 124.191 11.003 -53.670 123.940 8.263 -51.064 125.637
3 0 8.263 -51.064 125.637 8.780 -50.691 125.882 11.511 -53.289 124.191
3 0 17.138 -50.936 121.215 17.010 -51.484 121.601 14.478 -49.394 123.468
3 0 14.478 -49.394 123.468 14.651 -48.881 123.052 17.138 -50.936 121.215
3 0 17.443 -50.355 121.026 17.138 -50.936 121.215 14.651 -48.881 123.052
3 0 14.651 -48.881 123.052 14.993 -48.331 122.837 17.443 -50.355 121.026
3 0 17.879 -49.831 121.062 17.443 -50.355 121.026 14.993 -48.331 122.837
3 0 14.993 -48.331 122.837 15.454 -47.827 122.856 17.879 -49.831 121.062
3 0 18.379 -49.443 121.318 17.879 -49.831 121.062 15.454 -47.827 122.856
3 0 15.454 -47.827 122.856 15.962 -47.446 123.107 18.379 -49.443 121.318
3 0 18.868 -49.250 121.754 18.379 -49.443 121.318 15.962 -47.446 123.107
3 0 15.962 -47.446 123.107 16.440 -47.246 123.551 18.868 -49.250 121.754
3 0 19.271 -49.283 122.305 18.868 -49.250 121.754 16.440 -47.246 123.551
3 0 16.440 -47.246 123.551 16.816 -47.258 124.121 19.271 -49.283 122.305
3 0 19.526 -49.535 122.886 19.271 -49.283 122.305 16.816 -47.258 124.121
3 0 16.816 -47.258 124.121 17.033 -47.479 124.730 19.526 -49.535 122.886
3 0 19.595 -49.968 123.409 19.526 -49.535 122.886 17.033 -47.479 124.730
3 0 17.033 -47.479 124.730 17.056 -47.876 125.285 19.595 -49.968 123.409
3 0 19.467 -50.517 123.794 19.595 -49.968 123.409 17.056 -47.876 125.285
3 0 17.056 -47.876 125.285 16.884 -48.389 125.702 19.467 -50.517 123.794
3 0 19.161 -51.098 123.983 19.467 -50.517 123.794 16.884 -48.389 125.702
3 0 16.884 -48.389 125.702 16.541 -48.939 125.916 19.161 -51.098 123.983
3 0 18.725 -51.622 123.948 19.161 -51.098 123.983 16.541 -48.939 125.916
3 0 16.541 -48.939 125.916 16.081 -49.443 125.897 18.725 -51.622 123.948
3 0 18.225 -52.010 123.692 18.725 -51.622 123.948 16.081 -49.443 125.897
3 0 16.081 -49.443 125.897 15.573 -49.824 125.646 18.225 -52.010 123.692
3 0 13.167 -50.829 123.413 15.768 -52.978 121.498 15.640 -53.526 121.884
3 0 15.640 -53.526 121.884 12.995 -51.342 123.830 13.167 -50.829 123.413
3 0 13.510 -50.279 123.198 16.073 -52.397 121.309 15.768 -52.978 121.498
3 0 15.768 -52.978 121.498 13.167 -50.829 123.413 13.510 -50.279 123.198
3 0 13.970 -49.775 123.218 16.509 -51.873 121.345 16.073 -52.397 121.309
3 0 16.073 -52.397 121.309 13.510 -50.279 123.198 13.970 -49.775 123.218
3 0 14.478 -49.394 123.468 17.010 -51.484 121.601 16.509 -51.873 121.345
3 0 16.509 -51.873 121.345 13.970 -49.775 123.218 14.478 -49.394 123.468
3 0 15.400 -50.337 126.063 18.097 -52.559 124.077 18.225 -52.010 123.692
3 0 18.225 -52.010 123.692 15.573 -49.824 125.646 15.400 -50.337 126.063
3 0 15.057 -50.887 126.278 17.792 -53.140 124.266 18.097 -52.559 124.077
3 0 18.097 -52.559 124.077 15.400 -50.337 126.063 15.057 -50.887 126.278
3 0 14.597 -51.391 126.258 17.356 -53.664 124.230 17.792 -53.140 124.266
3 0 17.792 -53.140 124.266 15.057 -50.887 126.278 14.597 -51.391 126.258
3 0 14.089 -51.772 126.007 16.855 -54.052 123.975 17.356 -53.664 124.230
3 0 17.356 -53.664 124.230 14.597 -51.391 126.258 14.089 -51.772 126.007
3 0 11.684 -52.776 123.774 14.399 -55.019 121.781 14.271 -55.568 122.167
3 0 14.271 -55.568 122.167 11.511 -53.289 124.191 11.684 -52.776 123.774
3 0 12.027 -52.226 123.559 14.704 -54.438 121.592 14.399 -55.019 121.781
3 0 14.399 -55.019 121.781 11.684 -52.776 123.774 12.027 -52.226 123.559
3 0 12.487 -51.722 123.579 15.140 -53.914 121.628 14.704 -54.438 121.592
3 0 14.704 -54.438 121.592 12.027 -52.226 123.559 12.487 -51.722 123.579
3 0 12.995 -51.342 123.830 15.640 -53.526 121.884 15.140 -53.914 121.628
3 0 15.140 -53.914 121.628 12.487 -51.722 123.579 12.995 -51.342 123.830
3 0 13.917 -52.284 126.424 16.728 -54.600 124.360 16.855 -54.052 123.975
3 0 16.855 -54.052 123.975 14.089 -51.772 126.007 13.917 -52.284 126.424
3 0 13.574 -52.834 126.639 16.423 -55.181 124.549 16.728 -54.600 124.360
3 0 16.728 -54.600 124.360 13.917 -52.284 126.424 13.574 -52.834 126.639
3 0 13.114 -53.338 126.619 15.987 -55.705 124.513 16.423 -55.181 124.549
3 0 16.423 -55.181 124.549 13.574 -52.834 126.639 13.114 -53.338 126.619
3 0 12.606 -53.719 126.368 15.486 -56.093 124.258 15.987 -55.705 124.513
3 0 15.987 -55.705 124.513 13.114 -53.338 126.619 12.606 -53.719 126.368
3 0 15.358 -56.642 124.643 15.486 -56.093 124.258 12.606 -53.719 126.368
3 0 12.606 -53.719 126.368 12.433 -54.231 126.785 15.358 -56.642 124.643
3 0 15.053 -57.223 124.832 15.358 -56.642 124.643 12.433 -54.231 126.785
3 0 12.433 -54.231 126.785 12.091 -54.782 127.000 15.053 -57.223 124.832
3 0 14.617 -57.747 124.796 15.053 -57.223 124.832 12.091 -54.782 127.000
3 0 12.091 -54.782 127.000 11.630 -55.285 126.981 14.617 -57.747 124.796
3 0 14.116 -58.135 124.541 14.617 -57.747 124.796 11.630 -55.285 126.981
3 0 11.630 -55.285 126.981 11.122 -55.666 126.730 14.116 -58.135 124.541
3 0 13.628 -58.327 124.104 14.116 -58.135 124.541 11.122 -55.666 126.730
3 0 11.122 -55.666 126.730 10.644 -55.866 126.285 13.628 -58.327 124.104
3 0 13.225 -58.295 123.554 13.628 -58.327 124.104 10.644 -55.866 126.285
3 0 10.644 -55.866 126.285 10.268 -55.855 125.716 13.225 -58.295 123.554
3 0 12.970 -58.043 122.973 13.225 -58.295 123.554 10.268 -55.855 125.716
3 0 10.268 -55.855 125.716 10.051 -55.634 125.107 12.970 -58.043 122.973
3 0 12.901 -57.609 122.450 12.970 -58.043 122.973 10.051 -55.634 125.107
3 0 10.051 -55.634 125.107 10.028 -55.237 124.552 12.901 -57.609 122.450
3 0 13.029 -57.061 122.064 12.901 -57.609 122.450 10.028 -55.237 124.552
3 0 10.028 -55.237 124.552 10.200 -54.724 124.135 13.029 -57.061 122.064
3 0 13.334 -56.480 121.875 13.029 -57.061 122.064 10.200 -54.724 124.135
3 0 10.200 -54.724 124.135 10.543 -54.174 123.920 13.334 -56.480 121.875
3 0 13.770 -55.956 121.911 13.334 -56.480 121.875 10.543 -54.174 123.920
3 0 10.543 -54.174 123.920 11.003 -53.670 123.940 13.770 -55.956 121.911
3 0 14.271 -55.568 122.167 13.770 -55.956 121.911 11.003 -53.670 123.940
3 0 11.003 -53.670 123.940 11.511 -53.289 124.191 14.271 -55.568 122.167
3 0 19.682 -52.805 119.119 19.589 -53.378 119.479 17.010 -51.484 121.601
3 0 17.010 -51.484 121.601 17.138 -50.936 121.215 19.682 -52.805 119.119
3 0 19.957 -52.203 118.951 19.682 -52.805 119.119 17.138 -50.936 121.215
3 0 17.138 -50.936 121.215 17.443 -50.355 121.026 19.957 -52.203 118.951
3 0 20.374 -51.665 119.000 19.957 -52.203 118.951 17.443 -50.355 121.026
3 0 17.443 -50.355 121.026 17.879 -49.831 121.062 20.374 -51.665 119.000
3 0 20.868 -51.271 119.259 20.374 -51.665 119.000 17.879 -49.831 121.062
3 0 17.879 -49.831 121.062 18.379 -49.443 121.318 20.868 -51.271 119.259
3 0 21.364 -51.082 119.689 20.868 -51.271 119.259 18.379 -49.443 121.318
3 0 18.379 -49.443 121.318 18.868 -49.250 121.754 21.364 -51.082 119.689
3 0 21.787 -51.126 120.223 21.364 -51.082 119.689 18.868 -49.250 121.754
3 0 18.868 -49.250 121.754 19.271 -49.283 122.305 21.787 -51.126 120.223
3 0 22.072 -51.398 120.781 21.787 -51.126 120.223 19.271 -49.283 122.305
3 0 19.271 -49.283 122.305 19.526 -49.535 122.886 22.072 -51.398 120.781
3 0 22.176 -51.855 121.277 22.072 -51.398 120.781 19.526 -49.535 122.886
3 0 19.526 -49.535 122.886 19.595 -49.968 123.409 22.176 -51.855 121.277
3 0 22.083 -52.428 121.637 22.176 -51.855 121.277 19.595 -49.968 123.409
3 0 19.595 -49.968 123.409 19.467 -50.517 123.794 22.083 -52.428 121.637
3 0 21.808 -53.029 121.805 22.083 -52.428 121.637 19.467 -50.517 123.794
3 0 19.467 -50.517 123.794 19.161 -51.098 123.983 21.808 -53.029 121.805
3 0 21.391 -53.568 121.756 21.808 -53.029 121.805 19.161 -51.098 123.983
3 0 19.161 -51.098 123.983 18.725 -51.622 123.948 21.391 -53.568 121.756
3 0 20.897 -53.962 121.497 21.391 -53.568 121.756 18.725 -51.622 123.948
3 0 18.725 -51.622 123.948 18.225 -52.010 123.692 20.897 -53.962 121.497
3 0 15.768 -52.978 121.498 18.402 -54.912 119.339 18.309 -55.485 119.698
3 0 18.309 -55.485 119.698 15.640 -53.526 121.884 15.768 -52.978 121.498
3 0 16.073 -52.397 121.309 18.678 -54.311 119.171 18.402 -54.912 119.339
3 0 18.402 -54.912 119.339 15.768 -52.978 121.498 16.073 -52.397 121.309
3 0 16.509 -51.873 121.345 19.095 -53.772 119.220 18.678 -54.311 119.171
3 0 18.678 -54.311 119.171 16.073 -52.397 121.309 16.509 -51.873 121.345
3 0 17.010 -51.484 121.601 19.589 -53.378 119.479 19.095 -53.772 119.220
3 0 19.095 -53.772 119.220 16.509 -51.873 121.345 17.010 -51.484 121.601
3 0 18.097 -52.559 124.077 20.804 -54.535 121.856 20.897 -53.962 121.497
3 0 20.897 -53.962 121.497 18.225 -52.010 123.692 18.097 -52.559 124.077
3 0 17.792 -53.140 124.266 20.528 -55.137 122.024 20.804 -54.535 121.856
3 0 20.804 -54.535 121.856 18.097 -52.559 124.077 17.792 -53.140 124.266
3 0 17.356 -53.664 124.230 20.112 -55.675 121.975 20.528 -55.137 122.024
3 0 20.528 -55.137 122.024 17.792 -53.140 124.266 17.356 -53.664 124.230
3 0 16.855 -54.052 123.975 19.618 -56.069 121.716 20.112 -55.675 121.975
3 0 20.112 -55.675 121.975 17.356 -53.664 124.230 16.855 -54.052 123.975
3 0 14.399 -55.019 121.781 17.123 -57.019 119.558 17.030 -57.591 119.918
3 0 17.030 -57.591 119.918 14.271 -55.568 122.167 14.399 -55.019 121.781
3 0 14.704 -54.438 121.592 17.399 -56.417 119.390 17.123 -57.019 119.558
3 0 17.123 -57.019 119.558 14.399 -55.019 121.781 14.704 -54.438 121.592
3 0 15.140 -53.914 121.628 17.816 -55.878 119.439 17.399 -56.417 119.390
3 0 17.399 -56.417 119.390 14.704 -54.438 121.592 15.140 -53.914 121.628
3 0 15.640 -53.526 121.884 18.309 -55.485 119.698 17.816 -55.878 119.439
3 0 17.816 -55.878 119.439 15.140 -53.914 121.628 15.640 -53.526 121.884
3 0 16.728 -54.600 124.360 19.525 -56.642 122.076 19.618 -56.069 121.716
3 0 19.618 -56.069 121.716 16.855 -54.052 123.975 16.728 -54.600 124.360
3 0 16.423 -55.181 124.549 19.249 -57.243 122.244 19.525 -56.642 122.076
3 0 19.525 -56.642 122.076 16.728 -54.600 124.360 16.423 -55.181 124.549
3 0 15.987 -55.705 124.513 18.833 -57.782 122.194 19.249 -57.243 122.244
3 0 19.249 -57.243 122.244 16.423 -55.181 124.549 15.987 -55.705 124.513
3 0 15.486 -56.093 124.258 18.339 -58.176 121.935 18.833 -57.782 122.194
3 0 18.833 -57.782 122.194 15.987 -55.705 124.513 15.486 -56.093 124.258
3 0 18.246 -58.749 122.295 18.339 -58.176 121.935 15.486 -56.093 124.258
3 0 15.486 -56.093 124.258 15.358 -56.642 124.643 18.246 -58.749 122.295
3 0 17.970 -59.350 122.463 18.246 -58.749 122.295 15.358 -56.642 124.643
3 0 15.358 -56.642 124.643 15.053 -57.223 124.832 17.970 -59.350 122.463
3 0 17.553 -59.889 122.414 17.970 -59.350 122.463 15.053 -57.223 124.832
3 0 15.053 -57.223 124.832 14.617 -57.747 124.796 17.553 -59.889 122.414
3 0 17.059 -60.283 122.155 17.553 -59.889 122.414 14.617 -57.747 124.796
3 0 14.617 -57.747 124.796 14.116 -58.135 124.541 17.059 -60.283 122.155
3 0 16.563 -60.472 121.726 17.059 -60.283 122.155 14.116 -58.135 124.541
3 0 14.116 -58.135 124.541 13.628 -58.327 124.104 16.563 -60.472 121.726
3 0 16.140 -60.427 121.192 16.563 -60.472 121.726 13.628 -58.327 124.104
3 0 13.628 -58.327 124.104 13.225 -58.295 123.554 16.140 -60.427 121.192
3 0 15.855 -60.156 120.634 16.140 -60.427 121.192 13.225 -58.295 123.554
3 0 13.225 -58.295 123.554 12.970 -58.043 122.973 15.855 -60.156 120.634
3 0 15.751 -59.699 120.137 15.855 -60.156 120.634 12.970 -58.043 122.973
3 0 12.970 -58.043 122.973 12.901 -57.609 122.450 15.751 -59.699 120.137
3 0 15.844 -59.126 119.778 15.751 -59.699 120.137 12.901 -57.609 122.450
3 0 12.901 -57.609 122.450 13.029 -57.061 122.064 15.844 -59.126 119.778
3 0 16.120 -58.524 119.610 15.844 -59.126 119.778 13.029 -57.061 122.064
3 0 13.029 -57.061 122.064 13.334 -56.480 121.875 16.120 -58.524 119.610
3 0 16.536 -57.985 119.659 16.120 -58.524 119.610 13.334 -56.480 121.875
3 0 13.334 -56.480 121.875 13.770 -55.956 121.911 16.536 -57.985 119.659
3 0 17.030 -57.591 119.918 16.536 -57.985 119.659 13.770 -55.956 121.911
3 0 13.770 -55.956 121.911 14.271 -55.568 122.167 17.030 -57.591 119.918
3 0 22.246 -54.506 116.838 22.183 -55.096 117.175 19.589 -53.378 119.479
3 0 19.589 -53.378 119.479 19.682 -52.805 119.119 22.246 -54.506 116.838
3 0 22.496 -53.888 116.688 22.246 -54.506 116.838 19.682 -52.805 119.119
3 0 19.682 -52.805 119.119 19.957 -52.203 118.951 22.496 -53.888 116.688
3 0 22.895 -53.338 116.749 22.496 -53.888 116.688 19.957 -52.203 118.951
3 0 19.957 -52.203 118.951 20.374 -51.665 119.000 22.895 -53.338 116.749
3 0 23.384 -52.938 117.010 22.895 -53.338 116.749 20.374 -51.665 119.000
3 0 20.374 -51.665 119.000 20.868 -51.271 119.259 23.384 -52.938 117.010
3 0 23.886 -52.750 117.433 23.384 -52.938 117.010 20.868 -51.271 119.259
3 0 20.868 -51.271 119.259 21.364 -51.082 119.689 23.886 -52.750 117.433
3 0 24.326 -52.803 117.953 23.886 -52.750 117.433 21.364 -51.082 119.689
3 0 21.364 -51.082 119.689 21.787 -51.126 120.223 24.326 -52.803 117.953
3 0 24.636 -53.087 118.490 24.326 -52.803 117.953 21.787 -51.126 120.223
3 0 21.787 -51.126 120.223 22.072 -51.398 120.781 24.636 -53.087 118.490
3 0 24.771 -53.561 118.963 24.636 -53.087 118.490 22.072 -51.398 120.781
3 0 22.072 -51.398 120.781 22.176 -51.855 121.277 24.771 -53.561 118.963
3 0 24.708 -54.151 119.300 24.771 -53.561 118.963 22.176 -51.855 121.277
3 0 22.176 -51.855 121.277 22.083 -52.428 121.637 24.708 -54.151 119.300
3 0 24.458 -54.769 119.450 24.708 -54.151 119.300 22.083 -52.428 121.637
3 0 22.083 -52.428 121.637 21.808 -53.029 121.805 24.458 -54.769 119.450
3 0 24.058 -55.319 119.389 24.458 -54.769 119.450 21.808 -53.029 121.805
3 0 21.808 -53.029 121.805 21.391 -53.568 121.756 24.058 -55.319 119.389
3 0 23.570 -55.719 119.128 24.058 -55.319 119.389 21.391 -53.568 121.756
3 0 21.391 -53.568 121.756 20.897 -53.962 121.497 23.570 -55.719 119.128
3 0 18.402 -54.912 119.339 21.045 -56.664 117.002 20.983 -57.254 117.339
3 0 20.983 -57.254 117.339 18.309 -55.485 119.698 18.402 -54.912 119.339
3 0 18.678 -54.311 119.171 21.296 -56.046 116.853 21.045 -56.664 117.002
3 0 21.045 -56.664 117.002 18.402 -54.912 119.339 18.678 -54.311 119.171
3 0 19.095 -53.772 119.220 21.695 -55.496 116.913 21.296 -56.046 116.853
3 0 21.296 -56.046 116.853 18.678 -54.311 119.171 19.095 -53.772 119.220
3 0 19.589 -53.378 119.479 22.183 -55.096 117.175 21.695 -55.496 116.913
3 0 21.695 -55.496 116.913 19.095 -53.772 119.220 19.589 -53.378 119.479
3 0 20.804 -54.535 121.856 23.507 -56.310 119.465 23.570 -55.719 119.128
3 0 23.570 -55.719 119.128 20.897 -53.962 121.497 20.804 -54.535 121.856
3 0 20.528 -55.137 122.024 23.257 -56.927 119.614 23.507 -56.310 119.465
3 0 23.507 -56.310 119.465 20.804 -54.535 121.856 20.528 -55.137 122.024
3 0 20.112 -55.675 121.975 22.858 -57.477 119.554 23.257 -56.927 119.614
3 0 23.257 -56.927 119.614 20.528 -55.137 122.024 20.112 -55.675 121.975
3 0 19.618 -56.069 121.716 22.370 -57.877 119.292 22.858 -57.477 119.554
3 0 22.858 -57.477 119.554 20.112 -55.675 121.975 19.618 -56.069 121.716
3 0 17.123 -57.019 119.558 19.845 -58.821 117.167 19.783 -59.411 117.504
3 0 19.783 -59.411 117.504 17.030 -57.591 119.918 17.123 -57.019 119.558
3 0 17.399 -56.417 119.390 20.095 -58.203 117.017 19.845 -58.821 117.167
3 0 19.845 -58.821 117.167 17.123 -57.019 119.558 17.399 -56.417 119.390
3 0 17.816 -55.878 119.439 20.495 -57.653 117.078 20.095 -58.203 117.017
3 0 20.095 -58.203 117.017 17.399 -56.417 119.390 17.816 -55.878 119.439
3 0 18.309 -55.485 119.698 20.983 -57.254 117.339 20.495 -57.653 117.078
3 0 20.495 -57.653 117.078 17.816 -55.878 119.439 18.309 -55.485 119.698
3 0 19.525 -56.642 122.076 22.307 -58.467 119.629 22.370 -57.877 119.292
3 0 22.370 -57.877 119.292 19.618 -56.069 121.716 19.525 -56.642 122.076
3 0 19.249 -57.243 122.244 22.057 -59.084 119.779 22.307 -58.467 119.629
3 0 22.307 -58.467 119.629 19.525 -56.642 122.076 19.249 -57.243 122.244
3 0 18.833 -57.782 122.194 21.658 -59.635 119.718 22.057 -59.084 119.779
3 0 22.057 -59.084 119.779 19.249 -57.243 122.244 18.833 -57.782 122.194
3 0 18.339 -58.176 121.935 21.170 -60.034 119.456 21.658 -59.635 119.718
3 0 21.658 -59.635 119.718 18.833 -57.782 122.194 18.339 -58.176 121.935
3 0 21.107 -60.625 119.794 21.170 -60.034 119.456 18.339 -58.176 121.935
3 0 18.339 -58.176 121.935 18.246 -58.749 122.295 21.107 -60.625 119.794
3 0 20.856 -61.242 119.943 21.107 -60.625 119.794 18.246 -58.749 122.295
3 0 18.246 -58.749 122.295 17.970 -59.350 122.463 20.856 -61.242 119.943
3 0 20.457 -61.793 119.883 20.856 -61.242 119.943 17.970 -59.350 122.463
3 0 17.970 -59.350 122.463 17.553 -59.889 122.414 20.457 -61.793 119.883
3 0 19.969 -62.192 119.621 20.457 -61.793 119.883 17.553 -59.889 122.414
3 0 17.553 -59.889 122.414 17.059 -60.283 122.155 19.969 -62.192 119.621
3 0 19.467 -62.380 119.198 19.969 -62.192 119.621 17.059 -60.283 122.155
3 0 17.059 -60.283 122.155 16.563 -60.472 121.726 19.467 -62.380 119.198
3 0 19.027 -62.328 118.679 19.467 -62.380 119.198 16.563 -60.472 121.726
3 0 16.563 -60.472 121.726 16.140 -60.427 121.192 19.027 -62.328 118.679
3 0 18.716 -62.043 118.141 19.027 -62.328 118.679 16.140 -60.427 121.192
3 0 16.140 -60.427 121.192 15.855 -60.156 120.634 18.716 -62.043 118.141
3 0 18.582 -61.569 117.668 18.716 -62.043 118.141 15.855 -60.156 120.634
3 0 15.855 -60.156 120.634 15.751 -59.699 120.137 18.582 -61.569 117.668
3 0 18.645 -60.979 117.331 18.582 -61.569 117.668 15.751 -59.699 120.137
3 0 15.751 -59.699 120.137 15.844 -59.126 119.778 18.645 -60.979 117.331
3 0 18.895 -60.362 117.182 18.645 -60.979 117.331 15.844 -59.126 119.778
3 0 15.844 -59.126 119.778 16.120 -58.524 119.610 18.895 -60.362 117.182
3 0 19.294 -59.811 117.242 18.895 -60.362 117.182 16.120 -58.524 119.610
3 0 16.120 -58.524 119.610 16.536 -57.985 119.659 19.294 -59.811 117.242
3 0 19.783 -59.411 117.504 19.294 -59.811 117.242 16.536 -57.985 119.659
3 0 16.536 -57.985 119.659 17.030 -57.591 119.918 19.783 -59.411 117.504
3 0 24.820 -56.042 114.394 24.783 -56.645 114.712 22.183 -55.096 117.175
3 0 22.183 -55.096 117.175 22.246 -54.506 116.838 24.820 -56.042 114.394
3 0 25.049 -55.412 114.259 24.820 -56.042 114.394 22.246 -54.506 116.838
3 0 22.246 -54.506 116.838 22.496 -53.888 116.688 25.049 -55.412 114.259
3 0 25.433 -54.853 114.329 25.049 -55.412 114.259 22.496 -53.888 116.688
3 0 22.496 -53.888 116.688 22.895 -53.338 116.749 25.433 -54.853 114.329
3 0 25.915 -54.447 114.592 25.433 -54.853 114.329 22.895 -53.338 116.749
3 0 22.895 -53.338 116.749 23.384 -52.938 117.010 25.915 -54.447 114.592
3 0 26.422 -54.258 115.009 25.915 -54.447 114.592 23.384 -52.938 117.010
3 0 23.384 -52.938 117.010 23.886 -52.750 117.433 26.422 -54.258 115.009
3 0 26.876 -54.314 115.516 26.422 -54.258 115.009 23.886 -52.750 117.433
3 0 23.886 -52.750 117.433 24.326 -52.803 117.953 26.876 -54.314 115.516
3 0 27.208 -54.607 116.036 26.876 -54.314 115.516 24.326 -52.803 117.953
3 0 24.326 -52.803 117.953 24.636 -53.087 118.490 27.208 -54.607 116.036
3 0 27.367 -55.092 116.490 27.208 -54.607 116.036 24.636 -53.087 118.490
3 0 24.636 -53.087 118.490 24.771 -53.561 118.963 27.367 -55.092 116.490
3 0 27.330 -55.694 116.808 27.367 -55.092 116.490 24.771 -53.561 118.963
3 0 24.771 -53.561 118.963 24.708 -54.151 119.300 27.330 -55.694 116.808
3 0 27.102 -56.324 116.943 27.330 -55.694 116.808 24.708 -54.151 119.300
3 0 24.708 -54.151 119.300 24.458 -54.769 119.450 27.102 -56.324 116.943
3 0 26.718 -56.884 116.873 27.102 -56.324 116.943 24.458 -54.769 119.450
3 0 24.458 -54.769 119.450 24.058 -55.319 119.389 26.718 -56.884 116.873
3 0 26.235 -57.289 116.610 26.718 -56.884 116.873 24.058 -55.319 119.389
3 0 24.058 -55.319 119.389 23.570 -55.719 119.128 26.235 -57.289 116.610
3 0 21.045 -56.664 117.002 23.688 -58.239 114.514 23.651 -58.842 114.832
3 0 23.651 -58.842 114.832 20.983 -57.254 117.339 21.045 -56.664 117.002
3 0 21.296 -56.046 116.853 23.916 -57.610 114.379 23.688 -58.239 114.514
3 0 23.688 -58.239 114.514 21.045 -56.664 117.002 21.296 -56.046 116.853
3 0 21.695 -55.496 116.913 24.301 -57.050 114.449 23.916 -57.610 114.379
3 0 23.916 -57.610 114.379 21.296 -56.046 116.853 21.695 -55.496 116.913
3 0 22.183 -55.096 117.175 24.783 -56.645 114.712 24.301 -57.050 114.449
3 0 24.301 -57.050 114.449 21.695 -55.496 116.913 22.183 -55.096 117.175
3 0 23.507 -56.310 119.465 26.198 -57.892 116.928 26.235 -57.289 116.610
3 0 26.235 -57.289 116.610 23.570 -55.719 119.128 23.507 -56.310 119.465
3 0 23.257 -56.927 119.614 25.970 -58.521 117.063 26.198 -57.892 116.928
3 0 26.198 -57.892 116.928 23.507 -56.310 119.465 23.257 -56.927 119.614
3 0 22.858 -57.477 119.554 25.586 -59.081 116.993 25.970 -58.521 117.063
3 0 25.970 -58.521 117.063 23.257 -56.927 119.614 22.858 -57.477 119.554
3 0 22.370 -57.877 119.292 25.103 -59.487 116.730 25.586 -59.081 116.993
3 0 25.586 -59.081 116.993 22.858 -57.477 119.554 22.370 -57.877 119.292
3 0 19.845 -58.821 117.167 22.557 -60.436 114.634 22.520 -61.039 114.952
3 0 22.520 -61.039 114.952 19.783 -59.411 117.504 19.845 -58.821 117.167
3 0 20.095 -58.203 117.017 22.785 -59.807 114.499 22.557 -60.436 114.634
3 0 22.557 -60.436 114.634 19.845 -58.821 117.167 20.095 -58.203 117.017
3 0 20.495 -57.653 117.078 23.169 -59.247 114.569 22.785 -59.807 114.499
3 0 22.785 -59.807 114.499 20.095 -58.203 117.017 20.495 -57.653 117.078
3 0 20.983 -57.254 117.339 23.651 -58.842 114.832 23.169 -59.247 114.569
3 0 23.169 -59.247 114.569 20.495 -57.653 117.078 20.983 -57.254 117.339
3 0 22.307 -58.467 119.629 25.067 -60.089 117.048 25.103 -59.487 116.730
3 0 25.103 -59.487 116.730 22.370 -57.877 119.292 22.307 -58.467 119.629
3 0 22.057 -59.084 119.779 24.838 -60.718 117.183 25.067 -60.089 117.048
3 0 25.067 -60.089 117.048 22.307 -58.467 119.629 22.057 -59.084 119.779
3 0 21.658 -59.635 119.718 24.454 -61.278 117.113 24.838 -60.718 117.183
3 0 24.838 -60.718 117.183 22.057 -59.084 119.779 21.658 -59.635 119.718
3 0 21.170 -60.034 119.456 23.972 -61.683 116.850 24.454 -61.278 117.113
3 0 24.454 -61.278 117.113 21.658 -59.635 119.718 21.170 -60.034 119.456
3 0 23.935 -62.286 117.168 23.972 -61.683 116.850 21.170 -60.034 119.456
3 0 21.170 -60.034 119.456 21.107 -60.625 119.794 23.935 -62.286 117.168
3 0 23.706 -62.916 117.303 23.935 -62.286 117.168 21.107 -60.625 119.794
3 0 21.107 -60.625 119.794 20.856 -61.242 119.943 23.706 -62.916 117.303
3 0 23.322 -63.476 117.233 23.706 -62.916 117.303 20.856 -61.242 119.943
3 0 20.856 -61.242 119.943 20.457 -61.793 119.883 23.322 -63.476 117.233
3 0 22.840 -63.881 116.970 23.322 -63.476 117.233 20.457 -61.793 119.883
3 0 20.457 -61.793 119.883 19.969 -62.192 119.621 22.840 -63.881 116.970
3 0 22.333 -64.070 116.553 22.840 -63.881 116.970 19.969 -62.192 119.621
3 0 19.969 -62.192 119.621 19.467 -62.380 119.198 22.333 -64.070 116.553
3 0 21.879 -64.014 116.046 22.333 -64.070 116.553 19.467 -62.380 119.198
3 0 19.467 -62.380 119.198 19.027 -62.328 118.679 21.879 -64.014 116.046
3 0 21.547 -63.721 115.526 21.879 -64.014 116.046 19.027 -62.328 118.679
3 0 19.027 -62.328 118.679 18.716 -62.043 118.141 21.547 -63.721 115.526
3 0 21.387 -63.237 115.072 21.547 -63.721 115.526 18.716 -62.043 118.141
3 0 18.716 -62.043 118.141 18.582 -61.569 117.668 21.387 -63.237 115.072
3 0 21.425 -62.634 114.754 21.387 -63.237 115.072 18.582 -61.569 117.668
3 0 18.582 -61.569 117.668 18.645 -60.979 117.331 21.425 -62.634 114.754
3 0 21.653 -62.004 114.619 21.425 -62.634 114.754 18.645 -60.979 117.331
3 0 18.645 -60.979 117.331 18.895 -60.362 117.182 21.653 -62.004 114.619
3 0 22.037 -61.445 114.689 21.653 -62.004 114.619 18.895 -60.362 117.182
3 0 18.895 -60.362 117.182 19.294 -59.811 117.242 22.037 -61.445 114.689
3 0 22.520 -61.039 114.952 22.037 -61.445 114.689 19.294 -59.811 117.242
3 0 19.294 -59.811 117.242 19.783 -59.411 117.504 22.520 -61.039 114.952
3 0 27.402 -57.459 111.834 27.387 -58.070 112.138 24.783 -56.645 114.712
3 0 24.783 -56.645 114.712 24.820 -56.042 114.394 27.402 -57.459 111.834
3 0 27.611 -56.821 111.710 27.402 -57.459 111.834 24.820 -56.042 114.394
3 0 24.820 -56.042 114.394 25.049 -55.412 114.259 27.611 -56.821 111.710
3 0 27.983 -56.253 111.786 27.611 -56.821 111.710 25.049 -55.412 114.259
3 0 25.049 -55.412 114.259 25.433 -54.853 114.329 27.983 -56.253 111.786
3 0 28.460 -55.842 112.051 27.983 -56.253 111.786 25.433 -54.853 114.329
3 0 25.433 -54.853 114.329 25.915 -54.447 114.592 28.460 -55.842 112.051
3 0 28.969 -55.650 112.462 28.460 -55.842 112.051 25.915 -54.447 114.592
3 0 25.915 -54.447 114.592 26.422 -54.258 115.009 28.969 -55.650 112.462
3 0 29.434 -55.706 112.959 28.969 -55.650 112.462 26.422 -54.258 115.009
3 0 26.422 -54.258 115.009 26.876 -54.314 115.516 29.434 -55.706 112.959
3 0 29.784 -56.002 113.465 29.434 -55.706 112.959 26.876 -54.314 115.516
3 0 26.876 -54.314 115.516 27.208 -54.607 116.036 29.784 -56.002 113.465
3 0 29.965 -56.494 113.904 29.784 -56.002 113.465 27.208 -54.607 116.036
3 0 27.208 -54.607 116.036 27.367 -55.092 116.490 29.965 -56.494 113.904
3 0 29.949 -57.105 114.208 29.965 -56.494 113.904 27.367 -55.092 116.490
3 0 27.367 -55.092 116.490 27.330 -55.694 116.808 29.949 -57.105 114.208
3 0 29.740 -57.743 114.331 29.949 -57.105 114.208 27.330 -55.694 116.808
3 0 27.330 -55.694 116.808 27.102 -56.324 116.943 29.740 -57.743 114.331
3 0 29.369 -58.311 114.255 29.740 -57.743 114.331 27.102 -56.324 116.943
3 0 27.102 -56.324 116.943 26.718 -56.884 116.873 29.369 -58.311 114.255
3 0 28.892 -58.722 113.991 29.369 -58.311 114.255 26.718 -56.884 116.873
3 0 26.718 -56.884 116.873 26.235 -57.289 116.610 28.892 -58.722 113.991
3 0 23.688 -58.239 114.514 26.329 -59.687 111.921 26.314 -60.299 112.225
3 0 26.314 -60.299 112.225 23.651 -58.842 114.832 23.688 -58.239 114.514
3 0 23.916 -57.610 114.379 26.538 -59.049 111.798 26.329 -59.687 111.921
3 0 26.329 -59.687 111.921 23.688 -58.239 114.514 23.916 -57.610 114.379
3 0 24.301 -57.050 114.449 26.910 -58.481 111.874 26.538 -59.049 111.798
3 0 26.538 -59.049 111.798 23.916 -57.610 114.379 24.301 -57.050 114.449
3 0 24.783 -56.645 114.712 27.387 -58.070 112.138 26.910 -58.481 111.874
3 0 26.910 -58.481 111.874 24.301 -57.050 114.449 24.783 -56.645 114.712
3 0 26.198 -57.892 116.928 28.876 -59.333 114.295 28.892 -58.722 113.991
3 0 28.892 -58.722 113.991 26.235 -57.289 116.610 26.198 -57.892 116.928
3 0 25.970 -58.521 117.063 28.667 -59.972 114.418 28.876 -59.333 114.295
3 0 28.876 -59.333 114.295 26.198 -57.892 116.928 25.970 -58.521 117.063
3 0 25.586 -59.081 116.993 28.296 -60.540 114.342 28.667 -59.972 114.418
3 0 28.667 -59.972 114.418 25.970 -58.521 117.063 25.586 -59.081 116.993
3 0 25.103 -59.487 116.730 27.819 -60.951 114.078 28.296 -60.540 114.342
3 0 28.296 -60.540 114.342 25.586 -59.081 116.993 25.103 -59.487 116.730
3 0 22.557 -60.436 114.634 25.257 -61.915 112.008 25.241 -62.526 112.312
3 0 25.241 -62.526 112.312 22.520 -61.039 114.952 22.557 -60.436 114.634
3 0 22.785 -59.807 114.499 25.466 -61.277 111.885 25.257 -61.915 112.008
3 0 25.257 -61.915 112.008 22.557 -60.436 114.634 22.785 -59.807 114.499
3 0 23.169 -59.247 114.569 25.837 -60.709 111.961 25.466 -61.277 111.885
3 0 25.466 -61.277 111.885 22.785 -59.807 114.499 23.169 -59.247 114.569
3 0 23.651 -58.842 114.832 26.314 -60.299 112.225 25.837 -60.709 111.961
3 0 25.837 -60.709 111.961 23.169 -59.247 114.569 23.651 -58.842 114.832
3 0 25.067 -60.089 117.048 27.804 -61.561 114.382 27.819 -60.951 114.078
3 0 27.819 -60.951 114.078 25.103 -59.487 116.730 25.067 -60.089 117.048
3 0 24.838 -60.718 117.183 27.594 -62.199 114.505 27.804 -61.561 114.382
3 0 27.804 -61.561 114.382 25.067 -60.089 117.048 24.838 -60.718 117.183
3 0 24.454 -61.278 117.113 27.223 -62.767 114.429 27.594 -62.199 114.505
3 0 27.594 -62.199 114.505 24.838 -60.718 117.183 24.454 -61.278 117.113
3 0 23.972 -61.683 116.850 26.746 -63.178 114.165 27.223 -62.767 114.429
3 0 27.223 -62.767 114.429 24.454 -61.278 117.113 23.972 -61.683 116.850
3 0 26.731 -63.790 114.469 26.746 -63.178 114.165 23.972 -61.683 116.850
3 0 23.972 -61.683 116.850 23.935 -62.286 117.168 26.731 -63.790 114.469
3 0 26.522 -64.428 114.593 26.731 -63.790 114.469 23.935 -62.286 117.168
3 0 23.935 -62.286 117.168 23.706 -62.916 117.303 26.522 -64.428 114.593
3 0 26.150 -64.996 114.517 26.522 -64.428 114.593 23.706 -62.916 117.303
3 0 23.706 -62.916 117.303 23.322 -63.476 117.233 26.150 -64.996 114.517
3 0 25.673 -65.407 114.252 26.150 -64.996 114.517 23.322 -63.476 117.233
3 0 23.322 -63.476 117.233 22.840 -63.881 116.970 25.673 -65.407 114.252
3 0 25.164 -65.599 113.841 25.673 -65.407 114.252 22.840 -63.881 116.970
3 0 22.840 -63.881 116.970 22.333 -64.070 116.553 25.164 -65.599 113.841
3 0 24.699 -65.543 113.344 25.164 -65.599 113.841 22.333 -64.070 116.553
3 0 22.333 -64.070 116.553 21.879 -64.014 116.046 24.699 -65.543 113.344
3 0 24.349 -65.246 112.838 24.699 -65.543 113.344 21.879 -64.014 116.046
3 0 21.879 -64.014 116.046 21.547 -63.721 115.526 24.349 -65.246 112.838
3 0 24.168 -64.755 112.399 24.349 -65.246 112.838 21.547 -63.721 115.526
3 0 21.547 -63.721 115.526 21.387 -63.237 115.072 24.168 -64.755 112.399
3 0 24.184 -64.144 112.095 24.168 -64.755 112.399 21.387 -63.237 115.072
3 0 21.387 -63.237 115.072 21.425 -62.634 114.754 24.184 -64.144 112.095
3 0 24.393 -63.506 111.972 24.184 -64.144 112.095 21.425 -62.634 114.754
3 0 21.425 -62.634 114.754 21.653 -62.004 114.619 24.393 -63.506 111.972
3 0 24.764 -62.938 112.048 24.393 -63.506 111.972 21.653 -62.004 114.619
3 0 21.653 -62.004 114.619 22.037 -61.445 114.689 24.764 -62.938 112.048
3 0 25.241 -62.526 112.312 24.764 -62.938 112.048 22.037 -61.445 114.689
3 0 22.037 -61.445 114.689 22.520 -61.039 114.952 25.241 -62.526 112.312
3 0 29.983 -58.760 109.177 29.987 -59.377 109.470 27.387 -58.070 112.138
3 0 27.387 -58.070 112.138 27.402 -57.459 111.834 29.983 -58.760 109.177
3 0 30.176 -58.115 109.062 29.983 -58.760 109.177 27.402 -57.459 111.834
3 0 27.402 -57.459 111.834 27.611 -56.821 111.710 30.176 -58.115 109.062
3 0 30.535 -57.540 109.142 30.176 -58.115 109.062 27.611 -56.821 111.710
3 0 27.611 -56.821 111.710 27.983 -56.253 111.786 30.535 -57.540 109.142
3 0 31.006 -57.123 109.406 30.535 -57.540 109.142 27.983 -56.253 111.786
3 0 27.983 -56.253 111.786 28.460 -55.842 112.051 31.006 -57.123 109.406
3 0 31.518 -56.927 109.813 31.006 -57.123 109.406 28.460 -55.842 112.051
3 0 28.460 -55.842 112.051 28.969 -55.650 112.462 31.518 -56.927 109.813
3 0 31.992 -56.981 110.302 31.518 -56.927 109.813 28.969 -55.650 112.462
3 0 28.969 -55.650 112.462 29.434 -55.706 112.959 31.992 -56.981 110.302
3 0 32.357 -57.279 110.797 31.992 -56.981 110.302 29.434 -55.706 112.959
3 0 29.434 -55.706 112.959 29.784 -56.002 113.465 32.357 -57.279 110.797
3 0 32.556 -57.773 111.223 32.357 -57.279 110.797 29.784 -56.002 113.465
3 0 29.784 -56.002 113.465 29.965 -56.494 113.904 32.556 -57.773 111.223
3 0 32.560 -58.390 111.516 32.556 -57.773 111.223 29.965 -56.494 113.904
3 0 29.965 -56.494 113.904 29.949 -57.105 114.208 32.560 -58.390 111.516
3 0 32.367 -59.035 111.631 32.560 -58.390 111.516 29.949 -57.105 114.208
3 0 29.949 -57.105 114.208 29.740 -57.743 114.331 32.367 -59.035 111.631
3 0 32.008 -59.610 111.550 32.367 -59.035 111.631 29.740 -57.743 114.331
3 0 29.740 -57.743 114.331 29.369 -58.311 114.255 32.008 -59.610 111.550
3 0 31.536 -60.027 111.286 32.008 -59.610 111.550 29.369 -58.311 114.255
3 0 29.369 -58.311 114.255 28.892 -58.722 113.991 31.536 -60.027 111.286
3 0 26.329 -59.687 111.921 28.963 -61.015 109.240 28.967 -61.631 109.533
3 0 28.967 -61.631 109.533 26.314 -60.299 112.225 26.329 -59.687 111.921
3 0 26.538 -59.049 111.798 29.156 -60.370 109.125 28.963 -61.015 109.240
3 0 28.963 -61.015 109.240 26.329 -59.687 111.921 26.538 -59.049 111.798
3 0 26.910 -58.481 111.874 29.515 -59.795 109.206 29.156 -60.370 109.125
3 0 29.156 -60.370 109.125 26.538 -59.049 111.798 26.910 -58.481 111.874
3 0 27.387 -58.070 112.138 29.987 -59.377 109.470 29.515 -59.795 109.206
3 0 29.515 -59.795 109.206 26.910 -58.481 111.874 27.387 -58.070 112.138
3 0 28.876 -59.333 114.295 31.540 -60.644 111.579 31.536 -60.027 111.286
3 0 31.536 -60.027 111.286 28.892 -58.722 113.991 28.876 -59.333 114.295
3 0 28.667 -59.972 114.418 31.348 -61.289 111.694 31.540 -60.644 111.579
3 0 31.540 -60.644 111.579 28.876 -59.333 114.295 28.667 -59.972 114.418
3 0 28.296 -60.540 114.342 30.988 -61.864 111.613 31.348 -61.289 111.694
3 0 31.348 -61.289 111.694 28.667 -59.972 114.418 28.296 -60.540 114.342
3 0 27.819 -60.951 114.078 30.517 -62.282 111.349 30.988 -61.864 111.613
3 0 30.988 -61.864 111.613 28.296 -60.540 114.342 27.819 -60.951 114.078
3 0 25.257 -61.915 112.008 27.944 -63.268 109.303 27.947 -63.885 109.596
3 0 27.947 -63.885 109.596 25.241 -62.526 112.312 25.257 -61.915 112.008
3 0 25.466 -61.277 111.885 28.136 -62.623 109.188 27.944 -63.268 109.303
3 0 27.944 -63.268 109.303 25.257 -61.915 112.008 25.466 -61.277 111.885
3 0 25.837 -60.709 111.961 28.496 -62.048 109.269 28.136 -62.623 109.188
3 0 28.136 -62.623 109.188 25.466 -61.277 111.885 25.837 -60.709 111.961
3 0 26.314 -60.299 112.225 28.967 -61.631 109.533 28.496 -62.048 109.269
3 0 28.496 -62.048 109.269 25.837 -60.709 111.961 26.314 -60.299 112.225
3 0 27.804 -61.561 114.382 30.521 -62.898 111.642 30.517 -62.282 111.349
3 0 30.517 -62.282 111.349 27.819 -60.951 114.078 27.804 -61.561 114.382
3 0 27.594 -62.199 114.505 30.328 -63.543 111.757 30.521 -62.898 111.642
3 0 30.521 -62.898 111.642 27.804 -61.561 114.382 27.594 -62.199 114.505
3 0 27.223 -62.767 114.429 29.969 -64.118 111.676 30.328 -63.543 111.757
3 0 30.328 -63.543 111.757 27.594 -62.199 114.505 27.223 -62.767 114.429
3 0 26.746 -63.178 114.165 29.497 -64.535 111.412 29.969 -64.118 111.676
3 0 29.969 -64.118 111.676 27.223 -62.767 114.429 26.746 -63.178 114.165
3 0 29.501 -65.152 111.705 29.497 -64.535 111.412 26.746 -63.178 114.165
3 0 26.746 -63.178 114.165 26.731 -63.790 114.469 29.501 -65.152 111.705
3 0 29.308 -65.797 111.820 29.501 -65.152 111.705 26.731 -63.790 114.469
3 0 26.731 -63.790 114.469 26.522 -64.428 114.593 29.308 -65.797 111.820
3 0 28.949 -66.372 111.739 29.308 -65.797 111.820 26.522 -64.428 114.593
3 0 26.522 -64.428 114.593 26.150 -64.996 114.517 28.949 -66.372 111.739
3 0 28.478 -66.789 111.475 28.949 -66.372 111.739 26.150 -64.996 114.517
3 0 26.150 -64.996 114.517 25.673 -65.407 114.252 28.478 -66.789 111.475
3 0 27.966 -66.986 111.068 28.478 -66.789 111.475 25.673 -65.407 114.252
3 0 25.673 -65.407 114.252 25.164 -65.599 113.841 27.966 -66.986 111.068
3 0 27.491 -66.931 110.580 27.966 -66.986 111.068 25.164 -65.599 113.841
3 0 25.164 -65.599 113.841 24.699 -65.543 113.344 27.491 -66.931 110.580
3 0 27.127 -66.634 110.085 27.491 -66.931 110.580 24.699 -65.543 113.344
3 0 24.699 -65.543 113.344 24.349 -65.246 112.838 27.127 -66.634 110.085
3 0 26.928 -66.139 109.659 27.127 -66.634 110.085 24.349 -65.246 112.838
3 0 24.349 -65.246 112.838 24.168 -64.755 112.399 26.928 -66.139 109.659
3 0 26.924 -65.522 109.366 26.928 -66.139 109.659 24.168 -64.755 112.399
3 0 24.168 -64.755 112.399 24.184 -64.144 112.095 26.924 -65.522 109.366
3 0 27.117 -64.877 109.251 26.924 -65.522 109.366 24.184 -64.144 112.095
3 0 24.184 -64.144 112.095 24.393 -63.506 111.972 27.117 -64.877 109.251
3 0 27.476 -64.302 109.332 27.117 -64.877 109.251 24.393 -63.506 111.972
3 0 24.393 -63.506 111.972 24.764 -62.938 112.048 27.476 -64.302 109.332
3 0 27.947 -63.885 109.596 27.476 -64.302 109.332 24.764 -62.938 112.048
3 0 24.764 -62.938 112.048 25.241 -62.526 112.312 27.947 -63.885 109.596
3 0 32.556 -59.974 106.457 32.578 -60.595 106.741 29.987 -59.377 109.470
3 0 29.987 -59.377 109.470 29.983 -58.760 109.177 32.556 -59.974 106.457
3 0 32.732 -59.323 106.350 32.556 -59.974 106.457 29.983 -58.760 109.177
3 0 29.983 -58.760 109.177 30.176 -58.115 109.062 32.732 -59.323 106.350
3 0 33.080 -58.742 106.434 32.732 -59.323 106.350 30.176 -58.115 109.062
3 0 30.176 -58.115 109.062 30.535 -57.540 109.142 33.080 -58.742 106.434
3 0 33.546 -58.318 106.698 33.080 -58.742 106.434 30.535 -57.540 109.142
3 0 30.535 -57.540 109.142 31.006 -57.123 109.406 33.546 -58.318 106.698
3 0 34.059 -58.116 107.100 33.546 -58.318 106.698 31.006 -57.123 109.406
3 0 31.006 -57.123 109.406 31.518 -56.927 109.813 34.059 -58.116 107.100
3 0 34.541 -58.167 107.581 34.059 -58.116 107.100 31.518 -56.927 109.813
3 0 31.518 -56.927 109.813 31.992 -56.981 110.302 34.541 -58.167 107.581
3 0 34.920 -58.463 108.066 34.541 -58.167 107.581 31.992 -56.981 110.302
3 0 31.992 -56.981 110.302 32.357 -57.279 110.797 34.920 -58.463 108.066
3 0 35.136 -58.960 108.481 34.920 -58.463 108.066 32.357 -57.279 110.797
3 0 32.357 -57.279 110.797 32.556 -57.773 111.223 35.136 -58.960 108.481
3 0 35.158 -59.581 108.765 35.136 -58.960 108.481 32.556 -57.773 111.223
3 0 32.556 -57.773 111.223 32.560 -58.390 111.516 35.158 -59.581 108.765
3 0 34.982 -60.231 108.872 35.158 -59.581 108.765 32.560 -58.390 111.516
3 0 32.560 -58.390 111.516 32.367 -59.035 111.631 34.982 -60.231 108.872
3 0 34.635 -60.813 108.788 34.982 -60.231 108.872 32.367 -59.035 111.631
3 0 32.367 -59.035 111.631 32.008 -59.610 111.550 34.635 -60.813 108.788
3 0 34.169 -61.237 108.524 34.635 -60.813 108.788 32.008 -59.610 111.550
3 0 32.008 -59.610 111.550 31.536 -60.027 111.286 34.169 -61.237 108.524
3 0 28.963 -61.015 109.240 31.589 -62.252 106.500 31.611 -62.873 106.783
3 0 31.611 -62.873 106.783 28.967 -61.631 109.533 28.963 -61.015 109.240
3 0 29.156 -60.370 109.125 31.765 -61.601 106.393 31.589 -62.252 106.500
3 0 31.589 -62.252 106.500 28.963 -61.015 109.240 29.156 -60.370 109.125
3 0 29.515 -59.795 109.206 32.112 -61.019 106.477 31.765 -61.601 106.393
3 0 31.765 -61.601 106.393 29.156 -60.370 109.125 29.515 -59.795 109.206
3 0 29.987 -59.377 109.470 32.578 -60.595 106.741 32.112 -61.019 106.477
3 0 32.112 -61.019 106.477 29.515 -59.795 109.206 29.987 -59.377 109.470
3 0 31.540 -60.644 111.579 34.191 -61.858 108.807 34.169 -61.237 108.524
3 0 34.169 -61.237 108.524 31.536 -60.027 111.286 31.540 -60.644 111.579
3 0 31.348 -61.289 111.694 34.015 -62.509 108.915 34.191 -61.858 108.807
3 0 34.191 -61.858 108.807 31.540 -60.644 111.579 31.348 -61.289 111.694
3 0 30.988 -61.864 111.613 33.667 -63.091 108.831 34.015 -62.509 108.915
3 0 34.015 -62.509 108.915 31.348 -61.289 111.694 30.988 -61.864 111.613
3 0 30.517 -62.282 111.349 33.202 -63.515 108.567 33.667 -63.091 108.831
3 0 33.667 -63.091 108.831 30.988 -61.864 111.613 30.517 -62.282 111.349
3 0 27.944 -63.268 109.303 30.622 -64.529 106.543 30.644 -65.150 106.826
3 0 30.644 -65.150 106.826 27.947 -63.885 109.596 27.944 -63.268 109.303
3 0 28.136 -62.623 109.188 30.798 -63.878 106.435 30.622 -64.529 106.543
3 0 30.622 -64.529 106.543 27.944 -63.268 109.303 28.136 -62.623 109.188
3 0 28.496 -62.048 109.269 31.145 -63.296 106.520 30.798 -63.878 106.435
3 0 30.798 -63.878 106.435 28.136 -62.623 109.188 28.496 -62.048 109.269
3 0 28.967 -61.631 109.533 31.611 -62.873 106.783 31.145 -63.296 106.520
3 0 31.145 -63.296 106.520 28.496 -62.048 109.269 28.967 -61.631 109.533
3 0 30.521 -62.898 111.642 33.224 -64.135 108.850 33.202 -63.515 108.567
3 0 33.202 -63.515 108.567 30.517 -62.282 111.349 30.521 -62.898 111.642
3 0 30.328 -63.543 111.757 33.048 -64.786 108.958 33.224 -64.135 108.850
3 0 33.224 -64.135 108.850 30.521 -62.898 111.642 30.328 -63.543 111.757
3 0 29.969 -64.118 111.676 32.700 -65.368 108.873 33.048 -64.786 108.958
3 0 33.048 -64.786 108.958 30.328 -63.543 111.757 29.969 -64.118 111.676
3 0 29.497 -64.535 111.412 32.235 -65.792 108.610 32.700 -65.368 108.873
3 0 32.700 -65.368 108.873 29.969 -64.118 111.676 29.497 -64.535 111.412
3 0 32.257 -66.413 108.893 32.235 -65.792 108.610 29.497 -64.535 111.412
3 0 29.497 -64.535 111.412 29.501 -65.152 111.705 32.257 -66.413 108.893
3 0 32.080 -67.064 109.001 32.257 -66.413 108.893 29.501 -65.152 111.705
3 0 29.501 -65.152 111.705 29.308 -65.797 111.820 32.080 -67.064 109.001
3 0 31.733 -67.645 108.916 32.080 -67.064 109.001 29.308 -65.797 111.820
3 0 29.308 -65.797 111.820 28.949 -66.372 111.739 31.733 -67.645 108.916
3 0 31.267 -68.069 108.653 31.733 -67.645 108.916 28.949 -66.372 111.739
3 0 28.949 -66.372 111.739 28.478 -66.789 111.475 31.267 -68.069 108.653
3 0 30.754 -68.271 108.250 31.267 -68.069 108.653 28.478 -66.789 111.475
3 0 28.478 -66.789 111.475 27.966 -66.986 111.068 30.754 -68.271 108.250
3 0 30.272 -68.220 107.770 30.754 -68.271 108.250 27.966 -66.986 111.068
3 0 27.966 -66.986 111.068 27.491 -66.931 110.580 30.272 -68.220 107.770
3 0 29.893 -67.924 107.285 30.272 -68.220 107.770 27.491 -66.931 110.580
3 0 27.491 -66.931 110.580 27.127 -66.634 110.085 29.893 -67.924 107.285
3 0 29.677 -67.427 106.869 29.893 -67.924 107.285 27.127 -66.634 110.085
3 0 27.127 -66.634 110.085 26.928 -66.139 109.659 29.677 -67.427 106.869
3 0 29.655 -66.806 106.586 29.677 -67.427 106.869 26.928 -66.139 109.659
3 0 26.928 -66.139 109.659 26.924 -65.522 109.366 29.655 -66.806 106.586
3 0 29.831 -66.156 106.478 29.655 -66.806 106.586 26.924 -65.522 109.366
3 0 26.924 -65.522 109.366 27.117 -64.877 109.251 29.831 -66.156 106.478
3 0 30.178 -65.574 106.563 29.831 -66.156 106.478 27.117 -64.877 109.251
3 0 27.117 -64.877 109.251 27.476 -64.302 109.332 30.178 -65.574 106.563
3 0 30.644 -65.150 106.826 30.178 -65.574 106.563 27.476 -64.302 109.332
3 0 27.476 -64.302 109.332 27.947 -63.885 109.596 30.644 -65.150 106.826
3 0 35.122 -61.083 103.668 35.161 -61.707 103.943 32.578 -60.595 106.741
3 0 32.578 -60.595 106.741 32.556 -59.974 106.457 35.122 -61.083 103.668
3 0 35.282 -60.427 103.566 35.122 -61.083 103.668 32.556 -59.974 106.457
3 0 32.556 -59.974 106.457 32.732 -59.323 106.350 35.282 -60.427 103.566
3 0 35.618 -59.839 103.653 35.282 -60.427 103.566 32.732 -59.323 106.350
3 0 32.732 -59.323 106.350 33.080 -58.742 106.434 35.618 -59.839 103.653
3 0 36.078 -59.408 103.916 35.618 -59.839 103.653 33.080 -58.742 106.434
3 0 33.080 -58.742 106.434 33.546 -58.318 106.698 36.078 -59.408 103.916
3 0 36.592 -59.200 104.314 36.078 -59.408 103.916 33.546 -58.318 106.698
3 0 33.546 -58.318 106.698 34.059 -58.116 107.100 36.592 -59.200 104.314
3 0 37.081 -59.246 104.788 36.592 -59.200 104.314 34.059 -58.116 107.100
3 0 34.059 -58.116 107.100 34.541 -58.167 107.581 37.081 -59.246 104.788
3 0 37.472 -59.540 105.264 37.081 -59.246 104.788 34.541 -58.167 107.581
3 0 34.541 -58.167 107.581 34.920 -58.463 108.066 37.472 -59.540 105.264
3 0 37.705 -60.036 105.671 37.472 -59.540 105.264 34.920 -58.463 108.066
3 0 34.920 -58.463 108.066 35.136 -58.960 108.481 37.705 -60.036 105.671
3 0 37.744 -60.660 105.947 37.705 -60.036 105.671 35.136 -58.960 108.481
3 0 35.136 -58.960 108.481 35.158 -59.581 108.765 37.744 -60.660 105.947
3 0 37.584 -61.315 106.049 37.744 -60.660 105.947 35.158 -59.581 108.765
3 0 35.158 -59.581 108.765 34.982 -60.231 108.872 37.584 -61.315 106.049
3 0 37.248 -61.904 105.962 37.584 -61.315 106.049 34.982 -60.231 108.872
3 0 34.982 -60.231 108.872 34.635 -60.813 108.788 37.248 -61.904 105.962
3 0 36.788 -62.335 105.699 37.248 -61.904 105.962 34.635 -60.813 108.788
3 0 34.635 -60.813 108.788 34.169 -61.237 108.524 36.788 -62.335 105.699
3 0 31.589 -62.252 106.500 34.204 -63.382 103.696 34.244 -64.005 103.971
3 0 34.244 -64.005 103.971 31.611 -62.873 106.783 31.589 -62.252 106.500
3 0 31.765 -61.601 106.393 34.365 -62.726 103.594 34.204 -63.382 103.696
3 0 34.204 -63.382 103.696 31.589 -62.252 106.500 31.765 -61.601 106.393
3 0 32.112 -61.019 106.477 34.701 -62.138 103.681 34.365 -62.726 103.594
3 0 34.365 -62.726 103.594 31.765 -61.601 106.393 32.112 -61.019 106.477
3 0 32.578 -60.595 106.741 35.161 -61.707 103.943 34.701 -62.138 103.681
3 0 34.701 -62.138 103.681 32.112 -61.019 106.477 32.578 -60.595 106.741
3 0 34.191 -61.858 108.807 36.827 -62.958 105.975 36.788 -62.335 105.699
3 0 36.788 -62.335 105.699 34.169 -61.237 108.524 34.191 -61.858 108.807
3 0 34.015 -62.509 108.915 36.666 -63.614 106.077 36.827 -62.958 105.975
3 0 36.827 -62.958 105.975 34.191 -61.858 108.807 34.015 -62.509 108.915
3 0 33.667 -63.091 108.831 36.331 -64.202 105.990 36.666 -63.614 106.077
3 0 36.666 -63.614 106.077 34.015 -62.509 108.915 33.667 -63.091 108.831
3 0 33.202 -63.515 108.567 35.871 -64.633 105.727 36.331 -64.202 105.990
3 0 36.331 -64.202 105.990 33.667 -63.091 108.831 33.202 -63.515 108.567
3 0 30.622 -64.529 106.543 33.288 -65.679 103.724 33.327 -66.303 103.999
3 0 33.327 -66.303 103.999 30.644 -65.150 106.826 30.622 -64.529 106.543
3 0 30.798 -63.878 106.435 33.448 -65.024 103.622 33.288 -65.679 103.724
3 0 33.288 -65.679 103.724 30.622 -64.529 106.543 30.798 -63.878 106.435
3 0 31.145 -63.296 106.520 33.784 -64.436 103.709 33.448 -65.024 103.622
3 0 33.448 -65.024 103.622 30.798 -63.878 106.435 31.145 -63.296 106.520
3 0 31.611 -62.873 106.783 34.244 -64.005 103.971 33.784 -64.436 103.709
3 0 33.784 -64.436 103.709 31.145 -63.296 106.520 31.611 -62.873 106.783
3 0 33.224 -64.135 108.850 35.910 -65.256 106.002 35.871 -64.633 105.727
3 0 35.871 -64.633 105.727 33.202 -63.515 108.567 33.224 -64.135 108.850
3 0 33.048 -64.786 108.958 35.750 -65.912 106.104 35.910 -65.256 106.002
3 0 35.910 -65.256 106.002 33.224 -64.135 108.850 33.048 -64.786 108.958
3 0 32.700 -65.368 108.873 35.414 -66.500 106.018 35.750 -65.912 106.104
3 0 35.750 -65.912 106.104 33.048 -64.786 108.958 32.700 -65.368 108.873
3 0 32.235 -65.792 108.610 34.954 -66.931 105.755 35.414 -66.500 106.018
3 0 35.414 -66.500 106.018 32.700 -65.368 108.873 32.235 -65.792 108.610
3 0 34.993 -67.555 106.030 34.954 -66.931 105.755 32.235 -65.792 108.610
3 0 32.235 -65.792 108.610 32.257 -66.413 108.893 34.993 -67.555 106.030
3 0 34.832 -68.210 106.132 34.993 -67.555 106.030 32.257 -66.413 108.893
3 0 32.257 -66.413 108.893 32.080 -67.064 109.001 34.832 -68.210 106.132
3 0 34.497 -68.799 106.045 34.832 -68.210 106.132 32.080 -67.064 109.001
3 0 32.080 -67.064 109.001 31.733 -67.645 108.916 34.497 -68.799 106.045
3 0 34.037 -69.230 105.783 34.497 -68.799 106.045 31.733 -67.645 108.916
3 0 31.733 -67.645 108.916 31.267 -68.069 108.653 34.037 -69.230 105.783
3 0 33.523 -69.438 105.384 34.037 -69.230 105.783 31.267 -68.069 108.653
3 0 31.267 -68.069 108.653 30.754 -68.271 108.250 33.523 -69.438 105.384
3 0 33.033 -69.392 104.911 33.523 -69.438 105.384 30.754 -68.271 108.250
3 0 30.754 -68.271 108.250 30.272 -68.220 107.770 33.033 -69.392 104.911
3 0 32.642 -69.098 104.434 33.033 -69.392 104.911 30.272 -68.220 107.770
3 0 30.272 -68.220 107.770 29.893 -67.924 107.285 32.642 -69.098 104.434
3 0 32.410 -68.602 104.027 32.642 -69.098 104.434 29.893 -67.924 107.285
3 0 29.893 -67.924 107.285 29.677 -67.427 106.869 32.410 -68.602 104.027
3 0 32.371 -67.978 103.751 32.410 -68.602 104.027 29.677 -67.427 106.869
3 0 29.677 -67.427 106.869 29.655 -66.806 106.586 32.371 -67.978 103.751
3 0 32.531 -67.322 103.650 32.371 -67.978 103.751 29.655 -66.806 106.586
3 0 29.655 -66.806 106.586 29.831 -66.156 106.478 32.531 -67.322 103.650
3 0 32.867 -66.734 103.736 32.531 -67.322 103.650 29.831 -66.156 106.478
3 0 29.831 -66.156 106.478 30.178 -65.574 106.563 32.867 -66.734 103.736
3 0 33.327 -66.303 103.999 32.867 -66.734 103.736 30.178 -65.574 106.563
3 0 30.178 -65.574 106.563 30.644 -65.150 106.826 33.327 -66.303 103.999
3 0 37.690 -62.131 100.828 37.744 -62.755 101.099 35.161 -61.707 103.943
3 0 35.161 -61.707 103.943 35.122 -61.083 103.668 37.690 -62.131 100.828
3 0 37.836 -61.471 100.729 37.690 -62.131 100.828 35.122 -61.083 103.668
3 0 35.122 -61.083 103.668 35.282 -60.427 103.566 37.836 -61.471 100.729
3 0 38.162 -60.877 100.816 37.836 -61.471 100.729 35.282 -60.427 103.566
3 0 35.282 -60.427 103.566 35.618 -59.839 103.653 38.162 -60.877 100.816
3 0 38.616 -60.439 101.077 38.162 -60.877 100.816 35.618 -59.839 103.653
3 0 35.618 -59.839 103.653 36.078 -59.408 103.916 38.616 -60.439 101.077
3 0 39.129 -60.224 101.472 38.616 -60.439 101.077 36.078 -59.408 103.916
3 0 36.078 -59.408 103.916 36.592 -59.200 104.314 39.129 -60.224 101.472
3 0 39.625 -60.263 101.940 39.129 -60.224 101.472 36.592 -59.200 104.314
3 0 36.592 -59.200 104.314 37.081 -59.246 104.788 39.625 -60.263 101.940
3 0 40.026 -60.552 102.411 39.625 -60.263 101.940 37.081 -59.246 104.788
3 0 37.081 -59.246 104.788 37.472 -59.540 105.264 40.026 -60.552 102.411
3 0 40.273 -61.047 102.812 40.026 -60.552 102.411 37.472 -59.540 105.264
3 0 37.472 -59.540 105.264 37.705 -60.036 105.671 40.273 -61.047 102.812
3 0 40.326 -61.671 103.083 40.273 -61.047 102.812 37.705 -60.036 105.671
3 0 37.705 -60.036 105.671 37.744 -60.660 105.947 40.326 -61.671 103.083
3 0 40.180 -62.330 103.182 40.326 -61.671 103.083 37.744 -60.660 105.947
3 0 37.744 -60.660 105.947 37.584 -61.315 106.049 40.180 -62.330 103.182
3 0 39.854 -62.924 103.095 40.180 -62.330 103.182 37.584 -61.315 106.049
3 0 37.584 -61.315 106.049 37.248 -61.904 105.962 39.854 -62.924 103.095
3 0 39.400 -63.363 102.834 39.854 -62.924 103.095 37.248 -61.904 105.962
3 0 37.248 -61.904 105.962 36.788 -62.335 105.699 39.400 -63.363 102.834
3 0 34.204 -63.382 103.696 36.817 -64.447 100.850 36.871 -65.071 101.121
3 0 36.871 -65.071 101.121 34.244 -64.005 103.971 34.204 -63.382 103.696
3 0 34.365 -62.726 103.594 36.964 -63.787 100.751 36.817 -64.447 100.850
3 0 36.817 -64.447 100.850 34.204 -63.382 103.696 34.365 -62.726 103.594
3 0 34.701 -62.138 103.681 37.289 -63.193 100.838 36.964 -63.787 100.751
3 0 36.964 -63.787 100.751 34.365 -62.726 103.594 34.701 -62.138 103.681
3 0 35.161 -61.707 103.943 37.744 -62.755 101.099 37.289 -63.193 100.838
3 0 37.289 -63.193 100.838 34.701 -62.138 103.681 35.161 -61.707 103.943
3 0 36.827 -62.958 105.975 39.454 -63.987 103.105 39.400 -63.363 102.834
3 0 39.400 -63.363 102.834 36.788 -62.335 105.699 36.827 -62.958 105.975
3 0 36.666 -63.614 106.077 39.307 -64.647 103.204 39.454 -63.987 103.105
3 0 39.454 -63.987 103.105 36.827 -62.958 105.975 36.666 -63.614 106.077
3 0 36.331 -64.202 105.990 38.982 -65.241 103.117 39.307 -64.647 103.204
3 0 39.307 -64.647 103.204 36.666 -63.614 106.077 36.331 -64.202 105.990
3 0 35.871 -64.633 105.727 38.528 -65.679 102.856 38.982 -65.241 103.117
3 0 38.982 -65.241 103.117 36.331 -64.202 105.990 35.871 -64.633 105.727
3 0 33.288 -65.679 103.724 35.945 -66.762 100.872 35.999 -67.386 101.143
3 0 35.999 -67.386 101.143 33.327 -66.303 103.999 33.288 -65.679 103.724
3 0 33.448 -65.024 103.622 36.092 -66.103 100.773 35.945 -66.762 100.872
3 0 35.945 -66.762 100.872 33.288 -65.679 103.724 33.448 -65.024 103.622
3 0 33.784 -64.436 103.709 36.417 -65.509 100.860 36.092 -66.103 100.773
3 0 36.092 -66.103 100.773 33.448 -65.024 103.622 33.784 -64.436 103.709
3 0 34.244 -64.005 103.971 36.871 -65.071 101.121 36.417 -65.509 100.860
3 0 36.417 -65.509 100.860 33.784 -64.436 103.709 34.244 -64.005 103.971
3 0 35.910 -65.256 106.002 38.582 -66.302 103.127 38.528 -65.679 102.856
3 0 38.528 -65.679 102.856 35.871 -64.633 105.727 35.910 -65.256 106.002
3 0 35.750 -65.912 106.104 38.435 -66.962 103.226 38.582 -66.302 103.127
3 0 38.582 -66.302 103.127 35.910 -65.256 106.002 35.750 -65.912 106.104
3 0 35.414 -66.500 106.018 38.110 -67.556 103.139 38.435 -66.962 103.226
3 0 38.435 -66.962 103.226 35.750 -65.912 106.104 35.414 -66.500 106.018
3 0 34.954 -66.931 105.755 37.656 -67.994 102.878 38.110 -67.556 103.139
3 0 38.110 -67.556 103.139 35.414 -66.500 106.018 34.954 -66.931 105.755
3 0 37.710 -68.618 103.149 37.656 -67.994 102.878 34.954 -66.931 105.755
3 0 34.954 -66.931 105.755 34.993 -67.555 106.030 37.710 -68.618 103.149
3 0 37.563 -69.278 103.248 37.710 -68.618 103.149 34.993 -67.555 106.030
3 0 34.993 -67.555 106.030 34.832 -68.210 106.132 37.563 -69.278 103.248
3 0 37.238 -69.872 103.161 37.563 -69.278 103.248 34.832 -68.210 106.132
3 0 34.832 -68.210 106.132 34.497 -68.799 106.045 37.238 -69.872 103.161
3 0 36.784 -70.310 102.900 37.238 -69.872 103.161 34.497 -68.799 106.045
3 0 34.497 -68.799 106.045 34.037 -69.230 105.783 36.784 -70.310 102.900
3 0 36.270 -70.526 102.505 36.784 -70.310 102.900 34.037 -69.230 105.783
3 0 34.037 -69.230 105.783 33.523 -69.438 105.384 36.270 -70.526 102.505
3 0 35.775 -70.486 102.037 36.270 -70.526 102.505 33.523 -69.438 105.384
3 0 33.523 -69.438 105.384 33.033 -69.392 104.911 35.775 -70.486 102.037
3 0 35.373 -70.197 101.566 35.775 -70.486 102.037 33.033 -69.392 104.911
3 0 33.033 -69.392 104.911 32.642 -69.098 104.434 35.373 -70.197 101.566
3 0 35.127 -69.702 101.165 35.373 -70.197 101.566 32.642 -69.098 104.434
3 0 32.642 -69.098 104.434 32.410 -68.602 104.027 35.127 -69.702 101.165
3 0 35.073 -69.078 100.894 35.127 -69.702 101.165 32.410 -68.602 104.027
3 0 32.410 -68.602 104.027 32.371 -67.978 103.751 35.073 -69.078 100.894
3 0 35.220 -68.419 100.795 35.073 -69.078 100.894 32.371 -67.978 103.751
3 0 32.371 -67.978 103.751 32.531 -67.322 103.650 35.220 -68.419 100.795
3 0 35.545 -67.825 100.882 35.220 -68.419 100.795 32.531 -67.322 103.650
3 0 32.531 -67.322 103.650 32.867 -66.734 103.736 35.545 -67.825 100.882
3 0 35.999 -67.386 101.143 35.545 -67.825 100.882 32.867 -66.734 103.736
3 0 32.867 -66.734 103.736 33.327 -66.303 103.999 35.999 -67.386 101.143
3 0 40.234 -63.108 97.964 40.306 -63.734 98.229 37.744 -62.755 101.099
3 0 37.744 -62.755 101.099 37.690 -62.131 100.828 40.234 -63.108 97.964
3 0 40.365 -62.445 97.869 40.234 -63.108 97.964 37.690 -62.131 100.828
3 0 37.690 -62.131 100.828 37.836 -61.471 100.729 40.365 -62.445 97.869
3 0 40.677 -61.844 97.958 40.365 -62.445 97.869 37.836 -61.471 100.729
3 0 37.836 -61.471 100.729 38.162 -60.877 100.816 40.677 -61.844 97.958
3 0 41.123 -61.398 98.217 40.677 -61.844 97.958 38.162 -60.877 100.816
3 0 38.162 -60.877 100.816 38.616 -60.439 101.077 41.123 -61.398 98.217
3 0 41.636 -61.173 98.608 41.123 -61.398 98.217 38.616 -60.439 101.077
3 0 38.616 -60.439 101.077 39.129 -60.224 101.472 41.636 -61.173 98.608
3 0 42.138 -61.206 99.071 41.636 -61.173 98.608 39.129 -60.224 101.472
3 0 39.129 -60.224 101.472 39.625 -60.263 101.940 42.138 -61.206 99.071
3 0 42.551 -61.489 99.534 42.138 -61.206 99.071 39.625 -60.263 101.940
3 0 39.625 -60.263 101.940 40.026 -60.552 102.411 42.551 -61.489 99.534
3 0 42.813 -61.981 99.928 42.551 -61.489 99.534 40.026 -60.552 102.411
3 0 40.026 -60.552 102.411 40.273 -61.047 102.812 42.813 -61.981 99.928
3 0 42.885 -62.606 100.193 42.813 -61.981 99.928 40.273 -61.047 102.812
3 0 40.273 -61.047 102.812 40.326 -61.671 103.083 42.885 -62.606 100.193
3 0 42.755 -63.270 100.289 42.885 -62.606 100.193 40.326 -61.671 103.083
3 0 40.326 -61.671 103.083 40.180 -62.330 103.182 42.755 -63.270 100.289
3 0 42.443 -63.870 100.200 42.755 -63.270 100.289 40.180 -62.330 103.182
3 0 40.180 -62.330 103.182 39.854 -62.924 103.095 42.443 -63.870 100.200
3 0 41.996 -64.317 99.940 42.443 -63.870 100.200 39.854 -62.924 103.095
3 0 39.854 -62.924 103.095 39.400 -63.363 102.834 41.996 -64.317 99.940
3 0 36.817 -64.447 100.850 39.417 -65.445 97.975 39.489 -66.070 98.240
3 0 39.489 -66.070 98.240 36.871 -65.071 101.121 36.817 -64.447 100.850
3 0 36.964 -63.787 100.751 39.547 -64.781 97.880 39.417 -65.445 97.975
3 0 39.417 -65.445 97.975 36.817 -64.447 100.850 36.964 -63.787 100.751
3 0 37.289 -63.193 100.838 39.859 -64.180 97.969 39.547 -64.781 97.880
3 0 39.547 -64.781 97.880 36.964 -63.787 100.751 37.289 -63.193 100.838
3 0 37.744 -62.755 101.099 40.306 -63.734 98.229 39.859 -64.180 97.969
3 0 39.859 -64.180 97.969 37.289 -63.193 100.838 37.744 -62.755 101.099
3 0 39.454 -63.987 103.105 42.068 -64.942 100.205 41.996 -64.317 99.940
3 0 41.996 -64.317 99.940 39.400 -63.363 102.834 39.454 -63.987 103.105
3 0 39.307 -64.647 103.204 41.938 -65.606 100.300 42.068 -64.942 100.205
3 0 42.068 -64.942 100.205 39.454 -63.987 103.105 39.307 -64.647 103.204
3 0 38.982 -65.241 103.117 41.625 -66.206 100.211 41.938 -65.606 100.300
3 0 41.938 -65.606 100.300 39.307 -64.647 103.204 38.982 -65.241 103.117
3 0 38.528 -65.679 102.856 41.179 -66.653 99.951 41.625 -66.206 100.211
3 0 41.625 -66.206 100.211 38.982 -65.241 103.117 38.528 -65.679 102.856
3 0 35.945 -66.762 100.872 38.600 -67.780 97.986 38.672 -68.405 98.251
3 0 38.672 -68.405 98.251 35.999 -67.386 101.143 35.945 -66.762 100.872
3 0 36.092 -66.103 100.773 38.730 -67.116 97.891 38.600 -67.780 97.986
3 0 38.600 -67.780 97.986 35.945 -66.762 100.872 36.092 -66.103 100.773
3 0 36.417 -65.509 100.860 39.042 -66.516 97.980 38.730 -67.116 97.891
3 0 38.730 -67.116 97.891 36.092 -66.103 100.773 36.417 -65.509 100.860
3 0 36.871 -65.071 101.121 39.489 -66.070 98.240 39.042 -66.516 97.980
3 0 39.042 -66.516 97.980 36.417 -65.509 100.860 36.871 -65.071 101.121
3 0 38.582 -66.302 103.127 41.251 -67.277 100.216 41.179 -66.653 99.951
3 0 41.179 -66.653 99.951 38.528 -65.679 102.856 38.582 -66.302 103.127
3 0 38.435 -66.962 103.226 41.121 -67.941 100.311 41.251 -67.277 100.216
3 0 41.251 -67.277 100.216 38.582 -66.302 103.127 38.435 -66.962 103.226
3 0 38.110 -67.556 103.139 40.809 -68.542 100.222 41.121 -67.941 100.311
3 0 41.121 -67.941 100.311 38.435 -66.962 103.226 38.110 -67.556 103.139
3 0 37.656 -67.994 102.878 40.362 -68.988 99.962 40.809 -68.542 100.222
3 0 40.809 -68.542 100.222 38.110 -67.556 103.139 37.656 -67.994 102.878
3 0 40.433 -69.613 100.227 40.362 -68.988 99.962 37.656 -67.994 102.878
3 0 37.656 -67.994 102.878 37.710 -68.618 103.149 40.433 -69.613 100.227
3 0 40.303 -70.277 100.322 40.433 -69.613 100.227 37.710 -68.618 103.149
3 0 37.710 -68.618 103.149 37.563 -69.278 103.248 40.303 -70.277 100.322
3 0 39.991 -70.878 100.233 40.303 -70.277 100.322 37.563 -69.278 103.248
3 0 37.563 -69.278 103.248 37.238 -69.872 103.161 39.991 -70.878 100.233
3 0 39.545 -71.324 99.974 39.991 -70.878 100.233 37.238 -69.872 103.161
3 0 37.238 -69.872 103.161 36.784 -70.310 102.900 39.545 -71.324 99.974
3 0 39.032 -71.549 99.583 39.545 -71.324 99.974 36.784 -70.310 102.900
3 0 36.784 -70.310 102.900 36.270 -70.526 102.505 39.032 -71.549 99.583
3 0 38.530 -71.516 99.120 39.032 -71.549 99.583 36.270 -70.526 102.505
3 0 36.270 -70.526 102.505 35.775 -70.486 102.037 38.530 -71.516 99.120
3 0 38.117 -71.233 98.657 38.530 -71.516 99.120 35.775 -70.486 102.037
3 0 35.775 -70.486 102.037 35.373 -70.197 101.566 38.117 -71.233 98.657
3 0 37.854 -70.741 98.263 38.117 -71.233 98.657 35.373 -70.197 101.566
3 0 35.373 -70.197 101.566 35.127 -69.702 101.165 37.854 -70.741 98.263
3 0 37.783 -70.116 97.998 37.854 -70.741 98.263 35.127 -69.702 101.165
3 0 35.127 -69.702 101.165 35.073 -69.078 100.894 37.783 -70.116 97.998
3 0 37.913 -69.452 97.903 37.783 -70.116 97.998 35.073 -69.078 100.894
3 0 35.073 -69.078 100.894 35.220 -68.419 100.795 37.913 -69.452 97.903
3 0 38.225 -68.852 97.992 37.913 -69.452 97.903 35.220 -68.419 100.795
3 0 35.220 -68.419 100.795 35.545 -67.825 100.882 38.225 -68.852 97.992
3 0 38.672 -68.405 98.251 38.225 -68.852 97.992 35.545 -67.825 100.882
3 0 35.545 -67.825 100.882 35.999 -67.386 101.143 38.672 -68.405 98.251
3 0 45.358 -64.870 92.111 45.454 -65.494 92.371 40.306 -63.734 98.229
3 0 40.306 -63.734 98.229 40.234 -63.108 97.964 45.358 -64.870 92.111
3 0 45.465 -64.202 92.018 45.358 -64.870 92.111 40.234 -63.108 97.964
3 0 40.234 -63.108 97.964 40.365 -62.445 97.869 45.465 -64.202 92.018
3 0 45.758 -63.592 92.106 45.465 -64.202 92.018 40.365 -62.445 97.869
3 0 40.365 -62.445 97.869 40.677 -61.844 97.958 45.758 -63.592 92.106
3 0 46.193 -63.133 92.362 45.758 -63.592 92.106 40.677 -61.844 97.958
3 0 40.677 -61.844 97.958 41.123 -61.398 98.217 46.193 -63.133 92.362
3 0 46.704 -62.893 92.748 46.193 -63.133 92.362 41.123 -61.398 98.217
3 0 41.123 -61.398 98.217 41.636 -61.173 98.608 46.704 -62.893 92.748
3 0 47.212 -62.911 93.203 46.704 -62.893 92.748 41.636 -61.173 98.608
3 0 41.636 -61.173 98.608 42.138 -61.206 99.071 47.212 -62.911 93.203
3 0 47.641 -63.184 93.660 47.212 -62.911 93.203 42.138 -61.206 99.071
3 0 42.138 -61.206 99.071 42.551 -61.489 99.534 47.641 -63.184 93.660
3 0 47.924 -63.669 94.048 47.641 -63.184 93.660 42.551 -61.489 99.534
3 0 42.551 -61.489 99.534 42.813 -61.981 99.928 47.924 -63.669 94.048
3 0 48.020 -64.293 94.308 47.924 -63.669 94.048 42.813 -61.981 99.928
3 0 42.813 -61.981 99.928 42.885 -62.606 100.193 48.020 -64.293 94.308
3 0 47.913 -64.960 94.401 48.020 -64.293 94.308 42.885 -62.606 100.193
3 0 42.885 -62.606 100.193 42.755 -63.270 100.289 47.913 -64.960 94.401
3 0 47.620 -65.571 94.313 47.913 -64.960 94.401 42.755 -63.270 100.289
3 0 42.755 -63.270 100.289 42.443 -63.870 100.200 47.620 -65.571 94.313
3 0 47.185 -66.030 94.056 47.620 -65.571 94.313 42.443 -63.870 100.200
3 0 42.443 -63.870 100.200 41.996 -64.317 99.940 47.185 -66.030 94.056
3 0 39.417 -65.445 97.975 44.618 -67.232 92.119 44.714 -67.856 92.380
3 0 44.714 -67.856 92.380 39.489 -66.070 98.240 39.417 -65.445 97.975
3 0 39.547 -64.781 97.880 44.725 -66.564 92.026 44.618 -67.232 92.119
3 0 44.618 -67.232 92.119 39.417 -65.445 97.975 39.547 -64.781 97.880
3 0 39.859 -64.180 97.969 45.019 -65.954 92.115 44.725 -66.564 92.026
3 0 44.725 -66.564 92.026 39.547 -64.781 97.880 39.859 -64.180 97.969
3 0 40.306 -63.734 98.229 45.454 -65.494 92.371 45.019 -65.954 92.115
3 0 45.019 -65.954 92.115 39.859 -64.180 97.969 40.306 -63.734 98.229
3 0 42.068 -64.942 100.205 47.280 -66.654 94.317 47.185 -66.030 94.056
3 0 47.185 -66.030 94.056 41.996 -64.317 99.940 42.068 -64.942 100.205
3 0 41.938 -65.606 100.300 47.173 -67.322 94.410 47.280 -66.654 94.317
3 0 47.280 -66.654 94.317 42.068 -64.942 100.205 41.938 -65.606 100.300
3 0 41.625 -66.206 100.211 46.880 -67.933 94.321 47.173 -67.322 94.410
3 0 47.173 -67.322 94.410 41.938 -65.606 100.300 41.625 -66.206 100.211
3 0 41.179 -66.653 99.951 46.445 -68.392 94.065 46.880 -67.933 94.321
3 0 46.880 -67.933 94.321 41.625 -66.206 100.211 41.179 -66.653 99.951
3 0 38.600 -67.780 97.986 43.879 -69.593 92.128 43.975 -70.217 92.388
3 0 43.975 -70.217 92.388 38.672 -68.405 98.251 38.600 -67.780 97.986
3 0 38.730 -67.116 97.891 43.986 -68.925 92.035 43.879 -69.593 92.128
3 0 43.879 -69.593 92.128 38.600 -67.780 97.986 38.730 -67.116 97.891
3 0 39.042 -66.516 97.980 44.279 -68.315 92.123 43.986 -68.925 92.035
3 0 43.986 -68.925 92.035 38.730 -67.116 97.891 39.042 -66.516 97.980
3 0 39.489 -66.070 98.240 44.714 -67.856 92.380 44.279 -68.315 92.123
3 0 44.279 -68.315 92.123 39.042 -66.516 97.980 39.489 -66.070 98.240
3 0 41.251 -67.277 100.216 46.541 -69.015 94.325 46.445 -68.392 94.065
3 0 46.445 -68.392 94.065 41.179 -66.653 99.951 41.251 -67.277 100.216
3 0 41.121 -67.941 100.311 46.434 -69.683 94.418 46.541 -69.015 94.325
3 0 46.541 -69.015 94.325 41.251 -67.277 100.216 41.121 -67.941 100.311
3 0 40.809 -68.542 100.222 46.141 -70.293 94.330 46.434 -69.683 94.418
3 0 46.434 -69.683 94.418 41.121 -67.941 100.311 40.809 -68.542 100.222
3 0 40.362 -68.988 99.962 45.706 -70.753 94.073 46.141 -70.293 94.330
3 0 46.141 -70.293 94.330 40.809 -68.542 100.222 40.362 -68.988 99.962
3 0 45.801 -71.377 94.334 45.706 -70.753 94.073 40.362 -68.988 99.962
3 0 40.362 -68.988 99.962 40.433 -69.613 100.227 45.801 -71.377 94.334
3 0 45.694 -72.045 94.427 45.801 -71.377 94.334 40.433 -69.613 100.227
3 0 40.433 -69.613 100.227 40.303 -70.277 100.322 45.694 -72.045 94.427
3 0 45.401 -72.655 94.338 45.694 -72.045 94.427 40.303 -70.277 100.322
3 0 40.303 -70.277 100.322 39.991 -70.878 100.233 45.401 -72.655 94.338
3 0 44.966 -73.115 94.082 45.401 -72.655 94.338 39.991 -70.878 100.233
3 0 39.991 -70.878 100.233 39.545 -71.324 99.974 44.966 -73.115 94.082
3 0 44.455 -73.354 93.697 44.966 -73.115 94.082 39.545 -71.324 99.974
3 0 39.545 -71.324 99.974 39.032 -71.549 99.583 44.455 -73.354 93.697
3 0 43.947 -73.336 93.241 44.455 -73.354 93.697 39.032 -71.549 99.583
3 0 39.032 -71.549 99.583 38.530 -71.516 99.120 43.947 -73.336 93.241
3 0 43.519 -73.064 92.785 43.947 -73.336 93.241 38.530 -71.516 99.120
3 0 38.530 -71.516 99.120 38.117 -71.233 98.657 43.519 -73.064 92.785
3 0 43.235 -72.579 92.397 43.519 -73.064 92.785 38.117 -71.233 98.657
3 0 38.117 -71.233 98.657 37.854 -70.741 98.263 43.235 -72.579 92.397
3 0 43.139 -71.955 92.136 43.235 -72.579 92.397 37.854 -70.741 98.263
3 0 37.854 -70.741 98.263 37.783 -70.116 97.998 43.139 -71.955 92.136
3 0 43.246 -71.287 92.043 43.139 -71.955 92.136 37.783 -70.116 97.998
3 0 37.783 -70.116 97.998 37.913 -69.452 97.903 43.246 -71.287 92.043
3 0 43.539 -70.677 92.132 43.246 -71.287 92.043 37.913 -69.452 97.903
3 0 37.913 -69.452 97.903 38.225 -68.852 97.992 43.539 -70.677 92.132
3 0 43.975 -70.217 92.388 43.539 -70.677 92.132 38.225 -68.852 97.992
3 0 38.225 -68.852 97.992 38.672 -68.405 98.251 43.975 -70.217 92.388
3 0 50.441 -66.447 86.161 50.565 -67.065 86.422 45.454 -65.494 92.371
3 0 45.454 -65.494 92.371 45.358 -64.870 92.111 50.441 -66.447 86.161
3 0 50.520 -65.775 86.065 50.441 -66.447 86.161 45.358 -64.870 92.111
3 0 45.358 -64.870 92.111 45.465 -64.202 92.018 50.520 -65.775 86.065
3 0 50.789 -65.153 86.148 50.520 -65.775 86.065 45.465 -64.202 92.018
3 0 45.465 -64.202 92.018 45.758 -63.592 92.106 50.789 -65.153 86.148
3 0 51.208 -64.676 86.398 50.789 -65.153 86.148 45.758 -63.592 92.106
3 0 45.758 -63.592 92.106 46.193 -63.133 92.362 51.208 -64.676 86.398
3 0 51.714 -64.415 86.776 51.208 -64.676 86.398 46.193 -63.133 92.362
3 0 46.193 -63.133 92.362 46.704 -62.893 92.748 51.714 -64.415 86.776
3 0 52.228 -64.411 87.225 51.714 -64.415 86.776 46.704 -62.893 92.748
3 0 46.704 -62.893 92.748 47.212 -62.911 93.203 52.228 -64.411 87.225
3 0 52.673 -64.665 87.677 52.228 -64.411 87.225 47.212 -62.911 93.203
3 0 47.212 -62.911 93.203 47.641 -63.184 93.660 52.673 -64.665 87.677
3 0 52.981 -65.137 88.062 52.673 -64.665 87.677 47.641 -63.184 93.660
3 0 47.641 -63.184 93.660 47.924 -63.669 94.048 52.981 -65.137 88.062
3 0 53.105 -65.755 88.323 52.981 -65.137 88.062 47.924 -63.669 94.048
3 0 47.924 -63.669 94.048 48.020 -64.293 94.308 53.105 -65.755 88.323
3 0 53.027 -66.427 88.419 53.105 -65.755 88.323 48.020 -64.293 94.308
3 0 48.020 -64.293 94.308 47.913 -64.960 94.401 53.027 -66.427 88.419
3 0 52.757 -67.049 88.335 53.027 -66.427 88.419 47.913 -64.960 94.401
3 0 47.913 -64.960 94.401 47.620 -65.571 94.313 52.757 -67.049 88.335
3 0 52.338 -67.526 88.086 52.757 -67.049 88.335 47.620 -65.571 94.313
3 0 47.620 -65.571 94.313 47.185 -66.030 94.056 52.338 -67.526 88.086
3 0 44.618 -67.232 92.119 49.798 -68.836 86.185 49.922 -69.455 86.445
3 0 49.922 -69.455 86.445 44.714 -67.856 92.380 44.618 -67.232 92.119
3 0 44.725 -66.564 92.026 49.876 -68.165 86.089 49.798 -68.836 86.185
3 0 49.798 -68.836 86.185 44.618 -67.232 92.119 44.725 -66.564 92.026
3 0 45.019 -65.954 92.115 50.146 -67.543 86.172 49.876 -68.165 86.089
3 0 49.876 -68.165 86.089 44.725 -66.564 92.026 45.019 -65.954 92.115
3 0 45.454 -65.494 92.371 50.565 -67.065 86.422 50.146 -67.543 86.172
3 0 50.146 -67.543 86.172 45.019 -65.954 92.115 45.454 -65.494 92.371
3 0 47.280 -66.654 94.317 52.462 -68.145 88.346 52.338 -67.526 88.086
3 0 52.338 -67.526 88.086 47.185 -66.030 94.056 47.280 -66.654 94.317
3 0 47.173 -67.322 94.410 52.383 -68.817 88.442 52.462 -68.145 88.346
3 0 52.462 -68.145 88.346 47.280 -66.654 94.317 47.173 -67.322 94.410
3 0 46.880 -67.933 94.321 52.114 -69.439 88.359 52.383 -68.817 88.442
3 0 52.383 -68.817 88.442 47.173 -67.322 94.410 46.880 -67.933 94.321
3 0 46.445 -68.392 94.065 51.695 -69.916 88.109 52.114 -69.439 88.359
3 0 52.114 -69.439 88.359 46.880 -67.933 94.321 46.445 -68.392 94.065
3 0 43.879 -69.593 92.128 49.155 -71.225 86.208 49.279 -71.844 86.469
3 0 49.279 -71.844 86.469 43.975 -70.217 92.388 43.879 -69.593 92.128
3 0 43.986 -68.925 92.035 49.233 -70.554 86.112 49.155 -71.225 86.208
3 0 49.155 -71.225 86.208 43.879 -69.593 92.128 43.986 -68.925 92.035
3 0 44.279 -68.315 92.123 49.503 -69.932 86.195 49.233 -70.554 86.112
3 0 49.233 -70.554 86.112 43.986 -68.925 92.035 44.279 -68.315 92.123
3 0 44.714 -67.856 92.380 49.922 -69.455 86.445 49.503 -69.932 86.195
3 0 49.503 -69.932 86.195 44.279 -68.315 92.123 44.714 -67.856 92.380
3 0 46.541 -69.015 94.325 51.819 -70.534 88.370 51.695 -69.916 88.109
3 0 51.695 -69.916 88.109 46.445 -68.392 94.065 46.541 -69.015 94.325
3 0 46.434 -69.683 94.418 51.740 -71.206 88.466 51.819 -70.534 88.370
3 0 51.819 -70.534 88.370 46.541 -69.015 94.325 46.434 -69.683 94.418
3 0 46.141 -70.293 94.330 51.471 -71.827 88.383 51.740 -71.206 88.466
3 0 51.740 -71.206 88.466 46.434 -69.683 94.418 46.141 -70.293 94.330
3 0 45.706 -70.753 94.073 51.052 -72.305 88.133 51.471 -71.827 88.383
3 0 51.471 -71.827 88.383 46.141 -70.293 94.330 45.706 -70.753 94.073
3 0 51.176 -72.924 88.393 51.052 -72.305 88.133 45.706 -70.753 94.073
3 0 45.706 -70.753 94.073 45.801 -71.377 94.334 51.176 -72.924 88.393
3 0 51.097 -73.595 88.489 51.176 -72.924 88.393 45.801 -71.377 94.334
3 0 45.801 -71.377 94.334 45.694 -72.045 94.427 51.097 -73.595 88.489
3 0 50.828 -74.217 88.406 51.097 -73.595 88.489 45.694 -72.045 94.427
3 0 45.694 -72.045 94.427 45.401 -72.655 94.338 50.828 -74.217 88.406
3 0 50.408 -74.695 88.156 50.828 -74.217 88.406 45.401 -72.655 94.338
3 0 45.401 -72.655 94.338 44.966 -73.115 94.082 50.408 -74.695 88.156
3 0 49.903 -74.955 87.778 50.408 -74.695 88.156 44.966 -73.115 94.082
3 0 44.966 -73.115 94.082 44.455 -73.354 93.697 49.903 -74.955 87.778
3 0 49.389 -74.959 87.329 49.903 -74.955 87.778 44.455 -73.354 93.697
3 0 44.455 -73.354 93.697 43.947 -73.336 93.241 49.389 -74.959 87.329
3 0 48.944 -74.706 86.877 49.389 -74.959 87.329 43.947 -73.336 93.241
3 0 43.947 -73.336 93.241 43.519 -73.064 92.785 48.944 -74.706 86.877
3 0 48.636 -74.234 86.492 48.944 -74.706 86.877 43.519 -73.064 92.785
3 0 43.519 -73.064 92.785 43.235 -72.579 92.397 48.636 -74.234 86.492
3 0 48.511 -73.615 86.232 48.636 -74.234 86.492 43.235 -72.579 92.397
3 0 43.235 -72.579 92.397 43.139 -71.955 92.136 48.511 -73.615 86.232
3 0 48.590 -72.944 86.136 48.511 -73.615 86.232 43.139 -71.955 92.136
3 0 43.139 -71.955 92.136 43.246 -71.287 92.043 48.590 -72.944 86.136
3 0 48.859 -72.322 86.219 48.590 -72.944 86.136 43.246 -71.287 92.043
3 0 43.246 -71.287 92.043 43.539 -70.677 92.132 48.859 -72.322 86.219
3 0 49.279 -71.844 86.469 48.859 -72.322 86.219 43.539 -70.677 92.132
3 0 43.539 -70.677 92.132 43.975 -70.217 92.388 49.279 -71.844 86.469
3 0 55.505 -67.845 80.140 55.659 -68.455 80.404 50.565 -67.065 86.422
3 0 50.565 -67.065 86.422 50.441 -66.447 86.161 55.505 -67.845 80.140
3 0 55.552 -67.172 80.038 55.505 -67.845 80.140 50.441 -66.447 86.161
3 0 50.441 -66.447 86.161 50.520 -65.775 86.065 55.552 -67.172 80.038
3 0 55.794 -66.538 80.113 55.552 -67.172 80.038 50.520 -65.775 86.065
3 0 50.520 -65.775 86.065 50.789 -65.153 86.148 55.794 -66.538 80.113
3 0 56.194 -66.040 80.355 55.794 -66.538 80.113 50.789 -65.153 86.148
3 0 50.789 -65.153 86.148 51.208 -64.676 86.398 56.194 -66.040 80.355
3 0 56.691 -65.754 80.725 56.194 -66.040 80.355 51.208 -64.676 86.398
3 0 51.208 -64.676 86.398 51.714 -64.415 86.776 56.691 -65.754 80.725
3 0 57.210 -65.723 81.169 56.691 -65.754 80.725 51.714 -64.415 86.776
3 0 51.714 -64.415 86.776 52.228 -64.411 87.225 57.210 -65.723 81.169
3 0 57.670 -65.952 81.617 57.210 -65.723 81.169 52.228 -64.411 87.225
3 0 52.228 -64.411 87.225 52.673 -64.665 87.677 57.670 -65.952 81.617
3 0 58.003 -66.407 82.003 57.670 -65.952 81.617 52.673 -64.665 87.677
3 0 52.673 -64.665 87.677 52.981 -65.137 88.062 58.003 -66.407 82.003
3 0 58.158 -67.017 82.267 58.003 -66.407 82.003 52.981 -65.137 88.062
3 0 52.981 -65.137 88.062 53.105 -65.755 88.323 58.158 -67.017 82.267
3 0 58.110 -67.691 82.369 58.158 -67.017 82.267 53.105 -65.755 88.323
3 0 53.105 -65.755 88.323 53.027 -66.427 88.419 58.110 -67.691 82.369
3 0 57.868 -68.325 82.294 58.110 -67.691 82.369 53.027 -66.427 88.419
3 0 53.027 -66.427 88.419 52.757 -67.049 88.335 57.868 -68.325 82.294
3 0 57.468 -68.823 82.052 57.868 -68.325 82.294 52.757 -67.049 88.335
3 0 52.757 -67.049 88.335 52.338 -67.526 88.086 57.468 -68.823 82.052
3 0 49.798 -68.836 86.185 54.969 -70.261 80.189 55.124 -70.871 80.453
3 0 55.124 -70.871 80.453 49.922 -69.455 86.445 49.798 -68.836 86.185
3 0 49.876 -68.165 86.089 55.017 -69.587 80.087 54.969 -70.261 80.189
3 0 54.969 -70.261 80.189 49.798 -68.836 86.185 49.876 -68.165 86.089
3 0 50.146 -67.543 86.172 55.259 -68.954 80.162 55.017 -69.587 80.087
3 0 55.017 -69.587 80.087 49.876 -68.165 86.089 50.146 -67.543 86.172
3 0 50.565 -67.065 86.422 55.659 -68.455 80.404 55.259 -68.954 80.162
3 0 55.259 -68.954 80.162 50.146 -67.543 86.172 50.565 -67.065 86.422
3 0 52.462 -68.145 88.346 57.623 -69.433 82.316 57.468 -68.823 82.052
3 0 57.468 -68.823 82.052 52.338 -67.526 88.086 52.462 -68.145 88.346
3 0 52.383 -68.817 88.442 57.575 -70.107 82.418 57.623 -69.433 82.316
3 0 57.623 -69.433 82.316 52.462 -68.145 88.346 52.383 -68.817 88.442
3 0 52.114 -69.439 88.359 57.333 -70.741 82.343 57.575 -70.107 82.418
3 0 57.575 -70.107 82.418 52.383 -68.817 88.442 52.114 -69.439 88.359
3 0 51.695 -69.916 88.109 56.933 -71.239 82.102 57.333 -70.741 82.343
3 0 57.333 -70.741 82.343 52.114 -69.439 88.359 51.695 -69.916 88.109
3 0 49.155 -71.225 86.208 54.434 -72.676 80.238 54.589 -73.286 80.502
3 0 54.589 -73.286 80.502 49.279 -71.844 86.469 49.155 -71.225 86.208
3 0 49.233 -70.554 86.112 54.482 -72.002 80.136 54.434 -72.676 80.238
3 0 54.434 -72.676 80.238 49.155 -71.225 86.208 49.233 -70.554 86.112
3 0 49.503 -69.932 86.195 54.724 -71.368 80.212 54.482 -72.002 80.136
3 0 54.482 -72.002 80.136 49.233 -70.554 86.112 49.503 -69.932 86.195
3 0 49.922 -69.455 86.445 55.124 -70.871 80.453 54.724 -71.368 80.212
3 0 54.724 -71.368 80.212 49.503 -69.932 86.195 49.922 -69.455 86.445
3 0 51.819 -70.534 88.370 57.088 -71.848 82.366 56.933 -71.239 82.102
3 0 56.933 -71.239 82.102 51.695 -69.916 88.109 51.819 -70.534 88.370
3 0 51.740 -71.206 88.466 57.040 -72.522 82.468 57.088 -71.848 82.366
3 0 57.088 -71.848 82.366 51.819 -70.534 88.370 51.740 -71.206 88.466
3 0 51.471 -71.827 88.383 56.798 -73.156 82.392 57.040 -72.522 82.468
3 0 57.040 -72.522 82.468 51.740 -71.206 88.466 51.471 -71.827 88.383
3 0 51.052 -72.305 88.133 56.398 -73.653 82.151 56.798 -73.156 82.392
3 0 56.798 -73.156 82.392 51.471 -71.827 88.383 51.052 -72.305 88.133
3 0 56.552 -74.264 82.415 56.398 -73.653 82.151 51.052 -72.305 88.133
3 0 51.052 -72.305 88.133 51.176 -72.924 88.393 56.552 -74.264 82.415
3 0 56.505 -74.938 82.517 56.552 -74.264 82.415 51.176 -72.924 88.393
3 0 51.176 -72.924 88.393 51.097 -73.595 88.489 56.505 -74.938 82.517
3 0 56.263 -75.572 82.442 56.505 -74.938 82.517 51.097 -73.595 88.489
3 0 51.097 -73.595 88.489 50.828 -74.217 88.406 56.263 -75.572 82.442
3 0 55.863 -76.069 82.200 56.263 -75.572 82.442 50.828 -74.217 88.406
3 0 50.828 -74.217 88.406 50.408 -74.695 88.156 55.863 -76.069 82.200
3 0 55.366 -76.356 81.830 55.863 -76.069 82.200 50.408 -74.695 88.156
3 0 50.408 -74.695 88.156 49.903 -74.955 87.778 55.366 -76.356 81.830
3 0 54.847 -76.386 81.386 55.366 -76.356 81.830 49.903 -74.955 87.778
3 0 49.903 -74.955 87.778 49.389 -74.959 87.329 54.847 -76.386 81.386
3 0 54.387 -76.157 80.937 54.847 -76.386 81.386 49.389 -74.959 87.329
3 0 49.389 -74.959 87.329 48.944 -74.706 86.877 54.387 -76.157 80.937
3 0 54.054 -75.702 80.552 54.387 -76.157 80.937 48.944 -74.706 86.877
3 0 48.944 -74.706 86.877 48.636 -74.234 86.492 54.054 -75.702 80.552
3 0 53.899 -75.092 80.288 54.054 -75.702 80.552 48.636 -74.234 86.492
3 0 48.636 -74.234 86.492 48.511 -73.615 86.232 53.899 -75.092 80.288
3 0 53.947 -74.418 80.186 53.899 -75.092 80.288 48.511 -73.615 86.232
3 0 48.511 -73.615 86.232 48.590 -72.944 86.136 53.947 -74.418 80.186
3 0 54.189 -73.784 80.261 53.947 -74.418 80.186 48.590 -72.944 86.136
3 0 48.590 -72.944 86.136 48.859 -72.322 86.219 54.189 -73.784 80.261
3 0 54.589 -73.286 80.502 54.189 -73.784 80.261 48.859 -72.322 86.219
3 0 48.859 -72.322 86.219 49.279 -71.844 86.469 54.589 -73.286 80.502
3 0 63.335 -70.286 71.304 55.659 -68.455 80.404 55.505 -67.845 80.140
3 0 55.505 -67.845 80.140 63.143 -69.692 71.029 63.335 -70.286 71.304
3 0 63.143 -69.692 71.029 55.505 -67.845 80.140 55.552 -67.172 80.038
3 0 55.552 -67.172 80.038 63.149 -69.019 70.913 63.143 -69.692 71.029
3 0 63.149 -69.019 70.913 55.552 -67.172 80.038 55.794 -66.538 80.113
3 0 55.794 -66.538 80.113 63.354 -68.370 70.973 63.149 -69.019 70.913
3 0 63.354 -68.370 70.973 55.794 -66.538 80.113 56.194 -66.040 80.355
3 0 56.194 -66.040 80.355 63.726 -67.845 71.200 63.354 -68.370 70.973
3 0 63.726 -67.845 71.200 56.194 -66.040 80.355 56.691 -65.754 80.725
3 0 56.691 -65.754 80.725 64.209 -67.522 71.560 63.726 -67.845 71.200
3 0 64.209 -67.522 71.560 56.691 -65.754 80.725 57.210 -65.723 81.169
3 0 57.210 -65.723 81.169 64.728 -67.452 71.998 64.209 -67.522 71.560
3 0 64.728 -67.452 71.998 57.210 -65.723 81.169 57.670 -65.952 81.617
3 0 57.670 -65.952 81.617 65.205 -67.644 72.446 64.728 -67.452 71.998
3 0 65.205 -67.644 72.446 57.670 -65.952 81.617 58.003 -66.407 82.003
3 0 58.003 -66.407 82.003 65.568 -68.070 72.838 65.205 -67.644 72.446
3 0 65.568 -68.070 72.838 58.003 -66.407 82.003 58.158 -67.017 82.267
3 0 58.158 -67.017 82.267 65.760 -68.665 73.113 65.568 -68.070 72.838
3 0 65.760 -68.665 73.113 58.158 -67.017 82.267 58.110 -67.691 82.369
3 0 58.110 -67.691 82.369 65.754 -69.337 73.229 65.760 -68.665 73.113
3 0 65.754 -69.337 73.229 58.110 -67.691 82.369 57.868 -68.325 82.294
3 0 57.868 -68.325 82.294 65.549 -69.986 73.169 65.754 -69.337 73.229
3 0 65.549 -69.986 73.169 57.868 -68.325 82.294 57.468 -68.823 82.052
3 0 57.468 -68.823 82.052 65.177 -70.512 72.942 65.549 -69.986 73.169
3 0 62.752 -72.133 71.133 62.944 -72.728 71.407 55.124 -70.871 80.453
3 0 55.124 -70.871 80.453 54.969 -70.261 80.189 62.752 -72.133 71.133
3 0 62.758 -71.461 71.016 62.752 -72.133 71.133 54.969 -70.261 80.189
3 0 54.969 -70.261 80.189 55.017 -69.587 80.087 62.758 -71.461 71.016
3 0 62.963 -70.812 71.076 62.758 -71.461 71.016 55.017 -69.587 80.087
3 0 55.017 -69.587 80.087 55.259 -68.954 80.162 62.963 -70.812 71.076
3 0 63.335 -70.286 71.304 62.963 -70.812 71.076 55.259 -68.954 80.162
3 0 55.259 -68.954 80.162 55.659 -68.455 80.404 63.335 -70.286 71.304
3 0 65.369 -71.106 73.217 65.177 -70.512 72.942 57.468 -68.823 82.052
3 0 57.468 -68.823 82.052 57.623 -69.433 82.316 65.369 -71.106 73.217
3 0 65.363 -71.779 73.333 65.369 -71.106 73.217 57.623 -69.433 82.316
3 0 57.623 -69.433 82.316 57.575 -70.107 82.418 65.363 -71.779 73.333
3 0 65.158 -72.428 73.273 65.363 -71.779 73.333 57.575 -70.107 82.418
3 0 57.575 -70.107 82.418 57.333 -70.741 82.343 65.158 -72.428 73.273
3 0 64.786 -72.953 73.045 65.158 -72.428 73.273 57.333 -70.741 82.343
3 0 57.333 -70.741 82.343 56.933 -71.239 82.102 64.786 -72.953 73.045
3 0 62.361 -74.574 71.236 62.554 -75.169 71.511 54.589 -73.286 80.502
3 0 54.589 -73.286 80.502 54.434 -72.676 80.238 62.361 -74.574 71.236
3 0 62.368 -73.901 71.120 62.361 -74.574 71.236 54.434 -72.676 80.238
3 0 54.434 -72.676 80.238 54.482 -72.002 80.136 62.368 -73.901 71.120
3 0 62.573 -73.253 71.180 62.368 -73.901 71.120 54.482 -72.002 80.136
3 0 54.482 -72.002 80.136 54.724 -71.368 80.212 62.573 -73.253 71.180
3 0 62.944 -72.728 71.407 62.573 -73.253 71.180 54.724 -71.368 80.212
3 0 54.724 -71.368 80.212 55.124 -70.871 80.453 62.944 -72.728 71.407
3 0 64.979 -73.547 73.320 64.786 -72.953 73.045 56.933 -71.239 82.102
3 0 56.933 -71.239 82.102 57.088 -71.848 82.366 64.979 -73.547 73.320
3 0 64.972 -74.220 73.436 64.979 -73.547 73.320 57.088 -71.848 82.366
3 0 57.088 -71.848 82.366 57.040 -72.522 82.468 64.972 -74.220 73.436
3 0 64.767 -74.869 73.376 64.972 -74.220 73.436 57.040 -72.522 82.468
3 0 57.040 -72.522 82.468 56.798 -73.156 82.392 64.767 -74.869 73.376
3 0 64.395 -75.394 73.149 64.767 -74.869 73.376 56.798 -73.156 82.392
3 0 56.798 -73.156 82.392 56.398 -73.653 82.151 64.395 -75.394 73.149
3 0 64.395 -75.394 73.149 56.398 -73.653 82.151 56.552 -74.264 82.415
3 0 56.552 -74.264 82.415 64.588 -75.989 73.424 64.395 -75.394 73.149
3 0 64.588 -75.989 73.424 56.552 -74.264 82.415 56.505 -74.938 82.517
3 0 56.505 -74.938 82.517 64.581 -76.662 73.540 64.588 -75.989 73.424
3 0 64.581 -76.662 73.540 56.505 -74.938 82.517 56.263 -75.572 82.442
3 0 56.263 -75.572 82.442 64.376 -77.310 73.480 64.581 -76.662 73.540
3 0 64.376 -77.310 73.480 56.263 -75.572 82.442 55.863 -76.069 82.200
3 0 55.863 -76.069 82.200 64.004 -77.836 73.253 64.376 -77.310 73.480
3 0 64.004 -77.836 73.253 55.863 -76.069 82.200 55.366 -76.356 81.830
3 0 55.366 -76.356 81.830 63.522 -78.158 72.893 64.004 -77.836 73.253
3 0 63.522 -78.158 72.893 55.366 -76.356 81.830 54.847 -76.386 81.386
3 0 54.847 -76.386 81.386 63.002 -78.229 72.455 63.522 -78.158 72.893
3 0 63.002 -78.229 72.455 54.847 -76.386 81.386 54.387 -76.157 80.937
3 0 54.387 -76.157 80.937 62.525 -78.037 72.006 63.002 -78.229 72.455
3 0 62.525 -78.037 72.006 54.387 -76.157 80.937 54.054 -75.702 80.552
3 0 54.054 -75.702 80.552 62.163 -77.611 71.615 62.525 -78.037 72.006
3 0 62.163 -77.611 71.615 54.054 -75.702 80.552 53.899 -75.092 80.288
3 0 53.899 -75.092 80.288 61.970 -77.016 71.340 62.163 -77.611 71.615
3 0 61.970 -77.016 71.340 53.899 -75.092 80.288 53.947 -74.418 80.186
3 0 53.947 -74.418 80.186 61.977 -76.343 71.224 61.970 -77.016 71.340
3 0 61.977 -76.343 71.224 53.947 -74.418 80.186 54.189 -73.784 80.261
3 0 54.189 -73.784 80.261 62.182 -75.695 71.284 61.977 -76.343 71.224
3 0 62.182 -75.695 71.284 54.189 -73.784 80.261 54.589 -73.286 80.502
3 0 54.589 -73.286 80.502 62.554 -75.169 71.511 62.182 -75.695 71.284
3 0 70.688 -71.807 62.519 63.335 -70.286 71.304 63.143 -69.692 71.029
3 0 63.143 -69.692 71.029 70.450 -71.239 62.224 70.688 -71.807 62.519
3 0 70.450 -71.239 62.224 63.143 -69.692 71.029 63.149 -69.019 70.913
3 0 63.149 -69.019 70.913 70.405 -70.572 62.083 70.450 -71.239 62.224
3 0 70.405 -70.572 62.083 63.149 -69.019 70.913 63.354 -68.370 70.973
3 0 63.354 -68.370 70.973 70.561 -69.908 62.117 70.405 -70.572 62.083
3 0 70.561 -69.908 62.117 63.354 -68.370 70.973 63.726 -67.845 71.200
3 0 63.726 -67.845 71.200 70.894 -69.348 62.322 70.561 -69.908 62.117
3 0 70.894 -69.348 62.322 63.726 -67.845 71.200 64.209 -67.522 71.560
3 0 64.209 -67.522 71.560 71.353 -68.977 62.666 70.894 -69.348 62.322
3 0 71.353 -68.977 62.666 64.209 -67.522 71.560 64.728 -67.452 71.998
3 0 64.728 -67.452 71.998 71.868 -68.852 63.097 71.353 -68.977 62.666
3 0 71.868 -68.852 63.097 64.728 -67.452 71.998 65.205 -67.644 72.446
3 0 65.205 -67.644 72.446 72.360 -68.991 63.548 71.868 -68.852 63.097
3 0 72.360 -68.991 63.548 65.205 -67.644 72.446 65.568 -68.070 72.838
3 0 65.568 -68.070 72.838 72.756 -69.374 63.952 72.360 -68.991 63.548
3 0 72.756 -69.374 63.952 65.568 -68.070 72.838 65.760 -68.665 73.113
3 0 65.760 -68.665 73.113 72.994 -69.942 64.247 72.756 -69.374 63.952
3 0 72.994 -69.942 64.247 65.760 -68.665 73.113 65.754 -69.337 73.229
3 0 65.754 -69.337 73.229 73.039 -70.608 64.388 72.994 -69.942 64.247
3 0 73.039 -70.608 64.388 65.754 -69.337 73.229 65.549 -69.986 73.169
3 0 65.549 -69.986 73.169 72.883 -71.272 64.353 73.039 -70.608 64.388
3 0 72.883 -71.272 64.353 65.549 -69.986 73.169 65.177 -70.512 72.942
3 0 65.177 -70.512 72.942 72.550 -71.832 64.149 72.883 -71.272 64.353
3 0 70.244 -73.697 62.420 70.482 -74.265 62.715 62.944 -72.728 71.407
3 0 62.944 -72.728 71.407 62.752 -72.133 71.133 70.244 -73.697 62.420
3 0 70.200 -73.031 62.279 70.244 -73.697 62.420 62.752 -72.133 71.133
3 0 62.752 -72.133 71.133 62.758 -71.461 71.016 70.200 -73.031 62.279
3 0 70.355 -72.367 62.314 70.200 -73.031 62.279 62.758 -71.461 71.016
3 0 62.758 -71.461 71.016 62.963 -70.812 71.076 70.355 -72.367 62.314
3 0 70.688 -71.807 62.519 70.355 -72.367 62.314 62.963 -70.812 71.076
3 0 62.963 -70.812 71.076 63.335 -70.286 71.304 70.688 -71.807 62.519
3 0 72.788 -72.400 64.444 72.550 -71.832 64.149 65.177 -70.512 72.942
3 0 65.177 -70.512 72.942 65.369 -71.106 73.217 72.788 -72.400 64.444
3 0 72.833 -73.067 64.584 72.788 -72.400 64.444 65.369 -71.106 73.217
3 0 65.369 -71.106 73.217 65.363 -71.779 73.333 72.833 -73.067 64.584
3 0 72.677 -73.731 64.550 72.833 -73.067 64.584 65.363 -71.779 73.333
3 0 65.363 -71.779 73.333 65.158 -72.428 73.273 72.677 -73.731 64.550
3 0 72.344 -74.291 64.345 72.677 -73.731 64.550 65.158 -72.428 73.273
3 0 65.158 -72.428 73.273 64.786 -72.953 73.045 72.344 -74.291 64.345
3 0 70.038 -76.155 62.616 70.277 -76.723 62.911 62.554 -75.169 71.511
3 0 62.554 -75.169 71.511 62.361 -74.574 71.236 70.038 -76.155 62.616
3 0 69.994 -75.488 62.475 70.038 -76.155 62.616 62.361 -74.574 71.236
3 0 62.361 -74.574 71.236 62.368 -73.901 71.120 69.994 -75.488 62.475
3 0 70.150 -74.824 62.510 69.994 -75.488 62.475 62.368 -73.901 71.120
3 0 62.368 -73.901 71.120 62.573 -73.253 71.180 70.150 -74.824 62.510
3 0 70.482 -74.265 62.715 70.150 -74.824 62.510 62.573 -73.253 71.180
3 0 62.573 -73.253 71.180 62.944 -72.728 71.407 70.482 -74.265 62.715
3 0 72.583 -74.858 64.640 72.344 -74.291 64.345 64.786 -72.953 73.045
3 0 64.786 -72.953 73.045 64.979 -73.547 73.320 72.583 -74.858 64.640
3 0 72.627 -75.525 64.781 72.583 -74.858 64.640 64.979 -73.547 73.320
3 0 64.979 -73.547 73.320 64.972 -74.220 73.436 72.627 -75.525 64.781
3 0 72.471 -76.188 64.746 72.627 -75.525 64.781 64.972 -74.220 73.436
3 0 64.972 -74.220 73.436 64.767 -74.869 73.376 72.471 -76.188 64.746
3 0 72.139 -76.748 64.541 72.471 -76.188 64.746 64.767 -74.869 73.376
3 0 64.767 -74.869 73.376 64.395 -75.394 73.149 72.139 -76.748 64.541
3 0 72.139 -76.748 64.541 64.395 -75.394 73.149 64.588 -75.989 73.424
3 0 64.588 -75.989 73.424 72.377 -77.317 64.836 72.139 -76.748 64.541
3 0 72.377 -77.317 64.836 64.588 -75.989 73.424 64.581 -76.662 73.540
3 0 64.581 -76.662 73.540 72.421 -77.983 64.977 72.377 -77.317 64.836
3 0 72.421 -77.983 64.977 64.581 -76.662 73.540 64.376 -77.310 73.480
3 0 64.376 -77.310 73.480 72.265 -78.647 64.942 72.421 -77.983 64.977
3 0 72.265 -78.647 64.942 64.376 -77.310 73.480 64.004 -77.836 73.253
3 0 64.004 -77.836 73.253 71.933 -79.207 64.737 72.265 -78.647 64.942
3 0 71.933 -79.207 64.737 64.004 -77.836 73.253 63.522 -78.158 72.893
3 0 63.522 -78.158 72.893 71.474 -79.578 64.394 71.933 -79.207 64.737
3 0 71.474 -79.578 64.394 63.522 -78.158 72.893 63.002 -78.229 72.455
3 0 63.002 -78.229 72.455 70.959 -79.703 63.963 71.474 -79.578 64.394
3 0 70.959 -79.703 63.963 63.002 -78.229 72.455 62.525 -78.037 72.006
3 0 62.525 -78.037 72.006 70.466 -79.564 63.511 70.959 -79.703 63.963
3 0 70.466 -79.564 63.511 62.525 -78.037 72.006 62.163 -77.611 71.615
3 0 62.163 -77.611 71.615 70.071 -79.181 63.107 70.466 -79.564 63.511
3 0 70.071 -79.181 63.107 62.163 -77.611 71.615 61.970 -77.016 71.340
3 0 61.970 -77.016 71.340 69.833 -78.613 62.812 70.071 -79.181 63.107
3 0 69.833 -78.613 62.812 61.970 -77.016 71.340 61.977 -76.343 71.224
3 0 61.977 -76.343 71.224 69.788 -77.947 62.672 69.833 -78.613 62.812
3 0 69.788 -77.947 62.672 61.977 -76.343 71.224 62.182 -75.695 71.284
3 0 62.182 -75.695 71.284 69.944 -77.283 62.706 69.788 -77.947 62.672
3 0 69.944 -77.283 62.706 62.182 -75.695 71.284 62.554 -75.169 71.511
3 0 62.554 -75.169 71.511 70.277 -76.723 62.911 69.944 -77.283 62.706
3 0 78.418 -73.205 53.347 70.688 -71.807 62.519 70.450 -71.239 62.224
3 0 70.450 -71.239 62.224 78.131 -72.676 53.024 78.418 -73.205 53.347
3 0 78.131 -72.676 53.024 70.450 -71.239 62.224 70.405 -70.572 62.083
3 0 70.405 -70.572 62.083 78.029 -72.025 52.849 78.131 -72.676 53.024
3 0 78.029 -72.025 52.849 70.405 -70.572 62.083 70.561 -69.908 62.117
3 0 70.561 -69.908 62.117 78.126 -71.349 52.848 78.029 -72.025 52.849
3 0 78.126 -71.349 52.848 70.561 -69.908 62.117 70.894 -69.348 62.322
3 0 70.894 -69.348 62.322 78.409 -70.752 53.022 78.126 -71.349 52.848
3 0 78.409 -70.752 53.022 70.894 -69.348 62.322 71.353 -68.977 62.666
3 0 71.353 -68.977 62.666 78.833 -70.325 53.343 78.409 -70.752 53.022
3 0 78.833 -70.325 53.343 71.353 -68.977 62.666 71.868 -68.852 63.097
3 0 71.868 -68.852 63.097 79.335 -70.133 53.764 78.833 -70.325 53.343
3 0 79.335 -70.133 53.764 71.868 -68.852 63.097 72.360 -68.991 63.548
3 0 72.360 -68.991 63.548 79.838 -70.205 54.221 79.335 -70.133 53.764
3 0 79.838 -70.205 54.221 72.360 -68.991 63.548 72.756 -69.374 63.952
3 0 72.756 -69.374 63.952 80.266 -70.530 54.642 79.838 -70.205 54.221
3 0 80.266 -70.530 54.642 72.756 -69.374 63.952 72.994 -69.942 64.247
3 0 72.994 -69.942 64.247 80.553 -71.059 54.965 80.266 -70.530 54.642
3 0 80.553 -71.059 54.965 72.994 -69.942 64.247 73.039 -70.608 64.388
3 0 73.039 -70.608 64.388 80.655 -71.710 55.141 80.553 -71.059 54.965
3 0 80.655 -71.710 55.141 73.039 -70.608 64.388 72.883 -71.272 64.353
3 0 72.883 -71.272 64.353 80.557 -72.386 55.142 80.655 -71.710 55.141
3 0 80.557 -72.386 55.142 72.883 -71.272 64.353 72.550 -71.832 64.149
3 0 72.550 -71.832 64.149 80.275 -72.983 54.968 80.557 -72.386 55.142
3 0 78.140 -75.130 53.350 78.427 -75.659 53.673 70.482 -74.265 62.715
3 0 70.482 -74.265 62.715 70.244 -73.697 62.420 78.140 -75.130 53.350
3 0 78.038 -74.478 53.175 78.140 -75.130 53.350 70.244 -73.697 62.420
3 0 70.244 -73.697 62.420 70.200 -73.031 62.279 78.038 -74.478 53.175
3 0 78.135 -73.802 53.174 78.038 -74.478 53.175 70.200 -73.031 62.279
3 0 70.200 -73.031 62.279 70.355 -72.367 62.314 78.135 -73.802 53.174
3 0 78.418 -73.205 53.347 78.135 -73.802 53.174 70.355 -72.367 62.314
3 0 70.355 -72.367 62.314 70.688 -71.807 62.519 78.418 -73.205 53.347
3 0 80.562 -73.512 55.291 80.275 -72.983 54.968 72.550 -71.832 64.149
3 0 72.550 -71.832 64.149 72.788 -72.400 64.444 80.562 -73.512 55.291
3 0 80.664 -74.164 55.467 80.562 -73.512 55.291 72.788 -72.400 64.444
3 0 72.788 -72.400 64.444 72.833 -73.067 64.584 80.664 -74.164 55.467
3 0 80.567 -74.840 55.468 80.664 -74.164 55.467 72.833 -73.067 64.584
3 0 72.833 -73.067 64.584 72.677 -73.731 64.550 80.567 -74.840 55.468
3 0 80.284 -75.437 55.294 80.567 -74.840 55.468 72.677 -73.731 64.550
3 0 72.677 -73.731 64.550 72.344 -74.291 64.345 80.284 -75.437 55.294
3 0 78.149 -77.582 53.676 78.436 -78.111 53.999 70.277 -76.723 62.911
3 0 70.277 -76.723 62.911 70.038 -76.155 62.616 78.149 -77.582 53.676
3 0 78.047 -76.930 53.500 78.149 -77.582 53.676 70.038 -76.155 62.616
3 0 70.038 -76.155 62.616 69.994 -75.488 62.475 78.047 -76.930 53.500
3 0 78.144 -76.255 53.499 78.047 -76.930 53.500 69.994 -75.488 62.475
3 0 69.994 -75.488 62.475 70.150 -74.824 62.510 78.144 -76.255 53.499
3 0 78.427 -75.659 53.673 78.144 -76.255 53.499 70.150 -74.824 62.510
3 0 70.150 -74.824 62.510 70.482 -74.265 62.715 78.427 -75.659 53.673
3 0 80.571 -75.964 55.617 80.284 -75.437 55.294 72.344 -74.291 64.345
3 0 72.344 -74.291 64.345 72.583 -74.858 64.640 80.571 -75.964 55.617
3 0 80.673 -76.616 55.792 80.571 -75.964 55.617 72.583 -74.858 64.640
3 0 72.583 -74.858 64.640 72.627 -75.525 64.781 80.673 -76.616 55.792
3 0 80.576 -77.292 55.793 80.673 -76.616 55.792 72.627 -75.525 64.781
3 0 72.627 -75.525 64.781 72.471 -76.188 64.746 80.576 -77.292 55.793
3 0 80.293 -77.889 55.619 80.576 -77.292 55.793 72.471 -76.188 64.746
3 0 72.471 -76.188 64.746 72.139 -76.748 64.541 80.293 -77.889 55.619
3 0 80.293 -77.889 55.619 72.139 -76.748 64.541 72.377 -77.317 64.836
3 0 72.377 -77.317 64.836 80.580 -78.418 55.943 80.293 -77.889 55.619
3 0 80.580 -78.418 55.943 72.377 -77.317 64.836 72.421 -77.983 64.977
3 0 72.421 -77.983 64.977 80.682 -79.070 56.118 80.580 -78.418 55.943
3 0 80.682 -79.070 56.118 72.421 -77.983 64.977 72.265 -78.647 64.942
3 0 72.265 -78.647 64.942 80.585 -79.746 56.119 80.682 -79.070 56.118
3 0 80.585 -79.746 56.119 72.265 -78.647 64.942 71.933 -79.207 64.737
3 0 71.933 -79.207 64.737 80.302 -80.342 55.945 80.585 -79.746 56.119
3 0 80.302 -80.342 55.945 71.933 -79.207 64.737 71.474 -79.578 64.394
3 0 71.474 -79.578 64.394 79.877 -80.769 55.623 80.302 -80.342 55.945
3 0 79.877 -80.769 55.623 71.474 -79.578 64.394 70.959 -79.703 63.963
3 0 70.959 -79.703 63.963 79.375 -80.962 55.202 79.877 -80.769 55.623
3 0 79.375 -80.962 55.202 70.959 -79.703 63.963 70.466 -79.564 63.511
3 0 70.466 -79.564 63.511 78.872 -80.890 54.746 79.375 -80.962 55.202
3 0 78.872 -80.890 54.746 70.466 -79.564 63.511 70.071 -79.181 63.107
3 0 70.071 -79.181 63.107 78.445 -80.565 54.325 78.872 -80.890 54.746
3 0 78.445 -80.565 54.325 70.071 -79.181 63.107 69.833 -78.613 62.812
3 0 69.833 -78.613 62.812 78.158 -80.036 54.001 78.445 -80.565 54.325
3 0 78.158 -80.036 54.001 69.833 -78.613 62.812 69.788 -77.947 62.672
3 0 69.788 -77.947 62.672 78.056 -79.384 53.826 78.158 -80.036 54.001
3 0 78.056 -79.384 53.826 69.788 -77.947 62.672 69.944 -77.283 62.706
3 0 69.944 -77.283 62.706 78.153 -78.708 53.825 78.056 -79.384 53.826
3 0 78.153 -78.708 53.825 69.944 -77.283 62.706 70.277 -76.723 62.911
3 0 70.277 -76.723 62.911 78.436 -78.111 53.999 78.153 -78.708 53.825
3 0 86.252 -74.452 44.218 78.418 -73.205 53.347 78.131 -72.676 53.024
3 0 78.131 -72.676 53.024 85.916 -73.977 43.860 86.252 -74.452 44.218
3 0 85.916 -73.977 43.860 78.131 -72.676 53.024 78.029 -72.025 52.849
3 0 78.029 -72.025 52.849 85.751 -73.352 43.640 85.916 -73.977 43.860
3 0 85.751 -73.352 43.640 78.029 -72.025 52.849 78.126 -71.349 52.848
3 0 78.126 -71.349 52.848 85.782 -72.672 43.593 85.751 -73.352 43.640
3 0 85.782 -72.672 43.593 78.126 -71.349 52.848 78.409 -70.752 53.022
3 0 78.409 -70.752 53.022 86.003 -72.040 43.725 85.782 -72.672 43.593
3 0 86.003 -72.040 43.725 78.409 -70.752 53.022 78.833 -70.325 53.343
3 0 78.833 -70.325 53.343 86.382 -71.552 44.016 86.003 -72.040 43.725
3 0 86.382 -71.552 44.016 78.833 -70.325 53.343 79.335 -70.133 53.764
3 0 79.335 -70.133 53.764 86.861 -71.283 44.422 86.382 -71.552 44.016
3 0 86.861 -71.283 44.422 79.335 -70.133 53.764 79.838 -70.205 54.221
3 0 79.838 -70.205 54.221 87.366 -71.274 44.881 86.861 -71.283 44.422
3 0 87.366 -71.274 44.881 79.838 -70.205 54.221 80.266 -70.530 54.642
3 0 80.266 -70.530 54.642 87.821 -71.525 45.323 87.366 -71.274 44.881
3 0 87.821 -71.525 45.323 80.266 -70.530 54.642 80.553 -71.059 54.965
3 0 80.553 -71.059 54.965 88.157 -72.000 45.681 87.821 -71.525 45.323
3 0 88.157 -72.000 45.681 80.553 -71.059 54.965 80.655 -71.710 55.141
3 0 80.655 -71.710 55.141 88.322 -72.625 45.901 88.157 -72.000 45.681
3 0 88.322 -72.625 45.901 80.655 -71.710 55.141 80.557 -72.386 55.142
3 0 80.557 -72.386 55.142 88.292 -73.305 45.948 88.322 -72.625 45.901
3 0 88.292 -73.305 45.948 80.557 -72.386 55.142 80.275 -72.983 54.968
3 0 80.275 -72.983 54.968 88.070 -73.938 45.816 88.292 -73.305 45.948
3 0 86.165 -76.390 44.353 86.501 -76.865 44.711 78.427 -75.659 53.673
3 0 78.427 -75.659 53.673 78.140 -75.130 53.350 86.165 -76.390 44.353
3 0 86.000 -75.765 44.133 86.165 -76.390 44.353 78.140 -75.130 53.350
3 0 78.140 -75.130 53.350 78.038 -74.478 53.175 86.000 -75.765 44.133
3 0 86.031 -75.084 44.086 86.000 -75.765 44.133 78.038 -74.478 53.175
3 0 78.038 -74.478 53.175 78.135 -73.802 53.174 86.031 -75.084 44.086
3 0 86.252 -74.452 44.218 86.031 -75.084 44.086 78.135 -73.802 53.174
3 0 78.135 -73.802 53.174 78.418 -73.205 53.347 86.252 -74.452 44.218
3 0 88.406 -74.412 46.174 88.070 -73.938 45.816 80.275 -72.983 54.968
3 0 80.275 -72.983 54.968 80.562 -73.512 55.291 88.406 -74.412 46.174
3 0 88.571 -75.038 46.394 88.406 -74.412 46.174 80.562 -73.512 55.291
3 0 80.562 -73.512 55.291 80.664 -74.164 55.467 88.571 -75.038 46.394
3 0 88.541 -75.718 46.441 88.571 -75.038 46.394 80.664 -74.164 55.467
3 0 80.664 -74.164 55.467 80.567 -74.840 55.468 88.541 -75.718 46.441
3 0 88.319 -76.350 46.309 88.541 -75.718 46.441 80.567 -74.840 55.468
3 0 80.567 -74.840 55.468 80.284 -75.437 55.294 88.319 -76.350 46.309
3 0 86.414 -78.802 44.846 86.750 -79.276 45.204 78.436 -78.111 53.999
3 0 78.436 -78.111 53.999 78.149 -77.582 53.676 86.414 -78.802 44.846
3 0 86.249 -78.177 44.626 86.414 -78.802 44.846 78.149 -77.582 53.676
3 0 78.149 -77.582 53.676 78.047 -76.930 53.500 86.249 -78.177 44.626
3 0 86.279 -77.496 44.579 86.249 -78.177 44.626 78.047 -76.930 53.500
3 0 78.047 -76.930 53.500 78.144 -76.255 53.499 86.279 -77.496 44.579
3 0 86.501 -76.865 44.711 86.279 -77.496 44.579 78.144 -76.255 53.499
3 0 78.144 -76.255 53.499 78.427 -75.659 53.673 86.501 -76.865 44.711
3 0 88.655 -76.824 46.667 88.319 -76.350 46.309 80.284 -75.437 55.294
3 0 80.284 -75.437 55.294 80.571 -75.964 55.617 88.655 -76.824 46.667
3 0 88.820 -77.449 46.887 88.655 -76.824 46.667 80.571 -75.964 55.617
3 0 80.571 -75.964 55.617 80.673 -76.616 55.792 88.820 -77.449 46.887
3 0 88.790 -78.130 46.934 88.820 -77.449 46.887 80.673 -76.616 55.792
3 0 80.673 -76.616 55.792 80.576 -77.292 55.793 88.790 -78.130 46.934
3 0 88.568 -78.762 46.802 88.790 -78.130 46.934 80.576 -77.292 55.793
3 0 80.576 -77.292 55.793 80.293 -77.889 55.619 88.568 -78.762 46.802
3 0 88.568 -78.762 46.802 80.293 -77.889 55.619 80.580 -78.418 55.943
3 0 80.580 -78.418 55.943 88.904 -79.237 47.160 88.568 -78.762 46.802
3 0 88.904 -79.237 47.160 80.580 -78.418 55.943 80.682 -79.070 56.118
3 0 80.682 -79.070 56.118 89.069 -79.862 47.380 88.904 -79.237 47.160
3 0 89.069 -79.862 47.380 80.682 -79.070 56.118 80.585 -79.746 56.119
3 0 80.585 -79.746 56.119 89.039 -80.542 47.427 89.069 -79.862 47.380
3 0 89.039 -80.542 47.427 80.585 -79.746 56.119 80.302 -80.342 55.945
3 0 80.302 -80.342 55.945 88.817 -81.174 47.295 89.039 -80.542 47.427
3 0 88.817 -81.174 47.295 80.302 -80.342 55.945 79.877 -80.769 55.623
3 0 79.877 -80.769 55.623 88.438 -81.662 47.004 88.817 -81.174 47.295
3 0 88.438 -81.662 47.004 79.877 -80.769 55.623 79.375 -80.962 55.202
3 0 79.375 -80.962 55.202 87.960 -81.931 46.598 88.438 -81.662 47.004
3 0 87.960 -81.931 46.598 79.375 -80.962 55.202 78.872 -80.890 54.746
3 0 78.872 -80.890 54.746 87.454 -81.941 46.139 87.960 -81.931 46.598
3 0 87.454 -81.941 46.139 78.872 -80.890 54.746 78.445 -80.565 54.325
3 0 78.445 -80.565 54.325 86.999 -81.689 45.697 87.454 -81.941 46.139
3 0 86.999 -81.689 45.697 78.445 -80.565 54.325 78.158 -80.036 54.001
3 0 78.158 -80.036 54.001 86.663 -81.214 45.339 86.999 -81.689 45.697
3 0 86.663 -81.214 45.339 78.158 -80.036 54.001 78.056 -79.384 53.826
3 0 78.056 -79.384 53.826 86.498 -80.589 45.119 86.663 -81.214 45.339
3 0 86.498 -80.589 45.119 78.056 -79.384 53.826 78.153 -78.708 53.825
3 0 78.153 -78.708 53.825 86.528 -79.909 45.072 86.498 -80.589 45.119
3 0 86.528 -79.909 45.072 78.153 -78.708 53.825 78.436 -78.111 53.999
3 0 78.436 -78.111 53.999 86.750 -79.276 45.204 86.528 -79.909 45.072
3 0 91.522 -75.274 38.148 86.252 -74.452 44.218 85.916 -73.977 43.860
3 0 85.916 -73.977 43.860 91.145 -74.861 37.755 91.522 -75.274 38.148
3 0 91.145 -74.861 37.755 85.916 -73.977 43.860 85.751 -73.352 43.640
3 0 85.751 -73.352 43.640 90.924 -74.272 37.491 91.145 -74.861 37.755
3 0 90.924 -74.272 37.491 85.751 -73.352 43.640 85.782 -72.672 43.593
3 0 85.782 -72.672 43.593 90.890 -73.597 37.394 90.924 -74.272 37.491
3 0 90.890 -73.597 37.394 85.782 -72.672 43.593 86.003 -72.040 43.725
3 0 86.003 -72.040 43.725 91.049 -72.939 37.480 90.890 -73.597 37.394
3 0 91.049 -72.939 37.480 86.003 -72.040 43.725 86.382 -71.552 44.016
3 0 86.382 -71.552 44.016 91.377 -72.397 37.735 91.049 -72.939 37.480
3 0 91.377 -72.397 37.735 86.382 -71.552 44.016 86.861 -71.283 44.422
3 0 86.861 -71.283 44.422 91.825 -72.055 38.122 91.377 -72.397 37.735
3 0 91.825 -72.055 38.122 86.861 -71.283 44.422 87.366 -71.274 44.881
3 0 87.366 -71.274 44.881 92.323 -71.965 38.580 91.825 -72.055 38.122
3 0 92.323 -71.965 38.580 87.366 -71.274 44.881 87.821 -71.525 45.323
3 0 87.821 -71.525 45.323 92.796 -72.139 39.040 92.323 -71.965 38.580
3 0 92.796 -72.139 39.040 87.821 -71.525 45.323 88.157 -72.000 45.681
3 0 88.157 -72.000 45.681 93.172 -72.552 39.433 92.796 -72.139 39.040
3 0 93.172 -72.552 39.433 88.157 -72.000 45.681 88.322 -72.625 45.901
3 0 88.322 -72.625 45.901 93.394 -73.141 39.697 93.172 -72.552 39.433
3 0 93.394 -73.141 39.697 88.322 -72.625 45.901 88.292 -73.305 45.948
3 0 88.292 -73.305 45.948 93.428 -73.817 39.794 93.394 -73.141 39.697
3 0 93.428 -73.817 39.794 88.292 -73.305 45.948 88.070 -73.938 45.816
3 0 88.070 -73.938 45.816 93.268 -74.475 39.708 93.428 -73.817 39.794
3 0 91.618 -77.197 38.423 91.994 -77.610 38.816 86.501 -76.865 44.711
3 0 86.501 -76.865 44.711 86.165 -76.390 44.353 91.618 -77.197 38.423
3 0 91.396 -76.608 38.158 91.618 -77.197 38.423 86.165 -76.390 44.353
3 0 86.165 -76.390 44.353 86.000 -75.765 44.133 91.396 -76.608 38.158
3 0 91.362 -75.933 38.062 91.396 -76.608 38.158 86.000 -75.765 44.133
3 0 86.000 -75.765 44.133 86.031 -75.084 44.086 91.362 -75.933 38.062
3 0 91.522 -75.274 38.148 91.362 -75.933 38.062 86.031 -75.084 44.086
3 0 86.031 -75.084 44.086 86.252 -74.452 44.218 91.522 -75.274 38.148
3 0 93.644 -74.888 40.101 93.268 -74.475 39.708 88.070 -73.938 45.816
3 0 88.070 -73.938 45.816 88.406 -74.412 46.174 93.644 -74.888 40.101
3 0 93.866 -75.477 40.365 93.644 -74.888 40.101 88.406 -74.412 46.174
3 0 88.406 -74.412 46.174 88.571 -75.038 46.394 93.866 -75.477 40.365
3 0 93.900 -76.152 40.462 93.866 -75.477 40.365 88.571 -75.038 46.394
3 0 88.571 -75.038 46.394 88.541 -75.718 46.441 93.900 -76.152 40.462
3 0 93.741 -76.811 40.376 93.900 -76.152 40.462 88.541 -75.718 46.441
3 0 88.541 -75.718 46.441 88.319 -76.350 46.309 93.741 -76.811 40.376
3 0 92.090 -79.532 39.091 92.466 -79.945 39.483 86.750 -79.276 45.204
3 0 86.750 -79.276 45.204 86.414 -78.802 44.846 92.090 -79.532 39.091
3 0 91.868 -78.943 38.826 92.090 -79.532 39.091 86.414 -78.802 44.846
3 0 86.414 -78.802 44.846 86.249 -78.177 44.626 91.868 -78.943 38.826
3 0 91.835 -78.268 38.729 91.868 -78.943 38.826 86.249 -78.177 44.626
3 0 86.249 -78.177 44.626 86.279 -77.496 44.579 91.835 -78.268 38.729
3 0 91.994 -77.610 38.816 91.835 -78.268 38.729 86.279 -77.496 44.579
3 0 86.279 -77.496 44.579 86.501 -76.865 44.711 91.994 -77.610 38.816
3 0 94.117 -77.223 40.768 93.741 -76.811 40.376 88.319 -76.350 46.309
3 0 88.319 -76.350 46.309 88.655 -76.824 46.667 94.117 -77.223 40.768
3 0 94.338 -77.812 41.033 94.117 -77.223 40.768 88.655 -76.824 46.667
3 0 88.655 -76.824 46.667 88.820 -77.449 46.887 94.338 -77.812 41.033
3 0 94.372 -78.487 41.130 94.338 -77.812 41.033 88.820 -77.449 46.887
3 0 88.820 -77.449 46.887 88.790 -78.130 46.934 94.372 -78.487 41.130
3 0 94.213 -79.146 41.044 94.372 -78.487 41.130 88.790 -78.130 46.934
3 0 88.790 -78.130 46.934 88.568 -78.762 46.802 94.213 -79.146 41.044
3 0 94.213 -79.146 41.044 88.568 -78.762 46.802 88.904 -79.237 47.160
3 0 88.904 -79.237 47.160 94.589 -79.559 41.436 94.213 -79.146 41.044
3 0 94.589 -79.559 41.436 88.904 -79.237 47.160 89.069 -79.862 47.380
3 0 89.069 -79.862 47.380 94.811 -80.148 41.701 94.589 -79.559 41.436
3 0 94.811 -80.148 41.701 89.069 -79.862 47.380 89.039 -80.542 47.427
3 0 89.039 -80.542 47.427 94.845 -80.823 41.798 94.811 -80.148 41.701
3 0 94.845 -80.823 41.798 89.039 -80.542 47.427 88.817 -81.174 47.295
3 0 88.817 -81.174 47.295 94.685 -81.482 41.712 94.845 -80.823 41.798
3 0 94.685 -81.482 41.712 88.817 -81.174 47.295 88.438 -81.662 47.004
3 0 88.438 -81.662 47.004 94.357 -82.023 41.456 94.685 -81.482 41.712
3 0 94.357 -82.023 41.456 88.438 -81.662 47.004 87.960 -81.931 46.598
3 0 87.960 -81.931 46.598 93.910 -82.365 41.070 94.357 -82.023 41.456
3 0 93.910 -82.365 41.070 87.960 -81.931 46.598 87.454 -81.941 46.139
3 0 87.454 -81.941 46.139 93.412 -82.456 40.612 93.910 -82.365 41.070
3 0 93.412 -82.456 40.612 87.454 -81.941 46.139 86.999 -81.689 45.697
3 0 86.999 -81.689 45.697 92.939 -82.281 40.151 93.412 -82.456 40.612
3 0 92.939 -82.281 40.151 86.999 -81.689 45.697 86.663 -81.214 45.339
3 0 86.663 -81.214 45.339 92.563 -81.868 39.759 92.939 -82.281 40.151
3 0 92.563 -81.868 39.759 86.663 -81.214 45.339 86.498 -80.589 45.119
3 0 86.498 -80.589 45.119 92.341 -81.279 39.494 92.563 -81.868 39.759
3 0 92.341 -81.279 39.494 86.498 -80.589 45.119 86.528 -79.909 45.072
3 0 86.528 -79.909 45.072 92.307 -80.604 39.397 92.341 -81.279 39.494
3 0 92.307 -80.604 39.397 86.528 -79.909 45.072 86.750 -79.276 45.204
3 0 86.750 -79.276 45.204 92.466 -79.945 39.483 92.307 -80.604 39.397
3 0 96.919 -76.051 32.161 91.522 -75.274 38.148 91.145 -74.861 37.755
3 0 91.145 -74.861 37.755 96.512 -75.706 31.736 96.919 -76.051 32.161
3 0 96.512 -75.706 31.736 91.145 -74.861 37.755 90.924 -74.272 37.491
3 0 90.924 -74.272 37.491 96.239 -75.162 31.425 96.512 -75.706 31.736
3 0 96.239 -75.162 31.425 90.924 -74.272 37.491 90.890 -73.597 37.394
3 0 90.890 -73.597 37.394 96.144 -74.503 31.276 96.239 -75.162 31.425
3 0 96.144 -74.503 31.276 90.890 -73.597 37.394 91.049 -72.939 37.480
3 0 91.049 -72.939 37.480 96.240 -73.828 31.312 96.144 -74.503 31.276
3 0 96.240 -73.828 31.312 91.049 -72.939 37.480 91.377 -72.397 37.735
3 0 91.377 -72.397 37.735 96.512 -73.240 31.527 96.240 -73.828 31.312
3 0 96.512 -73.240 31.527 91.377 -72.397 37.735 91.825 -72.055 38.122
3 0 91.825 -72.055 38.122 96.920 -72.829 31.889 96.512 -73.240 31.527
3 0 96.920 -72.829 31.889 91.825 -72.055 38.122 92.323 -71.965 38.580
3 0 92.323 -71.965 38.580 97.401 -72.657 32.342 96.920 -72.829 31.889
3 0 97.401 -72.657 32.342 92.323 -71.965 38.580 92.796 -72.139 39.040
3 0 92.796 -72.139 39.040 97.882 -72.751 32.817 97.401 -72.657 32.342
3 0 97.882 -72.751 32.817 92.796 -72.139 39.040 93.172 -72.552 39.433
3 0 93.172 -72.552 39.433 98.290 -73.095 33.243 97.882 -72.751 32.817
3 0 98.290 -73.095 33.243 93.172 -72.552 39.433 93.394 -73.141 39.697
3 0 93.394 -73.141 39.697 98.562 -73.639 33.554 98.290 -73.095 33.243
3 0 98.562 -73.639 33.554 93.394 -73.141 39.697 93.428 -73.817 39.794
3 0 93.428 -73.817 39.794 98.658 -74.298 33.703 98.562 -73.639 33.554
3 0 98.658 -74.298 33.703 93.428 -73.817 39.794 93.268 -74.475 39.708
3 0 93.268 -74.475 39.708 98.562 -74.973 33.667 98.658 -74.298 33.703
3 0 97.191 -77.929 32.585 97.599 -78.274 33.011 91.994 -77.610 38.816
3 0 91.994 -77.610 38.816 91.618 -77.197 38.423 97.191 -77.929 32.585
3 0 96.919 -77.386 32.274 97.191 -77.929 32.585 91.618 -77.197 38.423
3 0 91.618 -77.197 38.423 91.396 -76.608 38.158 96.919 -77.386 32.274
3 0 96.823 -76.726 32.126 96.919 -77.386 32.274 91.396 -76.608 38.158
3 0 91.396 -76.608 38.158 91.362 -75.933 38.062 96.823 -76.726 32.126
3 0 96.919 -76.051 32.161 96.823 -76.726 32.126 91.362 -75.933 38.062
3 0 91.362 -75.933 38.062 91.522 -75.274 38.148 96.919 -76.051 32.161
3 0 98.969 -75.318 34.092 98.562 -74.973 33.667 93.268 -74.475 39.708
3 0 93.268 -74.475 39.708 93.644 -74.888 40.101 98.969 -75.318 34.092
3 0 99.242 -75.862 34.403 98.969 -75.318 34.092 93.644 -74.888 40.101
3 0 93.644 -74.888 40.101 93.866 -75.477 40.365 99.242 -75.862 34.403
3 0 99.337 -76.521 34.552 99.242 -75.862 34.403 93.866 -75.477 40.365
3 0 93.866 -75.477 40.365 93.900 -76.152 40.462 99.337 -76.521 34.552
3 0 99.241 -77.197 34.516 99.337 -76.521 34.552 93.900 -76.152 40.462
3 0 93.900 -76.152 40.462 93.741 -76.811 40.376 99.241 -77.197 34.516
3 0 97.870 -80.151 33.434 98.278 -80.496 33.860 92.466 -79.945 39.483
3 0 92.466 -79.945 39.483 92.090 -79.532 39.091 97.870 -80.151 33.434
3 0 97.598 -79.608 33.124 97.870 -80.151 33.434 92.090 -79.532 39.091
3 0 92.090 -79.532 39.091 91.868 -78.943 38.826 97.598 -79.608 33.124
3 0 97.503 -78.948 32.975 97.598 -79.608 33.124 91.868 -78.943 38.826
3 0 91.868 -78.943 38.826 91.835 -78.268 38.729 97.503 -78.948 32.975
3 0 97.599 -78.274 33.011 97.503 -78.948 32.975 91.835 -78.268 38.729
3 0 91.835 -78.268 38.729 91.994 -77.610 38.816 97.599 -78.274 33.011
3 0 99.649 -77.541 34.942 99.241 -77.197 34.516 93.741 -76.811 40.376
3 0 93.741 -76.811 40.376 94.117 -77.223 40.768 99.649 -77.541 34.942
3 0 99.921 -78.084 35.253 99.649 -77.541 34.942 94.117 -77.223 40.768
3 0 94.117 -77.223 40.768 94.338 -77.812 41.033 99.921 -78.084 35.253
3 0 100.017 -78.744 35.401 99.921 -78.084 35.253 94.338 -77.812 41.033
3 0 94.338 -77.812 41.033 94.372 -78.487 41.130 100.017 -78.744 35.401
3 0 99.921 -79.419 35.366 100.017 -78.744 35.401 94.372 -78.487 41.130
3 0 94.372 -78.487 41.130 94.213 -79.146 41.044 99.921 -79.419 35.366
3 0 99.921 -79.419 35.366 94.213 -79.146 41.044 94.589 -79.559 41.436
3 0 94.589 -79.559 41.436 100.328 -79.764 35.791 99.921 -79.419 35.366
3 0 100.328 -79.764 35.791 94.589 -79.559 41.436 94.811 -80.148 41.701
3 0 94.811 -80.148 41.701 100.601 -80.307 36.102 100.328 -79.764 35.791
3 0 100.601 -80.307 36.102 94.811 -80.148 41.701 94.845 -80.823 41.798
3 0 94.845 -80.823 41.798 100.696 -80.967 36.251 100.601 -80.307 36.102
3 0 100.696 -80.967 36.251 94.845 -80.823 41.798 94.685 -81.482 41.712
3 0 94.685 -81.482 41.712 100.600 -81.642 36.215 100.696 -80.967 36.251
3 0 100.600 -81.642 36.215 94.685 -81.482 41.712 94.357 -82.023 41.456
3 0 94.357 -82.023 41.456 100.328 -82.230 36.000 100.600 -81.642 36.215
3 0 100.328 -82.230 36.000 94.357 -82.023 41.456 93.910 -82.365 41.070
3 0 93.910 -82.365 41.070 99.920 -82.641 35.638 100.328 -82.230 36.000
3 0 99.920 -82.641 35.638 93.910 -82.365 41.070 93.412 -82.456 40.612
3 0 93.412 -82.456 40.612 99.439 -82.813 35.185 99.920 -82.641 35.638
3 0 99.439 -82.813 35.185 93.412 -82.456 40.612 92.939 -82.281 40.151
3 0 92.939 -82.281 40.151 98.958 -82.719 34.710 99.439 -82.813 35.185
3 0 98.958 -82.719 34.710 92.939 -82.281 40.151 92.563 -81.868 39.759
3 0 92.563 -81.868 39.759 98.550 -82.374 34.284 98.958 -82.719 34.710
3 0 98.550 -82.374 34.284 92.563 -81.868 39.759 92.341 -81.279 39.494
3 0 92.341 -81.279 39.494 98.278 -81.831 33.973 98.550 -82.374 34.284
3 0 98.278 -81.831 33.973 92.341 -81.279 39.494 92.307 -80.604 39.397
3 0 92.307 -80.604 39.397 98.182 -81.171 33.824 98.278 -81.831 33.973
3 0 98.182 -81.171 33.824 92.307 -80.604 39.397 92.466 -79.945 39.483
3 0 92.466 -79.945 39.483 98.278 -80.496 33.860 98.182 -81.171 33.824
3 0 102.461 -76.825 26.274 96.919 -76.051 32.161 96.512 -75.706 31.736
3 0 96.512 -75.706 31.736 102.028 -76.566 25.814 102.461 -76.825 26.274
3 0 102.028 -76.566 25.814 96.512 -75.706 31.736 96.239 -75.162 31.425
3 0 96.239 -75.162 31.425 101.707 -76.085 25.450 102.028 -76.566 25.814
3 0 101.707 -76.085 25.450 96.239 -75.162 31.425 96.144 -74.503 31.276
3 0 96.144 -74.503 31.276 101.546 -75.456 25.239 101.707 -76.085 25.450
3 0 101.546 -75.456 25.239 96.144 -74.503 31.276 96.240 -73.828 31.312
3 0 96.240 -73.828 31.312 101.570 -74.774 25.213 101.546 -75.456 25.239
3 0 101.570 -74.774 25.213 96.240 -73.828 31.312 96.512 -73.240 31.527
3 0 96.512 -73.240 31.527 101.775 -74.143 25.376 101.570 -74.774 25.213
3 0 101.775 -74.143 25.376 96.512 -73.240 31.527 96.920 -72.829 31.889
3 0 96.920 -72.829 31.889 102.130 -73.660 25.702 101.775 -74.143 25.376
3 0 102.130 -73.660 25.702 96.920 -72.829 31.889 97.401 -72.657 32.342
3 0 97.401 -72.657 32.342 102.581 -73.397 26.142 102.130 -73.660 25.702
3 0 102.581 -73.397 26.142 97.401 -72.657 32.342 97.882 -72.751 32.817
3 0 97.882 -72.751 32.817 103.059 -73.395 26.630 102.581 -73.397 26.142
3 0 103.059 -73.395 26.630 97.882 -72.751 32.817 98.290 -73.095 33.243
3 0 98.290 -73.095 33.243 103.491 -73.654 27.091 103.059 -73.395 26.630
3 0 103.491 -73.654 27.091 98.290 -73.095 33.243 98.562 -73.639 33.554
3 0 98.562 -73.639 33.554 103.812 -74.134 27.454 103.491 -73.654 27.091
3 0 103.812 -74.134 27.454 98.562 -73.639 33.554 98.658 -74.298 33.703
3 0 98.658 -74.298 33.703 103.973 -74.764 27.665 103.812 -74.134 27.454
3 0 103.973 -74.764 27.665 98.658 -74.298 33.703 98.562 -74.973 33.667
3 0 98.562 -74.973 33.667 103.949 -75.445 27.691 103.973 -74.764 27.665
3 0 102.919 -78.617 26.875 103.351 -78.876 27.336 97.599 -78.274 33.011
3 0 97.599 -78.274 33.011 97.191 -77.929 32.585 102.919 -78.617 26.875
3 0 102.598 -78.136 26.512 102.919 -78.617 26.875 97.191 -77.929 32.585
3 0 97.191 -77.929 32.585 96.919 -77.386 32.274 102.598 -78.136 26.512
3 0 102.437 -77.507 26.301 102.598 -78.136 26.512 96.919 -77.386 32.274
3 0 96.919 -77.386 32.274 96.823 -76.726 32.126 102.437 -77.507 26.301
3 0 102.461 -76.825 26.274 102.437 -77.507 26.301 96.823 -76.726 32.126
3 0 96.823 -76.726 32.126 96.919 -76.051 32.161 102.461 -76.825 26.274
3 0 104.381 -75.705 28.152 103.949 -75.445 27.691 98.562 -74.973 33.667
3 0 98.562 -74.973 33.667 98.969 -75.318 34.092 104.381 -75.705 28.152
3 0 104.702 -76.185 28.515 104.381 -75.705 28.152 98.969 -75.318 34.092
3 0 98.969 -75.318 34.092 99.242 -75.862 34.403 104.702 -76.185 28.515
3 0 104.863 -76.815 28.726 104.702 -76.185 28.515 99.242 -75.862 34.403
3 0 99.242 -75.862 34.403 99.337 -76.521 34.552 104.863 -76.815 28.726
3 0 104.839 -77.496 28.753 104.863 -76.815 28.726 99.337 -76.521 34.552
3 0 99.337 -76.521 34.552 99.241 -77.197 34.516 104.839 -77.496 28.753
3 0 103.808 -80.667 27.936 104.241 -80.926 28.397 98.278 -80.496 33.860
3 0 98.278 -80.496 33.860 97.870 -80.151 33.434 103.808 -80.667 27.936
3 0 103.488 -80.186 27.573 103.808 -80.667 27.936 97.870 -80.151 33.434
3 0 97.870 -80.151 33.434 97.598 -79.608 33.124 103.488 -80.186 27.573
3 0 103.327 -79.557 27.362 103.488 -80.186 27.573 97.598 -79.608 33.124
3 0 97.598 -79.608 33.124 97.503 -78.948 32.975 103.327 -79.557 27.362
3 0 103.351 -78.876 27.336 103.327 -79.557 27.362 97.503 -78.948 32.975
3 0 97.503 -78.948 32.975 97.599 -78.274 33.011 103.351 -78.876 27.336
3 0 105.271 -77.755 29.213 104.839 -77.496 28.753 99.241 -77.197 34.516
3 0 99.241 -77.197 34.516 99.649 -77.541 34.942 105.271 -77.755 29.213
3 0 105.592 -78.236 29.576 105.271 -77.755 29.213 99.649 -77.541 34.942
3 0 99.649 -77.541 34.942 99.921 -78.084 35.253 105.592 -78.236 29.576
3 0 105.753 -78.865 29.787 105.592 -78.236 29.576 99.921 -78.084 35.253
3 0 99.921 -78.084 35.253 100.017 -78.744 35.401 105.753 -78.865 29.787
3 0 105.729 -79.547 29.814 105.753 -78.865 29.787 100.017 -78.744 35.401
3 0 100.017 -78.744 35.401 99.921 -79.419 35.366 105.729 -79.547 29.814
3 0 105.729 -79.547 29.814 99.921 -79.419 35.366 100.328 -79.764 35.791
3 0 100.328 -79.764 35.791 106.162 -79.806 30.274 105.729 -79.547 29.814
3 0 106.162 -79.806 30.274 100.328 -79.764 35.791 100.601 -80.307 36.102
3 0 100.601 -80.307 36.102 106.483 -80.287 30.638 106.162 -79.806 30.274
3 0 106.483 -80.287 30.638 100.601 -80.307 36.102 100.696 -80.967 36.251
3 0 100.696 -80.967 36.251 106.643 -80.916 30.849 106.483 -80.287 30.638
3 0 106.643 -80.916 30.849 100.696 -80.967 36.251 100.600 -81.642 36.215
3 0 100.600 -81.642 36.215 106.619 -81.598 30.875 106.643 -80.916 30.849
3 0 106.619 -81.598 30.875 100.600 -81.642 36.215 100.328 -82.230 36.000
3 0 100.328 -82.230 36.000 106.415 -82.228 30.713 106.619 -81.598 30.875
3 0 106.415 -82.228 30.713 100.328 -82.230 36.000 99.920 -82.641 35.638
3 0 99.920 -82.641 35.638 106.060 -82.712 30.386 106.415 -82.228 30.713
3 0 106.060 -82.712 30.386 99.920 -82.641 35.638 99.439 -82.813 35.185
3 0 99.439 -82.813 35.185 105.609 -82.975 29.946 106.060 -82.712 30.386
3 0 105.609 -82.975 29.946 99.439 -82.813 35.185 98.958 -82.719 34.710
3 0 98.958 -82.719 34.710 105.131 -82.977 29.458 105.609 -82.975 29.946
3 0 105.131 -82.977 29.458 98.958 -82.719 34.710 98.550 -82.374 34.284
3 0 98.550 -82.374 34.284 104.699 -82.718 28.997 105.131 -82.977 29.458
3 0 104.699 -82.718 28.997 98.550 -82.374 34.284 98.278 -81.831 33.973
3 0 98.278 -81.831 33.973 104.378 -82.237 28.634 104.699 -82.718 28.997
3 0 104.378 -82.237 28.634 98.278 -81.831 33.973 98.182 -81.171 33.824
3 0 98.182 -81.171 33.824 104.217 -81.608 28.423 104.378 -82.237 28.634
3 0 104.217 -81.608 28.423 98.182 -81.171 33.824 98.278 -80.496 33.860
3 0 98.278 -80.496 33.860 104.241 -80.926 28.397 104.217 -81.608 28.423
3 0 108.210 -77.569 20.560 102.461 -76.825 26.274 102.028 -76.566 25.814
3 0 102.028 -76.566 25.814 107.765 -77.404 20.069 108.210 -77.569 20.560
3 0 107.765 -77.404 20.069 102.028 -76.566 25.814 101.707 -76.085 25.450
3 0 101.707 -76.085 25.450 107.405 -76.999 19.654 107.765 -77.404 20.069
3 0 107.405 -76.999 19.654 101.707 -76.085 25.450 101.546 -75.456 25.239
3 0 101.546 -75.456 25.239 107.184 -76.415 19.378 107.405 -76.999 19.654
3 0 107.184 -76.415 19.378 101.546 -75.456 25.239 101.570 -74.774 25.213
3 0 101.570 -74.774 25.213 107.137 -75.740 19.283 107.184 -76.415 19.378
3 0 107.137 -75.740 19.283 101.570 -74.774 25.213 101.775 -74.143 25.376
3 0 101.775 -74.143 25.376 107.270 -75.078 19.384 107.137 -75.740 19.283
3 0 107.270 -75.078 19.384 101.775 -74.143 25.376 102.130 -73.660 25.702
3 0 102.130 -73.660 25.702 107.564 -74.529 19.665 107.270 -75.078 19.384
3 0 107.564 -74.529 19.665 102.130 -73.660 25.702 102.581 -73.397 26.142
3 0 102.581 -73.397 26.142 107.972 -74.177 20.084 107.564 -74.529 19.665
3 0 107.972 -74.177 20.084 102.581 -73.397 26.142 103.059 -73.395 26.630
3 0 103.059 -73.395 26.630 108.434 -74.076 20.576 107.972 -74.177 20.084
3 0 108.434 -74.076 20.576 103.059 -73.395 26.630 103.491 -73.654 27.091
3 0 103.491 -73.654 27.091 108.879 -74.240 21.067 108.434 -74.076 20.576
3 0 108.879 -74.240 21.067 103.491 -73.654 27.091 103.812 -74.134 27.454
3 0 103.812 -74.134 27.454 109.239 -74.645 21.483 108.879 -74.240 21.067
3 0 109.239 -74.645 21.483 103.812 -74.134 27.454 103.973 -74.764 27.665
3 0 103.973 -74.764 27.665 109.460 -75.230 21.759 109.239 -74.645 21.483
3 0 109.460 -75.230 21.759 103.973 -74.764 27.665 103.949 -75.445 27.691
3 0 103.949 -75.445 27.691 109.507 -75.904 21.853 109.460 -75.230 21.759
3 0 108.837 -79.233 21.346 109.282 -79.397 21.838 103.351 -78.876 27.336
3 0 103.351 -78.876 27.336 102.919 -78.617 26.875 108.837 -79.233 21.346
3 0 108.477 -78.828 20.931 108.837 -79.233 21.346 102.919 -78.617 26.875
3 0 102.919 -78.617 26.875 102.598 -78.136 26.512 108.477 -78.828 20.931
3 0 108.257 -78.243 20.655 108.477 -78.828 20.931 102.598 -78.136 26.512
3 0 102.598 -78.136 26.512 102.437 -77.507 26.301 108.257 -78.243 20.655
3 0 108.210 -77.569 20.560 108.257 -78.243 20.655 102.437 -77.507 26.301
3 0 102.437 -77.507 26.301 102.461 -76.825 26.274 108.210 -77.569 20.560
3 0 109.952 -76.069 22.345 109.507 -75.904 21.853 103.949 -75.445 27.691
3 0 103.949 -75.445 27.691 104.381 -75.705 28.152 109.952 -76.069 22.345
3 0 110.312 -76.474 22.760 109.952 -76.069 22.345 104.381 -75.705 28.152
3 0 104.381 -75.705 28.152 104.702 -76.185 28.515 110.312 -76.474 22.760
3 0 110.533 -77.058 23.036 110.312 -76.474 22.760 104.702 -76.185 28.515
3 0 104.702 -76.185 28.515 104.863 -76.815 28.726 110.533 -77.058 23.036
3 0 110.580 -77.733 23.131 110.533 -77.058 23.036 104.863 -76.815 28.726
3 0 104.863 -76.815 28.726 104.839 -77.496 28.753 110.580 -77.733 23.131
3 0 109.910 -81.061 22.623 110.355 -81.225 23.114 104.241 -80.926 28.397
3 0 104.241 -80.926 28.397 103.808 -80.667 27.936 109.910 -81.061 22.623
3 0 109.550 -80.655 22.208 109.910 -81.061 22.623 103.808 -80.667 27.936
3 0 103.808 -80.667 27.936 103.488 -80.186 27.573 109.550 -80.655 22.208
3 0 109.329 -80.071 21.932 109.550 -80.655 22.208 103.488 -80.186 27.573
3 0 103.488 -80.186 27.573 103.327 -79.557 27.362 109.329 -80.071 21.932
3 0 109.282 -79.397 21.838 109.329 -80.071 21.932 103.327 -79.557 27.362
3 0 103.327 -79.557 27.362 103.351 -78.876 27.336 109.282 -79.397 21.838
3 0 111.024 -77.897 23.621 110.580 -77.733 23.131 104.839 -77.496 28.753
3 0 104.839 -77.496 28.753 105.271 -77.755 29.213 111.024 -77.897 23.621
3 0 111.384 -78.302 24.037 111.024 -77.897 23.621 105.271 -77.755 29.213
3 0 105.271 -77.755 29.213 105.592 -78.236 29.576 111.384 -78.302 24.037
3 0 111.605 -78.886 24.313 111.384 -78.302 24.037 105.592 -78.236 29.576
3 0 105.592 -78.236 29.576 105.753 -78.865 29.787 111.605 -78.886 24.313
3 0 111.652 -79.561 24.407 111.605 -78.886 24.313 105.753 -78.865 29.787
3 0 105.753 -78.865 29.787 105.729 -79.547 29.814 111.652 -79.561 24.407
3 0 111.652 -79.561 24.407 105.729 -79.547 29.814 106.162 -79.806 30.274
3 0 106.162 -79.806 30.274 112.097 -79.725 24.899 111.652 -79.561 24.407
3 0 112.097 -79.725 24.899 106.162 -79.806 30.274 106.483 -80.287 30.638
3 0 106.483 -80.287 30.638 112.457 -80.130 25.314 112.097 -79.725 24.899
3 0 112.457 -80.130 25.314 106.483 -80.287 30.638 106.643 -80.916 30.849
3 0 106.643 -80.916 30.849 112.678 -80.715 25.590 112.457 -80.130 25.314
3 0 112.678 -80.715 25.590 106.643 -80.916 30.849 106.619 -81.598 30.875
3 0 106.619 -81.598 30.875 112.725 -81.389 25.685 112.678 -80.715 25.590
3 0 112.725 -81.389 25.685 106.619 -81.598 30.875 106.415 -82.228 30.713
3 0 106.415 -82.228 30.713 112.592 -82.051 25.584 112.725 -81.389 25.685
3 0 112.592 -82.051 25.584 106.415 -82.228 30.713 106.060 -82.712 30.386
3 0 106.060 -82.712 30.386 112.298 -82.600 25.303 112.592 -82.051 25.584
3 0 112.298 -82.600 25.303 106.060 -82.712 30.386 105.609 -82.975 29.946
3 0 105.609 -82.975 29.946 111.889 -82.952 24.884 112.298 -82.600 25.303
3 0 111.889 -82.952 24.884 105.609 -82.975 29.946 105.131 -82.977 29.458
3 0 105.131 -82.977 29.458 111.427 -83.054 24.392 111.889 -82.952 24.884
3 0 111.427 -83.054 24.392 105.131 -82.977 29.458 104.699 -82.718 28.997
3 0 104.699 -82.718 28.997 110.982 -82.889 23.900 111.427 -83.054 24.392
3 0 110.982 -82.889 23.900 104.699 -82.718 28.997 104.378 -82.237 28.634
3 0 104.378 -82.237 28.634 110.622 -82.484 23.485 110.982 -82.889 23.900
3 0 110.622 -82.484 23.485 104.378 -82.237 28.634 104.217 -81.608 28.423
3 0 104.217 -81.608 28.423 110.402 -81.900 23.209 110.622 -82.484 23.485
3 0 110.402 -81.900 23.209 104.217 -81.608 28.423 104.241 -80.926 28.397
3 0 104.241 -80.926 28.397 110.355 -81.225 23.114 110.402 -81.900 23.209
3 0 111.179 -78.035 17.756 108.210 -77.569 20.560 107.765 -77.404 20.069
3 0 107.765 -77.404 20.069 110.735 -77.948 17.245 111.179 -78.035 17.756
3 0 110.735 -77.948 17.245 107.765 -77.404 20.069 107.405 -76.999 19.654
3 0 107.405 -76.999 19.654 110.353 -77.609 16.792 110.735 -77.948 17.245
3 0 110.353 -77.609 16.792 107.405 -76.999 19.654 107.184 -76.415 19.378
3 0 107.184 -76.415 19.378 110.094 -77.069 16.464 110.353 -77.609 16.792
3 0 110.094 -77.069 16.464 107.184 -76.415 19.378 107.137 -75.740 19.283
3 0 107.137 -75.740 19.283 109.994 -76.410 16.313 110.094 -77.069 16.464
3 0 109.994 -76.410 16.313 107.137 -75.740 19.283 107.270 -75.078 19.384
3 0 107.270 -75.078 19.384 110.071 -75.734 16.362 109.994 -76.410 16.313
3 0 110.071 -75.734 16.362 107.270 -75.078 19.384 107.564 -74.529 19.665
3 0 107.564 -74.529 19.665 110.312 -75.142 16.602 110.071 -75.734 16.362
3 0 110.312 -75.142 16.602 107.564 -74.529 19.665 107.972 -74.177 20.084
3 0 107.972 -74.177 20.084 110.681 -74.725 16.997 110.312 -75.142 16.602
3 0 110.681 -74.725 16.997 107.972 -74.177 20.084 108.434 -74.076 20.576
3 0 108.434 -74.076 20.576 111.121 -74.546 17.488 110.681 -74.725 16.997
3 0 111.121 -74.546 17.488 108.434 -74.076 20.576 108.879 -74.240 21.067
3 0 108.879 -74.240 21.067 111.565 -74.633 17.999 111.121 -74.546 17.488
3 0 111.565 -74.633 17.999 108.879 -74.240 21.067 109.239 -74.645 21.483
3 0 109.239 -74.645 21.483 111.947 -74.972 18.452 111.565 -74.633 17.999
3 0 111.947 -74.972 18.452 109.239 -74.645 21.483 109.460 -75.230 21.759
3 0 109.460 -75.230 21.759 112.207 -75.512 18.780 111.947 -74.972 18.452
3 0 112.207 -75.512 18.780 109.460 -75.230 21.759 109.507 -75.904 21.853
3 0 109.507 -75.904 21.853 112.306 -76.170 18.931 112.207 -75.512 18.780
3 0 111.919 -79.573 18.688 112.364 -79.660 19.199 109.282 -79.397 21.838
3 0 109.282 -79.397 21.838 108.837 -79.233 21.346 111.919 -79.573 18.688
3 0 111.538 -79.234 18.235 111.919 -79.573 18.688 108.837 -79.233 21.346
3 0 108.837 -79.233 21.346 108.477 -78.828 20.931 111.538 -79.234 18.235
3 0 111.278 -78.694 17.907 111.538 -79.234 18.235 108.477 -78.828 20.931
3 0 108.477 -78.828 20.931 108.257 -78.243 20.655 111.278 -78.694 17.907
3 0 111.179 -78.035 17.756 111.278 -78.694 17.907 108.257 -78.243 20.655
3 0 108.257 -78.243 20.655 108.210 -77.569 20.560 111.179 -78.035 17.756
3 0 112.750 -76.257 19.442 112.306 -76.170 18.931 109.507 -75.904 21.853
3 0 109.507 -75.904 21.853 109.952 -76.069 22.345 112.750 -76.257 19.442
3 0 113.131 -76.597 19.895 112.750 -76.257 19.442 109.952 -76.069 22.345
3 0 109.952 -76.069 22.345 110.312 -76.474 22.760 113.131 -76.597 19.895
3 0 113.391 -77.137 20.223 113.131 -76.597 19.895 110.312 -76.474 22.760
3 0 110.312 -76.474 22.760 110.533 -77.058 23.036 113.391 -77.137 20.223
3 0 113.490 -77.795 20.374 113.391 -77.137 20.223 110.533 -77.058 23.036
3 0 110.533 -77.058 23.036 110.580 -77.733 23.131 113.490 -77.795 20.374
3 0 113.104 -81.197 20.131 113.548 -81.284 20.642 110.355 -81.225 23.114
3 0 110.355 -81.225 23.114 109.910 -81.061 22.623 113.104 -81.197 20.131
3 0 112.722 -80.858 19.677 113.104 -81.197 20.131 109.910 -81.061 22.623
3 0 109.910 -81.061 22.623 109.550 -80.655 22.208 112.722 -80.858 19.677
3 0 112.462 -80.318 19.350 112.722 -80.858 19.677 109.550 -80.655 22.208
3 0 109.550 -80.655 22.208 109.329 -80.071 21.932 112.462 -80.318 19.350
3 0 112.364 -79.660 19.199 112.462 -80.318 19.350 109.329 -80.071 21.932
3 0 109.329 -80.071 21.932 109.282 -79.397 21.838 112.364 -79.660 19.199
3 0 113.934 -77.882 20.884 113.490 -77.795 20.374 110.580 -77.733 23.131
3 0 110.580 -77.733 23.131 111.024 -77.897 23.621 113.934 -77.882 20.884
3 0 114.316 -78.221 21.338 113.934 -77.882 20.884 111.024 -77.897 23.621
3 0 111.024 -77.897 23.621 111.384 -78.302 24.037 114.316 -78.221 21.338
3 0 114.576 -78.761 21.665 114.316 -78.221 21.338 111.384 -78.302 24.037
3 0 111.384 -78.302 24.037 111.605 -78.886 24.313 114.576 -78.761 21.665
3 0 114.675 -79.419 21.816 114.576 -78.761 21.665 111.605 -78.886 24.313
3 0 111.605 -78.886 24.313 111.652 -79.561 24.407 114.675 -79.419 21.816
3 0 114.675 -79.419 21.816 111.652 -79.561 24.407 112.097 -79.725 24.899
3 0 112.097 -79.725 24.899 115.119 -79.506 22.327 114.675 -79.419 21.816
3 0 115.119 -79.506 22.327 112.097 -79.725 24.899 112.457 -80.130 25.314
3 0 112.457 -80.130 25.314 115.500 -79.846 22.781 115.119 -79.506 22.327
3 0 115.500 -79.846 22.781 112.457 -80.130 25.314 112.678 -80.715 25.590
3 0 112.678 -80.715 25.590 115.760 -80.385 23.108 115.500 -79.846 22.781
3 0 115.760 -80.385 23.108 112.678 -80.715 25.590 112.725 -81.389 25.685
3 0 112.725 -81.389 25.685 115.859 -81.044 23.259 115.760 -80.385 23.108
3 0 115.859 -81.044 23.259 112.725 -81.389 25.685 112.592 -82.051 25.584
3 0 112.592 -82.051 25.584 115.783 -81.721 23.211 115.859 -81.044 23.259
3 0 115.783 -81.721 23.211 112.592 -82.051 25.584 112.298 -82.600 25.303
3 0 112.298 -82.600 25.303 115.541 -82.313 22.971 115.783 -81.721 23.211
3 0 115.541 -82.313 22.971 112.298 -82.600 25.303 111.889 -82.952 24.884
3 0 111.889 -82.952 24.884 115.173 -82.730 22.575 115.541 -82.313 22.971
3 0 115.173 -82.730 22.575 111.889 -82.952 24.884 111.427 -83.054 24.392
3 0 111.427 -83.054 24.392 114.733 -82.908 22.085 115.173 -82.730 22.575
3 0 114.733 -82.908 22.085 111.427 -83.054 24.392 110.982 -82.889 23.900
3 0 110.982 -82.889 23.900 114.288 -82.822 21.574 114.733 -82.908 22.085
3 0 114.288 -82.822 21.574 110.982 -82.889 23.900 110.622 -82.484 23.485
3 0 110.622 -82.484 23.485 113.907 -82.482 21.120 114.288 -82.822 21.574
3 0 113.907 -82.482 21.120 110.622 -82.484 23.485 110.402 -81.900 23.209
3 0 110.402 -81.900 23.209 113.647 -81.942 20.793 113.907 -82.482 21.120
3 0 113.647 -81.942 20.793 110.402 -81.900 23.209 110.355 -81.225 23.114
3 0 110.355 -81.225 23.114 113.548 -81.284 20.642 113.647 -81.942 20.793
3 0 114.255 -78.420 15.054 111.179 -78.035 17.756 110.735 -77.948 17.245
3 0 110.735 -77.948 17.245 113.819 -78.394 14.529 114.255 -78.420 15.054
3 0 113.819 -78.394 14.529 110.735 -77.948 17.245 110.353 -77.609 16.792
3 0 110.353 -77.609 16.792 113.430 -78.109 14.046 113.819 -78.394 14.529
3 0 113.430 -78.109 14.046 110.353 -77.609 16.792 110.094 -77.069 16.464
3 0 110.094 -77.069 16.464 113.146 -77.608 13.678 113.430 -78.109 14.046
3 0 113.146 -77.608 13.678 110.094 -77.069 16.464 109.994 -76.410 16.313
3 0 109.994 -76.410 16.313 113.011 -76.968 13.483 113.146 -77.608 13.678
3 0 113.011 -76.968 13.483 109.994 -76.410 16.313 110.071 -75.734 16.362
3 0 110.071 -75.734 16.362 113.046 -76.286 13.488 113.011 -76.968 13.483
3 0 113.046 -76.286 13.488 110.071 -75.734 16.362 110.312 -75.142 16.602
3 0 110.312 -75.142 16.602 113.244 -75.666 13.694 113.046 -76.286 13.488
3 0 113.244 -75.666 13.694 110.312 -75.142 16.602 110.681 -74.725 16.997
3 0 110.681 -74.725 16.997 113.577 -75.203 14.069 113.244 -75.666 13.694
3 0 113.577 -75.203 14.069 110.681 -74.725 16.997 111.121 -74.546 17.488
3 0 111.121 -74.546 17.488 113.992 -74.966 14.556 113.577 -75.203 14.069
3 0 113.992 -74.966 14.556 111.121 -74.546 17.488 111.565 -74.633 17.999
3 0 111.565 -74.633 17.999 114.428 -74.992 15.081 113.992 -74.966 14.556
3 0 114.428 -74.992 15.081 111.565 -74.633 17.999 111.947 -74.972 18.452
3 0 111.947 -74.972 18.452 114.817 -75.277 15.564 114.428 -74.992 15.081
3 0 114.817 -75.277 15.564 111.947 -74.972 18.452 112.207 -75.512 18.780
3 0 112.207 -75.512 18.780 115.101 -75.778 15.932 114.817 -75.277 15.564
3 0 115.101 -75.778 15.932 112.207 -75.512 18.780 112.306 -76.170 18.931
3 0 112.306 -76.170 18.931 115.236 -76.418 16.128 115.101 -75.778 15.932
3 0 115.063 -79.846 16.101 115.498 -79.872 16.626 112.364 -79.660 19.199
3 0 112.364 -79.660 19.199 111.919 -79.573 18.688 115.063 -79.846 16.101
3 0 114.673 -79.561 15.618 115.063 -79.846 16.101 111.919 -79.573 18.688
3 0 111.919 -79.573 18.688 111.538 -79.234 18.235 114.673 -79.561 15.618
3 0 114.390 -79.060 15.250 114.673 -79.561 15.618 111.538 -79.234 18.235
3 0 111.538 -79.234 18.235 111.278 -78.694 17.907 114.390 -79.060 15.250
3 0 114.255 -78.420 15.054 114.390 -79.060 15.250 111.278 -78.694 17.907
3 0 111.278 -78.694 17.907 111.179 -78.035 17.756 114.255 -78.420 15.054
3 0 115.672 -76.444 16.653 115.236 -76.418 16.128 112.306 -76.170 18.931
3 0 112.306 -76.170 18.931 112.750 -76.257 19.442 115.672 -76.444 16.653
3 0 116.061 -76.729 17.136 115.672 -76.444 16.653 112.750 -76.257 19.442
3 0 112.750 -76.257 19.442 113.131 -76.597 19.895 116.061 -76.729 17.136
3 0 116.345 -77.230 17.504 116.061 -76.729 17.136 113.131 -76.597 19.895
3 0 113.131 -76.597 19.895 113.391 -77.137 20.223 116.345 -77.230 17.504
3 0 116.479 -77.870 17.700 116.345 -77.230 17.504 113.391 -77.137 20.223
3 0 113.391 -77.137 20.223 113.490 -77.795 20.374 116.479 -77.870 17.700
3 0 116.306 -81.298 17.672 116.742 -81.324 18.197 113.548 -81.284 20.642
3 0 113.548 -81.284 20.642 113.104 -81.197 20.131 116.306 -81.298 17.672
3 0 115.917 -81.013 17.189 116.306 -81.298 17.672 113.104 -81.197 20.131
3 0 113.104 -81.197 20.131 112.722 -80.858 19.677 115.917 -81.013 17.189
3 0 115.633 -80.512 16.821 115.917 -81.013 17.189 112.722 -80.858 19.677
3 0 112.722 -80.858 19.677 112.462 -80.318 19.350 115.633 -80.512 16.821
3 0 115.498 -79.872 16.626 115.633 -80.512 16.821 112.462 -80.318 19.350
3 0 112.462 -80.318 19.350 112.364 -79.660 19.199 115.498 -79.872 16.626
3 0 116.915 -77.896 18.224 116.479 -77.870 17.700 113.490 -77.795 20.374
3 0 113.490 -77.795 20.374 113.934 -77.882 20.884 116.915 -77.896 18.224
3 0 117.304 -78.181 18.707 116.915 -77.896 18.224 113.934 -77.882 20.884
3 0 113.934 -77.882 20.884 114.316 -78.221 21.338 117.304 -78.181 18.707
3 0 117.588 -78.682 19.075 117.304 -78.181 18.707 114.316 -78.221 21.338
3 0 114.316 -78.221 21.338 114.576 -78.761 21.665 117.588 -78.682 19.075
3 0 117.723 -79.322 19.271 117.588 -78.682 19.075 114.576 -78.761 21.665
3 0 114.576 -78.761 21.665 114.675 -79.419 21.816 117.723 -79.322 19.271
3 0 117.723 -79.322 19.271 114.675 -79.419 21.816 115.119 -79.506 22.327
3 0 115.119 -79.506 22.327 118.158 -79.348 19.796 117.723 -79.322 19.271
3 0 118.158 -79.348 19.796 115.119 -79.506 22.327 115.500 -79.846 22.781
3 0 115.500 -79.846 22.781 118.548 -79.633 20.279 118.158 -79.348 19.796
3 0 118.548 -79.633 20.279 115.500 -79.846 22.781 115.760 -80.385 23.108
3 0 115.760 -80.385 23.108 118.831 -80.134 20.647 118.548 -79.633 20.279
3 0 118.831 -80.134 20.647 115.760 -80.385 23.108 115.859 -81.044 23.259
3 0 115.859 -81.044 23.259 118.966 -80.774 20.842 118.831 -80.134 20.647
3 0 118.966 -80.774 20.842 115.859 -81.044 23.259 115.783 -81.721 23.211
3 0 115.783 -81.721 23.211 118.932 -81.456 20.837 118.966 -80.774 20.842
3 0 118.932 -81.456 20.837 115.783 -81.721 23.211 115.541 -82.313 22.971
3 0 115.541 -82.313 22.971 118.733 -82.076 20.631 118.932 -81.456 20.837
3 0 118.733 -82.076 20.631 115.541 -82.313 22.971 115.173 -82.730 22.575
3 0 115.173 -82.730 22.575 118.401 -82.539 20.256 118.733 -82.076 20.631
3 0 118.401 -82.539 20.256 115.173 -82.730 22.575 114.733 -82.908 22.085
3 0 114.733 -82.908 22.085 117.985 -82.776 19.769 118.401 -82.539 20.256
3 0 117.985 -82.776 19.769 114.733 -82.908 22.085 114.288 -82.822 21.574
3 0 114.288 -82.822 21.574 117.549 -82.750 19.244 117.985 -82.776 19.769
3 0 117.549 -82.750 19.244 114.288 -82.822 21.574 113.907 -82.482 21.120
3 0 113.907 -82.482 21.120 117.160 -82.465 18.760 117.549 -82.750 19.244
3 0 117.160 -82.465 18.760 113.907 -82.482 21.120 113.647 -81.942 20.793
3 0 113.647 -81.942 20.793 116.876 -81.964 18.393 117.160 -82.465 18.760
3 0 116.876 -81.964 18.393 113.647 -81.942 20.793 113.548 -81.284 20.642
3 0 113.548 -81.284 20.642 116.742 -81.324 18.197 116.876 -81.964 18.393
3 0 117.442 -78.799 12.443 114.255 -78.420 15.054 113.819 -78.394 14.529
3 0 113.819 -78.394 14.529 117.023 -78.835 11.905 117.442 -78.799 12.443
3 0 117.023 -78.835 11.905 113.819 -78.394 14.529 113.430 -78.109 14.046
3 0 113.430 -78.109 14.046 116.634 -78.608 11.392 117.023 -78.835 11.905
3 0 116.634 -78.608 11.392 113.430 -78.109 14.046 113.146 -77.608 13.678
3 0 113.146 -77.608 13.678 116.334 -78.152 10.982 116.634 -78.608 11.392
3 0 116.334 -78.152 10.982 113.146 -77.608 13.678 113.011 -76.968 13.483
3 0 113.011 -76.968 13.483 116.167 -77.537 10.738 116.334 -78.152 10.982
3 0 116.167 -77.537 10.738 113.011 -76.968 13.483 113.046 -76.286 13.488
3 0 113.046 -76.286 13.488 116.161 -76.855 10.697 116.167 -77.537 10.738
3 0 116.161 -76.855 10.697 113.046 -76.286 13.488 113.244 -75.666 13.694
3 0 113.244 -75.666 13.694 116.314 -76.212 10.865 116.161 -76.855 10.697
3 0 116.314 -76.212 10.865 113.244 -75.666 13.694 113.577 -75.203 14.069
3 0 113.577 -75.203 14.069 116.605 -75.704 11.216 116.314 -76.212 10.865
3 0 116.605 -75.704 11.216 113.577 -75.203 14.069 113.992 -74.966 14.556
3 0 113.992 -74.966 14.556 116.989 -75.409 11.698 116.605 -75.704 11.216
3 0 116.989 -75.409 11.698 113.992 -74.966 14.556 114.428 -74.992 15.081
3 0 114.428 -74.992 15.081 117.407 -75.372 12.237 116.989 -75.409 11.698
3 0 117.407 -75.372 12.237 114.428 -74.992 15.081 114.817 -75.277 15.564
3 0 114.817 -75.277 15.564 117.796 -75.599 12.750 117.407 -75.372 12.237
3 0 117.796 -75.599 12.750 114.817 -75.277 15.564 115.101 -75.778 15.932
3 0 115.101 -75.778 15.932 118.097 -76.055 13.160 117.796 -75.599 12.750
3 0 118.097 -76.055 13.160 115.101 -75.778 15.932 115.236 -76.418 16.128
3 0 115.236 -76.418 16.128 118.263 -76.671 13.404 118.097 -76.055 13.160
3 0 118.297 -80.097 13.611 118.716 -80.061 14.149 115.498 -79.872 16.626
3 0 115.498 -79.872 16.626 115.063 -79.846 16.101 118.297 -80.097 13.611
3 0 117.909 -79.870 13.097 118.297 -80.097 13.611 115.063 -79.846 16.101
3 0 115.063 -79.846 16.101 114.673 -79.561 15.618 117.909 -79.870 13.097
3 0 117.608 -79.414 12.688 117.909 -79.870 13.097 114.673 -79.561 15.618
3 0 114.673 -79.561 15.618 114.390 -79.060 15.250 117.608 -79.414 12.688
3 0 117.442 -78.799 12.443 117.608 -79.414 12.688 114.390 -79.060 15.250
3 0 114.390 -79.060 15.250 114.255 -78.420 15.054 117.442 -78.799 12.443
3 0 118.682 -76.634 13.942 118.263 -76.671 13.404 115.236 -76.418 16.128
3 0 115.236 -76.418 16.128 115.672 -76.444 16.653 118.682 -76.634 13.942
3 0 119.071 -76.861 14.456 118.682 -76.634 13.942 115.672 -76.444 16.653
3 0 115.672 -76.444 16.653 116.061 -76.729 17.136 119.071 -76.861 14.456
3 0 119.371 -77.317 14.865 119.071 -76.861 14.456 116.061 -76.729 17.136
3 0 116.061 -76.729 17.136 116.345 -77.230 17.504 119.371 -77.317 14.865
3 0 119.537 -77.933 15.109 119.371 -77.317 14.865 116.345 -77.230 17.504
3 0 116.345 -77.230 17.504 116.479 -77.870 17.700 119.537 -77.933 15.109
3 0 119.571 -81.359 15.316 119.989 -81.322 15.854 116.742 -81.324 18.197
3 0 116.742 -81.324 18.197 116.306 -81.298 17.672 119.571 -81.359 15.316
3 0 119.182 -81.132 14.802 119.571 -81.359 15.316 116.306 -81.298 17.672
3 0 116.306 -81.298 17.672 115.917 -81.013 17.189 119.182 -81.132 14.802
3 0 118.882 -80.676 14.393 119.182 -81.132 14.802 115.917 -81.013 17.189
3 0 115.917 -81.013 17.189 115.633 -80.512 16.821 118.882 -80.676 14.393
3 0 118.716 -80.061 14.149 118.882 -80.676 14.393 115.633 -80.512 16.821
3 0 115.633 -80.512 16.821 115.498 -79.872 16.626 118.716 -80.061 14.149
3 0 119.955 -77.896 15.647 119.537 -77.933 15.109 116.479 -77.870 17.700
3 0 116.479 -77.870 17.700 116.915 -77.896 18.224 119.955 -77.896 15.647
3 0 120.344 -78.123 16.161 119.955 -77.896 15.647 116.915 -77.896 18.224
3 0 116.915 -77.896 18.224 117.304 -78.181 18.707 120.344 -78.123 16.161
3 0 120.645 -78.579 16.570 120.344 -78.123 16.161 117.304 -78.181 18.707
3 0 117.304 -78.181 18.707 117.588 -78.682 19.075 120.645 -78.579 16.570
3 0 120.811 -79.194 16.814 120.645 -78.579 16.570 117.588 -78.682 19.075
3 0 117.588 -78.682 19.075 117.723 -79.322 19.271 120.811 -79.194 16.814
3 0 120.811 -79.194 16.814 117.723 -79.322 19.271 118.158 -79.348 19.796
3 0 118.158 -79.348 19.796 121.230 -79.158 17.353 120.811 -79.194 16.814
3 0 121.230 -79.158 17.353 118.158 -79.348 19.796 118.548 -79.633 20.279
3 0 118.548 -79.633 20.279 121.619 -79.385 17.866 121.230 -79.158 17.353
3 0 121.619 -79.385 17.866 118.548 -79.633 20.279 118.831 -80.134 20.647
3 0 118.831 -80.134 20.647 121.919 -79.841 18.276 121.619 -79.385 17.866
3 0 121.919 -79.841 18.276 118.831 -80.134 20.647 118.966 -80.774 20.842
3 0 118.966 -80.774 20.842 122.085 -80.456 18.520 121.919 -79.841 18.276
3 0 122.085 -80.456 18.520 118.966 -80.774 20.842 118.932 -81.456 20.837
3 0 118.932 -81.456 20.837 122.092 -81.138 18.561 122.085 -80.456 18.520
3 0 122.092 -81.138 18.561 118.932 -81.456 20.837 118.733 -82.076 20.631
3 0 118.733 -82.076 20.631 121.938 -81.782 18.393 122.092 -81.138 18.561
3 0 121.938 -81.782 18.393 118.733 -82.076 20.631 118.401 -82.539 20.256
3 0 118.401 -82.539 20.256 121.648 -82.289 18.042 121.938 -81.782 18.393
3 0 121.648 -82.289 18.042 118.401 -82.539 20.256 117.985 -82.776 19.769
3 0 117.985 -82.776 19.769 121.264 -82.584 17.560 121.648 -82.289 18.042
3 0 121.264 -82.584 17.560 117.985 -82.776 19.769 117.549 -82.750 19.244
3 0 117.549 -82.750 19.244 120.845 -82.621 17.021 121.264 -82.584 17.560
3 0 120.845 -82.621 17.021 117.549 -82.750 19.244 117.160 -82.465 18.760
3 0 117.160 -82.465 18.760 120.456 -82.394 16.508 120.845 -82.621 17.021
3 0 120.456 -82.394 16.508 117.160 -82.465 18.760 116.876 -81.964 18.393
3 0 116.876 -81.964 18.393 120.156 -81.938 16.098 120.456 -82.394 16.508
3 0 120.156 -81.938 16.098 116.876 -81.964 18.393 116.742 -81.324 18.197
3 0 116.742 -81.324 18.197 119.989 -81.322 15.854 120.156 -81.938 16.098
3 0 120.771 -79.158 9.964 117.442 -78.799 12.443 117.023 -78.835 11.905
3 0 117.023 -78.835 11.905 120.380 -79.257 9.413 120.771 -79.158 9.964
3 0 120.380 -79.257 9.413 117.023 -78.835 11.905 116.634 -78.608 11.392
3 0 116.634 -78.608 11.392 120.002 -79.090 8.870 120.380 -79.257 9.413
3 0 120.002 -79.090 8.870 116.634 -78.608 11.392 116.334 -78.152 10.982
3 0 116.334 -78.152 10.982 119.695 -78.683 8.416 120.002 -79.090 8.870
3 0 119.695 -78.683 8.416 116.334 -78.152 10.982 116.167 -77.537 10.738
3 0 116.167 -77.537 10.738 119.505 -78.097 8.122 119.695 -78.683 8.416
3 0 119.505 -78.097 8.122 116.167 -77.537 10.738 116.161 -76.855 10.697
3 0 116.161 -76.855 10.697 119.461 -77.422 8.031 119.505 -78.097 8.122
3 0 119.461 -77.422 8.031 116.161 -76.855 10.697 116.314 -76.212 10.865
3 0 116.314 -76.212 10.865 119.570 -76.760 8.158 119.461 -77.422 8.031
3 0 119.570 -76.760 8.158 116.314 -76.212 10.865 116.605 -75.704 11.216
3 0 116.605 -75.704 11.216 119.816 -76.212 8.484 119.570 -76.760 8.158
3 0 119.816 -76.212 8.484 116.605 -75.704 11.216 116.989 -75.409 11.698
3 0 116.989 -75.409 11.698 120.160 -75.862 8.958 119.816 -76.212 8.484
3 0 120.160 -75.862 8.958 116.989 -75.409 11.698 117.407 -75.372 12.237
3 0 117.407 -75.372 12.237 120.551 -75.763 9.509 120.160 -75.862 8.958
3 0 120.551 -75.763 9.509 117.407 -75.372 12.237 117.796 -75.599 12.750
3 0 117.796 -75.599 12.750 120.929 -75.930 10.053 120.551 -75.763 9.509
3 0 120.929 -75.930 10.053 117.796 -75.599 12.750 118.097 -76.055 13.160
3 0 118.097 -76.055 13.160 121.236 -76.337 10.507 120.929 -75.930 10.053
3 0 121.236 -76.337 10.507 118.097 -76.055 13.160 118.263 -76.671 13.404
3 0 118.263 -76.671 13.404 121.426 -76.923 10.801 121.236 -76.337 10.507
3 0 121.647 -80.318 11.256 122.038 -80.219 11.807 118.716 -80.061 14.149
3 0 118.716 -80.061 14.149 118.297 -80.097 13.611 121.647 -80.318 11.256
3 0 121.269 -80.152 10.712 121.647 -80.318 11.256 118.297 -80.097 13.611
3 0 118.297 -80.097 13.611 117.909 -79.870 13.097 121.269 -80.152 10.712
3 0 120.961 -79.744 10.259 121.269 -80.152 10.712 117.909 -79.870 13.097
3 0 117.909 -79.870 13.097 117.608 -79.414 12.688 120.961 -79.744 10.259
3 0 120.771 -79.158 9.964 120.961 -79.744 10.259 117.608 -79.414 12.688
3 0 117.608 -79.414 12.688 117.442 -78.799 12.443 120.771 -79.158 9.964
3 0 121.817 -76.824 11.352 121.426 -76.923 10.801 118.263 -76.671 13.404
3 0 118.263 -76.671 13.404 118.682 -76.634 13.942 121.817 -76.824 11.352
3 0 122.195 -76.991 11.896 121.817 -76.824 11.352 118.682 -76.634 13.942
3 0 118.682 -76.634 13.942 119.071 -76.861 14.456 122.195 -76.991 11.896
3 0 122.503 -77.398 12.349 122.195 -76.991 11.896 119.071 -76.861 14.456
3 0 119.071 -76.861 14.456 119.371 -77.317 14.865 122.503 -77.398 12.349
3 0 122.693 -77.984 12.644 122.503 -77.398 12.349 119.371 -77.317 14.865
3 0 119.371 -77.317 14.865 119.537 -77.933 15.109 122.693 -77.984 12.644
3 0 122.913 -81.379 13.098 123.304 -81.280 13.649 119.989 -81.322 15.854
3 0 119.989 -81.322 15.854 119.571 -81.359 15.316 122.913 -81.379 13.098
3 0 122.535 -81.212 12.554 122.913 -81.379 13.098 119.571 -81.359 15.316
3 0 119.571 -81.359 15.316 119.182 -81.132 14.802 122.535 -81.212 12.554
3 0 122.227 -80.805 12.101 122.535 -81.212 12.554 119.182 -81.132 14.802
3 0 119.182 -81.132 14.802 118.882 -80.676 14.393 122.227 -80.805 12.101
3 0 122.038 -80.219 11.807 122.227 -80.805 12.101 118.882 -80.676 14.393
3 0 118.882 -80.676 14.393 118.716 -80.061 14.149 122.038 -80.219 11.807
3 0 123.083 -77.885 13.194 122.693 -77.984 12.644 119.537 -77.933 15.109
3 0 119.537 -77.933 15.109 119.955 -77.896 15.647 123.083 -77.885 13.194
3 0 123.461 -78.052 13.738 123.083 -77.885 13.194 119.955 -77.896 15.647
3 0 119.955 -77.896 15.647 120.344 -78.123 16.161 123.461 -78.052 13.738
3 0 123.768 -78.459 14.191 123.461 -78.052 13.738 120.344 -78.123 16.161
3 0 120.344 -78.123 16.161 120.645 -78.579 16.570 123.768 -78.459 14.191
3 0 123.959 -79.045 14.486 123.768 -78.459 14.191 120.645 -78.579 16.570
3 0 120.645 -78.579 16.570 120.811 -79.194 16.814 123.959 -79.045 14.486
3 0 123.959 -79.045 14.486 120.811 -79.194 16.814 121.230 -79.158 17.353
3 0 121.230 -79.158 17.353 124.350 -78.946 15.037 123.959 -79.045 14.486
3 0 124.350 -78.946 15.037 121.230 -79.158 17.353 121.619 -79.385 17.866
3 0 121.619 -79.385 17.866 124.727 -79.113 15.581 124.350 -78.946 15.037
3 0 124.727 -79.113 15.581 121.619 -79.385 17.866 121.919 -79.841 18.276
3 0 121.919 -79.841 18.276 125.035 -79.520 16.034 124.727 -79.113 15.581
3 0 125.035 -79.520 16.034 121.919 -79.841 18.276 122.085 -80.456 18.520
3 0 122.085 -80.456 18.520 125.225 -80.106 16.329 125.035 -79.520 16.034
3 0 125.225 -80.106 16.329 122.085 -80.456 18.520 122.092 -81.138 18.561
3 0 122.092 -81.138 18.561 125.269 -80.781 16.419 125.225 -80.106 16.329
3 0 125.269 -80.781 16.419 122.092 -81.138 18.561 121.938 -81.782 18.393
3 0 121.938 -81.782 18.393 125.160 -81.443 16.292 125.269 -80.781 16.419
3 0 125.160 -81.443 16.292 121.938 -81.782 18.393 121.648 -82.289 18.042
3 0 121.648 -82.289 18.042 124.914 -81.991 15.966 125.160 -81.443 16.292
3 0 124.914 -81.991 15.966 121.648 -82.289 18.042 121.264 -82.584 17.560
3 0 121.264 -82.584 17.560 124.570 -82.341 15.492 124.914 -81.991 15.966
3 0 124.570 -82.341 15.492 121.264 -82.584 17.560 120.845 -82.621 17.021
3 0 120.845 -82.621 17.021 124.179 -82.440 14.941 124.570 -82.341 15.492
3 0 124.179 -82.440 14.941 120.845 -82.621 17.021 120.456 -82.394 16.508
3 0 120.456 -82.394 16.508 123.801 -82.273 14.397 124.179 -82.440 14.941
3 0 123.801 -82.273 14.397 120.456 -82.394 16.508 120.156 -81.938 16.098
3 0 120.156 -81.938 16.098 123.494 -81.866 13.944 123.801 -82.273 14.397
3 0 123.494 -81.866 13.944 120.156 -81.938 16.098 119.989 -81.322 15.854
3 0 119.989 -81.322 15.854 123.304 -81.280 13.649 123.494 -81.866 13.944
3 0 124.270 -79.488 7.649 120.771 -79.158 9.964 120.380 -79.257 9.413
3 0 120.380 -79.257 9.413 123.919 -79.647 7.085 124.270 -79.488 7.649
3 0 123.919 -79.647 7.085 120.380 -79.257 9.413 120.002 -79.090 8.870
3 0 120.002 -79.090 8.870 123.566 -79.539 6.510 123.919 -79.647 7.085
3 0 123.566 -79.539 6.510 120.002 -79.090 8.870 119.695 -78.683 8.416
3 0 119.695 -78.683 8.416 123.266 -79.182 6.011 123.566 -79.539 6.510
3 0 123.266 -79.182 6.011 119.695 -78.683 8.416 119.505 -78.097 8.122
3 0 119.505 -78.097 8.122 123.065 -78.630 5.665 123.266 -79.182 6.011
3 0 123.065 -78.630 5.665 119.505 -78.097 8.122 119.461 -77.422 8.031
3 0 119.461 -77.422 8.031 122.992 -77.966 5.523 123.065 -78.630 5.665
3 0 122.992 -77.966 5.523 119.461 -77.422 8.031 119.570 -76.760 8.158
3 0 119.570 -76.760 8.158 123.059 -77.292 5.608 122.992 -77.966 5.523
3 0 123.059 -77.292 5.608 119.570 -76.760 8.158 119.816 -76.212 8.484
3 0 119.816 -76.212 8.484 123.256 -76.710 5.906 123.059 -77.292 5.608
3 0 123.256 -76.710 5.906 119.816 -76.212 8.484 120.160 -75.862 8.958
3 0 120.160 -75.862 8.958 123.553 -76.309 6.372 123.256 -76.710 5.906
3 0 123.553 -76.309 6.372 120.160 -75.862 8.958 120.551 -75.763 9.509
3 0 120.551 -75.763 9.509 123.905 -76.150 6.936 123.553 -76.309 6.372
3 0 123.905 -76.150 6.936 120.551 -75.763 9.509 120.929 -75.930 10.053
3 0 120.929 -75.930 10.053 124.257 -76.258 7.511 123.905 -76.150 6.936
3 0 124.257 -76.258 7.511 120.929 -75.930 10.053 121.236 -76.337 10.507
3 0 121.236 -76.337 10.507 124.557 -76.615 8.010 124.257 -76.258 7.511
3 0 124.557 -76.615 8.010 121.236 -76.337 10.507 121.426 -76.923 10.801
3 0 121.426 -76.923 10.801 124.758 -77.167 8.356 124.557 -76.615 8.010
3 0 125.124 -80.506 9.069 125.475 -80.347 9.632 122.038 -80.219 11.807
3 0 122.038 -80.219 11.807 121.647 -80.318 11.256 125.124 -80.506 9.069
3 0 124.772 -80.398 8.494 125.124 -80.506 9.069 121.647 -80.318 11.256
3 0 121.647 -80.318 11.256 121.269 -80.152 10.712 124.772 -80.398 8.494
3 0 124.472 -80.041 7.995 124.772 -80.398 8.494 121.269 -80.152 10.712
3 0 121.269 -80.152 10.712 120.961 -79.744 10.259 124.472 -80.041 7.995
3 0 124.270 -79.488 7.649 124.472 -80.041 7.995 120.961 -79.744 10.259
3 0 120.961 -79.744 10.259 120.771 -79.158 9.964 124.270 -79.488 7.649
3 0 125.110 -77.009 8.920 124.758 -77.167 8.356 121.426 -76.923 10.801
3 0 121.426 -76.923 10.801 121.817 -76.824 11.352 125.110 -77.009 8.920
3 0 125.462 -77.116 9.495 125.110 -77.009 8.920 121.817 -76.824 11.352
3 0 121.817 -76.824 11.352 122.195 -76.991 11.896 125.462 -77.116 9.495
3 0 125.762 -77.473 9.993 125.462 -77.116 9.495 122.195 -76.991 11.896
3 0 122.195 -76.991 11.896 122.503 -77.398 12.349 125.762 -77.473 9.993
3 0 125.964 -78.026 10.340 125.762 -77.473 9.993 122.503 -77.398 12.349
3 0 122.503 -77.398 12.349 122.693 -77.984 12.644 125.964 -78.026 10.340
3 0 126.329 -81.364 11.052 126.680 -81.205 11.615 123.304 -81.280 13.649
3 0 123.304 -81.280 13.649 122.913 -81.379 13.098 126.329 -81.364 11.052
3 0 125.976 -81.256 10.477 126.329 -81.364 11.052 122.913 -81.379 13.098
3 0 122.913 -81.379 13.098 122.535 -81.212 12.554 125.976 -81.256 10.477
3 0 125.677 -80.899 9.978 125.976 -81.256 10.477 122.535 -81.212 12.554
3 0 122.535 -81.212 12.554 122.227 -80.805 12.101 125.677 -80.899 9.978
3 0 125.475 -80.347 9.632 125.677 -80.899 9.978 122.227 -80.805 12.101
3 0 122.227 -80.805 12.101 122.038 -80.219 11.807 125.475 -80.347 9.632
3 0 126.315 -77.867 10.903 125.964 -78.026 10.340 122.693 -77.984 12.644
3 0 122.693 -77.984 12.644 123.083 -77.885 13.194 126.315 -77.867 10.903
3 0 126.667 -77.974 11.478 126.315 -77.867 10.903 123.083 -77.885 13.194
3 0 123.083 -77.885 13.194 123.461 -78.052 13.738 126.667 -77.974 11.478
3 0 126.967 -78.332 11.977 126.667 -77.974 11.478 123.461 -78.052 13.738
3 0 123.461 -78.052 13.738 123.768 -78.459 14.191 126.967 -78.332 11.977
3 0 127.169 -78.884 12.323 126.967 -78.332 11.977 123.768 -78.459 14.191
3 0 123.768 -78.459 14.191 123.959 -79.045 14.486 127.169 -78.884 12.323
3 0 127.169 -78.884 12.323 123.959 -79.045 14.486 124.350 -78.946 15.037
3 0 124.350 -78.946 15.037 127.520 -78.726 12.887 127.169 -78.884 12.323
3 0 127.520 -78.726 12.887 124.350 -78.946 15.037 124.727 -79.113 15.581
3 0 124.727 -79.113 15.581 127.872 -78.833 13.462 127.520 -78.726 12.887
3 0 127.872 -78.833 13.462 124.727 -79.113 15.581 125.035 -79.520 16.034
3 0 125.035 -79.520 16.034 128.172 -79.190 13.960 127.872 -78.833 13.462
3 0 128.172 -79.190 13.960 125.035 -79.520 16.034 125.225 -80.106 16.329
3 0 125.225 -80.106 16.329 128.374 -79.743 14.307 128.172 -79.190 13.960
3 0 128.374 -79.743 14.307 125.225 -80.106 16.329 125.269 -80.781 16.419
3 0 125.269 -80.781 16.419 128.447 -80.407 14.449 128.374 -79.743 14.307
3 0 128.447 -80.407 14.449 125.269 -80.781 16.419 125.160 -81.443 16.292
3 0 125.160 -81.443 16.292 128.379 -81.081 14.364 128.447 -80.407 14.449
3 0 128.379 -81.081 14.364 125.160 -81.443 16.292 124.914 -81.991 15.966
3 0 124.914 -81.991 15.966 128.182 -81.663 14.066 128.379 -81.081 14.364
3 0 128.182 -81.663 14.066 124.914 -81.991 15.966 124.570 -82.341 15.492
3 0 124.570 -82.341 15.492 127.885 -82.064 13.599 128.182 -81.663 14.066
3 0 127.885 -82.064 13.599 124.570 -82.341 15.492 124.179 -82.440 14.941
3 0 124.179 -82.440 14.941 127.534 -82.222 13.036 127.885 -82.064 13.599
3 0 127.534 -82.222 13.036 124.179 -82.440 14.941 123.801 -82.273 14.397
3 0 123.801 -82.273 14.397 127.182 -82.115 12.461 127.534 -82.222 13.036
3 0 127.182 -82.115 12.461 123.801 -82.273 14.397 123.494 -81.866 13.944
3 0 123.494 -81.866 13.944 126.882 -81.758 11.962 127.182 -82.115 12.461
3 0 126.882 -81.758 11.962 123.494 -81.866 13.944 123.304 -81.280 13.649
3 0 123.304 -81.280 13.649 126.680 -81.205 11.615 126.882 -81.758 11.962
3 0 127.999 -79.785 5.569 124.270 -79.488 7.649 123.919 -79.647 7.085
3 0 123.919 -79.647 7.085 127.706 -80.000 4.991 127.999 -79.785 5.569
3 0 127.706 -80.000 4.991 123.919 -79.647 7.085 123.566 -79.539 6.510
3 0 123.566 -79.539 6.510 127.401 -79.951 4.383 127.706 -80.000 4.991
3 0 127.401 -79.951 4.383 123.566 -79.539 6.510 123.266 -79.182 6.011
3 0 123.266 -79.182 6.011 127.130 -79.645 3.835 127.401 -79.951 4.383
3 0 127.130 -79.645 3.835 123.266 -79.182 6.011 123.065 -78.630 5.665
3 0 123.065 -78.630 5.665 126.936 -79.129 3.433 127.130 -79.645 3.835
3 0 126.936 -79.129 3.433 123.065 -78.630 5.665 122.992 -77.966 5.523
3 0 122.992 -77.966 5.523 126.847 -78.481 3.237 126.936 -79.129 3.433
3 0 126.847 -78.481 3.237 122.992 -77.966 5.523 123.059 -77.292 5.608
3 0 123.059 -77.292 5.608 126.877 -77.800 3.277 126.847 -78.481 3.237
3 0 126.877 -77.800 3.277 123.059 -77.292 5.608 123.256 -76.710 5.906
3 0 123.256 -76.710 5.906 127.021 -77.190 3.547 126.877 -77.800 3.277
3 0 127.021 -77.190 3.547 123.256 -76.710 5.906 123.553 -76.309 6.372
3 0 123.553 -76.309 6.372 127.258 -76.743 4.005 127.021 -77.190 3.547
3 0 127.258 -76.743 4.005 123.553 -76.309 6.372 123.905 -76.150 6.936
3 0 123.905 -76.150 6.936 127.552 -76.528 4.583 127.258 -76.743 4.005
3 0 127.552 -76.528 4.583 123.905 -76.150 6.936 124.257 -76.258 7.511
3 0 124.257 -76.258 7.511 127.857 -76.577 5.192 127.552 -76.528 4.583
3 0 127.857 -76.577 5.192 124.257 -76.258 7.511 124.557 -76.615 8.010
3 0 124.557 -76.615 8.010 128.127 -76.883 5.739 127.857 -76.577 5.192
3 0 128.127 -76.883 5.739 124.557 -76.615 8.010 124.758 -77.167 8.356
3 0 124.758 -77.167 8.356 128.322 -77.399 6.141 128.127 -76.883 5.739
3 0 128.770 -80.656 7.128 129.063 -80.441 7.705 125.475 -80.347 9.632
3 0 125.475 -80.347 9.632 125.124 -80.506 9.069 128.770 -80.656 7.128
3 0 128.464 -80.607 6.519 128.770 -80.656 7.128 125.124 -80.506 9.069
3 0 125.124 -80.506 9.069 124.772 -80.398 8.494 128.464 -80.607 6.519
3 0 128.194 -80.301 5.972 128.464 -80.607 6.519 124.772 -80.398 8.494
3 0 124.772 -80.398 8.494 124.472 -80.041 7.995 128.194 -80.301 5.972
3 0 127.999 -79.785 5.569 128.194 -80.301 5.972 124.472 -80.041 7.995
3 0 124.472 -80.041 7.995 124.270 -79.488 7.649 127.999 -79.785 5.569
3 0 128.616 -77.184 6.719 128.322 -77.399 6.141 124.758 -77.167 8.356
3 0 124.758 -77.167 8.356 125.110 -77.009 8.920 128.616 -77.184 6.719
3 0 128.921 -77.233 7.328 128.616 -77.184 6.719 125.110 -77.009 8.920
3 0 125.110 -77.009 8.920 125.462 -77.116 9.495 128.921 -77.233 7.328
3 0 129.191 -77.539 7.875 128.921 -77.233 7.328 125.462 -77.116 9.495
3 0 125.462 -77.116 9.495 125.762 -77.473 9.993 129.191 -77.539 7.875
3 0 129.386 -78.055 8.277 129.191 -77.539 7.875 125.762 -77.473 9.993
3 0 125.762 -77.473 9.993 125.964 -78.026 10.340 129.386 -78.055 8.277
3 0 129.833 -81.312 9.263 130.127 -81.097 9.841 126.680 -81.205 11.615
3 0 126.680 -81.205 11.615 126.329 -81.364 11.052 129.833 -81.312 9.263
3 0 129.528 -81.263 8.654 129.833 -81.312 9.263 126.329 -81.364 11.052
3 0 126.329 -81.364 11.052 125.976 -81.256 10.477 129.528 -81.263 8.654
3 0 129.257 -80.957 8.107 129.528 -81.263 8.654 125.976 -81.256 10.477
3 0 125.976 -81.256 10.477 125.677 -80.899 9.978 129.257 -80.957 8.107
3 0 129.063 -80.441 7.705 129.257 -80.957 8.107 125.677 -80.899 9.978
3 0 125.677 -80.899 9.978 125.475 -80.347 9.632 129.063 -80.441 7.705
3 0 129.679 -77.839 8.855 129.386 -78.055 8.277 125.964 -78.026 10.340
3 0 125.964 -78.026 10.340 126.315 -77.867 10.903 129.679 -77.839 8.855
3 0 129.984 -77.889 9.463 129.679 -77.839 8.855 126.315 -77.867 10.903
3 0 126.315 -77.867 10.903 126.667 -77.974 11.478 129.984 -77.889 9.463
3 0 130.255 -78.195 10.011 129.984 -77.889 9.463 126.667 -77.974 11.478
3 0 126.667 -77.974 11.478 126.967 -78.332 11.977 130.255 -78.195 10.011
3 0 130.449 -78.711 10.413 130.255 -78.195 10.011 126.967 -78.332 11.977
3 0 126.967 -78.332 11.977 127.169 -78.884 12.323 130.449 -78.711 10.413
3 0 130.449 -78.711 10.413 127.169 -78.884 12.323 127.520 -78.726 12.887
3 0 127.520 -78.726 12.887 130.743 -78.496 10.991 130.449 -78.711 10.413
3 0 130.743 -78.496 10.991 127.520 -78.726 12.887 127.872 -78.833 13.462
3 0 127.872 -78.833 13.462 131.048 -78.545 11.600 130.743 -78.496 10.991
3 0 131.048 -78.545 11.600 127.872 -78.833 13.462 128.172 -79.190 13.960
3 0 128.172 -79.190 13.960 131.319 -78.851 12.147 131.048 -78.545 11.600
3 0 131.319 -78.851 12.147 128.172 -79.190 13.960 128.374 -79.743 14.307
3 0 128.374 -79.743 14.307 131.513 -79.367 12.549 131.319 -78.851 12.147
3 0 131.513 -79.367 12.549 128.374 -79.743 14.307 128.447 -80.407 14.449
3 0 128.447 -80.407 14.449 131.602 -80.015 12.745 131.513 -79.367 12.549
3 0 131.602 -80.015 12.745 128.447 -80.407 14.449 128.379 -81.081 14.364
3 0 128.379 -81.081 14.364 131.572 -80.696 12.705 131.602 -80.015 12.745
3 0 131.572 -80.696 12.705 128.379 -81.081 14.364 128.182 -81.663 14.066
3 0 128.182 -81.663 14.066 131.428 -81.306 12.436 131.572 -80.696 12.705
3 0 131.428 -81.306 12.436 128.182 -81.663 14.066 127.885 -82.064 13.599
3 0 127.885 -82.064 13.599 131.190 -81.753 11.977 131.428 -81.306 12.436
3 0 131.190 -81.753 11.977 127.885 -82.064 13.599 127.534 -82.222 13.036
3 0 127.534 -82.222 13.036 130.897 -81.968 11.399 131.190 -81.753 11.977
3 0 130.897 -81.968 11.399 127.534 -82.222 13.036 127.182 -82.115 12.461
3 0 127.182 -82.115 12.461 130.592 -81.919 10.790 130.897 -81.968 11.399
3 0 130.592 -81.919 10.790 127.182 -82.115 12.461 126.882 -81.758 11.962
3 0 126.882 -81.758 11.962 130.321 -81.613 10.243 130.592 -81.919 10.790
3 0 130.321 -81.613 10.243 126.882 -81.758 11.962 126.680 -81.205 11.615
3 0 126.680 -81.205 11.615 130.127 -81.097 9.841 130.321 -81.613 10.243
3 0 132.065 -80.042 3.848 127.999 -79.785 5.569 127.706 -80.000 4.991
3 0 127.706 -80.000 4.991 131.863 -80.310 3.253 132.065 -80.042 3.848
3 0 131.863 -80.310 3.253 127.706 -80.000 4.991 127.401 -79.951 4.383
3 0 127.401 -79.951 4.383 131.646 -80.317 2.606 131.863 -80.310 3.253
3 0 131.646 -80.317 2.606 127.401 -79.951 4.383 127.130 -79.645 3.835
3 0 127.130 -79.645 3.835 131.446 -80.062 2.004 131.646 -80.317 2.606
3 0 131.446 -80.062 2.004 127.130 -79.645 3.835 126.936 -79.129 3.433
3 0 126.936 -79.129 3.433 131.294 -79.584 1.541 131.446 -80.062 2.004
3 0 131.294 -79.584 1.541 126.936 -79.129 3.433 126.847 -78.481 3.237
3 0 126.847 -78.481 3.237 131.213 -78.956 1.286 131.294 -79.584 1.541
3 0 131.213 -78.956 1.286 126.847 -78.481 3.237 126.877 -77.800 3.277
3 0 126.877 -77.800 3.277 131.215 -78.273 1.278 131.213 -78.956 1.286
3 0 131.215 -78.273 1.278 126.877 -77.800 3.277 127.021 -77.190 3.547
3 0 127.021 -77.190 3.547 131.300 -77.640 1.518 131.215 -78.273 1.278
3 0 131.300 -77.640 1.518 127.021 -77.190 3.547 127.258 -76.743 4.005
3 0 127.258 -76.743 4.005 131.455 -77.152 1.970 131.300 -77.640 1.518
3 0 131.455 -77.152 1.970 127.258 -76.743 4.005 127.552 -76.528 4.583
3 0 127.552 -76.528 4.583 131.656 -76.884 2.565 131.455 -77.152 1.970
3 0 131.656 -76.884 2.565 127.552 -76.528 4.583 127.857 -76.577 5.192
3 0 127.857 -76.577 5.192 131.873 -76.877 3.212 131.656 -76.884 2.565
3 0 131.873 -76.877 3.212 127.857 -76.577 5.192 128.127 -76.883 5.739
3 0 128.127 -76.883 5.739 132.073 -77.132 3.813 131.873 -76.877 3.212
3 0 132.073 -77.132 3.813 128.127 -76.883 5.739 128.322 -77.399 6.141
3 0 128.322 -77.399 6.141 132.226 -77.610 4.277 132.073 -77.132 3.813
3 0 132.634 -80.768 5.560 132.836 -80.500 6.155 129.063 -80.441 7.705
3 0 129.063 -80.441 7.705 128.770 -80.656 7.128 132.634 -80.768 5.560
3 0 132.417 -80.774 4.912 132.634 -80.768 5.560 128.770 -80.656 7.128
3 0 128.770 -80.656 7.128 128.464 -80.607 6.519 132.417 -80.774 4.912
3 0 132.217 -80.520 4.311 132.417 -80.774 4.912 128.464 -80.607 6.519
3 0 128.464 -80.607 6.519 128.194 -80.301 5.972 132.217 -80.520 4.311
3 0 132.065 -80.042 3.848 132.217 -80.520 4.311 128.194 -80.301 5.972
3 0 128.194 -80.301 5.972 127.999 -79.785 5.569 132.065 -80.042 3.848
3 0 132.427 -77.342 4.872 132.226 -77.610 4.277 128.322 -77.399 6.141
3 0 128.322 -77.399 6.141 128.616 -77.184 6.719 132.427 -77.342 4.872
3 0 132.644 -77.335 5.519 132.427 -77.342 4.872 128.616 -77.184 6.719
3 0 128.616 -77.184 6.719 128.921 -77.233 7.328 132.644 -77.335 5.519
3 0 132.844 -77.590 6.120 132.644 -77.335 5.519 128.921 -77.233 7.328
3 0 128.921 -77.233 7.328 129.191 -77.539 7.875 132.844 -77.590 6.120
3 0 132.997 -78.068 6.584 132.844 -77.590 6.120 129.191 -77.539 7.875
3 0 129.191 -77.539 7.875 129.386 -78.055 8.277 132.997 -78.068 6.584
3 0 133.405 -81.225 7.866 133.607 -80.957 8.461 130.127 -81.097 9.841
3 0 130.127 -81.097 9.841 129.833 -81.312 9.263 133.405 -81.225 7.866
3 0 133.188 -81.232 7.218 133.405 -81.225 7.866 129.833 -81.312 9.263
3 0 129.833 -81.312 9.263 129.528 -81.263 8.654 133.188 -81.232 7.218
3 0 132.988 -80.977 6.617 133.188 -81.232 7.218 129.528 -81.263 8.654
3 0 129.528 -81.263 8.654 129.257 -80.957 8.107 132.988 -80.977 6.617
3 0 132.836 -80.500 6.155 132.988 -80.977 6.617 129.257 -80.957 8.107
3 0 129.257 -80.957 8.107 129.063 -80.441 7.705 132.836 -80.500 6.155
3 0 133.198 -77.800 7.178 132.997 -78.068 6.584 129.386 -78.055 8.277
3 0 129.386 -78.055 8.277 129.679 -77.839 8.855 133.198 -77.800 7.178
3 0 133.415 -77.793 7.825 133.198 -77.800 7.178 129.679 -77.839 8.855
3 0 129.679 -77.839 8.855 129.984 -77.889 9.463 133.415 -77.793 7.825
3 0 133.615 -78.047 8.426 133.415 -77.793 7.825 129.984 -77.889 9.463
3 0 129.984 -77.889 9.463 130.255 -78.195 10.011 133.615 -78.047 8.426
3 0 133.767 -78.525 8.889 133.615 -78.047 8.426 130.255 -78.195 10.011
3 0 130.255 -78.195 10.011 130.449 -78.711 10.413 133.767 -78.525 8.889
3 0 133.767 -78.525 8.889 130.449 -78.711 10.413 130.743 -78.496 10.991
3 0 130.743 -78.496 10.991 133.969 -78.258 9.485 133.767 -78.525 8.889
3 0 133.969 -78.258 9.485 130.743 -78.496 10.991 131.048 -78.545 11.600
3 0 131.048 -78.545 11.600 134.186 -78.251 10.132 133.969 -78.258 9.485
3 0 134.186 -78.251 10.132 131.048 -78.545 11.600 131.319 -78.851 12.147
3 0 131.319 -78.851 12.147 134.386 -78.505 10.733 134.186 -78.251 10.132
3 0 134.386 -78.505 10.733 131.319 -78.851 12.147 131.513 -79.367 12.549
3 0 131.513 -79.367 12.549 134.538 -78.983 11.196 134.386 -78.505 10.733
3 0 134.538 -78.983 11.196 131.513 -79.367 12.549 131.602 -80.015 12.745
3 0 131.602 -80.015 12.745 134.620 -79.611 11.452 134.538 -78.983 11.196
3 0 134.620 -79.611 11.452 131.602 -80.015 12.745 131.572 -80.696 12.705
3 0 131.572 -80.696 12.705 134.618 -80.294 11.460 134.620 -79.611 11.452
3 0 134.618 -80.294 11.460 131.572 -80.696 12.705 131.428 -81.306 12.436
3 0 131.428 -81.306 12.436 134.533 -80.927 11.219 134.618 -80.294 11.460
3 0 134.533 -80.927 11.219 131.428 -81.306 12.436 131.190 -81.753 11.977
3 0 131.190 -81.753 11.977 134.378 -81.415 10.767 134.533 -80.927 11.219
3 0 134.378 -81.415 10.767 131.190 -81.753 11.977 130.897 -81.968 11.399
3 0 130.897 -81.968 11.399 134.176 -81.683 10.172 134.378 -81.415 10.767
3 0 134.176 -81.683 10.172 130.897 -81.968 11.399 130.592 -81.919 10.790
3 0 130.592 -81.919 10.790 133.959 -81.690 9.525 134.176 -81.683 10.172
3 0 133.959 -81.690 9.525 130.592 -81.919 10.790 130.321 -81.613 10.243
3 0 130.321 -81.613 10.243 133.759 -81.435 8.924 133.959 -81.690 9.525
3 0 133.759 -81.435 8.924 130.321 -81.613 10.243 130.127 -81.097 9.841
3 0 130.127 -81.097 9.841 133.607 -80.957 8.461 133.759 -81.435 8.924
3 0 136.608 -80.237 2.847 132.065 -80.042 3.848 131.863 -80.310 3.253
3 0 131.863 -80.310 3.253 136.555 -80.550 2.243 136.608 -80.237 2.847
3 0 136.555 -80.550 2.243 131.863 -80.310 3.253 131.646 -80.317 2.606
3 0 131.646 -80.317 2.606 136.495 -80.607 1.565 136.555 -80.550 2.243
3 0 136.495 -80.607 1.565 131.646 -80.317 2.606 131.446 -80.062 2.004
3 0 131.446 -80.062 2.004 136.437 -80.399 0.917 136.495 -80.607 1.565
3 0 136.437 -80.399 0.917 131.446 -80.062 2.004 131.294 -79.584 1.541
3 0 131.294 -79.584 1.541 136.391 -79.958 0.398 136.437 -80.399 0.917
3 0 136.391 -79.958 0.398 131.294 -79.584 1.541 131.213 -78.956 1.286
3 0 131.213 -78.956 1.286 136.362 -79.351 0.086 136.391 -79.958 0.398
3 0 136.362 -79.351 0.086 131.213 -78.956 1.286 131.215 -78.273 1.278
3 0 131.215 -78.273 1.278 136.356 -78.671 0.030 136.362 -79.351 0.086
3 0 136.356 -78.671 0.030 131.215 -78.273 1.278 131.300 -77.640 1.518
3 0 131.300 -77.640 1.518 136.373 -78.020 0.237 136.356 -78.671 0.030
3 0 136.373 -78.020 0.237 131.300 -77.640 1.518 131.455 -77.152 1.970
3 0 131.455 -77.152 1.970 136.411 -77.499 0.676 136.373 -78.020 0.237
3 0 136.411 -77.499 0.676 131.455 -77.152 1.970 131.656 -76.884 2.565
3 0 131.656 -76.884 2.565 136.464 -77.186 1.280 136.411 -77.499 0.676
3 0 136.464 -77.186 1.280 131.656 -76.884 2.565 131.873 -76.877 3.212
3 0 131.873 -76.877 3.212 136.524 -77.129 1.958 136.464 -77.186 1.280
3 0 136.524 -77.129 1.958 131.873 -76.877 3.212 132.073 -77.132 3.813
3 0 132.073 -77.132 3.813 136.582 -77.337 2.606 136.524 -77.129 1.958
3 0 136.582 -77.337 2.606 132.073 -77.132 3.813 132.226 -77.610 4.277
3 0 132.226 -77.610 4.277 136.629 -77.778 3.125 136.582 -77.337 2.606
3 0 136.772 -80.829 4.692 136.826 -80.516 5.297 132.836 -80.500 6.155
3 0 132.836 -80.500 6.155 132.634 -80.768 5.560 136.772 -80.829 4.692
3 0 136.713 -80.885 4.015 136.772 -80.829 4.692 132.634 -80.768 5.560
3 0 132.634 -80.768 5.560 132.417 -80.774 4.912 136.713 -80.885 4.015
3 0 136.655 -80.678 3.367 136.713 -80.885 4.015 132.417 -80.774 4.912
3 0 132.417 -80.774 4.912 132.217 -80.520 4.311 136.655 -80.678 3.367
3 0 136.608 -80.237 2.847 136.655 -80.678 3.367 132.217 -80.520 4.311
3 0 132.217 -80.520 4.311 132.065 -80.042 3.848 136.608 -80.237 2.847
3 0 136.682 -77.465 3.730 136.629 -77.778 3.125 132.226 -77.610 4.277
3 0 132.226 -77.610 4.277 132.427 -77.342 4.872 136.682 -77.465 3.730
3 0 136.742 -77.408 4.408 136.682 -77.465 3.730 132.427 -77.342 4.872
3 0 132.427 -77.342 4.872 132.644 -77.335 5.519 136.742 -77.408 4.408
3 0 136.800 -77.616 5.056 136.742 -77.408 4.408 132.644 -77.335 5.519
3 0 132.644 -77.335 5.519 132.844 -77.590 6.120 136.800 -77.616 5.056
3 0 136.846 -78.057 5.575 136.800 -77.616 5.056 132.844 -77.590 6.120
3 0 132.844 -77.590 6.120 132.997 -78.068 6.584 136.846 -78.057 5.575
3 0 136.990 -81.107 7.141 137.043 -80.794 7.746 133.607 -80.957 8.461
3 0 133.607 -80.957 8.461 133.405 -81.225 7.866 136.990 -81.107 7.141
3 0 136.930 -81.164 6.463 136.990 -81.107 7.141 133.405 -81.225 7.866
3 0 133.405 -81.225 7.866 133.188 -81.232 7.218 136.930 -81.164 6.463
3 0 136.872 -80.956 5.815 136.930 -81.164 6.463 133.188 -81.232 7.218
3 0 133.188 -81.232 7.218 132.988 -80.977 6.617 136.872 -80.956 5.815
3 0 136.826 -80.516 5.297 136.872 -80.956 5.815 132.988 -80.977 6.617
3 0 132.988 -80.977 6.617 132.836 -80.500 6.155 136.826 -80.516 5.297
3 0 136.899 -77.743 6.179 136.846 -78.057 5.575 132.997 -78.068 6.584
3 0 132.997 -78.068 6.584 133.198 -77.800 7.178 136.899 -77.743 6.179
3 0 136.959 -77.687 6.856 136.899 -77.743 6.179 133.198 -77.800 7.178
3 0 133.198 -77.800 7.178 133.415 -77.793 7.825 136.959 -77.687 6.856
3 0 137.017 -77.894 7.504 136.959 -77.687 6.856 133.415 -77.793 7.825
3 0 133.415 -77.793 7.825 133.615 -78.047 8.426 137.017 -77.894 7.504
3 0 137.064 -78.335 8.024 137.017 -77.894 7.504 133.615 -78.047 8.426
3 0 133.615 -78.047 8.426 133.767 -78.525 8.889 137.064 -78.335 8.024
3 0 137.064 -78.335 8.024 133.767 -78.525 8.889 133.969 -78.258 9.485
3 0 133.969 -78.258 9.485 137.117 -78.022 8.628 137.064 -78.335 8.024
3 0 137.117 -78.022 8.628 133.969 -78.258 9.485 134.186 -78.251 10.132
3 0 134.186 -78.251 10.132 137.177 -77.965 9.306 137.117 -78.022 8.628
3 0 137.177 -77.965 9.306 134.186 -78.251 10.132 134.386 -78.505 10.733
3 0 134.386 -78.505 10.733 137.234 -78.173 9.954 137.177 -77.965 9.306
3 0 137.234 -78.173 9.954 134.386 -78.505 10.733 134.538 -78.983 11.196
3 0 134.538 -78.983 11.196 137.281 -78.614 10.473 137.234 -78.173 9.954
3 0 137.281 -78.614 10.473 134.538 -78.983 11.196 134.620 -79.611 11.452
3 0 134.620 -79.611 11.452 137.310 -79.221 10.785 137.281 -78.614 10.473
3 0 137.310 -79.221 10.785 134.620 -79.611 11.452 134.618 -80.294 11.460
3 0 134.618 -80.294 11.460 137.316 -79.901 10.841 137.310 -79.221 10.785
3 0 137.316 -79.901 10.841 134.618 -80.294 11.460 134.533 -80.927 11.219
3 0 134.533 -80.927 11.219 137.298 -80.552 10.634 137.316 -79.901 10.841
3 0 137.298 -80.552 10.634 134.533 -80.927 11.219 134.378 -81.415 10.767
3 0 134.378 -81.415 10.767 137.260 -81.073 10.195 137.298 -80.552 10.634
3 0 137.260 -81.073 10.195 134.378 -81.415 10.767 134.176 -81.683 10.172
3 0 134.176 -81.683 10.172 137.207 -81.386 9.591 137.260 -81.073 10.195
3 0 137.207 -81.386 9.591 134.176 -81.683 10.172 133.959 -81.690 9.525
3 0 133.959 -81.690 9.525 137.147 -81.443 8.913 137.207 -81.386 9.591
3 0 137.147 -81.443 8.913 133.959 -81.690 9.525 133.759 -81.435 8.924
3 0 133.759 -81.435 8.924 137.090 -81.235 8.265 137.147 -81.443 8.913
3 0 137.090 -81.235 8.265 133.759 -81.435 8.924 133.607 -80.957 8.461
3 0 133.607 -80.957 8.461 137.043 -80.794 7.746 137.090 -81.235 8.265
3 0 141.711 -80.688 2.655 141.547 -80.343 3.220 136.608 -80.237 2.847
3 0 136.608 -80.237 2.847 136.555 -80.550 2.243 141.711 -80.688 2.655
3 0 141.896 -80.782 2.004 141.711 -80.688 2.655 136.555 -80.550 2.243
3 0 136.555 -80.550 2.243 136.495 -80.607 1.565 141.896 -80.782 2.004
3 0 142.075 -80.610 1.368 141.896 -80.782 2.004 136.495 -80.607 1.565
3 0 136.495 -80.607 1.565 136.437 -80.399 0.917 142.075 -80.610 1.368
3 0 142.220 -80.198 0.843 142.075 -80.610 1.368 136.437 -80.399 0.917
3 0 136.437 -80.399 0.917 136.391 -79.958 0.398 142.220 -80.198 0.843
3 0 142.308 -79.609 0.509 142.220 -80.198 0.843 136.391 -79.958 0.398
3 0 136.391 -79.958 0.398 136.362 -79.351 0.086 142.308 -79.609 0.509
3 0 142.308 -79.609 0.509 136.362 -79.351 0.086 136.356 -78.671 0.030
3 0 136.356 -78.671 0.030 142.327 -78.933 0.417 142.308 -79.609 0.509
3 0 142.327 -78.933 0.417 136.356 -78.671 0.030 136.373 -78.020 0.237
3 0 136.373 -78.020 0.237 142.274 -78.272 0.580 142.327 -78.933 0.417
3 0 142.274 -78.272 0.580 136.373 -78.020 0.237 136.411 -77.499 0.676
3 0 136.411 -77.499 0.676 142.157 -77.728 0.975 142.274 -78.272 0.580
3 0 141.993 -77.382 1.541 142.157 -77.728 0.975 136.411 -77.499 0.676
3 0 136.411 -77.499 0.676 136.464 -77.186 1.280 141.993 -77.382 1.541
3 0 141.808 -77.288 2.191 141.993 -77.382 1.541 136.464 -77.186 1.280
3 0 136.464 -77.186 1.280 136.524 -77.129 1.958 141.808 -77.288 2.191
3 0 141.629 -77.460 2.828 141.808 -77.288 2.191 136.524 -77.129 1.958
3 0 136.524 -77.129 1.958 136.582 -77.337 2.606 141.629 -77.460 2.828
3 0 141.485 -77.872 3.353 141.629 -77.460 2.828 136.582 -77.337 2.606
3 0 136.582 -77.337 2.606 136.629 -77.778 3.125 141.485 -77.872 3.353
3 0 141.039 -80.833 5.032 140.875 -80.487 5.598 136.826 -80.516 5.297
3 0 136.826 -80.516 5.297 136.772 -80.829 4.692 141.039 -80.833 5.032
3 0 136.713 -80.885 4.015 141.224 -80.927 4.382 141.039 -80.833 5.032
3 0 141.039 -80.833 5.032 136.772 -80.829 4.692 136.713 -80.885 4.015
3 0 136.655 -80.678 3.367 141.403 -80.755 3.746 141.224 -80.927 4.382
3 0 141.224 -80.927 4.382 136.713 -80.885 4.015 136.655 -80.678 3.367
3 0 136.608 -80.237 2.847 141.547 -80.343 3.220 141.403 -80.755 3.746
3 0 141.403 -80.755 3.746 136.655 -80.678 3.367 136.608 -80.237 2.847
3 0 141.321 -77.527 3.919 141.485 -77.872 3.353 136.629 -77.778 3.125
3 0 136.629 -77.778 3.125 136.682 -77.465 3.730 141.321 -77.527 3.919
3 0 141.136 -77.433 4.569 141.321 -77.527 3.919 136.682 -77.465 3.730
3 0 136.682 -77.465 3.730 136.742 -77.408 4.408 141.136 -77.433 4.569
3 0 136.800 -77.616 5.056 140.957 -77.605 5.205 141.136 -77.433 4.569
3 0 141.136 -77.433 4.569 136.742 -77.408 4.408 136.800 -77.616 5.056
3 0 136.846 -78.057 5.575 140.813 -78.017 5.730 140.957 -77.605 5.205
3 0 140.957 -77.605 5.205 136.800 -77.616 5.056 136.846 -78.057 5.575
3 0 140.367 -80.977 7.409 140.204 -80.632 7.975 137.043 -80.794 7.746
3 0 137.043 -80.794 7.746 136.990 -81.107 7.141 140.367 -80.977 7.409
3 0 140.553 -81.071 6.759 140.367 -80.977 7.409 136.990 -81.107 7.141
3 0 136.990 -81.107 7.141 136.930 -81.164 6.463 140.553 -81.071 6.759
3 0 140.731 -80.899 6.122 140.553 -81.071 6.759 136.930 -81.164 6.463
3 0 136.930 -81.164 6.463 136.872 -80.956 5.815 140.731 -80.899 6.122
3 0 140.875 -80.487 5.598 140.731 -80.899 6.122 136.872 -80.956 5.815
3 0 136.872 -80.956 5.815 136.826 -80.516 5.297 140.875 -80.487 5.598
3 0 140.649 -77.671 6.295 140.813 -78.017 5.730 136.846 -78.057 5.575
3 0 136.846 -78.057 5.575 136.899 -77.743 6.179 140.649 -77.671 6.295
3 0 140.464 -77.577 6.946 140.649 -77.671 6.295 136.899 -77.743 6.179
3 0 136.899 -77.743 6.179 136.959 -77.687 6.856 140.464 -77.577 6.946
3 0 140.286 -77.749 7.582 140.464 -77.577 6.946 136.959 -77.687 6.856
3 0 136.959 -77.687 6.856 137.017 -77.894 7.504 140.286 -77.749 7.582
3 0 140.141 -78.161 8.107 140.286 -77.749 7.582 137.017 -77.894 7.504
3 0 137.017 -77.894 7.504 137.064 -78.335 8.024 140.141 -78.161 8.107
3 0 140.141 -78.161 8.107 137.064 -78.335 8.024 137.117 -78.022 8.628
3 0 137.117 -78.022 8.628 139.977 -77.815 8.673 140.141 -78.161 8.107
3 0 139.977 -77.815 8.673 137.117 -78.022 8.628 137.177 -77.965 9.306
3 0 137.177 -77.965 9.306 139.792 -77.722 9.323 139.977 -77.815 8.673
3 0 139.792 -77.722 9.323 137.177 -77.965 9.306 137.234 -78.173 9.954
3 0 137.234 -78.173 9.954 139.613 -77.894 9.960 139.792 -77.722 9.323
3 0 139.613 -77.894 9.960 137.234 -78.173 9.954 137.281 -78.614 10.473
3 0 137.281 -78.614 10.473 139.469 -78.305 10.485 139.613 -77.894 9.960
3 0 139.469 -78.305 10.485 137.281 -78.614 10.473 137.310 -79.221 10.785
3 0 137.310 -79.221 10.785 139.380 -78.894 10.819 139.469 -78.305 10.485
3 0 139.361 -79.571 10.911 139.380 -78.894 10.819 137.310 -79.221 10.785
3 0 137.310 -79.221 10.785 137.316 -79.901 10.841 139.361 -79.571 10.911
3 0 139.361 -79.571 10.911 137.316 -79.901 10.841 137.298 -80.552 10.634
3 0 137.298 -80.552 10.634 139.414 -80.231 10.747 139.361 -79.571 10.911
3 0 139.414 -80.231 10.747 137.298 -80.552 10.634 137.260 -81.073 10.195
3 0 137.260 -81.073 10.195 139.531 -80.776 10.352 139.414 -80.231 10.747
3 0 139.531 -80.776 10.352 137.260 -81.073 10.195 137.207 -81.386 9.591
3 0 137.207 -81.386 9.591 139.695 -81.122 9.787 139.531 -80.776 10.352
3 0 139.695 -81.122 9.787 137.207 -81.386 9.591 137.147 -81.443 8.913
3 0 137.147 -81.443 8.913 139.880 -81.215 9.136 139.695 -81.122 9.787
3 0 139.880 -81.215 9.136 137.147 -81.443 8.913 137.090 -81.235 8.265
3 0 137.090 -81.235 8.265 140.059 -81.043 8.500 139.880 -81.215 9.136
3 0 140.059 -81.043 8.500 137.090 -81.235 8.265 137.043 -80.794 7.746
3 0 137.043 -80.794 7.746 140.204 -80.632 7.975 140.059 -81.043 8.500
3 0 146.414 -80.724 5.256 146.032 -80.360 5.689 141.547 -80.343 3.220
3 0 141.547 -80.343 3.220 141.711 -80.688 2.655 146.414 -80.724 5.256
3 0 146.856 -80.839 4.749 146.414 -80.724 5.256 141.711 -80.688 2.655
3 0 141.711 -80.688 2.655 141.896 -80.782 2.004 146.856 -80.839 4.749
3 0 147.291 -80.688 4.244 146.856 -80.839 4.749 141.896 -80.782 2.004
3 0 141.896 -80.782 2.004 142.075 -80.610 1.368 147.291 -80.688 4.244
3 0 147.652 -80.294 3.819 147.291 -80.688 4.244 142.075 -80.610 1.368
3 0 142.075 -80.610 1.368 142.220 -80.198 0.843 147.652 -80.294 3.819
3 0 147.884 -79.717 3.538 147.652 -80.294 3.819 142.220 -80.198 0.843
3 0 142.220 -80.198 0.843 142.308 -79.609 0.509 147.884 -79.717 3.538
3 0 147.952 -79.044 3.445 147.884 -79.717 3.538 142.308 -79.609 0.509
3 0 142.308 -79.609 0.509 142.327 -78.933 0.417 147.952 -79.044 3.445
3 0 147.846 -78.378 3.552 147.952 -79.044 3.445 142.327 -78.933 0.417
3 0 142.327 -78.933 0.417 142.274 -78.272 0.580 147.846 -78.378 3.552
3 0 147.581 -77.820 3.845 147.846 -78.378 3.552 142.274 -78.272 0.580
3 0 142.274 -78.272 0.580 142.157 -77.728 0.975 147.581 -77.820 3.845
3 0 147.199 -77.456 4.278 147.581 -77.820 3.845 142.157 -77.728 0.975
3 0 142.157 -77.728 0.975 141.993 -77.382 1.541 147.199 -77.456 4.278
3 0 146.756 -77.341 4.785 147.199 -77.456 4.278 141.993 -77.382 1.541
3 0 141.993 -77.382 1.541 141.808 -77.288 2.191 146.756 -77.341 4.785
3 0 146.322 -77.492 5.289 146.756 -77.341 4.785 141.808 -77.288 2.191
3 0 141.808 -77.288 2.191 141.629 -77.460 2.828 146.322 -77.492 5.289
3 0 145.961 -77.886 5.714 146.322 -77.492 5.289 141.629 -77.460 2.828
3 0 141.629 -77.460 2.828 141.485 -77.872 3.353 145.961 -77.886 5.714
3 0 141.039 -80.833 5.032 144.794 -80.789 7.126 144.412 -80.425 7.559
3 0 144.412 -80.425 7.559 140.875 -80.487 5.598 141.039 -80.833 5.032
3 0 141.224 -80.927 4.382 145.236 -80.905 6.619 144.794 -80.789 7.126
3 0 144.794 -80.789 7.126 141.039 -80.833 5.032 141.224 -80.927 4.382
3 0 141.403 -80.755 3.746 145.671 -80.754 6.114 145.236 -80.905 6.619
3 0 145.236 -80.905 6.619 141.224 -80.927 4.382 141.403 -80.755 3.746
3 0 141.547 -80.343 3.220 146.032 -80.360 5.689 145.671 -80.754 6.114
3 0 145.671 -80.754 6.114 141.403 -80.755 3.746 141.547 -80.343 3.220
3 0 141.321 -77.527 3.919 145.579 -77.522 6.147 145.961 -77.886 5.714
3 0 145.961 -77.886 5.714 141.485 -77.872 3.353 141.321 -77.527 3.919
3 0 141.136 -77.433 4.569 145.136 -77.406 6.655 145.579 -77.522 6.147
3 0 145.579 -77.522 6.147 141.321 -77.527 3.919 141.136 -77.433 4.569
3 0 140.957 -77.605 5.205 144.702 -77.557 7.159 145.136 -77.406 6.655
3 0 145.136 -77.406 6.655 141.136 -77.433 4.569 140.957 -77.605 5.205
3 0 140.813 -78.017 5.730 144.341 -77.951 7.584 144.702 -77.557 7.159
3 0 144.702 -77.557 7.159 140.957 -77.605 5.205 140.813 -78.017 5.730
3 0 140.367 -80.977 7.409 143.175 -80.855 8.995 142.792 -80.491 9.428
3 0 142.792 -80.491 9.428 140.204 -80.632 7.975 140.367 -80.977 7.409
3 0 140.553 -81.071 6.759 143.617 -80.970 8.488 143.175 -80.855 8.995
3 0 143.175 -80.855 8.995 140.367 -80.977 7.409 140.553 -81.071 6.759
3 0 140.731 -80.899 6.122 144.051 -80.819 7.983 143.617 -80.970 8.488
3 0 143.617 -80.970 8.488 140.553 -81.071 6.759 140.731 -80.899 6.122
3 0 140.875 -80.487 5.598 144.412 -80.425 7.559 144.051 -80.819 7.983
3 0 144.051 -80.819 7.983 140.731 -80.899 6.122 140.875 -80.487 5.598
3 0 140.649 -77.671 6.295 143.959 -77.587 8.017 144.341 -77.951 7.584
3 0 144.341 -77.951 7.584 140.813 -78.017 5.730 140.649 -77.671 6.295
3 0 140.464 -77.577 6.946 143.517 -77.472 8.524 143.959 -77.587 8.017
3 0 143.959 -77.587 8.017 140.649 -77.671 6.295 140.464 -77.577 6.946
3 0 140.286 -77.749 7.582 143.082 -77.623 9.029 143.517 -77.472 8.524
3 0 143.517 -77.472 8.524 140.464 -77.577 6.946 140.286 -77.749 7.582
3 0 140.141 -78.161 8.107 142.722 -78.017 9.454 143.082 -77.623 9.029
3 0 143.082 -77.623 9.029 140.286 -77.749 7.582 140.141 -78.161 8.107
3 0 142.722 -78.017 9.454 140.141 -78.161 8.107 139.977 -77.815 8.673
3 0 139.977 -77.815 8.673 142.339 -77.653 9.887 142.722 -78.017 9.454
3 0 142.339 -77.653 9.887 139.977 -77.815 8.673 139.792 -77.722 9.323
3 0 139.792 -77.722 9.323 141.897 -77.537 10.394 142.339 -77.653 9.887
3 0 141.897 -77.537 10.394 139.792 -77.722 9.323 139.613 -77.894 9.960
3 0 139.613 -77.894 9.960 141.462 -77.688 10.898 141.897 -77.537 10.394
3 0 141.462 -77.688 10.898 139.613 -77.894 9.960 139.469 -78.305 10.485
3 0 139.469 -78.305 10.485 141.102 -78.082 11.324 141.462 -77.688 10.898
3 0 140.869 -78.660 11.604 141.102 -78.082 11.324 139.469 -78.305 10.485
3 0 139.469 -78.305 10.485 139.380 -78.894 10.819 140.869 -78.660 11.604
3 0 140.801 -79.333 11.698 140.869 -78.660 11.604 139.380 -78.894 10.819
3 0 139.380 -78.894 10.819 139.361 -79.571 10.911 140.801 -79.333 11.698
3 0 140.908 -79.999 11.591 140.801 -79.333 11.698 139.361 -79.571 10.911
3 0 139.361 -79.571 10.911 139.414 -80.231 10.747 140.908 -79.999 11.591
3 0 141.172 -80.556 11.298 140.908 -79.999 11.591 139.414 -80.231 10.747
3 0 139.414 -80.231 10.747 139.531 -80.776 10.352 141.172 -80.556 11.298
3 0 141.172 -80.556 11.298 139.531 -80.776 10.352 139.695 -81.122 9.787
3 0 139.695 -81.122 9.787 141.555 -80.920 10.865 141.172 -80.556 11.298
3 0 141.555 -80.920 10.865 139.695 -81.122 9.787 139.880 -81.215 9.136
3 0 139.880 -81.215 9.136 141.997 -81.036 10.358 141.555 -80.920 10.865
3 0 141.997 -81.036 10.358 139.880 -81.215 9.136 140.059 -81.043 8.500
3 0 140.059 -81.043 8.500 142.431 -80.885 9.853 141.997 -81.036 10.358
3 0 142.792 -80.491 9.428 142.431 -80.885 9.853 140.059 -81.043 8.500
3 0 140.059 -81.043 8.500 140.204 -80.632 7.975 142.792 -80.491 9.428
3 0 149.473 -80.703 9.362 148.969 -80.330 9.633 146.032 -80.360 5.689
3 0 146.032 -80.360 5.689 146.414 -80.724 5.256 149.473 -80.703 9.362
3 0 150.062 -80.828 9.040 149.473 -80.703 9.362 146.414 -80.724 5.256
3 0 146.414 -80.724 5.256 146.856 -80.839 4.749 150.062 -80.828 9.040
3 0 150.647 -80.687 8.717 150.062 -80.828 9.040 146.856 -80.839 4.749
3 0 146.856 -80.839 4.749 147.291 -80.688 4.244 150.647 -80.687 8.717
3 0 151.138 -80.301 8.441 150.647 -80.687 8.717 147.291 -80.688 4.244
3 0 147.291 -80.688 4.244 147.652 -80.294 3.819 151.138 -80.301 8.441
3 0 151.461 -79.728 8.255 151.138 -80.301 8.441 147.652 -80.294 3.819
3 0 147.652 -80.294 3.819 147.884 -79.717 3.538 151.461 -79.728 8.255
3 0 151.566 -79.057 8.187 151.461 -79.728 8.255 147.884 -79.717 3.538
3 0 147.884 -79.717 3.538 147.952 -79.044 3.445 151.566 -79.057 8.187
3 0 151.437 -78.389 8.246 151.566 -79.057 8.187 147.952 -79.044 3.445
3 0 147.952 -79.044 3.445 147.846 -78.378 3.552 151.437 -78.389 8.246
3 0 151.095 -77.826 8.425 151.437 -78.389 8.246 147.846 -78.378 3.552
3 0 147.846 -78.378 3.552 147.581 -77.820 3.845 151.095 -77.826 8.425
3 0 150.591 -77.454 8.696 151.095 -77.826 8.425 147.581 -77.820 3.845
3 0 147.581 -77.820 3.845 147.199 -77.456 4.278 150.591 -77.454 8.696
3 0 150.002 -77.329 9.018 150.591 -77.454 8.696 147.199 -77.456 4.278
3 0 147.199 -77.456 4.278 146.756 -77.341 4.785 150.002 -77.329 9.018
3 0 149.417 -77.470 9.341 150.002 -77.329 9.018 146.756 -77.341 4.785
3 0 146.756 -77.341 4.785 146.322 -77.492 5.289 149.417 -77.470 9.341
3 0 148.926 -77.856 9.617 149.417 -77.470 9.341 146.322 -77.492 5.289
3 0 146.322 -77.492 5.289 145.961 -77.886 5.714 148.926 -77.856 9.617
3 0 144.794 -80.789 7.126 147.304 -80.733 10.553 146.800 -80.360 10.824
3 0 146.800 -80.360 10.824 144.412 -80.425 7.559 144.794 -80.789 7.126
3 0 145.236 -80.905 6.619 147.893 -80.858 10.232 147.304 -80.733 10.553
3 0 147.304 -80.733 10.553 144.794 -80.789 7.126 145.236 -80.905 6.619
3 0 145.671 -80.754 6.114 148.478 -80.717 9.908 147.893 -80.858 10.232
3 0 147.893 -80.858 10.232 145.236 -80.905 6.619 145.671 -80.754 6.114
3 0 146.032 -80.360 5.689 148.969 -80.330 9.633 148.478 -80.717 9.908
3 0 148.478 -80.717 9.908 145.671 -80.754 6.114 146.032 -80.360 5.689
3 0 145.579 -77.522 6.147 148.422 -77.484 9.888 148.926 -77.856 9.617
3 0 148.926 -77.856 9.617 145.961 -77.886 5.714 145.579 -77.522 6.147
3 0 145.136 -77.406 6.655 147.833 -77.358 10.209 148.422 -77.484 9.888
3 0 148.422 -77.484 9.888 145.579 -77.522 6.147 145.136 -77.406 6.655
3 0 144.702 -77.557 7.159 147.248 -77.500 10.533 147.833 -77.358 10.209
3 0 147.833 -77.358 10.209 145.136 -77.406 6.655 144.702 -77.557 7.159
3 0 144.341 -77.951 7.584 146.757 -77.886 10.808 147.248 -77.500 10.533
3 0 147.248 -77.500 10.533 144.702 -77.557 7.159 144.341 -77.951 7.584
3 0 143.175 -80.855 8.995 145.136 -80.763 11.744 144.632 -80.390 12.015
3 0 144.632 -80.390 12.015 142.792 -80.491 9.428 143.175 -80.855 8.995
3 0 143.617 -80.970 8.488 145.725 -80.888 11.423 145.136 -80.763 11.744
3 0 145.136 -80.763 11.744 143.175 -80.855 8.995 143.617 -80.970 8.488
3 0 144.051 -80.819 7.983 146.310 -80.746 11.100 145.725 -80.888 11.423
3 0 145.725 -80.888 11.423 143.617 -80.970 8.488 144.051 -80.819 7.983
3 0 144.412 -80.425 7.559 146.800 -80.360 10.824 146.310 -80.746 11.100
3 0 146.310 -80.746 11.100 144.051 -80.819 7.983 144.412 -80.425 7.559
3 0 143.959 -77.587 8.017 146.254 -77.513 11.079 146.757 -77.886 10.808
3 0 146.757 -77.886 10.808 144.341 -77.951 7.584 143.959 -77.587 8.017
3 0 143.517 -77.472 8.524 145.665 -77.388 11.400 146.254 -77.513 11.079
3 0 146.254 -77.513 11.079 143.959 -77.587 8.017 143.517 -77.472 8.524
3 0 143.082 -77.623 9.029 145.080 -77.529 11.724 145.665 -77.388 11.400
3 0 145.665 -77.388 11.400 143.517 -77.472 8.524 143.082 -77.623 9.029
3 0 142.722 -78.017 9.454 144.589 -77.916 12.000 145.080 -77.529 11.724
3 0 145.080 -77.529 11.724 143.082 -77.623 9.029 142.722 -78.017 9.454
3 0 144.085 -77.543 12.271 144.589 -77.916 12.000 142.722 -78.017 9.454
3 0 142.722 -78.017 9.454 142.339 -77.653 9.887 144.085 -77.543 12.271
3 0 143.496 -77.418 12.592 144.085 -77.543 12.271 142.339 -77.653 9.887
3 0 142.339 -77.653 9.887 141.897 -77.537 10.394 143.496 -77.418 12.592
3 0 142.911 -77.559 12.915 143.496 -77.418 12.592 141.897 -77.537 10.394
3 0 141.897 -77.537 10.394 141.462 -77.688 10.898 142.911 -77.559 12.915
3 0 142.420 -77.945 13.191 142.911 -77.559 12.915 141.462 -77.688 10.898
3 0 141.462 -77.688 10.898 141.102 -78.082 11.324 142.420 -77.945 13.191
3 0 142.097 -78.518 13.377 142.420 -77.945 13.191 141.102 -78.082 11.324
3 0 141.102 -78.082 11.324 140.869 -78.660 11.604 142.097 -78.518 13.377
3 0 141.992 -79.189 13.446 142.097 -78.518 13.377 140.869 -78.660 11.604
3 0 140.869 -78.660 11.604 140.801 -79.333 11.698 141.992 -79.189 13.446
3 0 142.120 -79.857 13.386 141.992 -79.189 13.446 140.801 -79.333 11.698
3 0 140.801 -79.333 11.698 140.908 -79.999 11.591 142.120 -79.857 13.386
3 0 142.463 -80.420 13.207 142.120 -79.857 13.386 140.908 -79.999 11.591
3 0 140.908 -79.999 11.591 141.172 -80.556 11.298 142.463 -80.420 13.207
3 0 142.967 -80.792 12.936 142.463 -80.420 13.207 141.172 -80.556 11.298
3 0 141.172 -80.556 11.298 141.555 -80.920 10.865 142.967 -80.792 12.936
3 0 143.556 -80.917 12.614 142.967 -80.792 12.936 141.555 -80.920 10.865
3 0 141.555 -80.920 10.865 141.997 -81.036 10.358 143.556 -80.917 12.614
3 0 144.140 -80.776 12.291 143.556 -80.917 12.614 141.997 -81.036 10.358
3 0 141.997 -81.036 10.358 142.431 -80.885 9.853 144.140 -80.776 12.291
3 0 144.632 -80.390 12.015 144.140 -80.776 12.291 142.431 -80.885 9.853
3 0 142.431 -80.885 9.853 142.792 -80.491 9.428 144.632 -80.390 12.015
3 0 151.146 -80.672 13.693 150.601 -80.296 13.859 148.969 -80.330 9.633
3 0 148.969 -80.330 9.633 149.473 -80.703 9.362 151.146 -80.672 13.693
3 0 151.787 -80.802 13.496 151.146 -80.672 13.693 149.473 -80.703 9.362
3 0 149.473 -80.703 9.362 150.062 -80.828 9.040 151.787 -80.802 13.496
3 0 152.425 -80.664 13.296 151.787 -80.802 13.496 150.062 -80.828 9.040
3 0 150.062 -80.828 9.040 150.647 -80.687 8.717 152.425 -80.664 13.296
3 0 152.964 -80.282 13.125 152.425 -80.664 13.296 150.647 -80.687 8.717
3 0 150.647 -80.687 8.717 151.138 -80.301 8.441 152.964 -80.282 13.125
3 0 153.322 -79.712 13.008 152.964 -80.282 13.125 151.138 -80.301 8.441
3 0 151.138 -80.301 8.441 151.461 -79.728 8.255 153.322 -79.712 13.008
3 0 153.443 -79.041 12.963 153.322 -79.712 13.008 151.461 -79.728 8.255
3 0 151.461 -79.728 8.255 151.566 -79.057 8.187 153.443 -79.041 12.963
3 0 153.310 -78.373 12.997 153.443 -79.041 12.963 151.566 -79.057 8.187
3 0 151.566 -79.057 8.187 151.437 -78.389 8.246 153.310 -78.373 12.997
3 0 152.943 -77.807 13.104 153.310 -78.373 12.997 151.437 -78.389 8.246
3 0 151.437 -78.389 8.246 151.095 -77.826 8.425 152.943 -77.807 13.104
3 0 152.397 -77.431 13.269 152.943 -77.807 13.104 151.095 -77.826 8.425
3 0 151.095 -77.826 8.425 150.591 -77.454 8.696 152.397 -77.431 13.269
3 0 151.756 -77.302 13.467 152.397 -77.431 13.269 150.591 -77.454 8.696
3 0 150.591 -77.454 8.696 150.002 -77.329 9.018 151.756 -77.302 13.467
3 0 151.118 -77.439 13.667 151.756 -77.302 13.467 150.002 -77.329 9.018
3 0 150.002 -77.329 9.018 149.417 -77.470 9.341 151.118 -77.439 13.667
3 0 150.579 -77.822 13.838 151.118 -77.439 13.667 149.417 -77.470 9.341
3 0 149.417 -77.470 9.341 148.926 -77.856 9.617 150.579 -77.822 13.838
3 0 147.304 -80.733 10.553 148.783 -80.687 14.427 148.237 -80.311 14.592
3 0 148.237 -80.311 14.592 146.800 -80.360 10.824 147.304 -80.733 10.553
3 0 147.893 -80.858 10.232 149.423 -80.816 14.230 148.783 -80.687 14.427
3 0 148.783 -80.687 14.427 147.304 -80.733 10.553 147.893 -80.858 10.232
3 0 148.478 -80.717 9.908 150.062 -80.679 14.030 149.423 -80.816 14.230
3 0 149.423 -80.816 14.230 147.893 -80.858 10.232 148.478 -80.717 9.908
3 0 148.969 -80.330 9.633 150.601 -80.296 13.859 150.062 -80.679 14.030
3 0 150.062 -80.679 14.030 148.478 -80.717 9.908 148.969 -80.330 9.633
3 0 148.422 -77.484 9.888 150.033 -77.446 14.003 150.579 -77.822 13.838
3 0 150.579 -77.822 13.838 148.926 -77.856 9.617 148.422 -77.484 9.888
3 0 147.833 -77.358 10.209 149.393 -77.317 14.201 150.033 -77.446 14.003
3 0 150.033 -77.446 14.003 148.422 -77.484 9.888 147.833 -77.358 10.209
3 0 147.248 -77.500 10.533 148.754 -77.454 14.400 149.393 -77.317 14.201
3 0 149.393 -77.317 14.201 147.833 -77.358 10.209 147.248 -77.500 10.533
3 0 146.757 -77.886 10.808 148.215 -77.836 14.572 148.754 -77.454 14.400
3 0 148.754 -77.454 14.400 147.248 -77.500 10.533 146.757 -77.886 10.808
3 0 145.136 -80.763 11.744 146.420 -80.702 15.161 145.874 -80.326 15.326
3 0 145.874 -80.326 15.326 144.632 -80.390 12.015 145.136 -80.763 11.744
3 0 145.725 -80.888 11.423 147.061 -80.831 14.963 146.420 -80.702 15.161
3 0 146.420 -80.702 15.161 145.136 -80.763 11.744 145.725 -80.888 11.423
3 0 146.310 -80.746 11.100 147.699 -80.694 14.764 147.061 -80.831 14.963
3 0 147.061 -80.831 14.963 145.725 -80.888 11.423 146.310 -80.746 11.100
3 0 146.800 -80.360 10.824 148.237 -80.311 14.592 147.699 -80.694 14.764
3 0 147.699 -80.694 14.764 146.310 -80.746 11.100 146.800 -80.360 10.824
3 0 146.254 -77.513 11.079 147.671 -77.460 14.737 148.215 -77.836 14.572
3 0 148.215 -77.836 14.572 146.757 -77.886 10.808 146.254 -77.513 11.079
3 0 145.665 -77.388 11.400 147.030 -77.331 14.934 147.671 -77.460 14.737
3 0 147.671 -77.460 14.737 146.254 -77.513 11.079 145.665 -77.388 11.400
3 0 145.080 -77.529 11.724 146.392 -77.468 15.134 147.030 -77.331 14.934
3 0 147.030 -77.331 14.934 145.665 -77.388 11.400 145.080 -77.529 11.724
3 0 144.589 -77.916 12.000 145.853 -77.851 15.305 146.392 -77.468 15.134
3 0 146.392 -77.468 15.134 145.080 -77.529 11.724 144.589 -77.916 12.000
3 0 145.307 -77.475 15.470 145.853 -77.851 15.305 144.589 -77.916 12.000
3 0 144.589 -77.916 12.000 144.085 -77.543 12.271 145.307 -77.475 15.470
3 0 144.666 -77.346 15.668 145.307 -77.475 15.470 144.085 -77.543 12.271
3 0 144.085 -77.543 12.271 143.496 -77.418 12.592 144.666 -77.346 15.668
3 0 144.028 -77.483 15.867 144.666 -77.346 15.668 143.496 -77.418 12.592
3 0 143.496 -77.418 12.592 142.911 -77.559 12.915 144.028 -77.483 15.867
3 0 143.489 -77.866 16.039 144.028 -77.483 15.867 142.911 -77.559 12.915
3 0 142.911 -77.559 12.915 142.420 -77.945 13.191 143.489 -77.866 16.039
3 0 143.132 -78.435 16.156 143.489 -77.866 16.039 142.420 -77.945 13.191
3 0 142.420 -77.945 13.191 142.097 -78.518 13.377 143.132 -78.435 16.156
3 0 143.010 -79.106 16.201 143.132 -78.435 16.156 142.097 -78.518 13.377
3 0 142.097 -78.518 13.377 141.992 -79.189 13.446 143.010 -79.106 16.201
3 0 143.143 -79.775 16.167 143.010 -79.106 16.201 141.992 -79.189 13.446
3 0 141.992 -79.189 13.446 142.120 -79.857 13.386 143.143 -79.775 16.167
3 0 143.511 -80.340 16.059 143.143 -79.775 16.167 142.120 -79.857 13.386
3 0 142.120 -79.857 13.386 142.463 -80.420 13.207 143.511 -80.340 16.059
3 0 144.056 -80.716 15.894 143.511 -80.340 16.059 142.463 -80.420 13.207
3 0 142.463 -80.420 13.207 142.967 -80.792 12.936 144.056 -80.716 15.894
3 0 144.697 -80.845 15.697 144.056 -80.716 15.894 142.967 -80.792 12.936
3 0 142.967 -80.792 12.936 143.556 -80.917 12.614 144.697 -80.845 15.697
3 0 145.335 -80.708 15.497 144.697 -80.845 15.697 143.556 -80.917 12.614
3 0 143.556 -80.917 12.614 144.140 -80.776 12.291 145.335 -80.708 15.497
3 0 145.874 -80.326 15.326 145.335 -80.708 15.497 144.140 -80.776 12.291
3 0 144.140 -80.776 12.291 144.632 -80.390 12.015 145.874 -80.326 15.326
3 0 152.044 -80.650 17.459 151.485 -80.272 17.562 150.601 -80.296 13.859
3 0 150.601 -80.296 13.859 151.146 -80.672 13.693 152.044 -80.650 17.459
3 0 152.702 -80.781 17.335 152.044 -80.650 17.459 151.146 -80.672 13.693
3 0 151.146 -80.672 13.693 151.787 -80.802 13.496 152.702 -80.781 17.335
3 0 153.360 -80.646 17.208 152.702 -80.781 17.335 151.787 -80.802 13.496
3 0 151.787 -80.802 13.496 152.425 -80.664 13.296 153.360 -80.646 17.208
3 0 153.916 -80.265 17.100 153.360 -80.646 17.208 152.425 -80.664 13.296
3 0 152.425 -80.664 13.296 152.964 -80.282 13.125 153.916 -80.265 17.100
3 0 154.286 -79.696 17.025 153.916 -80.265 17.100 152.964 -80.282 13.125
3 0 152.964 -80.282 13.125 153.322 -79.712 13.008 154.286 -79.696 17.025
3 0 154.414 -79.026 16.995 154.286 -79.696 17.025 153.322 -79.712 13.008
3 0 153.322 -79.712 13.008 153.443 -79.041 12.963 154.414 -79.026 16.995
3 0 154.280 -78.357 17.016 154.414 -79.026 16.995 153.443 -79.041 12.963
3 0 153.443 -79.041 12.963 153.310 -78.373 12.997 154.280 -78.357 17.016
3 0 153.905 -77.790 17.083 154.280 -78.357 17.016 153.310 -78.373 12.997
3 0 153.310 -78.373 12.997 152.943 -77.807 13.104 153.905 -77.790 17.083
3 0 153.346 -77.412 17.187 153.905 -77.790 17.083 152.943 -77.807 13.104
3 0 152.943 -77.807 13.104 152.397 -77.431 13.269 153.346 -77.412 17.187
3 0 152.687 -77.281 17.311 153.346 -77.412 17.187 152.397 -77.431 13.269
3 0 152.397 -77.431 13.269 151.756 -77.302 13.467 152.687 -77.281 17.311
3 0 152.030 -77.416 17.437 152.687 -77.281 17.311 151.756 -77.302 13.467
3 0 151.756 -77.302 13.467 151.118 -77.439 13.667 152.030 -77.416 17.437
3 0 151.474 -77.797 17.546 152.030 -77.416 17.437 151.118 -77.439 13.667
3 0 151.118 -77.439 13.667 150.579 -77.822 13.838 151.474 -77.797 17.546
3 0 148.783 -80.687 14.427 149.613 -80.657 17.922 149.053 -80.279 18.025
3 0 149.053 -80.279 18.025 148.237 -80.311 14.592 148.783 -80.687 14.427
3 0 149.423 -80.816 14.230 150.271 -80.788 17.797 149.613 -80.657 17.922
3 0 149.613 -80.657 17.922 148.783 -80.687 14.427 149.423 -80.816 14.230
3 0 150.062 -80.679 14.030 150.928 -80.653 17.671 150.271 -80.788 17.797
3 0 150.271 -80.788 17.797 149.423 -80.816 14.230 150.062 -80.679 14.030
3 0 150.601 -80.296 13.859 151.485 -80.272 17.562 150.928 -80.653 17.671
3 0 150.928 -80.653 17.671 150.062 -80.679 14.030 150.601 -80.296 13.859
3 0 150.033 -77.446 14.003 150.915 -77.420 17.649 151.474 -77.797 17.546
3 0 151.474 -77.797 17.546 150.579 -77.822 13.838 150.033 -77.446 14.003
3 0 149.393 -77.317 14.201 150.256 -77.288 17.774 150.915 -77.420 17.649
3 0 150.915 -77.420 17.649 150.033 -77.446 14.003 149.393 -77.317 14.201
3 0 148.754 -77.454 14.400 149.599 -77.424 17.900 150.256 -77.288 17.774
3 0 150.256 -77.288 17.774 149.393 -77.317 14.201 148.754 -77.454 14.400
3 0 148.215 -77.836 14.572 149.043 -77.805 18.009 149.599 -77.424 17.900
3 0 149.599 -77.424 17.900 148.754 -77.454 14.400 148.215 -77.836 14.572
3 0 146.420 -80.702 15.161 147.182 -80.664 18.384 146.623 -80.287 18.488
3 0 146.623 -80.287 18.488 145.874 -80.326 15.326 146.420 -80.702 15.161
3 0 147.061 -80.831 14.963 147.841 -80.796 18.260 147.182 -80.664 18.384
3 0 147.182 -80.664 18.384 146.420 -80.702 15.161 147.061 -80.831 14.963
3 0 147.699 -80.694 14.764 148.498 -80.660 18.134 147.841 -80.796 18.260
3 0 147.841 -80.796 18.260 147.061 -80.831 14.963 147.699 -80.694 14.764
3 0 148.237 -80.311 14.592 149.053 -80.279 18.025 148.498 -80.660 18.134
3 0 148.498 -80.660 18.134 147.699 -80.694 14.764 148.237 -80.311 14.592
3 0 147.671 -77.460 14.737 148.484 -77.427 18.112 149.043 -77.805 18.009
3 0 149.043 -77.805 18.009 148.215 -77.836 14.572 147.671 -77.460 14.737
3 0 147.030 -77.331 14.934 147.826 -77.296 18.236 148.484 -77.427 18.112
3 0 148.484 -77.427 18.112 147.671 -77.460 14.737 147.030 -77.331 14.934
3 0 146.392 -77.468 15.134 147.168 -77.431 18.363 147.826 -77.296 18.236
3 0 147.826 -77.296 18.236 147.030 -77.331 14.934 146.392 -77.468 15.134
3 0 145.853 -77.851 15.305 146.612 -77.812 18.471 147.168 -77.431 18.363
3 0 147.168 -77.431 18.363 146.392 -77.468 15.134 145.853 -77.851 15.305
3 0 146.053 -77.434 18.575 146.612 -77.812 18.471 145.853 -77.851 15.305
3 0 145.853 -77.851 15.305 145.307 -77.475 15.470 146.053 -77.434 18.575
3 0 145.394 -77.303 18.699 146.053 -77.434 18.575 145.307 -77.475 15.470
3 0 145.307 -77.475 15.470 144.666 -77.346 15.668 145.394 -77.303 18.699
3 0 144.737 -77.438 18.825 145.394 -77.303 18.699 144.666 -77.346 15.668
3 0 144.666 -77.346 15.668 144.028 -77.483 15.867 144.737 -77.438 18.825
3 0 144.181 -77.819 18.934 144.737 -77.438 18.825 144.028 -77.483 15.867
3 0 144.028 -77.483 15.867 143.489 -77.866 16.039 144.181 -77.819 18.934
3 0 143.811 -78.388 19.009 144.181 -77.819 18.934 143.489 -77.866 16.039
3 0 143.489 -77.866 16.039 143.132 -78.435 16.156 143.811 -78.388 19.009
3 0 143.683 -79.058 19.038 143.811 -78.388 19.009 143.132 -78.435 16.156
3 0 143.132 -78.435 16.156 143.010 -79.106 16.201 143.683 -79.058 19.038
3 0 143.817 -79.727 19.018 143.683 -79.058 19.038 143.010 -79.106 16.201
3 0 143.010 -79.106 16.201 143.143 -79.775 16.167 143.817 -79.727 19.018
3 0 144.192 -80.294 18.951 143.817 -79.727 19.018 143.143 -79.775 16.167
3 0 143.143 -79.775 16.167 143.511 -80.340 16.059 144.192 -80.294 18.951
3 0 144.751 -80.672 18.847 144.192 -80.294 18.951 143.511 -80.340 16.059
3 0 143.511 -80.340 16.059 144.056 -80.716 15.894 144.751 -80.672 18.847
3 0 145.409 -80.803 18.723 144.751 -80.672 18.847 144.056 -80.716 15.894
3 0 144.056 -80.716 15.894 144.697 -80.845 15.697 145.409 -80.803 18.723
3 0 146.067 -80.668 18.597 145.409 -80.803 18.723 144.697 -80.845 15.697
3 0 144.697 -80.845 15.697 145.335 -80.708 15.497 146.067 -80.668 18.597
3 0 146.623 -80.287 18.488 146.067 -80.668 18.597 145.335 -80.708 15.497
3 0 145.335 -80.708 15.497 145.874 -80.326 15.326 146.623 -80.287 18.488
3 0 152.645 -80.631 21.695 152.080 -80.252 21.753 151.485 -80.272 17.562
3 0 151.485 -80.272 17.562 152.044 -80.650 17.459 152.645 -80.631 21.695
3 0 153.311 -80.763 21.624 152.645 -80.631 21.695 152.044 -80.650 17.459
3 0 152.044 -80.650 17.459 152.702 -80.781 17.335 153.311 -80.763 21.624
3 0 153.977 -80.629 21.553 153.311 -80.763 21.624 152.702 -80.781 17.335
3 0 152.702 -80.781 17.335 153.360 -80.646 17.208 153.977 -80.629 21.553
3 0 154.541 -80.249 21.491 153.977 -80.629 21.553 153.360 -80.646 17.208
3 0 153.360 -80.646 17.208 153.916 -80.265 17.100 154.541 -80.249 21.491
3 0 154.917 -79.681 21.448 154.541 -80.249 21.491 153.916 -80.265 17.100
3 0 153.916 -80.265 17.100 154.286 -79.696 17.025 154.917 -79.681 21.448
3 0 155.048 -79.011 21.431 154.917 -79.681 21.448 154.286 -79.696 17.025
3 0 154.286 -79.696 17.025 154.414 -79.026 16.995 155.048 -79.011 21.431
3 0 154.914 -78.341 21.442 155.048 -79.011 21.431 154.414 -79.026 16.995
3 0 154.414 -79.026 16.995 154.280 -78.357 17.016 154.914 -78.341 21.442
3 0 154.536 -77.774 21.480 154.914 -78.341 21.442 154.280 -78.357 17.016
3 0 154.280 -78.357 17.016 153.905 -77.790 17.083 154.536 -77.774 21.480
3 0 153.971 -77.396 21.538 154.536 -77.774 21.480 153.905 -77.790 17.083
3 0 153.905 -77.790 17.083 153.346 -77.412 17.187 153.971 -77.396 21.538
3 0 153.305 -77.263 21.609 153.971 -77.396 21.538 153.346 -77.412 17.187
3 0 153.346 -77.412 17.187 152.687 -77.281 17.311 153.305 -77.263 21.609
3 0 152.639 -77.397 21.680 153.305 -77.263 21.609 152.687 -77.281 17.311
3 0 152.687 -77.281 17.311 152.030 -77.416 17.437 152.639 -77.397 21.680
3 0 152.075 -77.777 21.742 152.639 -77.397 21.680 152.030 -77.416 17.437
3 0 152.030 -77.416 17.437 151.474 -77.797 17.546 152.075 -77.777 21.742
3 0 149.613 -80.657 17.922 150.184 -80.634 21.957 149.619 -80.255 22.015
3 0 149.619 -80.255 22.015 149.053 -80.279 18.025 149.613 -80.657 17.922
3 0 150.271 -80.788 17.797 150.850 -80.766 21.887 150.184 -80.634 21.957
3 0 150.184 -80.634 21.957 149.613 -80.657 17.922 150.271 -80.788 17.797
3 0 150.928 -80.653 17.671 151.516 -80.632 21.815 150.850 -80.766 21.887
3 0 150.850 -80.766 21.887 150.271 -80.788 17.797 150.928 -80.653 17.671
3 0 151.485 -80.272 17.562 152.080 -80.252 21.753 151.516 -80.632 21.815
3 0 151.516 -80.632 21.815 150.928 -80.653 17.671 151.485 -80.272 17.562
3 0 150.915 -77.420 17.649 151.510 -77.399 21.801 152.075 -77.777 21.742
3 0 152.075 -77.777 21.742 151.474 -77.797 17.546 150.915 -77.420 17.649
3 0 150.256 -77.288 17.774 150.844 -77.266 21.871 151.510 -77.399 21.801
3 0 151.510 -77.399 21.801 150.915 -77.420 17.649 150.256 -77.288 17.774
3 0 149.599 -77.424 17.900 150.178 -77.400 21.943 150.844 -77.266 21.871
3 0 150.844 -77.266 21.871 150.256 -77.288 17.774 149.599 -77.424 17.900
3 0 149.043 -77.805 18.009 149.614 -77.780 22.004 150.178 -77.400 21.943
3 0 150.178 -77.400 21.943 149.599 -77.424 17.900 149.043 -77.805 18.009
3 0 147.182 -80.664 18.384 147.724 -80.637 22.219 147.159 -80.258 22.278
3 0 147.159 -80.258 22.278 146.623 -80.287 18.488 147.182 -80.664 18.384
3 0 147.841 -80.796 18.260 148.390 -80.769 22.149 147.724 -80.637 22.219
3 0 147.724 -80.637 22.219 147.182 -80.664 18.384 147.841 -80.796 18.260
3 0 148.498 -80.660 18.134 149.056 -80.635 22.077 148.390 -80.769 22.149
3 0 148.390 -80.769 22.149 147.841 -80.796 18.260 148.498 -80.660 18.134
3 0 149.053 -80.279 18.025 149.619 -80.255 22.015 149.056 -80.635 22.077
3 0 149.056 -80.635 22.077 148.498 -80.660 18.134 149.053 -80.279 18.025
3 0 148.484 -77.427 18.112 149.050 -77.402 22.063 149.614 -77.780 22.004
3 0 149.614 -77.780 22.004 149.043 -77.805 18.009 148.484 -77.427 18.112
3 0 147.826 -77.296 18.236 148.384 -77.270 22.133 149.050 -77.402 22.063
3 0 149.050 -77.402 22.063 148.484 -77.427 18.112 147.826 -77.296 18.236
3 0 147.168 -77.431 18.363 147.718 -77.404 22.205 148.384 -77.270 22.133
3 0 148.384 -77.270 22.133 147.826 -77.296 18.236 147.168 -77.431 18.363
3 0 146.612 -77.812 18.471 147.154 -77.784 22.267 147.718 -77.404 22.205
3 0 147.718 -77.404 22.205 147.168 -77.431 18.363 146.612 -77.812 18.471
3 0 146.589 -77.405 22.325 147.154 -77.784 22.267 146.612 -77.812 18.471
3 0 146.612 -77.812 18.471 146.053 -77.434 18.575 146.589 -77.405 22.325
3 0 145.923 -77.273 22.395 146.589 -77.405 22.325 146.053 -77.434 18.575
3 0 146.053 -77.434 18.575 145.394 -77.303 18.699 145.923 -77.273 22.395
3 0 145.257 -77.407 22.467 145.923 -77.273 22.395 145.394 -77.303 18.699
3 0 145.394 -77.303 18.699 144.737 -77.438 18.825 145.257 -77.407 22.467
3 0 144.693 -77.787 22.529 145.257 -77.407 22.467 144.737 -77.438 18.825
3 0 144.737 -77.438 18.825 144.181 -77.819 18.934 144.693 -77.787 22.529
3 0 144.317 -78.355 22.572 144.693 -77.787 22.529 144.181 -77.819 18.934
3 0 144.181 -77.819 18.934 143.811 -78.388 19.009 144.317 -78.355 22.572
3 0 144.186 -79.025 22.589 144.317 -78.355 22.572 143.811 -78.388 19.009
3 0 143.811 -78.388 19.009 143.683 -79.058 19.038 144.186 -79.025 22.589
3 0 144.319 -79.694 22.578 144.186 -79.025 22.589 143.683 -79.058 19.038
3 0 143.683 -79.058 19.038 143.817 -79.727 19.018 144.319 -79.694 22.578
3 0 144.697 -80.262 22.540 144.319 -79.694 22.578 143.817 -79.727 19.018
3 0 143.817 -79.727 19.018 144.192 -80.294 18.951 144.697 -80.262 22.540
3 0 145.263 -80.640 22.481 144.697 -80.262 22.540 144.192 -80.294 18.951
3 0 144.192 -80.294 18.951 144.751 -80.672 18.847 145.263 -80.640 22.481
3 0 145.929 -80.772 22.411 145.263 -80.640 22.481 144.751 -80.672 18.847
3 0 144.751 -80.672 18.847 145.409 -80.803 18.723 145.929 -80.772 22.411
3 0 146.594 -80.639 22.340 145.929 -80.772 22.411 145.409 -80.803 18.723
3 0 145.409 -80.803 18.723 146.067 -80.668 18.597 146.594 -80.639 22.340
3 0 147.159 -80.258 22.278 146.594 -80.639 22.340 146.067 -80.668 18.597
3 0 146.067 -80.668 18.597 146.623 -80.287 18.488 147.159 -80.258 22.278
3 0 152.942 -80.620 25.892 152.375 -80.241 25.919 152.080 -80.252 21.753
3 0 152.080 -80.252 21.753 152.645 -80.631 21.695 152.942 -80.620 25.892
3 0 153.611 -80.753 25.861 152.942 -80.620 25.892 152.645 -80.631 21.695
3 0 152.645 -80.631 21.695 153.311 -80.763 21.624 153.611 -80.753 25.861
3 0 154.280 -80.620 25.829 153.611 -80.753 25.861 153.311 -80.763 21.624
3 0 153.311 -80.763 21.624 153.977 -80.629 21.553 154.280 -80.620 25.829
3 0 154.847 -80.240 25.801 154.280 -80.620 25.829 153.977 -80.629 21.553
3 0 153.977 -80.629 21.553 154.541 -80.249 21.491 154.847 -80.240 25.801
3 0 155.226 -79.672 25.781 154.847 -80.240 25.801 154.541 -80.249 21.491
3 0 154.541 -80.249 21.491 154.917 -79.681 21.448 155.226 -79.672 25.781
3 0 155.358 -79.003 25.773 155.226 -79.672 25.781 154.917 -79.681 21.448
3 0 154.917 -79.681 21.448 155.048 -79.011 21.431 155.358 -79.003 25.773
3 0 155.225 -78.333 25.778 155.358 -79.003 25.773 155.048 -79.011 21.431
3 0 155.048 -79.011 21.431 154.914 -78.341 21.442 155.225 -78.333 25.778
3 0 154.846 -77.765 25.795 155.225 -78.333 25.778 154.914 -78.341 21.442
3 0 154.914 -78.341 21.442 154.536 -77.774 21.480 154.846 -77.765 25.795
3 0 154.279 -77.386 25.821 154.846 -77.765 25.795 154.536 -77.774 21.480
3 0 154.536 -77.774 21.480 153.971 -77.396 21.538 154.279 -77.386 25.821
3 0 153.610 -77.253 25.853 154.279 -77.386 25.821 153.971 -77.396 21.538
3 0 153.971 -77.396 21.538 153.305 -77.263 21.609 153.610 -77.253 25.853
3 0 152.941 -77.387 25.885 153.610 -77.253 25.853 153.305 -77.263 21.609
3 0 153.305 -77.263 21.609 152.639 -77.397 21.680 152.941 -77.387 25.885
3 0 152.374 -77.766 25.913 152.941 -77.387 25.885 152.639 -77.397 21.680
3 0 152.639 -77.397 21.680 152.075 -77.777 21.742 152.374 -77.766 25.913
3 0 150.184 -80.634 21.957 150.470 -80.621 26.011 149.903 -80.242 26.037
3 0 149.903 -80.242 26.037 149.619 -80.255 22.015 150.184 -80.634 21.957
3 0 150.850 -80.766 21.887 151.139 -80.754 25.979 150.470 -80.621 26.011
3 0 150.470 -80.621 26.011 150.184 -80.634 21.957 150.850 -80.766 21.887
3 0 151.516 -80.632 21.815 151.808 -80.621 25.947 151.139 -80.754 25.979
3 0 151.139 -80.754 25.979 150.850 -80.766 21.887 151.516 -80.632 21.815
3 0 152.080 -80.252 21.753 152.375 -80.241 25.919 151.808 -80.621 25.947
3 0 151.808 -80.621 25.947 151.516 -80.632 21.815 152.080 -80.252 21.753
3 0 151.510 -77.399 21.801 151.806 -77.387 25.940 152.374 -77.766 25.913
3 0 152.374 -77.766 25.913 152.075 -77.777 21.742 151.510 -77.399 21.801
3 0 150.844 -77.266 21.871 151.137 -77.254 25.971 151.806 -77.387 25.940
3 0 151.806 -77.387 25.940 151.510 -77.399 21.801 150.844 -77.266 21.871
3 0 150.178 -77.400 21.943 150.469 -77.388 26.003 151.137 -77.254 25.971
3 0 151.137 -77.254 25.971 150.844 -77.266 21.871 150.178 -77.400 21.943
3 0 149.614 -77.780 22.004 149.902 -77.767 26.031 150.469 -77.388 26.003
3 0 150.469 -77.388 26.003 150.178 -77.400 21.943 149.614 -77.780 22.004
3 0 147.724 -80.637 22.219 147.999 -80.622 26.129 147.432 -80.243 26.155
3 0 147.432 -80.243 26.155 147.159 -80.258 22.278 147.724 -80.637 22.219
3 0 148.390 -80.769 22.149 148.668 -80.755 26.097 147.999 -80.622 26.129
3 0 147.999 -80.622 26.129 147.724 -80.637 22.219 148.390 -80.769 22.149
3 0 149.056 -80.635 22.077 149.337 -80.622 26.065 148.668 -80.755 26.097
3 0 148.668 -80.755 26.097 148.390 -80.769 22.149 149.056 -80.635 22.077
3 0 149.619 -80.255 22.015 149.903 -80.242 26.037 149.337 -80.622 26.065
3 0 149.337 -80.622 26.065 149.056 -80.635 22.077 149.619 -80.255 22.015
3 0 149.050 -77.402 22.063 149.335 -77.388 26.058 149.902 -77.767 26.031
3 0 149.902 -77.767 26.031 149.614 -77.780 22.004 149.050 -77.402 22.063
3 0 148.384 -77.270 22.133 148.666 -77.255 26.089 149.335 -77.388 26.058
3 0 149.335 -77.388 26.058 149.050 -77.402 22.063 148.384 -77.270 22.133
3 0 147.718 -77.404 22.205 147.997 -77.389 26.121 148.666 -77.255 26.089
3 0 148.666 -77.255 26.089 148.384 -77.270 22.133 147.718 -77.404 22.205
3 0 147.154 -77.784 22.267 147.430 -77.768 26.149 147.997 -77.389 26.121
3 0 147.997 -77.389 26.121 147.718 -77.404 22.205 147.154 -77.784 22.267
3 0 146.863 -77.389 26.176 147.430 -77.768 26.149 147.154 -77.784 22.267
3 0 147.154 -77.784 22.267 146.589 -77.405 22.325 146.863 -77.389 26.176
3 0 146.194 -77.256 26.207 146.863 -77.389 26.176 146.589 -77.405 22.325
3 0 146.589 -77.405 22.325 145.923 -77.273 22.395 146.194 -77.256 26.207
3 0 145.525 -77.390 26.240 146.194 -77.256 26.207 145.923 -77.273 22.395
3 0 145.923 -77.273 22.395 145.257 -77.407 22.467 145.525 -77.390 26.240
3 0 144.958 -77.769 26.267 145.525 -77.390 26.240 145.257 -77.407 22.467
3 0 145.257 -77.407 22.467 144.693 -77.787 22.529 144.958 -77.769 26.267
3 0 144.580 -78.337 26.287 144.958 -77.769 26.267 144.693 -77.787 22.529
3 0 144.693 -77.787 22.529 144.317 -78.355 22.572 144.580 -78.337 26.287
3 0 144.447 -79.007 26.295 144.580 -78.337 26.287 144.317 -78.355 22.572
3 0 144.317 -78.355 22.572 144.186 -79.025 22.589 144.447 -79.007 26.295
3 0 144.580 -79.676 26.290 144.447 -79.007 26.295 144.186 -79.025 22.589
3 0 144.186 -79.025 22.589 144.319 -79.694 22.578 144.580 -79.676 26.290
3 0 144.960 -80.244 26.273 144.580 -79.676 26.290 144.319 -79.694 22.578
3 0 144.319 -79.694 22.578 144.697 -80.262 22.540 144.960 -80.244 26.273
3 0 145.527 -80.623 26.247 144.960 -80.244 26.273 144.697 -80.262 22.540
3 0 144.697 -80.262 22.540 145.263 -80.640 22.481 145.527 -80.623 26.247
3 0 146.196 -80.756 26.215 145.527 -80.623 26.247 145.263 -80.640 22.481
3 0 145.263 -80.640 22.481 145.929 -80.772 22.411 146.196 -80.756 26.215
3 0 146.865 -80.623 26.183 146.196 -80.756 26.215 145.929 -80.772 22.411
3 0 145.929 -80.772 22.411 146.594 -80.639 22.340 146.865 -80.623 26.183
3 0 147.432 -80.243 26.155 146.865 -80.623 26.183 146.594 -80.639 22.340
3 0 146.594 -80.639 22.340 147.159 -80.258 22.278 147.432 -80.243 26.155
3 0 153.042 -80.617 30.000 152.475 -80.237 30.000 152.375 -80.241 25.919
3 0 152.375 -80.241 25.919 152.942 -80.620 25.892 153.042 -80.617 30.000
3 0 153.712 -80.750 30.000 153.042 -80.617 30.000 152.942 -80.620 25.892
3 0 152.942 -80.620 25.892 153.611 -80.753 25.861 153.712 -80.750 30.000
3 0 154.382 -80.617 30.000 153.712 -80.750 30.000 153.611 -80.753 25.861
3 0 153.611 -80.753 25.861 154.280 -80.620 25.829 154.382 -80.617 30.000
3 0 154.949 -80.237 30.000 154.382 -80.617 30.000 154.280 -80.620 25.829
3 0 154.280 -80.620 25.829 154.847 -80.240 25.801 154.949 -80.237 30.000
3 0 155.329 -79.670 30.000 154.949 -80.237 30.000 154.847 -80.240 25.801
3 0 154.847 -80.240 25.801 155.226 -79.672 25.781 155.329 -79.670 30.000
3 0 155.462 -79.000 30.000 155.329 -79.670 30.000 155.226 -79.672 25.781
3 0 155.226 -79.672 25.781 155.358 -79.003 25.773 155.462 -79.000 30.000
3 0 155.329 -78.330 30.000 155.462 -79.000 30.000 155.358 -79.003 25.773
3 0 155.358 -79.003 25.773 155.225 -78.333 25.778 155.329 -78.330 30.000
3 0 154.949 -77.763 30.000 155.329 -78.330 30.000 155.225 -78.333 25.778
3 0 155.225 -78.333 25.778 154.846 -77.765 25.795 154.949 -77.763 30.000
3 0 154.382 -77.383 30.000 154.949 -77.763 30.000 154.846 -77.765 25.795
3 0 154.846 -77.765 25.795 154.279 -77.386 25.821 154.382 -77.383 30.000
3 0 153.712 -77.250 30.000 154.382 -77.383 30.000 154.279 -77.386 25.821
3 0 154.279 -77.386 25.821 153.610 -77.253 25.853 153.712 -77.250 30.000
3 0 153.042 -77.383 30.000 153.712 -77.250 30.000 153.610 -77.253 25.853
3 0 153.610 -77.253 25.853 152.941 -77.387 25.885 153.042 -77.383 30.000
3 0 152.475 -77.763 30.000 153.042 -77.383 30.000 152.941 -77.387 25.885
3 0 152.941 -77.387 25.885 152.374 -77.766 25.913 152.475 -77.763 30.000
3 0 150.470 -80.621 26.011 150.567 -80.617 30.000 150.000 -80.237 30.000
3 0 150.000 -80.237 30.000 149.903 -80.242 26.037 150.470 -80.621 26.011
3 0 151.139 -80.754 25.979 151.237 -80.750 30.000 150.567 -80.617 30.000
3 0 150.567 -80.617 30.000 150.470 -80.621 26.011 151.139 -80.754 25.979
3 0 151.808 -80.621 25.947 151.907 -80.617 30.000 151.237 -80.750 30.000
3 0 151.237 -80.750 30.000 151.139 -80.754 25.979 151.808 -80.621 25.947
3 0 152.375 -80.241 25.919 152.475 -80.237 30.000 151.907 -80.617 30.000
3 0 151.907 -80.617 30.000 151.808 -80.621 25.947 152.375 -80.241 25.919
3 0 151.806 -77.387 25.940 151.907 -77.383 30.000 152.475 -77.763 30.000
3 0 152.475 -77.763 30.000 152.374 -77.766 25.913 151.806 -77.387 25.940
3 0 151.137 -77.254 25.971 151.237 -77.250 30.000 151.907 -77.383 30.000
3 0 151.907 -77.383 30.000 151.806 -77.387 25.940 151.137 -77.254 25.971
3 0 150.469 -77.388 26.003 150.567 -77.383 30.000 151.237 -77.250 30.000
3 0 151.237 -77.250 30.000 151.137 -77.254 25.971 150.469 -77.388 26.003
3 0 149.902 -77.767 26.031 150.000 -77.763 30.000 150.567 -77.383 30.000
3 0 150.567 -77.383 30.000 150.469 -77.388 26.003 149.902 -77.767 26.031
3 0 147.999 -80.622 26.129 148.093 -80.617 30.000 147.526 -80.237 30.000
3 0 147.526 -80.237 30.000 147.432 -80.243 26.155 147.999 -80.622 26.129
3 0 148.668 -80.755 26.097 148.763 -80.750 30.000 148.093 -80.617 30.000
3 0 148.093 -80.617 30.000 147.999 -80.622 26.129 148.668 -80.755 26.097
3 0 149.337 -80.622 26.065 149.433 -80.617 30.000 148.763 -80.750 30.000
3 0 148.763 -80.750 30.000 148.668 -80.755 26.097 149.337 -80.622 26.065
3 0 149.903 -80.242 26.037 150.000 -80.237 30.000 149.433 -80.617 30.000
3 0 149.433 -80.617 30.000 149.337 -80.622 26.065 149.903 -80.242 26.037
3 0 149.335 -77.388 26.058 149.433 -77.383 30.000 150.000 -77.763 30.000
3 0 150.000 -77.763 30.000 149.902 -77.767 26.031 149.335 -77.388 26.058
3 0 148.666 -77.255 26.089 148.763 -77.250 30.000 149.433 -77.383 30.000
3 0 149.433 -77.383 30.000 149.335 -77.388 26.058 148.666 -77.255 26.089
3 0 147.997 -77.389 26.121 148.093 -77.383 30.000 148.763 -77.250 30.000
3 0 148.763 -77.250 30.000 148.666 -77.255 26.089 147.997 -77.389 26.121
3 0 147.430 -77.768 26.149 147.526 -77.763 30.000 148.093 -77.383 30.000
3 0 148.093 -77.383 30.000 147.997 -77.389 26.121 147.430 -77.768 26.149
3 0 146.958 -77.383 30.000 147.526 -77.763 30.000 147.430 -77.768 26.149
3 0 147.430 -77.768 26.149 146.863 -77.389 26.176 146.958 -77.383 30.000
3 0 146.288 -77.250 30.000 146.958 -77.383 30.000 146.863 -77.389 26.176
3 0 146.863 -77.389 26.176 146.194 -77.256 26.207 146.288 -77.250 30.000
3 0 145.618 -77.383 30.000 146.288 -77.250 30.000 146.194 -77.256 26.207
3 0 146.194 -77.256 26.207 145.525 -77.390 26.240 145.618 -77.383 30.000
3 0 145.051 -77.763 30.000 145.618 -77.383 30.000 145.525 -77.390 26.240
3 0 145.525 -77.390 26.240 144.958 -77.769 26.267 145.051 -77.763 30.000
3 0 144.671 -78.330 30.000 145.051 -77.763 30.000 144.958 -77.769 26.267
3 0 144.958 -77.769 26.267 144.580 -78.337 26.287 144.671 -78.330 30.000
3 0 144.538 -79.000 30.000 144.671 -78.330 30.000 144.580 -78.337 26.287
3 0 144.580 -78.337 26.287 144.447 -79.007 26.295 144.538 -79.000 30.000
3 0 144.671 -79.670 30.000 144.538 -79.000 30.000 144.447 -79.007 26.295
3 0 144.447 -79.007 26.295 144.580 -79.676 26.290 144.671 -79.670 30.000
3 0 145.051 -80.237 30.000 144.671 -79.670 30.000 144.580 -79.676 26.290
3 0 144.580 -79.676 26.290 144.960 -80.244 26.273 145.051 -80.237 30.000
3 0 145.618 -80.617 30.000 145.051 -80.237 30.000 144.960 -80.244 26.273
3 0 144.960 -80.244 26.273 145.527 -80.623 26.247 145.618 -80.617 30.000
3 0 146.288 -80.750 30.000 145.618 -80.617 30.000 145.527 -80.623 26.247
3 0 145.527 -80.623 26.247 146.196 -80.756 26.215 146.288 -80.750 30.000
3 0 146.958 -80.617 30.000 146.288 -80.750 30.000 146.196 -80.756 26.215
3 0 146.196 -80.756 26.215 146.865 -80.623 26.183 146.958 -80.617 30.000
3 0 147.526 -80.237 30.000 146.958 -80.617 30.000 146.865 -80.623 26.183
3 0 146.865 -80.623 26.183 147.432 -80.243 26.155 147.526 -80.237 30.000
