0 FILE dx0010.dat
0 dx0010
0 Name:  UntitledModel
0 Author:  
0 BL_Item_No dx0010.dat
0 BFC CERTIFY CCW
1 71 0.0000 1.0000 0.0000 1.0000 0.0000 0.0000 0.0000 1.0000 0.0000 0.0000 0.0000 1.0000 58120.dat
1 72 -210.0000 -8.0000 148.0000 0.0000 0.0000 1.0000 -1.0000 0.0000 0.0000 0.0000 -1.0000 0.0000 58124c01.dat
3 0 2.403 -25.853 120.345 1.851 -25.497 120.534 2.475 -21.918 117.127
3 0 2.475 -21.918 117.127 3.042 -22.186 116.859 2.403 -25.853 120.345
3 0 3.054 -26.060 120.355 2.403 -25.853 120.345 3.042 -22.186 116.859
3 0 3.042 -22.186 116.859 3.712 -22.280 116.765 3.054 -26.060 120.355
3 0 3.704 -26.087 120.561 3.054 -26.060 120.355 3.712 -22.280 116.765
3 0 3.712 -22.280 116.765 4.382 -22.186 116.859 3.704 -26.087 120.561
3 0 4.255 -25.930 120.932 3.704 -26.087 120.561 4.382 -22.186 116.859
3 0 4.382 -22.186 116.859 4.949 -21.918 117.127 4.255 -25.930 120.932
3 0 4.624 -25.612 121.412 4.255 -25.930 120.932 4.949 -21.918 117.127
3 0 4.949 -21.918 117.127 5.329 -21.516 117.528 4.624 -25.612 121.412
3 0 4.752 -25.183 121.927 4.624 -25.612 121.412 5.329 -21.516 117.528
3 0 5.329 -21.516 117.528 5.462 -21.043 118.002 4.752 -25.183 121.927
3 0 4.623 -24.707 122.399 4.752 -25.183 121.927 5.462 -21.043 118.002
3 0 5.462 -21.043 118.002 5.329 -20.570 118.476 4.623 -24.707 122.399
3 0 4.254 -24.257 122.756 4.623 -24.707 122.399 5.329 -20.570 118.476
3 0 5.329 -20.570 118.476 4.949 -20.168 118.877 4.254 -24.257 122.756
3 0 3.702 -23.902 122.945 4.254 -24.257 122.756 4.949 -20.168 118.877
3 0 4.949 -20.168 118.877 4.382 -19.900 119.145 3.702 -23.902 122.945
3 0 3.051 -23.695 122.935 3.702 -23.902 122.945 4.382 -19.900 119.145
3 0 4.382 -19.900 119.145 3.712 -19.806 119.240 3.051 -23.695 122.935
3 0 2.401 -23.668 122.729 3.051 -23.695 122.935 3.712 -19.806 119.240
3 0 3.712 -19.806 119.240 3.042 -19.900 119.145 2.401 -23.668 122.729
3 0 1.850 -23.825 122.358 2.401 -23.668 122.729 3.042 -19.900 119.145
3 0 3.042 -19.900 119.145 2.475 -20.168 118.877 1.850 -23.825 122.358
3 0 0.567 -22.186 116.859 -0.001 -25.421 119.947 -0.553 -25.065 120.135
3 0 -0.553 -25.065 120.135 0.000 -21.918 117.127 0.567 -22.186 116.859
3 0 1.237 -22.280 116.765 0.650 -25.627 119.957 -0.001 -25.421 119.947
3 0 -0.001 -25.421 119.947 0.567 -22.186 116.859 1.237 -22.280 116.765
3 0 1.907 -22.186 116.859 1.300 -25.654 120.163 0.650 -25.627 119.957
3 0 0.650 -25.627 119.957 1.237 -22.280 116.765 1.907 -22.186 116.859
3 0 2.475 -21.918 117.127 1.851 -25.497 120.534 1.300 -25.654 120.163
3 0 1.300 -25.654 120.163 1.907 -22.186 116.859 2.475 -21.918 117.127
3 0 1.907 -19.900 119.145 1.298 -23.470 122.546 1.850 -23.825 122.358
3 0 1.850 -23.825 122.358 2.475 -20.168 118.877 1.907 -19.900 119.145
3 0 1.237 -19.806 119.240 0.647 -23.263 122.537 1.298 -23.470 122.546
3 0 1.298 -23.470 122.546 1.907 -19.900 119.145 1.237 -19.806 119.240
3 0 0.567 -19.900 119.145 -0.003 -23.236 122.331 0.647 -23.263 122.537
3 0 0.647 -23.263 122.537 1.237 -19.806 119.240 0.567 -19.900 119.145
3 0 0.000 -20.168 118.877 -0.554 -23.393 121.960 -0.003 -23.236 122.331
3 0 -0.003 -23.236 122.331 0.567 -19.900 119.145 0.000 -20.168 118.877
3 0 -1.907 -22.186 116.859 -2.404 -24.988 119.549 -2.956 -24.633 119.737
3 0 -2.956 -24.633 119.737 -2.474 -21.918 117.127 -1.907 -22.186 116.859
3 0 -1.237 -22.280 116.765 -1.754 -25.195 119.558 -2.404 -24.988 119.549
3 0 -2.404 -24.988 119.549 -1.907 -22.186 116.859 -1.237 -22.280 116.765
3 0 -0.567 -22.186 116.859 -1.103 -25.222 119.764 -1.754 -25.195 119.558
3 0 -1.754 -25.195 119.558 -1.237 -22.280 116.765 -0.567 -22.186 116.859
3 0 0.000 -21.918 117.127 -0.553 -25.065 120.135 -1.103 -25.222 119.764
3 0 -1.103 -25.222 119.764 -0.567 -22.186 116.859 0.000 -21.918 117.127
3 0 -0.567 -19.900 119.145 -1.105 -23.037 122.148 -0.554 -23.393 121.960
3 0 -0.554 -23.393 121.960 0.000 -20.168 118.877 -0.567 -19.900 119.145
3 0 -1.237 -19.806 119.240 -1.756 -22.831 122.138 -1.105 -23.037 122.148
3 0 -1.105 -23.037 122.148 -0.567 -19.900 119.145 -1.237 -19.806 119.240
3 0 -1.907 -19.900 119.145 -2.406 -22.804 121.932 -1.756 -22.831 122.138
3 0 -1.756 -22.831 122.138 -1.237 -19.806 119.240 -1.907 -19.900 119.145
3 0 -2.474 -20.168 118.877 -2.958 -22.961 121.561 -2.406 -22.804 121.932
3 0 -2.406 -22.804 121.932 -1.907 -19.900 119.145 -2.474 -20.168 118.877
3 0 -3.510 -22.605 121.750 -2.958 -22.961 121.561 -2.474 -20.168 118.877
3 0 -2.474 -20.168 118.877 -3.042 -19.900 119.145 -3.510 -22.605 121.750
3 0 -4.160 -22.398 121.740 -3.510 -22.605 121.750 -3.042 -19.900 119.145
3 0 -3.042 -19.900 119.145 -3.712 -19.806 119.240 -4.160 -22.398 121.740
3 0 -4.811 -22.371 121.534 -4.160 -22.398 121.740 -3.712 -19.806 119.240
3 0 -3.712 -19.806 119.240 -4.382 -19.900 119.145 -4.811 -22.371 121.534
3 0 -5.362 -22.529 121.163 -4.811 -22.371 121.534 -4.382 -19.900 119.145
3 0 -4.382 -19.900 119.145 -4.949 -20.168 118.877 -5.362 -22.529 121.163
3 0 -5.730 -22.846 120.683 -5.362 -22.529 121.163 -4.949 -20.168 118.877
3 0 -4.949 -20.168 118.877 -5.329 -20.570 118.476 -5.730 -22.846 120.683
3 0 -5.859 -23.275 120.168 -5.730 -22.846 120.683 -5.329 -20.570 118.476
3 0 -5.329 -20.570 118.476 -5.462 -21.043 118.002 -5.859 -23.275 120.168
3 0 -5.729 -23.751 119.696 -5.859 -23.275 120.168 -5.462 -21.043 118.002
3 0 -5.462 -21.043 118.002 -5.329 -21.516 117.528 -5.729 -23.751 119.696
3 0 -5.360 -24.201 119.339 -5.729 -23.751 119.696 -5.329 -21.516 117.528
3 0 -5.329 -21.516 117.528 -4.949 -21.918 117.127 -5.360 -24.201 119.339
3 0 -4.808 -24.556 119.150 -5.360 -24.201 119.339 -4.949 -21.918 117.127
3 0 -4.949 -21.918 117.127 -4.382 -22.186 116.859 -4.808 -24.556 119.150
3 0 -4.158 -24.763 119.160 -4.808 -24.556 119.150 -4.382 -22.186 116.859
3 0 -4.382 -22.186 116.859 -3.712 -22.280 116.765 -4.158 -24.763 119.160
3 0 -3.507 -24.790 119.366 -4.158 -24.763 119.160 -3.712 -22.280 116.765
3 0 -3.712 -22.280 116.765 -3.042 -22.186 116.859 -3.507 -24.790 119.366
3 0 -2.956 -24.633 119.737 -3.507 -24.790 119.366 -3.042 -22.186 116.859
3 0 -3.042 -22.186 116.859 -2.474 -21.918 117.127 -2.956 -24.633 119.737
3 0 0.841 -29.030 123.101 0.325 -28.603 123.232 1.851 -25.497 120.534
3 0 1.851 -25.497 120.534 2.403 -25.853 120.345 0.841 -29.030 123.101
3 0 1.449 -29.330 123.185 0.841 -29.030 123.101 2.403 -25.853 120.345
3 0 2.403 -25.853 120.345 3.054 -26.060 120.355 1.449 -29.330 123.185
3 0 2.055 -29.457 123.472 1.449 -29.330 123.185 3.054 -26.060 120.355
3 0 3.054 -26.060 120.355 3.704 -26.087 120.561 2.055 -29.457 123.472
3 0 2.568 -29.392 123.919 2.055 -29.457 123.472 3.704 -26.087 120.561
3 0 3.704 -26.087 120.561 4.255 -25.930 120.932 2.568 -29.392 123.919
3 0 2.909 -29.144 124.456 2.568 -29.392 123.919 4.255 -25.930 120.932
3 0 4.255 -25.930 120.932 4.624 -25.612 121.412 2.909 -29.144 124.456
3 0 3.026 -28.753 125.003 2.909 -29.144 124.456 4.624 -25.612 121.412
3 0 4.624 -25.612 121.412 4.752 -25.183 121.927 3.026 -28.753 125.003
3 0 2.903 -28.276 125.475 3.026 -28.753 125.003 4.752 -25.183 121.927
3 0 4.752 -25.183 121.927 4.623 -24.707 122.399 2.903 -28.276 125.475
3 0 2.556 -27.787 125.802 2.903 -28.276 125.475 4.623 -24.707 122.399
3 0 4.623 -24.707 122.399 4.254 -24.257 122.756 2.556 -27.787 125.802
3 0 2.039 -27.360 125.934 2.556 -27.787 125.802 4.254 -24.257 122.756
3 0 4.254 -24.257 122.756 3.702 -23.902 122.945 2.039 -27.360 125.934
3 0 1.432 -27.060 125.849 2.039 -27.360 125.934 3.702 -23.902 122.945
3 0 3.702 -23.902 122.945 3.051 -23.695 122.935 1.432 -27.060 125.849
3 0 0.825 -26.933 125.562 1.432 -27.060 125.849 3.051 -23.695 122.935
3 0 3.051 -23.695 122.935 2.401 -23.668 122.729 0.825 -26.933 125.562
3 0 0.313 -26.998 125.116 0.825 -26.933 125.562 2.401 -23.668 122.729
3 0 2.401 -23.668 122.729 1.850 -23.825 122.358 0.313 -26.998 125.116
3 0 -0.001 -25.421 119.947 -1.402 -28.241 122.414 -1.918 -27.814 122.546
3 0 -1.918 -27.814 122.546 -0.553 -25.065 120.135 -0.001 -25.421 119.947
3 0 0.650 -25.627 119.957 -0.794 -28.541 122.499 -1.402 -28.241 122.414
3 0 -1.402 -28.241 122.414 -0.001 -25.421 119.947 0.650 -25.627 119.957
3 0 1.300 -25.654 120.163 -0.188 -28.668 122.786 -0.794 -28.541 122.499
3 0 -0.794 -28.541 122.499 0.650 -25.627 119.957 1.300 -25.654 120.163
3 0 1.851 -25.497 120.534 0.325 -28.603 123.232 -0.188 -28.668 122.786
3 0 -0.188 -28.668 122.786 1.300 -25.654 120.163 1.851 -25.497 120.534
3 0 1.298 -23.470 122.546 -0.204 -26.571 125.247 0.313 -26.998 125.116
3 0 0.313 -26.998 125.116 1.850 -23.825 122.358 1.298 -23.470 122.546
3 0 0.647 -23.263 122.537 -0.811 -26.271 125.163 -0.204 -26.571 125.247
3 0 -0.204 -26.571 125.247 1.298 -23.470 122.546 0.647 -23.263 122.537
3 0 -0.003 -23.236 122.331 -1.418 -26.144 124.876 -0.811 -26.271 125.163
3 0 -0.811 -26.271 125.163 0.647 -23.263 122.537 -0.003 -23.236 122.331
3 0 -0.554 -23.393 121.960 -1.931 -26.209 124.429 -1.418 -26.144 124.876
3 0 -1.418 -26.144 124.876 -0.003 -23.236 122.331 -0.554 -23.393 121.960
3 0 -2.404 -24.988 119.549 -3.644 -27.453 121.728 -4.161 -27.026 121.859
3 0 -4.161 -27.026 121.859 -2.956 -24.633 119.737 -2.404 -24.988 119.549
3 0 -1.754 -25.195 119.558 -3.037 -27.753 121.812 -3.644 -27.453 121.728
3 0 -3.644 -27.453 121.728 -2.404 -24.988 119.549 -1.754 -25.195 119.558
3 0 -1.103 -25.222 119.764 -2.430 -27.880 122.100 -3.037 -27.753 121.812
3 0 -3.037 -27.753 121.812 -1.754 -25.195 119.558 -1.103 -25.222 119.764
3 0 -0.553 -25.065 120.135 -1.918 -27.814 122.546 -2.430 -27.880 122.100
3 0 -2.430 -27.880 122.100 -1.103 -25.222 119.764 -0.553 -25.065 120.135
3 0 -1.105 -23.037 122.148 -2.446 -25.783 124.561 -1.931 -26.209 124.429
3 0 -1.931 -26.209 124.429 -0.554 -23.393 121.960 -1.105 -23.037 122.148
3 0 -1.756 -22.831 122.138 -3.054 -25.483 124.476 -2.446 -25.783 124.561
3 0 -2.446 -25.783 124.561 -1.105 -23.037 122.148 -1.756 -22.831 122.138
3 0 -2.406 -22.804 121.932 -3.660 -25.356 124.189 -3.054 -25.483 124.476
3 0 -3.054 -25.483 124.476 -1.756 -22.831 122.138 -2.406 -22.804 121.932
3 0 -2.958 -22.961 121.561 -4.173 -25.421 123.743 -3.660 -25.356 124.189
3 0 -3.660 -25.356 124.189 -2.406 -22.804 121.932 -2.958 -22.961 121.561
3 0 -4.689 -24.994 123.874 -4.173 -25.421 123.743 -2.958 -22.961 121.561
3 0 -2.958 -22.961 121.561 -3.510 -22.605 121.750 -4.689 -24.994 123.874
3 0 -5.297 -24.694 123.790 -4.689 -24.994 123.874 -3.510 -22.605 121.750
3 0 -3.510 -22.605 121.750 -4.160 -22.398 121.740 -5.297 -24.694 123.790
3 0 -5.903 -24.567 123.503 -5.297 -24.694 123.790 -4.160 -22.398 121.740
3 0 -4.160 -22.398 121.740 -4.811 -22.371 121.534 -5.903 -24.567 123.503
3 0 -6.416 -24.632 123.057 -5.903 -24.567 123.503 -4.811 -22.371 121.534
3 0 -4.811 -22.371 121.534 -5.362 -22.529 121.163 -6.416 -24.632 123.057
3 0 -6.757 -24.880 122.519 -6.416 -24.632 123.057 -5.362 -22.529 121.163
3 0 -5.362 -22.529 121.163 -5.730 -22.846 120.683 -6.757 -24.880 122.519
3 0 -6.875 -25.271 121.973 -6.757 -24.880 122.519 -5.730 -22.846 120.683
3 0 -5.730 -22.846 120.683 -5.859 -23.275 120.168 -6.875 -25.271 121.973
3 0 -6.751 -25.748 121.500 -6.875 -25.271 121.973 -5.859 -23.275 120.168
3 0 -5.859 -23.275 120.168 -5.729 -23.751 119.696 -6.751 -25.748 121.500
3 0 -6.404 -26.237 121.173 -6.751 -25.748 121.500 -5.729 -23.751 119.696
3 0 -5.729 -23.751 119.696 -5.360 -24.201 119.339 -6.404 -26.237 121.173
3 0 -5.888 -26.664 121.042 -6.404 -26.237 121.173 -5.360 -24.201 119.339
3 0 -5.360 -24.201 119.339 -4.808 -24.556 119.150 -5.888 -26.664 121.042
3 0 -5.280 -26.964 121.126 -5.888 -26.664 121.042 -4.808 -24.556 119.150
3 0 -4.808 -24.556 119.150 -4.158 -24.763 119.160 -5.280 -26.964 121.126
3 0 -4.674 -27.091 121.413 -5.280 -26.964 121.126 -4.158 -24.763 119.160
3 0 -4.158 -24.763 119.160 -3.507 -24.790 119.366 -4.674 -27.091 121.413
3 0 -4.161 -27.026 121.859 -4.674 -27.091 121.413 -3.507 -24.790 119.366
3 0 -3.507 -24.790 119.366 -2.956 -24.633 119.737 -4.161 -27.026 121.859
3 0 -1.339 -31.989 125.480 -1.813 -31.506 125.574 0.325 -28.603 123.232
3 0 0.325 -28.603 123.232 0.841 -29.030 123.101 -1.339 -31.989 125.480
3 0 -0.783 -32.361 125.615 -1.339 -31.989 125.480 0.841 -29.030 123.101
3 0 0.841 -29.030 123.101 1.449 -29.330 123.185 -0.783 -32.361 125.615
3 0 -0.229 -32.567 125.957 -0.783 -32.361 125.615 1.449 -29.330 123.185
3 0 1.449 -29.330 123.185 2.055 -29.457 123.472 -0.229 -32.567 125.957
3 0 0.238 -32.575 126.456 -0.229 -32.567 125.957 2.055 -29.457 123.472
3 0 2.055 -29.457 123.472 2.568 -29.392 123.919 0.238 -32.575 126.456
3 0 0.546 -32.385 127.034 0.238 -32.575 126.456 2.568 -29.392 123.919
3 0 2.568 -29.392 123.919 2.909 -29.144 124.456 0.546 -32.385 127.034
3 0 0.650 -32.024 127.605 0.546 -32.385 127.034 2.909 -29.144 124.456
3 0 2.909 -29.144 124.456 3.026 -28.753 125.003 0.650 -32.024 127.605
3 0 0.533 -31.548 128.080 0.650 -32.024 127.605 3.026 -28.753 125.003
3 0 3.026 -28.753 125.003 2.903 -28.276 125.475 0.533 -31.548 128.080
3 0 0.213 -31.029 128.388 0.533 -31.548 128.080 2.903 -28.276 125.475
3 0 2.903 -28.276 125.475 2.556 -27.787 125.802 0.213 -31.029 128.388
3 0 -0.261 -30.547 128.482 0.213 -31.029 128.388 2.556 -27.787 125.802
3 0 2.556 -27.787 125.802 2.039 -27.360 125.934 -0.261 -30.547 128.482
3 0 -0.817 -30.174 128.347 -0.261 -30.547 128.482 2.039 -27.360 125.934
3 0 2.039 -27.360 125.934 1.432 -27.060 125.849 -0.817 -30.174 128.347
3 0 -1.371 -29.968 128.005 -0.817 -30.174 128.347 1.432 -27.060 125.849
3 0 1.432 -27.060 125.849 0.825 -26.933 125.562 -1.371 -29.968 128.005
3 0 -1.837 -29.960 127.506 -1.371 -29.968 128.005 0.825 -26.933 125.562
3 0 0.825 -26.933 125.562 0.313 -26.998 125.116 -1.837 -29.960 127.506
3 0 -1.402 -28.241 122.414 -3.389 -30.919 124.598 -3.863 -30.437 124.692
3 0 -3.863 -30.437 124.692 -1.918 -27.814 122.546 -1.402 -28.241 122.414
3 0 -0.794 -28.541 122.499 -2.833 -31.292 124.733 -3.389 -30.919 124.598
3 0 -3.389 -30.919 124.598 -1.402 -28.241 122.414 -0.794 -28.541 122.499
3 0 -0.188 -28.668 122.786 -2.280 -31.498 125.076 -2.833 -31.292 124.733
3 0 -2.833 -31.292 124.733 -0.794 -28.541 122.499 -0.188 -28.668 122.786
3 0 0.325 -28.603 123.232 -1.813 -31.506 125.574 -2.280 -31.498 125.076
3 0 -2.280 -31.498 125.076 -0.188 -28.668 122.786 0.325 -28.603 123.232
3 0 -0.204 -26.571 125.247 -2.312 -29.478 127.600 -1.837 -29.960 127.506
3 0 -1.837 -29.960 127.506 0.313 -26.998 125.116 -0.204 -26.571 125.247
3 0 -0.811 -26.271 125.163 -2.868 -29.105 127.466 -2.312 -29.478 127.600
3 0 -2.312 -29.478 127.600 -0.204 -26.571 125.247 -0.811 -26.271 125.163
3 0 -1.418 -26.144 124.876 -3.421 -28.899 127.123 -2.868 -29.105 127.466
3 0 -2.868 -29.105 127.466 -0.811 -26.271 125.163 -1.418 -26.144 124.876
3 0 -1.931 -26.209 124.429 -3.888 -28.891 126.625 -3.421 -28.899 127.123
3 0 -3.421 -28.899 127.123 -1.418 -26.144 124.876 -1.931 -26.209 124.429
3 0 -3.644 -27.453 121.728 -5.439 -29.850 123.717 -5.913 -29.368 123.811
3 0 -5.913 -29.368 123.811 -4.161 -27.026 121.859 -3.644 -27.453 121.728
3 0 -3.037 -27.753 121.812 -4.883 -30.223 123.852 -5.439 -29.850 123.717
3 0 -5.439 -29.850 123.717 -3.644 -27.453 121.728 -3.037 -27.753 121.812
3 0 -2.430 -27.880 122.100 -4.329 -30.429 124.194 -4.883 -30.223 123.852
3 0 -4.883 -30.223 123.852 -3.037 -27.753 121.812 -2.430 -27.880 122.100
3 0 -1.918 -27.814 122.546 -3.863 -30.437 124.692 -4.329 -30.429 124.194
3 0 -4.329 -30.429 124.194 -2.430 -27.880 122.100 -1.918 -27.814 122.546
3 0 -2.446 -25.783 124.561 -4.361 -28.409 126.719 -3.888 -28.891 126.625
3 0 -3.888 -28.891 126.625 -1.931 -26.209 124.429 -2.446 -25.783 124.561
3 0 -3.054 -25.483 124.476 -4.917 -28.036 126.584 -4.361 -28.409 126.719
3 0 -4.361 -28.409 126.719 -2.446 -25.783 124.561 -3.054 -25.483 124.476
3 0 -3.660 -25.356 124.189 -5.471 -27.830 126.242 -4.917 -28.036 126.584
3 0 -4.917 -28.036 126.584 -3.054 -25.483 124.476 -3.660 -25.356 124.189
3 0 -4.173 -25.421 123.743 -5.937 -27.822 125.743 -5.471 -27.830 126.242
3 0 -5.471 -27.830 126.242 -3.660 -25.356 124.189 -4.173 -25.421 123.743
3 0 -6.412 -27.339 125.837 -5.937 -27.822 125.743 -4.173 -25.421 123.743
3 0 -4.173 -25.421 123.743 -4.689 -24.994 123.874 -6.412 -27.339 125.837
3 0 -6.968 -26.967 125.702 -6.412 -27.339 125.837 -4.689 -24.994 123.874
3 0 -4.689 -24.994 123.874 -5.297 -24.694 123.790 -6.968 -26.967 125.702
3 0 -7.521 -26.761 125.360 -6.968 -26.967 125.702 -5.297 -24.694 123.790
3 0 -5.297 -24.694 123.790 -5.903 -24.567 123.503 -7.521 -26.761 125.360
3 0 -7.988 -26.752 124.861 -7.521 -26.761 125.360 -5.903 -24.567 123.503
3 0 -5.903 -24.567 123.503 -6.416 -24.632 123.057 -7.988 -26.752 124.861
3 0 -8.297 -26.943 124.283 -7.988 -26.752 124.861 -6.416 -24.632 123.057
3 0 -6.416 -24.632 123.057 -6.757 -24.880 122.519 -8.297 -26.943 124.283
3 0 -8.400 -27.304 123.713 -8.297 -26.943 124.283 -6.757 -24.880 122.519
3 0 -6.757 -24.880 122.519 -6.875 -25.271 121.973 -8.400 -27.304 123.713
3 0 -8.283 -27.780 123.237 -8.400 -27.304 123.713 -6.875 -25.271 121.973
3 0 -6.875 -25.271 121.973 -6.751 -25.748 121.500 -8.283 -27.780 123.237
3 0 -7.963 -28.299 122.929 -8.283 -27.780 123.237 -6.751 -25.748 121.500
3 0 -6.751 -25.748 121.500 -6.404 -26.237 121.173 -7.963 -28.299 122.929
3 0 -7.489 -28.781 122.835 -7.963 -28.299 122.929 -6.404 -26.237 121.173
3 0 -6.404 -26.237 121.173 -5.888 -26.664 121.042 -7.489 -28.781 122.835
3 0 -6.933 -29.153 122.970 -7.489 -28.781 122.835 -5.888 -26.664 121.042
3 0 -5.888 -26.664 121.042 -5.280 -26.964 121.126 -6.933 -29.153 122.970
3 0 -6.380 -29.360 123.312 -6.933 -29.153 122.970 -5.280 -26.964 121.126
3 0 -5.280 -26.964 121.126 -4.674 -27.091 121.413 -6.380 -29.360 123.312
3 0 -5.913 -29.368 123.811 -6.380 -29.360 123.312 -4.674 -27.091 121.413
3 0 -4.674 -27.091 121.413 -4.161 -27.026 121.859 -5.913 -29.368 123.811
3 0 -4.025 -34.687 127.484 -4.456 -34.163 127.554 -1.813 -31.506 125.574
3 0 -1.813 -31.506 125.574 -1.339 -31.989 125.480 -4.025 -34.687 127.484
3 0 -3.521 -35.116 127.652 -4.025 -34.687 127.484 -1.339 -31.989 125.480
3 0 -1.339 -31.989 125.480 -0.783 -32.361 125.615 -3.521 -35.116 127.652
3 0 -3.021 -35.385 128.032 -3.521 -35.116 127.652 -0.783 -32.361 125.615
3 0 -0.783 -32.361 125.615 -0.229 -32.567 125.957 -3.021 -35.385 128.032
3 0 -2.602 -35.451 128.567 -3.021 -35.385 128.032 -0.229 -32.567 125.957
3 0 -0.229 -32.567 125.957 0.238 -32.575 126.456 -2.602 -35.451 128.567
3 0 -2.326 -35.306 129.174 -2.602 -35.451 128.567 0.238 -32.575 126.456
3 0 0.238 -32.575 126.456 0.546 -32.385 127.034 -2.326 -35.306 129.174
3 0 -2.237 -34.971 129.762 -2.326 -35.306 129.174 0.546 -32.385 127.034
3 0 0.546 -32.385 127.034 0.650 -32.024 127.605 -2.237 -34.971 129.762
3 0 -2.347 -34.497 130.242 -2.237 -34.971 129.762 0.650 -32.024 127.605
3 0 0.650 -32.024 127.605 0.533 -31.548 128.080 -2.347 -34.497 130.242
3 0 -2.640 -33.957 130.539 -2.347 -34.497 130.242 0.533 -31.548 128.080
3 0 0.533 -31.548 128.080 0.213 -31.029 128.388 -2.640 -33.957 130.539
3 0 -3.072 -33.432 130.609 -2.640 -33.957 130.539 0.213 -31.029 128.388
3 0 0.213 -31.029 128.388 -0.261 -30.547 128.482 -3.072 -33.432 130.609
3 0 -3.576 -33.003 130.441 -3.072 -33.432 130.609 -0.261 -30.547 128.482
3 0 -0.261 -30.547 128.482 -0.817 -30.174 128.347 -3.576 -33.003 130.441
3 0 -4.075 -32.735 130.061 -3.576 -33.003 130.441 -0.817 -30.174 128.347
3 0 -0.817 -30.174 128.347 -1.371 -29.968 128.005 -4.075 -32.735 130.061
3 0 -4.495 -32.668 129.526 -4.075 -32.735 130.061 -1.371 -29.968 128.005
3 0 -1.371 -29.968 128.005 -1.837 -29.960 127.506 -4.495 -32.668 129.526
3 0 -3.389 -30.919 124.598 -5.880 -33.399 126.471 -6.311 -32.874 126.541
3 0 -6.311 -32.874 126.541 -3.863 -30.437 124.692 -3.389 -30.919 124.598
3 0 -2.833 -31.292 124.733 -5.376 -33.828 126.639 -5.880 -33.399 126.471
3 0 -5.880 -33.399 126.471 -3.389 -30.919 124.598 -2.833 -31.292 124.733
3 0 -2.280 -31.498 125.076 -4.876 -34.096 127.019 -5.376 -33.828 126.639
3 0 -5.376 -33.828 126.639 -2.833 -31.292 124.733 -2.280 -31.498 125.076
3 0 -1.813 -31.506 125.574 -4.456 -34.163 127.554 -4.876 -34.096 127.019
3 0 -4.876 -34.096 127.019 -2.280 -31.498 125.076 -1.813 -31.506 125.574
3 0 -2.312 -29.478 127.600 -4.926 -32.143 129.596 -4.495 -32.668 129.526
3 0 -4.495 -32.668 129.526 -1.837 -29.960 127.506 -2.312 -29.478 127.600
3 0 -2.868 -29.105 127.466 -5.430 -31.714 129.428 -4.926 -32.143 129.596
3 0 -4.926 -32.143 129.596 -2.312 -29.478 127.600 -2.868 -29.105 127.466
3 0 -3.421 -28.899 127.123 -5.930 -31.446 129.048 -5.430 -31.714 129.428
3 0 -5.430 -31.714 129.428 -2.868 -29.105 127.466 -3.421 -28.899 127.123
3 0 -3.888 -28.891 126.625 -6.350 -31.380 128.513 -5.930 -31.446 129.048
3 0 -5.930 -31.446 129.048 -3.421 -28.899 127.123 -3.888 -28.891 126.625
3 0 -5.439 -29.850 123.717 -7.733 -32.111 125.459 -8.165 -31.586 125.529
3 0 -8.165 -31.586 125.529 -5.913 -29.368 123.811 -5.439 -29.850 123.717
3 0 -4.883 -30.223 123.852 -7.230 -32.540 125.627 -7.733 -32.111 125.459
3 0 -7.733 -32.111 125.459 -5.439 -29.850 123.717 -4.883 -30.223 123.852
3 0 -4.329 -30.429 124.194 -6.730 -32.808 126.007 -7.230 -32.540 125.627
3 0 -7.230 -32.540 125.627 -4.883 -30.223 123.852 -4.329 -30.429 124.194
3 0 -3.863 -30.437 124.692 -6.311 -32.874 126.541 -6.730 -32.808 126.007
3 0 -6.730 -32.808 126.007 -4.329 -30.429 124.194 -3.863 -30.437 124.692
3 0 -4.361 -28.409 126.719 -6.780 -30.856 128.584 -6.350 -31.380 128.513
3 0 -6.350 -31.380 128.513 -3.888 -28.891 126.625 -4.361 -28.409 126.719
3 0 -4.917 -28.036 126.584 -7.284 -30.427 128.416 -6.780 -30.856 128.584
3 0 -6.780 -30.856 128.584 -4.361 -28.409 126.719 -4.917 -28.036 126.584
3 0 -5.471 -27.830 126.242 -7.784 -30.158 128.036 -7.284 -30.427 128.416
3 0 -7.284 -30.427 128.416 -4.917 -28.036 126.584 -5.471 -27.830 126.242
3 0 -5.937 -27.822 125.743 -8.204 -30.092 127.501 -7.784 -30.158 128.036
3 0 -7.784 -30.158 128.036 -5.471 -27.830 126.242 -5.937 -27.822 125.743
3 0 -8.635 -29.567 127.571 -8.204 -30.092 127.501 -5.937 -27.822 125.743
3 0 -5.937 -27.822 125.743 -6.412 -27.339 125.837 -8.635 -29.567 127.571
3 0 -9.139 -29.138 127.403 -8.635 -29.567 127.571 -6.412 -27.339 125.837
3 0 -6.412 -27.339 125.837 -6.968 -26.967 125.702 -9.139 -29.138 127.403
3 0 -9.639 -28.870 127.023 -9.139 -29.138 127.403 -6.968 -26.967 125.702
3 0 -6.968 -26.967 125.702 -7.521 -26.761 125.360 -9.639 -28.870 127.023
3 0 -10.058 -28.803 126.488 -9.639 -28.870 127.023 -7.521 -26.761 125.360
3 0 -7.521 -26.761 125.360 -7.988 -26.752 124.861 -10.058 -28.803 126.488
3 0 -10.334 -28.949 125.881 -10.058 -28.803 126.488 -7.988 -26.752 124.861
3 0 -7.988 -26.752 124.861 -8.297 -26.943 124.283 -10.334 -28.949 125.881
3 0 -10.423 -29.284 125.293 -10.334 -28.949 125.881 -8.297 -26.943 124.283
3 0 -8.297 -26.943 124.283 -8.400 -27.304 123.713 -10.423 -29.284 125.293
3 0 -10.313 -29.758 124.813 -10.423 -29.284 125.293 -8.400 -27.304 123.713
3 0 -8.400 -27.304 123.713 -8.283 -27.780 123.237 -10.313 -29.758 124.813
3 0 -10.020 -30.298 124.516 -10.313 -29.758 124.813 -8.283 -27.780 123.237
3 0 -8.283 -27.780 123.237 -7.963 -28.299 122.929 -10.020 -30.298 124.516
3 0 -9.588 -30.823 124.446 -10.020 -30.298 124.516 -7.963 -28.299 122.929
3 0 -7.963 -28.299 122.929 -7.489 -28.781 122.835 -9.588 -30.823 124.446
3 0 -9.084 -31.252 124.614 -9.588 -30.823 124.446 -7.489 -28.781 122.835
3 0 -7.489 -28.781 122.835 -6.933 -29.153 122.970 -9.084 -31.252 124.614
3 0 -8.584 -31.520 124.994 -9.084 -31.252 124.614 -6.933 -29.153 122.970
3 0 -6.933 -29.153 122.970 -6.380 -29.360 123.312 -8.584 -31.520 124.994
3 0 -8.165 -31.586 125.529 -8.584 -31.520 124.994 -6.380 -29.360 123.312
3 0 -6.380 -29.360 123.312 -5.913 -29.368 123.811 -8.165 -31.586 125.529
3 0 -6.982 -37.143 129.195 -7.378 -36.590 129.252 -4.456 -34.163 127.554
3 0 -4.456 -34.163 127.554 -4.025 -34.687 127.484 -6.982 -37.143 129.195
3 0 -6.522 -37.612 129.383 -6.982 -37.143 129.195 -4.025 -34.687 127.484
3 0 -4.025 -34.687 127.484 -3.521 -35.116 127.652 -6.522 -37.612 129.383
3 0 -6.067 -37.923 129.785 -6.522 -37.612 129.383 -3.521 -35.116 127.652
3 0 -3.521 -35.116 127.652 -3.021 -35.385 128.032 -6.067 -37.923 129.785
3 0 -5.687 -38.031 130.342 -6.067 -37.923 129.785 -3.021 -35.385 128.032
3 0 -3.021 -35.385 128.032 -2.602 -35.451 128.567 -5.687 -38.031 130.342
3 0 -5.439 -37.918 130.969 -5.687 -38.031 130.342 -2.602 -35.451 128.567
3 0 -2.602 -35.451 128.567 -2.326 -35.306 129.174 -5.439 -37.918 130.969
3 0 -5.362 -37.603 131.569 -5.439 -37.918 130.969 -2.326 -35.306 129.174
3 0 -2.326 -35.306 129.174 -2.237 -34.971 129.762 -5.362 -37.603 131.569
3 0 -5.467 -37.132 132.052 -5.362 -37.603 131.569 -2.237 -34.971 129.762
3 0 -2.237 -34.971 129.762 -2.347 -34.497 130.242 -5.467 -37.132 132.052
3 0 -5.738 -36.577 132.344 -5.467 -37.132 132.052 -2.347 -34.497 130.242
3 0 -2.347 -34.497 130.242 -2.640 -33.957 130.539 -5.738 -36.577 132.344
3 0 -6.134 -36.024 132.401 -5.738 -36.577 132.344 -2.640 -33.957 130.539
3 0 -2.640 -33.957 130.539 -3.072 -33.432 130.609 -6.134 -36.024 132.401
3 0 -6.594 -35.555 132.214 -6.134 -36.024 132.401 -3.072 -33.432 130.609
3 0 -3.072 -33.432 130.609 -3.576 -33.003 130.441 -6.594 -35.555 132.214
3 0 -7.049 -35.244 131.811 -6.594 -35.555 132.214 -3.576 -33.003 130.441
3 0 -3.576 -33.003 130.441 -4.075 -32.735 130.061 -7.049 -35.244 131.811
3 0 -7.429 -35.136 131.254 -7.049 -35.244 131.811 -4.075 -32.735 130.061
3 0 -4.075 -32.735 130.061 -4.495 -32.668 129.526 -7.429 -35.136 131.254
3 0 -5.880 -33.399 126.471 -8.673 -35.702 128.105 -9.069 -35.148 128.162
3 0 -9.069 -35.148 128.162 -6.311 -32.874 126.541 -5.880 -33.399 126.471
3 0 -5.376 -33.828 126.639 -8.213 -36.170 128.292 -8.673 -35.702 128.105
3 0 -8.673 -35.702 128.105 -5.880 -33.399 126.471 -5.376 -33.828 126.639
3 0 -4.876 -34.096 127.019 -7.758 -36.482 128.695 -8.213 -36.170 128.292
3 0 -8.213 -36.170 128.292 -5.376 -33.828 126.639 -4.876 -34.096 127.019
3 0 -4.456 -34.163 127.554 -7.378 -36.590 129.252 -7.758 -36.482 128.695
3 0 -7.758 -36.482 128.695 -4.876 -34.096 127.019 -4.456 -34.163 127.554
3 0 -4.926 -32.143 129.596 -7.825 -34.582 131.311 -7.429 -35.136 131.254
3 0 -7.429 -35.136 131.254 -4.495 -32.668 129.526 -4.926 -32.143 129.596
3 0 -5.430 -31.714 129.428 -8.286 -34.114 131.124 -7.825 -34.582 131.311
3 0 -7.825 -34.582 131.311 -4.926 -32.143 129.596 -5.430 -31.714 129.428
3 0 -5.930 -31.446 129.048 -8.740 -33.802 130.721 -8.286 -34.114 131.124
3 0 -8.286 -34.114 131.124 -5.430 -31.714 129.428 -5.930 -31.446 129.048
3 0 -6.350 -31.380 128.513 -9.120 -33.695 130.164 -8.740 -33.802 130.721
3 0 -8.740 -33.802 130.721 -5.930 -31.446 129.048 -6.350 -31.380 128.513
3 0 -7.733 -32.111 125.459 -10.363 -34.261 127.015 -10.759 -33.708 127.072
3 0 -10.759 -33.708 127.072 -8.165 -31.586 125.529 -7.733 -32.111 125.459
3 0 -7.230 -32.540 125.627 -9.903 -34.729 127.203 -10.363 -34.261 127.015
3 0 -10.363 -34.261 127.015 -7.733 -32.111 125.459 -7.230 -32.540 125.627
3 0 -6.730 -32.808 126.007 -9.448 -35.041 127.605 -9.903 -34.729 127.203
3 0 -9.903 -34.729 127.203 -7.230 -32.540 125.627 -6.730 -32.808 126.007
3 0 -6.311 -32.874 126.541 -9.069 -35.148 128.162 -9.448 -35.041 127.605
3 0 -9.448 -35.041 127.605 -6.730 -32.808 126.007 -6.311 -32.874 126.541
3 0 -6.780 -30.856 128.584 -9.516 -33.142 130.221 -9.120 -33.695 130.164
3 0 -9.120 -33.695 130.164 -6.350 -31.380 128.513 -6.780 -30.856 128.584
3 0 -7.284 -30.427 128.416 -9.976 -32.673 130.034 -9.516 -33.142 130.221
3 0 -9.516 -33.142 130.221 -6.780 -30.856 128.584 -7.284 -30.427 128.416
3 0 -7.784 -30.158 128.036 -10.431 -32.362 129.631 -9.976 -32.673 130.034
3 0 -9.976 -32.673 130.034 -7.284 -30.427 128.416 -7.784 -30.158 128.036
3 0 -8.204 -30.092 127.501 -10.811 -32.254 129.074 -10.431 -32.362 129.631
3 0 -10.431 -32.362 129.631 -7.784 -30.158 128.036 -8.204 -30.092 127.501
3 0 -11.207 -31.700 129.131 -10.811 -32.254 129.074 -8.204 -30.092 127.501
3 0 -8.204 -30.092 127.501 -8.635 -29.567 127.571 -11.207 -31.700 129.131
3 0 -11.667 -31.232 128.944 -11.207 -31.700 129.131 -8.635 -29.567 127.571
3 0 -8.635 -29.567 127.571 -9.139 -29.138 127.403 -11.667 -31.232 128.944
3 0 -12.122 -30.920 128.541 -11.667 -31.232 128.944 -9.139 -29.138 127.403
3 0 -9.139 -29.138 127.403 -9.639 -28.870 127.023 -12.122 -30.920 128.541
3 0 -12.502 -30.812 127.984 -12.122 -30.920 128.541 -9.639 -28.870 127.023
3 0 -9.639 -28.870 127.023 -10.058 -28.803 126.488 -12.502 -30.812 127.984
3 0 -12.749 -30.925 127.358 -12.502 -30.812 127.984 -10.058 -28.803 126.488
3 0 -10.058 -28.803 126.488 -10.334 -28.949 125.881 -12.749 -30.925 127.358
3 0 -12.826 -31.241 126.757 -12.749 -30.925 127.358 -10.334 -28.949 125.881
3 0 -10.334 -28.949 125.881 -10.423 -29.284 125.293 -12.826 -31.241 126.757
3 0 -12.721 -31.712 126.274 -12.826 -31.241 126.757 -10.423 -29.284 125.293
3 0 -10.423 -29.284 125.293 -10.313 -29.758 124.813 -12.721 -31.712 126.274
3 0 -12.450 -32.266 125.982 -12.721 -31.712 126.274 -10.313 -29.758 124.813
3 0 -10.313 -29.758 124.813 -10.020 -30.298 124.516 -12.450 -32.266 125.982
3 0 -12.054 -32.820 125.925 -12.450 -32.266 125.982 -10.020 -30.298 124.516
3 0 -10.020 -30.298 124.516 -9.588 -30.823 124.446 -12.054 -32.820 125.925
3 0 -11.594 -33.288 126.112 -12.054 -32.820 125.925 -9.588 -30.823 124.446
3 0 -9.588 -30.823 124.446 -9.084 -31.252 124.614 -11.594 -33.288 126.112
3 0 -11.139 -33.600 126.515 -11.594 -33.288 126.112 -9.084 -31.252 124.614
3 0 -9.084 -31.252 124.614 -8.584 -31.520 124.994 -11.139 -33.600 126.515
3 0 -10.759 -33.708 127.072 -11.139 -33.600 126.515 -8.584 -31.520 124.994
3 0 -8.584 -31.520 124.994 -8.165 -31.586 125.529 -10.759 -33.708 127.072
3 0 -10.145 -39.403 130.677 -10.509 -38.828 130.726 -7.378 -36.590 129.252
3 0 -7.378 -36.590 129.252 -6.982 -37.143 129.195 -10.145 -39.403 130.677
3 0 -9.723 -39.902 130.877 -10.145 -39.403 130.677 -6.982 -37.143 129.195
3 0 -6.982 -37.143 129.195 -6.522 -37.612 129.383 -9.723 -39.902 130.877
3 0 -9.308 -40.247 131.295 -9.723 -39.902 130.877 -6.522 -37.612 129.383
3 0 -6.522 -37.612 129.383 -6.067 -37.923 129.785 -9.308 -40.247 131.295
3 0 -8.963 -40.388 131.867 -9.308 -40.247 131.295 -6.067 -37.923 129.785
3 0 -6.067 -37.923 129.785 -5.687 -38.031 130.342 -8.963 -40.388 131.867
3 0 -8.741 -40.301 132.507 -8.963 -40.388 131.867 -5.687 -38.031 130.342
3 0 -5.687 -38.031 130.342 -5.439 -37.918 130.969 -8.741 -40.301 132.507
3 0 -8.675 -40.001 133.117 -8.741 -40.301 132.507 -5.439 -37.918 130.969
3 0 -5.439 -37.918 130.969 -5.362 -37.603 131.569 -8.675 -40.001 133.117
3 0 -8.776 -39.533 133.604 -8.675 -40.001 133.117 -5.362 -37.603 131.569
3 0 -5.362 -37.603 131.569 -5.467 -37.132 132.052 -8.776 -39.533 133.604
3 0 -9.027 -38.969 133.894 -8.776 -39.533 133.604 -5.467 -37.132 132.052
3 0 -5.467 -37.132 132.052 -5.738 -36.577 132.344 -9.027 -38.969 133.894
3 0 -9.392 -38.393 133.942 -9.027 -38.969 133.894 -5.738 -36.577 132.344
3 0 -5.738 -36.577 132.344 -6.134 -36.024 132.401 -9.392 -38.393 133.942
3 0 -9.814 -37.895 133.743 -9.392 -38.393 133.942 -6.134 -36.024 132.401
3 0 -6.134 -36.024 132.401 -6.594 -35.555 132.214 -9.814 -37.895 133.743
3 0 -10.229 -37.549 133.325 -9.814 -37.895 133.743 -6.594 -35.555 132.214
3 0 -6.594 -35.555 132.214 -7.049 -35.244 131.811 -10.229 -37.549 133.325
3 0 -10.573 -37.409 132.752 -10.229 -37.549 133.325 -7.049 -35.244 131.811
3 0 -7.049 -35.244 131.811 -7.429 -35.136 131.254 -10.573 -37.409 132.752
3 0 -8.673 -35.702 128.105 -11.691 -37.843 129.536 -12.055 -37.268 129.585
3 0 -12.055 -37.268 129.585 -9.069 -35.148 128.162 -8.673 -35.702 128.105
3 0 -8.213 -36.170 128.292 -11.269 -38.342 129.736 -11.691 -37.843 129.536
3 0 -11.691 -37.843 129.536 -8.673 -35.702 128.105 -8.213 -36.170 128.292
3 0 -7.758 -36.482 128.695 -10.854 -38.687 130.153 -11.269 -38.342 129.736
3 0 -11.269 -38.342 129.736 -8.213 -36.170 128.292 -7.758 -36.482 128.695
3 0 -7.378 -36.590 129.252 -10.509 -38.828 130.726 -10.854 -38.687 130.153
3 0 -10.854 -38.687 130.153 -7.758 -36.482 128.695 -7.378 -36.590 129.252
3 0 -7.825 -34.582 131.311 -10.938 -36.833 132.801 -10.573 -37.409 132.752
3 0 -10.573 -37.409 132.752 -7.429 -35.136 131.254 -7.825 -34.582 131.311
3 0 -8.286 -34.114 131.124 -11.360 -36.335 132.602 -10.938 -36.833 132.801
3 0 -10.938 -36.833 132.801 -7.825 -34.582 131.311 -8.286 -34.114 131.124
3 0 -8.740 -33.802 130.721 -11.775 -35.989 132.184 -11.360 -36.335 132.602
3 0 -11.360 -36.335 132.602 -8.286 -34.114 131.124 -8.740 -33.802 130.721
3 0 -9.120 -33.695 130.164 -12.119 -35.849 131.611 -11.775 -35.989 132.184
3 0 -11.775 -35.989 132.184 -8.740 -33.802 130.721 -9.120 -33.695 130.164
3 0 -10.363 -34.261 127.015 -13.236 -36.284 128.395 -13.601 -35.709 128.444
3 0 -13.601 -35.709 128.444 -10.759 -33.708 127.072 -10.363 -34.261 127.015
3 0 -9.903 -34.729 127.203 -12.815 -36.783 128.595 -13.236 -36.284 128.395
3 0 -13.236 -36.284 128.395 -10.363 -34.261 127.015 -9.903 -34.729 127.203
3 0 -9.448 -35.041 127.605 -12.400 -37.128 129.013 -12.815 -36.783 128.595
3 0 -12.815 -36.783 128.595 -9.903 -34.729 127.203 -9.448 -35.041 127.605
3 0 -9.069 -35.148 128.162 -12.055 -37.268 129.585 -12.400 -37.128 129.013
3 0 -12.400 -37.128 129.013 -9.448 -35.041 127.605 -9.069 -35.148 128.162
3 0 -9.516 -33.142 130.221 -12.483 -35.274 131.661 -12.119 -35.849 131.611
3 0 -12.119 -35.849 131.611 -9.120 -33.695 130.164 -9.516 -33.142 130.221
3 0 -9.976 -32.673 130.034 -12.905 -34.776 131.461 -12.483 -35.274 131.661
3 0 -12.483 -35.274 131.661 -9.516 -33.142 130.221 -9.976 -32.673 130.034
3 0 -10.431 -32.362 129.631 -13.320 -34.430 131.043 -12.905 -34.776 131.461
3 0 -12.905 -34.776 131.461 -9.976 -32.673 130.034 -10.431 -32.362 129.631
3 0 -10.811 -32.254 129.074 -13.665 -34.290 130.471 -13.320 -34.430 131.043
3 0 -13.320 -34.430 131.043 -10.431 -32.362 129.631 -10.811 -32.254 129.074
3 0 -14.029 -33.714 130.520 -13.665 -34.290 130.471 -10.811 -32.254 129.074
3 0 -10.811 -32.254 129.074 -11.207 -31.700 129.131 -14.029 -33.714 130.520
3 0 -14.451 -33.216 130.320 -14.029 -33.714 130.520 -11.207 -31.700 129.131
3 0 -11.207 -31.700 129.131 -11.667 -31.232 128.944 -14.451 -33.216 130.320
3 0 -14.866 -32.870 129.902 -14.451 -33.216 130.320 -11.667 -31.232 128.944
3 0 -11.667 -31.232 128.944 -12.122 -30.920 128.541 -14.866 -32.870 129.902
3 0 -15.211 -32.730 129.330 -14.866 -32.870 129.902 -12.122 -30.920 128.541
3 0 -12.122 -30.920 128.541 -12.502 -30.812 127.984 -15.211 -32.730 129.330
3 0 -15.433 -32.816 128.690 -15.211 -32.730 129.330 -12.502 -30.812 127.984
3 0 -12.502 -30.812 127.984 -12.749 -30.925 127.358 -15.433 -32.816 128.690
3 0 -15.499 -33.116 128.080 -15.433 -32.816 128.690 -12.749 -30.925 127.358
3 0 -12.749 -30.925 127.358 -12.826 -31.241 126.757 -15.499 -33.116 128.080
3 0 -15.399 -33.584 127.593 -15.499 -33.116 128.080 -12.826 -31.241 126.757
3 0 -12.826 -31.241 126.757 -12.721 -31.712 126.274 -15.399 -33.584 127.593
3 0 -15.147 -34.149 127.303 -15.399 -33.584 127.593 -12.721 -31.712 126.274
3 0 -12.721 -31.712 126.274 -12.450 -32.266 125.982 -15.147 -34.149 127.303
3 0 -14.782 -34.724 127.254 -15.147 -34.149 127.303 -12.450 -32.266 125.982
3 0 -12.450 -32.266 125.982 -12.054 -32.820 125.925 -14.782 -34.724 127.254
3 0 -14.361 -35.223 127.454 -14.782 -34.724 127.254 -12.054 -32.820 125.925
3 0 -12.054 -32.820 125.925 -11.594 -33.288 126.112 -14.361 -35.223 127.454
3 0 -13.946 -35.568 127.872 -14.361 -35.223 127.454 -11.594 -33.288 126.112
3 0 -11.594 -33.288 126.112 -11.139 -33.600 126.515 -13.946 -35.568 127.872
3 0 -13.601 -35.709 128.444 -13.946 -35.568 127.872 -11.139 -33.600 126.515
3 0 -11.139 -33.600 126.515 -10.759 -33.708 127.072 -13.601 -35.709 128.444
3 0 -13.457 -41.490 131.969 -13.795 -40.898 132.013 -10.509 -38.828 130.726
3 0 -10.509 -38.828 130.726 -10.145 -39.403 130.677 -13.457 -41.490 131.969
3 0 -13.069 -42.012 132.176 -13.457 -41.490 131.969 -10.145 -39.403 130.677
3 0 -10.145 -39.403 130.677 -9.723 -39.902 130.877 -13.069 -42.012 132.176
3 0 -12.689 -42.384 132.604 -13.069 -42.012 132.176 -9.723 -39.902 130.877
3 0 -9.723 -39.902 130.877 -9.308 -40.247 131.295 -12.689 -42.384 132.604
3 0 -12.375 -42.550 133.188 -12.689 -42.384 132.604 -9.308 -40.247 131.295
3 0 -9.308 -40.247 131.295 -8.963 -40.388 131.867 -12.375 -42.550 133.188
3 0 -12.174 -42.484 133.837 -12.375 -42.550 133.188 -8.963 -40.388 131.867
3 0 -8.963 -40.388 131.867 -8.741 -40.301 132.507 -12.174 -42.484 133.837
3 0 -12.119 -42.197 134.454 -12.174 -42.484 133.837 -8.741 -40.301 132.507
3 0 -8.741 -40.301 132.507 -8.675 -40.001 133.117 -12.119 -42.197 134.454
3 0 -12.215 -41.732 134.944 -12.119 -42.197 134.454 -8.675 -40.001 133.117
3 0 -8.675 -40.001 133.117 -8.776 -39.533 133.604 -12.215 -41.732 134.944
3 0 -12.451 -41.160 135.234 -12.215 -41.732 134.944 -8.776 -39.533 133.604
3 0 -8.776 -39.533 133.604 -9.027 -38.969 133.894 -12.451 -41.160 135.234
3 0 -12.788 -40.568 135.278 -12.451 -41.160 135.234 -9.027 -38.969 133.894
3 0 -9.027 -38.969 133.894 -9.392 -38.393 133.942 -12.788 -40.568 135.278
3 0 -13.176 -40.046 135.070 -12.788 -40.568 135.278 -9.392 -38.393 133.942
3 0 -9.392 -38.393 133.942 -9.814 -37.895 133.743 -13.176 -40.046 135.070
3 0 -13.557 -39.674 134.642 -13.176 -40.046 135.070 -9.814 -37.895 133.743
3 0 -9.814 -37.895 133.743 -10.229 -37.549 133.325 -13.557 -39.674 134.642
3 0 -13.871 -39.508 134.059 -13.557 -39.674 134.642 -10.229 -37.549 133.325
3 0 -10.229 -37.549 133.325 -10.573 -37.409 132.752 -13.871 -39.508 134.059
3 0 -11.691 -37.843 129.536 -14.878 -39.838 130.794 -15.215 -39.246 130.838
3 0 -15.215 -39.246 130.838 -12.055 -37.268 129.585 -11.691 -37.843 129.536
3 0 -11.269 -38.342 129.736 -14.489 -40.360 131.002 -14.878 -39.838 130.794
3 0 -14.878 -39.838 130.794 -11.691 -37.843 129.536 -11.269 -38.342 129.736
3 0 -10.854 -38.687 130.153 -14.109 -40.732 131.430 -14.489 -40.360 131.002
3 0 -14.489 -40.360 131.002 -11.269 -38.342 129.736 -10.854 -38.687 130.153
3 0 -10.509 -38.828 130.726 -13.795 -40.898 132.013 -14.109 -40.732 131.430
3 0 -14.109 -40.732 131.430 -10.854 -38.687 130.153 -10.509 -38.828 130.726
3 0 -10.938 -36.833 132.801 -14.208 -38.916 134.103 -13.871 -39.508 134.059
3 0 -13.871 -39.508 134.059 -10.573 -37.409 132.752 -10.938 -36.833 132.801
3 0 -11.360 -36.335 132.602 -14.597 -38.394 133.895 -14.208 -38.916 134.103
3 0 -14.208 -38.916 134.103 -10.938 -36.833 132.801 -11.360 -36.335 132.602
3 0 -11.775 -35.989 132.184 -14.977 -38.022 133.467 -14.597 -38.394 133.895
3 0 -14.597 -38.394 133.895 -11.360 -36.335 132.602 -11.775 -35.989 132.184
3 0 -12.119 -35.849 131.611 -15.291 -37.856 132.884 -14.977 -38.022 133.467
3 0 -14.977 -38.022 133.467 -11.775 -35.989 132.184 -12.119 -35.849 131.611
3 0 -13.236 -36.284 128.395 -16.297 -38.187 129.620 -16.635 -37.595 129.664
3 0 -16.635 -37.595 129.664 -13.601 -35.709 128.444 -13.236 -36.284 128.395
3 0 -12.815 -36.783 128.595 -15.909 -38.709 129.827 -16.297 -38.187 129.620
3 0 -16.297 -38.187 129.620 -13.236 -36.284 128.395 -12.815 -36.783 128.595
3 0 -12.400 -37.128 129.013 -15.529 -39.081 130.255 -15.909 -38.709 129.827
3 0 -15.909 -38.709 129.827 -12.815 -36.783 128.595 -12.400 -37.128 129.013
3 0 -12.055 -37.268 129.585 -15.215 -39.246 130.838 -15.529 -39.081 130.255
3 0 -15.529 -39.081 130.255 -12.400 -37.128 129.013 -12.055 -37.268 129.585
3 0 -12.483 -35.274 131.661 -15.628 -37.265 132.929 -15.291 -37.856 132.884
3 0 -15.291 -37.856 132.884 -12.119 -35.849 131.611 -12.483 -35.274 131.661
3 0 -12.905 -34.776 131.461 -16.016 -36.743 132.721 -15.628 -37.265 132.929
3 0 -15.628 -37.265 132.929 -12.483 -35.274 131.661 -12.905 -34.776 131.461
3 0 -13.320 -34.430 131.043 -16.397 -36.371 132.293 -16.016 -36.743 132.721
3 0 -16.016 -36.743 132.721 -12.905 -34.776 131.461 -13.320 -34.430 131.043
3 0 -13.665 -34.290 130.471 -16.711 -36.205 131.710 -16.397 -36.371 132.293
3 0 -16.397 -36.371 132.293 -13.320 -34.430 131.043 -13.665 -34.290 130.471
3 0 -17.048 -35.613 131.754 -16.711 -36.205 131.710 -13.665 -34.290 130.471
3 0 -13.665 -34.290 130.471 -14.029 -33.714 130.520 -17.048 -35.613 131.754
3 0 -17.437 -35.092 131.546 -17.048 -35.613 131.754 -14.029 -33.714 130.520
3 0 -14.029 -33.714 130.520 -14.451 -33.216 130.320 -17.437 -35.092 131.546
3 0 -17.817 -34.719 131.118 -17.437 -35.092 131.546 -14.451 -33.216 130.320
3 0 -14.451 -33.216 130.320 -14.866 -32.870 129.902 -17.817 -34.719 131.118
3 0 -18.131 -34.554 130.535 -17.817 -34.719 131.118 -14.866 -32.870 129.902
3 0 -14.866 -32.870 129.902 -15.211 -32.730 129.330 -18.131 -34.554 130.535
3 0 -18.331 -34.619 129.886 -18.131 -34.554 130.535 -15.211 -32.730 129.330
3 0 -15.211 -32.730 129.330 -15.433 -32.816 128.690 -18.331 -34.619 129.886
3 0 -18.387 -34.907 129.269 -18.331 -34.619 129.886 -15.433 -32.816 128.690
3 0 -15.433 -32.816 128.690 -15.499 -33.116 128.080 -18.387 -34.907 129.269
3 0 -18.290 -35.372 128.778 -18.387 -34.907 129.269 -15.499 -33.116 128.080
3 0 -15.499 -33.116 128.080 -15.399 -33.584 127.593 -18.290 -35.372 128.778
3 0 -18.055 -35.944 128.489 -18.290 -35.372 128.778 -15.399 -33.584 127.593
3 0 -15.399 -33.584 127.593 -15.147 -34.149 127.303 -18.055 -35.944 128.489
3 0 -17.718 -36.536 128.445 -18.055 -35.944 128.489 -15.147 -34.149 127.303
3 0 -15.147 -34.149 127.303 -14.782 -34.724 127.254 -17.718 -36.536 128.445
3 0 -17.329 -37.057 128.653 -17.718 -36.536 128.445 -14.782 -34.724 127.254
3 0 -14.782 -34.724 127.254 -14.361 -35.223 127.454 -17.329 -37.057 128.653
3 0 -16.949 -37.429 129.080 -17.329 -37.057 128.653 -14.361 -35.223 127.454
3 0 -14.361 -35.223 127.454 -13.946 -35.568 127.872 -16.949 -37.429 129.080
3 0 -16.635 -37.595 129.664 -16.949 -37.429 129.080 -13.946 -35.568 127.872
3 0 -13.946 -35.568 127.872 -13.601 -35.709 128.444 -16.635 -37.595 129.664
3 0 -16.874 -43.427 133.107 -17.189 -42.823 133.148 -13.795 -40.898 132.013
3 0 -13.795 -40.898 132.013 -13.457 -41.490 131.969 -16.874 -43.427 133.107
3 0 -16.513 -43.967 133.320 -16.874 -43.427 133.107 -13.457 -41.490 131.969
3 0 -13.457 -41.490 131.969 -13.069 -42.012 132.176 -16.513 -43.967 133.320
3 0 -16.162 -44.359 133.755 -16.513 -43.967 133.320 -13.069 -42.012 132.176
3 0 -13.069 -42.012 132.176 -12.689 -42.384 132.604 -16.162 -44.359 133.755
3 0 -15.873 -44.544 134.345 -16.162 -44.359 133.755 -12.689 -42.384 132.604
3 0 -12.689 -42.384 132.604 -12.375 -42.550 133.188 -15.873 -44.544 134.345
3 0 -15.692 -44.494 135.001 -15.873 -44.544 134.345 -12.375 -42.550 133.188
3 0 -12.375 -42.550 133.188 -12.174 -42.484 133.837 -15.692 -44.494 135.001
3 0 -15.645 -44.217 135.624 -15.692 -44.494 135.001 -12.174 -42.484 133.837
3 0 -12.174 -42.484 133.837 -12.119 -42.197 134.454 -15.645 -44.217 135.624
3 0 -15.739 -43.754 136.117 -15.645 -44.217 135.624 -12.119 -42.197 134.454
3 0 -12.119 -42.197 134.454 -12.215 -41.732 134.944 -15.739 -43.754 136.117
3 0 -15.960 -43.177 136.406 -15.739 -43.754 136.117 -12.215 -41.732 134.944
3 0 -12.215 -41.732 134.944 -12.451 -41.160 135.234 -15.960 -43.177 136.406
3 0 -16.275 -42.572 136.447 -15.960 -43.177 136.406 -12.451 -41.160 135.234
3 0 -12.451 -41.160 135.234 -12.788 -40.568 135.278 -16.275 -42.572 136.447
3 0 -16.636 -42.033 136.234 -16.275 -42.572 136.447 -12.788 -40.568 135.278
3 0 -12.788 -40.568 135.278 -13.176 -40.046 135.070 -16.636 -42.033 136.234
3 0 -16.987 -41.641 135.799 -16.636 -42.033 136.234 -13.176 -40.046 135.070
3 0 -13.176 -40.046 135.070 -13.557 -39.674 134.642 -16.987 -41.641 135.799
3 0 -17.276 -41.456 135.209 -16.987 -41.641 135.799 -13.557 -39.674 134.642
3 0 -13.557 -39.674 134.642 -13.871 -39.508 134.059 -17.276 -41.456 135.209
3 0 -14.878 -39.838 130.794 -18.189 -41.706 131.909 -18.504 -41.102 131.951
3 0 -18.504 -41.102 131.951 -15.215 -39.246 130.838 -14.878 -39.838 130.794
3 0 -14.489 -40.360 131.002 -17.828 -42.246 132.122 -18.189 -41.706 131.909
3 0 -18.189 -41.706 131.909 -14.878 -39.838 130.794 -14.489 -40.360 131.002
3 0 -14.109 -40.732 131.430 -17.477 -42.638 132.557 -17.828 -42.246 132.122
3 0 -17.828 -42.246 132.122 -14.489 -40.360 131.002 -14.109 -40.732 131.430
3 0 -13.795 -40.898 132.013 -17.189 -42.823 133.148 -17.477 -42.638 132.557
3 0 -17.477 -42.638 132.557 -14.109 -40.732 131.430 -13.795 -40.898 132.013
3 0 -14.208 -38.916 134.103 -17.591 -40.851 135.250 -17.276 -41.456 135.209
3 0 -17.276 -41.456 135.209 -13.871 -39.508 134.059 -14.208 -38.916 134.103
3 0 -14.597 -38.394 133.895 -17.951 -40.312 135.037 -17.591 -40.851 135.250
3 0 -17.591 -40.851 135.250 -14.208 -38.916 134.103 -14.597 -38.394 133.895
3 0 -14.977 -38.022 133.467 -18.302 -39.920 134.602 -17.951 -40.312 135.037
3 0 -17.951 -40.312 135.037 -14.597 -38.394 133.895 -14.977 -38.022 133.467
3 0 -15.291 -37.856 132.884 -18.591 -39.735 134.011 -18.302 -39.920 134.602
3 0 -18.302 -39.920 134.602 -14.977 -38.022 133.467 -15.291 -37.856 132.884
3 0 -16.297 -38.187 129.620 -19.504 -39.986 130.712 -19.819 -39.382 130.754
3 0 -19.819 -39.382 130.754 -16.635 -37.595 129.664 -16.297 -38.187 129.620
3 0 -15.909 -38.709 129.827 -19.143 -40.525 130.926 -19.504 -39.986 130.712
3 0 -19.504 -39.986 130.712 -16.297 -38.187 129.620 -15.909 -38.709 129.827
3 0 -15.529 -39.081 130.255 -18.792 -40.917 131.360 -19.143 -40.525 130.926
3 0 -19.143 -40.525 130.926 -15.909 -38.709 129.827 -15.529 -39.081 130.255
3 0 -15.215 -39.246 130.838 -18.504 -41.102 131.951 -18.792 -40.917 131.360
3 0 -18.792 -40.917 131.360 -15.529 -39.081 130.255 -15.215 -39.246 130.838
3 0 -15.628 -37.265 132.929 -18.905 -39.131 134.053 -18.591 -39.735 134.011
3 0 -18.591 -39.735 134.011 -15.291 -37.856 132.884 -15.628 -37.265 132.929
3 0 -16.016 -36.743 132.721 -19.266 -38.591 133.840 -18.905 -39.131 134.053
3 0 -18.905 -39.131 134.053 -15.628 -37.265 132.929 -16.016 -36.743 132.721
3 0 -16.397 -36.371 132.293 -19.617 -38.199 133.405 -19.266 -38.591 133.840
3 0 -19.266 -38.591 133.840 -16.016 -36.743 132.721 -16.397 -36.371 132.293
3 0 -16.711 -36.205 131.710 -19.906 -38.014 132.815 -19.617 -38.199 133.405
3 0 -19.617 -38.199 133.405 -16.397 -36.371 132.293 -16.711 -36.205 131.710
3 0 -20.221 -37.410 132.856 -19.906 -38.014 132.815 -16.711 -36.205 131.710
3 0 -16.711 -36.205 131.710 -17.048 -35.613 131.754 -20.221 -37.410 132.856
3 0 -20.581 -36.870 132.643 -20.221 -37.410 132.856 -17.048 -35.613 131.754
3 0 -17.048 -35.613 131.754 -17.437 -35.092 131.546 -20.581 -36.870 132.643
3 0 -20.932 -36.478 132.208 -20.581 -36.870 132.643 -17.437 -35.092 131.546
3 0 -17.437 -35.092 131.546 -17.817 -34.719 131.118 -20.932 -36.478 132.208
3 0 -21.221 -36.293 131.617 -20.932 -36.478 132.208 -17.817 -34.719 131.118
3 0 -17.817 -34.719 131.118 -18.131 -34.554 130.535 -21.221 -36.293 131.617
3 0 -21.403 -36.343 130.961 -21.221 -36.293 131.617 -18.131 -34.554 130.535
3 0 -18.131 -34.554 130.535 -18.331 -34.619 129.886 -21.403 -36.343 130.961
3 0 -21.450 -36.620 130.339 -21.403 -36.343 130.961 -18.331 -34.619 129.886
3 0 -18.331 -34.619 129.886 -18.387 -34.907 129.269 -21.450 -36.620 130.339
3 0 -21.355 -37.083 129.846 -21.450 -36.620 130.339 -18.387 -34.907 129.269
3 0 -18.387 -34.907 129.269 -18.290 -35.372 128.778 -21.355 -37.083 129.846
3 0 -21.134 -37.660 129.556 -21.355 -37.083 129.846 -18.290 -35.372 128.778
3 0 -18.290 -35.372 128.778 -18.055 -35.944 128.489 -21.134 -37.660 129.556
3 0 -20.819 -38.265 129.515 -21.134 -37.660 129.556 -18.055 -35.944 128.489
3 0 -18.055 -35.944 128.489 -17.718 -36.536 128.445 -20.819 -38.265 129.515
3 0 -20.458 -38.804 129.728 -20.819 -38.265 129.515 -17.718 -36.536 128.445
3 0 -17.718 -36.536 128.445 -17.329 -37.057 128.653 -20.458 -38.804 129.728
3 0 -20.107 -39.196 130.163 -20.458 -38.804 129.728 -17.329 -37.057 128.653
3 0 -17.329 -37.057 128.653 -16.949 -37.429 129.080 -20.107 -39.196 130.163
3 0 -19.819 -39.382 130.754 -20.107 -39.196 130.163 -16.949 -37.429 129.080
3 0 -16.949 -37.429 129.080 -16.635 -37.595 129.664 -19.819 -39.382 130.754
3 0 -20.365 -45.243 134.125 -20.661 -44.629 134.164 -17.189 -42.823 133.148
3 0 -17.189 -42.823 133.148 -16.874 -43.427 133.107 -20.365 -45.243 134.125
3 0 -20.029 -45.796 134.342 -20.365 -45.243 134.125 -16.874 -43.427 133.107
3 0 -16.874 -43.427 133.107 -16.513 -43.967 133.320 -20.029 -45.796 134.342
3 0 -19.702 -46.204 134.782 -20.029 -45.796 134.342 -16.513 -43.967 133.320
3 0 -16.513 -43.967 133.320 -16.162 -44.359 133.755 -19.702 -46.204 134.782
3 0 -19.436 -46.404 135.378 -19.702 -46.204 134.782 -16.162 -44.359 133.755
3 0 -16.162 -44.359 133.755 -15.873 -44.544 134.345 -19.436 -46.404 135.378
3 0 -19.271 -46.367 136.040 -19.436 -46.404 135.378 -15.873 -44.544 134.345
3 0 -15.873 -44.544 134.345 -15.692 -44.494 135.001 -19.271 -46.367 136.040
3 0 -19.231 -46.097 136.666 -19.271 -46.367 136.040 -15.692 -44.494 135.001
3 0 -15.692 -44.494 135.001 -15.645 -44.217 135.624 -19.231 -46.097 136.666
3 0 -19.323 -45.636 137.161 -19.231 -46.097 136.666 -15.645 -44.217 135.624
3 0 -15.645 -44.217 135.624 -15.739 -43.754 136.117 -19.323 -45.636 137.161
3 0 -19.534 -45.054 137.450 -19.323 -45.636 137.161 -15.739 -43.754 136.117
3 0 -15.739 -43.754 136.117 -15.960 -43.177 136.406 -19.534 -45.054 137.450
3 0 -19.830 -44.440 137.489 -19.534 -45.054 137.450 -15.960 -43.177 136.406
3 0 -15.960 -43.177 136.406 -16.275 -42.572 136.447 -19.830 -44.440 137.489
3 0 -20.166 -43.887 137.272 -19.830 -44.440 137.489 -16.275 -42.572 136.447
3 0 -16.275 -42.572 136.447 -16.636 -42.033 136.234 -20.166 -43.887 137.272
3 0 -20.493 -43.480 136.833 -20.166 -43.887 137.272 -16.636 -42.033 136.234
3 0 -16.636 -42.033 136.234 -16.987 -41.641 135.799 -20.493 -43.480 136.833
3 0 -20.759 -43.280 136.236 -20.493 -43.480 136.833 -16.987 -41.641 135.799
3 0 -16.987 -41.641 135.799 -17.276 -41.456 135.209 -20.759 -43.280 136.236
3 0 -18.189 -41.706 131.909 -21.591 -43.468 132.911 -21.887 -42.854 132.951
3 0 -21.887 -42.854 132.951 -18.504 -41.102 131.951 -18.189 -41.706 131.909
3 0 -17.828 -42.246 132.122 -21.254 -44.021 133.128 -21.591 -43.468 132.911
3 0 -21.591 -43.468 132.911 -18.189 -41.706 131.909 -17.828 -42.246 132.122
3 0 -17.477 -42.638 132.557 -20.928 -44.429 133.568 -21.254 -44.021 133.128
3 0 -21.254 -44.021 133.128 -17.828 -42.246 132.122 -17.477 -42.638 132.557
3 0 -17.189 -42.823 133.148 -20.661 -44.629 134.164 -20.928 -44.429 133.568
3 0 -20.928 -44.429 133.568 -17.477 -42.638 132.557 -17.189 -42.823 133.148
3 0 -17.591 -40.851 135.250 -21.055 -42.665 136.276 -20.759 -43.280 136.236
3 0 -20.759 -43.280 136.236 -17.276 -41.456 135.209 -17.591 -40.851 135.250
3 0 -17.951 -40.312 135.037 -21.392 -42.112 136.059 -21.055 -42.665 136.276
3 0 -21.055 -42.665 136.276 -17.591 -40.851 135.250 -17.951 -40.312 135.037
3 0 -18.302 -39.920 134.602 -21.718 -41.705 135.619 -21.392 -42.112 136.059
3 0 -21.392 -42.112 136.059 -17.951 -40.312 135.037 -18.302 -39.920 134.602
3 0 -18.591 -39.735 134.011 -21.984 -41.505 135.023 -21.718 -41.705 135.619
3 0 -21.718 -41.705 135.619 -18.302 -39.920 134.602 -18.591 -39.735 134.011
3 0 -19.504 -39.986 130.712 -22.816 -41.694 131.698 -23.112 -41.080 131.737
3 0 -23.112 -41.080 131.737 -19.819 -39.382 130.754 -19.504 -39.986 130.712
3 0 -19.143 -40.525 130.926 -22.479 -42.247 131.915 -22.816 -41.694 131.698
3 0 -22.816 -41.694 131.698 -19.504 -39.986 130.712 -19.143 -40.525 130.926
3 0 -18.792 -40.917 131.360 -22.152 -42.655 132.355 -22.479 -42.247 131.915
3 0 -22.479 -42.247 131.915 -19.143 -40.525 130.926 -18.792 -40.917 131.360
3 0 -18.504 -41.102 131.951 -21.887 -42.854 132.951 -22.152 -42.655 132.355
3 0 -22.152 -42.655 132.355 -18.792 -40.917 131.360 -18.504 -41.102 131.951
3 0 -18.905 -39.131 134.053 -22.280 -40.891 135.062 -21.984 -41.505 135.023
3 0 -21.984 -41.505 135.023 -18.591 -39.735 134.011 -18.905 -39.131 134.053
3 0 -19.266 -38.591 133.840 -22.616 -40.338 134.845 -22.280 -40.891 135.062
3 0 -22.280 -40.891 135.062 -18.905 -39.131 134.053 -19.266 -38.591 133.840
3 0 -19.617 -38.199 133.405 -22.943 -39.930 134.405 -22.616 -40.338 134.845
3 0 -22.616 -40.338 134.845 -19.266 -38.591 133.840 -19.617 -38.199 133.405
3 0 -19.906 -38.014 132.815 -23.209 -39.730 133.809 -22.943 -39.930 134.405
3 0 -22.943 -39.930 134.405 -19.617 -38.199 133.405 -19.906 -38.014 132.815
3 0 -23.505 -39.116 133.848 -23.209 -39.730 133.809 -19.906 -38.014 132.815
3 0 -19.906 -38.014 132.815 -20.221 -37.410 132.856 -23.505 -39.116 133.848
3 0 -23.842 -38.563 133.631 -23.505 -39.116 133.848 -20.221 -37.410 132.856
3 0 -20.221 -37.410 132.856 -20.581 -36.870 132.643 -23.842 -38.563 133.631
3 0 -24.168 -38.155 133.191 -23.842 -38.563 133.631 -20.581 -36.870 132.643
3 0 -20.581 -36.870 132.643 -20.932 -36.478 132.208 -24.168 -38.155 133.191
3 0 -24.434 -37.955 132.595 -24.168 -38.155 133.191 -20.932 -36.478 132.208
3 0 -20.932 -36.478 132.208 -21.221 -36.293 131.617 -24.434 -37.955 132.595
3 0 -24.600 -37.993 131.934 -24.434 -37.955 132.595 -21.221 -36.293 131.617
3 0 -21.221 -36.293 131.617 -21.403 -36.343 130.961 -24.600 -37.993 131.934
3 0 -24.639 -38.263 131.308 -24.600 -37.993 131.934 -21.403 -36.343 130.961
3 0 -21.403 -36.343 130.961 -21.450 -36.620 130.339 -24.639 -38.263 131.308
3 0 -24.547 -38.723 130.813 -24.639 -38.263 131.308 -21.450 -36.620 130.339
3 0 -21.450 -36.620 130.339 -21.355 -37.083 129.846 -24.547 -38.723 130.813
3 0 -24.337 -39.305 130.523 -24.547 -38.723 130.813 -21.355 -37.083 129.846
3 0 -21.355 -37.083 129.846 -21.134 -37.660 129.556 -24.337 -39.305 130.523
3 0 -24.041 -39.919 130.484 -24.337 -39.305 130.523 -21.134 -37.660 129.556
3 0 -21.134 -37.660 129.556 -20.819 -38.265 129.515 -24.041 -39.919 130.484
3 0 -23.704 -40.472 130.701 -24.041 -39.919 130.484 -20.819 -38.265 129.515
3 0 -20.819 -38.265 129.515 -20.458 -38.804 129.728 -23.704 -40.472 130.701
3 0 -23.378 -40.880 131.141 -23.704 -40.472 130.701 -20.458 -38.804 129.728
3 0 -20.458 -38.804 129.728 -20.107 -39.196 130.163 -23.378 -40.880 131.141
3 0 -23.112 -41.080 131.737 -23.378 -40.880 131.141 -20.107 -39.196 130.163
3 0 -20.107 -39.196 130.163 -19.819 -39.382 130.754 -23.112 -41.080 131.737
3 0 -23.924 -46.953 135.041 -24.203 -46.331 135.078 -20.661 -44.629 134.164
3 0 -20.661 -44.629 134.164 -20.365 -45.243 134.125 -23.924 -46.953 135.041
3 0 -23.609 -47.517 135.261 -23.924 -46.953 135.041 -20.365 -45.243 134.125
3 0 -20.365 -45.243 134.125 -20.029 -45.796 134.342 -23.609 -47.517 135.261
3 0 -23.305 -47.937 135.705 -23.609 -47.517 135.261 -20.029 -45.796 134.342
3 0 -20.029 -45.796 134.342 -19.702 -46.204 134.782 -23.305 -47.937 135.705
3 0 -23.059 -48.150 136.305 -23.305 -47.937 135.705 -19.702 -46.204 134.782
3 0 -19.702 -46.204 134.782 -19.436 -46.404 135.378 -23.059 -48.150 136.305
3 0 -22.908 -48.122 136.971 -23.059 -48.150 136.305 -19.436 -46.404 135.378
3 0 -19.436 -46.404 135.378 -19.271 -46.367 136.040 -22.908 -48.122 136.971
3 0 -22.876 -47.858 137.600 -22.908 -48.122 136.971 -19.271 -46.367 136.040
3 0 -19.271 -46.367 136.040 -19.231 -46.097 136.666 -22.876 -47.858 137.600
3 0 -22.966 -47.399 138.097 -22.876 -47.858 137.600 -19.231 -46.097 136.666
3 0 -19.231 -46.097 136.666 -19.323 -45.636 137.161 -22.966 -47.399 138.097
3 0 -23.166 -46.814 138.386 -22.966 -47.399 138.097 -19.323 -45.636 137.161
3 0 -19.323 -45.636 137.161 -19.534 -45.054 137.450 -23.166 -46.814 138.386
3 0 -23.445 -46.192 138.423 -23.166 -46.814 138.386 -19.534 -45.054 137.450
3 0 -19.534 -45.054 137.450 -19.830 -44.440 137.489 -23.445 -46.192 138.423
3 0 -23.761 -45.627 138.203 -23.445 -46.192 138.423 -19.830 -44.440 137.489
3 0 -19.830 -44.440 137.489 -20.166 -43.887 137.272 -23.761 -45.627 138.203
3 0 -24.064 -45.207 137.759 -23.761 -45.627 138.203 -20.166 -43.887 137.272
3 0 -20.166 -43.887 137.272 -20.493 -43.480 136.833 -24.064 -45.207 137.759
3 0 -24.310 -44.995 137.158 -24.064 -45.207 137.759 -20.493 -43.480 136.833
3 0 -20.493 -43.480 136.833 -20.759 -43.280 136.236 -24.310 -44.995 137.158
3 0 -21.591 -43.468 132.911 -25.068 -45.133 133.813 -25.347 -44.511 133.850
3 0 -25.347 -44.511 133.850 -21.887 -42.854 132.951 -21.591 -43.468 132.911
3 0 -21.254 -44.021 133.128 -24.753 -45.698 134.033 -25.068 -45.133 133.813
3 0 -25.068 -45.133 133.813 -21.591 -43.468 132.911 -21.254 -44.021 133.128
3 0 -20.928 -44.429 133.568 -24.449 -46.118 134.477 -24.753 -45.698 134.033
3 0 -24.753 -45.698 134.033 -21.254 -44.021 133.128 -20.928 -44.429 133.568
3 0 -20.661 -44.629 134.164 -24.203 -46.331 135.078 -24.449 -46.118 134.477
3 0 -24.449 -46.118 134.477 -20.928 -44.429 133.568 -20.661 -44.629 134.164
3 0 -21.055 -42.665 136.276 -24.589 -44.372 137.196 -24.310 -44.995 137.158
3 0 -24.310 -44.995 137.158 -20.759 -43.280 136.236 -21.055 -42.665 136.276
3 0 -21.392 -42.112 136.059 -24.905 -43.808 136.975 -24.589 -44.372 137.196
3 0 -24.589 -44.372 137.196 -21.055 -42.665 136.276 -21.392 -42.112 136.059
3 0 -21.718 -41.705 135.619 -25.209 -43.388 136.531 -24.905 -43.808 136.975
3 0 -24.905 -43.808 136.975 -21.392 -42.112 136.059 -21.718 -41.705 135.619
3 0 -21.984 -41.505 135.023 -25.455 -43.175 135.931 -25.209 -43.388 136.531
3 0 -25.209 -43.388 136.531 -21.718 -41.705 135.619 -21.984 -41.505 135.023
3 0 -22.816 -41.694 131.698 -26.212 -43.315 132.586 -26.491 -42.693 132.623
3 0 -26.491 -42.693 132.623 -23.112 -41.080 131.737 -22.816 -41.694 131.698
3 0 -22.479 -42.247 131.915 -25.896 -43.879 132.806 -26.212 -43.315 132.586
3 0 -26.212 -43.315 132.586 -22.816 -41.694 131.698 -22.479 -42.247 131.915
3 0 -22.152 -42.655 132.355 -25.593 -44.299 133.250 -25.896 -43.879 132.806
3 0 -25.896 -43.879 132.806 -22.479 -42.247 131.915 -22.152 -42.655 132.355
3 0 -21.887 -42.854 132.951 -25.347 -44.511 133.850 -25.593 -44.299 133.250
3 0 -25.593 -44.299 133.250 -22.152 -42.655 132.355 -21.887 -42.854 132.951
3 0 -22.280 -40.891 135.062 -25.733 -42.554 135.969 -25.455 -43.175 135.931
3 0 -25.455 -43.175 135.931 -21.984 -41.505 135.023 -22.280 -40.891 135.062
3 0 -22.616 -40.338 134.845 -26.048 -41.990 135.748 -25.733 -42.554 135.969
3 0 -25.733 -42.554 135.969 -22.280 -40.891 135.062 -22.616 -40.338 134.845
3 0 -22.943 -39.930 134.405 -26.352 -41.569 135.304 -26.048 -41.990 135.748
3 0 -26.048 -41.990 135.748 -22.616 -40.338 134.845 -22.943 -39.930 134.405
3 0 -23.209 -39.730 133.809 -26.598 -41.357 134.704 -26.352 -41.569 135.304
3 0 -26.352 -41.569 135.304 -22.943 -39.930 134.405 -23.209 -39.730 133.809
3 0 -26.877 -40.734 134.741 -26.598 -41.357 134.704 -23.209 -39.730 133.809
3 0 -23.209 -39.730 133.809 -23.505 -39.116 133.848 -26.877 -40.734 134.741
3 0 -27.193 -40.170 134.521 -26.877 -40.734 134.741 -23.505 -39.116 133.848
3 0 -23.505 -39.116 133.848 -23.842 -38.563 133.631 -27.193 -40.170 134.521
3 0 -27.496 -39.750 134.077 -27.193 -40.170 134.521 -23.842 -38.563 133.631
3 0 -23.842 -38.563 133.631 -24.168 -38.155 133.191 -27.496 -39.750 134.077
3 0 -27.742 -39.537 133.476 -27.496 -39.750 134.077 -24.168 -38.155 133.191
3 0 -24.168 -38.155 133.191 -24.434 -37.955 132.595 -27.742 -39.537 133.476
3 0 -27.893 -39.565 132.811 -27.742 -39.537 133.476 -24.434 -37.955 132.595
3 0 -24.434 -37.955 132.595 -24.600 -37.993 131.934 -27.893 -39.565 132.811
3 0 -27.926 -39.829 132.182 -27.893 -39.565 132.811 -24.600 -37.993 131.934
3 0 -24.600 -37.993 131.934 -24.639 -38.263 131.308 -27.926 -39.829 132.182
3 0 -27.835 -40.288 131.685 -27.926 -39.829 132.182 -24.639 -38.263 131.308
3 0 -24.639 -38.263 131.308 -24.547 -38.723 130.813 -27.835 -40.288 131.685
3 0 -27.635 -40.873 131.396 -27.835 -40.288 131.685 -24.547 -38.723 130.813
3 0 -24.547 -38.723 130.813 -24.337 -39.305 130.523 -27.635 -40.873 131.396
3 0 -27.356 -41.496 131.359 -27.635 -40.873 131.396 -24.337 -39.305 130.523
3 0 -24.337 -39.305 130.523 -24.041 -39.919 130.484 -27.356 -41.496 131.359
3 0 -27.041 -42.060 131.579 -27.356 -41.496 131.359 -24.041 -39.919 130.484
3 0 -24.041 -39.919 130.484 -23.704 -40.472 130.701 -27.041 -42.060 131.579
3 0 -26.737 -42.480 132.023 -27.041 -42.060 131.579 -23.704 -40.472 130.701
3 0 -23.704 -40.472 130.701 -23.378 -40.880 131.141 -26.737 -42.480 132.023
3 0 -26.491 -42.693 132.623 -26.737 -42.480 132.023 -23.378 -40.880 131.141
3 0 -23.378 -40.880 131.141 -23.112 -41.080 131.737 -26.491 -42.693 132.623
3 0 -27.533 -48.564 135.867 -27.797 -47.935 135.902 -24.203 -46.331 135.078
3 0 -24.203 -46.331 135.078 -23.924 -46.953 135.041 -27.533 -48.564 135.867
3 0 -27.236 -49.137 136.090 -27.533 -48.564 135.867 -23.924 -46.953 135.041
3 0 -23.924 -46.953 135.041 -23.609 -47.517 135.261 -27.236 -49.137 136.090
3 0 -26.952 -49.567 136.538 -27.236 -49.137 136.090 -23.609 -47.517 135.261
3 0 -23.609 -47.517 135.261 -23.305 -47.937 135.705 -26.952 -49.567 136.538
3 0 -26.724 -49.789 137.142 -26.952 -49.567 136.538 -23.305 -47.937 135.705
3 0 -23.305 -47.937 135.705 -23.059 -48.150 136.305 -26.724 -49.789 137.142
3 0 -26.586 -49.769 137.810 -26.724 -49.789 137.142 -23.059 -48.150 136.305
3 0 -23.059 -48.150 136.305 -22.908 -48.122 136.971 -26.586 -49.769 137.810
3 0 -26.560 -49.509 138.441 -26.586 -49.769 137.810 -22.908 -48.122 136.971
3 0 -22.908 -48.122 136.971 -22.876 -47.858 137.600 -26.560 -49.509 138.441
3 0 -26.650 -49.051 138.939 -26.560 -49.509 138.441 -22.876 -47.858 137.600
3 0 -22.876 -47.858 137.600 -22.966 -47.399 138.097 -26.650 -49.051 138.939
3 0 -26.841 -48.462 139.228 -26.650 -49.051 138.939 -22.966 -47.399 138.097
3 0 -22.966 -47.399 138.097 -23.166 -46.814 138.386 -26.841 -48.462 139.228
3 0 -27.105 -47.833 139.263 -26.841 -48.462 139.228 -23.166 -46.814 138.386
3 0 -23.166 -46.814 138.386 -23.445 -46.192 138.423 -27.105 -47.833 139.263
3 0 -27.402 -47.260 139.040 -27.105 -47.833 139.263 -23.445 -46.192 138.423
3 0 -23.445 -46.192 138.423 -23.761 -45.627 138.203 -27.402 -47.260 139.040
3 0 -27.686 -46.830 138.592 -27.402 -47.260 139.040 -23.761 -45.627 138.203
3 0 -23.761 -45.627 138.203 -24.064 -45.207 137.759 -27.686 -46.830 138.592
3 0 -27.915 -46.608 137.988 -27.686 -46.830 138.592 -24.064 -45.207 137.759
3 0 -24.064 -45.207 137.759 -24.310 -44.995 137.158 -27.915 -46.608 137.988
3 0 -25.068 -45.133 133.813 -28.607 -46.710 134.627 -28.871 -46.082 134.663
3 0 -28.871 -46.082 134.663 -25.347 -44.511 133.850 -25.068 -45.133 133.813
3 0 -24.753 -45.698 134.033 -28.310 -47.283 134.850 -28.607 -46.710 134.627
3 0 -28.607 -46.710 134.627 -25.068 -45.133 133.813 -24.753 -45.698 134.033
3 0 -24.449 -46.118 134.477 -28.026 -47.713 135.298 -28.310 -47.283 134.850
3 0 -28.310 -47.283 134.850 -24.753 -45.698 134.033 -24.449 -46.118 134.477
3 0 -24.203 -46.331 135.078 -27.797 -47.935 135.902 -28.026 -47.713 135.298
3 0 -28.026 -47.713 135.298 -24.449 -46.118 134.477 -24.203 -46.331 135.078
3 0 -24.589 -44.372 137.196 -28.179 -45.980 138.023 -27.915 -46.608 137.988
3 0 -27.915 -46.608 137.988 -24.310 -44.995 137.158 -24.589 -44.372 137.196
3 0 -24.905 -43.808 136.975 -28.476 -45.407 137.800 -28.179 -45.980 138.023
3 0 -28.179 -45.980 138.023 -24.589 -44.372 137.196 -24.905 -43.808 136.975
3 0 -25.209 -43.388 136.531 -28.760 -44.976 137.352 -28.476 -45.407 137.800
3 0 -28.476 -45.407 137.800 -24.905 -43.808 136.975 -25.209 -43.388 136.531
3 0 -25.455 -43.175 135.931 -28.988 -44.755 136.748 -28.760 -44.976 137.352
3 0 -28.760 -44.976 137.352 -25.209 -43.388 136.531 -25.455 -43.175 135.931
3 0 -26.212 -43.315 132.586 -29.679 -44.857 133.388 -29.944 -44.228 133.423
3 0 -29.944 -44.228 133.423 -26.491 -42.693 132.623 -26.212 -43.315 132.586
3 0 -25.896 -43.879 132.806 -29.383 -45.430 133.611 -29.679 -44.857 133.388
3 0 -29.679 -44.857 133.388 -26.212 -43.315 132.586 -25.896 -43.879 132.806
3 0 -25.593 -44.299 133.250 -29.099 -45.860 134.059 -29.383 -45.430 133.611
3 0 -29.383 -45.430 133.611 -25.896 -43.879 132.806 -25.593 -44.299 133.250
3 0 -25.347 -44.511 133.850 -28.871 -46.082 134.663 -29.099 -45.860 134.059
3 0 -29.099 -45.860 134.059 -25.593 -44.299 133.250 -25.347 -44.511 133.850
3 0 -25.733 -42.554 135.969 -29.252 -44.127 136.784 -28.988 -44.755 136.748
3 0 -28.988 -44.755 136.748 -25.455 -43.175 135.931 -25.733 -42.554 135.969
3 0 -26.048 -41.990 135.748 -29.548 -43.554 136.561 -29.252 -44.127 136.784
3 0 -29.252 -44.127 136.784 -25.733 -42.554 135.969 -26.048 -41.990 135.748
3 0 -26.352 -41.569 135.304 -29.833 -43.123 136.113 -29.548 -43.554 136.561
3 0 -29.548 -43.554 136.561 -26.048 -41.990 135.748 -26.352 -41.569 135.304
3 0 -26.598 -41.357 134.704 -30.061 -42.902 135.509 -29.833 -43.123 136.113
3 0 -29.833 -43.123 136.113 -26.352 -41.569 135.304 -26.598 -41.357 134.704
3 0 -30.325 -42.273 135.544 -30.061 -42.902 135.509 -26.598 -41.357 134.704
3 0 -26.598 -41.357 134.704 -26.877 -40.734 134.741 -30.325 -42.273 135.544
3 0 -30.622 -41.700 135.321 -30.325 -42.273 135.544 -26.877 -40.734 134.741
3 0 -26.877 -40.734 134.741 -27.193 -40.170 134.521 -30.622 -41.700 135.321
3 0 -30.906 -41.270 134.873 -30.622 -41.700 135.321 -27.193 -40.170 134.521
3 0 -27.193 -40.170 134.521 -27.496 -39.750 134.077 -30.906 -41.270 134.873
3 0 -31.134 -41.048 134.269 -30.906 -41.270 134.873 -27.496 -39.750 134.077
3 0 -27.496 -39.750 134.077 -27.742 -39.537 133.476 -31.134 -41.048 134.269
3 0 -31.272 -41.068 133.601 -31.134 -41.048 134.269 -27.742 -39.537 133.476
3 0 -27.742 -39.537 133.476 -27.893 -39.565 132.811 -31.272 -41.068 133.601
3 0 -31.298 -41.327 132.970 -31.272 -41.068 133.601 -27.893 -39.565 132.811
3 0 -27.893 -39.565 132.811 -27.926 -39.829 132.182 -31.298 -41.327 132.970
3 0 -31.208 -41.786 132.472 -31.298 -41.327 132.970 -27.926 -39.829 132.182
3 0 -27.926 -39.829 132.182 -27.835 -40.288 131.685 -31.208 -41.786 132.472
3 0 -31.017 -42.375 132.184 -31.208 -41.786 132.472 -27.835 -40.288 131.685
3 0 -27.835 -40.288 131.685 -27.635 -40.873 131.396 -31.017 -42.375 132.184
3 0 -30.753 -43.003 132.148 -31.017 -42.375 132.184 -27.635 -40.873 131.396
3 0 -27.635 -40.873 131.396 -27.356 -41.496 131.359 -30.753 -43.003 132.148
3 0 -30.456 -43.576 132.372 -30.753 -43.003 132.148 -27.356 -41.496 131.359
3 0 -27.356 -41.496 131.359 -27.041 -42.060 131.579 -30.456 -43.576 132.372
3 0 -30.172 -44.007 132.819 -30.456 -43.576 132.372 -27.041 -42.060 131.579
3 0 -27.041 -42.060 131.579 -26.737 -42.480 132.023 -30.172 -44.007 132.819
3 0 -29.944 -44.228 133.423 -30.172 -44.007 132.819 -26.737 -42.480 132.023
3 0 -26.737 -42.480 132.023 -26.491 -42.693 132.623 -29.944 -44.228 133.423
3 0 -31.185 -50.094 136.622 -31.435 -49.460 136.655 -27.797 -47.935 135.902
3 0 -27.797 -47.935 135.902 -27.533 -48.564 135.867 -31.185 -50.094 136.622
3 0 -30.905 -50.674 136.848 -31.185 -50.094 136.622 -27.533 -48.564 135.867
3 0 -27.533 -48.564 135.867 -27.236 -49.137 136.090 -30.905 -50.674 136.848
3 0 -30.639 -51.113 137.299 -30.905 -50.674 136.848 -27.236 -49.137 136.090
3 0 -27.236 -49.137 136.090 -26.952 -49.567 136.538 -30.639 -51.113 137.299
3 0 -30.427 -51.342 137.906 -30.639 -51.113 137.299 -26.952 -49.567 136.538
3 0 -26.952 -49.567 136.538 -26.724 -49.789 137.142 -30.427 -51.342 137.906
3 0 -30.302 -51.327 138.577 -30.427 -51.342 137.906 -26.724 -49.789 137.142
3 0 -26.724 -49.789 137.142 -26.586 -49.769 137.810 -30.302 -51.327 138.577
3 0 -30.282 -51.071 139.210 -30.302 -51.327 138.577 -26.586 -49.769 137.810
3 0 -26.586 -49.769 137.810 -26.560 -49.509 138.441 -30.282 -51.071 139.210
3 0 -30.371 -50.612 139.708 -30.282 -51.071 139.210 -26.560 -49.509 138.441
3 0 -26.560 -49.509 138.441 -26.650 -49.051 138.939 -30.371 -50.612 139.708
3 0 -30.554 -50.020 139.995 -30.371 -50.612 139.708 -26.650 -49.051 138.939
3 0 -26.650 -49.051 138.939 -26.841 -48.462 139.228 -30.554 -50.020 139.995
3 0 -30.805 -49.386 140.028 -30.554 -50.020 139.995 -26.841 -48.462 139.228
3 0 -26.841 -48.462 139.228 -27.105 -47.833 139.263 -30.805 -49.386 140.028
3 0 -31.084 -48.806 139.802 -30.805 -49.386 140.028 -27.105 -47.833 139.263
3 0 -27.105 -47.833 139.263 -27.402 -47.260 139.040 -31.084 -48.806 139.802
3 0 -31.350 -48.367 139.351 -31.084 -48.806 139.802 -27.402 -47.260 139.040
3 0 -27.402 -47.260 139.040 -27.686 -46.830 138.592 -31.350 -48.367 139.351
3 0 -31.562 -48.138 138.743 -31.350 -48.367 139.351 -27.686 -46.830 138.592
3 0 -27.686 -46.830 138.592 -27.915 -46.608 137.988 -31.562 -48.138 138.743
3 0 -28.607 -46.710 134.627 -32.193 -48.212 135.370 -32.443 -47.578 135.403
3 0 -32.443 -47.578 135.403 -28.871 -46.082 134.663 -28.607 -46.710 134.627
3 0 -28.310 -47.283 134.850 -31.913 -48.792 135.596 -32.193 -48.212 135.370
3 0 -32.193 -48.212 135.370 -28.607 -46.710 134.627 -28.310 -47.283 134.850
3 0 -28.026 -47.713 135.298 -31.647 -49.230 136.047 -31.913 -48.792 135.596
3 0 -31.913 -48.792 135.596 -28.310 -47.283 134.850 -28.026 -47.713 135.298
3 0 -27.797 -47.935 135.902 -31.435 -49.460 136.655 -31.647 -49.230 136.047
3 0 -31.647 -49.230 136.047 -28.026 -47.713 135.298 -27.797 -47.935 135.902
3 0 -28.179 -45.980 138.023 -31.813 -47.504 138.776 -31.562 -48.138 138.743
3 0 -31.562 -48.138 138.743 -27.915 -46.608 137.988 -28.179 -45.980 138.023
3 0 -28.476 -45.407 137.800 -32.092 -46.924 138.550 -31.813 -47.504 138.776
3 0 -31.813 -47.504 138.776 -28.179 -45.980 138.023 -28.476 -45.407 137.800
3 0 -28.760 -44.976 137.352 -32.358 -46.485 138.099 -32.092 -46.924 138.550
3 0 -32.092 -46.924 138.550 -28.476 -45.407 137.800 -28.760 -44.976 137.352
3 0 -28.988 -44.755 136.748 -32.570 -46.256 137.491 -32.358 -46.485 138.099
3 0 -32.358 -46.485 138.099 -28.760 -44.976 137.352 -28.988 -44.755 136.748
3 0 -29.679 -44.857 133.388 -33.200 -46.331 134.118 -33.451 -45.696 134.151
3 0 -33.451 -45.696 134.151 -29.944 -44.228 133.423 -29.679 -44.857 133.388
3 0 -29.383 -45.430 133.611 -32.921 -46.911 134.345 -33.200 -46.331 134.118
3 0 -33.200 -46.331 134.118 -29.679 -44.857 133.388 -29.383 -45.430 133.611
3 0 -29.099 -45.860 134.059 -32.655 -47.349 134.796 -32.921 -46.911 134.345
3 0 -32.921 -46.911 134.345 -29.383 -45.430 133.611 -29.099 -45.860 134.059
3 0 -28.871 -46.082 134.663 -32.443 -47.578 135.403 -32.655 -47.349 134.796
3 0 -32.655 -47.349 134.796 -29.099 -45.860 134.059 -28.871 -46.082 134.663
3 0 -29.252 -44.127 136.784 -32.821 -45.623 137.525 -32.570 -46.256 137.491
3 0 -32.570 -46.256 137.491 -28.988 -44.755 136.748 -29.252 -44.127 136.784
3 0 -29.548 -43.554 136.561 -33.100 -45.042 137.298 -32.821 -45.623 137.525
3 0 -32.821 -45.623 137.525 -29.252 -44.127 136.784 -29.548 -43.554 136.561
3 0 -29.833 -43.123 136.113 -33.366 -44.604 136.847 -33.100 -45.042 137.298
3 0 -33.100 -45.042 137.298 -29.548 -43.554 136.561 -29.833 -43.123 136.113
3 0 -30.061 -42.902 135.509 -33.578 -44.375 136.240 -33.366 -44.604 136.847
3 0 -33.366 -44.604 136.847 -29.833 -43.123 136.113 -30.061 -42.902 135.509
3 0 -33.829 -43.741 136.273 -33.578 -44.375 136.240 -30.061 -42.902 135.509
3 0 -30.061 -42.902 135.509 -30.325 -42.273 135.544 -33.829 -43.741 136.273
3 0 -34.108 -43.160 136.046 -33.829 -43.741 136.273 -30.325 -42.273 135.544
3 0 -30.325 -42.273 135.544 -30.622 -41.700 135.321 -34.108 -43.160 136.046
3 0 -34.374 -42.722 135.595 -34.108 -43.160 136.046 -30.622 -41.700 135.321
3 0 -30.622 -41.700 135.321 -30.906 -41.270 134.873 -34.374 -42.722 135.595
3 0 -34.586 -42.493 134.988 -34.374 -42.722 135.595 -30.906 -41.270 134.873
3 0 -30.906 -41.270 134.873 -31.134 -41.048 134.269 -34.586 -42.493 134.988
3 0 -34.711 -42.508 134.317 -34.586 -42.493 134.988 -31.134 -41.048 134.269
3 0 -31.134 -41.048 134.269 -31.272 -41.068 133.601 -34.711 -42.508 134.317
3 0 -34.731 -42.764 133.684 -34.711 -42.508 134.317 -31.272 -41.068 133.601
3 0 -31.272 -41.068 133.601 -31.298 -41.327 132.970 -34.731 -42.764 133.684
3 0 -34.643 -43.223 133.187 -34.731 -42.764 133.684 -31.298 -41.327 132.970
3 0 -31.298 -41.327 132.970 -31.208 -41.786 132.472 -34.643 -43.223 133.187
3 0 -34.459 -43.814 132.899 -34.643 -43.223 133.187 -31.208 -41.786 132.472
3 0 -31.208 -41.786 132.472 -31.017 -42.375 132.184 -34.459 -43.814 132.899
3 0 -34.209 -44.449 132.866 -34.459 -43.814 132.899 -31.017 -42.375 132.184
3 0 -31.017 -42.375 132.184 -30.753 -43.003 132.148 -34.209 -44.449 132.866
3 0 -33.929 -45.029 133.093 -34.209 -44.449 132.866 -30.753 -43.003 132.148
3 0 -30.753 -43.003 132.148 -30.456 -43.576 132.372 -33.929 -45.029 133.093
3 0 -33.663 -45.467 133.544 -33.929 -45.029 133.093 -30.456 -43.576 132.372
3 0 -30.456 -43.576 132.372 -30.172 -44.007 132.819 -33.663 -45.467 133.544
3 0 -33.451 -45.696 134.151 -33.663 -45.467 133.544 -30.172 -44.007 132.819
3 0 -30.172 -44.007 132.819 -29.944 -44.228 133.423 -33.451 -45.696 134.151
3 0 -34.873 -51.540 137.306 -35.112 -50.901 137.336 -31.435 -49.460 136.655
3 0 -31.435 -49.460 136.655 -31.185 -50.094 136.622 -34.873 -51.540 137.306
3 0 -34.608 -52.126 137.536 -34.873 -51.540 137.306 -31.185 -50.094 136.622
3 0 -31.185 -50.094 136.622 -30.905 -50.674 136.848 -34.608 -52.126 137.536
3 0 -34.359 -52.569 137.990 -34.608 -52.126 137.536 -30.905 -50.674 136.848
3 0 -30.905 -50.674 136.848 -30.639 -51.113 137.299 -34.359 -52.569 137.990
3 0 -34.161 -52.804 138.601 -34.359 -52.569 137.990 -30.639 -51.113 137.299
3 0 -30.639 -51.113 137.299 -30.427 -51.342 137.906 -34.161 -52.804 138.601
3 0 -34.047 -52.792 139.274 -34.161 -52.804 138.601 -30.427 -51.342 137.906
3 0 -30.427 -51.342 137.906 -30.302 -51.327 138.577 -34.047 -52.792 139.274
3 0 -34.032 -52.537 139.907 -34.047 -52.792 139.274 -30.302 -51.327 138.577
3 0 -30.302 -51.327 138.577 -30.282 -51.071 139.210 -34.032 -52.537 139.907
3 0 -34.120 -52.078 140.404 -34.032 -52.537 139.907 -30.282 -51.071 139.210
3 0 -30.282 -51.071 139.210 -30.371 -50.612 139.708 -34.120 -52.078 140.404
3 0 -34.297 -51.483 140.690 -34.120 -52.078 140.404 -30.371 -50.612 139.708
3 0 -30.371 -50.612 139.708 -30.554 -50.020 139.995 -34.297 -51.483 140.690
3 0 -34.536 -50.844 140.720 -34.297 -51.483 140.690 -30.554 -50.020 139.995
3 0 -30.554 -50.020 139.995 -30.805 -49.386 140.028 -34.536 -50.844 140.720
3 0 -34.801 -50.258 140.490 -34.536 -50.844 140.720 -30.805 -49.386 140.028
3 0 -30.805 -49.386 140.028 -31.084 -48.806 139.802 -34.801 -50.258 140.490
3 0 -35.051 -49.814 140.035 -34.801 -50.258 140.490 -31.084 -48.806 139.802
3 0 -31.084 -48.806 139.802 -31.350 -48.367 139.351 -35.051 -49.814 140.035
3 0 -35.248 -49.580 139.425 -35.051 -49.814 140.035 -31.350 -48.367 139.351
3 0 -31.350 -48.367 139.351 -31.562 -48.138 138.743 -35.248 -49.580 139.425
3 0 -32.193 -48.212 135.370 -35.824 -49.636 136.041 -36.063 -48.997 136.071
3 0 -36.063 -48.997 136.071 -32.443 -47.578 135.403 -32.193 -48.212 135.370
3 0 -31.913 -48.792 135.596 -35.559 -50.222 136.271 -35.824 -49.636 136.041
3 0 -35.824 -49.636 136.041 -32.193 -48.212 135.370 -31.913 -48.792 135.596
3 0 -31.647 -49.230 136.047 -35.309 -50.666 136.726 -35.559 -50.222 136.271
3 0 -35.559 -50.222 136.271 -31.913 -48.792 135.596 -31.647 -49.230 136.047
3 0 -31.435 -49.460 136.655 -35.112 -50.901 137.336 -35.309 -50.666 136.726
3 0 -35.309 -50.666 136.726 -31.647 -49.230 136.047 -31.435 -49.460 136.655
3 0 -31.813 -47.504 138.776 -35.487 -48.941 139.455 -35.248 -49.580 139.425
3 0 -35.248 -49.580 139.425 -31.562 -48.138 138.743 -31.813 -47.504 138.776
3 0 -32.092 -46.924 138.550 -35.751 -48.355 139.225 -35.487 -48.941 139.455
3 0 -35.487 -48.941 139.455 -31.813 -47.504 138.776 -32.092 -46.924 138.550
3 0 -32.358 -46.485 138.099 -36.001 -47.911 138.770 -35.751 -48.355 139.225
3 0 -35.751 -48.355 139.225 -32.092 -46.924 138.550 -32.358 -46.485 138.099
3 0 -32.570 -46.256 137.491 -36.199 -47.677 138.160 -36.001 -47.911 138.770
3 0 -36.001 -47.911 138.770 -32.358 -46.485 138.099 -32.570 -46.256 137.491
3 0 -33.200 -46.331 134.118 -36.774 -47.734 134.777 -37.013 -47.095 134.807
3 0 -37.013 -47.095 134.807 -33.451 -45.696 134.151 -33.200 -46.331 134.118
3 0 -32.921 -46.911 134.345 -36.509 -48.320 135.007 -36.774 -47.734 134.777
3 0 -36.774 -47.734 134.777 -33.200 -46.331 134.118 -32.921 -46.911 134.345
3 0 -32.655 -47.349 134.796 -36.259 -48.764 135.461 -36.509 -48.320 135.007
3 0 -36.509 -48.320 135.007 -32.921 -46.911 134.345 -32.655 -47.349 134.796
3 0 -32.443 -47.578 135.403 -36.063 -48.997 136.071 -36.259 -48.764 135.461
3 0 -36.259 -48.764 135.461 -32.655 -47.349 134.796 -32.443 -47.578 135.403
3 0 -32.821 -45.623 137.525 -36.437 -47.039 138.190 -36.199 -47.677 138.160
3 0 -36.199 -47.677 138.160 -32.570 -46.256 137.491 -32.821 -45.623 137.525
3 0 -33.100 -45.042 137.298 -36.702 -46.453 137.960 -36.437 -47.039 138.190
3 0 -36.437 -47.039 138.190 -32.821 -45.623 137.525 -33.100 -45.042 137.298
3 0 -33.366 -44.604 136.847 -36.952 -46.009 137.506 -36.702 -46.453 137.960
3 0 -36.702 -46.453 137.960 -33.100 -45.042 137.298 -33.366 -44.604 136.847
3 0 -33.578 -44.375 136.240 -37.149 -45.775 136.895 -36.952 -46.009 137.506
3 0 -36.952 -46.009 137.506 -33.366 -44.604 136.847 -33.578 -44.375 136.240
3 0 -37.388 -45.136 136.925 -37.149 -45.775 136.895 -33.578 -44.375 136.240
3 0 -33.578 -44.375 136.240 -33.829 -43.741 136.273 -37.388 -45.136 136.925
3 0 -37.652 -44.550 136.695 -37.388 -45.136 136.925 -33.829 -43.741 136.273
3 0 -33.829 -43.741 136.273 -34.108 -43.160 136.046 -37.652 -44.550 136.695
3 0 -37.902 -44.106 136.241 -37.652 -44.550 136.695 -34.108 -43.160 136.046
3 0 -34.108 -43.160 136.046 -34.374 -42.722 135.595 -37.902 -44.106 136.241
3 0 -38.100 -43.872 135.631 -37.902 -44.106 136.241 -34.374 -42.722 135.595
3 0 -34.374 -42.722 135.595 -34.586 -42.493 134.988 -38.100 -43.872 135.631
3 0 -38.214 -43.883 134.957 -38.100 -43.872 135.631 -34.586 -42.493 134.988
3 0 -34.586 -42.493 134.988 -34.711 -42.508 134.317 -38.214 -43.883 134.957
3 0 -38.228 -44.138 134.324 -38.214 -43.883 134.957 -34.711 -42.508 134.317
3 0 -34.711 -42.508 134.317 -34.731 -42.764 133.684 -38.228 -44.138 134.324
3 0 -38.140 -44.597 133.827 -38.228 -44.138 134.324 -34.731 -42.764 133.684
3 0 -34.731 -42.764 133.684 -34.643 -43.223 133.187 -38.140 -44.597 133.827
3 0 -37.964 -45.192 133.542 -38.140 -44.597 133.827 -34.643 -43.223 133.187
3 0 -34.643 -43.223 133.187 -34.459 -43.814 132.899 -37.964 -45.192 133.542
3 0 -37.725 -45.831 133.512 -37.964 -45.192 133.542 -34.459 -43.814 132.899
3 0 -34.459 -43.814 132.899 -34.209 -44.449 132.866 -37.725 -45.831 133.512
3 0 -37.460 -46.417 133.742 -37.725 -45.831 133.512 -34.209 -44.449 132.866
3 0 -34.209 -44.449 132.866 -33.929 -45.029 133.093 -37.460 -46.417 133.742
3 0 -37.210 -46.861 134.196 -37.460 -46.417 133.742 -33.929 -45.029 133.093
3 0 -33.929 -45.029 133.093 -33.663 -45.467 133.544 -37.210 -46.861 134.196
3 0 -37.013 -47.095 134.807 -37.210 -46.861 134.196 -33.663 -45.467 133.544
3 0 -33.663 -45.467 133.544 -33.451 -45.696 134.151 -37.013 -47.095 134.807
3 0 -38.588 -52.923 137.942 -38.816 -52.280 137.968 -35.112 -50.901 137.336
3 0 -35.112 -50.901 137.336 -34.873 -51.540 137.306 -38.588 -52.923 137.942
3 0 -38.337 -53.513 138.176 -38.588 -52.923 137.942 -34.873 -51.540 137.306
3 0 -34.873 -51.540 137.306 -34.608 -52.126 137.536 -38.337 -53.513 138.176
3 0 -38.102 -53.961 138.634 -38.337 -53.513 138.176 -34.608 -52.126 137.536
3 0 -34.608 -52.126 137.536 -34.359 -52.569 137.990 -38.102 -53.961 138.634
3 0 -37.918 -54.199 139.248 -38.102 -53.961 138.634 -34.359 -52.569 137.990
3 0 -34.359 -52.569 137.990 -34.161 -52.804 138.601 -37.918 -54.199 139.248
3 0 -37.814 -54.189 139.922 -37.918 -54.199 139.248 -34.161 -52.804 138.601
3 0 -34.161 -52.804 138.601 -34.047 -52.792 139.274 -37.814 -54.189 139.922
3 0 -37.805 -53.934 140.556 -37.814 -54.189 139.922 -34.047 -52.792 139.274
3 0 -34.047 -52.792 139.274 -34.032 -52.537 139.907 -37.805 -53.934 140.556
3 0 -37.892 -53.473 141.051 -37.805 -53.934 140.556 -34.032 -52.537 139.907
3 0 -34.032 -52.537 139.907 -34.120 -52.078 140.404 -37.892 -53.473 141.051
3 0 -38.063 -52.875 141.334 -37.892 -53.473 141.051 -34.120 -52.078 140.404
3 0 -34.120 -52.078 140.404 -34.297 -51.483 140.690 -38.063 -52.875 141.334
3 0 -38.291 -52.232 141.360 -38.063 -52.875 141.334 -34.297 -51.483 140.690
3 0 -34.297 -51.483 140.690 -34.536 -50.844 140.720 -38.291 -52.232 141.360
3 0 -38.542 -51.642 141.126 -38.291 -52.232 141.360 -34.536 -50.844 140.720
3 0 -34.536 -50.844 140.720 -34.801 -50.258 140.490 -38.542 -51.642 141.126
3 0 -38.777 -51.194 140.668 -38.542 -51.642 141.126 -34.801 -50.258 140.490
3 0 -34.801 -50.258 140.490 -35.051 -49.814 140.035 -38.777 -51.194 140.668
3 0 -38.961 -50.957 140.054 -38.777 -51.194 140.668 -35.051 -49.814 140.035
3 0 -35.051 -49.814 140.035 -35.248 -49.580 139.425 -38.961 -50.957 140.054
3 0 -35.824 -49.636 136.041 -39.485 -51.004 136.662 -39.713 -50.361 136.688
3 0 -39.713 -50.361 136.688 -36.063 -48.997 136.071 -35.824 -49.636 136.041
3 0 -35.559 -50.222 136.271 -39.234 -51.594 136.896 -39.485 -51.004 136.662
3 0 -39.485 -51.004 136.662 -35.824 -49.636 136.041 -35.559 -50.222 136.271
3 0 -35.309 -50.666 136.726 -38.999 -52.042 137.355 -39.234 -51.594 136.896
3 0 -39.234 -51.594 136.896 -35.559 -50.222 136.271 -35.309 -50.666 136.726
3 0 -35.112 -50.901 137.336 -38.816 -52.280 137.968 -38.999 -52.042 137.355
3 0 -38.999 -52.042 137.355 -35.309 -50.666 136.726 -35.112 -50.901 137.336
3 0 -35.487 -48.941 139.455 -39.189 -50.313 140.081 -38.961 -50.957 140.054
3 0 -38.961 -50.957 140.054 -35.248 -49.580 139.425 -35.487 -48.941 139.455
3 0 -35.751 -48.355 139.225 -39.440 -49.723 139.847 -39.189 -50.313 140.081
3 0 -39.189 -50.313 140.081 -35.487 -48.941 139.455 -35.751 -48.355 139.225
3 0 -36.001 -47.911 138.770 -39.675 -49.275 139.388 -39.440 -49.723 139.847
3 0 -39.440 -49.723 139.847 -35.751 -48.355 139.225 -36.001 -47.911 138.770
3 0 -36.199 -47.677 138.160 -39.858 -49.038 138.775 -39.675 -49.275 139.388
3 0 -39.675 -49.275 139.388 -36.001 -47.911 138.770 -36.199 -47.677 138.160
3 0 -36.774 -47.734 134.777 -40.382 -49.086 135.383 -40.611 -48.443 135.409
3 0 -40.611 -48.443 135.409 -37.013 -47.095 134.807 -36.774 -47.734 134.777
3 0 -36.509 -48.320 135.007 -40.132 -49.676 135.617 -40.382 -49.086 135.383
3 0 -40.382 -49.086 135.383 -36.774 -47.734 134.777 -36.509 -48.320 135.007
3 0 -36.259 -48.764 135.461 -39.897 -50.124 136.076 -40.132 -49.676 135.617
3 0 -40.132 -49.676 135.617 -36.509 -48.320 135.007 -36.259 -48.764 135.461
3 0 -36.063 -48.997 136.071 -39.713 -50.361 136.688 -39.897 -50.124 136.076
3 0 -39.897 -50.124 136.076 -36.259 -48.764 135.461 -36.063 -48.997 136.071
3 0 -36.437 -47.039 138.190 -40.086 -48.395 138.801 -39.858 -49.038 138.775
3 0 -39.858 -49.038 138.775 -36.199 -47.677 138.160 -36.437 -47.039 138.190
3 0 -36.702 -46.453 137.960 -40.337 -47.805 138.567 -40.086 -48.395 138.801
3 0 -40.086 -48.395 138.801 -36.437 -47.039 138.190 -36.702 -46.453 137.960
3 0 -36.952 -46.009 137.506 -40.572 -47.357 138.109 -40.337 -47.805 138.567
3 0 -40.337 -47.805 138.567 -36.702 -46.453 137.960 -36.952 -46.009 137.506
3 0 -37.149 -45.775 136.895 -40.756 -47.119 137.496 -40.572 -47.357 138.109
3 0 -40.572 -47.357 138.109 -36.952 -46.009 137.506 -37.149 -45.775 136.895
3 0 -40.984 -46.476 137.522 -40.756 -47.119 137.496 -37.149 -45.775 136.895
3 0 -37.149 -45.775 136.895 -37.388 -45.136 136.925 -40.984 -46.476 137.522
3 0 -41.235 -45.886 137.288 -40.984 -46.476 137.522 -37.388 -45.136 136.925
3 0 -37.388 -45.136 136.925 -37.652 -44.550 136.695 -41.235 -45.886 137.288
3 0 -41.470 -45.438 136.829 -41.235 -45.886 137.288 -37.652 -44.550 136.695
3 0 -37.652 -44.550 136.695 -37.902 -44.106 136.241 -41.470 -45.438 136.829
3 0 -41.653 -45.200 136.216 -41.470 -45.438 136.829 -37.902 -44.106 136.241
3 0 -37.902 -44.106 136.241 -38.100 -43.872 135.631 -41.653 -45.200 136.216
3 0 -41.758 -45.210 135.541 -41.653 -45.200 136.216 -38.100 -43.872 135.631
3 0 -38.100 -43.872 135.631 -38.214 -43.883 134.957 -41.758 -45.210 135.541
3 0 -41.767 -45.465 134.908 -41.758 -45.210 135.541 -38.214 -43.883 134.957
3 0 -38.214 -43.883 134.957 -38.228 -44.138 134.324 -41.767 -45.465 134.908
3 0 -41.679 -45.926 134.412 -41.767 -45.465 134.908 -38.228 -44.138 134.324
3 0 -38.228 -44.138 134.324 -38.140 -44.597 133.827 -41.679 -45.926 134.412
3 0 -41.508 -46.524 134.130 -41.679 -45.926 134.412 -38.140 -44.597 133.827
3 0 -38.140 -44.597 133.827 -37.964 -45.192 133.542 -41.508 -46.524 134.130
3 0 -41.280 -47.167 134.103 -41.508 -46.524 134.130 -37.964 -45.192 133.542
3 0 -37.964 -45.192 133.542 -37.725 -45.831 133.512 -41.280 -47.167 134.103
3 0 -41.029 -47.757 134.337 -41.280 -47.167 134.103 -37.725 -45.831 133.512
3 0 -37.725 -45.831 133.512 -37.460 -46.417 133.742 -41.029 -47.757 134.337
3 0 -40.794 -48.205 134.796 -41.029 -47.757 134.337 -37.460 -46.417 133.742
3 0 -37.460 -46.417 133.742 -37.210 -46.861 134.196 -40.794 -48.205 134.796
3 0 -40.611 -48.443 135.409 -40.794 -48.205 134.796 -37.210 -46.861 134.196
3 0 -37.210 -46.861 134.196 -37.013 -47.095 134.807 -40.611 -48.443 135.409
3 0 -42.333 -54.233 138.522 -42.551 -53.587 138.543 -38.816 -52.280 137.968
3 0 -38.816 -52.280 137.968 -38.588 -52.923 137.942 -42.333 -54.233 138.522
3 0 -42.095 -54.827 138.760 -42.333 -54.233 138.522 -38.588 -52.923 137.942
3 0 -38.588 -52.923 137.942 -38.337 -53.513 138.176 -42.095 -54.827 138.760
3 0 -41.874 -55.278 139.223 -42.095 -54.827 138.760 -38.337 -53.513 138.176
3 0 -38.337 -53.513 138.176 -38.102 -53.961 138.634 -41.874 -55.278 139.223
3 0 -41.703 -55.517 139.840 -41.874 -55.278 139.223 -38.102 -53.961 138.634
3 0 -38.102 -53.961 138.634 -37.918 -54.199 139.248 -41.703 -55.517 139.840
3 0 -41.609 -55.508 140.516 -41.703 -55.517 139.840 -37.918 -54.199 139.248
3 0 -37.918 -54.199 139.248 -37.814 -54.189 139.922 -41.609 -55.508 140.516
3 0 -41.605 -55.252 141.149 -41.609 -55.508 140.516 -37.814 -54.189 139.922
3 0 -37.814 -54.189 139.922 -37.805 -53.934 140.556 -41.605 -55.252 141.149
3 0 -41.692 -54.788 141.642 -41.605 -55.252 141.149 -37.805 -53.934 140.556
3 0 -37.805 -53.934 140.556 -37.892 -53.473 141.051 -41.692 -54.788 141.642
3 0 -41.858 -54.187 141.921 -41.692 -54.788 141.642 -37.892 -53.473 141.051
3 0 -37.892 -53.473 141.051 -38.063 -52.875 141.334 -41.858 -54.187 141.921
3 0 -42.076 -53.540 141.943 -41.858 -54.187 141.921 -38.063 -52.875 141.334
3 0 -38.063 -52.875 141.334 -38.291 -52.232 141.360 -42.076 -53.540 141.943
3 0 -42.313 -52.947 141.704 -42.076 -53.540 141.943 -38.291 -52.232 141.360
3 0 -38.291 -52.232 141.360 -38.542 -51.642 141.126 -42.313 -52.947 141.704
3 0 -42.534 -52.496 141.241 -42.313 -52.947 141.704 -38.542 -51.642 141.126
3 0 -38.542 -51.642 141.126 -38.777 -51.194 140.668 -42.534 -52.496 141.241
3 0 -42.705 -52.257 140.625 -42.534 -52.496 141.241 -38.777 -51.194 140.668
3 0 -38.777 -51.194 140.668 -38.961 -50.957 140.054 -42.705 -52.257 140.625
3 0 -39.485 -51.004 136.662 -43.181 -52.303 137.225 -43.399 -51.656 137.247
3 0 -43.399 -51.656 137.247 -39.713 -50.361 136.688 -39.485 -51.004 136.662
3 0 -39.234 -51.594 136.896 -42.943 -52.897 137.464 -43.181 -52.303 137.225
3 0 -43.181 -52.303 137.225 -39.485 -51.004 136.662 -39.234 -51.594 136.896
3 0 -38.999 -52.042 137.355 -42.722 -53.348 137.927 -42.943 -52.897 137.464
3 0 -42.943 -52.897 137.464 -39.234 -51.594 136.896 -38.999 -52.042 137.355
3 0 -38.816 -52.280 137.968 -42.551 -53.587 138.543 -42.722 -53.348 137.927
3 0 -42.722 -53.348 137.927 -38.999 -52.042 137.355 -38.816 -52.280 137.968
3 0 -39.189 -50.313 140.081 -42.923 -51.610 140.646 -42.705 -52.257 140.625
3 0 -42.705 -52.257 140.625 -38.961 -50.957 140.054 -39.189 -50.313 140.081
3 0 -39.440 -49.723 139.847 -43.161 -51.016 140.408 -42.923 -51.610 140.646
3 0 -42.923 -51.610 140.646 -39.189 -50.313 140.081 -39.440 -49.723 139.847
3 0 -39.675 -49.275 139.388 -43.382 -50.565 139.945 -43.161 -51.016 140.408
3 0 -43.161 -51.016 140.408 -39.440 -49.723 139.847 -39.675 -49.275 139.388
3 0 -39.858 -49.038 138.775 -43.553 -50.326 139.328 -43.382 -50.565 139.945
3 0 -43.382 -50.565 139.945 -39.675 -49.275 139.388 -39.858 -49.038 138.775
3 0 -40.382 -49.086 135.383 -44.028 -50.373 135.930 -44.246 -49.727 135.951
3 0 -44.246 -49.727 135.951 -40.611 -48.443 135.409 -40.382 -49.086 135.383
3 0 -40.132 -49.676 135.617 -43.790 -50.967 136.168 -44.028 -50.373 135.930
3 0 -44.028 -50.373 135.930 -40.382 -49.086 135.383 -40.132 -49.676 135.617
3 0 -39.897 -50.124 136.076 -43.569 -51.418 136.631 -43.790 -50.967 136.168
3 0 -43.790 -50.967 136.168 -40.132 -49.676 135.617 -39.897 -50.124 136.076
3 0 -39.713 -50.361 136.688 -43.399 -51.656 137.247 -43.569 -51.418 136.631
3 0 -43.569 -51.418 136.631 -39.897 -50.124 136.076 -39.713 -50.361 136.688
3 0 -40.086 -48.395 138.801 -43.771 -49.680 139.351 -43.553 -50.326 139.328
3 0 -43.553 -50.326 139.328 -39.858 -49.038 138.775 -40.086 -48.395 138.801
3 0 -40.337 -47.805 138.567 -44.009 -49.087 139.112 -43.771 -49.680 139.351
3 0 -43.771 -49.680 139.351 -40.086 -48.395 138.801 -40.337 -47.805 138.567
3 0 -40.572 -47.357 138.109 -44.230 -48.636 138.649 -44.009 -49.087 139.112
3 0 -44.009 -49.087 139.112 -40.337 -47.805 138.567 -40.572 -47.357 138.109
3 0 -40.756 -47.119 137.496 -44.401 -48.397 138.033 -44.230 -48.636 138.649
3 0 -44.230 -48.636 138.649 -40.572 -47.357 138.109 -40.756 -47.119 137.496
3 0 -44.619 -47.750 138.054 -44.401 -48.397 138.033 -40.756 -47.119 137.496
3 0 -40.756 -47.119 137.496 -40.984 -46.476 137.522 -44.619 -47.750 138.054
3 0 -44.856 -47.156 137.815 -44.619 -47.750 138.054 -40.984 -46.476 137.522
3 0 -40.984 -46.476 137.522 -41.235 -45.886 137.288 -44.856 -47.156 137.815
3 0 -45.078 -46.705 137.353 -44.856 -47.156 137.815 -41.235 -45.886 137.288
3 0 -41.235 -45.886 137.288 -41.470 -45.438 136.829 -45.078 -46.705 137.353
3 0 -45.248 -46.466 136.736 -45.078 -46.705 137.353 -41.470 -45.438 136.829
3 0 -41.470 -45.438 136.829 -41.653 -45.200 136.216 -45.248 -46.466 136.736
3 0 -45.343 -46.476 136.060 -45.248 -46.466 136.736 -41.653 -45.200 136.216
3 0 -41.653 -45.200 136.216 -41.758 -45.210 135.541 -45.343 -46.476 136.060
3 0 -45.347 -46.732 135.427 -45.343 -46.476 136.060 -41.758 -45.210 135.541
3 0 -41.758 -45.210 135.541 -41.767 -45.465 134.908 -45.347 -46.732 135.427
3 0 -45.259 -47.195 134.934 -45.347 -46.732 135.427 -41.767 -45.465 134.908
3 0 -41.767 -45.465 134.908 -41.679 -45.926 134.412 -45.259 -47.195 134.934
3 0 -45.094 -47.796 134.655 -45.259 -47.195 134.934 -41.679 -45.926 134.412
3 0 -41.679 -45.926 134.412 -41.508 -46.524 134.130 -45.094 -47.796 134.655
3 0 -44.876 -48.443 134.633 -45.094 -47.796 134.655 -41.508 -46.524 134.130
3 0 -41.508 -46.524 134.130 -41.280 -47.167 134.103 -44.876 -48.443 134.633
3 0 -44.638 -49.037 134.872 -44.876 -48.443 134.633 -41.280 -47.167 134.103
3 0 -41.280 -47.167 134.103 -41.029 -47.757 134.337 -44.638 -49.037 134.872
3 0 -44.417 -49.488 135.335 -44.638 -49.037 134.872 -41.029 -47.757 134.337
3 0 -41.029 -47.757 134.337 -40.794 -48.205 134.796 -44.417 -49.488 135.335
3 0 -44.246 -49.727 135.951 -44.417 -49.488 135.335 -40.794 -48.205 134.796
3 0 -40.794 -48.205 134.796 -40.611 -48.443 135.409 -44.246 -49.727 135.951
3 0 -46.107 -55.493 139.065 -46.314 -54.843 139.081 -42.551 -53.587 138.543
3 0 -42.551 -53.587 138.543 -42.333 -54.233 138.522 -46.107 -55.493 139.065
3 0 -45.884 -56.090 139.310 -46.107 -55.493 139.065 -42.333 -54.233 138.522
3 0 -42.333 -54.233 138.522 -42.095 -54.827 138.760 -45.884 -56.090 139.310
3 0 -45.678 -56.543 139.778 -45.884 -56.090 139.310 -42.095 -54.827 138.760
3 0 -42.095 -54.827 138.760 -41.874 -55.278 139.223 -45.678 -56.543 139.778
3 0 -45.521 -56.782 140.398 -45.678 -56.543 139.778 -41.874 -55.278 139.223
3 0 -41.874 -55.278 139.223 -41.703 -55.517 139.840 -45.521 -56.782 140.398
3 0 -45.437 -56.772 141.075 -45.521 -56.782 140.398 -41.703 -55.517 139.840
3 0 -41.703 -55.517 139.840 -41.609 -55.508 140.516 -45.437 -56.772 141.075
3 0 -45.439 -56.514 141.707 -45.437 -56.772 141.075 -41.609 -55.508 140.516
3 0 -41.609 -55.508 140.516 -41.605 -55.252 141.149 -45.439 -56.514 141.707
3 0 -45.526 -56.046 142.197 -45.439 -56.514 141.707 -41.605 -55.252 141.149
3 0 -41.605 -55.252 141.149 -41.692 -54.788 141.642 -45.526 -56.046 142.197
3 0 -45.685 -55.442 142.471 -45.526 -56.046 142.197 -41.692 -54.788 141.642
3 0 -41.692 -54.788 141.642 -41.858 -54.187 141.921 -45.685 -55.442 142.471
3 0 -45.892 -54.791 142.487 -45.685 -55.442 142.471 -41.858 -54.187 141.921
3 0 -41.858 -54.187 141.921 -42.076 -53.540 141.943 -45.892 -54.791 142.487
3 0 -46.115 -54.194 142.243 -45.892 -54.791 142.487 -42.076 -53.540 141.943
3 0 -42.076 -53.540 141.943 -42.313 -52.947 141.704 -46.115 -54.194 142.243
3 0 -46.321 -53.741 141.775 -46.115 -54.194 142.243 -42.313 -52.947 141.704
3 0 -42.313 -52.947 141.704 -42.534 -52.496 141.241 -46.321 -53.741 141.775
3 0 -46.478 -53.502 141.155 -46.321 -53.741 141.775 -42.534 -52.496 141.241
3 0 -42.534 -52.496 141.241 -42.705 -52.257 140.625 -46.478 -53.502 141.155
3 0 -43.181 -52.303 137.225 -46.901 -53.553 137.749 -47.108 -52.903 137.764
3 0 -47.108 -52.903 137.764 -43.399 -51.656 137.247 -43.181 -52.303 137.225
3 0 -42.943 -52.897 137.464 -46.677 -54.150 137.993 -46.901 -53.553 137.749
3 0 -46.901 -53.553 137.749 -43.181 -52.303 137.225 -42.943 -52.897 137.464
3 0 -42.722 -53.348 137.927 -46.471 -54.603 138.461 -46.677 -54.150 137.993
3 0 -46.677 -54.150 137.993 -42.943 -52.897 137.464 -42.722 -53.348 137.927
3 0 -42.551 -53.587 138.543 -46.314 -54.843 139.081 -46.471 -54.603 138.461
3 0 -46.471 -54.603 138.461 -42.722 -53.348 137.927 -42.551 -53.587 138.543
3 0 -42.923 -51.610 140.646 -46.685 -52.851 141.171 -46.478 -53.502 141.155
3 0 -46.478 -53.502 141.155 -42.705 -52.257 140.625 -42.923 -51.610 140.646
3 0 -43.161 -51.016 140.408 -46.909 -52.254 140.926 -46.685 -52.851 141.171
3 0 -46.685 -52.851 141.171 -42.923 -51.610 140.646 -43.161 -51.016 140.408
3 0 -43.382 -50.565 139.945 -47.115 -51.802 140.458 -46.909 -52.254 140.926
3 0 -46.909 -52.254 140.926 -43.161 -51.016 140.408 -43.382 -50.565 139.945
3 0 -43.553 -50.326 139.328 -47.272 -51.562 139.838 -47.115 -51.802 140.458
3 0 -47.115 -51.802 140.458 -43.382 -50.565 139.945 -43.553 -50.326 139.328
3 0 -44.028 -50.373 135.930 -47.694 -51.614 136.432 -47.901 -50.964 136.448
3 0 -47.901 -50.964 136.448 -44.246 -49.727 135.951 -44.028 -50.373 135.930
3 0 -43.790 -50.967 136.168 -47.470 -52.211 136.677 -47.694 -51.614 136.432
3 0 -47.694 -51.614 136.432 -44.028 -50.373 135.930 -43.790 -50.967 136.168
3 0 -43.569 -51.418 136.631 -47.264 -52.664 137.145 -47.470 -52.211 136.677
3 0 -47.470 -52.211 136.677 -43.790 -50.967 136.168 -43.569 -51.418 136.631
3 0 -43.399 -51.656 137.247 -47.108 -52.903 137.764 -47.264 -52.664 137.145
3 0 -47.264 -52.664 137.145 -43.569 -51.418 136.631 -43.399 -51.656 137.247
3 0 -43.771 -49.680 139.351 -47.478 -50.912 139.854 -47.272 -51.562 139.838
3 0 -47.272 -51.562 139.838 -43.553 -50.326 139.328 -43.771 -49.680 139.351
3 0 -44.009 -49.087 139.112 -47.702 -50.315 139.610 -47.478 -50.912 139.854
3 0 -47.478 -50.912 139.854 -43.771 -49.680 139.351 -44.009 -49.087 139.112
3 0 -44.230 -48.636 138.649 -47.908 -49.863 139.142 -47.702 -50.315 139.610
3 0 -47.702 -50.315 139.610 -44.009 -49.087 139.112 -44.230 -48.636 138.649
3 0 -44.401 -48.397 138.033 -48.065 -49.623 138.522 -47.908 -49.863 139.142
3 0 -47.908 -49.863 139.142 -44.230 -48.636 138.649 -44.401 -48.397 138.033
3 0 -48.272 -48.973 138.538 -48.065 -49.623 138.522 -44.401 -48.397 138.033
3 0 -44.401 -48.397 138.033 -44.619 -47.750 138.054 -48.272 -48.973 138.538
3 0 -48.495 -48.376 138.293 -48.272 -48.973 138.538 -44.619 -47.750 138.054
3 0 -44.619 -47.750 138.054 -44.856 -47.156 137.815 -48.495 -48.376 138.293
3 0 -48.701 -47.923 137.825 -48.495 -48.376 138.293 -44.856 -47.156 137.815
3 0 -44.856 -47.156 137.815 -45.078 -46.705 137.353 -48.701 -47.923 137.825
3 0 -48.858 -47.683 137.205 -48.701 -47.923 137.825 -45.078 -46.705 137.353
3 0 -45.078 -46.705 137.353 -45.248 -46.466 136.736 -48.858 -47.683 137.205
3 0 -48.942 -47.694 136.528 -48.858 -47.683 137.205 -45.248 -46.466 136.736
3 0 -45.248 -46.466 136.736 -45.343 -46.476 136.060 -48.942 -47.694 136.528
3 0 -48.940 -47.952 135.896 -48.942 -47.694 136.528 -45.343 -46.476 136.060
3 0 -45.343 -46.476 136.060 -45.347 -46.732 135.427 -48.940 -47.952 135.896
3 0 -48.853 -48.419 135.406 -48.940 -47.952 135.896 -45.347 -46.732 135.427
3 0 -45.347 -46.732 135.427 -45.259 -47.195 134.934 -48.853 -48.419 135.406
3 0 -48.694 -49.024 135.132 -48.853 -48.419 135.406 -45.259 -47.195 134.934
3 0 -45.259 -47.195 134.934 -45.094 -47.796 134.655 -48.694 -49.024 135.132
3 0 -48.487 -49.675 135.116 -48.694 -49.024 135.132 -45.094 -47.796 134.655
3 0 -45.094 -47.796 134.655 -44.876 -48.443 134.633 -48.487 -49.675 135.116
3 0 -48.264 -50.272 135.360 -48.487 -49.675 135.116 -44.876 -48.443 134.633
3 0 -44.876 -48.443 134.633 -44.638 -49.037 134.872 -48.264 -50.272 135.360
3 0 -48.058 -50.724 135.828 -48.264 -50.272 135.360 -44.638 -49.037 134.872
3 0 -44.638 -49.037 134.872 -44.417 -49.488 135.335 -48.058 -50.724 135.828
3 0 -47.901 -50.964 136.448 -48.058 -50.724 135.828 -44.417 -49.488 135.335
3 0 -44.417 -49.488 135.335 -44.246 -49.727 135.951 -47.901 -50.964 136.448
3 0 -53.687 -57.830 140.021 -53.879 -57.175 140.025 -46.314 -54.843 139.081
3 0 -46.314 -54.843 139.081 -46.107 -55.493 139.065 -53.687 -57.830 140.021
3 0 -53.483 -58.429 140.277 -53.687 -57.830 140.021 -46.107 -55.493 139.065
3 0 -46.107 -55.493 139.065 -45.884 -56.090 139.310 -53.483 -58.429 140.277
3 0 -53.298 -58.881 140.755 -53.483 -58.429 140.277 -45.884 -56.090 139.310
3 0 -45.884 -56.090 139.310 -45.678 -56.543 139.778 -53.298 -58.881 140.755
3 0 -53.160 -59.117 141.380 -53.298 -58.881 140.755 -45.678 -56.543 139.778
3 0 -45.678 -56.543 139.778 -45.521 -56.782 140.398 -53.160 -59.117 141.380
3 0 -53.090 -59.101 142.059 -53.160 -59.117 141.380 -45.521 -56.782 140.398
3 0 -45.521 -56.782 140.398 -45.437 -56.772 141.075 -53.090 -59.101 142.059
3 0 -53.100 -58.835 142.688 -53.090 -59.101 142.059 -45.437 -56.772 141.075
3 0 -45.437 -56.772 141.075 -45.439 -56.514 141.707 -53.100 -58.835 142.688
3 0 -53.187 -58.361 143.171 -53.100 -58.835 142.688 -45.439 -56.514 141.707
3 0 -45.439 -56.514 141.707 -45.526 -56.046 142.197 -53.187 -58.361 143.171
3 0 -53.338 -57.749 143.435 -53.187 -58.361 143.171 -45.526 -56.046 142.197
3 0 -45.526 -56.046 142.197 -45.685 -55.442 142.471 -53.338 -57.749 143.435
3 0 -53.530 -57.094 143.439 -53.338 -57.749 143.435 -45.685 -55.442 142.471
3 0 -45.685 -55.442 142.471 -45.892 -54.791 142.487 -53.530 -57.094 143.439
3 0 -53.734 -56.495 143.183 -53.530 -57.094 143.439 -45.892 -54.791 142.487
3 0 -45.892 -54.791 142.487 -46.115 -54.194 142.243 -53.734 -56.495 143.183
3 0 -53.919 -56.043 142.706 -53.734 -56.495 143.183 -46.115 -54.194 142.243
3 0 -46.115 -54.194 142.243 -46.321 -53.741 141.775 -53.919 -56.043 142.706
3 0 -54.057 -55.807 142.080 -53.919 -56.043 142.706 -46.321 -53.741 141.775
3 0 -46.321 -53.741 141.775 -46.478 -53.502 141.155 -54.057 -55.807 142.080
3 0 -46.901 -53.553 137.749 -54.406 -55.888 138.666 -54.598 -55.233 138.670
3 0 -54.598 -55.233 138.670 -47.108 -52.903 137.764 -46.901 -53.553 137.749
3 0 -46.677 -54.150 137.993 -54.202 -56.487 138.922 -54.406 -55.888 138.666
3 0 -54.406 -55.888 138.666 -46.901 -53.553 137.749 -46.677 -54.150 137.993
3 0 -46.471 -54.603 138.461 -54.017 -56.939 139.399 -54.202 -56.487 138.922
3 0 -54.202 -56.487 138.922 -46.677 -54.150 137.993 -46.471 -54.603 138.461
3 0 -46.314 -54.843 139.081 -53.879 -57.175 140.025 -54.017 -56.939 139.399
3 0 -54.017 -56.939 139.399 -46.471 -54.603 138.461 -46.314 -54.843 139.081
3 0 -46.685 -52.851 141.171 -54.249 -55.152 142.084 -54.057 -55.807 142.080
3 0 -54.057 -55.807 142.080 -46.478 -53.502 141.155 -46.685 -52.851 141.171
3 0 -46.909 -52.254 140.926 -54.453 -54.553 141.828 -54.249 -55.152 142.084
3 0 -54.249 -55.152 142.084 -46.685 -52.851 141.171 -46.909 -52.254 140.926
3 0 -47.115 -51.802 140.458 -54.638 -54.101 141.351 -54.453 -54.553 141.828
3 0 -54.453 -54.553 141.828 -46.909 -52.254 140.926 -47.115 -51.802 140.458
3 0 -47.272 -51.562 139.838 -54.776 -53.865 140.725 -54.638 -54.101 141.351
3 0 -54.638 -54.101 141.351 -47.115 -51.802 140.458 -47.272 -51.562 139.838
3 0 -47.694 -51.614 136.432 -55.125 -53.947 137.312 -55.317 -53.291 137.316
3 0 -55.317 -53.291 137.316 -47.901 -50.964 136.448 -47.694 -51.614 136.432
3 0 -47.470 -52.211 136.677 -54.921 -54.546 137.568 -55.125 -53.947 137.312
3 0 -55.125 -53.947 137.312 -47.694 -51.614 136.432 -47.470 -52.211 136.677
3 0 -47.264 -52.664 137.145 -54.736 -54.998 138.045 -54.921 -54.546 137.568
3 0 -54.921 -54.546 137.568 -47.470 -52.211 136.677 -47.264 -52.664 137.145
3 0 -47.108 -52.903 137.764 -54.598 -55.233 138.670 -54.736 -54.998 138.045
3 0 -54.736 -54.998 138.045 -47.264 -52.664 137.145 -47.108 -52.903 137.764
3 0 -47.478 -50.912 139.854 -54.968 -53.210 140.730 -54.776 -53.865 140.725
3 0 -54.776 -53.865 140.725 -47.272 -51.562 139.838 -47.478 -50.912 139.854
3 0 -47.702 -50.315 139.610 -55.172 -52.611 140.474 -54.968 -53.210 140.730
3 0 -54.968 -53.210 140.730 -47.478 -50.912 139.854 -47.702 -50.315 139.610
3 0 -47.908 -49.863 139.142 -55.357 -52.159 139.996 -55.172 -52.611 140.474
3 0 -55.172 -52.611 140.474 -47.702 -50.315 139.610 -47.908 -49.863 139.142
3 0 -48.065 -49.623 138.522 -55.495 -51.924 139.371 -55.357 -52.159 139.996
3 0 -55.357 -52.159 139.996 -47.908 -49.863 139.142 -48.065 -49.623 138.522
3 0 -55.687 -51.268 139.375 -55.495 -51.924 139.371 -48.065 -49.623 138.522
3 0 -48.065 -49.623 138.522 -48.272 -48.973 138.538 -55.687 -51.268 139.375
3 0 -55.891 -50.669 139.119 -55.687 -51.268 139.375 -48.272 -48.973 138.538
3 0 -48.272 -48.973 138.538 -48.495 -48.376 138.293 -55.891 -50.669 139.119
3 0 -56.076 -50.217 138.641 -55.891 -50.669 139.119 -48.495 -48.376 138.293
3 0 -48.495 -48.376 138.293 -48.701 -47.923 137.825 -56.076 -50.217 138.641
3 0 -56.214 -49.981 138.016 -56.076 -50.217 138.641 -48.701 -47.923 137.825
3 0 -48.701 -47.923 137.825 -48.858 -47.683 137.205 -56.214 -49.981 138.016
3 0 -56.283 -49.997 137.336 -56.214 -49.981 138.016 -48.858 -47.683 137.205
3 0 -48.858 -47.683 137.205 -48.942 -47.694 136.528 -56.283 -49.997 137.336
3 0 -56.274 -50.263 136.707 -56.283 -49.997 137.336 -48.942 -47.694 136.528
3 0 -48.942 -47.694 136.528 -48.940 -47.952 135.896 -56.274 -50.263 136.707
3 0 -56.187 -50.738 136.224 -56.274 -50.263 136.707 -48.940 -47.952 135.896
3 0 -48.940 -47.952 135.896 -48.853 -48.419 135.406 -56.187 -50.738 136.224
3 0 -56.036 -51.349 135.961 -56.187 -50.738 136.224 -48.853 -48.419 135.406
3 0 -48.853 -48.419 135.406 -48.694 -49.024 135.132 -56.036 -51.349 135.961
3 0 -55.844 -52.004 135.957 -56.036 -51.349 135.961 -48.694 -49.024 135.132
3 0 -48.694 -49.024 135.132 -48.487 -49.675 135.116 -55.844 -52.004 135.957
3 0 -55.640 -52.604 136.213 -55.844 -52.004 135.957 -48.487 -49.675 135.116
3 0 -48.487 -49.675 135.116 -48.264 -50.272 135.360 -55.640 -52.604 136.213
3 0 -55.455 -53.055 136.690 -55.640 -52.604 136.213 -48.264 -50.272 135.360
3 0 -48.264 -50.272 135.360 -48.058 -50.724 135.828 -55.455 -53.055 136.690
3 0 -55.317 -53.291 137.316 -55.455 -53.055 136.690 -48.058 -50.724 135.828
3 0 -48.058 -50.724 135.828 -47.901 -50.964 136.448 -55.317 -53.291 137.316
3 0 -61.824 -60.094 140.919 -62.001 -59.434 140.903 -53.879 -57.175 140.025
3 0 -53.879 -57.175 140.025 -53.687 -57.830 140.021 -61.824 -60.094 140.919
3 0 -61.641 -60.691 141.195 -61.824 -60.094 140.919 -53.687 -57.830 140.021
3 0 -53.687 -57.830 140.021 -53.483 -58.429 140.277 -61.641 -60.691 141.195
3 0 -61.478 -61.135 141.687 -61.641 -60.691 141.195 -53.483 -58.429 140.277
3 0 -53.483 -58.429 140.277 -53.298 -58.881 140.755 -61.478 -61.135 141.687
3 0 -61.361 -61.359 142.321 -61.478 -61.135 141.687 -53.298 -58.881 140.755
3 0 -53.298 -58.881 140.755 -53.160 -59.117 141.380 -61.361 -61.359 142.321
3 0 -61.308 -61.328 143.001 -61.361 -61.359 142.321 -53.160 -59.117 141.380
3 0 -53.160 -59.117 141.380 -53.090 -59.101 142.059 -61.308 -61.328 143.001
3 0 -61.326 -61.048 143.623 -61.308 -61.328 143.001 -53.090 -59.101 142.059
3 0 -53.090 -59.101 142.059 -53.100 -58.835 142.688 -61.326 -61.048 143.623
3 0 -61.414 -60.560 144.093 -61.326 -61.048 143.623 -53.100 -58.835 142.688
3 0 -53.100 -58.835 142.688 -53.187 -58.361 143.171 -61.414 -60.560 144.093
3 0 -61.557 -59.939 144.338 -61.414 -60.560 144.093 -53.187 -58.361 143.171
3 0 -53.187 -58.361 143.171 -53.338 -57.749 143.435 -61.557 -59.939 144.338
3 0 -61.734 -59.279 144.322 -61.557 -59.939 144.338 -53.338 -57.749 143.435
3 0 -53.338 -57.749 143.435 -53.530 -57.094 143.439 -61.734 -59.279 144.322
3 0 -61.917 -58.682 144.047 -61.734 -59.279 144.322 -53.530 -57.094 143.439
3 0 -53.530 -57.094 143.439 -53.734 -56.495 143.183 -61.917 -58.682 144.047
3 0 -62.080 -58.238 143.555 -61.917 -58.682 144.047 -53.734 -56.495 143.183
3 0 -53.734 -56.495 143.183 -53.919 -56.043 142.706 -62.080 -58.238 143.555
3 0 -62.197 -58.014 142.920 -62.080 -58.238 143.555 -53.919 -56.043 142.706
3 0 -53.919 -56.043 142.706 -54.057 -55.807 142.080 -62.197 -58.014 142.920
3 0 -54.406 -55.888 138.666 -62.464 -58.169 139.501 -62.641 -57.509 139.485
3 0 -62.641 -57.509 139.485 -54.598 -55.233 138.670 -54.406 -55.888 138.666
3 0 -54.202 -56.487 138.922 -62.280 -58.766 139.777 -62.464 -58.169 139.501
3 0 -62.464 -58.169 139.501 -54.406 -55.888 138.666 -54.202 -56.487 138.922
3 0 -54.017 -56.939 139.399 -62.118 -59.210 140.269 -62.280 -58.766 139.777
3 0 -62.280 -58.766 139.777 -54.202 -56.487 138.922 -54.017 -56.939 139.399
3 0 -53.879 -57.175 140.025 -62.001 -59.434 140.903 -62.118 -59.210 140.269
3 0 -62.118 -59.210 140.269 -54.017 -56.939 139.399 -53.879 -57.175 140.025
3 0 -54.249 -55.152 142.084 -62.374 -57.354 142.904 -62.197 -58.014 142.920
3 0 -62.197 -58.014 142.920 -54.057 -55.807 142.080 -54.249 -55.152 142.084
3 0 -54.453 -54.553 141.828 -62.557 -56.757 142.629 -62.374 -57.354 142.904
3 0 -62.374 -57.354 142.904 -54.249 -55.152 142.084 -54.453 -54.553 141.828
3 0 -54.638 -54.101 141.351 -62.720 -56.312 142.137 -62.557 -56.757 142.629
3 0 -62.557 -56.757 142.629 -54.453 -54.553 141.828 -54.638 -54.101 141.351
3 0 -54.776 -53.865 140.725 -62.837 -56.089 141.502 -62.720 -56.312 142.137
3 0 -62.720 -56.312 142.137 -54.638 -54.101 141.351 -54.776 -53.865 140.725
3 0 -55.125 -53.947 137.312 -63.104 -56.244 138.084 -63.281 -55.585 138.068
3 0 -63.281 -55.585 138.068 -55.317 -53.291 137.316 -55.125 -53.947 137.312
3 0 -54.921 -54.546 137.568 -62.920 -56.842 138.359 -63.104 -56.244 138.084
3 0 -63.104 -56.244 138.084 -55.125 -53.947 137.312 -54.921 -54.546 137.568
3 0 -54.736 -54.998 138.045 -62.758 -57.286 138.851 -62.920 -56.842 138.359
3 0 -62.920 -56.842 138.359 -54.921 -54.546 137.568 -54.736 -54.998 138.045
3 0 -54.598 -55.233 138.670 -62.641 -57.509 139.485 -62.758 -57.286 138.851
3 0 -62.758 -57.286 138.851 -54.736 -54.998 138.045 -54.598 -55.233 138.670
3 0 -54.968 -53.210 140.730 -63.013 -55.430 141.487 -62.837 -56.089 141.502
3 0 -62.837 -56.089 141.502 -54.776 -53.865 140.725 -54.968 -53.210 140.730
3 0 -55.172 -52.611 140.474 -63.197 -54.833 141.212 -63.013 -55.430 141.487
3 0 -63.013 -55.430 141.487 -54.968 -53.210 140.730 -55.172 -52.611 140.474
3 0 -55.357 -52.159 139.996 -63.360 -54.388 140.720 -63.197 -54.833 141.212
3 0 -63.197 -54.833 141.212 -55.172 -52.611 140.474 -55.357 -52.159 139.996
3 0 -55.495 -51.924 139.371 -63.476 -54.164 140.085 -63.360 -54.388 140.720
3 0 -63.360 -54.388 140.720 -55.357 -52.159 139.996 -55.495 -51.924 139.371
3 0 -63.653 -53.505 140.069 -63.476 -54.164 140.085 -55.495 -51.924 139.371
3 0 -55.495 -51.924 139.371 -55.687 -51.268 139.375 -63.653 -53.505 140.069
3 0 -63.837 -52.908 139.794 -63.653 -53.505 140.069 -55.687 -51.268 139.375
3 0 -55.687 -51.268 139.375 -55.891 -50.669 139.119 -63.837 -52.908 139.794
3 0 -63.999 -52.463 139.302 -63.837 -52.908 139.794 -55.891 -50.669 139.119
3 0 -55.891 -50.669 139.119 -56.076 -50.217 138.641 -63.999 -52.463 139.302
3 0 -64.116 -52.239 138.667 -63.999 -52.463 139.302 -56.076 -50.217 138.641
3 0 -56.076 -50.217 138.641 -56.214 -49.981 138.016 -64.116 -52.239 138.667
3 0 -64.169 -52.270 137.987 -64.116 -52.239 138.667 -56.214 -49.981 138.016
3 0 -56.214 -49.981 138.016 -56.283 -49.997 137.336 -64.169 -52.270 137.987
3 0 -64.151 -52.551 137.365 -64.169 -52.270 137.987 -56.283 -49.997 137.336
3 0 -56.283 -49.997 137.336 -56.274 -50.263 136.707 -64.151 -52.551 137.365
3 0 -64.064 -53.039 136.896 -64.151 -52.551 137.365 -56.274 -50.263 136.707
3 0 -56.274 -50.263 136.707 -56.187 -50.738 136.224 -64.064 -53.039 136.896
3 0 -63.921 -53.660 136.650 -64.064 -53.039 136.896 -56.187 -50.738 136.224
3 0 -56.187 -50.738 136.224 -56.036 -51.349 135.961 -63.921 -53.660 136.650
3 0 -63.744 -54.319 136.666 -63.921 -53.660 136.650 -56.036 -51.349 135.961
3 0 -56.036 -51.349 135.961 -55.844 -52.004 135.957 -63.744 -54.319 136.666
3 0 -63.560 -54.917 136.941 -63.744 -54.319 136.666 -55.844 -52.004 135.957
3 0 -55.844 -52.004 135.957 -55.640 -52.604 136.213 -63.560 -54.917 136.941
3 0 -63.397 -55.361 137.434 -63.560 -54.917 136.941 -55.640 -52.604 136.213
3 0 -55.640 -52.604 136.213 -55.455 -53.055 136.690 -63.397 -55.361 137.434
3 0 -63.281 -55.585 138.068 -63.397 -55.361 137.434 -55.455 -53.055 136.690
3 0 -55.455 -53.055 136.690 -55.317 -53.291 137.316 -63.281 -55.585 138.068
3 0 -69.539 -62.023 141.680 -69.701 -61.361 141.636 -62.001 -59.434 140.903
3 0 -62.001 -59.434 140.903 -61.824 -60.094 140.919 -69.539 -62.023 141.680
3 0 -69.375 -62.614 141.981 -69.539 -62.023 141.680 -61.824 -60.094 140.919
3 0 -61.824 -60.094 140.919 -61.641 -60.691 141.195 -69.375 -62.614 141.981
3 0 -69.233 -63.044 142.492 -69.375 -62.614 141.981 -61.641 -60.691 141.195
3 0 -61.641 -60.691 141.195 -61.478 -61.135 141.687 -69.233 -63.044 142.492
3 0 -69.137 -63.247 143.137 -69.233 -63.044 142.492 -61.478 -61.135 141.687
3 0 -61.478 -61.135 141.687 -61.361 -61.359 142.321 -69.137 -63.247 143.137
3 0 -69.099 -63.193 143.816 -69.137 -63.247 143.137 -61.361 -61.359 142.321
3 0 -61.361 -61.359 142.321 -61.308 -61.328 143.001 -69.099 -63.193 143.816
3 0 -69.126 -62.890 144.427 -69.099 -63.193 143.816 -61.308 -61.328 143.001
3 0 -61.308 -61.328 143.001 -61.326 -61.048 143.623 -69.126 -62.890 144.427
3 0 -69.215 -62.384 144.877 -69.126 -62.890 144.427 -61.326 -61.048 143.623
3 0 -61.326 -61.048 143.623 -61.414 -60.560 144.093 -69.215 -62.384 144.877
3 0 -69.350 -61.751 145.097 -69.215 -62.384 144.877 -61.414 -60.560 144.093
3 0 -61.414 -60.560 144.093 -61.557 -59.939 144.338 -69.350 -61.751 145.097
3 0 -69.512 -61.090 145.053 -69.350 -61.751 145.097 -61.557 -59.939 144.338
3 0 -61.557 -59.939 144.338 -61.734 -59.279 144.322 -69.512 -61.090 145.053
3 0 -69.677 -60.499 144.753 -69.512 -61.090 145.053 -61.734 -59.279 144.322
3 0 -61.734 -59.279 144.322 -61.917 -58.682 144.047 -69.677 -60.499 144.753
3 0 -69.818 -60.069 144.241 -69.677 -60.499 144.753 -61.917 -58.682 144.047
3 0 -61.917 -58.682 144.047 -62.080 -58.238 143.555 -69.818 -60.069 144.241
3 0 -69.915 -59.866 143.597 -69.818 -60.069 144.241 -62.080 -58.238 143.555
3 0 -62.080 -58.238 143.555 -62.197 -58.014 142.920 -69.915 -59.866 143.597
3 0 -62.464 -58.169 139.501 -70.104 -60.137 140.180 -70.266 -59.476 140.136
3 0 -70.266 -59.476 140.136 -62.641 -57.509 139.485 -62.464 -58.169 139.501
3 0 -62.280 -58.766 139.777 -69.939 -60.728 140.480 -70.104 -60.137 140.180
3 0 -70.104 -60.137 140.180 -62.464 -58.169 139.501 -62.280 -58.766 139.777
3 0 -62.118 -59.210 140.269 -69.798 -61.158 140.992 -69.939 -60.728 140.480
3 0 -69.939 -60.728 140.480 -62.280 -58.766 139.777 -62.118 -59.210 140.269
3 0 -62.001 -59.434 140.903 -69.701 -61.361 141.636 -69.798 -61.158 140.992
3 0 -69.798 -61.158 140.992 -62.118 -59.210 140.269 -62.001 -59.434 140.903
3 0 -62.374 -57.354 142.904 -70.077 -59.204 143.553 -69.915 -59.866 143.597
3 0 -69.915 -59.866 143.597 -62.197 -58.014 142.920 -62.374 -57.354 142.904
3 0 -62.557 -56.757 142.629 -70.241 -58.613 143.252 -70.077 -59.204 143.553
3 0 -70.077 -59.204 143.553 -62.374 -57.354 142.904 -62.557 -56.757 142.629
3 0 -62.720 -56.312 142.137 -70.383 -58.183 142.741 -70.241 -58.613 143.252
3 0 -70.241 -58.613 143.252 -62.557 -56.757 142.629 -62.720 -56.312 142.137
3 0 -62.837 -56.089 141.502 -70.479 -57.980 142.096 -70.383 -58.183 142.741
3 0 -70.383 -58.183 142.741 -62.720 -56.312 142.137 -62.837 -56.089 141.502
3 0 -63.104 -56.244 138.084 -70.668 -58.252 138.680 -70.830 -57.591 138.637
3 0 -70.830 -57.591 138.637 -63.281 -55.585 138.068 -63.104 -56.244 138.084
3 0 -62.920 -56.842 138.359 -70.504 -58.843 138.981 -70.668 -58.252 138.680
3 0 -70.668 -58.252 138.680 -63.104 -56.244 138.084 -62.920 -56.842 138.359
3 0 -62.758 -57.286 138.851 -70.362 -59.273 139.492 -70.504 -58.843 138.981
3 0 -70.504 -58.843 138.981 -62.920 -56.842 138.359 -62.758 -57.286 138.851
3 0 -62.641 -57.509 139.485 -70.266 -59.476 140.136 -70.362 -59.273 139.492
3 0 -70.362 -59.273 139.492 -62.758 -57.286 138.851 -62.641 -57.509 139.485
3 0 -63.013 -55.430 141.487 -70.641 -57.319 142.053 -70.479 -57.980 142.096
3 0 -70.479 -57.980 142.096 -62.837 -56.089 141.502 -63.013 -55.430 141.487
3 0 -63.197 -54.833 141.212 -70.806 -56.728 141.753 -70.641 -57.319 142.053
3 0 -70.641 -57.319 142.053 -63.013 -55.430 141.487 -63.197 -54.833 141.212
3 0 -63.360 -54.388 140.720 -70.947 -56.298 141.241 -70.806 -56.728 141.753
3 0 -70.806 -56.728 141.753 -63.197 -54.833 141.212 -63.360 -54.388 140.720
3 0 -63.476 -54.164 140.085 -71.044 -56.095 140.597 -70.947 -56.298 141.241
3 0 -70.947 -56.298 141.241 -63.360 -54.388 140.720 -63.476 -54.164 140.085
3 0 -71.206 -55.433 140.553 -71.044 -56.095 140.597 -63.476 -54.164 140.085
3 0 -63.476 -54.164 140.085 -63.653 -53.505 140.069 -71.206 -55.433 140.553
3 0 -71.370 -54.842 140.252 -71.206 -55.433 140.553 -63.653 -53.505 140.069
3 0 -63.653 -53.505 140.069 -63.837 -52.908 139.794 -71.370 -54.842 140.252
3 0 -71.512 -54.413 139.741 -71.370 -54.842 140.252 -63.837 -52.908 139.794
3 0 -63.837 -52.908 139.794 -63.999 -52.463 139.302 -71.512 -54.413 139.741
3 0 -71.608 -54.209 139.096 -71.512 -54.413 139.741 -63.999 -52.463 139.302
3 0 -63.999 -52.463 139.302 -64.116 -52.239 138.667 -71.608 -54.209 139.096
3 0 -71.646 -54.263 138.417 -71.608 -54.209 139.096 -64.116 -52.239 138.667
3 0 -64.116 -52.239 138.667 -64.169 -52.270 137.987 -71.646 -54.263 138.417
3 0 -71.619 -54.567 137.806 -71.646 -54.263 138.417 -64.169 -52.270 137.987
3 0 -64.169 -52.270 137.987 -64.151 -52.551 137.365 -71.619 -54.567 137.806
3 0 -71.530 -55.073 137.356 -71.619 -54.567 137.806 -64.151 -52.551 137.365
3 0 -64.151 -52.551 137.365 -64.064 -53.039 136.896 -71.530 -55.073 137.356
3 0 -71.395 -55.705 137.136 -71.530 -55.073 137.356 -64.064 -53.039 136.896
3 0 -64.064 -53.039 136.896 -63.921 -53.660 136.650 -71.395 -55.705 137.136
3 0 -71.233 -56.367 137.180 -71.395 -55.705 137.136 -63.921 -53.660 136.650
3 0 -63.921 -53.660 136.650 -63.744 -54.319 136.666 -71.233 -56.367 137.180
3 0 -71.068 -56.957 137.480 -71.233 -56.367 137.180 -63.744 -54.319 136.666
3 0 -63.744 -54.319 136.666 -63.560 -54.917 136.941 -71.068 -56.957 137.480
3 0 -70.927 -57.387 137.992 -71.068 -56.957 137.480 -63.560 -54.917 136.941
3 0 -63.560 -54.917 136.941 -63.397 -55.361 137.434 -70.927 -57.387 137.992
3 0 -70.830 -57.591 138.637 -70.927 -57.387 137.992 -63.397 -55.361 137.434
3 0 -63.397 -55.361 137.434 -63.281 -55.585 138.068 -70.830 -57.591 138.637
3 0 -77.301 -63.759 142.377 -77.449 -63.097 142.297 -69.701 -61.361 141.636
3 0 -69.701 -61.361 141.636 -69.539 -62.023 141.680 -77.301 -63.759 142.377
3 0 -77.155 -64.336 142.710 -77.301 -63.759 142.377 -69.539 -62.023 141.680
3 0 -69.539 -62.023 141.680 -69.375 -62.614 141.981 -77.155 -64.336 142.710
3 0 -77.034 -64.743 143.245 -77.155 -64.336 142.710 -69.375 -62.614 141.981
3 0 -69.375 -62.614 141.981 -69.233 -63.044 142.492 -77.034 -64.743 143.245
3 0 -76.957 -64.915 143.901 -77.034 -64.743 143.245 -69.233 -63.044 142.492
3 0 -69.233 -63.044 142.492 -69.137 -63.247 143.137 -76.957 -64.915 143.901
3 0 -76.935 -64.828 144.578 -76.957 -64.915 143.901 -69.137 -63.247 143.137
3 0 -69.137 -63.247 143.137 -69.099 -63.193 143.816 -76.935 -64.828 144.578
3 0 -76.971 -64.494 145.173 -76.935 -64.828 144.578 -69.099 -63.193 143.816
3 0 -69.099 -63.193 143.816 -69.126 -62.890 144.427 -76.971 -64.494 145.173
3 0 -77.060 -63.965 145.595 -76.971 -64.494 145.173 -69.126 -62.890 144.427
3 0 -69.126 -62.890 144.427 -69.215 -62.384 144.877 -77.060 -63.965 145.595
3 0 -77.188 -63.320 145.780 -77.060 -63.965 145.595 -69.215 -62.384 144.877
3 0 -69.215 -62.384 144.877 -69.350 -61.751 145.097 -77.188 -63.320 145.780
3 0 -77.337 -62.659 145.699 -77.188 -63.320 145.780 -69.350 -61.751 145.097
3 0 -69.350 -61.751 145.097 -69.512 -61.090 145.053 -77.337 -62.659 145.699
3 0 -77.482 -62.081 145.366 -77.337 -62.659 145.699 -69.512 -61.090 145.053
3 0 -69.512 -61.090 145.053 -69.677 -60.499 144.753 -77.482 -62.081 145.366
3 0 -77.603 -61.675 144.831 -77.482 -62.081 145.366 -69.677 -60.499 144.753
3 0 -69.677 -60.499 144.753 -69.818 -60.069 144.241 -77.603 -61.675 144.831
3 0 -77.680 -61.502 144.175 -77.603 -61.675 144.831 -69.818 -60.069 144.241
3 0 -69.818 -60.069 144.241 -69.915 -59.866 143.597 -77.680 -61.502 144.175
3 0 -70.104 -60.137 140.180 -77.793 -61.940 140.772 -77.941 -61.278 140.691
3 0 -77.941 -61.278 140.691 -70.266 -59.476 140.136 -70.104 -60.137 140.180
3 0 -69.939 -60.728 140.480 -77.647 -62.518 141.105 -77.793 -61.940 140.772
3 0 -77.793 -61.940 140.772 -70.104 -60.137 140.180 -69.939 -60.728 140.480
3 0 -69.798 -61.158 140.992 -77.527 -62.924 141.640 -77.647 -62.518 141.105
3 0 -77.647 -62.518 141.105 -69.939 -60.728 140.480 -69.798 -61.158 140.992
3 0 -69.701 -61.361 141.636 -77.449 -63.097 142.297 -77.527 -62.924 141.640
3 0 -77.527 -62.924 141.640 -69.798 -61.158 140.992 -69.701 -61.361 141.636
3 0 -70.077 -59.204 143.553 -77.829 -60.840 144.094 -77.680 -61.502 144.175
3 0 -77.680 -61.502 144.175 -69.915 -59.866 143.597 -70.077 -59.204 143.553
3 0 -70.241 -58.613 143.252 -77.974 -60.262 143.761 -77.829 -60.840 144.094
3 0 -77.829 -60.840 144.094 -70.077 -59.204 143.553 -70.241 -58.613 143.252
3 0 -70.383 -58.183 142.741 -78.095 -59.856 143.226 -77.974 -60.262 143.761
3 0 -77.974 -60.262 143.761 -70.241 -58.613 143.252 -70.383 -58.183 142.741
3 0 -70.479 -57.980 142.096 -78.172 -59.683 142.570 -78.095 -59.856 143.226
3 0 -78.095 -59.856 143.226 -70.383 -58.183 142.741 -70.479 -57.980 142.096
3 0 -70.668 -58.252 138.680 -78.285 -60.122 139.167 -78.433 -59.460 139.087
3 0 -78.433 -59.460 139.087 -70.830 -57.591 138.637 -70.668 -58.252 138.680
3 0 -70.504 -58.843 138.981 -78.139 -60.700 139.501 -78.285 -60.122 139.167
3 0 -78.285 -60.122 139.167 -70.668 -58.252 138.680 -70.504 -58.843 138.981
3 0 -70.362 -59.273 139.492 -78.018 -61.106 140.036 -78.139 -60.700 139.501
3 0 -78.139 -60.700 139.501 -70.504 -58.843 138.981 -70.362 -59.273 139.492
3 0 -70.266 -59.476 140.136 -77.941 -61.278 140.691 -78.018 -61.106 140.036
3 0 -78.018 -61.106 140.036 -70.362 -59.273 139.492 -70.266 -59.476 140.136
3 0 -70.641 -57.319 142.053 -78.320 -59.022 142.490 -78.172 -59.683 142.570
3 0 -78.172 -59.683 142.570 -70.479 -57.980 142.096 -70.641 -57.319 142.053
3 0 -70.806 -56.728 141.753 -78.466 -58.444 142.157 -78.320 -59.022 142.490
3 0 -78.320 -59.022 142.490 -70.641 -57.319 142.053 -70.806 -56.728 141.753
3 0 -70.947 -56.298 141.241 -78.587 -58.038 141.621 -78.466 -58.444 142.157
3 0 -78.466 -58.444 142.157 -70.806 -56.728 141.753 -70.947 -56.298 141.241
3 0 -71.044 -56.095 140.597 -78.664 -57.865 140.965 -78.587 -58.038 141.621
3 0 -78.587 -58.038 141.621 -70.947 -56.298 141.241 -71.044 -56.095 140.597
3 0 -78.813 -57.204 140.885 -78.664 -57.865 140.965 -71.044 -56.095 140.597
3 0 -71.044 -56.095 140.597 -71.206 -55.433 140.553 -78.813 -57.204 140.885
3 0 -78.958 -56.626 140.552 -78.813 -57.204 140.885 -71.206 -55.433 140.553
3 0 -71.206 -55.433 140.553 -71.370 -54.842 140.252 -78.958 -56.626 140.552
3 0 -79.079 -56.219 140.016 -78.958 -56.626 140.552 -71.370 -54.842 140.252
3 0 -71.370 -54.842 140.252 -71.512 -54.413 139.741 -79.079 -56.219 140.016
3 0 -79.156 -56.047 139.360 -79.079 -56.219 140.016 -71.512 -54.413 139.741
3 0 -71.512 -54.413 139.741 -71.608 -54.209 139.096 -79.156 -56.047 139.360
3 0 -79.179 -56.134 138.683 -79.156 -56.047 139.360 -71.608 -54.209 139.096
3 0 -71.608 -54.209 139.096 -71.646 -54.263 138.417 -79.179 -56.134 138.683
3 0 -79.142 -56.468 138.089 -79.179 -56.134 138.683 -71.646 -54.263 138.417
3 0 -71.646 -54.263 138.417 -71.619 -54.567 137.806 -79.142 -56.468 138.089
3 0 -79.053 -56.997 137.667 -79.142 -56.468 138.089 -71.619 -54.567 137.806
3 0 -71.619 -54.567 137.806 -71.530 -55.073 137.356 -79.053 -56.997 137.667
3 0 -78.925 -57.642 137.482 -79.053 -56.997 137.667 -71.530 -55.073 137.356
3 0 -71.530 -55.073 137.356 -71.395 -55.705 137.136 -78.925 -57.642 137.482
3 0 -78.777 -58.303 137.562 -78.925 -57.642 137.482 -71.395 -55.705 137.136
3 0 -71.395 -55.705 137.136 -71.233 -56.367 137.180 -78.777 -58.303 137.562
3 0 -78.631 -58.881 137.896 -78.777 -58.303 137.562 -71.233 -56.367 137.180
3 0 -71.233 -56.367 137.180 -71.068 -56.957 137.480 -78.631 -58.881 137.896
3 0 -78.510 -59.288 138.431 -78.631 -58.881 137.896 -71.068 -56.957 137.480
3 0 -71.068 -56.957 137.480 -70.927 -57.387 137.992 -78.510 -59.288 138.431
3 0 -78.433 -59.460 139.087 -78.510 -59.288 138.431 -70.927 -57.387 137.992
3 0 -70.927 -57.387 137.992 -70.830 -57.591 138.637 -78.433 -59.460 139.087
3 0 -85.240 -64.644 142.911 -77.449 -63.097 142.297 -77.301 -63.759 142.377
3 0 -77.301 -63.759 142.377 -85.107 -65.301 143.039 -85.240 -64.644 142.911
3 0 -85.107 -65.301 143.039 -77.301 -63.759 142.377 -77.155 -64.336 142.710
3 0 -77.155 -64.336 142.710 -84.980 -65.857 143.415 -85.107 -65.301 143.039
3 0 -84.980 -65.857 143.415 -77.155 -64.336 142.710 -77.034 -64.743 143.245
3 0 -77.034 -64.743 143.245 -84.880 -66.228 143.979 -84.980 -65.857 143.415
3 0 -84.880 -66.228 143.979 -77.034 -64.743 143.245 -76.957 -64.915 143.901
3 0 -76.957 -64.915 143.901 -84.822 -66.357 144.647 -84.880 -66.228 143.979
3 0 -84.822 -66.357 144.647 -76.957 -64.915 143.901 -76.935 -64.828 144.578
3 0 -76.935 -64.828 144.578 -84.815 -66.224 145.317 -84.822 -66.357 144.647
3 0 -84.815 -66.224 145.317 -76.935 -64.828 144.578 -76.971 -64.494 145.173
3 0 -76.971 -64.494 145.173 -84.860 -65.850 145.887 -84.815 -66.224 145.317
3 0 -84.860 -65.850 145.887 -76.971 -64.494 145.173 -77.060 -63.965 145.595
3 0 -77.060 -63.965 145.595 -84.949 -65.291 146.269 -84.860 -65.850 145.887
3 0 -84.949 -65.291 146.269 -77.060 -63.965 145.595 -77.188 -63.320 145.780
3 0 -77.188 -63.320 145.780 -85.070 -64.634 146.406 -84.949 -65.291 146.269
3 0 -85.070 -64.634 146.406 -77.188 -63.320 145.780 -77.337 -62.659 145.699
3 0 -77.337 -62.659 145.699 -85.204 -63.976 146.278 -85.070 -64.634 146.406
3 0 -85.204 -63.976 146.278 -77.337 -62.659 145.699 -77.482 -62.081 145.366
3 0 -77.482 -62.081 145.366 -85.330 -63.420 145.902 -85.204 -63.976 146.278
3 0 -85.330 -63.420 145.902 -77.482 -62.081 145.366 -77.603 -61.675 144.831
3 0 -77.603 -61.675 144.831 -85.430 -63.049 145.338 -85.330 -63.420 145.902
3 0 -85.430 -63.049 145.338 -77.603 -61.675 144.831 -77.680 -61.502 144.175
3 0 -77.680 -61.502 144.175 -85.488 -62.921 144.670 -85.430 -63.049 145.338
3 0 -85.524 -63.588 141.302 -85.658 -62.931 141.174 -77.941 -61.278 140.691
3 0 -77.941 -61.278 140.691 -77.793 -61.940 140.772 -85.524 -63.588 141.302
3 0 -85.398 -64.144 141.678 -85.524 -63.588 141.302 -77.793 -61.940 140.772
3 0 -77.793 -61.940 140.772 -77.647 -62.518 141.105 -85.398 -64.144 141.678
3 0 -85.298 -64.515 142.242 -85.398 -64.144 141.678 -77.647 -62.518 141.105
3 0 -77.647 -62.518 141.105 -77.527 -62.924 141.640 -85.298 -64.515 142.242
3 0 -85.240 -64.644 142.911 -85.298 -64.515 142.242 -77.527 -62.924 141.640
3 0 -77.527 -62.924 141.640 -77.449 -63.097 142.297 -85.240 -64.644 142.911
3 0 -85.622 -62.263 144.541 -85.488 -62.921 144.670 -77.680 -61.502 144.175
3 0 -77.680 -61.502 144.175 -77.829 -60.840 144.094 -85.622 -62.263 144.541
3 0 -85.748 -61.707 144.165 -85.622 -62.263 144.541 -77.829 -60.840 144.094
3 0 -77.829 -60.840 144.094 -77.974 -60.262 143.761 -85.748 -61.707 144.165
3 0 -85.848 -61.337 143.601 -85.748 -61.707 144.165 -77.974 -60.262 143.761
3 0 -77.974 -60.262 143.761 -78.095 -59.856 143.226 -85.848 -61.337 143.601
3 0 -85.906 -61.208 142.933 -85.848 -61.337 143.601 -78.095 -59.856 143.226
3 0 -78.095 -59.856 143.226 -78.172 -59.683 142.570 -85.906 -61.208 142.933
3 0 -85.942 -61.876 139.566 -86.076 -61.219 139.438 -78.433 -59.460 139.087
3 0 -78.433 -59.460 139.087 -78.285 -60.122 139.167 -85.942 -61.876 139.566
3 0 -85.816 -62.432 139.942 -85.942 -61.876 139.566 -78.285 -60.122 139.167
3 0 -78.285 -60.122 139.167 -78.139 -60.700 139.501 -85.816 -62.432 139.942
3 0 -85.716 -62.803 140.506 -85.816 -62.432 139.942 -78.139 -60.700 139.501
3 0 -78.139 -60.700 139.501 -78.018 -61.106 140.036 -85.716 -62.803 140.506
3 0 -85.658 -62.931 141.174 -85.716 -62.803 140.506 -78.018 -61.106 140.036
3 0 -78.018 -61.106 140.036 -77.941 -61.278 140.691 -85.658 -62.931 141.174
3 0 -86.040 -60.551 142.805 -85.906 -61.208 142.933 -78.172 -59.683 142.570
3 0 -78.172 -59.683 142.570 -78.320 -59.022 142.490 -86.040 -60.551 142.805
3 0 -86.166 -59.995 142.429 -86.040 -60.551 142.805 -78.320 -59.022 142.490
3 0 -78.320 -59.022 142.490 -78.466 -58.444 142.157 -86.166 -59.995 142.429
3 0 -86.266 -59.624 141.865 -86.166 -59.995 142.429 -78.466 -58.444 142.157
3 0 -78.466 -58.444 142.157 -78.587 -58.038 141.621 -86.266 -59.624 141.865
3 0 -86.324 -59.495 141.197 -86.266 -59.624 141.865 -78.587 -58.038 141.621
3 0 -78.587 -58.038 141.621 -78.664 -57.865 140.965 -86.324 -59.495 141.197
3 0 -86.324 -59.495 141.197 -78.664 -57.865 140.965 -78.813 -57.204 140.885
3 0 -78.813 -57.204 140.885 -86.458 -58.838 141.068 -86.324 -59.495 141.197
3 0 -86.458 -58.838 141.068 -78.813 -57.204 140.885 -78.958 -56.626 140.552
3 0 -78.958 -56.626 140.552 -86.584 -58.282 140.692 -86.458 -58.838 141.068
3 0 -86.584 -58.282 140.692 -78.958 -56.626 140.552 -79.079 -56.219 140.016
3 0 -79.079 -56.219 140.016 -86.684 -57.911 140.128 -86.584 -58.282 140.692
3 0 -86.684 -57.911 140.128 -79.079 -56.219 140.016 -79.156 -56.047 139.360
3 0 -79.156 -56.047 139.360 -86.742 -57.783 139.460 -86.684 -57.911 140.128
3 0 -86.742 -57.783 139.460 -79.156 -56.047 139.360 -79.179 -56.134 138.683
3 0 -79.179 -56.134 138.683 -86.749 -57.915 138.790 -86.742 -57.783 139.460
3 0 -86.749 -57.915 138.790 -79.179 -56.134 138.683 -79.142 -56.468 138.089
3 0 -79.142 -56.468 138.089 -86.704 -58.289 138.220 -86.749 -57.915 138.790
3 0 -86.704 -58.289 138.220 -79.142 -56.468 138.089 -79.053 -56.997 137.667
3 0 -79.053 -56.997 137.667 -86.615 -58.848 137.838 -86.704 -58.289 138.220
3 0 -86.615 -58.848 137.838 -79.053 -56.997 137.667 -78.925 -57.642 137.482
3 0 -78.925 -57.642 137.482 -86.494 -59.506 137.701 -86.615 -58.848 137.838
3 0 -86.494 -59.506 137.701 -78.925 -57.642 137.482 -78.777 -58.303 137.562
3 0 -78.777 -58.303 137.562 -86.360 -60.163 137.829 -86.494 -59.506 137.701
3 0 -86.360 -60.163 137.829 -78.777 -58.303 137.562 -78.631 -58.881 137.896
3 0 -78.631 -58.881 137.896 -86.234 -60.719 138.205 -86.360 -60.163 137.829
3 0 -86.234 -60.719 138.205 -78.631 -58.881 137.896 -78.510 -59.288 138.431
3 0 -78.510 -59.288 138.431 -86.134 -61.090 138.769 -86.234 -60.719 138.205
3 0 -86.134 -61.090 138.769 -78.510 -59.288 138.431 -78.433 -59.460 139.087
3 0 -78.433 -59.460 139.087 -86.076 -61.219 139.438 -86.134 -61.090 138.769
3 0 -93.073 -65.981 143.492 -85.240 -64.644 142.911 -85.107 -65.301 143.039
3 0 -85.107 -65.301 143.039 -92.955 -66.626 143.684 -93.073 -65.981 143.492
3 0 -92.955 -66.626 143.684 -85.107 -65.301 143.039 -84.980 -65.857 143.415
3 0 -84.980 -65.857 143.415 -92.848 -67.147 144.111 -92.955 -66.626 143.684
3 0 -92.848 -67.147 144.111 -84.980 -65.857 143.415 -84.880 -66.228 143.979
3 0 -84.880 -66.228 143.979 -92.770 -67.467 144.710 -92.848 -67.147 144.111
3 0 -92.770 -67.467 144.710 -84.880 -66.228 143.979 -84.822 -66.357 144.647
3 0 -84.822 -66.357 144.647 -92.732 -67.535 145.388 -92.770 -67.467 144.710
3 0 -92.732 -67.535 145.388 -84.822 -66.357 144.647 -84.815 -66.224 145.317
3 0 -84.815 -66.224 145.317 -92.740 -67.342 146.043 -92.732 -67.535 145.388
3 0 -92.740 -67.342 146.043 -84.815 -66.224 145.317 -84.860 -65.850 145.887
3 0 -84.860 -65.850 145.887 -92.792 -66.917 146.575 -92.740 -67.342 146.043
3 0 -92.792 -66.917 146.575 -84.860 -65.850 145.887 -84.949 -65.291 146.269
3 0 -84.949 -65.291 146.269 -92.881 -66.324 146.902 -92.792 -66.917 146.575
3 0 -92.881 -66.324 146.902 -84.949 -65.291 146.269 -85.070 -64.634 146.406
3 0 -85.070 -64.634 146.406 -92.993 -65.655 146.976 -92.881 -66.324 146.902
3 0 -92.993 -65.655 146.976 -85.070 -64.634 146.406 -85.204 -63.976 146.278
3 0 -85.204 -63.976 146.278 -93.112 -65.010 146.785 -92.993 -65.655 146.976
3 0 -93.112 -65.010 146.785 -85.204 -63.976 146.278 -85.330 -63.420 145.902
3 0 -85.330 -63.420 145.902 -93.218 -64.489 146.357 -93.112 -65.010 146.785
3 0 -93.218 -64.489 146.357 -85.330 -63.420 145.902 -85.430 -63.049 145.338
3 0 -85.430 -63.049 145.338 -93.296 -64.169 145.759 -93.218 -64.489 146.357
3 0 -93.296 -64.169 145.759 -85.430 -63.049 145.338 -85.488 -62.921 144.670
3 0 -85.488 -62.921 144.670 -93.334 -64.101 145.080 -93.296 -64.169 145.759
3 0 -93.296 -65.072 141.788 -93.414 -64.427 141.596 -85.658 -62.931 141.174
3 0 -85.658 -62.931 141.174 -85.524 -63.588 141.302 -93.296 -65.072 141.788
3 0 -93.190 -65.594 142.215 -93.296 -65.072 141.788 -85.524 -63.588 141.302
3 0 -85.524 -63.588 141.302 -85.398 -64.144 141.678 -93.190 -65.594 142.215
3 0 -93.111 -65.913 142.814 -93.190 -65.594 142.215 -85.398 -64.144 141.678
3 0 -85.398 -64.144 141.678 -85.298 -64.515 142.242 -93.111 -65.913 142.814
3 0 -93.073 -65.981 143.492 -93.111 -65.913 142.814 -85.298 -64.515 142.242
3 0 -85.298 -64.515 142.242 -85.240 -64.644 142.911 -93.073 -65.981 143.492
3 0 -93.453 -63.456 144.889 -93.334 -64.101 145.080 -85.488 -62.921 144.670
3 0 -85.488 -62.921 144.670 -85.622 -62.263 144.541 -93.453 -63.456 144.889
3 0 -93.559 -62.935 144.461 -93.453 -63.456 144.889 -85.622 -62.263 144.541
3 0 -85.622 -62.263 144.541 -85.748 -61.707 144.165 -93.559 -62.935 144.461
3 0 -93.637 -62.615 143.863 -93.559 -62.935 144.461 -85.748 -61.707 144.165
3 0 -85.748 -61.707 144.165 -85.848 -61.337 143.601 -93.637 -62.615 143.863
3 0 -93.675 -62.547 143.184 -93.637 -62.615 143.863 -85.848 -61.337 143.601
3 0 -85.848 -61.337 143.601 -85.906 -61.208 142.933 -93.675 -62.547 143.184
3 0 -93.637 -63.519 139.893 -93.755 -62.874 139.701 -86.076 -61.219 139.438
3 0 -86.076 -61.219 139.438 -85.942 -61.876 139.566 -93.637 -63.519 139.893
3 0 -93.531 -64.040 140.320 -93.637 -63.519 139.893 -85.942 -61.876 139.566
3 0 -85.942 -61.876 139.566 -85.816 -62.432 139.942 -93.531 -64.040 140.320
3 0 -93.452 -64.360 140.919 -93.531 -64.040 140.320 -85.816 -62.432 139.942
3 0 -85.816 -62.432 139.942 -85.716 -62.803 140.506 -93.452 -64.360 140.919
3 0 -93.414 -64.427 141.596 -93.452 -64.360 140.919 -85.716 -62.803 140.506
3 0 -85.716 -62.803 140.506 -85.658 -62.931 141.174 -93.414 -64.427 141.596
3 0 -93.794 -61.903 142.993 -93.675 -62.547 143.184 -85.906 -61.208 142.933
3 0 -85.906 -61.208 142.933 -86.040 -60.551 142.805 -93.794 -61.903 142.993
3 0 -93.900 -61.381 142.566 -93.794 -61.903 142.993 -86.040 -60.551 142.805
3 0 -86.040 -60.551 142.805 -86.166 -59.995 142.429 -93.900 -61.381 142.566
3 0 -93.978 -61.062 141.967 -93.900 -61.381 142.566 -86.166 -59.995 142.429
3 0 -86.166 -59.995 142.429 -86.266 -59.624 141.865 -93.978 -61.062 141.967
3 0 -94.016 -60.994 141.289 -93.978 -61.062 141.967 -86.266 -59.624 141.865
3 0 -86.266 -59.624 141.865 -86.324 -59.495 141.197 -94.016 -60.994 141.289
3 0 -94.016 -60.994 141.289 -86.324 -59.495 141.197 -86.458 -58.838 141.068
3 0 -86.458 -58.838 141.068 -94.135 -60.349 141.098 -94.016 -60.994 141.289
3 0 -94.135 -60.349 141.098 -86.458 -58.838 141.068 -86.584 -58.282 140.692
3 0 -86.584 -58.282 140.692 -94.241 -59.827 140.670 -94.135 -60.349 141.098
3 0 -94.241 -59.827 140.670 -86.584 -58.282 140.692 -86.684 -57.911 140.128
3 0 -86.684 -57.911 140.128 -94.319 -59.508 140.071 -94.241 -59.827 140.670
3 0 -94.319 -59.508 140.071 -86.684 -57.911 140.128 -86.742 -57.783 139.460
3 0 -86.742 -57.783 139.460 -94.357 -59.440 139.393 -94.319 -59.508 140.071
3 0 -94.357 -59.440 139.393 -86.742 -57.783 139.460 -86.749 -57.915 138.790
3 0 -86.749 -57.915 138.790 -94.350 -59.633 138.738 -94.357 -59.440 139.393
3 0 -94.350 -59.633 138.738 -86.749 -57.915 138.790 -86.704 -58.289 138.220
3 0 -86.704 -58.289 138.220 -94.297 -60.058 138.207 -94.350 -59.633 138.738
3 0 -94.297 -60.058 138.207 -86.704 -58.289 138.220 -86.615 -58.848 137.838
3 0 -86.615 -58.848 137.838 -94.208 -60.651 137.879 -94.297 -60.058 138.207
3 0 -94.208 -60.651 137.879 -86.615 -58.848 137.838 -86.494 -59.506 137.701
3 0 -86.494 -59.506 137.701 -94.096 -61.320 137.805 -94.208 -60.651 137.879
3 0 -94.096 -61.320 137.805 -86.494 -59.506 137.701 -86.360 -60.163 137.829
3 0 -86.360 -60.163 137.829 -93.978 -61.965 137.997 -94.096 -61.320 137.805
3 0 -93.978 -61.965 137.997 -86.360 -60.163 137.829 -86.234 -60.719 138.205
3 0 -86.234 -60.719 138.205 -93.872 -62.486 138.424 -93.978 -61.965 137.997
3 0 -93.872 -62.486 138.424 -86.234 -60.719 138.205 -86.134 -61.090 138.769
3 0 -86.134 -61.090 138.769 -93.793 -62.806 139.023 -93.872 -62.486 138.424
3 0 -93.793 -62.806 139.023 -86.134 -61.090 138.769 -86.076 -61.219 139.438
3 0 -86.076 -61.219 139.438 -93.755 -62.874 139.701 -93.793 -62.806 139.023
3 0 -100.935 -67.104 144.045 -93.073 -65.981 143.492 -92.955 -66.626 143.684
3 0 -92.955 -66.626 143.684 -100.832 -67.724 144.312 -100.935 -67.104 144.045
3 0 -100.832 -67.724 144.312 -92.955 -66.626 143.684 -92.848 -67.147 144.111
3 0 -92.848 -67.147 144.111 -100.745 -68.195 144.798 -100.832 -67.724 144.312
3 0 -100.745 -68.195 144.798 -92.848 -67.147 144.111 -92.770 -67.467 144.710
3 0 -92.770 -67.467 144.710 -100.687 -68.446 145.431 -100.745 -68.195 144.798
3 0 -100.687 -68.446 145.431 -92.770 -67.467 144.710 -92.732 -67.535 145.388
3 0 -92.732 -67.535 145.388 -100.667 -68.437 146.113 -100.687 -68.446 145.431
3 0 -100.667 -68.437 146.113 -92.732 -67.535 145.388 -92.740 -67.342 146.043
3 0 -92.740 -67.342 146.043 -100.688 -68.171 146.742 -100.667 -68.437 146.113
3 0 -100.688 -68.171 146.742 -92.740 -67.342 146.043 -92.792 -66.917 146.575
3 0 -92.792 -66.917 146.575 -100.747 -67.687 147.220 -100.688 -68.171 146.742
3 0 -100.747 -67.687 147.220 -92.792 -66.917 146.575 -92.881 -66.324 146.902
3 0 -92.881 -66.324 146.902 -100.835 -67.060 147.476 -100.747 -67.687 147.220
3 0 -100.835 -67.060 147.476 -92.881 -66.324 146.902 -92.993 -65.655 146.976
3 0 -92.993 -65.655 146.976 -100.939 -66.386 147.471 -100.835 -67.060 147.476
3 0 -100.939 -66.386 147.471 -92.993 -65.655 146.976 -93.112 -65.010 146.785
3 0 -93.112 -65.010 146.785 -101.042 -65.765 147.204 -100.939 -66.386 147.471
3 0 -101.042 -65.765 147.204 -93.112 -65.010 146.785 -93.218 -64.489 146.357
3 0 -93.218 -64.489 146.357 -101.128 -65.294 146.718 -101.042 -65.765 147.204
3 0 -101.128 -65.294 146.718 -93.218 -64.489 146.357 -93.296 -64.169 145.759
3 0 -93.296 -64.169 145.759 -101.186 -65.044 146.085 -101.128 -65.294 146.718
3 0 -101.186 -65.044 146.085 -93.296 -64.169 145.759 -93.334 -64.101 145.080
3 0 -93.334 -64.101 145.080 -101.206 -65.053 145.403 -101.186 -65.044 146.085
3 0 -101.099 -66.391 142.244 -101.202 -65.771 141.977 -93.414 -64.427 141.596
3 0 -93.414 -64.427 141.596 -93.296 -65.072 141.788 -101.099 -66.391 142.244
3 0 -101.012 -66.862 142.730 -101.099 -66.391 142.244 -93.296 -65.072 141.788
3 0 -93.296 -65.072 141.788 -93.190 -65.594 142.215 -101.012 -66.862 142.730
3 0 -100.954 -67.113 143.363 -101.012 -66.862 142.730 -93.190 -65.594 142.215
3 0 -93.190 -65.594 142.215 -93.111 -65.913 142.814 -100.954 -67.113 143.363
3 0 -100.935 -67.104 144.045 -100.954 -67.113 143.363 -93.111 -65.913 142.814
3 0 -93.111 -65.913 142.814 -93.073 -65.981 143.492 -100.935 -67.104 144.045
3 0 -101.309 -64.432 145.136 -101.206 -65.053 145.403 -93.334 -64.101 145.080
3 0 -93.334 -64.101 145.080 -93.453 -63.456 144.889 -101.309 -64.432 145.136
3 0 -101.396 -63.961 144.650 -101.309 -64.432 145.136 -93.453 -63.456 144.889
3 0 -93.453 -63.456 144.889 -93.559 -62.935 144.461 -101.396 -63.961 144.650
3 0 -101.454 -63.711 144.017 -101.396 -63.961 144.650 -93.559 -62.935 144.461
3 0 -93.559 -62.935 144.461 -93.637 -62.615 143.863 -101.454 -63.711 144.017
3 0 -101.473 -63.720 143.335 -101.454 -63.711 144.017 -93.637 -62.615 143.863
3 0 -93.637 -62.615 143.863 -93.675 -62.547 143.184 -101.473 -63.720 143.335
3 0 -101.367 -65.059 140.176 -101.470 -64.439 139.910 -93.755 -62.874 139.701
3 0 -93.755 -62.874 139.701 -93.637 -63.519 139.893 -101.367 -65.059 140.176
3 0 -101.280 -65.530 140.663 -101.367 -65.059 140.176 -93.637 -63.519 139.893
3 0 -93.637 -63.519 139.893 -93.531 -64.040 140.320 -101.280 -65.530 140.663
3 0 -101.222 -65.780 141.295 -101.280 -65.530 140.663 -93.531 -64.040 140.320
3 0 -93.531 -64.040 140.320 -93.452 -64.360 140.919 -101.222 -65.780 141.295
3 0 -101.202 -65.771 141.977 -101.222 -65.780 141.295 -93.452 -64.360 140.919
3 0 -93.452 -64.360 140.919 -93.414 -64.427 141.596 -101.202 -65.771 141.977
3 0 -101.576 -63.100 143.069 -101.473 -63.720 143.335 -93.675 -62.547 143.184
3 0 -93.675 -62.547 143.184 -93.794 -61.903 142.993 -101.576 -63.100 143.069
3 0 -101.663 -62.629 142.582 -101.576 -63.100 143.069 -93.794 -61.903 142.993
3 0 -93.794 -61.903 142.993 -93.900 -61.381 142.566 -101.663 -62.629 142.582
3 0 -101.721 -62.378 141.950 -101.663 -62.629 142.582 -93.900 -61.381 142.566
3 0 -93.900 -61.381 142.566 -93.978 -61.062 141.967 -101.721 -62.378 141.950
3 0 -101.741 -62.387 141.267 -101.721 -62.378 141.950 -93.978 -61.062 141.967
3 0 -93.978 -61.062 141.967 -94.016 -60.994 141.289 -101.741 -62.387 141.267
3 0 -101.741 -62.387 141.267 -94.016 -60.994 141.289 -94.135 -60.349 141.098
3 0 -94.135 -60.349 141.098 -101.844 -61.767 141.001 -101.741 -62.387 141.267
3 0 -101.844 -61.767 141.001 -94.135 -60.349 141.098 -94.241 -59.827 140.670
3 0 -94.241 -59.827 140.670 -101.931 -61.296 140.514 -101.844 -61.767 141.001
3 0 -101.931 -61.296 140.514 -94.241 -59.827 140.670 -94.319 -59.508 140.071
3 0 -94.319 -59.508 140.071 -101.989 -61.045 139.882 -101.931 -61.296 140.514
3 0 -101.989 -61.045 139.882 -94.319 -59.508 140.071 -94.357 -59.440 139.393
3 0 -94.357 -59.440 139.393 -102.008 -61.054 139.199 -101.989 -61.045 139.882
3 0 -102.008 -61.054 139.199 -94.357 -59.440 139.393 -94.350 -59.633 138.738
3 0 -94.350 -59.633 138.738 -101.987 -61.320 138.571 -102.008 -61.054 139.199
3 0 -101.987 -61.320 138.571 -94.350 -59.633 138.738 -94.297 -60.058 138.207
3 0 -94.297 -60.058 138.207 -101.928 -61.804 138.092 -101.987 -61.320 138.571
3 0 -101.928 -61.804 138.092 -94.297 -60.058 138.207 -94.208 -60.651 137.879
3 0 -94.208 -60.651 137.879 -101.840 -62.431 137.836 -101.928 -61.804 138.092
3 0 -101.840 -62.431 137.836 -94.208 -60.651 137.879 -94.096 -61.320 137.805
3 0 -94.096 -61.320 137.805 -101.737 -63.105 137.842 -101.840 -62.431 137.836
3 0 -101.737 -63.105 137.842 -94.096 -61.320 137.805 -93.978 -61.965 137.997
3 0 -93.978 -61.965 137.997 -101.634 -63.726 138.108 -101.737 -63.105 137.842
3 0 -101.634 -63.726 138.108 -93.978 -61.965 137.997 -93.872 -62.486 138.424
3 0 -93.872 -62.486 138.424 -101.547 -64.197 138.595 -101.634 -63.726 138.108
3 0 -101.547 -64.197 138.595 -93.872 -62.486 138.424 -93.793 -62.806 139.023
3 0 -93.793 -62.806 139.023 -101.489 -64.447 139.227 -101.547 -64.197 138.595
3 0 -101.489 -64.447 139.227 -93.793 -62.806 139.023 -93.755 -62.874 139.701
3 0 -93.755 -62.874 139.701 -101.470 -64.439 139.910 -101.489 -64.447 139.227
3 0 -104.900 -67.511 144.402 -100.935 -67.104 144.045 -100.832 -67.724 144.312
3 0 -100.832 -67.724 144.312 -104.810 -68.100 144.735 -104.900 -67.511 144.402
3 0 -104.810 -68.100 144.735 -100.832 -67.724 144.312 -100.745 -68.195 144.798
3 0 -100.745 -68.195 144.798 -104.738 -68.518 145.271 -104.810 -68.100 144.735
3 0 -104.738 -68.518 145.271 -100.745 -68.195 144.798 -100.687 -68.446 145.431
3 0 -100.687 -68.446 145.431 -104.697 -68.700 145.927 -104.738 -68.518 145.271
3 0 -104.697 -68.700 145.927 -100.687 -68.446 145.431 -100.667 -68.437 146.113
3 0 -100.667 -68.437 146.113 -104.691 -68.619 146.605 -104.697 -68.700 145.927
3 0 -104.691 -68.619 146.605 -100.667 -68.437 146.113 -100.688 -68.171 146.742
3 0 -100.688 -68.171 146.742 -104.722 -68.287 147.201 -104.691 -68.619 146.605
3 0 -104.722 -68.287 147.201 -100.688 -68.171 146.742 -100.747 -67.687 147.220
3 0 -100.747 -67.687 147.220 -104.785 -67.755 147.624 -104.722 -68.287 147.201
3 0 -104.785 -67.755 147.624 -100.747 -67.687 147.220 -100.835 -67.060 147.476
3 0 -100.835 -67.060 147.476 -104.870 -67.104 147.811 -104.785 -67.755 147.624
3 0 -104.870 -67.104 147.811 -100.835 -67.060 147.476 -100.939 -66.386 147.471
3 0 -100.939 -66.386 147.471 -104.965 -66.432 147.731 -104.870 -67.104 147.811
3 0 -104.965 -66.432 147.731 -100.939 -66.386 147.471 -101.042 -65.765 147.204
3 0 -101.042 -65.765 147.204 -105.055 -65.843 147.398 -104.965 -66.432 147.731
3 0 -105.055 -65.843 147.398 -101.042 -65.765 147.204 -101.128 -65.294 146.718
3 0 -101.128 -65.294 146.718 -105.126 -65.425 146.863 -105.055 -65.843 147.398
3 0 -105.126 -65.425 146.863 -101.128 -65.294 146.718 -101.186 -65.044 146.085
3 0 -101.186 -65.044 146.085 -105.168 -65.243 146.206 -105.126 -65.425 146.863
3 0 -105.168 -65.243 146.206 -101.186 -65.044 146.085 -101.206 -65.053 145.403
3 0 -101.206 -65.053 145.403 -105.174 -65.324 145.528 -105.168 -65.243 146.206
3 0 -105.018 -66.992 142.532 -105.108 -66.402 142.199 -101.202 -65.771 141.977
3 0 -101.202 -65.771 141.977 -101.099 -66.391 142.244 -105.018 -66.992 142.532
3 0 -104.947 -67.409 143.067 -105.018 -66.992 142.532 -101.099 -66.391 142.244
3 0 -101.099 -66.391 142.244 -101.012 -66.862 142.730 -104.947 -67.409 143.067
3 0 -104.905 -67.592 143.724 -104.947 -67.409 143.067 -101.012 -66.862 142.730
3 0 -101.012 -66.862 142.730 -100.954 -67.113 143.363 -104.905 -67.592 143.724
3 0 -104.900 -67.511 144.402 -104.905 -67.592 143.724 -100.954 -67.113 143.363
3 0 -100.954 -67.113 143.363 -100.935 -67.104 144.045 -104.900 -67.511 144.402
3 0 -105.263 -64.734 145.195 -105.174 -65.324 145.528 -101.206 -65.053 145.403
3 0 -101.206 -65.053 145.403 -101.309 -64.432 145.136 -105.263 -64.734 145.195
3 0 -105.335 -64.317 144.660 -105.263 -64.734 145.195 -101.309 -64.432 145.136
3 0 -101.309 -64.432 145.136 -101.396 -63.961 144.650 -105.335 -64.317 144.660
3 0 -105.376 -64.135 144.003 -105.335 -64.317 144.660 -101.396 -63.961 144.650
3 0 -101.396 -63.961 144.650 -101.454 -63.711 144.017 -105.376 -64.135 144.003
3 0 -105.382 -64.216 143.325 -105.376 -64.135 144.003 -101.454 -63.711 144.017
3 0 -101.454 -63.711 144.017 -101.473 -63.720 143.335 -105.382 -64.216 143.325
3 0 -105.227 -65.884 140.330 -105.317 -65.295 139.997 -101.470 -64.439 139.910
3 0 -101.470 -64.439 139.910 -101.367 -65.059 140.176 -105.227 -65.884 140.330
3 0 -105.156 -66.302 140.865 -105.227 -65.884 140.330 -101.367 -65.059 140.176
3 0 -101.367 -65.059 140.176 -101.280 -65.530 140.663 -105.156 -66.302 140.865
3 0 -105.114 -66.484 141.522 -105.156 -66.302 140.865 -101.280 -65.530 140.663
3 0 -101.280 -65.530 140.663 -101.222 -65.780 141.295 -105.114 -66.484 141.522
3 0 -105.108 -66.402 142.199 -105.114 -66.484 141.522 -101.222 -65.780 141.295
3 0 -101.222 -65.780 141.295 -101.202 -65.771 141.977 -105.108 -66.402 142.199
3 0 -105.472 -63.627 142.993 -105.382 -64.216 143.325 -101.473 -63.720 143.335
3 0 -101.473 -63.720 143.335 -101.576 -63.100 143.069 -105.472 -63.627 142.993
3 0 -105.543 -63.209 142.458 -105.472 -63.627 142.993 -101.576 -63.100 143.069
3 0 -101.576 -63.100 143.069 -101.663 -62.629 142.582 -105.543 -63.209 142.458
3 0 -105.585 -63.027 141.801 -105.543 -63.209 142.458 -101.663 -62.629 142.582
3 0 -101.663 -62.629 142.582 -101.721 -62.378 141.950 -105.585 -63.027 141.801
3 0 -105.591 -63.108 141.123 -105.585 -63.027 141.801 -101.721 -62.378 141.950
3 0 -101.721 -62.378 141.950 -101.741 -62.387 141.267 -105.591 -63.108 141.123
3 0 -105.591 -63.108 141.123 -101.741 -62.387 141.267 -101.844 -61.767 141.001
3 0 -101.844 -61.767 141.001 -105.681 -62.518 140.790 -105.591 -63.108 141.123
3 0 -105.681 -62.518 140.790 -101.844 -61.767 141.001 -101.931 -61.296 140.514
3 0 -101.931 -61.296 140.514 -105.752 -62.101 140.254 -105.681 -62.518 140.790
3 0 -105.752 -62.101 140.254 -101.931 -61.296 140.514 -101.989 -61.045 139.882
3 0 -101.989 -61.045 139.882 -105.794 -61.919 139.598 -105.752 -62.101 140.254
3 0 -105.794 -61.919 139.598 -101.989 -61.045 139.882 -102.008 -61.054 139.199
3 0 -102.008 -61.054 139.199 -105.799 -62.000 138.920 -105.794 -61.919 139.598
3 0 -105.799 -62.000 138.920 -102.008 -61.054 139.199 -101.987 -61.320 138.571
3 0 -101.987 -61.320 138.571 -105.768 -62.331 138.324 -105.799 -62.000 138.920
3 0 -105.768 -62.331 138.324 -101.987 -61.320 138.571 -101.928 -61.804 138.092
3 0 -101.928 -61.804 138.092 -105.706 -62.863 137.901 -105.768 -62.331 138.324
3 0 -105.706 -62.863 137.901 -101.928 -61.804 138.092 -101.840 -62.431 137.836
3 0 -101.840 -62.431 137.836 -105.620 -63.515 137.714 -105.706 -62.863 137.901
3 0 -105.620 -63.515 137.714 -101.840 -62.431 137.836 -101.737 -63.105 137.842
3 0 -101.737 -63.105 137.842 -105.525 -64.186 137.794 -105.620 -63.515 137.714
3 0 -105.525 -64.186 137.794 -101.737 -63.105 137.842 -101.634 -63.726 138.108
3 0 -101.634 -63.726 138.108 -105.435 -64.776 138.127 -105.525 -64.186 137.794
3 0 -105.435 -64.776 138.127 -101.634 -63.726 138.108 -101.547 -64.197 138.595
3 0 -101.547 -64.197 138.595 -105.364 -65.193 138.662 -105.435 -64.776 138.127
3 0 -105.364 -65.193 138.662 -101.547 -64.197 138.595 -101.489 -64.447 139.227
3 0 -101.489 -64.447 139.227 -105.323 -65.375 139.319 -105.364 -65.193 138.662
3 0 -105.323 -65.375 139.319 -101.489 -64.447 139.227 -101.470 -64.439 139.910
3 0 -101.470 -64.439 139.910 -105.317 -65.295 139.997 -105.323 -65.375 139.319
3 0 -108.861 -67.869 144.695 -104.900 -67.511 144.402 -104.810 -68.100 144.735
3 0 -104.810 -68.100 144.735 -108.782 -68.426 145.082 -108.861 -67.869 144.695
3 0 -108.782 -68.426 145.082 -104.810 -68.100 144.735 -104.738 -68.518 145.271
3 0 -104.738 -68.518 145.271 -108.723 -68.792 145.655 -108.782 -68.426 145.082
3 0 -108.723 -68.792 145.655 -104.738 -68.518 145.271 -104.697 -68.700 145.927
3 0 -104.697 -68.700 145.927 -108.693 -68.913 146.327 -108.723 -68.792 145.655
3 0 -108.693 -68.913 146.327 -104.697 -68.700 145.927 -104.691 -68.619 146.605
3 0 -104.691 -68.619 146.605 -108.698 -68.769 146.994 -108.693 -68.913 146.327
3 0 -108.698 -68.769 146.994 -104.691 -68.619 146.605 -104.722 -68.287 147.201
3 0 -104.722 -68.287 147.201 -108.735 -68.383 147.556 -108.698 -68.769 146.994
3 0 -108.735 -68.383 147.556 -104.722 -68.287 147.201 -104.785 -67.755 147.624
3 0 -104.785 -67.755 147.624 -108.799 -67.814 147.927 -108.735 -68.383 147.556
3 0 -108.799 -67.814 147.927 -104.785 -67.755 147.624 -104.870 -67.104 147.811
3 0 -104.870 -67.104 147.811 -108.882 -67.147 148.050 -108.799 -67.814 147.927
3 0 -108.882 -67.147 148.050 -104.870 -67.104 147.811 -104.965 -66.432 147.731
3 0 -104.965 -66.432 147.731 -108.969 -66.485 147.907 -108.882 -67.147 148.050
3 0 -108.969 -66.485 147.907 -104.965 -66.432 147.731 -105.055 -65.843 147.398
3 0 -105.055 -65.843 147.398 -109.048 -65.929 147.520 -108.969 -66.485 147.907
3 0 -109.048 -65.929 147.520 -105.055 -65.843 147.398 -105.126 -65.425 146.863
3 0 -105.126 -65.425 146.863 -109.106 -65.562 146.947 -109.048 -65.929 147.520
3 0 -109.106 -65.562 146.947 -105.126 -65.425 146.863 -105.168 -65.243 146.206
3 0 -105.168 -65.243 146.206 -109.136 -65.442 146.275 -109.106 -65.562 146.947
3 0 -109.136 -65.442 146.275 -105.168 -65.243 146.206 -105.174 -65.324 145.528
3 0 -105.174 -65.324 145.528 -109.132 -65.585 145.608 -109.136 -65.442 146.275
3 0 -108.945 -67.526 142.782 -109.024 -66.969 142.395 -105.108 -66.402 142.199
3 0 -105.108 -66.402 142.199 -105.018 -66.992 142.532 -108.945 -67.526 142.782
3 0 -108.886 -67.892 143.356 -108.945 -67.526 142.782 -105.018 -66.992 142.532
3 0 -105.018 -66.992 142.532 -104.947 -67.409 143.067 -108.886 -67.892 143.356
3 0 -108.857 -68.013 144.027 -108.886 -67.892 143.356 -104.947 -67.409 143.067
3 0 -104.947 -67.409 143.067 -104.905 -67.592 143.724 -108.857 -68.013 144.027
3 0 -108.861 -67.869 144.695 -108.857 -68.013 144.027 -104.905 -67.592 143.724
3 0 -104.905 -67.592 143.724 -104.900 -67.511 144.402 -108.861 -67.869 144.695
3 0 -109.211 -65.029 145.220 -109.132 -65.585 145.608 -105.174 -65.324 145.528
3 0 -105.174 -65.324 145.528 -105.263 -64.734 145.195 -109.211 -65.029 145.220
3 0 -109.269 -64.662 144.647 -109.211 -65.029 145.220 -105.263 -64.734 145.195
3 0 -105.263 -64.734 145.195 -105.335 -64.317 144.660 -109.269 -64.662 144.647
3 0 -109.299 -64.541 143.976 -109.269 -64.662 144.647 -105.335 -64.317 144.660
3 0 -105.335 -64.317 144.660 -105.376 -64.135 144.003 -109.299 -64.541 143.976
3 0 -109.295 -64.685 143.308 -109.299 -64.541 143.976 -105.376 -64.135 144.003
3 0 -105.376 -64.135 144.003 -105.382 -64.216 143.325 -109.295 -64.685 143.308
3 0 -109.108 -66.626 140.484 -109.187 -66.070 140.096 -105.317 -65.295 139.997
3 0 -105.317 -65.295 139.997 -105.227 -65.884 140.330 -109.108 -66.626 140.484
3 0 -109.049 -66.993 141.057 -109.108 -66.626 140.484 -105.227 -65.884 140.330
3 0 -105.227 -65.884 140.330 -105.156 -66.302 140.865 -109.049 -66.993 141.057
3 0 -109.020 -67.113 141.728 -109.049 -66.993 141.057 -105.156 -66.302 140.865
3 0 -105.156 -66.302 140.865 -105.114 -66.484 141.522 -109.020 -67.113 141.728
3 0 -109.024 -66.969 142.395 -109.020 -67.113 141.728 -105.114 -66.484 141.522
3 0 -105.114 -66.484 141.522 -105.108 -66.402 142.199 -109.024 -66.969 142.395
3 0 -109.374 -64.129 142.921 -109.295 -64.685 143.308 -105.382 -64.216 143.325
3 0 -105.382 -64.216 143.325 -105.472 -63.627 142.993 -109.374 -64.129 142.921
3 0 -109.432 -63.762 142.348 -109.374 -64.129 142.921 -105.472 -63.627 142.993
3 0 -105.472 -63.627 142.993 -105.543 -63.209 142.458 -109.432 -63.762 142.348
3 0 -109.462 -63.642 141.677 -109.432 -63.762 142.348 -105.543 -63.209 142.458
3 0 -105.543 -63.209 142.458 -105.585 -63.027 141.801 -109.462 -63.642 141.677
3 0 -109.458 -63.785 141.009 -109.462 -63.642 141.677 -105.585 -63.027 141.801
3 0 -105.585 -63.027 141.801 -105.591 -63.108 141.123 -109.458 -63.785 141.009
3 0 -109.458 -63.785 141.009 -105.591 -63.108 141.123 -105.681 -62.518 140.790
3 0 -105.681 -62.518 140.790 -109.537 -63.229 140.621 -109.458 -63.785 141.009
3 0 -109.537 -63.229 140.621 -105.681 -62.518 140.790 -105.752 -62.101 140.254
3 0 -105.752 -62.101 140.254 -109.595 -62.862 140.048 -109.537 -63.229 140.621
3 0 -109.595 -62.862 140.048 -105.752 -62.101 140.254 -105.794 -61.919 139.598
3 0 -105.794 -61.919 139.598 -109.625 -62.742 139.377 -109.595 -62.862 140.048
3 0 -109.625 -62.742 139.377 -105.794 -61.919 139.598 -105.799 -62.000 138.920
3 0 -105.799 -62.000 138.920 -109.621 -62.885 138.709 -109.625 -62.742 139.377
3 0 -109.621 -62.885 138.709 -105.799 -62.000 138.920 -105.768 -62.331 138.324
3 0 -105.768 -62.331 138.324 -109.584 -63.271 138.147 -109.621 -62.885 138.709
3 0 -109.584 -63.271 138.147 -105.768 -62.331 138.324 -105.706 -62.863 137.901
3 0 -105.706 -62.863 137.901 -109.519 -63.841 137.777 -109.584 -63.271 138.147
3 0 -109.519 -63.841 137.777 -105.706 -62.863 137.901 -105.620 -63.515 137.714
3 0 -105.620 -63.515 137.714 -109.437 -64.508 137.653 -109.519 -63.841 137.777
3 0 -109.437 -64.508 137.653 -105.620 -63.515 137.714 -105.525 -64.186 137.794
3 0 -105.525 -64.186 137.794 -109.350 -65.169 137.796 -109.437 -64.508 137.653
3 0 -109.350 -65.169 137.796 -105.525 -64.186 137.794 -105.435 -64.776 138.127
3 0 -105.435 -64.776 138.127 -109.271 -65.726 138.184 -109.350 -65.169 137.796
3 0 -109.271 -65.726 138.184 -105.435 -64.776 138.127 -105.364 -65.193 138.662
3 0 -105.364 -65.193 138.662 -109.212 -66.093 138.757 -109.271 -65.726 138.184
3 0 -109.212 -66.093 138.757 -105.364 -65.193 138.662 -105.323 -65.375 139.319
3 0 -105.323 -65.375 139.319 -109.183 -66.213 139.428 -109.212 -66.093 138.757
3 0 -109.183 -66.213 139.428 -105.323 -65.375 139.319 -105.317 -65.295 139.997
3 0 -105.317 -65.295 139.997 -109.187 -66.070 140.096 -109.183 -66.213 139.428
3 0 -112.830 -68.136 144.987 -108.861 -67.869 144.695 -108.782 -68.426 145.082
3 0 -108.782 -68.426 145.082 -112.763 -68.647 145.434 -112.830 -68.136 144.987
3 0 -112.763 -68.647 145.434 -108.782 -68.426 145.082 -108.723 -68.792 145.655
3 0 -108.723 -68.792 145.655 -112.718 -68.949 146.045 -112.763 -68.647 145.434
3 0 -112.718 -68.949 146.045 -108.723 -68.792 145.655 -108.693 -68.913 146.327
3 0 -108.693 -68.913 146.327 -112.700 -68.996 146.726 -112.718 -68.949 146.045
3 0 -112.700 -68.996 146.726 -108.693 -68.913 146.327 -108.698 -68.769 146.994
3 0 -108.698 -68.769 146.994 -112.714 -68.780 147.374 -112.700 -68.996 146.726
3 0 -112.714 -68.780 147.374 -108.698 -68.769 146.994 -108.735 -68.383 147.556
3 0 -108.735 -68.383 147.556 -112.757 -68.334 147.889 -112.714 -68.780 147.374
3 0 -112.757 -68.334 147.889 -108.735 -68.383 147.556 -108.799 -67.814 147.927
3 0 -108.799 -67.814 147.927 -112.822 -67.727 148.195 -112.757 -68.334 147.889
3 0 -112.822 -67.727 148.195 -108.799 -67.814 147.927 -108.882 -67.147 148.050
3 0 -108.882 -67.147 148.050 -112.899 -67.050 148.243 -112.822 -67.727 148.195
3 0 -112.899 -67.050 148.243 -108.882 -67.147 148.050 -108.969 -66.485 147.907
3 0 -108.969 -66.485 147.907 -112.978 -66.407 148.027 -112.899 -67.050 148.243
3 0 -112.978 -66.407 148.027 -108.969 -66.485 147.907 -109.048 -65.929 147.520
3 0 -109.048 -65.929 147.520 -113.045 -65.896 147.579 -112.978 -66.407 148.027
3 0 -113.045 -65.896 147.579 -109.048 -65.929 147.520 -109.106 -65.562 146.947
3 0 -109.106 -65.562 146.947 -113.091 -65.594 146.969 -113.045 -65.896 147.579
3 0 -113.091 -65.594 146.969 -109.106 -65.562 146.947 -109.136 -65.442 146.275
3 0 -109.136 -65.442 146.275 -113.108 -65.547 146.288 -113.091 -65.594 146.969
3 0 -113.108 -65.547 146.288 -109.136 -65.442 146.275 -109.132 -65.585 145.608
3 0 -109.132 -65.585 145.608 -113.094 -65.763 145.640 -113.108 -65.547 146.288
3 0 -112.880 -68.003 143.048 -112.947 -67.492 142.600 -109.024 -66.969 142.395
3 0 -109.024 -66.969 142.395 -108.945 -67.526 142.782 -112.880 -68.003 143.048
3 0 -112.834 -68.305 143.658 -112.880 -68.003 143.048 -108.945 -67.526 142.782
3 0 -108.945 -67.526 142.782 -108.886 -67.892 143.356 -112.834 -68.305 143.658
3 0 -112.817 -68.352 144.339 -112.834 -68.305 143.658 -108.886 -67.892 143.356
3 0 -108.886 -67.892 143.356 -108.857 -68.013 144.027 -112.817 -68.352 144.339
3 0 -112.830 -68.136 144.987 -112.817 -68.352 144.339 -108.857 -68.013 144.027
3 0 -108.857 -68.013 144.027 -108.861 -67.869 144.695 -112.830 -68.136 144.987
3 0 -113.161 -65.252 145.193 -113.094 -65.763 145.640 -109.132 -65.585 145.608
3 0 -109.132 -65.585 145.608 -109.211 -65.029 145.220 -113.161 -65.252 145.193
3 0 -113.207 -64.950 144.582 -113.161 -65.252 145.193 -109.211 -65.029 145.220
3 0 -109.211 -65.029 145.220 -109.269 -64.662 144.647 -113.207 -64.950 144.582
3 0 -113.224 -64.903 143.901 -113.207 -64.950 144.582 -109.269 -64.662 144.647
3 0 -109.269 -64.662 144.647 -109.299 -64.541 143.976 -113.224 -64.903 143.901
3 0 -113.211 -65.119 143.253 -113.224 -64.903 143.901 -109.299 -64.541 143.976
3 0 -109.299 -64.541 143.976 -109.295 -64.685 143.308 -113.211 -65.119 143.253
3 0 -112.996 -67.359 140.662 -113.063 -66.848 140.214 -109.187 -66.070 140.096
3 0 -109.187 -66.070 140.096 -109.108 -66.626 140.484 -112.996 -67.359 140.662
3 0 -112.950 -67.661 141.272 -112.996 -67.359 140.662 -109.108 -66.626 140.484
3 0 -109.108 -66.626 140.484 -109.049 -66.993 141.057 -112.950 -67.661 141.272
3 0 -112.933 -67.708 141.953 -112.950 -67.661 141.272 -109.049 -66.993 141.057
3 0 -109.049 -66.993 141.057 -109.020 -67.113 141.728 -112.933 -67.708 141.953
3 0 -112.947 -67.492 142.600 -112.933 -67.708 141.953 -109.020 -67.113 141.728
3 0 -109.020 -67.113 141.728 -109.024 -66.969 142.395 -112.947 -67.492 142.600
3 0 -113.278 -64.608 142.807 -113.211 -65.119 143.253 -109.295 -64.685 143.308
3 0 -109.295 -64.685 143.308 -109.374 -64.129 142.921 -113.278 -64.608 142.807
3 0 -113.323 -64.306 142.196 -113.278 -64.608 142.807 -109.374 -64.129 142.921
3 0 -109.374 -64.129 142.921 -109.432 -63.762 142.348 -113.323 -64.306 142.196
3 0 -113.341 -64.259 141.515 -113.323 -64.306 142.196 -109.432 -63.762 142.348
3 0 -109.432 -63.762 142.348 -109.462 -63.642 141.677 -113.341 -64.259 141.515
3 0 -113.327 -64.475 140.867 -113.341 -64.259 141.515 -109.462 -63.642 141.677
3 0 -109.462 -63.642 141.677 -109.458 -63.785 141.009 -113.327 -64.475 140.867
3 0 -113.327 -64.475 140.867 -109.458 -63.785 141.009 -109.537 -63.229 140.621
3 0 -109.537 -63.229 140.621 -113.394 -63.964 140.420 -113.327 -64.475 140.867
3 0 -113.394 -63.964 140.420 -109.537 -63.229 140.621 -109.595 -62.862 140.048
3 0 -109.595 -62.862 140.048 -113.440 -63.662 139.809 -113.394 -63.964 140.420
3 0 -113.440 -63.662 139.809 -109.595 -62.862 140.048 -109.625 -62.742 139.377
3 0 -109.625 -62.742 139.377 -113.457 -63.615 139.128 -113.440 -63.662 139.809
3 0 -113.457 -63.615 139.128 -109.625 -62.742 139.377 -109.621 -62.885 138.709
3 0 -109.621 -62.885 138.709 -113.443 -63.831 138.480 -113.457 -63.615 139.128
3 0 -113.443 -63.831 138.480 -109.621 -62.885 138.709 -109.584 -63.271 138.147
3 0 -109.584 -63.271 138.147 -113.401 -64.277 137.965 -113.443 -63.831 138.480
3 0 -113.401 -64.277 137.965 -109.584 -63.271 138.147 -109.519 -63.841 137.777
3 0 -109.519 -63.841 137.777 -113.336 -64.884 137.660 -113.401 -64.277 137.965
3 0 -113.336 -64.884 137.660 -109.519 -63.841 137.777 -109.437 -64.508 137.653
3 0 -109.437 -64.508 137.653 -113.258 -65.561 137.611 -113.336 -64.884 137.660
3 0 -113.258 -65.561 137.611 -109.437 -64.508 137.653 -109.350 -65.169 137.796
3 0 -109.350 -65.169 137.796 -113.180 -66.204 137.827 -113.258 -65.561 137.611
3 0 -113.180 -66.204 137.827 -109.350 -65.169 137.796 -109.271 -65.726 138.184
3 0 -109.271 -65.726 138.184 -113.112 -66.715 138.275 -113.180 -66.204 137.827
3 0 -113.112 -66.715 138.275 -109.271 -65.726 138.184 -109.212 -66.093 138.757
3 0 -109.212 -66.093 138.757 -113.067 -67.017 138.885 -113.112 -66.715 138.275
3 0 -113.067 -67.017 138.885 -109.212 -66.093 138.757 -109.183 -66.213 139.428
3 0 -109.183 -66.213 139.428 -113.049 -67.064 139.566 -113.067 -67.017 138.885
3 0 -113.049 -67.064 139.566 -109.183 -66.213 139.428 -109.187 -66.070 140.096
3 0 -109.187 -66.070 140.096 -113.063 -66.848 140.214 -113.049 -67.064 139.566
3 0 -116.814 -68.271 145.282 -112.830 -68.136 144.987 -112.763 -68.647 145.434
3 0 -112.763 -68.647 145.434 -116.760 -68.717 145.797 -116.814 -68.271 145.282
3 0 -116.760 -68.717 145.797 -112.763 -68.647 145.434 -112.718 -68.949 146.045
3 0 -112.718 -68.949 146.045 -116.729 -68.933 146.444 -116.760 -68.717 145.797
3 0 -116.729 -68.933 146.444 -112.718 -68.949 146.045 -112.700 -68.996 146.726
3 0 -112.700 -68.996 146.726 -116.725 -68.887 147.125 -116.729 -68.933 146.444
3 0 -116.725 -68.887 147.125 -112.700 -68.996 146.726 -112.714 -68.780 147.374
3 0 -112.714 -68.780 147.374 -116.748 -68.584 147.736 -116.725 -68.887 147.125
3 0 -116.748 -68.584 147.736 -112.714 -68.780 147.374 -112.757 -68.334 147.889
3 0 -112.757 -68.334 147.889 -116.795 -68.072 148.186 -116.748 -68.584 147.736
3 0 -116.795 -68.072 148.186 -112.757 -68.334 147.889 -112.822 -67.727 148.195
3 0 -112.822 -67.727 148.195 -116.858 -67.428 148.404 -116.795 -68.072 148.186
3 0 -116.858 -67.428 148.404 -112.822 -67.727 148.195 -112.899 -67.050 148.243
3 0 -112.899 -67.050 148.243 -116.929 -66.750 148.358 -116.858 -67.428 148.404
3 0 -116.929 -66.750 148.358 -112.899 -67.050 148.243 -112.978 -66.407 148.027
3 0 -112.978 -66.407 148.027 -116.996 -66.142 148.054 -116.929 -66.750 148.358
3 0 -116.996 -66.142 148.054 -112.978 -66.407 148.027 -113.045 -65.896 147.579
3 0 -113.045 -65.896 147.579 -117.049 -65.696 147.540 -116.996 -66.142 148.054
3 0 -117.049 -65.696 147.540 -113.045 -65.896 147.579 -113.091 -65.594 146.969
3 0 -113.091 -65.594 146.969 -117.081 -65.480 146.893 -117.049 -65.696 147.540
3 0 -117.081 -65.480 146.893 -113.091 -65.594 146.969 -113.108 -65.547 146.288
3 0 -113.108 -65.547 146.288 -117.085 -65.527 146.212 -117.081 -65.480 146.893
3 0 -117.085 -65.527 146.212 -113.108 -65.547 146.288 -113.094 -65.763 145.640
3 0 -113.094 -65.763 145.640 -117.062 -65.830 145.600 -117.085 -65.527 146.212
3 0 -116.826 -68.405 143.342 -116.879 -67.959 142.828 -112.947 -67.492 142.600
3 0 -112.947 -67.492 142.600 -112.880 -68.003 143.048 -116.826 -68.405 143.342
3 0 -116.795 -68.621 143.989 -116.826 -68.405 143.342 -112.880 -68.003 143.048
3 0 -112.880 -68.003 143.048 -112.834 -68.305 143.658 -116.795 -68.621 143.989
3 0 -116.791 -68.574 144.671 -116.795 -68.621 143.989 -112.834 -68.305 143.658
3 0 -112.834 -68.305 143.658 -112.817 -68.352 144.339 -116.791 -68.574 144.671
3 0 -116.814 -68.271 145.282 -116.791 -68.574 144.671 -112.817 -68.352 144.339
3 0 -112.817 -68.352 144.339 -112.830 -68.136 144.987 -116.814 -68.271 145.282
3 0 -117.115 -65.383 145.086 -117.062 -65.830 145.600 -113.094 -65.763 145.640
3 0 -113.094 -65.763 145.640 -113.161 -65.252 145.193 -117.115 -65.383 145.086
3 0 -117.147 -65.168 144.439 -117.115 -65.383 145.086 -113.161 -65.252 145.193
3 0 -113.161 -65.252 145.193 -113.207 -64.950 144.582 -117.147 -65.168 144.439
3 0 -117.151 -65.214 143.758 -117.147 -65.168 144.439 -113.207 -64.950 144.582
3 0 -113.207 -64.950 144.582 -113.224 -64.903 143.901 -117.151 -65.214 143.758
3 0 -117.128 -65.517 143.146 -117.151 -65.214 143.758 -113.224 -64.903 143.901
3 0 -113.224 -64.903 143.901 -113.211 -65.119 143.253 -117.128 -65.517 143.146
3 0 -116.892 -68.092 140.889 -116.945 -67.646 140.375 -113.063 -66.848 140.214
3 0 -113.063 -66.848 140.214 -112.996 -67.359 140.662 -116.892 -68.092 140.889
3 0 -116.861 -68.308 141.536 -116.892 -68.092 140.889 -112.996 -67.359 140.662
3 0 -112.996 -67.359 140.662 -112.950 -67.661 141.272 -116.861 -68.308 141.536
3 0 -116.856 -68.261 142.217 -116.861 -68.308 141.536 -112.950 -67.661 141.272
3 0 -112.950 -67.661 141.272 -112.933 -67.708 141.953 -116.856 -68.261 142.217
3 0 -116.879 -67.959 142.828 -116.856 -68.261 142.217 -112.933 -67.708 141.953
3 0 -112.933 -67.708 141.953 -112.947 -67.492 142.600 -116.879 -67.959 142.828
3 0 -117.181 -65.071 142.632 -117.128 -65.517 143.146 -113.211 -65.119 143.253
3 0 -113.211 -65.119 143.253 -113.278 -64.608 142.807 -117.181 -65.071 142.632
3 0 -117.212 -64.855 141.985 -117.181 -65.071 142.632 -113.278 -64.608 142.807
3 0 -113.278 -64.608 142.807 -113.323 -64.306 142.196 -117.212 -64.855 141.985
3 0 -117.217 -64.902 141.304 -117.212 -64.855 141.985 -113.323 -64.306 142.196
3 0 -113.323 -64.306 142.196 -113.341 -64.259 141.515 -117.217 -64.902 141.304
3 0 -117.194 -65.204 140.693 -117.217 -64.902 141.304 -113.341 -64.259 141.515
3 0 -113.341 -64.259 141.515 -113.327 -64.475 140.867 -117.194 -65.204 140.693
3 0 -117.194 -65.204 140.693 -113.327 -64.475 140.867 -113.394 -63.964 140.420
3 0 -113.394 -63.964 140.420 -117.247 -64.758 140.178 -117.194 -65.204 140.693
3 0 -117.247 -64.758 140.178 -113.394 -63.964 140.420 -113.440 -63.662 139.809
3 0 -113.440 -63.662 139.809 -117.278 -64.542 139.531 -117.247 -64.758 140.178
3 0 -117.278 -64.542 139.531 -113.440 -63.662 139.809 -113.457 -63.615 139.128
3 0 -113.457 -63.615 139.128 -117.283 -64.589 138.850 -117.278 -64.542 139.531
3 0 -117.283 -64.589 138.850 -113.457 -63.615 139.128 -113.443 -63.831 138.480
3 0 -113.443 -63.831 138.480 -117.260 -64.892 138.238 -117.283 -64.589 138.850
3 0 -117.260 -64.892 138.238 -113.443 -63.831 138.480 -113.401 -64.277 137.965
3 0 -113.401 -64.277 137.965 -117.213 -65.404 137.789 -117.260 -64.892 138.238
3 0 -117.213 -65.404 137.789 -113.401 -64.277 137.965 -113.336 -64.884 137.660
3 0 -113.336 -64.884 137.660 -117.149 -66.048 137.571 -117.213 -65.404 137.789
3 0 -117.149 -66.048 137.571 -113.336 -64.884 137.660 -113.258 -65.561 137.611
3 0 -113.258 -65.561 137.611 -117.078 -66.725 137.617 -117.149 -66.048 137.571
3 0 -117.078 -66.725 137.617 -113.258 -65.561 137.611 -113.180 -66.204 137.827
3 0 -113.180 -66.204 137.827 -117.011 -67.333 137.921 -117.078 -66.725 137.617
3 0 -117.011 -67.333 137.921 -113.180 -66.204 137.827 -113.112 -66.715 138.275
3 0 -113.112 -66.715 138.275 -116.958 -67.779 138.435 -117.011 -67.333 137.921
3 0 -116.958 -67.779 138.435 -113.112 -66.715 138.275 -113.067 -67.017 138.885
3 0 -113.067 -67.017 138.885 -116.927 -67.995 139.082 -116.958 -67.779 138.435
3 0 -116.927 -67.995 139.082 -113.067 -67.017 138.885 -113.049 -67.064 139.566
3 0 -113.049 -67.064 139.566 -116.922 -67.948 139.763 -116.927 -67.995 139.082
3 0 -116.922 -67.948 139.763 -113.049 -67.064 139.566 -113.063 -66.848 140.214
3 0 -113.063 -66.848 140.214 -116.945 -67.646 140.375 -116.922 -67.948 139.763
3 0 -120.803 -68.277 145.542 -116.814 -68.271 145.282 -116.760 -68.717 145.797
3 0 -116.760 -68.717 145.797 -120.765 -68.638 146.120 -120.803 -68.277 145.542
3 0 -120.765 -68.638 146.120 -116.760 -68.717 145.797 -116.729 -68.933 146.444
3 0 -116.729 -68.933 146.444 -120.748 -68.750 146.793 -120.765 -68.638 146.120
3 0 -120.748 -68.750 146.793 -116.729 -68.933 146.444 -116.725 -68.887 147.125
3 0 -116.725 -68.887 147.125 -120.755 -68.598 147.459 -120.748 -68.750 146.793
3 0 -120.755 -68.598 147.459 -116.725 -68.887 147.125 -116.748 -68.584 147.736
3 0 -116.748 -68.584 147.736 -120.785 -68.203 148.015 -120.755 -68.598 147.459
3 0 -120.785 -68.203 148.015 -116.748 -68.584 147.736 -116.795 -68.072 148.186
3 0 -116.795 -68.072 148.186 -120.834 -67.627 148.378 -120.785 -68.203 148.015
3 0 -120.834 -67.627 148.378 -116.795 -68.072 148.186 -116.858 -67.428 148.404
3 0 -116.858 -67.428 148.404 -120.894 -66.956 148.492 -120.834 -67.627 148.378
3 0 -120.894 -66.956 148.492 -116.858 -67.428 148.404 -116.929 -66.750 148.358
3 0 -116.929 -66.750 148.358 -120.956 -66.294 148.339 -120.894 -66.956 148.492
3 0 -120.956 -66.294 148.339 -116.929 -66.750 148.358 -116.996 -66.142 148.054
3 0 -116.996 -66.142 148.054 -121.011 -65.740 147.943 -120.956 -66.294 148.339
3 0 -121.011 -65.740 147.943 -116.996 -66.142 148.054 -117.049 -65.696 147.540
3 0 -117.049 -65.696 147.540 -121.050 -65.379 147.365 -121.011 -65.740 147.943
3 0 -121.050 -65.379 147.365 -117.049 -65.696 147.540 -117.081 -65.480 146.893
3 0 -117.081 -65.480 146.893 -121.067 -65.267 146.692 -121.050 -65.379 147.365
3 0 -121.067 -65.267 146.692 -117.081 -65.480 146.893 -117.085 -65.527 146.212
3 0 -117.085 -65.527 146.212 -121.059 -65.419 146.026 -121.067 -65.267 146.692
3 0 -121.059 -65.419 146.026 -117.085 -65.527 146.212 -117.062 -65.830 145.600
3 0 -117.062 -65.830 145.600 -121.029 -65.814 145.470 -121.059 -65.419 146.026
3 0 -120.783 -68.712 143.646 -120.821 -68.351 143.068 -116.879 -67.959 142.828
3 0 -116.879 -67.959 142.828 -116.826 -68.405 143.342 -120.783 -68.712 143.646
3 0 -120.766 -68.824 144.320 -120.783 -68.712 143.646 -116.826 -68.405 143.342
3 0 -116.826 -68.405 143.342 -116.795 -68.621 143.989 -120.766 -68.824 144.320
3 0 -120.773 -68.672 144.985 -120.766 -68.824 144.320 -116.795 -68.621 143.989
3 0 -116.795 -68.621 143.989 -116.791 -68.574 144.671 -120.773 -68.672 144.985
3 0 -120.803 -68.277 145.542 -120.773 -68.672 144.985 -116.791 -68.574 144.671
3 0 -116.791 -68.574 144.671 -116.814 -68.271 145.282 -120.803 -68.277 145.542
3 0 -121.068 -65.453 144.891 -121.029 -65.814 145.470 -117.062 -65.830 145.600
3 0 -117.062 -65.830 145.600 -117.115 -65.383 145.086 -121.068 -65.453 144.891
3 0 -121.085 -65.341 144.218 -121.068 -65.453 144.891 -117.115 -65.383 145.086
3 0 -117.115 -65.383 145.086 -117.147 -65.168 144.439 -121.085 -65.341 144.218
3 0 -121.077 -65.493 143.552 -121.085 -65.341 144.218 -117.147 -65.168 144.439
3 0 -117.147 -65.168 144.439 -117.151 -65.214 143.758 -121.077 -65.493 143.552
3 0 -121.047 -65.888 142.996 -121.077 -65.493 143.552 -117.151 -65.214 143.758
3 0 -117.151 -65.214 143.758 -117.128 -65.517 143.146 -121.047 -65.888 142.996
3 0 -120.801 -68.786 141.174 -120.840 -68.425 140.595 -116.945 -67.646 140.375
3 0 -116.945 -67.646 140.375 -116.892 -68.092 140.889 -120.801 -68.786 141.174
3 0 -120.784 -68.898 141.847 -120.801 -68.786 141.174 -116.892 -68.092 140.889
3 0 -116.892 -68.092 140.889 -116.861 -68.308 141.536 -120.784 -68.898 141.847
3 0 -120.791 -68.746 142.512 -120.784 -68.898 141.847 -116.861 -68.308 141.536
3 0 -116.861 -68.308 141.536 -116.856 -68.261 142.217 -120.791 -68.746 142.512
3 0 -120.821 -68.351 143.068 -120.791 -68.746 142.512 -116.856 -68.261 142.217
3 0 -116.856 -68.261 142.217 -116.879 -67.959 142.828 -120.821 -68.351 143.068
3 0 -121.086 -65.527 142.418 -121.047 -65.888 142.996 -117.128 -65.517 143.146
3 0 -117.128 -65.517 143.146 -117.181 -65.071 142.632 -121.086 -65.527 142.418
3 0 -121.103 -65.414 141.745 -121.086 -65.527 142.418 -117.181 -65.071 142.632
3 0 -117.181 -65.071 142.632 -117.212 -64.855 141.985 -121.103 -65.414 141.745
3 0 -121.096 -65.567 141.080 -121.103 -65.414 141.745 -117.212 -64.855 141.985
3 0 -117.212 -64.855 141.985 -117.217 -64.902 141.304 -121.096 -65.567 141.080
3 0 -121.065 -65.962 140.523 -121.096 -65.567 141.080 -117.217 -64.902 141.304
3 0 -117.217 -64.902 141.304 -117.194 -65.204 140.693 -121.065 -65.962 140.523
3 0 -121.065 -65.962 140.523 -117.194 -65.204 140.693 -117.247 -64.758 140.178
3 0 -117.247 -64.758 140.178 -121.104 -65.601 139.944 -121.065 -65.962 140.523
3 0 -121.104 -65.601 139.944 -117.247 -64.758 140.178 -117.278 -64.542 139.531
3 0 -117.278 -64.542 139.531 -121.121 -65.488 139.271 -121.104 -65.601 139.944
3 0 -121.121 -65.488 139.271 -117.278 -64.542 139.531 -117.283 -64.589 138.850
3 0 -117.283 -64.589 138.850 -121.114 -65.641 138.606 -121.121 -65.488 139.271
3 0 -121.114 -65.641 138.606 -117.283 -64.589 138.850 -117.260 -64.892 138.238
3 0 -117.260 -64.892 138.238 -121.083 -66.035 138.049 -121.114 -65.641 138.606
3 0 -121.083 -66.035 138.049 -117.260 -64.892 138.238 -117.213 -65.404 137.789
3 0 -117.213 -65.404 137.789 -121.034 -66.612 137.687 -121.083 -66.035 138.049
3 0 -121.034 -66.612 137.687 -117.213 -65.404 137.789 -117.149 -66.048 137.571
3 0 -117.149 -66.048 137.571 -120.974 -67.282 137.573 -121.034 -66.612 137.687
3 0 -120.974 -67.282 137.573 -117.149 -66.048 137.571 -117.078 -66.725 137.617
3 0 -117.078 -66.725 137.617 -120.912 -67.945 137.726 -120.974 -67.282 137.573
3 0 -120.912 -67.945 137.726 -117.078 -66.725 137.617 -117.011 -67.333 137.921
3 0 -117.011 -67.333 137.921 -120.858 -68.499 138.121 -120.912 -67.945 137.726
3 0 -120.858 -68.499 138.121 -117.011 -67.333 137.921 -116.958 -67.779 138.435
3 0 -116.958 -67.779 138.435 -120.819 -68.860 138.700 -120.858 -68.499 138.121
3 0 -120.819 -68.860 138.700 -116.958 -67.779 138.435 -116.927 -67.995 139.082
3 0 -116.927 -67.995 139.082 -120.802 -68.972 139.373 -120.819 -68.860 138.700
3 0 -120.802 -68.972 139.373 -116.927 -67.995 139.082 -116.922 -67.948 139.763
3 0 -116.922 -67.948 139.763 -120.809 -68.820 140.038 -120.802 -68.972 139.373
3 0 -120.809 -68.820 140.038 -116.922 -67.948 139.763 -116.945 -67.646 140.375
3 0 -116.945 -67.646 140.375 -120.840 -68.425 140.595 -120.809 -68.820 140.038
3 0 -124.796 -68.156 145.740 -120.803 -68.277 145.542 -120.765 -68.638 146.120
3 0 -120.765 -68.638 146.120 -124.771 -68.409 146.374 -124.796 -68.156 145.740
3 0 -124.771 -68.409 146.374 -120.765 -68.638 146.120 -120.748 -68.750 146.793
3 0 -120.748 -68.750 146.793 -124.767 -68.402 147.057 -124.771 -68.409 146.374
3 0 -124.767 -68.402 147.057 -120.748 -68.750 146.793 -120.755 -68.598 147.459
3 0 -120.755 -68.598 147.459 -124.784 -68.134 147.685 -124.767 -68.402 147.057
3 0 -124.784 -68.134 147.685 -120.755 -68.598 147.459 -120.785 -68.203 148.015
3 0 -120.785 -68.203 148.015 -124.819 -67.648 148.162 -124.784 -68.134 147.685
3 0 -124.819 -67.648 148.162 -120.785 -68.203 148.015 -120.834 -67.627 148.378
3 0 -120.834 -67.627 148.378 -124.867 -67.016 148.417 -124.819 -67.648 148.162
3 0 -124.867 -67.016 148.417 -120.834 -67.627 148.378 -120.894 -66.956 148.492
3 0 -120.894 -66.956 148.492 -124.921 -66.336 148.410 -124.867 -67.016 148.417
3 0 -124.921 -66.336 148.410 -120.894 -66.956 148.492 -120.956 -66.294 148.339
3 0 -120.956 -66.294 148.339 -124.972 -65.710 148.142 -124.921 -66.336 148.410
3 0 -124.972 -65.710 148.142 -120.956 -66.294 148.339 -121.011 -65.740 147.943
3 0 -121.011 -65.740 147.943 -125.013 -65.234 147.654 -124.972 -65.710 148.142
3 0 -125.013 -65.234 147.654 -121.011 -65.740 147.943 -121.050 -65.379 147.365
3 0 -121.050 -65.379 147.365 -125.037 -64.980 147.021 -125.013 -65.234 147.654
3 0 -125.037 -64.980 147.021 -121.050 -65.379 147.365 -121.067 -65.267 146.692
3 0 -121.067 -65.267 146.692 -125.042 -64.987 146.338 -125.037 -64.980 147.021
3 0 -125.042 -64.987 146.338 -121.067 -65.267 146.692 -121.059 -65.419 146.026
3 0 -121.059 -65.419 146.026 -125.025 -65.255 145.710 -125.042 -64.987 146.338
3 0 -125.025 -65.255 145.710 -121.059 -65.419 146.026 -121.029 -65.814 145.470
3 0 -121.029 -65.814 145.470 -124.990 -65.741 145.232 -125.025 -65.255 145.710
3 0 -124.748 -68.917 143.952 -124.772 -68.663 143.318 -120.821 -68.351 143.068
3 0 -120.821 -68.351 143.068 -120.783 -68.712 143.646 -124.748 -68.917 143.952
3 0 -124.744 -68.910 144.634 -124.748 -68.917 143.952 -120.783 -68.712 143.646
3 0 -120.783 -68.712 143.646 -120.766 -68.824 144.320 -124.744 -68.910 144.634
3 0 -124.760 -68.642 145.262 -124.744 -68.910 144.634 -120.766 -68.824 144.320
3 0 -120.766 -68.824 144.320 -120.773 -68.672 144.985 -124.760 -68.642 145.262
3 0 -124.796 -68.156 145.740 -124.760 -68.642 145.262 -120.773 -68.672 144.985
3 0 -120.773 -68.672 144.985 -120.803 -68.277 145.542 -124.796 -68.156 145.740
3 0 -125.014 -65.488 144.599 -124.990 -65.741 145.232 -121.029 -65.814 145.470
3 0 -121.029 -65.814 145.470 -121.068 -65.453 144.891 -125.014 -65.488 144.599
3 0 -125.018 -65.495 143.916 -125.014 -65.488 144.599 -121.068 -65.453 144.891
3 0 -121.068 -65.453 144.891 -121.085 -65.341 144.218 -125.018 -65.495 143.916
3 0 -125.001 -65.762 143.288 -125.018 -65.495 143.916 -121.085 -65.341 144.218
3 0 -121.085 -65.341 144.218 -121.077 -65.493 143.552 -125.001 -65.762 143.288
3 0 -124.966 -66.249 142.810 -125.001 -65.762 143.288 -121.077 -65.493 143.552
3 0 -121.077 -65.493 143.552 -121.047 -65.888 142.996 -124.966 -66.249 142.810
3 0 -124.724 -69.425 141.530 -124.748 -69.171 140.897 -120.840 -68.425 140.595
3 0 -120.840 -68.425 140.595 -120.801 -68.786 141.174 -124.724 -69.425 141.530
3 0 -124.720 -69.417 142.213 -124.724 -69.425 141.530 -120.801 -68.786 141.174
3 0 -120.801 -68.786 141.174 -120.784 -68.898 141.847 -124.720 -69.417 142.213
3 0 -124.737 -69.150 142.841 -124.720 -69.417 142.213 -120.784 -68.898 141.847
3 0 -120.784 -68.898 141.847 -120.791 -68.746 142.512 -124.737 -69.150 142.841
3 0 -124.772 -68.663 143.318 -124.737 -69.150 142.841 -120.791 -68.746 142.512
3 0 -120.791 -68.746 142.512 -120.821 -68.351 143.068 -124.772 -68.663 143.318
3 0 -124.990 -65.995 142.177 -124.966 -66.249 142.810 -121.047 -65.888 142.996
3 0 -121.047 -65.888 142.996 -121.086 -65.527 142.418 -124.990 -65.995 142.177
3 0 -124.994 -66.003 141.495 -124.990 -65.995 142.177 -121.086 -65.527 142.418
3 0 -121.086 -65.527 142.418 -121.103 -65.414 141.745 -124.994 -66.003 141.495
3 0 -124.977 -66.270 140.867 -124.994 -66.003 141.495 -121.103 -65.414 141.745
3 0 -121.103 -65.414 141.745 -121.096 -65.567 141.080 -124.977 -66.270 140.867
3 0 -124.942 -66.757 140.389 -124.977 -66.270 140.867 -121.096 -65.567 141.080
3 0 -121.096 -65.567 141.080 -121.065 -65.962 140.523 -124.942 -66.757 140.389
3 0 -124.942 -66.757 140.389 -121.065 -65.962 140.523 -121.104 -65.601 139.944
3 0 -121.104 -65.601 139.944 -124.967 -66.503 139.755 -124.942 -66.757 140.389
3 0 -124.967 -66.503 139.755 -121.104 -65.601 139.944 -121.121 -65.488 139.271
3 0 -121.121 -65.488 139.271 -124.971 -66.510 139.073 -124.967 -66.503 139.755
3 0 -124.971 -66.510 139.073 -121.121 -65.488 139.271 -121.114 -65.641 138.606
3 0 -121.114 -65.641 138.606 -124.954 -66.778 138.444 -124.971 -66.510 139.073
3 0 -124.954 -66.778 138.444 -121.114 -65.641 138.606 -121.083 -66.035 138.049
3 0 -121.083 -66.035 138.049 -124.919 -67.264 137.967 -124.954 -66.778 138.444
3 0 -124.919 -67.264 137.967 -121.083 -66.035 138.049 -121.034 -66.612 137.687
3 0 -121.034 -66.612 137.687 -124.871 -67.896 137.712 -124.919 -67.264 137.967
3 0 -124.871 -67.896 137.712 -121.034 -66.612 137.687 -120.974 -67.282 137.573
3 0 -120.974 -67.282 137.573 -124.817 -68.577 137.719 -124.871 -67.896 137.712
3 0 -124.817 -68.577 137.719 -120.974 -67.282 137.573 -120.912 -67.945 137.726
3 0 -120.912 -67.945 137.726 -124.766 -69.203 137.987 -124.817 -68.577 137.719
3 0 -124.766 -69.203 137.987 -120.912 -67.945 137.726 -120.858 -68.499 138.121
3 0 -120.858 -68.499 138.121 -124.725 -69.679 138.475 -124.766 -69.203 137.987
3 0 -124.725 -69.679 138.475 -120.858 -68.499 138.121 -120.819 -68.860 138.700
3 0 -120.819 -68.860 138.700 -124.700 -69.932 139.108 -124.725 -69.679 138.475
3 0 -124.700 -69.932 139.108 -120.819 -68.860 138.700 -120.802 -68.972 139.373
3 0 -120.802 -68.972 139.373 -124.696 -69.925 139.791 -124.700 -69.932 139.108
3 0 -124.696 -69.925 139.791 -120.802 -68.972 139.373 -120.809 -68.820 140.038
3 0 -120.809 -68.820 140.038 -124.713 -69.658 140.419 -124.696 -69.925 139.791
3 0 -124.713 -69.658 140.419 -120.809 -68.820 140.038 -120.840 -68.425 140.595
3 0 -120.840 -68.425 140.595 -124.748 -69.171 140.897 -124.713 -69.658 140.419
3 0 -128.787 -67.914 145.844 -124.796 -68.156 145.740 -124.771 -68.409 146.374
3 0 -124.771 -68.409 146.374 -128.776 -68.041 146.515 -128.787 -67.914 145.844
3 0 -128.776 -68.041 146.515 -124.771 -68.409 146.374 -124.767 -68.402 147.057
3 0 -124.767 -68.402 147.057 -128.783 -67.903 147.184 -128.776 -68.041 146.515
3 0 -128.783 -67.903 147.184 -124.767 -68.402 147.057 -124.784 -68.134 147.685
3 0 -124.784 -68.134 147.685 -128.806 -67.520 147.748 -128.783 -67.903 147.184
3 0 -128.806 -67.520 147.748 -124.784 -68.134 147.685 -124.819 -67.648 148.162
3 0 -124.819 -67.648 148.162 -128.842 -66.950 148.123 -128.806 -67.520 147.748
3 0 -128.842 -66.950 148.123 -124.819 -67.648 148.162 -124.867 -67.016 148.417
3 0 -124.867 -67.016 148.417 -128.886 -66.281 148.251 -128.842 -66.950 148.123
3 0 -128.886 -66.281 148.251 -124.867 -67.016 148.417 -124.921 -66.336 148.410
3 0 -124.921 -66.336 148.410 -128.930 -65.614 148.112 -128.886 -66.281 148.251
3 0 -128.930 -65.614 148.112 -124.921 -66.336 148.410 -124.972 -65.710 148.142
3 0 -124.972 -65.710 148.142 -128.969 -65.050 147.728 -128.930 -65.614 148.112
3 0 -128.969 -65.050 147.728 -124.972 -65.710 148.142 -125.013 -65.234 147.654
3 0 -125.013 -65.234 147.654 -128.996 -64.677 147.158 -128.969 -65.050 147.728
3 0 -128.996 -64.677 147.158 -125.013 -65.234 147.654 -125.037 -64.980 147.021
3 0 -125.037 -64.980 147.021 -129.006 -64.549 146.487 -128.996 -64.677 147.158
3 0 -129.006 -64.549 146.487 -125.037 -64.980 147.021 -125.042 -64.987 146.338
3 0 -125.042 -64.987 146.338 -128.999 -64.688 145.818 -129.006 -64.549 146.487
3 0 -128.999 -64.688 145.818 -125.042 -64.987 146.338 -125.025 -65.255 145.710
3 0 -125.025 -65.255 145.710 -128.976 -65.071 145.254 -128.999 -64.688 145.818
3 0 -128.976 -65.071 145.254 -125.025 -65.255 145.710 -124.990 -65.741 145.232
3 0 -124.990 -65.741 145.232 -128.940 -65.641 144.879 -128.976 -65.071 145.254
3 0 -128.720 -69.006 144.236 -128.731 -68.878 143.566 -124.772 -68.663 143.318
3 0 -124.772 -68.663 143.318 -124.748 -68.917 143.952 -128.720 -69.006 144.236
3 0 -128.727 -68.867 144.905 -128.720 -69.006 144.236 -124.748 -68.917 143.952
3 0 -124.748 -68.917 143.952 -124.744 -68.910 144.634 -128.727 -68.867 144.905
3 0 -128.751 -68.484 145.470 -128.727 -68.867 144.905 -124.744 -68.910 144.634
3 0 -124.744 -68.910 144.634 -124.760 -68.642 145.262 -128.751 -68.484 145.470
3 0 -128.787 -67.914 145.844 -128.751 -68.484 145.470 -124.760 -68.642 145.262
3 0 -124.760 -68.642 145.262 -124.796 -68.156 145.740 -128.787 -67.914 145.844
3 0 -128.951 -65.513 144.208 -128.940 -65.641 144.879 -124.990 -65.741 145.232
3 0 -124.990 -65.741 145.232 -125.014 -65.488 144.599 -128.951 -65.513 144.208
3 0 -128.944 -65.652 143.539 -128.951 -65.513 144.208 -125.014 -65.488 144.599
3 0 -125.014 -65.488 144.599 -125.018 -65.495 143.916 -128.944 -65.652 143.539
3 0 -128.921 -66.035 142.975 -128.944 -65.652 143.539 -125.018 -65.495 143.916
3 0 -125.018 -65.495 143.916 -125.001 -65.762 143.288 -128.921 -66.035 142.975
3 0 -128.884 -66.605 142.600 -128.921 -66.035 142.975 -125.001 -65.762 143.288
3 0 -125.001 -65.762 143.288 -124.966 -66.249 142.810 -128.884 -66.605 142.600
3 0 -128.665 -69.969 141.958 -128.676 -69.842 141.288 -124.748 -69.171 140.897
3 0 -124.748 -69.171 140.897 -124.724 -69.425 141.530 -128.665 -69.969 141.958
3 0 -128.672 -69.831 142.627 -128.665 -69.969 141.958 -124.724 -69.425 141.530
3 0 -124.724 -69.425 141.530 -124.720 -69.417 142.213 -128.672 -69.831 142.627
3 0 -128.695 -69.448 143.192 -128.672 -69.831 142.627 -124.720 -69.417 142.213
3 0 -124.720 -69.417 142.213 -124.737 -69.150 142.841 -128.695 -69.448 143.192
3 0 -128.731 -68.878 143.566 -128.695 -69.448 143.192 -124.737 -69.150 142.841
3 0 -124.737 -69.150 142.841 -124.772 -68.663 143.318 -128.731 -68.878 143.566
3 0 -128.895 -66.477 141.930 -128.884 -66.605 142.600 -124.966 -66.249 142.810
3 0 -124.966 -66.249 142.810 -124.990 -65.995 142.177 -128.895 -66.477 141.930
3 0 -128.888 -66.616 141.262 -128.895 -66.477 141.930 -124.990 -65.995 142.177
3 0 -124.990 -65.995 142.177 -124.994 -66.003 141.495 -128.888 -66.616 141.262
3 0 -128.865 -66.999 140.697 -128.888 -66.616 141.262 -124.994 -66.003 141.495
3 0 -124.994 -66.003 141.495 -124.977 -66.270 140.867 -128.865 -66.999 140.697
3 0 -128.829 -67.568 140.322 -128.865 -66.999 140.697 -124.977 -66.270 140.867
3 0 -124.977 -66.270 140.867 -124.942 -66.757 140.389 -128.829 -67.568 140.322
3 0 -128.829 -67.568 140.322 -124.942 -66.757 140.389 -124.967 -66.503 139.755
3 0 -124.967 -66.503 139.755 -128.840 -67.441 139.651 -128.829 -67.568 140.322
3 0 -128.840 -67.441 139.651 -124.967 -66.503 139.755 -124.971 -66.510 139.073
3 0 -124.971 -66.510 139.073 -128.833 -67.580 138.983 -128.840 -67.441 139.651
3 0 -128.833 -67.580 138.983 -124.971 -66.510 139.073 -124.954 -66.778 138.444
3 0 -124.954 -66.778 138.444 -128.810 -67.963 138.418 -128.833 -67.580 138.983
3 0 -128.810 -67.963 138.418 -124.954 -66.778 138.444 -124.919 -67.264 137.967
3 0 -124.919 -67.264 137.967 -128.773 -68.532 138.043 -128.810 -67.963 138.418
3 0 -128.773 -68.532 138.043 -124.919 -67.264 137.967 -124.871 -67.896 137.712
3 0 -124.871 -67.896 137.712 -128.730 -69.202 137.916 -128.773 -68.532 138.043
3 0 -128.730 -69.202 137.916 -124.871 -67.896 137.712 -124.817 -68.577 137.719
3 0 -124.817 -68.577 137.719 -128.685 -69.869 138.054 -128.730 -69.202 137.916
3 0 -128.685 -69.869 138.054 -124.817 -68.577 137.719 -124.766 -69.203 137.987
3 0 -124.766 -69.203 137.987 -128.647 -70.432 138.438 -128.685 -69.869 138.054
3 0 -128.647 -70.432 138.438 -124.766 -69.203 137.987 -124.725 -69.679 138.475
3 0 -124.725 -69.679 138.475 -128.620 -70.806 139.009 -128.647 -70.432 138.438
3 0 -128.620 -70.806 139.009 -124.725 -69.679 138.475 -124.700 -69.932 139.108
3 0 -124.700 -69.932 139.108 -128.609 -70.933 139.680 -128.620 -70.806 139.009
3 0 -128.609 -70.933 139.680 -124.700 -69.932 139.108 -124.696 -69.925 139.791
3 0 -124.696 -69.925 139.791 -128.616 -70.795 140.348 -128.609 -70.933 139.680
3 0 -128.616 -70.795 140.348 -124.696 -69.925 139.791 -124.713 -69.658 140.419
3 0 -124.713 -69.658 140.419 -128.639 -70.412 140.913 -128.616 -70.795 140.348
3 0 -128.639 -70.412 140.913 -124.713 -69.658 140.419 -124.748 -69.171 140.897
3 0 -124.748 -69.171 140.897 -128.676 -69.842 141.288 -128.639 -70.412 140.913
3 0 -132.769 -67.592 145.830 -128.787 -67.914 145.844 -128.776 -68.041 146.515
3 0 -128.776 -68.041 146.515 -132.769 -67.583 146.512 -132.769 -67.592 145.830
3 0 -132.769 -67.583 146.512 -128.776 -68.041 146.515 -128.783 -67.903 147.184
3 0 -128.783 -67.903 147.184 -132.783 -67.313 147.139 -132.769 -67.583 146.512
3 0 -132.783 -67.313 147.139 -128.783 -67.903 147.184 -128.806 -67.520 147.748
3 0 -128.806 -67.520 147.748 -132.808 -66.824 147.616 -132.783 -67.313 147.139
3 0 -132.808 -66.824 147.616 -128.806 -67.520 147.748 -128.842 -66.950 148.123
3 0 -128.842 -66.950 148.123 -132.841 -66.191 147.868 -132.808 -66.824 147.616
3 0 -132.841 -66.191 147.868 -128.842 -66.950 148.123 -128.886 -66.281 148.251
3 0 -128.886 -66.281 148.251 -132.876 -65.509 147.859 -132.841 -66.191 147.868
3 0 -132.876 -65.509 147.859 -128.886 -66.281 148.251 -128.930 -65.614 148.112
3 0 -128.930 -65.614 148.112 -132.908 -64.883 147.588 -132.876 -65.509 147.859
3 0 -132.908 -64.883 147.588 -128.930 -65.614 148.112 -128.969 -65.050 147.728
3 0 -128.969 -65.050 147.728 -132.933 -64.407 147.099 -132.908 -64.883 147.588
3 0 -132.933 -64.407 147.099 -128.969 -65.050 147.728 -128.996 -64.677 147.158
3 0 -128.996 -64.677 147.158 -132.946 -64.155 146.465 -132.933 -64.407 147.099
3 0 -132.946 -64.155 146.465 -128.996 -64.677 147.158 -129.006 -64.549 146.487
3 0 -129.006 -64.549 146.487 -132.946 -64.165 145.782 -132.946 -64.155 146.465
3 0 -132.946 -64.165 145.782 -129.006 -64.549 146.487 -128.999 -64.688 145.818
3 0 -128.999 -64.688 145.818 -132.932 -64.434 145.155 -132.946 -64.165 145.782
3 0 -132.932 -64.434 145.155 -128.999 -64.688 145.818 -128.976 -65.071 145.254
3 0 -128.976 -65.071 145.254 -132.907 -64.923 144.679 -132.932 -64.434 145.155
3 0 -132.907 -64.923 144.679 -128.976 -65.071 145.254 -128.940 -65.641 144.879
3 0 -128.940 -65.641 144.879 -132.875 -65.557 144.426 -132.907 -64.923 144.679
3 0 -132.698 -68.985 144.474 -132.697 -68.994 143.791 -128.731 -68.878 143.566
3 0 -128.731 -68.878 143.566 -128.720 -69.006 144.236 -132.698 -68.985 144.474
3 0 -132.711 -68.715 145.101 -132.698 -68.985 144.474 -128.720 -69.006 144.236
3 0 -128.720 -69.006 144.236 -128.727 -68.867 144.905 -132.711 -68.715 145.101
3 0 -132.736 -68.226 145.577 -132.711 -68.715 145.101 -128.727 -68.867 144.905
3 0 -128.727 -68.867 144.905 -128.751 -68.484 145.470 -132.736 -68.226 145.577
3 0 -132.769 -67.592 145.830 -132.736 -68.226 145.577 -128.751 -68.484 145.470
3 0 -128.751 -68.484 145.470 -128.787 -67.914 145.844 -132.769 -67.592 145.830
3 0 -132.874 -65.566 143.743 -132.875 -65.557 144.426 -128.940 -65.641 144.879
3 0 -128.940 -65.641 144.879 -128.951 -65.513 144.208 -132.874 -65.566 143.743
3 0 -132.861 -65.836 143.116 -132.874 -65.566 143.743 -128.951 -65.513 144.208
3 0 -128.951 -65.513 144.208 -128.944 -65.652 143.539 -132.861 -65.836 143.116
3 0 -132.835 -66.325 142.640 -132.861 -65.836 143.116 -128.944 -65.652 143.539
3 0 -128.944 -65.652 143.539 -128.921 -66.035 142.975 -132.835 -66.325 142.640
3 0 -132.803 -66.958 142.388 -132.835 -66.325 142.640 -128.921 -66.035 142.975
3 0 -128.921 -66.035 142.975 -128.884 -66.605 142.600 -132.803 -66.958 142.388
3 0 -132.626 -70.386 142.436 -132.625 -70.395 141.753 -128.676 -69.842 141.288
3 0 -128.676 -69.842 141.288 -128.665 -69.969 141.958 -132.626 -70.386 142.436
3 0 -132.640 -70.116 143.063 -132.626 -70.386 142.436 -128.665 -69.969 141.958
3 0 -128.665 -69.969 141.958 -128.672 -69.831 142.627 -132.640 -70.116 143.063
3 0 -132.665 -69.627 143.539 -132.640 -70.116 143.063 -128.672 -69.831 142.627
3 0 -128.672 -69.831 142.627 -128.695 -69.448 143.192 -132.665 -69.627 143.539
3 0 -132.697 -68.994 143.791 -132.665 -69.627 143.539 -128.695 -69.448 143.192
3 0 -128.695 -69.448 143.192 -128.731 -68.878 143.566 -132.697 -68.994 143.791
3 0 -132.803 -66.967 141.706 -132.803 -66.958 142.388 -128.884 -66.605 142.600
3 0 -128.884 -66.605 142.600 -128.895 -66.477 141.930 -132.803 -66.967 141.706
3 0 -132.789 -67.237 141.078 -132.803 -66.967 141.706 -128.895 -66.477 141.930
3 0 -128.895 -66.477 141.930 -128.888 -66.616 141.262 -132.789 -67.237 141.078
3 0 -132.764 -67.726 140.602 -132.789 -67.237 141.078 -128.888 -66.616 141.262
3 0 -128.888 -66.616 141.262 -128.865 -66.999 140.697 -132.764 -67.726 140.602
3 0 -132.731 -68.360 140.350 -132.764 -67.726 140.602 -128.865 -66.999 140.697
3 0 -128.865 -66.999 140.697 -128.829 -67.568 140.322 -132.731 -68.360 140.350
3 0 -132.731 -68.360 140.350 -128.829 -67.568 140.322 -128.840 -67.441 139.651
3 0 -128.840 -67.441 139.651 -132.731 -68.369 139.667 -132.731 -68.360 140.350
3 0 -132.731 -68.369 139.667 -128.840 -67.441 139.651 -128.833 -67.580 138.983
3 0 -128.833 -67.580 138.983 -132.717 -68.639 139.040 -132.731 -68.369 139.667
3 0 -132.717 -68.639 139.040 -128.833 -67.580 138.983 -128.810 -67.963 138.418
3 0 -128.810 -67.963 138.418 -132.692 -69.128 138.564 -132.717 -68.639 139.040
3 0 -132.692 -69.128 138.564 -128.810 -67.963 138.418 -128.773 -68.532 138.043
3 0 -128.773 -68.532 138.043 -132.659 -69.761 138.311 -132.692 -69.128 138.564
3 0 -132.659 -69.761 138.311 -128.773 -68.532 138.043 -128.730 -69.202 137.916
3 0 -128.730 -69.202 137.916 -132.624 -70.443 138.321 -132.659 -69.761 138.311
3 0 -132.624 -70.443 138.321 -128.730 -69.202 137.916 -128.685 -69.869 138.054
3 0 -128.685 -69.869 138.054 -132.592 -71.069 138.591 -132.624 -70.443 138.321
3 0 -132.592 -71.069 138.591 -128.685 -69.869 138.054 -128.647 -70.432 138.438
3 0 -128.647 -70.432 138.438 -132.567 -71.545 139.080 -132.592 -71.069 138.591
3 0 -132.567 -71.545 139.080 -128.647 -70.432 138.438 -128.620 -70.806 139.009
3 0 -128.620 -70.806 139.009 -132.554 -71.797 139.715 -132.567 -71.545 139.080
3 0 -132.554 -71.797 139.715 -128.620 -70.806 139.009 -128.609 -70.933 139.680
3 0 -128.609 -70.933 139.680 -132.554 -71.787 140.398 -132.554 -71.797 139.715
3 0 -132.554 -71.787 140.398 -128.609 -70.933 139.680 -128.616 -70.795 140.348
3 0 -128.616 -70.795 140.348 -132.568 -71.518 141.025 -132.554 -71.787 140.398
3 0 -132.568 -71.518 141.025 -128.616 -70.795 140.348 -128.639 -70.412 140.913
3 0 -128.639 -70.412 140.913 -132.593 -71.029 141.501 -132.568 -71.518 141.025
3 0 -132.593 -71.029 141.501 -128.639 -70.412 140.913 -128.676 -69.842 141.288
3 0 -128.676 -69.842 141.288 -132.625 -70.395 141.753 -132.593 -71.029 141.501
3 0 -136.736 -67.249 145.698 -132.769 -67.592 145.830 -132.769 -67.583 146.512
3 0 -132.769 -67.583 146.512 -136.743 -67.109 146.367 -136.736 -67.249 145.698
3 0 -136.743 -67.109 146.367 -132.769 -67.583 146.512 -132.783 -67.313 147.139
3 0 -132.783 -67.313 147.139 -136.759 -66.725 146.930 -136.743 -67.109 146.367
3 0 -136.759 -66.725 146.930 -132.783 -67.313 147.139 -132.808 -66.824 147.616
3 0 -132.808 -66.824 147.616 -136.781 -66.154 147.304 -136.759 -66.725 146.930
3 0 -136.781 -66.154 147.304 -132.808 -66.824 147.616 -132.841 -66.191 147.868
3 0 -132.841 -66.191 147.868 -136.806 -65.483 147.431 -136.781 -66.154 147.304
3 0 -136.806 -65.483 147.431 -132.841 -66.191 147.868 -132.876 -65.509 147.859
3 0 -132.876 -65.509 147.859 -136.830 -64.815 147.291 -136.806 -65.483 147.431
3 0 -136.830 -64.815 147.291 -132.876 -65.509 147.859 -132.908 -64.883 147.588
3 0 -132.908 -64.883 147.588 -136.850 -64.252 146.906 -136.830 -64.815 147.291
3 0 -136.850 -64.252 146.906 -132.908 -64.883 147.588 -132.933 -64.407 147.099
3 0 -132.933 -64.407 147.099 -136.861 -63.878 146.334 -136.850 -64.252 146.906
3 0 -136.861 -63.878 146.334 -132.933 -64.407 147.099 -132.946 -64.155 146.465
3 0 -132.946 -64.155 146.465 -136.864 -63.752 145.663 -136.861 -63.878 146.334
3 0 -136.864 -63.752 145.663 -132.946 -64.155 146.465 -132.946 -64.165 145.782
3 0 -132.946 -64.165 145.782 -136.857 -63.892 144.995 -136.864 -63.752 145.663
3 0 -136.857 -63.892 144.995 -132.946 -64.165 145.782 -132.932 -64.434 145.155
3 0 -132.932 -64.434 145.155 -136.841 -64.276 144.431 -136.857 -63.892 144.995
3 0 -136.841 -64.276 144.431 -132.932 -64.434 145.155 -132.907 -64.923 144.679
3 0 -132.907 -64.923 144.679 -136.819 -64.847 144.057 -136.841 -64.276 144.431
3 0 -136.819 -64.847 144.057 -132.907 -64.923 144.679 -132.875 -65.557 144.426
3 0 -132.875 -65.557 144.426 -136.794 -65.518 143.931 -136.819 -64.847 144.057
3 0 -136.674 -68.876 144.634 -136.666 -69.015 143.966 -132.697 -68.994 143.791
3 0 -132.697 -68.994 143.791 -132.698 -68.985 144.474 -136.674 -68.876 144.634
3 0 -136.689 -68.491 145.198 -136.674 -68.876 144.634 -132.698 -68.985 144.474
3 0 -132.698 -68.985 144.474 -132.711 -68.715 145.101 -136.689 -68.491 145.198
3 0 -136.711 -67.920 145.572 -136.689 -68.491 145.198 -132.711 -68.715 145.101
3 0 -132.711 -68.715 145.101 -132.736 -68.226 145.577 -136.711 -67.920 145.572
3 0 -136.736 -67.249 145.698 -136.711 -67.920 145.572 -132.736 -68.226 145.577
3 0 -132.736 -68.226 145.577 -132.769 -67.592 145.830 -136.736 -67.249 145.698
3 0 -136.787 -65.658 143.262 -136.794 -65.518 143.931 -132.875 -65.557 144.426
3 0 -132.875 -65.557 144.426 -132.874 -65.566 143.743 -136.787 -65.658 143.262
3 0 -136.771 -66.042 142.699 -136.787 -65.658 143.262 -132.874 -65.566 143.743
3 0 -132.874 -65.566 143.743 -132.861 -65.836 143.116 -136.771 -66.042 142.699
3 0 -136.749 -66.614 142.325 -136.771 -66.042 142.699 -132.861 -65.836 143.116
3 0 -132.861 -65.836 143.116 -132.835 -66.325 142.640 -136.749 -66.614 142.325
3 0 -136.724 -67.284 142.198 -136.749 -66.614 142.325 -132.835 -66.325 142.640
3 0 -132.835 -66.325 142.640 -132.803 -66.958 142.388 -136.724 -67.284 142.198
3 0 -136.604 -70.641 142.902 -136.597 -70.781 142.234 -132.625 -70.395 141.753
3 0 -132.625 -70.395 141.753 -132.626 -70.386 142.436 -136.604 -70.641 142.902
3 0 -136.620 -70.256 143.466 -136.604 -70.641 142.902 -132.626 -70.386 142.436
3 0 -132.626 -70.386 142.436 -132.640 -70.116 143.063 -136.620 -70.256 143.466
3 0 -136.642 -69.685 143.840 -136.620 -70.256 143.466 -132.640 -70.116 143.063
3 0 -132.640 -70.116 143.063 -132.665 -69.627 143.539 -136.642 -69.685 143.840
3 0 -136.666 -69.015 143.966 -136.642 -69.685 143.840 -132.665 -69.627 143.539
3 0 -132.665 -69.627 143.539 -132.697 -68.994 143.791 -136.666 -69.015 143.966
3 0 -136.717 -67.423 141.531 -136.724 -67.284 142.198 -132.803 -66.958 142.388
3 0 -132.803 -66.958 142.388 -132.803 -66.967 141.706 -136.717 -67.423 141.531
3 0 -136.702 -67.808 140.967 -136.717 -67.423 141.531 -132.803 -66.967 141.706
3 0 -132.803 -66.967 141.706 -132.789 -67.237 141.078 -136.702 -67.808 140.967
3 0 -136.680 -68.379 140.593 -136.702 -67.808 140.967 -132.789 -67.237 141.078
3 0 -132.789 -67.237 141.078 -132.764 -67.726 140.602 -136.680 -68.379 140.593
3 0 -136.655 -69.050 140.467 -136.680 -68.379 140.593 -132.764 -67.726 140.602
3 0 -132.764 -67.726 140.602 -132.731 -68.360 140.350 -136.655 -69.050 140.467
3 0 -136.655 -69.050 140.467 -132.731 -68.360 140.350 -132.731 -68.369 139.667
3 0 -132.731 -68.369 139.667 -136.648 -69.189 139.798 -136.655 -69.050 140.467
3 0 -136.648 -69.189 139.798 -132.731 -68.369 139.667 -132.717 -68.639 139.040
3 0 -132.717 -68.639 139.040 -136.632 -69.574 139.234 -136.648 -69.189 139.798
3 0 -136.632 -69.574 139.234 -132.717 -68.639 139.040 -132.692 -69.128 138.564
3 0 -132.692 -69.128 138.564 -136.610 -70.145 138.861 -136.632 -69.574 139.234
3 0 -136.610 -70.145 138.861 -132.692 -69.128 138.564 -132.659 -69.761 138.311
3 0 -132.659 -69.761 138.311 -136.585 -70.816 138.734 -136.610 -70.145 138.861
3 0 -136.585 -70.816 138.734 -132.659 -69.761 138.311 -132.624 -70.443 138.321
3 0 -132.624 -70.443 138.321 -136.561 -71.484 138.874 -136.585 -70.816 138.734
3 0 -136.561 -71.484 138.874 -132.624 -70.443 138.321 -132.592 -71.069 138.591
3 0 -132.592 -71.069 138.591 -136.541 -72.047 139.259 -136.561 -71.484 138.874
3 0 -136.541 -72.047 139.259 -132.592 -71.069 138.591 -132.567 -71.545 139.080
3 0 -132.567 -71.545 139.080 -136.529 -72.421 139.831 -136.541 -72.047 139.259
3 0 -136.529 -72.421 139.831 -132.567 -71.545 139.080 -132.554 -71.797 139.715
3 0 -132.554 -71.797 139.715 -136.527 -72.547 140.502 -136.529 -72.421 139.831
3 0 -136.527 -72.547 140.502 -132.554 -71.797 139.715 -132.554 -71.787 140.398
3 0 -132.554 -71.787 140.398 -136.534 -72.407 141.170 -136.527 -72.547 140.502
3 0 -136.534 -72.407 141.170 -132.554 -71.787 140.398 -132.568 -71.518 141.025
3 0 -132.568 -71.518 141.025 -136.550 -72.023 141.734 -136.534 -72.407 141.170
3 0 -136.550 -72.023 141.734 -132.568 -71.518 141.025 -132.593 -71.029 141.501
3 0 -132.593 -71.029 141.501 -136.572 -71.452 142.108 -136.550 -72.023 141.734
3 0 -136.572 -71.452 142.108 -132.593 -71.029 141.501 -132.625 -70.395 141.753
3 0 -132.625 -70.395 141.753 -136.597 -70.781 142.234 -136.572 -71.452 142.108
3 0 -141.186 -66.965 145.495 -136.736 -67.249 145.698 -136.743 -67.109 146.367
3 0 -136.743 -67.109 146.367 -141.195 -66.718 146.132 -141.186 -66.965 145.495
3 0 -141.195 -66.718 146.132 -136.743 -67.109 146.367 -136.759 -66.725 146.930
3 0 -136.759 -66.725 146.930 -141.208 -66.247 146.625 -141.195 -66.718 146.132
3 0 -141.208 -66.247 146.625 -136.759 -66.725 146.930 -136.781 -66.154 147.304
3 0 -136.781 -66.154 147.304 -141.223 -65.622 146.901 -141.208 -66.247 146.625
3 0 -141.223 -65.622 146.901 -136.781 -66.154 147.304 -136.806 -65.483 147.431
3 0 -136.806 -65.483 147.431 -141.238 -64.940 146.916 -141.223 -65.622 146.901
3 0 -141.238 -64.940 146.916 -136.806 -65.483 147.431 -136.830 -64.815 147.291
3 0 -136.830 -64.815 147.291 -141.250 -64.303 146.669 -141.238 -64.940 146.916
3 0 -141.250 -64.303 146.669 -136.830 -64.815 147.291 -136.850 -64.252 146.906
3 0 -136.850 -64.252 146.906 -141.258 -63.810 146.197 -141.250 -64.303 146.669
3 0 -141.258 -63.810 146.197 -136.850 -64.252 146.906 -136.861 -63.878 146.334
3 0 -136.861 -63.878 146.334 -141.260 -63.534 145.573 -141.258 -63.810 146.197
3 0 -141.260 -63.534 145.573 -136.861 -63.878 146.334 -136.864 -63.752 145.663
3 0 -136.864 -63.752 145.663 -141.256 -63.519 144.890 -141.260 -63.534 145.573
3 0 -141.256 -63.519 144.890 -136.864 -63.752 145.663 -136.857 -63.892 144.995
3 0 -136.857 -63.892 144.995 -141.247 -63.766 144.254 -141.256 -63.519 144.890
3 0 -141.247 -63.766 144.254 -136.857 -63.892 144.995 -136.841 -64.276 144.431
3 0 -136.841 -64.276 144.431 -141.234 -64.237 143.760 -141.247 -63.766 144.254
3 0 -141.234 -64.237 143.760 -136.841 -64.276 144.431 -136.819 -64.847 144.057
3 0 -136.819 -64.847 144.057 -141.219 -64.862 143.484 -141.234 -64.237 143.760
3 0 -141.219 -64.862 143.484 -136.819 -64.847 144.057 -136.794 -65.518 143.931
3 0 -136.794 -65.518 143.931 -141.204 -65.544 143.469 -141.219 -64.862 143.484
3 0 -141.143 -68.744 144.710 -141.133 -68.991 144.074 -136.666 -69.015 143.966
3 0 -136.666 -69.015 143.966 -136.674 -68.876 144.634 -141.143 -68.744 144.710
3 0 -141.156 -68.272 145.204 -141.143 -68.744 144.710 -136.674 -68.876 144.634
3 0 -136.674 -68.876 144.634 -136.689 -68.491 145.198 -141.156 -68.272 145.204
3 0 -141.171 -67.648 145.480 -141.156 -68.272 145.204 -136.689 -68.491 145.198
3 0 -136.689 -68.491 145.198 -136.711 -67.920 145.572 -141.171 -67.648 145.480
3 0 -141.186 -66.965 145.495 -141.171 -67.648 145.480 -136.711 -67.920 145.572
3 0 -136.711 -67.920 145.572 -136.736 -67.249 145.698 -141.186 -66.965 145.495
3 0 -141.195 -65.791 142.832 -141.204 -65.544 143.469 -136.794 -65.518 143.931
3 0 -136.794 -65.518 143.931 -136.787 -65.658 143.262 -141.195 -65.791 142.832
3 0 -141.182 -66.263 142.339 -141.195 -65.791 142.832 -136.787 -65.658 143.262
3 0 -136.787 -65.658 143.262 -136.771 -66.042 142.699 -141.182 -66.263 142.339
3 0 -141.167 -66.887 142.063 -141.182 -66.263 142.339 -136.771 -66.042 142.699
3 0 -136.771 -66.042 142.699 -136.749 -66.614 142.325 -141.167 -66.887 142.063
3 0 -141.152 -67.570 142.048 -141.167 -66.887 142.063 -136.749 -66.614 142.325
3 0 -136.749 -66.614 142.325 -136.724 -67.284 142.198 -141.152 -67.570 142.048
3 0 -141.091 -70.769 143.290 -141.081 -71.016 142.653 -136.597 -70.781 142.234
3 0 -136.597 -70.781 142.234 -136.604 -70.641 142.902 -141.091 -70.769 143.290
3 0 -141.104 -70.297 143.783 -141.091 -70.769 143.290 -136.604 -70.641 142.902
3 0 -136.604 -70.641 142.902 -136.620 -70.256 143.466 -141.104 -70.297 143.783
3 0 -141.119 -69.673 144.059 -141.104 -70.297 143.783 -136.620 -70.256 143.466
3 0 -136.620 -70.256 143.466 -136.642 -69.685 143.840 -141.119 -69.673 144.059
3 0 -141.133 -68.991 144.074 -141.119 -69.673 144.059 -136.642 -69.685 143.840
3 0 -136.642 -69.685 143.840 -136.666 -69.015 143.966 -141.133 -68.991 144.074
3 0 -141.143 -67.816 141.412 -141.152 -67.570 142.048 -136.724 -67.284 142.198
3 0 -136.724 -67.284 142.198 -136.717 -67.423 141.531 -141.143 -67.816 141.412
3 0 -141.130 -68.288 140.918 -141.143 -67.816 141.412 -136.717 -67.423 141.531
3 0 -136.717 -67.423 141.531 -136.702 -67.808 140.967 -141.130 -68.288 140.918
3 0 -141.115 -68.912 140.643 -141.130 -68.288 140.918 -136.702 -67.808 140.967
3 0 -136.702 -67.808 140.967 -136.680 -68.379 140.593 -141.115 -68.912 140.643
3 0 -141.100 -69.595 140.627 -141.115 -68.912 140.643 -136.680 -68.379 140.593
3 0 -136.680 -68.379 140.593 -136.655 -69.050 140.467 -141.100 -69.595 140.627
3 0 -141.100 -69.595 140.627 -136.655 -69.050 140.467 -136.648 -69.189 139.798
3 0 -136.648 -69.189 139.798 -141.091 -69.842 139.990 -141.100 -69.595 140.627
3 0 -141.091 -69.842 139.990 -136.648 -69.189 139.798 -136.632 -69.574 139.234
3 0 -136.632 -69.574 139.234 -141.078 -70.313 139.497 -141.091 -69.842 139.990
3 0 -141.078 -70.313 139.497 -136.632 -69.574 139.234 -136.610 -70.145 138.861
3 0 -136.610 -70.145 138.861 -141.063 -70.938 139.221 -141.078 -70.313 139.497
3 0 -141.063 -70.938 139.221 -136.610 -70.145 138.861 -136.585 -70.816 138.734
3 0 -136.585 -70.816 138.734 -141.048 -71.620 139.206 -141.063 -70.938 139.221
3 0 -141.048 -71.620 139.206 -136.585 -70.816 138.734 -136.561 -71.484 138.874
3 0 -136.561 -71.484 138.874 -141.036 -72.257 139.453 -141.048 -71.620 139.206
3 0 -141.036 -72.257 139.453 -136.561 -71.484 138.874 -136.541 -72.047 139.259
3 0 -136.541 -72.047 139.259 -141.028 -72.750 139.925 -141.036 -72.257 139.453
3 0 -141.028 -72.750 139.925 -136.541 -72.047 139.259 -136.529 -72.421 139.831
3 0 -136.529 -72.421 139.831 -141.026 -73.026 140.549 -141.028 -72.750 139.925
3 0 -141.026 -73.026 140.549 -136.529 -72.421 139.831 -136.527 -72.547 140.502
3 0 -136.527 -72.547 140.502 -141.029 -73.041 141.232 -141.026 -73.026 140.549
3 0 -141.029 -73.041 141.232 -136.527 -72.547 140.502 -136.534 -72.407 141.170
3 0 -136.534 -72.407 141.170 -141.038 -72.794 141.869 -141.029 -73.041 141.232
3 0 -141.038 -72.794 141.869 -136.534 -72.407 141.170 -136.550 -72.023 141.734
3 0 -136.550 -72.023 141.734 -141.052 -72.323 142.362 -141.038 -72.794 141.869
3 0 -141.052 -72.323 142.362 -136.550 -72.023 141.734 -136.572 -71.452 142.108
3 0 -136.572 -71.452 142.108 -141.067 -71.698 142.638 -141.052 -72.323 142.362
3 0 -141.067 -71.698 142.638 -136.572 -71.452 142.108 -136.597 -70.781 142.234
3 0 -136.597 -70.781 142.234 -141.081 -71.016 142.653 -141.067 -71.698 142.638
3 0 -145.118 -66.681 145.249 -141.186 -66.965 145.495 -141.195 -66.718 146.132
3 0 -141.195 -66.718 146.132 -145.124 -66.345 145.843 -145.118 -66.681 145.249
3 0 -145.124 -66.345 145.843 -141.195 -66.718 146.132 -141.208 -66.247 146.625
3 0 -141.208 -66.247 146.625 -145.130 -65.807 146.263 -145.124 -66.345 145.843
3 0 -145.130 -65.807 146.263 -141.208 -66.247 146.625 -141.223 -65.622 146.901
3 0 -141.223 -65.622 146.901 -145.134 -65.149 146.446 -145.130 -65.807 146.263
3 0 -145.134 -65.149 146.446 -141.223 -65.622 146.901 -141.238 -64.940 146.916
3 0 -141.238 -64.940 146.916 -145.136 -64.471 146.362 -145.134 -65.149 146.446
3 0 -145.136 -64.471 146.362 -141.238 -64.940 146.916 -141.250 -64.303 146.669
3 0 -141.250 -64.303 146.669 -145.135 -63.877 146.026 -145.136 -64.471 146.362
3 0 -145.135 -63.877 146.026 -141.250 -64.303 146.669 -141.258 -63.810 146.197
3 0 -141.258 -63.810 146.197 -145.131 -63.457 145.488 -145.135 -63.877 146.026
3 0 -145.131 -63.457 145.488 -141.258 -63.810 146.197 -141.260 -63.534 145.573
3 0 -141.260 -63.534 145.573 -145.126 -63.274 144.830 -145.131 -63.457 145.488
3 0 -145.126 -63.274 144.830 -141.260 -63.534 145.573 -141.256 -63.519 144.890
3 0 -141.256 -63.519 144.890 -145.120 -63.358 144.152 -145.126 -63.274 144.830
3 0 -145.120 -63.358 144.152 -141.256 -63.519 144.890 -141.247 -63.766 144.254
3 0 -141.247 -63.766 144.254 -145.113 -63.694 143.558 -145.120 -63.358 144.152
3 0 -145.113 -63.694 143.558 -141.247 -63.766 144.254 -141.234 -64.237 143.760
3 0 -141.234 -64.237 143.760 -145.107 -64.232 143.138 -145.113 -63.694 143.558
3 0 -145.107 -64.232 143.138 -141.234 -64.237 143.760 -141.219 -64.862 143.484
3 0 -141.219 -64.862 143.484 -145.103 -64.890 142.955 -145.107 -64.232 143.138
3 0 -145.103 -64.890 142.955 -141.219 -64.862 143.484 -141.204 -65.544 143.469
3 0 -141.204 -65.544 143.469 -145.101 -65.568 143.039 -145.103 -64.890 142.955
3 0 -145.106 -68.555 144.730 -145.099 -68.891 144.135 -141.133 -68.991 144.074
3 0 -141.133 -68.991 144.074 -141.143 -68.744 144.710 -145.106 -68.555 144.730
3 0 -145.112 -68.017 145.150 -145.106 -68.555 144.730 -141.143 -68.744 144.710
3 0 -141.143 -68.744 144.710 -141.156 -68.272 145.204 -145.112 -68.017 145.150
3 0 -145.116 -67.359 145.332 -145.112 -68.017 145.150 -141.156 -68.272 145.204
3 0 -141.156 -68.272 145.204 -141.171 -67.648 145.480 -145.116 -67.359 145.332
3 0 -145.118 -66.681 145.249 -145.116 -67.359 145.332 -141.171 -67.648 145.480
3 0 -141.171 -67.648 145.480 -141.186 -66.965 145.495 -145.118 -66.681 145.249
3 0 -145.095 -65.904 142.444 -145.101 -65.568 143.039 -141.204 -65.544 143.469
3 0 -141.204 -65.544 143.469 -141.195 -65.791 142.832 -145.095 -65.904 142.444
3 0 -145.089 -66.442 142.024 -145.095 -65.904 142.444 -141.195 -65.791 142.832
3 0 -141.195 -65.791 142.832 -141.182 -66.263 142.339 -145.089 -66.442 142.024
3 0 -145.085 -67.100 141.842 -145.089 -66.442 142.024 -141.182 -66.263 142.339
3 0 -141.182 -66.263 142.339 -141.167 -66.887 142.063 -145.085 -67.100 141.842
3 0 -145.083 -67.778 141.925 -145.085 -67.100 141.842 -141.167 -66.887 142.063
3 0 -141.167 -66.887 142.063 -141.152 -67.570 142.048 -145.083 -67.778 141.925
3 0 -145.088 -70.765 143.617 -145.081 -71.101 143.023 -141.081 -71.016 142.653
3 0 -141.081 -71.016 142.653 -141.091 -70.769 143.290 -145.088 -70.765 143.617
3 0 -145.094 -70.226 144.037 -145.088 -70.765 143.617 -141.091 -70.769 143.290
3 0 -141.091 -70.769 143.290 -141.104 -70.297 143.783 -145.094 -70.226 144.037
3 0 -145.098 -69.568 144.219 -145.094 -70.226 144.037 -141.104 -70.297 143.783
3 0 -141.104 -70.297 143.783 -141.119 -69.673 144.059 -145.098 -69.568 144.219
3 0 -145.099 -68.891 144.135 -145.098 -69.568 144.219 -141.119 -69.673 144.059
3 0 -141.119 -69.673 144.059 -141.133 -68.991 144.074 -145.099 -68.891 144.135
3 0 -145.077 -68.114 141.332 -145.083 -67.778 141.925 -141.152 -67.570 142.048
3 0 -141.152 -67.570 142.048 -141.143 -67.816 141.412 -145.077 -68.114 141.332
3 0 -145.071 -68.652 140.911 -145.077 -68.114 141.332 -141.143 -67.816 141.412
3 0 -141.143 -67.816 141.412 -141.130 -68.288 140.918 -145.071 -68.652 140.911
3 0 -145.067 -69.310 140.729 -145.071 -68.652 140.911 -141.130 -68.288 140.918
3 0 -141.130 -68.288 140.918 -141.115 -68.912 140.643 -145.067 -69.310 140.729
3 0 -145.065 -69.988 140.812 -145.067 -69.310 140.729 -141.115 -68.912 140.643
3 0 -141.115 -68.912 140.643 -141.100 -69.595 140.627 -145.065 -69.988 140.812
3 0 -145.065 -69.988 140.812 -141.100 -69.595 140.627 -141.091 -69.842 139.990
3 0 -141.091 -69.842 139.990 -145.059 -70.324 140.218 -145.065 -69.988 140.812
3 0 -145.059 -70.324 140.218 -141.091 -69.842 139.990 -141.078 -70.313 139.497
3 0 -141.078 -70.313 139.497 -145.053 -70.862 139.798 -145.059 -70.324 140.218
3 0 -145.053 -70.862 139.798 -141.078 -70.313 139.497 -141.063 -70.938 139.221
3 0 -141.063 -70.938 139.221 -145.049 -71.520 139.616 -145.053 -70.862 139.798
3 0 -145.049 -71.520 139.616 -141.063 -70.938 139.221 -141.048 -71.620 139.206
3 0 -141.048 -71.620 139.206 -145.047 -72.198 139.699 -145.049 -71.520 139.616
3 0 -145.047 -72.198 139.699 -141.048 -71.620 139.206 -141.036 -72.257 139.453
3 0 -141.036 -72.257 139.453 -145.048 -72.792 140.035 -145.047 -72.198 139.699
3 0 -145.048 -72.792 140.035 -141.036 -72.257 139.453 -141.028 -72.750 139.925
3 0 -141.028 -72.750 139.925 -145.052 -73.212 140.574 -145.048 -72.792 140.035
3 0 -145.052 -73.212 140.574 -141.028 -72.750 139.925 -141.026 -73.026 140.549
3 0 -141.026 -73.026 140.549 -145.057 -73.395 141.231 -145.052 -73.212 140.574
3 0 -145.057 -73.395 141.231 -141.026 -73.026 140.549 -141.029 -73.041 141.232
3 0 -141.029 -73.041 141.232 -145.063 -73.311 141.909 -145.057 -73.395 141.231
3 0 -145.063 -73.311 141.909 -141.029 -73.041 141.232 -141.038 -72.794 141.869
3 0 -141.038 -72.794 141.869 -145.070 -72.975 142.503 -145.063 -73.311 141.909
3 0 -145.070 -72.975 142.503 -141.038 -72.794 141.869 -141.052 -72.323 142.362
3 0 -141.052 -72.323 142.362 -145.076 -72.437 142.924 -145.070 -72.975 142.503
3 0 -145.076 -72.437 142.924 -141.052 -72.323 142.362 -141.067 -71.698 142.638
3 0 -141.067 -71.698 142.638 -145.080 -71.779 143.106 -145.076 -72.437 142.924
3 0 -145.080 -71.779 143.106 -141.067 -71.698 142.638 -141.081 -71.016 142.653
3 0 -141.081 -71.016 142.653 -145.081 -71.101 143.023 -145.080 -71.779 143.106
3 0 -149.038 -66.412 145.000 -145.118 -66.681 145.249 -145.124 -66.345 145.843
3 0 -145.124 -66.345 145.843 -149.039 -66.009 145.552 -149.038 -66.412 145.000
3 0 -149.039 -66.009 145.552 -145.124 -66.345 145.843 -145.130 -65.807 146.263
3 0 -145.130 -65.807 146.263 -149.035 -65.426 145.908 -149.039 -66.009 145.552
3 0 -149.035 -65.426 145.908 -145.130 -65.807 146.263 -145.134 -65.149 146.446
3 0 -145.134 -65.149 146.446 -149.026 -64.752 146.013 -149.035 -65.426 145.908
3 0 -149.026 -64.752 146.013 -145.134 -65.149 146.446 -145.136 -64.471 146.362
3 0 -145.136 -64.471 146.362 -149.015 -64.088 145.852 -149.026 -64.752 146.013
3 0 -149.015 -64.088 145.852 -145.136 -64.471 146.362 -145.135 -63.877 146.026
3 0 -145.135 -63.877 146.026 -149.002 -63.537 145.450 -149.015 -64.088 145.852
3 0 -149.002 -63.537 145.450 -145.135 -63.877 146.026 -145.131 -63.457 145.488
3 0 -145.131 -63.457 145.488 -148.990 -63.181 144.867 -149.002 -63.537 145.450
3 0 -148.990 -63.181 144.867 -145.131 -63.457 145.488 -145.126 -63.274 144.830
3 0 -145.126 -63.274 144.830 -148.980 -63.076 144.193 -148.990 -63.181 144.867
3 0 -148.980 -63.076 144.193 -145.126 -63.274 144.830 -145.120 -63.358 144.152
3 0 -145.120 -63.358 144.152 -148.974 -63.237 143.529 -148.980 -63.076 144.193
3 0 -148.974 -63.237 143.529 -145.120 -63.358 144.152 -145.113 -63.694 143.558
3 0 -145.113 -63.694 143.558 -148.973 -63.639 142.978 -148.974 -63.237 143.529
3 0 -148.973 -63.639 142.978 -145.113 -63.694 143.558 -145.107 -64.232 143.138
3 0 -145.107 -64.232 143.138 -148.977 -64.222 142.622 -148.973 -63.639 142.978
3 0 -148.977 -64.222 142.622 -145.107 -64.232 143.138 -145.103 -64.890 142.955
3 0 -145.103 -64.890 142.955 -148.986 -64.896 142.516 -148.977 -64.222 142.622
3 0 -148.986 -64.896 142.516 -145.103 -64.890 142.955 -145.101 -65.568 143.039
3 0 -145.101 -65.568 143.039 -148.997 -65.560 142.677 -148.986 -64.896 142.516
3 0 -149.062 -68.333 144.700 -149.061 -68.735 144.148 -145.099 -68.891 144.135
3 0 -145.099 -68.891 144.135 -145.106 -68.555 144.730 -149.062 -68.333 144.700
3 0 -149.057 -67.750 145.055 -149.062 -68.333 144.700 -145.106 -68.555 144.730
3 0 -145.106 -68.555 144.730 -145.112 -68.017 145.150 -149.057 -67.750 145.055
3 0 -149.049 -67.075 145.161 -149.057 -67.750 145.055 -145.112 -68.017 145.150
3 0 -145.112 -68.017 145.150 -145.116 -67.359 145.332 -149.049 -67.075 145.161
3 0 -149.038 -66.412 145.000 -149.049 -67.075 145.161 -145.116 -67.359 145.332
3 0 -145.116 -67.359 145.332 -145.118 -66.681 145.249 -149.038 -66.412 145.000
3 0 -148.996 -65.962 142.125 -148.997 -65.560 142.677 -145.101 -65.568 143.039
3 0 -145.101 -65.568 143.039 -145.095 -65.904 142.444 -148.996 -65.962 142.125
3 0 -149.000 -66.545 141.770 -148.996 -65.962 142.125 -145.095 -65.904 142.444
3 0 -145.095 -65.904 142.444 -145.089 -66.442 142.024 -149.000 -66.545 141.770
3 0 -149.009 -67.220 141.664 -149.000 -66.545 141.770 -145.089 -66.442 142.024
3 0 -145.089 -66.442 142.024 -145.085 -67.100 141.842 -149.009 -67.220 141.664
3 0 -149.020 -67.883 141.825 -149.009 -67.220 141.664 -145.085 -67.100 141.842
3 0 -145.085 -67.100 141.842 -145.083 -67.778 141.925 -149.020 -67.883 141.825
3 0 -149.084 -70.655 143.848 -149.084 -71.058 143.296 -145.081 -71.101 143.023
3 0 -145.081 -71.101 143.023 -145.088 -70.765 143.617 -149.084 -70.655 143.848
3 0 -149.080 -70.072 144.203 -149.084 -70.655 143.848 -145.088 -70.765 143.617
3 0 -145.088 -70.765 143.617 -145.094 -70.226 144.037 -149.080 -70.072 144.203
3 0 -149.072 -69.398 144.309 -149.080 -70.072 144.203 -145.094 -70.226 144.037
3 0 -145.094 -70.226 144.037 -145.098 -69.568 144.219 -149.072 -69.398 144.309
3 0 -149.061 -68.735 144.148 -149.072 -69.398 144.309 -145.098 -69.568 144.219
3 0 -145.098 -69.568 144.219 -145.099 -68.891 144.135 -149.061 -68.735 144.148
3 0 -149.019 -68.285 141.273 -149.020 -67.883 141.825 -145.083 -67.778 141.925
3 0 -145.083 -67.778 141.925 -145.077 -68.114 141.332 -149.019 -68.285 141.273
3 0 -149.023 -68.868 140.918 -149.019 -68.285 141.273 -145.077 -68.114 141.332
3 0 -145.077 -68.114 141.332 -145.071 -68.652 140.911 -149.023 -68.868 140.918
3 0 -149.032 -69.542 140.812 -149.023 -68.868 140.918 -145.071 -68.652 140.911
3 0 -145.071 -68.652 140.911 -145.067 -69.310 140.729 -149.032 -69.542 140.812
3 0 -149.043 -70.206 140.973 -149.032 -69.542 140.812 -145.067 -69.310 140.729
3 0 -145.067 -69.310 140.729 -145.065 -69.988 140.812 -149.043 -70.206 140.973
3 0 -149.043 -70.206 140.973 -145.065 -69.988 140.812 -145.059 -70.324 140.218
3 0 -145.059 -70.324 140.218 -149.042 -70.609 140.421 -149.043 -70.206 140.973
3 0 -149.042 -70.609 140.421 -145.059 -70.324 140.218 -145.053 -70.862 139.798
3 0 -145.053 -70.862 139.798 -149.046 -71.191 140.066 -149.042 -70.609 140.421
3 0 -149.046 -71.191 140.066 -145.053 -70.862 139.798 -145.049 -71.520 139.616
3 0 -145.049 -71.520 139.616 -149.055 -71.866 139.960 -149.046 -71.191 140.066
3 0 -149.055 -71.866 139.960 -145.049 -71.520 139.616 -145.047 -72.198 139.699
3 0 -145.047 -72.198 139.699 -149.066 -72.530 140.121 -149.055 -71.866 139.960
3 0 -149.066 -72.530 140.121 -145.047 -72.198 139.699 -145.048 -72.792 140.035
3 0 -145.048 -72.792 140.035 -149.079 -73.081 140.523 -149.066 -72.530 140.121
3 0 -149.079 -73.081 140.523 -145.048 -72.792 140.035 -145.052 -73.212 140.574
3 0 -145.052 -73.212 140.574 -149.091 -73.437 141.106 -149.079 -73.081 140.523
3 0 -149.091 -73.437 141.106 -145.052 -73.212 140.574 -145.057 -73.395 141.231
3 0 -145.057 -73.395 141.231 -149.101 -73.542 141.780 -149.091 -73.437 141.106
3 0 -149.101 -73.542 141.780 -145.057 -73.395 141.231 -145.063 -73.311 141.909
3 0 -145.063 -73.311 141.909 -149.106 -73.381 142.444 -149.101 -73.542 141.780
3 0 -149.106 -73.381 142.444 -145.063 -73.311 141.909 -145.070 -72.975 142.503
3 0 -145.070 -72.975 142.503 -149.107 -72.979 142.996 -149.106 -73.381 142.444
3 0 -149.107 -72.979 142.996 -145.070 -72.975 142.503 -145.076 -72.437 142.924
3 0 -145.076 -72.437 142.924 -149.103 -72.396 143.351 -149.107 -72.979 142.996
3 0 -149.103 -72.396 143.351 -145.076 -72.437 142.924 -145.080 -71.779 143.106
3 0 -145.080 -71.779 143.106 -149.095 -71.721 143.457 -149.103 -72.396 143.351
3 0 -149.095 -71.721 143.457 -145.080 -71.779 143.106 -145.081 -71.101 143.023
3 0 -145.081 -71.101 143.023 -149.084 -71.058 143.296 -149.095 -71.721 143.457
3 0 -152.948 -66.157 144.774 -149.038 -66.412 145.000 -149.039 -66.009 145.552
3 0 -149.039 -66.009 145.552 -152.941 -65.708 145.289 -152.948 -66.157 144.774
3 0 -152.941 -65.708 145.289 -149.039 -66.009 145.552 -149.035 -65.426 145.908
3 0 -149.035 -65.426 145.908 -152.925 -65.096 145.592 -152.941 -65.708 145.289
3 0 -152.925 -65.096 145.592 -149.035 -65.426 145.908 -149.026 -64.752 146.013
3 0 -149.026 -64.752 146.013 -152.904 -64.415 145.639 -152.925 -65.096 145.592
3 0 -152.904 -64.415 145.639 -149.026 -64.752 146.013 -149.015 -64.088 145.852
3 0 -149.015 -64.088 145.852 -152.880 -63.769 145.421 -152.904 -64.415 145.639
3 0 -152.880 -63.769 145.421 -149.015 -64.088 145.852 -149.002 -63.537 145.450
3 0 -149.002 -63.537 145.450 -152.856 -63.255 144.972 -152.880 -63.769 145.421
3 0 -152.856 -63.255 144.972 -149.002 -63.537 145.450 -148.990 -63.181 144.867
3 0 -148.990 -63.181 144.867 -152.837 -62.952 144.360 -152.856 -63.255 144.972
3 0 -152.837 -62.952 144.360 -148.990 -63.181 144.867 -148.980 -63.076 144.193
3 0 -148.980 -63.076 144.193 -152.826 -62.905 143.679 -152.837 -62.952 144.360
3 0 -152.826 -62.905 143.679 -148.980 -63.076 144.193 -148.974 -63.237 143.529
3 0 -148.974 -63.237 143.529 -152.823 -63.123 143.032 -152.826 -62.905 143.679
3 0 -152.823 -63.123 143.032 -148.974 -63.237 143.529 -148.973 -63.639 142.978
3 0 -148.973 -63.639 142.978 -152.831 -63.572 142.518 -152.823 -63.123 143.032
3 0 -152.831 -63.572 142.518 -148.973 -63.639 142.978 -148.977 -64.222 142.622
3 0 -148.977 -64.222 142.622 -152.846 -64.184 142.214 -152.831 -63.572 142.518
3 0 -152.846 -64.184 142.214 -148.977 -64.222 142.622 -148.986 -64.896 142.516
3 0 -148.986 -64.896 142.516 -152.867 -64.865 142.168 -152.846 -64.184 142.214
3 0 -152.867 -64.865 142.168 -148.986 -64.896 142.516 -148.997 -65.560 142.677
3 0 -148.997 -65.560 142.677 -152.892 -65.511 142.386 -152.867 -64.865 142.168
3 0 -153.009 -68.096 144.642 -153.016 -68.545 144.127 -149.061 -68.735 144.148
3 0 -149.061 -68.735 144.148 -149.062 -68.333 144.700 -153.009 -68.096 144.642
3 0 -152.994 -67.484 144.945 -153.009 -68.096 144.642 -149.062 -68.333 144.700
3 0 -149.062 -68.333 144.700 -149.057 -67.750 145.055 -152.994 -67.484 144.945
3 0 -152.972 -66.803 144.992 -152.994 -67.484 144.945 -149.057 -67.750 145.055
3 0 -149.057 -67.750 145.055 -149.049 -67.075 145.161 -152.972 -66.803 144.992
3 0 -152.948 -66.157 144.774 -152.972 -66.803 144.992 -149.049 -67.075 145.161
3 0 -149.049 -67.075 145.161 -149.038 -66.412 145.000 -152.948 -66.157 144.774
3 0 -152.899 -65.960 141.871 -152.892 -65.511 142.386 -148.997 -65.560 142.677
3 0 -148.997 -65.560 142.677 -148.996 -65.962 142.125 -152.899 -65.960 141.871
3 0 -152.914 -66.572 141.568 -152.899 -65.960 141.871 -148.996 -65.962 142.125
3 0 -148.996 -65.962 142.125 -149.000 -66.545 141.770 -152.914 -66.572 141.568
3 0 -152.936 -67.253 141.521 -152.914 -66.572 141.568 -149.000 -66.545 141.770
3 0 -149.000 -66.545 141.770 -149.009 -67.220 141.664 -152.936 -67.253 141.521
3 0 -152.960 -67.899 141.739 -152.936 -67.253 141.521 -149.009 -67.220 141.664
3 0 -149.009 -67.220 141.664 -149.020 -67.883 141.825 -152.960 -67.899 141.739
3 0 -153.078 -70.483 143.996 -153.085 -70.932 143.481 -149.084 -71.058 143.296
3 0 -149.084 -71.058 143.296 -149.084 -70.655 143.848 -153.078 -70.483 143.996
3 0 -153.062 -69.871 144.299 -153.078 -70.483 143.996 -149.084 -70.655 143.848
3 0 -149.084 -70.655 143.848 -149.080 -70.072 144.203 -153.062 -69.871 144.299
3 0 -153.041 -69.190 144.345 -153.062 -69.871 144.299 -149.080 -70.072 144.203
3 0 -149.080 -70.072 144.203 -149.072 -69.398 144.309 -153.041 -69.190 144.345
3 0 -153.016 -68.545 144.127 -153.041 -69.190 144.345 -149.072 -69.398 144.309
3 0 -149.072 -69.398 144.309 -149.061 -68.735 144.148 -153.016 -68.545 144.127
3 0 -152.967 -68.347 141.225 -152.960 -67.899 141.739 -149.020 -67.883 141.825
3 0 -149.020 -67.883 141.825 -149.019 -68.285 141.273 -152.967 -68.347 141.225
3 0 -152.983 -68.959 140.921 -152.967 -68.347 141.225 -149.019 -68.285 141.273
3 0 -149.019 -68.285 141.273 -149.023 -68.868 140.918 -152.983 -68.959 140.921
3 0 -153.004 -69.640 140.875 -152.983 -68.959 140.921 -149.023 -68.868 140.918
3 0 -149.023 -68.868 140.918 -149.032 -69.542 140.812 -153.004 -69.640 140.875
3 0 -153.028 -70.286 141.092 -153.004 -69.640 140.875 -149.032 -69.542 140.812
3 0 -149.032 -69.542 140.812 -149.043 -70.206 140.973 -153.028 -70.286 141.092
3 0 -153.028 -70.286 141.092 -149.043 -70.206 140.973 -149.042 -70.609 140.421
3 0 -149.042 -70.609 140.421 -153.036 -70.735 140.578 -153.028 -70.286 141.092
3 0 -153.036 -70.735 140.578 -149.042 -70.609 140.421 -149.046 -71.191 140.066
3 0 -149.046 -71.191 140.066 -153.051 -71.347 140.274 -153.036 -70.735 140.578
3 0 -153.051 -71.347 140.274 -149.046 -71.191 140.066 -149.055 -71.866 139.960
3 0 -149.055 -71.866 139.960 -153.073 -72.028 140.228 -153.051 -71.347 140.274
3 0 -153.073 -72.028 140.228 -149.055 -71.866 139.960 -149.066 -72.530 140.121
3 0 -149.066 -72.530 140.121 -153.097 -72.674 140.446 -153.073 -72.028 140.228
3 0 -153.097 -72.674 140.446 -149.066 -72.530 140.121 -149.079 -73.081 140.523
3 0 -149.079 -73.081 140.523 -153.120 -73.188 140.895 -153.097 -72.674 140.446
3 0 -153.120 -73.188 140.895 -149.079 -73.081 140.523 -149.091 -73.437 141.106
3 0 -149.091 -73.437 141.106 -153.139 -73.492 141.506 -153.120 -73.188 140.895
3 0 -153.139 -73.492 141.506 -149.091 -73.437 141.106 -149.101 -73.542 141.780
3 0 -149.101 -73.542 141.780 -153.151 -73.538 142.187 -153.139 -73.492 141.506
3 0 -153.151 -73.538 142.187 -149.101 -73.542 141.780 -149.106 -73.381 142.444
3 0 -149.106 -73.381 142.444 -153.153 -73.320 142.834 -153.151 -73.538 142.187
3 0 -153.153 -73.320 142.834 -149.106 -73.381 142.444 -149.107 -72.979 142.996
3 0 -149.107 -72.979 142.996 -153.146 -72.871 143.349 -153.153 -73.320 142.834
3 0 -153.146 -72.871 143.349 -149.107 -72.979 142.996 -149.103 -72.396 143.351
3 0 -149.103 -72.396 143.351 -153.130 -72.259 143.652 -153.146 -72.871 143.349
3 0 -153.130 -72.259 143.652 -149.103 -72.396 143.351 -149.095 -71.721 143.457
3 0 -149.095 -71.721 143.457 -153.109 -71.578 143.699 -153.130 -72.259 143.652
3 0 -153.109 -71.578 143.699 -149.095 -71.721 143.457 -149.084 -71.058 143.296
3 0 -149.084 -71.058 143.296 -153.085 -70.932 143.481 -153.109 -71.578 143.699
3 0 -156.846 -65.860 144.555 -152.948 -66.157 144.774 -152.941 -65.708 145.289
3 0 -152.941 -65.708 145.289 -156.828 -65.376 145.036 -156.846 -65.860 144.555
3 0 -156.828 -65.376 145.036 -152.941 -65.708 145.289 -152.925 -65.096 145.592
3 0 -152.925 -65.096 145.592 -156.799 -64.744 145.294 -156.828 -65.376 145.036
3 0 -156.799 -64.744 145.294 -152.925 -65.096 145.592 -152.904 -64.415 145.639
3 0 -152.904 -64.415 145.639 -156.762 -64.062 145.291 -156.799 -64.744 145.294
3 0 -156.762 -64.062 145.291 -152.904 -64.415 145.639 -152.880 -63.769 145.421
3 0 -152.880 -63.769 145.421 -156.724 -63.434 145.027 -156.762 -64.062 145.291
3 0 -156.724 -63.434 145.027 -152.880 -63.769 145.421 -152.856 -63.255 144.972
3 0 -152.856 -63.255 144.972 -156.690 -62.954 144.542 -156.724 -63.434 145.027
3 0 -156.690 -62.954 144.542 -152.856 -63.255 144.972 -152.837 -62.952 144.360
3 0 -152.837 -62.952 144.360 -156.665 -62.697 143.910 -156.690 -62.954 144.542
3 0 -156.665 -62.697 143.910 -152.837 -62.952 144.360 -152.826 -62.905 143.679
3 0 -152.826 -62.905 143.679 -156.654 -62.700 143.228 -156.665 -62.697 143.910
3 0 -156.654 -62.700 143.228 -152.826 -62.905 143.679 -152.823 -63.123 143.032
3 0 -152.823 -63.123 143.032 -156.657 -62.965 142.598 -156.654 -62.700 143.228
3 0 -156.657 -62.965 142.598 -152.823 -63.123 143.032 -152.831 -63.572 142.518
3 0 -152.831 -63.572 142.518 -156.674 -63.449 142.118 -156.657 -62.965 142.598
3 0 -156.674 -63.449 142.118 -152.831 -63.572 142.518 -152.846 -64.184 142.214
3 0 -152.846 -64.184 142.214 -156.703 -64.081 141.859 -156.674 -63.449 142.118
3 0 -156.703 -64.081 141.859 -152.846 -64.184 142.214 -152.867 -64.865 142.168
3 0 -152.867 -64.865 142.168 -156.740 -64.763 141.862 -156.703 -64.081 141.859
3 0 -156.740 -64.763 141.862 -152.867 -64.865 142.168 -152.892 -65.511 142.386
3 0 -152.892 -65.511 142.386 -156.778 -65.391 142.126 -156.740 -64.763 141.862
3 0 -156.949 -67.802 144.564 -156.967 -68.287 144.083 -153.016 -68.545 144.127
3 0 -153.016 -68.545 144.127 -153.009 -68.096 144.642 -156.949 -67.802 144.564
3 0 -156.920 -67.171 144.822 -156.949 -67.802 144.564 -153.009 -68.096 144.642
3 0 -153.009 -68.096 144.642 -152.994 -67.484 144.945 -156.920 -67.171 144.822
3 0 -156.884 -66.489 144.819 -156.920 -67.171 144.822 -152.994 -67.484 144.945
3 0 -152.994 -67.484 144.945 -152.972 -66.803 144.992 -156.884 -66.489 144.819
3 0 -156.846 -65.860 144.555 -156.884 -66.489 144.819 -152.972 -66.803 144.992
3 0 -152.972 -66.803 144.992 -152.948 -66.157 144.774 -156.846 -65.860 144.555
3 0 -156.796 -65.876 141.645 -156.778 -65.391 142.126 -152.892 -65.511 142.386
3 0 -152.892 -65.511 142.386 -152.899 -65.960 141.871 -156.796 -65.876 141.645
3 0 -156.825 -66.507 141.387 -156.796 -65.876 141.645 -152.899 -65.960 141.871
3 0 -152.899 -65.960 141.871 -152.914 -66.572 141.568 -156.825 -66.507 141.387
3 0 -156.861 -67.189 141.390 -156.825 -66.507 141.387 -152.914 -66.572 141.568
3 0 -152.914 -66.572 141.568 -152.936 -67.253 141.521 -156.861 -67.189 141.390
3 0 -156.899 -67.818 141.654 -156.861 -67.189 141.390 -152.936 -67.253 141.521
3 0 -152.936 -67.253 141.521 -152.960 -67.899 141.739 -156.899 -67.818 141.654
3 0 -157.071 -70.228 144.092 -157.088 -70.712 143.611 -153.085 -70.932 143.481
3 0 -153.085 -70.932 143.481 -153.078 -70.483 143.996 -157.071 -70.228 144.092
3 0 -157.042 -69.596 144.350 -157.071 -70.228 144.092 -153.078 -70.483 143.996
3 0 -153.078 -70.483 143.996 -153.062 -69.871 144.299 -157.042 -69.596 144.350
3 0 -157.005 -68.914 144.347 -157.042 -69.596 144.350 -153.062 -69.871 144.299
3 0 -153.062 -69.871 144.299 -153.041 -69.190 144.345 -157.005 -68.914 144.347
3 0 -156.967 -68.287 144.083 -157.005 -68.914 144.347 -153.041 -69.190 144.345
3 0 -153.041 -69.190 144.345 -153.016 -68.545 144.127 -156.967 -68.287 144.083
3 0 -156.917 -68.301 141.174 -156.899 -67.818 141.654 -152.960 -67.899 141.739
3 0 -152.960 -67.899 141.739 -152.967 -68.347 141.225 -156.917 -68.301 141.174
3 0 -156.946 -68.933 140.915 -156.917 -68.301 141.174 -152.967 -68.347 141.225
3 0 -152.967 -68.347 141.225 -152.983 -68.959 140.921 -156.946 -68.933 140.915
3 0 -156.983 -69.615 140.918 -156.946 -68.933 140.915 -152.983 -68.959 140.921
3 0 -152.983 -68.959 140.921 -153.004 -69.640 140.875 -156.983 -69.615 140.918
3 0 -157.021 -70.243 141.182 -156.983 -69.615 140.918 -153.004 -69.640 140.875
3 0 -153.004 -69.640 140.875 -153.028 -70.286 141.092 -157.021 -70.243 141.182
3 0 -157.021 -70.243 141.182 -153.028 -70.286 141.092 -153.036 -70.735 140.578
3 0 -153.036 -70.735 140.578 -157.038 -70.728 140.702 -157.021 -70.243 141.182
3 0 -157.038 -70.728 140.702 -153.036 -70.735 140.578 -153.051 -71.347 140.274
3 0 -153.051 -71.347 140.274 -157.067 -71.359 140.443 -157.038 -70.728 140.702
3 0 -157.067 -71.359 140.443 -153.051 -71.347 140.274 -153.073 -72.028 140.228
3 0 -153.073 -72.028 140.228 -157.104 -72.041 140.446 -157.067 -71.359 140.443
3 0 -157.104 -72.041 140.446 -153.073 -72.028 140.228 -153.097 -72.674 140.446
3 0 -153.097 -72.674 140.446 -157.142 -72.670 140.710 -157.104 -72.041 140.446
3 0 -157.142 -72.670 140.710 -153.097 -72.674 140.446 -153.120 -73.188 140.895
3 0 -153.120 -73.188 140.895 -157.176 -73.149 141.195 -157.142 -72.670 140.710
3 0 -157.176 -73.149 141.195 -153.120 -73.188 140.895 -153.139 -73.492 141.506
3 0 -153.139 -73.492 141.506 -157.201 -73.407 141.827 -157.176 -73.149 141.195
3 0 -157.201 -73.407 141.827 -153.139 -73.492 141.506 -153.151 -73.538 142.187
3 0 -153.151 -73.538 142.187 -157.213 -73.403 142.510 -157.201 -73.407 141.827
3 0 -157.213 -73.403 142.510 -153.151 -73.538 142.187 -153.153 -73.320 142.834
3 0 -153.153 -73.320 142.834 -157.210 -73.139 143.139 -157.213 -73.403 142.510
3 0 -157.210 -73.139 143.139 -153.153 -73.320 142.834 -153.146 -72.871 143.349
3 0 -153.146 -72.871 143.349 -157.192 -72.654 143.620 -157.210 -73.139 143.139
3 0 -157.192 -72.654 143.620 -153.146 -72.871 143.349 -153.130 -72.259 143.652
3 0 -153.130 -72.259 143.652 -157.163 -72.023 143.878 -157.192 -72.654 143.620
3 0 -157.163 -72.023 143.878 -153.130 -72.259 143.652 -153.109 -71.578 143.699
3 0 -153.109 -71.578 143.699 -157.127 -71.341 143.875 -157.163 -72.023 143.878
3 0 -157.127 -71.341 143.875 -153.109 -71.578 143.699 -153.085 -70.932 143.481
3 0 -153.085 -70.932 143.481 -157.088 -70.712 143.611 -157.127 -71.341 143.875
3 0 -160.731 -65.520 144.354 -156.846 -65.860 144.555 -156.828 -65.376 145.036
3 0 -156.828 -65.376 145.036 -160.702 -65.009 144.806 -160.731 -65.520 144.354
3 0 -160.702 -65.009 144.806 -156.828 -65.376 145.036 -156.799 -64.744 145.294
3 0 -156.799 -64.744 145.294 -160.657 -64.365 145.028 -160.702 -65.009 144.806
3 0 -160.657 -64.365 145.028 -156.799 -64.744 145.294 -156.762 -64.062 145.291
3 0 -156.762 -64.062 145.291 -160.605 -63.685 144.987 -160.657 -64.365 145.028
3 0 -160.605 -63.685 144.987 -156.762 -64.062 145.291 -156.724 -63.434 145.027
3 0 -156.724 -63.434 145.027 -160.552 -63.074 144.687 -160.605 -63.685 144.987
3 0 -160.552 -63.074 144.687 -156.724 -63.434 145.027 -156.690 -62.954 144.542
3 0 -156.690 -62.954 144.542 -160.508 -62.624 144.176 -160.552 -63.074 144.687
3 0 -160.508 -62.624 144.176 -156.690 -62.954 144.542 -156.665 -62.697 143.910
3 0 -156.665 -62.697 143.910 -160.478 -62.403 143.531 -160.508 -62.624 144.176
3 0 -160.478 -62.403 143.531 -156.665 -62.697 143.910 -156.654 -62.700 143.228
3 0 -156.654 -62.700 143.228 -160.467 -62.445 142.849 -160.478 -62.403 143.531
3 0 -160.467 -62.445 142.849 -156.654 -62.700 143.228 -156.657 -62.965 142.598
3 0 -156.657 -62.965 142.598 -160.478 -62.745 142.236 -160.467 -62.445 142.849
3 0 -160.478 -62.745 142.236 -156.657 -62.965 142.598 -156.674 -63.449 142.118
3 0 -156.674 -63.449 142.118 -160.507 -63.255 141.783 -160.478 -62.745 142.236
3 0 -160.507 -63.255 141.783 -156.674 -63.449 142.118 -156.703 -64.081 141.859
3 0 -156.703 -64.081 141.859 -160.552 -63.899 141.561 -160.507 -63.255 141.783
3 0 -160.552 -63.899 141.561 -156.703 -64.081 141.859 -156.740 -64.763 141.862
3 0 -156.740 -64.763 141.862 -160.605 -64.579 141.603 -160.552 -63.899 141.561
3 0 -160.605 -64.579 141.603 -156.740 -64.763 141.862 -156.778 -65.391 142.126
3 0 -156.778 -65.391 142.126 -160.657 -65.190 141.902 -160.605 -64.579 141.603
3 0 -160.881 -67.455 144.472 -160.911 -67.965 144.020 -156.967 -68.287 144.083
3 0 -156.967 -68.287 144.083 -156.949 -67.802 144.564 -160.881 -67.455 144.472
3 0 -160.837 -66.811 144.694 -160.881 -67.455 144.472 -156.949 -67.802 144.564
3 0 -156.949 -67.802 144.564 -156.920 -67.171 144.822 -160.837 -66.811 144.694
3 0 -160.784 -66.131 144.653 -160.837 -66.811 144.694 -156.920 -67.171 144.822
3 0 -156.920 -67.171 144.822 -156.884 -66.489 144.819 -160.784 -66.131 144.653
3 0 -160.731 -65.520 144.354 -160.784 -66.131 144.653 -156.884 -66.489 144.819
3 0 -156.884 -66.489 144.819 -156.846 -65.860 144.555 -160.731 -65.520 144.354
3 0 -160.687 -65.701 141.450 -160.657 -65.190 141.902 -156.778 -65.391 142.126
3 0 -156.778 -65.391 142.126 -156.796 -65.876 141.645 -160.687 -65.701 141.450
3 0 -160.731 -66.345 141.227 -160.687 -65.701 141.450 -156.796 -65.876 141.645
3 0 -156.796 -65.876 141.645 -156.825 -66.507 141.387 -160.731 -66.345 141.227
3 0 -160.784 -67.025 141.269 -160.731 -66.345 141.227 -156.825 -66.507 141.387
3 0 -156.825 -66.507 141.387 -156.861 -67.189 141.390 -160.784 -67.025 141.269
3 0 -160.836 -67.636 141.568 -160.784 -67.025 141.269 -156.861 -67.189 141.390
3 0 -156.861 -67.189 141.390 -156.899 -67.818 141.654 -160.836 -67.636 141.568
3 0 -161.060 -69.900 144.139 -161.090 -70.410 143.686 -157.088 -70.712 143.611
3 0 -157.088 -70.712 143.611 -157.071 -70.228 144.092 -161.060 -69.900 144.139
3 0 -161.016 -69.256 144.361 -161.060 -69.900 144.139 -157.071 -70.228 144.092
3 0 -157.071 -70.228 144.092 -157.042 -69.596 144.350 -161.016 -69.256 144.361
3 0 -160.963 -68.576 144.319 -161.016 -69.256 144.361 -157.042 -69.596 144.350
3 0 -157.042 -69.596 144.350 -157.005 -68.914 144.347 -160.963 -68.576 144.319
3 0 -160.911 -67.965 144.020 -160.963 -68.576 144.319 -157.005 -68.914 144.347
3 0 -157.005 -68.914 144.347 -156.967 -68.287 144.083 -160.911 -67.965 144.020
3 0 -160.866 -68.146 141.116 -160.836 -67.636 141.568 -156.899 -67.818 141.654
3 0 -156.899 -67.818 141.654 -156.917 -68.301 141.174 -160.866 -68.146 141.116
3 0 -160.911 -68.790 140.894 -160.866 -68.146 141.116 -156.917 -68.301 141.174
3 0 -156.917 -68.301 141.174 -156.946 -68.933 140.915 -160.911 -68.790 140.894
3 0 -160.963 -69.470 140.935 -160.911 -68.790 140.894 -156.946 -68.933 140.915
3 0 -156.946 -68.933 140.915 -156.983 -69.615 140.918 -160.963 -69.470 140.935
3 0 -161.016 -70.081 141.234 -160.963 -69.470 140.935 -156.983 -69.615 140.918
3 0 -156.983 -69.615 140.918 -157.021 -70.243 141.182 -161.016 -70.081 141.234
3 0 -161.016 -70.081 141.234 -157.021 -70.243 141.182 -157.038 -70.728 140.702
3 0 -157.038 -70.728 140.702 -161.045 -70.592 140.782 -161.016 -70.081 141.234
3 0 -161.045 -70.592 140.782 -157.038 -70.728 140.702 -157.067 -71.359 140.443
3 0 -157.067 -71.359 140.443 -161.090 -71.236 140.560 -161.045 -70.592 140.782
3 0 -161.090 -71.236 140.560 -157.067 -71.359 140.443 -157.104 -72.041 140.446
3 0 -157.104 -72.041 140.446 -161.143 -71.915 140.601 -161.090 -71.236 140.560
3 0 -161.143 -71.915 140.601 -157.104 -72.041 140.446 -157.142 -72.670 140.710
3 0 -157.142 -72.670 140.710 -161.195 -72.527 140.901 -161.143 -71.915 140.601
3 0 -161.195 -72.527 140.901 -157.142 -72.670 140.710 -157.176 -73.149 141.195
3 0 -157.176 -73.149 141.195 -161.240 -72.977 141.412 -161.195 -72.527 140.901
3 0 -161.240 -72.977 141.412 -157.176 -73.149 141.195 -157.201 -73.407 141.827
3 0 -157.201 -73.407 141.827 -161.269 -73.198 142.057 -161.240 -72.977 141.412
3 0 -161.269 -73.198 142.057 -157.201 -73.407 141.827 -157.213 -73.403 142.510
3 0 -157.213 -73.403 142.510 -161.280 -73.155 142.739 -161.269 -73.198 142.057
3 0 -161.280 -73.155 142.739 -157.213 -73.403 142.510 -157.210 -73.139 143.139
3 0 -157.210 -73.139 143.139 -161.269 -72.856 143.352 -161.280 -73.155 142.739
3 0 -161.269 -72.856 143.352 -157.210 -73.139 143.139 -157.192 -72.654 143.620
3 0 -157.192 -72.654 143.620 -161.240 -72.345 143.805 -161.269 -72.856 143.352
3 0 -161.240 -72.345 143.805 -157.192 -72.654 143.620 -157.163 -72.023 143.878
3 0 -157.163 -72.023 143.878 -161.195 -71.701 144.027 -161.240 -72.345 143.805
3 0 -161.195 -71.701 144.027 -157.163 -72.023 143.878 -157.127 -71.341 143.875
3 0 -157.127 -71.341 143.875 -161.143 -71.022 143.985 -161.195 -71.701 144.027
3 0 -161.143 -71.022 143.985 -157.127 -71.341 143.875 -157.088 -70.712 143.611
3 0 -157.088 -70.712 143.611 -161.090 -70.410 143.686 -161.143 -71.022 143.985
3 0 -164.559 -64.579 144.594 -164.603 -65.109 144.165 -160.731 -65.520 144.354
3 0 -160.731 -65.520 144.354 -160.702 -65.009 144.806 -164.559 -64.579 144.594
3 0 -164.498 -63.927 144.787 -164.559 -64.579 144.594 -160.702 -65.009 144.806
3 0 -160.702 -65.009 144.806 -160.657 -64.365 145.028 -164.498 -63.927 144.787
3 0 -164.428 -63.252 144.715 -164.498 -63.927 144.787 -160.657 -64.365 145.028
3 0 -160.657 -64.365 145.028 -160.605 -63.685 144.987 -164.428 -63.252 144.715
3 0 -164.361 -62.656 144.388 -164.428 -63.252 144.715 -160.605 -63.685 144.987
3 0 -160.605 -63.685 144.987 -160.552 -63.074 144.687 -164.361 -62.656 144.388
3 0 -164.306 -62.230 143.857 -164.361 -62.656 144.388 -160.552 -63.074 144.687
3 0 -160.552 -63.074 144.687 -160.508 -62.624 144.176 -164.306 -62.230 143.857
3 0 -164.272 -62.040 143.202 -164.306 -62.230 143.857 -160.508 -62.624 144.176
3 0 -160.508 -62.624 144.176 -160.478 -62.403 143.531 -164.272 -62.040 143.202
3 0 -164.264 -62.113 142.524 -164.272 -62.040 143.202 -160.478 -62.403 143.531
3 0 -160.478 -62.403 143.531 -160.467 -62.445 142.849 -164.264 -62.113 142.524
3 0 -164.283 -62.439 141.924 -164.264 -62.113 142.524 -160.467 -62.445 142.849
3 0 -160.467 -62.445 142.849 -160.478 -62.745 142.236 -164.283 -62.439 141.924
3 0 -164.326 -62.969 141.495 -164.283 -62.439 141.924 -160.478 -62.745 142.236
3 0 -160.478 -62.745 142.236 -160.507 -63.255 141.783 -164.326 -62.969 141.495
3 0 -164.388 -63.621 141.302 -164.326 -62.969 141.495 -160.507 -63.255 141.783
3 0 -160.507 -63.255 141.783 -160.552 -63.899 141.561 -164.388 -63.621 141.302
3 0 -164.458 -64.296 141.374 -164.388 -63.621 141.302 -160.552 -63.899 141.561
3 0 -160.552 -63.899 141.561 -160.605 -64.579 141.603 -164.458 -64.296 141.374
3 0 -164.525 -64.892 141.700 -164.458 -64.296 141.374 -160.605 -64.579 141.603
3 0 -160.605 -64.579 141.603 -160.657 -65.190 141.902 -164.525 -64.892 141.700
3 0 -160.881 -67.455 144.472 -164.802 -67.032 144.370 -164.845 -67.562 143.941
3 0 -164.845 -67.562 143.941 -160.911 -67.965 144.020 -160.881 -67.455 144.472
3 0 -160.837 -66.811 144.694 -164.740 -66.380 144.563 -164.802 -67.032 144.370
3 0 -164.802 -67.032 144.370 -160.881 -67.455 144.472 -160.837 -66.811 144.694
3 0 -160.784 -66.131 144.653 -164.671 -65.705 144.491 -164.740 -66.380 144.563
3 0 -164.740 -66.380 144.563 -160.837 -66.811 144.694 -160.784 -66.131 144.653
3 0 -160.731 -65.520 144.354 -164.603 -65.109 144.165 -164.671 -65.705 144.491
3 0 -164.671 -65.705 144.491 -160.784 -66.131 144.653 -160.731 -65.520 144.354
3 0 -160.687 -65.701 141.450 -164.569 -65.421 141.271 -164.525 -64.892 141.700
3 0 -164.525 -64.892 141.700 -160.657 -65.190 141.902 -160.687 -65.701 141.450
3 0 -160.731 -66.345 141.227 -164.630 -66.074 141.078 -164.569 -65.421 141.271
3 0 -164.569 -65.421 141.271 -160.687 -65.701 141.450 -160.731 -66.345 141.227
3 0 -160.784 -67.025 141.269 -164.700 -66.749 141.150 -164.630 -66.074 141.078
3 0 -164.630 -66.074 141.078 -160.731 -66.345 141.227 -160.784 -67.025 141.269
3 0 -160.836 -67.636 141.568 -164.768 -67.345 141.477 -164.700 -66.749 141.150
3 0 -164.700 -66.749 141.150 -160.784 -67.025 141.269 -160.836 -67.636 141.568
3 0 -161.060 -69.900 144.139 -165.044 -69.484 144.146 -165.088 -70.014 143.717
3 0 -165.088 -70.014 143.717 -161.090 -70.410 143.686 -161.060 -69.900 144.139
3 0 -161.016 -69.256 144.361 -164.983 -68.832 144.340 -165.044 -69.484 144.146
3 0 -165.044 -69.484 144.146 -161.060 -69.900 144.139 -161.016 -69.256 144.361
3 0 -160.963 -68.576 144.319 -164.913 -68.157 144.267 -164.983 -68.832 144.340
3 0 -164.983 -68.832 144.340 -161.016 -69.256 144.361 -160.963 -68.576 144.319
3 0 -160.911 -67.965 144.020 -164.845 -67.562 143.941 -164.913 -68.157 144.267
3 0 -164.913 -68.157 144.267 -160.963 -68.576 144.319 -160.911 -67.965 144.020
3 0 -160.866 -68.146 141.116 -164.811 -67.873 141.048 -164.768 -67.345 141.477
3 0 -164.768 -67.345 141.477 -160.836 -67.636 141.568 -160.866 -68.146 141.116
3 0 -160.911 -68.790 140.894 -164.873 -68.525 140.855 -164.811 -67.873 141.048
3 0 -164.811 -67.873 141.048 -160.866 -68.146 141.116 -160.911 -68.790 140.894
3 0 -160.963 -69.470 140.935 -164.942 -69.201 140.927 -164.873 -68.525 140.855
3 0 -164.873 -68.525 140.855 -160.911 -68.790 140.894 -160.963 -69.470 140.935
3 0 -161.016 -70.081 141.234 -165.010 -69.797 141.253 -164.942 -69.201 140.927
3 0 -164.942 -69.201 140.927 -160.963 -69.470 140.935 -161.016 -70.081 141.234
3 0 -165.054 -70.326 140.824 -165.010 -69.797 141.253 -161.016 -70.081 141.234
3 0 -161.016 -70.081 141.234 -161.045 -70.592 140.782 -165.054 -70.326 140.824
3 0 -165.115 -70.978 140.631 -165.054 -70.326 140.824 -161.045 -70.592 140.782
3 0 -161.045 -70.592 140.782 -161.090 -71.236 140.560 -165.115 -70.978 140.631
3 0 -165.185 -71.654 140.703 -165.115 -70.978 140.631 -161.090 -71.236 140.560
3 0 -161.090 -71.236 140.560 -161.143 -71.915 140.601 -165.185 -71.654 140.703
3 0 -165.252 -72.250 141.030 -165.185 -71.654 140.703 -161.143 -71.915 140.601
3 0 -161.143 -71.915 140.601 -161.195 -72.527 140.901 -165.252 -72.250 141.030
3 0 -165.307 -72.675 141.561 -165.252 -72.250 141.030 -161.195 -72.527 140.901
3 0 -161.195 -72.527 140.901 -161.240 -72.977 141.412 -165.307 -72.675 141.561
3 0 -165.341 -72.866 142.216 -165.307 -72.675 141.561 -161.240 -72.977 141.412
3 0 -161.240 -72.977 141.412 -161.269 -73.198 142.057 -165.341 -72.866 142.216
3 0 -165.349 -72.793 142.894 -165.341 -72.866 142.216 -161.269 -73.198 142.057
3 0 -161.269 -73.198 142.057 -161.280 -73.155 142.739 -165.349 -72.793 142.894
3 0 -165.330 -72.467 143.494 -165.349 -72.793 142.894 -161.280 -73.155 142.739
3 0 -161.280 -73.155 142.739 -161.269 -72.856 143.352 -165.330 -72.467 143.494
3 0 -165.286 -71.937 143.923 -165.330 -72.467 143.494 -161.269 -72.856 143.352
3 0 -161.269 -72.856 143.352 -161.240 -72.345 143.805 -165.286 -71.937 143.923
3 0 -165.225 -71.285 144.116 -165.286 -71.937 143.923 -161.240 -72.345 143.805
3 0 -161.240 -72.345 143.805 -161.195 -71.701 144.027 -165.225 -71.285 144.116
3 0 -165.155 -70.610 144.044 -165.225 -71.285 144.116 -161.195 -71.701 144.027
3 0 -161.195 -71.701 144.027 -161.143 -71.022 143.985 -165.155 -70.610 144.044
3 0 -165.088 -70.014 143.717 -165.155 -70.610 144.044 -161.143 -71.022 143.985
3 0 -161.143 -71.022 143.985 -161.090 -70.410 143.686 -165.088 -70.014 143.717
3 0 -168.398 -64.078 144.397 -168.457 -64.621 143.987 -164.603 -65.109 144.165
3 0 -164.603 -65.109 144.165 -164.559 -64.579 144.594 -168.398 -64.078 144.397
3 0 -168.318 -63.422 144.567 -168.398 -64.078 144.397 -164.559 -64.579 144.594
3 0 -164.559 -64.579 144.594 -164.498 -63.927 144.787 -168.318 -63.422 144.567
3 0 -168.229 -62.752 144.471 -168.318 -63.422 144.567 -164.498 -63.927 144.787
3 0 -164.498 -63.927 144.787 -164.428 -63.252 144.715 -168.229 -62.752 144.471
3 0 -168.146 -62.170 144.124 -168.229 -62.752 144.471 -164.428 -63.252 144.715
3 0 -164.428 -63.252 144.715 -164.361 -62.656 144.388 -168.146 -62.170 144.124
3 0 -168.080 -61.764 143.579 -168.146 -62.170 144.124 -164.361 -62.656 144.388
3 0 -164.361 -62.656 144.388 -164.306 -62.230 143.857 -168.080 -61.764 143.579
3 0 -168.042 -61.598 142.918 -168.080 -61.764 143.579 -164.306 -62.230 143.857
3 0 -164.306 -62.230 143.857 -164.272 -62.040 143.202 -168.042 -61.598 142.918
3 0 -168.037 -61.695 142.242 -168.042 -61.598 142.918 -164.272 -62.040 143.202
3 0 -164.272 -62.040 143.202 -164.264 -62.113 142.524 -168.037 -61.695 142.242
3 0 -168.067 -62.041 141.654 -168.037 -61.695 142.242 -164.264 -62.113 142.524
3 0 -164.264 -62.113 142.524 -164.283 -62.439 141.924 -168.067 -62.041 141.654
3 0 -168.126 -62.584 141.244 -168.067 -62.041 141.654 -164.283 -62.439 141.924
3 0 -164.283 -62.439 141.924 -164.326 -62.969 141.495 -168.126 -62.584 141.244
3 0 -168.206 -63.240 141.074 -168.126 -62.584 141.244 -164.326 -62.969 141.495
3 0 -164.326 -62.969 141.495 -164.388 -63.621 141.302 -168.206 -63.240 141.074
3 0 -168.295 -63.911 141.170 -168.206 -63.240 141.074 -164.388 -63.621 141.302
3 0 -164.388 -63.621 141.302 -164.458 -64.296 141.374 -168.295 -63.911 141.170
3 0 -168.378 -64.493 141.517 -168.295 -63.911 141.170 -164.458 -64.296 141.374
3 0 -164.458 -64.296 141.374 -164.525 -64.892 141.700 -168.378 -64.493 141.517
3 0 -164.802 -67.032 144.370 -168.709 -66.530 144.260 -168.769 -67.072 143.850
3 0 -168.769 -67.072 143.850 -164.845 -67.562 143.941 -164.802 -67.032 144.370
3 0 -164.740 -66.380 144.563 -168.629 -65.873 144.430 -168.709 -66.530 144.260
3 0 -168.709 -66.530 144.260 -164.802 -67.032 144.370 -164.740 -66.380 144.563
3 0 -164.671 -65.705 144.491 -168.541 -65.203 144.334 -168.629 -65.873 144.430
3 0 -168.629 -65.873 144.430 -164.740 -66.380 144.563 -164.671 -65.705 144.491
3 0 -164.603 -65.109 144.165 -168.457 -64.621 143.987 -168.541 -65.203 144.334
3 0 -168.541 -65.203 144.334 -164.671 -65.705 144.491 -164.603 -65.109 144.165
3 0 -164.569 -65.421 141.271 -168.438 -65.035 141.107 -168.378 -64.493 141.517
3 0 -168.378 -64.493 141.517 -164.525 -64.892 141.700 -164.569 -65.421 141.271
3 0 -164.630 -66.074 141.078 -168.518 -65.692 140.937 -168.438 -65.035 141.107
3 0 -168.438 -65.035 141.107 -164.569 -65.421 141.271 -164.630 -66.074 141.078
3 0 -164.700 -66.749 141.150 -168.606 -66.362 141.032 -168.518 -65.692 140.937
3 0 -168.518 -65.692 140.937 -164.630 -66.074 141.078 -164.700 -66.749 141.150
3 0 -164.768 -67.345 141.477 -168.690 -66.944 141.379 -168.606 -66.362 141.032
3 0 -168.606 -66.362 141.032 -164.700 -66.749 141.150 -164.768 -67.345 141.477
3 0 -165.044 -69.484 144.146 -169.021 -68.980 144.123 -169.080 -69.523 143.712
3 0 -169.080 -69.523 143.712 -165.088 -70.014 143.717 -165.044 -69.484 144.146
3 0 -164.983 -68.832 144.340 -168.941 -68.324 144.293 -169.021 -68.980 144.123
3 0 -169.021 -68.980 144.123 -165.044 -69.484 144.146 -164.983 -68.832 144.340
3 0 -164.913 -68.157 144.267 -168.852 -67.654 144.197 -168.941 -68.324 144.293
3 0 -168.941 -68.324 144.293 -164.983 -68.832 144.340 -164.913 -68.157 144.267
3 0 -164.845 -67.562 143.941 -168.769 -67.072 143.850 -168.852 -67.654 144.197
3 0 -168.852 -67.654 144.197 -164.913 -68.157 144.267 -164.845 -67.562 143.941
3 0 -164.811 -67.873 141.048 -168.749 -67.486 140.969 -168.690 -66.944 141.379
3 0 -168.690 -66.944 141.379 -164.768 -67.345 141.477 -164.811 -67.873 141.048
3 0 -164.873 -68.525 140.855 -168.829 -68.142 140.799 -168.749 -67.486 140.969
3 0 -168.749 -67.486 140.969 -164.811 -67.873 141.048 -164.873 -68.525 140.855
3 0 -164.942 -69.201 140.927 -168.918 -68.813 140.895 -168.829 -68.142 140.799
3 0 -168.829 -68.142 140.799 -164.873 -68.525 140.855 -164.942 -69.201 140.927
3 0 -165.010 -69.797 141.253 -169.001 -69.395 141.242 -168.918 -68.813 140.895
3 0 -168.918 -68.813 140.895 -164.942 -69.201 140.927 -165.010 -69.797 141.253
3 0 -169.061 -69.937 140.832 -169.001 -69.395 141.242 -165.010 -69.797 141.253
3 0 -165.010 -69.797 141.253 -165.054 -70.326 140.824 -169.061 -69.937 140.832
3 0 -169.141 -70.594 140.662 -169.061 -69.937 140.832 -165.054 -70.326 140.824
3 0 -165.054 -70.326 140.824 -165.115 -70.978 140.631 -169.141 -70.594 140.662
3 0 -169.229 -71.264 140.758 -169.141 -70.594 140.662 -165.115 -70.978 140.631
3 0 -165.115 -70.978 140.631 -165.185 -71.654 140.703 -169.229 -71.264 140.758
3 0 -169.313 -71.846 141.105 -169.229 -71.264 140.758 -165.185 -71.654 140.703
3 0 -165.185 -71.654 140.703 -165.252 -72.250 141.030 -169.313 -71.846 141.105
3 0 -169.378 -72.251 141.650 -169.313 -71.846 141.105 -165.252 -72.250 141.030
3 0 -165.252 -72.250 141.030 -165.307 -72.675 141.561 -169.378 -72.251 141.650
3 0 -169.417 -72.418 142.312 -169.378 -72.251 141.650 -165.307 -72.675 141.561
3 0 -165.307 -72.675 141.561 -165.341 -72.866 142.216 -169.417 -72.418 142.312
3 0 -169.421 -72.321 142.987 -169.417 -72.418 142.312 -165.341 -72.866 142.216
3 0 -165.341 -72.866 142.216 -165.349 -72.793 142.894 -169.421 -72.321 142.987
3 0 -169.391 -71.974 143.575 -169.421 -72.321 142.987 -165.349 -72.793 142.894
3 0 -165.349 -72.793 142.894 -165.330 -72.467 143.494 -169.391 -71.974 143.575
3 0 -169.332 -71.432 143.985 -169.391 -71.974 143.575 -165.330 -72.467 143.494
3 0 -165.330 -72.467 143.494 -165.286 -71.937 143.923 -169.332 -71.432 143.985
3 0 -169.252 -70.775 144.155 -169.332 -71.432 143.985 -165.286 -71.937 143.923
3 0 -165.286 -71.937 143.923 -165.225 -71.285 144.116 -169.252 -70.775 144.155
3 0 -169.164 -70.105 144.060 -169.252 -70.775 144.155 -165.225 -71.285 144.116
3 0 -165.225 -71.285 144.116 -165.155 -70.610 144.044 -169.164 -70.105 144.060
3 0 -169.080 -69.523 143.712 -169.164 -70.105 144.060 -165.155 -70.610 144.044
3 0 -165.155 -70.610 144.044 -165.088 -70.014 143.717 -169.080 -69.523 143.712
3 0 -172.209 -63.481 144.211 -172.286 -64.033 143.816 -168.457 -64.621 143.987
3 0 -168.457 -64.621 143.987 -168.398 -64.078 144.397 -172.209 -63.481 144.211
3 0 -172.108 -62.823 144.363 -172.209 -63.481 144.211 -168.398 -64.078 144.397
3 0 -168.398 -64.078 144.397 -168.318 -63.422 144.567 -172.108 -62.823 144.363
3 0 -171.998 -62.159 144.248 -172.108 -62.823 144.363 -168.318 -63.422 144.567
3 0 -168.318 -63.422 144.567 -168.229 -62.752 144.471 -171.998 -62.159 144.248
3 0 -171.897 -61.590 143.885 -171.998 -62.159 144.248 -168.229 -62.752 144.471
3 0 -168.229 -62.752 144.471 -168.146 -62.170 144.124 -171.897 -61.590 143.885
3 0 -171.819 -61.202 143.328 -171.897 -61.590 143.885 -168.146 -62.170 144.124
3 0 -168.146 -62.170 144.124 -168.080 -61.764 143.579 -171.819 -61.202 143.328
3 0 -171.777 -61.055 142.663 -171.819 -61.202 143.328 -168.080 -61.764 143.579
3 0 -168.080 -61.764 143.579 -168.042 -61.598 142.918 -171.777 -61.055 142.663
3 0 -171.777 -61.171 141.990 -171.777 -61.055 142.663 -168.042 -61.598 142.918
3 0 -168.042 -61.598 142.918 -168.037 -61.695 142.242 -171.777 -61.171 141.990
3 0 -171.819 -61.533 141.412 -171.777 -61.171 141.990 -168.037 -61.695 142.242
3 0 -168.037 -61.695 142.242 -168.067 -62.041 141.654 -171.819 -61.533 141.412
3 0 -171.896 -62.084 141.017 -171.819 -61.533 141.412 -168.067 -62.041 141.654
3 0 -168.067 -62.041 141.654 -168.126 -62.584 141.244 -171.896 -62.084 141.017
3 0 -171.998 -62.742 140.866 -171.896 -62.084 141.017 -168.126 -62.584 141.244
3 0 -168.126 -62.584 141.244 -168.206 -63.240 141.074 -171.998 -62.742 140.866
3 0 -172.107 -63.406 140.980 -171.998 -62.742 140.866 -168.206 -63.240 141.074
3 0 -168.206 -63.240 141.074 -168.295 -63.911 141.170 -172.107 -63.406 140.980
3 0 -172.208 -63.976 141.343 -172.107 -63.406 140.980 -168.295 -63.911 141.170
3 0 -168.295 -63.911 141.170 -168.378 -64.493 141.517 -172.208 -63.976 141.343
3 0 -168.709 -66.530 144.260 -172.598 -65.925 144.142 -172.676 -66.476 143.747
3 0 -172.676 -66.476 143.747 -168.769 -67.072 143.850 -168.709 -66.530 144.260
3 0 -168.629 -65.873 144.430 -172.497 -65.267 144.294 -172.598 -65.925 144.142
3 0 -172.598 -65.925 144.142 -168.709 -66.530 144.260 -168.629 -65.873 144.430
3 0 -168.541 -65.203 144.334 -172.388 -64.602 144.179 -172.497 -65.267 144.294
3 0 -172.497 -65.267 144.294 -168.629 -65.873 144.430 -168.541 -65.203 144.334
3 0 -168.457 -64.621 143.987 -172.286 -64.033 143.816 -172.388 -64.602 144.179
3 0 -172.388 -64.602 144.179 -168.541 -65.203 144.334 -168.457 -64.621 143.987
3 0 -168.438 -65.035 141.107 -172.286 -64.527 140.948 -172.208 -63.976 141.343
3 0 -172.208 -63.976 141.343 -168.378 -64.493 141.517 -168.438 -65.035 141.107
3 0 -168.518 -65.692 140.937 -172.387 -65.185 140.796 -172.286 -64.527 140.948
3 0 -172.286 -64.527 140.948 -168.438 -65.035 141.107 -168.518 -65.692 140.937
3 0 -168.606 -66.362 141.032 -172.497 -65.850 140.911 -172.387 -65.185 140.796
3 0 -172.387 -65.185 140.796 -168.518 -65.692 140.937 -168.606 -66.362 141.032
3 0 -168.690 -66.944 141.379 -172.598 -66.419 141.274 -172.497 -65.850 140.911
3 0 -172.497 -65.850 140.911 -168.606 -66.362 141.032 -168.690 -66.944 141.379
3 0 -169.021 -68.980 144.123 -172.988 -68.367 144.073 -173.065 -68.918 143.678
3 0 -173.065 -68.918 143.678 -169.080 -69.523 143.712 -169.021 -68.980 144.123
3 0 -168.941 -68.324 144.293 -172.887 -67.709 144.225 -172.988 -68.367 144.073
3 0 -172.988 -68.367 144.073 -169.021 -68.980 144.123 -168.941 -68.324 144.293
3 0 -168.852 -67.654 144.197 -172.777 -67.045 144.110 -172.887 -67.709 144.225
3 0 -172.887 -67.709 144.225 -168.941 -68.324 144.293 -168.852 -67.654 144.197
3 0 -168.769 -67.072 143.850 -172.676 -66.476 143.747 -172.777 -67.045 144.110
3 0 -172.777 -67.045 144.110 -168.852 -67.654 144.197 -168.769 -67.072 143.850
3 0 -168.749 -67.486 140.969 -172.675 -66.970 140.879 -172.598 -66.419 141.274
3 0 -172.598 -66.419 141.274 -168.690 -66.944 141.379 -168.749 -67.486 140.969
3 0 -168.829 -68.142 140.799 -172.777 -67.628 140.727 -172.675 -66.970 140.879
3 0 -172.675 -66.970 140.879 -168.749 -67.486 140.969 -168.829 -68.142 140.799
3 0 -168.918 -68.813 140.895 -172.886 -68.292 140.842 -172.777 -67.628 140.727
3 0 -172.777 -67.628 140.727 -168.829 -68.142 140.799 -168.918 -68.813 140.895
3 0 -169.001 -69.395 141.242 -172.987 -68.861 141.205 -172.886 -68.292 140.842
3 0 -172.886 -68.292 140.842 -168.918 -68.813 140.895 -169.001 -69.395 141.242
3 0 -173.065 -69.413 140.810 -172.987 -68.861 141.205 -169.001 -69.395 141.242
3 0 -169.001 -69.395 141.242 -169.061 -69.937 140.832 -173.065 -69.413 140.810
3 0 -173.166 -70.071 140.658 -173.065 -69.413 140.810 -169.061 -69.937 140.832
3 0 -169.061 -69.937 140.832 -169.141 -70.594 140.662 -173.166 -70.071 140.658
3 0 -173.276 -70.735 140.773 -173.166 -70.071 140.658 -169.141 -70.594 140.662
3 0 -169.141 -70.594 140.662 -169.229 -71.264 140.758 -173.276 -70.735 140.773
3 0 -173.377 -71.304 141.136 -173.276 -70.735 140.773 -169.229 -71.264 140.758
3 0 -169.229 -71.264 140.758 -169.313 -71.846 141.105 -173.377 -71.304 141.136
3 0 -173.455 -71.692 141.693 -173.377 -71.304 141.136 -169.313 -71.846 141.105
3 0 -169.313 -71.846 141.105 -169.378 -72.251 141.650 -173.455 -71.692 141.693
3 0 -173.497 -71.839 142.358 -173.455 -71.692 141.693 -169.378 -72.251 141.650
3 0 -169.378 -72.251 141.650 -169.417 -72.418 142.312 -173.497 -71.839 142.358
3 0 -173.497 -71.723 143.031 -173.497 -71.839 142.358 -169.417 -72.418 142.312
3 0 -169.417 -72.418 142.312 -169.421 -72.321 142.987 -173.497 -71.723 143.031
3 0 -173.455 -71.362 143.609 -173.497 -71.723 143.031 -169.421 -72.321 142.987
3 0 -169.421 -72.321 142.987 -169.391 -71.974 143.575 -173.455 -71.362 143.609
3 0 -173.377 -70.810 144.004 -173.455 -71.362 143.609 -169.391 -71.974 143.575
3 0 -169.391 -71.974 143.575 -169.332 -71.432 143.985 -173.377 -70.810 144.004
3 0 -173.276 -70.152 144.156 -173.377 -70.810 144.004 -169.332 -71.432 143.985
3 0 -169.332 -71.432 143.985 -169.252 -70.775 144.155 -173.276 -70.152 144.156
3 0 -173.167 -69.488 144.041 -173.276 -70.152 144.156 -169.252 -70.775 144.155
3 0 -169.252 -70.775 144.155 -169.164 -70.105 144.060 -173.167 -69.488 144.041
3 0 -173.065 -68.918 143.678 -173.167 -69.488 144.041 -169.164 -70.105 144.060
3 0 -169.164 -70.105 144.060 -169.080 -69.523 143.712 -173.065 -68.918 143.678
3 0 -175.987 -62.775 144.034 -176.084 -63.332 143.651 -172.286 -64.033 143.816
3 0 -172.286 -64.033 143.816 -172.209 -63.481 144.211 -175.987 -62.775 144.034
3 0 -175.861 -62.118 144.172 -175.987 -62.775 144.034 -172.209 -63.481 144.211
3 0 -172.209 -63.481 144.211 -172.108 -62.823 144.363 -175.861 -62.118 144.172
3 0 -175.728 -61.461 144.044 -175.861 -62.118 144.172 -172.108 -62.823 144.363
3 0 -172.108 -62.823 144.363 -171.998 -62.159 144.248 -175.728 -61.461 144.044
3 0 -175.607 -60.904 143.668 -175.728 -61.461 144.044 -171.998 -62.159 144.248
3 0 -171.998 -62.159 144.248 -171.897 -61.590 143.885 -175.607 -60.904 143.668
3 0 -175.517 -60.531 143.103 -175.607 -60.904 143.668 -171.897 -61.590 143.885
3 0 -171.897 -61.590 143.885 -171.819 -61.202 143.328 -175.517 -60.531 143.103
3 0 -175.471 -60.400 142.435 -175.517 -60.531 143.103 -171.819 -61.202 143.328
3 0 -171.819 -61.202 143.328 -171.777 -61.055 142.663 -175.471 -60.400 142.435
3 0 -175.476 -60.530 141.765 -175.471 -60.400 142.435 -171.777 -61.055 142.663
3 0 -171.777 -61.055 142.663 -171.777 -61.171 141.990 -175.476 -60.530 141.765
3 0 -175.532 -60.901 141.195 -175.476 -60.530 141.765 -171.777 -61.171 141.990
3 0 -171.777 -61.171 141.990 -171.819 -61.533 141.412 -175.532 -60.901 141.195
3 0 -175.630 -61.458 140.811 -175.532 -60.901 141.195 -171.819 -61.533 141.412
3 0 -171.819 -61.533 141.412 -171.896 -62.084 141.017 -175.630 -61.458 140.811
3 0 -175.755 -62.115 140.674 -175.630 -61.458 140.811 -171.896 -62.084 141.017
3 0 -171.896 -62.084 141.017 -171.998 -62.742 140.866 -175.755 -62.115 140.674
3 0 -175.888 -62.772 140.802 -175.755 -62.115 140.674 -171.998 -62.742 140.866
3 0 -171.998 -62.742 140.866 -172.107 -63.406 140.980 -175.888 -62.772 140.802
3 0 -176.009 -63.330 141.178 -175.888 -62.772 140.802 -172.107 -63.406 140.980
3 0 -172.107 -63.406 140.980 -172.208 -63.976 141.343 -176.009 -63.330 141.178
3 0 -172.598 -65.925 144.142 -176.464 -65.204 144.017 -176.562 -65.761 143.634
3 0 -176.562 -65.761 143.634 -172.676 -66.476 143.747 -172.598 -65.925 144.142
3 0 -172.497 -65.267 144.294 -176.339 -64.547 144.155 -176.464 -65.204 144.017
3 0 -176.464 -65.204 144.017 -172.598 -65.925 144.142 -172.497 -65.267 144.294
3 0 -172.388 -64.602 144.179 -176.205 -63.890 144.027 -176.339 -64.547 144.155
3 0 -176.339 -64.547 144.155 -172.497 -65.267 144.294 -172.388 -64.602 144.179
3 0 -172.286 -64.033 143.816 -176.084 -63.332 143.651 -176.205 -63.890 144.027
3 0 -176.205 -63.890 144.027 -172.388 -64.602 144.179 -172.286 -64.033 143.816
3 0 -172.286 -64.527 140.948 -176.107 -63.886 140.795 -176.009 -63.330 141.178
3 0 -176.009 -63.330 141.178 -172.208 -63.976 141.343 -172.286 -64.527 140.948
3 0 -172.387 -65.185 140.796 -176.232 -64.543 140.657 -176.107 -63.886 140.795
3 0 -176.107 -63.886 140.795 -172.286 -64.527 140.948 -172.387 -65.185 140.796
3 0 -172.497 -65.850 140.911 -176.365 -65.201 140.785 -176.232 -64.543 140.657
3 0 -176.232 -64.543 140.657 -172.387 -65.185 140.796 -172.497 -65.850 140.911
3 0 -172.598 -66.419 141.274 -176.486 -65.758 141.161 -176.365 -65.201 140.785
3 0 -176.365 -65.201 140.785 -172.497 -65.850 140.911 -172.598 -66.419 141.274
3 0 -172.988 -68.367 144.073 -176.941 -67.631 144.000 -177.038 -68.188 143.617
3 0 -177.038 -68.188 143.617 -173.065 -68.918 143.678 -172.988 -68.367 144.073
3 0 -172.887 -67.709 144.225 -176.815 -66.974 144.138 -176.941 -67.631 144.000
3 0 -176.941 -67.631 144.000 -172.988 -68.367 144.073 -172.887 -67.709 144.225
3 0 -172.777 -67.045 144.110 -176.682 -66.317 144.010 -176.815 -66.974 144.138
3 0 -176.815 -66.974 144.138 -172.887 -67.709 144.225 -172.777 -67.045 144.110
3 0 -172.676 -66.476 143.747 -176.562 -65.761 143.634 -176.682 -66.317 144.010
3 0 -176.682 -66.317 144.010 -172.777 -67.045 144.110 -172.676 -66.476 143.747
3 0 -172.675 -66.970 140.879 -176.584 -66.314 140.778 -176.486 -65.758 141.161
3 0 -176.486 -65.758 141.161 -172.598 -66.419 141.274 -172.675 -66.970 140.879
3 0 -172.777 -67.628 140.727 -176.709 -66.971 140.640 -176.584 -66.314 140.778
3 0 -176.584 -66.314 140.778 -172.675 -66.970 140.879 -172.777 -67.628 140.727
3 0 -172.886 -68.292 140.842 -176.842 -67.628 140.768 -176.709 -66.971 140.640
3 0 -176.709 -66.971 140.640 -172.777 -67.628 140.727 -172.886 -68.292 140.842
3 0 -172.987 -68.861 141.205 -176.963 -68.186 141.144 -176.842 -67.628 140.768
3 0 -176.842 -67.628 140.768 -172.886 -68.292 140.842 -172.987 -68.861 141.205
3 0 -177.061 -68.742 140.761 -176.963 -68.186 141.144 -172.987 -68.861 141.205
3 0 -172.987 -68.861 141.205 -173.065 -69.413 140.810 -177.061 -68.742 140.761
3 0 -177.186 -69.399 140.623 -177.061 -68.742 140.761 -173.065 -69.413 140.810
3 0 -173.065 -69.413 140.810 -173.166 -70.071 140.658 -177.186 -69.399 140.623
3 0 -177.319 -70.057 140.751 -177.186 -69.399 140.623 -173.166 -70.071 140.658
3 0 -173.166 -70.071 140.658 -173.276 -70.735 140.773 -177.319 -70.057 140.751
3 0 -177.440 -70.614 141.127 -177.319 -70.057 140.751 -173.276 -70.735 140.773
3 0 -173.276 -70.735 140.773 -173.377 -71.304 141.136 -177.440 -70.614 141.127
3 0 -177.531 -70.987 141.692 -177.440 -70.614 141.127 -173.377 -71.304 141.136
3 0 -173.377 -71.304 141.136 -173.455 -71.692 141.693 -177.531 -70.987 141.692
3 0 -177.577 -71.118 142.360 -177.531 -70.987 141.692 -173.455 -71.692 141.693
3 0 -173.455 -71.692 141.693 -173.497 -71.839 142.358 -177.577 -71.118 142.360
3 0 -177.571 -70.988 143.030 -177.577 -71.118 142.360 -173.497 -71.839 142.358
3 0 -173.497 -71.839 142.358 -173.497 -71.723 143.031 -177.571 -70.988 143.030
3 0 -177.516 -70.617 143.600 -177.571 -70.988 143.030 -173.497 -71.723 143.031
3 0 -173.497 -71.723 143.031 -173.455 -71.362 143.609 -177.516 -70.617 143.600
3 0 -177.418 -70.060 143.984 -177.516 -70.617 143.600 -173.455 -71.362 143.609
3 0 -173.455 -71.362 143.609 -173.377 -70.810 144.004 -177.418 -70.060 143.984
3 0 -177.293 -69.403 144.121 -177.418 -70.060 143.984 -173.377 -70.810 144.004
3 0 -173.377 -70.810 144.004 -173.276 -70.152 144.156 -177.293 -69.403 144.121
3 0 -177.159 -68.746 143.993 -177.293 -69.403 144.121 -173.276 -70.152 144.156
3 0 -173.276 -70.152 144.156 -173.167 -69.488 144.041 -177.159 -68.746 143.993
3 0 -177.038 -68.188 143.617 -177.159 -68.746 143.993 -173.167 -69.488 144.041
3 0 -173.167 -69.488 144.041 -173.065 -68.918 143.678 -177.038 -68.188 143.617
3 0 -179.720 -61.940 143.865 -179.841 -62.498 143.491 -176.084 -63.332 143.651
3 0 -176.084 -63.332 143.651 -175.987 -62.775 144.034 -179.720 -61.940 143.865
3 0 -179.568 -61.286 143.992 -179.720 -61.940 143.865 -175.987 -62.775 144.034
3 0 -175.987 -62.775 144.034 -175.861 -62.118 144.172 -179.568 -61.286 143.992
3 0 -179.408 -60.637 143.853 -179.568 -61.286 143.992 -175.861 -62.118 144.172
3 0 -175.861 -62.118 144.172 -175.728 -61.461 144.044 -179.408 -60.637 143.853
3 0 -179.265 -60.091 143.469 -179.408 -60.637 143.853 -175.728 -61.461 144.044
3 0 -175.728 -61.461 144.044 -175.607 -60.904 143.668 -179.265 -60.091 143.469
3 0 -179.160 -59.731 142.898 -179.265 -60.091 143.469 -175.607 -60.904 143.668
3 0 -175.607 -60.904 143.668 -175.517 -60.531 143.103 -179.160 -59.731 142.898
3 0 -179.110 -59.612 142.228 -179.160 -59.731 142.898 -175.517 -60.531 143.103
3 0 -175.517 -60.531 143.103 -175.471 -60.400 142.435 -179.110 -59.612 142.228
3 0 -179.122 -59.753 141.559 -179.110 -59.612 142.228 -175.471 -60.400 142.435
3 0 -175.471 -60.400 142.435 -175.476 -60.530 141.765 -179.122 -59.753 141.559
3 0 -179.194 -60.131 140.995 -179.122 -59.753 141.559 -175.476 -60.530 141.765
3 0 -175.476 -60.530 141.765 -175.532 -60.901 141.195 -179.194 -60.131 140.995
3 0 -179.315 -60.689 140.621 -179.194 -60.131 140.995 -175.532 -60.901 141.195
3 0 -175.532 -60.901 141.195 -175.630 -61.458 140.811 -179.315 -60.689 140.621
3 0 -179.467 -61.342 140.494 -179.315 -60.689 140.621 -175.630 -61.458 140.811
3 0 -175.630 -61.458 140.811 -175.755 -62.115 140.674 -179.467 -61.342 140.494
3 0 -179.627 -61.991 140.633 -179.467 -61.342 140.494 -175.755 -62.115 140.674
3 0 -175.755 -62.115 140.674 -175.888 -62.772 140.802 -179.627 -61.991 140.633
3 0 -179.770 -62.537 141.017 -179.627 -61.991 140.633 -175.888 -62.772 140.802
3 0 -175.888 -62.772 140.802 -176.009 -63.330 141.178 -179.770 -62.537 141.017
3 0 -176.464 -65.204 144.017 -180.296 -64.347 143.887 -180.417 -64.905 143.513
3 0 -180.417 -64.905 143.513 -176.562 -65.761 143.634 -176.464 -65.204 144.017
3 0 -176.339 -64.547 144.155 -180.144 -63.693 144.014 -180.296 -64.347 143.887
3 0 -180.296 -64.347 143.887 -176.464 -65.204 144.017 -176.339 -64.547 144.155
3 0 -176.205 -63.890 144.027 -179.984 -63.044 143.875 -180.144 -63.693 144.014
3 0 -180.144 -63.693 144.014 -176.339 -64.547 144.155 -176.205 -63.890 144.027
3 0 -176.084 -63.332 143.651 -179.841 -62.498 143.491 -179.984 -63.044 143.875
3 0 -179.984 -63.044 143.875 -176.205 -63.890 144.027 -176.084 -63.332 143.651
3 0 -176.107 -63.886 140.795 -179.891 -63.096 140.643 -179.770 -62.537 141.017
3 0 -179.770 -62.537 141.017 -176.009 -63.330 141.178 -176.107 -63.886 140.795
3 0 -176.232 -64.543 140.657 -180.043 -63.749 140.516 -179.891 -63.096 140.643
3 0 -179.891 -63.096 140.643 -176.107 -63.886 140.795 -176.232 -64.543 140.657
3 0 -176.365 -65.201 140.785 -180.203 -64.398 140.655 -180.043 -63.749 140.516
3 0 -180.043 -63.749 140.516 -176.232 -64.543 140.657 -176.365 -65.201 140.785
3 0 -176.486 -65.758 141.161 -180.346 -64.944 141.039 -180.203 -64.398 140.655
3 0 -180.203 -64.398 140.655 -176.365 -65.201 140.785 -176.486 -65.758 141.161
3 0 -176.941 -67.631 144.000 -180.872 -66.752 143.908 -180.993 -67.311 143.534
3 0 -180.993 -67.311 143.534 -177.038 -68.188 143.617 -176.941 -67.631 144.000
3 0 -176.815 -66.974 144.138 -180.720 -66.099 144.036 -180.872 -66.752 143.908
3 0 -180.872 -66.752 143.908 -176.941 -67.631 144.000 -176.815 -66.974 144.138
3 0 -176.682 -66.317 144.010 -180.560 -65.450 143.897 -180.720 -66.099 144.036
3 0 -180.720 -66.099 144.036 -176.815 -66.974 144.138 -176.682 -66.317 144.010
3 0 -176.562 -65.761 143.634 -180.417 -64.905 143.513 -180.560 -65.450 143.897
3 0 -180.560 -65.450 143.897 -176.682 -66.317 144.010 -176.562 -65.761 143.634
3 0 -176.584 -66.314 140.778 -180.467 -65.502 140.665 -180.346 -64.944 141.039
3 0 -180.346 -64.944 141.039 -176.486 -65.758 141.161 -176.584 -66.314 140.778
3 0 -176.709 -66.971 140.640 -180.619 -66.155 140.538 -180.467 -65.502 140.665
3 0 -180.467 -65.502 140.665 -176.584 -66.314 140.778 -176.709 -66.971 140.640
3 0 -176.842 -67.628 140.768 -180.779 -66.804 140.677 -180.619 -66.155 140.538
3 0 -180.619 -66.155 140.538 -176.709 -66.971 140.640 -176.842 -67.628 140.768
3 0 -176.963 -68.186 141.144 -180.922 -67.350 141.061 -180.779 -66.804 140.677
3 0 -180.779 -66.804 140.677 -176.842 -67.628 140.768 -176.963 -68.186 141.144
3 0 -181.043 -67.908 140.687 -180.922 -67.350 141.061 -176.963 -68.186 141.144
3 0 -176.963 -68.186 141.144 -177.061 -68.742 140.761 -181.043 -67.908 140.687
3 0 -181.195 -68.562 140.559 -181.043 -67.908 140.687 -177.061 -68.742 140.761
3 0 -177.061 -68.742 140.761 -177.186 -69.399 140.623 -181.195 -68.562 140.559
3 0 -181.355 -69.211 140.698 -181.195 -68.562 140.559 -177.186 -69.399 140.623
3 0 -177.186 -69.399 140.623 -177.319 -70.057 140.751 -181.355 -69.211 140.698
3 0 -181.498 -69.757 141.083 -181.355 -69.211 140.698 -177.319 -70.057 140.751
3 0 -177.319 -70.057 140.751 -177.440 -70.614 141.127 -181.498 -69.757 141.083
3 0 -181.602 -70.117 141.653 -181.498 -69.757 141.083 -177.440 -70.614 141.127
3 0 -177.440 -70.614 141.127 -177.531 -70.987 141.692 -181.602 -70.117 141.653
3 0 -181.653 -70.236 142.324 -181.602 -70.117 141.653 -177.531 -70.987 141.692
3 0 -177.531 -70.987 141.692 -177.577 -71.118 142.360 -181.653 -70.236 142.324
3 0 -181.641 -70.096 142.992 -181.653 -70.236 142.324 -177.577 -71.118 142.360
3 0 -177.577 -71.118 142.360 -177.571 -70.988 143.030 -181.641 -70.096 142.992
3 0 -181.569 -69.718 143.556 -181.641 -70.096 142.992 -177.571 -70.988 143.030
3 0 -177.571 -70.988 143.030 -177.516 -70.617 143.600 -181.569 -69.718 143.556
3 0 -181.448 -69.159 143.930 -181.569 -69.718 143.556 -177.516 -70.617 143.600
3 0 -177.516 -70.617 143.600 -177.418 -70.060 143.984 -181.448 -69.159 143.930
3 0 -181.296 -68.506 144.057 -181.448 -69.159 143.930 -177.418 -70.060 143.984
3 0 -177.418 -70.060 143.984 -177.293 -69.403 144.121 -181.296 -68.506 144.057
3 0 -181.136 -67.857 143.918 -181.296 -68.506 144.057 -177.293 -69.403 144.121
3 0 -177.293 -69.403 144.121 -177.159 -68.746 143.993 -181.136 -67.857 143.918
3 0 -180.993 -67.311 143.534 -181.136 -67.857 143.918 -177.159 -68.746 143.993
3 0 -177.159 -68.746 143.993 -177.038 -68.188 143.617 -180.993 -67.311 143.534
3 0 -183.397 -60.956 143.701 -183.545 -61.512 143.333 -179.841 -62.498 143.491
3 0 -179.841 -62.498 143.491 -179.720 -61.940 143.865 -183.397 -60.956 143.701
3 0 -183.214 -60.309 143.821 -183.397 -60.956 143.701 -179.720 -61.940 143.865
3 0 -179.720 -61.940 143.865 -179.568 -61.286 143.992 -183.214 -60.309 143.821
3 0 -183.025 -59.670 143.675 -183.214 -60.309 143.821 -179.568 -61.286 143.992
3 0 -179.568 -61.286 143.992 -179.408 -60.637 143.853 -183.025 -59.670 143.675
3 0 -182.857 -59.136 143.284 -183.025 -59.670 143.675 -179.408 -60.637 143.853
3 0 -179.408 -60.637 143.853 -179.265 -60.091 143.469 -182.857 -59.136 143.284
3 0 -182.736 -58.788 142.709 -182.857 -59.136 143.284 -179.265 -60.091 143.469
3 0 -179.265 -60.091 143.469 -179.160 -59.731 142.898 -182.736 -58.788 142.709
3 0 -182.681 -58.679 142.037 -182.736 -58.788 142.709 -179.160 -59.731 142.898
3 0 -179.160 -59.731 142.898 -179.110 -59.612 142.228 -182.681 -58.679 142.037
3 0 -182.700 -58.826 141.371 -182.681 -58.679 142.037 -179.110 -59.612 142.228
3 0 -179.110 -59.612 142.228 -179.122 -59.753 141.559 -182.700 -58.826 141.371
3 0 -182.790 -59.206 140.811 -182.700 -58.826 141.371 -179.122 -59.753 141.559
3 0 -179.122 -59.753 141.559 -179.194 -60.131 140.995 -182.790 -59.206 140.811
3 0 -182.938 -59.762 140.443 -182.790 -59.206 140.811 -179.194 -60.131 140.995
3 0 -179.194 -60.131 140.995 -179.315 -60.689 140.621 -182.938 -59.762 140.443
3 0 -183.120 -60.409 140.324 -182.938 -59.762 140.443 -179.315 -60.689 140.621
3 0 -179.315 -60.689 140.621 -179.467 -61.342 140.494 -183.120 -60.409 140.324
3 0 -183.310 -61.048 140.470 -183.120 -60.409 140.324 -179.467 -61.342 140.494
3 0 -179.467 -61.342 140.494 -179.627 -61.991 140.633 -183.310 -61.048 140.470
3 0 -183.478 -61.583 140.860 -183.310 -61.048 140.470 -179.627 -61.991 140.633
3 0 -179.627 -61.991 140.633 -179.770 -62.537 141.017 -183.478 -61.583 140.860
3 0 -180.296 -64.347 143.887 -184.085 -63.333 143.750 -184.233 -63.889 143.382
3 0 -184.233 -63.889 143.382 -180.417 -64.905 143.513 -180.296 -64.347 143.887
3 0 -180.144 -63.693 144.014 -183.902 -62.686 143.870 -184.085 -63.333 143.750
3 0 -184.085 -63.333 143.750 -180.296 -64.347 143.887 -180.144 -63.693 144.014
3 0 -179.984 -63.044 143.875 -183.713 -62.047 143.724 -183.902 -62.686 143.870
3 0 -183.902 -62.686 143.870 -180.144 -63.693 144.014 -179.984 -63.044 143.875
3 0 -179.841 -62.498 143.491 -183.545 -61.512 143.333 -183.713 -62.047 143.724
3 0 -183.713 -62.047 143.724 -179.984 -63.044 143.875 -179.841 -62.498 143.491
3 0 -179.891 -63.096 140.643 -183.626 -62.139 140.493 -183.478 -61.583 140.860
3 0 -183.478 -61.583 140.860 -179.770 -62.537 141.017 -179.891 -63.096 140.643
3 0 -180.043 -63.749 140.516 -183.809 -62.786 140.373 -183.626 -62.139 140.493
3 0 -183.626 -62.139 140.493 -179.891 -63.096 140.643 -180.043 -63.749 140.516
3 0 -180.203 -64.398 140.655 -183.998 -63.425 140.519 -183.809 -62.786 140.373
3 0 -183.809 -62.786 140.373 -180.043 -63.749 140.516 -180.203 -64.398 140.655
3 0 -180.346 -64.944 141.039 -184.166 -63.960 140.910 -183.998 -63.425 140.519
3 0 -183.998 -63.425 140.519 -180.203 -64.398 140.655 -180.346 -64.944 141.039
3 0 -180.872 -66.752 143.908 -184.773 -65.709 143.799 -184.921 -66.265 143.432
3 0 -184.921 -66.265 143.432 -180.993 -67.311 143.534 -180.872 -66.752 143.908
3 0 -180.720 -66.099 144.036 -184.590 -65.062 143.919 -184.773 -65.709 143.799
3 0 -184.773 -65.709 143.799 -180.872 -66.752 143.908 -180.720 -66.099 144.036
3 0 -180.560 -65.450 143.897 -184.401 -64.423 143.773 -184.590 -65.062 143.919
3 0 -184.590 -65.062 143.919 -180.720 -66.099 144.036 -180.560 -65.450 143.897
3 0 -180.417 -64.905 143.513 -184.233 -63.889 143.382 -184.401 -64.423 143.773
3 0 -184.401 -64.423 143.773 -180.560 -65.450 143.897 -180.417 -64.905 143.513
3 0 -180.467 -65.502 140.665 -184.314 -64.515 140.542 -184.166 -63.960 140.910
3 0 -184.166 -63.960 140.910 -180.346 -64.944 141.039 -180.467 -65.502 140.665
3 0 -180.619 -66.155 140.538 -184.496 -65.162 140.422 -184.314 -64.515 140.542
3 0 -184.314 -64.515 140.542 -180.467 -65.502 140.665 -180.619 -66.155 140.538
3 0 -180.779 -66.804 140.677 -184.686 -65.801 140.568 -184.496 -65.162 140.422
3 0 -184.496 -65.162 140.422 -180.619 -66.155 140.538 -180.779 -66.804 140.677
3 0 -180.922 -67.350 141.061 -184.854 -66.336 140.959 -184.686 -65.801 140.568
3 0 -184.686 -65.801 140.568 -180.779 -66.804 140.677 -180.922 -67.350 141.061
3 0 -185.002 -66.892 140.591 -184.854 -66.336 140.959 -180.922 -67.350 141.061
3 0 -180.922 -67.350 141.061 -181.043 -67.908 140.687 -185.002 -66.892 140.591
3 0 -185.184 -67.539 140.471 -185.002 -66.892 140.591 -181.043 -67.908 140.687
3 0 -181.043 -67.908 140.687 -181.195 -68.562 140.559 -185.184 -67.539 140.471
3 0 -185.374 -68.178 140.618 -185.184 -67.539 140.471 -181.195 -68.562 140.559
3 0 -181.195 -68.562 140.559 -181.355 -69.211 140.698 -185.374 -68.178 140.618
3 0 -185.542 -68.713 141.008 -185.374 -68.178 140.618 -181.355 -69.211 140.698
3 0 -181.355 -69.211 140.698 -181.498 -69.757 141.083 -185.542 -68.713 141.008
3 0 -185.663 -69.061 141.583 -185.542 -68.713 141.008 -181.498 -69.757 141.083
3 0 -181.498 -69.757 141.083 -181.602 -70.117 141.653 -185.663 -69.061 141.583
3 0 -185.718 -69.170 142.255 -185.663 -69.061 141.583 -181.602 -70.117 141.653
3 0 -181.602 -70.117 141.653 -181.653 -70.236 142.324 -185.718 -69.170 142.255
3 0 -185.699 -69.023 142.921 -185.718 -69.170 142.255 -181.653 -70.236 142.324
3 0 -181.653 -70.236 142.324 -181.641 -70.096 142.992 -185.699 -69.023 142.921
3 0 -185.609 -68.642 143.481 -185.699 -69.023 142.921 -181.641 -70.096 142.992
3 0 -181.641 -70.096 142.992 -181.569 -69.718 143.556 -185.609 -68.642 143.481
3 0 -185.461 -68.086 143.849 -185.609 -68.642 143.481 -181.569 -69.718 143.556
3 0 -181.569 -69.718 143.556 -181.448 -69.159 143.930 -185.461 -68.086 143.849
3 0 -185.278 -67.439 143.968 -185.461 -68.086 143.849 -181.448 -69.159 143.930
3 0 -181.448 -69.159 143.930 -181.296 -68.506 144.057 -185.278 -67.439 143.968
3 0 -185.089 -66.800 143.822 -185.278 -67.439 143.968 -181.296 -68.506 144.057
3 0 -181.296 -68.506 144.057 -181.136 -67.857 143.918 -185.089 -66.800 143.822
3 0 -184.921 -66.265 143.432 -185.089 -66.800 143.822 -181.136 -67.857 143.918
3 0 -181.136 -67.857 143.918 -180.993 -67.311 143.534 -184.921 -66.265 143.432
3 0 -186.993 -59.806 143.542 -187.172 -60.355 143.179 -183.545 -61.512 143.333
3 0 -183.545 -61.512 143.333 -183.397 -60.956 143.701 -186.993 -59.806 143.542
3 0 -186.774 -59.169 143.657 -186.993 -59.806 143.542 -183.397 -60.956 143.701
3 0 -183.397 -60.956 143.701 -183.214 -60.309 143.821 -186.774 -59.169 143.657
3 0 -186.549 -58.543 143.506 -186.774 -59.169 143.657 -183.214 -60.309 143.821
3 0 -183.214 -60.309 143.821 -183.025 -59.670 143.675 -186.549 -58.543 143.506
3 0 -186.351 -58.022 143.112 -186.549 -58.543 143.506 -183.025 -59.670 143.675
3 0 -183.025 -59.670 143.675 -182.857 -59.136 143.284 -186.351 -58.022 143.112
3 0 -186.211 -57.685 142.534 -186.351 -58.022 143.112 -182.857 -59.136 143.284
3 0 -182.857 -59.136 143.284 -182.736 -58.788 142.709 -186.211 -57.685 142.534
3 0 -186.151 -57.584 141.862 -186.211 -57.685 142.534 -182.736 -58.788 142.709
3 0 -182.736 -58.788 142.709 -182.681 -58.679 142.037 -186.151 -57.584 141.862
3 0 -186.179 -57.735 141.196 -186.151 -57.584 141.862 -182.681 -58.679 142.037
3 0 -182.681 -58.679 142.037 -182.700 -58.826 141.371 -186.179 -57.735 141.196
3 0 -186.291 -58.114 140.640 -186.179 -57.735 141.196 -182.700 -58.826 141.371
3 0 -182.700 -58.826 141.371 -182.790 -59.206 140.811 -186.291 -58.114 140.640
3 0 -186.470 -58.663 140.276 -186.291 -58.114 140.640 -182.790 -59.206 140.811
3 0 -182.790 -59.206 140.811 -182.938 -59.762 140.443 -186.470 -58.663 140.276
3 0 -186.688 -59.300 140.161 -186.470 -58.663 140.276 -182.938 -59.762 140.443
3 0 -182.938 -59.762 140.443 -183.120 -60.409 140.324 -186.688 -59.300 140.161
3 0 -186.914 -59.926 140.312 -186.688 -59.300 140.161 -183.120 -60.409 140.324
3 0 -183.120 -60.409 140.324 -183.310 -61.048 140.470 -186.914 -59.926 140.312
3 0 -187.111 -60.447 140.706 -186.914 -59.926 140.312 -183.310 -61.048 140.470
3 0 -183.310 -61.048 140.470 -183.478 -61.583 140.860 -187.111 -60.447 140.706
3 0 -184.085 -63.333 143.750 -187.814 -62.140 143.609 -187.993 -62.689 143.245
3 0 -187.993 -62.689 143.245 -184.233 -63.889 143.382 -184.085 -63.333 143.750
3 0 -183.902 -62.686 143.870 -187.595 -61.503 143.724 -187.814 -62.140 143.609
3 0 -187.814 -62.140 143.609 -184.085 -63.333 143.750 -183.902 -62.686 143.870
3 0 -183.713 -62.047 143.724 -187.370 -60.877 143.573 -187.595 -61.503 143.724
3 0 -187.595 -61.503 143.724 -183.902 -62.686 143.870 -183.713 -62.047 143.724
3 0 -183.545 -61.512 143.333 -187.172 -60.355 143.179 -187.370 -60.877 143.573
3 0 -187.370 -60.877 143.573 -183.713 -62.047 143.724 -183.545 -61.512 143.333
3 0 -183.626 -62.139 140.493 -187.291 -60.997 140.343 -187.111 -60.447 140.706
3 0 -187.111 -60.447 140.706 -183.478 -61.583 140.860 -183.626 -62.139 140.493
3 0 -183.809 -62.786 140.373 -187.509 -61.634 140.228 -187.291 -60.997 140.343
3 0 -187.291 -60.997 140.343 -183.626 -62.139 140.493 -183.809 -62.786 140.373
3 0 -183.998 -63.425 140.519 -187.735 -62.260 140.379 -187.509 -61.634 140.228
3 0 -187.509 -61.634 140.228 -183.809 -62.786 140.373 -183.998 -63.425 140.519
3 0 -184.166 -63.960 140.910 -187.932 -62.781 140.773 -187.735 -62.260 140.379
3 0 -187.735 -62.260 140.379 -183.998 -63.425 140.519 -184.166 -63.960 140.910
3 0 -184.773 -65.709 143.799 -188.634 -64.473 143.676 -188.813 -65.022 143.312
3 0 -188.813 -65.022 143.312 -184.921 -66.265 143.432 -184.773 -65.709 143.799
3 0 -184.590 -65.062 143.919 -188.416 -63.836 143.791 -188.634 -64.473 143.676
3 0 -188.634 -64.473 143.676 -184.773 -65.709 143.799 -184.590 -65.062 143.919
3 0 -184.401 -64.423 143.773 -188.190 -63.210 143.640 -188.416 -63.836 143.791
3 0 -188.416 -63.836 143.791 -184.590 -65.062 143.919 -184.401 -64.423 143.773
3 0 -184.233 -63.889 143.382 -187.993 -62.689 143.245 -188.190 -63.210 143.640
3 0 -188.190 -63.210 143.640 -184.401 -64.423 143.773 -184.233 -63.889 143.382
3 0 -184.314 -64.515 140.542 -188.111 -63.330 140.409 -187.932 -62.781 140.773
3 0 -187.932 -62.781 140.773 -184.166 -63.960 140.910 -184.314 -64.515 140.542
3 0 -184.496 -65.162 140.422 -188.330 -63.967 140.294 -188.111 -63.330 140.409
3 0 -188.111 -63.330 140.409 -184.314 -64.515 140.542 -184.496 -65.162 140.422
3 0 -184.686 -65.801 140.568 -188.555 -64.593 140.445 -188.330 -63.967 140.294
3 0 -188.330 -63.967 140.294 -184.496 -65.162 140.422 -184.686 -65.801 140.568
3 0 -184.854 -66.336 140.959 -188.753 -65.114 140.840 -188.555 -64.593 140.445
3 0 -188.555 -64.593 140.445 -184.686 -65.801 140.568 -184.854 -66.336 140.959
3 0 -188.932 -65.664 140.476 -188.753 -65.114 140.840 -184.854 -66.336 140.959
3 0 -184.854 -66.336 140.959 -185.002 -66.892 140.591 -188.932 -65.664 140.476
3 0 -189.151 -66.300 140.361 -188.932 -65.664 140.476 -185.002 -66.892 140.591
3 0 -185.002 -66.892 140.591 -185.184 -67.539 140.471 -189.151 -66.300 140.361
3 0 -189.376 -66.927 140.512 -189.151 -66.300 140.361 -185.184 -67.539 140.471
3 0 -185.184 -67.539 140.471 -185.374 -68.178 140.618 -189.376 -66.927 140.512
3 0 -189.574 -67.448 140.906 -189.376 -66.927 140.512 -185.374 -68.178 140.618
3 0 -185.374 -68.178 140.618 -185.542 -68.713 141.008 -189.574 -67.448 140.906
3 0 -189.714 -67.785 141.484 -189.574 -67.448 140.906 -185.542 -68.713 141.008
3 0 -185.542 -68.713 141.008 -185.663 -69.061 141.583 -189.714 -67.785 141.484
3 0 -189.774 -67.886 142.156 -189.714 -67.785 141.484 -185.663 -69.061 141.583
3 0 -185.663 -69.061 141.583 -185.718 -69.170 142.255 -189.774 -67.886 142.156
3 0 -189.746 -67.735 142.822 -189.774 -67.886 142.156 -185.718 -69.170 142.255
3 0 -185.718 -69.170 142.255 -185.699 -69.023 142.921 -189.746 -67.735 142.822
3 0 -189.634 -67.356 143.379 -189.746 -67.735 142.822 -185.699 -69.023 142.921
3 0 -185.699 -69.023 142.921 -185.609 -68.642 143.481 -189.634 -67.356 143.379
3 0 -189.455 -66.807 143.742 -189.634 -67.356 143.379 -185.609 -68.642 143.481
3 0 -185.609 -68.642 143.481 -185.461 -68.086 143.849 -189.455 -66.807 143.742
3 0 -189.237 -66.170 143.857 -189.455 -66.807 143.742 -185.461 -68.086 143.849
3 0 -185.461 -68.086 143.849 -185.278 -67.439 143.968 -189.237 -66.170 143.857
3 0 -189.011 -65.544 143.706 -189.237 -66.170 143.857 -185.278 -67.439 143.968
3 0 -185.278 -67.439 143.968 -185.089 -66.800 143.822 -189.011 -65.544 143.706
3 0 -188.813 -65.022 143.312 -189.011 -65.544 143.706 -185.089 -66.800 143.822
3 0 -185.089 -66.800 143.822 -184.921 -66.265 143.432 -188.813 -65.022 143.312
3 0 -190.478 -58.451 143.388 -190.694 -58.989 143.026 -187.172 -60.355 143.179
3 0 -187.172 -60.355 143.179 -186.993 -59.806 143.542 -190.478 -58.451 143.388
3 0 -190.217 -57.830 143.501 -190.478 -58.451 143.388 -186.993 -59.806 143.542
3 0 -186.993 -59.806 143.542 -186.774 -59.169 143.657 -190.217 -57.830 143.501
3 0 -189.950 -57.221 143.347 -190.217 -57.830 143.501 -186.774 -59.169 143.657
3 0 -186.774 -59.169 143.657 -186.549 -58.543 143.506 -189.950 -57.221 143.347
3 0 -189.717 -56.716 142.951 -189.950 -57.221 143.347 -186.549 -58.543 143.506
3 0 -186.549 -58.543 143.506 -186.351 -58.022 143.112 -189.717 -56.716 142.951
3 0 -189.555 -56.392 142.372 -189.717 -56.716 142.951 -186.351 -58.022 143.112
3 0 -186.351 -58.022 143.112 -186.211 -57.685 142.534 -189.555 -56.392 142.372
3 0 -189.488 -56.298 141.699 -189.555 -56.392 142.372 -186.211 -57.685 142.534
3 0 -186.211 -57.685 142.534 -186.151 -57.584 141.862 -189.488 -56.298 141.699
3 0 -189.526 -56.449 141.034 -189.488 -56.298 141.699 -186.151 -57.584 141.862
3 0 -186.151 -57.584 141.862 -186.179 -57.735 141.196 -189.526 -56.449 141.034
3 0 -189.664 -56.821 140.479 -189.526 -56.449 141.034 -186.179 -57.735 141.196
3 0 -186.179 -57.735 141.196 -186.291 -58.114 140.640 -189.664 -56.821 140.479
3 0 -189.879 -57.359 140.117 -189.664 -56.821 140.479 -186.291 -58.114 140.640
3 0 -186.291 -58.114 140.640 -186.470 -58.663 140.276 -189.879 -57.359 140.117
3 0 -190.141 -57.979 140.005 -189.879 -57.359 140.117 -186.470 -58.663 140.276
3 0 -186.470 -58.663 140.276 -186.688 -59.300 140.161 -190.141 -57.979 140.005
3 0 -190.408 -58.589 140.158 -190.141 -57.979 140.005 -186.688 -59.300 140.161
3 0 -186.688 -59.300 140.161 -186.914 -59.926 140.312 -190.408 -58.589 140.158
3 0 -190.640 -59.094 140.554 -190.408 -58.589 140.158 -186.914 -59.926 140.312
3 0 -186.914 -59.926 140.312 -187.111 -60.447 140.706 -190.640 -59.094 140.554
3 0 -187.814 -62.140 143.609 -191.455 -60.724 143.464 -191.671 -61.262 143.102
3 0 -191.671 -61.262 143.102 -187.993 -62.689 143.245 -187.814 -62.140 143.609
3 0 -187.595 -61.503 143.724 -191.194 -60.103 143.576 -191.455 -60.724 143.464
3 0 -191.455 -60.724 143.464 -187.814 -62.140 143.609 -187.595 -61.503 143.724
3 0 -187.370 -60.877 143.573 -190.926 -59.494 143.423 -191.194 -60.103 143.576
3 0 -191.194 -60.103 143.576 -187.595 -61.503 143.724 -187.370 -60.877 143.573
3 0 -187.172 -60.355 143.179 -190.694 -58.989 143.026 -190.926 -59.494 143.423
3 0 -190.926 -59.494 143.423 -187.370 -60.877 143.573 -187.172 -60.355 143.179
3 0 -187.291 -60.997 140.343 -190.856 -59.632 140.193 -190.640 -59.094 140.554
3 0 -190.640 -59.094 140.554 -187.111 -60.447 140.706 -187.291 -60.997 140.343
3 0 -187.509 -61.634 140.228 -191.117 -60.252 140.080 -190.856 -59.632 140.193
3 0 -190.856 -59.632 140.193 -187.291 -60.997 140.343 -187.509 -61.634 140.228
3 0 -187.735 -62.260 140.379 -191.385 -60.862 140.234 -191.117 -60.252 140.080
3 0 -191.117 -60.252 140.080 -187.509 -61.634 140.228 -187.735 -62.260 140.379
3 0 -187.932 -62.781 140.773 -191.617 -61.367 140.630 -191.385 -60.862 140.234
3 0 -191.385 -60.862 140.234 -187.735 -62.260 140.379 -187.932 -62.781 140.773
3 0 -188.634 -64.473 143.676 -192.431 -62.996 143.539 -192.647 -63.533 143.178
3 0 -192.647 -63.533 143.178 -188.813 -65.022 143.312 -188.634 -64.473 143.676
3 0 -188.416 -63.836 143.791 -192.170 -62.375 143.652 -192.431 -62.996 143.539
3 0 -192.431 -62.996 143.539 -188.634 -64.473 143.676 -188.416 -63.836 143.791
3 0 -188.190 -63.210 143.640 -191.903 -61.766 143.498 -192.170 -62.375 143.652
3 0 -192.170 -62.375 143.652 -188.416 -63.836 143.791 -188.190 -63.210 143.640
3 0 -187.993 -62.689 143.245 -191.671 -61.262 143.102 -191.903 -61.766 143.498
3 0 -191.903 -61.766 143.498 -188.190 -63.210 143.640 -187.993 -62.689 143.245
3 0 -188.111 -63.330 140.409 -191.832 -61.904 140.268 -191.617 -61.367 140.630
3 0 -191.617 -61.367 140.630 -187.932 -62.781 140.773 -188.111 -63.330 140.409
3 0 -188.330 -63.967 140.294 -192.094 -62.524 140.156 -191.832 -61.904 140.268
3 0 -191.832 -61.904 140.268 -188.111 -63.330 140.409 -188.330 -63.967 140.294
3 0 -188.555 -64.593 140.445 -192.361 -63.134 140.309 -192.094 -62.524 140.156
3 0 -192.094 -62.524 140.156 -188.330 -63.967 140.294 -188.555 -64.593 140.445
3 0 -188.753 -65.114 140.840 -192.593 -63.639 140.706 -192.361 -63.134 140.309
3 0 -192.361 -63.134 140.309 -188.555 -64.593 140.445 -188.753 -65.114 140.840
3 0 -192.809 -64.176 140.344 -192.593 -63.639 140.706 -188.753 -65.114 140.840
3 0 -188.753 -65.114 140.840 -188.932 -65.664 140.476 -192.809 -64.176 140.344
3 0 -193.070 -64.797 140.231 -192.809 -64.176 140.344 -188.932 -65.664 140.476
3 0 -188.932 -65.664 140.476 -189.151 -66.300 140.361 -193.070 -64.797 140.231
3 0 -193.338 -65.406 140.385 -193.070 -64.797 140.231 -189.151 -66.300 140.361
3 0 -189.151 -66.300 140.361 -189.376 -66.927 140.512 -193.338 -65.406 140.385
3 0 -193.570 -65.912 140.781 -193.338 -65.406 140.385 -189.376 -66.927 140.512
3 0 -189.376 -66.927 140.512 -189.574 -67.448 140.906 -193.570 -65.912 140.781
3 0 -193.732 -66.236 141.360 -193.570 -65.912 140.781 -189.574 -67.448 140.906
3 0 -189.574 -67.448 140.906 -189.714 -67.785 141.484 -193.732 -66.236 141.360
3 0 -193.799 -66.330 142.033 -193.732 -66.236 141.360 -189.714 -67.785 141.484
3 0 -189.714 -67.785 141.484 -189.774 -67.886 142.156 -193.799 -66.330 142.033
3 0 -193.761 -66.179 142.698 -193.799 -66.330 142.033 -189.774 -67.886 142.156
3 0 -189.774 -67.886 142.156 -189.746 -67.735 142.822 -193.761 -66.179 142.698
3 0 -193.624 -65.806 143.253 -193.761 -66.179 142.698 -189.746 -67.735 142.822
3 0 -189.746 -67.735 142.822 -189.634 -67.356 143.379 -193.624 -65.806 143.253
3 0 -193.408 -65.269 143.615 -193.624 -65.806 143.253 -189.634 -67.356 143.379
3 0 -189.634 -67.356 143.379 -189.455 -66.807 143.742 -193.408 -65.269 143.615
3 0 -193.147 -64.648 143.727 -193.408 -65.269 143.615 -189.455 -66.807 143.742
3 0 -189.455 -66.807 143.742 -189.237 -66.170 143.857 -193.147 -64.648 143.727
3 0 -192.879 -64.039 143.574 -193.147 -64.648 143.727 -189.237 -66.170 143.857
3 0 -189.237 -66.170 143.857 -189.011 -65.544 143.706 -192.879 -64.039 143.574
3 0 -192.647 -63.533 143.178 -192.879 -64.039 143.574 -189.011 -65.544 143.706
3 0 -189.011 -65.544 143.706 -188.813 -65.022 143.312 -192.647 -63.533 143.178
3 0 -193.818 -56.870 143.240 -194.077 -57.389 142.878 -190.694 -58.989 143.026
3 0 -190.694 -58.989 143.026 -190.478 -58.451 143.388 -193.818 -56.870 143.240
3 0 -193.507 -56.273 143.352 -193.818 -56.870 143.240 -190.478 -58.451 143.388
3 0 -190.478 -58.451 143.388 -190.217 -57.830 143.501 -193.507 -56.273 143.352
3 0 -193.191 -55.687 143.198 -193.507 -56.273 143.352 -190.217 -57.830 143.501
3 0 -190.217 -57.830 143.501 -189.950 -57.221 143.347 -193.191 -55.687 143.198
3 0 -192.918 -55.203 142.802 -193.191 -55.687 143.198 -189.950 -57.221 143.347
3 0 -189.950 -57.221 143.347 -189.717 -56.716 142.951 -192.918 -55.203 142.802
3 0 -192.730 -54.893 142.223 -192.918 -55.203 142.802 -189.717 -56.716 142.951
3 0 -189.717 -56.716 142.951 -189.555 -56.392 142.372 -192.730 -54.893 142.223
3 0 -192.655 -54.806 141.550 -192.730 -54.893 142.223 -189.555 -56.392 142.372
3 0 -189.555 -56.392 142.372 -189.488 -56.298 141.699 -192.655 -54.806 141.550
3 0 -192.705 -54.953 140.885 -192.655 -54.806 141.550 -189.488 -56.298 141.699
3 0 -189.488 -56.298 141.699 -189.526 -56.449 141.034 -192.705 -54.953 140.885
3 0 -192.872 -55.314 140.330 -192.705 -54.953 140.885 -189.526 -56.449 141.034
3 0 -189.526 -56.449 141.034 -189.664 -56.821 140.479 -192.872 -55.314 140.330
3 0 -193.131 -55.832 139.968 -192.872 -55.314 140.330 -189.664 -56.821 140.479
3 0 -189.664 -56.821 140.479 -189.879 -57.359 140.117 -193.131 -55.832 139.968
3 0 -193.442 -56.430 139.856 -193.131 -55.832 139.968 -189.879 -57.359 140.117
3 0 -189.879 -57.359 140.117 -190.141 -57.979 140.005 -193.442 -56.430 139.856
3 0 -193.757 -57.015 140.010 -193.442 -56.430 139.856 -190.141 -57.979 140.005
3 0 -190.141 -57.979 140.005 -190.408 -58.589 140.158 -193.757 -57.015 140.010
3 0 -194.030 -57.500 140.406 -193.757 -57.015 140.010 -190.408 -58.589 140.158
3 0 -190.408 -58.589 140.158 -190.640 -59.094 140.554 -194.030 -57.500 140.406
3 0 -191.455 -60.724 143.464 -194.976 -59.056 143.316 -195.235 -59.574 142.955
3 0 -195.235 -59.574 142.955 -191.671 -61.262 143.102 -191.455 -60.724 143.464
3 0 -191.194 -60.103 143.576 -194.665 -58.459 143.428 -194.976 -59.056 143.316
3 0 -194.976 -59.056 143.316 -191.455 -60.724 143.464 -191.194 -60.103 143.576
3 0 -190.926 -59.494 143.423 -194.349 -57.873 143.275 -194.665 -58.459 143.428
3 0 -194.665 -58.459 143.428 -191.194 -60.103 143.576 -190.926 -59.494 143.423
3 0 -190.694 -58.989 143.026 -194.077 -57.389 142.878 -194.349 -57.873 143.275
3 0 -194.349 -57.873 143.275 -190.926 -59.494 143.423 -190.694 -58.989 143.026
3 0 -190.856 -59.632 140.193 -194.289 -58.018 140.045 -194.030 -57.500 140.406
3 0 -194.030 -57.500 140.406 -190.640 -59.094 140.554 -190.856 -59.632 140.193
3 0 -191.117 -60.252 140.080 -194.600 -58.616 139.933 -194.289 -58.018 140.045
3 0 -194.289 -58.018 140.045 -190.856 -59.632 140.193 -191.117 -60.252 140.080
3 0 -191.385 -60.862 140.234 -194.916 -59.201 140.086 -194.600 -58.616 139.933
3 0 -194.600 -58.616 139.933 -191.117 -60.252 140.080 -191.385 -60.862 140.234
3 0 -191.617 -61.367 140.630 -195.189 -59.685 140.483 -194.916 -59.201 140.086
3 0 -194.916 -59.201 140.086 -191.385 -60.862 140.234 -191.617 -61.367 140.630
3 0 -192.431 -62.996 143.539 -196.134 -61.241 143.393 -196.393 -61.759 143.031
3 0 -196.393 -61.759 143.031 -192.647 -63.533 143.178 -192.431 -62.996 143.539
3 0 -192.170 -62.375 143.652 -195.823 -60.643 143.505 -196.134 -61.241 143.393
3 0 -196.134 -61.241 143.393 -192.431 -62.996 143.539 -192.170 -62.375 143.652
3 0 -191.903 -61.766 143.498 -195.507 -60.058 143.351 -195.823 -60.643 143.505
3 0 -195.823 -60.643 143.505 -192.170 -62.375 143.652 -191.903 -61.766 143.498
3 0 -191.671 -61.262 143.102 -195.235 -59.574 142.955 -195.507 -60.058 143.351
3 0 -195.507 -60.058 143.351 -191.903 -61.766 143.498 -191.671 -61.262 143.102
3 0 -191.832 -61.904 140.268 -195.447 -60.203 140.121 -195.189 -59.685 140.483
3 0 -195.189 -59.685 140.483 -191.617 -61.367 140.630 -191.832 -61.904 140.268
3 0 -192.094 -62.524 140.156 -195.758 -60.801 140.009 -195.447 -60.203 140.121
3 0 -195.447 -60.203 140.121 -191.832 -61.904 140.268 -192.094 -62.524 140.156
3 0 -192.361 -63.134 140.309 -196.074 -61.386 140.163 -195.758 -60.801 140.009
3 0 -195.758 -60.801 140.009 -192.094 -62.524 140.156 -192.361 -63.134 140.309
3 0 -192.593 -63.639 140.706 -196.347 -61.870 140.559 -196.074 -61.386 140.163
3 0 -196.074 -61.386 140.163 -192.361 -63.134 140.309 -192.593 -63.639 140.706
3 0 -196.605 -62.389 140.198 -196.347 -61.870 140.559 -192.593 -63.639 140.706
3 0 -192.593 -63.639 140.706 -192.809 -64.176 140.344 -196.605 -62.389 140.198
3 0 -196.916 -62.986 140.086 -196.605 -62.389 140.198 -192.809 -64.176 140.344
3 0 -192.809 -64.176 140.344 -193.070 -64.797 140.231 -196.916 -62.986 140.086
3 0 -197.232 -63.572 140.239 -196.916 -62.986 140.086 -193.070 -64.797 140.231
3 0 -193.070 -64.797 140.231 -193.338 -65.406 140.385 -197.232 -63.572 140.239
3 0 -197.505 -64.056 140.636 -197.232 -63.572 140.239 -193.338 -65.406 140.385
3 0 -193.338 -65.406 140.385 -193.570 -65.912 140.781 -197.505 -64.056 140.636
3 0 -197.693 -64.366 141.215 -197.505 -64.056 140.636 -193.570 -65.912 140.781
3 0 -193.570 -65.912 140.781 -193.732 -66.236 141.360 -197.693 -64.366 141.215
3 0 -197.768 -64.453 141.888 -197.693 -64.366 141.215 -193.732 -66.236 141.360
3 0 -193.732 -66.236 141.360 -193.799 -66.330 142.033 -197.768 -64.453 141.888
3 0 -197.718 -64.306 142.552 -197.768 -64.453 141.888 -193.799 -66.330 142.033
3 0 -193.799 -66.330 142.033 -193.761 -66.179 142.698 -197.718 -64.306 142.552
3 0 -197.551 -63.945 143.108 -197.718 -64.306 142.552 -193.761 -66.179 142.698
3 0 -193.761 -66.179 142.698 -193.624 -65.806 143.253 -197.551 -63.945 143.108
3 0 -197.293 -63.427 143.469 -197.551 -63.945 143.108 -193.624 -65.806 143.253
3 0 -193.624 -65.806 143.253 -193.408 -65.269 143.615 -197.293 -63.427 143.469
3 0 -196.982 -62.829 143.581 -197.293 -63.427 143.469 -193.408 -65.269 143.615
3 0 -193.408 -65.269 143.615 -193.147 -64.648 143.727 -196.982 -62.829 143.581
3 0 -196.666 -62.244 143.428 -196.982 -62.829 143.581 -193.147 -64.648 143.727
3 0 -193.147 -64.648 143.727 -192.879 -64.039 143.574 -196.666 -62.244 143.428
3 0 -196.393 -61.759 143.031 -196.666 -62.244 143.428 -192.879 -64.039 143.574
3 0 -192.879 -64.039 143.574 -192.647 -63.533 143.178 -196.393 -61.759 143.031
3 0 -196.949 -55.030 143.098 -197.258 -55.519 142.736 -194.077 -57.389 142.878
3 0 -194.077 -57.389 142.878 -193.818 -56.870 143.240 -196.949 -55.030 143.098
3 0 -196.580 -54.467 143.212 -196.949 -55.030 143.098 -193.818 -56.870 143.240
3 0 -193.818 -56.870 143.240 -193.507 -56.273 143.352 -196.580 -54.467 143.212
3 0 -196.206 -53.916 143.060 -196.580 -54.467 143.212 -193.507 -56.273 143.352
3 0 -193.507 -56.273 143.352 -193.191 -55.687 143.198 -196.206 -53.916 143.060
3 0 -195.885 -53.461 142.665 -196.206 -53.916 143.060 -193.191 -55.687 143.198
3 0 -193.191 -55.687 143.198 -192.918 -55.203 142.802 -195.885 -53.461 142.665
3 0 -195.666 -53.171 142.087 -195.885 -53.461 142.665 -192.918 -55.203 142.802
3 0 -192.918 -55.203 142.802 -192.730 -54.893 142.223 -195.666 -53.171 142.087
3 0 -195.582 -53.090 141.415 -195.666 -53.171 142.087 -192.730 -54.893 142.223
3 0 -192.730 -54.893 142.223 -192.655 -54.806 141.550 -195.582 -53.090 141.415
3 0 -195.646 -53.230 140.749 -195.582 -53.090 141.415 -192.655 -54.806 141.550
3 0 -192.655 -54.806 141.550 -192.705 -54.953 140.885 -195.646 -53.230 140.749
3 0 -195.847 -53.571 140.193 -195.646 -53.230 140.749 -192.705 -54.953 140.885
3 0 -192.705 -54.953 140.885 -192.872 -55.314 140.330 -195.847 -53.571 140.193
3 0 -196.157 -54.060 139.830 -195.847 -53.571 140.193 -192.872 -55.314 140.330
3 0 -192.872 -55.314 140.330 -193.131 -55.832 139.968 -196.157 -54.060 139.830
3 0 -196.526 -54.622 139.716 -196.157 -54.060 139.830 -193.131 -55.832 139.968
3 0 -193.131 -55.832 139.968 -193.442 -56.430 139.856 -196.526 -54.622 139.716
3 0 -196.900 -55.173 139.868 -196.526 -54.622 139.716 -193.442 -56.430 139.856
3 0 -193.442 -56.430 139.856 -193.757 -57.015 140.010 -196.900 -55.173 139.868
3 0 -197.220 -55.629 140.264 -196.900 -55.173 139.868 -193.757 -57.015 140.010
3 0 -193.757 -57.015 140.010 -194.030 -57.500 140.406 -197.220 -55.629 140.264
3 0 -194.976 -59.056 143.316 -198.322 -57.088 143.169 -198.631 -57.577 142.806
3 0 -198.631 -57.577 142.806 -195.235 -59.574 142.955 -194.976 -59.056 143.316
3 0 -194.665 -58.459 143.428 -197.953 -56.525 143.283 -198.322 -57.088 143.169
3 0 -198.322 -57.088 143.169 -194.976 -59.056 143.316 -194.665 -58.459 143.428
3 0 -194.349 -57.873 143.275 -197.579 -55.974 143.131 -197.953 -56.525 143.283
3 0 -197.953 -56.525 143.283 -194.665 -58.459 143.428 -194.349 -57.873 143.275
3 0 -194.077 -57.389 142.878 -197.258 -55.519 142.736 -197.579 -55.974 143.131
3 0 -197.579 -55.974 143.131 -194.349 -57.873 143.275 -194.077 -57.389 142.878
3 0 -194.289 -58.018 140.045 -197.530 -56.118 139.901 -197.220 -55.629 140.264
3 0 -197.220 -55.629 140.264 -194.030 -57.500 140.406 -194.289 -58.018 140.045
3 0 -194.600 -58.616 139.933 -197.899 -56.680 139.787 -197.530 -56.118 139.901
3 0 -197.530 -56.118 139.901 -194.289 -58.018 140.045 -194.600 -58.616 139.933
3 0 -194.916 -59.201 140.086 -198.273 -57.231 139.939 -197.899 -56.680 139.787
3 0 -197.899 -56.680 139.787 -194.600 -58.616 139.933 -194.916 -59.201 140.086
3 0 -195.189 -59.685 140.483 -198.594 -57.687 140.334 -198.273 -57.231 139.939
3 0 -198.273 -57.231 139.939 -194.916 -59.201 140.086 -195.189 -59.685 140.483
3 0 -196.134 -61.241 143.393 -199.695 -59.145 143.239 -200.004 -59.634 142.876
3 0 -200.004 -59.634 142.876 -196.393 -61.759 143.031 -196.134 -61.241 143.393
3 0 -195.823 -60.643 143.505 -199.325 -58.582 143.353 -199.695 -59.145 143.239
3 0 -199.695 -59.145 143.239 -196.134 -61.241 143.393 -195.823 -60.643 143.505
3 0 -195.507 -60.058 143.351 -198.952 -58.031 143.201 -199.325 -58.582 143.353
3 0 -199.325 -58.582 143.353 -195.823 -60.643 143.505 -195.507 -60.058 143.351
3 0 -195.235 -59.574 142.955 -198.631 -57.577 142.806 -198.952 -58.031 143.201
3 0 -198.952 -58.031 143.201 -195.507 -60.058 143.351 -195.235 -59.574 142.955
3 0 -195.447 -60.203 140.121 -198.902 -58.175 139.971 -198.594 -57.687 140.334
3 0 -198.594 -57.687 140.334 -195.189 -59.685 140.483 -195.447 -60.203 140.121
3 0 -195.758 -60.801 140.009 -199.272 -58.738 139.857 -198.902 -58.175 139.971
3 0 -198.902 -58.175 139.971 -195.447 -60.203 140.121 -195.758 -60.801 140.009
3 0 -196.074 -61.386 140.163 -199.645 -59.288 140.009 -199.272 -58.738 139.857
3 0 -199.272 -58.738 139.857 -195.758 -60.801 140.009 -196.074 -61.386 140.163
3 0 -196.347 -61.870 140.559 -199.966 -59.744 140.404 -199.645 -59.288 140.009
3 0 -199.645 -59.288 140.009 -196.074 -61.386 140.163 -196.347 -61.870 140.559
3 0 -200.275 -60.233 140.041 -199.966 -59.744 140.404 -196.347 -61.870 140.559
3 0 -196.347 -61.870 140.559 -196.605 -62.389 140.198 -200.275 -60.233 140.041
3 0 -200.645 -60.795 139.927 -200.275 -60.233 140.041 -196.605 -62.389 140.198
3 0 -196.605 -62.389 140.198 -196.916 -62.986 140.086 -200.645 -60.795 139.927
3 0 -201.018 -61.346 140.080 -200.645 -60.795 139.927 -196.916 -62.986 140.086
3 0 -196.916 -62.986 140.086 -197.232 -63.572 140.239 -201.018 -61.346 140.080
3 0 -201.339 -61.802 140.475 -201.018 -61.346 140.080 -197.232 -63.572 140.239
3 0 -197.232 -63.572 140.239 -197.505 -64.056 140.636 -201.339 -61.802 140.475
3 0 -201.558 -62.092 141.053 -201.339 -61.802 140.475 -197.505 -64.056 140.636
3 0 -197.505 -64.056 140.636 -197.693 -64.366 141.215 -201.558 -62.092 141.053
3 0 -201.643 -62.173 141.725 -201.558 -62.092 141.053 -197.693 -64.366 141.215
3 0 -197.693 -64.366 141.215 -197.768 -64.453 141.888 -201.643 -62.173 141.725
3 0 -201.579 -62.032 142.390 -201.643 -62.173 141.725 -197.768 -64.453 141.888
3 0 -197.768 -64.453 141.888 -197.718 -64.306 142.552 -201.579 -62.032 142.390
3 0 -201.377 -61.692 142.947 -201.579 -62.032 142.390 -197.718 -64.306 142.552
3 0 -197.718 -64.306 142.552 -197.551 -63.945 143.108 -201.377 -61.692 142.947
3 0 -201.068 -61.203 143.310 -201.377 -61.692 142.947 -197.551 -63.945 143.108
3 0 -197.551 -63.945 143.108 -197.293 -63.427 143.469 -201.068 -61.203 143.310
3 0 -200.699 -60.640 143.423 -201.068 -61.203 143.310 -197.293 -63.427 143.469
3 0 -197.293 -63.427 143.469 -196.982 -62.829 143.581 -200.699 -60.640 143.423
3 0 -200.325 -60.089 143.271 -200.699 -60.640 143.423 -196.982 -62.829 143.581
3 0 -196.982 -62.829 143.581 -196.666 -62.244 143.428 -200.325 -60.089 143.271
3 0 -200.004 -59.634 142.876 -200.325 -60.089 143.271 -196.666 -62.244 143.428
3 0 -196.666 -62.244 143.428 -196.393 -61.759 143.031 -200.004 -59.634 142.876
3 0 -199.803 -52.893 142.967 -200.169 -53.339 142.602 -197.258 -55.519 142.736
3 0 -197.258 -55.519 142.736 -196.949 -55.030 143.098 -199.803 -52.893 142.967
3 0 -199.368 -52.380 143.084 -199.803 -52.893 142.967 -196.949 -55.030 143.098
3 0 -196.949 -55.030 143.098 -196.580 -54.467 143.212 -199.368 -52.380 143.084
3 0 -198.930 -51.877 142.936 -199.368 -52.380 143.084 -196.580 -54.467 143.212
3 0 -196.580 -54.467 143.212 -196.206 -53.916 143.060 -198.930 -51.877 142.936
3 0 -198.555 -51.463 142.543 -198.930 -51.877 142.936 -196.206 -53.916 143.060
3 0 -196.206 -53.916 143.060 -195.885 -53.461 142.665 -198.555 -51.463 142.543
3 0 -198.301 -51.199 141.967 -198.555 -51.463 142.543 -195.885 -53.461 142.665
3 0 -195.885 -53.461 142.665 -195.666 -53.171 142.087 -198.301 -51.199 141.967
3 0 -198.207 -51.126 141.295 -198.301 -51.199 141.967 -195.666 -53.171 142.087
3 0 -195.666 -53.171 142.087 -195.582 -53.090 141.415 -198.207 -51.126 141.295
3 0 -198.286 -51.254 140.629 -198.207 -51.126 141.295 -195.582 -53.090 141.415
3 0 -195.582 -53.090 141.415 -195.646 -53.230 140.749 -198.286 -51.254 140.629
3 0 -198.526 -51.565 140.071 -198.286 -51.254 140.629 -195.646 -53.230 140.749
3 0 -195.646 -53.230 140.749 -195.847 -53.571 140.193 -198.526 -51.565 140.071
3 0 -198.892 -52.011 139.705 -198.526 -51.565 140.071 -195.847 -53.571 140.193
3 0 -195.847 -53.571 140.193 -196.157 -54.060 139.830 -198.892 -52.011 139.705
3 0 -199.327 -52.524 139.588 -198.892 -52.011 139.705 -196.157 -54.060 139.830
3 0 -196.157 -54.060 139.830 -196.526 -54.622 139.716 -199.327 -52.524 139.588
3 0 -199.765 -53.027 139.737 -199.327 -52.524 139.588 -196.526 -54.622 139.716
3 0 -196.526 -54.622 139.716 -196.900 -55.173 139.868 -199.765 -53.027 139.737
3 0 -200.139 -53.441 140.129 -199.765 -53.027 139.737 -196.900 -55.173 139.868
3 0 -196.900 -55.173 139.868 -197.220 -55.629 140.264 -200.139 -53.441 140.129
3 0 -198.322 -57.088 143.169 -201.416 -54.769 143.026 -201.782 -55.215 142.660
3 0 -201.782 -55.215 142.660 -198.631 -57.577 142.806 -198.322 -57.088 143.169
3 0 -197.953 -56.525 143.283 -200.981 -54.256 143.143 -201.416 -54.769 143.026
3 0 -201.416 -54.769 143.026 -198.322 -57.088 143.169 -197.953 -56.525 143.283
3 0 -197.579 -55.974 143.131 -200.543 -53.753 142.994 -200.981 -54.256 143.143
3 0 -200.981 -54.256 143.143 -197.953 -56.525 143.283 -197.579 -55.974 143.131
3 0 -197.258 -55.519 142.736 -200.169 -53.339 142.602 -200.543 -53.753 142.994
3 0 -200.543 -53.753 142.994 -197.579 -55.974 143.131 -197.258 -55.519 142.736
3 0 -197.530 -56.118 139.901 -200.505 -53.887 139.764 -200.139 -53.441 140.129
3 0 -200.139 -53.441 140.129 -197.220 -55.629 140.264 -197.530 -56.118 139.901
3 0 -197.899 -56.680 139.787 -200.940 -54.400 139.646 -200.505 -53.887 139.764
3 0 -200.505 -53.887 139.764 -197.530 -56.118 139.901 -197.899 -56.680 139.787
3 0 -198.273 -57.231 139.939 -201.378 -54.902 139.795 -200.940 -54.400 139.646
3 0 -200.940 -54.400 139.646 -197.899 -56.680 139.787 -198.273 -57.231 139.939
3 0 -198.594 -57.687 140.334 -201.753 -55.317 140.188 -201.378 -54.902 139.795
3 0 -201.378 -54.902 139.795 -198.273 -57.231 139.939 -198.594 -57.687 140.334
3 0 -199.695 -59.145 143.239 -203.029 -56.644 143.085 -203.395 -57.090 142.719
3 0 -203.395 -57.090 142.719 -200.004 -59.634 142.876 -199.695 -59.145 143.239
3 0 -199.325 -58.582 143.353 -202.594 -56.131 143.202 -203.029 -56.644 143.085
3 0 -203.029 -56.644 143.085 -199.695 -59.145 143.239 -199.325 -58.582 143.353
3 0 -198.952 -58.031 143.201 -202.156 -55.629 143.053 -202.594 -56.131 143.202
3 0 -202.594 -56.131 143.202 -199.325 -58.582 143.353 -198.952 -58.031 143.201
3 0 -198.631 -57.577 142.806 -201.782 -55.215 142.660 -202.156 -55.629 143.053
3 0 -202.156 -55.629 143.053 -198.952 -58.031 143.201 -198.631 -57.577 142.806
3 0 -198.902 -58.175 139.971 -202.118 -55.762 139.822 -201.753 -55.317 140.188
3 0 -201.753 -55.317 140.188 -198.594 -57.687 140.334 -198.902 -58.175 139.971
3 0 -199.272 -58.738 139.857 -202.553 -56.276 139.705 -202.118 -55.762 139.822
3 0 -202.118 -55.762 139.822 -198.902 -58.175 139.971 -199.272 -58.738 139.857
3 0 -199.645 -59.288 140.009 -202.991 -56.778 139.854 -202.553 -56.276 139.705
3 0 -202.553 -56.276 139.705 -199.272 -58.738 139.857 -199.645 -59.288 140.009
3 0 -199.966 -59.744 140.404 -203.366 -57.192 140.247 -202.991 -56.778 139.854
3 0 -202.991 -56.778 139.854 -199.645 -59.288 140.009 -199.966 -59.744 140.404
3 0 -203.731 -57.638 139.881 -203.366 -57.192 140.247 -199.966 -59.744 140.404
3 0 -199.966 -59.744 140.404 -200.275 -60.233 140.041 -203.731 -57.638 139.881
3 0 -204.166 -58.152 139.764 -203.731 -57.638 139.881 -200.275 -60.233 140.041
3 0 -200.275 -60.233 140.041 -200.645 -60.795 139.927 -204.166 -58.152 139.764
3 0 -204.604 -58.654 139.913 -204.166 -58.152 139.764 -200.645 -60.795 139.927
3 0 -200.645 -60.795 139.927 -201.018 -61.346 140.080 -204.604 -58.654 139.913
3 0 -204.979 -59.068 140.305 -204.604 -58.654 139.913 -201.018 -61.346 140.080
3 0 -201.018 -61.346 140.080 -201.339 -61.802 140.475 -204.979 -59.068 140.305
3 0 -205.233 -59.332 140.881 -204.979 -59.068 140.305 -201.339 -61.802 140.475
3 0 -201.339 -61.802 140.475 -201.558 -62.092 141.053 -205.233 -59.332 140.881
3 0 -205.328 -59.406 141.554 -205.233 -59.332 140.881 -201.558 -62.092 141.053
3 0 -201.558 -62.092 141.053 -201.643 -62.173 141.725 -205.328 -59.406 141.554
3 0 -205.249 -59.277 142.220 -205.328 -59.406 141.554 -201.643 -62.173 141.725
3 0 -201.643 -62.173 141.725 -201.579 -62.032 142.390 -205.249 -59.277 142.220
3 0 -205.008 -58.966 142.778 -205.249 -59.277 142.220 -201.579 -62.032 142.390
3 0 -201.579 -62.032 142.390 -201.377 -61.692 142.947 -205.008 -58.966 142.778
3 0 -204.642 -58.520 143.143 -205.008 -58.966 142.778 -201.377 -61.692 142.947
3 0 -201.377 -61.692 142.947 -201.068 -61.203 143.310 -204.642 -58.520 143.143
3 0 -204.207 -58.007 143.260 -204.642 -58.520 143.143 -201.068 -61.203 143.310
3 0 -201.068 -61.203 143.310 -200.699 -60.640 143.423 -204.207 -58.007 143.260
3 0 -203.769 -57.505 143.112 -204.207 -58.007 143.260 -200.699 -60.640 143.423
3 0 -200.699 -60.640 143.423 -200.325 -60.089 143.271 -203.769 -57.505 143.112
3 0 -203.395 -57.090 142.719 -203.769 -57.505 143.112 -200.325 -60.089 143.271
3 0 -200.325 -60.089 143.271 -200.004 -59.634 142.876 -203.395 -57.090 142.719
3 0 -202.299 -50.452 142.850 -202.725 -50.838 142.481 -200.169 -53.339 142.602
3 0 -200.169 -53.339 142.602 -199.803 -52.893 142.967 -202.299 -50.452 142.850
3 0 -201.795 -50.008 142.971 -202.299 -50.452 142.850 -199.803 -52.893 142.967
3 0 -199.803 -52.893 142.967 -199.368 -52.380 143.084 -201.795 -50.008 142.971
3 0 -201.289 -49.574 142.826 -201.795 -50.008 142.971 -199.368 -52.380 143.084
3 0 -199.368 -52.380 143.084 -198.930 -51.877 142.936 -201.289 -49.574 142.826
3 0 -200.857 -49.215 142.437 -201.289 -49.574 142.826 -198.930 -51.877 142.936
3 0 -198.930 -51.877 142.936 -198.555 -51.463 142.543 -200.857 -49.215 142.437
3 0 -200.566 -48.987 141.863 -200.857 -49.215 142.437 -198.555 -51.463 142.543
3 0 -198.555 -51.463 142.543 -198.301 -51.199 141.967 -200.566 -48.987 141.863
3 0 -200.460 -48.924 141.192 -200.566 -48.987 141.863 -198.301 -51.199 141.967
3 0 -198.301 -51.199 141.967 -198.207 -51.126 141.295 -200.460 -48.924 141.192
3 0 -200.555 -49.035 140.525 -200.460 -48.924 141.192 -198.207 -51.126 141.295
3 0 -198.207 -51.126 141.295 -198.286 -51.254 140.629 -200.555 -49.035 140.525
3 0 -200.837 -49.305 139.964 -200.555 -49.035 140.525 -198.286 -51.254 140.629
3 0 -198.286 -51.254 140.629 -198.526 -51.565 140.071 -200.837 -49.305 139.964
3 0 -201.262 -49.691 139.595 -200.837 -49.305 139.964 -198.526 -51.565 140.071
3 0 -198.526 -51.565 140.071 -198.892 -52.011 139.705 -201.262 -49.691 139.595
3 0 -201.766 -50.135 139.474 -201.262 -49.691 139.595 -198.892 -52.011 139.705
3 0 -198.892 -52.011 139.705 -199.327 -52.524 139.588 -201.766 -50.135 139.474
3 0 -202.273 -50.569 139.618 -201.766 -50.135 139.474 -199.327 -52.524 139.588
3 0 -199.327 -52.524 139.588 -199.765 -53.027 139.737 -202.273 -50.569 139.618
3 0 -202.704 -50.928 140.008 -202.273 -50.569 139.618 -199.765 -53.027 139.737
3 0 -199.765 -53.027 139.737 -200.139 -53.441 140.129 -202.704 -50.928 140.008
3 0 -201.416 -54.769 143.026 -204.167 -52.076 142.893 -204.592 -52.462 142.524
3 0 -204.592 -52.462 142.524 -201.782 -55.215 142.660 -201.416 -54.769 143.026
3 0 -200.981 -54.256 143.143 -203.663 -51.632 143.014 -204.167 -52.076 142.893
3 0 -204.167 -52.076 142.893 -201.416 -54.769 143.026 -200.981 -54.256 143.143
3 0 -200.543 -53.753 142.994 -203.156 -51.197 142.870 -203.663 -51.632 143.014
3 0 -203.663 -51.632 143.014 -200.981 -54.256 143.143 -200.543 -53.753 142.994
3 0 -200.169 -53.339 142.602 -202.725 -50.838 142.481 -203.156 -51.197 142.870
3 0 -203.156 -51.197 142.870 -200.543 -53.753 142.994 -200.169 -53.339 142.602
3 0 -200.505 -53.887 139.764 -203.130 -51.314 139.638 -202.704 -50.928 140.008
3 0 -202.704 -50.928 140.008 -200.139 -53.441 140.129 -200.505 -53.887 139.764
3 0 -200.940 -54.400 139.646 -203.634 -51.758 139.517 -203.130 -51.314 139.638
3 0 -203.130 -51.314 139.638 -200.505 -53.887 139.764 -200.940 -54.400 139.646
3 0 -201.378 -54.902 139.795 -204.141 -52.192 139.662 -203.634 -51.758 139.517
3 0 -203.634 -51.758 139.517 -200.940 -54.400 139.646 -201.378 -54.902 139.795
3 0 -201.753 -55.317 140.188 -204.572 -52.551 140.051 -204.141 -52.192 139.662
3 0 -204.141 -52.192 139.662 -201.378 -54.902 139.795 -201.753 -55.317 140.188
3 0 -203.029 -56.644 143.085 -206.034 -53.698 142.936 -206.459 -54.084 142.567
3 0 -206.459 -54.084 142.567 -203.395 -57.090 142.719 -203.029 -56.644 143.085
3 0 -202.594 -56.131 143.202 -205.530 -53.254 143.058 -206.034 -53.698 142.936
3 0 -206.034 -53.698 142.936 -203.029 -56.644 143.085 -202.594 -56.131 143.202
3 0 -202.156 -55.629 143.053 -205.023 -52.820 142.913 -205.530 -53.254 143.058
3 0 -205.530 -53.254 143.058 -202.594 -56.131 143.202 -202.156 -55.629 143.053
3 0 -201.782 -55.215 142.660 -204.592 -52.462 142.524 -205.023 -52.820 142.913
3 0 -205.023 -52.820 142.913 -202.156 -55.629 143.053 -201.782 -55.215 142.660
3 0 -202.118 -55.762 139.822 -204.997 -52.937 139.682 -204.572 -52.551 140.051
3 0 -204.572 -52.551 140.051 -201.753 -55.317 140.188 -202.118 -55.762 139.822
3 0 -202.553 -56.276 139.705 -205.501 -53.381 139.560 -204.997 -52.937 139.682
3 0 -204.997 -52.937 139.682 -202.118 -55.762 139.822 -202.553 -56.276 139.705
3 0 -202.991 -56.778 139.854 -206.008 -53.815 139.705 -205.501 -53.381 139.560
3 0 -205.501 -53.381 139.560 -202.553 -56.276 139.705 -202.991 -56.778 139.854
3 0 -203.366 -57.192 140.247 -206.439 -54.174 140.094 -206.008 -53.815 139.705
3 0 -206.008 -53.815 139.705 -202.991 -56.778 139.854 -203.366 -57.192 140.247
3 0 -206.865 -54.560 139.725 -206.439 -54.174 140.094 -203.366 -57.192 140.247
3 0 -203.366 -57.192 140.247 -203.731 -57.638 139.881 -206.865 -54.560 139.725
3 0 -207.369 -55.004 139.603 -206.865 -54.560 139.725 -203.731 -57.638 139.881
3 0 -203.731 -57.638 139.881 -204.166 -58.152 139.764 -207.369 -55.004 139.603
3 0 -207.875 -55.438 139.748 -207.369 -55.004 139.603 -204.166 -58.152 139.764
3 0 -204.166 -58.152 139.764 -204.604 -58.654 139.913 -207.875 -55.438 139.748
3 0 -208.307 -55.797 140.137 -207.875 -55.438 139.748 -204.604 -58.654 139.913
3 0 -204.604 -58.654 139.913 -204.979 -59.068 140.305 -208.307 -55.797 140.137
3 0 -208.598 -56.026 140.711 -208.307 -55.797 140.137 -204.979 -59.068 140.305
3 0 -204.979 -59.068 140.305 -205.233 -59.332 140.881 -208.598 -56.026 140.711
3 0 -208.704 -56.089 141.383 -208.598 -56.026 140.711 -205.233 -59.332 140.881
3 0 -205.233 -59.332 140.881 -205.328 -59.406 141.554 -208.704 -56.089 141.383
3 0 -208.609 -55.977 142.050 -208.704 -56.089 141.383 -205.328 -59.406 141.554
3 0 -205.328 -59.406 141.554 -205.249 -59.277 142.220 -208.609 -55.977 142.050
3 0 -208.327 -55.708 142.610 -208.609 -55.977 142.050 -205.249 -59.277 142.220
3 0 -205.249 -59.277 142.220 -205.008 -58.966 142.778 -208.327 -55.708 142.610
3 0 -207.902 -55.322 142.980 -208.327 -55.708 142.610 -205.008 -58.966 142.778
3 0 -205.008 -58.966 142.778 -204.642 -58.520 143.143 -207.902 -55.322 142.980
3 0 -207.398 -54.878 143.101 -207.902 -55.322 142.980 -204.642 -58.520 143.143
3 0 -204.642 -58.520 143.143 -204.207 -58.007 143.260 -207.398 -54.878 143.101
3 0 -206.891 -54.443 142.956 -207.398 -54.878 143.101 -204.207 -58.007 143.260
3 0 -204.207 -58.007 143.260 -203.769 -57.505 143.112 -206.891 -54.443 142.956
3 0 -206.459 -54.084 142.567 -206.891 -54.443 142.956 -203.769 -57.505 143.112
3 0 -203.769 -57.505 143.112 -203.395 -57.090 142.719 -206.459 -54.084 142.567
3 0 -204.329 -47.720 142.752 -204.813 -48.024 142.378 -202.725 -50.838 142.481
3 0 -202.725 -50.838 142.481 -202.299 -50.452 142.850 -204.329 -47.720 142.752
3 0 -203.756 -47.370 142.878 -204.329 -47.720 142.752 -202.299 -50.452 142.850
3 0 -202.299 -50.452 142.850 -201.795 -50.008 142.971 -203.756 -47.370 142.878
3 0 -203.182 -47.027 142.738 -203.756 -47.370 142.878 -201.795 -50.008 142.971
3 0 -201.795 -50.008 142.971 -201.289 -49.574 142.826 -203.182 -47.027 142.738
3 0 -202.694 -46.745 142.352 -203.182 -47.027 142.738 -201.289 -49.574 142.826
3 0 -201.289 -49.574 142.826 -200.857 -49.215 142.437 -202.694 -46.745 142.352
3 0 -202.367 -46.565 141.781 -202.694 -46.745 142.352 -200.857 -49.215 142.437
3 0 -200.857 -49.215 142.437 -200.566 -48.987 141.863 -202.367 -46.565 141.781
3 0 -202.250 -46.515 141.110 -202.367 -46.565 141.781 -200.566 -48.987 141.863
3 0 -200.566 -48.987 141.863 -200.460 -48.924 141.192 -202.250 -46.515 141.110
3 0 -202.360 -46.603 140.442 -202.250 -46.515 141.110 -200.460 -48.924 141.192
3 0 -200.460 -48.924 141.192 -200.555 -49.035 140.525 -202.360 -46.603 140.442
3 0 -202.682 -46.816 139.879 -202.360 -46.603 140.442 -200.555 -49.035 140.525
3 0 -200.555 -49.035 140.525 -200.837 -49.305 139.964 -202.682 -46.816 139.879
3 0 -203.166 -47.120 139.505 -202.682 -46.816 139.879 -200.837 -49.305 139.964
3 0 -200.837 -49.305 139.964 -201.262 -49.691 139.595 -203.166 -47.120 139.505
3 0 -203.739 -47.470 139.379 -203.166 -47.120 139.505 -201.262 -49.691 139.595
3 0 -201.262 -49.691 139.595 -201.766 -50.135 139.474 -203.739 -47.470 139.379
3 0 -204.313 -47.812 139.520 -203.739 -47.470 139.379 -201.766 -50.135 139.474
3 0 -201.766 -50.135 139.474 -202.273 -50.569 139.618 -204.313 -47.812 139.520
3 0 -204.801 -48.094 139.905 -204.313 -47.812 139.520 -202.273 -50.569 139.618
3 0 -202.273 -50.569 139.618 -202.704 -50.928 140.008 -204.801 -48.094 139.905
3 0 -204.167 -52.076 142.893 -206.447 -48.999 142.778 -206.932 -49.303 142.405
3 0 -206.932 -49.303 142.405 -204.592 -52.462 142.524 -204.167 -52.076 142.893
3 0 -203.663 -51.632 143.014 -205.875 -48.649 142.904 -206.447 -48.999 142.778
3 0 -206.447 -48.999 142.778 -204.167 -52.076 142.893 -203.663 -51.632 143.014
3 0 -203.156 -51.197 142.870 -205.301 -48.307 142.764 -205.875 -48.649 142.904
3 0 -205.875 -48.649 142.904 -203.663 -51.632 143.014 -203.156 -51.197 142.870
3 0 -202.725 -50.838 142.481 -204.813 -48.024 142.378 -205.301 -48.307 142.764
3 0 -205.301 -48.307 142.764 -203.156 -51.197 142.870 -202.725 -50.838 142.481
3 0 -203.130 -51.314 139.638 -205.285 -48.399 139.532 -204.801 -48.094 139.905
3 0 -204.801 -48.094 139.905 -202.704 -50.928 140.008 -203.130 -51.314 139.638
3 0 -203.634 -51.758 139.517 -205.858 -48.749 139.406 -205.285 -48.399 139.532
3 0 -205.285 -48.399 139.532 -203.130 -51.314 139.638 -203.634 -51.758 139.517
3 0 -204.141 -52.192 139.662 -206.432 -49.091 139.546 -205.858 -48.749 139.406
3 0 -205.858 -48.749 139.406 -203.634 -51.758 139.517 -204.141 -52.192 139.662
3 0 -204.572 -52.551 140.051 -206.920 -49.373 139.931 -206.432 -49.091 139.546
3 0 -206.432 -49.091 139.546 -204.141 -52.192 139.662 -204.572 -52.551 140.051
3 0 -206.034 -53.698 142.936 -208.565 -50.277 142.804 -209.049 -50.581 142.431
3 0 -209.049 -50.581 142.431 -206.459 -54.084 142.567 -206.034 -53.698 142.936
3 0 -205.530 -53.254 143.058 -207.993 -49.927 142.930 -208.565 -50.277 142.804
3 0 -208.565 -50.277 142.804 -206.034 -53.698 142.936 -205.530 -53.254 143.058
3 0 -205.023 -52.820 142.913 -207.419 -49.585 142.790 -207.993 -49.927 142.930
3 0 -207.993 -49.927 142.930 -205.530 -53.254 143.058 -205.023 -52.820 142.913
3 0 -204.592 -52.462 142.524 -206.932 -49.303 142.405 -207.419 -49.585 142.790
3 0 -207.419 -49.585 142.790 -205.023 -52.820 142.913 -204.592 -52.462 142.524
3 0 -204.997 -52.937 139.682 -207.403 -49.677 139.558 -206.920 -49.373 139.931
3 0 -206.920 -49.373 139.931 -204.572 -52.551 140.051 -204.997 -52.937 139.682
3 0 -205.501 -53.381 139.560 -207.976 -50.027 139.432 -207.403 -49.677 139.558
3 0 -207.403 -49.677 139.558 -204.997 -52.937 139.682 -205.501 -53.381 139.560
3 0 -206.008 -53.815 139.705 -208.550 -50.369 139.572 -207.976 -50.027 139.432
3 0 -207.976 -50.027 139.432 -205.501 -53.381 139.560 -206.008 -53.815 139.705
3 0 -206.439 -54.174 140.094 -209.037 -50.652 139.957 -208.550 -50.369 139.572
3 0 -208.550 -50.369 139.572 -206.008 -53.815 139.705 -206.439 -54.174 140.094
3 0 -209.522 -50.956 139.584 -209.037 -50.652 139.957 -206.439 -54.174 140.094
3 0 -206.439 -54.174 140.094 -206.865 -54.560 139.725 -209.522 -50.956 139.584
3 0 -210.094 -51.306 139.458 -209.522 -50.956 139.584 -206.865 -54.560 139.725
3 0 -206.865 -54.560 139.725 -207.369 -55.004 139.603 -210.094 -51.306 139.458
3 0 -210.668 -51.648 139.598 -210.094 -51.306 139.458 -207.369 -55.004 139.603
3 0 -207.369 -55.004 139.603 -207.875 -55.438 139.748 -210.668 -51.648 139.598
3 0 -211.156 -51.931 139.983 -210.668 -51.648 139.598 -207.875 -55.438 139.748
3 0 -207.875 -55.438 139.748 -208.307 -55.797 140.137 -211.156 -51.931 139.983
3 0 -211.484 -52.111 140.555 -211.156 -51.931 139.983 -208.307 -55.797 140.137
3 0 -208.307 -55.797 140.137 -208.598 -56.026 140.711 -211.484 -52.111 140.555
3 0 -211.601 -52.161 141.226 -211.484 -52.111 140.555 -208.598 -56.026 140.711
3 0 -208.598 -56.026 140.711 -208.704 -56.089 141.383 -211.601 -52.161 141.226
3 0 -211.490 -52.073 141.894 -211.601 -52.161 141.226 -208.704 -56.089 141.383
3 0 -208.704 -56.089 141.383 -208.609 -55.977 142.050 -211.490 -52.073 141.894
3 0 -211.168 -51.860 142.457 -211.490 -52.073 141.894 -208.609 -55.977 142.050
3 0 -208.609 -55.977 142.050 -208.327 -55.708 142.610 -211.168 -51.860 142.457
3 0 -210.684 -51.556 142.830 -211.168 -51.860 142.457 -208.327 -55.708 142.610
3 0 -208.327 -55.708 142.610 -207.902 -55.322 142.980 -210.684 -51.556 142.830
3 0 -210.111 -51.206 142.956 -210.684 -51.556 142.830 -207.902 -55.322 142.980
3 0 -207.902 -55.322 142.980 -207.398 -54.878 143.101 -210.111 -51.206 142.956
3 0 -209.537 -50.864 142.816 -210.111 -51.206 142.956 -207.398 -54.878 143.101
3 0 -207.398 -54.878 143.101 -206.891 -54.443 142.956 -209.537 -50.864 142.816
3 0 -209.049 -50.581 142.431 -209.537 -50.864 142.816 -206.891 -54.443 142.956
3 0 -206.891 -54.443 142.956 -206.459 -54.084 142.567 -209.049 -50.581 142.431
3 0 -205.787 -44.710 142.679 -206.319 -44.913 142.302 -204.813 -48.024 142.378
3 0 -204.813 -48.024 142.378 -204.329 -47.720 142.752 -205.787 -44.710 142.679
3 0 -205.158 -44.478 142.809 -205.787 -44.710 142.679 -204.329 -47.720 142.752
3 0 -204.329 -47.720 142.752 -203.756 -47.370 142.878 -205.158 -44.478 142.809
3 0 -204.529 -44.250 142.673 -205.158 -44.478 142.809 -203.756 -47.370 142.878
3 0 -203.756 -47.370 142.878 -203.182 -47.027 142.738 -204.529 -44.250 142.673
3 0 -203.995 -44.062 142.291 -204.529 -44.250 142.673 -203.182 -47.027 142.738
3 0 -203.182 -47.027 142.738 -202.694 -46.745 142.352 -203.995 -44.062 142.291
3 0 -203.638 -43.942 141.721 -203.995 -44.062 142.291 -202.694 -46.745 142.352
3 0 -202.694 -46.745 142.352 -202.367 -46.565 141.781 -203.638 -43.942 141.721
3 0 -203.512 -43.909 141.051 -203.638 -43.942 141.721 -202.367 -46.565 141.781
3 0 -202.367 -46.565 141.781 -202.250 -46.515 141.110 -203.512 -43.909 141.051
3 0 -203.635 -43.968 140.382 -203.512 -43.909 141.051 -202.250 -46.515 141.110
3 0 -202.250 -46.515 141.110 -202.360 -46.603 140.442 -203.635 -43.968 140.382
3 0 -203.990 -44.109 139.816 -203.635 -43.968 140.382 -202.360 -46.603 140.442
3 0 -202.360 -46.603 140.442 -202.682 -46.816 139.879 -203.990 -44.109 139.816
3 0 -204.522 -44.312 139.440 -203.990 -44.109 139.816 -202.682 -46.816 139.879
3 0 -202.682 -46.816 139.879 -203.166 -47.120 139.505 -204.522 -44.312 139.440
3 0 -205.151 -44.545 139.310 -204.522 -44.312 139.440 -203.166 -47.120 139.505
3 0 -203.166 -47.120 139.505 -203.739 -47.470 139.379 -205.151 -44.545 139.310
3 0 -205.780 -44.772 139.446 -205.151 -44.545 139.310 -203.739 -47.470 139.379
3 0 -203.739 -47.470 139.379 -204.313 -47.812 139.520 -205.780 -44.772 139.446
3 0 -206.314 -44.960 139.828 -205.780 -44.772 139.446 -204.313 -47.812 139.520
3 0 -204.313 -47.812 139.520 -204.801 -48.094 139.905 -206.314 -44.960 139.828
3 0 -206.447 -48.999 142.778 -208.111 -45.562 142.690 -208.643 -45.764 142.313
3 0 -208.643 -45.764 142.313 -206.932 -49.303 142.405 -206.447 -48.999 142.778
3 0 -205.875 -48.649 142.904 -207.482 -45.329 142.820 -208.111 -45.562 142.690
3 0 -208.111 -45.562 142.690 -206.447 -48.999 142.778 -205.875 -48.649 142.904
3 0 -205.301 -48.307 142.764 -206.853 -45.101 142.684 -207.482 -45.329 142.820
3 0 -207.482 -45.329 142.820 -205.875 -48.649 142.904 -205.301 -48.307 142.764
3 0 -204.813 -48.024 142.378 -206.319 -44.913 142.302 -206.853 -45.101 142.684
3 0 -206.853 -45.101 142.684 -205.301 -48.307 142.764 -204.813 -48.024 142.378
3 0 -205.285 -48.399 139.532 -206.846 -45.163 139.451 -206.314 -44.960 139.828
3 0 -206.314 -44.960 139.828 -204.801 -48.094 139.905 -205.285 -48.399 139.532
3 0 -205.858 -48.749 139.406 -207.475 -45.396 139.321 -206.846 -45.163 139.451
3 0 -206.846 -45.163 139.451 -205.285 -48.399 139.532 -205.858 -48.749 139.406
3 0 -206.432 -49.091 139.546 -208.104 -45.624 139.457 -207.475 -45.396 139.321
3 0 -207.475 -45.396 139.321 -205.858 -48.749 139.406 -206.432 -49.091 139.546
3 0 -206.920 -49.373 139.931 -208.638 -45.812 139.839 -208.104 -45.624 139.457
3 0 -208.104 -45.624 139.457 -206.432 -49.091 139.546 -206.920 -49.373 139.931
3 0 -208.565 -50.277 142.804 -210.434 -46.413 142.702 -210.966 -46.615 142.325
3 0 -210.966 -46.615 142.325 -209.049 -50.581 142.431 -208.565 -50.277 142.804
3 0 -207.993 -49.927 142.930 -209.805 -46.180 142.832 -210.434 -46.413 142.702
3 0 -210.434 -46.413 142.702 -208.565 -50.277 142.804 -207.993 -49.927 142.930
3 0 -207.419 -49.585 142.790 -209.176 -45.952 142.695 -209.805 -46.180 142.832
3 0 -209.805 -46.180 142.832 -207.993 -49.927 142.930 -207.419 -49.585 142.790
3 0 -206.932 -49.303 142.405 -208.643 -45.764 142.313 -209.176 -45.952 142.695
3 0 -209.176 -45.952 142.695 -207.419 -49.585 142.790 -206.932 -49.303 142.405
3 0 -207.403 -49.677 139.558 -209.169 -46.014 139.462 -208.638 -45.812 139.839
3 0 -208.638 -45.812 139.839 -206.920 -49.373 139.931 -207.403 -49.677 139.558
3 0 -207.976 -50.027 139.432 -209.798 -46.247 139.332 -209.169 -46.014 139.462
3 0 -209.169 -46.014 139.462 -207.403 -49.677 139.558 -207.976 -50.027 139.432
3 0 -208.550 -50.369 139.572 -210.427 -46.475 139.469 -209.798 -46.247 139.332
3 0 -209.798 -46.247 139.332 -207.976 -50.027 139.432 -208.550 -50.369 139.572
3 0 -209.037 -50.652 139.957 -210.961 -46.663 139.850 -210.427 -46.475 139.469
3 0 -210.427 -46.475 139.469 -208.550 -50.369 139.572 -209.037 -50.652 139.957
3 0 -211.493 -46.865 139.474 -210.961 -46.663 139.850 -209.037 -50.652 139.957
3 0 -209.037 -50.652 139.957 -209.522 -50.956 139.584 -211.493 -46.865 139.474
3 0 -212.122 -47.098 139.344 -211.493 -46.865 139.474 -209.522 -50.956 139.584
3 0 -209.522 -50.956 139.584 -210.094 -51.306 139.458 -212.122 -47.098 139.344
3 0 -212.751 -47.326 139.480 -212.122 -47.098 139.344 -210.094 -51.306 139.458
3 0 -210.094 -51.306 139.458 -210.668 -51.648 139.598 -212.751 -47.326 139.480
3 0 -213.285 -47.514 139.862 -212.751 -47.326 139.480 -210.668 -51.648 139.598
3 0 -210.668 -51.648 139.598 -211.156 -51.931 139.983 -213.285 -47.514 139.862
3 0 -213.642 -47.634 140.431 -213.285 -47.514 139.862 -211.156 -51.931 139.983
3 0 -211.156 -51.931 139.983 -211.484 -52.111 140.555 -213.642 -47.634 140.431
3 0 -213.769 -47.667 141.101 -213.642 -47.634 140.431 -211.484 -52.111 140.555
3 0 -211.484 -52.111 140.555 -211.601 -52.161 141.226 -213.769 -47.667 141.101
3 0 -213.645 -47.608 141.770 -213.769 -47.667 141.101 -211.601 -52.161 141.226
3 0 -211.601 -52.161 141.226 -211.490 -52.073 141.894 -213.645 -47.608 141.770
3 0 -213.290 -47.467 142.336 -213.645 -47.608 141.770 -211.490 -52.073 141.894
3 0 -211.490 -52.073 141.894 -211.168 -51.860 142.457 -213.290 -47.467 142.336
3 0 -212.758 -47.264 142.713 -213.290 -47.467 142.336 -211.168 -51.860 142.457
3 0 -211.168 -51.860 142.457 -210.684 -51.556 142.830 -212.758 -47.264 142.713
3 0 -212.129 -47.031 142.843 -212.758 -47.264 142.713 -210.684 -51.556 142.830
3 0 -210.684 -51.556 142.830 -210.111 -51.206 142.956 -212.129 -47.031 142.843
3 0 -211.500 -46.803 142.707 -212.129 -47.031 142.843 -210.111 -51.206 142.956
3 0 -210.111 -51.206 142.956 -209.537 -50.864 142.816 -211.500 -46.803 142.707
3 0 -210.966 -46.615 142.325 -211.500 -46.803 142.707 -209.537 -50.864 142.816
3 0 -209.537 -50.864 142.816 -209.049 -50.581 142.431 -210.966 -46.615 142.325
3 0 -206.748 -40.981 142.628 -207.308 -41.077 142.249 -206.319 -44.913 142.302
3 0 -206.319 -44.913 142.302 -205.787 -44.710 142.679 -206.748 -40.981 142.628
3 0 -206.087 -40.872 142.761 -206.748 -40.981 142.628 -205.787 -44.710 142.679
3 0 -205.787 -44.710 142.679 -205.158 -44.478 142.809 -206.087 -40.872 142.761
3 0 -205.426 -40.765 142.627 -206.087 -40.872 142.761 -205.158 -44.478 142.809
3 0 -205.158 -44.478 142.809 -204.529 -44.250 142.673 -205.426 -40.765 142.627
3 0 -204.866 -40.677 142.247 -205.426 -40.765 142.627 -204.529 -44.250 142.673
3 0 -204.529 -44.250 142.673 -203.995 -44.062 142.291 -204.866 -40.677 142.247
3 0 -204.491 -40.621 141.679 -204.866 -40.677 142.247 -203.995 -44.062 142.291
3 0 -203.995 -44.062 142.291 -203.638 -43.942 141.721 -204.491 -40.621 141.679
3 0 -204.359 -40.606 141.009 -204.491 -40.621 141.679 -203.638 -43.942 141.721
3 0 -203.638 -43.942 141.721 -203.512 -43.909 141.051 -204.359 -40.606 141.009
3 0 -204.490 -40.633 140.339 -204.359 -40.606 141.009 -203.512 -43.909 141.051
3 0 -203.512 -43.909 141.051 -203.635 -43.968 140.382 -204.490 -40.633 140.339
3 0 -204.865 -40.700 139.772 -204.490 -40.633 140.339 -203.635 -43.968 140.382
3 0 -203.635 -43.968 140.382 -203.990 -44.109 139.816 -204.865 -40.700 139.772
3 0 -205.425 -40.795 139.393 -204.865 -40.700 139.772 -203.990 -44.109 139.816
3 0 -203.990 -44.109 139.816 -204.522 -44.312 139.440 -205.425 -40.795 139.393
3 0 -206.086 -40.904 139.261 -205.425 -40.795 139.393 -204.522 -44.312 139.440
3 0 -204.522 -44.312 139.440 -205.151 -44.545 139.310 -206.086 -40.904 139.261
3 0 -206.747 -41.011 139.395 -206.086 -40.904 139.261 -205.151 -44.545 139.310
3 0 -205.151 -44.545 139.310 -205.780 -44.772 139.446 -206.747 -41.011 139.395
3 0 -207.307 -41.099 139.775 -206.747 -41.011 139.395 -205.780 -44.772 139.446
3 0 -205.780 -44.772 139.446 -206.314 -44.960 139.828 -207.307 -41.099 139.775
3 0 -208.111 -45.562 142.690 -209.191 -41.381 142.631 -209.751 -41.476 142.252
3 0 -209.751 -41.476 142.252 -208.643 -45.764 142.313 -208.111 -45.562 142.690
3 0 -207.482 -45.329 142.820 -208.530 -41.272 142.763 -209.191 -41.381 142.631
3 0 -209.191 -41.381 142.631 -208.111 -45.562 142.690 -207.482 -45.329 142.820
3 0 -206.853 -45.101 142.684 -207.869 -41.165 142.629 -208.530 -41.272 142.763
3 0 -208.530 -41.272 142.763 -207.482 -45.329 142.820 -206.853 -45.101 142.684
3 0 -206.319 -44.913 142.302 -207.308 -41.077 142.249 -207.869 -41.165 142.629
3 0 -207.869 -41.165 142.629 -206.853 -45.101 142.684 -206.319 -44.913 142.302
3 0 -206.846 -45.163 139.451 -207.867 -41.194 139.396 -207.307 -41.099 139.775
3 0 -207.307 -41.099 139.775 -206.314 -44.960 139.828 -206.846 -45.163 139.451
3 0 -207.475 -45.396 139.321 -208.528 -41.303 139.263 -207.867 -41.194 139.396
3 0 -207.867 -41.194 139.396 -206.846 -45.163 139.451 -207.475 -45.396 139.321
3 0 -208.104 -45.624 139.457 -209.189 -41.410 139.397 -208.528 -41.303 139.263
3 0 -208.528 -41.303 139.263 -207.475 -45.396 139.321 -208.104 -45.624 139.457
3 0 -208.638 -45.812 139.839 -209.750 -41.498 139.777 -209.189 -41.410 139.397
3 0 -209.189 -41.410 139.397 -208.104 -45.624 139.457 -208.638 -45.812 139.839
3 0 -210.434 -46.413 142.702 -211.632 -41.780 142.633 -212.192 -41.875 142.254
3 0 -212.192 -41.875 142.254 -210.966 -46.615 142.325 -210.434 -46.413 142.702
3 0 -209.805 -46.180 142.832 -210.971 -41.671 142.766 -211.632 -41.780 142.633
3 0 -211.632 -41.780 142.633 -210.434 -46.413 142.702 -209.805 -46.180 142.832
3 0 -209.176 -45.952 142.695 -210.310 -41.564 142.632 -210.971 -41.671 142.766
3 0 -210.971 -41.671 142.766 -209.805 -46.180 142.832 -209.176 -45.952 142.695
3 0 -208.643 -45.764 142.313 -209.751 -41.476 142.252 -210.310 -41.564 142.632
3 0 -210.310 -41.564 142.632 -209.176 -45.952 142.695 -208.643 -45.764 142.313
3 0 -209.169 -46.014 139.462 -210.309 -41.593 139.398 -209.750 -41.498 139.777
3 0 -209.750 -41.498 139.777 -208.638 -45.812 139.839 -209.169 -46.014 139.462
3 0 -209.798 -46.247 139.332 -210.970 -41.703 139.266 -210.309 -41.593 139.398
3 0 -210.309 -41.593 139.398 -209.169 -46.014 139.462 -209.798 -46.247 139.332
3 0 -210.427 -46.475 139.469 -211.631 -41.809 139.400 -210.970 -41.703 139.266
3 0 -210.970 -41.703 139.266 -209.798 -46.247 139.332 -210.427 -46.475 139.469
3 0 -210.961 -46.663 139.850 -212.191 -41.898 139.780 -211.631 -41.809 139.400
3 0 -211.631 -41.809 139.400 -210.427 -46.475 139.469 -210.961 -46.663 139.850
3 0 -212.751 -41.993 139.401 -212.191 -41.898 139.780 -210.961 -46.663 139.850
3 0 -210.961 -46.663 139.850 -211.493 -46.865 139.474 -212.751 -41.993 139.401
3 0 -213.412 -42.102 139.268 -212.751 -41.993 139.401 -211.493 -46.865 139.474
3 0 -211.493 -46.865 139.474 -212.122 -47.098 139.344 -213.412 -42.102 139.268
3 0 -214.073 -42.209 139.402 -213.412 -42.102 139.268 -212.122 -47.098 139.344
3 0 -212.122 -47.098 139.344 -212.751 -47.326 139.480 -214.073 -42.209 139.402
3 0 -214.634 -42.297 139.782 -214.073 -42.209 139.402 -212.751 -47.326 139.480
3 0 -212.751 -47.326 139.480 -213.285 -47.514 139.862 -214.634 -42.297 139.782
3 0 -215.008 -42.353 140.350 -214.634 -42.297 139.782 -213.285 -47.514 139.862
3 0 -213.285 -47.514 139.862 -213.642 -47.634 140.431 -215.008 -42.353 140.350
3 0 -215.140 -42.368 141.020 -215.008 -42.353 140.350 -213.642 -47.634 140.431
3 0 -213.642 -47.634 140.431 -213.769 -47.667 141.101 -215.140 -42.368 141.020
3 0 -215.009 -42.341 141.690 -215.140 -42.368 141.020 -213.769 -47.667 141.101
3 0 -213.769 -47.667 141.101 -213.645 -47.608 141.770 -215.009 -42.341 141.690
3 0 -214.635 -42.274 142.257 -215.009 -42.341 141.690 -213.645 -47.608 141.770
3 0 -213.645 -47.608 141.770 -213.290 -47.467 142.336 -214.635 -42.274 142.257
3 0 -214.075 -42.179 142.636 -214.635 -42.274 142.257 -213.290 -47.467 142.336
3 0 -213.290 -47.467 142.336 -212.758 -47.264 142.713 -214.075 -42.179 142.636
3 0 -213.414 -42.070 142.768 -214.075 -42.179 142.636 -212.758 -47.264 142.713
3 0 -212.758 -47.264 142.713 -212.129 -47.031 142.843 -213.414 -42.070 142.768
3 0 -212.753 -41.963 142.634 -213.414 -42.070 142.768 -212.129 -47.031 142.843
3 0 -212.129 -47.031 142.843 -211.500 -46.803 142.707 -212.753 -41.963 142.634
3 0 -212.192 -41.875 142.254 -212.753 -41.963 142.634 -211.500 -46.803 142.707
3 0 -211.500 -46.803 142.707 -210.966 -46.615 142.325 -212.192 -41.875 142.254
3 0 -206.958 -38.000 142.617 -207.525 -38.000 142.237 -207.308 -41.077 142.249
3 0 -207.308 -41.077 142.249 -206.748 -40.981 142.628 -206.958 -38.000 142.617
3 0 -206.288 -38.000 142.750 -206.958 -38.000 142.617 -206.748 -40.981 142.628
3 0 -206.748 -40.981 142.628 -206.087 -40.872 142.761 -206.288 -38.000 142.750
3 0 -205.618 -38.000 142.617 -206.288 -38.000 142.750 -206.087 -40.872 142.761
3 0 -206.087 -40.872 142.761 -205.426 -40.765 142.627 -205.618 -38.000 142.617
3 0 -205.051 -38.000 142.237 -205.618 -38.000 142.617 -205.426 -40.765 142.627
3 0 -205.426 -40.765 142.627 -204.866 -40.677 142.247 -205.051 -38.000 142.237
3 0 -204.671 -38.000 141.670 -205.051 -38.000 142.237 -204.866 -40.677 142.247
3 0 -204.866 -40.677 142.247 -204.491 -40.621 141.679 -204.671 -38.000 141.670
3 0 -204.538 -38.000 141.000 -204.671 -38.000 141.670 -204.491 -40.621 141.679
3 0 -204.491 -40.621 141.679 -204.359 -40.606 141.009 -204.538 -38.000 141.000
3 0 -204.671 -38.000 140.330 -204.538 -38.000 141.000 -204.359 -40.606 141.009
3 0 -204.359 -40.606 141.009 -204.490 -40.633 140.339 -204.671 -38.000 140.330
3 0 -205.051 -38.000 139.763 -204.671 -38.000 140.330 -204.490 -40.633 140.339
3 0 -204.490 -40.633 140.339 -204.865 -40.700 139.772 -205.051 -38.000 139.763
3 0 -205.618 -38.000 139.383 -205.051 -38.000 139.763 -204.865 -40.700 139.772
3 0 -204.865 -40.700 139.772 -205.425 -40.795 139.393 -205.618 -38.000 139.383
3 0 -206.288 -38.000 139.250 -205.618 -38.000 139.383 -205.425 -40.795 139.393
3 0 -205.425 -40.795 139.393 -206.086 -40.904 139.261 -206.288 -38.000 139.250
3 0 -206.958 -38.000 139.383 -206.288 -38.000 139.250 -206.086 -40.904 139.261
3 0 -206.086 -40.904 139.261 -206.747 -41.011 139.395 -206.958 -38.000 139.383
3 0 -207.525 -38.000 139.763 -206.958 -38.000 139.383 -206.747 -41.011 139.395
3 0 -206.747 -41.011 139.395 -207.307 -41.099 139.775 -207.525 -38.000 139.763
3 0 -209.191 -41.381 142.631 -209.433 -38.000 142.617 -210.000 -38.000 142.237
3 0 -210.000 -38.000 142.237 -209.751 -41.476 142.252 -209.191 -41.381 142.631
3 0 -208.530 -41.272 142.763 -208.763 -38.000 142.750 -209.433 -38.000 142.617
3 0 -209.433 -38.000 142.617 -209.191 -41.381 142.631 -208.530 -41.272 142.763
3 0 -207.869 -41.165 142.629 -208.093 -38.000 142.617 -208.763 -38.000 142.750
3 0 -208.763 -38.000 142.750 -208.530 -41.272 142.763 -207.869 -41.165 142.629
3 0 -207.308 -41.077 142.249 -207.525 -38.000 142.237 -208.093 -38.000 142.617
3 0 -208.093 -38.000 142.617 -207.869 -41.165 142.629 -207.308 -41.077 142.249
3 0 -207.867 -41.194 139.396 -208.093 -38.000 139.383 -207.525 -38.000 139.763
3 0 -207.525 -38.000 139.763 -207.307 -41.099 139.775 -207.867 -41.194 139.396
3 0 -208.528 -41.303 139.263 -208.763 -38.000 139.250 -208.093 -38.000 139.383
3 0 -208.093 -38.000 139.383 -207.867 -41.194 139.396 -208.528 -41.303 139.263
3 0 -209.189 -41.410 139.397 -209.433 -38.000 139.383 -208.763 -38.000 139.250
3 0 -208.763 -38.000 139.250 -208.528 -41.303 139.263 -209.189 -41.410 139.397
3 0 -209.750 -41.498 139.777 -210.000 -38.000 139.763 -209.433 -38.000 139.383
3 0 -209.433 -38.000 139.383 -209.189 -41.410 139.397 -209.750 -41.498 139.777
3 0 -211.632 -41.780 142.633 -211.907 -38.000 142.617 -212.474 -38.000 142.237
3 0 -212.474 -38.000 142.237 -212.192 -41.875 142.254 -211.632 -41.780 142.633
3 0 -210.971 -41.671 142.766 -211.237 -38.000 142.750 -211.907 -38.000 142.617
3 0 -211.907 -38.000 142.617 -211.632 -41.780 142.633 -210.971 -41.671 142.766
3 0 -210.310 -41.564 142.632 -210.567 -38.000 142.617 -211.237 -38.000 142.750
3 0 -211.237 -38.000 142.750 -210.971 -41.671 142.766 -210.310 -41.564 142.632
3 0 -209.751 -41.476 142.252 -210.000 -38.000 142.237 -210.567 -38.000 142.617
3 0 -210.567 -38.000 142.617 -210.310 -41.564 142.632 -209.751 -41.476 142.252
3 0 -210.309 -41.593 139.398 -210.567 -38.000 139.383 -210.000 -38.000 139.763
3 0 -210.000 -38.000 139.763 -209.750 -41.498 139.777 -210.309 -41.593 139.398
3 0 -210.970 -41.703 139.266 -211.237 -38.000 139.250 -210.567 -38.000 139.383
3 0 -210.567 -38.000 139.383 -210.309 -41.593 139.398 -210.970 -41.703 139.266
3 0 -211.631 -41.809 139.400 -211.907 -38.000 139.383 -211.237 -38.000 139.250
3 0 -211.237 -38.000 139.250 -210.970 -41.703 139.266 -211.631 -41.809 139.400
3 0 -212.191 -41.898 139.780 -212.474 -38.000 139.763 -211.907 -38.000 139.383
3 0 -211.907 -38.000 139.383 -211.631 -41.809 139.400 -212.191 -41.898 139.780
3 0 -213.042 -38.000 139.383 -212.474 -38.000 139.763 -212.191 -41.898 139.780
3 0 -212.191 -41.898 139.780 -212.751 -41.993 139.401 -213.042 -38.000 139.383
3 0 -213.712 -38.000 139.250 -213.042 -38.000 139.383 -212.751 -41.993 139.401
3 0 -212.751 -41.993 139.401 -213.412 -42.102 139.268 -213.712 -38.000 139.250
3 0 -214.382 -38.000 139.383 -213.712 -38.000 139.250 -213.412 -42.102 139.268
3 0 -213.412 -42.102 139.268 -214.073 -42.209 139.402 -214.382 -38.000 139.383
3 0 -214.949 -38.000 139.763 -214.382 -38.000 139.383 -214.073 -42.209 139.402
3 0 -214.073 -42.209 139.402 -214.634 -42.297 139.782 -214.949 -38.000 139.763
3 0 -215.329 -38.000 140.330 -214.949 -38.000 139.763 -214.634 -42.297 139.782
3 0 -214.634 -42.297 139.782 -215.008 -42.353 140.350 -215.329 -38.000 140.330
3 0 -215.462 -38.000 141.000 -215.329 -38.000 140.330 -215.008 -42.353 140.350
3 0 -215.008 -42.353 140.350 -215.140 -42.368 141.020 -215.462 -38.000 141.000
3 0 -215.329 -38.000 141.670 -215.462 -38.000 141.000 -215.140 -42.368 141.020
3 0 -215.140 -42.368 141.020 -215.009 -42.341 141.690 -215.329 -38.000 141.670
3 0 -214.949 -38.000 142.237 -215.329 -38.000 141.670 -215.009 -42.341 141.690
3 0 -215.009 -42.341 141.690 -214.635 -42.274 142.257 -214.949 -38.000 142.237
3 0 -214.382 -38.000 142.617 -214.949 -38.000 142.237 -214.635 -42.274 142.257
3 0 -214.635 -42.274 142.257 -214.075 -42.179 142.636 -214.382 -38.000 142.617
3 0 -213.712 -38.000 142.750 -214.382 -38.000 142.617 -214.075 -42.179 142.636
3 0 -214.075 -42.179 142.636 -213.414 -42.070 142.768 -213.712 -38.000 142.750
3 0 -213.042 -38.000 142.617 -213.712 -38.000 142.750 -213.414 -42.070 142.768
3 0 -213.414 -42.070 142.768 -212.753 -41.963 142.634 -213.042 -38.000 142.617
3 0 -212.474 -38.000 142.237 -213.042 -38.000 142.617 -212.753 -41.963 142.634
3 0 -212.753 -41.963 142.634 -212.192 -41.875 142.254 -212.474 -38.000 142.237
