0 FILE DX0073.dat
0 DX0073
0 Name:  UntitledModel
0 Author:  
0 BL_Item_No DX0073.dat
0 BFC CERTIFY CCW
1 71 0.0000 0.0000 0.0000 1.0000 0.0000 0.0000 0.0000 1.0000 0.0000 0.0000 0.0000 1.0000 58120.dat
1 72 0.0000 -88.0000 278.0000 -1.0000 0.0000 0.0000 0.0000 1.0000 0.0000 0.0000 0.0000 -1.0000 58124c01.dat
3 0 2.901 -27.482 120.059 2.334 -27.197 120.311 2.475 -23.918 117.127
3 0 2.475 -23.918 117.127 3.042 -24.186 116.859 2.901 -27.482 120.059
3 0 3.570 -27.601 119.990 2.901 -27.482 120.059 3.042 -24.186 116.859
3 0 3.042 -24.186 116.859 3.712 -24.280 116.765 3.570 -27.601 119.990
3 0 4.238 -27.538 120.114 3.570 -27.601 119.990 3.712 -24.280 116.765
3 0 3.712 -24.280 116.765 4.382 -24.186 116.859 4.238 -27.538 120.114
3 0 4.804 -27.302 120.414 4.238 -27.538 120.114 4.382 -24.186 116.859
3 0 4.382 -24.186 116.859 4.949 -23.918 117.127 4.804 -27.302 120.414
3 0 5.182 -26.928 120.842 4.804 -27.302 120.414 4.949 -23.918 117.127
3 0 4.949 -23.918 117.127 5.329 -23.516 117.528 5.182 -26.928 120.842
3 0 5.314 -26.473 121.334 5.182 -26.928 120.842 5.329 -23.516 117.528
3 0 5.329 -23.516 117.528 5.462 -23.043 118.002 5.314 -26.473 121.334
3 0 5.180 -26.008 121.816 5.314 -26.473 121.334 5.462 -23.043 118.002
3 0 5.462 -23.043 118.002 5.329 -22.570 118.476 5.180 -26.008 121.816
3 0 4.801 -25.602 122.212 5.180 -26.008 121.816 5.329 -22.570 118.476
3 0 5.329 -22.570 118.476 4.949 -22.168 118.877 4.801 -25.602 122.212
3 0 4.234 -25.317 122.465 4.801 -25.602 122.212 4.949 -22.168 118.877
3 0 4.949 -22.168 118.877 4.382 -21.900 119.145 4.234 -25.317 122.465
3 0 3.565 -25.198 122.533 4.234 -25.317 122.465 4.382 -21.900 119.145
3 0 4.382 -21.900 119.145 3.712 -21.806 119.240 3.565 -25.198 122.533
3 0 2.897 -25.261 122.409 3.565 -25.198 122.533 3.712 -21.806 119.240
3 0 3.712 -21.806 119.240 3.042 -21.900 119.145 2.897 -25.261 122.409
3 0 2.331 -25.498 122.109 2.897 -25.261 122.409 3.042 -21.900 119.145
3 0 3.042 -21.900 119.145 2.475 -22.168 118.877 2.331 -25.498 122.109
3 0 0.567 -24.186 116.859 0.430 -27.378 119.956 -0.137 -27.093 120.208
3 0 -0.137 -27.093 120.208 0.000 -23.918 117.127 0.567 -24.186 116.859
3 0 1.237 -24.280 116.765 1.099 -27.497 119.887 0.430 -27.378 119.956
3 0 0.430 -27.378 119.956 0.567 -24.186 116.859 1.237 -24.280 116.765
3 0 1.907 -24.186 116.859 1.767 -27.434 120.011 1.099 -27.497 119.887
3 0 1.099 -27.497 119.887 1.237 -24.280 116.765 1.907 -24.186 116.859
3 0 2.475 -23.918 117.127 2.334 -27.197 120.311 1.767 -27.434 120.011
3 0 1.767 -27.434 120.011 1.907 -24.186 116.859 2.475 -23.918 117.127
3 0 1.907 -21.900 119.145 1.763 -25.213 122.362 2.331 -25.498 122.109
3 0 2.331 -25.498 122.109 2.475 -22.168 118.877 1.907 -21.900 119.145
3 0 1.237 -21.806 119.240 1.094 -25.093 122.430 1.763 -25.213 122.362
3 0 1.763 -25.213 122.362 1.907 -21.900 119.145 1.237 -21.806 119.240
3 0 0.567 -21.900 119.145 0.426 -25.157 122.306 1.094 -25.093 122.430
3 0 1.094 -25.093 122.430 1.237 -21.806 119.240 0.567 -21.900 119.145
3 0 0.000 -22.168 118.877 -0.140 -25.393 122.006 0.426 -25.157 122.306
3 0 0.426 -25.157 122.306 0.567 -21.900 119.145 0.000 -22.168 118.877
3 0 -1.907 -24.186 116.859 -2.039 -27.273 119.853 -2.606 -26.989 120.105
3 0 -2.606 -26.989 120.105 -2.474 -23.918 117.127 -1.907 -24.186 116.859
3 0 -1.237 -24.280 116.765 -1.371 -27.393 119.784 -2.039 -27.273 119.853
3 0 -2.039 -27.273 119.853 -1.907 -24.186 116.859 -1.237 -24.280 116.765
3 0 -0.567 -24.186 116.859 -0.702 -27.330 119.908 -1.371 -27.393 119.784
3 0 -1.371 -27.393 119.784 -1.237 -24.280 116.765 -0.567 -24.186 116.859
3 0 0.000 -23.918 117.127 -0.137 -27.093 120.208 -0.702 -27.330 119.908
3 0 -0.702 -27.330 119.908 -0.567 -24.186 116.859 0.000 -23.918 117.127
3 0 -0.567 -21.900 119.145 -0.707 -25.109 122.259 -0.140 -25.393 122.006
3 0 -0.140 -25.393 122.006 0.000 -22.168 118.877 -0.567 -21.900 119.145
3 0 -1.237 -21.806 119.240 -1.375 -24.989 122.327 -0.707 -25.109 122.259
3 0 -0.707 -25.109 122.259 -0.567 -21.900 119.145 -1.237 -21.806 119.240
3 0 -1.907 -21.900 119.145 -2.044 -25.052 122.203 -1.375 -24.989 122.327
3 0 -1.375 -24.989 122.327 -1.237 -21.806 119.240 -1.907 -21.900 119.145
3 0 -2.474 -22.168 118.877 -2.610 -25.289 121.903 -2.044 -25.052 122.203
3 0 -2.044 -25.052 122.203 -1.907 -21.900 119.145 -2.474 -22.168 118.877
3 0 -3.177 -25.005 122.156 -2.610 -25.289 121.903 -2.474 -22.168 118.877
3 0 -2.474 -22.168 118.877 -3.042 -21.900 119.145 -3.177 -25.005 122.156
3 0 -3.846 -24.885 122.224 -3.177 -25.005 122.156 -3.042 -21.900 119.145
3 0 -3.042 -21.900 119.145 -3.712 -21.806 119.240 -3.846 -24.885 122.224
3 0 -4.514 -24.948 122.100 -3.846 -24.885 122.224 -3.712 -21.806 119.240
3 0 -3.712 -21.806 119.240 -4.382 -21.900 119.145 -4.514 -24.948 122.100
3 0 -5.080 -25.185 121.800 -4.514 -24.948 122.100 -4.382 -21.900 119.145
3 0 -4.382 -21.900 119.145 -4.949 -22.168 118.877 -5.080 -25.185 121.800
3 0 -5.458 -25.559 121.372 -5.080 -25.185 121.800 -4.949 -22.168 118.877
3 0 -4.949 -22.168 118.877 -5.329 -22.570 118.476 -5.458 -25.559 121.372
3 0 -5.590 -26.013 120.880 -5.458 -25.559 121.372 -5.329 -22.570 118.476
3 0 -5.329 -22.570 118.476 -5.462 -23.043 118.002 -5.590 -26.013 120.880
3 0 -5.457 -26.479 120.399 -5.590 -26.013 120.880 -5.462 -23.043 118.002
3 0 -5.462 -23.043 118.002 -5.329 -23.516 117.528 -5.457 -26.479 120.399
3 0 -5.077 -26.885 120.002 -5.457 -26.479 120.399 -5.329 -23.516 117.528
3 0 -5.329 -23.516 117.528 -4.949 -23.918 117.127 -5.077 -26.885 120.002
3 0 -4.510 -27.169 119.750 -5.077 -26.885 120.002 -4.949 -23.918 117.127
3 0 -4.949 -23.918 117.127 -4.382 -24.186 116.859 -4.510 -27.169 119.750
3 0 -3.841 -27.289 119.681 -4.510 -27.169 119.750 -4.382 -24.186 116.859
3 0 -4.382 -24.186 116.859 -3.712 -24.280 116.765 -3.841 -27.289 119.681
3 0 -3.173 -27.226 119.805 -3.841 -27.289 119.681 -3.712 -24.280 116.765
3 0 -3.712 -24.280 116.765 -3.042 -24.186 116.859 -3.173 -27.226 119.805
3 0 -2.606 -26.989 120.105 -3.173 -27.226 119.805 -3.042 -24.186 116.859
3 0 -3.042 -24.186 116.859 -2.474 -23.918 117.127 -2.606 -26.989 120.105
3 0 2.548 -30.470 122.815 1.981 -30.171 123.052 2.334 -27.197 120.311
3 0 2.334 -27.197 120.311 2.901 -27.482 120.059 2.548 -30.470 122.815
3 0 3.214 -30.611 122.768 2.548 -30.470 122.815 2.901 -27.482 120.059
3 0 2.901 -27.482 120.059 3.570 -27.601 119.990 3.214 -30.611 122.768
3 0 3.879 -30.575 122.918 3.214 -30.611 122.768 3.570 -27.601 119.990
3 0 3.570 -27.601 119.990 4.238 -27.538 120.114 3.879 -30.575 122.918
3 0 4.441 -30.365 123.244 3.879 -30.575 122.918 4.238 -27.538 120.114
3 0 4.238 -27.538 120.114 4.804 -27.302 120.414 4.441 -30.365 123.244
3 0 4.815 -30.014 123.695 4.441 -30.365 123.244 4.804 -27.302 120.414
3 0 4.804 -27.302 120.414 5.182 -26.928 120.842 4.815 -30.014 123.695
3 0 4.944 -29.576 124.202 4.815 -30.014 123.695 5.182 -26.928 120.842
3 0 5.182 -26.928 120.842 5.314 -26.473 121.334 4.944 -29.576 124.202
3 0 4.809 -29.117 124.689 4.944 -29.576 124.202 5.314 -26.473 121.334
3 0 5.314 -26.473 121.334 5.180 -26.008 121.816 4.809 -29.117 124.689
3 0 4.429 -28.707 125.081 4.809 -29.117 124.689 5.180 -26.008 121.816
3 0 5.180 -26.008 121.816 4.801 -25.602 122.212 4.429 -28.707 125.081
3 0 3.863 -28.408 125.319 4.429 -28.707 125.081 4.801 -25.602 122.212
3 0 4.801 -25.602 122.212 4.234 -25.317 122.465 3.863 -28.408 125.319
3 0 3.197 -28.266 125.366 3.863 -28.408 125.319 4.234 -25.317 122.465
3 0 4.234 -25.317 122.465 3.565 -25.198 122.533 3.197 -28.266 125.366
3 0 2.532 -28.303 125.215 3.197 -28.266 125.366 3.565 -25.198 122.533
3 0 3.565 -25.198 122.533 2.897 -25.261 122.409 2.532 -28.303 125.215
3 0 1.969 -28.512 124.889 2.532 -28.303 125.215 2.897 -25.261 122.409
3 0 2.897 -25.261 122.409 2.331 -25.498 122.109 1.969 -28.512 124.889
3 0 0.430 -27.378 119.956 0.088 -30.275 122.623 -0.478 -29.977 122.861
3 0 -0.478 -29.977 122.861 -0.137 -27.093 120.208 0.430 -27.378 119.956
3 0 1.099 -27.497 119.887 0.754 -30.417 122.576 0.088 -30.275 122.623
3 0 0.088 -30.275 122.623 0.430 -27.378 119.956 1.099 -27.497 119.887
3 0 1.767 -27.434 120.011 1.419 -30.380 122.727 0.754 -30.417 122.576
3 0 0.754 -30.417 122.576 1.099 -27.497 119.887 1.767 -27.434 120.011
3 0 2.334 -27.197 120.311 1.981 -30.171 123.052 1.419 -30.380 122.727
3 0 1.419 -30.380 122.727 1.767 -27.434 120.011 2.334 -27.197 120.311
3 0 1.763 -25.213 122.362 1.403 -28.214 125.127 1.969 -28.512 124.889
3 0 1.969 -28.512 124.889 2.331 -25.498 122.109 1.763 -25.213 122.362
3 0 1.094 -25.093 122.430 0.737 -28.072 125.174 1.403 -28.214 125.127
3 0 1.403 -28.214 125.127 1.763 -25.213 122.362 1.094 -25.093 122.430
3 0 0.426 -25.157 122.306 0.072 -28.109 125.023 0.737 -28.072 125.174
3 0 0.737 -28.072 125.174 1.094 -25.093 122.430 0.426 -25.157 122.306
3 0 -0.140 -25.393 122.006 -0.491 -28.318 124.698 0.072 -28.109 125.023
3 0 0.072 -28.109 125.023 0.426 -25.157 122.306 -0.140 -25.393 122.006
3 0 -2.039 -27.273 119.853 -2.371 -30.081 122.431 -2.937 -29.783 122.669
3 0 -2.937 -29.783 122.669 -2.606 -26.989 120.105 -2.039 -27.273 119.853
3 0 -1.371 -27.393 119.784 -1.705 -30.223 122.385 -2.371 -30.081 122.431
3 0 -2.371 -30.081 122.431 -2.039 -27.273 119.853 -1.371 -27.393 119.784
3 0 -0.702 -27.330 119.908 -1.040 -30.186 122.535 -1.705 -30.223 122.385
3 0 -1.705 -30.223 122.385 -1.371 -27.393 119.784 -0.702 -27.330 119.908
3 0 -0.137 -27.093 120.208 -0.478 -29.977 122.861 -1.040 -30.186 122.535
3 0 -1.040 -30.186 122.535 -0.702 -27.330 119.908 -0.137 -27.093 120.208
3 0 -0.707 -25.109 122.259 -1.056 -28.020 124.935 -0.491 -28.318 124.698
3 0 -0.491 -28.318 124.698 -0.140 -25.393 122.006 -0.707 -25.109 122.259
3 0 -1.375 -24.989 122.327 -1.722 -27.878 124.982 -1.056 -28.020 124.935
3 0 -1.056 -28.020 124.935 -0.707 -25.109 122.259 -1.375 -24.989 122.327
3 0 -2.044 -25.052 122.203 -2.387 -27.915 124.832 -1.722 -27.878 124.982
3 0 -1.722 -27.878 124.982 -1.375 -24.989 122.327 -2.044 -25.052 122.203
3 0 -2.610 -25.289 121.903 -2.950 -28.124 124.506 -2.387 -27.915 124.832
3 0 -2.387 -27.915 124.832 -2.044 -25.052 122.203 -2.610 -25.289 121.903
3 0 -3.516 -27.826 124.744 -2.950 -28.124 124.506 -2.610 -25.289 121.903
3 0 -2.610 -25.289 121.903 -3.177 -25.005 122.156 -3.516 -27.826 124.744
3 0 -4.182 -27.684 124.791 -3.516 -27.826 124.744 -3.177 -25.005 122.156
3 0 -3.177 -25.005 122.156 -3.846 -24.885 122.224 -4.182 -27.684 124.791
3 0 -4.847 -27.721 124.640 -4.182 -27.684 124.791 -3.846 -24.885 122.224
3 0 -3.846 -24.885 122.224 -4.514 -24.948 122.100 -4.847 -27.721 124.640
3 0 -5.410 -27.930 124.314 -4.847 -27.721 124.640 -4.514 -24.948 122.100
3 0 -4.514 -24.948 122.100 -5.080 -25.185 121.800 -5.410 -27.930 124.314
3 0 -5.784 -28.281 123.864 -5.410 -27.930 124.314 -5.080 -25.185 121.800
3 0 -5.080 -25.185 121.800 -5.458 -25.559 121.372 -5.784 -28.281 123.864
3 0 -5.913 -28.719 123.356 -5.784 -28.281 123.864 -5.458 -25.559 121.372
3 0 -5.458 -25.559 121.372 -5.590 -26.013 120.880 -5.913 -28.719 123.356
3 0 -5.777 -29.179 122.870 -5.913 -28.719 123.356 -5.590 -26.013 120.880
3 0 -5.590 -26.013 120.880 -5.457 -26.479 120.399 -5.777 -29.179 122.870
3 0 -5.397 -29.589 122.478 -5.777 -29.179 122.870 -5.457 -26.479 120.399
3 0 -5.457 -26.479 120.399 -5.077 -26.885 120.002 -5.397 -29.589 122.478
3 0 -4.831 -29.887 122.240 -5.397 -29.589 122.478 -5.077 -26.885 120.002
3 0 -5.077 -26.885 120.002 -4.510 -27.169 119.750 -4.831 -29.887 122.240
3 0 -4.165 -30.029 122.193 -4.831 -29.887 122.240 -4.510 -27.169 119.750
3 0 -4.510 -27.169 119.750 -3.841 -27.289 119.681 -4.165 -30.029 122.193
3 0 -3.500 -29.992 122.344 -4.165 -30.029 122.193 -3.841 -27.289 119.681
3 0 -3.841 -27.289 119.681 -3.173 -27.226 119.805 -3.500 -29.992 122.344
3 0 -2.937 -29.783 122.669 -3.500 -29.992 122.344 -3.173 -27.226 119.805
3 0 -3.173 -27.226 119.805 -2.606 -26.989 120.105 -2.937 -29.783 122.669
3 0 2.013 -33.481 125.488 1.448 -33.171 125.713 1.981 -30.171 123.052
3 0 1.981 -30.171 123.052 2.548 -30.470 122.815 2.013 -33.481 125.488
3 0 2.676 -33.641 125.460 2.013 -33.481 125.488 2.548 -30.470 122.815
3 0 2.548 -30.470 122.815 3.214 -30.611 122.768 2.676 -33.641 125.460
3 0 3.337 -33.626 125.632 2.676 -33.641 125.460 3.214 -30.611 122.768
3 0 3.214 -30.611 122.768 3.879 -30.575 122.918 3.337 -33.626 125.632
3 0 3.894 -33.438 125.979 3.337 -33.626 125.632 3.879 -30.575 122.918
3 0 3.879 -30.575 122.918 4.441 -30.365 123.244 3.894 -33.438 125.979
3 0 4.263 -33.106 126.448 3.894 -33.438 125.979 4.441 -30.365 123.244
3 0 4.441 -30.365 123.244 4.815 -30.014 123.695 4.263 -33.106 126.448
3 0 4.388 -32.680 126.966 4.263 -33.106 126.448 4.815 -30.014 123.695
3 0 4.815 -30.014 123.695 4.944 -29.576 124.202 4.388 -32.680 126.966
3 0 4.250 -32.226 127.457 4.388 -32.680 126.966 4.944 -29.576 124.202
3 0 4.944 -29.576 124.202 4.809 -29.117 124.689 4.250 -32.226 127.457
3 0 3.869 -31.811 127.844 4.250 -32.226 127.457 4.809 -29.117 124.689
3 0 4.809 -29.117 124.689 4.429 -28.707 125.081 3.869 -31.811 127.844
3 0 3.304 -31.501 128.069 3.869 -31.811 127.844 4.429 -28.707 125.081
3 0 4.429 -28.707 125.081 3.863 -28.408 125.319 3.304 -31.501 128.069
3 0 2.641 -31.341 128.097 3.304 -31.501 128.069 3.863 -28.408 125.319
3 0 3.863 -28.408 125.319 3.197 -28.266 125.366 2.641 -31.341 128.097
3 0 1.980 -31.356 127.925 2.641 -31.341 128.097 3.197 -28.266 125.366
3 0 3.197 -28.266 125.366 2.532 -28.303 125.215 1.980 -31.356 127.925
3 0 1.423 -31.544 127.578 1.980 -31.356 127.925 2.532 -28.303 125.215
3 0 2.532 -28.303 125.215 1.969 -28.512 124.889 1.423 -31.544 127.578
3 0 0.088 -30.275 122.623 -0.433 -33.214 125.222 -0.998 -32.903 125.447
3 0 -0.998 -32.903 125.447 -0.478 -29.977 122.861 0.088 -30.275 122.623
3 0 0.754 -30.417 122.576 0.230 -33.374 125.194 -0.433 -33.214 125.222
3 0 -0.433 -33.214 125.222 0.088 -30.275 122.623 0.754 -30.417 122.576
3 0 1.419 -30.380 122.727 0.891 -33.359 125.366 0.230 -33.374 125.194
3 0 0.230 -33.374 125.194 0.754 -30.417 122.576 1.419 -30.380 122.727
3 0 1.981 -30.171 123.052 1.448 -33.171 125.713 0.891 -33.359 125.366
3 0 0.891 -33.359 125.366 1.419 -30.380 122.727 1.981 -30.171 123.052
3 0 1.403 -28.214 125.127 0.858 -31.233 127.803 1.423 -31.544 127.578
3 0 1.423 -31.544 127.578 1.969 -28.512 124.889 1.403 -28.214 125.127
3 0 0.737 -28.072 125.174 0.195 -31.073 127.831 0.858 -31.233 127.803
3 0 0.858 -31.233 127.803 1.403 -28.214 125.127 0.737 -28.072 125.174
3 0 0.072 -28.109 125.023 -0.466 -31.088 127.659 0.195 -31.073 127.831
3 0 0.195 -31.073 127.831 0.737 -28.072 125.174 0.072 -28.109 125.023
3 0 -0.491 -28.318 124.698 -1.023 -31.276 127.312 -0.466 -31.088 127.659
3 0 -0.466 -31.088 127.659 0.072 -28.109 125.023 -0.491 -28.318 124.698
3 0 -2.371 -30.081 122.431 -2.878 -32.947 124.956 -3.443 -32.636 125.181
3 0 -3.443 -32.636 125.181 -2.937 -29.783 122.669 -2.371 -30.081 122.431
3 0 -1.705 -30.223 122.385 -2.215 -33.107 124.928 -2.878 -32.947 124.956
3 0 -2.878 -32.947 124.956 -2.371 -30.081 122.431 -1.705 -30.223 122.385
3 0 -1.040 -30.186 122.535 -1.554 -33.091 125.100 -2.215 -33.107 124.928
3 0 -2.215 -33.107 124.928 -1.705 -30.223 122.385 -1.040 -30.186 122.535
3 0 -0.478 -29.977 122.861 -0.998 -32.903 125.447 -1.554 -33.091 125.100
3 0 -1.554 -33.091 125.100 -1.040 -30.186 122.535 -0.478 -29.977 122.861
3 0 -1.056 -28.020 124.935 -1.587 -30.966 127.537 -1.023 -31.276 127.312
3 0 -1.023 -31.276 127.312 -0.491 -28.318 124.698 -1.056 -28.020 124.935
3 0 -1.722 -27.878 124.982 -2.250 -30.806 127.565 -1.587 -30.966 127.537
3 0 -1.587 -30.966 127.537 -1.056 -28.020 124.935 -1.722 -27.878 124.982
3 0 -2.387 -27.915 124.832 -2.911 -30.821 127.393 -2.250 -30.806 127.565
3 0 -2.250 -30.806 127.565 -1.722 -27.878 124.982 -2.387 -27.915 124.832
3 0 -2.950 -28.124 124.506 -3.468 -31.009 127.046 -2.911 -30.821 127.393
3 0 -2.911 -30.821 127.393 -2.387 -27.915 124.832 -2.950 -28.124 124.506
3 0 -4.033 -30.698 127.270 -3.468 -31.009 127.046 -2.950 -28.124 124.506
3 0 -2.950 -28.124 124.506 -3.516 -27.826 124.744 -4.033 -30.698 127.270
3 0 -4.696 -30.539 127.299 -4.033 -30.698 127.270 -3.516 -27.826 124.744
3 0 -3.516 -27.826 124.744 -4.182 -27.684 124.791 -4.696 -30.539 127.299
3 0 -5.357 -30.554 127.126 -4.696 -30.539 127.299 -4.182 -27.684 124.791
3 0 -4.182 -27.684 124.791 -4.847 -27.721 124.640 -5.357 -30.554 127.126
3 0 -5.914 -30.742 126.780 -5.357 -30.554 127.126 -4.847 -27.721 124.640
3 0 -4.847 -27.721 124.640 -5.410 -27.930 124.314 -5.914 -30.742 126.780
3 0 -6.283 -31.074 126.311 -5.914 -30.742 126.780 -5.410 -27.930 124.314
3 0 -5.410 -27.930 124.314 -5.784 -28.281 123.864 -6.283 -31.074 126.311
3 0 -6.408 -31.500 125.792 -6.283 -31.074 126.311 -5.784 -28.281 123.864
3 0 -5.784 -28.281 123.864 -5.913 -28.719 123.356 -6.408 -31.500 125.792
3 0 -6.270 -31.954 125.302 -6.408 -31.500 125.792 -5.913 -28.719 123.356
3 0 -5.913 -28.719 123.356 -5.777 -29.179 122.870 -6.270 -31.954 125.302
3 0 -5.889 -32.369 124.915 -6.270 -31.954 125.302 -5.777 -29.179 122.870
3 0 -5.777 -29.179 122.870 -5.397 -29.589 122.478 -5.889 -32.369 124.915
3 0 -5.324 -32.679 124.690 -5.889 -32.369 124.915 -5.397 -29.589 122.478
3 0 -5.397 -29.589 122.478 -4.831 -29.887 122.240 -5.324 -32.679 124.690
3 0 -4.661 -32.839 124.662 -5.324 -32.679 124.690 -4.831 -29.887 122.240
3 0 -4.831 -29.887 122.240 -4.165 -30.029 122.193 -4.661 -32.839 124.662
3 0 -4.000 -32.824 124.834 -4.661 -32.839 124.662 -4.165 -30.029 122.193
3 0 -4.165 -30.029 122.193 -3.500 -29.992 122.344 -4.000 -32.824 124.834
3 0 -3.443 -32.636 125.181 -4.000 -32.824 124.834 -3.500 -29.992 122.344
3 0 -3.500 -29.992 122.344 -2.937 -29.783 122.669 -3.443 -32.636 125.181
3 0 1.324 -36.511 128.097 0.760 -36.190 128.309 1.448 -33.171 125.713
3 0 1.448 -33.171 125.713 2.013 -33.481 125.488 1.324 -36.511 128.097
3 0 1.984 -36.688 128.086 1.324 -36.511 128.097 2.013 -33.481 125.488
3 0 2.013 -33.481 125.488 2.676 -33.641 125.460 1.984 -36.688 128.086
3 0 2.639 -36.692 128.279 1.984 -36.688 128.086 2.676 -33.641 125.460
3 0 2.676 -33.641 125.460 3.337 -33.626 125.632 2.639 -36.692 128.279
3 0 3.190 -36.523 128.645 2.639 -36.692 128.279 3.337 -33.626 125.632
3 0 3.337 -33.626 125.632 3.894 -33.438 125.979 3.190 -36.523 128.645
3 0 3.553 -36.206 129.129 3.190 -36.523 128.645 3.894 -33.438 125.979
3 0 3.894 -33.438 125.979 4.263 -33.106 126.448 3.553 -36.206 129.129
3 0 3.672 -35.791 129.657 3.553 -36.206 129.129 4.263 -33.106 126.448
3 0 4.263 -33.106 126.448 4.388 -32.680 126.966 3.672 -35.791 129.657
3 0 3.530 -35.340 130.150 3.672 -35.791 129.657 4.388 -32.680 126.966
3 0 4.388 -32.680 126.966 4.250 -32.226 127.457 3.530 -35.340 130.150
3 0 3.149 -34.921 130.531 3.530 -35.340 130.150 4.250 -32.226 127.457
3 0 4.250 -32.226 127.457 3.869 -31.811 127.844 3.149 -34.921 130.531
3 0 2.585 -34.599 130.743 3.149 -34.921 130.531 3.869 -31.811 127.844
3 0 3.869 -31.811 127.844 3.304 -31.501 128.069 2.585 -34.599 130.743
3 0 1.926 -34.423 130.754 2.585 -34.599 130.743 3.304 -31.501 128.069
3 0 3.304 -31.501 128.069 2.641 -31.341 128.097 1.926 -34.423 130.754
3 0 1.270 -34.419 130.562 1.926 -34.423 130.754 2.641 -31.341 128.097
3 0 2.641 -31.341 128.097 1.980 -31.356 127.925 1.270 -34.419 130.562
3 0 0.720 -34.588 130.196 1.270 -34.419 130.562 1.980 -31.356 127.925
3 0 1.980 -31.356 127.925 1.423 -31.544 127.578 0.720 -34.588 130.196
3 0 -0.433 -33.214 125.222 -1.105 -36.178 127.761 -1.669 -35.856 127.974
3 0 -1.669 -35.856 127.974 -0.998 -32.903 125.447 -0.433 -33.214 125.222
3 0 0.230 -33.374 125.194 -0.446 -36.355 127.751 -1.105 -36.178 127.761
3 0 -1.105 -36.178 127.761 -0.433 -33.214 125.222 0.230 -33.374 125.194
3 0 0.891 -33.359 125.366 0.209 -36.359 127.943 -0.446 -36.355 127.751
3 0 -0.446 -36.355 127.751 0.230 -33.374 125.194 0.891 -33.359 125.366
3 0 1.448 -33.171 125.713 0.760 -36.190 128.309 0.209 -36.359 127.943
3 0 0.209 -36.359 127.943 0.891 -33.359 125.366 1.448 -33.171 125.713
3 0 0.858 -31.233 127.803 0.156 -34.266 130.408 0.720 -34.588 130.196
3 0 0.720 -34.588 130.196 1.423 -31.544 127.578 0.858 -31.233 127.803
3 0 0.195 -31.073 127.831 -0.504 -34.090 130.418 0.156 -34.266 130.408
3 0 0.156 -34.266 130.408 0.858 -31.233 127.803 0.195 -31.073 127.831
3 0 -0.466 -31.088 127.659 -1.159 -34.086 130.226 -0.504 -34.090 130.418
3 0 -0.504 -34.090 130.418 0.195 -31.073 127.831 -0.466 -31.088 127.659
3 0 -1.023 -31.276 127.312 -1.710 -34.255 129.860 -1.159 -34.086 130.226
3 0 -1.159 -34.086 130.226 -0.466 -31.088 127.659 -1.023 -31.276 127.312
3 0 -2.878 -32.947 124.956 -3.534 -35.845 127.426 -4.097 -35.523 127.638
3 0 -4.097 -35.523 127.638 -3.443 -32.636 125.181 -2.878 -32.947 124.956
3 0 -2.215 -33.107 124.928 -2.874 -36.021 127.415 -3.534 -35.845 127.426
3 0 -3.534 -35.845 127.426 -2.878 -32.947 124.956 -2.215 -33.107 124.928
3 0 -1.554 -33.091 125.100 -2.219 -36.025 127.607 -2.874 -36.021 127.415
3 0 -2.874 -36.021 127.415 -2.215 -33.107 124.928 -1.554 -33.091 125.100
3 0 -0.998 -32.903 125.447 -1.669 -35.856 127.974 -2.219 -36.025 127.607
3 0 -2.219 -36.025 127.607 -1.554 -33.091 125.100 -0.998 -32.903 125.447
3 0 -1.587 -30.966 127.537 -2.273 -33.933 130.072 -1.710 -34.255 129.860
3 0 -1.710 -34.255 129.860 -1.023 -31.276 127.312 -1.587 -30.966 127.537
3 0 -2.250 -30.806 127.565 -2.932 -33.757 130.083 -2.273 -33.933 130.072
3 0 -2.273 -33.933 130.072 -1.587 -30.966 127.537 -2.250 -30.806 127.565
3 0 -2.911 -30.821 127.393 -3.587 -33.753 129.890 -2.932 -33.757 130.083
3 0 -2.932 -33.757 130.083 -2.250 -30.806 127.565 -2.911 -30.821 127.393
3 0 -3.468 -31.009 127.046 -4.138 -33.922 129.524 -3.587 -33.753 129.890
3 0 -3.587 -33.753 129.890 -2.911 -30.821 127.393 -3.468 -31.009 127.046
3 0 -4.702 -33.600 129.736 -4.138 -33.922 129.524 -3.468 -31.009 127.046
3 0 -3.468 -31.009 127.046 -4.033 -30.698 127.270 -4.702 -33.600 129.736
3 0 -5.362 -33.423 129.747 -4.702 -33.600 129.736 -4.033 -30.698 127.270
3 0 -4.033 -30.698 127.270 -4.696 -30.539 127.299 -5.362 -33.423 129.747
3 0 -6.017 -33.419 129.555 -5.362 -33.423 129.747 -4.696 -30.539 127.299
3 0 -4.696 -30.539 127.299 -5.357 -30.554 127.126 -6.017 -33.419 129.555
3 0 -6.568 -33.588 129.189 -6.017 -33.419 129.555 -5.357 -30.554 127.126
3 0 -5.357 -30.554 127.126 -5.914 -30.742 126.780 -6.568 -33.588 129.189
3 0 -6.931 -33.905 128.704 -6.568 -33.588 129.189 -5.914 -30.742 126.780
3 0 -5.914 -30.742 126.780 -6.283 -31.074 126.311 -6.931 -33.905 128.704
3 0 -7.050 -34.320 128.176 -6.931 -33.905 128.704 -6.283 -31.074 126.311
3 0 -6.283 -31.074 126.311 -6.408 -31.500 125.792 -7.050 -34.320 128.176
3 0 -6.908 -34.771 127.684 -7.050 -34.320 128.176 -6.408 -31.500 125.792
3 0 -6.408 -31.500 125.792 -6.270 -31.954 125.302 -6.908 -34.771 127.684
3 0 -6.527 -35.190 127.302 -6.908 -34.771 127.684 -6.270 -31.954 125.302
3 0 -6.270 -31.954 125.302 -5.889 -32.369 124.915 -6.527 -35.190 127.302
3 0 -5.963 -35.512 127.090 -6.527 -35.190 127.302 -5.889 -32.369 124.915
3 0 -5.889 -32.369 124.915 -5.324 -32.679 124.690 -5.963 -35.512 127.090
3 0 -5.304 -35.688 127.079 -5.963 -35.512 127.090 -5.324 -32.679 124.690
3 0 -5.324 -32.679 124.690 -4.661 -32.839 124.662 -5.304 -35.688 127.079
3 0 -4.648 -35.692 127.272 -5.304 -35.688 127.079 -4.661 -32.839 124.662
3 0 -4.661 -32.839 124.662 -4.000 -32.824 124.834 -4.648 -35.692 127.272
3 0 -4.097 -35.523 127.638 -4.648 -35.692 127.272 -4.000 -32.824 124.834
3 0 -4.000 -32.824 124.834 -3.443 -32.636 125.181 -4.097 -35.523 127.638
3 0 0.484 -39.549 130.643 -0.078 -39.217 130.842 0.760 -36.190 128.309
3 0 0.760 -36.190 128.309 1.324 -36.511 128.097 0.484 -39.549 130.643
3 0 1.140 -39.740 130.649 0.484 -39.549 130.643 1.324 -36.511 128.097
3 0 1.324 -36.511 128.097 1.984 -36.688 128.086 1.140 -39.740 130.649
3 0 1.789 -39.760 130.859 1.140 -39.740 130.649 1.984 -36.688 128.086
3 0 1.984 -36.688 128.086 2.639 -36.692 128.279 1.789 -39.760 130.859
3 0 2.333 -39.607 131.242 1.789 -39.760 130.859 2.639 -36.692 128.279
3 0 2.639 -36.692 128.279 3.190 -36.523 128.645 2.333 -39.607 131.242
3 0 2.689 -39.304 131.740 2.333 -39.607 131.242 3.190 -36.523 128.645
3 0 3.190 -36.523 128.645 3.553 -36.206 129.129 2.689 -39.304 131.740
3 0 2.803 -38.897 132.276 2.689 -39.304 131.740 3.553 -36.206 129.129
3 0 3.553 -36.206 129.129 3.672 -35.791 129.657 2.803 -38.897 132.276
3 0 2.657 -38.447 132.769 2.803 -38.897 132.276 3.672 -35.791 129.657
3 0 3.672 -35.791 129.657 3.530 -35.340 130.150 2.657 -38.447 132.769
3 0 2.274 -38.024 133.144 2.657 -38.447 132.769 3.530 -35.340 130.150
3 0 3.530 -35.340 130.150 3.149 -34.921 130.531 2.274 -38.024 133.144
3 0 1.712 -37.692 133.344 2.274 -38.024 133.144 3.149 -34.921 130.531
3 0 3.149 -34.921 130.531 2.585 -34.599 130.743 1.712 -37.692 133.344
3 0 1.056 -37.501 133.338 1.712 -37.692 133.344 2.585 -34.599 130.743
3 0 2.585 -34.599 130.743 1.926 -34.423 130.754 1.056 -37.501 133.338
3 0 0.407 -37.481 133.127 1.056 -37.501 133.338 1.926 -34.423 130.754
3 0 1.926 -34.423 130.754 1.270 -34.419 130.562 0.407 -37.481 133.127
3 0 -0.137 -37.634 132.744 0.407 -37.481 133.127 1.270 -34.419 130.562
3 0 1.270 -34.419 130.562 0.720 -34.588 130.196 -0.137 -37.634 132.744
3 0 -1.105 -36.178 127.761 -1.927 -39.158 130.243 -2.489 -38.826 130.442
3 0 -2.489 -38.826 130.442 -1.669 -35.856 127.974 -1.105 -36.178 127.761
3 0 -0.446 -36.355 127.751 -1.271 -39.349 130.249 -1.927 -39.158 130.243
3 0 -1.927 -39.158 130.243 -1.105 -36.178 127.761 -0.446 -36.355 127.751
3 0 0.209 -36.359 127.943 -0.622 -39.370 130.459 -1.271 -39.349 130.249
3 0 -1.271 -39.349 130.249 -0.446 -36.355 127.751 0.209 -36.359 127.943
3 0 0.760 -36.190 128.309 -0.078 -39.217 130.842 -0.622 -39.370 130.459
3 0 -0.622 -39.370 130.459 0.209 -36.359 127.943 0.760 -36.190 128.309
3 0 0.156 -34.266 130.408 -0.699 -37.302 132.944 -0.137 -37.634 132.744
3 0 -0.137 -37.634 132.744 0.720 -34.588 130.196 0.156 -34.266 130.408
3 0 -0.504 -34.090 130.418 -1.355 -37.111 132.938 -0.699 -37.302 132.944
3 0 -0.699 -37.302 132.944 0.156 -34.266 130.408 -0.504 -34.090 130.418
3 0 -1.159 -34.086 130.226 -2.004 -37.090 132.727 -1.355 -37.111 132.938
3 0 -1.355 -37.111 132.938 -0.504 -34.090 130.418 -1.159 -34.086 130.226
3 0 -1.710 -34.255 129.860 -2.548 -37.243 132.344 -2.004 -37.090 132.727
3 0 -2.004 -37.090 132.727 -1.159 -34.086 130.226 -1.710 -34.255 129.860
3 0 -3.534 -35.845 127.426 -4.337 -38.768 129.843 -4.899 -38.436 130.043
3 0 -4.899 -38.436 130.043 -4.097 -35.523 127.638 -3.534 -35.845 127.426
3 0 -2.874 -36.021 127.415 -3.681 -38.959 129.849 -4.337 -38.768 129.843
3 0 -4.337 -38.768 129.843 -3.534 -35.845 127.426 -2.874 -36.021 127.415
3 0 -2.219 -36.025 127.607 -3.032 -38.979 130.059 -3.681 -38.959 129.849
3 0 -3.681 -38.959 129.849 -2.874 -36.021 127.415 -2.219 -36.025 127.607
3 0 -1.669 -35.856 127.974 -2.489 -38.826 130.442 -3.032 -38.979 130.059
3 0 -3.032 -38.979 130.059 -2.219 -36.025 127.607 -1.669 -35.856 127.974
3 0 -2.273 -33.933 130.072 -3.109 -36.911 132.544 -2.548 -37.243 132.344
3 0 -2.548 -37.243 132.344 -1.710 -34.255 129.860 -2.273 -33.933 130.072
3 0 -2.932 -33.757 130.083 -3.765 -36.720 132.538 -3.109 -36.911 132.544
3 0 -3.109 -36.911 132.544 -2.273 -33.933 130.072 -2.932 -33.757 130.083
3 0 -3.587 -33.753 129.890 -4.414 -36.700 132.328 -3.765 -36.720 132.538
3 0 -3.765 -36.720 132.538 -2.932 -33.757 130.083 -3.587 -33.753 129.890
3 0 -4.138 -33.922 129.524 -4.958 -36.853 131.944 -4.414 -36.700 132.328
3 0 -4.414 -36.700 132.328 -3.587 -33.753 129.890 -4.138 -33.922 129.524
3 0 -5.520 -36.520 132.144 -4.958 -36.853 131.944 -4.138 -33.922 129.524
3 0 -4.138 -33.922 129.524 -4.702 -33.600 129.736 -5.520 -36.520 132.144
3 0 -6.176 -36.330 132.138 -5.520 -36.520 132.144 -4.702 -33.600 129.736
3 0 -4.702 -33.600 129.736 -5.362 -33.423 129.747 -6.176 -36.330 132.138
3 0 -6.825 -36.309 131.928 -6.176 -36.330 132.138 -5.362 -33.423 129.747
3 0 -5.362 -33.423 129.747 -6.017 -33.419 129.555 -6.825 -36.309 131.928
3 0 -7.369 -36.462 131.544 -6.825 -36.309 131.928 -6.017 -33.419 129.555
3 0 -6.017 -33.419 129.555 -6.568 -33.588 129.189 -7.369 -36.462 131.544
3 0 -7.725 -36.765 131.047 -7.369 -36.462 131.544 -6.568 -33.588 129.189
3 0 -6.568 -33.588 129.189 -6.931 -33.905 128.704 -7.725 -36.765 131.047
3 0 -7.839 -37.173 130.511 -7.725 -36.765 131.047 -6.931 -33.905 128.704
3 0 -6.931 -33.905 128.704 -7.050 -34.320 128.176 -7.839 -37.173 130.511
3 0 -7.693 -37.622 130.018 -7.839 -37.173 130.511 -7.050 -34.320 128.176
3 0 -7.050 -34.320 128.176 -6.908 -34.771 127.684 -7.693 -37.622 130.018
3 0 -7.310 -38.045 129.643 -7.693 -37.622 130.018 -6.908 -34.771 127.684
3 0 -6.908 -34.771 127.684 -6.527 -35.190 127.302 -7.310 -38.045 129.643
3 0 -6.748 -38.377 129.443 -7.310 -38.045 129.643 -6.527 -35.190 127.302
3 0 -6.527 -35.190 127.302 -5.963 -35.512 127.090 -6.748 -38.377 129.443
3 0 -6.092 -38.568 129.449 -6.748 -38.377 129.443 -5.963 -35.512 127.090
3 0 -5.963 -35.512 127.090 -5.304 -35.688 127.079 -6.092 -38.568 129.449
3 0 -5.443 -38.589 129.659 -6.092 -38.568 129.449 -5.304 -35.688 127.079
3 0 -5.304 -35.688 127.079 -4.648 -35.692 127.272 -5.443 -38.589 129.659
3 0 -4.899 -38.436 130.043 -5.443 -38.589 129.659 -4.648 -35.692 127.272
3 0 -4.648 -35.692 127.272 -4.097 -35.523 127.638 -4.899 -38.436 130.043
3 0 -0.476 -42.580 133.136 -1.037 -42.238 133.324 -0.078 -39.217 130.842
3 0 -0.078 -39.217 130.842 0.484 -39.549 130.643 -0.476 -42.580 133.136
3 0 0.176 -42.782 133.157 -0.476 -42.580 133.136 0.484 -39.549 130.643
3 0 0.484 -39.549 130.643 1.140 -39.740 130.649 0.176 -42.782 133.157
3 0 0.819 -42.816 133.383 0.176 -42.782 133.157 1.140 -39.740 130.649
3 0 1.140 -39.740 130.649 1.789 -39.760 130.859 0.819 -42.816 133.383
3 0 1.356 -42.675 133.781 0.819 -42.816 133.383 1.789 -39.760 130.859
3 0 1.789 -39.760 130.859 2.333 -39.607 131.242 1.356 -42.675 133.781
3 0 1.705 -42.381 134.289 1.356 -42.675 133.781 2.333 -39.607 131.242
3 0 2.333 -39.607 131.242 2.689 -39.304 131.740 1.705 -42.381 134.289
3 0 1.813 -41.979 134.830 1.705 -42.381 134.289 2.689 -39.304 131.740
3 0 2.689 -39.304 131.740 2.803 -38.897 132.276 1.813 -41.979 134.830
3 0 1.663 -41.531 135.322 1.813 -41.979 134.830 2.803 -38.897 132.276
3 0 2.803 -38.897 132.276 2.657 -38.447 132.769 1.663 -41.531 135.322
3 0 1.278 -41.103 135.691 1.663 -41.531 135.322 2.657 -38.447 132.769
3 0 2.657 -38.447 132.769 2.274 -38.024 133.144 1.278 -41.103 135.691
3 0 0.717 -40.762 135.879 1.278 -41.103 135.691 2.274 -38.024 133.144
3 0 2.274 -38.024 133.144 1.712 -37.692 133.344 0.717 -40.762 135.879
3 0 0.066 -40.559 135.858 0.717 -40.762 135.879 1.712 -37.692 133.344
3 0 1.712 -37.692 133.344 1.056 -37.501 133.338 0.066 -40.559 135.858
3 0 -0.578 -40.526 135.632 0.066 -40.559 135.858 1.056 -37.501 133.338
3 0 1.056 -37.501 133.338 0.407 -37.481 133.127 -0.578 -40.526 135.632
3 0 -1.115 -40.667 135.234 -0.578 -40.526 135.632 0.407 -37.481 133.127
3 0 0.407 -37.481 133.127 -0.137 -37.634 132.744 -1.115 -40.667 135.234
3 0 -1.927 -39.158 130.243 -2.869 -42.143 132.680 -3.430 -41.802 132.868
3 0 -3.430 -41.802 132.868 -2.489 -38.826 130.442 -1.927 -39.158 130.243
3 0 -1.271 -39.349 130.249 -2.217 -42.346 132.700 -2.869 -42.143 132.680
3 0 -2.869 -42.143 132.680 -1.927 -39.158 130.243 -1.271 -39.349 130.249
3 0 -0.622 -39.370 130.459 -1.574 -42.379 132.927 -2.217 -42.346 132.700
3 0 -2.217 -42.346 132.700 -1.271 -39.349 130.249 -0.622 -39.370 130.459
3 0 -0.078 -39.217 130.842 -1.037 -42.238 133.324 -1.574 -42.379 132.927
3 0 -1.574 -42.379 132.927 -0.622 -39.370 130.459 -0.078 -39.217 130.842
3 0 -0.699 -37.302 132.944 -1.676 -40.326 135.422 -1.115 -40.667 135.234
3 0 -1.115 -40.667 135.234 -0.137 -37.634 132.744 -0.699 -37.302 132.944
3 0 -1.355 -37.111 132.938 -2.327 -40.123 135.402 -1.676 -40.326 135.422
3 0 -1.676 -40.326 135.422 -0.699 -37.302 132.944 -1.355 -37.111 132.938
3 0 -2.004 -37.090 132.727 -2.971 -40.090 135.175 -2.327 -40.123 135.402
3 0 -2.327 -40.123 135.402 -1.355 -37.111 132.938 -2.004 -37.090 132.727
3 0 -2.548 -37.243 132.344 -3.508 -40.230 134.778 -2.971 -40.090 135.175
3 0 -2.971 -40.090 135.175 -2.004 -37.090 132.727 -2.548 -37.243 132.344
3 0 -4.337 -38.768 129.843 -5.261 -41.707 132.223 -5.822 -41.366 132.411
3 0 -5.822 -41.366 132.411 -4.899 -38.436 130.043 -4.337 -38.768 129.843
3 0 -3.681 -38.959 129.849 -4.610 -41.909 132.244 -5.261 -41.707 132.223
3 0 -5.261 -41.707 132.223 -4.337 -38.768 129.843 -3.681 -38.959 129.849
3 0 -3.032 -38.979 130.059 -3.966 -41.943 132.470 -4.610 -41.909 132.244
3 0 -4.610 -41.909 132.244 -3.681 -38.959 129.849 -3.032 -38.979 130.059
3 0 -2.489 -38.826 130.442 -3.430 -41.802 132.868 -3.966 -41.943 132.470
3 0 -3.966 -41.943 132.470 -3.032 -38.979 130.059 -2.489 -38.826 130.442
3 0 -3.109 -36.911 132.544 -4.068 -39.889 134.966 -3.508 -40.230 134.778
3 0 -3.508 -40.230 134.778 -2.548 -37.243 132.344 -3.109 -36.911 132.544
3 0 -3.765 -36.720 132.538 -4.719 -39.687 134.945 -4.068 -39.889 134.966
3 0 -4.068 -39.889 134.966 -3.109 -36.911 132.544 -3.765 -36.720 132.538
3 0 -4.414 -36.700 132.328 -5.363 -39.653 134.719 -4.719 -39.687 134.945
3 0 -4.719 -39.687 134.945 -3.765 -36.720 132.538 -4.414 -36.700 132.328
3 0 -4.958 -36.853 131.944 -5.900 -39.794 134.322 -5.363 -39.653 134.719
3 0 -5.363 -39.653 134.719 -4.414 -36.700 132.328 -4.958 -36.853 131.944
3 0 -6.461 -39.453 134.510 -5.900 -39.794 134.322 -4.958 -36.853 131.944
3 0 -4.958 -36.853 131.944 -5.520 -36.520 132.144 -6.461 -39.453 134.510
3 0 -7.113 -39.250 134.489 -6.461 -39.453 134.510 -5.520 -36.520 132.144
3 0 -5.520 -36.520 132.144 -6.176 -36.330 132.138 -7.113 -39.250 134.489
3 0 -7.756 -39.217 134.263 -7.113 -39.250 134.489 -6.176 -36.330 132.138
3 0 -6.176 -36.330 132.138 -6.825 -36.309 131.928 -7.756 -39.217 134.263
3 0 -8.293 -39.358 133.865 -7.756 -39.217 134.263 -6.825 -36.309 131.928
3 0 -6.825 -36.309 131.928 -7.369 -36.462 131.544 -8.293 -39.358 133.865
3 0 -8.642 -39.651 133.357 -8.293 -39.358 133.865 -7.369 -36.462 131.544
3 0 -7.369 -36.462 131.544 -7.725 -36.765 131.047 -8.642 -39.651 133.357
3 0 -8.750 -40.053 132.816 -8.642 -39.651 133.357 -7.725 -36.765 131.047
3 0 -7.725 -36.765 131.047 -7.839 -37.173 130.511 -8.750 -40.053 132.816
3 0 -8.600 -40.502 132.323 -8.750 -40.053 132.816 -7.839 -37.173 130.511
3 0 -7.839 -37.173 130.511 -7.693 -37.622 130.018 -8.600 -40.502 132.323
3 0 -8.215 -40.929 131.955 -8.600 -40.502 132.323 -7.693 -37.622 130.018
3 0 -7.693 -37.622 130.018 -7.310 -38.045 129.643 -8.215 -40.929 131.955
3 0 -7.654 -41.270 131.767 -8.215 -40.929 131.955 -7.310 -38.045 129.643
3 0 -7.310 -38.045 129.643 -6.748 -38.377 129.443 -7.654 -41.270 131.767
3 0 -7.003 -41.473 131.788 -7.654 -41.270 131.767 -6.748 -38.377 129.443
3 0 -6.748 -38.377 129.443 -6.092 -38.568 129.449 -7.003 -41.473 131.788
3 0 -6.359 -41.507 132.014 -7.003 -41.473 131.788 -6.092 -38.568 129.449
3 0 -6.092 -38.568 129.449 -5.443 -38.589 129.659 -6.359 -41.507 132.014
3 0 -5.822 -41.366 132.411 -6.359 -41.507 132.014 -5.443 -38.589 129.659
3 0 -5.443 -38.589 129.659 -4.899 -38.436 130.043 -5.822 -41.366 132.411
3 0 -1.542 -45.601 135.591 -2.101 -45.252 135.767 -1.037 -42.238 133.324
3 0 -1.037 -42.238 133.324 -0.476 -42.580 133.136 -1.542 -45.601 135.591
3 0 -0.894 -45.814 135.626 -1.542 -45.601 135.591 -0.476 -42.580 133.136
3 0 -0.476 -42.580 133.136 0.176 -42.782 133.157 -0.894 -45.814 135.626
3 0 -0.257 -45.858 135.867 -0.894 -45.814 135.626 0.176 -42.782 133.157
3 0 0.176 -42.782 133.157 0.819 -42.816 133.383 -0.257 -45.858 135.867
3 0 0.273 -45.727 136.277 -0.257 -45.858 135.867 0.819 -42.816 133.383
3 0 0.819 -42.816 133.383 1.356 -42.675 133.781 0.273 -45.727 136.277
3 0 0.615 -45.441 136.794 0.273 -45.727 136.277 1.356 -42.675 133.781
3 0 1.356 -42.675 133.781 1.705 -42.381 134.289 0.615 -45.441 136.794
3 0 0.716 -45.042 137.340 0.615 -45.441 136.794 1.705 -42.381 134.289
3 0 1.705 -42.381 134.289 1.813 -41.979 134.830 0.716 -45.042 137.340
3 0 0.562 -44.593 137.830 0.716 -45.042 137.340 1.813 -41.979 134.830
3 0 1.813 -41.979 134.830 1.663 -41.531 135.322 0.562 -44.593 137.830
3 0 0.176 -44.161 138.191 0.562 -44.593 137.830 1.663 -41.531 135.322
3 0 1.663 -41.531 135.322 1.278 -41.103 135.691 0.176 -44.161 138.191
3 0 -0.383 -43.812 138.367 0.176 -44.161 138.191 1.278 -41.103 135.691
3 0 1.278 -41.103 135.691 0.717 -40.762 135.879 -0.383 -43.812 138.367
3 0 -1.031 -43.599 138.332 -0.383 -43.812 138.367 0.717 -40.762 135.879
3 0 0.717 -40.762 135.879 0.066 -40.559 135.858 -1.031 -43.599 138.332
3 0 -1.669 -43.554 138.091 -1.031 -43.599 138.332 0.066 -40.559 135.858
3 0 0.066 -40.559 135.858 -0.578 -40.526 135.632 -1.669 -43.554 138.091
3 0 -2.198 -43.685 137.681 -1.669 -43.554 138.091 -0.578 -40.526 135.632
3 0 -0.578 -40.526 135.632 -1.115 -40.667 135.234 -2.198 -43.685 137.681
3 0 -2.869 -42.143 132.680 -3.916 -45.126 135.081 -4.476 -44.776 135.258
3 0 -4.476 -44.776 135.258 -3.430 -41.802 132.868 -2.869 -42.143 132.680
3 0 -2.217 -42.346 132.700 -3.269 -45.338 135.116 -3.916 -45.126 135.081
3 0 -3.916 -45.126 135.081 -2.869 -42.143 132.680 -2.217 -42.346 132.700
3 0 -1.574 -42.379 132.927 -2.631 -45.383 135.357 -3.269 -45.338 135.116
3 0 -3.269 -45.338 135.116 -2.217 -42.346 132.700 -1.574 -42.379 132.927
3 0 -1.037 -42.238 133.324 -2.101 -45.252 135.767 -2.631 -45.383 135.357
3 0 -2.631 -45.383 135.357 -1.574 -42.379 132.927 -1.037 -42.238 133.324
3 0 -1.676 -40.326 135.422 -2.758 -43.336 137.857 -2.198 -43.685 137.681
3 0 -2.198 -43.685 137.681 -1.115 -40.667 135.234 -1.676 -40.326 135.422
3 0 -2.327 -40.123 135.402 -3.406 -43.123 137.822 -2.758 -43.336 137.857
3 0 -2.758 -43.336 137.857 -1.676 -40.326 135.422 -2.327 -40.123 135.402
3 0 -2.971 -40.090 135.175 -4.043 -43.079 137.581 -3.406 -43.123 137.822
3 0 -3.406 -43.123 137.822 -2.327 -40.123 135.402 -2.971 -40.090 135.175
3 0 -3.508 -40.230 134.778 -4.573 -43.210 137.171 -4.043 -43.079 137.581
3 0 -4.043 -43.079 137.581 -2.971 -40.090 135.175 -3.508 -40.230 134.778
3 0 -5.261 -41.707 132.223 -6.290 -44.650 134.571 -6.850 -44.301 134.748
3 0 -6.850 -44.301 134.748 -5.822 -41.366 132.411 -5.261 -41.707 132.223
3 0 -4.610 -41.909 132.244 -5.642 -44.863 134.607 -6.290 -44.650 134.571
3 0 -6.290 -44.650 134.571 -5.261 -41.707 132.223 -4.610 -41.909 132.244
3 0 -3.966 -41.943 132.470 -5.005 -44.908 134.847 -5.642 -44.863 134.607
3 0 -5.642 -44.863 134.607 -4.610 -41.909 132.244 -3.966 -41.943 132.470
3 0 -3.430 -41.802 132.868 -4.476 -44.776 135.258 -5.005 -44.908 134.847
3 0 -5.005 -44.908 134.847 -3.966 -41.943 132.470 -3.430 -41.802 132.868
3 0 -4.068 -39.889 134.966 -5.132 -42.861 137.347 -4.573 -43.210 137.171
3 0 -4.573 -43.210 137.171 -3.508 -40.230 134.778 -4.068 -39.889 134.966
3 0 -4.719 -39.687 134.945 -5.780 -42.648 137.312 -5.132 -42.861 137.347
3 0 -5.132 -42.861 137.347 -4.068 -39.889 134.966 -4.719 -39.687 134.945
3 0 -5.363 -39.653 134.719 -6.417 -42.603 137.072 -5.780 -42.648 137.312
3 0 -5.780 -42.648 137.312 -4.719 -39.687 134.945 -5.363 -39.653 134.719
3 0 -5.900 -39.794 134.322 -6.947 -42.734 136.661 -6.417 -42.603 137.072
3 0 -6.417 -42.603 137.072 -5.363 -39.653 134.719 -5.900 -39.794 134.322
3 0 -7.507 -42.385 136.838 -6.947 -42.734 136.661 -5.900 -39.794 134.322
3 0 -5.900 -39.794 134.322 -6.461 -39.453 134.510 -7.507 -42.385 136.838
3 0 -8.155 -42.172 136.803 -7.507 -42.385 136.838 -6.461 -39.453 134.510
3 0 -6.461 -39.453 134.510 -7.113 -39.250 134.489 -8.155 -42.172 136.803
3 0 -8.792 -42.128 136.562 -8.155 -42.172 136.803 -7.113 -39.250 134.489
3 0 -7.113 -39.250 134.489 -7.756 -39.217 134.263 -8.792 -42.128 136.562
3 0 -9.322 -42.259 136.151 -8.792 -42.128 136.562 -7.756 -39.217 134.263
3 0 -7.756 -39.217 134.263 -8.293 -39.358 133.865 -9.322 -42.259 136.151
3 0 -9.663 -42.545 135.634 -9.322 -42.259 136.151 -8.293 -39.358 133.865
3 0 -8.293 -39.358 133.865 -8.642 -39.651 133.357 -9.663 -42.545 135.634
3 0 -9.765 -42.944 135.089 -9.663 -42.545 135.634 -8.642 -39.651 133.357
3 0 -8.642 -39.651 133.357 -8.750 -40.053 132.816 -9.765 -42.944 135.089
3 0 -9.611 -43.393 134.599 -9.765 -42.944 135.089 -8.750 -40.053 132.816
3 0 -8.750 -40.053 132.816 -8.600 -40.502 132.323 -9.611 -43.393 134.599
3 0 -9.225 -43.825 134.238 -9.611 -43.393 134.599 -8.600 -40.502 132.323
3 0 -8.600 -40.502 132.323 -8.215 -40.929 131.955 -9.225 -43.825 134.238
3 0 -8.665 -44.175 134.062 -9.225 -43.825 134.238 -8.215 -40.929 131.955
3 0 -8.215 -40.929 131.955 -7.654 -41.270 131.767 -8.665 -44.175 134.062
3 0 -8.017 -44.388 134.097 -8.665 -44.175 134.062 -7.654 -41.270 131.767
3 0 -7.654 -41.270 131.767 -7.003 -41.473 131.788 -8.017 -44.388 134.097
3 0 -7.380 -44.432 134.338 -8.017 -44.388 134.097 -7.003 -41.473 131.788
3 0 -7.003 -41.473 131.788 -6.359 -41.507 132.014 -7.380 -44.432 134.338
3 0 -6.850 -44.301 134.748 -7.380 -44.432 134.338 -6.359 -41.507 132.014
3 0 -6.359 -41.507 132.014 -5.822 -41.366 132.411 -6.850 -44.301 134.748
3 0 -2.705 -48.605 138.014 -3.264 -48.249 138.179 -2.101 -45.252 135.767
3 0 -2.101 -45.252 135.767 -1.542 -45.601 135.591 -2.705 -48.605 138.014
3 0 -2.061 -48.827 138.063 -2.705 -48.605 138.014 -1.542 -45.601 135.591
3 0 -1.542 -45.601 135.591 -0.894 -45.814 135.626 -2.061 -48.827 138.063
3 0 -1.430 -48.880 138.317 -2.061 -48.827 138.063 -0.894 -45.814 135.626
3 0 -0.894 -45.814 135.626 -0.257 -45.858 135.867 -1.430 -48.880 138.317
3 0 -0.907 -48.756 138.738 -1.430 -48.880 138.317 -0.257 -45.858 135.867
3 0 -0.257 -45.858 135.867 0.273 -45.727 136.277 -0.907 -48.756 138.738
3 0 -0.573 -48.474 139.263 -0.907 -48.756 138.738 0.273 -45.727 136.277
3 0 0.273 -45.727 136.277 0.615 -45.441 136.794 -0.573 -48.474 139.263
3 0 -0.477 -48.077 139.810 -0.573 -48.474 139.263 0.615 -45.441 136.794
3 0 0.615 -45.441 136.794 0.716 -45.042 137.340 -0.477 -48.077 139.810
3 0 -0.636 -47.626 140.297 -0.477 -48.077 139.810 0.716 -45.042 137.340
3 0 0.716 -45.042 137.340 0.562 -44.593 137.830 -0.636 -47.626 140.297
3 0 -1.024 -47.189 140.650 -0.636 -47.626 140.297 0.562 -44.593 137.830
3 0 0.562 -44.593 137.830 0.176 -44.161 138.191 -1.024 -47.189 140.650
3 0 -1.582 -46.832 140.815 -1.024 -47.189 140.650 0.176 -44.161 138.191
3 0 0.176 -44.161 138.191 -0.383 -43.812 138.367 -1.582 -46.832 140.815
3 0 -2.226 -46.611 140.766 -1.582 -46.832 140.815 -0.383 -43.812 138.367
3 0 -0.383 -43.812 138.367 -1.031 -43.599 138.332 -2.226 -46.611 140.766
3 0 -2.858 -46.558 140.512 -2.226 -46.611 140.766 -1.031 -43.599 138.332
3 0 -1.031 -43.599 138.332 -1.669 -43.554 138.091 -2.858 -46.558 140.512
3 0 -3.380 -46.682 140.090 -2.858 -46.558 140.512 -1.669 -43.554 138.091
3 0 -1.669 -43.554 138.091 -2.198 -43.685 137.681 -3.380 -46.682 140.090
3 0 -3.916 -45.126 135.081 -5.062 -48.098 137.454 -5.621 -47.742 137.619
3 0 -5.621 -47.742 137.619 -4.476 -44.776 135.258 -3.916 -45.126 135.081
3 0 -3.269 -45.338 135.116 -4.418 -48.320 137.503 -5.062 -48.098 137.454
3 0 -5.062 -48.098 137.454 -3.916 -45.126 135.081 -3.269 -45.338 135.116
3 0 -2.631 -45.383 135.357 -3.787 -48.373 137.757 -4.418 -48.320 137.503
3 0 -4.418 -48.320 137.503 -3.269 -45.338 135.116 -2.631 -45.383 135.357
3 0 -2.101 -45.252 135.767 -3.264 -48.249 138.179 -3.787 -48.373 137.757
3 0 -3.787 -48.373 137.757 -2.631 -45.383 135.357 -2.101 -45.252 135.767
3 0 -2.758 -43.336 137.857 -3.939 -46.325 140.255 -3.380 -46.682 140.090
3 0 -3.380 -46.682 140.090 -2.198 -43.685 137.681 -2.758 -43.336 137.857
3 0 -3.406 -43.123 137.822 -4.583 -46.103 140.206 -3.939 -46.325 140.255
3 0 -3.939 -46.325 140.255 -2.758 -43.336 137.857 -3.406 -43.123 137.822
3 0 -4.043 -43.079 137.581 -5.215 -46.050 139.952 -4.583 -46.103 140.206
3 0 -4.583 -46.103 140.206 -3.406 -43.123 137.822 -4.043 -43.079 137.581
3 0 -4.573 -43.210 137.171 -5.737 -46.174 139.531 -5.215 -46.050 139.952
3 0 -5.215 -46.050 139.952 -4.043 -43.079 137.581 -4.573 -43.210 137.171
3 0 -6.290 -44.650 134.571 -7.418 -47.591 136.895 -7.977 -47.234 137.060
3 0 -7.977 -47.234 137.060 -6.850 -44.301 134.748 -6.290 -44.650 134.571
3 0 -5.642 -44.863 134.607 -6.774 -47.813 136.944 -7.418 -47.591 136.895
3 0 -7.418 -47.591 136.895 -6.290 -44.650 134.571 -5.642 -44.863 134.607
3 0 -5.005 -44.908 134.847 -6.143 -47.866 137.198 -6.774 -47.813 136.944
3 0 -6.774 -47.813 136.944 -5.642 -44.863 134.607 -5.005 -44.908 134.847
3 0 -4.476 -44.776 135.258 -5.621 -47.742 137.619 -6.143 -47.866 137.198
3 0 -6.143 -47.866 137.198 -5.005 -44.908 134.847 -4.476 -44.776 135.258
3 0 -5.132 -42.861 137.347 -6.295 -45.818 139.696 -5.737 -46.174 139.531
3 0 -5.737 -46.174 139.531 -4.573 -43.210 137.171 -5.132 -42.861 137.347
3 0 -5.780 -42.648 137.312 -6.939 -45.596 139.647 -6.295 -45.818 139.696
3 0 -6.295 -45.818 139.696 -5.132 -42.861 137.347 -5.780 -42.648 137.312
3 0 -6.417 -42.603 137.072 -7.570 -45.543 139.393 -6.939 -45.596 139.647
3 0 -6.939 -45.596 139.647 -5.780 -42.648 137.312 -6.417 -42.603 137.072
3 0 -6.947 -42.734 136.661 -8.093 -45.667 138.971 -7.570 -45.543 139.393
3 0 -7.570 -45.543 139.393 -6.417 -42.603 137.072 -6.947 -42.734 136.661
3 0 -8.652 -45.310 139.136 -8.093 -45.667 138.971 -6.947 -42.734 136.661
3 0 -6.947 -42.734 136.661 -7.507 -42.385 136.838 -8.652 -45.310 139.136
3 0 -9.296 -45.089 139.087 -8.652 -45.310 139.136 -7.507 -42.385 136.838
3 0 -7.507 -42.385 136.838 -8.155 -42.172 136.803 -9.296 -45.089 139.087
3 0 -9.927 -45.036 138.833 -9.296 -45.089 139.087 -8.155 -42.172 136.803
3 0 -8.155 -42.172 136.803 -8.792 -42.128 136.562 -9.927 -45.036 138.833
3 0 -10.450 -45.160 138.412 -9.927 -45.036 138.833 -8.792 -42.128 136.562
3 0 -8.792 -42.128 136.562 -9.322 -42.259 136.151 -10.450 -45.160 138.412
3 0 -10.785 -45.442 137.887 -10.450 -45.160 138.412 -9.322 -42.259 136.151
3 0 -9.322 -42.259 136.151 -9.663 -42.545 135.634 -10.785 -45.442 137.887
3 0 -10.880 -45.838 137.340 -10.785 -45.442 137.887 -9.663 -42.545 135.634
3 0 -9.663 -42.545 135.634 -9.765 -42.944 135.089 -10.880 -45.838 137.340
3 0 -10.722 -46.290 136.853 -10.880 -45.838 137.340 -9.765 -42.944 135.089
3 0 -9.765 -42.944 135.089 -9.611 -43.393 134.599 -10.722 -46.290 136.853
3 0 -10.334 -46.727 136.500 -10.722 -46.290 136.853 -9.611 -43.393 134.599
3 0 -9.611 -43.393 134.599 -9.225 -43.825 134.238 -10.334 -46.727 136.500
3 0 -9.775 -47.084 136.335 -10.334 -46.727 136.500 -9.225 -43.825 134.238
3 0 -9.225 -43.825 134.238 -8.665 -44.175 134.062 -9.775 -47.084 136.335
3 0 -9.131 -47.305 136.384 -9.775 -47.084 136.335 -8.665 -44.175 134.062
3 0 -8.665 -44.175 134.062 -8.017 -44.388 134.097 -9.131 -47.305 136.384
3 0 -8.500 -47.358 136.638 -9.131 -47.305 136.384 -8.017 -44.388 134.097
3 0 -8.017 -44.388 134.097 -7.380 -44.432 134.338 -8.500 -47.358 136.638
3 0 -7.977 -47.234 137.060 -8.500 -47.358 136.638 -7.380 -44.432 134.338
3 0 -7.380 -44.432 134.338 -6.850 -44.301 134.748 -7.977 -47.234 137.060
3 0 -3.952 -51.597 140.428 -4.509 -51.232 140.579 -3.264 -48.249 138.179
3 0 -3.264 -48.249 138.179 -2.705 -48.605 138.014 -3.952 -51.597 140.428
3 0 -3.312 -51.828 140.492 -3.952 -51.597 140.428 -2.705 -48.605 138.014
3 0 -2.705 -48.605 138.014 -2.061 -48.827 138.063 -3.312 -51.828 140.492
3 0 -2.687 -51.888 140.760 -3.312 -51.828 140.492 -2.061 -48.827 138.063
3 0 -2.061 -48.827 138.063 -1.430 -48.880 138.317 -2.687 -51.888 140.760
3 0 -2.172 -51.770 141.193 -2.687 -51.888 140.760 -1.430 -48.880 138.317
3 0 -1.430 -48.880 138.317 -0.907 -48.756 138.738 -2.172 -51.770 141.193
3 0 -1.846 -51.490 141.723 -2.172 -51.770 141.193 -0.907 -48.756 138.738
3 0 -0.907 -48.756 138.738 -0.573 -48.474 139.263 -1.846 -51.490 141.723
3 0 -1.757 -51.093 142.271 -1.846 -51.490 141.723 -0.573 -48.474 139.263
3 0 -0.573 -48.474 139.263 -0.477 -48.077 139.810 -1.757 -51.093 142.271
3 0 -1.920 -50.637 142.753 -1.757 -51.093 142.271 -0.477 -48.077 139.810
3 0 -0.477 -48.077 139.810 -0.636 -47.626 140.297 -1.920 -50.637 142.753
3 0 -2.309 -50.193 143.095 -1.920 -50.637 142.753 -0.636 -47.626 140.297
3 0 -0.636 -47.626 140.297 -1.024 -47.189 140.650 -2.309 -50.193 143.095
3 0 -2.866 -49.827 143.246 -2.309 -50.193 143.095 -1.024 -47.189 140.650
3 0 -1.024 -47.189 140.650 -1.582 -46.832 140.815 -2.866 -49.827 143.246
3 0 -3.506 -49.597 143.182 -2.866 -49.827 143.246 -1.582 -46.832 140.815
3 0 -1.582 -46.832 140.815 -2.226 -46.611 140.766 -3.506 -49.597 143.182
3 0 -4.131 -49.536 142.913 -3.506 -49.597 143.182 -2.226 -46.611 140.766
3 0 -2.226 -46.611 140.766 -2.858 -46.558 140.512 -4.131 -49.536 142.913
3 0 -4.646 -49.655 142.481 -4.131 -49.536 142.913 -2.858 -46.558 140.512
3 0 -2.858 -46.558 140.512 -3.380 -46.682 140.090 -4.646 -49.655 142.481
3 0 -5.062 -48.098 137.454 -6.288 -51.060 139.814 -6.845 -50.694 139.965
3 0 -6.845 -50.694 139.965 -5.621 -47.742 137.619 -5.062 -48.098 137.454
3 0 -4.418 -48.320 137.503 -5.649 -51.290 139.878 -6.288 -51.060 139.814
3 0 -6.288 -51.060 139.814 -5.062 -48.098 137.454 -4.418 -48.320 137.503
3 0 -3.787 -48.373 137.757 -5.024 -51.351 140.146 -5.649 -51.290 139.878
3 0 -5.649 -51.290 139.878 -4.418 -48.320 137.503 -3.787 -48.373 137.757
3 0 -3.264 -48.249 138.179 -4.509 -51.232 140.579 -5.024 -51.351 140.146
3 0 -5.024 -51.351 140.146 -3.787 -48.373 137.757 -3.264 -48.249 138.179
3 0 -3.939 -46.325 140.255 -5.203 -49.290 142.632 -4.646 -49.655 142.481
3 0 -4.646 -49.655 142.481 -3.380 -46.682 140.090 -3.939 -46.325 140.255
3 0 -4.583 -46.103 140.206 -5.842 -49.059 142.568 -5.203 -49.290 142.632
3 0 -5.203 -49.290 142.632 -3.939 -46.325 140.255 -4.583 -46.103 140.206
3 0 -5.215 -46.050 139.952 -6.467 -48.999 142.300 -5.842 -49.059 142.568
3 0 -5.842 -49.059 142.568 -4.583 -46.103 140.206 -5.215 -46.050 139.952
3 0 -5.737 -46.174 139.531 -6.982 -49.117 141.867 -6.467 -48.999 142.300
3 0 -6.467 -48.999 142.300 -5.215 -46.050 139.952 -5.737 -46.174 139.531
3 0 -7.418 -47.591 136.895 -8.624 -50.522 139.201 -9.181 -50.157 139.351
3 0 -9.181 -50.157 139.351 -7.977 -47.234 137.060 -7.418 -47.591 136.895
3 0 -6.774 -47.813 136.944 -7.984 -50.752 139.264 -8.624 -50.522 139.201
3 0 -8.624 -50.522 139.201 -7.418 -47.591 136.895 -6.774 -47.813 136.944
3 0 -6.143 -47.866 137.198 -7.360 -50.813 139.533 -7.984 -50.752 139.264
3 0 -7.984 -50.752 139.264 -6.774 -47.813 136.944 -6.143 -47.866 137.198
3 0 -5.621 -47.742 137.619 -6.845 -50.694 139.965 -7.360 -50.813 139.533
3 0 -7.360 -50.813 139.533 -6.143 -47.866 137.198 -5.621 -47.742 137.619
3 0 -6.295 -45.818 139.696 -7.538 -48.752 142.018 -6.982 -49.117 141.867
3 0 -6.982 -49.117 141.867 -5.737 -46.174 139.531 -6.295 -45.818 139.696
3 0 -6.939 -45.596 139.647 -8.178 -48.522 141.954 -7.538 -48.752 142.018
3 0 -7.538 -48.752 142.018 -6.295 -45.818 139.696 -6.939 -45.596 139.647
3 0 -7.570 -45.543 139.393 -8.803 -48.461 141.686 -8.178 -48.522 141.954
3 0 -8.178 -48.522 141.954 -6.939 -45.596 139.647 -7.570 -45.543 139.393
3 0 -8.093 -45.667 138.971 -9.318 -48.580 141.253 -8.803 -48.461 141.686
3 0 -8.803 -48.461 141.686 -7.570 -45.543 139.393 -8.093 -45.667 138.971
3 0 -9.875 -48.215 141.404 -9.318 -48.580 141.253 -8.093 -45.667 138.971
3 0 -8.093 -45.667 138.971 -8.652 -45.310 139.136 -9.875 -48.215 141.404
3 0 -10.515 -47.984 141.340 -9.875 -48.215 141.404 -8.652 -45.310 139.136
3 0 -8.652 -45.310 139.136 -9.296 -45.089 139.087 -10.515 -47.984 141.340
3 0 -11.139 -47.924 141.072 -10.515 -47.984 141.340 -9.296 -45.089 139.087
3 0 -9.296 -45.089 139.087 -9.927 -45.036 138.833 -11.139 -47.924 141.072
3 0 -11.654 -48.042 140.640 -11.139 -47.924 141.072 -9.927 -45.036 138.833
3 0 -9.927 -45.036 138.833 -10.450 -45.160 138.412 -11.654 -48.042 140.640
3 0 -11.981 -48.321 140.109 -11.654 -48.042 140.640 -10.450 -45.160 138.412
3 0 -10.450 -45.160 138.412 -10.785 -45.442 137.887 -11.981 -48.321 140.109
3 0 -12.070 -48.719 139.561 -11.981 -48.321 140.109 -10.785 -45.442 137.887
3 0 -10.785 -45.442 137.887 -10.880 -45.838 137.340 -12.070 -48.719 139.561
3 0 -11.907 -49.175 139.080 -12.070 -48.719 139.561 -10.880 -45.838 137.340
3 0 -10.880 -45.838 137.340 -10.722 -46.290 136.853 -11.907 -49.175 139.080
3 0 -11.518 -49.619 138.737 -11.907 -49.175 139.080 -10.722 -46.290 136.853
3 0 -10.722 -46.290 136.853 -10.334 -46.727 136.500 -11.518 -49.619 138.737
3 0 -10.961 -49.984 138.587 -11.518 -49.619 138.737 -10.334 -46.727 136.500
3 0 -10.334 -46.727 136.500 -9.775 -47.084 136.335 -10.961 -49.984 138.587
3 0 -10.321 -50.215 138.650 -10.961 -49.984 138.587 -9.775 -47.084 136.335
3 0 -9.775 -47.084 136.335 -9.131 -47.305 136.384 -10.321 -50.215 138.650
3 0 -9.696 -50.275 138.919 -10.321 -50.215 138.650 -9.131 -47.305 136.384
3 0 -9.131 -47.305 136.384 -8.500 -47.358 136.638 -9.696 -50.275 138.919
3 0 -9.181 -50.157 139.351 -9.696 -50.275 138.919 -8.500 -47.358 136.638
3 0 -8.500 -47.358 136.638 -7.977 -47.234 137.060 -9.181 -50.157 139.351
3 0 -6.647 -57.467 145.192 -7.202 -57.092 145.322 -4.509 -51.232 140.579
3 0 -4.509 -51.232 140.579 -3.952 -51.597 140.428 -6.647 -57.467 145.192
3 0 -6.013 -57.706 145.275 -6.647 -57.467 145.192 -3.952 -51.597 140.428
3 0 -3.952 -51.597 140.428 -3.312 -51.828 140.492 -6.013 -57.706 145.275
3 0 -5.396 -57.772 145.561 -6.013 -57.706 145.275 -3.312 -51.828 140.492
3 0 -3.312 -51.828 140.492 -2.687 -51.888 140.760 -5.396 -57.772 145.561
3 0 -4.891 -57.654 146.006 -5.396 -57.772 145.561 -2.687 -51.888 140.760
3 0 -2.687 -51.888 140.760 -2.172 -51.770 141.193 -4.891 -57.654 146.006
3 0 -4.574 -57.372 146.541 -4.891 -57.654 146.006 -2.172 -51.770 141.193
3 0 -2.172 -51.770 141.193 -1.846 -51.490 141.723 -4.574 -57.372 146.541
3 0 -4.494 -56.968 147.085 -4.574 -57.372 146.541 -1.846 -51.490 141.723
3 0 -1.846 -51.490 141.723 -1.757 -51.093 142.271 -4.494 -56.968 147.085
3 0 -4.663 -56.503 147.556 -4.494 -56.968 147.085 -1.757 -51.093 142.271
3 0 -1.757 -51.093 142.271 -1.920 -50.637 142.753 -4.663 -56.503 147.556
3 0 -5.054 -56.048 147.881 -4.663 -56.503 147.556 -1.920 -50.637 142.753
3 0 -1.920 -50.637 142.753 -2.309 -50.193 143.095 -5.054 -56.048 147.881
3 0 -5.610 -55.673 148.012 -5.054 -56.048 147.881 -2.309 -50.193 143.095
3 0 -2.309 -50.193 143.095 -2.866 -49.827 143.246 -5.610 -55.673 148.012
3 0 -6.244 -55.434 147.928 -5.610 -55.673 148.012 -2.866 -49.827 143.246
3 0 -2.866 -49.827 143.246 -3.506 -49.597 143.182 -6.244 -55.434 147.928
3 0 -6.860 -55.368 147.642 -6.244 -55.434 147.928 -3.506 -49.597 143.182
3 0 -3.506 -49.597 143.182 -4.131 -49.536 142.913 -6.860 -55.368 147.642
3 0 -7.365 -55.485 147.198 -6.860 -55.368 147.642 -4.131 -49.536 142.913
3 0 -4.131 -49.536 142.913 -4.646 -49.655 142.481 -7.365 -55.485 147.198
3 0 -6.288 -51.060 139.814 -8.958 -56.904 144.508 -9.513 -56.529 144.639
3 0 -9.513 -56.529 144.639 -6.845 -50.694 139.965 -6.288 -51.060 139.814
3 0 -5.649 -51.290 139.878 -8.324 -57.143 144.592 -8.958 -56.904 144.508
3 0 -8.958 -56.904 144.508 -6.288 -51.060 139.814 -5.649 -51.290 139.878
3 0 -5.024 -51.351 140.146 -7.708 -57.209 144.878 -8.324 -57.143 144.592
3 0 -8.324 -57.143 144.592 -5.649 -51.290 139.878 -5.024 -51.351 140.146
3 0 -4.509 -51.232 140.579 -7.202 -57.092 145.322 -7.708 -57.209 144.878
3 0 -7.708 -57.209 144.878 -5.024 -51.351 140.146 -4.509 -51.232 140.579
3 0 -5.203 -49.290 142.632 -7.921 -55.110 147.329 -7.365 -55.485 147.198
3 0 -7.365 -55.485 147.198 -4.646 -49.655 142.481 -5.203 -49.290 142.632
3 0 -5.842 -49.059 142.568 -8.555 -54.871 147.245 -7.921 -55.110 147.329
3 0 -7.921 -55.110 147.329 -5.203 -49.290 142.632 -5.842 -49.059 142.568
3 0 -6.467 -48.999 142.300 -9.172 -54.805 146.959 -8.555 -54.871 147.245
3 0 -8.555 -54.871 147.245 -5.842 -49.059 142.568 -6.467 -48.999 142.300
3 0 -6.982 -49.117 141.867 -9.677 -54.922 146.515 -9.172 -54.805 146.959
3 0 -9.172 -54.805 146.959 -6.467 -48.999 142.300 -6.982 -49.117 141.867
3 0 -8.624 -50.522 139.201 -11.269 -56.341 143.825 -11.824 -55.966 143.956
3 0 -11.824 -55.966 143.956 -9.181 -50.157 139.351 -8.624 -50.522 139.201
3 0 -7.984 -50.752 139.264 -10.634 -56.580 143.909 -11.269 -56.341 143.825
3 0 -11.269 -56.341 143.825 -8.624 -50.522 139.201 -7.984 -50.752 139.264
3 0 -7.360 -50.813 139.533 -10.018 -56.646 144.195 -10.634 -56.580 143.909
3 0 -10.634 -56.580 143.909 -7.984 -50.752 139.264 -7.360 -50.813 139.533
3 0 -6.845 -50.694 139.965 -9.513 -56.529 144.639 -10.018 -56.646 144.195
3 0 -10.018 -56.646 144.195 -7.360 -50.813 139.533 -6.845 -50.694 139.965
3 0 -7.538 -48.752 142.018 -10.231 -54.547 146.646 -9.677 -54.922 146.515
3 0 -9.677 -54.922 146.515 -6.982 -49.117 141.867 -7.538 -48.752 142.018
3 0 -8.178 -48.522 141.954 -10.865 -54.308 146.562 -10.231 -54.547 146.646
3 0 -10.231 -54.547 146.646 -7.538 -48.752 142.018 -8.178 -48.522 141.954
3 0 -8.803 -48.461 141.686 -11.482 -54.242 146.276 -10.865 -54.308 146.562
3 0 -10.865 -54.308 146.562 -8.178 -48.522 141.954 -8.803 -48.461 141.686
3 0 -9.318 -48.580 141.253 -11.987 -54.360 145.832 -11.482 -54.242 146.276
3 0 -11.482 -54.242 146.276 -8.803 -48.461 141.686 -9.318 -48.580 141.253
3 0 -12.542 -53.984 145.962 -11.987 -54.360 145.832 -9.318 -48.580 141.253
3 0 -9.318 -48.580 141.253 -9.875 -48.215 141.404 -12.542 -53.984 145.962
3 0 -13.177 -53.745 145.878 -12.542 -53.984 145.962 -9.875 -48.215 141.404
3 0 -9.875 -48.215 141.404 -10.515 -47.984 141.340 -13.177 -53.745 145.878
3 0 -13.793 -53.680 145.593 -13.177 -53.745 145.878 -10.515 -47.984 141.340
3 0 -10.515 -47.984 141.340 -11.139 -47.924 141.072 -13.793 -53.680 145.593
3 0 -14.298 -53.797 145.148 -13.793 -53.680 145.593 -11.139 -47.924 141.072
3 0 -11.139 -47.924 141.072 -11.654 -48.042 140.640 -14.298 -53.797 145.148
3 0 -14.615 -54.079 144.613 -14.298 -53.797 145.148 -11.654 -48.042 140.640
3 0 -11.654 -48.042 140.640 -11.981 -48.321 140.109 -14.615 -54.079 144.613
3 0 -14.695 -54.483 144.069 -14.615 -54.079 144.613 -11.981 -48.321 140.109
3 0 -11.981 -48.321 140.109 -12.070 -48.719 139.561 -14.695 -54.483 144.069
3 0 -14.527 -54.948 143.598 -14.695 -54.483 144.069 -12.070 -48.719 139.561
3 0 -12.070 -48.719 139.561 -11.907 -49.175 139.080 -14.527 -54.948 143.598
3 0 -14.135 -55.403 143.273 -14.527 -54.948 143.598 -11.907 -49.175 139.080
3 0 -11.907 -49.175 139.080 -11.518 -49.619 138.737 -14.135 -55.403 143.273
3 0 -13.580 -55.778 143.142 -14.135 -55.403 143.273 -11.518 -49.619 138.737
3 0 -11.518 -49.619 138.737 -10.961 -49.984 138.587 -13.580 -55.778 143.142
3 0 -12.946 -56.017 143.226 -13.580 -55.778 143.142 -10.961 -49.984 138.587
3 0 -10.961 -49.984 138.587 -10.321 -50.215 138.650 -12.946 -56.017 143.226
3 0 -12.329 -56.083 143.512 -12.946 -56.017 143.226 -10.321 -50.215 138.650
3 0 -10.321 -50.215 138.650 -9.696 -50.275 138.919 -12.329 -56.083 143.512
3 0 -11.824 -55.966 143.956 -12.329 -56.083 143.512 -9.696 -50.275 138.919
3 0 -9.696 -50.275 138.919 -9.181 -50.157 139.351 -11.824 -55.966 143.956
3 0 -9.544 -63.184 150.005 -10.099 -62.801 150.114 -7.202 -57.092 145.322
3 0 -7.202 -57.092 145.322 -6.647 -57.467 145.192 -9.544 -63.184 150.005
3 0 -8.915 -63.426 150.109 -9.544 -63.184 150.005 -6.647 -57.467 145.192
3 0 -6.647 -57.467 145.192 -6.013 -57.706 145.275 -8.915 -63.426 150.109
3 0 -8.305 -63.490 150.411 -8.915 -63.426 150.109 -6.013 -57.706 145.275
3 0 -6.013 -57.706 145.275 -5.396 -57.772 145.561 -8.305 -63.490 150.411
3 0 -7.810 -63.367 150.864 -8.305 -63.490 150.411 -5.396 -57.772 145.561
3 0 -5.396 -57.772 145.561 -4.891 -57.654 146.006 -7.810 -63.367 150.864
3 0 -7.503 -63.075 151.399 -7.810 -63.367 150.864 -4.891 -57.654 146.006
3 0 -4.891 -57.654 146.006 -4.574 -57.372 146.541 -7.503 -63.075 151.399
3 0 -7.431 -62.659 151.936 -7.503 -63.075 151.399 -4.574 -57.372 146.541
3 0 -4.574 -57.372 146.541 -4.494 -56.968 147.085 -7.431 -62.659 151.936
3 0 -7.606 -62.181 152.391 -7.431 -62.659 151.936 -4.494 -56.968 147.085
3 0 -4.494 -56.968 147.085 -4.663 -56.503 147.556 -7.606 -62.181 152.391
3 0 -8.001 -61.716 152.697 -7.606 -62.181 152.391 -4.663 -56.503 147.556
3 0 -4.663 -56.503 147.556 -5.054 -56.048 147.881 -8.001 -61.716 152.697
3 0 -8.556 -61.333 152.806 -8.001 -61.716 152.697 -5.054 -56.048 147.881
3 0 -5.054 -56.048 147.881 -5.610 -55.673 148.012 -8.556 -61.333 152.806
3 0 -9.186 -61.090 152.702 -8.556 -61.333 152.806 -5.610 -55.673 148.012
3 0 -5.610 -55.673 148.012 -6.244 -55.434 147.928 -9.186 -61.090 152.702
3 0 -9.795 -61.026 152.401 -9.186 -61.090 152.702 -6.244 -55.434 147.928
3 0 -6.244 -55.434 147.928 -6.860 -55.368 147.642 -9.795 -61.026 152.401
3 0 -10.291 -61.149 151.948 -9.795 -61.026 152.401 -6.860 -55.368 147.642
3 0 -6.860 -55.368 147.642 -7.365 -55.485 147.198 -10.291 -61.149 151.948
3 0 -8.958 -56.904 144.508 -11.834 -62.617 149.255 -12.389 -62.234 149.365
3 0 -12.389 -62.234 149.365 -9.513 -56.529 144.639 -8.958 -56.904 144.508
3 0 -8.324 -57.143 144.592 -11.204 -62.859 149.360 -11.834 -62.617 149.255
3 0 -11.834 -62.617 149.255 -8.958 -56.904 144.508 -8.324 -57.143 144.592
3 0 -7.708 -57.209 144.878 -10.595 -62.924 149.661 -11.204 -62.859 149.360
3 0 -11.204 -62.859 149.360 -8.324 -57.143 144.592 -7.708 -57.209 144.878
3 0 -7.202 -57.092 145.322 -10.099 -62.801 150.114 -10.595 -62.924 149.661
3 0 -10.595 -62.924 149.661 -7.708 -57.209 144.878 -7.202 -57.092 145.322
3 0 -7.921 -55.110 147.329 -10.846 -60.766 152.057 -10.291 -61.149 151.948
3 0 -10.291 -61.149 151.948 -7.365 -55.485 147.198 -7.921 -55.110 147.329
3 0 -8.555 -54.871 147.245 -11.476 -60.524 151.952 -10.846 -60.766 152.057
3 0 -10.846 -60.766 152.057 -7.921 -55.110 147.329 -8.555 -54.871 147.245
3 0 -9.172 -54.805 146.959 -12.085 -60.460 151.651 -11.476 -60.524 151.952
3 0 -11.476 -60.524 151.952 -8.555 -54.871 147.245 -9.172 -54.805 146.959
3 0 -9.677 -54.922 146.515 -12.581 -60.583 151.198 -12.085 -60.460 151.651
3 0 -12.085 -60.460 151.651 -9.172 -54.805 146.959 -9.677 -54.922 146.515
3 0 -11.269 -56.341 143.825 -14.123 -62.051 148.506 -14.678 -61.668 148.615
3 0 -14.678 -61.668 148.615 -11.824 -55.966 143.956 -11.269 -56.341 143.825
3 0 -10.634 -56.580 143.909 -13.493 -62.293 148.610 -14.123 -62.051 148.506
3 0 -14.123 -62.051 148.506 -11.269 -56.341 143.825 -10.634 -56.580 143.909
3 0 -10.018 -56.646 144.195 -12.884 -62.358 148.912 -13.493 -62.293 148.610
3 0 -13.493 -62.293 148.610 -10.634 -56.580 143.909 -10.018 -56.646 144.195
3 0 -9.513 -56.529 144.639 -12.389 -62.234 149.365 -12.884 -62.358 148.912
3 0 -12.884 -62.358 148.912 -10.018 -56.646 144.195 -9.513 -56.529 144.639
3 0 -10.231 -54.547 146.646 -13.135 -60.200 151.307 -12.581 -60.583 151.198
3 0 -12.581 -60.583 151.198 -9.677 -54.922 146.515 -10.231 -54.547 146.646
3 0 -10.865 -54.308 146.562 -13.764 -59.958 151.203 -13.135 -60.200 151.307
3 0 -13.135 -60.200 151.307 -10.231 -54.547 146.646 -10.865 -54.308 146.562
3 0 -11.482 -54.242 146.276 -14.374 -59.894 150.901 -13.764 -59.958 151.203
3 0 -13.764 -59.958 151.203 -10.865 -54.308 146.562 -11.482 -54.242 146.276
3 0 -11.987 -54.360 145.832 -14.869 -60.017 150.448 -14.374 -59.894 150.901
3 0 -14.374 -59.894 150.901 -11.482 -54.242 146.276 -11.987 -54.360 145.832
3 0 -15.424 -59.634 150.557 -14.869 -60.017 150.448 -11.987 -54.360 145.832
3 0 -11.987 -54.360 145.832 -12.542 -53.984 145.962 -15.424 -59.634 150.557
3 0 -16.054 -59.392 150.453 -15.424 -59.634 150.557 -12.542 -53.984 145.962
3 0 -12.542 -53.984 145.962 -13.177 -53.745 145.878 -16.054 -59.392 150.453
3 0 -16.663 -59.327 150.152 -16.054 -59.392 150.453 -13.177 -53.745 145.878
3 0 -13.177 -53.745 145.878 -13.793 -53.680 145.593 -16.663 -59.327 150.152
3 0 -17.159 -59.451 149.699 -16.663 -59.327 150.152 -13.793 -53.680 145.593
3 0 -13.793 -53.680 145.593 -14.298 -53.797 145.148 -17.159 -59.451 149.699
3 0 -17.466 -59.743 149.163 -17.159 -59.451 149.699 -14.298 -53.797 145.148
3 0 -14.298 -53.797 145.148 -14.615 -54.079 144.613 -17.466 -59.743 149.163
3 0 -17.537 -60.159 148.627 -17.466 -59.743 149.163 -14.615 -54.079 144.613
3 0 -14.615 -54.079 144.613 -14.695 -54.483 144.069 -17.537 -60.159 148.627
3 0 -17.362 -60.636 148.171 -17.537 -60.159 148.627 -14.695 -54.483 144.069
3 0 -14.695 -54.483 144.069 -14.527 -54.948 143.598 -17.362 -60.636 148.171
3 0 -16.967 -61.102 147.865 -17.362 -60.636 148.171 -14.527 -54.948 143.598
3 0 -14.527 -54.948 143.598 -14.135 -55.403 143.273 -16.967 -61.102 147.865
3 0 -16.413 -61.485 147.756 -16.967 -61.102 147.865 -14.135 -55.403 143.273
3 0 -14.135 -55.403 143.273 -13.580 -55.778 143.142 -16.413 -61.485 147.756
3 0 -15.783 -61.727 147.861 -16.413 -61.485 147.756 -13.580 -55.778 143.142
3 0 -13.580 -55.778 143.142 -12.946 -56.017 143.226 -15.783 -61.727 147.861
3 0 -15.174 -61.791 148.162 -15.783 -61.727 147.861 -12.946 -56.017 143.226
3 0 -12.946 -56.017 143.226 -12.329 -56.083 143.512 -15.174 -61.791 148.162
3 0 -14.678 -61.668 148.615 -15.174 -61.791 148.162 -12.329 -56.083 143.512
3 0 -12.329 -56.083 143.512 -11.824 -55.966 143.956 -14.678 -61.668 148.615
3 0 -11.047 -65.974 152.483 -11.602 -65.586 152.575 -10.099 -62.801 150.114
3 0 -10.099 -62.801 150.114 -9.544 -63.184 150.005 -11.047 -65.974 152.483
3 0 -10.420 -66.215 152.600 -11.047 -65.974 152.483 -9.544 -63.184 150.005
3 0 -9.544 -63.184 150.005 -8.915 -63.426 150.109 -10.420 -66.215 152.600
3 0 -9.815 -66.274 152.911 -10.420 -66.215 152.600 -8.915 -63.426 150.109
3 0 -8.915 -63.426 150.109 -8.305 -63.490 150.411 -9.815 -66.274 152.911
3 0 -9.324 -66.142 153.367 -9.815 -66.274 152.911 -8.305 -63.490 150.411
3 0 -8.305 -63.490 150.411 -7.810 -63.367 150.864 -9.324 -66.142 153.367
3 0 -9.023 -65.838 153.899 -9.324 -66.142 153.367 -7.810 -63.367 150.864
3 0 -7.810 -63.367 150.864 -7.503 -63.075 151.399 -9.023 -65.838 153.899
3 0 -8.957 -65.409 154.427 -9.023 -65.838 153.899 -7.503 -63.075 151.399
3 0 -7.503 -63.075 151.399 -7.431 -62.659 151.936 -8.957 -65.409 154.427
3 0 -9.136 -64.920 154.869 -8.957 -65.409 154.427 -7.431 -62.659 151.936
3 0 -7.431 -62.659 151.936 -7.606 -62.181 152.391 -9.136 -64.920 154.869
3 0 -9.533 -64.446 155.158 -9.136 -64.920 154.869 -7.606 -62.181 152.391
3 0 -7.606 -62.181 152.391 -8.001 -61.716 152.697 -9.533 -64.446 155.158
3 0 -10.088 -64.059 155.251 -9.533 -64.446 155.158 -8.001 -61.716 152.697
3 0 -8.001 -61.716 152.697 -8.556 -61.333 152.806 -10.088 -64.059 155.251
3 0 -10.715 -63.818 155.133 -10.088 -64.059 155.251 -8.556 -61.333 152.806
3 0 -8.556 -61.333 152.806 -9.186 -61.090 152.702 -10.715 -63.818 155.133
3 0 -11.320 -63.758 154.822 -10.715 -63.818 155.133 -9.186 -61.090 152.702
3 0 -9.186 -61.090 152.702 -9.795 -61.026 152.401 -11.320 -63.758 154.822
3 0 -11.811 -63.891 154.366 -11.320 -63.758 154.822 -9.795 -61.026 152.401
3 0 -9.795 -61.026 152.401 -10.291 -61.149 151.948 -11.811 -63.891 154.366
3 0 -11.834 -62.617 149.255 -13.326 -65.418 151.691 -13.880 -65.031 151.784
3 0 -13.880 -65.031 151.784 -12.389 -62.234 149.365 -11.834 -62.617 149.255
3 0 -11.204 -62.859 149.360 -12.698 -65.659 151.809 -13.326 -65.418 151.691
3 0 -13.326 -65.418 151.691 -11.834 -62.617 149.255 -11.204 -62.859 149.360
3 0 -10.595 -62.924 149.661 -12.093 -65.719 152.119 -12.698 -65.659 151.809
3 0 -12.698 -65.659 151.809 -11.204 -62.859 149.360 -10.595 -62.924 149.661
3 0 -10.099 -62.801 150.114 -11.602 -65.586 152.575 -12.093 -65.719 152.119
3 0 -12.093 -65.719 152.119 -10.595 -62.924 149.661 -10.099 -62.801 150.114
3 0 -10.846 -60.766 152.057 -12.366 -63.503 154.459 -11.811 -63.891 154.366
3 0 -11.811 -63.891 154.366 -10.291 -61.149 151.948 -10.846 -60.766 152.057
3 0 -11.476 -60.524 151.952 -12.993 -63.262 154.341 -12.366 -63.503 154.459
3 0 -12.366 -63.503 154.459 -10.846 -60.766 152.057 -11.476 -60.524 151.952
3 0 -12.085 -60.460 151.651 -13.599 -63.203 154.031 -12.993 -63.262 154.341
3 0 -12.993 -63.262 154.341 -11.476 -60.524 151.952 -12.085 -60.460 151.651
3 0 -12.581 -60.583 151.198 -14.089 -63.335 153.574 -13.599 -63.203 154.031
3 0 -13.599 -63.203 154.031 -12.085 -60.460 151.651 -12.581 -60.583 151.198
3 0 -14.123 -62.051 148.506 -15.603 -64.863 150.899 -16.157 -64.475 150.992
3 0 -16.157 -64.475 150.992 -14.678 -61.668 148.615 -14.123 -62.051 148.506
3 0 -13.493 -62.293 148.610 -14.975 -65.104 151.017 -15.603 -64.863 150.899
3 0 -15.603 -64.863 150.899 -14.123 -62.051 148.506 -13.493 -62.293 148.610
3 0 -12.884 -62.358 148.912 -14.370 -65.163 151.328 -14.975 -65.104 151.017
3 0 -14.975 -65.104 151.017 -13.493 -62.293 148.610 -12.884 -62.358 148.912
3 0 -12.389 -62.234 149.365 -13.880 -65.031 151.784 -14.370 -65.163 151.328
3 0 -14.370 -65.163 151.328 -12.884 -62.358 148.912 -12.389 -62.234 149.365
3 0 -13.135 -60.200 151.307 -14.643 -62.948 153.668 -14.089 -63.335 153.574
3 0 -14.089 -63.335 153.574 -12.581 -60.583 151.198 -13.135 -60.200 151.307
3 0 -13.764 -59.958 151.203 -15.271 -62.707 153.550 -14.643 -62.948 153.668
3 0 -14.643 -62.948 153.668 -13.135 -60.200 151.307 -13.764 -59.958 151.203
3 0 -14.374 -59.894 150.901 -15.876 -62.647 153.239 -15.271 -62.707 153.550
3 0 -15.271 -62.707 153.550 -13.764 -59.958 151.203 -14.374 -59.894 150.901
3 0 -14.869 -60.017 150.448 -16.366 -62.780 152.783 -15.876 -62.647 153.239
3 0 -15.876 -62.647 153.239 -14.374 -59.894 150.901 -14.869 -60.017 150.448
3 0 -16.921 -62.393 152.876 -16.366 -62.780 152.783 -14.869 -60.017 150.448
3 0 -14.869 -60.017 150.448 -15.424 -59.634 150.557 -16.921 -62.393 152.876
3 0 -17.549 -62.151 152.758 -16.921 -62.393 152.876 -15.424 -59.634 150.557
3 0 -15.424 -59.634 150.557 -16.054 -59.392 150.453 -17.549 -62.151 152.758
3 0 -18.154 -62.092 152.447 -17.549 -62.151 152.758 -16.054 -59.392 150.453
3 0 -16.054 -59.392 150.453 -16.663 -59.327 150.152 -18.154 -62.092 152.447
3 0 -18.644 -62.224 151.991 -18.154 -62.092 152.447 -16.663 -59.327 150.152
3 0 -16.663 -59.327 150.152 -17.159 -59.451 149.699 -18.644 -62.224 151.991
3 0 -18.946 -62.528 151.459 -18.644 -62.224 151.991 -17.159 -59.451 149.699
3 0 -17.159 -59.451 149.699 -17.466 -59.743 149.163 -18.946 -62.528 151.459
3 0 -19.012 -62.957 150.932 -18.946 -62.528 151.459 -17.466 -59.743 149.163
3 0 -17.466 -59.743 149.163 -17.537 -60.159 148.627 -19.012 -62.957 150.932
3 0 -18.833 -63.446 150.490 -19.012 -62.957 150.932 -17.537 -60.159 148.627
3 0 -17.537 -60.159 148.627 -17.362 -60.636 148.171 -18.833 -63.446 150.490
3 0 -18.436 -63.920 150.200 -18.833 -63.446 150.490 -17.362 -60.636 148.171
3 0 -17.362 -60.636 148.171 -16.967 -61.102 147.865 -18.436 -63.920 150.200
3 0 -17.881 -64.307 150.108 -18.436 -63.920 150.200 -16.967 -61.102 147.865
3 0 -16.967 -61.102 147.865 -16.413 -61.485 147.756 -17.881 -64.307 150.108
3 0 -17.253 -64.548 150.225 -17.881 -64.307 150.108 -16.413 -61.485 147.756
3 0 -16.413 -61.485 147.756 -15.783 -61.727 147.861 -17.253 -64.548 150.225
3 0 -16.648 -64.608 150.536 -17.253 -64.548 150.225 -15.783 -61.727 147.861
3 0 -15.783 -61.727 147.861 -15.174 -61.791 148.162 -16.648 -64.608 150.536
3 0 -16.157 -64.475 150.992 -16.648 -64.608 150.536 -15.174 -61.791 148.162
3 0 -15.174 -61.791 148.162 -14.678 -61.668 148.615 -16.157 -64.475 150.992
3 0 -12.573 -68.699 154.989 -13.128 -68.309 155.070 -11.602 -65.586 152.575
3 0 -11.602 -65.586 152.575 -11.047 -65.974 152.483 -12.573 -68.699 154.989
3 0 -11.947 -68.939 155.116 -12.573 -68.699 154.989 -11.047 -65.974 152.483
3 0 -11.047 -65.974 152.483 -10.420 -66.215 152.600 -11.947 -68.939 155.116
3 0 -11.343 -68.992 155.432 -11.947 -68.939 155.116 -10.420 -66.215 152.600
3 0 -10.420 -66.215 152.600 -9.815 -66.274 152.911 -11.343 -68.992 155.432
3 0 -10.855 -68.849 155.887 -11.343 -68.992 155.432 -9.815 -66.274 152.911
3 0 -9.815 -66.274 152.911 -9.324 -66.142 153.367 -10.855 -68.849 155.887
3 0 -10.556 -68.533 156.414 -10.855 -68.849 155.887 -9.324 -66.142 153.367
3 0 -9.324 -66.142 153.367 -9.023 -65.838 153.899 -10.556 -68.533 156.414
3 0 -10.492 -68.092 156.931 -10.556 -68.533 156.414 -9.023 -65.838 153.899
3 0 -9.023 -65.838 153.899 -8.957 -65.409 154.427 -10.492 -68.092 156.931
3 0 -10.673 -67.593 157.360 -10.492 -68.092 156.931 -8.957 -65.409 154.427
3 0 -8.957 -65.409 154.427 -9.136 -64.920 154.869 -10.673 -67.593 157.360
3 0 -11.071 -67.111 157.636 -10.673 -67.593 157.360 -9.136 -64.920 154.869
3 0 -9.136 -64.920 154.869 -9.533 -64.446 155.158 -11.071 -67.111 157.636
3 0 -11.625 -66.721 157.716 -11.071 -67.111 157.636 -9.533 -64.446 155.158
3 0 -9.533 -64.446 155.158 -10.088 -64.059 155.251 -11.625 -66.721 157.716
3 0 -12.252 -66.481 157.589 -11.625 -66.721 157.716 -10.088 -64.059 155.251
3 0 -10.088 -64.059 155.251 -10.715 -63.818 155.133 -12.252 -66.481 157.589
3 0 -12.855 -66.429 157.274 -12.252 -66.481 157.589 -10.715 -63.818 155.133
3 0 -10.715 -63.818 155.133 -11.320 -63.758 154.822 -12.855 -66.429 157.274
3 0 -13.343 -66.571 156.819 -12.855 -66.429 157.274 -11.320 -63.758 154.822
3 0 -11.320 -63.758 154.822 -11.811 -63.891 154.366 -13.343 -66.571 156.819
3 0 -13.326 -65.418 151.691 -14.846 -68.159 154.172 -15.400 -67.769 154.253
3 0 -15.400 -67.769 154.253 -13.880 -65.031 151.784 -13.326 -65.418 151.691
3 0 -12.698 -65.659 151.809 -14.219 -68.399 154.299 -14.846 -68.159 154.172
3 0 -14.846 -68.159 154.172 -13.326 -65.418 151.691 -12.698 -65.659 151.809
3 0 -12.093 -65.719 152.119 -13.616 -68.452 154.614 -14.219 -68.399 154.299
3 0 -14.219 -68.399 154.299 -12.698 -65.659 151.809 -12.093 -65.719 152.119
3 0 -11.602 -65.586 152.575 -13.128 -68.309 155.070 -13.616 -68.452 154.614
3 0 -13.616 -68.452 154.614 -12.093 -65.719 152.119 -11.602 -65.586 152.575
3 0 -12.366 -63.503 154.459 -13.898 -66.181 156.899 -13.343 -66.571 156.819
3 0 -13.343 -66.571 156.819 -11.811 -63.891 154.366 -12.366 -63.503 154.459
3 0 -12.993 -63.262 154.341 -14.525 -65.941 156.772 -13.898 -66.181 156.899
3 0 -13.898 -66.181 156.899 -12.366 -63.503 154.459 -12.993 -63.262 154.341
3 0 -13.599 -63.203 154.031 -15.128 -65.889 156.457 -14.525 -65.941 156.772
3 0 -14.525 -65.941 156.772 -12.993 -63.262 154.341 -13.599 -63.203 154.031
3 0 -14.089 -63.335 153.574 -15.616 -66.031 156.001 -15.128 -65.889 156.457
3 0 -15.128 -65.889 156.457 -13.599 -63.203 154.031 -14.089 -63.335 153.574
3 0 -15.603 -64.863 150.899 -17.118 -67.619 153.355 -17.672 -67.229 153.435
3 0 -17.672 -67.229 153.435 -16.157 -64.475 150.992 -15.603 -64.863 150.899
3 0 -14.975 -65.104 151.017 -16.491 -67.859 153.482 -17.118 -67.619 153.355
3 0 -17.118 -67.619 153.355 -15.603 -64.863 150.899 -14.975 -65.104 151.017
3 0 -14.370 -65.163 151.328 -15.888 -67.912 153.797 -16.491 -67.859 153.482
3 0 -16.491 -67.859 153.482 -14.975 -65.104 151.017 -14.370 -65.163 151.328
3 0 -13.880 -65.031 151.784 -15.400 -67.769 154.253 -15.888 -67.912 153.797
3 0 -15.888 -67.912 153.797 -14.370 -65.163 151.328 -13.880 -65.031 151.784
3 0 -14.643 -62.948 153.668 -16.170 -65.641 156.082 -15.616 -66.031 156.001
3 0 -15.616 -66.031 156.001 -14.089 -63.335 153.574 -14.643 -62.948 153.668
3 0 -15.271 -62.707 153.550 -16.797 -65.401 155.955 -16.170 -65.641 156.082
3 0 -16.170 -65.641 156.082 -14.643 -62.948 153.668 -15.271 -62.707 153.550
3 0 -15.876 -62.647 153.239 -17.400 -65.349 155.640 -16.797 -65.401 155.955
3 0 -16.797 -65.401 155.955 -15.271 -62.707 153.550 -15.876 -62.647 153.239
3 0 -16.366 -62.780 152.783 -17.888 -65.491 155.184 -17.400 -65.349 155.640
3 0 -17.400 -65.349 155.640 -15.876 -62.647 153.239 -16.366 -62.780 152.783
3 0 -18.443 -65.101 155.265 -17.888 -65.491 155.184 -16.366 -62.780 152.783
3 0 -16.366 -62.780 152.783 -16.921 -62.393 152.876 -18.443 -65.101 155.265
3 0 -19.069 -64.861 155.138 -18.443 -65.101 155.265 -16.921 -62.393 152.876
3 0 -16.921 -62.393 152.876 -17.549 -62.151 152.758 -19.069 -64.861 155.138
3 0 -19.673 -64.809 154.822 -19.069 -64.861 155.138 -17.549 -62.151 152.758
3 0 -17.549 -62.151 152.758 -18.154 -62.092 152.447 -19.673 -64.809 154.822
3 0 -20.161 -64.951 154.367 -19.673 -64.809 154.822 -18.154 -62.092 152.447
3 0 -18.154 -62.092 152.447 -18.644 -62.224 151.991 -20.161 -64.951 154.367
3 0 -20.460 -65.267 153.840 -20.161 -64.951 154.367 -18.644 -62.224 151.991
3 0 -18.644 -62.224 151.991 -18.946 -62.528 151.459 -20.460 -65.267 153.840
3 0 -20.524 -65.708 153.323 -20.460 -65.267 153.840 -18.946 -62.528 151.459
3 0 -18.946 -62.528 151.459 -19.012 -62.957 150.932 -20.524 -65.708 153.323
3 0 -20.343 -66.207 152.894 -20.524 -65.708 153.323 -19.012 -62.957 150.932
3 0 -19.012 -62.957 150.932 -18.833 -63.446 150.490 -20.343 -66.207 152.894
3 0 -19.945 -66.689 152.618 -20.343 -66.207 152.894 -18.833 -63.446 150.490
3 0 -18.833 -63.446 150.490 -18.436 -63.920 150.200 -19.945 -66.689 152.618
3 0 -19.391 -67.079 152.538 -19.945 -66.689 152.618 -18.436 -63.920 150.200
3 0 -18.436 -63.920 150.200 -17.881 -64.307 150.108 -19.391 -67.079 152.538
3 0 -18.764 -67.319 152.665 -19.391 -67.079 152.538 -17.881 -64.307 150.108
3 0 -17.881 -64.307 150.108 -17.253 -64.548 150.225 -18.764 -67.319 152.665
3 0 -18.161 -67.372 152.980 -18.764 -67.319 152.665 -17.253 -64.548 150.225
3 0 -17.253 -64.548 150.225 -16.648 -64.608 150.536 -18.161 -67.372 152.980
3 0 -17.672 -67.229 153.435 -18.161 -67.372 152.980 -16.648 -64.608 150.536
3 0 -16.648 -64.608 150.536 -16.157 -64.475 150.992 -17.672 -67.229 153.435
3 0 -14.109 -71.356 157.558 -14.664 -70.963 157.626 -13.128 -68.309 155.070
3 0 -13.128 -68.309 155.070 -12.573 -68.699 154.989 -14.109 -71.356 157.558
3 0 -13.483 -71.592 157.693 -14.109 -71.356 157.558 -12.573 -68.699 154.989
3 0 -12.573 -68.699 154.989 -11.947 -68.939 155.116 -13.483 -71.592 157.693
3 0 -12.880 -71.635 158.011 -13.483 -71.592 157.693 -11.947 -68.939 155.116
3 0 -11.947 -68.939 155.116 -11.343 -68.992 155.432 -12.880 -71.635 158.011
3 0 -12.393 -71.480 158.463 -12.880 -71.635 158.011 -11.343 -68.992 155.432
3 0 -11.343 -68.992 155.432 -10.855 -68.849 155.887 -12.393 -71.480 158.463
3 0 -12.095 -71.149 158.981 -12.393 -71.480 158.463 -10.855 -68.849 155.887
3 0 -10.855 -68.849 155.887 -10.556 -68.533 156.414 -12.095 -71.149 158.981
3 0 -12.032 -70.693 159.485 -12.095 -71.149 158.981 -10.556 -68.533 156.414
3 0 -10.556 -68.533 156.414 -10.492 -68.092 156.931 -12.032 -70.693 159.485
3 0 -12.213 -70.181 159.899 -12.032 -70.693 159.485 -10.492 -68.092 156.931
3 0 -10.492 -68.092 156.931 -10.673 -67.593 157.360 -12.213 -70.181 159.899
3 0 -12.611 -69.692 160.160 -12.213 -70.181 159.899 -10.673 -67.593 157.360
3 0 -10.673 -67.593 157.360 -11.071 -67.111 157.636 -12.611 -69.692 160.160
3 0 -13.166 -69.299 160.228 -12.611 -69.692 160.160 -11.071 -67.111 157.636
3 0 -11.071 -67.111 157.636 -11.625 -66.721 157.716 -13.166 -69.299 160.228
3 0 -13.792 -69.063 160.093 -13.166 -69.299 160.228 -11.625 -66.721 157.716
3 0 -11.625 -66.721 157.716 -12.252 -66.481 157.589 -13.792 -69.063 160.093
3 0 -14.395 -69.019 159.775 -13.792 -69.063 160.093 -12.252 -66.481 157.589
3 0 -12.252 -66.481 157.589 -12.855 -66.429 157.274 -14.395 -69.019 159.775
3 0 -14.882 -69.175 159.323 -14.395 -69.019 159.775 -12.855 -66.429 157.274
3 0 -12.855 -66.429 157.274 -13.343 -66.571 156.819 -14.882 -69.175 159.323
3 0 -14.846 -68.159 154.172 -16.380 -70.839 156.721 -16.935 -70.446 156.789
3 0 -16.935 -70.446 156.789 -15.400 -67.769 154.253 -14.846 -68.159 154.172
3 0 -14.219 -68.399 154.299 -15.754 -71.075 156.856 -16.380 -70.839 156.721
3 0 -16.380 -70.839 156.721 -14.846 -68.159 154.172 -14.219 -68.399 154.299
3 0 -13.616 -68.452 154.614 -15.151 -71.119 157.174 -15.754 -71.075 156.856
3 0 -15.754 -71.075 156.856 -14.219 -68.399 154.299 -13.616 -68.452 154.614
3 0 -13.128 -68.309 155.070 -14.664 -70.963 157.626 -15.151 -71.119 157.174
3 0 -15.151 -71.119 157.174 -13.616 -68.452 154.614 -13.128 -68.309 155.070
3 0 -13.898 -66.181 156.899 -15.437 -68.782 159.391 -14.882 -69.175 159.323
3 0 -14.882 -69.175 159.323 -13.343 -66.571 156.819 -13.898 -66.181 156.899
3 0 -14.525 -65.941 156.772 -16.063 -68.546 159.256 -15.437 -68.782 159.391
3 0 -15.437 -68.782 159.391 -13.898 -66.181 156.899 -14.525 -65.941 156.772
3 0 -15.128 -65.889 156.457 -16.666 -68.503 158.938 -16.063 -68.546 159.256
3 0 -16.063 -68.546 159.256 -14.525 -65.941 156.772 -15.128 -65.889 156.457
3 0 -15.616 -66.031 156.001 -17.153 -68.658 158.486 -16.666 -68.503 158.938
3 0 -16.666 -68.503 158.938 -15.128 -65.889 156.457 -15.616 -66.031 156.001
3 0 -17.118 -67.619 153.355 -18.650 -70.322 155.884 -19.205 -69.930 155.952
3 0 -19.205 -69.930 155.952 -17.672 -67.229 153.435 -17.118 -67.619 153.355
3 0 -16.491 -67.859 153.482 -18.024 -70.558 156.019 -18.650 -70.322 155.884
3 0 -18.650 -70.322 155.884 -17.118 -67.619 153.355 -16.491 -67.859 153.482
3 0 -15.888 -67.912 153.797 -17.421 -70.602 156.337 -18.024 -70.558 156.019
3 0 -18.024 -70.558 156.019 -16.491 -67.859 153.482 -15.888 -67.912 153.797
3 0 -15.400 -67.769 154.253 -16.935 -70.446 156.789 -17.421 -70.602 156.337
3 0 -17.421 -70.602 156.337 -15.888 -67.912 153.797 -15.400 -67.769 154.253
3 0 -16.170 -65.641 156.082 -17.707 -68.266 158.554 -17.153 -68.658 158.486
3 0 -17.153 -68.658 158.486 -15.616 -66.031 156.001 -16.170 -65.641 156.082
3 0 -16.797 -65.401 155.955 -18.333 -68.030 158.419 -17.707 -68.266 158.554
3 0 -17.707 -68.266 158.554 -16.170 -65.641 156.082 -16.797 -65.401 155.955
3 0 -17.400 -65.349 155.640 -18.936 -67.986 158.101 -18.333 -68.030 158.419
3 0 -18.333 -68.030 158.419 -16.797 -65.401 155.955 -17.400 -65.349 155.640
3 0 -17.888 -65.491 155.184 -19.423 -68.142 157.649 -18.936 -67.986 158.101
3 0 -18.936 -67.986 158.101 -17.400 -65.349 155.640 -17.888 -65.491 155.184
3 0 -19.978 -67.749 157.717 -19.423 -68.142 157.649 -17.888 -65.491 155.184
3 0 -17.888 -65.491 155.184 -18.443 -65.101 155.265 -19.978 -67.749 157.717
3 0 -20.604 -67.513 157.582 -19.978 -67.749 157.717 -18.443 -65.101 155.265
3 0 -18.443 -65.101 155.265 -19.069 -64.861 155.138 -20.604 -67.513 157.582
3 0 -21.207 -67.469 157.264 -20.604 -67.513 157.582 -19.069 -64.861 155.138
3 0 -19.069 -64.861 155.138 -19.673 -64.809 154.822 -21.207 -67.469 157.264
3 0 -21.695 -67.625 156.812 -21.207 -67.469 157.264 -19.673 -64.809 154.822
3 0 -19.673 -64.809 154.822 -20.161 -64.951 154.367 -21.695 -67.625 156.812
3 0 -21.993 -67.956 156.295 -21.695 -67.625 156.812 -20.161 -64.951 154.367
3 0 -20.161 -64.951 154.367 -20.460 -65.267 153.840 -21.993 -67.956 156.295
3 0 -22.056 -68.412 155.790 -21.993 -67.956 156.295 -20.460 -65.267 153.840
3 0 -20.460 -65.267 153.840 -20.524 -65.708 153.323 -22.056 -68.412 155.790
3 0 -21.874 -68.924 155.376 -22.056 -68.412 155.790 -20.524 -65.708 153.323
3 0 -20.524 -65.708 153.323 -20.343 -66.207 152.894 -21.874 -68.924 155.376
3 0 -21.476 -69.413 155.115 -21.874 -68.924 155.376 -20.343 -66.207 152.894
3 0 -20.343 -66.207 152.894 -19.945 -66.689 152.618 -21.476 -69.413 155.115
3 0 -20.922 -69.806 155.047 -21.476 -69.413 155.115 -19.945 -66.689 152.618
3 0 -19.945 -66.689 152.618 -19.391 -67.079 152.538 -20.922 -69.806 155.047
3 0 -20.295 -70.042 155.182 -20.922 -69.806 155.047 -19.391 -67.079 152.538
3 0 -19.391 -67.079 152.538 -18.764 -67.319 152.665 -20.295 -70.042 155.182
3 0 -19.693 -70.085 155.500 -20.295 -70.042 155.182 -18.764 -67.319 152.665
3 0 -18.764 -67.319 152.665 -18.161 -67.372 152.980 -19.693 -70.085 155.500
3 0 -19.205 -69.930 155.952 -19.693 -70.085 155.500 -18.161 -67.372 152.980
3 0 -18.161 -67.372 152.980 -17.672 -67.229 153.435 -19.205 -69.930 155.952
3 0 -15.643 -73.924 160.211 -16.197 -73.530 160.267 -14.664 -70.963 157.626
3 0 -14.664 -70.963 157.626 -14.109 -71.356 157.558 -15.643 -73.924 160.211
3 0 -15.016 -74.154 160.353 -15.643 -73.924 160.211 -14.109 -71.356 157.558
3 0 -14.109 -71.356 157.558 -13.483 -71.592 157.693 -15.016 -74.154 160.353
3 0 -14.412 -74.186 160.671 -15.016 -74.154 160.353 -13.483 -71.592 157.693
3 0 -13.483 -71.592 157.693 -12.880 -71.635 158.011 -14.412 -74.186 160.671
3 0 -13.924 -74.014 161.115 -14.412 -74.186 160.671 -12.880 -71.635 158.011
3 0 -12.880 -71.635 158.011 -12.393 -71.480 158.463 -13.924 -74.014 161.115
3 0 -13.624 -73.664 161.620 -13.924 -74.014 161.115 -12.393 -71.480 158.463
3 0 -12.393 -71.480 158.463 -12.095 -71.149 158.981 -13.624 -73.664 161.620
3 0 -13.560 -73.190 162.107 -13.624 -73.664 161.620 -12.095 -71.149 158.981
3 0 -12.095 -71.149 158.981 -12.032 -70.693 159.485 -13.560 -73.190 162.107
3 0 -13.741 -72.664 162.503 -13.560 -73.190 162.107 -12.032 -70.693 159.485
3 0 -12.032 -70.693 159.485 -12.213 -70.181 159.899 -13.741 -72.664 162.503
3 0 -14.139 -72.165 162.747 -13.741 -72.664 162.503 -12.213 -70.181 159.899
3 0 -12.213 -70.181 159.899 -12.611 -69.692 160.160 -14.139 -72.165 162.747
3 0 -14.694 -71.771 162.803 -14.139 -72.165 162.747 -12.611 -69.692 160.160
3 0 -12.611 -69.692 160.160 -13.166 -69.299 160.228 -14.694 -71.771 162.803
3 0 -15.321 -71.541 162.661 -14.694 -71.771 162.803 -13.166 -69.299 160.228
3 0 -13.166 -69.299 160.228 -13.792 -69.063 160.093 -15.321 -71.541 162.661
3 0 -15.924 -71.509 162.343 -15.321 -71.541 162.661 -13.792 -69.063 160.093
3 0 -13.792 -69.063 160.093 -14.395 -69.019 159.775 -15.924 -71.509 162.343
3 0 -16.413 -71.681 161.898 -15.924 -71.509 162.343 -14.395 -69.019 159.775
3 0 -14.395 -69.019 159.775 -14.882 -69.175 159.323 -16.413 -71.681 161.898
3 0 -16.380 -70.839 156.721 -17.916 -73.440 159.362 -18.471 -73.045 159.418
3 0 -18.471 -73.045 159.418 -16.935 -70.446 156.789 -16.380 -70.839 156.721
3 0 -15.754 -71.075 156.856 -17.290 -73.670 159.504 -17.916 -73.440 159.362
3 0 -17.916 -73.440 159.362 -16.380 -70.839 156.721 -15.754 -71.075 156.856
3 0 -15.151 -71.119 157.174 -16.686 -73.702 159.822 -17.290 -73.670 159.504
3 0 -17.290 -73.670 159.504 -15.754 -71.075 156.856 -15.151 -71.119 157.174
3 0 -14.664 -70.963 157.626 -16.197 -73.530 160.267 -16.686 -73.702 159.822
3 0 -16.686 -73.702 159.822 -15.151 -71.119 157.174 -14.664 -70.963 157.626
3 0 -15.437 -68.782 159.391 -16.968 -71.287 161.954 -16.413 -71.681 161.898
3 0 -16.413 -71.681 161.898 -14.882 -69.175 159.323 -15.437 -68.782 159.391
3 0 -16.063 -68.546 159.256 -17.595 -71.056 161.812 -16.968 -71.287 161.954
3 0 -16.968 -71.287 161.954 -15.437 -68.782 159.391 -16.063 -68.546 159.256
3 0 -16.666 -68.503 158.938 -18.198 -71.025 161.494 -17.595 -71.056 161.812
3 0 -17.595 -71.056 161.812 -16.063 -68.546 159.256 -16.666 -68.503 158.938
3 0 -17.153 -68.658 158.486 -18.687 -71.197 161.049 -18.198 -71.025 161.494
3 0 -18.198 -71.025 161.494 -16.666 -68.503 158.938 -17.153 -68.658 158.486
3 0 -18.650 -70.322 155.884 -20.189 -72.956 158.514 -20.744 -72.561 158.569
3 0 -20.744 -72.561 158.569 -19.205 -69.930 155.952 -18.650 -70.322 155.884
3 0 -18.024 -70.558 156.019 -19.563 -73.186 158.656 -20.189 -72.956 158.514
3 0 -20.189 -72.956 158.514 -18.650 -70.322 155.884 -18.024 -70.558 156.019
3 0 -17.421 -70.602 156.337 -18.959 -73.218 158.973 -19.563 -73.186 158.656
3 0 -19.563 -73.186 158.656 -18.024 -70.558 156.019 -17.421 -70.602 156.337
3 0 -16.935 -70.446 156.789 -18.471 -73.045 159.418 -18.959 -73.218 158.973
3 0 -18.959 -73.218 158.973 -17.421 -70.602 156.337 -16.935 -70.446 156.789
3 0 -17.707 -68.266 158.554 -19.241 -70.803 161.105 -18.687 -71.197 161.049
3 0 -18.687 -71.197 161.049 -17.153 -68.658 158.486 -17.707 -68.266 158.554
3 0 -18.333 -68.030 158.419 -19.867 -70.572 160.963 -19.241 -70.803 161.105
3 0 -19.241 -70.803 161.105 -17.707 -68.266 158.554 -18.333 -68.030 158.419
3 0 -18.936 -67.986 158.101 -20.471 -70.541 160.646 -19.867 -70.572 160.963
3 0 -19.867 -70.572 160.963 -18.333 -68.030 158.419 -18.936 -67.986 158.101
3 0 -19.423 -68.142 157.649 -20.960 -70.713 160.201 -20.471 -70.541 160.646
3 0 -20.471 -70.541 160.646 -18.936 -67.986 158.101 -19.423 -68.142 157.649
3 0 -21.514 -70.319 160.256 -20.960 -70.713 160.201 -19.423 -68.142 157.649
3 0 -19.423 -68.142 157.649 -19.978 -67.749 157.717 -21.514 -70.319 160.256
3 0 -22.141 -70.088 160.114 -21.514 -70.319 160.256 -19.978 -67.749 157.717
3 0 -19.978 -67.749 157.717 -20.604 -67.513 157.582 -22.141 -70.088 160.114
3 0 -22.745 -70.057 159.797 -22.141 -70.088 160.114 -20.604 -67.513 157.582
3 0 -20.604 -67.513 157.582 -21.207 -67.469 157.264 -22.745 -70.057 159.797
3 0 -23.234 -70.229 159.352 -22.745 -70.057 159.797 -21.207 -67.469 157.264
3 0 -21.207 -67.469 157.264 -21.695 -67.625 156.812 -23.234 -70.229 159.352
3 0 -23.533 -70.579 158.847 -23.234 -70.229 159.352 -21.695 -67.625 156.812
3 0 -21.695 -67.625 156.812 -21.993 -67.956 156.295 -23.533 -70.579 158.847
3 0 -23.597 -71.053 158.360 -23.533 -70.579 158.847 -21.993 -67.956 156.295
3 0 -21.993 -67.956 156.295 -22.056 -68.412 155.790 -23.597 -71.053 158.360
3 0 -23.416 -71.579 157.964 -23.597 -71.053 158.360 -22.056 -68.412 155.790
3 0 -22.056 -68.412 155.790 -21.874 -68.924 155.376 -23.416 -71.579 157.964
3 0 -23.018 -72.077 157.720 -23.416 -71.579 157.964 -21.874 -68.924 155.376
3 0 -21.874 -68.924 155.376 -21.476 -69.413 155.115 -23.018 -72.077 157.720
3 0 -22.463 -72.471 157.665 -23.018 -72.077 157.720 -21.476 -69.413 155.115
3 0 -21.476 -69.413 155.115 -20.922 -69.806 155.047 -22.463 -72.471 157.665
3 0 -21.836 -72.702 157.807 -22.463 -72.471 157.665 -20.922 -69.806 155.047
3 0 -20.922 -69.806 155.047 -20.295 -70.042 155.182 -21.836 -72.702 157.807
3 0 -21.233 -72.733 158.124 -21.836 -72.702 157.807 -20.295 -70.042 155.182
3 0 -20.295 -70.042 155.182 -19.693 -70.085 155.500 -21.233 -72.733 158.124
3 0 -20.744 -72.561 158.569 -21.233 -72.733 158.124 -19.693 -70.085 155.500
3 0 -19.693 -70.085 155.500 -19.205 -69.930 155.952 -20.744 -72.561 158.569
3 0 -17.155 -76.383 162.968 -17.710 -75.988 163.011 -16.197 -73.530 160.267
3 0 -16.197 -73.530 160.267 -15.643 -73.924 160.211 -17.155 -76.383 162.968
3 0 -16.527 -76.606 163.115 -17.155 -76.383 162.968 -15.643 -73.924 160.211
3 0 -15.643 -73.924 160.211 -15.016 -74.154 160.353 -16.527 -76.606 163.115
3 0 -15.920 -76.623 163.428 -16.527 -76.606 163.115 -15.016 -74.154 160.353
3 0 -15.016 -74.154 160.353 -14.412 -74.186 160.671 -15.920 -76.623 163.428
3 0 -15.428 -76.430 163.861 -15.920 -76.623 163.428 -14.412 -74.186 160.671
3 0 -14.412 -74.186 160.671 -13.924 -74.014 161.115 -15.428 -76.430 163.861
3 0 -15.126 -76.059 164.348 -15.428 -76.430 163.861 -13.924 -74.014 161.115
3 0 -13.924 -74.014 161.115 -13.624 -73.664 161.620 -15.126 -76.059 164.348
3 0 -15.059 -75.564 164.814 -15.126 -76.059 164.348 -13.624 -73.664 161.620
3 0 -13.624 -73.664 161.620 -13.560 -73.190 162.107 -15.059 -75.564 164.814
3 0 -15.238 -75.022 165.188 -15.059 -75.564 164.814 -13.560 -73.190 162.107
3 0 -13.560 -73.190 162.107 -13.741 -72.664 162.503 -15.238 -75.022 165.188
3 0 -15.635 -74.514 165.414 -15.238 -75.022 165.188 -13.741 -72.664 162.503
3 0 -13.741 -72.664 162.503 -14.139 -72.165 162.747 -15.635 -74.514 165.414
3 0 -16.190 -74.119 165.457 -15.635 -74.514 165.414 -14.139 -72.165 162.747
3 0 -14.139 -72.165 162.747 -14.694 -71.771 162.803 -16.190 -74.119 165.457
3 0 -16.819 -73.896 165.310 -16.190 -74.119 165.457 -14.694 -71.771 162.803
3 0 -14.694 -71.771 162.803 -15.321 -71.541 162.661 -16.819 -73.896 165.310
3 0 -17.425 -73.880 164.997 -16.819 -73.896 165.310 -15.321 -71.541 162.661
3 0 -15.321 -71.541 162.661 -15.924 -71.509 162.343 -17.425 -73.880 164.997
3 0 -17.917 -74.072 164.564 -17.425 -73.880 164.997 -15.924 -71.509 162.343
3 0 -15.924 -71.509 162.343 -16.413 -71.681 161.898 -17.917 -74.072 164.564
3 0 -17.916 -73.440 159.362 -19.437 -75.941 162.118 -19.992 -75.545 162.161
3 0 -19.992 -75.545 162.161 -18.471 -73.045 159.418 -17.916 -73.440 159.362
3 0 -17.290 -73.670 159.504 -18.808 -76.163 162.265 -19.437 -75.941 162.118
3 0 -19.437 -75.941 162.118 -17.916 -73.440 159.362 -17.290 -73.670 159.504
3 0 -16.686 -73.702 159.822 -18.202 -76.180 162.578 -18.808 -76.163 162.265
3 0 -18.808 -76.163 162.265 -17.290 -73.670 159.504 -16.686 -73.702 159.822
3 0 -16.197 -73.530 160.267 -17.710 -75.988 163.011 -18.202 -76.180 162.578
3 0 -18.202 -76.180 162.578 -16.686 -73.702 159.822 -16.197 -73.530 160.267
3 0 -16.968 -71.287 161.954 -18.472 -73.677 164.607 -17.917 -74.072 164.564
3 0 -17.917 -74.072 164.564 -16.413 -71.681 161.898 -16.968 -71.287 161.954
3 0 -17.595 -71.056 161.812 -19.101 -73.454 164.460 -18.472 -73.677 164.607
3 0 -18.472 -73.677 164.607 -16.968 -71.287 161.954 -17.595 -71.056 161.812
3 0 -18.198 -71.025 161.494 -19.707 -73.437 164.147 -19.101 -73.454 164.460
3 0 -19.101 -73.454 164.460 -17.595 -71.056 161.812 -18.198 -71.025 161.494
3 0 -18.687 -71.197 161.049 -20.199 -73.629 163.714 -19.707 -73.437 164.147
3 0 -19.707 -73.437 164.147 -18.198 -71.025 161.494 -18.687 -71.197 161.049
3 0 -20.189 -72.956 158.514 -21.718 -75.498 161.269 -22.273 -75.103 161.312
3 0 -22.273 -75.103 161.312 -20.744 -72.561 158.569 -20.189 -72.956 158.514
3 0 -19.563 -73.186 158.656 -21.090 -75.721 161.415 -21.718 -75.498 161.269
3 0 -21.718 -75.498 161.269 -20.189 -72.956 158.514 -19.563 -73.186 158.656
3 0 -18.959 -73.218 158.973 -20.483 -75.738 161.729 -21.090 -75.721 161.415
3 0 -21.090 -75.721 161.415 -19.563 -73.186 158.656 -18.959 -73.218 158.973
3 0 -18.471 -73.045 159.418 -19.992 -75.545 162.161 -20.483 -75.738 161.729
3 0 -20.483 -75.738 161.729 -18.959 -73.218 158.973 -18.471 -73.045 159.418
3 0 -19.241 -70.803 161.105 -20.753 -73.234 163.757 -20.199 -73.629 163.714
3 0 -20.199 -73.629 163.714 -18.687 -71.197 161.049 -19.241 -70.803 161.105
3 0 -19.867 -70.572 160.963 -21.382 -73.011 163.611 -20.753 -73.234 163.757
3 0 -20.753 -73.234 163.757 -19.241 -70.803 161.105 -19.867 -70.572 160.963
3 0 -20.471 -70.541 160.646 -21.988 -72.995 163.297 -21.382 -73.011 163.611
3 0 -21.382 -73.011 163.611 -19.867 -70.572 160.963 -20.471 -70.541 160.646
3 0 -20.960 -70.713 160.201 -22.480 -73.187 162.864 -21.988 -72.995 163.297
3 0 -21.988 -72.995 163.297 -20.471 -70.541 160.646 -20.960 -70.713 160.201
3 0 -23.035 -72.792 162.907 -22.480 -73.187 162.864 -20.960 -70.713 160.201
3 0 -20.960 -70.713 160.201 -21.514 -70.319 160.256 -23.035 -72.792 162.907
3 0 -23.664 -72.569 162.761 -23.035 -72.792 162.907 -21.514 -70.319 160.256
3 0 -21.514 -70.319 160.256 -22.141 -70.088 160.114 -23.664 -72.569 162.761
3 0 -24.270 -72.552 162.447 -23.664 -72.569 162.761 -22.141 -70.088 160.114
3 0 -22.141 -70.088 160.114 -22.745 -70.057 159.797 -24.270 -72.552 162.447
3 0 -24.762 -72.744 162.014 -24.270 -72.552 162.447 -22.745 -70.057 159.797
3 0 -22.745 -70.057 159.797 -23.234 -70.229 159.352 -24.762 -72.744 162.014
3 0 -25.064 -73.116 161.528 -24.762 -72.744 162.014 -23.234 -70.229 159.352
3 0 -23.234 -70.229 159.352 -23.533 -70.579 158.847 -25.064 -73.116 161.528
3 0 -25.131 -73.611 161.062 -25.064 -73.116 161.528 -23.533 -70.579 158.847
3 0 -23.533 -70.579 158.847 -23.597 -71.053 158.360 -25.131 -73.611 161.062
3 0 -24.952 -74.153 160.688 -25.131 -73.611 161.062 -23.597 -71.053 158.360
3 0 -23.597 -71.053 158.360 -23.416 -71.579 157.964 -24.952 -74.153 160.688
3 0 -24.555 -74.660 160.462 -24.952 -74.153 160.688 -23.416 -71.579 157.964
3 0 -23.416 -71.579 157.964 -23.018 -72.077 157.720 -24.555 -74.660 160.462
3 0 -24.000 -75.056 160.419 -24.555 -74.660 160.462 -23.018 -72.077 157.720
3 0 -23.018 -72.077 157.720 -22.463 -72.471 157.665 -24.000 -75.056 160.419
3 0 -23.371 -75.278 160.565 -24.000 -75.056 160.419 -22.463 -72.471 157.665
3 0 -22.463 -72.471 157.665 -21.836 -72.702 157.807 -23.371 -75.278 160.565
3 0 -22.765 -75.295 160.879 -23.371 -75.278 160.565 -21.836 -72.702 157.807
3 0 -21.836 -72.702 157.807 -21.233 -72.733 158.124 -22.765 -75.295 160.879
3 0 -22.273 -75.103 161.312 -22.765 -75.295 160.879 -21.233 -72.733 158.124
3 0 -21.233 -72.733 158.124 -20.744 -72.561 158.569 -22.273 -75.103 161.312
3 0 -18.626 -78.712 165.848 -19.182 -78.317 165.879 -17.710 -75.988 163.011
3 0 -17.710 -75.988 163.011 -17.155 -76.383 162.968 -18.626 -78.712 165.848
3 0 -17.994 -78.925 165.996 -18.626 -78.712 165.848 -17.155 -76.383 162.968
3 0 -17.155 -76.383 162.968 -16.527 -76.606 163.115 -17.994 -78.925 165.996
3 0 -17.383 -78.923 166.300 -17.994 -78.925 165.996 -16.527 -76.606 163.115
3 0 -16.527 -76.606 163.115 -15.920 -76.623 163.428 -17.383 -78.923 166.300
3 0 -16.886 -78.707 166.714 -17.383 -78.923 166.300 -15.920 -76.623 163.428
3 0 -15.920 -76.623 163.428 -15.428 -76.430 163.861 -16.886 -78.707 166.714
3 0 -16.577 -78.309 167.176 -16.886 -78.707 166.714 -15.428 -76.430 163.861
3 0 -15.428 -76.430 163.861 -15.126 -76.059 164.348 -16.577 -78.309 167.176
3 0 -16.505 -77.790 167.614 -16.577 -78.309 167.176 -15.126 -76.059 164.348
3 0 -15.126 -76.059 164.348 -15.059 -75.564 164.814 -16.505 -77.790 167.614
3 0 -16.680 -77.230 167.962 -16.505 -77.790 167.614 -15.059 -75.564 164.814
3 0 -15.059 -75.564 164.814 -15.238 -75.022 165.188 -16.680 -77.230 167.962
3 0 -17.076 -76.712 168.167 -16.680 -77.230 167.962 -15.238 -75.022 165.188
3 0 -15.238 -75.022 165.188 -15.635 -74.514 165.414 -17.076 -76.712 168.167
3 0 -17.632 -76.317 168.198 -17.076 -76.712 168.167 -15.635 -74.514 165.414
3 0 -15.635 -74.514 165.414 -16.190 -74.119 165.457 -17.632 -76.317 168.198
3 0 -18.263 -76.105 168.050 -17.632 -76.317 168.198 -16.190 -74.119 165.457
3 0 -16.190 -74.119 165.457 -16.819 -73.896 165.310 -18.263 -76.105 168.050
3 0 -18.875 -76.106 167.746 -18.263 -76.105 168.050 -16.819 -73.896 165.310
3 0 -16.819 -73.896 165.310 -17.425 -73.880 164.997 -18.875 -76.106 167.746
3 0 -19.372 -76.323 167.332 -18.875 -76.106 167.746 -17.425 -73.880 164.997
3 0 -17.425 -73.880 164.997 -17.917 -74.072 164.564 -19.372 -76.323 167.332
3 0 -19.437 -75.941 162.118 -20.923 -78.322 165.012 -21.479 -77.927 165.043
3 0 -21.479 -77.927 165.043 -19.992 -75.545 162.161 -19.437 -75.941 162.118
3 0 -18.808 -76.163 162.265 -20.291 -78.535 165.160 -20.923 -78.322 165.012
3 0 -20.923 -78.322 165.012 -19.437 -75.941 162.118 -18.808 -76.163 162.265
3 0 -18.202 -76.180 162.578 -19.680 -78.533 165.464 -20.291 -78.535 165.160
3 0 -20.291 -78.535 165.160 -18.808 -76.163 162.265 -18.202 -76.180 162.578
3 0 -17.710 -75.988 163.011 -19.182 -78.317 165.879 -19.680 -78.533 165.464
3 0 -19.680 -78.533 165.464 -18.202 -76.180 162.578 -17.710 -75.988 163.011
3 0 -18.472 -73.677 164.607 -19.928 -75.927 167.363 -19.372 -76.323 167.332
3 0 -19.372 -76.323 167.332 -17.917 -74.072 164.564 -18.472 -73.677 164.607
3 0 -19.101 -73.454 164.460 -20.560 -75.715 167.215 -19.928 -75.927 167.363
3 0 -19.928 -75.927 167.363 -18.472 -73.677 164.607 -19.101 -73.454 164.460
3 0 -19.707 -73.437 164.147 -21.171 -75.716 166.910 -20.560 -75.715 167.215
3 0 -20.560 -75.715 167.215 -19.101 -73.454 164.460 -19.707 -73.437 164.147
3 0 -20.199 -73.629 163.714 -21.669 -75.933 166.496 -21.171 -75.716 166.910
3 0 -21.171 -75.716 166.910 -19.707 -73.437 164.147 -20.199 -73.629 163.714
3 0 -21.718 -75.498 161.269 -23.219 -77.933 164.176 -23.775 -77.537 164.207
3 0 -23.775 -77.537 164.207 -22.273 -75.103 161.312 -21.718 -75.498 161.269
3 0 -21.090 -75.721 161.415 -22.587 -78.145 164.324 -23.219 -77.933 164.176
3 0 -23.219 -77.933 164.176 -21.718 -75.498 161.269 -21.090 -75.721 161.415
3 0 -20.483 -75.738 161.729 -21.976 -78.144 164.629 -22.587 -78.145 164.324
3 0 -22.587 -78.145 164.324 -21.090 -75.721 161.415 -20.483 -75.738 161.729
3 0 -19.992 -75.545 162.161 -21.479 -77.927 165.043 -21.976 -78.144 164.629
3 0 -21.976 -78.144 164.629 -20.483 -75.738 161.729 -19.992 -75.545 162.161
3 0 -20.753 -73.234 163.757 -22.224 -75.538 166.527 -21.669 -75.933 166.496
3 0 -21.669 -75.933 166.496 -20.199 -73.629 163.714 -20.753 -73.234 163.757
3 0 -21.382 -73.011 163.611 -22.856 -75.325 166.379 -22.224 -75.538 166.527
3 0 -22.224 -75.538 166.527 -20.753 -73.234 163.757 -21.382 -73.011 163.611
3 0 -21.988 -72.995 163.297 -23.467 -75.327 166.075 -22.856 -75.325 166.379
3 0 -22.856 -75.325 166.379 -21.382 -73.011 163.611 -21.988 -72.995 163.297
3 0 -22.480 -73.187 162.864 -23.965 -75.543 165.660 -23.467 -75.327 166.075
3 0 -23.467 -75.327 166.075 -21.988 -72.995 163.297 -22.480 -73.187 162.864
3 0 -24.521 -75.148 165.691 -23.965 -75.543 165.660 -22.480 -73.187 162.864
3 0 -22.480 -73.187 162.864 -23.035 -72.792 162.907 -24.521 -75.148 165.691
3 0 -25.153 -74.935 165.543 -24.521 -75.148 165.691 -23.035 -72.792 162.907
3 0 -23.035 -72.792 162.907 -23.664 -72.569 162.761 -25.153 -74.935 165.543
3 0 -25.764 -74.937 165.239 -25.153 -74.935 165.543 -23.664 -72.569 162.761
3 0 -23.664 -72.569 162.761 -24.270 -72.552 162.447 -25.764 -74.937 165.239
3 0 -26.262 -75.153 164.825 -25.764 -74.937 165.239 -24.270 -72.552 162.447
3 0 -24.270 -72.552 162.447 -24.762 -72.744 162.014 -26.262 -75.153 164.825
3 0 -26.570 -75.551 164.363 -26.262 -75.153 164.825 -24.762 -72.744 162.014
3 0 -24.762 -72.744 162.014 -25.064 -73.116 161.528 -26.570 -75.551 164.363
3 0 -26.642 -76.070 163.925 -26.570 -75.551 164.363 -25.064 -73.116 161.528
3 0 -25.064 -73.116 161.528 -25.131 -73.611 161.062 -26.642 -76.070 163.925
3 0 -26.467 -76.630 163.577 -26.642 -76.070 163.925 -25.131 -73.611 161.062
3 0 -25.131 -73.611 161.062 -24.952 -74.153 160.688 -26.467 -76.630 163.577
3 0 -26.072 -77.148 163.372 -26.467 -76.630 163.577 -24.952 -74.153 160.688
3 0 -24.952 -74.153 160.688 -24.555 -74.660 160.462 -26.072 -77.148 163.372
3 0 -25.516 -77.543 163.341 -26.072 -77.148 163.372 -24.555 -74.660 160.462
3 0 -24.555 -74.660 160.462 -24.000 -75.056 160.419 -25.516 -77.543 163.341
3 0 -24.884 -77.756 163.489 -25.516 -77.543 163.341 -24.000 -75.056 160.419
3 0 -24.000 -75.056 160.419 -23.371 -75.278 160.565 -24.884 -77.756 163.489
3 0 -24.273 -77.754 163.793 -24.884 -77.756 163.489 -23.371 -75.278 160.565
3 0 -23.371 -75.278 160.565 -22.765 -75.295 160.879 -24.273 -77.754 163.793
3 0 -23.775 -77.537 164.207 -24.273 -77.754 163.793 -22.765 -75.295 160.879
3 0 -22.765 -75.295 160.879 -22.273 -75.103 161.312 -23.775 -77.537 164.207
3 0 -20.024 -80.868 168.882 -20.581 -80.474 168.901 -19.182 -78.317 165.879
3 0 -19.182 -78.317 165.879 -18.626 -78.712 165.848 -20.024 -80.868 168.882
3 0 -19.388 -81.068 169.026 -20.024 -80.868 168.882 -18.626 -78.712 165.848
3 0 -18.626 -78.712 165.848 -17.994 -78.925 165.996 -19.388 -81.068 169.026
3 0 -18.769 -81.043 169.314 -19.388 -81.068 169.026 -17.994 -78.925 165.996
3 0 -17.994 -78.925 165.996 -17.383 -78.923 166.300 -18.769 -81.043 169.314
3 0 -18.262 -80.798 169.700 -18.769 -81.043 169.314 -17.383 -78.923 166.300
3 0 -17.383 -78.923 166.300 -16.886 -78.707 166.714 -18.262 -80.798 169.700
3 0 -17.944 -80.369 170.126 -18.262 -80.798 169.700 -16.886 -78.707 166.714
3 0 -16.886 -78.707 166.714 -16.577 -78.309 167.176 -17.944 -80.369 170.126
3 0 -17.863 -79.823 170.527 -17.944 -80.369 170.126 -16.577 -78.309 167.176
3 0 -16.577 -78.309 167.176 -16.505 -77.790 167.614 -17.863 -79.823 170.527
3 0 -18.032 -79.241 170.842 -17.863 -79.823 170.527 -16.505 -77.790 167.614
3 0 -16.505 -77.790 167.614 -16.680 -77.230 167.962 -18.032 -79.241 170.842
3 0 -18.426 -78.713 171.023 -18.032 -79.241 170.842 -16.680 -77.230 167.962
3 0 -16.680 -77.230 167.962 -17.076 -76.712 168.167 -18.426 -78.713 171.023
3 0 -18.983 -78.319 171.042 -18.426 -78.713 171.023 -17.076 -76.712 168.167
3 0 -17.076 -76.712 168.167 -17.632 -76.317 168.198 -18.983 -78.319 171.042
3 0 -19.619 -78.119 170.897 -18.983 -78.319 171.042 -17.632 -76.317 168.198
3 0 -17.632 -76.317 168.198 -18.263 -76.105 168.050 -19.619 -78.119 170.897
3 0 -20.238 -78.143 170.610 -19.619 -78.119 170.897 -18.263 -76.105 168.050
3 0 -18.263 -76.105 168.050 -18.875 -76.106 167.746 -20.238 -78.143 170.610
3 0 -20.745 -78.389 170.224 -20.238 -78.143 170.610 -18.875 -76.106 167.746
3 0 -18.875 -76.106 167.746 -19.372 -76.323 167.332 -20.745 -78.389 170.224
3 0 -20.923 -78.322 165.012 -22.344 -80.543 168.083 -22.901 -80.149 168.102
3 0 -22.901 -80.149 168.102 -21.479 -77.927 165.043 -20.923 -78.322 165.012
3 0 -20.291 -78.535 165.160 -21.708 -80.743 168.228 -22.344 -80.543 168.083
3 0 -22.344 -80.543 168.083 -20.923 -78.322 165.012 -20.291 -78.535 165.160
3 0 -19.680 -78.533 165.464 -21.089 -80.719 168.515 -21.708 -80.743 168.228
3 0 -21.708 -80.743 168.228 -20.291 -78.535 165.160 -19.680 -78.533 165.464
3 0 -19.182 -78.317 165.879 -20.581 -80.474 168.901 -21.089 -80.719 168.515
3 0 -21.089 -80.719 168.515 -19.680 -78.533 165.464 -19.182 -78.317 165.879
3 0 -19.928 -75.927 167.363 -21.303 -77.995 170.243 -20.745 -78.389 170.224
3 0 -20.745 -78.389 170.224 -19.372 -76.323 167.332 -19.928 -75.927 167.363
3 0 -20.560 -75.715 167.215 -21.939 -77.795 170.098 -21.303 -77.995 170.243
3 0 -21.303 -77.995 170.243 -19.928 -75.927 167.363 -20.560 -75.715 167.215
3 0 -21.171 -75.716 166.910 -22.558 -77.819 169.811 -21.939 -77.795 170.098
3 0 -21.939 -77.795 170.098 -20.560 -75.715 167.215 -21.171 -75.716 166.910
3 0 -21.669 -75.933 166.496 -23.065 -78.064 169.425 -22.558 -77.819 169.811
3 0 -22.558 -77.819 169.811 -21.171 -75.716 166.910 -21.669 -75.933 166.496
3 0 -23.219 -77.933 164.176 -24.663 -80.219 167.284 -25.220 -79.825 167.304
3 0 -25.220 -79.825 167.304 -23.775 -77.537 164.207 -23.219 -77.933 164.176
3 0 -22.587 -78.145 164.324 -24.027 -80.419 167.429 -24.663 -80.219 167.284
3 0 -24.663 -80.219 167.284 -23.219 -77.933 164.176 -22.587 -78.145 164.324
3 0 -21.976 -78.144 164.629 -23.408 -80.395 167.716 -24.027 -80.419 167.429
3 0 -24.027 -80.419 167.429 -22.587 -78.145 164.324 -21.976 -78.144 164.629
3 0 -21.479 -77.927 165.043 -22.901 -80.149 168.102 -23.408 -80.395 167.716
3 0 -23.408 -80.395 167.716 -21.976 -78.144 164.629 -21.479 -77.927 165.043
3 0 -22.224 -75.538 166.527 -23.622 -77.670 169.445 -23.065 -78.064 169.425
3 0 -23.065 -78.064 169.425 -21.669 -75.933 166.496 -22.224 -75.538 166.527
3 0 -22.856 -75.325 166.379 -24.258 -77.470 169.300 -23.622 -77.670 169.445
3 0 -23.622 -77.670 169.445 -22.224 -75.538 166.527 -22.856 -75.325 166.379
3 0 -23.467 -75.327 166.075 -24.877 -77.495 169.013 -24.258 -77.470 169.300
3 0 -24.258 -77.470 169.300 -22.856 -75.325 166.379 -23.467 -75.327 166.075
3 0 -23.965 -75.543 165.660 -25.384 -77.740 168.627 -24.877 -77.495 169.013
3 0 -24.877 -77.495 169.013 -23.467 -75.327 166.075 -23.965 -75.543 165.660
3 0 -25.942 -77.346 168.646 -25.384 -77.740 168.627 -23.965 -75.543 165.660
3 0 -23.965 -75.543 165.660 -24.521 -75.148 165.691 -25.942 -77.346 168.646
3 0 -26.578 -77.146 168.501 -25.942 -77.346 168.646 -24.521 -75.148 165.691
3 0 -24.521 -75.148 165.691 -25.153 -74.935 165.543 -26.578 -77.146 168.501
3 0 -27.197 -77.170 168.214 -26.578 -77.146 168.501 -25.153 -74.935 165.543
3 0 -25.153 -74.935 165.543 -25.764 -74.937 165.239 -27.197 -77.170 168.214
3 0 -27.704 -77.416 167.828 -27.197 -77.170 168.214 -25.764 -74.937 165.239
3 0 -25.764 -74.937 165.239 -26.262 -75.153 164.825 -27.704 -77.416 167.828
3 0 -28.022 -77.844 167.402 -27.704 -77.416 167.828 -26.262 -75.153 164.825
3 0 -26.262 -75.153 164.825 -26.570 -75.551 164.363 -28.022 -77.844 167.402
3 0 -28.103 -78.391 167.001 -28.022 -77.844 167.402 -26.570 -75.551 164.363
3 0 -26.570 -75.551 164.363 -26.642 -76.070 163.925 -28.103 -78.391 167.001
3 0 -27.934 -78.973 166.686 -28.103 -78.391 167.001 -26.642 -76.070 163.925
3 0 -26.642 -76.070 163.925 -26.467 -76.630 163.577 -27.934 -78.973 166.686
3 0 -27.540 -79.501 166.505 -27.934 -78.973 166.686 -26.467 -76.630 163.577
3 0 -26.467 -76.630 163.577 -26.072 -77.148 163.372 -27.540 -79.501 166.505
3 0 -26.983 -79.895 166.485 -27.540 -79.501 166.505 -26.072 -77.148 163.372
3 0 -26.072 -77.148 163.372 -25.516 -77.543 163.341 -26.983 -79.895 166.485
3 0 -26.347 -80.095 166.630 -26.983 -79.895 166.485 -25.516 -77.543 163.341
3 0 -25.516 -77.543 163.341 -24.884 -77.756 163.489 -26.347 -80.095 166.630
3 0 -25.728 -80.070 166.918 -26.347 -80.095 166.630 -24.884 -77.756 163.489
3 0 -24.884 -77.756 163.489 -24.273 -77.754 163.793 -25.728 -80.070 166.918
3 0 -25.220 -79.825 167.304 -25.728 -80.070 166.918 -24.273 -77.754 163.793
3 0 -24.273 -77.754 163.793 -23.775 -77.537 164.207 -25.220 -79.825 167.304
3 0 -21.307 -82.797 172.095 -21.866 -82.405 172.105 -20.581 -80.474 168.901
3 0 -20.581 -80.474 168.901 -20.024 -80.868 168.882 -21.307 -82.797 172.095
3 0 -20.663 -82.981 172.231 -21.307 -82.797 172.095 -20.024 -80.868 168.882
3 0 -20.024 -80.868 168.882 -19.388 -81.068 169.026 -20.663 -82.981 172.231
3 0 -20.034 -82.931 172.490 -20.663 -82.981 172.231 -19.388 -81.068 169.026
3 0 -19.388 -81.068 169.026 -18.769 -81.043 169.314 -20.034 -82.931 172.490
3 0 -19.514 -82.652 172.835 -20.034 -82.931 172.490 -18.769 -81.043 169.314
3 0 -18.769 -81.043 169.314 -18.262 -80.798 169.700 -19.514 -82.652 172.835
3 0 -19.183 -82.189 173.212 -19.514 -82.652 172.835 -18.262 -80.798 169.700
3 0 -18.262 -80.798 169.700 -17.944 -80.369 170.126 -19.183 -82.189 173.212
3 0 -19.091 -81.611 173.563 -19.183 -82.189 173.212 -17.944 -80.369 170.126
3 0 -17.944 -80.369 170.126 -17.863 -79.823 170.527 -19.091 -81.611 173.563
3 0 -19.253 -81.006 173.836 -19.091 -81.611 173.563 -17.863 -79.823 170.527
3 0 -17.863 -79.823 170.527 -18.032 -79.241 170.842 -19.253 -81.006 173.836
3 0 -19.643 -80.467 173.989 -19.253 -81.006 173.836 -18.032 -79.241 170.842
3 0 -18.032 -79.241 170.842 -18.426 -78.713 171.023 -19.643 -80.467 173.989
3 0 -20.202 -80.075 173.999 -19.643 -80.467 173.989 -18.426 -78.713 171.023
3 0 -18.426 -78.713 171.023 -18.983 -78.319 171.042 -20.202 -80.075 173.999
3 0 -20.845 -79.891 173.863 -20.202 -80.075 173.999 -18.983 -78.319 171.042
3 0 -18.983 -78.319 171.042 -19.619 -78.119 170.897 -20.845 -79.891 173.863
3 0 -21.475 -79.941 173.604 -20.845 -79.891 173.863 -19.619 -78.119 170.897
3 0 -19.619 -78.119 170.897 -20.238 -78.143 170.610 -21.475 -79.941 173.604
3 0 -21.994 -80.220 173.259 -21.475 -79.941 173.604 -20.238 -78.143 170.610
3 0 -20.238 -78.143 170.610 -20.745 -78.389 170.224 -21.994 -80.220 173.259
3 0 -22.344 -80.543 168.083 -23.659 -82.549 171.365 -24.218 -82.158 171.375
3 0 -24.218 -82.158 171.375 -22.901 -80.149 168.102 -22.344 -80.543 168.083
3 0 -21.708 -80.743 168.228 -23.015 -82.734 171.501 -23.659 -82.549 171.365
3 0 -23.659 -82.549 171.365 -22.344 -80.543 168.083 -21.708 -80.743 168.228
3 0 -21.089 -80.719 168.515 -22.386 -82.683 171.760 -23.015 -82.734 171.501
3 0 -23.015 -82.734 171.501 -21.708 -80.743 168.228 -21.089 -80.719 168.515
3 0 -20.581 -80.474 168.901 -21.866 -82.405 172.105 -22.386 -82.683 171.760
3 0 -22.386 -82.683 171.760 -21.089 -80.719 168.515 -20.581 -80.474 168.901
3 0 -21.303 -77.995 170.243 -22.554 -79.828 173.269 -21.994 -80.220 173.259
3 0 -21.994 -80.220 173.259 -20.745 -78.389 170.224 -21.303 -77.995 170.243
3 0 -21.939 -77.795 170.098 -23.197 -79.643 173.133 -22.554 -79.828 173.269
3 0 -22.554 -79.828 173.269 -21.303 -77.995 170.243 -21.939 -77.795 170.098
3 0 -22.558 -77.819 169.811 -23.826 -79.694 172.873 -23.197 -79.643 173.133
3 0 -23.197 -79.643 173.133 -21.939 -77.795 170.098 -22.558 -77.819 169.811
3 0 -23.065 -78.064 169.425 -24.346 -79.972 172.529 -23.826 -79.694 172.873
3 0 -23.826 -79.694 172.873 -22.558 -77.819 169.811 -23.065 -78.064 169.425
3 0 -24.663 -80.219 167.284 -26.009 -82.302 170.635 -26.569 -81.910 170.645
3 0 -26.569 -81.910 170.645 -25.220 -79.825 167.304 -24.663 -80.219 167.284
3 0 -24.027 -80.419 167.429 -25.366 -82.487 170.771 -26.009 -82.302 170.635
3 0 -26.009 -82.302 170.635 -24.663 -80.219 167.284 -24.027 -80.419 167.429
3 0 -23.408 -80.395 167.716 -24.737 -82.436 171.031 -25.366 -82.487 170.771
3 0 -25.366 -82.487 170.771 -24.027 -80.419 167.429 -23.408 -80.395 167.716
3 0 -22.901 -80.149 168.102 -24.218 -82.158 171.375 -24.737 -82.436 171.031
3 0 -24.737 -82.436 171.031 -23.408 -80.395 167.716 -22.901 -80.149 168.102
3 0 -23.622 -77.670 169.445 -24.905 -79.581 172.539 -24.346 -79.972 172.529
3 0 -24.346 -79.972 172.529 -23.065 -78.064 169.425 -23.622 -77.670 169.445
3 0 -24.258 -77.470 169.300 -25.548 -79.396 172.403 -24.905 -79.581 172.539
3 0 -24.905 -79.581 172.539 -23.622 -77.670 169.445 -24.258 -77.470 169.300
3 0 -24.877 -77.495 169.013 -26.177 -79.447 172.144 -25.548 -79.396 172.403
3 0 -25.548 -79.396 172.403 -24.258 -77.470 169.300 -24.877 -77.495 169.013
3 0 -25.384 -77.740 168.627 -26.697 -79.725 171.799 -26.177 -79.447 172.144
3 0 -26.177 -79.447 172.144 -24.877 -77.495 169.013 -25.384 -77.740 168.627
3 0 -27.256 -79.333 171.809 -26.697 -79.725 171.799 -25.384 -77.740 168.627
3 0 -25.384 -77.740 168.627 -25.942 -77.346 168.646 -27.256 -79.333 171.809
3 0 -27.900 -79.149 171.673 -27.256 -79.333 171.809 -25.942 -77.346 168.646
3 0 -25.942 -77.346 168.646 -26.578 -77.146 168.501 -27.900 -79.149 171.673
3 0 -28.529 -79.199 171.414 -27.900 -79.149 171.673 -26.578 -77.146 168.501
3 0 -26.578 -77.146 168.501 -27.197 -77.170 168.214 -28.529 -79.199 171.414
3 0 -29.049 -79.478 171.069 -28.529 -79.199 171.414 -27.197 -77.170 168.214
3 0 -27.197 -77.170 168.214 -27.704 -77.416 167.828 -29.049 -79.478 171.069
3 0 -29.380 -79.941 170.692 -29.049 -79.478 171.069 -27.704 -77.416 167.828
3 0 -27.704 -77.416 167.828 -28.022 -77.844 167.402 -29.380 -79.941 170.692
3 0 -29.472 -80.519 170.341 -29.380 -79.941 170.692 -28.022 -77.844 167.402
3 0 -28.022 -77.844 167.402 -28.103 -78.391 167.001 -29.472 -80.519 170.341
3 0 -29.311 -81.124 170.068 -29.472 -80.519 170.341 -28.103 -78.391 167.001
3 0 -28.103 -78.391 167.001 -27.934 -78.973 166.686 -29.311 -81.124 170.068
3 0 -28.921 -81.663 169.915 -29.311 -81.124 170.068 -27.934 -78.973 166.686
3 0 -27.934 -78.973 166.686 -27.540 -79.501 166.505 -28.921 -81.663 169.915
3 0 -28.361 -82.055 169.905 -28.921 -81.663 169.915 -27.540 -79.501 166.505
3 0 -27.540 -79.501 166.505 -26.983 -79.895 166.485 -28.361 -82.055 169.905
3 0 -27.718 -82.239 170.041 -28.361 -82.055 169.905 -26.983 -79.895 166.485
3 0 -26.983 -79.895 166.485 -26.347 -80.095 166.630 -27.718 -82.239 170.041
3 0 -27.089 -82.189 170.300 -27.718 -82.239 170.041 -26.347 -80.095 166.630
3 0 -26.347 -80.095 166.630 -25.728 -80.070 166.918 -27.089 -82.189 170.300
3 0 -26.569 -81.910 170.645 -27.089 -82.189 170.300 -25.728 -80.070 166.918
3 0 -25.728 -80.070 166.918 -25.220 -79.825 167.304 -26.569 -81.910 170.645
3 0 -22.418 -84.429 175.508 -22.980 -84.041 175.509 -21.866 -82.405 172.105
3 0 -21.866 -82.405 172.105 -21.307 -82.797 172.095 -22.418 -84.429 175.508
3 0 -21.766 -84.596 175.624 -22.418 -84.429 175.508 -21.307 -82.797 172.095
3 0 -21.307 -82.797 172.095 -20.663 -82.981 172.231 -21.766 -84.596 175.624
3 0 -21.124 -84.517 175.842 -21.766 -84.596 175.624 -20.663 -82.981 172.231
3 0 -20.663 -82.981 172.231 -20.034 -82.931 172.490 -21.124 -84.517 175.842
3 0 -20.588 -84.204 176.126 -21.124 -84.517 175.842 -20.034 -82.931 172.490
3 0 -20.034 -82.931 172.490 -19.514 -82.652 172.835 -20.588 -84.204 176.126
3 0 -20.241 -83.703 176.436 -20.588 -84.204 176.126 -19.514 -82.652 172.835
3 0 -19.514 -82.652 172.835 -19.183 -82.189 173.212 -20.241 -83.703 176.436
3 0 -20.136 -83.092 176.722 -20.241 -83.703 176.436 -19.183 -82.189 173.212
3 0 -19.183 -82.189 173.212 -19.091 -81.611 173.563 -20.136 -83.092 176.722
3 0 -20.288 -82.464 176.941 -20.136 -83.092 176.722 -19.091 -81.611 173.563
3 0 -19.091 -81.611 173.563 -19.253 -81.006 173.836 -20.288 -82.464 176.941
3 0 -20.674 -81.914 177.061 -20.288 -82.464 176.941 -19.253 -81.006 173.836
3 0 -19.253 -81.006 173.836 -19.643 -80.467 173.989 -20.674 -81.914 177.061
3 0 -21.235 -81.525 177.063 -20.674 -81.914 177.061 -19.643 -80.467 173.989
3 0 -19.643 -80.467 173.989 -20.202 -80.075 173.999 -21.235 -81.525 177.063
3 0 -21.887 -81.358 176.946 -21.235 -81.525 177.063 -20.202 -80.075 173.999
3 0 -20.202 -80.075 173.999 -20.845 -79.891 173.863 -21.887 -81.358 176.946
3 0 -22.529 -81.437 176.729 -21.887 -81.358 176.946 -20.845 -79.891 173.863
3 0 -20.845 -79.891 173.863 -21.475 -79.941 173.604 -22.529 -81.437 176.729
3 0 -23.065 -81.751 176.444 -22.529 -81.437 176.729 -21.475 -79.941 173.604
3 0 -21.475 -79.941 173.604 -21.994 -80.220 173.259 -23.065 -81.751 176.444
3 0 -23.659 -82.549 171.365 -24.809 -84.266 174.891 -25.371 -83.878 174.892
3 0 -25.371 -83.878 174.892 -24.218 -82.158 171.375 -23.659 -82.549 171.365
3 0 -23.015 -82.734 171.501 -24.158 -84.434 175.007 -24.809 -84.266 174.891
3 0 -24.809 -84.266 174.891 -23.659 -82.549 171.365 -23.015 -82.734 171.501
3 0 -22.386 -82.683 171.760 -23.515 -84.355 175.225 -24.158 -84.434 175.007
3 0 -24.158 -84.434 175.007 -23.015 -82.734 171.501 -22.386 -82.683 171.760
3 0 -21.866 -82.405 172.105 -22.980 -84.041 175.509 -23.515 -84.355 175.225
3 0 -23.515 -84.355 175.225 -22.386 -82.683 171.760 -21.866 -82.405 172.105
3 0 -22.554 -79.828 173.269 -23.627 -81.363 176.446 -23.065 -81.751 176.444
3 0 -23.065 -81.751 176.444 -21.994 -80.220 173.259 -22.554 -79.828 173.269
3 0 -23.197 -79.643 173.133 -24.278 -81.195 176.329 -23.627 -81.363 176.446
3 0 -23.627 -81.363 176.446 -22.554 -79.828 173.269 -23.197 -79.643 173.133
3 0 -23.826 -79.694 172.873 -24.921 -81.274 176.112 -24.278 -81.195 176.329
3 0 -24.278 -81.195 176.329 -23.197 -79.643 173.133 -23.826 -79.694 172.873
3 0 -24.346 -79.972 172.529 -25.456 -81.588 175.827 -24.921 -81.274 176.112
3 0 -24.921 -81.274 176.112 -23.826 -79.694 172.873 -24.346 -79.972 172.529
3 0 -26.009 -82.302 170.635 -27.200 -84.104 174.274 -27.761 -83.715 174.276
3 0 -27.761 -83.715 174.276 -26.569 -81.910 170.645 -26.009 -82.302 170.635
3 0 -25.366 -82.487 170.771 -26.548 -84.271 174.390 -27.200 -84.104 174.274
3 0 -27.200 -84.104 174.274 -26.009 -82.302 170.635 -25.366 -82.487 170.771
3 0 -24.737 -82.436 171.031 -25.905 -84.192 174.608 -26.548 -84.271 174.390
3 0 -26.548 -84.271 174.390 -25.366 -82.487 170.771 -24.737 -82.436 171.031
3 0 -24.218 -82.158 171.375 -25.371 -83.878 174.892 -25.905 -84.192 174.608
3 0 -25.905 -84.192 174.608 -24.737 -82.436 171.031 -24.218 -82.158 171.375
3 0 -24.905 -79.581 172.539 -26.017 -81.200 175.829 -25.456 -81.588 175.827
3 0 -25.456 -81.588 175.827 -24.346 -79.972 172.529 -24.905 -79.581 172.539
3 0 -25.548 -79.396 172.403 -26.669 -81.033 175.712 -26.017 -81.200 175.829
3 0 -26.017 -81.200 175.829 -24.905 -79.581 172.539 -25.548 -79.396 172.403
3 0 -26.177 -79.447 172.144 -27.311 -81.112 175.495 -26.669 -81.033 175.712
3 0 -26.669 -81.033 175.712 -25.548 -79.396 172.403 -26.177 -79.447 172.144
3 0 -26.697 -79.725 171.799 -27.847 -81.426 175.210 -27.311 -81.112 175.495
3 0 -27.311 -81.112 175.495 -26.177 -79.447 172.144 -26.697 -79.725 171.799
3 0 -28.408 -81.037 175.212 -27.847 -81.426 175.210 -26.697 -79.725 171.799
3 0 -26.697 -79.725 171.799 -27.256 -79.333 171.809 -28.408 -81.037 175.212
3 0 -29.060 -80.870 175.095 -28.408 -81.037 175.212 -27.256 -79.333 171.809
3 0 -27.256 -79.333 171.809 -27.900 -79.149 171.673 -29.060 -80.870 175.095
3 0 -29.702 -80.949 174.878 -29.060 -80.870 175.095 -27.900 -79.149 171.673
3 0 -27.900 -79.149 171.673 -28.529 -79.199 171.414 -29.702 -80.949 174.878
3 0 -30.238 -81.263 174.593 -29.702 -80.949 174.878 -28.529 -79.199 171.414
3 0 -28.529 -79.199 171.414 -29.049 -79.478 171.069 -30.238 -81.263 174.593
3 0 -30.585 -81.763 174.284 -30.238 -81.263 174.593 -29.049 -79.478 171.069
3 0 -29.049 -79.478 171.069 -29.380 -79.941 170.692 -30.585 -81.763 174.284
3 0 -30.690 -82.374 173.998 -30.585 -81.763 174.284 -29.380 -79.941 170.692
3 0 -29.380 -79.941 170.692 -29.472 -80.519 170.341 -30.690 -82.374 173.998
3 0 -30.539 -83.002 173.778 -30.690 -82.374 173.998 -29.472 -80.519 170.341
3 0 -29.472 -80.519 170.341 -29.311 -81.124 170.068 -30.539 -83.002 173.778
3 0 -30.152 -83.553 173.658 -30.539 -83.002 173.778 -29.311 -81.124 170.068
3 0 -29.311 -81.124 170.068 -28.921 -81.663 169.915 -30.152 -83.553 173.658
3 0 -29.591 -83.941 173.657 -30.152 -83.553 173.658 -28.921 -81.663 169.915
3 0 -28.921 -81.663 169.915 -28.361 -82.055 169.905 -29.591 -83.941 173.657
3 0 -28.939 -84.108 173.773 -29.591 -83.941 173.657 -28.361 -82.055 169.905
3 0 -28.361 -82.055 169.905 -27.718 -82.239 170.041 -28.939 -84.108 173.773
3 0 -28.297 -84.029 173.991 -28.939 -84.108 173.773 -27.718 -82.239 170.041
3 0 -27.718 -82.239 170.041 -27.089 -82.189 170.300 -28.297 -84.029 173.991
3 0 -27.761 -83.715 174.276 -28.297 -84.029 173.991 -27.089 -82.189 170.300
3 0 -27.089 -82.189 170.300 -26.569 -81.910 170.645 -27.761 -83.715 174.276
3 0 -23.284 -85.674 179.120 -23.849 -85.289 179.118 -22.980 -84.041 175.509
3 0 -22.980 -84.041 175.509 -22.418 -84.429 175.508 -23.284 -85.674 179.120
3 0 -22.624 -85.824 179.206 -23.284 -85.674 179.120 -22.418 -84.429 175.508
3 0 -22.418 -84.429 175.508 -21.766 -84.596 175.624 -22.624 -85.824 179.206
3 0 -21.968 -85.717 179.362 -22.624 -85.824 179.206 -21.766 -84.596 175.624
3 0 -21.766 -84.596 175.624 -21.124 -84.517 175.842 -21.968 -85.717 179.362
3 0 -21.416 -85.370 179.564 -21.968 -85.717 179.362 -21.124 -84.517 175.842
3 0 -21.124 -84.517 175.842 -20.588 -84.204 176.126 -21.416 -85.370 179.564
3 0 -21.052 -84.834 179.782 -21.416 -85.370 179.564 -20.588 -84.204 176.126
3 0 -20.588 -84.204 176.126 -20.241 -83.703 176.436 -21.052 -84.834 179.782
3 0 -20.932 -84.193 179.982 -21.052 -84.834 179.782 -20.241 -83.703 176.436
3 0 -20.241 -83.703 176.436 -20.136 -83.092 176.722 -20.932 -84.193 179.982
3 0 -21.074 -83.542 180.134 -20.932 -84.193 179.982 -20.136 -83.092 176.722
3 0 -20.136 -83.092 176.722 -20.288 -82.464 176.941 -21.074 -83.542 180.134
3 0 -21.456 -82.982 180.215 -21.074 -83.542 180.134 -20.288 -82.464 176.941
3 0 -20.288 -82.464 176.941 -20.674 -81.914 177.061 -21.456 -82.982 180.215
3 0 -22.021 -82.598 180.213 -21.456 -82.982 180.215 -20.674 -81.914 177.061
3 0 -20.674 -81.914 177.061 -21.235 -81.525 177.063 -22.021 -82.598 180.213
3 0 -22.681 -82.448 180.127 -22.021 -82.598 180.213 -21.235 -81.525 177.063
3 0 -21.235 -81.525 177.063 -21.887 -81.358 176.946 -22.681 -82.448 180.127
3 0 -23.337 -82.554 179.971 -22.681 -82.448 180.127 -21.887 -81.358 176.946
3 0 -21.887 -81.358 176.946 -22.529 -81.437 176.729 -23.337 -82.554 179.971
3 0 -23.889 -82.902 179.769 -23.337 -82.554 179.971 -22.529 -81.437 176.729
3 0 -22.529 -81.437 176.729 -23.065 -81.751 176.444 -23.889 -82.902 179.769
3 0 -24.809 -84.266 174.891 -25.717 -85.593 178.674 -26.282 -85.209 178.672
3 0 -26.282 -85.209 178.672 -25.371 -83.878 174.892 -24.809 -84.266 174.891
3 0 -24.158 -84.434 175.007 -25.057 -85.744 178.760 -25.717 -85.593 178.674
3 0 -25.717 -85.593 178.674 -24.809 -84.266 174.891 -24.158 -84.434 175.007
3 0 -23.515 -84.355 175.225 -24.401 -85.637 178.916 -25.057 -85.744 178.760
3 0 -25.057 -85.744 178.760 -24.158 -84.434 175.007 -23.515 -84.355 175.225
3 0 -22.980 -84.041 175.509 -23.849 -85.289 179.118 -24.401 -85.637 178.916
3 0 -24.401 -85.637 178.916 -23.515 -84.355 175.225 -22.980 -84.041 175.509
3 0 -23.627 -81.363 176.446 -24.454 -82.518 179.766 -23.889 -82.902 179.769
3 0 -23.889 -82.902 179.769 -23.065 -81.751 176.444 -23.627 -81.363 176.446
3 0 -24.278 -81.195 176.329 -25.114 -82.367 179.681 -24.454 -82.518 179.766
3 0 -24.454 -82.518 179.766 -23.627 -81.363 176.446 -24.278 -81.195 176.329
3 0 -24.921 -81.274 176.112 -25.771 -82.474 179.525 -25.114 -82.367 179.681
3 0 -25.114 -82.367 179.681 -24.278 -81.195 176.329 -24.921 -81.274 176.112
3 0 -25.456 -81.588 175.827 -26.322 -82.822 179.323 -25.771 -82.474 179.525
3 0 -25.771 -82.474 179.525 -24.921 -81.274 176.112 -25.456 -81.588 175.827
3 0 -27.200 -84.104 174.274 -28.149 -85.513 178.228 -28.714 -85.129 178.225
3 0 -28.714 -85.129 178.225 -27.761 -83.715 174.276 -27.200 -84.104 174.274
3 0 -26.548 -84.271 174.390 -27.489 -85.663 178.314 -28.149 -85.513 178.228
3 0 -28.149 -85.513 178.228 -27.200 -84.104 174.274 -26.548 -84.271 174.390
3 0 -25.905 -84.192 174.608 -26.833 -85.557 178.470 -27.489 -85.663 178.314
3 0 -27.489 -85.663 178.314 -26.548 -84.271 174.390 -25.905 -84.192 174.608
3 0 -25.371 -83.878 174.892 -26.282 -85.209 178.672 -26.833 -85.557 178.470
3 0 -26.833 -85.557 178.470 -25.905 -84.192 174.608 -25.371 -83.878 174.892
3 0 -26.017 -81.200 175.829 -26.886 -82.437 179.320 -26.322 -82.822 179.323
3 0 -26.322 -82.822 179.323 -25.456 -81.588 175.827 -26.017 -81.200 175.829
3 0 -26.669 -81.033 175.712 -27.546 -82.287 179.235 -26.886 -82.437 179.320
3 0 -26.886 -82.437 179.320 -26.017 -81.200 175.829 -26.669 -81.033 175.712
3 0 -27.311 -81.112 175.495 -28.203 -82.394 179.079 -27.546 -82.287 179.235
3 0 -27.546 -82.287 179.235 -26.669 -81.033 175.712 -27.311 -81.112 175.495
3 0 -27.847 -81.426 175.210 -28.755 -82.742 178.877 -28.203 -82.394 179.079
3 0 -28.203 -82.394 179.079 -27.311 -81.112 175.495 -27.847 -81.426 175.210
3 0 -29.319 -82.357 178.874 -28.755 -82.742 178.877 -27.847 -81.426 175.210
3 0 -27.847 -81.426 175.210 -28.408 -81.037 175.212 -29.319 -82.357 178.874
3 0 -29.980 -82.207 178.788 -29.319 -82.357 178.874 -28.408 -81.037 175.212
3 0 -28.408 -81.037 175.212 -29.060 -80.870 175.095 -29.980 -82.207 178.788
3 0 -30.636 -82.314 178.632 -29.980 -82.207 178.788 -29.060 -80.870 175.095
3 0 -29.060 -80.870 175.095 -29.702 -80.949 174.878 -30.636 -82.314 178.632
3 0 -31.188 -82.661 178.430 -30.636 -82.314 178.632 -29.702 -80.949 174.878
3 0 -29.702 -80.949 174.878 -30.238 -81.263 174.593 -31.188 -82.661 178.430
3 0 -31.551 -83.197 178.212 -31.188 -82.661 178.430 -30.238 -81.263 174.593
3 0 -30.238 -81.263 174.593 -30.585 -81.763 174.284 -31.551 -83.197 178.212
3 0 -31.671 -83.838 178.012 -31.551 -83.197 178.212 -30.585 -81.763 174.284
3 0 -30.585 -81.763 174.284 -30.690 -82.374 173.998 -31.671 -83.838 178.012
3 0 -31.529 -84.489 177.860 -31.671 -83.838 178.012 -30.690 -82.374 173.998
3 0 -30.690 -82.374 173.998 -30.539 -83.002 173.778 -31.529 -84.489 177.860
3 0 -31.147 -85.049 177.779 -31.529 -84.489 177.860 -30.539 -83.002 173.778
3 0 -30.539 -83.002 173.778 -30.152 -83.553 173.658 -31.147 -85.049 177.779
3 0 -30.583 -85.433 177.782 -31.147 -85.049 177.779 -30.152 -83.553 173.658
3 0 -30.152 -83.553 173.658 -29.591 -83.941 173.657 -30.583 -85.433 177.782
3 0 -29.922 -85.583 177.867 -30.583 -85.433 177.782 -29.591 -83.941 173.657
3 0 -29.591 -83.941 173.657 -28.939 -84.108 173.773 -29.922 -85.583 177.867
3 0 -29.266 -85.476 178.023 -29.922 -85.583 177.867 -28.939 -84.108 173.773
3 0 -28.939 -84.108 173.773 -28.297 -84.029 173.991 -29.266 -85.476 178.023
3 0 -28.714 -85.129 178.225 -29.266 -85.476 178.023 -28.297 -84.029 173.991
3 0 -28.297 -84.029 173.991 -27.761 -83.715 174.276 -28.714 -85.129 178.225
3 0 -23.819 -86.425 182.911 -24.385 -86.044 182.906 -23.849 -85.289 179.118
3 0 -23.849 -85.289 179.118 -23.284 -85.674 179.120 -23.819 -86.425 182.911
3 0 -23.152 -86.563 182.955 -23.819 -86.425 182.911 -23.284 -85.674 179.120
3 0 -23.284 -85.674 179.120 -22.624 -85.824 179.206 -23.152 -86.563 182.955
3 0 -22.485 -86.436 183.032 -23.152 -86.563 182.955 -22.624 -85.824 179.206
3 0 -22.624 -85.824 179.206 -21.968 -85.717 179.362 -22.485 -86.436 183.032
3 0 -21.921 -86.065 183.131 -22.485 -86.436 183.032 -21.968 -85.717 179.362
3 0 -21.968 -85.717 179.362 -21.416 -85.370 179.564 -21.921 -86.065 183.131
3 0 -21.545 -85.505 183.237 -21.921 -86.065 183.131 -21.416 -85.370 179.564
3 0 -21.416 -85.370 179.564 -21.052 -84.834 179.782 -21.545 -85.505 183.237
3 0 -21.415 -84.841 183.333 -21.545 -85.505 183.237 -21.052 -84.834 179.782
3 0 -21.052 -84.834 179.782 -20.932 -84.193 179.982 -21.415 -84.841 183.333
3 0 -21.549 -84.176 183.404 -21.415 -84.841 183.333 -20.932 -84.193 179.982
3 0 -20.932 -84.193 179.982 -21.074 -83.542 180.134 -21.549 -84.176 183.404
3 0 -21.929 -83.609 183.441 -21.549 -84.176 183.404 -21.074 -83.542 180.134
3 0 -21.074 -83.542 180.134 -21.456 -82.982 180.215 -21.929 -83.609 183.441
3 0 -22.495 -83.228 183.437 -21.929 -83.609 183.441 -21.456 -82.982 180.215
3 0 -21.456 -82.982 180.215 -22.021 -82.598 180.213 -22.495 -83.228 183.437
3 0 -23.163 -83.091 183.392 -22.495 -83.228 183.437 -22.021 -82.598 180.213
3 0 -22.021 -82.598 180.213 -22.681 -82.448 180.127 -23.163 -83.091 183.392
3 0 -23.829 -83.217 183.315 -23.163 -83.091 183.392 -22.681 -82.448 180.127
3 0 -22.681 -82.448 180.127 -23.337 -82.554 179.971 -23.829 -83.217 183.315
3 0 -24.393 -83.589 183.216 -23.829 -83.217 183.315 -23.337 -82.554 179.971
3 0 -23.337 -82.554 179.971 -23.889 -82.902 179.769 -24.393 -83.589 183.216
3 0 -25.717 -85.593 178.674 -26.284 -86.405 182.686 -26.850 -86.024 182.681
3 0 -26.850 -86.024 182.681 -26.282 -85.209 178.672 -25.717 -85.593 178.674
3 0 -25.057 -85.744 178.760 -25.616 -86.543 182.730 -26.284 -86.405 182.686
3 0 -26.284 -86.405 182.686 -25.717 -85.593 178.674 -25.057 -85.744 178.760
3 0 -24.401 -85.637 178.916 -24.950 -86.416 182.807 -25.616 -86.543 182.730
3 0 -25.616 -86.543 182.730 -25.057 -85.744 178.760 -24.401 -85.637 178.916
3 0 -23.849 -85.289 179.118 -24.385 -86.044 182.906 -24.950 -86.416 182.807
3 0 -24.950 -86.416 182.807 -24.401 -85.637 178.916 -23.849 -85.289 179.118
3 0 -24.454 -82.518 179.766 -24.960 -83.208 183.212 -24.393 -83.589 183.216
3 0 -24.393 -83.589 183.216 -23.889 -82.902 179.769 -24.454 -82.518 179.766
3 0 -25.114 -82.367 179.681 -25.627 -83.070 183.167 -24.960 -83.208 183.212
3 0 -24.960 -83.208 183.212 -24.454 -82.518 179.766 -25.114 -82.367 179.681
3 0 -25.771 -82.474 179.525 -26.294 -83.197 183.090 -25.627 -83.070 183.167
3 0 -25.627 -83.070 183.167 -25.114 -82.367 179.681 -25.771 -82.474 179.525
3 0 -26.322 -82.822 179.323 -26.858 -83.569 182.991 -26.294 -83.197 183.090
3 0 -26.294 -83.197 183.090 -25.771 -82.474 179.525 -26.322 -82.822 179.323
3 0 -28.149 -85.513 178.228 -28.747 -86.385 182.461 -29.314 -86.004 182.457
3 0 -29.314 -86.004 182.457 -28.714 -85.129 178.225 -28.149 -85.513 178.228
3 0 -27.489 -85.663 178.314 -28.080 -86.522 182.505 -28.747 -86.385 182.461
3 0 -28.747 -86.385 182.461 -28.149 -85.513 178.228 -27.489 -85.663 178.314
3 0 -26.833 -85.557 178.470 -27.413 -86.396 182.582 -28.080 -86.522 182.505
3 0 -28.080 -86.522 182.505 -27.489 -85.663 178.314 -26.833 -85.557 178.470
3 0 -26.282 -85.209 178.672 -26.850 -86.024 182.681 -27.413 -86.396 182.582
3 0 -27.413 -86.396 182.582 -26.833 -85.557 178.470 -26.282 -85.209 178.672
3 0 -26.886 -82.437 179.320 -27.424 -83.188 182.987 -26.858 -83.569 182.991
3 0 -26.858 -83.569 182.991 -26.322 -82.822 179.323 -26.886 -82.437 179.320
3 0 -27.546 -82.287 179.235 -28.091 -83.050 182.943 -27.424 -83.188 182.987
3 0 -27.424 -83.188 182.987 -26.886 -82.437 179.320 -27.546 -82.287 179.235
3 0 -28.203 -82.394 179.079 -28.758 -83.176 182.865 -28.091 -83.050 182.943
3 0 -28.091 -83.050 182.943 -27.546 -82.287 179.235 -28.203 -82.394 179.079
3 0 -28.755 -82.742 178.877 -29.322 -83.548 182.766 -28.758 -83.176 182.865
3 0 -28.758 -83.176 182.865 -28.203 -82.394 179.079 -28.755 -82.742 178.877
3 0 -29.888 -83.167 182.762 -29.322 -83.548 182.766 -28.755 -82.742 178.877
3 0 -28.755 -82.742 178.877 -29.319 -82.357 178.874 -29.888 -83.167 182.762
3 0 -30.556 -83.029 182.717 -29.888 -83.167 182.762 -29.319 -82.357 178.874
3 0 -29.319 -82.357 178.874 -29.980 -82.207 178.788 -30.556 -83.029 182.717
3 0 -31.222 -83.156 182.640 -30.556 -83.029 182.717 -29.980 -82.207 178.788
3 0 -29.980 -82.207 178.788 -30.636 -82.314 178.632 -31.222 -83.156 182.640
3 0 -31.786 -83.528 182.541 -31.222 -83.156 182.640 -30.636 -82.314 178.632
3 0 -30.636 -82.314 178.632 -31.188 -82.661 178.430 -31.786 -83.528 182.541
3 0 -32.162 -84.088 182.435 -31.786 -83.528 182.541 -31.188 -82.661 178.430
3 0 -31.188 -82.661 178.430 -31.551 -83.197 178.212 -32.162 -84.088 182.435
3 0 -32.293 -84.751 182.340 -32.162 -84.088 182.435 -31.551 -83.197 178.212
3 0 -31.551 -83.197 178.212 -31.671 -83.838 178.012 -32.293 -84.751 182.340
3 0 -32.158 -85.417 182.268 -32.293 -84.751 182.340 -31.671 -83.838 178.012
3 0 -31.671 -83.838 178.012 -31.529 -84.489 177.860 -32.158 -85.417 182.268
3 0 -31.778 -85.983 182.231 -32.158 -85.417 182.268 -31.529 -84.489 177.860
3 0 -31.529 -84.489 177.860 -31.147 -85.049 177.779 -31.778 -85.983 182.231
3 0 -31.212 -86.364 182.236 -31.778 -85.983 182.231 -31.147 -85.049 177.779
3 0 -31.147 -85.049 177.779 -30.583 -85.433 177.782 -31.212 -86.364 182.236
3 0 -30.545 -86.502 182.280 -31.212 -86.364 182.236 -30.583 -85.433 177.782
3 0 -30.583 -85.433 177.782 -29.922 -85.583 177.867 -30.545 -86.502 182.280
3 0 -29.878 -86.375 182.357 -30.545 -86.502 182.280 -29.922 -85.583 177.867
3 0 -29.922 -85.583 177.867 -29.266 -85.476 178.023 -29.878 -86.375 182.357
3 0 -29.314 -86.004 182.457 -29.878 -86.375 182.357 -29.266 -85.476 178.023
3 0 -29.266 -85.476 178.023 -28.714 -85.129 178.225 -29.314 -86.004 182.457
3 0 -23.992 -86.619 187.036 -24.557 -86.239 186.991 -24.385 -86.044 182.906
3 0 -24.385 -86.044 182.906 -23.819 -86.425 182.911 -23.992 -86.619 187.036
3 0 -23.325 -86.753 187.096 -23.992 -86.619 187.036 -23.819 -86.425 182.911
3 0 -23.819 -86.425 182.911 -23.152 -86.563 182.955 -23.325 -86.753 187.096
3 0 -22.658 -86.621 187.161 -23.325 -86.753 187.096 -23.152 -86.563 182.955
3 0 -23.152 -86.563 182.955 -22.485 -86.436 183.032 -22.658 -86.621 187.161
3 0 -22.093 -86.242 187.222 -22.658 -86.621 187.161 -22.485 -86.436 183.032
3 0 -22.485 -86.436 183.032 -21.921 -86.065 183.131 -22.093 -86.242 187.222
3 0 -21.716 -85.675 187.270 -22.093 -86.242 187.222 -21.921 -86.065 183.131
3 0 -21.921 -86.065 183.131 -21.545 -85.505 183.237 -21.716 -85.675 187.270
3 0 -21.584 -85.006 187.296 -21.716 -85.675 187.270 -21.545 -85.505 183.237
3 0 -21.545 -85.505 183.237 -21.415 -84.841 183.333 -21.584 -85.006 187.296
3 0 -21.716 -84.336 187.298 -21.584 -85.006 187.296 -21.415 -84.841 183.333
3 0 -21.415 -84.841 183.333 -21.549 -84.176 183.404 -21.716 -84.336 187.298
3 0 -22.095 -83.768 187.274 -21.716 -84.336 187.298 -21.549 -84.176 183.404
3 0 -21.549 -84.176 183.404 -21.929 -83.609 183.441 -22.095 -83.768 187.274
3 0 -22.660 -83.388 187.229 -22.095 -83.768 187.274 -21.929 -83.609 183.441
3 0 -21.929 -83.609 183.441 -22.495 -83.228 183.437 -22.660 -83.388 187.229
3 0 -23.327 -83.254 187.169 -22.660 -83.388 187.229 -22.495 -83.228 183.437
3 0 -22.495 -83.228 183.437 -23.163 -83.091 183.392 -23.327 -83.254 187.169
3 0 -23.993 -83.386 187.103 -23.327 -83.254 187.169 -23.163 -83.091 183.392
3 0 -23.163 -83.091 183.392 -23.829 -83.217 183.315 -23.993 -83.386 187.103
3 0 -24.558 -83.765 187.042 -23.993 -83.386 187.103 -23.829 -83.217 183.315
3 0 -23.829 -83.217 183.315 -24.393 -83.589 183.216 -24.558 -83.765 187.042
3 0 -26.284 -86.405 182.686 -26.456 -86.616 186.804 -27.021 -86.236 186.759
3 0 -27.021 -86.236 186.759 -26.850 -86.024 182.681 -26.284 -86.405 182.686
3 0 -25.616 -86.543 182.730 -25.789 -86.750 186.864 -26.456 -86.616 186.804
3 0 -26.456 -86.616 186.804 -26.284 -86.405 182.686 -25.616 -86.543 182.730
3 0 -24.950 -86.416 182.807 -25.122 -86.618 186.929 -25.789 -86.750 186.864
3 0 -25.789 -86.750 186.864 -25.616 -86.543 182.730 -24.950 -86.416 182.807
3 0 -24.385 -86.044 182.906 -24.557 -86.239 186.991 -25.122 -86.618 186.929
3 0 -25.122 -86.618 186.929 -24.950 -86.416 182.807 -24.385 -86.044 182.906
3 0 -24.960 -83.208 183.212 -25.124 -83.385 186.997 -24.558 -83.765 187.042
3 0 -24.558 -83.765 187.042 -24.393 -83.589 183.216 -24.960 -83.208 183.212
3 0 -25.627 -83.070 183.167 -25.791 -83.251 186.937 -25.124 -83.385 186.997
3 0 -25.124 -83.385 186.997 -24.960 -83.208 183.212 -25.627 -83.070 183.167
3 0 -26.294 -83.197 183.090 -26.458 -83.383 186.872 -25.791 -83.251 186.937
3 0 -25.791 -83.251 186.937 -25.627 -83.070 183.167 -26.294 -83.197 183.090
3 0 -26.858 -83.569 182.991 -27.023 -83.761 186.811 -26.458 -83.383 186.872
3 0 -26.458 -83.383 186.872 -26.294 -83.197 183.090 -26.858 -83.569 182.991
3 0 -28.747 -86.385 182.461 -28.919 -86.612 186.572 -29.484 -86.232 186.527
3 0 -29.484 -86.232 186.527 -29.314 -86.004 182.457 -28.747 -86.385 182.461
3 0 -28.080 -86.522 182.505 -28.252 -86.746 186.632 -28.919 -86.612 186.572
3 0 -28.919 -86.612 186.572 -28.747 -86.385 182.461 -28.080 -86.522 182.505
3 0 -27.413 -86.396 182.582 -27.585 -86.614 186.698 -28.252 -86.746 186.632
3 0 -28.252 -86.746 186.632 -28.080 -86.522 182.505 -27.413 -86.396 182.582
3 0 -26.850 -86.024 182.681 -27.021 -86.236 186.759 -27.585 -86.614 186.698
3 0 -27.585 -86.614 186.698 -27.413 -86.396 182.582 -26.850 -86.024 182.681
3 0 -27.424 -83.188 182.987 -27.587 -83.381 186.765 -27.023 -83.761 186.811
3 0 -27.023 -83.761 186.811 -26.858 -83.569 182.991 -27.424 -83.188 182.987
3 0 -28.091 -83.050 182.943 -28.254 -83.247 186.706 -27.587 -83.381 186.765
3 0 -27.587 -83.381 186.765 -27.424 -83.188 182.987 -28.091 -83.050 182.943
3 0 -28.758 -83.176 182.865 -28.921 -83.380 186.640 -28.254 -83.247 186.706
3 0 -28.254 -83.247 186.706 -28.091 -83.050 182.943 -28.758 -83.176 182.865
3 0 -29.322 -83.548 182.766 -29.486 -83.758 186.579 -28.921 -83.380 186.640
3 0 -28.921 -83.380 186.640 -28.758 -83.176 182.865 -29.322 -83.548 182.766
3 0 -30.051 -83.378 186.534 -29.486 -83.758 186.579 -29.322 -83.548 182.766
3 0 -29.322 -83.548 182.766 -29.888 -83.167 182.762 -30.051 -83.378 186.534
3 0 -30.718 -83.244 186.474 -30.051 -83.378 186.534 -29.888 -83.167 182.762
3 0 -29.888 -83.167 182.762 -30.556 -83.029 182.717 -30.718 -83.244 186.474
3 0 -31.385 -83.376 186.408 -30.718 -83.244 186.474 -30.556 -83.029 182.717
3 0 -30.556 -83.029 182.717 -31.222 -83.156 182.640 -31.385 -83.376 186.408
3 0 -31.950 -83.755 186.347 -31.385 -83.376 186.408 -31.222 -83.156 182.640
3 0 -31.222 -83.156 182.640 -31.786 -83.528 182.541 -31.950 -83.755 186.347
3 0 -32.327 -84.322 186.300 -31.950 -83.755 186.347 -31.786 -83.528 182.541
3 0 -31.786 -83.528 182.541 -32.162 -84.088 182.435 -32.327 -84.322 186.300
3 0 -32.459 -84.991 186.273 -32.327 -84.322 186.300 -32.162 -84.088 182.435
3 0 -32.162 -84.088 182.435 -32.293 -84.751 182.340 -32.459 -84.991 186.273
3 0 -32.326 -85.661 186.272 -32.459 -84.991 186.273 -32.293 -84.751 182.340
3 0 -32.293 -84.751 182.340 -32.158 -85.417 182.268 -32.326 -85.661 186.272
3 0 -31.948 -86.229 186.296 -32.326 -85.661 186.272 -32.158 -85.417 182.268
3 0 -32.158 -85.417 182.268 -31.778 -85.983 182.231 -31.948 -86.229 186.296
3 0 -31.383 -86.609 186.341 -31.948 -86.229 186.296 -31.778 -85.983 182.231
3 0 -31.778 -85.983 182.231 -31.212 -86.364 182.236 -31.383 -86.609 186.341
3 0 -30.716 -86.743 186.401 -31.383 -86.609 186.341 -31.212 -86.364 182.236
3 0 -31.212 -86.364 182.236 -30.545 -86.502 182.280 -30.716 -86.743 186.401
3 0 -30.049 -86.611 186.466 -30.716 -86.743 186.401 -30.545 -86.502 182.280
3 0 -30.545 -86.502 182.280 -29.878 -86.375 182.357 -30.049 -86.611 186.466
3 0 -29.484 -86.232 186.527 -30.049 -86.611 186.466 -29.878 -86.375 182.357
3 0 -29.878 -86.375 182.357 -29.314 -86.004 182.457 -29.484 -86.232 186.527
3 0 -24.622 -86.575 191.360 -25.176 -86.196 191.236 -24.557 -86.239 186.991
3 0 -24.557 -86.239 186.991 -23.992 -86.619 187.036 -24.622 -86.575 191.360
3 0 -23.967 -86.707 191.502 -24.622 -86.575 191.360 -23.992 -86.619 187.036
3 0 -23.992 -86.619 187.036 -23.325 -86.753 187.096 -23.967 -86.707 191.502
3 0 -23.312 -86.574 191.640 -23.967 -86.707 191.502 -23.325 -86.753 187.096
3 0 -23.325 -86.753 187.096 -22.658 -86.621 187.161 -23.312 -86.574 191.640
3 0 -22.756 -86.194 191.754 -23.312 -86.574 191.640 -22.658 -86.621 187.161
3 0 -22.658 -86.621 187.161 -22.093 -86.242 187.222 -22.756 -86.194 191.754
3 0 -22.384 -85.626 191.825 -22.756 -86.194 191.754 -22.093 -86.242 187.222
3 0 -22.093 -86.242 187.222 -21.716 -85.675 187.270 -22.384 -85.626 191.825
3 0 -22.253 -84.956 191.844 -22.384 -85.626 191.825 -21.716 -85.675 187.270
3 0 -21.716 -85.675 187.270 -21.584 -85.006 187.296 -22.253 -84.956 191.844
3 0 -22.382 -84.286 191.807 -22.253 -84.956 191.844 -21.584 -85.006 187.296
3 0 -21.584 -85.006 187.296 -21.716 -84.336 187.298 -22.382 -84.286 191.807
3 0 -22.752 -83.719 191.720 -22.382 -84.286 191.807 -21.716 -84.336 187.298
3 0 -21.716 -84.336 187.298 -22.095 -83.768 187.274 -22.752 -83.719 191.720
3 0 -23.306 -83.340 191.596 -22.752 -83.719 191.720 -22.095 -83.768 187.274
3 0 -22.095 -83.768 187.274 -22.660 -83.388 187.229 -23.306 -83.340 191.596
3 0 -23.961 -83.208 191.454 -23.306 -83.340 191.596 -22.660 -83.388 187.229
3 0 -22.660 -83.388 187.229 -23.327 -83.254 187.169 -23.961 -83.208 191.454
3 0 -24.616 -83.342 191.315 -23.961 -83.208 191.454 -23.327 -83.254 187.169
3 0 -23.327 -83.254 187.169 -23.993 -83.386 187.103 -24.616 -83.342 191.315
3 0 -25.172 -83.722 191.202 -24.616 -83.342 191.315 -23.993 -83.386 187.103
3 0 -23.993 -83.386 187.103 -24.558 -83.765 187.042 -25.172 -83.722 191.202
3 0 -26.456 -86.616 186.804 -27.042 -86.578 190.842 -27.596 -86.199 190.717
3 0 -27.596 -86.199 190.717 -27.021 -86.236 186.759 -26.456 -86.616 186.804
3 0 -25.789 -86.750 186.864 -26.387 -86.710 190.984 -27.042 -86.578 190.842
3 0 -27.042 -86.578 190.842 -26.456 -86.616 186.804 -25.789 -86.750 186.864
3 0 -25.122 -86.618 186.929 -25.732 -86.576 191.122 -26.387 -86.710 190.984
3 0 -26.387 -86.710 190.984 -25.789 -86.750 186.864 -25.122 -86.618 186.929
3 0 -24.557 -86.239 186.991 -25.176 -86.196 191.236 -25.732 -86.576 191.122
3 0 -25.732 -86.576 191.122 -25.122 -86.618 186.929 -24.557 -86.239 186.991
3 0 -25.124 -83.385 186.997 -25.726 -83.343 191.078 -25.172 -83.722 191.202
3 0 -25.172 -83.722 191.202 -24.558 -83.765 187.042 -25.124 -83.385 186.997
3 0 -25.791 -83.251 186.937 -26.381 -83.211 190.936 -25.726 -83.343 191.078
3 0 -25.726 -83.343 191.078 -25.124 -83.385 186.997 -25.791 -83.251 186.937
3 0 -26.458 -83.383 186.872 -27.036 -83.344 190.797 -26.381 -83.211 190.936
3 0 -26.381 -83.211 190.936 -25.791 -83.251 186.937 -26.458 -83.383 186.872
3 0 -27.023 -83.761 186.811 -27.592 -83.724 190.684 -27.036 -83.344 190.797
3 0 -27.036 -83.344 190.797 -26.458 -83.383 186.872 -27.023 -83.761 186.811
3 0 -28.919 -86.612 186.572 -29.461 -86.580 190.324 -30.015 -86.201 190.199
3 0 -30.015 -86.201 190.199 -29.484 -86.232 186.527 -28.919 -86.612 186.572
3 0 -28.252 -86.746 186.632 -28.806 -86.713 190.466 -29.461 -86.580 190.324
3 0 -29.461 -86.580 190.324 -28.919 -86.612 186.572 -28.252 -86.746 186.632
3 0 -27.585 -86.614 186.698 -28.151 -86.579 190.604 -28.806 -86.713 190.466
3 0 -28.806 -86.713 190.466 -28.252 -86.746 186.632 -27.585 -86.614 186.698
3 0 -27.021 -86.236 186.759 -27.596 -86.199 190.717 -28.151 -86.579 190.604
3 0 -28.151 -86.579 190.604 -27.585 -86.614 186.698 -27.021 -86.236 186.759
3 0 -27.587 -83.381 186.765 -28.145 -83.346 190.560 -27.592 -83.724 190.684
3 0 -27.592 -83.724 190.684 -27.023 -83.761 186.811 -27.587 -83.381 186.765
3 0 -28.254 -83.247 186.706 -28.800 -83.213 190.418 -28.145 -83.346 190.560
3 0 -28.145 -83.346 190.560 -27.587 -83.381 186.765 -28.254 -83.247 186.706
3 0 -28.921 -83.380 186.640 -29.455 -83.347 190.279 -28.800 -83.213 190.418
3 0 -28.800 -83.213 190.418 -28.254 -83.247 186.706 -28.921 -83.380 186.640
3 0 -29.486 -83.758 186.579 -30.011 -83.727 190.166 -29.455 -83.347 190.279
3 0 -29.455 -83.347 190.279 -28.921 -83.380 186.640 -29.486 -83.758 186.579
3 0 -30.566 -83.348 190.042 -30.011 -83.727 190.166 -29.486 -83.758 186.579
3 0 -29.486 -83.758 186.579 -30.051 -83.378 186.534 -30.566 -83.348 190.042
3 0 -31.220 -83.216 189.900 -30.566 -83.348 190.042 -30.051 -83.378 186.534
3 0 -30.051 -83.378 186.534 -30.718 -83.244 186.474 -31.220 -83.216 189.900
3 0 -31.875 -83.350 189.761 -31.220 -83.216 189.900 -30.718 -83.244 186.474
3 0 -30.718 -83.244 186.474 -31.385 -83.376 186.408 -31.875 -83.350 189.761
3 0 -32.431 -83.730 189.648 -31.875 -83.350 189.761 -31.385 -83.376 186.408
3 0 -31.385 -83.376 186.408 -31.950 -83.755 186.347 -32.431 -83.730 189.648
3 0 -32.803 -84.298 189.576 -32.431 -83.730 189.648 -31.950 -83.755 186.347
3 0 -31.950 -83.755 186.347 -32.327 -84.322 186.300 -32.803 -84.298 189.576
3 0 -32.935 -84.967 189.557 -32.803 -84.298 189.576 -32.327 -84.322 186.300
3 0 -32.327 -84.322 186.300 -32.459 -84.991 186.273 -32.935 -84.967 189.557
3 0 -32.806 -85.637 189.594 -32.935 -84.967 189.557 -32.459 -84.991 186.273
3 0 -32.459 -84.991 186.273 -32.326 -85.661 186.272 -32.806 -85.637 189.594
3 0 -32.436 -86.204 189.681 -32.806 -85.637 189.594 -32.326 -85.661 186.272
3 0 -32.326 -85.661 186.272 -31.948 -86.229 186.296 -32.436 -86.204 189.681
3 0 -31.881 -86.583 189.805 -32.436 -86.204 189.681 -31.948 -86.229 186.296
3 0 -31.948 -86.229 186.296 -31.383 -86.609 186.341 -31.881 -86.583 189.805
3 0 -31.227 -86.715 189.947 -31.881 -86.583 189.805 -31.383 -86.609 186.341
3 0 -31.383 -86.609 186.341 -30.716 -86.743 186.401 -31.227 -86.715 189.947
3 0 -30.572 -86.581 190.086 -31.227 -86.715 189.947 -30.716 -86.743 186.401
3 0 -30.716 -86.743 186.401 -30.049 -86.611 186.466 -30.572 -86.581 190.086
3 0 -30.015 -86.201 190.199 -30.572 -86.581 190.086 -30.049 -86.611 186.466
3 0 -30.049 -86.611 186.466 -29.484 -86.232 186.527 -30.015 -86.201 190.199
3 0 -25.929 -86.489 195.975 -26.467 -86.111 195.790 -25.176 -86.196 191.236
3 0 -25.176 -86.196 191.236 -24.622 -86.575 191.360 -25.929 -86.489 195.975
3 0 -25.293 -86.620 196.187 -25.929 -86.489 195.975 -24.622 -86.575 191.360
3 0 -24.622 -86.575 191.360 -23.967 -86.707 191.502 -25.293 -86.620 196.187
3 0 -24.657 -86.486 196.394 -25.293 -86.620 196.187 -23.967 -86.707 191.502
3 0 -23.967 -86.707 191.502 -23.312 -86.574 191.640 -24.657 -86.486 196.394
3 0 -24.116 -86.105 196.563 -24.657 -86.486 196.394 -23.312 -86.574 191.640
3 0 -23.312 -86.574 191.640 -22.756 -86.194 191.754 -24.116 -86.105 196.563
3 0 -23.753 -85.536 196.670 -24.116 -86.105 196.563 -22.756 -86.194 191.754
3 0 -22.756 -86.194 191.754 -22.384 -85.626 191.825 -23.753 -85.536 196.670
3 0 -23.624 -84.866 196.698 -23.753 -85.536 196.670 -22.384 -85.626 191.825
3 0 -22.384 -85.626 191.825 -22.253 -84.956 191.844 -23.624 -84.866 196.698
3 0 -23.748 -84.197 196.642 -23.624 -84.866 196.698 -22.253 -84.956 191.844
3 0 -22.253 -84.956 191.844 -22.382 -84.286 191.807 -23.748 -84.197 196.642
3 0 -24.106 -83.631 196.512 -23.748 -84.197 196.642 -22.382 -84.286 191.807
3 0 -22.382 -84.286 191.807 -22.752 -83.719 191.720 -24.106 -83.631 196.512
3 0 -24.644 -83.253 196.326 -24.106 -83.631 196.512 -22.752 -83.719 191.720
3 0 -22.752 -83.719 191.720 -23.306 -83.340 191.596 -24.644 -83.253 196.326
3 0 -25.279 -83.121 196.114 -24.644 -83.253 196.326 -23.306 -83.340 191.596
3 0 -23.306 -83.340 191.596 -23.961 -83.208 191.454 -25.279 -83.121 196.114
3 0 -25.916 -83.256 195.908 -25.279 -83.121 196.114 -23.961 -83.208 191.454
3 0 -23.961 -83.208 191.454 -24.616 -83.342 191.315 -25.916 -83.256 195.908
3 0 -26.457 -83.637 195.738 -25.916 -83.256 195.908 -24.616 -83.342 191.315
3 0 -24.616 -83.342 191.315 -25.172 -83.722 191.202 -26.457 -83.637 195.738
3 0 -27.042 -86.578 190.842 -28.280 -86.496 195.201 -28.818 -86.118 195.016
3 0 -28.818 -86.118 195.016 -27.596 -86.199 190.717 -27.042 -86.578 190.842
3 0 -26.387 -86.710 190.984 -27.644 -86.627 195.413 -28.280 -86.496 195.201
3 0 -28.280 -86.496 195.201 -27.042 -86.578 190.842 -26.387 -86.710 190.984
3 0 -25.732 -86.576 191.122 -27.008 -86.492 195.620 -27.644 -86.627 195.413
3 0 -27.644 -86.627 195.413 -26.387 -86.710 190.984 -25.732 -86.576 191.122
3 0 -25.176 -86.196 191.236 -26.467 -86.111 195.790 -27.008 -86.492 195.620
3 0 -27.008 -86.492 195.620 -25.732 -86.576 191.122 -25.176 -86.196 191.236
3 0 -25.726 -83.343 191.078 -26.995 -83.259 195.553 -26.457 -83.637 195.738
3 0 -26.457 -83.637 195.738 -25.172 -83.722 191.202 -25.726 -83.343 191.078
3 0 -26.381 -83.211 190.936 -27.630 -83.128 195.341 -26.995 -83.259 195.553
3 0 -26.995 -83.259 195.553 -25.726 -83.343 191.078 -26.381 -83.211 190.936
3 0 -27.036 -83.344 190.797 -28.267 -83.263 195.134 -27.630 -83.128 195.341
3 0 -27.630 -83.128 195.341 -26.381 -83.211 190.936 -27.036 -83.344 190.797
3 0 -27.592 -83.724 190.684 -28.808 -83.644 194.964 -28.267 -83.263 195.134
3 0 -28.267 -83.263 195.134 -27.036 -83.344 190.797 -27.592 -83.724 190.684
3 0 -29.461 -86.580 190.324 -30.630 -86.502 194.428 -31.168 -86.125 194.242
3 0 -31.168 -86.125 194.242 -30.015 -86.201 190.199 -29.461 -86.580 190.324
3 0 -28.806 -86.713 190.466 -29.994 -86.634 194.640 -30.630 -86.502 194.428
3 0 -30.630 -86.502 194.428 -29.461 -86.580 190.324 -28.806 -86.713 190.466
3 0 -28.151 -86.579 190.604 -29.358 -86.499 194.846 -29.994 -86.634 194.640
3 0 -29.994 -86.634 194.640 -28.806 -86.713 190.466 -28.151 -86.579 190.604
3 0 -27.596 -86.199 190.717 -28.818 -86.118 195.016 -29.358 -86.499 194.846
3 0 -29.358 -86.499 194.846 -28.151 -86.579 190.604 -27.596 -86.199 190.717
3 0 -28.145 -83.346 190.560 -29.345 -83.266 194.779 -28.808 -83.644 194.964
3 0 -28.808 -83.644 194.964 -27.592 -83.724 190.684 -28.145 -83.346 190.560
3 0 -28.800 -83.213 190.418 -29.980 -83.135 194.567 -29.345 -83.266 194.779
3 0 -29.345 -83.266 194.779 -28.145 -83.346 190.560 -28.800 -83.213 190.418
3 0 -29.455 -83.347 190.279 -30.617 -83.269 194.360 -29.980 -83.135 194.567
3 0 -29.980 -83.135 194.567 -28.800 -83.213 190.418 -29.455 -83.347 190.279
3 0 -30.011 -83.727 190.166 -31.158 -83.650 194.191 -30.617 -83.269 194.360
3 0 -30.617 -83.269 194.360 -29.455 -83.347 190.279 -30.011 -83.727 190.166
3 0 -31.695 -83.272 194.005 -31.158 -83.650 194.191 -30.011 -83.727 190.166
3 0 -30.011 -83.727 190.166 -30.566 -83.348 190.042 -31.695 -83.272 194.005
3 0 -32.331 -83.141 193.793 -31.695 -83.272 194.005 -30.566 -83.348 190.042
3 0 -30.566 -83.348 190.042 -31.220 -83.216 189.900 -32.331 -83.141 193.793
3 0 -32.968 -83.276 193.587 -32.331 -83.141 193.793 -31.220 -83.216 189.900
3 0 -31.220 -83.216 189.900 -31.875 -83.350 189.761 -32.968 -83.276 193.587
3 0 -33.508 -83.657 193.417 -32.968 -83.276 193.587 -31.875 -83.350 189.761
3 0 -31.875 -83.350 189.761 -32.431 -83.730 189.648 -33.508 -83.657 193.417
3 0 -33.871 -84.225 193.310 -33.508 -83.657 193.417 -32.431 -83.730 189.648
3 0 -32.431 -83.730 189.648 -32.803 -84.298 189.576 -33.871 -84.225 193.310
3 0 -34.000 -84.895 193.283 -33.871 -84.225 193.310 -32.803 -84.298 189.576
3 0 -32.803 -84.298 189.576 -32.935 -84.967 189.557 -34.000 -84.895 193.283
3 0 -33.877 -85.564 193.338 -34.000 -84.895 193.283 -32.935 -84.967 189.557
3 0 -32.935 -84.967 189.557 -32.806 -85.637 189.594 -33.877 -85.564 193.338
3 0 -33.519 -86.131 193.469 -33.877 -85.564 193.338 -32.806 -85.637 189.594
3 0 -32.806 -85.637 189.594 -32.436 -86.204 189.681 -33.519 -86.131 193.469
3 0 -32.981 -86.509 193.654 -33.519 -86.131 193.469 -32.436 -86.204 189.681
3 0 -32.436 -86.204 189.681 -31.881 -86.583 189.805 -32.981 -86.509 193.654
3 0 -32.345 -86.640 193.866 -32.981 -86.509 193.654 -31.881 -86.583 189.805
3 0 -31.881 -86.583 189.805 -31.227 -86.715 189.947 -32.345 -86.640 193.866
3 0 -31.709 -86.505 194.073 -32.345 -86.640 193.866 -31.227 -86.715 189.947
3 0 -31.227 -86.715 189.947 -30.572 -86.581 190.086 -31.709 -86.505 194.073
3 0 -31.168 -86.125 194.242 -31.709 -86.505 194.073 -30.572 -86.581 190.086
3 0 -30.572 -86.581 190.086 -30.015 -86.201 190.199 -31.168 -86.125 194.242
3 0 -27.391 -86.390 199.874 -27.916 -86.013 199.652 -26.467 -86.111 195.790
3 0 -26.467 -86.111 195.790 -25.929 -86.489 195.975 -27.391 -86.390 199.874
3 0 -26.771 -86.520 200.127 -27.391 -86.390 199.874 -25.929 -86.489 195.975
3 0 -25.929 -86.489 195.975 -25.293 -86.620 196.187 -26.771 -86.520 200.127
3 0 -26.149 -86.384 200.373 -26.771 -86.520 200.127 -25.293 -86.620 196.187
3 0 -25.293 -86.620 196.187 -24.657 -86.486 196.394 -26.149 -86.384 200.373
3 0 -25.620 -86.002 200.575 -26.149 -86.384 200.373 -24.657 -86.486 196.394
3 0 -24.657 -86.486 196.394 -24.116 -86.105 196.563 -25.620 -86.002 200.575
3 0 -25.264 -85.433 200.703 -25.620 -86.002 200.575 -24.116 -86.105 196.563
3 0 -24.116 -86.105 196.563 -23.753 -85.536 196.670 -25.264 -85.433 200.703
3 0 -25.137 -84.763 200.735 -25.264 -85.433 200.703 -23.753 -85.536 196.670
3 0 -23.753 -85.536 196.670 -23.624 -84.866 196.698 -25.137 -84.763 200.735
3 0 -25.257 -84.094 200.669 -25.137 -84.763 200.735 -23.624 -84.866 196.698
3 0 -23.624 -84.866 196.698 -23.748 -84.197 196.642 -25.257 -84.094 200.669
3 0 -25.605 -83.529 200.513 -25.257 -84.094 200.669 -23.748 -84.197 196.642
3 0 -23.748 -84.197 196.642 -24.106 -83.631 196.512 -25.605 -83.529 200.513
3 0 -26.130 -83.152 200.291 -25.605 -83.529 200.513 -24.106 -83.631 196.512
3 0 -24.106 -83.631 196.512 -24.644 -83.253 196.326 -26.130 -83.152 200.291
3 0 -26.751 -83.021 200.038 -26.130 -83.152 200.291 -24.644 -83.253 196.326
3 0 -24.644 -83.253 196.326 -25.279 -83.121 196.114 -26.751 -83.021 200.038
3 0 -27.373 -83.157 199.792 -26.751 -83.021 200.038 -25.279 -83.121 196.114
3 0 -25.279 -83.121 196.114 -25.916 -83.256 195.908 -27.373 -83.157 199.792
3 0 -27.902 -83.539 199.590 -27.373 -83.157 199.792 -25.916 -83.256 195.908
3 0 -25.916 -83.256 195.908 -26.457 -83.637 195.738 -27.902 -83.539 199.590
3 0 -28.280 -86.496 195.201 -29.688 -86.400 198.951 -30.212 -86.023 198.729
3 0 -30.212 -86.023 198.729 -28.818 -86.118 195.016 -28.280 -86.496 195.201
3 0 -27.644 -86.627 195.413 -29.067 -86.530 199.204 -29.688 -86.400 198.951
3 0 -29.688 -86.400 198.951 -28.280 -86.496 195.201 -27.644 -86.627 195.413
3 0 -27.008 -86.492 195.620 -28.445 -86.394 199.450 -29.067 -86.530 199.204
3 0 -29.067 -86.530 199.204 -27.644 -86.627 195.413 -27.008 -86.492 195.620
3 0 -26.467 -86.111 195.790 -27.916 -86.013 199.652 -28.445 -86.394 199.450
3 0 -28.445 -86.394 199.450 -27.008 -86.492 195.620 -26.467 -86.111 195.790
3 0 -26.995 -83.259 195.553 -28.426 -83.162 199.368 -27.902 -83.539 199.590
3 0 -27.902 -83.539 199.590 -26.457 -83.637 195.738 -26.995 -83.259 195.553
3 0 -27.630 -83.128 195.341 -29.047 -83.032 199.115 -28.426 -83.162 199.368
3 0 -28.426 -83.162 199.368 -26.995 -83.259 195.553 -27.630 -83.128 195.341
3 0 -28.267 -83.263 195.134 -29.669 -83.167 198.868 -29.047 -83.032 199.115
3 0 -29.047 -83.032 199.115 -27.630 -83.128 195.341 -28.267 -83.263 195.134
3 0 -28.808 -83.644 194.964 -30.198 -83.549 198.666 -29.669 -83.167 198.868
3 0 -29.669 -83.167 198.868 -28.267 -83.263 195.134 -28.808 -83.644 194.964
3 0 -30.630 -86.502 194.428 -31.983 -86.410 198.028 -32.508 -86.033 197.806
3 0 -32.508 -86.033 197.806 -31.168 -86.125 194.242 -30.630 -86.502 194.428
3 0 -29.994 -86.634 194.640 -31.363 -86.541 198.281 -31.983 -86.410 198.028
3 0 -31.983 -86.410 198.028 -30.630 -86.502 194.428 -29.994 -86.634 194.640
3 0 -29.358 -86.499 194.846 -30.740 -86.405 198.527 -31.363 -86.541 198.281
3 0 -31.363 -86.541 198.281 -29.994 -86.634 194.640 -29.358 -86.499 194.846
3 0 -28.818 -86.118 195.016 -30.212 -86.023 198.729 -30.740 -86.405 198.527
3 0 -30.740 -86.405 198.527 -29.358 -86.499 194.846 -28.818 -86.118 195.016
3 0 -29.345 -83.266 194.779 -30.722 -83.172 198.445 -30.198 -83.549 198.666
3 0 -30.198 -83.549 198.666 -28.808 -83.644 194.964 -29.345 -83.266 194.779
3 0 -29.980 -83.135 194.567 -31.342 -83.042 198.192 -30.722 -83.172 198.445
3 0 -30.722 -83.172 198.445 -29.345 -83.266 194.779 -29.980 -83.135 194.567
3 0 -30.617 -83.269 194.360 -31.965 -83.178 197.946 -31.342 -83.042 198.192
3 0 -31.342 -83.042 198.192 -29.980 -83.135 194.567 -30.617 -83.269 194.360
3 0 -31.158 -83.650 194.191 -32.493 -83.559 197.744 -31.965 -83.178 197.946
3 0 -31.965 -83.178 197.946 -30.617 -83.269 194.360 -31.158 -83.650 194.191
3 0 -33.018 -83.182 197.522 -32.493 -83.559 197.744 -31.158 -83.650 194.191
3 0 -31.158 -83.650 194.191 -31.695 -83.272 194.005 -33.018 -83.182 197.522
3 0 -33.639 -83.052 197.269 -33.018 -83.182 197.522 -31.695 -83.272 194.005
3 0 -31.695 -83.272 194.005 -32.331 -83.141 193.793 -33.639 -83.052 197.269
3 0 -34.261 -83.188 197.023 -33.639 -83.052 197.269 -32.331 -83.141 193.793
3 0 -32.331 -83.141 193.793 -32.968 -83.276 193.587 -34.261 -83.188 197.023
3 0 -34.790 -83.570 196.820 -34.261 -83.188 197.023 -32.968 -83.276 193.587
3 0 -32.968 -83.276 193.587 -33.508 -83.657 193.417 -34.790 -83.570 196.820
3 0 -35.145 -84.139 196.693 -34.790 -83.570 196.820 -33.508 -83.657 193.417
3 0 -33.508 -83.657 193.417 -33.871 -84.225 193.310 -35.145 -84.139 196.693
3 0 -35.272 -84.809 196.661 -35.145 -84.139 196.693 -33.871 -84.225 193.310
3 0 -33.871 -84.225 193.310 -34.000 -84.895 193.283 -35.272 -84.809 196.661
3 0 -35.153 -85.478 196.727 -35.272 -84.809 196.661 -34.000 -84.895 193.283
3 0 -34.000 -84.895 193.283 -33.877 -85.564 193.338 -35.153 -85.478 196.727
3 0 -34.804 -86.044 196.883 -35.153 -85.478 196.727 -33.877 -85.564 193.338
3 0 -33.877 -85.564 193.338 -33.519 -86.131 193.469 -34.804 -86.044 196.883
3 0 -34.279 -86.420 197.105 -34.804 -86.044 196.883 -33.519 -86.131 193.469
3 0 -33.519 -86.131 193.469 -32.981 -86.509 193.654 -34.279 -86.420 197.105
3 0 -33.659 -86.551 197.358 -34.279 -86.420 197.105 -32.981 -86.509 193.654
3 0 -32.981 -86.509 193.654 -32.345 -86.640 193.866 -33.659 -86.551 197.358
3 0 -33.037 -86.415 197.604 -33.659 -86.551 197.358 -32.345 -86.640 193.866
3 0 -32.345 -86.640 193.866 -31.709 -86.505 194.073 -33.037 -86.415 197.604
3 0 -32.508 -86.033 197.806 -33.037 -86.415 197.604 -31.709 -86.505 194.073
3 0 -31.709 -86.505 194.073 -31.168 -86.125 194.242 -32.508 -86.033 197.806
3 0 -29.000 -86.277 203.624 -29.516 -85.901 203.382 -27.916 -86.013 199.652
3 0 -27.916 -86.013 199.652 -27.391 -86.390 199.874 -29.000 -86.277 203.624
3 0 -28.389 -86.406 203.901 -29.000 -86.277 203.624 -27.391 -86.390 199.874
3 0 -27.391 -86.390 199.874 -26.771 -86.520 200.127 -28.389 -86.406 203.901
3 0 -27.777 -86.269 204.170 -28.389 -86.406 203.901 -26.771 -86.520 200.127
3 0 -26.771 -86.520 200.127 -26.149 -86.384 200.373 -27.777 -86.269 204.170
3 0 -27.256 -85.887 204.391 -27.777 -86.269 204.170 -26.149 -86.384 200.373
3 0 -26.149 -86.384 200.373 -25.620 -86.002 200.575 -27.256 -85.887 204.391
3 0 -26.906 -85.318 204.530 -27.256 -85.887 204.391 -25.620 -86.002 200.575
3 0 -25.620 -86.002 200.575 -25.264 -85.433 200.703 -26.906 -85.318 204.530
3 0 -26.780 -84.647 204.565 -26.906 -85.318 204.530 -25.264 -85.433 200.703
3 0 -25.264 -85.433 200.703 -25.137 -84.763 200.735 -26.780 -84.647 204.565
3 0 -26.897 -83.979 204.491 -26.780 -84.647 204.565 -25.137 -84.763 200.735
3 0 -25.137 -84.763 200.735 -25.257 -84.094 200.669 -26.897 -83.979 204.491
3 0 -27.239 -83.413 204.320 -26.897 -83.979 204.491 -25.257 -84.094 200.669
3 0 -25.257 -84.094 200.669 -25.605 -83.529 200.513 -27.239 -83.413 204.320
3 0 -27.755 -83.037 204.078 -27.239 -83.413 204.320 -25.605 -83.529 200.513
3 0 -25.605 -83.529 200.513 -26.130 -83.152 200.291 -27.755 -83.037 204.078
3 0 -28.366 -82.908 203.801 -27.755 -83.037 204.078 -26.130 -83.152 200.291
3 0 -26.130 -83.152 200.291 -26.751 -83.021 200.038 -28.366 -82.908 203.801
3 0 -28.978 -83.044 203.532 -28.366 -82.908 203.801 -26.751 -83.021 200.038
3 0 -26.751 -83.021 200.038 -27.373 -83.157 199.792 -28.978 -83.044 203.532
3 0 -29.499 -83.427 203.311 -28.978 -83.044 203.532 -27.373 -83.157 199.792
3 0 -27.373 -83.157 199.792 -27.902 -83.539 199.590 -29.499 -83.427 203.311
3 0 -29.688 -86.400 198.951 -31.260 -86.290 202.615 -31.775 -85.914 202.372
3 0 -31.775 -85.914 202.372 -30.212 -86.023 198.729 -29.688 -86.400 198.951
3 0 -29.067 -86.530 199.204 -30.649 -86.420 202.892 -31.260 -86.290 202.615
3 0 -31.260 -86.290 202.615 -29.688 -86.400 198.951 -29.067 -86.530 199.204
3 0 -28.445 -86.394 199.450 -30.037 -86.283 203.161 -30.649 -86.420 202.892
3 0 -30.649 -86.420 202.892 -29.067 -86.530 199.204 -28.445 -86.394 199.450
3 0 -27.916 -86.013 199.652 -29.516 -85.901 203.382 -30.037 -86.283 203.161
3 0 -30.037 -86.283 203.161 -28.445 -86.394 199.450 -27.916 -86.013 199.652
3 0 -28.426 -83.162 199.368 -30.015 -83.051 203.069 -29.499 -83.427 203.311
3 0 -29.499 -83.427 203.311 -27.902 -83.539 199.590 -28.426 -83.162 199.368
3 0 -29.047 -83.032 199.115 -30.625 -82.921 202.792 -30.015 -83.051 203.069
3 0 -30.015 -83.051 203.069 -28.426 -83.162 199.368 -29.047 -83.032 199.115
3 0 -29.669 -83.167 198.868 -31.238 -83.058 202.522 -30.625 -82.921 202.792
3 0 -30.625 -82.921 202.792 -29.047 -83.032 199.115 -29.669 -83.167 198.868
3 0 -30.198 -83.549 198.666 -31.759 -83.440 202.302 -31.238 -83.058 202.522
3 0 -31.238 -83.058 202.522 -29.669 -83.167 198.868 -30.198 -83.549 198.666
3 0 -31.983 -86.410 198.028 -33.518 -86.303 201.606 -34.034 -85.927 201.363
3 0 -34.034 -85.927 201.363 -32.508 -86.033 197.806 -31.983 -86.410 198.028
3 0 -31.363 -86.541 198.281 -32.908 -86.433 201.883 -33.518 -86.303 201.606
3 0 -33.518 -86.303 201.606 -31.983 -86.410 198.028 -31.363 -86.541 198.281
3 0 -30.740 -86.405 198.527 -32.296 -86.296 202.152 -32.908 -86.433 201.883
3 0 -32.908 -86.433 201.883 -31.363 -86.541 198.281 -30.740 -86.405 198.527
3 0 -30.212 -86.023 198.729 -31.775 -85.914 202.372 -32.296 -86.296 202.152
3 0 -32.296 -86.296 202.152 -30.740 -86.405 198.527 -30.212 -86.023 198.729
3 0 -30.722 -83.172 198.445 -32.274 -83.064 202.060 -31.759 -83.440 202.302
3 0 -31.759 -83.440 202.302 -30.198 -83.549 198.666 -30.722 -83.172 198.445
3 0 -31.342 -83.042 198.192 -32.884 -82.935 201.783 -32.274 -83.064 202.060
3 0 -32.274 -83.064 202.060 -30.722 -83.172 198.445 -31.342 -83.042 198.192
3 0 -31.965 -83.178 197.946 -33.496 -83.071 201.513 -32.884 -82.935 201.783
3 0 -32.884 -82.935 201.783 -31.342 -83.042 198.192 -31.965 -83.178 197.946
3 0 -32.493 -83.559 197.744 -34.017 -83.454 201.293 -33.496 -83.071 201.513
3 0 -33.496 -83.071 201.513 -31.965 -83.178 197.946 -32.493 -83.559 197.744
3 0 -34.533 -83.077 201.050 -34.017 -83.454 201.293 -32.493 -83.559 197.744
3 0 -32.493 -83.559 197.744 -33.018 -83.182 197.522 -34.533 -83.077 201.050
3 0 -35.144 -82.948 200.773 -34.533 -83.077 201.050 -33.018 -83.182 197.522
3 0 -33.018 -83.182 197.522 -33.639 -83.052 197.269 -35.144 -82.948 200.773
3 0 -35.756 -83.085 200.504 -35.144 -82.948 200.773 -33.639 -83.052 197.269
3 0 -33.639 -83.052 197.269 -34.261 -83.188 197.023 -35.756 -83.085 200.504
3 0 -36.277 -83.467 200.283 -35.756 -83.085 200.504 -34.261 -83.188 197.023
3 0 -34.261 -83.188 197.023 -34.790 -83.570 196.820 -36.277 -83.467 200.283
3 0 -36.627 -84.037 200.145 -36.277 -83.467 200.283 -34.790 -83.570 196.820
3 0 -34.790 -83.570 196.820 -35.145 -84.139 196.693 -36.627 -84.037 200.145
3 0 -36.754 -84.707 200.110 -36.627 -84.037 200.145 -35.145 -84.139 196.693
3 0 -35.145 -84.139 196.693 -35.272 -84.809 196.661 -36.754 -84.707 200.110
3 0 -36.637 -85.375 200.183 -36.754 -84.707 200.110 -35.272 -84.809 196.661
3 0 -35.272 -84.809 196.661 -35.153 -85.478 196.727 -36.637 -85.375 200.183
3 0 -36.294 -85.941 200.354 -36.637 -85.375 200.183 -35.153 -85.478 196.727
3 0 -35.153 -85.478 196.727 -34.804 -86.044 196.883 -36.294 -85.941 200.354
3 0 -35.778 -86.317 200.596 -36.294 -85.941 200.354 -34.804 -86.044 196.883
3 0 -34.804 -86.044 196.883 -34.279 -86.420 197.105 -35.778 -86.317 200.596
3 0 -35.168 -86.446 200.873 -35.778 -86.317 200.596 -34.279 -86.420 197.105
3 0 -34.279 -86.420 197.105 -33.659 -86.551 197.358 -35.168 -86.446 200.873
3 0 -34.555 -86.310 201.142 -35.168 -86.446 200.873 -33.659 -86.551 197.358
3 0 -33.659 -86.551 197.358 -33.037 -86.415 197.604 -34.555 -86.310 201.142
3 0 -34.034 -85.927 201.363 -34.555 -86.310 201.142 -33.037 -86.415 197.604
3 0 -33.037 -86.415 197.604 -32.508 -86.033 197.806 -34.034 -85.927 201.363
3 0 -30.707 -86.153 207.300 -31.216 -85.778 207.041 -29.516 -85.901 203.382
3 0 -29.516 -85.901 203.382 -29.000 -86.277 203.624 -30.707 -86.153 207.300
3 0 -30.105 -86.282 207.594 -30.707 -86.153 207.300 -29.000 -86.277 203.624
3 0 -29.000 -86.277 203.624 -28.389 -86.406 203.901 -30.105 -86.282 207.594
3 0 -29.501 -86.144 207.881 -30.105 -86.282 207.594 -28.389 -86.406 203.901
3 0 -28.389 -86.406 203.901 -27.777 -86.269 204.170 -29.501 -86.144 207.881
3 0 -28.987 -85.761 208.115 -29.501 -86.144 207.881 -27.777 -86.269 204.170
3 0 -27.777 -86.269 204.170 -27.256 -85.887 204.391 -28.987 -85.761 208.115
3 0 -28.640 -85.191 208.262 -28.987 -85.761 208.115 -27.256 -85.887 204.391
3 0 -27.256 -85.887 204.391 -26.906 -85.318 204.530 -28.640 -85.191 208.262
3 0 -28.515 -84.521 208.299 -28.640 -85.191 208.262 -26.906 -85.318 204.530
3 0 -26.906 -85.318 204.530 -26.780 -84.647 204.565 -28.515 -84.521 208.299
3 0 -28.630 -83.852 208.220 -28.515 -84.521 208.299 -26.780 -84.647 204.565
3 0 -26.780 -84.647 204.565 -26.897 -83.979 204.491 -28.630 -83.852 208.220
3 0 -28.968 -83.287 208.037 -28.630 -83.852 208.220 -26.897 -83.979 204.491
3 0 -26.897 -83.979 204.491 -27.239 -83.413 204.320 -28.968 -83.287 208.037
3 0 -29.476 -82.912 207.779 -28.968 -83.287 208.037 -27.239 -83.413 204.320
3 0 -27.239 -83.413 204.320 -27.755 -83.037 204.078 -29.476 -82.912 207.779
3 0 -30.078 -82.784 207.484 -29.476 -82.912 207.779 -27.755 -83.037 204.078
3 0 -27.755 -83.037 204.078 -28.366 -82.908 203.801 -30.078 -82.784 207.484
3 0 -30.683 -82.921 207.198 -30.078 -82.784 207.484 -28.366 -82.908 203.801
3 0 -28.366 -82.908 203.801 -28.978 -83.044 203.532 -30.683 -82.921 207.198
3 0 -31.197 -83.304 206.963 -30.683 -82.921 207.198 -28.978 -83.044 203.532
3 0 -28.978 -83.044 203.532 -29.499 -83.427 203.311 -31.197 -83.304 206.963
3 0 -31.260 -86.290 202.615 -32.937 -86.170 206.225 -33.446 -85.794 205.967
3 0 -33.446 -85.794 205.967 -31.775 -85.914 202.372 -31.260 -86.290 202.615
3 0 -30.649 -86.420 202.892 -32.335 -86.298 206.520 -32.937 -86.170 206.225
3 0 -32.937 -86.170 206.225 -31.260 -86.290 202.615 -30.649 -86.420 202.892
3 0 -30.037 -86.283 203.161 -31.731 -86.161 206.807 -32.335 -86.298 206.520
3 0 -32.335 -86.298 206.520 -30.649 -86.420 202.892 -30.037 -86.283 203.161
3 0 -29.516 -85.901 203.382 -31.216 -85.778 207.041 -31.731 -86.161 206.807
3 0 -31.731 -86.161 206.807 -30.037 -86.283 203.161 -29.516 -85.901 203.382
3 0 -30.015 -83.051 203.069 -31.706 -82.929 206.705 -31.197 -83.304 206.963
3 0 -31.197 -83.304 206.963 -29.499 -83.427 203.311 -30.015 -83.051 203.069
3 0 -30.625 -82.921 202.792 -32.308 -82.800 206.410 -31.706 -82.929 206.705
3 0 -31.706 -82.929 206.705 -30.015 -83.051 203.069 -30.625 -82.921 202.792
3 0 -31.238 -83.058 202.522 -32.912 -82.938 206.123 -32.308 -82.800 206.410
3 0 -32.308 -82.800 206.410 -30.625 -82.921 202.792 -31.238 -83.058 202.522
3 0 -31.759 -83.440 202.302 -33.427 -83.321 205.889 -32.912 -82.938 206.123
3 0 -32.912 -82.938 206.123 -31.238 -83.058 202.522 -31.759 -83.440 202.302
3 0 -33.518 -86.303 201.606 -35.166 -86.187 205.152 -35.674 -85.811 204.893
3 0 -35.674 -85.811 204.893 -34.034 -85.927 201.363 -33.518 -86.303 201.606
3 0 -32.908 -86.433 201.883 -34.564 -86.315 205.446 -35.166 -86.187 205.152
3 0 -35.166 -86.187 205.152 -33.518 -86.303 201.606 -32.908 -86.433 201.883
3 0 -32.296 -86.296 202.152 -33.959 -86.177 205.733 -34.564 -86.315 205.446
3 0 -34.564 -86.315 205.446 -32.908 -86.433 201.883 -32.296 -86.296 202.152
3 0 -31.775 -85.914 202.372 -33.446 -85.794 205.967 -33.959 -86.177 205.733
3 0 -33.959 -86.177 205.733 -32.296 -86.296 202.152 -31.775 -85.914 202.372
3 0 -32.274 -83.064 202.060 -33.934 -82.946 205.631 -33.427 -83.321 205.889
3 0 -33.427 -83.321 205.889 -31.759 -83.440 202.302 -32.274 -83.064 202.060
3 0 -32.884 -82.935 201.783 -34.537 -82.817 205.336 -33.934 -82.946 205.631
3 0 -33.934 -82.946 205.631 -32.274 -83.064 202.060 -32.884 -82.935 201.783
3 0 -33.496 -83.071 201.513 -35.141 -82.955 205.050 -34.537 -82.817 205.336
3 0 -34.537 -82.817 205.336 -32.884 -82.935 201.783 -33.496 -83.071 201.513
3 0 -34.017 -83.454 201.293 -35.655 -83.338 204.815 -35.141 -82.955 205.050
3 0 -35.141 -82.955 205.050 -33.496 -83.071 201.513 -34.017 -83.454 201.293
3 0 -36.164 -82.962 204.557 -35.655 -83.338 204.815 -34.017 -83.454 201.293
3 0 -34.017 -83.454 201.293 -34.533 -83.077 201.050 -36.164 -82.962 204.557
3 0 -36.766 -82.834 204.262 -36.164 -82.962 204.557 -34.533 -83.077 201.050
3 0 -34.533 -83.077 201.050 -35.144 -82.948 200.773 -36.766 -82.834 204.262
3 0 -37.371 -82.971 203.975 -36.766 -82.834 204.262 -35.144 -82.948 200.773
3 0 -35.144 -82.948 200.773 -35.756 -83.085 200.504 -37.371 -82.971 203.975
3 0 -37.885 -83.354 203.741 -37.371 -82.971 203.975 -35.756 -83.085 200.504
3 0 -35.756 -83.085 200.504 -36.277 -83.467 200.283 -37.885 -83.354 203.741
3 0 -38.231 -83.924 203.594 -37.885 -83.354 203.741 -36.277 -83.467 200.283
3 0 -36.277 -83.467 200.283 -36.627 -84.037 200.145 -38.231 -83.924 203.594
3 0 -38.356 -84.595 203.557 -38.231 -83.924 203.594 -36.627 -84.037 200.145
3 0 -36.627 -84.037 200.145 -36.754 -84.707 200.110 -38.356 -84.595 203.557
3 0 -38.241 -85.263 203.636 -38.356 -84.595 203.557 -36.754 -84.707 200.110
3 0 -36.754 -84.707 200.110 -36.637 -85.375 200.183 -38.241 -85.263 203.636
3 0 -37.904 -85.828 203.819 -38.241 -85.263 203.636 -36.637 -85.375 200.183
3 0 -36.637 -85.375 200.183 -36.294 -85.941 200.354 -37.904 -85.828 203.819
3 0 -37.396 -86.203 204.077 -37.904 -85.828 203.819 -36.294 -85.941 200.354
3 0 -36.294 -85.941 200.354 -35.778 -86.317 200.596 -37.396 -86.203 204.077
3 0 -36.793 -86.332 204.372 -37.396 -86.203 204.077 -35.778 -86.317 200.596
3 0 -35.778 -86.317 200.596 -35.168 -86.446 200.873 -36.793 -86.332 204.372
3 0 -36.189 -86.194 204.659 -36.793 -86.332 204.372 -35.168 -86.446 200.873
3 0 -35.168 -86.446 200.873 -34.555 -86.310 201.142 -36.189 -86.194 204.659
3 0 -35.674 -85.811 204.893 -36.189 -86.194 204.659 -34.555 -86.310 201.142
3 0 -34.555 -86.310 201.142 -34.034 -85.927 201.363 -35.674 -85.811 204.893
3 0 -34.275 -85.882 214.447 -34.778 -85.508 214.176 -31.216 -85.778 207.041
3 0 -31.216 -85.778 207.041 -30.707 -86.153 207.300 -34.275 -85.882 214.447
3 0 -33.679 -86.009 214.754 -34.275 -85.882 214.447 -30.707 -86.153 207.300
3 0 -30.707 -86.153 207.300 -30.105 -86.282 207.594 -33.679 -86.009 214.754
3 0 -33.081 -85.870 215.052 -33.679 -86.009 214.754 -30.105 -86.282 207.594
3 0 -30.105 -86.282 207.594 -29.501 -86.144 207.881 -33.081 -85.870 215.052
3 0 -32.571 -85.486 215.295 -33.081 -85.870 215.052 -29.501 -86.144 207.881
3 0 -29.501 -86.144 207.881 -28.987 -85.761 208.115 -32.571 -85.486 215.295
3 0 -32.228 -84.916 215.446 -32.571 -85.486 215.295 -28.987 -85.761 208.115
3 0 -28.987 -85.761 208.115 -28.640 -85.191 208.262 -32.228 -84.916 215.446
3 0 -32.104 -84.245 215.482 -32.228 -84.916 215.446 -28.640 -85.191 208.262
3 0 -28.640 -85.191 208.262 -28.515 -84.521 208.299 -32.104 -84.245 215.482
3 0 -32.217 -83.577 215.398 -32.104 -84.245 215.482 -28.515 -84.521 208.299
3 0 -28.515 -84.521 208.299 -28.630 -83.852 208.220 -32.217 -83.577 215.398
3 0 -32.550 -83.013 215.206 -32.217 -83.577 215.398 -28.630 -83.852 208.220
3 0 -28.630 -83.852 208.220 -28.968 -83.287 208.037 -32.550 -83.013 215.206
3 0 -33.053 -82.639 214.935 -32.550 -83.013 215.206 -28.968 -83.287 208.037
3 0 -28.968 -83.287 208.037 -29.476 -82.912 207.779 -33.053 -82.639 214.935
3 0 -33.650 -82.512 214.628 -33.053 -82.639 214.935 -29.476 -82.912 207.779
3 0 -29.476 -82.912 207.779 -30.078 -82.784 207.484 -33.650 -82.512 214.628
3 0 -34.248 -82.651 214.330 -33.650 -82.512 214.628 -30.078 -82.784 207.484
3 0 -30.078 -82.784 207.484 -30.683 -82.921 207.198 -34.248 -82.651 214.330
3 0 -34.757 -83.035 214.087 -34.248 -82.651 214.330 -30.683 -82.921 207.198
3 0 -30.683 -82.921 207.198 -31.197 -83.304 206.963 -34.757 -83.035 214.087
3 0 -32.937 -86.170 206.225 -36.482 -85.904 213.327 -36.986 -85.530 213.057
3 0 -36.986 -85.530 213.057 -33.446 -85.794 205.967 -32.937 -86.170 206.225
3 0 -32.335 -86.298 206.520 -35.886 -86.031 213.635 -36.482 -85.904 213.327
3 0 -36.482 -85.904 213.327 -32.937 -86.170 206.225 -32.335 -86.298 206.520
3 0 -31.731 -86.161 206.807 -35.288 -85.892 213.933 -35.886 -86.031 213.635
3 0 -35.886 -86.031 213.635 -32.335 -86.298 206.520 -31.731 -86.161 206.807
3 0 -31.216 -85.778 207.041 -34.778 -85.508 214.176 -35.288 -85.892 213.933
3 0 -35.288 -85.892 213.933 -31.731 -86.161 206.807 -31.216 -85.778 207.041
3 0 -31.706 -82.929 206.705 -35.261 -82.661 213.816 -34.757 -83.035 214.087
3 0 -34.757 -83.035 214.087 -31.197 -83.304 206.963 -31.706 -82.929 206.705
3 0 -32.308 -82.800 206.410 -35.857 -82.534 213.509 -35.261 -82.661 213.816
3 0 -35.261 -82.661 213.816 -31.706 -82.929 206.705 -32.308 -82.800 206.410
3 0 -32.912 -82.938 206.123 -36.455 -82.673 213.210 -35.857 -82.534 213.509
3 0 -35.857 -82.534 213.509 -32.308 -82.800 206.410 -32.912 -82.938 206.123
3 0 -33.427 -83.321 205.889 -36.965 -83.057 212.967 -36.455 -82.673 213.210
3 0 -36.455 -82.673 213.210 -32.912 -82.938 206.123 -33.427 -83.321 205.889
3 0 -35.166 -86.187 205.152 -38.689 -85.926 212.209 -39.192 -85.552 211.938
3 0 -39.192 -85.552 211.938 -35.674 -85.811 204.893 -35.166 -86.187 205.152
3 0 -34.564 -86.315 205.446 -38.093 -86.053 212.516 -38.689 -85.926 212.209
3 0 -38.689 -85.926 212.209 -35.166 -86.187 205.152 -34.564 -86.315 205.446
3 0 -33.959 -86.177 205.733 -37.494 -85.914 212.814 -38.093 -86.053 212.516
3 0 -38.093 -86.053 212.516 -34.564 -86.315 205.446 -33.959 -86.177 205.733
3 0 -33.446 -85.794 205.967 -36.986 -85.530 213.057 -37.494 -85.914 212.814
3 0 -37.494 -85.914 212.814 -33.959 -86.177 205.733 -33.446 -85.794 205.967
3 0 -33.934 -82.946 205.631 -37.467 -82.683 212.697 -36.965 -83.057 212.967
3 0 -36.965 -83.057 212.967 -33.427 -83.321 205.889 -33.934 -82.946 205.631
3 0 -34.537 -82.817 205.336 -38.063 -82.556 212.390 -37.467 -82.683 212.697
3 0 -37.467 -82.683 212.697 -33.934 -82.946 205.631 -34.537 -82.817 205.336
3 0 -35.141 -82.955 205.050 -38.662 -82.695 212.092 -38.063 -82.556 212.390
3 0 -38.063 -82.556 212.390 -34.537 -82.817 205.336 -35.141 -82.955 205.050
3 0 -35.655 -83.338 204.815 -39.171 -83.079 211.849 -38.662 -82.695 212.092
3 0 -38.662 -82.695 212.092 -35.141 -82.955 205.050 -35.655 -83.338 204.815
3 0 -39.675 -82.705 211.578 -39.171 -83.079 211.849 -35.655 -83.338 204.815
3 0 -35.655 -83.338 204.815 -36.164 -82.962 204.557 -39.675 -82.705 211.578
3 0 -40.271 -82.578 211.271 -39.675 -82.705 211.578 -36.164 -82.962 204.557
3 0 -36.164 -82.962 204.557 -36.766 -82.834 204.262 -40.271 -82.578 211.271
3 0 -40.869 -82.717 210.972 -40.271 -82.578 211.271 -36.766 -82.834 204.262
3 0 -36.766 -82.834 204.262 -37.371 -82.971 203.975 -40.869 -82.717 210.972
3 0 -41.379 -83.101 210.729 -40.869 -82.717 210.972 -37.371 -82.971 203.975
3 0 -37.371 -82.971 203.975 -37.885 -83.354 203.741 -41.379 -83.101 210.729
3 0 -41.722 -83.672 210.578 -41.379 -83.101 210.729 -37.885 -83.354 203.741
3 0 -37.885 -83.354 203.741 -38.231 -83.924 203.594 -41.722 -83.672 210.578
3 0 -41.846 -84.342 210.542 -41.722 -83.672 210.578 -38.231 -83.924 203.594
3 0 -38.231 -83.924 203.594 -38.356 -84.595 203.557 -41.846 -84.342 210.542
3 0 -41.733 -85.010 210.627 -41.846 -84.342 210.542 -38.356 -84.595 203.557
3 0 -38.356 -84.595 203.557 -38.241 -85.263 203.636 -41.733 -85.010 210.627
3 0 -41.399 -85.574 210.819 -41.733 -85.010 210.627 -38.241 -85.263 203.636
3 0 -38.241 -85.263 203.636 -37.904 -85.828 203.819 -41.399 -85.574 210.819
3 0 -40.896 -85.948 211.089 -41.399 -85.574 210.819 -37.904 -85.828 203.819
3 0 -37.904 -85.828 203.819 -37.396 -86.203 204.077 -40.896 -85.948 211.089
3 0 -40.300 -86.075 211.397 -40.896 -85.948 211.089 -37.396 -86.203 204.077
3 0 -37.396 -86.203 204.077 -36.793 -86.332 204.372 -40.300 -86.075 211.397
3 0 -39.702 -85.936 211.695 -40.300 -86.075 211.397 -36.793 -86.332 204.372
3 0 -36.793 -86.332 204.372 -36.189 -86.194 204.659 -39.702 -85.936 211.695
3 0 -39.192 -85.552 211.938 -39.702 -85.936 211.695 -36.189 -86.194 204.659
3 0 -36.189 -86.194 204.659 -35.674 -85.811 204.893 -39.192 -85.552 211.938
3 0 -43.333 -85.102 232.035 -43.838 -84.730 231.765 -34.778 -85.508 214.176
3 0 -34.778 -85.508 214.176 -34.275 -85.882 214.447 -43.333 -85.102 232.035
3 0 -42.735 -85.226 232.340 -43.333 -85.102 232.035 -34.275 -85.882 214.447
3 0 -34.275 -85.882 214.447 -33.679 -86.009 214.754 -42.735 -85.226 232.340
3 0 -42.135 -85.085 232.634 -42.735 -85.226 232.340 -33.679 -86.009 214.754
3 0 -33.679 -86.009 214.754 -33.081 -85.870 215.052 -42.135 -85.085 232.634
3 0 -41.624 -84.698 232.871 -42.135 -85.085 232.634 -33.081 -85.870 215.052
3 0 -33.081 -85.870 215.052 -32.571 -85.486 215.295 -41.624 -84.698 232.871
3 0 -41.281 -84.126 233.017 -41.624 -84.698 232.871 -32.571 -85.486 215.295
3 0 -32.571 -85.486 215.295 -32.228 -84.916 215.446 -41.281 -84.126 233.017
3 0 -41.158 -83.456 233.048 -41.281 -84.126 233.017 -32.228 -84.916 215.446
3 0 -32.228 -84.916 215.446 -32.104 -84.245 215.482 -41.158 -83.456 233.048
3 0 -41.272 -82.788 232.961 -41.158 -83.456 233.048 -32.104 -84.245 215.482
3 0 -32.104 -84.245 215.482 -32.217 -83.577 215.398 -41.272 -82.788 232.961
3 0 -41.607 -82.226 232.767 -41.272 -82.788 232.961 -32.217 -83.577 215.398
3 0 -32.217 -83.577 215.398 -32.550 -83.013 215.206 -41.607 -82.226 232.767
3 0 -42.113 -81.854 232.497 -41.607 -82.226 232.767 -32.550 -83.013 215.206
3 0 -32.550 -83.013 215.206 -33.053 -82.639 214.935 -42.113 -81.854 232.497
3 0 -42.711 -81.730 232.192 -42.113 -81.854 232.497 -33.053 -82.639 214.935
3 0 -33.053 -82.639 214.935 -33.650 -82.512 214.628 -42.711 -81.730 232.192
3 0 -43.311 -81.871 231.899 -42.711 -81.730 232.192 -33.650 -82.512 214.628
3 0 -33.650 -82.512 214.628 -34.248 -82.651 214.330 -43.311 -81.871 231.899
3 0 -43.821 -82.257 231.661 -43.311 -81.871 231.899 -34.248 -82.651 214.330
3 0 -34.248 -82.651 214.330 -34.757 -83.035 214.087 -43.821 -82.257 231.661
3 0 -36.482 -85.904 213.327 -45.547 -85.133 230.929 -46.052 -84.761 230.659
3 0 -46.052 -84.761 230.659 -36.986 -85.530 213.057 -36.482 -85.904 213.327
3 0 -35.886 -86.031 213.635 -44.949 -85.258 231.234 -45.547 -85.133 230.929
3 0 -45.547 -85.133 230.929 -36.482 -85.904 213.327 -35.886 -86.031 213.635
3 0 -35.288 -85.892 213.933 -44.349 -85.116 231.528 -44.949 -85.258 231.234
3 0 -44.949 -85.258 231.234 -35.886 -86.031 213.635 -35.288 -85.892 213.933
3 0 -34.778 -85.508 214.176 -43.838 -84.730 231.765 -44.349 -85.116 231.528
3 0 -44.349 -85.116 231.528 -35.288 -85.892 213.933 -34.778 -85.508 214.176
3 0 -35.261 -82.661 213.816 -44.326 -81.886 231.391 -43.821 -82.257 231.661
3 0 -43.821 -82.257 231.661 -34.757 -83.035 214.087 -35.261 -82.661 213.816
3 0 -35.857 -82.534 213.509 -44.925 -81.761 231.086 -44.326 -81.886 231.391
3 0 -44.326 -81.886 231.391 -35.261 -82.661 213.816 -35.857 -82.534 213.509
3 0 -36.455 -82.673 213.210 -45.525 -81.903 230.792 -44.925 -81.761 231.086
3 0 -44.925 -81.761 231.086 -35.857 -82.534 213.509 -36.455 -82.673 213.210
3 0 -36.965 -83.057 212.967 -46.035 -82.289 230.555 -45.525 -81.903 230.792
3 0 -45.525 -81.903 230.792 -36.455 -82.673 213.210 -36.965 -83.057 212.967
3 0 -38.689 -85.926 212.209 -47.760 -85.165 229.823 -48.265 -84.793 229.553
3 0 -48.265 -84.793 229.553 -39.192 -85.552 211.938 -38.689 -85.926 212.209
3 0 -38.093 -86.053 212.516 -47.162 -85.289 230.128 -47.760 -85.165 229.823
3 0 -47.760 -85.165 229.823 -38.689 -85.926 212.209 -38.093 -86.053 212.516
3 0 -37.494 -85.914 212.814 -46.562 -85.148 230.422 -47.162 -85.289 230.128
3 0 -47.162 -85.289 230.128 -38.093 -86.053 212.516 -37.494 -85.914 212.814
3 0 -36.986 -85.530 213.057 -46.052 -84.761 230.659 -46.562 -85.148 230.422
3 0 -46.562 -85.148 230.422 -37.494 -85.914 212.814 -36.986 -85.530 213.057
3 0 -37.467 -82.683 212.697 -46.539 -81.917 230.285 -46.035 -82.289 230.555
3 0 -46.035 -82.289 230.555 -36.965 -83.057 212.967 -37.467 -82.683 212.697
3 0 -38.063 -82.556 212.390 -47.138 -81.793 229.980 -46.539 -81.917 230.285
3 0 -46.539 -81.917 230.285 -37.467 -82.683 212.697 -38.063 -82.556 212.390
3 0 -38.662 -82.695 212.092 -47.737 -81.934 229.687 -47.138 -81.793 229.980
3 0 -47.138 -81.793 229.980 -38.063 -82.556 212.390 -38.662 -82.695 212.092
3 0 -39.171 -83.079 211.849 -48.248 -82.320 229.449 -47.737 -81.934 229.687
3 0 -47.737 -81.934 229.687 -38.662 -82.695 212.092 -39.171 -83.079 211.849
3 0 -48.753 -81.949 229.179 -48.248 -82.320 229.449 -39.171 -83.079 211.849
3 0 -39.171 -83.079 211.849 -39.675 -82.705 211.578 -48.753 -81.949 229.179
3 0 -49.351 -81.824 228.874 -48.753 -81.949 229.179 -39.675 -82.705 211.578
3 0 -39.675 -82.705 211.578 -40.271 -82.578 211.271 -49.351 -81.824 228.874
3 0 -49.951 -81.966 228.581 -49.351 -81.824 228.874 -40.271 -82.578 211.271
3 0 -40.271 -82.578 211.271 -40.869 -82.717 210.972 -49.951 -81.966 228.581
3 0 -50.462 -82.352 228.343 -49.951 -81.966 228.581 -40.869 -82.717 210.972
3 0 -40.869 -82.717 210.972 -41.379 -83.101 210.729 -50.462 -82.352 228.343
3 0 -50.805 -82.924 228.197 -50.462 -82.352 228.343 -41.379 -83.101 210.729
3 0 -41.379 -83.101 210.729 -41.722 -83.672 210.578 -50.805 -82.924 228.197
3 0 -50.929 -83.595 228.166 -50.805 -82.924 228.197 -41.722 -83.672 210.578
3 0 -41.722 -83.672 210.578 -41.846 -84.342 210.542 -50.929 -83.595 228.166
3 0 -50.814 -84.262 228.254 -50.929 -83.595 228.166 -41.846 -84.342 210.542
3 0 -41.846 -84.342 210.542 -41.733 -85.010 210.627 -50.814 -84.262 228.254
3 0 -50.479 -84.824 228.447 -50.814 -84.262 228.254 -41.733 -85.010 210.627
3 0 -41.733 -85.010 210.627 -41.399 -85.574 210.819 -50.479 -84.824 228.447
3 0 -49.973 -85.196 228.717 -50.479 -84.824 228.447 -41.399 -85.574 210.819
3 0 -41.399 -85.574 210.819 -40.896 -85.948 211.089 -49.973 -85.196 228.717
3 0 -49.375 -85.321 229.022 -49.973 -85.196 228.717 -40.896 -85.948 211.089
3 0 -40.896 -85.948 211.089 -40.300 -86.075 211.397 -49.375 -85.321 229.022
3 0 -48.775 -85.179 229.316 -49.375 -85.321 229.022 -40.300 -86.075 211.397
3 0 -40.300 -86.075 211.397 -39.702 -85.936 211.695 -48.775 -85.179 229.316
3 0 -48.265 -84.793 229.553 -48.775 -85.179 229.316 -39.702 -85.936 211.695
3 0 -39.702 -85.936 211.695 -39.192 -85.552 211.938 -48.265 -84.793 229.553
3 0 -45.029 -84.922 235.544 -45.541 -84.552 235.284 -43.838 -84.730 231.765
3 0 -43.838 -84.730 231.765 -43.333 -85.102 232.035 -45.029 -84.922 235.544
3 0 -44.425 -85.045 235.837 -45.029 -84.922 235.544 -43.333 -85.102 232.035
3 0 -43.333 -85.102 232.035 -42.735 -85.226 232.340 -44.425 -85.045 235.837
3 0 -43.819 -84.901 236.117 -44.425 -85.045 235.837 -42.735 -85.226 232.340
3 0 -42.735 -85.226 232.340 -42.135 -85.085 232.634 -43.819 -84.901 236.117
3 0 -43.304 -84.513 236.343 -43.819 -84.901 236.117 -42.135 -85.085 232.634
3 0 -42.135 -85.085 232.634 -41.624 -84.698 232.871 -43.304 -84.513 236.343
3 0 -42.959 -83.940 236.479 -43.304 -84.513 236.343 -41.624 -84.698 232.871
3 0 -41.624 -84.698 232.871 -41.281 -84.126 233.017 -42.959 -83.940 236.479
3 0 -42.836 -83.269 236.505 -42.959 -83.940 236.479 -41.281 -84.126 233.017
3 0 -41.281 -84.126 233.017 -41.158 -83.456 233.048 -42.836 -83.269 236.505
3 0 -42.953 -82.602 236.417 -42.836 -83.269 236.505 -41.158 -83.456 233.048
3 0 -41.158 -83.456 233.048 -41.272 -82.788 232.961 -42.953 -82.602 236.417
3 0 -43.293 -82.041 236.229 -42.953 -82.602 236.417 -41.272 -82.788 232.961
3 0 -41.272 -82.788 232.961 -41.607 -82.226 232.767 -43.293 -82.041 236.229
3 0 -43.805 -81.671 235.968 -43.293 -82.041 236.229 -41.607 -82.226 232.767
3 0 -41.607 -82.226 232.767 -42.113 -81.854 232.497 -43.805 -81.671 235.968
3 0 -44.409 -81.549 235.676 -43.805 -81.671 235.968 -42.113 -81.854 232.497
3 0 -42.113 -81.854 232.497 -42.711 -81.730 232.192 -44.409 -81.549 235.676
3 0 -45.015 -81.692 235.395 -44.409 -81.549 235.676 -42.711 -81.730 232.192
3 0 -42.711 -81.730 232.192 -43.311 -81.871 231.899 -45.015 -81.692 235.395
3 0 -45.530 -82.080 235.170 -45.015 -81.692 235.395 -43.311 -81.871 231.899
3 0 -43.311 -81.871 231.899 -43.821 -82.257 231.661 -45.530 -82.080 235.170
3 0 -45.547 -85.133 230.929 -47.266 -84.961 234.485 -47.777 -84.591 234.225
3 0 -47.777 -84.591 234.225 -46.052 -84.761 230.659 -45.547 -85.133 230.929
3 0 -44.949 -85.258 231.234 -46.661 -85.084 234.778 -47.266 -84.961 234.485
3 0 -47.266 -84.961 234.485 -45.547 -85.133 230.929 -44.949 -85.258 231.234
3 0 -44.349 -85.116 231.528 -46.056 -84.940 235.058 -46.661 -85.084 234.778
3 0 -46.661 -85.084 234.778 -44.949 -85.258 231.234 -44.349 -85.116 231.528
3 0 -43.838 -84.730 231.765 -45.541 -84.552 235.284 -46.056 -84.940 235.058
3 0 -46.056 -84.940 235.058 -44.349 -85.116 231.528 -43.838 -84.730 231.765
3 0 -44.326 -81.886 231.391 -46.041 -81.710 234.909 -45.530 -82.080 235.170
3 0 -45.530 -82.080 235.170 -43.821 -82.257 231.661 -44.326 -81.886 231.391
3 0 -44.925 -81.761 231.086 -46.646 -81.588 234.617 -46.041 -81.710 234.909
3 0 -46.041 -81.710 234.909 -44.326 -81.886 231.391 -44.925 -81.761 231.086
3 0 -45.525 -81.903 230.792 -47.252 -81.731 234.336 -46.646 -81.588 234.617
3 0 -46.646 -81.588 234.617 -44.925 -81.761 231.086 -45.525 -81.903 230.792
3 0 -46.035 -82.289 230.555 -47.767 -82.119 234.111 -47.252 -81.731 234.336
3 0 -47.252 -81.731 234.336 -45.525 -81.903 230.792 -46.035 -82.289 230.555
3 0 -47.760 -85.165 229.823 -49.502 -85.000 233.427 -50.013 -84.630 233.166
3 0 -50.013 -84.630 233.166 -48.265 -84.793 229.553 -47.760 -85.165 229.823
3 0 -47.162 -85.289 230.128 -48.897 -85.123 233.719 -49.502 -85.000 233.427
3 0 -49.502 -85.000 233.427 -47.760 -85.165 229.823 -47.162 -85.289 230.128
3 0 -46.562 -85.148 230.422 -48.291 -84.979 234.000 -48.897 -85.123 233.719
3 0 -48.897 -85.123 233.719 -47.162 -85.289 230.128 -46.562 -85.148 230.422
3 0 -46.052 -84.761 230.659 -47.777 -84.591 234.225 -48.291 -84.979 234.000
3 0 -48.291 -84.979 234.000 -46.562 -85.148 230.422 -46.052 -84.761 230.659
3 0 -46.539 -81.917 230.285 -48.277 -81.749 233.851 -47.767 -82.119 234.111
3 0 -47.767 -82.119 234.111 -46.035 -82.289 230.555 -46.539 -81.917 230.285
3 0 -47.138 -81.793 229.980 -48.882 -81.627 233.558 -48.277 -81.749 233.851
3 0 -48.277 -81.749 233.851 -46.539 -81.917 230.285 -47.138 -81.793 229.980
3 0 -47.737 -81.934 229.687 -49.488 -81.770 233.278 -48.882 -81.627 233.558
3 0 -48.882 -81.627 233.558 -47.138 -81.793 229.980 -47.737 -81.934 229.687
3 0 -48.248 -82.320 229.449 -50.002 -82.158 233.052 -49.488 -81.770 233.278
3 0 -49.488 -81.770 233.278 -47.737 -81.934 229.687 -48.248 -82.320 229.449
3 0 -50.514 -81.788 232.792 -50.002 -82.158 233.052 -48.248 -82.320 229.449
3 0 -48.248 -82.320 229.449 -48.753 -81.949 229.179 -50.514 -81.788 232.792
3 0 -51.118 -81.666 232.499 -50.514 -81.788 232.792 -48.753 -81.949 229.179
3 0 -48.753 -81.949 229.179 -49.351 -81.824 228.874 -51.118 -81.666 232.499
3 0 -51.724 -81.809 232.219 -51.118 -81.666 232.499 -49.351 -81.824 228.874
3 0 -49.351 -81.824 228.874 -49.951 -81.966 228.581 -51.724 -81.809 232.219
3 0 -52.239 -82.197 231.993 -51.724 -81.809 232.219 -49.951 -81.966 228.581
3 0 -49.951 -81.966 228.581 -50.462 -82.352 228.343 -52.239 -82.197 231.993
3 0 -52.584 -82.771 231.857 -52.239 -82.197 231.993 -50.462 -82.352 228.343
3 0 -50.462 -82.352 228.343 -50.805 -82.924 228.197 -52.584 -82.771 231.857
3 0 -52.707 -83.442 231.831 -52.584 -82.771 231.857 -50.805 -82.924 228.197
3 0 -50.805 -82.924 228.197 -50.929 -83.595 228.166 -52.707 -83.442 231.831
3 0 -52.590 -84.108 231.919 -52.707 -83.442 231.831 -50.929 -83.595 228.166
3 0 -50.929 -83.595 228.166 -50.814 -84.262 228.254 -52.590 -84.108 231.919
3 0 -52.250 -84.670 232.107 -52.590 -84.108 231.919 -50.814 -84.262 228.254
3 0 -50.814 -84.262 228.254 -50.479 -84.824 228.447 -52.250 -84.670 232.107
3 0 -51.738 -85.040 232.368 -52.250 -84.670 232.107 -50.479 -84.824 228.447
3 0 -50.479 -84.824 228.447 -49.973 -85.196 228.717 -51.738 -85.040 232.368
3 0 -51.134 -85.162 232.660 -51.738 -85.040 232.368 -49.973 -85.196 228.717
3 0 -49.973 -85.196 228.717 -49.375 -85.321 229.022 -51.134 -85.162 232.660
3 0 -50.528 -85.018 232.941 -51.134 -85.162 232.660 -49.375 -85.321 229.022
3 0 -49.375 -85.321 229.022 -48.775 -85.179 229.316 -50.528 -85.018 232.941
3 0 -50.013 -84.630 233.166 -50.528 -85.018 232.941 -48.775 -85.179 229.316
3 0 -48.775 -85.179 229.316 -48.265 -84.793 229.553 -50.013 -84.630 233.166
3 0 -46.662 -84.743 239.077 -47.180 -84.374 238.827 -45.541 -84.552 235.284
3 0 -45.541 -84.552 235.284 -45.029 -84.922 235.544 -46.662 -84.743 239.077
3 0 -46.051 -84.865 239.356 -46.662 -84.743 239.077 -45.029 -84.922 235.544
3 0 -45.029 -84.922 235.544 -44.425 -85.045 235.837 -46.051 -84.865 239.356
3 0 -45.440 -84.721 239.622 -46.051 -84.865 239.356 -44.425 -85.045 235.837
3 0 -44.425 -85.045 235.837 -43.819 -84.901 236.117 -45.440 -84.721 239.622
3 0 -44.920 -84.332 239.836 -45.440 -84.721 239.622 -43.819 -84.901 236.117
3 0 -43.819 -84.901 236.117 -43.304 -84.513 236.343 -44.920 -84.332 239.836
3 0 -44.572 -83.759 239.963 -44.920 -84.332 239.836 -43.304 -84.513 236.343
3 0 -43.304 -84.513 236.343 -42.959 -83.940 236.479 -44.572 -83.759 239.963
3 0 -44.449 -83.088 239.985 -44.572 -83.759 239.963 -42.959 -83.940 236.479
3 0 -42.959 -83.940 236.479 -42.836 -83.269 236.505 -44.449 -83.088 239.985
3 0 -44.568 -82.421 239.899 -44.449 -83.088 239.985 -42.836 -83.269 236.505
3 0 -42.836 -83.269 236.505 -42.953 -82.602 236.417 -44.568 -82.421 239.899
3 0 -44.913 -81.860 239.717 -44.568 -82.421 239.899 -42.953 -82.602 236.417
3 0 -42.953 -82.602 236.417 -43.293 -82.041 236.229 -44.913 -81.860 239.717
3 0 -45.430 -81.491 239.467 -44.913 -81.860 239.717 -43.293 -82.041 236.229
3 0 -43.293 -82.041 236.229 -43.805 -81.671 235.968 -45.430 -81.491 239.467
3 0 -46.041 -81.369 239.188 -45.430 -81.491 239.467 -43.805 -81.671 235.968
3 0 -43.805 -81.671 235.968 -44.409 -81.549 235.676 -46.041 -81.369 239.188
3 0 -46.653 -81.514 238.921 -46.041 -81.369 239.188 -44.409 -81.549 235.676
3 0 -44.409 -81.549 235.676 -45.015 -81.692 235.395 -46.653 -81.514 238.921
3 0 -47.173 -81.902 238.708 -46.653 -81.514 238.921 -45.015 -81.692 235.395
3 0 -45.015 -81.692 235.395 -45.530 -82.080 235.170 -47.173 -81.902 238.708
3 0 -47.266 -84.961 234.485 -48.922 -84.785 238.068 -49.439 -84.416 237.818
3 0 -49.439 -84.416 237.818 -47.777 -84.591 234.225 -47.266 -84.961 234.485
3 0 -46.661 -85.084 234.778 -48.311 -84.907 238.347 -48.922 -84.785 238.068
3 0 -48.922 -84.785 238.068 -47.266 -84.961 234.485 -46.661 -85.084 234.778
3 0 -46.056 -84.940 235.058 -47.699 -84.763 238.614 -48.311 -84.907 238.347
3 0 -48.311 -84.907 238.347 -46.661 -85.084 234.778 -46.056 -84.940 235.058
3 0 -45.541 -84.552 235.284 -47.180 -84.374 238.827 -47.699 -84.763 238.614
3 0 -47.699 -84.763 238.614 -46.056 -84.940 235.058 -45.541 -84.552 235.284
3 0 -46.041 -81.710 234.909 -47.690 -81.533 238.459 -47.173 -81.902 238.708
3 0 -47.173 -81.902 238.708 -45.530 -82.080 235.170 -46.041 -81.710 234.909
3 0 -46.646 -81.588 234.617 -48.301 -81.411 238.179 -47.690 -81.533 238.459
3 0 -47.690 -81.533 238.459 -46.041 -81.710 234.909 -46.646 -81.588 234.617
3 0 -47.252 -81.731 234.336 -48.913 -81.556 237.913 -48.301 -81.411 238.179
3 0 -48.301 -81.411 238.179 -46.646 -81.588 234.617 -47.252 -81.731 234.336
3 0 -47.767 -82.119 234.111 -49.432 -81.944 237.700 -48.913 -81.556 237.913
3 0 -48.913 -81.556 237.913 -47.252 -81.731 234.336 -47.767 -82.119 234.111
3 0 -49.502 -85.000 233.427 -51.181 -84.827 237.060 -51.698 -84.458 236.810
3 0 -51.698 -84.458 236.810 -50.013 -84.630 233.166 -49.502 -85.000 233.427
3 0 -48.897 -85.123 233.719 -50.570 -84.949 237.339 -51.181 -84.827 237.060
3 0 -51.181 -84.827 237.060 -49.502 -85.000 233.427 -48.897 -85.123 233.719
3 0 -48.291 -84.979 234.000 -49.958 -84.805 237.606 -50.570 -84.949 237.339
3 0 -50.570 -84.949 237.339 -48.897 -85.123 233.719 -48.291 -84.979 234.000
3 0 -47.777 -84.591 234.225 -49.439 -84.416 237.818 -49.958 -84.805 237.606
3 0 -49.958 -84.805 237.606 -48.291 -84.979 234.000 -47.777 -84.591 234.225
3 0 -48.277 -81.749 233.851 -49.949 -81.575 237.450 -49.432 -81.944 237.700
3 0 -49.432 -81.944 237.700 -47.767 -82.119 234.111 -48.277 -81.749 233.851
3 0 -48.882 -81.627 233.558 -50.560 -81.453 237.171 -49.949 -81.575 237.450
3 0 -49.949 -81.575 237.450 -48.277 -81.749 233.851 -48.882 -81.627 233.558
3 0 -49.488 -81.770 233.278 -51.172 -81.598 236.905 -50.560 -81.453 237.171
3 0 -50.560 -81.453 237.171 -48.882 -81.627 233.558 -49.488 -81.770 233.278
3 0 -50.002 -82.158 233.052 -51.691 -81.986 236.691 -51.172 -81.598 236.905
3 0 -51.172 -81.598 236.905 -49.488 -81.770 233.278 -50.002 -82.158 233.052
3 0 -52.209 -81.617 236.442 -51.691 -81.986 236.691 -50.002 -82.158 233.052
3 0 -50.002 -82.158 233.052 -50.514 -81.788 232.792 -52.209 -81.617 236.442
3 0 -52.820 -81.495 236.162 -52.209 -81.617 236.442 -50.514 -81.788 232.792
3 0 -50.514 -81.788 232.792 -51.118 -81.666 232.499 -52.820 -81.495 236.162
3 0 -53.432 -81.640 235.896 -52.820 -81.495 236.162 -51.118 -81.666 232.499
3 0 -51.118 -81.666 232.499 -51.724 -81.809 232.219 -53.432 -81.640 235.896
3 0 -53.951 -82.028 235.683 -53.432 -81.640 235.896 -51.724 -81.809 232.219
3 0 -51.724 -81.809 232.219 -52.239 -82.197 231.993 -53.951 -82.028 235.683
3 0 -54.299 -82.602 235.555 -53.951 -82.028 235.683 -52.239 -82.197 231.993
3 0 -52.239 -82.197 231.993 -52.584 -82.771 231.857 -54.299 -82.602 235.555
3 0 -54.422 -83.273 235.533 -54.299 -82.602 235.555 -52.584 -82.771 231.857
3 0 -52.584 -82.771 231.857 -52.707 -83.442 231.831 -54.422 -83.273 235.533
3 0 -54.303 -83.939 235.620 -54.422 -83.273 235.533 -52.707 -83.442 231.831
3 0 -52.707 -83.442 231.831 -52.590 -84.108 231.919 -54.303 -83.939 235.620
3 0 -53.958 -84.500 235.801 -54.303 -83.939 235.620 -52.590 -84.108 231.919
3 0 -52.590 -84.108 231.919 -52.250 -84.670 232.107 -53.958 -84.500 235.801
3 0 -53.441 -84.869 236.051 -53.958 -84.500 235.801 -52.250 -84.670 232.107
3 0 -52.250 -84.670 232.107 -51.738 -85.040 232.368 -53.441 -84.869 236.051
3 0 -52.830 -84.991 236.330 -53.441 -84.869 236.051 -51.738 -85.040 232.368
3 0 -51.738 -85.040 232.368 -51.134 -85.162 232.660 -52.830 -84.991 236.330
3 0 -52.218 -84.847 236.597 -52.830 -84.991 236.330 -51.134 -85.162 232.660
3 0 -51.134 -85.162 232.660 -50.528 -85.018 232.941 -52.218 -84.847 236.597
3 0 -51.698 -84.458 236.810 -52.218 -84.847 236.597 -50.528 -85.018 232.941
3 0 -50.528 -85.018 232.941 -50.013 -84.630 233.166 -51.698 -84.458 236.810
3 0 -48.192 -84.559 242.632 -48.716 -84.190 242.397 -47.180 -84.374 238.827
3 0 -47.180 -84.374 238.827 -46.662 -84.743 239.077 -48.192 -84.559 242.632
3 0 -47.573 -84.680 242.893 -48.192 -84.559 242.632 -46.662 -84.743 239.077
3 0 -46.662 -84.743 239.077 -46.051 -84.865 239.356 -47.573 -84.680 242.893
3 0 -46.954 -84.534 243.141 -47.573 -84.680 242.893 -46.051 -84.865 239.356
3 0 -46.051 -84.865 239.356 -45.440 -84.721 239.622 -46.954 -84.534 243.141
3 0 -46.428 -84.145 243.339 -46.954 -84.534 243.141 -45.440 -84.721 239.622
3 0 -45.440 -84.721 239.622 -44.920 -84.332 239.836 -46.428 -84.145 243.339
3 0 -46.077 -83.571 243.455 -46.428 -84.145 243.339 -44.920 -84.332 239.836
3 0 -44.920 -84.332 239.836 -44.572 -83.759 239.963 -46.077 -83.571 243.455
3 0 -45.953 -82.900 243.472 -46.077 -83.571 243.455 -44.572 -83.759 239.963
3 0 -44.572 -83.759 239.963 -44.449 -83.088 239.985 -45.953 -82.900 243.472
3 0 -46.076 -82.234 243.388 -45.953 -82.900 243.472 -44.449 -83.088 239.985
3 0 -44.449 -83.088 239.985 -44.568 -82.421 239.899 -46.076 -82.234 243.388
3 0 -46.426 -81.674 243.215 -46.076 -82.234 243.388 -44.568 -82.421 239.899
3 0 -44.568 -82.421 239.899 -44.913 -81.860 239.717 -46.426 -81.674 243.215
3 0 -46.950 -81.305 242.980 -46.426 -81.674 243.215 -44.913 -81.860 239.717
3 0 -44.913 -81.860 239.717 -45.430 -81.491 239.467 -46.950 -81.305 242.980
3 0 -47.569 -81.184 242.719 -46.950 -81.305 242.980 -45.430 -81.491 239.467
3 0 -45.430 -81.491 239.467 -46.041 -81.369 239.188 -47.569 -81.184 242.719
3 0 -48.189 -81.329 242.470 -47.569 -81.184 242.719 -46.041 -81.369 239.188
3 0 -46.041 -81.369 239.188 -46.653 -81.514 238.921 -48.189 -81.329 242.470
3 0 -48.714 -81.718 242.273 -48.189 -81.329 242.470 -46.653 -81.514 238.921
3 0 -46.653 -81.514 238.921 -47.173 -81.902 238.708 -48.714 -81.718 242.273
3 0 -48.922 -84.785 238.068 -50.480 -84.604 241.690 -51.005 -84.235 241.455
3 0 -51.005 -84.235 241.455 -49.439 -84.416 237.818 -48.922 -84.785 238.068
3 0 -48.311 -84.907 238.347 -49.861 -84.724 241.951 -50.480 -84.604 241.690
3 0 -50.480 -84.604 241.690 -48.922 -84.785 238.068 -48.311 -84.907 238.347
3 0 -47.699 -84.763 238.614 -49.242 -84.579 242.199 -49.861 -84.724 241.951
3 0 -49.861 -84.724 241.951 -48.311 -84.907 238.347 -47.699 -84.763 238.614
3 0 -47.180 -84.374 238.827 -48.716 -84.190 242.397 -49.242 -84.579 242.199
3 0 -49.242 -84.579 242.199 -47.699 -84.763 238.614 -47.180 -84.374 238.827
3 0 -47.690 -81.533 238.459 -49.239 -81.350 242.038 -48.714 -81.718 242.273
3 0 -48.714 -81.718 242.273 -47.173 -81.902 238.708 -47.690 -81.533 238.459
3 0 -48.301 -81.411 238.179 -49.858 -81.229 241.777 -49.239 -81.350 242.038
3 0 -49.239 -81.350 242.038 -47.690 -81.533 238.459 -48.301 -81.411 238.179
3 0 -48.913 -81.556 237.913 -50.477 -81.374 241.528 -49.858 -81.229 241.777
3 0 -49.858 -81.229 241.777 -48.301 -81.411 238.179 -48.913 -81.556 237.913
3 0 -49.432 -81.944 237.700 -51.002 -81.763 241.331 -50.477 -81.374 241.528
3 0 -50.477 -81.374 241.528 -48.913 -81.556 237.913 -49.432 -81.944 237.700
3 0 -51.181 -84.827 237.060 -52.768 -84.648 240.748 -53.292 -84.280 240.513
3 0 -53.292 -84.280 240.513 -51.698 -84.458 236.810 -51.181 -84.827 237.060
3 0 -50.570 -84.949 237.339 -52.148 -84.769 241.009 -52.768 -84.648 240.748
3 0 -52.768 -84.648 240.748 -51.181 -84.827 237.060 -50.570 -84.949 237.339
3 0 -49.958 -84.805 237.606 -51.529 -84.624 241.258 -52.148 -84.769 241.009
3 0 -52.148 -84.769 241.009 -50.570 -84.949 237.339 -49.958 -84.805 237.606
3 0 -49.439 -84.416 237.818 -51.005 -84.235 241.455 -51.529 -84.624 241.258
3 0 -51.529 -84.624 241.258 -49.958 -84.805 237.606 -49.439 -84.416 237.818
3 0 -49.949 -81.575 237.450 -51.526 -81.394 241.097 -51.002 -81.763 241.331
3 0 -51.002 -81.763 241.331 -49.432 -81.944 237.700 -49.949 -81.575 237.450
3 0 -50.560 -81.453 237.171 -52.145 -81.274 240.835 -51.526 -81.394 241.097
3 0 -51.526 -81.394 241.097 -49.949 -81.575 237.450 -50.560 -81.453 237.171
3 0 -51.172 -81.598 236.905 -52.764 -81.419 240.587 -52.145 -81.274 240.835
3 0 -52.145 -81.274 240.835 -50.560 -81.453 237.171 -51.172 -81.598 236.905
3 0 -51.691 -81.986 236.691 -53.290 -81.808 240.390 -52.764 -81.419 240.587
3 0 -52.764 -81.419 240.587 -51.172 -81.598 236.905 -51.691 -81.986 236.691
3 0 -53.814 -81.439 240.155 -53.290 -81.808 240.390 -51.691 -81.986 236.691
3 0 -51.691 -81.986 236.691 -52.209 -81.617 236.442 -53.814 -81.439 240.155
3 0 -54.433 -81.318 239.893 -53.814 -81.439 240.155 -52.209 -81.617 236.442
3 0 -52.209 -81.617 236.442 -52.820 -81.495 236.162 -54.433 -81.318 239.893
3 0 -55.053 -81.464 239.645 -54.433 -81.318 239.893 -52.820 -81.495 236.162
3 0 -52.820 -81.495 236.162 -53.432 -81.640 235.896 -55.053 -81.464 239.645
3 0 -55.578 -81.853 239.448 -55.053 -81.464 239.645 -53.432 -81.640 235.896
3 0 -53.432 -81.640 235.896 -53.951 -82.028 235.683 -55.578 -81.853 239.448
3 0 -55.929 -82.427 239.332 -55.578 -81.853 239.448 -53.951 -82.028 235.683
3 0 -53.951 -82.028 235.683 -54.299 -82.602 235.555 -55.929 -82.427 239.332
3 0 -56.053 -83.098 239.314 -55.929 -82.427 239.332 -54.299 -82.602 235.555
3 0 -54.299 -82.602 235.555 -54.422 -83.273 235.533 -56.053 -83.098 239.314
3 0 -55.931 -83.764 239.398 -56.053 -83.098 239.314 -54.422 -83.273 235.533
3 0 -54.422 -83.273 235.533 -54.303 -83.939 235.620 -55.931 -83.764 239.398
3 0 -55.580 -84.324 239.571 -55.931 -83.764 239.398 -54.303 -83.939 235.620
3 0 -54.303 -83.939 235.620 -53.958 -84.500 235.801 -55.580 -84.324 239.571
3 0 -55.056 -84.693 239.806 -55.580 -84.324 239.571 -53.958 -84.500 235.801
3 0 -53.958 -84.500 235.801 -53.441 -84.869 236.051 -55.056 -84.693 239.806
3 0 -54.437 -84.814 240.067 -55.056 -84.693 239.806 -53.441 -84.869 236.051
3 0 -53.441 -84.869 236.051 -52.830 -84.991 236.330 -54.437 -84.814 240.067
3 0 -53.817 -84.669 240.316 -54.437 -84.814 240.067 -52.830 -84.991 236.330
3 0 -52.830 -84.991 236.330 -52.218 -84.847 236.597 -53.817 -84.669 240.316
3 0 -53.292 -84.280 240.513 -53.817 -84.669 240.316 -52.218 -84.847 236.597
3 0 -52.218 -84.847 236.597 -51.698 -84.458 236.810 -53.292 -84.280 240.513
3 0 -49.597 -84.368 246.208 -50.131 -84.000 245.993 -48.716 -84.190 242.397
3 0 -48.716 -84.190 242.397 -48.192 -84.559 242.632 -49.597 -84.368 246.208
3 0 -48.969 -84.489 246.446 -49.597 -84.368 246.208 -48.192 -84.559 242.632
3 0 -48.192 -84.559 242.632 -47.573 -84.680 242.893 -48.969 -84.489 246.446
3 0 -48.341 -84.343 246.671 -48.969 -84.489 246.446 -47.573 -84.680 242.893
3 0 -47.573 -84.680 242.893 -46.954 -84.534 243.141 -48.341 -84.343 246.671
3 0 -47.808 -83.953 246.847 -48.341 -84.343 246.671 -46.954 -84.534 243.141
3 0 -46.954 -84.534 243.141 -46.428 -84.145 243.339 -47.808 -83.953 246.847
3 0 -47.453 -83.379 246.948 -47.808 -83.953 246.847 -46.428 -84.145 243.339
3 0 -46.428 -84.145 243.339 -46.077 -83.571 243.455 -47.453 -83.379 246.948
3 0 -47.329 -82.707 246.960 -47.453 -83.379 246.948 -46.077 -83.571 243.455
3 0 -46.077 -83.571 243.455 -45.953 -82.900 243.472 -47.329 -82.707 246.960
3 0 -47.455 -82.041 246.879 -47.329 -82.707 246.960 -45.953 -82.900 243.472
3 0 -45.953 -82.900 243.472 -46.076 -82.234 243.388 -47.455 -82.041 246.879
3 0 -47.812 -81.481 246.719 -47.455 -82.041 246.879 -46.076 -82.234 243.388
3 0 -46.076 -82.234 243.388 -46.426 -81.674 243.215 -47.812 -81.481 246.719
3 0 -48.345 -81.113 246.503 -47.812 -81.481 246.719 -46.426 -81.674 243.215
3 0 -46.426 -81.674 243.215 -46.950 -81.305 242.980 -48.345 -81.113 246.503
3 0 -48.974 -80.993 246.265 -48.345 -81.113 246.503 -46.950 -81.305 242.980
3 0 -46.950 -81.305 242.980 -47.569 -81.184 242.719 -48.974 -80.993 246.265
3 0 -49.602 -81.139 246.041 -48.974 -80.993 246.265 -47.569 -81.184 242.719
3 0 -47.569 -81.184 242.719 -48.189 -81.329 242.470 -49.602 -81.139 246.041
3 0 -50.134 -81.529 245.865 -49.602 -81.139 246.041 -48.189 -81.329 242.470
3 0 -48.189 -81.329 242.470 -48.714 -81.718 242.273 -50.134 -81.529 245.865
3 0 -50.480 -84.604 241.690 -51.920 -84.416 245.354 -52.453 -84.048 245.138
3 0 -52.453 -84.048 245.138 -51.005 -84.235 241.455 -50.480 -84.604 241.690
3 0 -49.861 -84.724 241.951 -51.291 -84.536 245.592 -51.920 -84.416 245.354
3 0 -51.920 -84.416 245.354 -50.480 -84.604 241.690 -49.861 -84.724 241.951
3 0 -49.242 -84.579 242.199 -50.663 -84.390 245.816 -51.291 -84.536 245.592
3 0 -51.291 -84.536 245.592 -49.861 -84.724 241.951 -49.242 -84.579 242.199
3 0 -48.716 -84.190 242.397 -50.131 -84.000 245.993 -50.663 -84.390 245.816
3 0 -50.663 -84.390 245.816 -49.242 -84.579 242.199 -48.716 -84.190 242.397
3 0 -49.239 -81.350 242.038 -50.667 -81.161 245.649 -50.134 -81.529 245.865
3 0 -50.134 -81.529 245.865 -48.714 -81.718 242.273 -49.239 -81.350 242.038
3 0 -49.858 -81.229 241.777 -51.296 -81.041 245.411 -50.667 -81.161 245.649
3 0 -50.667 -81.161 245.649 -49.239 -81.350 242.038 -49.858 -81.229 241.777
3 0 -50.477 -81.374 241.528 -51.924 -81.187 245.187 -51.296 -81.041 245.411
3 0 -51.296 -81.041 245.411 -49.858 -81.229 241.777 -50.477 -81.374 241.528
3 0 -51.002 -81.763 241.331 -52.456 -81.576 245.010 -51.924 -81.187 245.187
3 0 -51.924 -81.187 245.187 -50.477 -81.374 241.528 -51.002 -81.763 241.331
3 0 -52.768 -84.648 240.748 -54.241 -84.463 244.500 -54.774 -84.095 244.284
3 0 -54.774 -84.095 244.284 -53.292 -84.280 240.513 -52.768 -84.648 240.748
3 0 -52.148 -84.769 241.009 -53.613 -84.583 244.738 -54.241 -84.463 244.500
3 0 -54.241 -84.463 244.500 -52.768 -84.648 240.748 -52.148 -84.769 241.009
3 0 -51.529 -84.624 241.258 -52.984 -84.438 244.962 -53.613 -84.583 244.738
3 0 -53.613 -84.583 244.738 -52.148 -84.769 241.009 -51.529 -84.624 241.258
3 0 -51.005 -84.235 241.455 -52.453 -84.048 245.138 -52.984 -84.438 244.962
3 0 -52.984 -84.438 244.962 -51.529 -84.624 241.258 -51.005 -84.235 241.455
3 0 -51.526 -81.394 241.097 -52.989 -81.208 244.795 -52.456 -81.576 245.010
3 0 -52.456 -81.576 245.010 -51.002 -81.763 241.331 -51.526 -81.394 241.097
3 0 -52.145 -81.274 240.835 -53.617 -81.088 244.557 -52.989 -81.208 244.795
3 0 -52.989 -81.208 244.795 -51.526 -81.394 241.097 -52.145 -81.274 240.835
3 0 -52.764 -81.419 240.587 -54.246 -81.234 244.333 -53.617 -81.088 244.557
3 0 -53.617 -81.088 244.557 -52.145 -81.274 240.835 -52.764 -81.419 240.587
3 0 -53.290 -81.808 240.390 -54.778 -81.624 244.156 -54.246 -81.234 244.333
3 0 -54.246 -81.234 244.333 -52.764 -81.419 240.587 -53.290 -81.808 240.390
3 0 -55.311 -81.256 243.941 -54.778 -81.624 244.156 -53.290 -81.808 240.390
3 0 -53.290 -81.808 240.390 -53.814 -81.439 240.155 -55.311 -81.256 243.941
3 0 -55.940 -81.136 243.703 -55.311 -81.256 243.941 -53.814 -81.439 240.155
3 0 -53.814 -81.439 240.155 -54.433 -81.318 239.893 -55.940 -81.136 243.703
3 0 -56.568 -81.281 243.479 -55.940 -81.136 243.703 -54.433 -81.318 239.893
3 0 -54.433 -81.318 239.893 -55.053 -81.464 239.645 -56.568 -81.281 243.479
3 0 -57.100 -81.671 243.302 -56.568 -81.281 243.479 -55.053 -81.464 239.645
3 0 -55.053 -81.464 239.645 -55.578 -81.853 239.448 -57.100 -81.671 243.302
3 0 -57.455 -82.245 243.201 -57.100 -81.671 243.302 -55.578 -81.853 239.448
3 0 -55.578 -81.853 239.448 -55.929 -82.427 239.332 -57.455 -82.245 243.201
3 0 -57.579 -82.917 243.189 -57.455 -82.245 243.201 -55.929 -82.427 239.332
3 0 -55.929 -82.427 239.332 -56.053 -83.098 239.314 -57.579 -82.917 243.189
3 0 -57.454 -83.583 243.270 -57.579 -82.917 243.189 -56.053 -83.098 239.314
3 0 -56.053 -83.098 239.314 -55.931 -83.764 239.398 -57.454 -83.583 243.270
3 0 -57.097 -84.143 243.430 -57.454 -83.583 243.270 -55.931 -83.764 239.398
3 0 -55.931 -83.764 239.398 -55.580 -84.324 239.571 -57.097 -84.143 243.430
3 0 -56.564 -84.511 243.646 -57.097 -84.143 243.430 -55.580 -84.324 239.571
3 0 -55.580 -84.324 239.571 -55.056 -84.693 239.806 -56.564 -84.511 243.646
3 0 -55.935 -84.631 243.884 -56.564 -84.511 243.646 -55.056 -84.693 239.806
3 0 -55.056 -84.693 239.806 -54.437 -84.814 240.067 -55.935 -84.631 243.884
3 0 -55.307 -84.485 244.108 -55.935 -84.631 243.884 -54.437 -84.814 240.067
3 0 -54.437 -84.814 240.067 -53.817 -84.669 240.316 -55.307 -84.485 244.108
3 0 -54.774 -84.095 244.284 -55.307 -84.485 244.108 -53.817 -84.669 240.316
3 0 -53.817 -84.669 240.316 -53.292 -84.280 240.513 -54.774 -84.095 244.284
3 0 -50.830 -84.172 249.807 -51.374 -83.804 249.618 -50.131 -84.000 245.993
3 0 -50.131 -84.000 245.993 -49.597 -84.368 246.208 -50.830 -84.172 249.807
3 0 -50.190 -84.291 250.013 -50.830 -84.172 249.807 -49.597 -84.368 246.208
3 0 -49.597 -84.368 246.208 -48.969 -84.489 246.446 -50.190 -84.291 250.013
3 0 -49.552 -84.145 250.205 -50.190 -84.291 250.013 -48.969 -84.489 246.446
3 0 -48.969 -84.489 246.446 -48.341 -84.343 246.671 -49.552 -84.145 250.205
3 0 -49.011 -83.755 250.354 -49.552 -84.145 250.205 -48.341 -84.343 246.671
3 0 -48.341 -84.343 246.671 -47.808 -83.953 246.847 -49.011 -83.755 250.354
3 0 -48.652 -83.180 250.436 -49.011 -83.755 250.354 -47.808 -83.953 246.847
3 0 -47.808 -83.953 246.847 -47.453 -83.379 246.948 -48.652 -83.180 250.436
3 0 -48.528 -82.509 250.440 -48.652 -83.180 250.436 -47.453 -83.379 246.948
3 0 -47.453 -83.379 246.948 -47.329 -82.707 246.960 -48.528 -82.509 250.440
3 0 -48.658 -81.843 250.365 -48.528 -82.509 250.440 -47.329 -82.707 246.960
3 0 -47.329 -82.707 246.960 -47.455 -82.041 246.879 -48.658 -81.843 250.365
3 0 -49.022 -81.283 250.222 -48.658 -81.843 250.365 -47.455 -82.041 246.879
3 0 -47.455 -82.041 246.879 -47.812 -81.481 246.719 -49.022 -81.283 250.222
3 0 -49.566 -80.916 250.033 -49.022 -81.283 250.222 -47.812 -81.481 246.719
3 0 -47.812 -81.481 246.719 -48.345 -81.113 246.503 -49.566 -80.916 250.033
3 0 -50.206 -80.796 249.826 -49.566 -80.916 250.033 -48.345 -81.113 246.503
3 0 -48.345 -81.113 246.503 -48.974 -80.993 246.265 -50.206 -80.796 249.826
3 0 -50.844 -80.943 249.634 -50.206 -80.796 249.826 -48.974 -80.993 246.265
3 0 -48.974 -80.993 246.265 -49.602 -81.139 246.041 -50.844 -80.943 249.634
3 0 -51.385 -81.333 249.486 -50.844 -80.943 249.634 -49.602 -81.139 246.041
3 0 -49.602 -81.139 246.041 -50.134 -81.529 245.865 -51.385 -81.333 249.486
3 0 -51.920 -84.416 245.354 -53.193 -84.222 249.071 -53.736 -83.854 248.882
3 0 -53.736 -83.854 248.882 -52.453 -84.048 245.138 -51.920 -84.416 245.354
3 0 -51.291 -84.536 245.592 -52.553 -84.341 249.277 -53.193 -84.222 249.071
3 0 -53.193 -84.222 249.071 -51.920 -84.416 245.354 -51.291 -84.536 245.592
3 0 -50.663 -84.390 245.816 -51.914 -84.195 249.469 -52.553 -84.341 249.277
3 0 -52.553 -84.341 249.277 -51.291 -84.536 245.592 -50.663 -84.390 245.816
3 0 -50.131 -84.000 245.993 -51.374 -83.804 249.618 -51.914 -84.195 249.469
3 0 -51.914 -84.195 249.469 -50.663 -84.390 245.816 -50.131 -84.000 245.993
3 0 -50.667 -81.161 245.649 -51.928 -80.966 249.297 -51.385 -81.333 249.486
3 0 -51.385 -81.333 249.486 -50.134 -81.529 245.865 -50.667 -81.161 245.649
3 0 -51.296 -81.041 245.411 -52.568 -80.846 249.090 -51.928 -80.966 249.297
3 0 -51.928 -80.966 249.297 -50.667 -81.161 245.649 -51.296 -81.041 245.411
3 0 -51.924 -81.187 245.187 -53.207 -80.993 248.898 -52.568 -80.846 249.090
3 0 -52.568 -80.846 249.090 -51.296 -81.041 245.411 -51.924 -81.187 245.187
3 0 -52.456 -81.576 245.010 -53.747 -81.383 248.750 -53.207 -80.993 248.898
3 0 -53.207 -80.993 248.898 -51.924 -81.187 245.187 -52.456 -81.576 245.010
3 0 -54.241 -84.463 244.500 -55.554 -84.271 248.335 -56.098 -83.904 248.146
3 0 -56.098 -83.904 248.146 -54.774 -84.095 244.284 -54.241 -84.463 244.500
3 0 -53.613 -84.583 244.738 -54.914 -84.391 248.542 -55.554 -84.271 248.335
3 0 -55.554 -84.271 248.335 -54.241 -84.463 244.500 -53.613 -84.583 244.738
3 0 -52.984 -84.438 244.962 -54.276 -84.244 248.734 -54.914 -84.391 248.542
3 0 -54.914 -84.391 248.542 -53.613 -84.583 244.738 -52.984 -84.438 244.962
3 0 -52.453 -84.048 245.138 -53.736 -83.854 248.882 -54.276 -84.244 248.734
3 0 -54.276 -84.244 248.734 -52.984 -84.438 244.962 -52.453 -84.048 245.138
3 0 -52.989 -81.208 244.795 -54.290 -81.015 248.561 -53.747 -81.383 248.750
3 0 -53.747 -81.383 248.750 -52.456 -81.576 245.010 -52.989 -81.208 244.795
3 0 -53.617 -81.088 244.557 -54.930 -80.896 248.355 -54.290 -81.015 248.561
3 0 -54.290 -81.015 248.561 -52.989 -81.208 244.795 -53.617 -81.088 244.557
3 0 -54.246 -81.234 244.333 -55.568 -81.042 248.163 -54.930 -80.896 248.355
3 0 -54.930 -80.896 248.355 -53.617 -81.088 244.557 -54.246 -81.234 244.333
3 0 -54.778 -81.624 244.156 -56.109 -81.433 248.014 -55.568 -81.042 248.163
3 0 -55.568 -81.042 248.163 -54.246 -81.234 244.333 -54.778 -81.624 244.156
3 0 -56.652 -81.065 247.825 -56.109 -81.433 248.014 -54.778 -81.624 244.156
3 0 -54.778 -81.624 244.156 -55.311 -81.256 243.941 -56.652 -81.065 247.825
3 0 -57.292 -80.946 247.619 -56.652 -81.065 247.825 -55.311 -81.256 243.941
3 0 -55.311 -81.256 243.941 -55.940 -81.136 243.703 -57.292 -80.946 247.619
3 0 -57.931 -81.092 247.427 -57.292 -80.946 247.619 -55.940 -81.136 243.703
3 0 -55.940 -81.136 243.703 -56.568 -81.281 243.479 -57.931 -81.092 247.427
3 0 -58.471 -81.482 247.278 -57.931 -81.092 247.427 -56.568 -81.281 243.479
3 0 -56.568 -81.281 243.479 -57.100 -81.671 243.302 -58.471 -81.482 247.278
3 0 -58.831 -82.057 247.196 -58.471 -81.482 247.278 -57.100 -81.671 243.302
3 0 -57.100 -81.671 243.302 -57.455 -82.245 243.201 -58.831 -82.057 247.196
3 0 -58.955 -82.728 247.192 -58.831 -82.057 247.196 -57.455 -82.245 243.201
3 0 -57.455 -82.245 243.201 -57.579 -82.917 243.189 -58.955 -82.728 247.192
3 0 -58.825 -83.394 247.267 -58.955 -82.728 247.192 -57.579 -82.917 243.189
3 0 -57.579 -82.917 243.189 -57.454 -83.583 243.270 -58.825 -83.394 247.267
3 0 -58.460 -83.954 247.410 -58.825 -83.394 247.267 -57.454 -83.583 243.270
3 0 -57.454 -83.583 243.270 -57.097 -84.143 243.430 -58.460 -83.954 247.410
3 0 -57.917 -84.321 247.599 -58.460 -83.954 247.410 -57.097 -84.143 243.430
3 0 -57.097 -84.143 243.430 -56.564 -84.511 243.646 -57.917 -84.321 247.599
3 0 -57.277 -84.440 247.806 -57.917 -84.321 247.599 -56.564 -84.511 243.646
3 0 -56.564 -84.511 243.646 -55.935 -84.631 243.884 -57.277 -84.440 247.806
3 0 -56.638 -84.294 247.998 -57.277 -84.440 247.806 -55.935 -84.631 243.884
3 0 -55.935 -84.631 243.884 -55.307 -84.485 244.108 -56.638 -84.294 247.998
3 0 -56.098 -83.904 248.146 -56.638 -84.294 247.998 -55.307 -84.485 244.108
3 0 -55.307 -84.485 244.108 -54.774 -84.095 244.284 -56.098 -83.904 248.146
3 0 -51.841 -83.969 253.415 -52.397 -83.602 253.263 -51.374 -83.804 249.618
3 0 -51.374 -83.804 249.618 -50.830 -84.172 249.807 -51.841 -83.969 253.415
3 0 -51.189 -84.088 253.576 -51.841 -83.969 253.415 -50.830 -84.172 249.807
3 0 -50.830 -84.172 249.807 -50.190 -84.291 250.013 -51.189 -84.088 253.576
3 0 -50.539 -83.941 253.724 -51.189 -84.088 253.576 -50.190 -84.291 250.013
3 0 -50.190 -84.291 250.013 -49.552 -84.145 250.205 -50.539 -83.941 253.724
3 0 -49.989 -83.551 253.834 -50.539 -83.941 253.724 -49.552 -84.145 250.205
3 0 -49.552 -84.145 250.205 -49.011 -83.755 250.354 -49.989 -83.551 253.834
3 0 -49.625 -82.976 253.890 -49.989 -83.551 253.834 -49.011 -83.755 250.354
3 0 -49.011 -83.755 250.354 -48.652 -83.180 250.436 -49.625 -82.976 253.890
3 0 -49.501 -82.305 253.884 -49.625 -82.976 253.890 -48.652 -83.180 250.436
3 0 -48.652 -83.180 250.436 -48.528 -82.509 250.440 -49.501 -82.305 253.884
3 0 -49.636 -81.639 253.817 -49.501 -82.305 253.884 -48.528 -82.509 250.440
3 0 -48.528 -82.509 250.440 -48.658 -81.843 250.365 -49.636 -81.639 253.817
3 0 -50.010 -81.080 253.698 -49.636 -81.639 253.817 -48.658 -81.843 250.365
3 0 -48.658 -81.843 250.365 -49.022 -81.283 250.222 -50.010 -81.080 253.698
3 0 -50.565 -80.713 253.546 -50.010 -81.080 253.698 -49.022 -81.283 250.222
3 0 -49.022 -81.283 250.222 -49.566 -80.916 250.033 -50.565 -80.713 253.546
3 0 -51.218 -80.594 253.384 -50.565 -80.713 253.546 -49.566 -80.916 250.033
3 0 -49.566 -80.916 250.033 -50.206 -80.796 249.826 -51.218 -80.594 253.384
3 0 -51.868 -80.741 253.237 -51.218 -80.594 253.384 -50.206 -80.796 249.826
3 0 -50.206 -80.796 249.826 -50.844 -80.943 249.634 -51.868 -80.741 253.237
3 0 -52.417 -81.131 253.127 -51.868 -80.741 253.237 -50.844 -80.943 249.634
3 0 -50.844 -80.943 249.634 -51.385 -81.333 249.486 -52.417 -81.131 253.127
3 0 -53.193 -84.222 249.071 -54.249 -84.021 252.843 -54.804 -83.654 252.692
3 0 -54.804 -83.654 252.692 -53.736 -83.854 248.882 -53.193 -84.222 249.071
3 0 -52.553 -84.341 249.277 -53.597 -84.140 253.005 -54.249 -84.021 252.843
3 0 -54.249 -84.021 252.843 -53.193 -84.222 249.071 -52.553 -84.341 249.277
3 0 -51.914 -84.195 249.469 -52.946 -83.993 253.152 -53.597 -84.140 253.005
3 0 -53.597 -84.140 253.005 -52.553 -84.341 249.277 -51.914 -84.195 249.469
3 0 -51.374 -83.804 249.618 -52.397 -83.602 253.263 -52.946 -83.993 253.152
3 0 -52.946 -83.993 253.152 -51.914 -84.195 249.469 -51.374 -83.804 249.618
3 0 -51.928 -80.966 249.297 -52.973 -80.764 252.975 -52.417 -81.131 253.127
3 0 -52.417 -81.131 253.127 -51.385 -81.333 249.486 -51.928 -80.966 249.297
3 0 -52.568 -80.846 249.090 -53.626 -80.645 252.813 -52.973 -80.764 252.975
3 0 -52.973 -80.764 252.975 -51.928 -80.966 249.297 -52.568 -80.846 249.090
3 0 -53.207 -80.993 248.898 -54.276 -80.792 252.666 -53.626 -80.645 252.813
3 0 -53.626 -80.645 252.813 -52.568 -80.846 249.090 -53.207 -80.993 248.898
3 0 -53.747 -81.383 248.750 -54.825 -81.183 252.556 -54.276 -80.792 252.666
3 0 -54.276 -80.792 252.666 -53.207 -80.993 248.898 -53.747 -81.383 248.750
3 0 -55.554 -84.271 248.335 -56.656 -84.072 252.272 -57.211 -83.705 252.121
3 0 -57.211 -83.705 252.121 -56.098 -83.904 248.146 -55.554 -84.271 248.335
3 0 -54.914 -84.391 248.542 -56.003 -84.191 252.434 -56.656 -84.072 252.272
3 0 -56.656 -84.072 252.272 -55.554 -84.271 248.335 -54.914 -84.391 248.542
3 0 -54.276 -84.244 248.734 -55.353 -84.044 252.582 -56.003 -84.191 252.434
3 0 -56.003 -84.191 252.434 -54.914 -84.391 248.542 -54.276 -84.244 248.734
3 0 -53.736 -83.854 248.882 -54.804 -83.654 252.692 -55.353 -84.044 252.582
3 0 -55.353 -84.044 252.582 -54.276 -84.244 248.734 -53.736 -83.854 248.882
3 0 -54.290 -81.015 248.561 -55.380 -80.816 252.404 -54.825 -81.183 252.556
3 0 -54.825 -81.183 252.556 -53.747 -81.383 248.750 -54.290 -81.015 248.561
3 0 -54.930 -80.896 248.355 -56.032 -80.697 252.242 -55.380 -80.816 252.404
3 0 -55.380 -80.816 252.404 -54.290 -81.015 248.561 -54.930 -80.896 248.355
3 0 -55.568 -81.042 248.163 -56.683 -80.843 252.095 -56.032 -80.697 252.242
3 0 -56.032 -80.697 252.242 -54.930 -80.896 248.355 -55.568 -81.042 248.163
3 0 -56.109 -81.433 248.014 -57.232 -81.234 251.985 -56.683 -80.843 252.095
3 0 -56.683 -80.843 252.095 -55.568 -81.042 248.163 -56.109 -81.433 248.014
3 0 -57.787 -80.867 251.833 -57.232 -81.234 251.985 -56.109 -81.433 248.014
3 0 -56.109 -81.433 248.014 -56.652 -81.065 247.825 -57.787 -80.867 251.833
3 0 -58.440 -80.748 251.671 -57.787 -80.867 251.833 -56.652 -81.065 247.825
3 0 -56.652 -81.065 247.825 -57.292 -80.946 247.619 -58.440 -80.748 251.671
3 0 -59.090 -80.895 251.524 -58.440 -80.748 251.671 -57.292 -80.946 247.619
3 0 -57.292 -80.946 247.619 -57.931 -81.092 247.427 -59.090 -80.895 251.524
3 0 -59.639 -81.285 251.414 -59.090 -80.895 251.524 -57.931 -81.092 247.427
3 0 -57.931 -81.092 247.427 -58.471 -81.482 247.278 -59.639 -81.285 251.414
3 0 -60.004 -81.860 251.357 -59.639 -81.285 251.414 -58.471 -81.482 247.278
3 0 -58.471 -81.482 247.278 -58.831 -82.057 247.196 -60.004 -81.860 251.357
3 0 -60.128 -82.532 251.363 -60.004 -81.860 251.357 -58.831 -82.057 247.196
3 0 -58.831 -82.057 247.196 -58.955 -82.728 247.192 -60.128 -82.532 251.363
3 0 -59.993 -83.198 251.431 -60.128 -82.532 251.363 -58.955 -82.728 247.192
3 0 -58.955 -82.728 247.192 -58.825 -83.394 247.267 -59.993 -83.198 251.431
3 0 -59.619 -83.756 251.550 -59.993 -83.198 251.431 -58.825 -83.394 247.267
3 0 -58.825 -83.394 247.267 -58.460 -83.954 247.410 -59.619 -83.756 251.550
3 0 -59.063 -84.123 251.701 -59.619 -83.756 251.550 -58.460 -83.954 247.410
3 0 -58.460 -83.954 247.410 -57.917 -84.321 247.599 -59.063 -84.123 251.701
3 0 -58.411 -84.243 251.863 -59.063 -84.123 251.701 -57.917 -84.321 247.599
3 0 -57.917 -84.321 247.599 -57.277 -84.440 247.806 -58.411 -84.243 251.863
3 0 -57.760 -84.096 252.010 -58.411 -84.243 251.863 -57.277 -84.440 247.806
3 0 -57.277 -84.440 247.806 -56.638 -84.294 247.998 -57.760 -84.096 252.010
3 0 -57.211 -83.705 252.121 -57.760 -84.096 252.010 -56.638 -84.294 247.998
3 0 -56.638 -84.294 247.998 -56.098 -83.904 248.146 -57.211 -83.705 252.121
3 0 -52.539 -83.761 257.008 -53.106 -83.394 256.910 -52.397 -83.602 253.263
3 0 -52.397 -83.602 253.263 -51.841 -83.969 253.415 -52.539 -83.761 257.008
3 0 -51.874 -83.880 257.107 -52.539 -83.761 257.008 -51.841 -83.969 253.415
3 0 -51.841 -83.969 253.415 -51.189 -84.088 253.576 -51.874 -83.880 257.107
3 0 -51.212 -83.733 257.190 -51.874 -83.880 257.107 -51.189 -84.088 253.576
3 0 -51.189 -84.088 253.576 -50.539 -83.941 253.724 -51.212 -83.733 257.190
3 0 -50.655 -83.342 257.246 -51.212 -83.733 257.190 -50.539 -83.941 253.724
3 0 -50.539 -83.941 253.724 -49.989 -83.551 253.834 -50.655 -83.342 257.246
3 0 -50.287 -82.767 257.266 -50.655 -83.342 257.246 -49.989 -83.551 253.834
3 0 -49.989 -83.551 253.834 -49.625 -82.976 253.890 -50.287 -82.767 257.266
3 0 -50.164 -82.096 257.247 -50.287 -82.767 257.266 -49.625 -82.976 253.890
3 0 -49.625 -82.976 253.890 -49.501 -82.305 253.884 -50.164 -82.096 257.247
3 0 -50.305 -81.430 257.192 -50.164 -82.096 257.247 -49.501 -82.305 253.884
3 0 -49.501 -82.305 253.884 -49.636 -81.639 253.817 -50.305 -81.430 257.192
3 0 -50.688 -80.871 257.109 -50.305 -81.430 257.192 -49.636 -81.639 253.817
3 0 -49.636 -81.639 253.817 -50.010 -81.080 253.698 -50.688 -80.871 257.109
3 0 -51.256 -80.505 257.011 -50.688 -80.871 257.109 -50.010 -81.080 253.698
3 0 -50.010 -81.080 253.698 -50.565 -80.713 253.546 -51.256 -80.505 257.011
3 0 -51.921 -80.386 256.912 -51.256 -80.505 257.011 -50.565 -80.713 253.546
3 0 -50.565 -80.713 253.546 -51.218 -80.594 253.384 -51.921 -80.386 256.912
3 0 -52.582 -80.533 256.828 -51.921 -80.386 256.912 -51.218 -80.594 253.384
3 0 -51.218 -80.594 253.384 -51.868 -80.741 253.237 -52.582 -80.533 256.828
3 0 -53.140 -80.923 256.772 -52.582 -80.533 256.828 -51.868 -80.741 253.237
3 0 -51.868 -80.741 253.237 -52.417 -81.131 253.127 -53.140 -80.923 256.772
3 0 -54.249 -84.021 252.843 -54.990 -83.813 256.672 -55.558 -83.446 256.574
3 0 -55.558 -83.446 256.574 -54.804 -83.654 252.692 -54.249 -84.021 252.843
3 0 -53.597 -84.140 253.005 -54.325 -83.932 256.770 -54.990 -83.813 256.672
3 0 -54.990 -83.813 256.672 -54.249 -84.021 252.843 -53.597 -84.140 253.005
3 0 -52.946 -83.993 253.152 -53.664 -83.785 256.854 -54.325 -83.932 256.770
3 0 -54.325 -83.932 256.770 -53.597 -84.140 253.005 -52.946 -83.993 253.152
3 0 -52.397 -83.602 253.263 -53.106 -83.394 256.910 -53.664 -83.785 256.854
3 0 -53.664 -83.785 256.854 -52.946 -83.993 253.152 -52.397 -83.602 253.263
3 0 -52.973 -80.764 252.975 -53.707 -80.556 256.674 -53.140 -80.923 256.772
3 0 -53.140 -80.923 256.772 -52.417 -81.131 253.127 -52.973 -80.764 252.975
3 0 -53.626 -80.645 252.813 -54.372 -80.438 256.576 -53.707 -80.556 256.674
3 0 -53.707 -80.556 256.674 -52.973 -80.764 252.975 -53.626 -80.645 252.813
3 0 -54.276 -80.792 252.666 -55.034 -80.585 256.492 -54.372 -80.438 256.576
3 0 -54.372 -80.438 256.576 -53.626 -80.645 252.813 -54.276 -80.792 252.666
3 0 -54.825 -81.183 252.556 -55.591 -80.975 256.436 -55.034 -80.585 256.492
3 0 -55.034 -80.585 256.492 -54.276 -80.792 252.666 -54.825 -81.183 252.556
3 0 -56.656 -84.072 252.272 -57.441 -83.865 256.336 -58.008 -83.498 256.237
3 0 -58.008 -83.498 256.237 -57.211 -83.705 252.121 -56.656 -84.072 252.272
3 0 -56.003 -84.191 252.434 -56.776 -83.984 256.434 -57.441 -83.865 256.336
3 0 -57.441 -83.865 256.336 -56.656 -84.072 252.272 -56.003 -84.191 252.434
3 0 -55.353 -84.044 252.582 -56.114 -83.837 256.518 -56.776 -83.984 256.434
3 0 -56.776 -83.984 256.434 -56.003 -84.191 252.434 -55.353 -84.044 252.582
3 0 -54.804 -83.654 252.692 -55.558 -83.446 256.574 -56.114 -83.837 256.518
3 0 -56.114 -83.837 256.518 -55.353 -84.044 252.582 -54.804 -83.654 252.692
3 0 -55.380 -80.816 252.404 -56.158 -80.608 256.338 -55.591 -80.975 256.436
3 0 -55.591 -80.975 256.436 -54.825 -81.183 252.556 -55.380 -80.816 252.404
3 0 -56.032 -80.697 252.242 -56.823 -80.489 256.239 -56.158 -80.608 256.338
3 0 -56.158 -80.608 256.338 -55.380 -80.816 252.404 -56.032 -80.697 252.242
3 0 -56.683 -80.843 252.095 -57.484 -80.636 256.156 -56.823 -80.489 256.239
3 0 -56.823 -80.489 256.239 -56.032 -80.697 252.242 -56.683 -80.843 252.095
3 0 -57.232 -81.234 251.985 -58.042 -81.027 256.100 -57.484 -80.636 256.156
3 0 -57.484 -80.636 256.156 -56.683 -80.843 252.095 -57.232 -81.234 251.985
3 0 -58.609 -80.660 256.002 -58.042 -81.027 256.100 -57.232 -81.234 251.985
3 0 -57.232 -81.234 251.985 -57.787 -80.867 251.833 -58.609 -80.660 256.002
3 0 -59.274 -80.541 255.903 -58.609 -80.660 256.002 -57.787 -80.867 251.833
3 0 -57.787 -80.867 251.833 -58.440 -80.748 251.671 -59.274 -80.541 255.903
3 0 -59.936 -80.688 255.820 -59.274 -80.541 255.903 -58.440 -80.748 251.671
3 0 -58.440 -80.748 251.671 -59.090 -80.895 251.524 -59.936 -80.688 255.820
3 0 -60.493 -81.079 255.763 -59.936 -80.688 255.820 -59.090 -80.895 251.524
3 0 -59.090 -80.895 251.524 -59.639 -81.285 251.414 -60.493 -81.079 255.763
3 0 -60.861 -81.654 255.744 -60.493 -81.079 255.763 -59.639 -81.285 251.414
3 0 -59.639 -81.285 251.414 -60.004 -81.860 251.357 -60.861 -81.654 255.744
3 0 -60.984 -82.325 255.763 -60.861 -81.654 255.744 -60.004 -81.860 251.357
3 0 -60.004 -81.860 251.357 -60.128 -82.532 251.363 -60.984 -82.325 255.763
3 0 -60.843 -82.991 255.818 -60.984 -82.325 255.763 -60.128 -82.532 251.363
3 0 -60.128 -82.532 251.363 -59.993 -83.198 251.431 -60.843 -82.991 255.818
3 0 -60.460 -83.550 255.901 -60.843 -82.991 255.818 -59.993 -83.198 251.431
3 0 -59.993 -83.198 251.431 -59.619 -83.756 251.550 -60.460 -83.550 255.901
3 0 -59.892 -83.917 255.999 -60.460 -83.550 255.901 -59.619 -83.756 251.550
3 0 -59.619 -83.756 251.550 -59.063 -84.123 251.701 -59.892 -83.917 255.999
3 0 -59.227 -84.035 256.098 -59.892 -83.917 255.999 -59.063 -84.123 251.701
3 0 -59.063 -84.123 251.701 -58.411 -84.243 251.863 -59.227 -84.035 256.098
3 0 -58.566 -83.888 256.181 -59.227 -84.035 256.098 -58.411 -84.243 251.863
3 0 -58.411 -84.243 251.863 -57.760 -84.096 252.010 -58.566 -83.888 256.181
3 0 -58.008 -83.498 256.237 -58.566 -83.888 256.181 -57.760 -84.096 252.010
3 0 -57.760 -84.096 252.010 -57.211 -83.705 252.121 -58.008 -83.498 256.237
3 0 -52.822 -83.549 260.538 -53.398 -83.182 260.516 -53.106 -83.394 256.910
3 0 -53.106 -83.394 256.910 -52.539 -83.761 257.008 -52.822 -83.549 260.538
3 0 -52.150 -83.668 260.546 -52.822 -83.549 260.538 -52.539 -83.761 257.008
3 0 -52.539 -83.761 257.008 -51.874 -83.880 257.107 -52.150 -83.668 260.546
3 0 -51.483 -83.522 260.540 -52.150 -83.668 260.546 -51.874 -83.880 257.107
3 0 -51.874 -83.880 257.107 -51.212 -83.733 257.190 -51.483 -83.522 260.540
3 0 -50.923 -83.132 260.520 -51.483 -83.522 260.540 -51.212 -83.733 257.190
3 0 -51.212 -83.733 257.190 -50.655 -83.342 257.246 -50.923 -83.132 260.520
3 0 -50.555 -82.557 260.489 -50.923 -83.132 260.520 -50.655 -83.342 257.246
3 0 -50.655 -83.342 257.246 -50.287 -82.767 257.266 -50.555 -82.557 260.489
3 0 -50.436 -81.886 260.453 -50.555 -82.557 260.489 -50.287 -82.767 257.266
3 0 -50.287 -82.767 257.266 -50.164 -82.096 257.247 -50.436 -81.886 260.453
3 0 -50.582 -81.220 260.416 -50.436 -81.886 260.453 -50.164 -82.096 257.247
3 0 -50.164 -82.096 257.247 -50.305 -81.430 257.192 -50.582 -81.220 260.416
3 0 -50.973 -80.661 260.385 -50.582 -81.220 260.416 -50.305 -81.430 257.192
3 0 -50.305 -81.430 257.192 -50.688 -80.871 257.109 -50.973 -80.661 260.385
3 0 -51.548 -80.294 260.363 -50.973 -80.661 260.385 -50.688 -80.871 257.109
3 0 -50.688 -80.871 257.109 -51.256 -80.505 257.011 -51.548 -80.294 260.363
3 0 -52.220 -80.174 260.355 -51.548 -80.294 260.363 -51.256 -80.505 257.011
3 0 -51.256 -80.505 257.011 -51.921 -80.386 256.912 -52.220 -80.174 260.355
3 0 -52.887 -80.321 260.361 -52.220 -80.174 260.355 -51.921 -80.386 256.912
3 0 -51.921 -80.386 256.912 -52.582 -80.533 256.828 -52.887 -80.321 260.361
3 0 -53.447 -80.711 260.381 -52.887 -80.321 260.361 -52.582 -80.533 256.828
3 0 -52.582 -80.533 256.828 -53.140 -80.923 256.772 -53.447 -80.711 260.381
3 0 -54.990 -83.813 256.672 -55.297 -83.599 260.534 -55.872 -83.232 260.512
3 0 -55.872 -83.232 260.512 -55.558 -83.446 256.574 -54.990 -83.813 256.672
3 0 -54.325 -83.932 256.770 -54.625 -83.718 260.542 -55.297 -83.599 260.534
3 0 -55.297 -83.599 260.534 -54.990 -83.813 256.672 -54.325 -83.932 256.770
3 0 -53.664 -83.785 256.854 -53.958 -83.572 260.536 -54.625 -83.718 260.542
3 0 -54.625 -83.718 260.542 -54.325 -83.932 256.770 -53.664 -83.785 256.854
3 0 -53.106 -83.394 256.910 -53.398 -83.182 260.516 -53.958 -83.572 260.536
3 0 -53.958 -83.572 260.536 -53.664 -83.785 256.854 -53.106 -83.394 256.910
3 0 -53.707 -80.556 256.674 -54.023 -80.344 260.359 -53.447 -80.711 260.381
3 0 -53.447 -80.711 260.381 -53.140 -80.923 256.772 -53.707 -80.556 256.674
3 0 -54.372 -80.438 256.576 -54.695 -80.224 260.351 -54.023 -80.344 260.359
3 0 -54.023 -80.344 260.359 -53.707 -80.556 256.674 -54.372 -80.438 256.576
3 0 -55.034 -80.585 256.492 -55.362 -80.371 260.357 -54.695 -80.224 260.351
3 0 -54.695 -80.224 260.351 -54.372 -80.438 256.576 -55.034 -80.585 256.492
3 0 -55.591 -80.975 256.436 -55.922 -80.761 260.377 -55.362 -80.371 260.357
3 0 -55.362 -80.371 260.357 -55.034 -80.585 256.492 -55.591 -80.975 256.436
3 0 -57.441 -83.865 256.336 -57.770 -83.649 260.530 -58.346 -83.282 260.509
3 0 -58.346 -83.282 260.509 -58.008 -83.498 256.237 -57.441 -83.865 256.336
3 0 -56.776 -83.984 256.434 -57.098 -83.768 260.539 -57.770 -83.649 260.530
3 0 -57.770 -83.649 260.530 -57.441 -83.865 256.336 -56.776 -83.984 256.434
3 0 -56.114 -83.837 256.518 -56.431 -83.622 260.532 -57.098 -83.768 260.539
3 0 -57.098 -83.768 260.539 -56.776 -83.984 256.434 -56.114 -83.837 256.518
3 0 -55.558 -83.446 256.574 -55.872 -83.232 260.512 -56.431 -83.622 260.532
3 0 -56.431 -83.622 260.532 -56.114 -83.837 256.518 -55.558 -83.446 256.574
3 0 -56.158 -80.608 256.338 -56.496 -80.394 260.356 -55.922 -80.761 260.377
3 0 -55.922 -80.761 260.377 -55.591 -80.975 256.436 -56.158 -80.608 256.338
3 0 -56.823 -80.489 256.239 -57.168 -80.274 260.348 -56.496 -80.394 260.356
3 0 -56.496 -80.394 260.356 -56.158 -80.608 256.338 -56.823 -80.489 256.239
3 0 -57.484 -80.636 256.156 -57.835 -80.421 260.354 -57.168 -80.274 260.348
3 0 -57.168 -80.274 260.348 -56.823 -80.489 256.239 -57.484 -80.636 256.156
3 0 -58.042 -81.027 256.100 -58.395 -80.811 260.374 -57.835 -80.421 260.354
3 0 -57.835 -80.421 260.354 -57.484 -80.636 256.156 -58.042 -81.027 256.100
3 0 -58.971 -80.444 260.352 -58.395 -80.811 260.374 -58.042 -81.027 256.100
3 0 -58.042 -81.027 256.100 -58.609 -80.660 256.002 -58.971 -80.444 260.352
3 0 -59.643 -80.324 260.344 -58.971 -80.444 260.352 -58.609 -80.660 256.002
3 0 -58.609 -80.660 256.002 -59.274 -80.541 255.903 -59.643 -80.324 260.344
3 0 -60.310 -80.471 260.350 -59.643 -80.324 260.344 -59.274 -80.541 255.903
3 0 -59.274 -80.541 255.903 -59.936 -80.688 255.820 -60.310 -80.471 260.350
3 0 -60.870 -80.861 260.370 -60.310 -80.471 260.350 -59.936 -80.688 255.820
3 0 -59.936 -80.688 255.820 -60.493 -81.079 255.763 -60.870 -80.861 260.370
3 0 -61.238 -81.436 260.400 -60.870 -80.861 260.370 -60.493 -81.079 255.763
3 0 -60.493 -81.079 255.763 -60.861 -81.654 255.744 -61.238 -81.436 260.400
3 0 -61.357 -82.107 260.437 -61.238 -81.436 260.400 -60.861 -81.654 255.744
3 0 -60.861 -81.654 255.744 -60.984 -82.325 255.763 -61.357 -82.107 260.437
3 0 -61.211 -82.773 260.474 -61.357 -82.107 260.437 -60.984 -82.325 255.763
3 0 -60.984 -82.325 255.763 -60.843 -82.991 255.818 -61.211 -82.773 260.474
3 0 -60.820 -83.332 260.505 -61.211 -82.773 260.474 -60.843 -82.991 255.818
3 0 -60.843 -82.991 255.818 -60.460 -83.550 255.901 -60.820 -83.332 260.505
3 0 -60.245 -83.699 260.527 -60.820 -83.332 260.505 -60.460 -83.550 255.901
3 0 -60.460 -83.550 255.901 -59.892 -83.917 255.999 -60.245 -83.699 260.527
3 0 -59.573 -83.818 260.535 -60.245 -83.699 260.527 -59.892 -83.917 255.999
3 0 -59.892 -83.917 255.999 -59.227 -84.035 256.098 -59.573 -83.818 260.535
3 0 -58.906 -83.672 260.529 -59.573 -83.818 260.535 -59.227 -84.035 256.098
3 0 -59.227 -84.035 256.098 -58.566 -83.888 256.181 -58.906 -83.672 260.529
3 0 -58.346 -83.282 260.509 -58.906 -83.672 260.529 -58.566 -83.888 256.181
3 0 -58.566 -83.888 256.181 -58.008 -83.498 256.237 -58.346 -83.282 260.509
3 0 -52.565 -83.340 263.878 -53.132 -82.971 263.969 -53.398 -83.182 260.516
3 0 -53.398 -83.182 260.516 -52.822 -83.549 260.538 -52.565 -83.340 263.878
3 0 -51.904 -83.461 263.756 -52.565 -83.340 263.878 -52.822 -83.549 260.538
3 0 -52.822 -83.549 260.538 -52.150 -83.668 260.546 -51.904 -83.461 263.756
3 0 -51.251 -83.316 263.621 -51.904 -83.461 263.756 -52.150 -83.668 260.546
3 0 -52.150 -83.668 260.546 -51.483 -83.522 260.540 -51.251 -83.316 263.621
3 0 -50.704 -82.927 263.493 -51.251 -83.316 263.621 -51.483 -83.522 260.540
3 0 -51.483 -83.522 260.540 -50.923 -83.132 260.520 -50.704 -82.927 263.493
3 0 -50.348 -82.354 263.392 -50.704 -82.927 263.493 -50.923 -83.132 260.520
3 0 -50.923 -83.132 260.520 -50.555 -82.557 260.489 -50.348 -82.354 263.392
3 0 -50.236 -81.683 263.333 -50.348 -82.354 263.392 -50.555 -82.557 260.489
3 0 -50.555 -82.557 260.489 -50.436 -81.886 260.453 -50.236 -81.683 263.333
3 0 -50.385 -81.016 263.325 -50.236 -81.683 263.333 -50.436 -81.886 260.453
3 0 -50.436 -81.886 260.453 -50.582 -81.220 260.416 -50.385 -81.016 263.325
3 0 -50.773 -80.456 263.370 -50.385 -81.016 263.325 -50.582 -81.220 260.416
3 0 -50.582 -81.220 260.416 -50.973 -80.661 260.385 -50.773 -80.456 263.370
3 0 -51.340 -80.088 263.460 -50.773 -80.456 263.370 -50.973 -80.661 260.385
3 0 -50.973 -80.661 260.385 -51.548 -80.294 260.363 -51.340 -80.088 263.460
3 0 -52.001 -79.966 263.582 -51.340 -80.088 263.460 -51.548 -80.294 260.363
3 0 -51.548 -80.294 260.363 -52.220 -80.174 260.355 -52.001 -79.966 263.582
3 0 -52.654 -80.111 263.717 -52.001 -79.966 263.582 -52.220 -80.174 260.355
3 0 -52.220 -80.174 260.355 -52.887 -80.321 260.361 -52.654 -80.111 263.717
3 0 -53.201 -80.500 263.845 -52.654 -80.111 263.717 -52.887 -80.321 260.361
3 0 -52.887 -80.321 260.361 -53.447 -80.711 260.381 -53.201 -80.500 263.845
3 0 -55.297 -83.599 260.534 -54.993 -83.383 264.354 -55.561 -83.015 264.445
3 0 -55.561 -83.015 264.445 -55.872 -83.232 260.512 -55.297 -83.599 260.534
3 0 -54.625 -83.718 260.542 -54.332 -83.504 264.232 -54.993 -83.383 264.354
3 0 -54.993 -83.383 264.354 -55.297 -83.599 260.534 -54.625 -83.718 260.542
3 0 -53.958 -83.572 260.536 -53.679 -83.360 264.097 -54.332 -83.504 264.232
3 0 -54.332 -83.504 264.232 -54.625 -83.718 260.542 -53.958 -83.572 260.536
3 0 -53.398 -83.182 260.516 -53.132 -82.971 263.969 -53.679 -83.360 264.097
3 0 -53.679 -83.360 264.097 -53.958 -83.572 260.536 -53.398 -83.182 260.516
3 0 -54.023 -80.344 260.359 -53.769 -80.131 263.936 -53.201 -80.500 263.845
3 0 -53.201 -80.500 263.845 -53.447 -80.711 260.381 -54.023 -80.344 260.359
3 0 -54.695 -80.224 260.351 -54.430 -80.010 264.058 -53.769 -80.131 263.936
3 0 -53.769 -80.131 263.936 -54.023 -80.344 260.359 -54.695 -80.224 260.351
3 0 -55.362 -80.371 260.357 -55.083 -80.155 264.193 -54.430 -80.010 264.058
3 0 -54.430 -80.010 264.058 -54.695 -80.224 260.351 -55.362 -80.371 260.357
3 0 -55.922 -80.761 260.377 -55.629 -80.544 264.321 -55.083 -80.155 264.193
3 0 -55.083 -80.155 264.193 -55.362 -80.371 260.357 -55.922 -80.761 260.377
3 0 -57.770 -83.649 260.530 -57.421 -83.427 264.830 -57.988 -83.058 264.920
3 0 -57.988 -83.058 264.920 -58.346 -83.282 260.509 -57.770 -83.649 260.530
3 0 -57.098 -83.768 260.539 -56.760 -83.548 264.708 -57.421 -83.427 264.830
3 0 -57.421 -83.427 264.830 -57.770 -83.649 260.530 -57.098 -83.768 260.539
3 0 -56.431 -83.622 260.532 -56.106 -83.403 264.573 -56.760 -83.548 264.708
3 0 -56.760 -83.548 264.708 -57.098 -83.768 260.539 -56.431 -83.622 260.532
3 0 -55.872 -83.232 260.512 -55.561 -83.015 264.445 -56.106 -83.403 264.573
3 0 -56.106 -83.403 264.573 -56.431 -83.622 260.532 -55.872 -83.232 260.512
3 0 -56.496 -80.394 260.356 -56.196 -80.175 264.412 -55.629 -80.544 264.321
3 0 -55.629 -80.544 264.321 -55.922 -80.761 260.377 -56.496 -80.394 260.356
3 0 -57.168 -80.274 260.348 -56.857 -80.054 264.534 -56.196 -80.175 264.412
3 0 -56.196 -80.175 264.412 -56.496 -80.394 260.356 -57.168 -80.274 260.348
3 0 -57.835 -80.421 260.354 -57.510 -80.199 264.669 -56.857 -80.054 264.534
3 0 -56.857 -80.054 264.534 -57.168 -80.274 260.348 -57.835 -80.421 260.354
3 0 -58.395 -80.811 260.374 -58.057 -80.588 264.797 -57.510 -80.199 264.669
3 0 -57.510 -80.199 264.669 -57.835 -80.421 260.354 -58.395 -80.811 260.374
3 0 -58.625 -80.219 264.888 -58.057 -80.588 264.797 -58.395 -80.811 260.374
3 0 -58.395 -80.811 260.374 -58.971 -80.444 260.352 -58.625 -80.219 264.888
3 0 -59.285 -80.098 265.010 -58.625 -80.219 264.888 -58.971 -80.444 260.352
3 0 -58.971 -80.444 260.352 -59.643 -80.324 260.344 -59.285 -80.098 265.010
3 0 -59.939 -80.242 265.145 -59.285 -80.098 265.010 -59.643 -80.324 260.344
3 0 -59.643 -80.324 260.344 -60.310 -80.471 260.350 -59.939 -80.242 265.145
3 0 -60.485 -80.631 265.273 -59.939 -80.242 265.145 -60.310 -80.471 260.350
3 0 -60.310 -80.471 260.350 -60.870 -80.861 260.370 -60.485 -80.631 265.273
3 0 -60.842 -81.205 265.374 -60.485 -80.631 265.273 -60.870 -80.861 260.370
3 0 -60.870 -80.861 260.370 -61.238 -81.436 260.400 -60.842 -81.205 265.374
3 0 -60.954 -81.876 265.433 -60.842 -81.205 265.374 -61.238 -81.436 260.400
3 0 -61.238 -81.436 260.400 -61.357 -82.107 260.437 -60.954 -81.876 265.433
3 0 -60.805 -82.542 265.441 -60.954 -81.876 265.433 -61.357 -82.107 260.437
3 0 -61.357 -82.107 260.437 -61.211 -82.773 260.474 -60.805 -82.542 265.441
3 0 -60.417 -83.102 265.396 -60.805 -82.542 265.441 -61.211 -82.773 260.474
3 0 -61.211 -82.773 260.474 -60.820 -83.332 260.505 -60.417 -83.102 265.396
3 0 -59.849 -83.471 265.306 -60.417 -83.102 265.396 -60.820 -83.332 260.505
3 0 -60.820 -83.332 260.505 -60.245 -83.699 260.527 -59.849 -83.471 265.306
3 0 -59.188 -83.592 265.184 -59.849 -83.471 265.306 -60.245 -83.699 260.527
3 0 -60.245 -83.699 260.527 -59.573 -83.818 260.535 -59.188 -83.592 265.184
3 0 -58.535 -83.447 265.049 -59.188 -83.592 265.184 -59.573 -83.818 260.535
3 0 -59.573 -83.818 260.535 -58.906 -83.672 260.529 -58.535 -83.447 265.049
3 0 -57.988 -83.058 264.920 -58.535 -83.447 265.049 -58.906 -83.672 260.529
3 0 -58.906 -83.672 260.529 -58.346 -83.282 260.509 -57.988 -83.058 264.920
3 0 -51.603 -83.144 266.881 -52.127 -82.772 267.113 -53.132 -82.971 263.969
3 0 -53.132 -82.971 263.969 -52.565 -83.340 263.878 -51.603 -83.144 266.881
3 0 -50.995 -83.268 266.595 -51.603 -83.144 266.881 -52.565 -83.340 263.878
3 0 -52.565 -83.340 263.878 -51.904 -83.461 263.756 -50.995 -83.268 266.595
3 0 -50.397 -83.126 266.299 -50.995 -83.268 266.595 -51.904 -83.461 263.756
3 0 -51.904 -83.461 263.756 -51.251 -83.316 263.621 -50.397 -83.126 266.299
3 0 -49.899 -82.740 266.037 -50.397 -83.126 266.299 -51.251 -83.316 263.621
3 0 -51.251 -83.316 263.621 -50.704 -82.927 263.493 -49.899 -82.740 266.037
3 0 -49.576 -82.168 265.849 -49.899 -82.740 266.037 -50.704 -82.927 263.493
3 0 -50.704 -82.927 263.493 -50.348 -82.354 263.392 -49.576 -82.168 265.849
3 0 -49.479 -81.497 265.765 -49.576 -82.168 265.849 -50.348 -82.354 263.392
3 0 -50.348 -82.354 263.392 -50.236 -81.683 263.333 -49.479 -81.497 265.765
3 0 -49.621 -80.830 265.796 -49.479 -81.497 265.765 -50.236 -81.683 263.333
3 0 -50.236 -81.683 263.333 -50.385 -81.016 263.325 -49.621 -80.830 265.796
3 0 -49.982 -80.268 265.939 -49.621 -80.830 265.796 -50.385 -81.016 263.325
3 0 -50.385 -81.016 263.325 -50.773 -80.456 263.370 -49.982 -80.268 265.939
3 0 -50.506 -79.897 266.170 -49.982 -80.268 265.939 -50.773 -80.456 263.370
3 0 -50.773 -80.456 263.370 -51.340 -80.088 263.460 -50.506 -79.897 266.170
3 0 -51.113 -79.773 266.456 -50.506 -79.897 266.170 -51.340 -80.088 263.460
3 0 -51.340 -80.088 263.460 -52.001 -79.966 263.582 -51.113 -79.773 266.456
3 0 -51.712 -79.914 266.753 -51.113 -79.773 266.456 -52.001 -79.966 263.582
3 0 -52.001 -79.966 263.582 -52.654 -80.111 263.717 -51.712 -79.914 266.753
3 0 -52.210 -80.301 267.015 -51.712 -79.914 266.753 -52.654 -80.111 263.717
3 0 -52.654 -80.111 263.717 -53.201 -80.500 263.845 -52.210 -80.301 267.015
3 0 -54.993 -83.383 264.354 -53.831 -83.176 267.958 -54.355 -82.804 268.190
3 0 -54.355 -82.804 268.190 -55.561 -83.015 264.445 -54.993 -83.383 264.354
3 0 -54.332 -83.504 264.232 -53.224 -83.300 267.672 -53.831 -83.176 267.958
3 0 -53.831 -83.176 267.958 -54.993 -83.383 264.354 -54.332 -83.504 264.232
3 0 -53.679 -83.360 264.097 -52.625 -83.158 267.375 -53.224 -83.300 267.672
3 0 -53.224 -83.300 267.672 -54.332 -83.504 264.232 -53.679 -83.360 264.097
3 0 -53.132 -82.971 263.969 -52.127 -82.772 267.113 -52.625 -83.158 267.375
3 0 -52.625 -83.158 267.375 -53.679 -83.360 264.097 -53.132 -82.971 263.969
3 0 -53.769 -80.131 263.936 -52.734 -79.929 267.247 -52.210 -80.301 267.015
3 0 -52.210 -80.301 267.015 -53.201 -80.500 263.845 -53.769 -80.131 263.936
3 0 -54.430 -80.010 264.058 -53.342 -79.805 267.533 -52.734 -79.929 267.247
3 0 -52.734 -79.929 267.247 -53.769 -80.131 263.936 -54.430 -80.010 264.058
3 0 -55.083 -80.155 264.193 -53.940 -79.947 267.829 -53.342 -79.805 267.533
3 0 -53.342 -79.805 267.533 -54.430 -80.010 264.058 -55.083 -80.155 264.193
3 0 -55.629 -80.544 264.321 -54.439 -80.333 268.091 -53.940 -79.947 267.829
3 0 -53.940 -79.947 267.829 -55.083 -80.155 264.193 -55.629 -80.544 264.321
3 0 -57.421 -83.427 264.830 -56.059 -83.208 269.034 -56.583 -82.837 269.266
3 0 -56.583 -82.837 269.266 -57.988 -83.058 264.920 -57.421 -83.427 264.830
3 0 -56.760 -83.548 264.708 -55.451 -83.332 268.748 -56.059 -83.208 269.034
3 0 -56.059 -83.208 269.034 -57.421 -83.427 264.830 -56.760 -83.548 264.708
3 0 -56.106 -83.403 264.573 -54.853 -83.191 268.451 -55.451 -83.332 268.748
3 0 -55.451 -83.332 268.748 -56.760 -83.548 264.708 -56.106 -83.403 264.573
3 0 -55.561 -83.015 264.445 -54.355 -82.804 268.190 -54.853 -83.191 268.451
3 0 -54.853 -83.191 268.451 -56.106 -83.403 264.573 -55.561 -83.015 264.445
3 0 -56.196 -80.175 264.412 -54.962 -79.961 268.323 -54.439 -80.333 268.091
3 0 -54.439 -80.333 268.091 -55.629 -80.544 264.321 -56.196 -80.175 264.412
3 0 -56.857 -80.054 264.534 -55.569 -79.837 268.609 -54.962 -79.961 268.323
3 0 -54.962 -79.961 268.323 -56.196 -80.175 264.412 -56.857 -80.054 264.534
3 0 -57.510 -80.199 264.669 -56.168 -79.979 268.905 -55.569 -79.837 268.609
3 0 -55.569 -79.837 268.609 -56.857 -80.054 264.534 -57.510 -80.199 264.669
3 0 -58.057 -80.588 264.797 -56.666 -80.365 269.167 -56.168 -79.979 268.905
3 0 -56.168 -79.979 268.905 -57.510 -80.199 264.669 -58.057 -80.588 264.797
3 0 -57.190 -79.994 269.399 -56.666 -80.365 269.167 -58.057 -80.588 264.797
3 0 -58.057 -80.588 264.797 -58.625 -80.219 264.888 -57.190 -79.994 269.399
3 0 -57.798 -79.870 269.685 -57.190 -79.994 269.399 -58.625 -80.219 264.888
3 0 -58.625 -80.219 264.888 -59.285 -80.098 265.010 -57.798 -79.870 269.685
3 0 -58.396 -80.011 269.982 -57.798 -79.870 269.685 -59.285 -80.098 265.010
3 0 -59.285 -80.098 265.010 -59.939 -80.242 265.145 -58.396 -80.011 269.982
3 0 -58.894 -80.398 270.244 -58.396 -80.011 269.982 -59.939 -80.242 265.145
3 0 -59.939 -80.242 265.145 -60.485 -80.631 265.273 -58.894 -80.398 270.244
3 0 -59.217 -80.969 270.431 -58.894 -80.398 270.244 -60.485 -80.631 265.273
3 0 -60.485 -80.631 265.273 -60.842 -81.205 265.374 -59.217 -80.969 270.431
3 0 -59.314 -81.640 270.516 -59.217 -80.969 270.431 -60.842 -81.205 265.374
3 0 -60.842 -81.205 265.374 -60.954 -81.876 265.433 -59.314 -81.640 270.516
3 0 -59.172 -82.307 270.485 -59.314 -81.640 270.516 -60.954 -81.876 265.433
3 0 -60.954 -81.876 265.433 -60.805 -82.542 265.441 -59.172 -82.307 270.485
3 0 -58.811 -82.869 270.342 -59.172 -82.307 270.485 -60.805 -82.542 265.441
3 0 -60.805 -82.542 265.441 -60.417 -83.102 265.396 -58.811 -82.869 270.342
3 0 -58.287 -83.240 270.110 -58.811 -82.869 270.342 -60.417 -83.102 265.396
3 0 -60.417 -83.102 265.396 -59.849 -83.471 265.306 -58.287 -83.240 270.110
3 0 -57.680 -83.365 269.824 -58.287 -83.240 270.110 -59.849 -83.471 265.306
3 0 -59.849 -83.471 265.306 -59.188 -83.592 265.184 -57.680 -83.365 269.824
3 0 -57.081 -83.223 269.528 -57.680 -83.365 269.824 -59.188 -83.592 265.184
3 0 -59.188 -83.592 265.184 -58.535 -83.447 265.049 -57.081 -83.223 269.528
3 0 -56.583 -82.837 269.266 -57.081 -83.223 269.528 -58.535 -83.447 265.049
3 0 -58.535 -83.447 265.049 -57.988 -83.058 264.920 -56.583 -82.837 269.266
3 0 -49.895 -82.975 269.414 -50.329 -82.600 269.785 -52.127 -82.772 267.113
3 0 -52.127 -82.772 267.113 -51.603 -83.144 266.881 -49.895 -82.975 269.414
3 0 -49.395 -83.103 268.968 -49.895 -82.975 269.414 -51.603 -83.144 266.881
3 0 -51.603 -83.144 266.881 -50.995 -83.268 266.595 -49.395 -83.103 268.968
3 0 -48.903 -82.965 268.514 -49.395 -83.103 268.968 -50.995 -83.268 266.595
3 0 -50.995 -83.268 266.595 -50.397 -83.126 266.299 -48.903 -82.965 268.514
3 0 -48.495 -82.582 268.123 -48.903 -82.965 268.514 -50.397 -83.126 266.299
3 0 -50.397 -83.126 266.299 -49.899 -82.740 266.037 -48.495 -82.582 268.123
3 0 -48.233 -82.012 267.854 -48.495 -82.582 268.123 -49.899 -82.740 266.037
3 0 -49.899 -82.740 266.037 -49.576 -82.168 265.849 -48.233 -82.012 267.854
3 0 -48.157 -81.341 267.747 -48.233 -82.012 267.854 -49.576 -82.168 265.849
3 0 -49.576 -82.168 265.849 -49.479 -81.497 265.765 -48.157 -81.341 267.747
3 0 -48.279 -80.673 267.819 -48.157 -81.341 267.747 -49.479 -81.497 265.765
3 0 -49.479 -81.497 265.765 -49.621 -80.830 265.796 -48.279 -80.673 267.819
3 0 -48.579 -80.109 268.059 -48.279 -80.673 267.819 -49.621 -80.830 265.796
3 0 -49.621 -80.830 265.796 -49.982 -80.268 265.939 -48.579 -80.109 268.059
3 0 -49.012 -79.734 268.430 -48.579 -80.109 268.059 -49.982 -80.268 265.939
3 0 -49.982 -80.268 265.939 -50.506 -79.897 266.170 -49.012 -79.734 268.430
3 0 -49.513 -79.606 268.876 -49.012 -79.734 268.430 -50.506 -79.897 266.170
3 0 -50.506 -79.897 266.170 -51.113 -79.773 266.456 -49.513 -79.606 268.876
3 0 -50.005 -79.744 269.329 -49.513 -79.606 268.876 -51.113 -79.773 266.456
3 0 -51.113 -79.773 266.456 -51.712 -79.914 266.753 -50.005 -79.744 269.329
3 0 -50.413 -80.128 269.721 -50.005 -79.744 269.329 -51.712 -79.914 266.753
3 0 -51.712 -79.914 266.753 -52.210 -80.301 267.015 -50.413 -80.128 269.721
3 0 -53.831 -83.176 267.958 -51.729 -82.994 271.076 -52.163 -82.619 271.447
3 0 -52.163 -82.619 271.447 -54.355 -82.804 268.190 -53.831 -83.176 267.958
3 0 -53.224 -83.300 267.672 -51.229 -83.122 270.629 -51.729 -82.994 271.076
3 0 -51.729 -82.994 271.076 -53.831 -83.176 267.958 -53.224 -83.300 267.672
3 0 -52.625 -83.158 267.375 -50.737 -82.984 270.176 -51.229 -83.122 270.629
3 0 -51.229 -83.122 270.629 -53.224 -83.300 267.672 -52.625 -83.158 267.375
3 0 -52.127 -82.772 267.113 -50.329 -82.600 269.785 -50.737 -82.984 270.176
3 0 -50.737 -82.984 270.176 -52.625 -83.158 267.375 -52.127 -82.772 267.113
3 0 -52.734 -79.929 267.247 -50.846 -79.753 270.092 -50.413 -80.128 269.721
3 0 -50.413 -80.128 269.721 -52.210 -80.301 267.015 -52.734 -79.929 267.247
3 0 -53.342 -79.805 267.533 -51.347 -79.625 270.538 -50.846 -79.753 270.092
3 0 -50.846 -79.753 270.092 -52.734 -79.929 267.247 -53.342 -79.805 267.533
3 0 -53.940 -79.947 267.829 -51.839 -79.763 270.991 -51.347 -79.625 270.538
3 0 -51.347 -79.625 270.538 -53.342 -79.805 267.533 -53.940 -79.947 267.829
3 0 -54.439 -80.333 268.091 -52.247 -80.146 271.382 -51.839 -79.763 270.991
3 0 -51.839 -79.763 270.991 -53.940 -79.947 267.829 -54.439 -80.333 268.091
3 0 -56.059 -83.208 269.034 -53.562 -83.012 272.737 -53.996 -82.638 273.108
3 0 -53.996 -82.638 273.108 -56.583 -82.837 269.266 -56.059 -83.208 269.034
3 0 -55.451 -83.332 268.748 -53.062 -83.140 272.291 -53.562 -83.012 272.737
3 0 -53.562 -83.012 272.737 -56.059 -83.208 269.034 -55.451 -83.332 268.748
3 0 -54.853 -83.191 268.451 -52.570 -83.002 271.838 -53.062 -83.140 272.291
3 0 -53.062 -83.140 272.291 -55.451 -83.332 268.748 -54.853 -83.191 268.451
3 0 -54.355 -82.804 268.190 -52.163 -82.619 271.447 -52.570 -83.002 271.838
3 0 -52.570 -83.002 271.838 -54.853 -83.191 268.451 -54.355 -82.804 268.190
3 0 -54.962 -79.961 268.323 -52.679 -79.772 271.753 -52.247 -80.146 271.382
3 0 -52.247 -80.146 271.382 -54.439 -80.333 268.091 -54.962 -79.961 268.323
3 0 -55.569 -79.837 268.609 -53.180 -79.644 272.200 -52.679 -79.772 271.753
3 0 -52.679 -79.772 271.753 -54.962 -79.961 268.323 -55.569 -79.837 268.609
3 0 -56.168 -79.979 268.905 -53.672 -79.782 272.653 -53.180 -79.644 272.200
3 0 -53.180 -79.644 272.200 -55.569 -79.837 268.609 -56.168 -79.979 268.905
3 0 -56.666 -80.365 269.167 -54.080 -80.165 273.044 -53.672 -79.782 272.653
3 0 -53.672 -79.782 272.653 -56.168 -79.979 268.905 -56.666 -80.365 269.167
3 0 -54.513 -79.790 273.415 -54.080 -80.165 273.044 -56.666 -80.365 269.167
3 0 -56.666 -80.365 269.167 -57.190 -79.994 269.399 -54.513 -79.790 273.415
3 0 -55.014 -79.662 273.861 -54.513 -79.790 273.415 -57.190 -79.994 269.399
3 0 -57.190 -79.994 269.399 -57.798 -79.870 269.685 -55.014 -79.662 273.861
3 0 -55.506 -79.801 274.315 -55.014 -79.662 273.861 -57.798 -79.870 269.685
3 0 -57.798 -79.870 269.685 -58.396 -80.011 269.982 -55.506 -79.801 274.315
3 0 -55.914 -80.184 274.706 -55.506 -79.801 274.315 -58.396 -80.011 269.982
3 0 -58.396 -80.011 269.982 -58.894 -80.398 270.244 -55.914 -80.184 274.706
3 0 -56.175 -80.754 274.975 -55.914 -80.184 274.706 -58.894 -80.398 270.244
3 0 -58.894 -80.398 270.244 -59.217 -80.969 270.431 -56.175 -80.754 274.975
3 0 -56.251 -81.424 275.082 -56.175 -80.754 274.975 -59.217 -80.969 270.431
3 0 -59.217 -80.969 270.431 -59.314 -81.640 270.516 -56.251 -81.424 275.082
3 0 -56.130 -82.092 275.010 -56.251 -81.424 275.082 -59.314 -81.640 270.516
3 0 -59.314 -81.640 270.516 -59.172 -82.307 270.485 -56.130 -82.092 275.010
3 0 -55.830 -82.656 274.770 -56.130 -82.092 275.010 -59.172 -82.307 270.485
3 0 -59.172 -82.307 270.485 -58.811 -82.869 270.342 -55.830 -82.656 274.770
3 0 -55.396 -83.031 274.399 -55.830 -82.656 274.770 -58.811 -82.869 270.342
3 0 -58.811 -82.869 270.342 -58.287 -83.240 270.110 -55.396 -83.031 274.399
3 0 -54.896 -83.159 273.953 -55.396 -83.031 274.399 -58.287 -83.240 270.110
3 0 -58.287 -83.240 270.110 -57.680 -83.365 269.824 -54.896 -83.159 273.953
3 0 -54.404 -83.021 273.500 -54.896 -83.159 273.953 -57.680 -83.365 269.824
3 0 -57.680 -83.365 269.824 -57.081 -83.223 269.528 -54.404 -83.021 273.500
3 0 -53.996 -82.638 273.108 -54.404 -83.021 273.500 -57.081 -83.223 269.528
3 0 -57.081 -83.223 269.528 -56.583 -82.837 269.266 -53.996 -82.638 273.108
3 0 -47.455 -82.844 271.395 -47.775 -82.467 271.865 -50.329 -82.600 269.785
3 0 -50.329 -82.600 269.785 -49.895 -82.975 269.414 -47.455 -82.844 271.395
3 0 -47.087 -82.975 270.835 -47.455 -82.844 271.395 -49.895 -82.975 269.414
3 0 -49.895 -82.975 269.414 -49.395 -83.103 268.968 -47.087 -82.975 270.835
3 0 -46.726 -82.839 270.272 -47.087 -82.975 270.835 -49.395 -83.103 268.968
3 0 -49.395 -83.103 268.968 -48.903 -82.965 268.514 -46.726 -82.839 270.272
3 0 -46.427 -82.458 269.790 -46.726 -82.839 270.272 -48.903 -82.965 268.514
3 0 -48.903 -82.965 268.514 -48.495 -82.582 268.123 -46.427 -82.458 269.790
3 0 -46.236 -81.889 269.464 -46.427 -82.458 269.790 -48.495 -82.582 268.123
3 0 -48.495 -82.582 268.123 -48.233 -82.012 267.854 -46.236 -81.889 269.464
3 0 -46.182 -81.219 269.343 -46.236 -81.889 269.464 -48.233 -82.012 267.854
3 0 -48.233 -82.012 267.854 -48.157 -81.341 267.747 -46.182 -81.219 269.343
3 0 -46.274 -80.551 269.445 -46.182 -81.219 269.343 -48.157 -81.341 267.747
3 0 -48.157 -81.341 267.747 -48.279 -80.673 267.819 -46.274 -80.551 269.445
3 0 -46.497 -79.984 269.755 -46.274 -80.551 269.445 -48.279 -80.673 267.819
3 0 -48.279 -80.673 267.819 -48.579 -80.109 268.059 -46.497 -79.984 269.755
3 0 -46.817 -79.607 270.226 -46.497 -79.984 269.755 -48.579 -80.109 268.059
3 0 -48.579 -80.109 268.059 -49.012 -79.734 268.430 -46.817 -79.607 270.226
3 0 -47.185 -79.477 270.786 -46.817 -79.607 270.226 -49.012 -79.734 268.430
3 0 -49.012 -79.734 268.430 -49.513 -79.606 268.876 -47.185 -79.477 270.786
3 0 -47.547 -79.612 271.349 -47.185 -79.477 270.786 -49.513 -79.606 268.876
3 0 -49.513 -79.606 268.876 -50.005 -79.744 269.329 -47.547 -79.612 271.349
3 0 -47.845 -79.993 271.830 -47.547 -79.612 271.349 -50.005 -79.744 269.329
3 0 -50.005 -79.744 269.329 -50.413 -80.128 269.721 -47.845 -79.993 271.830
3 0 -51.729 -82.994 271.076 -48.804 -82.853 273.470 -49.124 -82.475 273.941
3 0 -49.124 -82.475 273.941 -52.163 -82.619 271.447 -51.729 -82.994 271.076
3 0 -51.229 -83.122 270.629 -48.435 -82.983 272.910 -48.804 -82.853 273.470
3 0 -48.804 -82.853 273.470 -51.729 -82.994 271.076 -51.229 -83.122 270.629
3 0 -50.737 -82.984 270.176 -48.074 -82.848 272.347 -48.435 -82.983 272.910
3 0 -48.435 -82.983 272.910 -51.229 -83.122 270.629 -50.737 -82.984 270.176
3 0 -50.329 -82.600 269.785 -47.775 -82.467 271.865 -48.074 -82.848 272.347
3 0 -48.074 -82.848 272.347 -50.737 -82.984 270.176 -50.329 -82.600 269.785
3 0 -50.846 -79.753 270.092 -48.165 -79.616 272.301 -47.845 -79.993 271.830
3 0 -47.845 -79.993 271.830 -50.413 -80.128 269.721 -50.846 -79.753 270.092
3 0 -51.347 -79.625 270.538 -48.534 -79.485 272.861 -48.165 -79.616 272.301
3 0 -48.165 -79.616 272.301 -50.846 -79.753 270.092 -51.347 -79.625 270.538
3 0 -51.839 -79.763 270.991 -48.895 -79.621 273.424 -48.534 -79.485 272.861
3 0 -48.534 -79.485 272.861 -51.347 -79.625 270.538 -51.839 -79.763 270.991
3 0 -52.247 -80.146 271.382 -49.194 -80.002 273.906 -48.895 -79.621 273.424
3 0 -48.895 -79.621 273.424 -51.839 -79.763 270.991 -52.247 -80.146 271.382
3 0 -53.562 -83.012 272.737 -50.152 -82.861 275.544 -50.472 -82.484 276.015
3 0 -50.472 -82.484 276.015 -53.996 -82.638 273.108 -53.562 -83.012 272.737
3 0 -53.062 -83.140 272.291 -49.784 -82.992 274.985 -50.152 -82.861 275.544
3 0 -50.152 -82.861 275.544 -53.562 -83.012 272.737 -53.062 -83.140 272.291
3 0 -52.570 -83.002 271.838 -49.422 -82.856 274.421 -49.784 -82.992 274.985
3 0 -49.784 -82.992 274.985 -53.062 -83.140 272.291 -52.570 -83.002 271.838
3 0 -52.163 -82.619 271.447 -49.124 -82.475 273.941 -49.422 -82.856 274.421
3 0 -49.422 -82.856 274.421 -52.570 -83.002 271.838 -52.163 -82.619 271.447
3 0 -52.679 -79.772 271.753 -49.514 -79.625 274.376 -49.194 -80.002 273.906
3 0 -49.194 -80.002 273.906 -52.247 -80.146 271.382 -52.679 -79.772 271.753
3 0 -53.180 -79.644 272.200 -49.882 -79.494 274.935 -49.514 -79.625 274.376
3 0 -49.514 -79.625 274.376 -52.679 -79.772 271.753 -53.180 -79.644 272.200
3 0 -53.672 -79.782 272.653 -50.243 -79.629 275.499 -49.882 -79.494 274.935
3 0 -49.882 -79.494 274.935 -53.180 -79.644 272.200 -53.672 -79.782 272.653
3 0 -54.080 -80.165 273.044 -50.542 -80.010 275.980 -50.243 -79.629 275.499
3 0 -50.243 -79.629 275.499 -53.672 -79.782 272.653 -54.080 -80.165 273.044
3 0 -50.862 -79.633 276.451 -50.542 -80.010 275.980 -54.080 -80.165 273.044
3 0 -54.080 -80.165 273.044 -54.513 -79.790 273.415 -50.862 -79.633 276.451
3 0 -51.231 -79.502 277.010 -50.862 -79.633 276.451 -54.513 -79.790 273.415
3 0 -54.513 -79.790 273.415 -55.014 -79.662 273.861 -51.231 -79.502 277.010
3 0 -51.592 -79.638 277.574 -51.231 -79.502 277.010 -55.014 -79.662 273.861
3 0 -55.014 -79.662 273.861 -55.506 -79.801 274.315 -51.592 -79.638 277.574
3 0 -51.891 -80.019 278.055 -51.592 -79.638 277.574 -55.506 -79.801 274.315
3 0 -55.506 -79.801 274.315 -55.914 -80.184 274.706 -51.891 -80.019 278.055
3 0 -52.082 -80.588 278.381 -51.891 -80.019 278.055 -55.914 -80.184 274.706
3 0 -55.914 -80.184 274.706 -56.175 -80.754 274.975 -52.082 -80.588 278.381
3 0 -52.135 -81.258 278.502 -52.082 -80.588 278.381 -56.175 -80.754 274.975
3 0 -56.175 -80.754 274.975 -56.251 -81.424 275.082 -52.135 -81.258 278.502
3 0 -52.044 -81.926 278.400 -52.135 -81.258 278.502 -56.251 -81.424 275.082
3 0 -56.251 -81.424 275.082 -56.130 -82.092 275.010 -52.044 -81.926 278.400
3 0 -51.821 -82.493 278.090 -52.044 -81.926 278.400 -56.130 -82.092 275.010
3 0 -56.130 -82.092 275.010 -55.830 -82.656 274.770 -51.821 -82.493 278.090
3 0 -51.501 -82.870 277.620 -51.821 -82.493 278.090 -55.830 -82.656 274.770
3 0 -55.830 -82.656 274.770 -55.396 -83.031 274.399 -51.501 -82.870 277.620
3 0 -51.132 -83.001 277.060 -51.501 -82.870 277.620 -55.396 -83.031 274.399
3 0 -55.396 -83.031 274.399 -54.896 -83.159 273.953 -51.132 -83.001 277.060
3 0 -50.771 -82.865 276.497 -51.132 -83.001 277.060 -54.896 -83.159 273.953
3 0 -54.896 -83.159 273.953 -54.404 -83.021 273.500 -50.771 -82.865 276.497
3 0 -50.472 -82.484 276.015 -50.771 -82.865 276.497 -54.404 -83.021 273.500
3 0 -54.404 -83.021 273.500 -53.996 -82.638 273.108 -50.472 -82.484 276.015
3 0 -44.469 -82.748 272.875 -44.686 -82.370 273.400 -47.775 -82.467 271.865
3 0 -47.775 -82.467 271.865 -47.455 -82.844 271.395 -44.469 -82.748 272.875
3 0 -44.219 -82.880 272.253 -44.469 -82.748 272.875 -47.455 -82.844 271.395
3 0 -47.455 -82.844 271.395 -47.087 -82.975 270.835 -44.219 -82.880 272.253
3 0 -43.975 -82.746 271.630 -44.219 -82.880 272.253 -47.087 -82.975 270.835
3 0 -47.087 -82.975 270.835 -46.726 -82.839 270.272 -43.975 -82.746 271.630
3 0 -43.774 -82.366 271.099 -43.975 -82.746 271.630 -46.726 -82.839 270.272
3 0 -46.726 -82.839 270.272 -46.427 -82.458 269.790 -43.774 -82.366 271.099
3 0 -43.645 -81.798 270.743 -43.774 -82.366 271.099 -46.427 -82.458 269.790
3 0 -46.427 -82.458 269.790 -46.236 -81.889 269.464 -43.645 -81.798 270.743
3 0 -43.610 -81.129 270.615 -43.645 -81.798 270.743 -46.236 -81.889 269.464
3 0 -46.236 -81.889 269.464 -46.182 -81.219 269.343 -43.610 -81.129 270.615
3 0 -43.673 -80.459 270.734 -43.610 -81.129 270.615 -46.182 -81.219 269.343
3 0 -46.182 -81.219 269.343 -46.274 -80.551 269.445 -43.673 -80.459 270.734
3 0 -43.824 -79.892 271.083 -43.673 -80.459 270.734 -46.274 -80.551 269.445
3 0 -46.274 -80.551 269.445 -46.497 -79.984 269.755 -43.824 -79.892 271.083
3 0 -44.041 -79.514 271.608 -43.824 -79.892 271.083 -46.497 -79.984 269.755
3 0 -46.497 -79.984 269.755 -46.817 -79.607 270.226 -44.041 -79.514 271.608
3 0 -44.291 -79.381 272.230 -44.041 -79.514 271.608 -46.817 -79.607 270.226
3 0 -46.817 -79.607 270.226 -47.185 -79.477 270.786 -44.291 -79.381 272.230
3 0 -44.535 -79.515 272.853 -44.291 -79.381 272.230 -47.185 -79.477 270.786
3 0 -47.185 -79.477 270.786 -47.547 -79.612 271.349 -44.535 -79.515 272.853
3 0 -44.736 -79.895 273.383 -44.535 -79.515 272.853 -47.547 -79.612 271.349
3 0 -47.547 -79.612 271.349 -47.845 -79.993 271.830 -44.736 -79.895 273.383
3 0 -48.804 -82.853 273.470 -45.381 -82.751 275.175 -45.598 -82.373 275.701
3 0 -45.598 -82.373 275.701 -49.124 -82.475 273.941 -48.804 -82.853 273.470
3 0 -48.435 -82.983 272.910 -45.131 -82.884 274.554 -45.381 -82.751 275.175
3 0 -45.381 -82.751 275.175 -48.804 -82.853 273.470 -48.435 -82.983 272.910
3 0 -48.074 -82.848 272.347 -44.887 -82.750 273.930 -45.131 -82.884 274.554
3 0 -45.131 -82.884 274.554 -48.435 -82.983 272.910 -48.074 -82.848 272.347
3 0 -47.775 -82.467 271.865 -44.686 -82.370 273.400 -44.887 -82.750 273.930
3 0 -44.887 -82.750 273.930 -48.074 -82.848 272.347 -47.775 -82.467 271.865
3 0 -48.165 -79.616 272.301 -44.953 -79.517 273.909 -44.736 -79.895 273.383
3 0 -44.736 -79.895 273.383 -47.845 -79.993 271.830 -48.165 -79.616 272.301
3 0 -48.534 -79.485 272.861 -45.203 -79.385 274.530 -44.953 -79.517 273.909
3 0 -44.953 -79.517 273.909 -48.165 -79.616 272.301 -48.534 -79.485 272.861
3 0 -48.895 -79.621 273.424 -45.447 -79.519 275.154 -45.203 -79.385 274.530
3 0 -45.203 -79.385 274.530 -48.534 -79.485 272.861 -48.895 -79.621 273.424
3 0 -49.194 -80.002 273.906 -45.648 -79.899 275.684 -45.447 -79.519 275.154
3 0 -45.447 -79.519 275.154 -48.895 -79.621 273.424 -49.194 -80.002 273.906
3 0 -50.152 -82.861 275.544 -46.293 -82.755 277.475 -46.510 -82.376 278.001
3 0 -46.510 -82.376 278.001 -50.472 -82.484 276.015 -50.152 -82.861 275.544
3 0 -49.784 -82.992 274.985 -46.043 -82.887 276.854 -46.293 -82.755 277.475
3 0 -46.293 -82.755 277.475 -50.152 -82.861 275.544 -49.784 -82.992 274.985
3 0 -49.422 -82.856 274.421 -45.799 -82.753 276.230 -46.043 -82.887 276.854
3 0 -46.043 -82.887 276.854 -49.784 -82.992 274.985 -49.422 -82.856 274.421
3 0 -49.124 -82.475 273.941 -45.598 -82.373 275.701 -45.799 -82.753 276.230
3 0 -45.799 -82.753 276.230 -49.422 -82.856 274.421 -49.124 -82.475 273.941
3 0 -49.514 -79.625 274.376 -45.865 -79.520 276.209 -45.648 -79.899 275.684
3 0 -45.648 -79.899 275.684 -49.194 -80.002 273.906 -49.514 -79.625 274.376
3 0 -49.882 -79.494 274.935 -46.115 -79.388 276.830 -45.865 -79.520 276.209
3 0 -45.865 -79.520 276.209 -49.514 -79.625 274.376 -49.882 -79.494 274.935
3 0 -50.243 -79.629 275.499 -46.359 -79.522 277.454 -46.115 -79.388 276.830
3 0 -46.115 -79.388 276.830 -49.882 -79.494 274.935 -50.243 -79.629 275.499
3 0 -50.542 -80.010 275.980 -46.560 -79.902 277.984 -46.359 -79.522 277.454
3 0 -46.359 -79.522 277.454 -50.243 -79.629 275.499 -50.542 -80.010 275.980
3 0 -46.777 -79.523 278.509 -46.560 -79.902 277.984 -50.542 -80.010 275.980
3 0 -50.542 -80.010 275.980 -50.862 -79.633 276.451 -46.777 -79.523 278.509
3 0 -47.027 -79.391 279.131 -46.777 -79.523 278.509 -50.862 -79.633 276.451
3 0 -50.862 -79.633 276.451 -51.231 -79.502 277.010 -47.027 -79.391 279.131
3 0 -47.271 -79.525 279.754 -47.027 -79.391 279.131 -51.231 -79.502 277.010
3 0 -51.231 -79.502 277.010 -51.592 -79.638 277.574 -47.271 -79.525 279.754
3 0 -47.472 -79.905 280.285 -47.271 -79.525 279.754 -51.592 -79.638 277.574
3 0 -51.592 -79.638 277.574 -51.891 -80.019 278.055 -47.472 -79.905 280.285
3 0 -47.601 -80.473 280.641 -47.472 -79.905 280.285 -51.891 -80.019 278.055
3 0 -51.891 -80.019 278.055 -52.082 -80.588 278.381 -47.601 -80.473 280.641
3 0 -47.636 -81.143 280.769 -47.601 -80.473 280.641 -52.082 -80.588 278.381
3 0 -52.082 -80.588 278.381 -52.135 -81.258 278.502 -47.636 -81.143 280.769
3 0 -47.573 -81.812 280.650 -47.636 -81.143 280.769 -52.135 -81.258 278.502
3 0 -52.135 -81.258 278.502 -52.044 -81.926 278.400 -47.573 -81.812 280.650
3 0 -47.422 -82.379 280.301 -47.573 -81.812 280.650 -52.044 -81.926 278.400
3 0 -52.044 -81.926 278.400 -51.821 -82.493 278.090 -47.422 -82.379 280.301
3 0 -47.205 -82.758 279.776 -47.422 -82.379 280.301 -51.821 -82.493 278.090
3 0 -51.821 -82.493 278.090 -51.501 -82.870 277.620 -47.205 -82.758 279.776
3 0 -46.955 -82.890 279.154 -47.205 -82.758 279.776 -51.501 -82.870 277.620
3 0 -51.501 -82.870 277.620 -51.132 -83.001 277.060 -46.955 -82.890 279.154
3 0 -46.711 -82.756 278.531 -46.955 -82.890 279.154 -51.132 -83.001 277.060
3 0 -51.132 -83.001 277.060 -50.771 -82.865 276.497 -46.711 -82.756 278.531
3 0 -46.510 -82.376 278.001 -46.711 -82.756 278.531 -50.771 -82.865 276.497
3 0 -50.771 -82.865 276.497 -50.472 -82.484 276.015 -46.510 -82.376 278.001
3 0 -41.106 -82.685 273.873 -41.242 -82.306 274.424 -44.686 -82.370 273.400
3 0 -44.686 -82.370 273.400 -44.469 -82.748 272.875 -41.106 -82.685 273.873
3 0 -40.949 -82.818 273.221 -41.106 -82.685 273.873 -44.469 -82.748 272.875
3 0 -44.469 -82.748 272.875 -44.219 -82.880 272.253 -40.949 -82.818 273.221
3 0 -40.796 -82.684 272.570 -40.949 -82.818 273.221 -44.219 -82.880 272.253
3 0 -44.219 -82.880 272.253 -43.975 -82.746 271.630 -40.796 -82.684 272.570
3 0 -40.670 -82.305 272.016 -40.796 -82.684 272.570 -43.975 -82.746 271.630
3 0 -43.975 -82.746 271.630 -43.774 -82.366 271.099 -40.670 -82.305 272.016
3 0 -40.589 -81.737 271.645 -40.670 -82.305 272.016 -43.774 -82.366 271.099
3 0 -43.774 -82.366 271.099 -43.645 -81.798 270.743 -40.589 -81.737 271.645
3 0 -40.567 -81.067 271.514 -40.589 -81.737 271.645 -43.645 -81.798 270.743
3 0 -43.645 -81.798 270.743 -43.610 -81.129 270.615 -40.567 -81.067 271.514
3 0 -40.607 -80.398 271.642 -40.567 -81.067 271.514 -43.610 -81.129 270.615
3 0 -43.610 -81.129 270.615 -43.673 -80.459 270.734 -40.607 -80.398 271.642
3 0 -40.702 -79.830 272.009 -40.607 -80.398 271.642 -43.673 -80.459 270.734
3 0 -43.673 -80.459 270.734 -43.824 -79.892 271.083 -40.702 -79.830 272.009
3 0 -40.839 -79.451 272.561 -40.702 -79.830 272.009 -43.824 -79.892 271.083
3 0 -43.824 -79.892 271.083 -44.041 -79.514 271.608 -40.839 -79.451 272.561
3 0 -40.996 -79.318 273.212 -40.839 -79.451 272.561 -44.041 -79.514 271.608
3 0 -44.041 -79.514 271.608 -44.291 -79.381 272.230 -40.996 -79.318 273.212
3 0 -41.149 -79.451 273.864 -40.996 -79.318 273.212 -44.291 -79.381 272.230
3 0 -44.291 -79.381 272.230 -44.535 -79.515 272.853 -41.149 -79.451 273.864
3 0 -41.275 -79.831 274.417 -41.149 -79.451 273.864 -44.535 -79.515 272.853
3 0 -44.535 -79.515 272.853 -44.736 -79.895 273.383 -41.275 -79.831 274.417
3 0 -45.381 -82.751 275.175 -41.678 -82.686 276.280 -41.815 -82.307 276.832
3 0 -41.815 -82.307 276.832 -45.598 -82.373 275.701 -45.381 -82.751 275.175
3 0 -45.131 -82.884 274.554 -41.522 -82.819 275.629 -41.678 -82.686 276.280
3 0 -41.678 -82.686 276.280 -45.381 -82.751 275.175 -45.131 -82.884 274.554
3 0 -44.887 -82.750 273.930 -41.368 -82.685 274.977 -41.522 -82.819 275.629
3 0 -41.522 -82.819 275.629 -45.131 -82.884 274.554 -44.887 -82.750 273.930
3 0 -44.686 -82.370 273.400 -41.242 -82.306 274.424 -41.368 -82.685 274.977
3 0 -41.368 -82.685 274.977 -44.887 -82.750 273.930 -44.686 -82.370 273.400
3 0 -44.953 -79.517 273.909 -41.411 -79.452 274.968 -41.275 -79.831 274.417
3 0 -41.275 -79.831 274.417 -44.736 -79.895 273.383 -44.953 -79.517 273.909
3 0 -45.203 -79.385 274.530 -41.568 -79.319 275.620 -41.411 -79.452 274.968
3 0 -41.411 -79.452 274.968 -44.953 -79.517 273.909 -45.203 -79.385 274.530
3 0 -45.447 -79.519 275.154 -41.721 -79.452 276.271 -41.568 -79.319 275.620
3 0 -41.568 -79.319 275.620 -45.203 -79.385 274.530 -45.447 -79.519 275.154
3 0 -45.648 -79.899 275.684 -41.848 -79.832 276.825 -41.721 -79.452 276.271
3 0 -41.721 -79.452 276.271 -45.447 -79.519 275.154 -45.648 -79.899 275.684
3 0 -46.293 -82.755 277.475 -42.251 -82.687 278.687 -42.387 -82.308 279.239
3 0 -42.387 -82.308 279.239 -46.510 -82.376 278.001 -46.293 -82.755 277.475
3 0 -46.043 -82.887 276.854 -42.094 -82.820 278.036 -42.251 -82.687 278.687
3 0 -42.251 -82.687 278.687 -46.293 -82.755 277.475 -46.043 -82.887 276.854
3 0 -45.799 -82.753 276.230 -41.941 -82.686 277.384 -42.094 -82.820 278.036
3 0 -42.094 -82.820 278.036 -46.043 -82.887 276.854 -45.799 -82.753 276.230
3 0 -45.598 -82.373 275.701 -41.815 -82.307 276.832 -41.941 -82.686 277.384
3 0 -41.941 -82.686 277.384 -45.799 -82.753 276.230 -45.598 -82.373 275.701
3 0 -45.865 -79.520 276.209 -41.984 -79.453 277.375 -41.848 -79.832 276.825
3 0 -41.848 -79.832 276.825 -45.648 -79.899 275.684 -45.865 -79.520 276.209
3 0 -46.115 -79.388 276.830 -42.141 -79.320 278.026 -41.984 -79.453 277.375
3 0 -41.984 -79.453 277.375 -45.865 -79.520 276.209 -46.115 -79.388 276.830
3 0 -46.359 -79.522 277.454 -42.294 -79.453 278.678 -42.141 -79.320 278.026
3 0 -42.141 -79.320 278.026 -46.115 -79.388 276.830 -46.359 -79.522 277.454
3 0 -46.560 -79.902 277.984 -42.420 -79.833 279.232 -42.294 -79.453 278.678
3 0 -42.294 -79.453 278.678 -46.359 -79.522 277.454 -46.560 -79.902 277.984
3 0 -42.557 -79.454 279.783 -42.420 -79.833 279.232 -46.560 -79.902 277.984
3 0 -46.560 -79.902 277.984 -46.777 -79.523 278.509 -42.557 -79.454 279.783
3 0 -42.713 -79.321 280.434 -42.557 -79.454 279.783 -46.777 -79.523 278.509
3 0 -46.777 -79.523 278.509 -47.027 -79.391 279.131 -42.713 -79.321 280.434
3 0 -42.866 -79.454 281.086 -42.713 -79.321 280.434 -47.027 -79.391 279.131
3 0 -47.027 -79.391 279.131 -47.271 -79.525 279.754 -42.866 -79.454 281.086
3 0 -42.993 -79.834 281.640 -42.866 -79.454 281.086 -47.271 -79.525 279.754
3 0 -47.271 -79.525 279.754 -47.472 -79.905 280.285 -42.993 -79.834 281.640
3 0 -43.073 -80.402 282.010 -42.993 -79.834 281.640 -47.472 -79.905 280.285
3 0 -47.472 -79.905 280.285 -47.601 -80.473 280.641 -43.073 -80.402 282.010
3 0 -43.095 -81.071 282.142 -43.073 -80.402 282.010 -47.601 -80.473 280.641
3 0 -47.601 -80.473 280.641 -47.636 -81.143 280.769 -43.095 -81.071 282.142
3 0 -43.055 -81.741 282.014 -43.095 -81.071 282.142 -47.636 -81.143 280.769
3 0 -47.636 -81.143 280.769 -47.573 -81.812 280.650 -43.055 -81.741 282.014
3 0 -42.960 -82.308 281.646 -43.055 -81.741 282.014 -47.573 -81.812 280.650
3 0 -47.573 -81.812 280.650 -47.422 -82.379 280.301 -42.960 -82.308 281.646
3 0 -42.823 -82.688 281.095 -42.960 -82.308 281.646 -47.422 -82.379 280.301
3 0 -47.422 -82.379 280.301 -47.205 -82.758 279.776 -42.823 -82.688 281.095
3 0 -42.667 -82.821 280.444 -42.823 -82.688 281.095 -47.205 -82.758 279.776
3 0 -47.205 -82.758 279.776 -46.955 -82.890 279.154 -42.667 -82.821 280.444
3 0 -42.514 -82.687 279.792 -42.667 -82.821 280.444 -46.955 -82.890 279.154
3 0 -46.955 -82.890 279.154 -46.711 -82.756 278.531 -42.514 -82.687 279.792
3 0 -42.387 -82.308 279.239 -42.514 -82.687 279.792 -46.711 -82.756 278.531
3 0 -46.711 -82.756 278.531 -46.510 -82.376 278.001 -42.387 -82.308 279.239
3 0 -37.518 -82.645 274.507 -37.596 -82.266 275.069 -41.242 -82.306 274.424
3 0 -41.242 -82.306 274.424 -41.106 -82.685 273.873 -37.518 -82.645 274.507
3 0 -37.429 -82.778 273.843 -37.518 -82.645 274.507 -41.106 -82.685 273.873
3 0 -41.106 -82.685 273.873 -40.949 -82.818 273.221 -37.429 -82.778 273.843
3 0 -37.341 -82.645 273.179 -37.429 -82.778 273.843 -40.949 -82.818 273.221
3 0 -40.949 -82.818 273.221 -40.796 -82.684 272.570 -37.341 -82.645 273.179
3 0 -37.269 -82.265 272.616 -37.341 -82.645 273.179 -40.796 -82.684 272.570
3 0 -40.796 -82.684 272.570 -40.670 -82.305 272.016 -37.269 -82.265 272.616
3 0 -37.223 -81.698 272.240 -37.269 -82.265 272.616 -40.670 -82.305 272.016
3 0 -40.670 -82.305 272.016 -40.589 -81.737 271.645 -37.223 -81.698 272.240
3 0 -37.211 -81.028 272.107 -37.223 -81.698 272.240 -40.589 -81.737 271.645
3 0 -40.589 -81.737 271.645 -40.567 -81.067 271.514 -37.211 -81.028 272.107
3 0 -37.234 -80.358 272.238 -37.211 -81.028 272.107 -40.567 -81.067 271.514
3 0 -40.567 -81.067 271.514 -40.607 -80.398 271.642 -37.234 -80.358 272.238
3 0 -37.288 -79.791 272.614 -37.234 -80.358 272.238 -40.607 -80.398 271.642
3 0 -40.607 -80.398 271.642 -40.702 -79.830 272.009 -37.288 -79.791 272.614
3 0 -37.366 -79.411 273.176 -37.288 -79.791 272.614 -40.702 -79.830 272.009
3 0 -40.702 -79.830 272.009 -40.839 -79.451 272.561 -37.366 -79.411 273.176
3 0 -37.456 -79.278 273.840 -37.366 -79.411 273.176 -40.839 -79.451 272.561
3 0 -40.839 -79.451 272.561 -40.996 -79.318 273.212 -37.456 -79.278 273.840
3 0 -37.543 -79.411 274.504 -37.456 -79.278 273.840 -40.996 -79.318 273.212
3 0 -40.996 -79.318 273.212 -41.149 -79.451 273.864 -37.543 -79.411 274.504
3 0 -37.615 -79.791 275.067 -37.543 -79.411 274.504 -41.149 -79.451 273.864
3 0 -41.149 -79.451 273.864 -41.275 -79.831 274.417 -37.615 -79.791 275.067
3 0 -41.678 -82.686 276.280 -37.845 -82.645 276.960 -37.923 -82.266 277.523
3 0 -37.923 -82.266 277.523 -41.815 -82.307 276.832 -41.678 -82.686 276.280
3 0 -41.522 -82.819 275.629 -37.756 -82.778 276.297 -37.845 -82.645 276.960
3 0 -37.845 -82.645 276.960 -41.678 -82.686 276.280 -41.522 -82.819 275.629
3 0 -41.368 -82.685 274.977 -37.668 -82.645 275.633 -37.756 -82.778 276.297
3 0 -37.756 -82.778 276.297 -41.522 -82.819 275.629 -41.368 -82.685 274.977
3 0 -41.242 -82.306 274.424 -37.596 -82.266 275.069 -37.668 -82.645 275.633
3 0 -37.668 -82.645 275.633 -41.368 -82.685 274.977 -41.242 -82.306 274.424
3 0 -41.411 -79.452 274.968 -37.693 -79.412 275.629 -37.615 -79.791 275.067
3 0 -37.615 -79.791 275.067 -41.275 -79.831 274.417 -41.411 -79.452 274.968
3 0 -41.568 -79.319 275.620 -37.783 -79.278 276.293 -37.693 -79.412 275.629
3 0 -37.693 -79.412 275.629 -41.411 -79.452 274.968 -41.568 -79.319 275.620
3 0 -41.721 -79.452 276.271 -37.870 -79.412 276.957 -37.783 -79.278 276.293
3 0 -37.783 -79.278 276.293 -41.568 -79.319 275.620 -41.721 -79.452 276.271
3 0 -41.848 -79.832 276.825 -37.942 -79.791 277.520 -37.870 -79.412 276.957
3 0 -37.870 -79.412 276.957 -41.721 -79.452 276.271 -41.848 -79.832 276.825
3 0 -42.251 -82.687 278.687 -38.172 -82.645 279.412 -38.250 -82.266 279.975
3 0 -38.250 -82.266 279.975 -42.387 -82.308 279.239 -42.251 -82.687 278.687
3 0 -42.094 -82.820 278.036 -38.083 -82.778 278.749 -38.172 -82.645 279.412
3 0 -38.172 -82.645 279.412 -42.251 -82.687 278.687 -42.094 -82.820 278.036
3 0 -41.941 -82.686 277.384 -37.995 -82.645 278.085 -38.083 -82.778 278.749
3 0 -38.083 -82.778 278.749 -42.094 -82.820 278.036 -41.941 -82.686 277.384
3 0 -41.815 -82.307 276.832 -37.923 -82.266 277.523 -37.995 -82.645 278.085
3 0 -37.995 -82.645 278.085 -41.941 -82.686 277.384 -41.815 -82.307 276.832
3 0 -41.984 -79.453 277.375 -38.020 -79.412 278.082 -37.942 -79.791 277.520
3 0 -37.942 -79.791 277.520 -41.848 -79.832 276.825 -41.984 -79.453 277.375
3 0 -42.141 -79.320 278.026 -38.110 -79.279 278.745 -38.020 -79.412 278.082
3 0 -38.020 -79.412 278.082 -41.984 -79.453 277.375 -42.141 -79.320 278.026
3 0 -42.294 -79.453 278.678 -38.197 -79.412 279.409 -38.110 -79.279 278.745
3 0 -38.110 -79.279 278.745 -42.141 -79.320 278.026 -42.294 -79.453 278.678
3 0 -42.420 -79.833 279.232 -38.269 -79.791 279.972 -38.197 -79.412 279.409
3 0 -38.197 -79.412 279.409 -42.294 -79.453 278.678 -42.420 -79.833 279.232
3 0 -38.347 -79.412 280.535 -38.269 -79.791 279.972 -42.420 -79.833 279.232
3 0 -42.420 -79.833 279.232 -42.557 -79.454 279.783 -38.347 -79.412 280.535
3 0 -38.437 -79.279 281.199 -38.347 -79.412 280.535 -42.557 -79.454 279.783
3 0 -42.557 -79.454 279.783 -42.713 -79.321 280.434 -38.437 -79.279 281.199
3 0 -38.524 -79.412 281.863 -38.437 -79.279 281.199 -42.713 -79.321 280.434
3 0 -42.713 -79.321 280.434 -42.866 -79.454 281.086 -38.524 -79.412 281.863
3 0 -38.597 -79.791 282.426 -38.524 -79.412 281.863 -42.866 -79.454 281.086
3 0 -42.866 -79.454 281.086 -42.993 -79.834 281.640 -38.597 -79.791 282.426
3 0 -38.642 -80.359 282.802 -38.597 -79.791 282.426 -42.993 -79.834 281.640
3 0 -42.993 -79.834 281.640 -43.073 -80.402 282.010 -38.642 -80.359 282.802
3 0 -38.655 -81.029 282.935 -38.642 -80.359 282.802 -43.073 -80.402 282.010
3 0 -43.073 -80.402 282.010 -43.095 -81.071 282.142 -38.655 -81.029 282.935
3 0 -38.632 -81.698 282.804 -38.655 -81.029 282.935 -43.095 -81.071 282.142
3 0 -43.095 -81.071 282.142 -43.055 -81.741 282.014 -38.632 -81.698 282.804
3 0 -38.577 -82.266 282.428 -38.632 -81.698 282.804 -43.055 -81.741 282.014
3 0 -43.055 -81.741 282.014 -42.960 -82.308 281.646 -38.577 -82.266 282.428
3 0 -38.499 -82.645 281.866 -38.577 -82.266 282.428 -42.960 -82.308 281.646
3 0 -42.960 -82.308 281.646 -42.823 -82.688 281.095 -38.499 -82.645 281.866
3 0 -38.410 -82.779 281.202 -38.499 -82.645 281.866 -42.823 -82.688 281.095
3 0 -42.823 -82.688 281.095 -42.667 -82.821 280.444 -38.410 -82.779 281.202
3 0 -38.322 -82.645 280.538 -38.410 -82.779 281.202 -42.667 -82.821 280.444
3 0 -42.667 -82.821 280.444 -42.514 -82.687 279.792 -38.322 -82.645 280.538
3 0 -38.250 -82.266 279.975 -38.322 -82.645 280.538 -42.514 -82.687 279.792
3 0 -42.514 -82.687 279.792 -42.387 -82.308 279.239 -38.250 -82.266 279.975
3 0 -33.313 -82.622 274.881 -33.346 -82.242 275.448 -37.596 -82.266 275.069
3 0 -37.596 -82.266 275.069 -37.518 -82.645 274.507 -33.313 -82.622 274.881
3 0 -33.275 -82.755 274.212 -33.313 -82.622 274.881 -37.518 -82.645 274.507
3 0 -37.518 -82.645 274.507 -37.429 -82.778 273.843 -33.275 -82.755 274.212
3 0 -33.238 -82.622 273.544 -33.275 -82.755 274.212 -37.429 -82.778 273.843
3 0 -37.429 -82.778 273.843 -37.341 -82.645 273.179 -33.238 -82.622 273.544
3 0 -33.207 -82.242 272.977 -33.238 -82.622 273.544 -37.341 -82.645 273.179
3 0 -37.341 -82.645 273.179 -37.269 -82.265 272.616 -33.207 -82.242 272.977
3 0 -33.188 -81.675 272.598 -33.207 -82.242 272.977 -37.269 -82.265 272.616
3 0 -37.269 -82.265 272.616 -37.223 -81.698 272.240 -33.188 -81.675 272.598
3 0 -33.182 -81.005 272.465 -33.188 -81.675 272.598 -37.223 -81.698 272.240
3 0 -37.223 -81.698 272.240 -37.211 -81.028 272.107 -33.182 -81.005 272.465
3 0 -33.192 -80.335 272.598 -33.182 -81.005 272.465 -37.211 -81.028 272.107
3 0 -37.211 -81.028 272.107 -37.234 -80.358 272.238 -33.192 -80.335 272.598
3 0 -33.215 -79.768 272.976 -33.192 -80.335 272.598 -37.234 -80.358 272.238
3 0 -37.234 -80.358 272.238 -37.288 -79.791 272.614 -33.215 -79.768 272.976
3 0 -33.249 -79.388 273.543 -33.215 -79.768 272.976 -37.288 -79.791 272.614
3 0 -37.288 -79.791 272.614 -37.366 -79.411 273.176 -33.249 -79.388 273.543
3 0 -33.287 -79.255 274.212 -33.249 -79.388 273.543 -37.366 -79.411 273.176
3 0 -37.366 -79.411 273.176 -37.456 -79.278 273.840 -33.287 -79.255 274.212
3 0 -33.324 -79.388 274.880 -33.287 -79.255 274.212 -37.456 -79.278 273.840
3 0 -37.456 -79.278 273.840 -37.543 -79.411 274.504 -33.324 -79.388 274.880
3 0 -33.355 -79.768 275.447 -33.324 -79.388 274.880 -37.543 -79.411 274.504
3 0 -37.543 -79.411 274.504 -37.615 -79.791 275.067 -33.355 -79.768 275.447
3 0 -37.845 -82.645 276.960 -33.452 -82.622 277.352 -33.486 -82.242 277.919
3 0 -33.486 -82.242 277.919 -37.923 -82.266 277.523 -37.845 -82.645 276.960
3 0 -37.756 -82.778 276.297 -33.414 -82.755 276.683 -33.452 -82.622 277.352
3 0 -33.452 -82.622 277.352 -37.845 -82.645 276.960 -37.756 -82.778 276.297
3 0 -37.668 -82.645 275.633 -33.377 -82.622 276.015 -33.414 -82.755 276.683
3 0 -33.414 -82.755 276.683 -37.756 -82.778 276.297 -37.668 -82.645 275.633
3 0 -37.596 -82.266 275.069 -33.346 -82.242 275.448 -33.377 -82.622 276.015
3 0 -33.377 -82.622 276.015 -37.668 -82.645 275.633 -37.596 -82.266 275.069
3 0 -37.693 -79.412 275.629 -33.388 -79.388 276.014 -33.355 -79.768 275.447
3 0 -33.355 -79.768 275.447 -37.615 -79.791 275.067 -37.693 -79.412 275.629
3 0 -37.783 -79.278 276.293 -33.426 -79.255 276.683 -33.388 -79.388 276.014
3 0 -33.388 -79.388 276.014 -37.693 -79.412 275.629 -37.783 -79.278 276.293
3 0 -37.870 -79.412 276.957 -33.463 -79.388 277.351 -33.426 -79.255 276.683
3 0 -33.426 -79.255 276.683 -37.783 -79.278 276.293 -37.870 -79.412 276.957
3 0 -37.942 -79.791 277.520 -33.494 -79.768 277.918 -33.463 -79.388 277.351
3 0 -33.463 -79.388 277.351 -37.870 -79.412 276.957 -37.942 -79.791 277.520
3 0 -38.172 -82.645 279.412 -33.592 -82.622 279.822 -33.625 -82.242 280.389
3 0 -33.625 -82.242 280.389 -38.250 -82.266 279.975 -38.172 -82.645 279.412
3 0 -38.083 -82.778 278.749 -33.554 -82.755 279.153 -33.592 -82.622 279.822
3 0 -33.592 -82.622 279.822 -38.172 -82.645 279.412 -38.083 -82.778 278.749
3 0 -37.995 -82.645 278.085 -33.516 -82.622 278.485 -33.554 -82.755 279.153
3 0 -33.554 -82.755 279.153 -38.083 -82.778 278.749 -37.995 -82.645 278.085
3 0 -37.923 -82.266 277.523 -33.486 -82.242 277.919 -33.516 -82.622 278.485
3 0 -33.516 -82.622 278.485 -37.995 -82.645 278.085 -37.923 -82.266 277.523
3 0 -38.020 -79.412 278.082 -33.527 -79.388 278.484 -33.494 -79.768 277.918
3 0 -33.494 -79.768 277.918 -37.942 -79.791 277.520 -38.020 -79.412 278.082
3 0 -38.110 -79.279 278.745 -33.565 -79.255 279.153 -33.527 -79.388 278.484
3 0 -33.527 -79.388 278.484 -38.020 -79.412 278.082 -38.110 -79.279 278.745
3 0 -38.197 -79.412 279.409 -33.603 -79.388 279.821 -33.565 -79.255 279.153
3 0 -33.565 -79.255 279.153 -38.110 -79.279 278.745 -38.197 -79.412 279.409
3 0 -38.269 -79.791 279.972 -33.633 -79.767 280.388 -33.603 -79.388 279.821
3 0 -33.603 -79.388 279.821 -38.197 -79.412 279.409 -38.269 -79.791 279.972
3 0 -33.666 -79.388 280.955 -33.633 -79.767 280.388 -38.269 -79.791 279.972
3 0 -38.269 -79.791 279.972 -38.347 -79.412 280.535 -33.666 -79.388 280.955
3 0 -33.705 -79.255 281.624 -33.666 -79.388 280.955 -38.347 -79.412 280.535
3 0 -38.347 -79.412 280.535 -38.437 -79.279 281.199 -33.705 -79.255 281.624
3 0 -33.742 -79.388 282.292 -33.705 -79.255 281.624 -38.437 -79.279 281.199
3 0 -38.437 -79.279 281.199 -38.524 -79.412 281.863 -33.742 -79.388 282.292
3 0 -33.772 -79.767 282.859 -33.742 -79.388 282.292 -38.524 -79.412 281.863
3 0 -38.524 -79.412 281.863 -38.597 -79.791 282.426 -33.772 -79.767 282.859
3 0 -33.792 -80.335 283.238 -33.772 -79.767 282.859 -38.597 -79.791 282.426
3 0 -38.597 -79.791 282.426 -38.642 -80.359 282.802 -33.792 -80.335 283.238
3 0 -33.797 -81.005 283.371 -33.792 -80.335 283.238 -38.642 -80.359 282.802
3 0 -38.642 -80.359 282.802 -38.655 -81.029 282.935 -33.797 -81.005 283.371
3 0 -33.787 -81.674 283.239 -33.797 -81.005 283.371 -38.655 -81.029 282.935
3 0 -38.655 -81.029 282.935 -38.632 -81.698 282.804 -33.787 -81.674 283.239
3 0 -33.764 -82.242 282.860 -33.787 -81.674 283.239 -38.632 -81.698 282.804
3 0 -38.632 -81.698 282.804 -38.577 -82.266 282.428 -33.764 -82.242 282.860
3 0 -33.731 -82.622 282.293 -33.764 -82.242 282.860 -38.577 -82.266 282.428
3 0 -38.577 -82.266 282.428 -38.499 -82.645 281.866 -33.731 -82.622 282.293
3 0 -33.693 -82.755 281.625 -33.731 -82.622 282.293 -38.499 -82.645 281.866
3 0 -38.499 -82.645 281.866 -38.410 -82.779 281.202 -33.693 -82.755 281.625
3 0 -33.656 -82.622 280.956 -33.693 -82.755 281.625 -38.410 -82.779 281.202
3 0 -38.410 -82.779 281.202 -38.322 -82.645 280.538 -33.656 -82.622 280.956
3 0 -33.625 -82.242 280.389 -33.656 -82.622 280.956 -38.322 -82.645 280.538
3 0 -38.322 -82.645 280.538 -38.250 -82.266 279.975 -33.625 -82.242 280.389
3 0 -30.000 -82.617 274.958 -30.000 -82.237 275.525 -33.346 -82.242 275.448
3 0 -33.346 -82.242 275.448 -33.313 -82.622 274.881 -30.000 -82.617 274.958
3 0 -30.000 -82.750 274.288 -30.000 -82.617 274.958 -33.313 -82.622 274.881
3 0 -33.313 -82.622 274.881 -33.275 -82.755 274.212 -30.000 -82.750 274.288
3 0 -30.000 -82.617 273.618 -30.000 -82.750 274.288 -33.275 -82.755 274.212
3 0 -33.275 -82.755 274.212 -33.238 -82.622 273.544 -30.000 -82.617 273.618
3 0 -30.000 -82.237 273.051 -30.000 -82.617 273.618 -33.238 -82.622 273.544
3 0 -33.238 -82.622 273.544 -33.207 -82.242 272.977 -30.000 -82.237 273.051
3 0 -30.000 -81.670 272.671 -30.000 -82.237 273.051 -33.207 -82.242 272.977
3 0 -33.207 -82.242 272.977 -33.188 -81.675 272.598 -30.000 -81.670 272.671
3 0 -30.000 -81.000 272.538 -30.000 -81.670 272.671 -33.188 -81.675 272.598
3 0 -33.188 -81.675 272.598 -33.182 -81.005 272.465 -30.000 -81.000 272.538
3 0 -30.000 -80.330 272.671 -30.000 -81.000 272.538 -33.182 -81.005 272.465
3 0 -33.182 -81.005 272.465 -33.192 -80.335 272.598 -30.000 -80.330 272.671
3 0 -30.000 -79.763 273.051 -30.000 -80.330 272.671 -33.192 -80.335 272.598
3 0 -33.192 -80.335 272.598 -33.215 -79.768 272.976 -30.000 -79.763 273.051
3 0 -30.000 -79.383 273.618 -30.000 -79.763 273.051 -33.215 -79.768 272.976
3 0 -33.215 -79.768 272.976 -33.249 -79.388 273.543 -30.000 -79.383 273.618
3 0 -30.000 -79.250 274.288 -30.000 -79.383 273.618 -33.249 -79.388 273.543
3 0 -33.249 -79.388 273.543 -33.287 -79.255 274.212 -30.000 -79.250 274.288
3 0 -30.000 -79.383 274.958 -30.000 -79.250 274.288 -33.287 -79.255 274.212
3 0 -33.287 -79.255 274.212 -33.324 -79.388 274.880 -30.000 -79.383 274.958
3 0 -30.000 -79.763 275.525 -30.000 -79.383 274.958 -33.324 -79.388 274.880
3 0 -33.324 -79.388 274.880 -33.355 -79.768 275.447 -30.000 -79.763 275.525
3 0 -33.452 -82.622 277.352 -30.000 -82.617 277.433 -30.000 -82.237 278.000
3 0 -30.000 -82.237 278.000 -33.486 -82.242 277.919 -33.452 -82.622 277.352
3 0 -33.414 -82.755 276.683 -30.000 -82.750 276.763 -30.000 -82.617 277.433
3 0 -30.000 -82.617 277.433 -33.452 -82.622 277.352 -33.414 -82.755 276.683
3 0 -33.377 -82.622 276.015 -30.000 -82.617 276.093 -30.000 -82.750 276.763
3 0 -30.000 -82.750 276.763 -33.414 -82.755 276.683 -33.377 -82.622 276.015
3 0 -33.346 -82.242 275.448 -30.000 -82.237 275.525 -30.000 -82.617 276.093
3 0 -30.000 -82.617 276.093 -33.377 -82.622 276.015 -33.346 -82.242 275.448
3 0 -33.388 -79.388 276.014 -30.000 -79.383 276.093 -30.000 -79.763 275.525
3 0 -30.000 -79.763 275.525 -33.355 -79.768 275.447 -33.388 -79.388 276.014
3 0 -33.426 -79.255 276.683 -30.000 -79.250 276.763 -30.000 -79.383 276.093
3 0 -30.000 -79.383 276.093 -33.388 -79.388 276.014 -33.426 -79.255 276.683
3 0 -33.463 -79.388 277.351 -30.000 -79.383 277.433 -30.000 -79.250 276.763
3 0 -30.000 -79.250 276.763 -33.426 -79.255 276.683 -33.463 -79.388 277.351
3 0 -33.494 -79.768 277.918 -30.000 -79.763 278.000 -30.000 -79.383 277.433
3 0 -30.000 -79.383 277.433 -33.463 -79.388 277.351 -33.494 -79.768 277.918
3 0 -33.592 -82.622 279.822 -30.000 -82.617 279.907 -30.000 -82.237 280.474
3 0 -30.000 -82.237 280.474 -33.625 -82.242 280.389 -33.592 -82.622 279.822
3 0 -33.554 -82.755 279.153 -30.000 -82.750 279.237 -30.000 -82.617 279.907
3 0 -30.000 -82.617 279.907 -33.592 -82.622 279.822 -33.554 -82.755 279.153
3 0 -33.516 -82.622 278.485 -30.000 -82.617 278.567 -30.000 -82.750 279.237
3 0 -30.000 -82.750 279.237 -33.554 -82.755 279.153 -33.516 -82.622 278.485
3 0 -33.486 -82.242 277.919 -30.000 -82.237 278.000 -30.000 -82.617 278.567
3 0 -30.000 -82.617 278.567 -33.516 -82.622 278.485 -33.486 -82.242 277.919
3 0 -33.527 -79.388 278.484 -30.000 -79.383 278.567 -30.000 -79.763 278.000
3 0 -30.000 -79.763 278.000 -33.494 -79.768 277.918 -33.527 -79.388 278.484
3 0 -33.565 -79.255 279.153 -30.000 -79.250 279.237 -30.000 -79.383 278.567
3 0 -30.000 -79.383 278.567 -33.527 -79.388 278.484 -33.565 -79.255 279.153
3 0 -33.603 -79.388 279.821 -30.000 -79.383 279.907 -30.000 -79.250 279.237
3 0 -30.000 -79.250 279.237 -33.565 -79.255 279.153 -33.603 -79.388 279.821
3 0 -33.633 -79.767 280.388 -30.000 -79.763 280.474 -30.000 -79.383 279.907
3 0 -30.000 -79.383 279.907 -33.603 -79.388 279.821 -33.633 -79.767 280.388
3 0 -30.000 -79.383 281.042 -30.000 -79.763 280.474 -33.633 -79.767 280.388
3 0 -33.633 -79.767 280.388 -33.666 -79.388 280.955 -30.000 -79.383 281.042
3 0 -30.000 -79.250 281.712 -30.000 -79.383 281.042 -33.666 -79.388 280.955
3 0 -33.666 -79.388 280.955 -33.705 -79.255 281.624 -30.000 -79.250 281.712
3 0 -30.000 -79.383 282.382 -30.000 -79.250 281.712 -33.705 -79.255 281.624
3 0 -33.705 -79.255 281.624 -33.742 -79.388 282.292 -30.000 -79.383 282.382
3 0 -30.000 -79.763 282.949 -30.000 -79.383 282.382 -33.742 -79.388 282.292
3 0 -33.742 -79.388 282.292 -33.772 -79.767 282.859 -30.000 -79.763 282.949
3 0 -30.000 -80.330 283.329 -30.000 -79.763 282.949 -33.772 -79.767 282.859
3 0 -33.772 -79.767 282.859 -33.792 -80.335 283.238 -30.000 -80.330 283.329
3 0 -30.000 -81.000 283.462 -30.000 -80.330 283.329 -33.792 -80.335 283.238
3 0 -33.792 -80.335 283.238 -33.797 -81.005 283.371 -30.000 -81.000 283.462
3 0 -30.000 -81.670 283.329 -30.000 -81.000 283.462 -33.797 -81.005 283.371
3 0 -33.797 -81.005 283.371 -33.787 -81.674 283.239 -30.000 -81.670 283.329
3 0 -30.000 -82.237 282.949 -30.000 -81.670 283.329 -33.787 -81.674 283.239
3 0 -33.787 -81.674 283.239 -33.764 -82.242 282.860 -30.000 -82.237 282.949
3 0 -30.000 -82.617 282.382 -30.000 -82.237 282.949 -33.764 -82.242 282.860
3 0 -33.764 -82.242 282.860 -33.731 -82.622 282.293 -30.000 -82.617 282.382
3 0 -30.000 -82.750 281.712 -30.000 -82.617 282.382 -33.731 -82.622 282.293
3 0 -33.731 -82.622 282.293 -33.693 -82.755 281.625 -30.000 -82.750 281.712
3 0 -30.000 -82.617 281.042 -30.000 -82.750 281.712 -33.693 -82.755 281.625
3 0 -33.693 -82.755 281.625 -33.656 -82.622 280.956 -30.000 -82.617 281.042
3 0 -30.000 -82.237 280.474 -30.000 -82.617 281.042 -33.656 -82.622 280.956
3 0 -33.656 -82.622 280.956 -33.625 -82.242 280.389 -30.000 -82.237 280.474
