0 FILE DX0078.DAT.dat
0 DX0078
0 Name:  Untitled_22
0 Author:  
0 BL_Item_No DX0078.DAT
0 BFC CERTIFY CCW
1 71 0.0000 0.0000 0.0000 1.0000 0.0000 0.0000 0.0000 1.0000 0.0000 0.0000 0.0000 1.0000 58120.dat
1 72 87.0000 100.0000 31.0000 0.0000 -1.0000 0.0000 0.0000 0.0000 1.0000 -1.0000 0.0000 0.0000 58124c01.dat
3 0 3.150 -26.916 119.577 2.583 -26.673 119.870 2.475 -23.918 117.127
3 0 2.475 -23.918 117.127 3.042 -24.186 116.859 3.150 -26.916 119.577
3 0 3.818 -26.981 119.454 3.150 -26.916 119.577 3.042 -24.186 116.859
3 0 3.042 -24.186 116.859 3.712 -24.280 116.765 3.818 -26.981 119.454
3 0 4.487 -26.859 119.520 3.818 -26.981 119.454 3.712 -24.280 116.765
3 0 3.712 -24.280 116.765 4.382 -24.186 116.859 4.487 -26.859 119.520
3 0 5.054 -26.568 119.766 4.487 -26.859 119.520 4.382 -24.186 116.859
3 0 4.382 -24.186 116.859 4.949 -23.918 117.127 5.054 -26.568 119.766
3 0 5.432 -26.153 120.153 5.054 -26.568 119.766 4.949 -23.918 117.127
3 0 4.949 -23.918 117.127 5.329 -23.516 117.528 5.432 -26.153 120.153
3 0 5.565 -25.676 120.624 5.432 -26.153 120.153 5.329 -23.516 117.528
3 0 5.329 -23.516 117.528 5.462 -23.043 118.002 5.565 -25.676 120.624
3 0 5.432 -25.210 121.105 5.565 -25.676 120.624 5.462 -23.043 118.002
3 0 5.462 -23.043 118.002 5.329 -22.570 118.476 5.432 -25.210 121.105
3 0 5.054 -24.827 121.524 5.432 -25.210 121.105 5.329 -22.570 118.476
3 0 5.329 -22.570 118.476 4.949 -22.168 118.877 5.054 -24.827 121.524
3 0 4.487 -24.584 121.818 5.054 -24.827 121.524 4.949 -22.168 118.877
3 0 4.949 -22.168 118.877 4.382 -21.900 119.145 4.487 -24.584 121.818
3 0 3.819 -24.519 121.941 4.487 -24.584 121.818 4.382 -21.900 119.145
3 0 4.382 -21.900 119.145 3.712 -21.806 119.240 3.819 -24.519 121.941
3 0 3.150 -24.641 121.874 3.819 -24.519 121.941 3.712 -21.806 119.240
3 0 3.712 -21.806 119.240 3.042 -21.900 119.145 3.150 -24.641 121.874
3 0 2.583 -24.932 121.629 3.150 -24.641 121.874 3.042 -21.900 119.145
3 0 3.042 -21.900 119.145 2.475 -22.168 118.877 2.583 -24.932 121.629
3 0 0.567 -24.186 116.859 0.679 -27.021 119.681 0.113 -26.778 119.975
3 0 0.113 -26.778 119.975 0.000 -23.918 117.127 0.567 -24.186 116.859
3 0 1.237 -24.280 116.765 1.348 -27.086 119.558 0.679 -27.021 119.681
3 0 0.679 -27.021 119.681 0.567 -24.186 116.859 1.237 -24.280 116.765
3 0 1.907 -24.186 116.859 2.016 -26.964 119.625 1.348 -27.086 119.558
3 0 1.348 -27.086 119.558 1.237 -24.280 116.765 1.907 -24.186 116.859
3 0 2.475 -23.918 117.127 2.583 -26.673 119.870 2.016 -26.964 119.625
3 0 2.016 -26.964 119.625 1.907 -24.186 116.859 2.475 -23.918 117.127
3 0 1.907 -21.900 119.145 2.016 -24.689 121.922 2.583 -24.932 121.629
3 0 2.583 -24.932 121.629 2.475 -22.168 118.877 1.907 -21.900 119.145
3 0 1.237 -21.806 119.240 1.348 -24.624 122.045 2.016 -24.689 121.922
3 0 2.016 -24.689 121.922 1.907 -21.900 119.145 1.237 -21.806 119.240
3 0 0.567 -21.900 119.145 0.679 -24.746 121.979 1.348 -24.624 122.045
3 0 1.348 -24.624 122.045 1.237 -21.806 119.240 0.567 -21.900 119.145
3 0 0.000 -22.168 118.877 0.113 -25.037 121.733 0.679 -24.746 121.979
3 0 0.679 -24.746 121.979 0.567 -21.900 119.145 0.000 -22.168 118.877
3 0 -1.907 -24.186 116.859 -1.790 -27.126 119.785 -2.357 -26.883 120.079
3 0 -2.357 -26.883 120.079 -2.474 -23.918 117.127 -1.907 -24.186 116.859
3 0 -1.237 -24.280 116.765 -1.122 -27.191 119.662 -1.790 -27.126 119.785
3 0 -1.790 -27.126 119.785 -1.907 -24.186 116.859 -1.237 -24.280 116.765
3 0 -0.567 -24.186 116.859 -0.453 -27.069 119.729 -1.122 -27.191 119.662
3 0 -1.122 -27.191 119.662 -1.237 -24.280 116.765 -0.567 -24.186 116.859
3 0 0.000 -23.918 117.127 0.113 -26.778 119.975 -0.453 -27.069 119.729
3 0 -0.453 -27.069 119.729 -0.567 -24.186 116.859 0.000 -23.918 117.127
3 0 -0.567 -21.900 119.145 -0.453 -24.794 122.026 0.113 -25.037 121.733
3 0 0.113 -25.037 121.733 0.000 -22.168 118.877 -0.567 -21.900 119.145
3 0 -1.237 -21.806 119.240 -1.122 -24.729 122.149 -0.453 -24.794 122.026
3 0 -0.453 -24.794 122.026 -0.567 -21.900 119.145 -1.237 -21.806 119.240
3 0 -1.907 -21.900 119.145 -1.790 -24.851 122.083 -1.122 -24.729 122.149
3 0 -1.122 -24.729 122.149 -1.237 -21.806 119.240 -1.907 -21.900 119.145
3 0 -2.474 -22.168 118.877 -2.357 -25.142 121.837 -1.790 -24.851 122.083
3 0 -1.790 -24.851 122.083 -1.907 -21.900 119.145 -2.474 -22.168 118.877
3 0 -2.924 -24.899 122.131 -2.357 -25.142 121.837 -2.474 -22.168 118.877
3 0 -2.474 -22.168 118.877 -3.042 -21.900 119.145 -2.924 -24.899 122.131
3 0 -3.592 -24.834 122.253 -2.924 -24.899 122.131 -3.042 -21.900 119.145
3 0 -3.042 -21.900 119.145 -3.712 -21.806 119.240 -3.592 -24.834 122.253
3 0 -4.261 -24.956 122.187 -3.592 -24.834 122.253 -3.712 -21.806 119.240
3 0 -3.712 -21.806 119.240 -4.382 -21.900 119.145 -4.261 -24.956 122.187
3 0 -4.827 -25.247 121.941 -4.261 -24.956 122.187 -4.382 -21.900 119.145
3 0 -4.382 -21.900 119.145 -4.949 -22.168 118.877 -4.827 -25.247 121.941
3 0 -5.206 -25.662 121.554 -4.827 -25.247 121.941 -4.949 -22.168 118.877
3 0 -4.949 -22.168 118.877 -5.329 -22.570 118.476 -5.206 -25.662 121.554
3 0 -5.339 -26.139 121.084 -5.206 -25.662 121.554 -5.329 -22.570 118.476
3 0 -5.329 -22.570 118.476 -5.462 -23.043 118.002 -5.339 -26.139 121.084
3 0 -5.206 -26.605 120.602 -5.339 -26.139 121.084 -5.462 -23.043 118.002
3 0 -5.462 -23.043 118.002 -5.329 -23.516 117.528 -5.206 -26.605 120.602
3 0 -4.828 -26.988 120.183 -5.206 -26.605 120.602 -5.329 -23.516 117.528
3 0 -5.329 -23.516 117.528 -4.949 -23.918 117.127 -4.828 -26.988 120.183
3 0 -4.261 -27.231 119.890 -4.828 -26.988 120.183 -4.949 -23.918 117.127
3 0 -4.949 -23.918 117.127 -4.382 -24.186 116.859 -4.261 -27.231 119.890
3 0 -3.592 -27.296 119.767 -4.261 -27.231 119.890 -4.382 -24.186 116.859
3 0 -4.382 -24.186 116.859 -3.712 -24.280 116.765 -3.592 -27.296 119.767
3 0 -2.924 -27.174 119.833 -3.592 -27.296 119.767 -3.712 -24.280 116.765
3 0 -3.712 -24.280 116.765 -3.042 -24.186 116.859 -2.924 -27.174 119.833
3 0 -2.357 -26.883 120.079 -2.924 -27.174 119.833 -3.042 -24.186 116.859
3 0 -3.042 -24.186 116.859 -2.474 -23.918 117.127 -2.357 -26.883 120.079
3 0 3.494 -29.604 122.223 2.932 -29.395 122.550 2.583 -26.673 119.870
3 0 2.583 -26.673 119.870 3.150 -26.916 119.577 3.494 -29.604 122.223
3 0 4.157 -29.631 122.062 3.494 -29.604 122.223 3.150 -26.916 119.577
3 0 3.150 -26.916 119.577 3.818 -26.981 119.454 4.157 -29.631 122.062
3 0 4.820 -29.471 122.091 4.157 -29.631 122.062 3.818 -26.981 119.454
3 0 3.818 -26.981 119.454 4.487 -26.859 119.520 4.820 -29.471 122.091
3 0 5.383 -29.150 122.306 4.820 -29.471 122.091 4.487 -26.859 119.520
3 0 4.487 -26.859 119.520 5.054 -26.568 119.766 5.383 -29.150 122.306
3 0 5.759 -28.715 122.674 5.383 -29.150 122.306 5.054 -26.568 119.766
3 0 5.054 -26.568 119.766 5.432 -26.153 120.153 5.759 -28.715 122.674
3 0 5.892 -28.234 123.140 5.759 -28.715 122.674 5.432 -26.153 120.153
3 0 5.432 -26.153 120.153 5.565 -25.676 120.624 5.892 -28.234 123.140
3 0 5.761 -27.779 123.632 5.892 -28.234 123.140 5.565 -25.676 120.624
3 0 5.565 -25.676 120.624 5.432 -25.210 121.105 5.761 -27.779 123.632
3 0 5.386 -27.420 124.075 5.761 -27.779 123.632 5.432 -25.210 121.105
3 0 5.432 -25.210 121.105 5.054 -24.827 121.524 5.386 -27.420 124.075
3 0 4.824 -27.211 124.403 5.386 -27.420 124.075 5.054 -24.827 121.524
3 0 5.054 -24.827 121.524 4.487 -24.584 121.818 4.824 -27.211 124.403
3 0 4.161 -27.184 124.564 4.824 -27.211 124.403 4.487 -24.584 121.818
3 0 4.487 -24.584 121.818 3.819 -24.519 121.941 4.161 -27.184 124.564
3 0 3.498 -27.343 124.535 4.161 -27.184 124.564 3.819 -24.519 121.941
3 0 3.819 -24.519 121.941 3.150 -24.641 121.874 3.498 -27.343 124.535
3 0 2.935 -27.665 124.320 3.498 -27.343 124.535 3.150 -24.641 121.874
3 0 3.150 -24.641 121.874 2.583 -24.932 121.629 2.935 -27.665 124.320
3 0 0.679 -27.021 119.681 1.043 -29.850 122.468 0.481 -29.641 122.795
3 0 0.481 -29.641 122.795 0.113 -26.778 119.975 0.679 -27.021 119.681
3 0 1.348 -27.086 119.558 1.706 -29.876 122.306 1.043 -29.850 122.468
3 0 1.043 -29.850 122.468 0.679 -27.021 119.681 1.348 -27.086 119.558
3 0 2.016 -26.964 119.625 2.369 -29.717 122.335 1.706 -29.876 122.306
3 0 1.706 -29.876 122.306 1.348 -27.086 119.558 2.016 -26.964 119.625
3 0 2.583 -26.673 119.870 2.932 -29.395 122.550 2.369 -29.717 122.335
3 0 2.369 -29.717 122.335 2.016 -26.964 119.625 2.583 -26.673 119.870
3 0 2.016 -24.689 121.922 2.373 -27.456 124.647 2.935 -27.665 124.320
3 0 2.935 -27.665 124.320 2.583 -24.932 121.629 2.016 -24.689 121.922
3 0 1.348 -24.624 122.045 1.711 -27.429 124.808 2.373 -27.456 124.647
3 0 2.373 -27.456 124.647 2.016 -24.689 121.922 1.348 -24.624 122.045
3 0 0.679 -24.746 121.979 1.047 -27.589 124.779 1.711 -27.429 124.808
3 0 1.711 -27.429 124.808 1.348 -24.624 122.045 0.679 -24.746 121.979
3 0 0.113 -25.037 121.733 0.485 -27.910 124.564 1.047 -27.589 124.779
3 0 1.047 -27.589 124.779 0.679 -24.746 121.979 0.113 -25.037 121.733
3 0 -1.790 -27.126 119.785 -1.407 -30.095 122.712 -1.968 -29.886 123.039
3 0 -1.968 -29.886 123.039 -2.357 -26.883 120.079 -1.790 -27.126 119.785
3 0 -1.122 -27.191 119.662 -0.744 -30.122 122.550 -1.407 -30.095 122.712
3 0 -1.407 -30.095 122.712 -1.790 -27.126 119.785 -1.122 -27.191 119.662
3 0 -0.453 -27.069 119.729 -0.080 -29.962 122.580 -0.744 -30.122 122.550
3 0 -0.744 -30.122 122.550 -1.122 -27.191 119.662 -0.453 -27.069 119.729
3 0 0.113 -26.778 119.975 0.481 -29.641 122.795 -0.080 -29.962 122.580
3 0 -0.080 -29.962 122.580 -0.453 -27.069 119.729 0.113 -26.778 119.975
3 0 -0.453 -24.794 122.026 -0.076 -27.701 124.891 0.485 -27.910 124.564
3 0 0.485 -27.910 124.564 0.113 -25.037 121.733 -0.453 -24.794 122.026
3 0 -1.122 -24.729 122.149 -0.739 -27.675 125.053 -0.076 -27.701 124.891
3 0 -0.076 -27.701 124.891 -0.453 -24.794 122.026 -1.122 -24.729 122.149
3 0 -1.790 -24.851 122.083 -1.402 -27.834 125.024 -0.739 -27.675 125.053
3 0 -0.739 -27.675 125.053 -1.122 -24.729 122.149 -1.790 -24.851 122.083
3 0 -2.357 -25.142 121.837 -1.965 -28.156 124.808 -1.402 -27.834 125.024
3 0 -1.402 -27.834 125.024 -1.790 -24.851 122.083 -2.357 -25.142 121.837
3 0 -2.527 -27.947 125.136 -1.965 -28.156 124.808 -2.357 -25.142 121.837
3 0 -2.357 -25.142 121.837 -2.924 -24.899 122.131 -2.527 -27.947 125.136
3 0 -3.190 -27.920 125.297 -2.527 -27.947 125.136 -2.924 -24.899 122.131
3 0 -2.924 -24.899 122.131 -3.592 -24.834 122.253 -3.190 -27.920 125.297
3 0 -3.853 -28.079 125.268 -3.190 -27.920 125.297 -3.592 -24.834 122.253
3 0 -3.592 -24.834 122.253 -4.261 -24.956 122.187 -3.853 -28.079 125.268
3 0 -4.416 -28.401 125.053 -3.853 -28.079 125.268 -4.261 -24.956 122.187
3 0 -4.261 -24.956 122.187 -4.827 -25.247 121.941 -4.416 -28.401 125.053
3 0 -4.792 -28.835 124.684 -4.416 -28.401 125.053 -4.827 -25.247 121.941
3 0 -4.827 -25.247 121.941 -5.206 -25.662 121.554 -4.792 -28.835 124.684
3 0 -4.925 -29.317 124.219 -4.792 -28.835 124.684 -5.206 -25.662 121.554
3 0 -5.206 -25.662 121.554 -5.339 -26.139 121.084 -4.925 -29.317 124.219
3 0 -4.794 -29.772 123.727 -4.925 -29.317 124.219 -5.339 -26.139 121.084
3 0 -5.339 -26.139 121.084 -5.206 -26.605 120.602 -4.794 -29.772 123.727
3 0 -4.419 -30.131 123.284 -4.794 -29.772 123.727 -5.206 -26.605 120.602
3 0 -5.206 -26.605 120.602 -4.828 -26.988 120.183 -4.419 -30.131 123.284
3 0 -3.857 -30.340 122.956 -4.419 -30.131 123.284 -4.828 -26.988 120.183
3 0 -4.828 -26.988 120.183 -4.261 -27.231 119.890 -3.857 -30.340 122.956
3 0 -3.194 -30.367 122.795 -3.857 -30.340 122.956 -4.261 -27.231 119.890
3 0 -4.261 -27.231 119.890 -3.592 -27.296 119.767 -3.194 -30.367 122.795
3 0 -2.531 -30.207 122.824 -3.194 -30.367 122.795 -3.592 -27.296 119.767
3 0 -3.592 -27.296 119.767 -2.924 -27.174 119.833 -2.531 -30.207 122.824
3 0 -1.968 -29.886 123.039 -2.531 -30.207 122.824 -2.924 -27.174 119.833
3 0 -2.924 -27.174 119.833 -2.357 -26.883 120.079 -1.968 -29.886 123.039
3 0 4.175 -32.200 124.728 3.628 -32.039 125.104 2.932 -29.395 122.550
3 0 2.932 -29.395 122.550 3.494 -29.604 122.223 4.175 -32.200 124.728
3 0 4.822 -32.172 124.511 4.175 -32.200 124.728 3.494 -29.604 122.223
3 0 3.494 -29.604 122.223 4.157 -29.631 122.062 4.822 -32.172 124.511
3 0 5.470 -31.960 124.486 4.822 -32.172 124.511 4.157 -29.631 122.062
3 0 4.157 -29.631 122.062 4.820 -29.471 122.091 5.470 -31.960 124.486
3 0 6.022 -31.595 124.657 5.470 -31.960 124.486 4.820 -29.471 122.091
3 0 4.820 -29.471 122.091 5.383 -29.150 122.306 6.022 -31.595 124.657
3 0 6.392 -31.133 124.998 6.022 -31.595 124.657 5.383 -29.150 122.306
3 0 5.383 -29.150 122.306 5.759 -28.715 122.674 6.392 -31.133 124.998
3 0 6.525 -30.645 125.457 6.392 -31.133 124.998 5.759 -28.715 122.674
3 0 5.759 -28.715 122.674 5.892 -28.234 123.140 6.525 -30.645 125.457
3 0 6.400 -30.205 125.963 6.525 -30.645 125.457 5.892 -28.234 123.140
3 0 5.892 -28.234 123.140 5.761 -27.779 123.632 6.400 -30.205 125.963
3 0 6.037 -29.879 126.441 6.400 -30.205 125.963 5.761 -27.779 123.632
3 0 5.761 -27.779 123.632 5.386 -27.420 124.075 6.037 -29.879 126.441
3 0 5.490 -29.718 126.817 6.037 -29.879 126.441 5.386 -27.420 124.075
3 0 5.386 -27.420 124.075 4.824 -27.211 124.403 5.490 -29.718 126.817
3 0 4.843 -29.746 127.034 5.490 -29.718 126.817 4.824 -27.211 124.403
3 0 4.824 -27.211 124.403 4.161 -27.184 124.564 4.843 -29.746 127.034
3 0 4.195 -29.959 127.059 4.843 -29.746 127.034 4.161 -27.184 124.564
3 0 4.161 -27.184 124.564 3.498 -27.343 124.535 4.195 -29.959 127.059
3 0 3.643 -30.324 126.888 4.195 -29.959 127.059 3.498 -27.343 124.535
3 0 3.498 -27.343 124.535 2.935 -27.665 124.320 3.643 -30.324 126.888
3 0 1.043 -29.850 122.468 1.782 -32.644 125.175 1.235 -32.483 125.551
3 0 1.235 -32.483 125.551 0.481 -29.641 122.795 1.043 -29.850 122.468
3 0 1.706 -29.876 122.306 2.429 -32.616 124.958 1.782 -32.644 125.175
3 0 1.782 -32.644 125.175 1.043 -29.850 122.468 1.706 -29.876 122.306
3 0 2.369 -29.717 122.335 3.077 -32.404 124.933 2.429 -32.616 124.958
3 0 2.429 -32.616 124.958 1.706 -29.876 122.306 2.369 -29.717 122.335
3 0 2.932 -29.395 122.550 3.628 -32.039 125.104 3.077 -32.404 124.933
3 0 3.077 -32.404 124.933 2.369 -29.717 122.335 2.932 -29.395 122.550
3 0 2.373 -27.456 124.647 3.096 -30.162 127.264 3.643 -30.324 126.888
3 0 3.643 -30.324 126.888 2.935 -27.665 124.320 2.373 -27.456 124.647
3 0 1.711 -27.429 124.808 2.449 -30.190 127.481 3.096 -30.162 127.264
3 0 3.096 -30.162 127.264 2.373 -27.456 124.647 1.711 -27.429 124.808
3 0 1.047 -27.589 124.779 1.801 -30.403 127.506 2.449 -30.190 127.481
3 0 2.449 -30.190 127.481 1.711 -27.429 124.808 1.047 -27.589 124.779
3 0 0.485 -27.910 124.564 1.250 -30.768 127.335 1.801 -30.403 127.506
3 0 1.801 -30.403 127.506 1.047 -27.589 124.779 0.485 -27.910 124.564
3 0 -1.407 -30.095 122.712 -0.611 -33.088 125.622 -1.157 -32.927 125.998
3 0 -1.157 -32.927 125.998 -1.968 -29.886 123.039 -1.407 -30.095 122.712
3 0 -0.744 -30.122 122.550 0.036 -33.060 125.405 -0.611 -33.088 125.622
3 0 -0.611 -33.088 125.622 -1.407 -30.095 122.712 -0.744 -30.122 122.550
3 0 -0.080 -29.962 122.580 0.685 -32.848 125.380 0.036 -33.060 125.405
3 0 0.036 -33.060 125.405 -0.744 -30.122 122.550 -0.080 -29.962 122.580
3 0 0.481 -29.641 122.795 1.235 -32.483 125.551 0.685 -32.848 125.380
3 0 0.685 -32.848 125.380 -0.080 -29.962 122.580 0.481 -29.641 122.795
3 0 -0.076 -27.701 124.891 0.704 -30.606 127.711 1.250 -30.768 127.335
3 0 1.250 -30.768 127.335 0.485 -27.910 124.564 -0.076 -27.701 124.891
3 0 -0.739 -27.675 125.053 0.057 -30.634 127.928 0.704 -30.606 127.711
3 0 0.704 -30.606 127.711 -0.076 -27.701 124.891 -0.739 -27.675 125.053
3 0 -1.402 -27.834 125.024 -0.591 -30.847 127.953 0.057 -30.634 127.928
3 0 0.057 -30.634 127.928 -0.739 -27.675 125.053 -1.402 -27.834 125.024
3 0 -1.965 -28.156 124.808 -1.143 -31.212 127.782 -0.591 -30.847 127.953
3 0 -0.591 -30.847 127.953 -1.402 -27.834 125.024 -1.965 -28.156 124.808
3 0 -1.690 -31.051 128.158 -1.143 -31.212 127.782 -1.965 -28.156 124.808
3 0 -1.965 -28.156 124.808 -2.527 -27.947 125.136 -1.690 -31.051 128.158
3 0 -2.336 -31.078 128.375 -1.690 -31.051 128.158 -2.527 -27.947 125.136
3 0 -2.527 -27.947 125.136 -3.190 -27.920 125.297 -2.336 -31.078 128.375
3 0 -2.985 -31.291 128.399 -2.336 -31.078 128.375 -3.190 -27.920 125.297
3 0 -3.190 -27.920 125.297 -3.853 -28.079 125.268 -2.985 -31.291 128.399
3 0 -3.536 -31.656 128.229 -2.985 -31.291 128.399 -3.853 -28.079 125.268
3 0 -3.853 -28.079 125.268 -4.416 -28.401 125.053 -3.536 -31.656 128.229
3 0 -3.906 -32.117 127.888 -3.536 -31.656 128.229 -4.416 -28.401 125.053
3 0 -4.416 -28.401 125.053 -4.792 -28.835 124.684 -3.906 -32.117 127.888
3 0 -4.039 -32.605 127.429 -3.906 -32.117 127.888 -4.792 -28.835 124.684
3 0 -4.792 -28.835 124.684 -4.925 -29.317 124.219 -4.039 -32.605 127.429
3 0 -3.914 -33.046 126.923 -4.039 -32.605 127.429 -4.925 -29.317 124.219
3 0 -4.925 -29.317 124.219 -4.794 -29.772 123.727 -3.914 -33.046 126.923
3 0 -3.551 -33.371 126.445 -3.914 -33.046 126.923 -4.794 -29.772 123.727
3 0 -4.794 -29.772 123.727 -4.419 -30.131 123.284 -3.551 -33.371 126.445
3 0 -3.004 -33.532 126.069 -3.551 -33.371 126.445 -4.419 -30.131 123.284
3 0 -4.419 -30.131 123.284 -3.857 -30.340 122.956 -3.004 -33.532 126.069
3 0 -2.357 -33.504 125.852 -3.004 -33.532 126.069 -3.857 -30.340 122.956
3 0 -3.857 -30.340 122.956 -3.194 -30.367 122.795 -2.357 -33.504 125.852
3 0 -1.709 -33.292 125.827 -2.357 -33.504 125.852 -3.194 -30.367 122.795
3 0 -3.194 -30.367 122.795 -2.531 -30.207 122.824 -1.709 -33.292 125.827
3 0 -1.157 -32.927 125.998 -1.709 -33.292 125.827 -2.531 -30.207 122.824
3 0 -2.531 -30.207 122.824 -1.968 -29.886 123.039 -1.157 -32.927 125.998
3 0 5.255 -34.604 126.970 4.749 -34.513 127.419 3.628 -32.039 125.104
3 0 3.628 -32.039 125.104 4.175 -32.200 124.728 5.255 -34.604 126.970
3 0 5.858 -34.496 126.668 5.255 -34.604 126.970 4.175 -32.200 124.728
3 0 4.175 -32.200 124.728 4.822 -32.172 124.511 5.858 -34.496 126.668
3 0 6.466 -34.204 126.561 5.858 -34.496 126.668 4.822 -32.172 124.511
3 0 4.822 -32.172 124.511 5.470 -31.960 124.486 6.466 -34.204 126.561
3 0 6.987 -33.774 126.663 6.466 -34.204 126.561 5.470 -31.960 124.486
3 0 5.470 -31.960 124.486 6.022 -31.595 124.657 6.987 -33.774 126.663
3 0 7.340 -33.271 126.960 6.987 -33.774 126.663 6.022 -31.595 124.657
3 0 6.022 -31.595 124.657 6.392 -31.133 124.998 7.340 -33.271 126.960
3 0 7.473 -32.772 127.406 7.340 -33.271 126.960 6.392 -31.133 124.998
3 0 6.392 -31.133 124.998 6.525 -30.645 125.457 7.473 -32.772 127.406
3 0 7.366 -32.352 127.934 7.473 -32.772 127.406 6.525 -30.645 125.457
3 0 6.525 -30.645 125.457 6.400 -30.205 125.963 7.366 -32.352 127.934
3 0 7.033 -32.076 128.462 7.366 -32.352 127.934 6.400 -30.205 125.963
3 0 6.400 -30.205 125.963 6.037 -29.879 126.441 7.033 -32.076 128.462
3 0 6.527 -31.985 128.911 7.033 -32.076 128.462 6.037 -29.879 126.441
3 0 6.037 -29.879 126.441 5.490 -29.718 126.817 6.527 -31.985 128.911
3 0 5.924 -32.093 129.213 6.527 -31.985 128.911 5.490 -29.718 126.817
3 0 5.490 -29.718 126.817 4.843 -29.746 127.034 5.924 -32.093 129.213
3 0 5.316 -32.385 129.320 5.924 -32.093 129.213 4.843 -29.746 127.034
3 0 4.843 -29.746 127.034 4.195 -29.959 127.059 5.316 -32.385 129.320
3 0 4.795 -32.815 129.218 5.316 -32.385 129.320 4.195 -29.959 127.059
3 0 4.195 -29.959 127.059 3.643 -30.324 126.888 4.795 -32.815 129.218
3 0 1.782 -32.644 125.175 3.017 -35.343 127.725 2.511 -35.253 128.174
3 0 2.511 -35.253 128.174 1.235 -32.483 125.551 1.782 -32.644 125.175
3 0 2.429 -32.616 124.958 3.620 -35.235 127.424 3.017 -35.343 127.725
3 0 3.017 -35.343 127.725 1.782 -32.644 125.175 2.429 -32.616 124.958
3 0 3.077 -32.404 124.933 4.228 -34.943 127.316 3.620 -35.235 127.424
3 0 3.620 -35.235 127.424 2.429 -32.616 124.958 3.077 -32.404 124.933
3 0 3.628 -32.039 125.104 4.749 -34.513 127.419 4.228 -34.943 127.316
3 0 4.228 -34.943 127.316 3.077 -32.404 124.933 3.628 -32.039 125.104
3 0 3.096 -30.162 127.264 4.289 -32.724 129.667 4.795 -32.815 129.218
3 0 4.795 -32.815 129.218 3.643 -30.324 126.888 3.096 -30.162 127.264
3 0 2.449 -30.190 127.481 3.686 -32.832 129.968 4.289 -32.724 129.667
3 0 4.289 -32.724 129.667 3.096 -30.162 127.264 2.449 -30.190 127.481
3 0 1.801 -30.403 127.506 3.078 -33.124 130.076 3.686 -32.832 129.968
3 0 3.686 -32.832 129.968 2.449 -30.190 127.481 1.801 -30.403 127.506
3 0 1.250 -30.768 127.335 2.557 -33.554 129.973 3.078 -33.124 130.076
3 0 3.078 -33.124 130.076 1.801 -30.403 127.506 1.250 -30.768 127.335
3 0 -0.611 -33.088 125.622 0.780 -36.082 128.480 0.274 -35.991 128.929
3 0 0.274 -35.991 128.929 -1.157 -32.927 125.998 -0.611 -33.088 125.622
3 0 0.036 -33.060 125.405 1.383 -35.974 128.179 0.780 -36.082 128.480
3 0 0.780 -36.082 128.480 -0.611 -33.088 125.622 0.036 -33.060 125.405
3 0 0.685 -32.848 125.380 1.991 -35.682 128.071 1.383 -35.974 128.179
3 0 1.383 -35.974 128.179 0.036 -33.060 125.405 0.685 -32.848 125.380
3 0 1.235 -32.483 125.551 2.511 -35.253 128.174 1.991 -35.682 128.071
3 0 1.991 -35.682 128.071 0.685 -32.848 125.380 1.235 -32.483 125.551
3 0 0.704 -30.606 127.711 2.052 -33.463 130.422 2.557 -33.554 129.973
3 0 2.557 -33.554 129.973 1.250 -30.768 127.335 0.704 -30.606 127.711
3 0 0.057 -30.634 127.928 1.449 -33.571 130.723 2.052 -33.463 130.422
3 0 2.052 -33.463 130.422 0.704 -30.606 127.711 0.057 -30.634 127.928
3 0 -0.591 -30.847 127.953 0.841 -33.863 130.831 1.449 -33.571 130.723
3 0 1.449 -33.571 130.723 0.057 -30.634 127.928 -0.591 -30.847 127.953
3 0 -1.143 -31.212 127.782 0.320 -34.293 130.729 0.841 -33.863 130.831
3 0 0.841 -33.863 130.831 -0.591 -30.847 127.953 -1.143 -31.212 127.782
3 0 -0.186 -34.202 131.178 0.320 -34.293 130.729 -1.143 -31.212 127.782
3 0 -1.143 -31.212 127.782 -1.690 -31.051 128.158 -0.186 -34.202 131.178
3 0 -0.789 -34.310 131.479 -0.186 -34.202 131.178 -1.690 -31.051 128.158
3 0 -1.690 -31.051 128.158 -2.336 -31.078 128.375 -0.789 -34.310 131.479
3 0 -1.397 -34.602 131.587 -0.789 -34.310 131.479 -2.336 -31.078 128.375
3 0 -2.336 -31.078 128.375 -2.985 -31.291 128.399 -1.397 -34.602 131.587
3 0 -1.918 -35.032 131.484 -1.397 -34.602 131.587 -2.985 -31.291 128.399
3 0 -2.985 -31.291 128.399 -3.536 -31.656 128.229 -1.918 -35.032 131.484
3 0 -2.271 -35.535 131.187 -1.918 -35.032 131.484 -3.536 -31.656 128.229
3 0 -3.536 -31.656 128.229 -3.906 -32.117 127.888 -2.271 -35.535 131.187
3 0 -2.404 -36.034 130.741 -2.271 -35.535 131.187 -3.906 -32.117 127.888
3 0 -3.906 -32.117 127.888 -4.039 -32.605 127.429 -2.404 -36.034 130.741
3 0 -2.296 -36.454 130.214 -2.404 -36.034 130.741 -4.039 -32.605 127.429
3 0 -4.039 -32.605 127.429 -3.914 -33.046 126.923 -2.296 -36.454 130.214
3 0 -1.964 -36.731 129.685 -2.296 -36.454 130.214 -3.914 -33.046 126.923
3 0 -3.914 -33.046 126.923 -3.551 -33.371 126.445 -1.964 -36.731 129.685
3 0 -1.458 -36.821 129.236 -1.964 -36.731 129.685 -3.551 -33.371 126.445
3 0 -3.551 -33.371 126.445 -3.004 -33.532 126.069 -1.458 -36.821 129.236
3 0 -0.855 -36.713 128.935 -1.458 -36.821 129.236 -3.004 -33.532 126.069
3 0 -3.004 -33.532 126.069 -2.357 -33.504 125.852 -0.855 -36.713 128.935
3 0 -0.247 -36.421 128.827 -0.855 -36.713 128.935 -2.357 -33.504 125.852
3 0 -2.357 -33.504 125.852 -1.709 -33.292 125.827 -0.247 -36.421 128.827
3 0 0.274 -35.991 128.929 -0.247 -36.421 128.827 -1.709 -33.292 125.827
3 0 -1.709 -33.292 125.827 -1.157 -32.927 125.998 0.274 -35.991 128.929
3 0 6.830 -36.639 128.710 6.429 -36.642 129.263 4.749 -34.513 127.419
3 0 4.749 -34.513 127.419 5.255 -34.604 126.970 6.830 -36.639 128.710
3 0 7.319 -36.420 128.287 6.830 -36.639 128.710 5.255 -34.604 126.970
3 0 5.255 -34.604 126.970 5.858 -34.496 126.668 7.319 -36.420 128.287
3 0 7.821 -36.018 128.056 7.319 -36.420 128.287 5.858 -34.496 126.668
3 0 5.858 -34.496 126.668 6.466 -34.204 126.561 7.821 -36.018 128.056
3 0 8.259 -35.494 128.054 7.821 -36.018 128.056 6.466 -34.204 126.561
3 0 6.466 -34.204 126.561 6.987 -33.774 126.663 8.259 -35.494 128.054
3 0 8.566 -34.928 128.281 8.259 -35.494 128.054 6.987 -33.774 126.663
3 0 6.987 -33.774 126.663 7.340 -33.271 126.960 8.566 -34.928 128.281
3 0 8.697 -34.406 128.701 8.566 -34.928 128.281 7.340 -33.271 126.960
3 0 7.340 -33.271 126.960 7.473 -32.772 127.406 8.697 -34.406 128.701
3 0 8.631 -34.008 129.252 8.697 -34.406 128.701 7.473 -32.772 127.406
3 0 7.473 -32.772 127.406 7.366 -32.352 127.934 8.631 -34.008 129.252
3 0 8.377 -33.794 129.849 8.631 -34.008 129.252 7.366 -32.352 127.934
3 0 7.366 -32.352 127.934 7.033 -32.076 128.462 8.377 -33.794 129.849
3 0 7.976 -33.797 130.401 8.377 -33.794 129.849 7.033 -32.076 128.462
3 0 7.033 -32.076 128.462 6.527 -31.985 128.911 7.976 -33.797 130.401
3 0 7.487 -34.016 130.825 7.976 -33.797 130.401 6.527 -31.985 128.911
3 0 6.527 -31.985 128.911 5.924 -32.093 129.213 7.487 -34.016 130.825
3 0 6.986 -34.418 131.055 7.487 -34.016 130.825 5.924 -32.093 129.213
3 0 5.924 -32.093 129.213 5.316 -32.385 129.320 6.986 -34.418 131.055
3 0 6.548 -34.942 131.057 6.986 -34.418 131.055 5.316 -32.385 129.320
3 0 5.316 -32.385 129.320 4.795 -32.815 129.218 6.548 -34.942 131.057
3 0 3.017 -35.343 127.725 5.000 -37.787 129.919 4.599 -37.789 130.471
3 0 4.599 -37.789 130.471 2.511 -35.253 128.174 3.017 -35.343 127.725
3 0 3.620 -35.235 127.424 5.489 -37.567 129.495 5.000 -37.787 129.919
3 0 5.000 -37.787 129.919 3.017 -35.343 127.725 3.620 -35.235 127.424
3 0 4.228 -34.943 127.316 5.991 -37.166 129.265 5.489 -37.567 129.495
3 0 5.489 -37.567 129.495 3.620 -35.235 127.424 4.228 -34.943 127.316
3 0 4.749 -34.513 127.419 6.429 -36.642 129.263 5.991 -37.166 129.265
3 0 5.991 -37.166 129.265 4.228 -34.943 127.316 4.749 -34.513 127.419
3 0 4.289 -32.724 129.667 6.146 -34.944 131.609 6.548 -34.942 131.057
3 0 6.548 -34.942 131.057 4.795 -32.815 129.218 4.289 -32.724 129.667
3 0 3.686 -32.832 129.968 5.657 -35.163 132.033 6.146 -34.944 131.609
3 0 6.146 -34.944 131.609 4.289 -32.724 129.667 3.686 -32.832 129.968
3 0 3.078 -33.124 130.076 5.156 -35.565 132.263 5.657 -35.163 132.033
3 0 5.657 -35.163 132.033 3.686 -32.832 129.968 3.078 -33.124 130.076
3 0 2.557 -33.554 129.973 4.718 -36.089 132.265 5.156 -35.565 132.263
3 0 5.156 -35.565 132.263 3.078 -33.124 130.076 2.557 -33.554 129.973
3 0 0.780 -36.082 128.480 3.171 -38.934 131.126 2.770 -38.936 131.679
3 0 2.770 -38.936 131.679 0.274 -35.991 128.929 0.780 -36.082 128.480
3 0 1.383 -35.974 128.179 3.660 -38.715 130.703 3.171 -38.934 131.126
3 0 3.171 -38.934 131.126 0.780 -36.082 128.480 1.383 -35.974 128.179
3 0 1.991 -35.682 128.071 4.162 -38.313 130.472 3.660 -38.715 130.703
3 0 3.660 -38.715 130.703 1.383 -35.974 128.179 1.991 -35.682 128.071
3 0 2.511 -35.253 128.174 4.599 -37.789 130.471 4.162 -38.313 130.472
3 0 4.162 -38.313 130.472 1.991 -35.682 128.071 2.511 -35.253 128.174
3 0 2.052 -33.463 130.422 4.317 -36.091 132.817 4.718 -36.089 132.265
3 0 4.718 -36.089 132.265 2.557 -33.554 129.973 2.052 -33.463 130.422
3 0 1.449 -33.571 130.723 3.828 -36.311 133.241 4.317 -36.091 132.817
3 0 4.317 -36.091 132.817 2.052 -33.463 130.422 1.449 -33.571 130.723
3 0 0.841 -33.863 130.831 3.327 -36.713 133.471 3.828 -36.311 133.241
3 0 3.828 -36.311 133.241 1.449 -33.571 130.723 0.841 -33.863 130.831
3 0 0.320 -34.293 130.729 2.889 -37.236 133.473 3.327 -36.713 133.471
3 0 3.327 -36.713 133.471 0.841 -33.863 130.831 0.320 -34.293 130.729
3 0 2.487 -37.239 134.026 2.889 -37.236 133.473 0.320 -34.293 130.729
3 0 0.320 -34.293 130.729 -0.186 -34.202 131.178 2.487 -37.239 134.026
3 0 1.998 -37.458 134.449 2.487 -37.239 134.026 -0.186 -34.202 131.178
3 0 -0.186 -34.202 131.178 -0.789 -34.310 131.479 1.998 -37.458 134.449
3 0 1.497 -37.860 134.679 1.998 -37.458 134.449 -0.789 -34.310 131.479
3 0 -0.789 -34.310 131.479 -1.397 -34.602 131.587 1.497 -37.860 134.679
3 0 1.059 -38.384 134.682 1.497 -37.860 134.679 -1.397 -34.602 131.587
3 0 -1.397 -34.602 131.587 -1.918 -35.032 131.484 1.059 -38.384 134.682
3 0 0.751 -38.950 134.455 1.059 -38.384 134.682 -1.918 -35.032 131.484
3 0 -1.918 -35.032 131.484 -2.271 -35.535 131.187 0.751 -38.950 134.455
3 0 0.620 -39.472 134.034 0.751 -38.950 134.455 -2.271 -35.535 131.187
3 0 -2.271 -35.535 131.187 -2.404 -36.034 130.741 0.620 -39.472 134.034
3 0 0.687 -39.870 133.484 0.620 -39.472 134.034 -2.404 -36.034 130.741
3 0 -2.404 -36.034 130.741 -2.296 -36.454 130.214 0.687 -39.870 133.484
3 0 0.940 -40.084 132.887 0.687 -39.870 133.484 -2.296 -36.454 130.214
3 0 -2.296 -36.454 130.214 -1.964 -36.731 129.685 0.940 -40.084 132.887
3 0 1.341 -40.081 132.335 0.940 -40.084 132.887 -1.964 -36.731 129.685
3 0 -1.964 -36.731 129.685 -1.458 -36.821 129.236 1.341 -40.081 132.335
3 0 1.830 -39.862 131.911 1.341 -40.081 132.335 -1.458 -36.821 129.236
3 0 -1.458 -36.821 129.236 -0.855 -36.713 128.935 1.830 -39.862 131.911
3 0 2.332 -39.460 131.681 1.830 -39.862 131.911 -0.855 -36.713 128.935
3 0 -0.855 -36.713 128.935 -0.247 -36.421 128.827 2.332 -39.460 131.681
3 0 2.770 -38.936 131.679 2.332 -39.460 131.681 -0.247 -36.421 128.827
3 0 -0.247 -36.421 128.827 0.274 -35.991 128.929 2.770 -38.936 131.679
3 0 8.777 -38.245 130.369 6.429 -36.642 129.263 6.830 -36.639 128.710
3 0 6.830 -36.639 128.710 8.984 -38.177 129.722 8.777 -38.245 130.369
3 0 8.984 -38.177 129.722 6.830 -36.639 128.710 7.319 -36.420 128.287
3 0 7.319 -36.420 128.287 9.254 -37.872 129.175 8.984 -38.177 129.722
3 0 9.254 -37.872 129.175 7.319 -36.420 128.287 7.821 -36.018 128.056
3 0 7.821 -36.018 128.056 9.548 -37.374 128.811 9.254 -37.872 129.175
3 0 9.548 -37.374 128.811 7.821 -36.018 128.056 8.259 -35.494 128.054
3 0 8.259 -35.494 128.054 9.819 -36.760 128.686 9.548 -37.374 128.811
3 0 9.819 -36.760 128.686 8.259 -35.494 128.054 8.566 -34.928 128.281
3 0 8.566 -34.928 128.281 10.027 -36.123 128.818 9.819 -36.760 128.686
3 0 10.027 -36.123 128.818 8.566 -34.928 128.281 8.697 -34.406 128.701
3 0 8.697 -34.406 128.701 10.141 -35.561 129.189 10.027 -36.123 128.818
3 0 10.141 -35.561 129.189 8.697 -34.406 128.701 8.631 -34.008 129.252
3 0 8.631 -34.008 129.252 10.142 -35.158 129.740 10.141 -35.561 129.189
3 0 10.142 -35.158 129.740 8.631 -34.008 129.252 8.377 -33.794 129.849
3 0 8.377 -33.794 129.849 10.031 -34.977 130.389 10.142 -35.158 129.740
3 0 10.031 -34.977 130.389 8.377 -33.794 129.849 7.976 -33.797 130.401
3 0 7.976 -33.797 130.401 9.824 -35.044 131.037 10.031 -34.977 130.389
3 0 9.824 -35.044 131.037 7.976 -33.797 130.401 7.487 -34.016 130.825
3 0 7.487 -34.016 130.825 9.554 -35.350 131.584 9.824 -35.044 131.037
3 0 9.554 -35.350 131.584 7.487 -34.016 130.825 6.986 -34.418 131.055
3 0 6.986 -34.418 131.055 9.260 -35.848 131.948 9.554 -35.350 131.584
3 0 9.260 -35.848 131.948 6.986 -34.418 131.055 6.548 -34.942 131.057
3 0 6.548 -34.942 131.057 8.989 -36.462 132.073 9.260 -35.848 131.948
3 0 7.942 -39.662 131.406 7.736 -39.730 132.053 4.599 -37.789 130.471
3 0 4.599 -37.789 130.471 5.000 -37.787 129.919 7.942 -39.662 131.406
3 0 8.213 -39.357 130.859 7.942 -39.662 131.406 5.000 -37.787 129.919
3 0 5.000 -37.787 129.919 5.489 -37.567 129.495 8.213 -39.357 130.859
3 0 8.506 -38.859 130.495 8.213 -39.357 130.859 5.489 -37.567 129.495
3 0 5.489 -37.567 129.495 5.991 -37.166 129.265 8.506 -38.859 130.495
3 0 8.777 -38.245 130.369 8.506 -38.859 130.495 5.991 -37.166 129.265
3 0 5.991 -37.166 129.265 6.429 -36.642 129.263 8.777 -38.245 130.369
3 0 8.782 -36.529 132.720 8.989 -36.462 132.073 6.548 -34.942 131.057
3 0 6.548 -34.942 131.057 6.146 -34.944 131.609 8.782 -36.529 132.720
3 0 8.512 -36.835 133.268 8.782 -36.529 132.720 6.146 -34.944 131.609
3 0 6.146 -34.944 131.609 5.657 -35.163 132.033 8.512 -36.835 133.268
3 0 8.219 -37.333 133.631 8.512 -36.835 133.268 5.657 -35.163 132.033
3 0 5.657 -35.163 132.033 5.156 -35.565 132.263 8.219 -37.333 133.631
3 0 7.947 -37.947 133.757 8.219 -37.333 133.631 5.156 -35.565 132.263
3 0 5.156 -35.565 132.263 4.718 -36.089 132.265 7.947 -37.947 133.757
3 0 6.901 -41.147 133.089 6.695 -41.214 133.736 2.770 -38.936 131.679
3 0 2.770 -38.936 131.679 3.171 -38.934 131.126 6.901 -41.147 133.089
3 0 7.172 -40.841 132.542 6.901 -41.147 133.089 3.171 -38.934 131.126
3 0 3.171 -38.934 131.126 3.660 -38.715 130.703 7.172 -40.841 132.542
3 0 7.465 -40.343 132.178 7.172 -40.841 132.542 3.660 -38.715 130.703
3 0 3.660 -38.715 130.703 4.162 -38.313 130.472 7.465 -40.343 132.178
3 0 7.736 -39.730 132.053 7.465 -40.343 132.178 4.162 -38.313 130.472
3 0 4.162 -38.313 130.472 4.599 -37.789 130.471 7.736 -39.730 132.053
3 0 7.741 -38.014 134.403 7.947 -37.947 133.757 4.718 -36.089 132.265
3 0 4.718 -36.089 132.265 4.317 -36.091 132.817 7.741 -38.014 134.403
3 0 7.471 -38.320 134.951 7.741 -38.014 134.403 4.317 -36.091 132.817
3 0 4.317 -36.091 132.817 3.828 -36.311 133.241 7.471 -38.320 134.951
3 0 7.177 -38.817 135.315 7.471 -38.320 134.951 3.828 -36.311 133.241
3 0 3.828 -36.311 133.241 3.327 -36.713 133.471 7.177 -38.817 135.315
3 0 6.906 -39.431 135.440 7.177 -38.817 135.315 3.327 -36.713 133.471
3 0 3.327 -36.713 133.471 2.889 -37.236 133.473 6.906 -39.431 135.440
3 0 6.906 -39.431 135.440 2.889 -37.236 133.473 2.487 -37.239 134.026
3 0 2.487 -37.239 134.026 6.700 -39.499 136.087 6.906 -39.431 135.440
3 0 6.429 -39.805 136.634 6.700 -39.499 136.087 2.487 -37.239 134.026
3 0 2.487 -37.239 134.026 1.998 -37.458 134.449 6.429 -39.805 136.634
3 0 6.136 -40.303 136.998 6.429 -39.805 136.634 1.998 -37.458 134.449
3 0 1.998 -37.458 134.449 1.497 -37.860 134.679 6.136 -40.303 136.998
3 0 5.864 -40.916 137.124 6.136 -40.303 136.998 1.497 -37.860 134.679
3 0 1.497 -37.860 134.679 1.059 -38.384 134.682 5.864 -40.916 137.124
3 0 5.864 -40.916 137.124 1.059 -38.384 134.682 0.751 -38.950 134.455
3 0 0.751 -38.950 134.455 5.656 -41.553 136.991 5.864 -40.916 137.124
3 0 5.656 -41.553 136.991 0.751 -38.950 134.455 0.620 -39.472 134.034
3 0 0.620 -39.472 134.034 5.543 -42.115 136.621 5.656 -41.553 136.991
3 0 5.543 -42.115 136.621 0.620 -39.472 134.034 0.687 -39.870 133.484
3 0 0.687 -39.870 133.484 5.542 -42.518 136.069 5.543 -42.115 136.621
3 0 5.542 -42.518 136.069 0.687 -39.870 133.484 0.940 -40.084 132.887
3 0 0.940 -40.084 132.887 5.653 -42.699 135.420 5.542 -42.518 136.069
3 0 5.653 -42.699 135.420 0.940 -40.084 132.887 1.341 -40.081 132.335
3 0 1.341 -40.081 132.335 5.859 -42.632 134.773 5.653 -42.699 135.420
3 0 6.130 -42.326 134.226 5.859 -42.632 134.773 1.341 -40.081 132.335
3 0 1.341 -40.081 132.335 1.830 -39.862 131.911 6.130 -42.326 134.226
3 0 6.423 -41.828 133.862 6.130 -42.326 134.226 1.830 -39.862 131.911
3 0 1.830 -39.862 131.911 2.332 -39.460 131.681 6.423 -41.828 133.862
3 0 6.695 -41.214 133.736 6.423 -41.828 133.862 2.332 -39.460 131.681
3 0 2.332 -39.460 131.681 2.770 -38.936 131.679 6.695 -41.214 133.736
3 0 11.765 -39.209 130.594 8.777 -38.245 130.369 8.984 -38.177 129.722
3 0 8.984 -38.177 129.722 11.762 -39.173 129.912 11.765 -39.209 130.594
3 0 11.762 -39.173 129.912 8.984 -38.177 129.722 9.254 -37.872 129.175
3 0 9.254 -37.872 129.175 11.785 -38.881 129.295 11.762 -39.173 129.912
3 0 11.785 -38.881 129.295 9.254 -37.872 129.175 9.548 -37.374 128.811
3 0 9.548 -37.374 128.811 11.830 -38.376 128.838 11.785 -38.881 129.295
3 0 11.830 -38.376 128.838 9.548 -37.374 128.811 9.819 -36.760 128.686
3 0 9.819 -36.760 128.686 11.889 -37.735 128.609 11.830 -38.376 128.838
3 0 11.889 -37.735 128.609 9.819 -36.760 128.686 10.027 -36.123 128.818
3 0 10.027 -36.123 128.818 11.955 -37.056 128.644 11.889 -37.735 128.609
3 0 11.955 -37.056 128.644 10.027 -36.123 128.818 10.141 -35.561 129.189
3 0 10.141 -35.561 129.189 12.017 -36.443 128.938 11.955 -37.056 128.644
3 0 12.017 -36.443 128.938 10.141 -35.561 129.189 10.142 -35.158 129.740
3 0 10.142 -35.158 129.740 12.065 -35.988 129.445 12.017 -36.443 128.938
3 0 12.065 -35.988 129.445 10.142 -35.158 129.740 10.031 -34.977 130.389
3 0 10.031 -34.977 130.389 12.093 -35.761 130.088 12.065 -35.988 129.445
3 0 12.093 -35.761 130.088 10.031 -34.977 130.389 9.824 -35.044 131.037
3 0 9.824 -35.044 131.037 12.095 -35.796 130.770 12.093 -35.761 130.088
3 0 12.095 -35.796 130.770 9.824 -35.044 131.037 9.554 -35.350 131.584
3 0 9.554 -35.350 131.584 12.073 -36.089 131.386 12.095 -35.796 130.770
3 0 12.073 -36.089 131.386 9.554 -35.350 131.584 9.260 -35.848 131.948
3 0 9.260 -35.848 131.948 12.028 -36.594 131.844 12.073 -36.089 131.386
3 0 12.028 -36.594 131.844 9.260 -35.848 131.948 8.989 -36.462 132.073
3 0 8.989 -36.462 132.073 11.968 -37.234 132.072 12.028 -36.594 131.844
3 0 11.637 -40.647 131.896 11.640 -40.682 132.578 7.736 -39.730 132.053
3 0 7.736 -39.730 132.053 7.942 -39.662 131.406 11.637 -40.647 131.896
3 0 11.660 -40.354 131.280 11.637 -40.647 131.896 7.942 -39.662 131.406
3 0 7.942 -39.662 131.406 8.213 -39.357 130.859 11.660 -40.354 131.280
3 0 11.705 -39.849 130.822 11.660 -40.354 131.280 8.213 -39.357 130.859
3 0 8.213 -39.357 130.859 8.506 -38.859 130.495 11.705 -39.849 130.822
3 0 11.765 -39.209 130.594 11.705 -39.849 130.822 8.506 -38.859 130.495
3 0 8.506 -38.859 130.495 8.777 -38.245 130.369 11.765 -39.209 130.594
3 0 11.971 -37.270 132.754 11.968 -37.234 132.072 8.989 -36.462 132.073
3 0 8.989 -36.462 132.073 8.782 -36.529 132.720 11.971 -37.270 132.754
3 0 11.948 -37.563 133.371 11.971 -37.270 132.754 8.782 -36.529 132.720
3 0 8.782 -36.529 132.720 8.512 -36.835 133.268 11.948 -37.563 133.371
3 0 11.903 -38.067 133.828 11.948 -37.563 133.371 8.512 -36.835 133.268
3 0 8.512 -36.835 133.268 8.219 -37.333 133.631 11.903 -38.067 133.828
3 0 11.843 -38.708 134.057 11.903 -38.067 133.828 8.219 -37.333 133.631
3 0 8.219 -37.333 133.631 7.947 -37.947 133.757 11.843 -38.708 134.057
3 0 11.513 -42.120 133.880 11.515 -42.155 134.562 6.695 -41.214 133.736
3 0 6.695 -41.214 133.736 6.901 -41.147 133.089 11.513 -42.120 133.880
3 0 11.535 -41.827 133.264 11.513 -42.120 133.880 6.901 -41.147 133.089
3 0 6.901 -41.147 133.089 7.172 -40.841 132.542 11.535 -41.827 133.264
3 0 11.580 -41.322 132.806 11.535 -41.827 133.264 7.172 -40.841 132.542
3 0 7.172 -40.841 132.542 7.465 -40.343 132.178 11.580 -41.322 132.806
3 0 11.640 -40.682 132.578 11.580 -41.322 132.806 7.465 -40.343 132.178
3 0 7.465 -40.343 132.178 7.736 -39.730 132.053 11.640 -40.682 132.578
3 0 11.846 -38.743 134.738 11.843 -38.708 134.057 7.947 -37.947 133.757
3 0 7.947 -37.947 133.757 7.741 -38.014 134.403 11.846 -38.743 134.738
3 0 11.823 -39.036 135.355 11.846 -38.743 134.738 7.741 -38.014 134.403
3 0 7.741 -38.014 134.403 7.471 -38.320 134.951 11.823 -39.036 135.355
3 0 11.778 -39.540 135.812 11.823 -39.036 135.355 7.471 -38.320 134.951
3 0 7.471 -38.320 134.951 7.177 -38.817 135.315 11.778 -39.540 135.812
3 0 11.719 -40.181 136.041 11.778 -39.540 135.812 7.177 -38.817 135.315
3 0 7.177 -38.817 135.315 6.906 -39.431 135.440 11.719 -40.181 136.041
3 0 11.719 -40.181 136.041 6.906 -39.431 135.440 6.700 -39.499 136.087
3 0 6.700 -39.499 136.087 11.721 -40.217 136.723 11.719 -40.181 136.041
3 0 11.721 -40.217 136.723 6.700 -39.499 136.087 6.429 -39.805 136.634
3 0 6.429 -39.805 136.634 11.698 -40.509 137.339 11.721 -40.217 136.723
3 0 11.698 -40.509 137.339 6.429 -39.805 136.634 6.136 -40.303 136.998
3 0 6.136 -40.303 136.998 11.654 -41.014 137.797 11.698 -40.509 137.339
3 0 11.654 -41.014 137.797 6.136 -40.303 136.998 5.864 -40.916 137.124
3 0 5.864 -40.916 137.124 11.594 -41.655 138.025 11.654 -41.014 137.797
3 0 11.594 -41.655 138.025 5.864 -40.916 137.124 5.656 -41.553 136.991
3 0 5.656 -41.553 136.991 11.528 -42.333 137.990 11.594 -41.655 138.025
3 0 11.528 -42.333 137.990 5.656 -41.553 136.991 5.543 -42.115 136.621
3 0 5.543 -42.115 136.621 11.466 -42.947 137.697 11.528 -42.333 137.990
3 0 11.466 -42.947 137.697 5.543 -42.115 136.621 5.542 -42.518 136.069
3 0 5.542 -42.518 136.069 11.418 -43.402 137.190 11.466 -42.947 137.697
3 0 11.418 -43.402 137.190 5.542 -42.518 136.069 5.653 -42.699 135.420
3 0 5.653 -42.699 135.420 11.390 -43.629 136.547 11.418 -43.402 137.190
3 0 11.390 -43.629 136.547 5.653 -42.699 135.420 5.859 -42.632 134.773
3 0 5.859 -42.632 134.773 11.388 -43.593 135.865 11.390 -43.629 136.547
3 0 11.388 -43.593 135.865 5.859 -42.632 134.773 6.130 -42.326 134.226
3 0 6.130 -42.326 134.226 11.411 -43.301 135.248 11.388 -43.593 135.865
3 0 11.411 -43.301 135.248 6.130 -42.326 134.226 6.423 -41.828 133.862
3 0 6.423 -41.828 133.862 11.455 -42.796 134.791 11.411 -43.301 135.248
3 0 11.455 -42.796 134.791 6.423 -41.828 133.862 6.695 -41.214 133.736
3 0 6.695 -41.214 133.736 11.515 -42.155 134.562 11.455 -42.796 134.791
3 0 15.190 -39.574 130.088 11.765 -39.209 130.594 11.762 -39.173 129.912
3 0 11.762 -39.173 129.912 15.063 -39.644 129.421 15.190 -39.574 130.088
3 0 15.063 -39.644 129.421 11.762 -39.173 129.912 11.785 -38.881 129.295
3 0 11.785 -38.881 129.295 14.917 -39.451 128.783 15.063 -39.644 129.421
3 0 14.917 -39.451 128.783 11.785 -38.881 129.295 11.830 -38.376 128.838
3 0 11.830 -38.376 128.838 14.774 -39.023 128.271 14.917 -39.451 128.783
3 0 14.774 -39.023 128.271 11.830 -38.376 128.838 11.889 -37.735 128.609
3 0 11.889 -37.735 128.609 14.656 -38.425 127.963 14.774 -39.023 128.271
3 0 14.656 -38.425 127.963 11.889 -37.735 128.609 11.955 -37.056 128.644
3 0 11.955 -37.056 128.644 14.582 -37.749 127.905 14.656 -38.425 127.963
3 0 14.582 -37.749 127.905 11.955 -37.056 128.644 12.017 -36.443 128.938
3 0 12.017 -36.443 128.938 14.561 -37.097 128.107 14.582 -37.749 127.905
3 0 14.561 -37.097 128.107 12.017 -36.443 128.938 12.065 -35.988 129.445
3 0 12.065 -35.988 129.445 14.599 -36.569 128.539 14.561 -37.097 128.107
3 0 14.599 -36.569 128.539 12.065 -35.988 129.445 12.093 -35.761 130.088
3 0 12.093 -35.761 130.088 14.688 -36.245 129.133 14.599 -36.569 128.539
3 0 14.688 -36.245 129.133 12.093 -35.761 130.088 12.095 -35.796 130.770
3 0 12.095 -35.796 130.770 14.815 -36.174 129.800 14.688 -36.245 129.133
3 0 14.815 -36.174 129.800 12.095 -35.796 130.770 12.073 -36.089 131.386
3 0 12.073 -36.089 131.386 14.962 -36.367 130.438 14.815 -36.174 129.800
3 0 14.962 -36.367 130.438 12.073 -36.089 131.386 12.028 -36.594 131.844
3 0 12.028 -36.594 131.844 15.104 -36.796 130.951 14.962 -36.367 130.438
3 0 15.104 -36.796 130.951 12.028 -36.594 131.844 11.968 -37.234 132.072
3 0 11.968 -37.234 132.072 15.222 -37.393 131.259 15.104 -36.796 130.951
3 0 15.597 -40.793 131.547 15.725 -40.723 132.214 11.640 -40.682 132.578
3 0 11.640 -40.682 132.578 11.637 -40.647 131.896 15.597 -40.793 131.547
3 0 15.451 -40.600 130.909 15.597 -40.793 131.547 11.637 -40.647 131.896
3 0 11.637 -40.647 131.896 11.660 -40.354 131.280 15.451 -40.600 130.909
3 0 15.308 -40.172 130.397 15.451 -40.600 130.909 11.660 -40.354 131.280
3 0 11.660 -40.354 131.280 11.705 -39.849 130.822 15.308 -40.172 130.397
3 0 15.190 -39.574 130.088 15.308 -40.172 130.397 11.705 -39.849 130.822
3 0 11.705 -39.849 130.822 11.765 -39.209 130.594 15.190 -39.574 130.088
3 0 15.350 -37.323 131.926 15.222 -37.393 131.259 11.968 -37.234 132.072
3 0 11.968 -37.234 132.072 11.971 -37.270 132.754 15.350 -37.323 131.926
3 0 15.496 -37.516 132.564 15.350 -37.323 131.926 11.971 -37.270 132.754
3 0 11.971 -37.270 132.754 11.948 -37.563 133.371 15.496 -37.516 132.564
3 0 15.639 -37.945 133.077 15.496 -37.516 132.564 11.948 -37.563 133.371
3 0 11.948 -37.563 133.371 11.903 -38.067 133.828 15.639 -37.945 133.077
3 0 15.756 -38.542 133.385 15.639 -37.945 133.077 11.903 -38.067 133.828
3 0 11.903 -38.067 133.828 11.843 -38.708 134.057 15.756 -38.542 133.385
3 0 16.131 -41.942 133.673 16.259 -41.871 134.340 11.515 -42.155 134.562
3 0 11.515 -42.155 134.562 11.513 -42.120 133.880 16.131 -41.942 133.673
3 0 15.985 -41.748 133.034 16.131 -41.942 133.673 11.513 -42.120 133.880
3 0 11.513 -42.120 133.880 11.535 -41.827 133.264 15.985 -41.748 133.034
3 0 15.842 -41.320 132.522 15.985 -41.748 133.034 11.535 -41.827 133.264
3 0 11.535 -41.827 133.264 11.580 -41.322 132.806 15.842 -41.320 132.522
3 0 15.725 -40.723 132.214 15.842 -41.320 132.522 11.580 -41.322 132.806
3 0 11.580 -41.322 132.806 11.640 -40.682 132.578 15.725 -40.723 132.214
3 0 15.884 -38.471 134.051 15.756 -38.542 133.385 11.843 -38.708 134.057
3 0 11.843 -38.708 134.057 11.846 -38.743 134.738 15.884 -38.471 134.051
3 0 16.030 -38.665 134.689 15.884 -38.471 134.051 11.846 -38.743 134.738
3 0 11.846 -38.743 134.738 11.823 -39.036 135.355 16.030 -38.665 134.689
3 0 16.173 -39.093 135.202 16.030 -38.665 134.689 11.823 -39.036 135.355
3 0 11.823 -39.036 135.355 11.778 -39.540 135.812 16.173 -39.093 135.202
3 0 16.291 -39.691 135.510 16.173 -39.093 135.202 11.778 -39.540 135.812
3 0 11.778 -39.540 135.812 11.719 -40.181 136.041 16.291 -39.691 135.510
3 0 16.291 -39.691 135.510 11.719 -40.181 136.041 11.721 -40.217 136.723
3 0 11.721 -40.217 136.723 16.418 -39.620 136.177 16.291 -39.691 135.510
3 0 16.418 -39.620 136.177 11.721 -40.217 136.723 11.698 -40.509 137.339
3 0 11.698 -40.509 137.339 16.564 -39.814 136.815 16.418 -39.620 136.177
3 0 16.564 -39.814 136.815 11.698 -40.509 137.339 11.654 -41.014 137.797
3 0 11.654 -41.014 137.797 16.707 -40.242 137.328 16.564 -39.814 136.815
3 0 16.707 -40.242 137.328 11.654 -41.014 137.797 11.594 -41.655 138.025
3 0 11.594 -41.655 138.025 16.825 -40.840 137.636 16.707 -40.242 137.328
3 0 16.825 -40.840 137.636 11.594 -41.655 138.025 11.528 -42.333 137.990
3 0 11.528 -42.333 137.990 16.899 -41.516 137.693 16.825 -40.840 137.636
3 0 16.899 -41.516 137.693 11.528 -42.333 137.990 11.466 -42.947 137.697
3 0 11.466 -42.947 137.697 16.920 -42.168 137.491 16.899 -41.516 137.693
3 0 16.920 -42.168 137.491 11.466 -42.947 137.697 11.418 -43.402 137.190
3 0 11.418 -43.402 137.190 16.882 -42.696 137.060 16.920 -42.168 137.491
3 0 16.882 -42.696 137.060 11.418 -43.402 137.190 11.390 -43.629 136.547
3 0 11.390 -43.629 136.547 16.793 -43.020 136.466 16.882 -42.696 137.060
3 0 16.793 -43.020 136.466 11.390 -43.629 136.547 11.388 -43.593 135.865
3 0 11.388 -43.593 135.865 16.666 -43.091 135.799 16.793 -43.020 136.466
3 0 16.666 -43.091 135.799 11.388 -43.593 135.865 11.411 -43.301 135.248
3 0 11.411 -43.301 135.248 16.519 -42.897 135.160 16.666 -43.091 135.799
3 0 16.519 -42.897 135.160 11.411 -43.301 135.248 11.455 -42.796 134.791
3 0 11.455 -42.796 134.791 16.377 -42.469 134.648 16.519 -42.897 135.160
3 0 16.377 -42.469 134.648 11.455 -42.796 134.791 11.515 -42.155 134.562
3 0 11.515 -42.155 134.562 16.259 -41.871 134.340 16.377 -42.469 134.648
3 0 18.809 -39.425 129.096 15.190 -39.574 130.088 15.063 -39.644 129.421
3 0 15.063 -39.644 129.421 18.641 -39.615 128.462 18.809 -39.425 129.096
3 0 18.641 -39.615 128.462 15.063 -39.644 129.421 14.917 -39.451 128.783
3 0 14.917 -39.451 128.783 18.414 -39.545 127.822 18.641 -39.615 128.462
3 0 18.414 -39.545 127.822 14.917 -39.451 128.783 14.774 -39.023 128.271
3 0 14.774 -39.023 128.271 18.162 -39.226 127.273 18.414 -39.545 127.822
3 0 18.162 -39.226 127.273 14.774 -39.023 128.271 14.656 -38.425 127.963
3 0 14.656 -38.425 127.963 17.924 -38.707 126.900 18.162 -39.226 127.273
3 0 17.924 -38.707 126.900 14.656 -38.425 127.963 14.582 -37.749 127.905
3 0 14.582 -37.749 127.905 17.735 -38.066 126.758 17.924 -38.707 126.900
3 0 17.735 -38.066 126.758 14.582 -37.749 127.905 14.561 -37.097 128.107
3 0 14.561 -37.097 128.107 17.626 -37.401 126.869 17.735 -38.066 126.758
3 0 17.626 -37.401 126.869 14.561 -37.097 128.107 14.599 -36.569 128.539
3 0 14.599 -36.569 128.539 17.611 -36.814 127.217 17.626 -37.401 126.869
3 0 17.611 -36.814 127.217 14.599 -36.569 128.539 14.688 -36.245 129.133
3 0 14.688 -36.245 129.133 17.694 -36.394 127.749 17.611 -36.814 127.217
3 0 17.694 -36.394 127.749 14.688 -36.245 129.133 14.815 -36.174 129.800
3 0 14.815 -36.174 129.800 17.862 -36.204 128.383 17.694 -36.394 127.749
3 0 17.862 -36.204 128.383 14.815 -36.174 129.800 14.962 -36.367 130.438
3 0 14.962 -36.367 130.438 18.089 -36.274 129.023 17.862 -36.204 128.383
3 0 18.089 -36.274 129.023 14.962 -36.367 130.438 15.104 -36.796 130.951
3 0 15.104 -36.796 130.951 18.341 -36.593 129.572 18.089 -36.274 129.023
3 0 18.341 -36.593 129.572 15.104 -36.796 130.951 15.222 -37.393 131.259
3 0 15.222 -37.393 131.259 18.579 -37.112 129.946 18.341 -36.593 129.572
3 0 19.526 -40.334 130.659 19.694 -40.144 131.293 15.725 -40.723 132.214
3 0 15.725 -40.723 132.214 15.597 -40.793 131.547 19.526 -40.334 130.659
3 0 19.299 -40.264 130.019 19.526 -40.334 130.659 15.597 -40.793 131.547
3 0 15.597 -40.793 131.547 15.451 -40.600 130.909 19.299 -40.264 130.019
3 0 19.047 -39.945 129.470 19.299 -40.264 130.019 15.451 -40.600 130.909
3 0 15.451 -40.600 130.909 15.308 -40.172 130.397 19.047 -39.945 129.470
3 0 18.809 -39.425 129.096 19.047 -39.945 129.470 15.308 -40.172 130.397
3 0 15.308 -40.172 130.397 15.190 -39.574 130.088 18.809 -39.425 129.096
3 0 18.747 -36.923 130.580 18.579 -37.112 129.946 15.222 -37.393 131.259
3 0 15.222 -37.393 131.259 15.350 -37.323 131.926 18.747 -36.923 130.580
3 0 18.974 -36.993 131.220 18.747 -36.923 130.580 15.350 -37.323 131.926
3 0 15.350 -37.323 131.926 15.496 -37.516 132.564 18.974 -36.993 131.220
3 0 19.226 -37.312 131.769 18.974 -36.993 131.220 15.496 -37.516 132.564
3 0 15.496 -37.516 132.564 15.639 -37.945 133.077 19.226 -37.312 131.769
3 0 19.464 -37.831 132.142 19.226 -37.312 131.769 15.639 -37.945 133.077
3 0 15.639 -37.945 133.077 15.756 -38.542 133.385 19.464 -37.831 132.142
3 0 20.411 -41.052 132.855 20.578 -40.863 133.489 16.259 -41.871 134.340
3 0 16.259 -41.871 134.340 16.131 -41.942 133.673 20.411 -41.052 132.855
3 0 20.183 -40.982 132.215 20.411 -41.052 132.855 16.131 -41.942 133.673
3 0 16.131 -41.942 133.673 15.985 -41.748 133.034 20.183 -40.982 132.215
3 0 19.932 -40.663 131.666 20.183 -40.982 132.215 15.985 -41.748 133.034
3 0 15.985 -41.748 133.034 15.842 -41.320 132.522 19.932 -40.663 131.666
3 0 19.694 -40.144 131.293 19.932 -40.663 131.666 15.842 -41.320 132.522
3 0 15.842 -41.320 132.522 15.725 -40.723 132.214 19.694 -40.144 131.293
3 0 19.632 -37.641 132.776 19.464 -37.831 132.142 15.756 -38.542 133.385
3 0 15.756 -38.542 133.385 15.884 -38.471 134.051 19.632 -37.641 132.776
3 0 19.859 -37.711 133.416 19.632 -37.641 132.776 15.884 -38.471 134.051
3 0 15.884 -38.471 134.051 16.030 -38.665 134.689 19.859 -37.711 133.416
3 0 20.111 -38.030 133.964 19.859 -37.711 133.416 16.030 -38.665 134.689
3 0 16.030 -38.665 134.689 16.173 -39.093 135.202 20.111 -38.030 133.964
3 0 20.349 -38.550 134.338 20.111 -38.030 133.964 16.173 -39.093 135.202
3 0 16.173 -39.093 135.202 16.291 -39.691 135.510 20.349 -38.550 134.338
3 0 20.349 -38.550 134.338 16.291 -39.691 135.510 16.418 -39.620 136.177
3 0 16.418 -39.620 136.177 20.517 -38.360 134.972 20.349 -38.550 134.338
3 0 20.517 -38.360 134.972 16.418 -39.620 136.177 16.564 -39.814 136.815
3 0 16.564 -39.814 136.815 20.744 -38.430 135.613 20.517 -38.360 134.972
3 0 20.744 -38.430 135.613 16.564 -39.814 136.815 16.707 -40.242 137.328
3 0 16.707 -40.242 137.328 20.996 -38.749 136.161 20.744 -38.430 135.613
3 0 20.996 -38.749 136.161 16.707 -40.242 137.328 16.825 -40.840 137.636
3 0 16.825 -40.840 137.636 21.234 -39.268 136.535 20.996 -38.749 136.161
3 0 21.234 -39.268 136.535 16.825 -40.840 137.636 16.899 -41.516 137.693
3 0 16.899 -41.516 137.693 21.422 -39.909 136.677 21.234 -39.268 136.535
3 0 21.422 -39.909 136.677 16.899 -41.516 137.693 16.920 -42.168 137.491
3 0 16.920 -42.168 137.491 21.532 -40.574 136.565 21.422 -39.909 136.677
3 0 21.532 -40.574 136.565 16.920 -42.168 137.491 16.882 -42.696 137.060
3 0 16.882 -42.696 137.060 21.546 -41.161 136.217 21.532 -40.574 136.565
3 0 21.546 -41.161 136.217 16.882 -42.696 137.060 16.793 -43.020 136.466
3 0 16.793 -43.020 136.466 21.463 -41.582 135.686 21.546 -41.161 136.217
3 0 21.463 -41.582 135.686 16.793 -43.020 136.466 16.666 -43.091 135.799
3 0 16.666 -43.091 135.799 21.296 -41.771 135.051 21.463 -41.582 135.686
3 0 21.296 -41.771 135.051 16.666 -43.091 135.799 16.519 -42.897 135.160
3 0 16.519 -42.897 135.160 21.068 -41.701 134.411 21.296 -41.771 135.051
3 0 21.068 -41.701 134.411 16.519 -42.897 135.160 16.377 -42.469 134.648
3 0 16.377 -42.469 134.648 20.817 -41.382 133.863 21.068 -41.701 134.411
3 0 20.817 -41.382 133.863 16.377 -42.469 134.648 16.259 -41.871 134.340
3 0 16.259 -41.871 134.340 20.578 -40.863 133.489 20.817 -41.382 133.863
3 0 22.448 -38.871 127.802 18.809 -39.425 129.096 18.641 -39.615 128.462
3 0 18.641 -39.615 128.462 22.288 -39.163 127.207 22.448 -38.871 127.802
3 0 22.288 -39.163 127.207 18.641 -39.615 128.462 18.414 -39.545 127.822
3 0 18.414 -39.545 127.822 22.034 -39.208 126.574 22.288 -39.163 127.207
3 0 22.034 -39.208 126.574 18.414 -39.545 127.822 18.162 -39.226 127.273
3 0 18.162 -39.226 127.273 21.727 -38.999 126.001 22.034 -39.208 126.574
3 0 21.727 -38.999 126.001 18.162 -39.226 127.273 17.924 -38.707 126.900
3 0 17.924 -38.707 126.900 21.413 -38.568 125.575 21.727 -38.999 126.001
3 0 21.413 -38.568 125.575 17.924 -38.707 126.900 17.735 -38.066 126.758
3 0 17.735 -38.066 126.758 21.140 -37.981 125.360 21.413 -38.568 125.575
3 0 21.140 -37.981 125.360 17.735 -38.066 126.758 17.626 -37.401 126.869
3 0 17.626 -37.401 126.869 20.949 -37.326 125.390 21.140 -37.981 125.360
3 0 20.949 -37.326 125.390 17.626 -37.401 126.869 17.611 -36.814 127.217
3 0 17.611 -36.814 127.217 20.869 -36.704 125.660 20.949 -37.326 125.390
3 0 20.869 -36.704 125.660 17.611 -36.814 127.217 17.694 -36.394 127.749
3 0 17.694 -36.394 127.749 20.913 -36.209 126.128 20.869 -36.704 125.660
3 0 20.913 -36.209 126.128 17.694 -36.394 127.749 17.862 -36.204 128.383
3 0 17.862 -36.204 128.383 21.073 -35.916 126.724 20.913 -36.209 126.128
3 0 21.073 -35.916 126.724 17.862 -36.204 128.383 18.089 -36.274 129.023
3 0 18.089 -36.274 129.023 21.327 -35.871 127.356 21.073 -35.916 126.724
3 0 21.327 -35.871 127.356 18.089 -36.274 129.023 18.341 -36.593 129.572
3 0 18.341 -36.593 129.572 21.634 -36.080 127.929 21.327 -35.871 127.356
3 0 21.634 -36.080 127.929 18.341 -36.593 129.572 18.579 -37.112 129.946
3 0 18.579 -37.112 129.946 21.948 -36.511 128.355 21.634 -36.080 127.929
3 0 23.323 -39.465 129.434 23.484 -39.173 130.030 19.694 -40.144 131.293
3 0 19.694 -40.144 131.293 19.526 -40.334 130.659 23.323 -39.465 129.434
3 0 23.070 -39.510 128.802 23.323 -39.465 129.434 19.526 -40.334 130.659
3 0 19.526 -40.334 130.659 19.299 -40.264 130.019 23.070 -39.510 128.802
3 0 22.763 -39.302 128.229 23.070 -39.510 128.802 19.299 -40.264 130.019
3 0 19.299 -40.264 130.019 19.047 -39.945 129.470 22.763 -39.302 128.229
3 0 22.448 -38.871 127.802 22.763 -39.302 128.229 19.047 -39.945 129.470
3 0 19.047 -39.945 129.470 18.809 -39.425 129.096 22.448 -38.871 127.802
3 0 22.109 -36.218 128.951 21.948 -36.511 128.355 18.579 -37.112 129.946
3 0 18.579 -37.112 129.946 18.747 -36.923 130.580 22.109 -36.218 128.951
3 0 22.362 -36.173 129.584 22.109 -36.218 128.951 18.747 -36.923 130.580
3 0 18.747 -36.923 130.580 18.974 -36.993 131.220 22.362 -36.173 129.584
3 0 22.669 -36.382 130.157 22.362 -36.173 129.584 18.974 -36.993 131.220
3 0 18.974 -36.993 131.220 19.226 -37.312 131.769 22.669 -36.382 130.157
3 0 22.983 -36.813 130.583 22.669 -36.382 130.157 19.226 -37.312 131.769
3 0 19.226 -37.312 131.769 19.464 -37.831 132.142 22.983 -36.813 130.583
3 0 24.358 -39.767 131.661 24.519 -39.475 132.257 20.578 -40.863 133.489
3 0 20.578 -40.863 133.489 20.411 -41.052 132.855 24.358 -39.767 131.661
3 0 24.105 -39.813 131.029 24.358 -39.767 131.661 20.411 -41.052 132.855
3 0 20.411 -41.052 132.855 20.183 -40.982 132.215 24.105 -39.813 131.029
3 0 23.798 -39.604 130.456 24.105 -39.813 131.029 20.183 -40.982 132.215
3 0 20.183 -40.982 132.215 19.932 -40.663 131.666 23.798 -39.604 130.456
3 0 23.484 -39.173 130.030 23.798 -39.604 130.456 19.932 -40.663 131.666
3 0 19.932 -40.663 131.666 19.694 -40.144 131.293 23.484 -39.173 130.030
3 0 23.144 -36.521 131.178 22.983 -36.813 130.583 19.464 -37.831 132.142
3 0 19.464 -37.831 132.142 19.632 -37.641 132.776 23.144 -36.521 131.178
3 0 23.397 -36.475 131.810 23.144 -36.521 131.178 19.632 -37.641 132.776
3 0 19.632 -37.641 132.776 19.859 -37.711 133.416 23.397 -36.475 131.810
3 0 23.704 -36.684 132.383 23.397 -36.475 131.810 19.859 -37.711 133.416
3 0 19.859 -37.711 133.416 20.111 -38.030 133.964 23.704 -36.684 132.383
3 0 24.018 -37.115 132.810 23.704 -36.684 132.383 20.111 -38.030 133.964
3 0 20.111 -38.030 133.964 20.349 -38.550 134.338 24.018 -37.115 132.810
3 0 24.018 -37.115 132.810 20.349 -38.550 134.338 20.517 -38.360 134.972
3 0 20.517 -38.360 134.972 24.179 -36.823 133.406 24.018 -37.115 132.810
3 0 24.179 -36.823 133.406 20.517 -38.360 134.972 20.744 -38.430 135.613
3 0 20.744 -38.430 135.613 24.432 -36.778 134.038 24.179 -36.823 133.406
3 0 24.432 -36.778 134.038 20.744 -38.430 135.613 20.996 -38.749 136.161
3 0 20.996 -38.749 136.161 24.739 -36.986 134.611 24.432 -36.778 134.038
3 0 24.739 -36.986 134.611 20.996 -38.749 136.161 21.234 -39.268 136.535
3 0 21.234 -39.268 136.535 25.054 -37.418 135.037 24.739 -36.986 134.611
3 0 25.054 -37.418 135.037 21.234 -39.268 136.535 21.422 -39.909 136.677
3 0 21.422 -39.909 136.677 25.327 -38.005 135.252 25.054 -37.418 135.037
3 0 25.327 -38.005 135.252 21.422 -39.909 136.677 21.532 -40.574 136.565
3 0 21.532 -40.574 136.565 25.518 -38.660 135.222 25.327 -38.005 135.252
3 0 25.518 -38.660 135.222 21.532 -40.574 136.565 21.546 -41.161 136.217
3 0 21.546 -41.161 136.217 25.598 -39.282 134.953 25.518 -38.660 135.222
3 0 25.598 -39.282 134.953 21.546 -41.161 136.217 21.463 -41.582 135.686
3 0 21.463 -41.582 135.686 25.554 -39.777 134.484 25.598 -39.282 134.953
3 0 25.554 -39.777 134.484 21.463 -41.582 135.686 21.296 -41.771 135.051
3 0 21.296 -41.771 135.051 25.393 -40.070 133.889 25.554 -39.777 134.484
3 0 25.393 -40.070 133.889 21.296 -41.771 135.051 21.068 -41.701 134.411
3 0 21.068 -41.701 134.411 25.140 -40.115 133.256 25.393 -40.070 133.889
3 0 25.140 -40.115 133.256 21.068 -41.701 134.411 20.817 -41.382 133.863
3 0 20.817 -41.382 133.863 24.833 -39.906 132.683 25.140 -40.115 133.256
3 0 24.833 -39.906 132.683 20.817 -41.382 133.863 20.578 -40.863 133.489
3 0 20.578 -40.863 133.489 24.519 -39.475 132.257 24.833 -39.906 132.683
3 0 26.028 -38.002 126.309 22.448 -38.871 127.802 22.288 -39.163 127.207
3 0 22.288 -39.163 127.207 25.896 -38.375 125.753 26.028 -38.002 126.309
3 0 25.896 -38.375 125.753 22.288 -39.163 127.207 22.034 -39.208 126.574
3 0 22.034 -39.208 126.574 25.646 -38.517 125.134 25.896 -38.375 125.753
3 0 25.646 -38.517 125.134 22.034 -39.208 126.574 21.727 -38.999 126.001
3 0 21.727 -38.999 126.001 25.315 -38.407 124.546 25.646 -38.517 125.134
3 0 25.315 -38.407 124.546 21.727 -38.999 126.001 21.413 -38.568 125.575
3 0 21.413 -38.568 125.575 24.955 -38.062 124.080 25.315 -38.407 124.546
3 0 24.955 -38.062 124.080 21.413 -38.568 125.575 21.140 -37.981 125.360
3 0 21.140 -37.981 125.360 24.620 -37.534 123.806 24.955 -38.062 124.080
3 0 24.620 -37.534 123.806 21.140 -37.981 125.360 20.949 -37.326 125.390
3 0 20.949 -37.326 125.390 24.361 -36.903 123.766 24.620 -37.534 123.806
3 0 24.361 -36.903 123.766 20.949 -37.326 125.390 20.869 -36.704 125.660
3 0 20.869 -36.704 125.660 24.218 -36.266 123.966 24.361 -36.903 123.766
3 0 24.218 -36.266 123.966 20.869 -36.704 125.660 20.913 -36.209 126.128
3 0 20.913 -36.209 126.128 24.212 -35.720 124.376 24.218 -36.266 123.966
3 0 24.212 -35.720 124.376 20.913 -36.209 126.128 21.073 -35.916 126.724
3 0 21.073 -35.916 126.724 24.344 -35.347 124.932 24.212 -35.720 124.376
3 0 24.344 -35.347 124.932 21.073 -35.916 126.724 21.327 -35.871 127.356
3 0 21.327 -35.871 127.356 24.594 -35.205 125.551 24.344 -35.347 124.932
3 0 24.594 -35.205 125.551 21.327 -35.871 127.356 21.634 -36.080 127.929
3 0 21.634 -36.080 127.929 24.925 -35.315 126.139 24.594 -35.205 125.551
3 0 24.925 -35.315 126.139 21.634 -36.080 127.929 21.948 -36.511 128.355
3 0 21.948 -36.511 128.355 25.285 -35.660 126.605 24.925 -35.315 126.139
3 0 26.970 -38.315 127.982 27.102 -37.942 128.539 23.484 -39.173 130.030
3 0 23.484 -39.173 130.030 23.323 -39.465 129.434 26.970 -38.315 127.982
3 0 26.719 -38.457 127.363 26.970 -38.315 127.982 23.323 -39.465 129.434
3 0 23.323 -39.465 129.434 23.070 -39.510 128.802 26.719 -38.457 127.363
3 0 26.389 -38.347 126.776 26.719 -38.457 127.363 23.070 -39.510 128.802
3 0 23.070 -39.510 128.802 22.763 -39.302 128.229 26.389 -38.347 126.776
3 0 26.028 -38.002 126.309 26.389 -38.347 126.776 22.763 -39.302 128.229
3 0 22.763 -39.302 128.229 22.448 -38.871 127.802 26.028 -38.002 126.309
3 0 25.417 -35.287 127.161 25.285 -35.660 126.605 21.948 -36.511 128.355
3 0 21.948 -36.511 128.355 22.109 -36.218 128.951 25.417 -35.287 127.161
3 0 25.668 -35.145 127.780 25.417 -35.287 127.161 22.109 -36.218 128.951
3 0 22.109 -36.218 128.951 22.362 -36.173 129.584 25.668 -35.145 127.780
3 0 25.998 -35.255 128.368 25.668 -35.145 127.780 22.362 -36.173 129.584
3 0 22.362 -36.173 129.584 22.669 -36.382 130.157 25.998 -35.255 128.368
3 0 26.359 -35.600 128.834 25.998 -35.255 128.368 22.669 -36.382 130.157
3 0 22.669 -36.382 130.157 22.983 -36.813 130.583 26.359 -35.600 128.834
3 0 28.043 -38.255 130.210 28.175 -37.883 130.767 24.519 -39.475 132.257
3 0 24.519 -39.475 132.257 24.358 -39.767 131.661 28.043 -38.255 130.210
3 0 27.792 -38.397 129.591 28.043 -38.255 130.210 24.358 -39.767 131.661
3 0 24.358 -39.767 131.661 24.105 -39.813 131.029 27.792 -38.397 129.591
3 0 27.462 -38.288 129.004 27.792 -38.397 129.591 24.105 -39.813 131.029
3 0 24.105 -39.813 131.029 23.798 -39.604 130.456 27.462 -38.288 129.004
3 0 27.102 -37.942 128.539 27.462 -38.288 129.004 23.798 -39.604 130.456
3 0 23.798 -39.604 130.456 23.484 -39.173 130.030 27.102 -37.942 128.539
3 0 26.491 -35.228 129.390 26.359 -35.600 128.834 22.983 -36.813 130.583
3 0 22.983 -36.813 130.583 23.144 -36.521 131.178 26.491 -35.228 129.390
3 0 26.741 -35.085 130.009 26.491 -35.228 129.390 23.144 -36.521 131.178
3 0 23.144 -36.521 131.178 23.397 -36.475 131.810 26.741 -35.085 130.009
3 0 27.072 -35.195 130.596 26.741 -35.085 130.009 23.397 -36.475 131.810
3 0 23.397 -36.475 131.810 23.704 -36.684 132.383 27.072 -35.195 130.596
3 0 27.432 -35.541 131.062 27.072 -35.195 130.596 23.704 -36.684 132.383
3 0 23.704 -36.684 132.383 24.018 -37.115 132.810 27.432 -35.541 131.062
3 0 27.432 -35.541 131.062 24.018 -37.115 132.810 24.179 -36.823 133.406
3 0 24.179 -36.823 133.406 27.564 -35.168 131.619 27.432 -35.541 131.062
3 0 27.564 -35.168 131.619 24.179 -36.823 133.406 24.432 -36.778 134.038
3 0 24.432 -36.778 134.038 27.815 -35.026 132.238 27.564 -35.168 131.619
3 0 27.815 -35.026 132.238 24.432 -36.778 134.038 24.739 -36.986 134.611
3 0 24.739 -36.986 134.611 28.145 -35.136 132.825 27.815 -35.026 132.238
3 0 28.145 -35.136 132.825 24.739 -36.986 134.611 25.054 -37.418 135.037
3 0 25.054 -37.418 135.037 28.505 -35.481 133.291 28.145 -35.136 132.825
3 0 28.505 -35.481 133.291 25.054 -37.418 135.037 25.327 -38.005 135.252
3 0 25.327 -38.005 135.252 28.840 -36.009 133.565 28.505 -35.481 133.291
3 0 28.840 -36.009 133.565 25.327 -38.005 135.252 25.518 -38.660 135.222
3 0 25.518 -38.660 135.222 29.099 -36.639 133.606 28.840 -36.009 133.565
3 0 29.099 -36.639 133.606 25.518 -38.660 135.222 25.598 -39.282 134.953
3 0 25.598 -39.282 134.953 29.243 -37.276 133.406 29.099 -36.639 133.606
3 0 29.243 -37.276 133.406 25.598 -39.282 134.953 25.554 -39.777 134.484
3 0 25.554 -39.777 134.484 29.249 -37.823 132.996 29.243 -37.276 133.406
3 0 29.249 -37.823 132.996 25.554 -39.777 134.484 25.393 -40.070 133.889
3 0 25.393 -40.070 133.889 29.116 -38.196 132.440 29.249 -37.823 132.996
3 0 29.116 -38.196 132.440 25.393 -40.070 133.889 25.140 -40.115 133.256
3 0 25.140 -40.115 133.256 28.866 -38.338 131.821 29.116 -38.196 132.440
3 0 28.866 -38.338 131.821 25.140 -40.115 133.256 24.833 -39.906 132.683
3 0 24.833 -39.906 132.683 28.535 -38.228 131.233 28.866 -38.338 131.821
3 0 28.535 -38.228 131.233 24.833 -39.906 132.683 24.519 -39.475 132.257
3 0 24.519 -39.475 132.257 28.175 -37.883 130.767 28.535 -38.228 131.233
3 0 29.520 -36.896 124.674 26.028 -38.002 126.309 25.896 -38.375 125.753
3 0 25.896 -38.375 125.753 29.424 -37.329 124.155 29.520 -36.896 124.674
3 0 29.424 -37.329 124.155 25.896 -38.375 125.753 25.646 -38.517 125.134
3 0 25.646 -38.517 125.134 29.190 -37.549 123.552 29.424 -37.329 124.155
3 0 29.190 -37.549 123.552 25.646 -38.517 125.134 25.315 -38.407 124.546
3 0 25.315 -38.407 124.546 28.855 -37.523 122.958 29.190 -37.549 123.552
3 0 28.855 -37.523 122.958 25.315 -38.407 124.546 24.955 -38.062 124.080
3 0 24.955 -38.062 124.080 28.468 -37.255 122.463 28.855 -37.523 122.958
3 0 28.468 -37.255 122.463 24.955 -38.062 124.080 24.620 -37.534 123.806
3 0 24.620 -37.534 123.806 28.089 -36.786 122.142 28.468 -37.255 122.463
3 0 28.089 -36.786 122.142 24.620 -37.534 123.806 24.361 -36.903 123.766
3 0 24.361 -36.903 123.766 27.776 -36.187 122.045 28.089 -36.786 122.142
3 0 27.776 -36.187 122.045 24.361 -36.903 123.766 24.218 -36.266 123.966
3 0 24.218 -36.266 123.966 27.577 -35.549 122.185 27.776 -36.187 122.045
3 0 27.577 -35.549 122.185 24.218 -36.266 123.966 24.212 -35.720 124.376
3 0 24.212 -35.720 124.376 27.521 -34.970 122.542 27.577 -35.549 122.185
3 0 27.521 -34.970 122.542 24.212 -35.720 124.376 24.344 -35.347 124.932
3 0 24.344 -35.347 124.932 27.617 -34.537 123.062 27.521 -34.970 122.542
3 0 27.617 -34.537 123.062 24.344 -35.347 124.932 24.594 -35.205 125.551
3 0 24.594 -35.205 125.551 27.851 -34.317 123.664 27.617 -34.537 123.062
3 0 27.851 -34.317 123.664 24.594 -35.205 125.551 24.925 -35.315 126.139
3 0 24.925 -35.315 126.139 28.187 -34.343 124.258 27.851 -34.317 123.664
3 0 28.187 -34.343 124.258 24.925 -35.315 126.139 25.285 -35.660 126.605
3 0 25.285 -35.660 126.605 28.573 -34.611 124.753 28.187 -34.343 124.258
3 0 30.476 -36.969 126.366 30.573 -36.536 126.885 27.102 -37.942 128.539
3 0 27.102 -37.942 128.539 26.970 -38.315 127.982 30.476 -36.969 126.366
3 0 30.243 -37.189 125.763 30.476 -36.969 126.366 26.970 -38.315 127.982
3 0 26.970 -38.315 127.982 26.719 -38.457 127.363 30.243 -37.189 125.763
3 0 29.907 -37.164 125.169 30.243 -37.189 125.763 26.719 -38.457 127.363
3 0 26.719 -38.457 127.363 26.389 -38.347 126.776 29.907 -37.164 125.169
3 0 29.520 -36.896 124.674 29.907 -37.164 125.169 26.389 -38.347 126.776
3 0 26.389 -38.347 126.776 26.028 -38.002 126.309 29.520 -36.896 124.674
3 0 28.669 -34.178 125.273 28.573 -34.611 124.753 25.285 -35.660 126.605
3 0 25.285 -35.660 126.605 25.417 -35.287 127.161 28.669 -34.178 125.273
3 0 28.903 -33.958 125.875 28.669 -34.178 125.273 25.417 -35.287 127.161
3 0 25.417 -35.287 127.161 25.668 -35.145 127.780 28.903 -33.958 125.875
3 0 29.239 -33.983 126.469 28.903 -33.958 125.875 25.668 -35.145 127.780
3 0 25.668 -35.145 127.780 25.998 -35.255 128.368 29.239 -33.983 126.469
3 0 29.625 -34.251 126.964 29.239 -33.983 126.469 25.998 -35.255 128.368
3 0 25.998 -35.255 128.368 26.359 -35.600 128.834 29.625 -34.251 126.964
3 0 31.528 -36.610 128.576 31.624 -36.177 129.095 28.175 -37.883 130.767
3 0 28.175 -37.883 130.767 28.043 -38.255 130.210 31.528 -36.610 128.576
3 0 31.295 -36.830 127.973 31.528 -36.610 128.576 28.043 -38.255 130.210
3 0 28.043 -38.255 130.210 27.792 -38.397 129.591 31.295 -36.830 127.973
3 0 30.959 -36.804 127.379 31.295 -36.830 127.973 27.792 -38.397 129.591
3 0 27.792 -38.397 129.591 27.462 -38.288 129.004 30.959 -36.804 127.379
3 0 30.573 -36.536 126.885 30.959 -36.804 127.379 27.462 -38.288 129.004
3 0 27.462 -38.288 129.004 27.102 -37.942 128.539 30.573 -36.536 126.885
3 0 29.721 -33.819 127.483 29.625 -34.251 126.964 26.359 -35.600 128.834
3 0 26.359 -35.600 128.834 26.491 -35.228 129.390 29.721 -33.819 127.483
3 0 29.955 -33.598 128.085 29.721 -33.819 127.483 26.491 -35.228 129.390
3 0 26.491 -35.228 129.390 26.741 -35.085 130.009 29.955 -33.598 128.085
3 0 30.291 -33.624 128.680 29.955 -33.598 128.085 26.741 -35.085 130.009
3 0 26.741 -35.085 130.009 27.072 -35.195 130.596 30.291 -33.624 128.680
3 0 30.677 -33.892 129.175 30.291 -33.624 128.680 27.072 -35.195 130.596
3 0 27.072 -35.195 130.596 27.432 -35.541 131.062 30.677 -33.892 129.175
3 0 30.677 -33.892 129.175 27.432 -35.541 131.062 27.564 -35.168 131.619
3 0 27.564 -35.168 131.619 30.774 -33.459 129.694 30.677 -33.892 129.175
3 0 30.774 -33.459 129.694 27.564 -35.168 131.619 27.815 -35.026 132.238
3 0 27.815 -35.026 132.238 31.007 -33.239 130.297 30.774 -33.459 129.694
3 0 31.007 -33.239 130.297 27.815 -35.026 132.238 28.145 -35.136 132.825
3 0 28.145 -35.136 132.825 31.343 -33.265 130.891 31.007 -33.239 130.297
3 0 31.343 -33.265 130.891 28.145 -35.136 132.825 28.505 -35.481 133.291
3 0 28.505 -35.481 133.291 31.730 -33.532 131.386 31.343 -33.265 130.891
3 0 31.730 -33.532 131.386 28.505 -35.481 133.291 28.840 -36.009 133.565
3 0 28.840 -36.009 133.565 32.108 -34.002 131.706 31.730 -33.532 131.386
3 0 32.108 -34.002 131.706 28.840 -36.009 133.565 29.099 -36.639 133.606
3 0 29.099 -36.639 133.606 32.421 -34.601 131.804 32.108 -34.002 131.706
3 0 32.421 -34.601 131.804 29.099 -36.639 133.606 29.243 -37.276 133.406
3 0 29.243 -37.276 133.406 32.621 -35.238 131.664 32.421 -34.601 131.804
3 0 32.621 -35.238 131.664 29.243 -37.276 133.406 29.249 -37.823 132.996
3 0 29.249 -37.823 132.996 32.677 -35.817 131.306 32.621 -35.238 131.664
3 0 32.677 -35.817 131.306 29.249 -37.823 132.996 29.116 -38.196 132.440
3 0 29.116 -38.196 132.440 32.581 -36.250 130.787 32.677 -35.817 131.306
3 0 32.581 -36.250 130.787 29.116 -38.196 132.440 28.866 -38.338 131.821
3 0 28.866 -38.338 131.821 32.347 -36.470 130.184 32.581 -36.250 130.787
3 0 32.347 -36.470 130.184 28.866 -38.338 131.821 28.535 -38.228 131.233
3 0 28.535 -38.228 131.233 32.011 -36.445 129.590 32.347 -36.470 130.184
3 0 32.011 -36.445 129.590 28.535 -38.228 131.233 28.175 -37.883 130.767
3 0 28.175 -37.883 130.767 31.624 -36.177 129.095 32.011 -36.445 129.590
3 0 32.916 -35.607 122.927 29.520 -36.896 124.674 29.424 -37.329 124.155
3 0 29.424 -37.329 124.155 32.857 -36.084 122.442 32.916 -35.607 122.927
3 0 32.857 -36.084 122.442 29.424 -37.329 124.155 29.190 -37.549 123.552
3 0 29.190 -37.549 123.552 32.646 -36.366 121.857 32.857 -36.084 122.442
3 0 32.646 -36.366 121.857 29.190 -37.549 123.552 28.855 -37.523 122.958
3 0 28.855 -37.523 122.958 32.315 -36.410 121.262 32.646 -36.366 121.857
3 0 32.315 -36.410 121.262 28.855 -37.523 122.958 28.468 -37.255 122.463
3 0 28.468 -37.255 122.463 31.914 -36.210 120.746 32.315 -36.410 121.262
3 0 31.914 -36.210 120.746 28.468 -37.255 122.463 28.089 -36.786 122.142
3 0 28.089 -36.786 122.142 31.505 -35.796 120.389 31.914 -36.210 120.746
3 0 31.505 -35.796 120.389 28.089 -36.786 122.142 27.776 -36.187 122.045
3 0 27.776 -36.187 122.045 31.149 -35.231 120.245 31.505 -35.796 120.389
3 0 31.149 -35.231 120.245 27.776 -36.187 122.045 27.577 -35.549 122.185
3 0 27.577 -35.549 122.185 30.902 -34.601 120.336 31.149 -35.231 120.245
3 0 30.902 -34.601 120.336 27.577 -35.549 122.185 27.521 -34.970 122.542
3 0 27.521 -34.970 122.542 30.800 -34.003 120.648 30.902 -34.601 120.336
3 0 30.800 -34.003 120.648 27.521 -34.970 122.542 27.617 -34.537 123.062
3 0 27.617 -34.537 123.062 30.859 -33.526 121.133 30.800 -34.003 120.648
3 0 30.859 -33.526 121.133 27.617 -34.537 123.062 27.851 -34.317 123.664
3 0 27.851 -34.317 123.664 31.070 -33.244 121.718 30.859 -33.526 121.133
3 0 31.070 -33.244 121.718 27.851 -34.317 123.664 28.187 -34.343 124.258
3 0 28.187 -34.343 124.258 31.401 -33.200 122.314 31.070 -33.244 121.718
3 0 31.401 -33.200 122.314 28.187 -34.343 124.258 28.573 -34.611 124.753
3 0 28.573 -34.611 124.753 31.802 -33.400 122.829 31.401 -33.200 122.314
3 0 33.859 -35.481 124.623 33.918 -35.004 125.108 30.573 -36.536 126.885
3 0 30.573 -36.536 126.885 30.476 -36.969 126.366 33.859 -35.481 124.623
3 0 33.648 -35.763 124.038 33.859 -35.481 124.623 30.476 -36.969 126.366
3 0 30.476 -36.969 126.366 30.243 -37.189 125.763 33.648 -35.763 124.038
3 0 33.317 -35.807 123.443 33.648 -35.763 124.038 30.243 -37.189 125.763
3 0 30.243 -37.189 125.763 29.907 -37.164 125.169 33.317 -35.807 123.443
3 0 32.916 -35.607 122.927 33.317 -35.807 123.443 29.907 -37.164 125.169
3 0 29.907 -37.164 125.169 29.520 -36.896 124.674 32.916 -35.607 122.927
3 0 31.861 -32.923 123.314 31.802 -33.400 122.829 28.573 -34.611 124.753
3 0 28.573 -34.611 124.753 28.669 -34.178 125.273 31.861 -32.923 123.314
3 0 32.072 -32.641 123.899 31.861 -32.923 123.314 28.669 -34.178 125.273
3 0 28.669 -34.178 125.273 28.903 -33.958 125.875 32.072 -32.641 123.899
3 0 32.403 -32.597 124.495 32.072 -32.641 123.899 28.903 -33.958 125.875
3 0 28.903 -33.958 125.875 29.239 -33.983 126.469 32.403 -32.597 124.495
3 0 32.804 -32.797 125.010 32.403 -32.597 124.495 29.239 -33.983 126.469
3 0 29.239 -33.983 126.469 29.625 -34.251 126.964 32.804 -32.797 125.010
3 0 34.861 -34.878 126.804 34.920 -34.401 127.289 31.624 -36.177 129.095
3 0 31.624 -36.177 129.095 31.528 -36.610 128.576 34.861 -34.878 126.804
3 0 34.650 -35.160 126.219 34.861 -34.878 126.804 31.528 -36.610 128.576
3 0 31.528 -36.610 128.576 31.295 -36.830 127.973 34.650 -35.160 126.219
3 0 34.319 -35.204 125.623 34.650 -35.160 126.219 31.295 -36.830 127.973
3 0 31.295 -36.830 127.973 30.959 -36.804 127.379 34.319 -35.204 125.623
3 0 33.918 -35.004 125.108 34.319 -35.204 125.623 30.959 -36.804 127.379
3 0 30.959 -36.804 127.379 30.573 -36.536 126.885 33.918 -35.004 125.108
3 0 32.863 -32.320 125.495 32.804 -32.797 125.010 29.625 -34.251 126.964
3 0 29.625 -34.251 126.964 29.721 -33.819 127.483 32.863 -32.320 125.495
3 0 33.074 -32.038 126.080 32.863 -32.320 125.495 29.721 -33.819 127.483
3 0 29.721 -33.819 127.483 29.955 -33.598 128.085 33.074 -32.038 126.080
3 0 33.405 -31.994 126.675 33.074 -32.038 126.080 29.955 -33.598 128.085
3 0 29.955 -33.598 128.085 30.291 -33.624 128.680 33.405 -31.994 126.675
3 0 33.806 -32.194 127.191 33.405 -31.994 126.675 30.291 -33.624 128.680
3 0 30.291 -33.624 128.680 30.677 -33.892 129.175 33.806 -32.194 127.191
3 0 33.806 -32.194 127.191 30.677 -33.892 129.175 30.774 -33.459 129.694
3 0 30.774 -33.459 129.694 33.865 -31.717 127.676 33.806 -32.194 127.191
3 0 33.865 -31.717 127.676 30.774 -33.459 129.694 31.007 -33.239 130.297
3 0 31.007 -33.239 130.297 34.076 -31.435 128.261 33.865 -31.717 127.676
3 0 34.076 -31.435 128.261 31.007 -33.239 130.297 31.343 -33.265 130.891
3 0 31.343 -33.265 130.891 34.407 -31.391 128.856 34.076 -31.435 128.261
3 0 34.407 -31.391 128.856 31.343 -33.265 130.891 31.730 -33.532 131.386
3 0 31.730 -33.532 131.386 34.808 -31.591 129.372 34.407 -31.391 128.856
3 0 34.808 -31.591 129.372 31.730 -33.532 131.386 32.108 -34.002 131.706
3 0 32.108 -34.002 131.706 35.217 -32.005 129.729 34.808 -31.591 129.372
3 0 35.217 -32.005 129.729 32.108 -34.002 131.706 32.421 -34.601 131.804
3 0 32.421 -34.601 131.804 35.573 -32.570 129.873 35.217 -32.005 129.729
3 0 35.573 -32.570 129.873 32.421 -34.601 131.804 32.621 -35.238 131.664
3 0 32.621 -35.238 131.664 35.820 -33.200 129.782 35.573 -32.570 129.873
3 0 35.820 -33.200 129.782 32.621 -35.238 131.664 32.677 -35.817 131.306
3 0 32.677 -35.817 131.306 35.922 -33.798 129.470 35.820 -33.200 129.782
3 0 35.922 -33.798 129.470 32.677 -35.817 131.306 32.581 -36.250 130.787
3 0 32.581 -36.250 130.787 35.863 -34.275 128.985 35.922 -33.798 129.470
3 0 35.863 -34.275 128.985 32.581 -36.250 130.787 32.347 -36.470 130.184
3 0 32.347 -36.470 130.184 35.652 -34.557 128.400 35.863 -34.275 128.985
3 0 35.652 -34.557 128.400 32.347 -36.470 130.184 32.011 -36.445 129.590
3 0 32.011 -36.445 129.590 35.321 -34.601 127.804 35.652 -34.557 128.400
3 0 35.321 -34.601 127.804 32.011 -36.445 129.590 31.624 -36.177 129.095
3 0 31.624 -36.177 129.095 34.920 -34.401 127.289 35.321 -34.601 127.804
3 0 36.218 -34.177 121.090 32.916 -35.607 122.927 32.857 -36.084 122.442
3 0 32.857 -36.084 122.442 36.194 -34.686 120.635 36.218 -34.177 121.090
3 0 36.194 -34.686 120.635 32.857 -36.084 122.442 32.646 -36.366 121.857
3 0 32.646 -36.366 121.857 36.007 -35.016 120.067 36.194 -34.686 120.635
3 0 36.007 -35.016 120.067 32.646 -36.366 121.857 32.315 -36.410 121.262
3 0 32.315 -36.410 121.262 35.686 -35.118 119.474 36.007 -35.016 120.067
3 0 35.686 -35.118 119.474 32.315 -36.410 121.262 31.914 -36.210 120.746
3 0 31.914 -36.210 120.746 35.278 -34.976 118.944 35.686 -35.118 119.474
3 0 35.278 -34.976 118.944 31.914 -36.210 120.746 31.505 -35.796 120.389
3 0 31.505 -35.796 120.389 34.848 -34.611 118.560 35.278 -34.976 118.944
3 0 34.848 -34.611 118.560 31.505 -35.796 120.389 31.149 -35.231 120.245
3 0 31.149 -35.231 120.245 34.459 -34.080 118.379 34.848 -34.611 118.560
3 0 34.459 -34.080 118.379 31.149 -35.231 120.245 30.902 -34.601 120.336
3 0 30.902 -34.601 120.336 34.171 -33.462 118.429 34.459 -34.080 118.379
3 0 34.171 -33.462 118.429 30.902 -34.601 120.336 30.800 -34.003 120.648
3 0 30.800 -34.003 120.648 34.029 -32.853 118.702 34.171 -33.462 118.429
3 0 34.029 -32.853 118.702 30.800 -34.003 120.648 30.859 -33.526 121.133
3 0 30.859 -33.526 121.133 34.053 -32.345 119.157 34.029 -32.853 118.702
3 0 34.053 -32.345 119.157 30.859 -33.526 121.133 31.070 -33.244 121.718
3 0 31.070 -33.244 121.718 34.240 -32.014 119.725 34.053 -32.345 119.157
3 0 34.240 -32.014 119.725 31.070 -33.244 121.718 31.401 -33.200 122.314
3 0 31.401 -33.200 122.314 34.561 -31.913 120.318 34.240 -32.014 119.725
3 0 34.561 -31.913 120.318 31.401 -33.200 122.314 31.802 -33.400 122.829
3 0 31.802 -33.400 122.829 34.969 -32.055 120.848 34.561 -31.913 120.318
3 0 37.134 -33.887 122.781 37.158 -33.379 123.236 33.918 -35.004 125.108
3 0 33.918 -35.004 125.108 33.859 -35.481 124.623 37.134 -33.887 122.781
3 0 36.947 -34.217 122.213 37.134 -33.887 122.781 33.859 -35.481 124.623
3 0 33.859 -35.481 124.623 33.648 -35.763 124.038 36.947 -34.217 122.213
3 0 36.626 -34.319 121.619 36.947 -34.217 122.213 33.648 -35.763 124.038
3 0 33.648 -35.763 124.038 33.317 -35.807 123.443 36.626 -34.319 121.619
3 0 36.218 -34.177 121.090 36.626 -34.319 121.619 33.317 -35.807 123.443
3 0 33.317 -35.807 123.443 32.916 -35.607 122.927 36.218 -34.177 121.090
3 0 34.993 -31.546 121.303 34.969 -32.055 120.848 31.802 -33.400 122.829
3 0 31.802 -33.400 122.829 31.861 -32.923 123.314 34.993 -31.546 121.303
3 0 35.180 -31.216 121.870 34.993 -31.546 121.303 31.861 -32.923 123.314
3 0 31.861 -32.923 123.314 32.072 -32.641 123.899 35.180 -31.216 121.870
3 0 35.501 -31.114 122.464 35.180 -31.216 121.870 32.072 -32.641 123.899
3 0 32.072 -32.641 123.899 32.403 -32.597 124.495 35.501 -31.114 122.464
3 0 35.909 -31.256 122.993 35.501 -31.114 122.464 32.403 -32.597 124.495
3 0 32.403 -32.597 124.495 32.804 -32.797 125.010 35.909 -31.256 122.993
3 0 38.074 -33.089 124.926 38.098 -32.580 125.381 34.920 -34.401 127.289
3 0 34.920 -34.401 127.289 34.861 -34.878 126.804 38.074 -33.089 124.926
3 0 37.887 -33.419 124.358 38.074 -33.089 124.926 34.861 -34.878 126.804
3 0 34.861 -34.878 126.804 34.650 -35.160 126.219 37.887 -33.419 124.358
3 0 37.565 -33.521 123.764 37.887 -33.419 124.358 34.650 -35.160 126.219
3 0 34.650 -35.160 126.219 34.319 -35.204 125.623 37.565 -33.521 123.764
3 0 37.158 -33.379 123.236 37.565 -33.521 123.764 34.319 -35.204 125.623
3 0 34.319 -35.204 125.623 33.918 -35.004 125.108 37.158 -33.379 123.236
3 0 35.932 -30.748 123.448 35.909 -31.256 122.993 32.804 -32.797 125.010
3 0 32.804 -32.797 125.010 32.863 -32.320 125.495 35.932 -30.748 123.448
3 0 36.119 -30.418 124.015 35.932 -30.748 123.448 32.863 -32.320 125.495
3 0 32.863 -32.320 125.495 33.074 -32.038 126.080 36.119 -30.418 124.015
3 0 36.441 -30.316 124.609 36.119 -30.418 124.015 33.074 -32.038 126.080
3 0 33.074 -32.038 126.080 33.405 -31.994 126.675 36.441 -30.316 124.609
3 0 36.848 -30.458 125.138 36.441 -30.316 124.609 33.405 -31.994 126.675
3 0 33.405 -31.994 126.675 33.806 -32.194 127.191 36.848 -30.458 125.138
3 0 36.848 -30.458 125.138 33.806 -32.194 127.191 33.865 -31.717 127.676
3 0 33.865 -31.717 127.676 36.872 -29.949 125.593 36.848 -30.458 125.138
3 0 36.872 -29.949 125.593 33.865 -31.717 127.676 34.076 -31.435 128.261
3 0 34.076 -31.435 128.261 37.059 -29.619 126.161 36.872 -29.949 125.593
3 0 37.059 -29.619 126.161 34.076 -31.435 128.261 34.407 -31.391 128.856
3 0 34.407 -31.391 128.856 37.381 -29.517 126.755 37.059 -29.619 126.161
3 0 37.381 -29.517 126.755 34.407 -31.391 128.856 34.808 -31.591 129.372
3 0 34.808 -31.591 129.372 37.788 -29.660 127.284 37.381 -29.517 126.755
3 0 37.788 -29.660 127.284 34.808 -31.591 129.372 35.217 -32.005 129.729
3 0 35.217 -32.005 129.729 38.219 -30.024 127.669 37.788 -29.660 127.284
3 0 38.219 -30.024 127.669 35.217 -32.005 129.729 35.573 -32.570 129.873
3 0 35.573 -32.570 129.873 38.608 -30.555 127.850 38.219 -30.024 127.669
3 0 38.608 -30.555 127.850 35.573 -32.570 129.873 35.820 -33.200 129.782
3 0 35.820 -33.200 129.782 38.895 -31.173 127.800 38.608 -30.555 127.850
3 0 38.895 -31.173 127.800 35.820 -33.200 129.782 35.922 -33.798 129.470
3 0 35.922 -33.798 129.470 39.038 -31.782 127.526 38.895 -31.173 127.800
3 0 39.038 -31.782 127.526 35.922 -33.798 129.470 35.863 -34.275 128.985
3 0 35.863 -34.275 128.985 39.014 -32.290 127.071 39.038 -31.782 127.526
3 0 39.014 -32.290 127.071 35.863 -34.275 128.985 35.652 -34.557 128.400
3 0 35.652 -34.557 128.400 38.827 -32.621 126.504 39.014 -32.290 127.071
3 0 38.827 -32.621 126.504 35.652 -34.557 128.400 35.321 -34.601 127.804
3 0 35.321 -34.601 127.804 38.505 -32.722 125.910 38.827 -32.621 126.504
3 0 38.505 -32.722 125.910 35.321 -34.601 127.804 34.920 -34.401 127.289
3 0 34.920 -34.401 127.289 38.098 -32.580 125.381 38.505 -32.722 125.910
3 0 39.434 -32.636 119.177 36.218 -34.177 121.090 36.194 -34.686 120.635
3 0 36.194 -34.686 120.635 39.441 -33.167 118.748 39.434 -32.636 119.177
3 0 39.441 -33.167 118.748 36.194 -34.686 120.635 36.007 -35.016 120.067
3 0 36.007 -35.016 120.067 39.278 -33.535 118.197 39.441 -33.167 118.748
3 0 39.278 -33.535 118.197 36.007 -35.016 120.067 35.686 -35.118 119.474
3 0 35.686 -35.118 119.474 38.968 -33.684 117.607 39.278 -33.535 118.197
3 0 38.968 -33.684 117.607 35.686 -35.118 119.474 35.278 -34.976 118.944
3 0 35.278 -34.976 118.944 38.559 -33.591 117.068 38.968 -33.684 117.607
3 0 38.559 -33.591 117.068 35.278 -34.976 118.944 34.848 -34.611 118.560
3 0 34.848 -34.611 118.560 38.113 -33.270 116.662 38.559 -33.591 117.068
3 0 38.113 -33.270 116.662 34.848 -34.611 118.560 34.459 -34.080 118.379
3 0 34.459 -34.080 118.379 37.698 -32.770 116.452 38.113 -33.270 116.662
3 0 37.698 -32.770 116.452 34.459 -34.080 118.379 34.171 -33.462 118.429
3 0 34.171 -33.462 118.429 37.377 -32.168 116.468 37.698 -32.770 116.452
3 0 37.377 -32.168 116.468 34.171 -33.462 118.429 34.029 -32.853 118.702
3 0 34.029 -32.853 118.702 37.200 -31.554 116.709 37.377 -32.168 116.468
3 0 37.200 -31.554 116.709 34.029 -32.853 118.702 34.053 -32.345 119.157
3 0 34.053 -32.345 119.157 37.192 -31.023 117.138 37.200 -31.554 116.709
3 0 37.192 -31.023 117.138 34.053 -32.345 119.157 34.240 -32.014 119.725
3 0 34.240 -32.014 119.725 37.356 -30.655 117.689 37.192 -31.023 117.138
3 0 37.356 -30.655 117.689 34.240 -32.014 119.725 34.561 -31.913 120.318
3 0 34.561 -31.913 120.318 37.666 -30.506 118.279 37.356 -30.655 117.689
3 0 37.666 -30.506 118.279 34.561 -31.913 120.318 34.969 -32.055 120.848
3 0 34.969 -32.055 120.848 38.075 -30.599 118.818 37.666 -30.506 118.279
3 0 40.316 -32.212 120.857 40.308 -31.681 121.286 37.158 -33.379 123.236
3 0 37.158 -33.379 123.236 37.134 -33.887 122.781 40.316 -32.212 120.857
3 0 40.153 -32.580 120.306 40.316 -32.212 120.857 37.134 -33.887 122.781
3 0 37.134 -33.887 122.781 36.947 -34.217 122.213 40.153 -32.580 120.306
3 0 39.843 -32.729 119.716 40.153 -32.580 120.306 36.947 -34.217 122.213
3 0 36.947 -34.217 122.213 36.626 -34.319 121.619 39.843 -32.729 119.716
3 0 39.434 -32.636 119.177 39.843 -32.729 119.716 36.626 -34.319 121.619
3 0 36.626 -34.319 121.619 36.218 -34.177 121.090 39.434 -32.636 119.177
3 0 38.067 -30.068 119.247 38.075 -30.599 118.818 34.969 -32.055 120.848
3 0 34.969 -32.055 120.848 34.993 -31.546 121.303 38.067 -30.068 119.247
3 0 38.231 -29.700 119.798 38.067 -30.068 119.247 34.993 -31.546 121.303
3 0 34.993 -31.546 121.303 35.180 -31.216 121.870 38.231 -29.700 119.798
3 0 38.540 -29.551 120.388 38.231 -29.700 119.798 35.180 -31.216 121.870
3 0 35.180 -31.216 121.870 35.501 -31.114 122.464 38.540 -29.551 120.388
3 0 38.949 -29.644 120.927 38.540 -29.551 120.388 35.501 -31.114 122.464
3 0 35.501 -31.114 122.464 35.909 -31.256 122.993 38.949 -29.644 120.927
3 0 41.191 -31.258 122.965 41.183 -30.726 123.394 38.098 -32.580 125.381
3 0 38.098 -32.580 125.381 38.074 -33.089 124.926 41.191 -31.258 122.965
3 0 41.027 -31.626 122.414 41.191 -31.258 122.965 38.074 -33.089 124.926
3 0 38.074 -33.089 124.926 37.887 -33.419 124.358 41.027 -31.626 122.414
3 0 40.717 -31.774 121.824 41.027 -31.626 122.414 37.887 -33.419 124.358
3 0 37.887 -33.419 124.358 37.565 -33.521 123.764 40.717 -31.774 121.824
3 0 40.308 -31.681 121.286 40.717 -31.774 121.824 37.565 -33.521 123.764
3 0 37.565 -33.521 123.764 37.158 -33.379 123.236 40.308 -31.681 121.286
3 0 38.941 -29.113 121.355 38.949 -29.644 120.927 35.909 -31.256 122.993
3 0 35.909 -31.256 122.993 35.932 -30.748 123.448 38.941 -29.113 121.355
3 0 39.105 -28.745 121.907 38.941 -29.113 121.355 35.932 -30.748 123.448
3 0 35.932 -30.748 123.448 36.119 -30.418 124.015 39.105 -28.745 121.907
3 0 39.415 -28.596 122.497 39.105 -28.745 121.907 36.119 -30.418 124.015
3 0 36.119 -30.418 124.015 36.441 -30.316 124.609 39.415 -28.596 122.497
3 0 39.824 -28.689 123.035 39.415 -28.596 122.497 36.441 -30.316 124.609
3 0 36.441 -30.316 124.609 36.848 -30.458 125.138 39.824 -28.689 123.035
3 0 39.824 -28.689 123.035 36.848 -30.458 125.138 36.872 -29.949 125.593
3 0 36.872 -29.949 125.593 39.816 -28.158 123.464 39.824 -28.689 123.035
3 0 39.816 -28.158 123.464 36.872 -29.949 125.593 37.059 -29.619 126.161
3 0 37.059 -29.619 126.161 39.980 -27.790 124.016 39.816 -28.158 123.464
3 0 39.980 -27.790 124.016 37.059 -29.619 126.161 37.381 -29.517 126.755
3 0 37.381 -29.517 126.755 40.290 -27.641 124.606 39.980 -27.790 124.016
3 0 40.290 -27.641 124.606 37.381 -29.517 126.755 37.788 -29.660 127.284
3 0 37.788 -29.660 127.284 40.699 -27.734 125.144 40.290 -27.641 124.606
3 0 40.699 -27.734 125.144 37.788 -29.660 127.284 38.219 -30.024 127.669
3 0 38.219 -30.024 127.669 41.145 -28.055 125.550 40.699 -27.734 125.144
3 0 41.145 -28.055 125.550 38.219 -30.024 127.669 38.608 -30.555 127.850
3 0 38.608 -30.555 127.850 41.559 -28.555 125.760 41.145 -28.055 125.550
3 0 41.559 -28.555 125.760 38.608 -30.555 127.850 38.895 -31.173 127.800
3 0 38.895 -31.173 127.800 41.880 -29.157 125.744 41.559 -28.555 125.760
3 0 41.880 -29.157 125.744 38.895 -31.173 127.800 39.038 -31.782 127.526
3 0 39.038 -31.782 127.526 42.058 -29.771 125.503 41.880 -29.157 125.744
3 0 42.058 -29.771 125.503 39.038 -31.782 127.526 39.014 -32.290 127.071
3 0 39.014 -32.290 127.071 42.065 -30.302 125.074 42.058 -29.771 125.503
3 0 42.065 -30.302 125.074 39.014 -32.290 127.071 38.827 -32.621 126.504
3 0 38.827 -32.621 126.504 41.902 -30.671 124.523 42.065 -30.302 125.074
3 0 41.902 -30.671 124.523 38.827 -32.621 126.504 38.505 -32.722 125.910
3 0 38.505 -32.722 125.910 41.592 -30.819 123.933 41.902 -30.671 124.523
3 0 41.592 -30.819 123.933 38.505 -32.722 125.910 38.098 -32.580 125.381
3 0 38.098 -32.580 125.381 41.183 -30.726 123.394 41.592 -30.819 123.933
3 0 42.570 -31.007 117.200 39.434 -32.636 119.177 39.441 -33.167 118.748
3 0 39.441 -33.167 118.748 42.605 -31.554 116.793 42.570 -31.007 117.200
3 0 42.605 -31.554 116.793 39.441 -33.167 118.748 39.278 -33.535 118.197
3 0 39.278 -33.535 118.197 42.464 -31.952 116.257 42.605 -31.554 116.793
3 0 42.464 -31.952 116.257 39.278 -33.535 118.197 38.968 -33.684 117.607
3 0 38.968 -33.684 117.607 42.166 -32.139 115.671 42.464 -31.952 116.257
3 0 42.166 -32.139 115.671 38.968 -33.684 117.607 38.559 -33.591 117.068
3 0 38.559 -33.591 117.068 41.758 -32.087 115.126 42.166 -32.139 115.671
3 0 41.758 -32.087 115.126 38.559 -33.591 117.068 38.113 -33.270 116.662
3 0 38.113 -33.270 116.662 41.302 -31.804 114.705 41.758 -32.087 115.126
3 0 41.302 -31.804 114.705 38.113 -33.270 116.662 37.698 -32.770 116.452
3 0 37.698 -32.770 116.452 40.866 -31.333 114.471 41.302 -31.804 114.705
3 0 40.866 -31.333 114.471 37.698 -32.770 116.452 37.377 -32.168 116.468
3 0 37.377 -32.168 116.468 40.518 -30.746 114.460 40.866 -31.333 114.471
3 0 40.518 -30.746 114.460 37.377 -32.168 116.468 37.200 -31.554 116.709
3 0 37.200 -31.554 116.709 40.311 -30.131 114.674 40.518 -30.746 114.460
3 0 40.311 -30.131 114.674 37.200 -31.554 116.709 37.192 -31.023 117.138
3 0 37.192 -31.023 117.138 40.275 -29.584 115.080 40.311 -30.131 114.674
3 0 40.275 -29.584 115.080 37.192 -31.023 117.138 37.356 -30.655 117.689
3 0 37.356 -30.655 117.689 40.417 -29.186 115.617 40.275 -29.584 115.080
3 0 40.417 -29.186 115.617 37.356 -30.655 117.689 37.666 -30.506 118.279
3 0 37.666 -30.506 118.279 40.714 -28.999 116.202 40.417 -29.186 115.617
3 0 40.714 -28.999 116.202 37.666 -30.506 118.279 38.075 -30.599 118.818
3 0 38.075 -30.599 118.818 41.122 -29.051 116.747 40.714 -28.999 116.202
3 0 43.417 -30.474 118.867 43.381 -29.926 119.273 40.308 -31.681 121.286
3 0 40.308 -31.681 121.286 40.316 -32.212 120.857 43.417 -30.474 118.867
3 0 43.275 -30.872 118.330 43.417 -30.474 118.867 40.316 -32.212 120.857
3 0 40.316 -32.212 120.857 40.153 -32.580 120.306 43.275 -30.872 118.330
3 0 42.978 -31.059 117.745 43.275 -30.872 118.330 40.153 -32.580 120.306
3 0 40.153 -32.580 120.306 39.843 -32.729 119.716 42.978 -31.059 117.745
3 0 42.570 -31.007 117.200 42.978 -31.059 117.745 39.843 -32.729 119.716
3 0 39.843 -32.729 119.716 39.434 -32.636 119.177 42.570 -31.007 117.200
3 0 41.087 -28.503 117.153 41.122 -29.051 116.747 38.075 -30.599 118.818
3 0 38.075 -30.599 118.818 38.067 -30.068 119.247 41.087 -28.503 117.153
3 0 41.228 -28.106 117.690 41.087 -28.503 117.153 38.067 -30.068 119.247
3 0 38.067 -30.068 119.247 38.231 -29.700 119.798 41.228 -28.106 117.690
3 0 41.526 -27.919 118.276 41.228 -28.106 117.690 38.231 -29.700 119.798
3 0 38.231 -29.700 119.798 38.540 -29.551 120.388 41.526 -27.919 118.276
3 0 41.934 -27.971 118.821 41.526 -27.919 118.276 38.540 -29.551 120.388
3 0 38.540 -29.551 120.388 38.949 -29.644 120.927 41.934 -27.971 118.821
3 0 44.228 -29.394 120.939 44.193 -28.846 121.346 41.183 -30.726 123.394
3 0 41.183 -30.726 123.394 41.191 -31.258 122.965 44.228 -29.394 120.939
3 0 44.087 -29.792 120.403 44.228 -29.394 120.939 41.191 -31.258 122.965
3 0 41.191 -31.258 122.965 41.027 -31.626 122.414 44.087 -29.792 120.403
3 0 43.789 -29.979 119.817 44.087 -29.792 120.403 41.027 -31.626 122.414
3 0 41.027 -31.626 122.414 40.717 -31.774 121.824 43.789 -29.979 119.817
3 0 43.381 -29.926 119.273 43.789 -29.979 119.817 40.717 -31.774 121.824
3 0 40.717 -31.774 121.824 40.308 -31.681 121.286 43.381 -29.926 119.273
3 0 41.898 -27.423 119.226 41.934 -27.971 118.821 38.949 -29.644 120.927
3 0 38.949 -29.644 120.927 38.941 -29.113 121.355 41.898 -27.423 119.226
3 0 42.040 -27.026 119.763 41.898 -27.423 119.226 38.941 -29.113 121.355
3 0 38.941 -29.113 121.355 39.105 -28.745 121.907 42.040 -27.026 119.763
3 0 42.337 -26.839 120.348 42.040 -27.026 119.763 39.105 -28.745 121.907
3 0 39.105 -28.745 121.907 39.415 -28.596 122.497 42.337 -26.839 120.348
3 0 42.745 -26.891 120.893 42.337 -26.839 120.348 39.415 -28.596 122.497
3 0 39.415 -28.596 122.497 39.824 -28.689 123.035 42.745 -26.891 120.893
3 0 42.745 -26.891 120.893 39.824 -28.689 123.035 39.816 -28.158 123.464
3 0 39.816 -28.158 123.464 42.710 -26.343 121.300 42.745 -26.891 120.893
3 0 42.710 -26.343 121.300 39.816 -28.158 123.464 39.980 -27.790 124.016
3 0 39.980 -27.790 124.016 42.851 -25.945 121.836 42.710 -26.343 121.300
3 0 42.851 -25.945 121.836 39.980 -27.790 124.016 40.290 -27.641 124.606
3 0 40.290 -27.641 124.606 43.149 -25.758 122.422 42.851 -25.945 121.836
3 0 43.149 -25.758 122.422 40.290 -27.641 124.606 40.699 -27.734 125.144
3 0 40.699 -27.734 125.144 43.557 -25.810 122.967 43.149 -25.758 122.422
3 0 43.557 -25.810 122.967 40.699 -27.734 125.144 41.145 -28.055 125.550
3 0 41.145 -28.055 125.550 44.013 -26.093 123.388 43.557 -25.810 122.967
3 0 44.013 -26.093 123.388 41.145 -28.055 125.550 41.559 -28.555 125.760
3 0 41.559 -28.555 125.760 44.449 -26.564 123.622 44.013 -26.093 123.388
3 0 44.449 -26.564 123.622 41.559 -28.555 125.760 41.880 -29.157 125.744
3 0 41.880 -29.157 125.744 44.797 -27.152 123.633 44.449 -26.564 123.622
3 0 44.797 -27.152 123.633 41.880 -29.157 125.744 42.058 -29.771 125.503
3 0 42.058 -29.771 125.503 45.004 -27.766 123.419 44.797 -27.152 123.633
3 0 45.004 -27.766 123.419 42.058 -29.771 125.503 42.065 -30.302 125.074
3 0 42.065 -30.302 125.074 45.040 -28.313 123.013 45.004 -27.766 123.419
3 0 45.040 -28.313 123.013 42.065 -30.302 125.074 41.902 -30.671 124.523
3 0 41.902 -30.671 124.523 44.898 -28.711 122.476 45.040 -28.313 123.013
3 0 44.898 -28.711 122.476 41.902 -30.671 124.523 41.592 -30.819 123.933
3 0 41.592 -30.819 123.933 44.601 -28.898 121.891 44.898 -28.711 122.476
3 0 44.601 -28.898 121.891 41.592 -30.819 123.933 41.183 -30.726 123.394
3 0 41.183 -30.726 123.394 44.193 -28.846 121.346 44.601 -28.898 121.891
3 0 45.703 -29.869 114.785 45.641 -29.310 115.172 42.570 -31.007 117.200
3 0 42.570 -31.007 117.200 42.605 -31.554 116.793 45.703 -29.869 114.785
3 0 45.582 -30.292 114.262 45.703 -29.869 114.785 42.605 -31.554 116.793
3 0 42.605 -31.554 116.793 42.464 -31.952 116.257 45.582 -30.292 114.262
3 0 45.297 -30.512 113.683 45.582 -30.292 114.262 42.464 -31.952 116.257
3 0 42.464 -31.952 116.257 42.166 -32.139 115.671 45.297 -30.512 113.683
3 0 44.890 -30.497 113.134 45.297 -30.512 113.683 42.166 -32.139 115.671
3 0 42.166 -32.139 115.671 41.758 -32.087 115.126 44.890 -30.497 113.134
3 0 44.424 -30.249 112.701 44.890 -30.497 113.134 41.758 -32.087 115.126
3 0 41.758 -32.087 115.126 41.302 -31.804 114.705 44.424 -30.249 112.701
3 0 43.970 -29.806 112.448 44.424 -30.249 112.701 41.302 -31.804 114.705
3 0 41.302 -31.804 114.705 40.866 -31.333 114.471 43.970 -29.806 112.448
3 0 43.597 -29.235 112.415 43.970 -29.806 112.448 40.866 -31.333 114.471
3 0 40.866 -31.333 114.471 40.518 -30.746 114.460 43.597 -29.235 112.415
3 0 43.362 -28.624 112.606 43.597 -29.235 112.415 40.518 -30.746 114.460
3 0 40.518 -30.746 114.460 40.311 -30.131 114.674 43.362 -28.624 112.606
3 0 43.300 -28.064 112.992 43.362 -28.624 112.606 40.311 -30.131 114.674
3 0 40.311 -30.131 114.674 40.275 -29.584 115.080 43.300 -28.064 112.992
3 0 43.421 -27.642 113.515 43.300 -28.064 112.992 40.275 -29.584 115.080
3 0 40.275 -29.584 115.080 40.417 -29.186 115.617 43.421 -27.642 113.515
3 0 43.707 -27.421 114.095 43.421 -27.642 113.515 40.417 -29.186 115.617
3 0 40.417 -29.186 115.617 40.714 -28.999 116.202 43.707 -27.421 114.095
3 0 44.113 -27.436 114.643 43.707 -27.421 114.095 40.714 -28.999 116.202
3 0 40.714 -28.999 116.202 41.122 -29.051 116.747 44.113 -27.436 114.643
3 0 43.417 -30.474 118.867 46.455 -28.682 116.823 46.393 -28.123 117.209
3 0 46.393 -28.123 117.209 43.381 -29.926 119.273 43.417 -30.474 118.867
3 0 43.275 -30.872 118.330 46.334 -29.104 116.300 46.455 -28.682 116.823
3 0 46.455 -28.682 116.823 43.417 -30.474 118.867 43.275 -30.872 118.330
3 0 42.978 -31.059 117.745 46.048 -29.325 115.720 46.334 -29.104 116.300
3 0 46.334 -29.104 116.300 43.275 -30.872 118.330 42.978 -31.059 117.745
3 0 42.570 -31.007 117.200 45.641 -29.310 115.172 46.048 -29.325 115.720
3 0 46.048 -29.325 115.720 42.978 -31.059 117.745 42.570 -31.007 117.200
3 0 41.087 -28.503 117.153 44.051 -26.877 115.030 44.113 -27.436 114.643
3 0 44.113 -27.436 114.643 41.122 -29.051 116.747 41.087 -28.503 117.153
3 0 41.228 -28.106 117.690 44.172 -26.455 115.553 44.051 -26.877 115.030
3 0 44.051 -26.877 115.030 41.087 -28.503 117.153 41.228 -28.106 117.690
3 0 41.526 -27.919 118.276 44.458 -26.234 116.132 44.172 -26.455 115.553
3 0 44.172 -26.455 115.553 41.228 -28.106 117.690 41.526 -27.919 118.276
3 0 41.934 -27.971 118.821 44.865 -26.249 116.681 44.458 -26.234 116.132
3 0 44.458 -26.234 116.132 41.526 -27.919 118.276 41.934 -27.971 118.821
3 0 44.228 -29.394 120.939 47.206 -27.495 118.859 47.144 -26.936 119.246
3 0 47.144 -26.936 119.246 44.193 -28.846 121.346 44.228 -29.394 120.939
3 0 44.087 -29.792 120.403 47.085 -27.917 118.336 47.206 -27.495 118.859
3 0 47.206 -27.495 118.859 44.228 -29.394 120.939 44.087 -29.792 120.403
3 0 43.789 -29.979 119.817 46.799 -28.138 117.757 47.085 -27.917 118.336
3 0 47.085 -27.917 118.336 44.087 -29.792 120.403 43.789 -29.979 119.817
3 0 43.381 -29.926 119.273 46.393 -28.123 117.209 46.799 -28.138 117.757
3 0 46.799 -28.138 117.757 43.789 -29.979 119.817 43.381 -29.926 119.273
3 0 41.898 -27.423 119.226 44.803 -25.690 117.066 44.865 -26.249 116.681
3 0 44.865 -26.249 116.681 41.934 -27.971 118.821 41.898 -27.423 119.226
3 0 42.040 -27.026 119.763 44.924 -25.268 117.589 44.803 -25.690 117.066
3 0 44.803 -25.690 117.066 41.898 -27.423 119.226 42.040 -27.026 119.763
3 0 42.337 -26.839 120.348 45.209 -25.047 118.169 44.924 -25.268 117.589
3 0 44.924 -25.268 117.589 42.040 -27.026 119.763 42.337 -26.839 120.348
3 0 42.745 -26.891 120.893 45.616 -25.062 118.717 45.209 -25.047 118.169
3 0 45.209 -25.047 118.169 42.337 -26.839 120.348 42.745 -26.891 120.893
3 0 45.554 -24.502 119.104 45.616 -25.062 118.717 42.745 -26.891 120.893
3 0 42.745 -26.891 120.893 42.710 -26.343 121.300 45.554 -24.502 119.104
3 0 45.675 -24.080 119.627 45.554 -24.502 119.104 42.710 -26.343 121.300
3 0 42.710 -26.343 121.300 42.851 -25.945 121.836 45.675 -24.080 119.627
3 0 45.961 -23.860 120.206 45.675 -24.080 119.627 42.851 -25.945 121.836
3 0 42.851 -25.945 121.836 43.149 -25.758 122.422 45.961 -23.860 120.206
3 0 46.367 -23.875 120.755 45.961 -23.860 120.206 43.149 -25.758 122.422
3 0 43.149 -25.758 122.422 43.557 -25.810 122.967 46.367 -23.875 120.755
3 0 46.833 -24.122 121.188 46.367 -23.875 120.755 43.557 -25.810 122.967
3 0 43.557 -25.810 122.967 44.013 -26.093 123.388 46.833 -24.122 121.188
3 0 47.287 -24.566 121.441 46.833 -24.122 121.188 44.013 -26.093 123.388
3 0 44.013 -26.093 123.388 44.449 -26.564 123.622 47.287 -24.566 121.441
3 0 47.660 -25.136 121.474 47.287 -24.566 121.441 44.449 -26.564 123.622
3 0 44.449 -26.564 123.622 44.797 -27.152 123.633 47.660 -25.136 121.474
3 0 47.895 -25.748 121.283 47.660 -25.136 121.474 44.797 -27.152 123.633
3 0 44.797 -27.152 123.633 45.004 -27.766 123.419 47.895 -25.748 121.283
3 0 47.957 -26.308 120.897 47.895 -25.748 121.283 45.004 -27.766 123.419
3 0 45.004 -27.766 123.419 45.040 -28.313 123.013 47.957 -26.308 120.897
3 0 47.836 -26.730 120.374 47.957 -26.308 120.897 45.040 -28.313 123.013
3 0 45.040 -28.313 123.013 44.898 -28.711 122.476 47.836 -26.730 120.374
3 0 47.551 -26.950 119.794 47.836 -26.730 120.374 44.898 -28.711 122.476
3 0 44.898 -28.711 122.476 44.601 -28.898 121.891 47.551 -26.950 119.794
3 0 47.144 -26.936 119.246 47.551 -26.950 119.794 44.601 -28.898 121.891
3 0 44.601 -28.898 121.891 44.193 -28.846 121.346 47.144 -26.936 119.246
3 0 51.557 -25.730 110.951 45.641 -29.310 115.172 45.703 -29.869 114.785
3 0 45.703 -29.869 114.785 51.650 -26.300 110.588 51.557 -25.730 110.951
3 0 51.650 -26.300 110.588 45.703 -29.869 114.785 45.582 -30.292 114.262
3 0 45.582 -30.292 114.262 51.555 -26.748 110.081 51.650 -26.300 110.588
3 0 51.555 -26.748 110.081 45.582 -30.292 114.262 45.297 -30.512 113.683
3 0 45.297 -30.512 113.683 51.286 -27.006 109.509 51.555 -26.748 110.081
3 0 51.286 -27.006 109.509 45.297 -30.512 113.683 44.890 -30.497 113.134
3 0 44.890 -30.497 113.134 50.883 -27.034 108.959 51.286 -27.006 109.509
3 0 50.883 -27.034 108.959 44.890 -30.497 113.134 44.424 -30.249 112.701
3 0 44.424 -30.249 112.701 50.409 -26.827 108.513 50.883 -27.034 108.959
3 0 50.409 -26.827 108.513 44.424 -30.249 112.701 43.970 -29.806 112.448
3 0 43.970 -29.806 112.448 49.935 -26.418 108.240 50.409 -26.827 108.513
3 0 49.935 -26.418 108.240 43.970 -29.806 112.448 43.597 -29.235 112.415
3 0 43.597 -29.235 112.415 49.533 -25.869 108.182 49.935 -26.418 108.240
3 0 49.533 -25.869 108.182 43.597 -29.235 112.415 43.362 -28.624 112.606
3 0 43.362 -28.624 112.606 49.266 -25.263 108.347 49.533 -25.869 108.182
3 0 49.266 -25.263 108.347 43.362 -28.624 112.606 43.300 -28.064 112.992
3 0 43.300 -28.064 112.992 49.172 -24.693 108.710 49.266 -25.263 108.347
3 0 49.172 -24.693 108.710 43.300 -28.064 112.992 43.421 -27.642 113.515
3 0 43.421 -27.642 113.515 49.268 -24.245 109.217 49.172 -24.693 108.710
3 0 49.268 -24.245 109.217 43.421 -27.642 113.515 43.707 -27.421 114.095
3 0 43.707 -27.421 114.095 49.537 -23.987 109.789 49.268 -24.245 109.217
3 0 49.537 -23.987 109.789 43.707 -27.421 114.095 44.113 -27.436 114.643
3 0 44.113 -27.436 114.643 49.940 -23.959 110.339 49.537 -23.987 109.789
3 0 52.325 -24.996 112.580 52.231 -24.425 112.944 46.393 -28.123 117.209
3 0 46.393 -28.123 117.209 46.455 -28.682 116.823 52.325 -24.996 112.580
3 0 52.229 -25.444 112.074 52.325 -24.996 112.580 46.455 -28.682 116.823
3 0 46.455 -28.682 116.823 46.334 -29.104 116.300 52.229 -25.444 112.074
3 0 51.960 -25.702 111.502 52.229 -25.444 112.074 46.334 -29.104 116.300
3 0 46.334 -29.104 116.300 46.048 -29.325 115.720 51.960 -25.702 111.502
3 0 51.557 -25.730 110.951 51.960 -25.702 111.502 46.048 -29.325 115.720
3 0 46.048 -29.325 115.720 45.641 -29.310 115.172 51.557 -25.730 110.951
3 0 49.846 -23.389 110.703 49.940 -23.959 110.339 44.113 -27.436 114.643
3 0 44.113 -27.436 114.643 44.051 -26.877 115.030 49.846 -23.389 110.703
3 0 49.942 -22.940 111.209 49.846 -23.389 110.703 44.051 -26.877 115.030
3 0 44.051 -26.877 115.030 44.172 -26.455 115.553 49.942 -22.940 111.209
3 0 50.211 -22.683 111.781 49.942 -22.940 111.209 44.172 -26.455 115.553
3 0 44.172 -26.455 115.553 44.458 -26.234 116.132 50.211 -22.683 111.781
3 0 50.614 -22.655 112.332 50.211 -22.683 111.781 44.458 -26.234 116.132
3 0 44.458 -26.234 116.132 44.865 -26.249 116.681 50.614 -22.655 112.332
3 0 52.998 -23.692 114.572 52.905 -23.122 114.935 47.144 -26.936 119.246
3 0 47.144 -26.936 119.246 47.206 -27.495 118.859 52.998 -23.692 114.572
3 0 52.903 -24.140 114.066 52.998 -23.692 114.572 47.206 -27.495 118.859
3 0 47.206 -27.495 118.859 47.085 -27.917 118.336 52.903 -24.140 114.066
3 0 52.634 -24.398 113.494 52.903 -24.140 114.066 47.085 -27.917 118.336
3 0 47.085 -27.917 118.336 46.799 -28.138 117.757 52.634 -24.398 113.494
3 0 52.231 -24.425 112.944 52.634 -24.398 113.494 46.799 -28.138 117.757
3 0 46.799 -28.138 117.757 46.393 -28.123 117.209 52.231 -24.425 112.944
3 0 50.520 -22.085 112.695 50.614 -22.655 112.332 44.865 -26.249 116.681
3 0 44.865 -26.249 116.681 44.803 -25.690 117.066 50.520 -22.085 112.695
3 0 50.615 -21.637 113.201 50.520 -22.085 112.695 44.803 -25.690 117.066
3 0 44.803 -25.690 117.066 44.924 -25.268 117.589 50.615 -21.637 113.201
3 0 50.885 -21.379 113.773 50.615 -21.637 113.201 44.924 -25.268 117.589
3 0 44.924 -25.268 117.589 45.209 -25.047 118.169 50.885 -21.379 113.773
3 0 51.287 -21.351 114.324 50.885 -21.379 113.773 45.209 -25.047 118.169
3 0 45.209 -25.047 118.169 45.616 -25.062 118.717 51.287 -21.351 114.324
3 0 51.287 -21.351 114.324 45.616 -25.062 118.717 45.554 -24.502 119.104
3 0 45.554 -24.502 119.104 51.194 -20.781 114.687 51.287 -21.351 114.324
3 0 51.194 -20.781 114.687 45.554 -24.502 119.104 45.675 -24.080 119.627
3 0 45.675 -24.080 119.627 51.289 -20.333 115.194 51.194 -20.781 114.687
3 0 51.289 -20.333 115.194 45.675 -24.080 119.627 45.961 -23.860 120.206
3 0 45.961 -23.860 120.206 51.559 -20.075 115.766 51.289 -20.333 115.194
3 0 51.559 -20.075 115.766 45.961 -23.860 120.206 46.367 -23.875 120.755
3 0 46.367 -23.875 120.755 51.961 -20.047 116.316 51.559 -20.075 115.766
3 0 51.961 -20.047 116.316 46.367 -23.875 120.755 46.833 -24.122 121.188
3 0 46.833 -24.122 121.188 52.436 -20.254 116.762 51.961 -20.047 116.316
3 0 52.436 -20.254 116.762 46.833 -24.122 121.188 47.287 -24.566 121.441
3 0 47.287 -24.566 121.441 52.910 -20.662 117.035 52.436 -20.254 116.762
3 0 52.910 -20.662 117.035 47.287 -24.566 121.441 47.660 -25.136 121.474
3 0 47.660 -25.136 121.474 53.311 -21.212 117.093 52.910 -20.662 117.035
3 0 53.311 -21.212 117.093 47.660 -25.136 121.474 47.895 -25.748 121.283
3 0 47.895 -25.748 121.283 53.579 -21.818 116.928 53.311 -21.212 117.093
3 0 53.579 -21.818 116.928 47.895 -25.748 121.283 47.957 -26.308 120.897
3 0 47.957 -26.308 120.897 53.672 -22.388 116.565 53.579 -21.818 116.928
3 0 53.672 -22.388 116.565 47.957 -26.308 120.897 47.836 -26.730 120.374
3 0 47.836 -26.730 120.374 53.577 -22.836 116.058 53.672 -22.388 116.565
3 0 53.577 -22.836 116.058 47.836 -26.730 120.374 47.551 -26.950 119.794
3 0 47.551 -26.950 119.794 53.308 -23.094 115.486 53.577 -22.836 116.058
3 0 53.308 -23.094 115.486 47.551 -26.950 119.794 47.144 -26.936 119.246
3 0 47.144 -26.936 119.246 52.905 -23.122 114.935 53.308 -23.094 115.486
3 0 57.311 -22.010 106.623 51.557 -25.730 110.951 51.650 -26.300 110.588
3 0 51.650 -26.300 110.588 57.437 -22.589 106.283 57.311 -22.010 106.623
3 0 57.437 -22.589 106.283 51.650 -26.300 110.588 51.555 -26.748 110.081
3 0 51.555 -26.748 110.081 57.369 -23.060 105.794 57.437 -22.589 106.283
3 0 57.369 -23.060 105.794 51.555 -26.748 110.081 51.286 -27.006 109.509
3 0 51.286 -27.006 109.509 57.119 -23.354 105.231 57.369 -23.060 105.794
3 0 57.119 -23.354 105.231 51.286 -27.006 109.509 50.883 -27.034 108.959
3 0 50.883 -27.034 108.959 56.724 -23.423 104.678 57.119 -23.354 105.231
3 0 56.724 -23.423 104.678 50.883 -27.034 108.959 50.409 -26.827 108.513
3 0 50.409 -26.827 108.513 56.244 -23.259 104.221 56.724 -23.423 104.678
3 0 56.244 -23.259 104.221 50.409 -26.827 108.513 49.935 -26.418 108.240
3 0 49.935 -26.418 108.240 55.753 -22.886 103.929 56.244 -23.259 104.221
3 0 55.753 -22.886 103.929 49.935 -26.418 108.240 49.533 -25.869 108.182
3 0 49.533 -25.869 108.182 55.324 -22.361 103.846 55.753 -22.886 103.929
3 0 55.324 -22.361 103.846 49.533 -25.869 108.182 49.266 -25.263 108.347
3 0 49.266 -25.263 108.347 55.025 -21.763 103.985 55.324 -22.361 103.846
3 0 55.025 -21.763 103.985 49.266 -25.263 108.347 49.172 -24.693 108.710
3 0 49.172 -24.693 108.710 54.899 -21.184 104.324 55.025 -21.763 103.985
3 0 54.899 -21.184 104.324 49.172 -24.693 108.710 49.268 -24.245 109.217
3 0 49.268 -24.245 109.217 54.966 -20.713 104.813 54.899 -21.184 104.324
3 0 54.966 -20.713 104.813 49.268 -24.245 109.217 49.537 -23.987 109.789
3 0 49.537 -23.987 109.789 55.217 -20.419 105.377 54.966 -20.713 104.813
3 0 55.217 -20.419 105.377 49.537 -23.987 109.789 49.940 -23.959 110.339
3 0 49.940 -23.959 110.339 55.612 -20.350 105.929 55.217 -20.419 105.377
3 0 58.024 -21.175 108.228 57.898 -20.596 108.568 52.231 -24.425 112.944
3 0 52.231 -24.425 112.944 52.325 -24.996 112.580 58.024 -21.175 108.228
3 0 57.957 -21.647 107.739 58.024 -21.175 108.228 52.325 -24.996 112.580
3 0 52.325 -24.996 112.580 52.229 -25.444 112.074 57.957 -21.647 107.739
3 0 57.706 -21.940 107.175 57.957 -21.647 107.739 52.229 -25.444 112.074
3 0 52.229 -25.444 112.074 51.960 -25.702 111.502 57.706 -21.940 107.175
3 0 57.311 -22.010 106.623 57.706 -21.940 107.175 51.960 -25.702 111.502
3 0 51.960 -25.702 111.502 51.557 -25.730 110.951 57.311 -22.010 106.623
3 0 55.486 -19.771 106.269 55.612 -20.350 105.929 49.940 -23.959 110.339
3 0 49.940 -23.959 110.339 49.846 -23.389 110.703 55.486 -19.771 106.269
3 0 55.554 -19.299 106.758 55.486 -19.771 106.269 49.846 -23.389 110.703
3 0 49.846 -23.389 110.703 49.942 -22.940 111.209 55.554 -19.299 106.758
3 0 55.804 -19.006 107.322 55.554 -19.299 106.758 49.942 -22.940 111.209
3 0 49.942 -22.940 111.209 50.211 -22.683 111.781 55.804 -19.006 107.322
3 0 56.199 -18.936 107.874 55.804 -19.006 107.322 50.211 -22.683 111.781
3 0 50.211 -22.683 111.781 50.614 -22.655 112.332 56.199 -18.936 107.874
3 0 58.611 -19.762 110.172 58.486 -19.183 110.512 52.905 -23.122 114.935
3 0 52.905 -23.122 114.935 52.998 -23.692 114.572 58.611 -19.762 110.172
3 0 58.544 -20.234 109.683 58.611 -19.762 110.172 52.998 -23.692 114.572
3 0 52.998 -23.692 114.572 52.903 -24.140 114.066 58.544 -20.234 109.683
3 0 58.293 -20.527 109.119 58.544 -20.234 109.683 52.903 -24.140 114.066
3 0 52.903 -24.140 114.066 52.634 -24.398 113.494 58.293 -20.527 109.119
3 0 57.898 -20.596 108.568 58.293 -20.527 109.119 52.634 -24.398 113.494
3 0 52.634 -24.398 113.494 52.231 -24.425 112.944 57.898 -20.596 108.568
3 0 56.073 -18.358 108.213 56.199 -18.936 107.874 50.614 -22.655 112.332
3 0 50.614 -22.655 112.332 50.520 -22.085 112.695 56.073 -18.358 108.213
3 0 56.141 -17.886 108.702 56.073 -18.358 108.213 50.520 -22.085 112.695
3 0 50.520 -22.085 112.695 50.615 -21.637 113.201 56.141 -17.886 108.702
3 0 56.391 -17.593 109.266 56.141 -17.886 108.702 50.615 -21.637 113.201
3 0 50.615 -21.637 113.201 50.885 -21.379 113.773 56.391 -17.593 109.266
3 0 56.786 -17.523 109.818 56.391 -17.593 109.266 50.885 -21.379 113.773
3 0 50.885 -21.379 113.773 51.287 -21.351 114.324 56.786 -17.523 109.818
3 0 56.786 -17.523 109.818 51.287 -21.351 114.324 51.194 -20.781 114.687
3 0 51.194 -20.781 114.687 56.661 -16.944 110.158 56.786 -17.523 109.818
3 0 56.661 -16.944 110.158 51.194 -20.781 114.687 51.289 -20.333 115.194
3 0 51.289 -20.333 115.194 56.728 -16.472 110.647 56.661 -16.944 110.158
3 0 56.728 -16.472 110.647 51.289 -20.333 115.194 51.559 -20.075 115.766
3 0 51.559 -20.075 115.766 56.979 -16.179 111.211 56.728 -16.472 110.647
3 0 56.979 -16.179 111.211 51.559 -20.075 115.766 51.961 -20.047 116.316
3 0 51.961 -20.047 116.316 57.374 -16.109 111.763 56.979 -16.179 111.211
3 0 57.374 -16.109 111.763 51.961 -20.047 116.316 52.436 -20.254 116.762
3 0 52.436 -20.254 116.762 57.854 -16.274 112.220 57.374 -16.109 111.763
3 0 57.854 -16.274 112.220 52.436 -20.254 116.762 52.910 -20.662 117.035
3 0 52.910 -20.662 117.035 58.345 -16.647 112.513 57.854 -16.274 112.220
3 0 58.345 -16.647 112.513 52.910 -20.662 117.035 53.311 -21.212 117.093
3 0 53.311 -21.212 117.093 58.773 -17.172 112.596 58.345 -16.647 112.513
3 0 58.773 -17.172 112.596 53.311 -21.212 117.093 53.579 -21.818 116.928
3 0 53.579 -21.818 116.928 59.073 -17.770 112.457 58.773 -17.172 112.596
3 0 59.073 -17.770 112.457 53.579 -21.818 116.928 53.672 -22.388 116.565
3 0 53.672 -22.388 116.565 59.199 -18.348 112.117 59.073 -17.770 112.457
3 0 59.199 -18.348 112.117 53.672 -22.388 116.565 53.577 -22.836 116.058
3 0 53.577 -22.836 116.058 59.131 -18.820 111.628 59.199 -18.348 112.117
3 0 59.131 -18.820 111.628 53.577 -22.836 116.058 53.308 -23.094 115.486
3 0 53.308 -23.094 115.486 58.881 -19.113 111.064 59.131 -18.820 111.628
3 0 58.881 -19.113 111.064 53.308 -23.094 115.486 52.905 -23.122 114.935
3 0 52.905 -23.122 114.935 58.486 -19.183 110.512 58.881 -19.113 111.064
3 0 62.711 -18.989 102.142 62.560 -18.406 102.464 57.311 -22.010 106.623
3 0 57.311 -22.010 106.623 57.437 -22.589 106.283 62.711 -18.989 102.142
3 0 62.665 -19.477 101.666 62.711 -18.989 102.142 57.437 -22.589 106.283
3 0 57.437 -22.589 106.283 57.369 -23.060 105.794 62.665 -19.477 101.666
3 0 62.430 -19.795 101.110 62.665 -19.477 101.666 57.369 -23.060 105.794
3 0 57.369 -23.060 105.794 57.119 -23.354 105.231 62.430 -19.795 101.110
3 0 62.041 -19.896 100.558 62.430 -19.795 101.110 57.119 -23.354 105.231
3 0 57.119 -23.354 105.231 56.724 -23.423 104.678 62.041 -19.896 100.558
3 0 61.558 -19.765 100.094 62.041 -19.896 100.558 56.724 -23.423 104.678
3 0 56.724 -23.423 104.678 56.244 -23.259 104.221 61.558 -19.765 100.094
3 0 61.054 -19.420 99.788 61.558 -19.765 100.094 56.244 -23.259 104.221
3 0 56.244 -23.259 104.221 55.753 -22.886 103.929 61.054 -19.420 99.788
3 0 60.606 -18.915 99.688 61.054 -19.420 99.788 55.753 -22.886 103.929
3 0 55.753 -22.886 103.929 55.324 -22.361 103.846 60.606 -18.915 99.688
3 0 60.281 -18.326 99.809 60.606 -18.915 99.688 55.324 -22.361 103.846
3 0 55.324 -22.361 103.846 55.025 -21.763 103.985 60.281 -18.326 99.809
3 0 60.131 -17.743 100.132 60.281 -18.326 99.809 55.025 -21.763 103.985
3 0 55.025 -21.763 103.985 54.899 -21.184 104.324 60.131 -17.743 100.132
3 0 60.176 -17.256 100.607 60.131 -17.743 100.132 54.899 -21.184 104.324
3 0 54.899 -21.184 104.324 54.966 -20.713 104.813 60.176 -17.256 100.607
3 0 60.411 -16.937 101.163 60.176 -17.256 100.607 54.966 -20.713 104.813
3 0 54.966 -20.713 104.813 55.217 -20.419 105.377 60.411 -16.937 101.163
3 0 60.800 -16.836 101.716 60.411 -16.937 101.163 55.217 -20.419 105.377
3 0 55.217 -20.419 105.377 55.612 -20.350 105.929 60.800 -16.836 101.716
3 0 58.024 -21.175 108.228 63.229 -17.499 104.049 63.078 -16.916 104.371
3 0 63.078 -16.916 104.371 57.898 -20.596 108.568 58.024 -21.175 108.228
3 0 57.957 -21.647 107.739 63.184 -17.986 103.573 63.229 -17.499 104.049
3 0 63.229 -17.499 104.049 58.024 -21.175 108.228 57.957 -21.647 107.739
3 0 57.706 -21.940 107.175 62.949 -18.305 103.017 63.184 -17.986 103.573
3 0 63.184 -17.986 103.573 57.957 -21.647 107.739 57.706 -21.940 107.175
3 0 57.311 -22.010 106.623 62.560 -18.406 102.464 62.949 -18.305 103.017
3 0 62.949 -18.305 103.017 57.706 -21.940 107.175 57.311 -22.010 106.623
3 0 55.486 -19.771 106.269 60.649 -16.253 102.038 60.800 -16.836 101.716
3 0 60.800 -16.836 101.716 55.612 -20.350 105.929 55.486 -19.771 106.269
3 0 55.554 -19.299 106.758 60.695 -15.765 102.514 60.649 -16.253 102.038
3 0 60.649 -16.253 102.038 55.486 -19.771 106.269 55.554 -19.299 106.758
3 0 55.804 -19.006 107.322 60.930 -15.447 103.070 60.695 -15.765 102.514
3 0 60.695 -15.765 102.514 55.554 -19.299 106.758 55.804 -19.006 107.322
3 0 56.199 -18.936 107.874 61.318 -15.346 103.623 60.930 -15.447 103.070
3 0 60.930 -15.447 103.070 55.804 -19.006 107.322 56.199 -18.936 107.874
3 0 58.611 -19.762 110.172 63.747 -16.009 105.955 63.597 -15.427 106.277
3 0 63.597 -15.427 106.277 58.486 -19.183 110.512 58.611 -19.762 110.172
3 0 58.544 -20.234 109.683 63.702 -16.497 105.479 63.747 -16.009 105.955
3 0 63.747 -16.009 105.955 58.611 -19.762 110.172 58.544 -20.234 109.683
3 0 58.293 -20.527 109.119 63.467 -16.816 104.923 63.702 -16.497 105.479
3 0 63.702 -16.497 105.479 58.544 -20.234 109.683 58.293 -20.527 109.119
3 0 57.898 -20.596 108.568 63.078 -16.916 104.371 63.467 -16.816 104.923
3 0 63.467 -16.816 104.923 58.293 -20.527 109.119 57.898 -20.596 108.568
3 0 56.073 -18.358 108.213 61.167 -14.764 103.945 61.318 -15.346 103.623
3 0 61.318 -15.346 103.623 56.199 -18.936 107.874 56.073 -18.358 108.213
3 0 56.141 -17.886 108.702 61.213 -14.276 104.420 61.167 -14.764 103.945
3 0 61.167 -14.764 103.945 56.073 -18.358 108.213 56.141 -17.886 108.702
3 0 56.391 -17.593 109.266 61.448 -13.957 104.976 61.213 -14.276 104.420
3 0 61.213 -14.276 104.420 56.141 -17.886 108.702 56.391 -17.593 109.266
3 0 56.786 -17.523 109.818 61.837 -13.856 105.529 61.448 -13.957 104.976
3 0 61.448 -13.957 104.976 56.391 -17.593 109.266 56.786 -17.523 109.818
3 0 61.686 -13.273 105.851 61.837 -13.856 105.529 56.786 -17.523 109.818
3 0 56.786 -17.523 109.818 56.661 -16.944 110.158 61.686 -13.273 105.851
3 0 61.731 -12.786 106.327 61.686 -13.273 105.851 56.661 -16.944 110.158
3 0 56.661 -16.944 110.158 56.728 -16.472 110.647 61.731 -12.786 106.327
3 0 61.966 -12.467 106.883 61.731 -12.786 106.327 56.728 -16.472 110.647
3 0 56.728 -16.472 110.647 56.979 -16.179 111.211 61.966 -12.467 106.883
3 0 62.355 -12.366 107.435 61.966 -12.467 106.883 56.979 -16.179 111.211
3 0 56.979 -16.179 111.211 57.374 -16.109 111.763 62.355 -12.366 107.435
3 0 62.838 -12.498 107.900 62.355 -12.366 107.435 57.374 -16.109 111.763
3 0 57.374 -16.109 111.763 57.854 -16.274 112.220 62.838 -12.498 107.900
3 0 63.342 -12.843 108.205 62.838 -12.498 107.900 57.854 -16.274 112.220
3 0 57.854 -16.274 112.220 58.345 -16.647 112.513 63.342 -12.843 108.205
3 0 63.791 -13.348 108.305 63.342 -12.843 108.205 58.345 -16.647 112.513
3 0 58.345 -16.647 112.513 58.773 -17.172 112.596 63.791 -13.348 108.305
3 0 64.115 -13.936 108.184 63.791 -13.348 108.305 58.773 -17.172 112.596
3 0 58.773 -17.172 112.596 59.073 -17.770 112.457 64.115 -13.936 108.184
3 0 64.266 -14.519 107.862 64.115 -13.936 108.184 59.073 -17.770 112.457
3 0 59.073 -17.770 112.457 59.199 -18.348 112.117 64.266 -14.519 107.862
3 0 64.220 -15.007 107.386 64.266 -14.519 107.862 59.199 -18.348 112.117
3 0 59.199 -18.348 112.117 59.131 -18.820 111.628 64.220 -15.007 107.386
3 0 63.985 -15.325 106.830 64.220 -15.007 107.386 59.131 -18.820 111.628
3 0 59.131 -18.820 111.628 58.881 -19.113 111.064 63.985 -15.325 106.830
3 0 63.597 -15.427 106.277 63.985 -15.325 106.830 58.881 -19.113 111.064
3 0 58.881 -19.113 111.064 58.486 -19.183 110.512 63.597 -15.427 106.277
3 0 68.178 -15.047 97.628 68.007 -14.463 97.938 62.560 -18.406 102.464
3 0 62.560 -18.406 102.464 62.711 -18.989 102.142 68.178 -15.047 97.628
3 0 68.150 -15.546 97.163 68.178 -15.047 97.628 62.711 -18.989 102.142
3 0 62.711 -18.989 102.142 62.665 -19.477 101.666 68.150 -15.546 97.163
3 0 67.928 -15.884 96.613 68.150 -15.546 97.163 62.665 -19.477 101.666
3 0 62.665 -19.477 101.666 62.430 -19.795 101.110 67.928 -15.884 96.613
3 0 67.544 -16.010 96.063 67.928 -15.884 96.613 62.430 -19.795 101.110
3 0 62.430 -19.795 101.110 62.041 -19.896 100.558 67.544 -16.010 96.063
3 0 67.057 -15.905 95.595 67.544 -16.010 96.063 62.041 -19.896 100.558
3 0 62.041 -19.896 100.558 61.558 -19.765 100.094 67.057 -15.905 95.595
3 0 66.542 -15.584 95.282 67.057 -15.905 95.595 61.558 -19.765 100.094
3 0 61.558 -19.765 100.094 61.054 -19.420 99.788 66.542 -15.584 95.282
3 0 66.077 -15.096 95.171 66.542 -15.584 95.282 61.054 -19.420 99.788
3 0 61.054 -19.420 99.788 60.606 -18.915 99.688 66.077 -15.096 95.171
3 0 65.733 -14.517 95.279 66.077 -15.096 95.171 60.606 -18.915 99.688
3 0 60.606 -18.915 99.688 60.281 -18.326 99.809 65.733 -14.517 95.279
3 0 65.561 -13.933 95.589 65.733 -14.517 95.279 60.281 -18.326 99.809
3 0 60.281 -18.326 99.809 60.131 -17.743 100.132 65.561 -13.933 95.589
3 0 65.589 -13.434 96.054 65.561 -13.933 95.589 60.131 -17.743 100.132
3 0 60.131 -17.743 100.132 60.176 -17.256 100.607 65.589 -13.434 96.054
3 0 65.812 -13.096 96.604 65.589 -13.434 96.054 60.176 -17.256 100.607
3 0 60.176 -17.256 100.607 60.411 -16.937 101.163 65.812 -13.096 96.604
3 0 66.196 -12.970 97.154 65.812 -13.096 96.604 60.411 -16.937 101.163
3 0 60.411 -16.937 101.163 60.800 -16.836 101.716 66.196 -12.970 97.154
3 0 63.229 -17.499 104.049 68.641 -13.500 99.504 68.470 -12.917 99.814
3 0 68.470 -12.917 99.814 63.078 -16.916 104.371 63.229 -17.499 104.049
3 0 63.184 -17.986 103.573 68.614 -13.999 99.039 68.641 -13.500 99.504
3 0 68.641 -13.500 99.504 63.229 -17.499 104.049 63.184 -17.986 103.573
3 0 62.949 -18.305 103.017 68.391 -14.337 98.489 68.614 -13.999 99.039
3 0 68.614 -13.999 99.039 63.184 -17.986 103.573 62.949 -18.305 103.017
3 0 62.560 -18.406 102.464 68.007 -14.463 97.938 68.391 -14.337 98.489
3 0 68.391 -14.337 98.489 62.949 -18.305 103.017 62.560 -18.406 102.464
3 0 60.649 -16.253 102.038 66.024 -12.386 97.465 66.196 -12.970 97.154
3 0 66.196 -12.970 97.154 60.800 -16.836 101.716 60.649 -16.253 102.038
3 0 60.695 -15.765 102.514 66.052 -11.888 97.930 66.024 -12.386 97.465
3 0 66.024 -12.386 97.465 60.649 -16.253 102.038 60.695 -15.765 102.514
3 0 60.930 -15.447 103.070 66.275 -11.549 98.480 66.052 -11.888 97.930
3 0 66.052 -11.888 97.930 60.695 -15.765 102.514 60.930 -15.447 103.070
3 0 61.318 -15.346 103.623 66.659 -11.424 99.030 66.275 -11.549 98.480
3 0 66.275 -11.549 98.480 60.930 -15.447 103.070 61.318 -15.346 103.623
3 0 63.747 -16.009 105.955 69.104 -11.954 101.379 68.933 -11.371 101.689
3 0 68.933 -11.371 101.689 63.597 -15.427 106.277 63.747 -16.009 105.955
3 0 63.702 -16.497 105.479 69.077 -12.453 100.914 69.104 -11.954 101.379
3 0 69.104 -11.954 101.379 63.747 -16.009 105.955 63.702 -16.497 105.479
3 0 63.467 -16.816 104.923 68.854 -12.791 100.364 69.077 -12.453 100.914
3 0 69.077 -12.453 100.914 63.702 -16.497 105.479 63.467 -16.816 104.923
3 0 63.078 -16.916 104.371 68.470 -12.917 99.814 68.854 -12.791 100.364
3 0 68.854 -12.791 100.364 63.467 -16.816 104.923 63.078 -16.916 104.371
3 0 61.167 -14.764 103.945 66.487 -10.840 99.340 66.659 -11.424 99.030
3 0 66.659 -11.424 99.030 61.318 -15.346 103.623 61.167 -14.764 103.945
3 0 61.213 -14.276 104.420 66.515 -10.341 99.805 66.487 -10.840 99.340
3 0 66.487 -10.840 99.340 61.167 -14.764 103.945 61.213 -14.276 104.420
3 0 61.448 -13.957 104.976 66.738 -10.003 100.355 66.515 -10.341 99.805
3 0 66.515 -10.341 99.805 61.213 -14.276 104.420 61.448 -13.957 104.976
3 0 61.837 -13.856 105.529 67.122 -9.877 100.905 66.738 -10.003 100.355
3 0 66.738 -10.003 100.355 61.448 -13.957 104.976 61.837 -13.856 105.529
3 0 66.950 -9.294 101.216 67.122 -9.877 100.905 61.837 -13.856 105.529
3 0 61.837 -13.856 105.529 61.686 -13.273 105.851 66.950 -9.294 101.216
3 0 66.978 -8.795 101.681 66.950 -9.294 101.216 61.686 -13.273 105.851
3 0 61.686 -13.273 105.851 61.731 -12.786 106.327 66.978 -8.795 101.681
3 0 67.201 -8.457 102.231 66.978 -8.795 101.681 61.731 -12.786 106.327
3 0 61.731 -12.786 106.327 61.966 -12.467 106.883 67.201 -8.457 102.231
3 0 67.585 -8.331 102.781 67.201 -8.457 102.231 61.966 -12.467 106.883
3 0 61.966 -12.467 106.883 62.355 -12.366 107.435 67.585 -8.331 102.781
3 0 68.072 -8.436 103.248 67.585 -8.331 102.781 62.355 -12.366 107.435
3 0 62.355 -12.366 107.435 62.838 -12.498 107.900 68.072 -8.436 103.248
3 0 68.587 -8.757 103.562 68.072 -8.436 103.248 62.838 -12.498 107.900
3 0 62.838 -12.498 107.900 63.342 -12.843 108.205 68.587 -8.757 103.562
3 0 69.052 -9.244 103.673 68.587 -8.757 103.562 63.342 -12.843 108.205
3 0 63.342 -12.843 108.205 63.791 -13.348 108.305 69.052 -9.244 103.673
3 0 69.396 -9.824 103.565 69.052 -9.244 103.673 63.791 -13.348 108.305
3 0 63.791 -13.348 108.305 64.115 -13.936 108.184 69.396 -9.824 103.565
3 0 69.568 -10.408 103.255 69.396 -9.824 103.565 64.115 -13.936 108.184
3 0 64.115 -13.936 108.184 64.266 -14.519 107.862 69.568 -10.408 103.255
3 0 69.540 -10.906 102.790 69.568 -10.408 103.255 64.266 -14.519 107.862
3 0 64.266 -14.519 107.862 64.220 -15.007 107.386 69.540 -10.906 102.790
3 0 69.317 -11.245 102.240 69.540 -10.906 102.790 64.220 -15.007 107.386
3 0 64.220 -15.007 107.386 63.985 -15.325 106.830 69.317 -11.245 102.240
3 0 68.933 -11.371 101.689 69.317 -11.245 102.240 63.985 -15.325 106.830
3 0 63.985 -15.325 106.830 63.597 -15.427 106.277 68.933 -11.371 101.689
3 0 76.125 -8.981 90.706 75.933 -8.397 91.005 68.007 -14.463 97.938
3 0 68.007 -14.463 97.938 68.178 -15.047 97.628 76.125 -8.981 90.706
3 0 76.114 -9.489 90.250 76.125 -8.981 90.706 68.178 -15.047 97.628
3 0 68.178 -15.047 97.628 68.150 -15.546 97.163 76.114 -9.489 90.250
3 0 75.903 -9.844 89.707 76.114 -9.489 90.250 68.150 -15.546 97.163
3 0 68.150 -15.546 97.163 67.928 -15.884 96.613 75.903 -9.844 89.707
3 0 75.523 -9.994 89.159 75.903 -9.844 89.707 67.928 -15.884 96.613
3 0 67.928 -15.884 96.613 67.544 -16.010 96.063 75.523 -9.994 89.159
3 0 75.033 -9.914 88.690 75.523 -9.994 89.159 67.544 -16.010 96.063
3 0 67.544 -16.010 96.063 67.057 -15.905 95.595 75.033 -9.914 88.690
3 0 74.508 -9.617 88.372 75.033 -9.914 88.690 67.057 -15.905 95.595
3 0 67.057 -15.905 95.595 66.542 -15.584 95.282 74.508 -9.617 88.372
3 0 74.026 -9.148 88.252 74.508 -9.617 88.372 66.542 -15.584 95.282
3 0 66.542 -15.584 95.282 66.077 -15.096 95.171 74.026 -9.148 88.252
3 0 73.662 -8.578 88.349 74.026 -9.148 88.252 66.077 -15.096 95.171
3 0 66.077 -15.096 95.171 65.733 -14.517 95.279 73.662 -8.578 88.349
3 0 73.470 -7.995 88.649 73.662 -8.578 88.349 65.733 -14.517 95.279
3 0 65.733 -14.517 95.279 65.561 -13.933 95.589 73.470 -7.995 88.649
3 0 73.481 -7.487 89.105 73.470 -7.995 88.649 65.561 -13.933 95.589
3 0 65.561 -13.933 95.589 65.589 -13.434 96.054 73.481 -7.487 89.105
3 0 73.692 -7.131 89.648 73.481 -7.487 89.105 65.589 -13.434 96.054
3 0 65.589 -13.434 96.054 65.812 -13.096 96.604 73.692 -7.131 89.648
3 0 74.072 -6.982 90.195 73.692 -7.131 89.648 65.812 -13.096 96.604
3 0 65.812 -13.096 96.604 66.196 -12.970 97.154 74.072 -6.982 90.195
3 0 68.641 -13.500 99.504 76.535 -7.384 92.552 76.343 -6.801 92.852
3 0 76.343 -6.801 92.852 68.470 -12.917 99.814 68.641 -13.500 99.504
3 0 68.614 -13.999 99.039 76.524 -7.892 92.096 76.535 -7.384 92.552
3 0 76.535 -7.384 92.552 68.641 -13.500 99.504 68.614 -13.999 99.039
3 0 68.391 -14.337 98.489 76.313 -8.248 91.553 76.524 -7.892 92.096
3 0 76.524 -7.892 92.096 68.614 -13.999 99.039 68.391 -14.337 98.489
3 0 68.007 -14.463 97.938 75.933 -8.397 91.005 76.313 -8.248 91.553
3 0 76.313 -8.248 91.553 68.391 -14.337 98.489 68.007 -14.463 97.938
3 0 66.024 -12.386 97.465 73.880 -6.399 90.495 74.072 -6.982 90.195
3 0 74.072 -6.982 90.195 66.196 -12.970 97.154 66.024 -12.386 97.465
3 0 66.052 -11.888 97.930 73.891 -5.891 90.951 73.880 -6.399 90.495
3 0 73.880 -6.399 90.495 66.024 -12.386 97.465 66.052 -11.888 97.930
3 0 66.275 -11.549 98.480 74.102 -5.535 91.494 73.891 -5.891 90.951
3 0 73.891 -5.891 90.951 66.052 -11.888 97.930 66.275 -11.549 98.480
3 0 66.659 -11.424 99.030 74.482 -5.386 92.042 74.102 -5.535 91.494
3 0 74.102 -5.535 91.494 66.275 -11.549 98.480 66.659 -11.424 99.030
3 0 69.104 -11.954 101.379 76.945 -5.789 94.398 76.753 -5.206 94.698
3 0 76.753 -5.206 94.698 68.933 -11.371 101.689 69.104 -11.954 101.379
3 0 69.077 -12.453 100.914 76.934 -6.297 93.942 76.945 -5.789 94.398
3 0 76.945 -5.789 94.398 69.104 -11.954 101.379 69.077 -12.453 100.914
3 0 68.854 -12.791 100.364 76.723 -6.653 93.399 76.934 -6.297 93.942
3 0 76.934 -6.297 93.942 69.077 -12.453 100.914 68.854 -12.791 100.364
3 0 68.470 -12.917 99.814 76.343 -6.801 92.852 76.723 -6.653 93.399
3 0 76.723 -6.653 93.399 68.854 -12.791 100.364 68.470 -12.917 99.814
3 0 66.487 -10.840 99.340 74.290 -4.803 92.341 74.482 -5.386 92.042
3 0 74.482 -5.386 92.042 66.659 -11.424 99.030 66.487 -10.840 99.340
3 0 66.515 -10.341 99.805 74.301 -4.295 92.797 74.290 -4.803 92.341
3 0 74.290 -4.803 92.341 66.487 -10.840 99.340 66.515 -10.341 99.805
3 0 66.738 -10.003 100.355 74.512 -3.940 93.340 74.301 -4.295 92.797
3 0 74.301 -4.295 92.797 66.515 -10.341 99.805 66.738 -10.003 100.355
3 0 67.122 -9.877 100.905 74.892 -3.790 93.888 74.512 -3.940 93.340
3 0 74.512 -3.940 93.340 66.738 -10.003 100.355 67.122 -9.877 100.905
3 0 74.701 -3.207 94.187 74.892 -3.790 93.888 67.122 -9.877 100.905
3 0 67.122 -9.877 100.905 66.950 -9.294 101.216 74.701 -3.207 94.187
3 0 74.711 -2.699 94.643 74.701 -3.207 94.187 66.950 -9.294 101.216
3 0 66.950 -9.294 101.216 66.978 -8.795 101.681 74.711 -2.699 94.643
3 0 74.923 -2.343 95.186 74.711 -2.699 94.643 66.978 -8.795 101.681
3 0 66.978 -8.795 101.681 67.201 -8.457 102.231 74.923 -2.343 95.186
3 0 75.302 -2.194 95.734 74.923 -2.343 95.186 67.201 -8.457 102.231
3 0 67.201 -8.457 102.231 67.585 -8.331 102.781 75.302 -2.194 95.734
3 0 75.792 -2.274 96.203 75.302 -2.194 95.734 67.585 -8.331 102.781
3 0 67.585 -8.331 102.781 68.072 -8.436 103.248 75.792 -2.274 96.203
3 0 76.318 -2.571 96.521 75.792 -2.274 96.203 68.072 -8.436 103.248
3 0 68.072 -8.436 103.248 68.587 -8.757 103.562 76.318 -2.571 96.521
3 0 76.799 -3.040 96.641 76.318 -2.571 96.521 68.587 -8.757 103.562
3 0 68.587 -8.757 103.562 69.052 -9.244 103.673 76.799 -3.040 96.641
3 0 77.164 -3.609 96.544 76.799 -3.040 96.641 69.052 -9.244 103.673
3 0 69.052 -9.244 103.673 69.396 -9.824 103.565 77.164 -3.609 96.544
3 0 77.355 -4.193 96.245 77.164 -3.609 96.544 69.396 -9.824 103.565
3 0 69.396 -9.824 103.565 69.568 -10.408 103.255 77.355 -4.193 96.245
3 0 77.344 -4.701 95.789 77.355 -4.193 96.245 69.568 -10.408 103.255
3 0 69.568 -10.408 103.255 69.540 -10.906 102.790 77.344 -4.701 95.789
3 0 77.133 -5.056 95.245 77.344 -4.701 95.789 69.540 -10.906 102.790
3 0 69.540 -10.906 102.790 69.317 -11.245 102.240 77.133 -5.056 95.245
3 0 76.753 -5.206 94.698 77.133 -5.056 95.245 69.317 -11.245 102.240
3 0 69.317 -11.245 102.240 68.933 -11.371 101.689 76.753 -5.206 94.698
3 0 83.838 -2.763 83.657 83.629 -2.182 83.947 75.933 -8.397 91.005
3 0 75.933 -8.397 91.005 76.125 -8.981 90.706 83.838 -2.763 83.657
3 0 83.843 -3.279 83.209 83.838 -2.763 83.657 76.125 -8.981 90.706
3 0 76.125 -8.981 90.706 76.114 -9.489 90.250 83.843 -3.279 83.209
3 0 83.643 -3.650 82.672 83.843 -3.279 83.209 76.114 -9.489 90.250
3 0 76.114 -9.489 90.250 75.903 -9.844 89.707 83.643 -3.650 82.672
3 0 83.268 -3.819 82.127 83.643 -3.650 82.672 75.903 -9.844 89.707
3 0 75.903 -9.844 89.707 75.523 -9.994 89.159 83.268 -3.819 82.127
3 0 82.776 -3.763 81.657 83.268 -3.819 82.127 75.523 -9.994 89.159
3 0 75.523 -9.994 89.159 75.033 -9.914 88.690 82.776 -3.763 81.657
3 0 82.241 -3.487 81.334 82.776 -3.763 81.657 75.033 -9.914 88.690
3 0 75.033 -9.914 88.690 74.508 -9.617 88.372 82.241 -3.487 81.334
3 0 81.745 -3.036 81.207 82.241 -3.487 81.334 74.508 -9.617 88.372
3 0 74.508 -9.617 88.372 74.026 -9.148 88.252 81.745 -3.036 81.207
3 0 81.363 -2.477 81.296 81.745 -3.036 81.207 74.026 -9.148 88.252
3 0 74.026 -9.148 88.252 73.662 -8.578 88.349 81.363 -2.477 81.296
3 0 81.153 -1.895 81.586 81.363 -2.477 81.296 73.662 -8.578 88.349
3 0 73.662 -8.578 88.349 73.470 -7.995 88.649 81.153 -1.895 81.586
3 0 81.148 -1.380 82.033 81.153 -1.895 81.586 73.470 -7.995 88.649
3 0 73.470 -7.995 88.649 73.481 -7.487 89.105 81.148 -1.380 82.033
3 0 81.348 -1.009 82.571 81.148 -1.380 82.033 73.481 -7.487 89.105
3 0 73.481 -7.487 89.105 73.692 -7.131 89.648 81.348 -1.009 82.571
3 0 81.723 -0.839 83.115 81.348 -1.009 82.571 73.692 -7.131 89.648
3 0 73.692 -7.131 89.648 74.072 -6.982 90.195 81.723 -0.839 83.115
3 0 76.535 -7.384 92.552 84.198 -1.125 85.477 83.989 -0.543 85.767
3 0 83.989 -0.543 85.767 76.343 -6.801 92.852 76.535 -7.384 92.552
3 0 76.524 -7.892 92.096 84.203 -1.640 85.029 84.198 -1.125 85.477
3 0 84.198 -1.125 85.477 76.535 -7.384 92.552 76.524 -7.892 92.096
3 0 76.313 -8.248 91.553 84.003 -2.011 84.492 84.203 -1.640 85.029
3 0 84.203 -1.640 85.029 76.524 -7.892 92.096 76.313 -8.248 91.553
3 0 75.933 -8.397 91.005 83.629 -2.182 83.947 84.003 -2.011 84.492
3 0 84.003 -2.011 84.492 76.313 -8.248 91.553 75.933 -8.397 91.005
3 0 73.880 -6.399 90.495 81.514 -0.257 83.406 81.723 -0.839 83.115
3 0 81.723 -0.839 83.115 74.072 -6.982 90.195 73.880 -6.399 90.495
3 0 73.891 -5.891 90.951 81.509 0.258 83.853 81.514 -0.257 83.406
3 0 81.514 -0.257 83.406 73.880 -6.399 90.495 73.891 -5.891 90.951
3 0 74.102 -5.535 91.494 81.709 0.629 84.391 81.509 0.258 83.853
3 0 81.509 0.258 83.853 73.891 -5.891 90.951 74.102 -5.535 91.494
3 0 74.482 -5.386 92.042 82.083 0.799 84.936 81.709 0.629 84.391
3 0 81.709 0.629 84.391 74.102 -5.535 91.494 74.482 -5.386 92.042
3 0 76.945 -5.789 94.398 84.558 0.512 87.296 84.349 1.094 87.586
3 0 84.349 1.094 87.586 76.753 -5.206 94.698 76.945 -5.789 94.398
3 0 76.934 -6.297 93.942 84.564 -0.003 86.848 84.558 0.512 87.296
3 0 84.558 0.512 87.296 76.945 -5.789 94.398 76.934 -6.297 93.942
3 0 76.723 -6.653 93.399 84.364 -0.374 86.311 84.564 -0.003 86.848
3 0 84.564 -0.003 86.848 76.934 -6.297 93.942 76.723 -6.653 93.399
3 0 76.343 -6.801 92.852 83.989 -0.543 85.767 84.364 -0.374 86.311
3 0 84.364 -0.374 86.311 76.723 -6.653 93.399 76.343 -6.801 92.852
3 0 74.290 -4.803 92.341 81.874 1.380 85.225 82.083 0.799 84.936
3 0 82.083 0.799 84.936 74.482 -5.386 92.042 74.290 -4.803 92.341
3 0 74.301 -4.295 92.797 81.869 1.896 85.673 81.874 1.380 85.225
3 0 81.874 1.380 85.225 74.290 -4.803 92.341 74.301 -4.295 92.797
3 0 74.512 -3.940 93.340 82.069 2.267 86.210 81.869 1.896 85.673
3 0 81.869 1.896 85.673 74.301 -4.295 92.797 74.512 -3.940 93.340
3 0 74.892 -3.790 93.888 82.443 2.437 86.755 82.069 2.267 86.210
3 0 82.069 2.267 86.210 74.512 -3.940 93.340 74.892 -3.790 93.888
3 0 82.234 3.018 87.045 82.443 2.437 86.755 74.892 -3.790 93.888
3 0 74.892 -3.790 93.888 74.701 -3.207 94.187 82.234 3.018 87.045
3 0 82.229 3.534 87.493 82.234 3.018 87.045 74.701 -3.207 94.187
3 0 74.701 -3.207 94.187 74.711 -2.699 94.643 82.229 3.534 87.493
3 0 82.429 3.905 88.030 82.229 3.534 87.493 74.711 -2.699 94.643
3 0 74.711 -2.699 94.643 74.923 -2.343 95.186 82.429 3.905 88.030
3 0 82.804 4.075 88.575 82.429 3.905 88.030 74.923 -2.343 95.186
3 0 74.923 -2.343 95.186 75.302 -2.194 95.734 82.804 4.075 88.575
3 0 83.296 4.018 89.045 82.804 4.075 88.575 75.302 -2.194 95.734
3 0 75.302 -2.194 95.734 75.792 -2.274 96.203 83.296 4.018 89.045
3 0 83.831 3.743 89.367 83.296 4.018 89.045 75.792 -2.274 96.203
3 0 75.792 -2.274 96.203 76.318 -2.571 96.521 83.831 3.743 89.367
3 0 84.327 3.291 89.494 83.831 3.743 89.367 76.318 -2.571 96.521
3 0 76.318 -2.571 96.521 76.799 -3.040 96.641 84.327 3.291 89.494
3 0 84.709 2.732 89.406 84.327 3.291 89.494 76.799 -3.040 96.641
3 0 76.799 -3.040 96.641 77.164 -3.609 96.544 84.709 2.732 89.406
3 0 84.919 2.150 89.116 84.709 2.732 89.406 77.164 -3.609 96.544
3 0 77.164 -3.609 96.544 77.355 -4.193 96.245 84.919 2.150 89.116
3 0 84.924 1.635 88.668 84.919 2.150 89.116 77.355 -4.193 96.245
3 0 77.355 -4.193 96.245 77.344 -4.701 95.789 84.924 1.635 88.668
3 0 84.724 1.264 88.131 84.924 1.635 88.668 77.344 -4.701 95.789
3 0 77.344 -4.701 95.789 77.133 -5.056 95.245 84.724 1.264 88.131
3 0 84.349 1.094 87.586 84.724 1.264 88.131 77.133 -5.056 95.245
3 0 77.133 -5.056 95.245 76.753 -5.206 94.698 84.349 1.094 87.586
3 0 88.869 1.460 78.893 88.646 2.039 79.178 83.629 -2.182 83.947
3 0 83.629 -2.182 83.947 83.838 -2.763 83.657 88.869 1.460 78.893
3 0 88.885 0.940 78.451 88.869 1.460 78.893 83.838 -2.763 83.657
3 0 83.838 -2.763 83.657 83.843 -3.279 83.209 88.885 0.940 78.451
3 0 88.693 0.559 77.918 88.885 0.940 78.451 83.843 -3.279 83.209
3 0 83.843 -3.279 83.209 83.643 -3.650 82.672 88.693 0.559 77.918
3 0 88.320 0.374 77.376 88.693 0.559 77.918 83.643 -3.650 82.672
3 0 83.643 -3.650 82.672 83.268 -3.819 82.127 88.320 0.374 77.376
3 0 87.825 0.414 76.908 88.320 0.374 77.376 83.268 -3.819 82.127
3 0 83.268 -3.819 82.127 82.776 -3.763 81.657 87.825 0.414 76.908
3 0 87.283 0.673 76.584 87.825 0.414 76.908 82.776 -3.763 81.657
3 0 82.776 -3.763 81.657 82.241 -3.487 81.334 87.283 0.673 76.584
3 0 86.775 1.111 76.454 87.283 0.673 76.584 82.241 -3.487 81.334
3 0 82.241 -3.487 81.334 81.745 -3.036 81.207 86.775 1.111 76.454
3 0 86.380 1.661 76.538 86.775 1.111 76.454 81.745 -3.036 81.207
3 0 81.745 -3.036 81.207 81.363 -2.477 81.296 86.380 1.661 76.538
3 0 86.157 2.241 76.823 86.380 1.661 76.538 81.363 -2.477 81.296
3 0 81.363 -2.477 81.296 81.153 -1.895 81.586 86.157 2.241 76.823
3 0 86.141 2.760 77.265 86.157 2.241 76.823 81.153 -1.895 81.586
3 0 81.153 -1.895 81.586 81.148 -1.380 82.033 86.141 2.760 77.265
3 0 86.334 3.142 77.798 86.141 2.760 77.265 81.148 -1.380 82.033
3 0 81.148 -1.380 82.033 81.348 -1.009 82.571 86.334 3.142 77.798
3 0 86.706 3.326 78.340 86.334 3.142 77.798 81.348 -1.009 82.571
3 0 81.348 -1.009 82.571 81.723 -0.839 83.115 86.706 3.326 78.340
3 0 84.198 -1.125 85.477 89.195 3.125 80.695 88.972 3.704 80.980
3 0 88.972 3.704 80.980 83.989 -0.543 85.767 84.198 -1.125 85.477
3 0 84.203 -1.640 85.029 89.211 2.605 80.253 89.195 3.125 80.695
3 0 89.195 3.125 80.695 84.198 -1.125 85.477 84.203 -1.640 85.029
3 0 84.003 -2.011 84.492 89.019 2.224 79.720 89.211 2.605 80.253
3 0 89.211 2.605 80.253 84.203 -1.640 85.029 84.003 -2.011 84.492
3 0 83.629 -2.182 83.947 88.646 2.039 79.178 89.019 2.224 79.720
3 0 89.019 2.224 79.720 84.003 -2.011 84.492 83.629 -2.182 83.947
3 0 81.514 -0.257 83.406 86.483 3.906 78.625 86.706 3.326 78.340
3 0 86.706 3.326 78.340 81.723 -0.839 83.115 81.514 -0.257 83.406
3 0 81.509 0.258 83.853 86.467 4.425 79.067 86.483 3.906 78.625
3 0 86.483 3.906 78.625 81.514 -0.257 83.406 81.509 0.258 83.853
3 0 81.709 0.629 84.391 86.660 4.806 79.600 86.467 4.425 79.067
3 0 86.467 4.425 79.067 81.509 0.258 83.853 81.709 0.629 84.391
3 0 82.083 0.799 84.936 87.032 4.991 80.142 86.660 4.806 79.600
3 0 86.660 4.806 79.600 81.709 0.629 84.391 82.083 0.799 84.936
3 0 84.558 0.512 87.296 89.521 4.789 82.496 89.298 5.368 82.781
3 0 89.298 5.368 82.781 84.349 1.094 87.586 84.558 0.512 87.296
3 0 84.564 -0.003 86.848 89.537 4.269 82.054 89.521 4.789 82.496
3 0 89.521 4.789 82.496 84.558 0.512 87.296 84.564 -0.003 86.848
3 0 84.364 -0.374 86.311 89.345 3.888 81.521 89.537 4.269 82.054
3 0 89.537 4.269 82.054 84.564 -0.003 86.848 84.364 -0.374 86.311
3 0 83.989 -0.543 85.767 88.972 3.704 80.980 89.345 3.888 81.521
3 0 89.345 3.888 81.521 84.364 -0.374 86.311 83.989 -0.543 85.767
3 0 81.874 1.380 85.225 86.809 5.570 80.426 87.032 4.991 80.142
3 0 87.032 4.991 80.142 82.083 0.799 84.936 81.874 1.380 85.225
3 0 81.869 1.896 85.673 86.793 6.089 80.869 86.809 5.570 80.426
3 0 86.809 5.570 80.426 81.874 1.380 85.225 81.869 1.896 85.673
3 0 82.069 2.267 86.210 86.986 6.471 81.401 86.793 6.089 80.869
3 0 86.793 6.089 80.869 81.869 1.896 85.673 82.069 2.267 86.210
3 0 82.443 2.437 86.755 87.358 6.655 81.943 86.986 6.471 81.401
3 0 86.986 6.471 81.401 82.069 2.267 86.210 82.443 2.437 86.755
3 0 87.135 7.235 82.228 87.358 6.655 81.943 82.443 2.437 86.755
3 0 82.443 2.437 86.755 82.234 3.018 87.045 87.135 7.235 82.228
3 0 87.119 7.754 82.671 87.135 7.235 82.228 82.234 3.018 87.045
3 0 82.234 3.018 87.045 82.229 3.534 87.493 87.119 7.754 82.671
3 0 87.312 8.136 83.203 87.119 7.754 82.671 82.229 3.534 87.493
3 0 82.229 3.534 87.493 82.429 3.905 88.030 87.312 8.136 83.203
3 0 87.684 8.320 83.745 87.312 8.136 83.203 82.429 3.905 88.030
3 0 82.429 3.905 88.030 82.804 4.075 88.575 87.684 8.320 83.745
3 0 88.179 8.280 84.214 87.684 8.320 83.745 82.804 4.075 88.575
3 0 82.804 4.075 88.575 83.296 4.018 89.045 88.179 8.280 84.214
3 0 88.722 8.021 84.538 88.179 8.280 84.214 83.296 4.018 89.045
3 0 83.296 4.018 89.045 83.831 3.743 89.367 88.722 8.021 84.538
3 0 89.229 7.584 84.667 88.722 8.021 84.538 83.831 3.743 89.367
3 0 83.831 3.743 89.367 84.327 3.291 89.494 89.229 7.584 84.667
3 0 89.625 7.033 84.583 89.229 7.584 84.667 84.327 3.291 89.494
3 0 84.327 3.291 89.494 84.709 2.732 89.406 89.625 7.033 84.583
3 0 89.847 6.454 84.299 89.625 7.033 84.583 84.709 2.732 89.406
3 0 84.709 2.732 89.406 84.919 2.150 89.116 89.847 6.454 84.299
3 0 89.863 5.934 83.856 89.847 6.454 84.299 84.919 2.150 89.116
3 0 84.919 2.150 89.116 84.924 1.635 88.668 89.863 5.934 83.856
3 0 89.671 5.553 83.323 89.863 5.934 83.856 84.924 1.635 88.668
3 0 84.924 1.635 88.668 84.724 1.264 88.131 89.671 5.553 83.323
3 0 89.298 5.368 82.781 89.671 5.553 83.323 84.724 1.264 88.131
3 0 84.724 1.264 88.131 84.349 1.094 87.586 89.298 5.368 82.781
3 0 96.192 7.906 71.635 95.958 8.483 71.917 88.646 2.039 79.178
3 0 88.646 2.039 79.178 88.869 1.460 78.893 96.192 7.906 71.635
3 0 96.218 7.384 71.197 96.192 7.906 71.635 88.869 1.460 78.893
3 0 88.869 1.460 78.893 88.885 0.940 78.451 96.218 7.384 71.197
3 0 96.031 6.994 70.668 96.218 7.384 71.197 88.885 0.940 78.451
3 0 88.885 0.940 78.451 88.693 0.559 77.918 96.031 6.994 70.668
3 0 95.660 6.797 70.130 96.031 6.994 70.668 88.693 0.559 77.918
3 0 88.693 0.559 77.918 88.320 0.374 77.376 95.660 6.797 70.130
3 0 95.161 6.821 69.664 95.660 6.797 70.130 88.320 0.374 77.376
3 0 88.320 0.374 77.376 87.825 0.414 76.908 95.161 6.821 69.664
3 0 94.611 7.065 69.341 95.161 6.821 69.664 87.825 0.414 76.908
3 0 87.825 0.414 76.908 87.283 0.673 76.584 94.611 7.065 69.341
3 0 94.093 7.490 69.211 94.611 7.065 69.341 87.283 0.673 76.584
3 0 87.283 0.673 76.584 86.775 1.111 76.454 94.093 7.490 69.211
3 0 93.685 8.032 69.293 94.093 7.490 69.211 86.775 1.111 76.454
3 0 86.775 1.111 76.454 86.380 1.661 76.538 93.685 8.032 69.293
3 0 93.451 8.608 69.575 93.685 8.032 69.293 86.380 1.661 76.538
3 0 86.380 1.661 76.538 86.157 2.241 76.823 93.451 8.608 69.575
3 0 93.425 9.131 70.014 93.451 8.608 69.575 86.157 2.241 76.823
3 0 86.157 2.241 76.823 86.141 2.760 77.265 93.425 9.131 70.014
3 0 93.612 9.520 70.542 93.425 9.131 70.014 86.141 2.760 77.265
3 0 86.141 2.760 77.265 86.334 3.142 77.798 93.612 9.520 70.542
3 0 93.983 9.718 71.080 93.612 9.520 70.542 86.334 3.142 77.798
3 0 86.334 3.142 77.798 86.706 3.326 78.340 93.983 9.718 71.080
3 0 89.195 3.125 80.695 96.490 9.593 73.422 96.255 10.169 73.704
3 0 96.255 10.169 73.704 88.972 3.704 80.980 89.195 3.125 80.695
3 0 89.211 2.605 80.253 96.515 9.070 72.984 96.490 9.593 73.422
3 0 96.490 9.593 73.422 89.195 3.125 80.695 89.211 2.605 80.253
3 0 89.019 2.224 79.720 96.329 8.680 72.455 96.515 9.070 72.984
3 0 96.515 9.070 72.984 89.211 2.605 80.253 89.019 2.224 79.720
3 0 88.646 2.039 79.178 95.958 8.483 71.917 96.329 8.680 72.455
3 0 96.329 8.680 72.455 89.019 2.224 79.720 88.646 2.039 79.178
3 0 86.483 3.906 78.625 93.748 10.294 71.362 93.983 9.718 71.080
3 0 93.983 9.718 71.080 86.706 3.326 78.340 86.483 3.906 78.625
3 0 86.467 4.425 79.067 93.723 10.817 71.801 93.748 10.294 71.362
3 0 93.748 10.294 71.362 86.483 3.906 78.625 86.467 4.425 79.067
3 0 86.660 4.806 79.600 93.909 11.206 72.329 93.723 10.817 71.801
3 0 93.723 10.817 71.801 86.467 4.425 79.067 86.660 4.806 79.600
3 0 87.032 4.991 80.142 94.280 11.404 72.868 93.909 11.206 72.329
3 0 93.909 11.206 72.329 86.660 4.806 79.600 87.032 4.991 80.142
3 0 89.521 4.789 82.496 96.787 11.278 75.209 96.553 11.854 75.491
3 0 96.553 11.854 75.491 89.298 5.368 82.781 89.521 4.789 82.496
3 0 89.537 4.269 82.054 96.813 10.755 74.770 96.787 11.278 75.209
3 0 96.787 11.278 75.209 89.521 4.789 82.496 89.537 4.269 82.054
3 0 89.345 3.888 81.521 96.626 10.366 74.242 96.813 10.755 74.770
3 0 96.813 10.755 74.770 89.537 4.269 82.054 89.345 3.888 81.521
3 0 88.972 3.704 80.980 96.255 10.169 73.704 96.626 10.366 74.242
3 0 96.626 10.366 74.242 89.345 3.888 81.521 88.972 3.704 80.980
3 0 86.809 5.570 80.426 94.046 11.979 73.149 94.280 11.404 72.868
3 0 94.280 11.404 72.868 87.032 4.991 80.142 86.809 5.570 80.426
3 0 86.793 6.089 80.869 94.020 12.502 73.587 94.046 11.979 73.149
3 0 94.046 11.979 73.149 86.809 5.570 80.426 86.793 6.089 80.869
3 0 86.986 6.471 81.401 94.207 12.892 74.116 94.020 12.502 73.587
3 0 94.020 12.502 73.587 86.793 6.089 80.869 86.986 6.471 81.401
3 0 87.358 6.655 81.943 94.578 13.089 74.654 94.207 12.892 74.116
3 0 94.207 12.892 74.116 86.986 6.471 81.401 87.358 6.655 81.943
3 0 94.343 13.666 74.936 94.578 13.089 74.654 87.358 6.655 81.943
3 0 87.358 6.655 81.943 87.135 7.235 82.228 94.343 13.666 74.936
3 0 94.318 14.188 75.374 94.343 13.666 74.936 87.135 7.235 82.228
3 0 87.135 7.235 82.228 87.119 7.754 82.671 94.318 14.188 75.374
3 0 94.504 14.578 75.903 94.318 14.188 75.374 87.119 7.754 82.671
3 0 87.119 7.754 82.671 87.312 8.136 83.203 94.504 14.578 75.903
3 0 94.875 14.775 76.441 94.504 14.578 75.903 87.312 8.136 83.203
3 0 87.312 8.136 83.203 87.684 8.320 83.745 94.875 14.775 76.441
3 0 95.374 14.750 76.907 94.875 14.775 76.441 87.684 8.320 83.745
3 0 87.684 8.320 83.745 88.179 8.280 84.214 95.374 14.750 76.907
3 0 95.924 14.507 77.230 95.374 14.750 76.907 88.179 8.280 84.214
3 0 88.179 8.280 84.214 88.722 8.021 84.538 95.924 14.507 77.230
3 0 96.443 14.082 77.360 95.924 14.507 77.230 88.722 8.021 84.538
3 0 88.722 8.021 84.538 89.229 7.584 84.667 96.443 14.082 77.360
3 0 96.850 13.540 77.278 96.443 14.082 77.360 89.229 7.584 84.667
3 0 89.229 7.584 84.667 89.625 7.033 84.583 96.850 13.540 77.278
3 0 97.085 12.964 76.996 96.850 13.540 77.278 89.625 7.033 84.583
3 0 89.625 7.033 84.583 89.847 6.454 84.299 97.085 12.964 76.996
3 0 97.110 12.441 76.557 97.085 12.964 76.996 89.847 6.454 84.299
3 0 89.847 6.454 84.299 89.863 5.934 83.856 97.110 12.441 76.557
3 0 96.924 12.052 76.029 97.110 12.441 76.557 89.863 5.934 83.856
3 0 89.863 5.934 83.856 89.671 5.553 83.323 96.924 12.052 76.029
3 0 96.553 11.854 75.491 96.924 12.052 76.029 89.671 5.553 83.323
3 0 89.671 5.553 83.323 89.298 5.368 82.781 96.553 11.854 75.491
3 0 100.955 12.286 66.734 100.710 12.859 67.014 95.958 8.483 71.917
3 0 95.958 8.483 71.917 96.192 7.906 71.635 100.955 12.286 66.734
3 0 100.990 11.761 66.299 100.955 12.286 66.734 96.192 7.906 71.635
3 0 96.192 7.906 71.635 96.218 7.384 71.197 100.990 11.761 66.299
3 0 100.808 11.364 65.774 100.990 11.761 66.299 96.218 7.384 71.197
3 0 96.218 7.384 71.197 96.031 6.994 70.668 100.808 11.364 65.774
3 0 100.438 11.155 65.239 100.808 11.364 65.774 96.031 6.994 70.668
3 0 96.031 6.994 70.668 95.660 6.797 70.130 100.438 11.155 65.239
3 0 99.936 11.166 64.777 100.438 11.155 65.239 95.660 6.797 70.130
3 0 95.660 6.797 70.130 95.161 6.821 69.664 99.936 11.166 64.777
3 0 99.378 11.395 64.457 99.936 11.166 64.777 95.161 6.821 69.664
3 0 95.161 6.821 69.664 94.611 7.065 69.341 99.378 11.395 64.457
3 0 98.849 11.807 64.328 99.378 11.395 64.457 94.611 7.065 69.341
3 0 94.611 7.065 69.341 94.093 7.490 69.211 98.849 11.807 64.328
3 0 98.430 12.340 64.409 98.849 11.807 64.328 94.093 7.490 69.211
3 0 94.093 7.490 69.211 93.685 8.032 69.293 98.430 12.340 64.409
3 0 98.185 12.913 64.689 98.430 12.340 64.409 93.685 8.032 69.293
3 0 93.685 8.032 69.293 93.451 8.608 69.575 98.185 12.913 64.689
3 0 98.150 13.437 65.124 98.185 12.913 64.689 93.451 8.608 69.575
3 0 93.451 8.608 69.575 93.425 9.131 70.014 98.150 13.437 65.124
3 0 98.332 13.835 65.649 98.150 13.437 65.124 93.425 9.131 70.014
3 0 93.425 9.131 70.014 93.612 9.520 70.542 98.332 13.835 65.649
3 0 98.702 14.044 66.183 98.332 13.835 65.649 93.612 9.520 70.542
3 0 93.612 9.520 70.542 93.983 9.718 71.080 98.702 14.044 66.183
3 0 96.490 9.593 73.422 101.227 13.990 68.508 100.982 14.563 68.788
3 0 100.982 14.563 68.788 96.255 10.169 73.704 96.490 9.593 73.422
3 0 96.515 9.070 72.984 101.262 13.465 68.073 101.227 13.990 68.508
3 0 101.227 13.990 68.508 96.490 9.593 73.422 96.515 9.070 72.984
3 0 96.329 8.680 72.455 101.080 13.068 67.548 101.262 13.465 68.073
3 0 101.262 13.465 68.073 96.515 9.070 72.984 96.329 8.680 72.455
3 0 95.958 8.483 71.917 100.710 12.859 67.014 101.080 13.068 67.548
3 0 101.080 13.068 67.548 96.329 8.680 72.455 95.958 8.483 71.917
3 0 93.748 10.294 71.362 98.457 14.617 66.463 98.702 14.044 66.183
3 0 98.702 14.044 66.183 93.983 9.718 71.080 93.748 10.294 71.362
3 0 93.723 10.817 71.801 98.422 15.141 66.898 98.457 14.617 66.463
3 0 98.457 14.617 66.463 93.748 10.294 71.362 93.723 10.817 71.801
3 0 93.909 11.206 72.329 98.604 15.539 67.423 98.422 15.141 66.898
3 0 98.422 15.141 66.898 93.723 10.817 71.801 93.909 11.206 72.329
3 0 94.280 11.404 72.868 98.974 15.748 67.958 98.604 15.539 67.423
3 0 98.604 15.539 67.423 93.909 11.206 72.329 94.280 11.404 72.868
3 0 96.787 11.278 75.209 101.499 15.693 70.282 101.254 16.266 70.562
3 0 101.254 16.266 70.562 96.553 11.854 75.491 96.787 11.278 75.209
3 0 96.813 10.755 74.770 101.533 15.169 69.846 101.499 15.693 70.282
3 0 101.499 15.693 70.282 96.787 11.278 75.209 96.813 10.755 74.770
3 0 96.626 10.366 74.242 101.352 14.771 69.322 101.533 15.169 69.846
3 0 101.533 15.169 69.846 96.813 10.755 74.770 96.626 10.366 74.242
3 0 96.255 10.169 73.704 100.982 14.563 68.788 101.352 14.771 69.322
3 0 101.352 14.771 69.322 96.626 10.366 74.242 96.255 10.169 73.704
3 0 94.046 11.979 73.149 98.729 16.320 68.237 98.974 15.748 67.958
3 0 98.974 15.748 67.958 94.280 11.404 72.868 94.046 11.979 73.149
3 0 94.020 12.502 73.587 98.694 16.845 68.672 98.729 16.320 68.237
3 0 98.729 16.320 68.237 94.046 11.979 73.149 94.020 12.502 73.587
3 0 94.207 12.892 74.116 98.876 17.242 69.197 98.694 16.845 68.672
3 0 98.694 16.845 68.672 94.020 12.502 73.587 94.207 12.892 74.116
3 0 94.578 13.089 74.654 99.246 17.451 69.731 98.876 17.242 69.197
3 0 98.876 17.242 69.197 94.207 12.892 74.116 94.578 13.089 74.654
3 0 99.001 18.024 70.011 99.246 17.451 69.731 94.578 13.089 74.654
3 0 94.578 13.089 74.654 94.343 13.666 74.936 99.001 18.024 70.011
3 0 98.966 18.549 70.446 99.001 18.024 70.011 94.343 13.666 74.936
3 0 94.343 13.666 74.936 94.318 14.188 75.374 98.966 18.549 70.446
3 0 99.148 18.946 70.971 98.966 18.549 70.446 94.318 14.188 75.374
3 0 94.318 14.188 75.374 94.504 14.578 75.903 99.148 18.946 70.971
3 0 99.518 19.155 71.505 99.148 18.946 70.971 94.504 14.578 75.903
3 0 94.504 14.578 75.903 94.875 14.775 76.441 99.518 19.155 71.505
3 0 100.020 19.144 71.968 99.518 19.155 71.505 94.875 14.775 76.441
3 0 94.875 14.775 76.441 95.374 14.750 76.907 100.020 19.144 71.968
3 0 100.578 18.915 72.288 100.020 19.144 71.968 95.374 14.750 76.907
3 0 95.374 14.750 76.907 95.924 14.507 77.230 100.578 18.915 72.288
3 0 101.107 18.503 72.417 100.578 18.915 72.288 95.924 14.507 77.230
3 0 95.924 14.507 77.230 96.443 14.082 77.360 101.107 18.503 72.417
3 0 101.526 17.970 72.336 101.107 18.503 72.417 96.443 14.082 77.360
3 0 96.443 14.082 77.360 96.850 13.540 77.278 101.526 17.970 72.336
3 0 101.771 17.397 72.056 101.526 17.970 72.336 96.850 13.540 77.278
3 0 96.850 13.540 77.278 97.085 12.964 76.996 101.771 17.397 72.056
3 0 101.805 16.873 71.621 101.771 17.397 72.056 97.085 12.964 76.996
3 0 97.085 12.964 76.996 97.110 12.441 76.557 101.805 16.873 71.621
3 0 101.624 16.475 71.096 101.805 16.873 71.621 97.110 12.441 76.557
3 0 97.110 12.441 76.557 96.924 12.052 76.029 101.624 16.475 71.096
3 0 101.254 16.266 70.562 101.624 16.475 71.096 96.924 12.052 76.029
3 0 96.924 12.052 76.029 96.553 11.854 75.491 101.254 16.266 70.562
3 0 105.581 16.744 61.761 105.325 17.312 62.041 100.710 12.859 67.014
3 0 100.710 12.859 67.014 100.955 12.286 66.734 105.581 16.744 61.761
3 0 105.622 16.218 61.327 105.581 16.744 61.761 100.955 12.286 66.734
3 0 100.955 12.286 66.734 100.990 11.761 66.299 105.622 16.218 61.327
3 0 105.443 15.815 60.806 105.622 16.218 61.327 100.990 11.761 66.299
3 0 100.990 11.761 66.299 100.808 11.364 65.774 105.443 15.815 60.806
3 0 105.072 15.595 60.277 105.443 15.815 60.806 100.808 11.364 65.774
3 0 100.808 11.364 65.774 100.438 11.155 65.239 105.072 15.595 60.277
3 0 104.564 15.593 59.820 105.072 15.595 60.277 100.438 11.155 65.239
3 0 100.438 11.155 65.239 99.936 11.166 64.777 104.564 15.593 59.820
3 0 103.997 15.808 59.506 104.564 15.593 59.820 99.936 11.166 64.777
3 0 99.936 11.166 64.777 99.378 11.395 64.457 103.997 15.808 59.506
3 0 103.458 16.207 59.381 103.997 15.808 59.506 99.378 11.395 64.457
3 0 99.378 11.395 64.457 98.849 11.807 64.328 103.458 16.207 59.381
3 0 103.028 16.731 59.466 103.458 16.207 59.381 98.849 11.807 64.328
3 0 98.849 11.807 64.328 98.430 12.340 64.409 103.028 16.731 59.466
3 0 102.773 17.299 59.746 103.028 16.731 59.466 98.430 12.340 64.409
3 0 98.430 12.340 64.409 98.185 12.913 64.689 102.773 17.299 59.746
3 0 102.732 17.825 60.180 102.773 17.299 59.746 98.185 12.913 64.689
3 0 98.185 12.913 64.689 98.150 13.437 65.124 102.732 17.825 60.180
3 0 102.910 18.228 60.701 102.732 17.825 60.180 98.150 13.437 65.124
3 0 98.150 13.437 65.124 98.332 13.835 65.649 102.910 18.228 60.701
3 0 103.282 18.448 61.231 102.910 18.228 60.701 98.332 13.835 65.649
3 0 98.332 13.835 65.649 98.702 14.044 66.183 103.282 18.448 61.231
3 0 101.227 13.990 68.508 105.834 18.461 63.526 105.579 19.028 63.806
3 0 105.579 19.028 63.806 100.982 14.563 68.788 101.227 13.990 68.508
3 0 101.262 13.465 68.073 105.876 17.935 63.092 105.834 18.461 63.526
3 0 105.834 18.461 63.526 101.227 13.990 68.508 101.262 13.465 68.073
3 0 101.080 13.068 67.548 105.697 17.532 62.571 105.876 17.935 63.092
3 0 105.876 17.935 63.092 101.262 13.465 68.073 101.080 13.068 67.548
3 0 100.710 12.859 67.014 105.325 17.312 62.041 105.697 17.532 62.571
3 0 105.697 17.532 62.571 101.080 13.068 67.548 100.710 12.859 67.014
3 0 98.457 14.617 66.463 103.026 19.016 61.511 103.282 18.448 61.231
3 0 103.282 18.448 61.231 98.702 14.044 66.183 98.457 14.617 66.463
3 0 98.422 15.141 66.898 102.985 19.541 61.945 103.026 19.016 61.511
3 0 103.026 19.016 61.511 98.457 14.617 66.463 98.422 15.141 66.898
3 0 98.604 15.539 67.423 103.164 19.944 62.466 102.985 19.541 61.945
3 0 102.985 19.541 61.945 98.422 15.141 66.898 98.604 15.539 67.423
3 0 98.974 15.748 67.958 103.535 20.164 62.995 103.164 19.944 62.466
3 0 103.164 19.944 62.466 98.604 15.539 67.423 98.974 15.748 67.958
3 0 101.499 15.693 70.282 106.088 20.176 65.290 105.833 20.744 65.570
3 0 105.833 20.744 65.570 101.254 16.266 70.562 101.499 15.693 70.282
3 0 101.533 15.169 69.846 106.129 19.651 64.856 106.088 20.176 65.290
3 0 106.088 20.176 65.290 101.499 15.693 70.282 101.533 15.169 69.846
3 0 101.352 14.771 69.322 105.950 19.248 64.335 106.129 19.651 64.856
3 0 106.129 19.651 64.856 101.533 15.169 69.846 101.352 14.771 69.322
3 0 100.982 14.563 68.788 105.579 19.028 63.806 105.950 19.248 64.335
3 0 105.950 19.248 64.335 101.352 14.771 69.322 100.982 14.563 68.788
3 0 98.729 16.320 68.237 103.280 20.731 63.275 103.535 20.164 62.995
3 0 103.535 20.164 62.995 98.974 15.748 67.958 98.729 16.320 68.237
3 0 98.694 16.845 68.672 103.239 21.257 63.709 103.280 20.731 63.275
3 0 103.280 20.731 63.275 98.729 16.320 68.237 98.694 16.845 68.672
3 0 98.876 17.242 69.197 103.417 21.660 64.230 103.239 21.257 63.709
3 0 103.239 21.257 63.709 98.694 16.845 68.672 98.876 17.242 69.197
3 0 99.246 17.451 69.731 103.789 21.880 64.760 103.417 21.660 64.230
3 0 103.417 21.660 64.230 98.876 17.242 69.197 99.246 17.451 69.731
3 0 103.534 22.448 65.040 103.789 21.880 64.760 99.246 17.451 69.731
3 0 99.246 17.451 69.731 99.001 18.024 70.011 103.534 22.448 65.040
3 0 103.492 22.974 65.474 103.534 22.448 65.040 99.001 18.024 70.011
3 0 99.001 18.024 70.011 98.966 18.549 70.446 103.492 22.974 65.474
3 0 103.671 23.377 65.995 103.492 22.974 65.474 98.966 18.549 70.446
3 0 98.966 18.549 70.446 99.148 18.946 70.971 103.671 23.377 65.995
3 0 104.042 23.597 66.524 103.671 23.377 65.995 99.148 18.946 70.971
3 0 99.148 18.946 70.971 99.518 19.155 71.505 104.042 23.597 66.524
3 0 104.550 23.599 66.981 104.042 23.597 66.524 99.518 19.155 71.505
3 0 99.518 19.155 71.505 100.020 19.144 71.968 104.550 23.599 66.981
3 0 105.117 23.384 67.295 104.550 23.599 66.981 100.020 19.144 71.968
3 0 100.020 19.144 71.968 100.578 18.915 72.288 105.117 23.384 67.295
3 0 105.656 22.985 67.420 105.117 23.384 67.295 100.578 18.915 72.288
3 0 100.578 18.915 72.288 101.107 18.503 72.417 105.656 22.985 67.420
3 0 106.086 22.461 67.335 105.656 22.985 67.420 101.107 18.503 72.417
3 0 101.107 18.503 72.417 101.526 17.970 72.336 106.086 22.461 67.335
3 0 106.341 21.893 67.055 106.086 22.461 67.335 101.526 17.970 72.336
3 0 101.526 17.970 72.336 101.771 17.397 72.056 106.341 21.893 67.055
3 0 106.383 21.367 66.621 106.341 21.893 67.055 101.771 17.397 72.056
3 0 101.771 17.397 72.056 101.805 16.873 71.621 106.383 21.367 66.621
3 0 106.204 20.964 66.100 106.383 21.367 66.621 101.805 16.873 71.621
3 0 101.805 16.873 71.621 101.624 16.475 71.096 106.204 20.964 66.100
3 0 105.833 20.744 65.570 106.204 20.964 66.100 101.624 16.475 71.096
3 0 101.624 16.475 71.096 101.254 16.266 70.562 105.833 20.744 65.570
3 0 110.020 21.310 56.696 109.754 21.871 56.980 105.325 17.312 62.041
3 0 105.325 17.312 62.041 105.581 16.744 61.761 110.020 21.310 56.696
3 0 110.068 20.785 56.262 110.020 21.310 56.696 105.581 16.744 61.761
3 0 105.581 16.744 61.761 105.622 16.218 61.327 110.068 20.785 56.262
3 0 109.892 20.375 55.745 110.068 20.785 56.262 105.622 16.218 61.327
3 0 105.622 16.218 61.327 105.443 15.815 60.806 109.892 20.375 55.745
3 0 109.517 20.144 55.223 109.892 20.375 55.745 105.443 15.815 60.806
3 0 105.443 15.815 60.806 105.072 15.595 60.277 109.517 20.144 55.223
3 0 109.001 20.125 54.776 109.517 20.144 55.223 105.072 15.595 60.277
3 0 105.072 15.595 60.277 104.564 15.593 59.820 109.001 20.125 54.776
3 0 108.423 20.323 54.472 109.001 20.125 54.776 104.564 15.593 59.820
3 0 104.564 15.593 59.820 103.997 15.808 59.506 108.423 20.323 54.472
3 0 107.870 20.707 54.356 108.423 20.323 54.472 103.997 15.808 59.506
3 0 103.997 15.808 59.506 103.458 16.207 59.381 107.870 20.707 54.356
3 0 107.427 21.219 54.448 107.870 20.707 54.356 103.458 16.207 59.381
3 0 103.458 16.207 59.381 103.028 16.731 59.466 107.427 21.219 54.448
3 0 107.161 21.780 54.732 107.427 21.219 54.448 103.028 16.731 59.466
3 0 103.028 16.731 59.466 102.773 17.299 59.746 107.161 21.780 54.732
3 0 107.113 22.305 55.165 107.161 21.780 54.732 102.773 17.299 59.746
3 0 102.773 17.299 59.746 102.732 17.825 60.180 107.113 22.305 55.165
3 0 107.290 22.715 55.682 107.113 22.305 55.165 102.732 17.825 60.180
3 0 102.732 17.825 60.180 102.910 18.228 60.701 107.290 22.715 55.682
3 0 107.664 22.946 56.204 107.290 22.715 55.682 102.910 18.228 60.701
3 0 102.910 18.228 60.701 103.282 18.448 61.231 107.664 22.946 56.204
3 0 105.834 18.461 63.526 110.257 23.038 58.452 109.991 23.599 58.736
3 0 109.991 23.599 58.736 105.579 19.028 63.806 105.834 18.461 63.526
3 0 105.876 17.935 63.092 110.305 22.512 58.018 110.257 23.038 58.452
3 0 110.257 23.038 58.452 105.834 18.461 63.526 105.876 17.935 63.092
3 0 105.697 17.532 62.571 110.129 22.103 57.502 110.305 22.512 58.018
3 0 110.305 22.512 58.018 105.876 17.935 63.092 105.697 17.532 62.571
3 0 105.325 17.312 62.041 109.754 21.871 56.980 110.129 22.103 57.502
3 0 110.129 22.103 57.502 105.697 17.532 62.571 105.325 17.312 62.041
3 0 103.026 19.016 61.511 107.398 23.508 56.488 107.664 22.946 56.204
3 0 107.664 22.946 56.204 103.282 18.448 61.231 103.026 19.016 61.511
3 0 102.985 19.541 61.945 107.350 24.033 56.921 107.398 23.508 56.488
3 0 107.398 23.508 56.488 103.026 19.016 61.511 102.985 19.541 61.945
3 0 103.164 19.944 62.466 107.527 24.443 57.438 107.350 24.033 56.921
3 0 107.350 24.033 56.921 102.985 19.541 61.945 103.164 19.944 62.466
3 0 103.535 20.164 62.995 107.901 24.674 57.960 107.527 24.443 57.438
3 0 107.527 24.443 57.438 103.164 19.944 62.466 103.535 20.164 62.995
3 0 106.088 20.176 65.290 110.494 24.765 60.208 110.228 25.326 60.491
3 0 110.228 25.326 60.491 105.833 20.744 65.570 106.088 20.176 65.290
3 0 106.129 19.651 64.856 110.542 24.239 59.774 110.494 24.765 60.208
3 0 110.494 24.765 60.208 106.088 20.176 65.290 106.129 19.651 64.856
3 0 105.950 19.248 64.335 110.366 23.830 59.257 110.542 24.239 59.774
3 0 110.542 24.239 59.774 106.129 19.651 64.856 105.950 19.248 64.335
3 0 105.579 19.028 63.806 109.991 23.599 58.736 110.366 23.830 59.257
3 0 110.366 23.830 59.257 105.950 19.248 64.335 105.579 19.028 63.806
3 0 103.280 20.731 63.275 107.635 25.235 58.243 107.901 24.674 57.960
3 0 107.901 24.674 57.960 103.535 20.164 62.995 103.280 20.731 63.275
3 0 103.239 21.257 63.709 107.587 25.760 58.677 107.635 25.235 58.243
3 0 107.635 25.235 58.243 103.280 20.731 63.275 103.239 21.257 63.709
3 0 103.417 21.660 64.230 107.763 26.170 59.194 107.587 25.760 58.677
3 0 107.587 25.760 58.677 103.239 21.257 63.709 103.417 21.660 64.230
3 0 103.789 21.880 64.760 108.138 26.401 59.716 107.763 26.170 59.194
3 0 107.763 26.170 59.194 103.417 21.660 64.230 103.789 21.880 64.760
3 0 107.872 26.962 60.000 108.138 26.401 59.716 103.789 21.880 64.760
3 0 103.789 21.880 64.760 103.534 22.448 65.040 107.872 26.962 60.000
3 0 107.824 27.488 60.433 107.872 26.962 60.000 103.534 22.448 65.040
3 0 103.534 22.448 65.040 103.492 22.974 65.474 107.824 27.488 60.433
3 0 108.001 27.897 60.950 107.824 27.488 60.433 103.492 22.974 65.474
3 0 103.492 22.974 65.474 103.671 23.377 65.995 108.001 27.897 60.950
3 0 108.375 28.129 61.472 108.001 27.897 60.950 103.671 23.377 65.995
3 0 103.671 23.377 65.995 104.042 23.597 66.524 108.375 28.129 61.472
3 0 108.891 28.147 61.919 108.375 28.129 61.472 104.042 23.597 66.524
3 0 104.042 23.597 66.524 104.550 23.599 66.981 108.891 28.147 61.919
3 0 109.469 27.949 62.224 108.891 28.147 61.919 104.550 23.599 66.981
3 0 104.550 23.599 66.981 105.117 23.384 67.295 109.469 27.949 62.224
3 0 110.022 27.565 62.339 109.469 27.949 62.224 105.117 23.384 67.295
3 0 105.117 23.384 67.295 105.656 22.985 67.420 110.022 27.565 62.339
3 0 110.465 27.053 62.248 110.022 27.565 62.339 105.656 22.985 67.420
3 0 105.656 22.985 67.420 106.086 22.461 67.335 110.465 27.053 62.248
3 0 110.731 26.492 61.964 110.465 27.053 62.248 106.086 22.461 67.335
3 0 106.086 22.461 67.335 106.341 21.893 67.055 110.731 26.492 61.964
3 0 110.779 25.967 61.530 110.731 26.492 61.964 106.341 21.893 67.055
3 0 106.341 21.893 67.055 106.383 21.367 66.621 110.779 25.967 61.530
3 0 110.603 25.557 61.013 110.779 25.967 61.530 106.383 21.367 66.621
3 0 106.383 21.367 66.621 106.204 20.964 66.100 110.603 25.557 61.013
3 0 110.228 25.326 60.491 110.603 25.557 61.013 106.204 20.964 66.100
3 0 106.204 20.964 66.100 105.833 20.744 65.570 110.228 25.326 60.491
3 0 112.138 23.679 54.090 111.861 24.231 54.381 109.754 21.871 56.980
3 0 109.754 21.871 56.980 110.020 21.310 56.696 112.138 23.679 54.090
3 0 112.192 23.155 53.655 112.138 23.679 54.090 110.020 21.310 56.696
3 0 110.020 21.310 56.696 110.068 20.785 56.262 112.192 23.155 53.655
3 0 112.016 22.740 53.143 112.192 23.155 53.655 110.068 20.785 56.262
3 0 110.068 20.785 56.262 109.892 20.375 55.745 112.016 22.740 53.143
3 0 111.635 22.496 52.631 112.016 22.740 53.143 109.892 20.375 55.745
3 0 109.892 20.375 55.745 109.517 20.144 55.223 111.635 22.496 52.631
3 0 111.108 22.460 52.198 111.635 22.496 52.631 109.517 20.144 55.223
3 0 109.517 20.144 55.223 109.001 20.125 54.776 111.108 22.460 52.198
3 0 110.516 22.638 51.910 111.108 22.460 52.198 109.001 20.125 54.776
3 0 109.001 20.125 54.776 108.423 20.323 54.472 110.516 22.638 51.910
3 0 109.947 23.003 51.809 110.516 22.638 51.910 108.423 20.323 54.472
3 0 108.423 20.323 54.472 107.870 20.707 54.356 109.947 23.003 51.809
3 0 109.490 23.499 51.913 109.947 23.003 51.809 107.870 20.707 54.356
3 0 107.870 20.707 54.356 107.427 21.219 54.448 109.490 23.499 51.913
3 0 109.213 24.051 52.204 109.490 23.499 51.913 107.427 21.219 54.448
3 0 107.427 21.219 54.448 107.161 21.780 54.732 109.213 24.051 52.204
3 0 109.159 24.575 52.639 109.213 24.051 52.204 107.161 21.780 54.732
3 0 107.161 21.780 54.732 107.113 22.305 55.165 109.159 24.575 52.639
3 0 109.335 24.990 53.151 109.159 24.575 52.639 107.113 22.305 55.165
3 0 107.113 22.305 55.165 107.290 22.715 55.682 109.335 24.990 53.151
3 0 109.716 25.235 53.662 109.335 24.990 53.151 107.290 22.715 55.682
3 0 107.290 22.715 55.682 107.664 22.946 56.204 109.716 25.235 53.662
3 0 110.257 23.038 58.452 112.364 25.415 55.840 112.087 25.967 56.131
3 0 112.087 25.967 56.131 109.991 23.599 58.736 110.257 23.038 58.452
3 0 110.305 22.512 58.018 112.418 24.891 55.405 112.364 25.415 55.840
3 0 112.364 25.415 55.840 110.257 23.038 58.452 110.305 22.512 58.018
3 0 110.129 22.103 57.502 112.241 24.475 54.893 112.418 24.891 55.405
3 0 112.418 24.891 55.405 110.305 22.512 58.018 110.129 22.103 57.502
3 0 109.754 21.871 56.980 111.861 24.231 54.381 112.241 24.475 54.893
3 0 112.241 24.475 54.893 110.129 22.103 57.502 109.754 21.871 56.980
3 0 107.398 23.508 56.488 109.439 25.787 53.954 109.716 25.235 53.662
3 0 109.716 25.235 53.662 107.664 22.946 56.204 107.398 23.508 56.488
3 0 107.350 24.033 56.921 109.385 26.310 54.389 109.439 25.787 53.954
3 0 109.439 25.787 53.954 107.398 23.508 56.488 107.350 24.033 56.921
3 0 107.527 24.443 57.438 109.561 26.726 54.901 109.385 26.310 54.389
3 0 109.385 26.310 54.389 107.350 24.033 56.921 107.527 24.443 57.438
3 0 107.901 24.674 57.960 109.942 26.970 55.412 109.561 26.726 54.901
3 0 109.561 26.726 54.901 107.527 24.443 57.438 107.901 24.674 57.960
3 0 110.494 24.765 60.208 112.589 27.149 57.589 112.312 27.701 57.880
3 0 112.312 27.701 57.880 110.228 25.326 60.491 110.494 24.765 60.208
3 0 110.542 24.239 59.774 112.644 26.626 57.154 112.589 27.149 57.589
3 0 112.589 27.149 57.589 110.494 24.765 60.208 110.542 24.239 59.774
3 0 110.366 23.830 59.257 112.467 26.210 56.642 112.644 26.626 57.154
3 0 112.644 26.626 57.154 110.542 24.239 59.774 110.366 23.830 59.257
3 0 109.991 23.599 58.736 112.087 25.967 56.131 112.467 26.210 56.642
3 0 112.467 26.210 56.642 110.366 23.830 59.257 109.991 23.599 58.736
3 0 107.635 25.235 58.243 109.665 27.522 55.703 109.942 26.970 55.412
3 0 109.942 26.970 55.412 107.901 24.674 57.960 107.635 25.235 58.243
3 0 107.587 25.760 58.677 109.610 28.045 56.138 109.665 27.522 55.703
3 0 109.665 27.522 55.703 107.635 25.235 58.243 107.587 25.760 58.677
3 0 107.763 26.170 59.194 109.787 28.461 56.650 109.610 28.045 56.138
3 0 109.610 28.045 56.138 107.587 25.760 58.677 107.763 26.170 59.194
3 0 108.138 26.401 59.716 110.167 28.705 57.162 109.787 28.461 56.650
3 0 109.787 28.461 56.650 107.763 26.170 59.194 108.138 26.401 59.716
3 0 109.890 29.257 57.453 110.167 28.705 57.162 108.138 26.401 59.716
3 0 108.138 26.401 59.716 107.872 26.962 60.000 109.890 29.257 57.453
3 0 109.836 29.781 57.888 109.890 29.257 57.453 107.872 26.962 60.000
3 0 107.872 26.962 60.000 107.824 27.488 60.433 109.836 29.781 57.888
3 0 110.013 30.196 58.400 109.836 29.781 57.888 107.824 27.488 60.433
3 0 107.824 27.488 60.433 108.001 27.897 60.950 110.013 30.196 58.400
3 0 110.393 30.441 58.912 110.013 30.196 58.400 108.001 27.897 60.950
3 0 108.001 27.897 60.950 108.375 28.129 61.472 110.393 30.441 58.912
3 0 110.920 30.476 59.345 110.393 30.441 58.912 108.375 28.129 61.472
3 0 108.375 28.129 61.472 108.891 28.147 61.919 110.920 30.476 59.345
3 0 111.513 30.298 59.633 110.920 30.476 59.345 108.891 28.147 61.919
3 0 108.891 28.147 61.919 109.469 27.949 62.224 111.513 30.298 59.633
3 0 112.081 29.933 59.734 111.513 30.298 59.633 109.469 27.949 62.224
3 0 109.469 27.949 62.224 110.022 27.565 62.339 112.081 29.933 59.734
3 0 112.538 29.437 59.630 112.081 29.933 59.734 110.022 27.565 62.339
3 0 110.022 27.565 62.339 110.465 27.053 62.248 112.538 29.437 59.630
3 0 112.815 28.885 59.339 112.538 29.437 59.630 110.465 27.053 62.248
3 0 110.465 27.053 62.248 110.731 26.492 61.964 112.815 28.885 59.339
3 0 112.870 28.361 58.904 112.815 28.885 59.339 110.731 26.492 61.964
3 0 110.731 26.492 61.964 110.779 25.967 61.530 112.870 28.361 58.904
3 0 112.693 27.946 58.392 112.870 28.361 58.904 110.779 25.967 61.530
3 0 110.779 25.967 61.530 110.603 25.557 61.013 112.693 27.946 58.392
3 0 112.312 27.701 57.880 112.693 27.946 58.392 110.603 25.557 61.013
3 0 110.603 25.557 61.013 110.228 25.326 60.491 112.312 27.701 57.880
3 0 114.063 26.108 51.438 113.777 26.652 51.736 111.861 24.231 54.381
3 0 111.861 24.231 54.381 112.138 23.679 54.090 114.063 26.108 51.438
3 0 114.115 25.578 51.011 114.063 26.108 51.438 112.138 23.679 54.090
3 0 112.138 23.679 54.090 112.192 23.155 53.655 114.115 25.578 51.011
3 0 113.928 25.143 50.519 114.115 25.578 51.011 112.192 23.155 53.655
3 0 112.192 23.155 53.655 112.016 22.740 53.143 113.928 25.143 50.519
3 0 113.528 24.869 50.038 113.928 25.143 50.519 112.016 22.740 53.143
3 0 112.016 22.740 53.143 111.635 22.496 52.631 113.528 24.869 50.038
3 0 112.978 24.798 49.640 113.528 24.869 50.038 111.635 22.496 52.631
3 0 111.635 22.496 52.631 111.108 22.460 52.198 112.978 24.798 49.640
3 0 112.360 24.941 49.387 112.978 24.798 49.640 111.108 22.460 52.198
3 0 111.108 22.460 52.198 110.516 22.638 51.910 112.360 24.941 49.387
3 0 111.769 25.276 49.316 112.360 24.941 49.387 110.516 22.638 51.910
3 0 110.516 22.638 51.910 109.947 23.003 51.809 111.769 25.276 49.316
3 0 111.295 25.752 49.439 111.769 25.276 49.316 109.947 23.003 51.809
3 0 109.947 23.003 51.809 109.490 23.499 51.913 111.295 25.752 49.439
3 0 111.010 26.296 49.737 111.295 25.752 49.439 109.490 23.499 51.913
3 0 109.490 23.499 51.913 109.213 24.051 52.204 111.010 26.296 49.737
3 0 110.957 26.826 50.164 111.010 26.296 49.737 109.213 24.051 52.204
3 0 109.213 24.051 52.204 109.159 24.575 52.639 110.957 26.826 50.164
3 0 111.145 27.261 50.656 110.957 26.826 50.164 109.159 24.575 52.639
3 0 109.159 24.575 52.639 109.335 24.990 53.151 111.145 27.261 50.656
3 0 111.544 27.535 51.137 111.145 27.261 50.656 109.335 24.990 53.151
3 0 109.335 24.990 53.151 109.716 25.235 53.662 111.544 27.535 51.137
3 0 112.364 25.415 55.840 114.312 27.891 53.137 114.027 28.435 53.434
3 0 114.027 28.435 53.434 112.087 25.967 56.131 112.364 25.415 55.840
3 0 112.418 24.891 55.405 114.365 27.361 52.709 114.312 27.891 53.137
3 0 114.312 27.891 53.137 112.364 25.415 55.840 112.418 24.891 55.405
3 0 112.241 24.475 54.893 114.177 26.926 52.218 114.365 27.361 52.709
3 0 114.365 27.361 52.709 112.418 24.891 55.405 112.241 24.475 54.893
3 0 111.861 24.231 54.381 113.777 26.652 51.736 114.177 26.926 52.218
3 0 114.177 26.926 52.218 112.241 24.475 54.893 111.861 24.231 54.381
3 0 109.439 25.787 53.954 111.259 28.079 51.435 111.544 27.535 51.137
3 0 111.544 27.535 51.137 109.716 25.235 53.662 109.439 25.787 53.954
3 0 109.385 26.310 54.389 111.206 28.609 51.863 111.259 28.079 51.435
3 0 111.259 28.079 51.435 109.439 25.787 53.954 109.385 26.310 54.389
3 0 109.561 26.726 54.901 111.394 29.044 52.354 111.206 28.609 51.863
3 0 111.206 28.609 51.863 109.385 26.310 54.389 109.561 26.726 54.901
3 0 109.942 26.970 55.412 111.794 29.318 52.836 111.394 29.044 52.354
3 0 111.394 29.044 52.354 109.561 26.726 54.901 109.942 26.970 55.412
3 0 112.589 27.149 57.589 114.561 29.673 54.834 114.276 30.218 55.132
3 0 114.276 30.218 55.132 112.312 27.701 57.880 112.589 27.149 57.589
3 0 112.644 26.626 57.154 114.614 29.143 54.407 114.561 29.673 54.834
3 0 114.561 29.673 54.834 112.589 27.149 57.589 112.644 26.626 57.154
3 0 112.467 26.210 56.642 114.426 28.708 53.915 114.614 29.143 54.407
3 0 114.614 29.143 54.407 112.644 26.626 57.154 112.467 26.210 56.642
3 0 112.087 25.967 56.131 114.027 28.435 53.434 114.426 28.708 53.915
3 0 114.426 28.708 53.915 112.467 26.210 56.642 112.087 25.967 56.131
3 0 109.665 27.522 55.703 111.508 29.862 53.133 111.794 29.318 52.836
3 0 111.794 29.318 52.836 109.942 26.970 55.412 109.665 27.522 55.703
3 0 109.610 28.045 56.138 111.456 30.391 53.560 111.508 29.862 53.133
3 0 111.508 29.862 53.133 109.665 27.522 55.703 109.610 28.045 56.138
3 0 109.787 28.461 56.650 111.643 30.826 54.052 111.456 30.391 53.560
3 0 111.456 30.391 53.560 109.610 28.045 56.138 109.787 28.461 56.650
3 0 110.167 28.705 57.162 112.043 31.100 54.533 111.643 30.826 54.052
3 0 111.643 30.826 54.052 109.787 28.461 56.650 110.167 28.705 57.162
3 0 111.758 31.645 54.831 112.043 31.100 54.533 110.167 28.705 57.162
3 0 110.167 28.705 57.162 109.890 29.257 57.453 111.758 31.645 54.831
3 0 111.705 32.175 55.258 111.758 31.645 54.831 109.890 29.257 57.453
3 0 109.890 29.257 57.453 109.836 29.781 57.888 111.705 32.175 55.258
3 0 111.892 32.610 55.750 111.705 32.175 55.258 109.836 29.781 57.888
3 0 109.836 29.781 57.888 110.013 30.196 58.400 111.892 32.610 55.750
3 0 112.292 32.883 56.231 111.892 32.610 55.750 110.013 30.196 58.400
3 0 110.013 30.196 58.400 110.393 30.441 58.912 112.292 32.883 56.231
3 0 112.842 32.954 56.629 112.292 32.883 56.231 110.393 30.441 58.912
3 0 110.393 30.441 58.912 110.920 30.476 59.345 112.842 32.954 56.629
3 0 113.460 32.811 56.883 112.842 32.954 56.629 110.920 30.476 59.345
3 0 110.920 30.476 59.345 111.513 30.298 59.633 113.460 32.811 56.883
3 0 114.051 32.477 56.953 113.460 32.811 56.883 111.513 30.298 59.633
3 0 111.513 30.298 59.633 112.081 29.933 59.734 114.051 32.477 56.953
3 0 114.525 32.001 56.830 114.051 32.477 56.953 112.081 29.933 59.734
3 0 112.081 29.933 59.734 112.538 29.437 59.630 114.525 32.001 56.830
3 0 114.810 31.456 56.533 114.525 32.001 56.830 112.538 29.437 59.630
3 0 112.538 29.437 59.630 112.815 28.885 59.339 114.810 31.456 56.533
3 0 114.863 30.926 56.105 114.810 31.456 56.533 112.815 28.885 59.339
3 0 112.815 28.885 59.339 112.870 28.361 58.904 114.863 30.926 56.105
3 0 114.675 30.491 55.614 114.863 30.926 56.105 112.870 28.361 58.904
3 0 112.870 28.361 58.904 112.693 27.946 58.392 114.675 30.491 55.614
3 0 114.276 30.218 55.132 114.675 30.491 55.614 112.693 27.946 58.392
3 0 112.693 27.946 58.392 112.312 27.701 57.880 114.276 30.218 55.132
3 0 115.529 28.453 48.603 115.244 29.001 48.894 113.777 26.652 51.736
3 0 113.777 26.652 51.736 114.063 26.108 51.438 115.529 28.453 48.603
3 0 115.569 27.899 48.205 115.529 28.453 48.603 114.063 26.108 51.438
3 0 114.063 26.108 51.438 114.115 25.578 51.011 115.569 27.899 48.205
3 0 115.359 27.424 47.762 115.569 27.899 48.205 114.115 25.578 51.011
3 0 114.115 25.578 51.011 113.928 25.143 50.519 115.359 27.424 47.762
3 0 114.930 27.100 47.341 115.359 27.424 47.762 113.928 25.143 50.519
3 0 113.928 25.143 50.519 113.528 24.869 50.038 114.930 27.100 47.341
3 0 114.347 26.976 47.007 114.930 27.100 47.341 113.528 24.869 50.038
3 0 113.528 24.869 50.038 112.978 24.798 49.640 114.347 26.976 47.007
3 0 113.701 27.071 46.809 114.347 26.976 47.007 112.978 24.798 49.640
3 0 112.978 24.798 49.640 112.360 24.941 49.387 113.701 27.071 46.809
3 0 113.088 27.370 46.779 113.701 27.071 46.809 112.360 24.941 49.387
3 0 112.360 24.941 49.387 111.769 25.276 49.316 113.088 27.370 46.779
3 0 112.602 27.829 46.921 113.088 27.370 46.779 111.769 25.276 49.316
3 0 111.769 25.276 49.316 111.295 25.752 49.439 112.602 27.829 46.921
3 0 112.318 28.377 47.212 112.602 27.829 46.921 111.295 25.752 49.439
3 0 111.295 25.752 49.439 111.010 26.296 49.737 112.318 28.377 47.212
3 0 112.278 28.930 47.610 112.318 28.377 47.212 111.010 26.296 49.737
3 0 111.010 26.296 49.737 110.957 26.826 50.164 112.278 28.930 47.610
3 0 112.488 29.406 48.053 112.278 28.930 47.610 110.957 26.826 50.164
3 0 110.957 26.826 50.164 111.145 27.261 50.656 112.488 29.406 48.053
3 0 112.917 29.730 48.473 112.488 29.406 48.053 111.145 27.261 50.656
3 0 111.145 27.261 50.656 111.544 27.535 51.137 112.917 29.730 48.473
3 0 114.312 27.891 53.137 115.844 30.354 50.155 115.559 30.902 50.447
3 0 115.559 30.902 50.447 114.027 28.435 53.434 114.312 27.891 53.137
3 0 114.365 27.361 52.709 115.884 29.801 49.758 115.844 30.354 50.155
3 0 115.844 30.354 50.155 114.312 27.891 53.137 114.365 27.361 52.709
3 0 114.177 26.926 52.218 115.673 29.326 49.315 115.884 29.801 49.758
3 0 115.884 29.801 49.758 114.365 27.361 52.709 114.177 26.926 52.218
3 0 113.777 26.652 51.736 115.244 29.001 48.894 115.673 29.326 49.315
3 0 115.673 29.326 49.315 114.177 26.926 52.218 113.777 26.652 51.736
3 0 111.259 28.079 51.435 112.632 30.278 48.765 112.917 29.730 48.473
3 0 112.917 29.730 48.473 111.544 27.535 51.137 111.259 28.079 51.435
3 0 111.206 28.609 51.863 112.592 30.832 49.163 112.632 30.278 48.765
3 0 112.632 30.278 48.765 111.259 28.079 51.435 111.206 28.609 51.863
3 0 111.394 29.044 52.354 112.803 31.307 49.606 112.592 30.832 49.163
3 0 112.592 30.832 49.163 111.206 28.609 51.863 111.394 29.044 52.354
3 0 111.794 29.318 52.836 113.232 31.631 50.026 112.803 31.307 49.606
3 0 112.803 31.307 49.606 111.394 29.044 52.354 111.794 29.318 52.836
3 0 114.561 29.673 54.834 116.158 32.255 51.708 115.874 32.803 52.000
3 0 115.874 32.803 52.000 114.276 30.218 55.132 114.561 29.673 54.834
3 0 114.614 29.143 54.407 116.198 31.701 51.310 116.158 32.255 51.708
3 0 116.158 32.255 51.708 114.561 29.673 54.834 114.614 29.143 54.407
3 0 114.426 28.708 53.915 115.988 31.226 50.867 116.198 31.701 51.310
3 0 116.198 31.701 51.310 114.614 29.143 54.407 114.426 28.708 53.915
3 0 114.027 28.435 53.434 115.559 30.902 50.447 115.988 31.226 50.867
3 0 115.988 31.226 50.867 114.426 28.708 53.915 114.027 28.435 53.434
3 0 111.508 29.862 53.133 112.947 32.178 50.318 113.232 31.631 50.026
3 0 113.232 31.631 50.026 111.794 29.318 52.836 111.508 29.862 53.133
3 0 111.456 30.391 53.560 112.907 32.732 50.715 112.947 32.178 50.318
3 0 112.947 32.178 50.318 111.508 29.862 53.133 111.456 30.391 53.560
3 0 111.643 30.826 54.052 113.117 33.207 51.158 112.907 32.732 50.715
3 0 112.907 32.732 50.715 111.456 30.391 53.560 111.643 30.826 54.052
3 0 112.043 31.100 54.533 113.546 33.532 51.579 113.117 33.207 51.158
3 0 113.117 33.207 51.158 111.643 30.826 54.052 112.043 31.100 54.533
3 0 113.262 34.080 51.871 113.546 33.532 51.579 112.043 31.100 54.533
3 0 112.043 31.100 54.533 111.758 31.645 54.831 113.262 34.080 51.871
3 0 113.222 34.633 52.268 113.262 34.080 51.871 111.758 31.645 54.831
3 0 111.758 31.645 54.831 111.705 32.175 55.258 113.222 34.633 52.268
3 0 113.432 35.109 52.711 113.222 34.633 52.268 111.705 32.175 55.258
3 0 111.705 32.175 55.258 111.892 32.610 55.750 113.432 35.109 52.711
3 0 113.861 35.433 53.132 113.432 35.109 52.711 111.892 32.610 55.750
3 0 111.892 32.610 55.750 112.292 32.883 56.231 113.861 35.433 53.132
3 0 114.443 35.557 53.466 113.861 35.433 53.132 112.292 32.883 56.231
3 0 112.292 32.883 56.231 112.842 32.954 56.629 114.443 35.557 53.466
3 0 115.090 35.462 53.664 114.443 35.557 53.466 112.842 32.954 56.629
3 0 112.842 32.954 56.629 113.460 32.811 56.883 115.090 35.462 53.664
3 0 115.703 35.163 53.694 115.090 35.462 53.664 113.460 32.811 56.883
3 0 113.460 32.811 56.883 114.051 32.477 56.953 115.703 35.163 53.694
3 0 116.188 34.704 53.553 115.703 35.163 53.694 114.051 32.477 56.953
3 0 114.051 32.477 56.953 114.525 32.001 56.830 116.188 34.704 53.553
3 0 116.473 34.156 53.261 116.188 34.704 53.553 114.525 32.001 56.830
3 0 114.525 32.001 56.830 114.810 31.456 56.533 116.473 34.156 53.261
3 0 116.513 33.603 52.863 116.473 34.156 53.261 114.810 31.456 56.533
3 0 114.810 31.456 56.533 114.863 30.926 56.105 116.513 33.603 52.863
3 0 116.303 33.127 52.420 116.513 33.603 52.863 114.863 30.926 56.105
3 0 114.863 30.926 56.105 114.675 30.491 55.614 116.303 33.127 52.420
3 0 115.874 32.803 52.000 116.303 33.127 52.420 114.675 30.491 55.614
3 0 114.675 30.491 55.614 114.276 30.218 55.132 115.874 32.803 52.000
3 0 116.412 30.294 45.887 116.133 30.853 46.164 115.244 29.001 48.894
3 0 115.244 29.001 48.894 115.529 28.453 48.603 116.412 30.294 45.887
3 0 116.436 29.712 45.532 116.412 30.294 45.887 115.529 28.453 48.603
3 0 115.529 28.453 48.603 115.569 27.899 48.205 116.436 29.712 45.532
3 0 116.204 29.195 45.151 116.436 29.712 45.532 115.569 27.899 48.205
3 0 115.569 27.899 48.205 115.359 27.424 47.762 116.204 29.195 45.151
3 0 115.750 28.821 44.804 116.204 29.195 45.151 115.359 27.424 47.762
3 0 115.359 27.424 47.762 114.930 27.100 47.341 115.750 28.821 44.804
3 0 115.144 28.649 44.543 115.750 28.821 44.804 114.930 27.100 47.341
3 0 114.930 27.100 47.341 114.347 26.976 47.007 115.144 28.649 44.543
3 0 114.477 28.703 44.407 115.144 28.649 44.543 114.347 26.976 47.007
3 0 114.347 26.976 47.007 113.701 27.071 46.809 114.477 28.703 44.407
3 0 113.851 28.976 44.418 114.477 28.703 44.407 113.701 27.071 46.809
3 0 113.701 27.071 46.809 113.088 27.370 46.779 113.851 28.976 44.418
3 0 113.362 29.426 44.574 113.851 28.976 44.418 113.088 27.370 46.779
3 0 113.088 27.370 46.779 112.602 27.829 46.921 113.362 29.426 44.574
3 0 113.083 29.985 44.850 113.362 29.426 44.574 112.602 27.829 46.921
3 0 112.602 27.829 46.921 112.318 28.377 47.212 113.083 29.985 44.850
3 0 113.058 30.567 45.206 113.083 29.985 44.850 112.318 28.377 47.212
3 0 112.318 28.377 47.212 112.278 28.930 47.610 113.058 30.567 45.206
3 0 113.290 31.084 45.586 113.058 30.567 45.206 112.278 28.930 47.610
3 0 112.278 28.930 47.610 112.488 29.406 48.053 113.290 31.084 45.586
3 0 113.744 31.458 45.934 113.290 31.084 45.586 112.488 29.406 48.053
3 0 112.488 29.406 48.053 112.917 29.730 48.473 113.744 31.458 45.934
3 0 115.844 30.354 50.155 116.794 32.326 47.248 116.516 32.885 47.525
3 0 116.516 32.885 47.525 115.559 30.902 50.447 115.844 30.354 50.155
3 0 115.884 29.801 49.758 116.819 31.744 46.892 116.794 32.326 47.248
3 0 116.794 32.326 47.248 115.844 30.354 50.155 115.884 29.801 49.758
3 0 115.673 29.326 49.315 116.587 31.227 46.512 116.819 31.744 46.892
3 0 116.819 31.744 46.892 115.884 29.801 49.758 115.673 29.326 49.315
3 0 115.244 29.001 48.894 116.133 30.853 46.164 116.587 31.227 46.512
3 0 116.587 31.227 46.512 115.673 29.326 49.315 115.244 29.001 48.894
3 0 112.632 30.278 48.765 113.466 32.016 46.211 113.744 31.458 45.934
3 0 113.744 31.458 45.934 112.917 29.730 48.473 112.632 30.278 48.765
3 0 112.592 30.832 49.163 113.441 32.599 46.566 113.466 32.016 46.211
3 0 113.466 32.016 46.211 112.632 30.278 48.765 112.592 30.832 49.163
3 0 112.803 31.307 49.606 113.673 33.116 46.947 113.441 32.599 46.566
3 0 113.441 32.599 46.566 112.592 30.832 49.163 112.803 31.307 49.606
3 0 113.232 31.631 50.026 114.127 33.489 47.294 113.673 33.116 46.947
3 0 113.673 33.116 46.947 112.803 31.307 49.606 113.232 31.631 50.026
3 0 116.158 32.255 51.708 117.177 34.357 48.608 116.899 34.916 48.884
3 0 116.899 34.916 48.884 115.874 32.803 52.000 116.158 32.255 51.708
3 0 116.198 31.701 51.310 117.202 33.775 48.252 117.177 34.357 48.608
3 0 117.177 34.357 48.608 116.158 32.255 51.708 116.198 31.701 51.310
3 0 115.988 31.226 50.867 116.970 33.258 47.872 117.202 33.775 48.252
3 0 117.202 33.775 48.252 116.198 31.701 51.310 115.988 31.226 50.867
3 0 115.559 30.902 50.447 116.516 32.885 47.525 116.970 33.258 47.872
3 0 116.970 33.258 47.872 115.988 31.226 50.867 115.559 30.902 50.447
3 0 112.947 32.178 50.318 113.849 34.047 47.570 114.127 33.489 47.294
3 0 114.127 33.489 47.294 113.232 31.631 50.026 112.947 32.178 50.318
3 0 112.907 32.732 50.715 113.824 34.630 47.926 113.849 34.047 47.570
3 0 113.849 34.047 47.570 112.947 32.178 50.318 112.907 32.732 50.715
3 0 113.117 33.207 51.158 114.056 35.147 48.307 113.824 34.630 47.926
3 0 113.824 34.630 47.926 112.907 32.732 50.715 113.117 33.207 51.158
3 0 113.546 33.532 51.579 114.510 35.520 48.654 114.056 35.147 48.307
3 0 114.056 35.147 48.307 113.117 33.207 51.158 113.546 33.532 51.579
3 0 114.232 36.079 48.931 114.510 35.520 48.654 113.546 33.532 51.579
3 0 113.546 33.532 51.579 113.262 34.080 51.871 114.232 36.079 48.931
3 0 114.207 36.662 49.287 114.232 36.079 48.931 113.262 34.080 51.871
3 0 113.262 34.080 51.871 113.222 34.633 52.268 114.207 36.662 49.287
3 0 114.439 37.179 49.667 114.207 36.662 49.287 113.222 34.633 52.268
3 0 113.222 34.633 52.268 113.432 35.109 52.711 114.439 37.179 49.667
3 0 114.893 37.552 50.014 114.439 37.179 49.667 113.432 35.109 52.711
3 0 113.432 35.109 52.711 113.861 35.433 53.132 114.893 37.552 50.014
3 0 115.500 37.725 50.276 114.893 37.552 50.014 113.861 35.433 53.132
3 0 113.861 35.433 53.132 114.443 35.557 53.466 115.500 37.725 50.276
3 0 116.167 37.671 50.411 115.500 37.725 50.276 114.443 35.557 53.466
3 0 114.443 35.557 53.466 115.090 35.462 53.664 116.167 37.671 50.411
3 0 116.792 37.398 50.400 116.167 37.671 50.411 115.090 35.462 53.664
3 0 115.090 35.462 53.664 115.703 35.163 53.694 116.792 37.398 50.400
3 0 117.282 36.948 50.245 116.792 37.398 50.400 115.703 35.163 53.694
3 0 115.703 35.163 53.694 116.188 34.704 53.553 117.282 36.948 50.245
3 0 117.560 36.389 49.968 117.282 36.948 50.245 116.188 34.704 53.553
3 0 116.188 34.704 53.553 116.473 34.156 53.261 117.560 36.389 49.968
3 0 117.585 35.807 49.612 117.560 36.389 49.968 116.473 34.156 53.261
3 0 116.473 34.156 53.261 116.513 33.603 52.863 117.585 35.807 49.612
3 0 117.353 35.290 49.232 117.585 35.807 49.612 116.513 33.603 52.863
3 0 116.513 33.603 52.863 116.303 33.127 52.420 117.353 35.290 49.232
3 0 116.899 34.916 48.884 117.353 35.290 49.232 116.303 33.127 52.420
3 0 116.303 33.127 52.420 115.874 32.803 52.000 116.899 34.916 48.884
3 0 117.011 32.200 42.520 116.740 32.768 42.784 116.133 30.853 46.164
3 0 116.133 30.853 46.164 116.412 30.294 45.887 117.011 32.200 42.520
3 0 117.024 31.595 42.204 117.011 32.200 42.520 116.412 30.294 45.887
3 0 116.412 30.294 45.887 116.436 29.712 45.532 117.024 31.595 42.204
3 0 116.776 31.045 41.884 117.024 31.595 42.204 116.436 29.712 45.532
3 0 116.436 29.712 45.532 116.204 29.195 45.151 116.776 31.045 41.884
3 0 116.306 30.634 41.608 116.776 31.045 41.884 116.204 29.195 45.151
3 0 116.204 29.195 45.151 115.750 28.821 44.804 116.306 30.634 41.608
3 0 115.684 30.425 41.419 116.306 30.634 41.608 115.750 28.821 44.804
3 0 115.750 28.821 44.804 115.144 28.649 44.543 115.684 30.425 41.419
3 0 115.005 30.449 41.345 115.684 30.425 41.419 115.144 28.649 44.543
3 0 115.144 28.649 44.543 114.477 28.703 44.407 115.005 30.449 41.345
3 0 114.374 30.703 41.398 115.005 30.449 41.345 114.477 28.703 44.407
3 0 114.477 28.703 44.407 113.851 28.976 44.418 114.374 30.703 41.398
3 0 113.885 31.148 41.569 114.374 30.703 41.398 113.851 28.976 44.418
3 0 113.851 28.976 44.418 113.362 29.426 44.574 113.885 31.148 41.569
3 0 113.614 31.716 41.833 113.885 31.148 41.569 113.362 29.426 44.574
3 0 113.362 29.426 44.574 113.083 29.985 44.850 113.614 31.716 41.833
3 0 113.601 32.321 42.149 113.614 31.716 41.833 113.083 29.985 44.850
3 0 113.083 29.985 44.850 113.058 30.567 45.206 113.601 32.321 42.149
3 0 113.848 32.871 42.469 113.601 32.321 42.149 113.058 30.567 45.206
3 0 113.058 30.567 45.206 113.290 31.084 45.586 113.848 32.871 42.469
3 0 114.319 33.282 42.745 113.848 32.871 42.469 113.290 31.084 45.586
3 0 113.290 31.084 45.586 113.744 31.458 45.934 114.319 33.282 42.745
3 0 116.794 32.326 47.248 117.445 34.334 43.696 117.174 34.902 43.960
3 0 117.174 34.902 43.960 116.516 32.885 47.525 116.794 32.326 47.248
3 0 116.819 31.744 46.892 117.458 33.729 43.380 117.445 34.334 43.696
3 0 117.445 34.334 43.696 116.794 32.326 47.248 116.819 31.744 46.892
3 0 116.587 31.227 46.512 117.210 33.179 43.060 117.458 33.729 43.380
3 0 117.458 33.729 43.380 116.819 31.744 46.892 116.587 31.227 46.512
3 0 116.133 30.853 46.164 116.740 32.768 42.784 117.210 33.179 43.060
3 0 117.210 33.179 43.060 116.587 31.227 46.512 116.133 30.853 46.164
3 0 113.466 32.016 46.211 114.047 33.850 43.009 114.319 33.282 42.745
3 0 114.319 33.282 42.745 113.744 31.458 45.934 113.466 32.016 46.211
3 0 113.441 32.599 46.566 114.035 34.455 43.325 114.047 33.850 43.009
3 0 114.047 33.850 43.009 113.466 32.016 46.211 113.441 32.599 46.566
3 0 113.673 33.116 46.947 114.282 35.005 43.645 114.035 34.455 43.325
3 0 114.035 34.455 43.325 113.441 32.599 46.566 113.673 33.116 46.947
3 0 114.127 33.489 47.294 114.753 35.416 43.921 114.282 35.005 43.645
3 0 114.282 35.005 43.645 113.673 33.116 46.947 114.127 33.489 47.294
3 0 117.177 34.357 48.608 117.879 36.467 44.872 117.607 37.035 45.135
3 0 117.607 37.035 45.135 116.899 34.916 48.884 117.177 34.357 48.608
3 0 117.202 33.775 48.252 117.892 35.862 44.555 117.879 36.467 44.872
3 0 117.879 36.467 44.872 117.177 34.357 48.608 117.202 33.775 48.252
3 0 116.970 33.258 47.872 117.644 35.312 44.235 117.892 35.862 44.555
3 0 117.892 35.862 44.555 117.202 33.775 48.252 116.970 33.258 47.872
3 0 116.516 32.885 47.525 117.174 34.902 43.960 117.644 35.312 44.235
3 0 117.644 35.312 44.235 116.970 33.258 47.872 116.516 32.885 47.525
3 0 113.849 34.047 47.570 114.481 35.983 44.184 114.753 35.416 43.921
3 0 114.753 35.416 43.921 114.127 33.489 47.294 113.849 34.047 47.570
3 0 113.824 34.630 47.926 114.468 36.588 44.500 114.481 35.983 44.184
3 0 114.481 35.983 44.184 113.849 34.047 47.570 113.824 34.630 47.926
3 0 114.056 35.147 48.307 114.716 37.138 44.820 114.468 36.588 44.500
3 0 114.468 36.588 44.500 113.824 34.630 47.926 114.056 35.147 48.307
3 0 114.510 35.520 48.654 115.187 37.549 45.096 114.716 37.138 44.820
3 0 114.716 37.138 44.820 114.056 35.147 48.307 114.510 35.520 48.654
3 0 114.915 38.118 45.360 115.187 37.549 45.096 114.510 35.520 48.654
3 0 114.510 35.520 48.654 114.232 36.079 48.931 114.915 38.118 45.360
3 0 114.902 38.723 45.676 114.915 38.118 45.360 114.232 36.079 48.931
3 0 114.232 36.079 48.931 114.207 36.662 49.287 114.902 38.723 45.676
3 0 115.150 39.272 45.996 114.902 38.723 45.676 114.207 36.662 49.287
3 0 114.207 36.662 49.287 114.439 37.179 49.667 115.150 39.272 45.996
3 0 115.621 39.683 46.272 115.150 39.272 45.996 114.439 37.179 49.667
3 0 114.439 37.179 49.667 114.893 37.552 50.014 115.621 39.683 46.272
3 0 116.243 39.893 46.461 115.621 39.683 46.272 114.893 37.552 50.014
3 0 114.893 37.552 50.014 115.500 37.725 50.276 116.243 39.893 46.461
3 0 116.921 39.868 46.535 116.243 39.893 46.461 115.500 37.725 50.276
3 0 115.500 37.725 50.276 116.167 37.671 50.411 116.921 39.868 46.535
3 0 117.553 39.614 46.482 116.921 39.868 46.535 116.167 37.671 50.411
3 0 116.167 37.671 50.411 116.792 37.398 50.400 117.553 39.614 46.482
3 0 118.041 39.169 46.311 117.553 39.614 46.482 116.792 37.398 50.400
3 0 116.792 37.398 50.400 117.282 36.948 50.245 118.041 39.169 46.311
3 0 118.313 38.601 46.047 118.041 39.169 46.311 117.282 36.948 50.245
3 0 117.282 36.948 50.245 117.560 36.389 49.968 118.313 38.601 46.047
3 0 118.326 37.996 45.731 118.313 38.601 46.047 117.560 36.389 49.968
3 0 117.560 36.389 49.968 117.585 35.807 49.612 118.326 37.996 45.731
3 0 118.078 37.446 45.411 118.326 37.996 45.731 117.585 35.807 49.612
3 0 117.585 35.807 49.612 117.353 35.290 49.232 118.078 37.446 45.411
3 0 117.607 37.035 45.135 118.078 37.446 45.411 117.353 35.290 49.232
3 0 117.353 35.290 49.232 116.899 34.916 48.884 117.607 37.035 45.135
3 0 117.230 33.901 38.978 116.967 34.478 39.230 116.740 32.768 42.784
3 0 116.740 32.768 42.784 117.011 32.200 42.520 117.230 33.901 38.978
3 0 117.233 33.278 38.697 117.230 33.901 38.978 117.011 32.200 42.520
3 0 117.011 32.200 42.520 117.024 31.595 42.204 117.233 33.278 38.697
3 0 116.974 32.705 38.431 117.233 33.278 38.697 117.024 31.595 42.204
3 0 117.024 31.595 42.204 116.776 31.045 41.884 116.974 32.705 38.431
3 0 116.493 32.268 38.221 116.974 32.705 38.431 116.776 31.045 41.884
3 0 116.776 31.045 41.884 116.306 30.634 41.608 116.493 32.268 38.221
3 0 115.863 32.034 38.099 116.493 32.268 38.221 116.306 30.634 41.608
3 0 116.306 30.634 41.608 115.684 30.425 41.419 115.863 32.034 38.099
3 0 115.180 32.039 38.082 115.863 32.034 38.099 115.684 30.425 41.419
3 0 115.684 30.425 41.419 115.005 30.449 41.345 115.180 32.039 38.082
3 0 114.549 32.282 38.175 115.180 32.039 38.082 115.005 30.449 41.345
3 0 115.005 30.449 41.345 114.374 30.703 41.398 114.549 32.282 38.175
3 0 114.064 32.725 38.361 114.549 32.282 38.175 114.374 30.703 41.398
3 0 114.374 30.703 41.398 113.885 31.148 41.569 114.064 32.725 38.361
3 0 113.801 33.302 38.614 114.064 32.725 38.361 113.885 31.148 41.569
3 0 113.885 31.148 41.569 113.614 31.716 41.833 113.801 33.302 38.614
3 0 113.799 33.925 38.895 113.801 33.302 38.614 113.614 31.716 41.833
3 0 113.614 31.716 41.833 113.601 32.321 42.149 113.799 33.925 38.895
3 0 114.058 34.498 39.160 113.799 33.925 38.895 113.601 32.321 42.149
3 0 113.601 32.321 42.149 113.848 32.871 42.469 114.058 34.498 39.160
3 0 114.539 34.935 39.370 114.058 34.498 39.160 113.848 32.871 42.469
3 0 113.848 32.871 42.469 114.319 33.282 42.745 114.539 34.935 39.370
3 0 117.445 34.334 43.696 117.705 36.110 39.987 117.441 36.687 40.240
3 0 117.441 36.687 40.240 117.174 34.902 43.960 117.445 34.334 43.696
3 0 117.458 33.729 43.380 117.707 35.488 39.706 117.705 36.110 39.987
3 0 117.705 36.110 39.987 117.445 34.334 43.696 117.458 33.729 43.380
3 0 117.210 33.179 43.060 117.448 34.914 39.441 117.707 35.488 39.706
3 0 117.707 35.488 39.706 117.458 33.729 43.380 117.210 33.179 43.060
3 0 116.740 32.768 42.784 116.967 34.478 39.230 117.448 34.914 39.441
3 0 117.448 34.914 39.441 117.210 33.179 43.060 116.740 32.768 42.784
3 0 114.047 33.850 43.009 114.275 35.512 39.623 114.539 34.935 39.370
3 0 114.539 34.935 39.370 114.319 33.282 42.745 114.047 33.850 43.009
3 0 114.035 34.455 43.325 114.273 36.134 39.904 114.275 35.512 39.623
3 0 114.275 35.512 39.623 114.047 33.850 43.009 114.035 34.455 43.325
3 0 114.282 35.005 43.645 114.532 36.708 40.170 114.273 36.134 39.904
3 0 114.273 36.134 39.904 114.035 34.455 43.325 114.282 35.005 43.645
3 0 114.753 35.416 43.921 115.013 37.144 40.380 114.532 36.708 40.170
3 0 114.532 36.708 40.170 114.282 35.005 43.645 114.753 35.416 43.921
3 0 117.879 36.467 44.872 118.179 38.319 40.995 117.915 38.896 41.248
3 0 117.915 38.896 41.248 117.607 37.035 45.135 117.879 36.467 44.872
3 0 117.892 35.862 44.555 118.181 37.696 40.715 118.179 38.319 40.995
3 0 118.179 38.319 40.995 117.879 36.467 44.872 117.892 35.862 44.555
3 0 117.644 35.312 44.235 117.922 37.123 40.449 118.181 37.696 40.715
3 0 118.181 37.696 40.715 117.892 35.862 44.555 117.644 35.312 44.235
3 0 117.174 34.902 43.960 117.441 36.687 40.240 117.922 37.123 40.449
3 0 117.922 37.123 40.449 117.644 35.312 44.235 117.174 34.902 43.960
3 0 114.481 35.983 44.184 114.749 37.721 40.632 115.013 37.144 40.380
3 0 115.013 37.144 40.380 114.753 35.416 43.921 114.481 35.983 44.184
3 0 114.468 36.588 44.500 114.747 38.343 40.913 114.749 37.721 40.632
3 0 114.749 37.721 40.632 114.481 35.983 44.184 114.468 36.588 44.500
3 0 114.716 37.138 44.820 115.006 38.916 41.178 114.747 38.343 40.913
3 0 114.747 38.343 40.913 114.468 36.588 44.500 114.716 37.138 44.820
3 0 115.187 37.549 45.096 115.487 39.353 41.388 115.006 38.916 41.178
3 0 115.006 38.916 41.178 114.716 37.138 44.820 115.187 37.549 45.096
3 0 115.224 39.930 41.641 115.487 39.353 41.388 115.187 37.549 45.096
3 0 115.187 37.549 45.096 114.915 38.118 45.360 115.224 39.930 41.641
3 0 115.221 40.553 41.922 115.224 39.930 41.641 114.915 38.118 45.360
3 0 114.915 38.118 45.360 114.902 38.723 45.676 115.221 40.553 41.922
3 0 115.480 41.126 42.188 115.221 40.553 41.922 114.902 38.723 45.676
3 0 114.902 38.723 45.676 115.150 39.272 45.996 115.480 41.126 42.188
3 0 115.961 41.563 42.398 115.480 41.126 42.188 115.150 39.272 45.996
3 0 115.150 39.272 45.996 115.621 39.683 46.272 115.961 41.563 42.398
3 0 116.591 41.796 42.520 115.961 41.563 42.398 115.621 39.683 46.272
3 0 115.621 39.683 46.272 116.243 39.893 46.461 116.591 41.796 42.520
3 0 117.274 41.792 42.537 116.591 41.796 42.520 116.243 39.893 46.461
3 0 116.243 39.893 46.461 116.921 39.868 46.535 117.274 41.792 42.537
3 0 117.905 41.549 42.444 117.274 41.792 42.537 116.921 39.868 46.535
3 0 116.921 39.868 46.535 117.553 39.614 46.482 117.905 41.549 42.444
3 0 118.389 41.105 42.258 117.905 41.549 42.444 117.553 39.614 46.482
3 0 117.553 39.614 46.482 118.041 39.169 46.311 118.389 41.105 42.258
3 0 118.653 40.528 42.005 118.389 41.105 42.258 118.041 39.169 46.311
3 0 118.041 39.169 46.311 118.313 38.601 46.047 118.653 40.528 42.005
3 0 118.655 39.906 41.724 118.653 40.528 42.005 118.313 38.601 46.047
3 0 118.313 38.601 46.047 118.326 37.996 45.731 118.655 39.906 41.724
3 0 118.396 39.333 41.459 118.655 39.906 41.724 118.326 37.996 45.731
3 0 118.326 37.996 45.731 118.078 37.446 45.411 118.396 39.333 41.459
3 0 117.915 38.896 41.248 118.396 39.333 41.459 118.078 37.446 45.411
3 0 118.078 37.446 45.411 117.607 37.035 45.135 117.915 38.896 41.248
3 0 117.115 35.415 35.323 116.861 36.000 35.567 116.967 34.478 39.230
3 0 116.967 34.478 39.230 117.230 33.901 38.978 117.115 35.415 35.323
3 0 117.107 34.780 35.072 117.115 35.415 35.323 117.230 33.901 38.978
3 0 117.230 33.901 38.978 117.233 33.278 38.697 117.107 34.780 35.072
3 0 116.838 34.191 34.854 117.107 34.780 35.072 117.233 33.278 38.697
3 0 117.233 33.278 38.697 116.974 32.705 38.431 116.838 34.191 34.854
3 0 116.350 33.739 34.701 116.838 34.191 34.854 116.974 32.705 38.431
3 0 116.974 32.705 38.431 116.493 32.268 38.221 116.350 33.739 34.701
3 0 115.717 33.491 34.636 116.350 33.739 34.701 116.493 32.268 38.221
3 0 116.493 32.268 38.221 115.863 32.034 38.099 115.717 33.491 34.636
3 0 115.035 33.487 34.670 115.717 33.491 34.636 115.863 32.034 38.099
3 0 115.863 32.034 38.099 115.180 32.039 38.082 115.035 33.487 34.670
3 0 114.408 33.726 34.797 115.035 33.487 34.670 115.180 32.039 38.082
3 0 115.180 32.039 38.082 114.549 32.282 38.175 114.408 33.726 34.797
3 0 113.932 34.172 34.998 114.408 33.726 34.797 114.549 32.282 38.175
3 0 114.549 32.282 38.175 114.064 32.725 38.361 113.932 34.172 34.998
3 0 113.678 34.757 35.242 113.932 34.172 34.998 114.064 32.725 38.361
3 0 114.064 32.725 38.361 113.801 33.302 38.614 113.678 34.757 35.242
3 0 113.686 35.392 35.492 113.678 34.757 35.242 113.801 33.302 38.614
3 0 113.801 33.302 38.614 113.799 33.925 38.895 113.686 35.392 35.492
3 0 113.955 35.981 35.710 113.686 35.392 35.492 113.799 33.925 38.895
3 0 113.799 33.925 38.895 114.058 34.498 39.160 113.955 35.981 35.710
3 0 114.443 36.433 35.864 113.955 35.981 35.710 114.058 34.498 39.160
3 0 114.058 34.498 39.160 114.539 34.935 39.370 114.443 36.433 35.864
3 0 117.705 36.110 39.987 117.626 37.676 36.189 117.372 38.262 36.433
3 0 117.372 38.262 36.433 117.441 36.687 40.240 117.705 36.110 39.987
3 0 117.707 35.488 39.706 117.618 37.041 35.939 117.626 37.676 36.189
3 0 117.626 37.676 36.189 117.705 36.110 39.987 117.707 35.488 39.706
3 0 117.448 34.914 39.441 117.349 36.453 35.720 117.618 37.041 35.939
3 0 117.618 37.041 35.939 117.707 35.488 39.706 117.448 34.914 39.441
3 0 116.967 34.478 39.230 116.861 36.000 35.567 117.349 36.453 35.720
3 0 117.349 36.453 35.720 117.448 34.914 39.441 116.967 34.478 39.230
3 0 114.275 35.512 39.623 114.189 37.018 36.108 114.443 36.433 35.864
3 0 114.443 36.433 35.864 114.539 34.935 39.370 114.275 35.512 39.623
3 0 114.273 36.134 39.904 114.197 37.653 36.358 114.189 37.018 36.108
3 0 114.189 37.018 36.108 114.275 35.512 39.623 114.273 36.134 39.904
3 0 114.532 36.708 40.170 114.466 38.242 36.577 114.197 37.653 36.358
3 0 114.197 37.653 36.358 114.273 36.134 39.904 114.532 36.708 40.170
3 0 115.013 37.144 40.380 114.954 38.694 36.730 114.466 38.242 36.577
3 0 114.466 38.242 36.577 114.532 36.708 40.170 115.013 37.144 40.380
3 0 118.179 38.319 40.995 118.137 39.937 37.055 117.883 40.522 37.299
3 0 117.883 40.522 37.299 117.915 38.896 41.248 118.179 38.319 40.995
3 0 118.181 37.696 40.715 118.129 39.302 36.805 118.137 39.937 37.055
3 0 118.137 39.937 37.055 118.179 38.319 40.995 118.181 37.696 40.715
3 0 117.922 37.123 40.449 117.860 38.713 36.586 118.129 39.302 36.805
3 0 118.129 39.302 36.805 118.181 37.696 40.715 117.922 37.123 40.449
3 0 117.441 36.687 40.240 117.372 38.262 36.433 117.860 38.713 36.586
3 0 117.860 38.713 36.586 117.922 37.123 40.449 117.441 36.687 40.240
3 0 114.749 37.721 40.632 114.700 39.279 36.974 114.954 38.694 36.730
3 0 114.954 38.694 36.730 115.013 37.144 40.380 114.749 37.721 40.632
3 0 114.747 38.343 40.913 114.708 39.914 37.224 114.700 39.279 36.974
3 0 114.700 39.279 36.974 114.749 37.721 40.632 114.747 38.343 40.913
3 0 115.006 38.916 41.178 114.977 40.503 37.443 114.708 39.914 37.224
3 0 114.708 39.914 37.224 114.747 38.343 40.913 115.006 38.916 41.178
3 0 115.487 39.353 41.388 115.465 40.955 37.596 114.977 40.503 37.443
3 0 114.977 40.503 37.443 115.006 38.916 41.178 115.487 39.353 41.388
3 0 115.211 41.540 37.840 115.465 40.955 37.596 115.487 39.353 41.388
3 0 115.487 39.353 41.388 115.224 39.930 41.641 115.211 41.540 37.840
3 0 115.219 42.175 38.090 115.211 41.540 37.840 115.224 39.930 41.641
3 0 115.224 39.930 41.641 115.221 40.553 41.922 115.219 42.175 38.090
3 0 115.488 42.764 38.309 115.219 42.175 38.090 115.221 40.553 41.922
3 0 115.221 40.553 41.922 115.480 41.126 42.188 115.488 42.764 38.309
3 0 115.976 43.216 38.462 115.488 42.764 38.309 115.480 41.126 42.188
3 0 115.480 41.126 42.188 115.961 41.563 42.398 115.976 43.216 38.462
3 0 116.609 43.464 38.527 115.976 43.216 38.462 115.961 41.563 42.398
3 0 115.961 41.563 42.398 116.591 41.796 42.520 116.609 43.464 38.527
3 0 117.291 43.468 38.493 116.609 43.464 38.527 116.591 41.796 42.520
3 0 116.591 41.796 42.520 117.274 41.792 42.537 117.291 43.468 38.493
3 0 117.918 43.229 38.366 117.291 43.468 38.493 117.274 41.792 42.537
3 0 117.274 41.792 42.537 117.905 41.549 42.444 117.918 43.229 38.366
3 0 118.394 42.783 38.165 117.918 43.229 38.366 117.905 41.549 42.444
3 0 117.905 41.549 42.444 118.389 41.105 42.258 118.394 42.783 38.165
3 0 118.648 42.198 37.921 118.394 42.783 38.165 118.389 41.105 42.258
3 0 118.389 41.105 42.258 118.653 40.528 42.005 118.648 42.198 37.921
3 0 118.640 41.563 37.671 118.648 42.198 37.921 118.653 40.528 42.005
3 0 118.653 40.528 42.005 118.655 39.906 41.724 118.640 41.563 37.671
3 0 118.371 40.975 37.452 118.640 41.563 37.671 118.655 39.906 41.724
3 0 118.655 39.906 41.724 118.396 39.333 41.459 118.371 40.975 37.452
3 0 117.883 40.522 37.299 118.371 40.975 37.452 118.396 39.333 41.459
3 0 118.396 39.333 41.459 117.915 38.896 41.248 117.883 40.522 37.299
3 0 116.725 36.774 31.608 116.484 37.367 31.845 116.861 36.000 35.567
3 0 116.861 36.000 35.567 117.115 35.415 35.323 116.725 36.774 31.608
3 0 116.705 36.129 31.384 116.725 36.774 31.608 117.115 35.415 35.323
3 0 117.115 35.415 35.323 117.107 34.780 35.072 116.705 36.129 31.384
3 0 116.427 35.531 31.206 116.705 36.129 31.384 117.107 34.780 35.072
3 0 117.107 34.780 35.072 116.838 34.191 34.854 116.427 35.531 31.206
3 0 115.933 35.071 31.102 116.427 35.531 31.206 116.838 34.191 34.854
3 0 116.838 34.191 34.854 116.350 33.739 34.701 115.933 35.071 31.102
3 0 115.298 34.819 31.088 115.933 35.071 31.102 116.350 33.739 34.701
3 0 116.350 33.739 34.701 115.717 33.491 34.636 115.298 34.819 31.088
3 0 114.620 34.813 31.165 115.298 34.819 31.088 115.717 33.491 34.636
3 0 115.717 33.491 34.636 115.035 33.487 34.670 114.620 34.813 31.165
3 0 114.001 35.055 31.322 114.620 34.813 31.165 115.035 33.487 34.670
3 0 115.035 33.487 34.670 114.408 33.726 34.797 114.001 35.055 31.322
3 0 113.535 35.507 31.535 114.001 35.055 31.322 114.408 33.726 34.797
3 0 114.408 33.726 34.797 113.932 34.172 34.998 113.535 35.507 31.535
3 0 113.294 36.100 31.772 113.535 35.507 31.535 113.932 34.172 34.998
3 0 113.932 34.172 34.998 113.678 34.757 35.242 113.294 36.100 31.772
3 0 113.314 36.744 31.996 113.294 36.100 31.772 113.678 34.757 35.242
3 0 113.678 34.757 35.242 113.686 35.392 35.492 113.314 36.744 31.996
3 0 113.592 37.342 32.174 113.314 36.744 31.996 113.686 35.392 35.492
3 0 113.686 35.392 35.492 113.955 35.981 35.710 113.592 37.342 32.174
3 0 114.086 37.802 32.278 113.592 37.342 32.174 113.955 35.981 35.710
3 0 113.955 35.981 35.710 114.443 36.433 35.864 114.086 37.802 32.278
3 0 117.626 37.676 36.189 117.276 39.069 32.351 117.034 39.663 32.587
3 0 117.034 39.663 32.587 117.372 38.262 36.433 117.626 37.676 36.189
3 0 117.618 37.041 35.939 117.256 38.425 32.126 117.276 39.069 32.351
3 0 117.276 39.069 32.351 117.626 37.676 36.189 117.618 37.041 35.939
3 0 117.349 36.453 35.720 116.977 37.827 31.949 117.256 38.425 32.126
3 0 117.256 38.425 32.126 117.618 37.041 35.939 117.349 36.453 35.720
3 0 116.861 36.000 35.567 116.484 37.367 31.845 116.977 37.827 31.949
3 0 116.977 37.827 31.949 117.349 36.453 35.720 116.861 36.000 35.567
3 0 114.189 37.018 36.108 113.845 38.396 32.515 114.086 37.802 32.278
3 0 114.086 37.802 32.278 114.443 36.433 35.864 114.189 37.018 36.108
3 0 114.197 37.653 36.358 113.865 39.040 32.739 113.845 38.396 32.515
3 0 113.845 38.396 32.515 114.189 37.018 36.108 114.197 37.653 36.358
3 0 114.466 38.242 36.577 114.143 39.638 32.916 113.865 39.040 32.739
3 0 113.865 39.040 32.739 114.197 37.653 36.358 114.466 38.242 36.577
3 0 114.954 38.694 36.730 114.637 40.098 33.020 114.143 39.638 32.916
3 0 114.143 39.638 32.916 114.466 38.242 36.577 114.954 38.694 36.730
3 0 118.137 39.937 37.055 117.826 41.364 33.093 117.585 41.958 33.330
3 0 117.585 41.958 33.330 117.883 40.522 37.299 118.137 39.937 37.055
3 0 118.129 39.302 36.805 117.806 40.720 32.869 117.826 41.364 33.093
3 0 117.826 41.364 33.093 118.137 39.937 37.055 118.129 39.302 36.805
3 0 117.860 38.713 36.586 117.528 40.122 32.691 117.806 40.720 32.869
3 0 117.806 40.720 32.869 118.129 39.302 36.805 117.860 38.713 36.586
3 0 117.372 38.262 36.433 117.034 39.663 32.587 117.528 40.122 32.691
3 0 117.528 40.122 32.691 117.860 38.713 36.586 117.372 38.262 36.433
3 0 114.700 39.279 36.974 114.396 40.691 33.257 114.637 40.098 33.020
3 0 114.637 40.098 33.020 114.954 38.694 36.730 114.700 39.279 36.974
3 0 114.708 39.914 37.224 114.416 41.335 33.481 114.396 40.691 33.257
3 0 114.396 40.691 33.257 114.700 39.279 36.974 114.708 39.914 37.224
3 0 114.977 40.503 37.443 114.694 41.933 33.659 114.416 41.335 33.481
3 0 114.416 41.335 33.481 114.708 39.914 37.224 114.977 40.503 37.443
3 0 115.465 40.955 37.596 115.188 42.393 33.763 114.694 41.933 33.659
3 0 114.694 41.933 33.659 114.977 40.503 37.443 115.465 40.955 37.596
3 0 114.947 42.986 33.999 115.188 42.393 33.763 115.465 40.955 37.596
3 0 115.465 40.955 37.596 115.211 41.540 37.840 114.947 42.986 33.999
3 0 114.967 43.631 34.224 114.947 42.986 33.999 115.211 41.540 37.840
3 0 115.211 41.540 37.840 115.219 42.175 38.090 114.967 43.631 34.224
3 0 115.245 44.229 34.401 114.967 43.631 34.224 115.219 42.175 38.090
3 0 115.219 42.175 38.090 115.488 42.764 38.309 115.245 44.229 34.401
3 0 115.739 44.689 34.505 115.245 44.229 34.401 115.488 42.764 38.309
3 0 115.488 42.764 38.309 115.976 43.216 38.462 115.739 44.689 34.505
3 0 116.373 44.941 34.520 115.739 44.689 34.505 115.976 43.216 38.462
3 0 115.976 43.216 38.462 116.609 43.464 38.527 116.373 44.941 34.520
3 0 117.051 44.946 34.442 116.373 44.941 34.520 116.609 43.464 38.527
3 0 116.609 43.464 38.527 117.291 43.468 38.493 117.051 44.946 34.442
3 0 117.671 44.705 34.285 117.051 44.946 34.442 117.291 43.468 38.493
3 0 117.291 43.468 38.493 117.918 43.229 38.366 117.671 44.705 34.285
3 0 118.136 44.253 34.072 117.671 44.705 34.285 117.918 43.229 38.366
3 0 117.918 43.229 38.366 118.394 42.783 38.165 118.136 44.253 34.072
3 0 118.377 43.660 33.835 118.136 44.253 34.072 118.394 42.783 38.165
3 0 118.394 42.783 38.165 118.648 42.198 37.921 118.377 43.660 33.835
3 0 118.357 43.015 33.611 118.377 43.660 33.835 118.648 42.198 37.921
3 0 118.648 42.198 37.921 118.640 41.563 37.671 118.357 43.015 33.611
3 0 118.079 42.418 33.434 118.357 43.015 33.611 118.640 41.563 37.671
3 0 118.640 41.563 37.671 118.371 40.975 37.452 118.079 42.418 33.434
3 0 117.585 41.958 33.330 118.079 42.418 33.434 118.371 40.975 37.452
3 0 118.371 40.975 37.452 117.883 40.522 37.299 117.585 41.958 33.330
3 0 116.088 37.993 27.866 115.863 38.595 28.096 116.484 37.367 31.845
3 0 116.484 37.367 31.845 116.725 36.774 31.608 116.088 37.993 27.866
3 0 116.054 37.342 27.665 116.088 37.993 27.866 116.725 36.774 31.608
3 0 116.725 36.774 31.608 116.705 36.129 31.384 116.054 37.342 27.665
3 0 115.765 36.739 27.524 116.054 37.342 27.665 116.705 36.129 31.384
3 0 116.705 36.129 31.384 116.427 35.531 31.206 115.765 36.739 27.524
3 0 115.264 36.278 27.464 115.765 36.739 27.524 116.427 35.531 31.206
3 0 116.427 35.531 31.206 115.933 35.071 31.102 115.264 36.278 27.464
3 0 114.630 36.029 27.494 115.264 36.278 27.464 115.933 35.071 31.102
3 0 115.933 35.071 31.102 115.298 34.819 31.088 114.630 36.029 27.494
3 0 113.957 36.029 27.610 114.630 36.029 27.494 115.298 34.819 31.088
3 0 115.298 34.819 31.088 114.620 34.813 31.165 113.957 36.029 27.610
3 0 113.348 36.278 27.794 113.957 36.029 27.610 114.620 34.813 31.165
3 0 114.620 34.813 31.165 114.001 35.055 31.322 113.348 36.278 27.794
3 0 112.897 36.739 28.017 113.348 36.278 27.794 114.001 35.055 31.322
3 0 114.001 35.055 31.322 113.535 35.507 31.535 112.897 36.739 28.017
3 0 112.671 37.341 28.247 112.897 36.739 28.017 113.535 35.507 31.535
3 0 113.535 35.507 31.535 113.294 36.100 31.772 112.671 37.341 28.247
3 0 112.705 37.993 28.447 112.671 37.341 28.247 113.294 36.100 31.772
3 0 113.294 36.100 31.772 113.314 36.744 31.996 112.705 37.993 28.447
3 0 112.995 38.595 28.589 112.705 37.993 28.447 113.314 36.744 31.996
3 0 113.314 36.744 31.996 113.592 37.342 32.174 112.995 38.595 28.589
3 0 113.495 39.056 28.649 112.995 38.595 28.589 113.592 37.342 32.174
3 0 113.592 37.342 32.174 114.086 37.802 32.278 113.495 39.056 28.649
3 0 117.276 39.069 32.351 116.687 40.310 28.497 116.461 40.912 28.727
3 0 116.461 40.912 28.727 117.034 39.663 32.587 117.276 39.069 32.351
3 0 117.256 38.425 32.126 116.652 39.659 28.297 116.687 40.310 28.497
3 0 116.687 40.310 28.497 117.276 39.069 32.351 117.256 38.425 32.126
3 0 116.977 37.827 31.949 116.363 39.056 28.156 116.652 39.659 28.297
3 0 116.652 39.659 28.297 117.256 38.425 32.126 116.977 37.827 31.949
3 0 116.484 37.367 31.845 115.863 38.595 28.096 116.363 39.056 28.156
3 0 116.363 39.056 28.156 116.977 37.827 31.949 116.484 37.367 31.845
3 0 113.845 38.396 32.515 113.269 39.658 28.878 113.495 39.056 28.649
3 0 113.495 39.056 28.649 114.086 37.802 32.278 113.845 38.396 32.515
3 0 113.865 39.040 32.739 113.304 40.310 29.079 113.269 39.658 28.878
3 0 113.269 39.658 28.878 113.845 38.396 32.515 113.865 39.040 32.739
3 0 114.143 39.638 32.916 113.593 40.912 29.220 113.304 40.310 29.079
3 0 113.304 40.310 29.079 113.865 39.040 32.739 114.143 39.638 32.916
3 0 114.637 40.098 33.020 114.093 41.373 29.280 113.593 40.912 29.220
3 0 113.593 40.912 29.220 114.143 39.638 32.916 114.637 40.098 33.020
3 0 117.826 41.364 33.093 117.285 42.626 29.129 117.059 43.229 29.358
3 0 117.059 43.229 29.358 117.585 41.958 33.330 117.826 41.364 33.093
3 0 117.806 40.720 32.869 117.250 41.975 28.928 117.285 42.626 29.129
3 0 117.285 42.626 29.129 117.826 41.364 33.093 117.806 40.720 32.869
3 0 117.528 40.122 32.691 116.961 41.373 28.787 117.250 41.975 28.928
3 0 117.250 41.975 28.928 117.806 40.720 32.869 117.528 40.122 32.691
3 0 117.034 39.663 32.587 116.461 40.912 28.727 116.961 41.373 28.787
3 0 116.961 41.373 28.787 117.528 40.122 32.691 117.034 39.663 32.587
3 0 114.396 40.691 33.257 113.867 41.974 29.510 114.093 41.373 29.280
3 0 114.093 41.373 29.280 114.637 40.098 33.020 114.396 40.691 33.257
3 0 114.416 41.335 33.481 113.902 42.626 29.710 113.867 41.974 29.510
3 0 113.867 41.974 29.510 114.396 40.691 33.257 114.416 41.335 33.481
3 0 114.694 41.933 33.659 114.191 43.228 29.851 113.902 42.626 29.710
3 0 113.902 42.626 29.710 114.416 41.335 33.481 114.694 41.933 33.659
3 0 115.188 42.393 33.763 114.691 43.689 29.911 114.191 43.228 29.851
3 0 114.191 43.228 29.851 114.694 41.933 33.659 115.188 42.393 33.763
3 0 114.465 44.292 30.141 114.691 43.689 29.911 115.188 42.393 33.763
3 0 115.188 42.393 33.763 114.947 42.986 33.999 114.465 44.292 30.141
3 0 114.500 44.943 30.342 114.465 44.292 30.141 114.947 42.986 33.999
3 0 114.947 42.986 33.999 114.967 43.631 34.224 114.500 44.943 30.342
3 0 114.789 45.545 30.483 114.500 44.943 30.342 114.967 43.631 34.224
3 0 114.967 43.631 34.224 115.245 44.229 34.401 114.789 45.545 30.483
3 0 115.289 46.006 30.543 114.789 45.545 30.483 115.245 44.229 34.401
3 0 115.245 44.229 34.401 115.739 44.689 34.505 115.289 46.006 30.543
3 0 115.924 46.256 30.513 115.289 46.006 30.543 115.739 44.689 34.505
3 0 115.739 44.689 34.505 116.373 44.941 34.520 115.924 46.256 30.513
3 0 116.597 46.256 30.397 115.924 46.256 30.513 116.373 44.941 34.520
3 0 116.373 44.941 34.520 117.051 44.946 34.442 116.597 46.256 30.397
3 0 117.206 46.007 30.213 116.597 46.256 30.397 117.051 44.946 34.442
3 0 117.051 44.946 34.442 117.671 44.705 34.285 117.206 46.007 30.213
3 0 117.657 45.546 29.990 117.206 46.007 30.213 117.671 44.705 34.285
3 0 117.671 44.705 34.285 118.136 44.253 34.072 117.657 45.546 29.990
3 0 117.883 44.944 29.760 117.657 45.546 29.990 118.136 44.253 34.072
3 0 118.136 44.253 34.072 118.377 43.660 33.835 117.883 44.944 29.760
3 0 117.849 44.292 29.559 117.883 44.944 29.760 118.377 43.660 33.835
3 0 118.377 43.660 33.835 118.357 43.015 33.611 117.849 44.292 29.559
3 0 117.559 43.690 29.418 117.849 44.292 29.559 118.357 43.015 33.611
3 0 118.357 43.015 33.611 118.079 42.418 33.434 117.559 43.690 29.418
3 0 117.059 43.229 29.358 117.559 43.690 29.418 118.079 42.418 33.434
3 0 118.079 42.418 33.434 117.585 41.958 33.330 117.059 43.229 29.358
3 0 115.243 39.100 24.118 115.036 39.711 24.341 115.863 38.595 28.096
3 0 115.863 38.595 28.096 116.088 37.993 27.866 115.243 39.100 24.118
3 0 115.191 38.443 23.940 115.243 39.100 24.118 116.088 37.993 27.866
3 0 116.088 37.993 27.866 116.054 37.342 27.665 115.191 38.443 23.940
3 0 114.888 37.840 23.832 115.191 38.443 23.940 116.054 37.342 27.665
3 0 116.054 37.342 27.665 115.765 36.739 27.524 114.888 37.840 23.832
3 0 114.380 37.385 23.811 114.888 37.840 23.832 115.765 36.739 27.524
3 0 115.765 36.739 27.524 115.264 36.278 27.464 114.380 37.385 23.811
3 0 113.745 37.144 23.881 114.380 37.385 23.811 115.264 36.278 27.464
3 0 115.264 36.278 27.464 114.630 36.029 27.494 113.745 37.144 23.881
3 0 113.079 37.157 24.030 113.745 37.144 23.881 114.630 36.029 27.494
3 0 114.630 36.029 27.494 113.957 36.029 27.610 113.079 37.157 24.030
3 0 112.483 37.419 24.237 113.079 37.157 24.030 113.957 36.029 27.610
3 0 113.957 36.029 27.610 113.348 36.278 27.794 112.483 37.419 24.237
3 0 112.049 37.892 24.469 112.483 37.419 24.237 113.348 36.278 27.794
3 0 113.348 36.278 27.794 112.897 36.739 28.017 112.049 37.892 24.469
3 0 111.842 38.504 24.691 112.049 37.892 24.469 112.897 36.739 28.017
3 0 112.897 36.739 28.017 112.671 37.341 28.247 111.842 38.504 24.691
3 0 111.894 39.161 24.870 111.842 38.504 24.691 112.671 37.341 28.247
3 0 112.671 37.341 28.247 112.705 37.993 28.447 111.894 39.161 24.870
3 0 112.197 39.763 24.978 111.894 39.161 24.870 112.705 37.993 28.447
3 0 112.705 37.993 28.447 112.995 38.595 28.589 112.197 39.763 24.978
3 0 112.705 40.219 24.999 112.197 39.763 24.978 112.995 38.595 28.589
3 0 112.995 38.595 28.589 113.495 39.056 28.649 112.705 40.219 24.999
3 0 116.687 40.310 28.497 115.900 41.426 24.649 115.693 42.038 24.871
3 0 115.693 42.038 24.871 116.461 40.912 28.727 116.687 40.310 28.497
3 0 116.652 39.659 28.297 115.847 40.769 24.470 115.900 41.426 24.649
3 0 115.900 41.426 24.649 116.687 40.310 28.497 116.652 39.659 28.297
3 0 116.363 39.056 28.156 115.544 40.167 24.362 115.847 40.769 24.470
3 0 115.847 40.769 24.470 116.652 39.659 28.297 116.363 39.056 28.156
3 0 115.863 38.595 28.096 115.036 39.711 24.341 115.544 40.167 24.362
3 0 115.544 40.167 24.362 116.363 39.056 28.156 115.863 38.595 28.096
3 0 113.269 39.658 28.878 112.499 40.831 25.221 112.705 40.219 24.999
3 0 112.705 40.219 24.999 113.495 39.056 28.649 113.269 39.658 28.878
3 0 113.304 40.310 29.079 112.551 41.488 25.400 112.499 40.831 25.221
3 0 112.499 40.831 25.221 113.269 39.658 28.878 113.304 40.310 29.079
3 0 113.593 40.912 29.220 112.854 42.090 25.508 112.551 41.488 25.400
3 0 112.551 41.488 25.400 113.304 40.310 29.079 113.593 40.912 29.220
3 0 114.093 41.373 29.280 113.362 42.546 25.529 112.854 42.090 25.508
3 0 112.854 42.090 25.508 113.593 40.912 29.220 114.093 41.373 29.280
3 0 117.285 42.626 29.129 116.556 43.752 25.178 116.349 44.364 25.401
3 0 116.349 44.364 25.401 117.059 43.229 29.358 117.285 42.626 29.129
3 0 117.250 41.975 28.928 116.504 43.095 25.000 116.556 43.752 25.178
3 0 116.556 43.752 25.178 117.285 42.626 29.129 117.250 41.975 28.928
3 0 116.961 41.373 28.787 116.201 42.493 24.892 116.504 43.095 25.000
3 0 116.504 43.095 25.000 117.250 41.975 28.928 116.961 41.373 28.787
3 0 116.461 40.912 28.727 115.693 42.038 24.871 116.201 42.493 24.892
3 0 116.201 42.493 24.892 116.961 41.373 28.787 116.461 40.912 28.727
3 0 113.867 41.974 29.510 113.155 43.156 25.751 113.362 42.546 25.529
3 0 113.362 42.546 25.529 114.093 41.373 29.280 113.867 41.974 29.510
3 0 113.902 42.626 29.710 113.207 43.813 25.930 113.155 43.156 25.751
3 0 113.155 43.156 25.751 113.867 41.974 29.510 113.902 42.626 29.710
3 0 114.191 43.228 29.851 113.510 44.416 26.038 113.207 43.813 25.930
3 0 113.207 43.813 25.930 113.902 42.626 29.710 114.191 43.228 29.851
3 0 114.691 43.689 29.911 114.018 44.871 26.059 113.510 44.416 26.038
3 0 113.510 44.416 26.038 114.191 43.228 29.851 114.691 43.689 29.911
3 0 113.811 45.483 26.281 114.018 44.871 26.059 114.691 43.689 29.911
3 0 114.691 43.689 29.911 114.465 44.292 30.141 113.811 45.483 26.281
3 0 113.864 46.140 26.460 113.811 45.483 26.281 114.465 44.292 30.141
3 0 114.465 44.292 30.141 114.500 44.943 30.342 113.864 46.140 26.460
3 0 114.167 46.742 26.568 113.864 46.140 26.460 114.500 44.943 30.342
3 0 114.500 44.943 30.342 114.789 45.545 30.483 114.167 46.742 26.568
3 0 114.675 47.198 26.589 114.167 46.742 26.568 114.789 45.545 30.483
3 0 114.789 45.545 30.483 115.289 46.006 30.543 114.675 47.198 26.589
3 0 115.310 47.438 26.519 114.675 47.198 26.589 115.289 46.006 30.543
3 0 115.289 46.006 30.543 115.924 46.256 30.513 115.310 47.438 26.519
3 0 115.976 47.426 26.370 115.310 47.438 26.519 115.924 46.256 30.513
3 0 115.924 46.256 30.513 116.597 46.256 30.397 115.976 47.426 26.370
3 0 116.572 47.164 26.163 115.976 47.426 26.370 116.597 46.256 30.397
3 0 116.597 46.256 30.397 117.206 46.007 30.213 116.572 47.164 26.163
3 0 117.006 46.690 25.931 116.572 47.164 26.163 117.206 46.007 30.213
3 0 117.206 46.007 30.213 117.657 45.546 29.990 117.006 46.690 25.931
3 0 117.212 46.079 25.708 117.006 46.690 25.931 117.657 45.546 29.990
3 0 117.657 45.546 29.990 117.883 44.944 29.760 117.212 46.079 25.708
3 0 117.160 45.422 25.530 117.212 46.079 25.708 117.883 44.944 29.760
3 0 117.883 44.944 29.760 117.849 44.292 29.559 117.160 45.422 25.530
3 0 116.857 44.820 25.422 117.160 45.422 25.530 117.849 44.292 29.559
3 0 117.849 44.292 29.559 117.559 43.690 29.418 116.857 44.820 25.422
3 0 116.349 44.364 25.401 116.857 44.820 25.422 117.559 43.690 29.418
3 0 117.559 43.690 29.418 117.059 43.229 29.358 116.349 44.364 25.401
3 0 114.209 40.110 20.383 114.026 40.732 20.597 115.036 39.711 24.341
3 0 115.036 39.711 24.341 115.243 39.100 24.118 114.209 40.110 20.383
3 0 114.135 39.450 20.225 114.209 40.110 20.383 115.243 39.100 24.118
3 0 115.243 39.100 24.118 115.191 38.443 23.940 114.135 39.450 20.225
3 0 113.815 38.851 20.149 114.135 39.450 20.225 115.191 38.443 23.940
3 0 115.191 38.443 23.940 114.888 37.840 23.832 113.815 38.851 20.149
3 0 113.297 38.406 20.165 113.815 38.851 20.149 114.888 37.840 23.832
3 0 114.888 37.840 23.832 114.380 37.385 23.811 113.297 38.406 20.165
3 0 112.661 38.182 20.271 113.297 38.406 20.165 114.380 37.385 23.811
3 0 114.380 37.385 23.811 113.745 37.144 23.881 112.661 38.182 20.271
3 0 112.003 38.213 20.451 112.661 38.182 20.271 113.745 37.144 23.881
3 0 113.745 37.144 23.881 113.079 37.157 24.030 112.003 38.213 20.451
3 0 111.424 38.494 20.677 112.003 38.213 20.451 113.079 37.157 24.030
3 0 113.079 37.157 24.030 112.483 37.419 24.237 111.424 38.494 20.677
3 0 111.011 38.983 20.916 111.424 38.494 20.677 112.483 37.419 24.237
3 0 112.483 37.419 24.237 112.049 37.892 24.469 111.011 38.983 20.916
3 0 110.827 39.604 21.130 111.011 38.983 20.916 112.049 37.892 24.469
3 0 112.049 37.892 24.469 111.842 38.504 24.691 110.827 39.604 21.130
3 0 110.901 40.265 21.288 110.827 39.604 21.130 111.842 38.504 24.691
3 0 111.842 38.504 24.691 111.894 39.161 24.870 110.901 40.265 21.288
3 0 111.221 40.863 21.364 110.901 40.265 21.288 111.894 39.161 24.870
3 0 111.894 39.161 24.870 112.197 39.763 24.978 111.221 40.863 21.364
3 0 111.739 41.308 21.348 111.221 40.863 21.364 112.197 39.763 24.978
3 0 112.197 39.763 24.978 112.705 40.219 24.999 111.739 41.308 21.348
3 0 115.900 41.426 24.649 114.937 42.435 20.815 114.754 43.057 21.030
3 0 114.754 43.057 21.030 115.693 42.038 24.871 115.900 41.426 24.649
3 0 115.847 40.769 24.470 114.863 41.775 20.658 114.937 42.435 20.815
3 0 114.937 42.435 20.815 115.900 41.426 24.649 115.847 40.769 24.470
3 0 115.544 40.167 24.362 114.543 41.177 20.581 114.863 41.775 20.658
3 0 114.863 41.775 20.658 115.847 40.769 24.470 115.544 40.167 24.362
3 0 115.036 39.711 24.341 114.026 40.732 20.597 114.543 41.177 20.581
3 0 114.543 41.177 20.581 115.544 40.167 24.362 115.036 39.711 24.341
3 0 112.499 40.831 25.221 111.556 41.930 21.563 111.739 41.308 21.348
3 0 111.739 41.308 21.348 112.705 40.219 24.999 112.499 40.831 25.221
3 0 112.551 41.488 25.400 111.630 42.590 21.720 111.556 41.930 21.563
3 0 111.556 41.930 21.563 112.499 40.831 25.221 112.551 41.488 25.400
3 0 112.854 42.090 25.508 111.950 43.188 21.797 111.630 42.590 21.720
3 0 111.630 42.590 21.720 112.551 41.488 25.400 112.854 42.090 25.508
3 0 113.362 42.546 25.529 112.467 43.633 21.781 111.950 43.188 21.797
3 0 111.950 43.188 21.797 112.854 42.090 25.508 113.362 42.546 25.529
3 0 116.556 43.752 25.178 115.665 44.760 21.248 115.482 45.382 21.462
3 0 115.482 45.382 21.462 116.349 44.364 25.401 116.556 43.752 25.178
3 0 116.504 43.095 25.000 115.591 44.100 21.090 115.665 44.760 21.248
3 0 115.665 44.760 21.248 116.556 43.752 25.178 116.504 43.095 25.000
3 0 116.201 42.493 24.892 115.271 43.501 21.014 115.591 44.100 21.090
3 0 115.591 44.100 21.090 116.504 43.095 25.000 116.201 42.493 24.892
3 0 115.693 42.038 24.871 114.754 43.057 21.030 115.271 43.501 21.014
3 0 115.271 43.501 21.014 116.201 42.493 24.892 115.693 42.038 24.871
3 0 113.155 43.156 25.751 112.284 44.254 21.995 112.467 43.633 21.781
3 0 112.467 43.633 21.781 113.362 42.546 25.529 113.155 43.156 25.751
3 0 113.207 43.813 25.930 112.358 44.915 22.153 112.284 44.254 21.995
3 0 112.284 44.254 21.995 113.155 43.156 25.751 113.207 43.813 25.930
3 0 113.510 44.416 26.038 112.678 45.513 22.229 112.358 44.915 22.153
3 0 112.358 44.915 22.153 113.207 43.813 25.930 113.510 44.416 26.038
3 0 114.018 44.871 26.059 113.195 45.958 22.213 112.678 45.513 22.229
3 0 112.678 45.513 22.229 113.510 44.416 26.038 114.018 44.871 26.059
3 0 113.012 46.580 22.428 113.195 45.958 22.213 114.018 44.871 26.059
3 0 114.018 44.871 26.059 113.811 45.483 26.281 113.012 46.580 22.428
3 0 113.086 47.240 22.585 113.012 46.580 22.428 113.811 45.483 26.281
3 0 113.811 45.483 26.281 113.864 46.140 26.460 113.086 47.240 22.585
3 0 113.406 47.838 22.662 113.086 47.240 22.585 113.864 46.140 26.460
3 0 113.864 46.140 26.460 114.167 46.742 26.568 113.406 47.838 22.662
3 0 113.924 48.284 22.646 113.406 47.838 22.662 114.167 46.742 26.568
3 0 114.167 46.742 26.568 114.675 47.198 26.589 113.924 48.284 22.646
3 0 114.560 48.508 22.540 113.924 48.284 22.646 114.675 47.198 26.589
3 0 114.675 47.198 26.589 115.310 47.438 26.519 114.560 48.508 22.540
3 0 115.218 48.477 22.360 114.560 48.508 22.540 115.310 47.438 26.519
3 0 115.310 47.438 26.519 115.976 47.426 26.370 115.218 48.477 22.360
3 0 115.797 48.196 22.133 115.218 48.477 22.360 115.976 47.426 26.370
3 0 115.976 47.426 26.370 116.572 47.164 26.163 115.797 48.196 22.133
3 0 116.210 47.707 21.895 115.797 48.196 22.133 116.572 47.164 26.163
3 0 116.572 47.164 26.163 117.006 46.690 25.931 116.210 47.707 21.895
3 0 116.394 47.085 21.680 116.210 47.707 21.895 117.006 46.690 25.931
3 0 117.006 46.690 25.931 117.212 46.079 25.708 116.394 47.085 21.680
3 0 116.320 46.425 21.523 116.394 47.085 21.680 117.212 46.079 25.708
3 0 117.212 46.079 25.708 117.160 45.422 25.530 116.320 46.425 21.523
3 0 116.000 45.827 21.446 116.320 46.425 21.523 117.160 45.422 25.530
3 0 117.160 45.422 25.530 116.857 44.820 25.422 116.000 45.827 21.446
3 0 115.482 45.382 21.462 116.000 45.827 21.446 116.857 44.820 25.422
3 0 116.857 44.820 25.422 116.349 44.364 25.401 115.482 45.382 21.462
3 0 113.004 41.042 16.671 112.849 41.675 16.876 114.026 40.732 20.597
3 0 114.026 40.732 20.597 114.209 40.110 20.383 113.004 41.042 16.671
3 0 112.903 40.381 16.535 113.004 41.042 16.671 114.209 40.110 20.383
3 0 114.209 40.110 20.383 114.135 39.450 20.225 112.903 40.381 16.535
3 0 112.562 39.791 16.490 112.903 40.381 16.535 114.135 39.450 20.225
3 0 114.135 39.450 20.225 113.815 38.851 20.149 112.562 39.791 16.490
3 0 112.033 39.363 16.541 112.562 39.791 16.490 113.815 38.851 20.149
3 0 113.815 38.851 20.149 113.297 38.406 20.165 112.033 39.363 16.541
3 0 111.396 39.161 16.681 112.033 39.363 16.541 113.297 38.406 20.165
3 0 113.297 38.406 20.165 112.661 38.182 20.271 111.396 39.161 16.681
3 0 110.748 39.218 16.889 111.396 39.161 16.681 112.661 38.182 20.271
3 0 112.661 38.182 20.271 112.003 38.213 20.451 110.748 39.218 16.889
3 0 110.188 39.523 17.133 110.748 39.218 16.889 112.003 38.213 20.451
3 0 112.003 38.213 20.451 111.424 38.494 20.677 110.188 39.523 17.133
3 0 109.801 40.030 17.376 110.188 39.523 17.133 111.424 38.494 20.677
3 0 111.424 38.494 20.677 111.011 38.983 20.916 109.801 40.030 17.376
3 0 109.646 40.663 17.580 109.801 40.030 17.376 111.011 38.983 20.916
3 0 111.011 38.983 20.916 110.827 39.604 21.130 109.646 40.663 17.580
3 0 109.747 41.325 17.716 109.646 40.663 17.580 110.827 39.604 21.130
3 0 110.827 39.604 21.130 110.901 40.265 21.288 109.747 41.325 17.716
3 0 110.088 41.914 17.761 109.747 41.325 17.716 110.901 40.265 21.288
3 0 110.901 40.265 21.288 111.221 40.863 21.364 110.088 41.914 17.761
3 0 110.617 42.342 17.710 110.088 41.914 17.761 111.221 40.863 21.364
3 0 111.221 40.863 21.364 111.739 41.308 21.348 110.617 42.342 17.710
3 0 114.937 42.435 20.815 113.821 43.355 17.005 113.666 43.987 17.210
3 0 113.666 43.987 17.210 114.754 43.057 21.030 114.937 42.435 20.815
3 0 114.863 41.775 20.658 113.720 42.693 16.870 113.821 43.355 17.005
3 0 113.821 43.355 17.005 114.937 42.435 20.815 114.863 41.775 20.658
3 0 114.543 41.177 20.581 113.379 42.103 16.824 113.720 42.693 16.870
3 0 113.720 42.693 16.870 114.863 41.775 20.658 114.543 41.177 20.581
3 0 114.026 40.732 20.597 112.849 41.675 16.876 113.379 42.103 16.824
3 0 113.379 42.103 16.824 114.543 41.177 20.581 114.026 40.732 20.597
3 0 111.556 41.930 21.563 110.462 42.975 17.915 110.617 42.342 17.710
3 0 110.617 42.342 17.710 111.739 41.308 21.348 111.556 41.930 21.563
3 0 111.630 42.590 21.720 110.563 43.637 18.050 110.462 42.975 17.915
3 0 110.462 42.975 17.915 111.556 41.930 21.563 111.630 42.590 21.720
3 0 111.950 43.188 21.797 110.904 44.227 18.096 110.563 43.637 18.050
3 0 110.563 43.637 18.050 111.630 42.590 21.720 111.950 43.188 21.797
3 0 112.467 43.633 21.781 111.433 44.655 18.045 110.904 44.227 18.096
3 0 110.904 44.227 18.096 111.950 43.188 21.797 112.467 43.633 21.781
3 0 115.665 44.760 21.248 114.637 45.666 17.340 114.482 46.299 17.544
3 0 114.482 46.299 17.544 115.482 45.382 21.462 115.665 44.760 21.248
3 0 115.591 44.100 21.090 114.536 45.005 17.204 114.637 45.666 17.340
3 0 114.637 45.666 17.340 115.665 44.760 21.248 115.591 44.100 21.090
3 0 115.271 43.501 21.014 114.195 44.415 17.159 114.536 45.005 17.204
3 0 114.536 45.005 17.204 115.591 44.100 21.090 115.271 43.501 21.014
3 0 114.754 43.057 21.030 113.666 43.987 17.210 114.195 44.415 17.159
3 0 114.195 44.415 17.159 115.271 43.501 21.014 114.754 43.057 21.030
3 0 112.284 44.254 21.995 111.278 45.287 18.249 111.433 44.655 18.045
3 0 111.433 44.655 18.045 112.467 43.633 21.781 112.284 44.254 21.995
3 0 112.358 44.915 22.153 111.379 45.948 18.385 111.278 45.287 18.249
3 0 111.278 45.287 18.249 112.284 44.254 21.995 112.358 44.915 22.153
3 0 112.678 45.513 22.229 111.720 46.538 18.430 111.379 45.948 18.385
3 0 111.379 45.948 18.385 112.358 44.915 22.153 112.678 45.513 22.229
3 0 113.195 45.958 22.213 112.250 46.966 18.379 111.720 46.538 18.430
3 0 111.720 46.538 18.430 112.678 45.513 22.229 113.195 45.958 22.213
3 0 112.095 47.599 18.584 112.250 46.966 18.379 113.195 45.958 22.213
3 0 113.195 45.958 22.213 113.012 46.580 22.428 112.095 47.599 18.584
3 0 112.195 48.261 18.719 112.095 47.599 18.584 113.012 46.580 22.428
3 0 113.012 46.580 22.428 113.086 47.240 22.585 112.195 48.261 18.719
3 0 112.536 48.851 18.765 112.195 48.261 18.719 113.086 47.240 22.585
3 0 113.086 47.240 22.585 113.406 47.838 22.662 112.536 48.851 18.765
3 0 113.066 49.279 18.713 112.536 48.851 18.765 113.406 47.838 22.662
3 0 113.406 47.838 22.662 113.924 48.284 22.646 113.066 49.279 18.713
3 0 113.703 49.480 18.573 113.066 49.279 18.713 113.924 48.284 22.646
3 0 113.924 48.284 22.646 114.560 48.508 22.540 113.703 49.480 18.573
3 0 114.351 49.424 18.365 113.703 49.480 18.573 114.560 48.508 22.540
3 0 114.560 48.508 22.540 115.218 48.477 22.360 114.351 49.424 18.365
3 0 114.911 49.119 18.122 114.351 49.424 18.365 115.218 48.477 22.360
3 0 115.218 48.477 22.360 115.797 48.196 22.133 114.911 49.119 18.122
3 0 115.298 48.611 17.879 114.911 49.119 18.122 115.797 48.196 22.133
3 0 115.797 48.196 22.133 116.210 47.707 21.895 115.298 48.611 17.879
3 0 115.453 47.979 17.674 115.298 48.611 17.879 116.210 47.707 21.895
3 0 116.210 47.707 21.895 116.394 47.085 21.680 115.453 47.979 17.674
3 0 115.352 47.317 17.539 115.453 47.979 17.674 116.394 47.085 21.680
3 0 116.394 47.085 21.680 116.320 46.425 21.523 115.352 47.317 17.539
3 0 115.011 46.727 17.493 115.352 47.317 17.539 116.320 46.425 21.523
3 0 116.320 46.425 21.523 116.000 45.827 21.446 115.011 46.727 17.493
3 0 114.482 46.299 17.544 115.011 46.727 17.493 116.000 45.827 21.446
3 0 116.000 45.827 21.446 115.482 45.382 21.462 114.482 46.299 17.544
3 0 111.517 42.556 13.186 112.849 41.675 16.876 113.004 41.042 16.671
3 0 113.004 41.042 16.671 111.637 41.912 12.994 111.517 42.556 13.186
3 0 111.637 41.912 12.994 113.004 41.042 16.671 112.903 40.381 16.535
3 0 112.903 40.381 16.535 111.504 41.252 12.882 111.637 41.912 12.994
3 0 111.504 41.252 12.882 112.903 40.381 16.535 112.562 39.791 16.490
3 0 112.562 39.791 16.490 111.137 40.676 12.868 111.504 41.252 12.882
3 0 111.137 40.676 12.868 112.562 39.791 16.490 112.033 39.363 16.541
3 0 112.033 39.363 16.541 110.594 40.272 12.954 111.137 40.676 12.868
3 0 110.594 40.272 12.954 112.033 39.363 16.541 111.396 39.161 16.681
3 0 111.396 39.161 16.681 109.956 40.101 13.127 110.594 40.272 12.954
3 0 109.956 40.101 13.127 111.396 39.161 16.681 110.748 39.218 16.889
3 0 110.748 39.218 16.889 109.320 40.190 13.360 109.956 40.101 13.127
3 0 109.320 40.190 13.360 110.748 39.218 16.889 110.188 39.523 17.133
3 0 110.188 39.523 17.133 108.784 40.524 13.618 109.320 40.190 13.360
3 0 108.784 40.524 13.618 110.188 39.523 17.133 109.801 40.030 17.376
3 0 109.801 40.030 17.376 108.429 41.054 13.862 108.784 40.524 13.618
3 0 108.429 41.054 13.862 109.801 40.030 17.376 109.646 40.663 17.580
3 0 109.646 40.663 17.580 108.308 41.698 14.054 108.429 41.054 13.862
3 0 108.308 41.698 14.054 109.646 40.663 17.580 109.747 41.325 17.716
3 0 109.747 41.325 17.716 108.442 42.358 14.166 108.308 41.698 14.054
3 0 108.442 42.358 14.166 109.747 41.325 17.716 110.088 41.914 17.761
3 0 110.088 41.914 17.761 108.808 42.935 14.180 108.442 42.358 14.166
3 0 108.808 42.935 14.180 110.088 41.914 17.761 110.617 42.342 17.710
3 0 110.617 42.342 17.710 109.351 43.339 14.094 108.808 42.935 14.180
3 0 112.560 44.197 13.226 112.440 44.841 13.418 113.666 43.987 17.210
3 0 113.666 43.987 17.210 113.821 43.355 17.005 112.560 44.197 13.226
3 0 112.427 43.537 13.114 112.560 44.197 13.226 113.821 43.355 17.005
3 0 113.821 43.355 17.005 113.720 42.693 16.870 112.427 43.537 13.114
3 0 112.060 42.960 13.100 112.427 43.537 13.114 113.720 42.693 16.870
3 0 113.720 42.693 16.870 113.379 42.103 16.824 112.060 42.960 13.100
3 0 111.517 42.556 13.186 112.060 42.960 13.100 113.379 42.103 16.824
3 0 113.379 42.103 16.824 112.849 41.675 16.876 111.517 42.556 13.186
3 0 109.231 43.983 14.286 109.351 43.339 14.094 110.617 42.342 17.710
3 0 110.617 42.342 17.710 110.462 42.975 17.915 109.231 43.983 14.286
3 0 109.365 44.643 14.398 109.231 43.983 14.286 110.462 42.975 17.915
3 0 110.462 42.975 17.915 110.563 43.637 18.050 109.365 44.643 14.398
3 0 109.731 45.219 14.412 109.365 44.643 14.398 110.563 43.637 18.050
3 0 110.563 43.637 18.050 110.904 44.227 18.096 109.731 45.219 14.412
3 0 110.274 45.623 14.326 109.731 45.219 14.412 110.904 44.227 18.096
3 0 110.904 44.227 18.096 111.433 44.655 18.045 110.274 45.623 14.326
3 0 113.483 46.481 13.458 113.362 47.125 13.651 114.482 46.299 17.544
3 0 114.482 46.299 17.544 114.637 45.666 17.340 113.483 46.481 13.458
3 0 113.349 45.820 13.346 113.483 46.481 13.458 114.637 45.666 17.340
3 0 114.637 45.666 17.340 114.536 45.005 17.204 113.349 45.820 13.346
3 0 112.983 45.244 13.332 113.349 45.820 13.346 114.536 45.005 17.204
3 0 114.536 45.005 17.204 114.195 44.415 17.159 112.983 45.244 13.332
3 0 112.440 44.841 13.418 112.983 45.244 13.332 114.195 44.415 17.159
3 0 114.195 44.415 17.159 113.666 43.987 17.210 112.440 44.841 13.418
3 0 110.154 46.267 14.518 110.274 45.623 14.326 111.433 44.655 18.045
3 0 111.433 44.655 18.045 111.278 45.287 18.249 110.154 46.267 14.518
3 0 110.287 46.927 14.630 110.154 46.267 14.518 111.278 45.287 18.249
3 0 111.278 45.287 18.249 111.379 45.948 18.385 110.287 46.927 14.630
3 0 110.654 47.503 14.644 110.287 46.927 14.630 111.379 45.948 18.385
3 0 111.379 45.948 18.385 111.720 46.538 18.430 110.654 47.503 14.644
3 0 111.197 47.907 14.558 110.654 47.503 14.644 111.720 46.538 18.430
3 0 111.720 46.538 18.430 112.250 46.966 18.379 111.197 47.907 14.558
3 0 111.197 47.907 14.558 112.250 46.966 18.379 112.095 47.599 18.584
3 0 112.095 47.599 18.584 111.077 48.551 14.751 111.197 47.907 14.558
3 0 111.077 48.551 14.751 112.095 47.599 18.584 112.195 48.261 18.719
3 0 112.195 48.261 18.719 111.210 49.212 14.862 111.077 48.551 14.751
3 0 111.210 49.212 14.862 112.195 48.261 18.719 112.536 48.851 18.765
3 0 112.536 48.851 18.765 111.577 49.788 14.876 111.210 49.212 14.862
3 0 111.577 49.788 14.876 112.536 48.851 18.765 113.066 49.279 18.713
3 0 113.066 49.279 18.713 112.120 50.192 14.790 111.577 49.788 14.876
3 0 112.120 50.192 14.790 113.066 49.279 18.713 113.703 49.480 18.573
3 0 113.703 49.480 18.573 112.758 50.362 14.618 112.120 50.192 14.790
3 0 112.758 50.362 14.618 113.703 49.480 18.573 114.351 49.424 18.365
3 0 114.351 49.424 18.365 113.394 50.274 14.385 112.758 50.362 14.618
3 0 113.394 50.274 14.385 114.351 49.424 18.365 114.911 49.119 18.122
3 0 114.911 49.119 18.122 113.930 49.939 14.127 113.394 50.274 14.385
3 0 113.930 49.939 14.127 114.911 49.119 18.122 115.298 48.611 17.879
3 0 115.298 48.611 17.879 114.285 49.409 13.883 113.930 49.939 14.127
3 0 114.285 49.409 13.883 115.298 48.611 17.879 115.453 47.979 17.674
3 0 115.453 47.979 17.674 114.406 48.765 13.690 114.285 49.409 13.883
3 0 114.406 48.765 13.690 115.453 47.979 17.674 115.352 47.317 17.539
3 0 115.352 47.317 17.539 114.272 48.105 13.579 114.406 48.765 13.690
3 0 114.272 48.105 13.579 115.352 47.317 17.539 115.011 46.727 17.493
3 0 115.011 46.727 17.493 113.906 47.529 13.565 114.272 48.105 13.579
3 0 113.906 47.529 13.565 115.011 46.727 17.493 114.482 46.299 17.544
3 0 114.482 46.299 17.544 113.362 47.125 13.651 113.906 47.529 13.565
3 0 110.041 43.393 9.537 111.517 42.556 13.186 111.637 41.912 12.994
3 0 111.637 41.912 12.994 110.119 42.738 9.361 110.041 43.393 9.537
3 0 110.119 42.738 9.361 111.637 41.912 12.994 111.504 41.252 12.882
3 0 111.504 41.252 12.882 109.946 42.083 9.276 110.119 42.738 9.361
3 0 109.946 42.083 9.276 111.504 41.252 12.882 111.137 40.676 12.868
3 0 111.137 40.676 12.868 109.550 41.527 9.296 109.946 42.083 9.276
3 0 109.550 41.527 9.296 111.137 40.676 12.868 110.594 40.272 12.954
3 0 110.594 40.272 12.954 108.990 41.155 9.417 109.550 41.527 9.296
3 0 108.990 41.155 9.417 110.594 40.272 12.954 109.956 40.101 13.127
3 0 109.956 40.101 13.127 108.352 41.024 9.621 108.990 41.155 9.417
3 0 108.352 41.024 9.621 109.956 40.101 13.127 109.320 40.190 13.360
3 0 109.320 40.190 13.360 107.732 41.154 9.877 108.352 41.024 9.621
3 0 107.732 41.154 9.877 109.320 40.190 13.360 108.784 40.524 13.618
3 0 108.784 40.524 13.618 107.226 41.525 10.147 107.732 41.154 9.877
3 0 107.226 41.525 10.147 108.784 40.524 13.618 108.429 41.054 13.862
3 0 108.429 41.054 13.862 106.910 42.080 10.388 107.226 41.525 10.147
3 0 106.910 42.080 10.388 108.429 41.054 13.862 108.308 41.698 14.054
3 0 108.308 41.698 14.054 106.832 42.735 10.564 106.910 42.080 10.388
3 0 106.832 42.735 10.564 108.308 41.698 14.054 108.442 42.358 14.166
3 0 108.442 42.358 14.166 107.004 43.390 10.649 106.832 42.735 10.564
3 0 107.004 43.390 10.649 108.442 42.358 14.166 108.808 42.935 14.180
3 0 108.808 42.935 14.180 107.401 43.946 10.630 107.004 43.390 10.649
3 0 107.401 43.946 10.630 108.808 42.935 14.180 109.351 43.339 14.094
3 0 109.351 43.339 14.094 107.960 44.317 10.508 107.401 43.946 10.630
3 0 111.169 44.976 9.481 111.091 45.631 9.658 112.440 44.841 13.418
3 0 112.440 44.841 13.418 112.560 44.197 13.226 111.169 44.976 9.481
3 0 110.997 44.321 9.396 111.169 44.976 9.481 112.560 44.197 13.226
3 0 112.560 44.197 13.226 112.427 43.537 13.114 110.997 44.321 9.396
3 0 110.601 43.765 9.416 110.997 44.321 9.396 112.427 43.537 13.114
3 0 112.427 43.537 13.114 112.060 42.960 13.100 110.601 43.765 9.416
3 0 110.041 43.393 9.537 110.601 43.765 9.416 112.060 42.960 13.100
3 0 112.060 42.960 13.100 111.517 42.556 13.186 110.041 43.393 9.537
3 0 107.883 44.972 10.685 107.960 44.317 10.508 109.351 43.339 14.094
3 0 109.351 43.339 14.094 109.231 43.983 14.286 107.883 44.972 10.685
3 0 108.055 45.628 10.770 107.883 44.972 10.685 109.231 43.983 14.286
3 0 109.231 43.983 14.286 109.365 44.643 14.398 108.055 45.628 10.770
3 0 108.451 46.183 10.750 108.055 45.628 10.770 109.365 44.643 14.398
3 0 109.365 44.643 14.398 109.731 45.219 14.412 108.451 46.183 10.750
3 0 109.011 46.555 10.629 108.451 46.183 10.750 109.731 45.219 14.412
3 0 109.731 45.219 14.412 110.274 45.623 14.326 109.011 46.555 10.629
3 0 112.219 47.213 9.602 112.141 47.868 9.778 113.362 47.125 13.651
3 0 113.362 47.125 13.651 113.483 46.481 13.458 112.219 47.213 9.602
3 0 112.047 46.557 9.517 112.219 47.213 9.602 113.483 46.481 13.458
3 0 113.483 46.481 13.458 113.349 45.820 13.346 112.047 46.557 9.517
3 0 111.651 46.002 9.536 112.047 46.557 9.517 113.349 45.820 13.346
3 0 113.349 45.820 13.346 112.983 45.244 13.332 111.651 46.002 9.536
3 0 111.091 45.631 9.658 111.651 46.002 9.536 112.983 45.244 13.332
3 0 112.983 45.244 13.332 112.440 44.841 13.418 111.091 45.631 9.658
3 0 108.933 47.209 10.805 109.011 46.555 10.629 110.274 45.623 14.326
3 0 110.274 45.623 14.326 110.154 46.267 14.518 108.933 47.209 10.805
3 0 109.105 47.864 10.890 108.933 47.209 10.805 110.154 46.267 14.518
3 0 110.154 46.267 14.518 110.287 46.927 14.630 109.105 47.864 10.890
3 0 109.501 48.420 10.871 109.105 47.864 10.890 110.287 46.927 14.630
3 0 110.287 46.927 14.630 110.654 47.503 14.644 109.501 48.420 10.871
3 0 110.061 48.792 10.749 109.501 48.420 10.871 110.654 47.503 14.644
3 0 110.654 47.503 14.644 111.197 47.907 14.558 110.061 48.792 10.749
3 0 110.061 48.792 10.749 111.197 47.907 14.558 111.077 48.551 14.751
3 0 111.077 48.551 14.751 109.983 49.447 10.926 110.061 48.792 10.749
3 0 109.983 49.447 10.926 111.077 48.551 14.751 111.210 49.212 14.862
3 0 111.210 49.212 14.862 110.156 50.102 11.011 109.983 49.447 10.926
3 0 110.156 50.102 11.011 111.210 49.212 14.862 111.577 49.788 14.876
3 0 111.577 49.788 14.876 110.552 50.658 10.991 110.156 50.102 11.011
3 0 110.552 50.658 10.991 111.577 49.788 14.876 112.120 50.192 14.790
3 0 112.120 50.192 14.790 111.112 51.030 10.870 110.552 50.658 10.991
3 0 111.112 51.030 10.870 112.120 50.192 14.790 112.758 50.362 14.618
3 0 112.758 50.362 14.618 111.750 51.161 10.666 111.112 51.030 10.870
3 0 111.750 51.161 10.666 112.758 50.362 14.618 113.394 50.274 14.385
3 0 113.394 50.274 14.385 112.369 51.031 10.409 111.750 51.161 10.666
3 0 112.369 51.031 10.409 113.394 50.274 14.385 113.930 49.939 14.127
3 0 113.930 49.939 14.127 112.876 50.660 10.140 112.369 51.031 10.409
3 0 112.876 50.660 10.140 113.930 49.939 14.127 114.285 49.409 13.883
3 0 114.285 49.409 13.883 113.192 50.105 9.899 112.876 50.660 10.140
3 0 113.192 50.105 9.899 114.285 49.409 13.883 114.406 48.765 13.690
3 0 114.406 48.765 13.690 113.270 49.450 9.722 113.192 50.105 9.899
3 0 113.270 49.450 9.722 114.406 48.765 13.690 114.272 48.105 13.579
3 0 114.272 48.105 13.579 113.097 48.795 9.637 113.270 49.450 9.722
3 0 113.097 48.795 9.637 114.272 48.105 13.579 113.906 47.529 13.565
3 0 113.906 47.529 13.565 112.701 48.239 9.657 113.097 48.795 9.637
3 0 112.701 48.239 9.657 113.906 47.529 13.565 113.362 47.125 13.651
3 0 113.362 47.125 13.651 112.141 47.868 9.778 112.701 48.239 9.657
3 0 108.420 44.200 5.939 110.041 43.393 9.537 110.119 42.738 9.361
3 0 110.119 42.738 9.361 108.447 43.536 5.783 108.420 44.200 5.939
3 0 108.447 43.536 5.783 110.119 42.738 9.361 109.946 42.083 9.276
3 0 109.946 42.083 9.276 108.228 42.891 5.729 108.447 43.536 5.783
3 0 108.228 42.891 5.729 109.946 42.083 9.276 109.550 41.527 9.296
3 0 109.550 41.527 9.296 107.798 42.364 5.785 108.228 42.891 5.729
3 0 107.798 42.364 5.785 109.550 41.527 9.296 108.990 41.155 9.417
3 0 108.990 41.155 9.417 107.221 42.036 5.943 107.798 42.364 5.785
3 0 107.221 42.036 5.943 108.990 41.155 9.417 108.352 41.024 9.621
3 0 108.352 41.024 9.621 106.585 41.955 6.178 107.221 42.036 5.943
3 0 106.585 41.955 6.178 108.352 41.024 9.621 107.732 41.154 9.877
3 0 107.732 41.154 9.877 105.987 42.134 6.455 106.585 41.955 6.178
3 0 105.987 42.134 6.455 107.732 41.154 9.877 107.226 41.525 10.147
3 0 107.226 41.525 10.147 105.518 42.547 6.731 105.987 42.134 6.455
3 0 105.518 42.547 6.731 107.226 41.525 10.147 106.910 42.080 10.388
3 0 106.910 42.080 10.388 105.250 43.130 6.965 105.518 42.547 6.731
3 0 105.250 43.130 6.965 106.910 42.080 10.388 106.832 42.735 10.564
3 0 106.832 42.735 10.564 105.223 43.794 7.121 105.250 43.130 6.965
3 0 105.223 43.794 7.121 106.832 42.735 10.564 107.004 43.390 10.649
3 0 107.004 43.390 10.649 105.442 44.439 7.175 105.223 43.794 7.121
3 0 105.442 44.439 7.175 107.004 43.390 10.649 107.401 43.946 10.630
3 0 107.401 43.946 10.630 105.872 44.965 7.119 105.442 44.439 7.175
3 0 105.872 44.965 7.119 107.401 43.946 10.630 107.960 44.317 10.508
3 0 107.960 44.317 10.508 106.450 45.294 6.961 105.872 44.965 7.119
3 0 109.647 45.701 5.779 109.620 46.365 5.934 111.091 45.631 9.658
3 0 111.091 45.631 9.658 111.169 44.976 9.481 109.647 45.701 5.779
3 0 109.428 45.056 5.725 109.647 45.701 5.779 111.169 44.976 9.481
3 0 111.169 44.976 9.481 110.997 44.321 9.396 109.428 45.056 5.725
3 0 108.998 44.529 5.781 109.428 45.056 5.725 110.997 44.321 9.396
3 0 110.997 44.321 9.396 110.601 43.765 9.416 108.998 44.529 5.781
3 0 108.420 44.200 5.939 108.998 44.529 5.781 110.601 43.765 9.416
3 0 110.601 43.765 9.416 110.041 43.393 9.537 108.420 44.200 5.939
3 0 106.423 45.959 7.117 106.450 45.294 6.961 107.960 44.317 10.508
3 0 107.960 44.317 10.508 107.883 44.972 10.685 106.423 45.959 7.117
3 0 106.641 46.603 7.170 106.423 45.959 7.117 107.883 44.972 10.685
3 0 107.883 44.972 10.685 108.055 45.628 10.770 106.641 46.603 7.170
3 0 107.072 47.130 7.114 106.641 46.603 7.170 108.055 45.628 10.770
3 0 108.055 45.628 10.770 108.451 46.183 10.750 107.072 47.130 7.114
3 0 107.649 47.459 6.956 107.072 47.130 7.114 108.451 46.183 10.750
3 0 108.451 46.183 10.750 109.011 46.555 10.629 107.649 47.459 6.956
3 0 110.846 47.865 5.774 110.819 48.529 5.930 112.141 47.868 9.778
3 0 112.141 47.868 9.778 112.219 47.213 9.602 110.846 47.865 5.774
3 0 110.627 47.220 5.720 110.846 47.865 5.774 112.219 47.213 9.602
3 0 112.219 47.213 9.602 112.047 46.557 9.517 110.627 47.220 5.720
3 0 110.197 46.693 5.777 110.627 47.220 5.720 112.047 46.557 9.517
3 0 112.047 46.557 9.517 111.651 46.002 9.536 110.197 46.693 5.777
3 0 109.620 46.365 5.934 110.197 46.693 5.777 111.651 46.002 9.536
3 0 111.651 46.002 9.536 111.091 45.631 9.658 109.620 46.365 5.934
3 0 107.622 48.123 7.112 107.649 47.459 6.956 109.011 46.555 10.629
3 0 109.011 46.555 10.629 108.933 47.209 10.805 107.622 48.123 7.112
3 0 107.841 48.767 7.166 107.622 48.123 7.112 108.933 47.209 10.805
3 0 108.933 47.209 10.805 109.105 47.864 10.890 107.841 48.767 7.166
3 0 108.271 49.294 7.110 107.841 48.767 7.166 109.105 47.864 10.890
3 0 109.105 47.864 10.890 109.501 48.420 10.871 108.271 49.294 7.110
3 0 108.849 49.623 6.952 108.271 49.294 7.110 109.501 48.420 10.871
3 0 109.501 48.420 10.871 110.061 48.792 10.749 108.849 49.623 6.952
3 0 108.849 49.623 6.952 110.061 48.792 10.749 109.983 49.447 10.926
3 0 109.983 49.447 10.926 108.822 50.287 7.108 108.849 49.623 6.952
3 0 108.822 50.287 7.108 109.983 49.447 10.926 110.156 50.102 11.011
3 0 110.156 50.102 11.011 109.040 50.932 7.161 108.822 50.287 7.108
3 0 109.040 50.932 7.161 110.156 50.102 11.011 110.552 50.658 10.991
3 0 110.552 50.658 10.991 109.471 51.459 7.105 109.040 50.932 7.161
3 0 109.471 51.459 7.105 110.552 50.658 10.991 111.112 51.030 10.870
3 0 111.112 51.030 10.870 110.048 51.788 6.948 109.471 51.459 7.105
3 0 110.048 51.788 6.948 111.112 51.030 10.870 111.750 51.161 10.666
3 0 111.750 51.161 10.666 110.684 51.869 6.712 110.048 51.788 6.948
3 0 110.684 51.869 6.712 111.750 51.161 10.666 112.369 51.031 10.409
3 0 112.369 51.031 10.409 111.282 51.689 6.436 110.684 51.869 6.712
3 0 111.282 51.689 6.436 112.369 51.031 10.409 112.876 50.660 10.140
3 0 112.876 50.660 10.140 111.751 51.277 6.159 111.282 51.689 6.436
3 0 111.751 51.277 6.159 112.876 50.660 10.140 113.192 50.105 9.899
3 0 113.192 50.105 9.899 112.019 50.694 5.925 111.751 51.277 6.159
3 0 112.019 50.694 5.925 113.192 50.105 9.899 113.270 49.450 9.722
3 0 113.270 49.450 9.722 112.046 50.029 5.770 112.019 50.694 5.925
3 0 112.046 50.029 5.770 113.270 49.450 9.722 113.097 48.795 9.637
3 0 113.097 48.795 9.637 111.827 49.385 5.716 112.046 50.029 5.770
3 0 111.827 49.385 5.716 113.097 48.795 9.637 112.701 48.239 9.657
3 0 112.701 48.239 9.657 111.396 48.858 5.772 111.827 49.385 5.716
3 0 111.396 48.858 5.772 112.701 48.239 9.657 112.141 47.868 9.778
3 0 112.141 47.868 9.778 110.819 48.529 5.930 111.396 48.858 5.772
3 0 106.667 45.000 2.397 108.420 44.200 5.939 108.447 43.536 5.783
3 0 108.447 43.536 5.783 106.633 44.330 2.269 106.667 45.000 2.397
3 0 106.633 44.330 2.269 108.447 43.536 5.783 108.228 42.891 5.729
3 0 108.228 42.891 5.729 106.361 43.704 2.252 106.633 44.330 2.269
3 0 106.361 43.704 2.252 108.228 42.891 5.729 107.798 42.364 5.785
3 0 107.798 42.364 5.785 105.892 43.217 2.349 106.361 43.704 2.252
3 0 105.892 43.217 2.349 107.798 42.364 5.785 107.221 42.036 5.943
3 0 107.221 42.036 5.943 105.298 42.944 2.545 105.892 43.217 2.349
3 0 105.298 42.944 2.545 107.221 42.036 5.943 106.585 41.955 6.178
3 0 106.585 41.955 6.178 104.669 42.925 2.810 105.298 42.944 2.545
3 0 104.669 42.925 2.810 106.585 41.955 6.178 105.987 42.134 6.455
3 0 105.987 42.134 6.455 104.101 43.164 3.104 104.669 42.925 2.810
3 0 104.101 43.164 3.104 105.987 42.134 6.455 105.518 42.547 6.731
3 0 105.518 42.547 6.731 103.680 43.624 3.382 104.101 43.164 3.104
3 0 103.680 43.624 3.382 105.518 42.547 6.731 105.250 43.130 6.965
3 0 105.250 43.130 6.965 103.471 44.236 3.602 103.680 43.624 3.382
3 0 103.471 44.236 3.602 105.250 43.130 6.965 105.223 43.794 7.121
3 0 105.223 43.794 7.121 103.505 44.906 3.730 103.471 44.236 3.602
3 0 103.505 44.906 3.730 105.223 43.794 7.121 105.442 44.439 7.175
3 0 105.442 44.439 7.175 103.777 45.532 3.747 103.505 44.906 3.730
3 0 103.777 45.532 3.747 105.442 44.439 7.175 105.872 44.965 7.119
3 0 105.872 44.965 7.119 104.246 46.019 3.650 103.777 45.532 3.747
3 0 104.246 46.019 3.650 105.872 44.965 7.119 106.450 45.294 6.961
3 0 106.450 45.294 6.961 104.840 46.292 3.455 104.246 46.019 3.650
3 0 108.002 46.386 2.122 108.036 47.056 2.250 109.620 46.365 5.934
3 0 109.620 46.365 5.934 109.647 45.701 5.779 108.002 46.386 2.122
3 0 107.730 45.761 2.105 108.002 46.386 2.122 109.647 45.701 5.779
3 0 109.647 45.701 5.779 109.428 45.056 5.725 107.730 45.761 2.105
3 0 107.261 45.274 2.202 107.730 45.761 2.105 109.428 45.056 5.725
3 0 109.428 45.056 5.725 108.998 44.529 5.781 107.261 45.274 2.202
3 0 106.667 45.000 2.397 107.261 45.274 2.202 108.998 44.529 5.781
3 0 108.998 44.529 5.781 108.420 44.200 5.939 106.667 45.000 2.397
3 0 104.874 46.962 3.583 104.840 46.292 3.455 106.450 45.294 6.961
3 0 106.450 45.294 6.961 106.423 45.959 7.117 104.874 46.962 3.583
3 0 105.147 47.588 3.600 104.874 46.962 3.583 106.423 45.959 7.117
3 0 106.423 45.959 7.117 106.641 46.603 7.170 105.147 47.588 3.600
3 0 105.615 48.075 3.503 105.147 47.588 3.600 106.641 46.603 7.170
3 0 106.641 46.603 7.170 107.072 47.130 7.114 105.615 48.075 3.503
3 0 106.210 48.349 3.307 105.615 48.075 3.503 107.072 47.130 7.114
3 0 107.072 47.130 7.114 107.649 47.459 6.956 106.210 48.349 3.307
3 0 109.371 48.442 1.975 109.405 49.112 2.103 110.819 48.529 5.930
3 0 110.819 48.529 5.930 110.846 47.865 5.774 109.371 48.442 1.975
3 0 109.099 47.816 1.958 109.371 48.442 1.975 110.846 47.865 5.774
3 0 110.846 47.865 5.774 110.627 47.220 5.720 109.099 47.816 1.958
3 0 108.630 47.329 2.055 109.099 47.816 1.958 110.627 47.220 5.720
3 0 110.627 47.220 5.720 110.197 46.693 5.777 108.630 47.329 2.055
3 0 108.036 47.056 2.250 108.630 47.329 2.055 110.197 46.693 5.777
3 0 110.197 46.693 5.777 109.620 46.365 5.934 108.036 47.056 2.250
3 0 106.243 49.018 3.436 106.210 48.349 3.307 107.649 47.459 6.956
3 0 107.649 47.459 6.956 107.622 48.123 7.112 106.243 49.018 3.436
3 0 106.515 49.644 3.453 106.243 49.018 3.436 107.622 48.123 7.112
3 0 107.622 48.123 7.112 107.841 48.767 7.166 106.515 49.644 3.453
3 0 106.984 50.130 3.356 106.515 49.644 3.453 107.841 48.767 7.166
3 0 107.841 48.767 7.166 108.271 49.294 7.110 106.984 50.130 3.356
3 0 107.578 50.404 3.160 106.984 50.130 3.356 108.271 49.294 7.110
3 0 108.271 49.294 7.110 108.849 49.623 6.952 107.578 50.404 3.160
3 0 107.578 50.404 3.160 108.849 49.623 6.952 108.822 50.287 7.108
3 0 108.822 50.287 7.108 107.613 51.074 3.289 107.578 50.404 3.160
3 0 107.613 51.074 3.289 108.822 50.287 7.108 109.040 50.932 7.161
3 0 109.040 50.932 7.161 107.885 51.700 3.306 107.613 51.074 3.289
3 0 107.885 51.700 3.306 109.040 50.932 7.161 109.471 51.459 7.105
3 0 109.471 51.459 7.105 108.354 52.187 3.209 107.885 51.700 3.306
3 0 108.354 52.187 3.209 109.471 51.459 7.105 110.048 51.788 6.948
3 0 110.048 51.788 6.948 108.948 52.460 3.013 108.354 52.187 3.209
3 0 108.948 52.460 3.013 110.048 51.788 6.948 110.684 51.869 6.712
3 0 110.684 51.869 6.712 109.577 52.479 2.748 108.948 52.460 3.013
3 0 109.577 52.479 2.748 110.684 51.869 6.712 111.282 51.689 6.436
3 0 111.282 51.689 6.436 110.145 52.240 2.454 109.577 52.479 2.748
3 0 110.145 52.240 2.454 111.282 51.689 6.436 111.751 51.277 6.159
3 0 111.751 51.277 6.159 110.566 51.780 2.176 110.145 52.240 2.454
3 0 110.566 51.780 2.176 111.751 51.277 6.159 112.019 50.694 5.925
3 0 112.019 50.694 5.925 110.775 51.168 1.956 110.566 51.780 2.176
3 0 110.775 51.168 1.956 112.019 50.694 5.925 112.046 50.029 5.770
3 0 112.046 50.029 5.770 110.741 50.498 1.828 110.775 51.168 1.956
3 0 110.741 50.498 1.828 112.046 50.029 5.770 111.827 49.385 5.716
3 0 111.827 49.385 5.716 110.468 49.872 1.811 110.741 50.498 1.828
3 0 110.468 49.872 1.811 111.827 49.385 5.716 111.396 48.858 5.772
3 0 111.396 48.858 5.772 110.000 49.386 1.908 110.468 49.872 1.811
3 0 110.000 49.386 1.908 111.396 48.858 5.772 110.819 48.529 5.930
3 0 110.819 48.529 5.930 109.405 49.112 2.103 110.000 49.386 1.908
3 0 104.778 45.813 -1.074 106.667 45.000 2.397 106.633 44.330 2.269
3 0 106.633 44.330 2.269 104.673 45.145 -1.167 104.778 45.813 -1.074
3 0 104.673 45.145 -1.167 106.633 44.330 2.269 106.361 43.704 2.252
3 0 106.361 43.704 2.252 104.340 44.549 -1.140 104.673 45.145 -1.167
3 0 104.340 44.549 -1.140 106.361 43.704 2.252 105.892 43.217 2.349
3 0 105.892 43.217 2.349 103.832 44.116 -0.998 104.340 44.549 -1.140
3 0 103.832 44.116 -0.998 105.892 43.217 2.349 105.298 42.944 2.545
3 0 105.298 42.944 2.545 103.224 43.912 -0.763 103.832 44.116 -0.998
3 0 103.224 43.912 -0.763 105.298 42.944 2.545 104.669 42.925 2.810
3 0 104.669 42.925 2.810 102.610 43.969 -0.469 103.224 43.912 -0.763
3 0 102.610 43.969 -0.469 104.669 42.925 2.810 104.101 43.164 3.104
3 0 104.101 43.164 3.104 102.083 44.276 -0.163 102.610 43.969 -0.469
3 0 102.083 44.276 -0.163 104.101 43.164 3.104 103.680 43.624 3.382
3 0 103.680 43.624 3.382 101.724 44.788 0.110 102.083 44.276 -0.163
3 0 101.724 44.788 0.110 103.680 43.624 3.382 103.471 44.236 3.602
3 0 103.471 44.236 3.602 101.586 45.427 0.308 101.724 44.788 0.110
3 0 101.586 45.427 0.308 103.471 44.236 3.602 103.505 44.906 3.730
3 0 103.505 44.906 3.730 101.692 46.096 0.401 101.586 45.427 0.308
3 0 101.692 46.096 0.401 103.505 44.906 3.730 103.777 45.532 3.747
3 0 103.777 45.532 3.747 102.024 46.691 0.374 101.692 46.096 0.401
3 0 102.024 46.691 0.374 103.777 45.532 3.747 104.246 46.019 3.650
3 0 104.246 46.019 3.650 102.533 47.124 0.232 102.024 46.691 0.374
3 0 102.533 47.124 0.232 104.246 46.019 3.650 104.840 46.292 3.455
3 0 104.840 46.292 3.455 103.140 47.328 -0.003 102.533 47.124 0.232
3 0 106.227 47.046 -1.478 106.333 47.714 -1.386 108.036 47.056 2.250
3 0 108.036 47.056 2.250 108.002 46.386 2.122 106.227 47.046 -1.478
3 0 105.895 46.450 -1.452 106.227 47.046 -1.478 108.002 46.386 2.122
3 0 108.002 46.386 2.122 107.730 45.761 2.105 105.895 46.450 -1.452
3 0 105.386 46.017 -1.310 105.895 46.450 -1.452 107.730 45.761 2.105
3 0 107.730 45.761 2.105 107.261 45.274 2.202 105.386 46.017 -1.310
3 0 104.778 45.813 -1.074 105.386 46.017 -1.310 107.261 45.274 2.202
3 0 107.261 45.274 2.202 106.667 45.000 2.397 104.778 45.813 -1.074
3 0 103.246 47.996 0.089 103.140 47.328 -0.003 104.840 46.292 3.455
3 0 104.840 46.292 3.455 104.874 46.962 3.583 103.246 47.996 0.089
3 0 103.578 48.592 0.063 103.246 47.996 0.089 104.874 46.962 3.583
3 0 104.874 46.962 3.583 105.147 47.588 3.600 103.578 48.592 0.063
3 0 104.087 49.025 -0.079 103.578 48.592 0.063 105.147 47.588 3.600
3 0 105.147 47.588 3.600 105.615 48.075 3.503 104.087 49.025 -0.079
3 0 104.695 49.229 -0.315 104.087 49.025 -0.079 105.615 48.075 3.503
3 0 105.615 48.075 3.503 106.210 48.349 3.307 104.695 49.229 -0.315
3 0 107.781 48.946 -1.790 107.886 49.614 -1.697 109.405 49.112 2.103
3 0 109.405 49.112 2.103 109.371 48.442 1.975 107.781 48.946 -1.790
3 0 107.448 48.350 -1.763 107.781 48.946 -1.790 109.371 48.442 1.975
3 0 109.371 48.442 1.975 109.099 47.816 1.958 107.448 48.350 -1.763
3 0 106.940 47.917 -1.621 107.448 48.350 -1.763 109.099 47.816 1.958
3 0 109.099 47.816 1.958 108.630 47.329 2.055 106.940 47.917 -1.621
3 0 106.333 47.714 -1.386 106.940 47.917 -1.621 108.630 47.329 2.055
3 0 108.630 47.329 2.055 108.036 47.056 2.250 106.333 47.714 -1.386
3 0 104.799 49.896 -0.222 104.695 49.229 -0.315 106.210 48.349 3.307
3 0 106.210 48.349 3.307 106.243 49.018 3.436 104.799 49.896 -0.222
3 0 105.132 50.492 -0.249 104.799 49.896 -0.222 106.243 49.018 3.436
3 0 106.243 49.018 3.436 106.515 49.644 3.453 105.132 50.492 -0.249
3 0 105.640 50.925 -0.391 105.132 50.492 -0.249 106.515 49.644 3.453
3 0 106.515 49.644 3.453 106.984 50.130 3.356 105.640 50.925 -0.391
3 0 106.248 51.129 -0.626 105.640 50.925 -0.391 106.984 50.130 3.356
3 0 106.984 50.130 3.356 107.578 50.404 3.160 106.248 51.129 -0.626
3 0 106.248 51.129 -0.626 107.578 50.404 3.160 107.613 51.074 3.289
3 0 107.613 51.074 3.289 106.354 51.797 -0.534 106.248 51.129 -0.626
3 0 106.354 51.797 -0.534 107.613 51.074 3.289 107.885 51.700 3.306
3 0 107.885 51.700 3.306 106.686 52.393 -0.560 106.354 51.797 -0.534
3 0 106.686 52.393 -0.560 107.885 51.700 3.306 108.354 52.187 3.209
3 0 108.354 52.187 3.209 107.195 52.826 -0.702 106.686 52.393 -0.560
3 0 107.195 52.826 -0.702 108.354 52.187 3.209 108.948 52.460 3.013
3 0 108.948 52.460 3.013 107.802 53.029 -0.938 107.195 52.826 -0.702
3 0 107.802 53.029 -0.938 108.948 52.460 3.013 109.577 52.479 2.748
3 0 109.577 52.479 2.748 108.416 52.973 -1.231 107.802 53.029 -0.938
3 0 108.416 52.973 -1.231 109.577 52.479 2.748 110.145 52.240 2.454
3 0 110.145 52.240 2.454 108.943 52.666 -1.538 108.416 52.973 -1.231
3 0 108.943 52.666 -1.538 110.145 52.240 2.454 110.566 51.780 2.176
3 0 110.566 51.780 2.176 109.303 52.153 -1.811 108.943 52.666 -1.538
3 0 109.303 52.153 -1.811 110.566 51.780 2.176 110.775 51.168 1.956
3 0 110.775 51.168 1.956 109.440 51.515 -2.009 109.303 52.153 -1.811
3 0 109.440 51.515 -2.009 110.775 51.168 1.956 110.741 50.498 1.828
3 0 110.741 50.498 1.828 109.335 50.846 -2.101 109.440 51.515 -2.009
3 0 109.335 50.846 -2.101 110.741 50.498 1.828 110.468 49.872 1.811
3 0 110.468 49.872 1.811 109.003 50.251 -2.075 109.335 50.846 -2.101
3 0 109.003 50.251 -2.075 110.468 49.872 1.811 110.000 49.386 1.908
3 0 110.000 49.386 1.908 108.494 49.818 -1.933 109.003 50.251 -2.075
3 0 108.494 49.818 -1.933 110.000 49.386 1.908 109.405 49.112 2.103
3 0 109.405 49.112 2.103 107.886 49.614 -1.697 108.494 49.818 -1.933
3 0 102.770 46.666 -4.473 104.778 45.813 -1.074 104.673 45.145 -1.167
3 0 104.673 45.145 -1.167 102.584 46.011 -4.521 102.770 46.666 -4.473
3 0 102.584 46.011 -4.521 104.673 45.145 -1.167 104.340 44.549 -1.140
3 0 104.340 44.549 -1.140 102.188 45.460 -4.444 102.584 46.011 -4.521
3 0 102.188 45.460 -4.444 104.340 44.549 -1.140 103.832 44.116 -0.998
3 0 103.832 44.116 -0.998 101.642 45.097 -4.253 102.188 45.460 -4.444
3 0 101.642 45.097 -4.253 103.832 44.116 -0.998 103.224 43.912 -0.763
3 0 103.224 43.912 -0.763 101.028 44.979 -3.979 101.642 45.097 -4.253
3 0 101.028 44.979 -3.979 103.224 43.912 -0.763 102.610 43.969 -0.469
3 0 102.610 43.969 -0.469 100.441 45.121 -3.661 101.028 44.979 -3.979
3 0 100.441 45.121 -3.661 102.610 43.969 -0.469 102.083 44.276 -0.163
3 0 102.083 44.276 -0.163 99.969 45.504 -3.349 100.441 45.121 -3.661
3 0 99.969 45.504 -3.349 102.083 44.276 -0.163 101.724 44.788 0.110
3 0 101.724 44.788 0.110 99.684 46.069 -3.091 99.969 45.504 -3.349
3 0 99.684 46.069 -3.091 101.724 44.788 0.110 101.586 45.427 0.308
3 0 101.586 45.427 0.308 99.631 46.729 -2.925 99.684 46.069 -3.091
3 0 99.631 46.729 -2.925 101.586 45.427 0.308 101.692 46.096 0.401
3 0 101.692 46.096 0.401 99.816 47.384 -2.877 99.631 46.729 -2.925
3 0 99.816 47.384 -2.877 101.692 46.096 0.401 102.024 46.691 0.374
3 0 102.024 46.691 0.374 100.212 47.935 -2.954 99.816 47.384 -2.877
3 0 100.212 47.935 -2.954 102.024 46.691 0.374 102.533 47.124 0.232
3 0 102.533 47.124 0.232 100.759 48.297 -3.144 100.212 47.935 -2.954
3 0 100.759 48.297 -3.144 102.533 47.124 0.232 103.140 47.328 -0.003
3 0 103.140 47.328 -0.003 101.372 48.416 -3.419 100.759 48.297 -3.144
3 0 104.326 47.699 -5.015 104.511 48.354 -4.967 106.333 47.714 -1.386
3 0 106.333 47.714 -1.386 106.227 47.046 -1.478 104.326 47.699 -5.015
3 0 103.930 47.148 -4.938 104.326 47.699 -5.015 106.227 47.046 -1.478
3 0 106.227 47.046 -1.478 105.895 46.450 -1.452 103.930 47.148 -4.938
3 0 103.383 46.785 -4.747 103.930 47.148 -4.938 105.895 46.450 -1.452
3 0 105.895 46.450 -1.452 105.386 46.017 -1.310 103.383 46.785 -4.747
3 0 102.770 46.666 -4.473 103.383 46.785 -4.747 105.386 46.017 -1.310
3 0 105.386 46.017 -1.310 104.778 45.813 -1.074 102.770 46.666 -4.473
3 0 101.558 49.072 -3.371 101.372 48.416 -3.419 103.140 47.328 -0.003
3 0 103.140 47.328 -0.003 103.246 47.996 0.089 101.558 49.072 -3.371
3 0 101.954 49.623 -3.448 101.558 49.072 -3.371 103.246 47.996 0.089
3 0 103.246 47.996 0.089 103.578 48.592 0.063 101.954 49.623 -3.448
3 0 102.500 49.985 -3.638 101.954 49.623 -3.448 103.578 48.592 0.063
3 0 103.578 48.592 0.063 104.087 49.025 -0.079 102.500 49.985 -3.638
3 0 103.114 50.104 -3.913 102.500 49.985 -3.638 104.087 49.025 -0.079
3 0 104.087 49.025 -0.079 104.695 49.229 -0.315 103.114 50.104 -3.913
3 0 106.067 49.386 -5.509 106.252 50.041 -5.461 107.886 49.614 -1.697
3 0 107.886 49.614 -1.697 107.781 48.946 -1.790 106.067 49.386 -5.509
3 0 105.671 48.835 -5.432 106.067 49.386 -5.509 107.781 48.946 -1.790
3 0 107.781 48.946 -1.790 107.448 48.350 -1.763 105.671 48.835 -5.432
3 0 105.124 48.472 -5.241 105.671 48.835 -5.432 107.448 48.350 -1.763
3 0 107.448 48.350 -1.763 106.940 47.917 -1.621 105.124 48.472 -5.241
3 0 104.511 48.354 -4.967 105.124 48.472 -5.241 106.940 47.917 -1.621
3 0 106.940 47.917 -1.621 106.333 47.714 -1.386 104.511 48.354 -4.967
3 0 103.299 50.759 -3.865 103.114 50.104 -3.913 104.695 49.229 -0.315
3 0 104.695 49.229 -0.315 104.799 49.896 -0.222 103.299 50.759 -3.865
3 0 103.695 51.310 -3.942 103.299 50.759 -3.865 104.799 49.896 -0.222
3 0 104.799 49.896 -0.222 105.132 50.492 -0.249 103.695 51.310 -3.942
3 0 104.241 51.672 -4.132 103.695 51.310 -3.942 105.132 50.492 -0.249
3 0 105.132 50.492 -0.249 105.640 50.925 -0.391 104.241 51.672 -4.132
3 0 104.855 51.791 -4.407 104.241 51.672 -4.132 105.640 50.925 -0.391
3 0 105.640 50.925 -0.391 106.248 51.129 -0.626 104.855 51.791 -4.407
3 0 104.855 51.791 -4.407 106.248 51.129 -0.626 106.354 51.797 -0.534
3 0 106.354 51.797 -0.534 105.040 52.447 -4.359 104.855 51.791 -4.407
3 0 105.040 52.447 -4.359 106.354 51.797 -0.534 106.686 52.393 -0.560
3 0 106.686 52.393 -0.560 105.436 52.998 -4.436 105.040 52.447 -4.359
3 0 105.436 52.998 -4.436 106.686 52.393 -0.560 107.195 52.826 -0.702
3 0 107.195 52.826 -0.702 105.983 53.360 -4.626 105.436 52.998 -4.436
3 0 105.983 53.360 -4.626 107.195 52.826 -0.702 107.802 53.029 -0.938
3 0 107.802 53.029 -0.938 106.596 53.479 -4.901 105.983 53.360 -4.626
3 0 106.596 53.479 -4.901 107.802 53.029 -0.938 108.416 52.973 -1.231
3 0 108.416 52.973 -1.231 107.184 53.336 -5.219 106.596 53.479 -4.901
3 0 107.184 53.336 -5.219 108.416 52.973 -1.231 108.943 52.666 -1.538
3 0 108.943 52.666 -1.538 107.655 52.953 -5.530 107.184 53.336 -5.219
3 0 107.655 52.953 -5.530 108.943 52.666 -1.538 109.303 52.153 -1.811
3 0 109.303 52.153 -1.811 107.940 52.389 -5.789 107.655 52.953 -5.530
3 0 107.940 52.389 -5.789 109.303 52.153 -1.811 109.440 51.515 -2.009
3 0 109.440 51.515 -2.009 107.993 51.729 -5.955 107.940 52.389 -5.789
3 0 107.993 51.729 -5.955 109.440 51.515 -2.009 109.335 50.846 -2.101
3 0 109.335 50.846 -2.101 107.808 51.073 -6.003 107.993 51.729 -5.955
3 0 107.808 51.073 -6.003 109.335 50.846 -2.101 109.003 50.251 -2.075
3 0 109.003 50.251 -2.075 107.412 50.523 -5.926 107.808 51.073 -6.003
3 0 107.412 50.523 -5.926 109.003 50.251 -2.075 108.494 49.818 -1.933
3 0 108.494 49.818 -1.933 106.866 50.160 -5.735 107.412 50.523 -5.926
3 0 106.866 50.160 -5.735 108.494 49.818 -1.933 107.886 49.614 -1.697
3 0 107.886 49.614 -1.697 106.252 50.041 -5.461 106.866 50.160 -5.735
3 0 100.663 47.584 -7.796 102.770 46.666 -4.473 102.584 46.011 -4.521
3 0 102.584 46.011 -4.521 100.393 46.957 -7.790 100.663 47.584 -7.796
3 0 100.393 46.957 -7.790 102.584 46.011 -4.521 102.188 45.460 -4.444
3 0 102.188 45.460 -4.444 99.935 46.469 -7.657 100.393 46.957 -7.790
3 0 99.935 46.469 -7.657 102.188 45.460 -4.444 101.642 45.097 -4.253
3 0 101.642 45.097 -4.253 99.358 46.193 -7.417 99.935 46.469 -7.657
3 0 99.358 46.193 -7.417 101.642 45.097 -4.253 101.028 44.979 -3.979
3 0 101.028 44.979 -3.979 98.751 46.173 -7.105 99.358 46.193 -7.417
3 0 98.751 46.173 -7.105 101.028 44.979 -3.979 100.441 45.121 -3.661
3 0 100.441 45.121 -3.661 98.206 46.410 -6.770 98.751 46.173 -7.105
3 0 98.206 46.410 -6.770 100.441 45.121 -3.661 99.969 45.504 -3.349
3 0 99.969 45.504 -3.349 97.805 46.870 -6.462 98.206 46.410 -6.770
3 0 97.805 46.870 -6.462 99.969 45.504 -3.349 99.684 46.069 -3.091
3 0 99.684 46.069 -3.091 97.610 47.481 -6.229 97.805 46.870 -6.462
3 0 97.610 47.481 -6.229 99.684 46.069 -3.091 99.631 46.729 -2.925
3 0 99.631 46.729 -2.925 97.651 48.151 -6.106 97.610 47.481 -6.229
3 0 97.651 48.151 -6.106 99.631 46.729 -2.925 99.816 47.384 -2.877
3 0 99.816 47.384 -2.877 97.921 48.779 -6.111 97.651 48.151 -6.106
3 0 97.921 48.779 -6.111 99.816 47.384 -2.877 100.212 47.935 -2.954
3 0 100.212 47.935 -2.954 98.379 49.267 -6.245 97.921 48.779 -6.111
3 0 98.379 49.267 -6.245 100.212 47.935 -2.954 100.759 48.297 -3.144
3 0 100.759 48.297 -3.144 98.955 49.543 -6.485 98.379 49.267 -6.245
3 0 98.955 49.543 -6.485 100.759 48.297 -3.144 101.372 48.416 -3.419
3 0 101.372 48.416 -3.419 99.562 49.563 -6.797 98.955 49.543 -6.485
3 0 102.305 48.369 -8.481 102.575 48.996 -8.487 104.511 48.354 -4.967
3 0 104.511 48.354 -4.967 104.326 47.699 -5.015 102.305 48.369 -8.481
3 0 101.847 47.880 -8.348 102.305 48.369 -8.481 104.326 47.699 -5.015
3 0 104.326 47.699 -5.015 103.930 47.148 -4.938 101.847 47.880 -8.348
3 0 101.270 47.605 -8.107 101.847 47.880 -8.348 103.930 47.148 -4.938
3 0 103.930 47.148 -4.938 103.383 46.785 -4.747 101.270 47.605 -8.107
3 0 100.663 47.584 -7.796 101.270 47.605 -8.107 103.383 46.785 -4.747
3 0 103.383 46.785 -4.747 102.770 46.666 -4.473 100.663 47.584 -7.796
3 0 99.832 50.190 -6.802 99.562 49.563 -6.797 101.372 48.416 -3.419
3 0 101.372 48.416 -3.419 101.558 49.072 -3.371 99.832 50.190 -6.802
3 0 100.291 50.679 -6.935 99.832 50.190 -6.802 101.558 49.072 -3.371
3 0 101.558 49.072 -3.371 101.954 49.623 -3.448 100.291 50.679 -6.935
3 0 100.867 50.954 -7.176 100.291 50.679 -6.935 101.954 49.623 -3.448
3 0 101.954 49.623 -3.448 102.500 49.985 -3.638 100.867 50.954 -7.176
3 0 101.474 50.975 -7.488 100.867 50.954 -7.176 102.500 49.985 -3.638
3 0 102.500 49.985 -3.638 103.114 50.104 -3.913 101.474 50.975 -7.488
3 0 104.216 49.780 -9.172 104.486 50.407 -9.177 106.252 50.041 -5.461
3 0 106.252 50.041 -5.461 106.067 49.386 -5.509 104.216 49.780 -9.172
3 0 103.758 49.292 -9.039 104.216 49.780 -9.172 106.067 49.386 -5.509
3 0 106.067 49.386 -5.509 105.671 48.835 -5.432 103.758 49.292 -9.039
3 0 103.181 49.016 -8.798 103.758 49.292 -9.039 105.671 48.835 -5.432
3 0 105.671 48.835 -5.432 105.124 48.472 -5.241 103.181 49.016 -8.798
3 0 102.575 48.996 -8.487 103.181 49.016 -8.798 105.124 48.472 -5.241
3 0 105.124 48.472 -5.241 104.511 48.354 -4.967 102.575 48.996 -8.487
3 0 101.744 51.602 -7.493 101.474 50.975 -7.488 103.114 50.104 -3.913
3 0 103.114 50.104 -3.913 103.299 50.759 -3.865 101.744 51.602 -7.493
3 0 102.202 52.090 -7.626 101.744 51.602 -7.493 103.299 50.759 -3.865
3 0 103.299 50.759 -3.865 103.695 51.310 -3.942 102.202 52.090 -7.626
3 0 102.778 52.366 -7.867 102.202 52.090 -7.626 103.695 51.310 -3.942
3 0 103.695 51.310 -3.942 104.241 51.672 -4.132 102.778 52.366 -7.867
3 0 103.385 52.386 -8.178 102.778 52.366 -7.867 104.241 51.672 -4.132
3 0 104.241 51.672 -4.132 104.855 51.791 -4.407 103.385 52.386 -8.178
3 0 103.385 52.386 -8.178 104.855 51.791 -4.407 105.040 52.447 -4.359
3 0 105.040 52.447 -4.359 103.655 53.014 -8.184 103.385 52.386 -8.178
3 0 103.655 53.014 -8.184 105.040 52.447 -4.359 105.436 52.998 -4.436
3 0 105.436 52.998 -4.436 104.113 53.502 -8.317 103.655 53.014 -8.184
3 0 104.113 53.502 -8.317 105.436 52.998 -4.436 105.983 53.360 -4.626
3 0 105.983 53.360 -4.626 104.690 53.778 -8.558 104.113 53.502 -8.317
3 0 104.690 53.778 -8.558 105.983 53.360 -4.626 106.596 53.479 -4.901
3 0 106.596 53.479 -4.901 105.297 53.798 -8.869 104.690 53.778 -8.558
3 0 105.297 53.798 -8.869 106.596 53.479 -4.901 107.184 53.336 -5.219
3 0 107.184 53.336 -5.219 105.843 53.561 -9.204 105.297 53.798 -8.869
3 0 105.843 53.561 -9.204 107.184 53.336 -5.219 107.655 52.953 -5.530
3 0 107.655 52.953 -5.530 106.243 53.101 -9.512 105.843 53.561 -9.204
3 0 106.243 53.101 -9.512 107.655 52.953 -5.530 107.940 52.389 -5.789
3 0 107.940 52.389 -5.789 106.438 52.490 -9.745 106.243 53.101 -9.512
3 0 106.438 52.490 -9.745 107.940 52.389 -5.789 107.993 51.729 -5.955
3 0 107.993 51.729 -5.955 106.398 51.819 -9.868 106.438 52.490 -9.745
3 0 106.398 51.819 -9.868 107.993 51.729 -5.955 107.808 51.073 -6.003
3 0 107.808 51.073 -6.003 106.128 51.192 -9.863 106.398 51.819 -9.868
3 0 106.128 51.192 -9.863 107.808 51.073 -6.003 107.412 50.523 -5.926
3 0 107.412 50.523 -5.926 105.670 50.704 -9.730 106.128 51.192 -9.863
3 0 105.670 50.704 -9.730 107.412 50.523 -5.926 106.866 50.160 -5.735
3 0 106.866 50.160 -5.735 105.093 50.428 -9.489 105.670 50.704 -9.730
3 0 105.093 50.428 -9.489 106.866 50.160 -5.735 106.252 50.041 -5.461
3 0 106.252 50.041 -5.461 104.486 50.407 -9.177 105.093 50.428 -9.489
3 0 98.483 48.583 -11.047 100.663 47.584 -7.796 100.393 46.957 -7.790
3 0 100.393 46.957 -7.790 98.131 48.002 -10.981 98.483 48.583 -11.047
3 0 98.131 48.002 -10.981 100.393 46.957 -7.790 99.935 46.469 -7.657
3 0 99.935 46.469 -7.657 97.620 47.592 -10.789 98.131 48.002 -10.981
3 0 97.620 47.592 -10.789 99.935 46.469 -7.657 99.358 46.193 -7.417
3 0 99.358 46.193 -7.417 97.027 47.417 -10.499 97.620 47.592 -10.789
3 0 97.027 47.417 -10.499 99.358 46.193 -7.417 98.751 46.173 -7.105
3 0 98.751 46.173 -7.105 96.442 47.503 -10.157 97.027 47.417 -10.499
3 0 96.442 47.503 -10.157 98.751 46.173 -7.105 98.206 46.410 -6.770
3 0 98.206 46.410 -6.770 95.956 47.837 -9.813 96.442 47.503 -10.157
3 0 95.956 47.837 -9.813 98.206 46.410 -6.770 97.805 46.870 -6.462
3 0 97.805 46.870 -6.462 95.641 48.367 -9.520 95.956 47.837 -9.813
3 0 95.641 48.367 -9.520 97.805 46.870 -6.462 97.610 47.481 -6.229
3 0 97.610 47.481 -6.229 95.546 49.014 -9.323 95.641 48.367 -9.520
3 0 95.546 49.014 -9.323 97.610 47.481 -6.229 97.651 48.151 -6.106
3 0 97.651 48.151 -6.106 95.686 49.679 -9.252 95.546 49.014 -9.323
3 0 95.686 49.679 -9.252 97.651 48.151 -6.106 97.921 48.779 -6.111
3 0 97.921 48.779 -6.111 96.038 50.260 -9.318 95.686 49.679 -9.252
3 0 96.038 50.260 -9.318 97.921 48.779 -6.111 98.379 49.267 -6.245
3 0 98.379 49.267 -6.245 96.549 50.670 -9.510 96.038 50.260 -9.318
3 0 96.549 50.670 -9.510 98.379 49.267 -6.245 98.955 49.543 -6.485
3 0 98.955 49.543 -6.485 97.142 50.845 -9.800 96.549 50.670 -9.510
3 0 97.142 50.845 -9.800 98.955 49.543 -6.485 99.562 49.563 -6.797
3 0 99.562 49.563 -6.797 97.727 50.759 -10.143 97.142 50.845 -9.800
3 0 100.172 49.082 -11.872 100.524 49.663 -11.938 102.575 48.996 -8.487
3 0 102.575 48.996 -8.487 102.305 48.369 -8.481 100.172 49.082 -11.872
3 0 99.661 48.672 -11.680 100.172 49.082 -11.872 102.305 48.369 -8.481
3 0 102.305 48.369 -8.481 101.847 47.880 -8.348 99.661 48.672 -11.680
3 0 99.068 48.497 -11.390 99.661 48.672 -11.680 101.847 47.880 -8.348
3 0 101.847 47.880 -8.348 101.270 47.605 -8.107 99.068 48.497 -11.390
3 0 98.483 48.583 -11.047 99.068 48.497 -11.390 101.270 47.605 -8.107
3 0 101.270 47.605 -8.107 100.663 47.584 -7.796 98.483 48.583 -11.047
3 0 98.079 51.340 -10.209 97.727 50.759 -10.143 99.562 49.563 -6.797
3 0 99.562 49.563 -6.797 99.832 50.190 -6.802 98.079 51.340 -10.209
3 0 98.591 51.750 -10.401 98.079 51.340 -10.209 99.832 50.190 -6.802
3 0 99.832 50.190 -6.802 100.291 50.679 -6.935 98.591 51.750 -10.401
3 0 99.184 51.925 -10.691 98.591 51.750 -10.401 100.291 50.679 -6.935
3 0 100.291 50.679 -6.935 100.867 50.954 -7.176 99.184 51.925 -10.691
3 0 99.768 51.839 -11.033 99.184 51.925 -10.691 100.867 50.954 -7.176
3 0 100.867 50.954 -7.176 101.474 50.975 -7.488 99.768 51.839 -11.033
3 0 102.213 50.161 -12.762 102.565 50.742 -12.828 104.486 50.407 -9.177
3 0 104.486 50.407 -9.177 104.216 49.780 -9.172 102.213 50.161 -12.762
3 0 101.701 49.752 -12.570 102.213 50.161 -12.762 104.216 49.780 -9.172
3 0 104.216 49.780 -9.172 103.758 49.292 -9.039 101.701 49.752 -12.570
3 0 101.108 49.577 -12.280 101.701 49.752 -12.570 103.758 49.292 -9.039
3 0 103.758 49.292 -9.039 103.181 49.016 -8.798 101.108 49.577 -12.280
3 0 100.524 49.663 -11.938 101.108 49.577 -12.280 103.181 49.016 -8.798
3 0 103.181 49.016 -8.798 102.575 48.996 -8.487 100.524 49.663 -11.938
3 0 100.119 52.420 -11.099 99.768 51.839 -11.033 101.474 50.975 -7.488
3 0 101.474 50.975 -7.488 101.744 51.602 -7.493 100.119 52.420 -11.099
3 0 100.631 52.829 -11.291 100.119 52.420 -11.099 101.744 51.602 -7.493
3 0 101.744 51.602 -7.493 102.202 52.090 -7.626 100.631 52.829 -11.291
3 0 101.224 53.004 -11.581 100.631 52.829 -11.291 102.202 52.090 -7.626
3 0 102.202 52.090 -7.626 102.778 52.366 -7.867 101.224 53.004 -11.581
3 0 101.808 52.918 -11.924 101.224 53.004 -11.581 102.778 52.366 -7.867
3 0 102.778 52.366 -7.867 103.385 52.386 -8.178 101.808 52.918 -11.924
3 0 101.808 52.918 -11.924 103.385 52.386 -8.178 103.655 53.014 -8.184
3 0 103.655 53.014 -8.184 102.160 53.500 -11.989 101.808 52.918 -11.924
3 0 102.160 53.500 -11.989 103.655 53.014 -8.184 104.113 53.502 -8.317
3 0 104.113 53.502 -8.317 102.672 53.909 -12.182 102.160 53.500 -11.989
3 0 102.672 53.909 -12.182 104.113 53.502 -8.317 104.690 53.778 -8.558
3 0 104.690 53.778 -8.558 103.265 54.084 -12.471 102.672 53.909 -12.182
3 0 103.265 54.084 -12.471 104.690 53.778 -8.558 105.297 53.798 -8.869
3 0 105.297 53.798 -8.869 103.849 53.998 -12.814 103.265 54.084 -12.471
3 0 103.849 53.998 -12.814 105.297 53.798 -8.869 105.843 53.561 -9.204
3 0 105.843 53.561 -9.204 104.336 53.665 -13.158 103.849 53.998 -12.814
3 0 104.336 53.665 -13.158 105.843 53.561 -9.204 106.243 53.101 -9.512
3 0 106.243 53.101 -9.512 104.650 53.134 -13.451 104.336 53.665 -13.158
3 0 104.650 53.134 -13.451 106.243 53.101 -9.512 106.438 52.490 -9.745
3 0 106.438 52.490 -9.745 104.745 52.487 -13.648 104.650 53.134 -13.451
3 0 104.745 52.487 -13.648 106.438 52.490 -9.745 106.398 51.819 -9.868
3 0 106.398 51.819 -9.868 104.606 51.822 -13.719 104.745 52.487 -13.648
3 0 104.606 51.822 -13.719 106.398 51.819 -9.868 106.128 51.192 -9.863
3 0 106.128 51.192 -9.863 104.254 51.241 -13.653 104.606 51.822 -13.719
3 0 104.254 51.241 -13.653 106.128 51.192 -9.863 105.670 50.704 -9.730
3 0 105.670 50.704 -9.730 103.742 50.832 -13.460 104.254 51.241 -13.653
3 0 103.742 50.832 -13.460 105.670 50.704 -9.730 105.093 50.428 -9.489
3 0 105.093 50.428 -9.489 103.149 50.657 -13.171 103.742 50.832 -13.460
3 0 103.149 50.657 -13.171 105.093 50.428 -9.489 104.486 50.407 -9.177
3 0 104.486 50.407 -9.177 102.565 50.742 -12.828 103.149 50.657 -13.171
3 0 96.263 49.662 -14.238 98.483 48.583 -11.047 98.131 48.002 -10.981
3 0 98.131 48.002 -10.981 95.839 49.143 -14.110 96.263 49.662 -14.238
3 0 95.839 49.143 -14.110 98.131 48.002 -10.981 97.620 47.592 -10.789
3 0 97.620 47.592 -10.789 95.289 48.825 -13.860 95.839 49.143 -14.110
3 0 95.289 48.825 -13.860 97.620 47.592 -10.789 97.027 47.417 -10.499
3 0 97.027 47.417 -10.499 94.697 48.756 -13.526 95.289 48.825 -13.860
3 0 94.697 48.756 -13.526 97.027 47.417 -10.499 96.442 47.503 -10.157
3 0 96.442 47.503 -10.157 94.154 48.947 -13.160 94.697 48.756 -13.526
3 0 94.154 48.947 -13.160 96.442 47.503 -10.157 95.956 47.837 -9.813
3 0 95.956 47.837 -9.813 93.741 49.369 -12.817 94.154 48.947 -13.160
3 0 93.741 49.369 -12.817 95.956 47.837 -9.813 95.641 48.367 -9.520
3 0 95.641 48.367 -9.520 93.522 49.958 -12.550 93.741 49.369 -12.817
3 0 93.522 49.958 -12.550 95.641 48.367 -9.520 95.546 49.014 -9.323
3 0 95.546 49.014 -9.323 93.529 50.624 -12.398 93.522 49.958 -12.550
3 0 93.529 50.624 -12.398 95.546 49.014 -9.323 95.686 49.679 -9.252
3 0 95.686 49.679 -9.252 93.763 51.265 -12.386 93.529 50.624 -12.398
3 0 93.763 51.265 -12.386 95.686 49.679 -9.252 96.038 50.260 -9.318
3 0 96.038 50.260 -9.318 94.188 51.785 -12.515 93.763 51.265 -12.386
3 0 94.188 51.785 -12.515 96.038 50.260 -9.318 96.549 50.670 -9.510
3 0 96.549 50.670 -9.510 94.737 52.103 -12.765 94.188 51.785 -12.515
3 0 94.737 52.103 -12.765 96.549 50.670 -9.510 97.142 50.845 -9.800
3 0 97.142 50.845 -9.800 95.329 52.172 -13.098 94.737 52.103 -12.765
3 0 95.329 52.172 -13.098 97.142 50.845 -9.800 97.727 50.759 -10.143
3 0 97.727 50.759 -10.143 95.873 51.980 -13.464 95.329 52.172 -13.098
3 0 97.949 49.858 -15.188 98.373 50.377 -15.317 100.524 49.663 -11.938
3 0 100.524 49.663 -11.938 100.172 49.082 -11.872 97.949 49.858 -15.188
3 0 97.399 49.540 -14.938 97.949 49.858 -15.188 100.172 49.082 -11.872
3 0 100.172 49.082 -11.872 99.661 48.672 -11.680 97.399 49.540 -14.938
3 0 96.807 49.471 -14.604 97.399 49.540 -14.938 99.661 48.672 -11.680
3 0 99.661 48.672 -11.680 99.068 48.497 -11.390 96.807 49.471 -14.604
3 0 96.263 49.662 -14.238 96.807 49.471 -14.604 99.068 48.497 -11.390
3 0 99.068 48.497 -11.390 98.483 48.583 -11.047 96.263 49.662 -14.238
3 0 96.297 52.500 -13.593 95.873 51.980 -13.464 97.727 50.759 -10.143
3 0 97.727 50.759 -10.143 98.079 51.340 -10.209 96.297 52.500 -13.593
3 0 96.847 52.818 -13.843 96.297 52.500 -13.593 98.079 51.340 -10.209
3 0 98.079 51.340 -10.209 98.591 51.750 -10.401 96.847 52.818 -13.843
3 0 97.439 52.887 -14.177 96.847 52.818 -13.843 98.591 51.750 -10.401
3 0 98.591 51.750 -10.401 99.184 51.925 -10.691 97.439 52.887 -14.177
3 0 97.983 52.696 -14.543 97.439 52.887 -14.177 99.184 51.925 -10.691
3 0 99.184 51.925 -10.691 99.768 51.839 -11.033 97.983 52.696 -14.543
3 0 100.058 50.573 -16.266 100.482 51.092 -16.394 102.565 50.742 -12.828
3 0 102.565 50.742 -12.828 102.213 50.161 -12.762 100.058 50.573 -16.266
3 0 99.508 50.255 -16.016 100.058 50.573 -16.266 102.213 50.161 -12.762
3 0 102.213 50.161 -12.762 101.701 49.752 -12.570 99.508 50.255 -16.016
3 0 98.916 50.186 -15.682 99.508 50.255 -16.016 101.701 49.752 -12.570
3 0 101.701 49.752 -12.570 101.108 49.577 -12.280 98.916 50.186 -15.682
3 0 98.373 50.377 -15.317 98.916 50.186 -15.682 101.108 49.577 -12.280
3 0 101.108 49.577 -12.280 100.524 49.663 -11.938 98.373 50.377 -15.317
3 0 98.406 53.215 -14.671 97.983 52.696 -14.543 99.768 51.839 -11.033
3 0 99.768 51.839 -11.033 100.119 52.420 -11.099 98.406 53.215 -14.671
3 0 98.956 53.533 -14.921 98.406 53.215 -14.671 100.119 52.420 -11.099
3 0 100.119 52.420 -11.099 100.631 52.829 -11.291 98.956 53.533 -14.921
3 0 99.548 53.602 -15.255 98.956 53.533 -14.921 100.631 52.829 -11.291
3 0 100.631 52.829 -11.291 101.224 53.004 -11.581 99.548 53.602 -15.255
3 0 100.092 53.410 -15.621 99.548 53.602 -15.255 101.224 53.004 -11.581
3 0 101.224 53.004 -11.581 101.808 52.918 -11.924 100.092 53.410 -15.621
3 0 100.092 53.410 -15.621 101.808 52.918 -11.924 102.160 53.500 -11.989
3 0 102.160 53.500 -11.989 100.516 53.930 -15.749 100.092 53.410 -15.621
3 0 100.516 53.930 -15.749 102.160 53.500 -11.989 102.672 53.909 -12.182
3 0 102.672 53.909 -12.182 101.066 54.248 -15.999 100.516 53.930 -15.749
3 0 101.066 54.248 -15.999 102.672 53.909 -12.182 103.265 54.084 -12.471
3 0 103.265 54.084 -12.471 101.658 54.317 -16.333 101.066 54.248 -15.999
3 0 101.658 54.317 -16.333 103.265 54.084 -12.471 103.849 53.998 -12.814
3 0 103.849 53.998 -12.814 102.202 54.126 -16.699 101.658 54.317 -16.333
3 0 102.202 54.126 -16.699 103.849 53.998 -12.814 104.336 53.665 -13.158
3 0 104.336 53.665 -13.158 102.615 53.704 -17.042 102.202 54.126 -16.699
3 0 102.615 53.704 -17.042 104.336 53.665 -13.158 104.650 53.134 -13.451
3 0 104.650 53.134 -13.451 102.834 53.115 -17.309 102.615 53.704 -17.042
3 0 102.834 53.115 -17.309 104.650 53.134 -13.451 104.745 52.487 -13.648
3 0 104.745 52.487 -13.648 102.826 52.449 -17.461 102.834 53.115 -17.309
3 0 102.826 52.449 -17.461 104.745 52.487 -13.648 104.606 51.822 -13.719
3 0 104.606 51.822 -13.719 102.592 51.808 -17.473 102.826 52.449 -17.461
3 0 102.592 51.808 -17.473 104.606 51.822 -13.719 104.254 51.241 -13.653
3 0 104.254 51.241 -13.653 102.168 51.288 -17.344 102.592 51.808 -17.473
3 0 102.168 51.288 -17.344 104.254 51.241 -13.653 103.742 50.832 -13.460
3 0 103.742 50.832 -13.460 101.618 50.970 -17.094 102.168 51.288 -17.344
3 0 101.618 50.970 -17.094 103.742 50.832 -13.460 103.149 50.657 -13.171
3 0 103.149 50.657 -13.171 101.026 50.901 -16.761 101.618 50.970 -17.094
3 0 101.026 50.901 -16.761 103.149 50.657 -13.171 102.565 50.742 -12.828
3 0 102.565 50.742 -12.828 100.482 51.092 -16.394 101.026 50.901 -16.761
3 0 94.022 50.808 -17.378 96.263 49.662 -14.238 95.839 49.143 -14.110
3 0 95.839 49.143 -14.110 93.542 50.361 -17.187 94.022 50.808 -17.378
3 0 93.542 50.361 -17.187 95.839 49.143 -14.110 95.289 48.825 -13.860
3 0 95.289 48.825 -13.860 92.973 50.137 -16.884 93.542 50.361 -17.187
3 0 92.973 50.137 -16.884 95.289 48.825 -13.860 94.697 48.756 -13.526
3 0 94.697 48.756 -13.526 92.400 50.171 -16.514 92.973 50.137 -16.884
3 0 92.400 50.171 -16.514 94.697 48.756 -13.526 94.154 48.947 -13.160
3 0 94.154 48.947 -13.160 91.911 50.458 -16.133 92.400 50.171 -16.514
3 0 91.911 50.458 -16.133 94.154 48.947 -13.160 93.741 49.369 -12.817
3 0 93.741 49.369 -12.817 91.581 50.954 -15.800 91.911 50.458 -16.133
3 0 91.581 50.954 -15.800 93.741 49.369 -12.817 93.522 49.958 -12.550
3 0 93.522 49.958 -12.550 91.459 51.583 -15.564 91.581 50.954 -15.800
3 0 91.459 51.583 -15.564 93.522 49.958 -12.550 93.529 50.624 -12.398
3 0 93.529 50.624 -12.398 91.564 52.250 -15.463 91.459 51.583 -15.564
3 0 91.564 52.250 -15.463 93.529 50.624 -12.398 93.763 51.265 -12.386
3 0 93.763 51.265 -12.386 91.881 52.853 -15.511 91.564 52.250 -15.463
3 0 91.881 52.853 -15.511 93.763 51.265 -12.386 94.188 51.785 -12.515
3 0 94.188 51.785 -12.515 92.360 53.301 -15.701 91.881 52.853 -15.511
3 0 92.360 53.301 -15.701 94.188 51.785 -12.515 94.737 52.103 -12.765
3 0 94.737 52.103 -12.765 92.930 53.524 -16.005 92.360 53.301 -15.701
3 0 92.930 53.524 -16.005 94.737 52.103 -12.765 95.329 52.172 -13.098
3 0 95.329 52.172 -13.098 93.502 53.490 -16.375 92.930 53.524 -16.005
3 0 93.502 53.490 -16.375 95.329 52.172 -13.098 95.873 51.980 -13.464
3 0 95.873 51.980 -13.464 93.991 53.203 -16.755 93.502 53.490 -16.375
3 0 95.653 50.711 -18.432 96.132 51.158 -18.622 98.373 50.377 -15.317
3 0 98.373 50.377 -15.317 97.949 49.858 -15.188 95.653 50.711 -18.432
3 0 95.083 50.487 -18.129 95.653 50.711 -18.432 97.949 49.858 -15.188
3 0 97.949 49.858 -15.188 97.399 49.540 -14.938 95.083 50.487 -18.129
3 0 94.511 50.521 -17.758 95.083 50.487 -18.129 97.399 49.540 -14.938
3 0 97.399 49.540 -14.938 96.807 49.471 -14.604 94.511 50.521 -17.758
3 0 94.022 50.808 -17.378 94.511 50.521 -17.758 96.807 49.471 -14.604
3 0 96.807 49.471 -14.604 96.263 49.662 -14.238 94.022 50.808 -17.378
3 0 94.471 53.651 -16.946 93.991 53.203 -16.755 95.873 51.980 -13.464
3 0 95.873 51.980 -13.464 96.297 52.500 -13.593 94.471 53.651 -16.946
3 0 95.040 53.874 -17.249 94.471 53.651 -16.946 96.297 52.500 -13.593
3 0 96.297 52.500 -13.593 96.847 52.818 -13.843 95.040 53.874 -17.249
3 0 95.613 53.840 -17.619 95.040 53.874 -17.249 96.847 52.818 -13.843
3 0 96.847 52.818 -13.843 97.439 52.887 -14.177 95.613 53.840 -17.619
3 0 96.102 53.553 -18.000 95.613 53.840 -17.619 97.439 52.887 -14.177
3 0 97.439 52.887 -14.177 97.983 52.696 -14.543 96.102 53.553 -18.000
3 0 97.762 51.060 -19.676 98.242 51.508 -19.866 100.482 51.092 -16.394
3 0 100.482 51.092 -16.394 100.058 50.573 -16.266 97.762 51.060 -19.676
3 0 97.193 50.837 -19.373 97.762 51.060 -19.676 100.058 50.573 -16.266
3 0 100.058 50.573 -16.266 99.508 50.255 -16.016 97.193 50.837 -19.373
3 0 96.620 50.871 -19.002 97.193 50.837 -19.373 99.508 50.255 -16.016
3 0 99.508 50.255 -16.016 98.916 50.186 -15.682 96.620 50.871 -19.002
3 0 96.132 51.158 -18.622 96.620 50.871 -19.002 98.916 50.186 -15.682
3 0 98.916 50.186 -15.682 98.373 50.377 -15.317 96.132 51.158 -18.622
3 0 96.581 54.001 -18.190 96.102 53.553 -18.000 97.983 52.696 -14.543
3 0 97.983 52.696 -14.543 98.406 53.215 -14.671 96.581 54.001 -18.190
3 0 97.150 54.224 -18.493 96.581 54.001 -18.190 98.406 53.215 -14.671
3 0 98.406 53.215 -14.671 98.956 53.533 -14.921 97.150 54.224 -18.493
3 0 97.723 54.190 -18.863 97.150 54.224 -18.493 98.956 53.533 -14.921
3 0 98.956 53.533 -14.921 99.548 53.602 -15.255 97.723 54.190 -18.863
3 0 98.211 53.903 -19.244 97.723 54.190 -18.863 99.548 53.602 -15.255
3 0 99.548 53.602 -15.255 100.092 53.410 -15.621 98.211 53.903 -19.244
3 0 98.211 53.903 -19.244 100.092 53.410 -15.621 100.516 53.930 -15.749
3 0 100.516 53.930 -15.749 98.691 54.351 -19.434 98.211 53.903 -19.244
3 0 98.691 54.351 -19.434 100.516 53.930 -15.749 101.066 54.248 -15.999
3 0 101.066 54.248 -15.999 99.261 54.574 -19.737 98.691 54.351 -19.434
3 0 99.261 54.574 -19.737 101.066 54.248 -15.999 101.658 54.317 -16.333
3 0 101.658 54.317 -16.333 99.833 54.540 -20.107 99.261 54.574 -19.737
3 0 99.833 54.540 -20.107 101.658 54.317 -16.333 102.202 54.126 -16.699
3 0 102.202 54.126 -16.699 100.322 54.253 -20.488 99.833 54.540 -20.107
3 0 100.322 54.253 -20.488 102.202 54.126 -16.699 102.615 53.704 -17.042
3 0 102.615 53.704 -17.042 100.653 53.757 -20.822 100.322 54.253 -20.488
3 0 100.653 53.757 -20.822 102.615 53.704 -17.042 102.834 53.115 -17.309
3 0 102.834 53.115 -17.309 100.774 53.128 -21.057 100.653 53.757 -20.822
3 0 100.774 53.128 -21.057 102.834 53.115 -17.309 102.826 52.449 -17.461
3 0 102.826 52.449 -17.461 100.669 52.461 -21.158 100.774 53.128 -21.057
3 0 100.669 52.461 -21.158 102.826 52.449 -17.461 102.592 51.808 -17.473
3 0 102.592 51.808 -17.473 100.353 51.858 -21.110 100.669 52.461 -21.158
3 0 100.353 51.858 -21.110 102.592 51.808 -17.473 102.168 51.288 -17.344
3 0 102.168 51.288 -17.344 99.873 51.410 -20.920 100.353 51.858 -21.110
3 0 99.873 51.410 -20.920 102.168 51.288 -17.344 101.618 50.970 -17.094
3 0 101.618 50.970 -17.094 99.304 51.187 -20.617 99.873 51.410 -20.920
3 0 99.304 51.187 -20.617 101.618 50.970 -17.094 101.026 50.901 -16.761
3 0 101.026 50.901 -16.761 98.731 51.221 -20.247 99.304 51.187 -20.617
3 0 98.731 51.221 -20.247 101.026 50.901 -16.761 100.482 51.092 -16.394
3 0 100.482 51.092 -16.394 98.242 51.508 -19.866 98.731 51.221 -20.247
3 0 91.760 52.003 -20.463 94.022 50.808 -17.378 93.542 50.361 -17.187
3 0 93.542 50.361 -17.187 91.244 51.630 -20.216 91.760 52.003 -20.463
3 0 91.244 51.630 -20.216 93.542 50.361 -17.187 92.973 50.137 -16.884
3 0 92.973 50.137 -16.884 90.674 51.496 -19.865 91.244 51.630 -20.216
3 0 90.674 51.496 -19.865 92.973 50.137 -16.884 92.400 50.171 -16.514
3 0 92.400 50.171 -16.514 90.135 51.622 -19.465 90.674 51.496 -19.865
3 0 90.135 51.622 -19.465 92.400 50.171 -16.514 91.911 50.458 -16.133
3 0 91.911 50.458 -16.133 89.710 51.988 -19.075 90.135 51.622 -19.465
3 0 89.710 51.988 -19.075 91.911 50.458 -16.133 91.581 50.954 -15.800
3 0 91.581 50.954 -15.800 89.465 52.539 -18.756 89.710 51.988 -19.075
3 0 89.465 52.539 -18.756 91.581 50.954 -15.800 91.459 51.583 -15.564
3 0 91.459 51.583 -15.564 89.435 53.191 -18.555 89.465 52.539 -18.756
3 0 89.435 53.191 -18.555 91.459 51.583 -15.564 91.564 52.250 -15.463
3 0 91.564 52.250 -15.463 89.625 53.845 -18.504 89.435 53.191 -18.555
3 0 89.625 53.845 -18.504 91.564 52.250 -15.463 91.881 52.853 -15.511
3 0 91.881 52.853 -15.511 90.008 54.400 -18.610 89.625 53.845 -18.504
3 0 90.008 54.400 -18.610 91.881 52.853 -15.511 92.360 53.301 -15.701
3 0 92.360 53.301 -15.701 90.523 54.774 -18.857 90.008 54.400 -18.610
3 0 90.523 54.774 -18.857 92.360 53.301 -15.701 92.930 53.524 -16.005
3 0 92.930 53.524 -16.005 91.094 54.907 -19.207 90.523 54.774 -18.857
3 0 91.094 54.907 -19.207 92.930 53.524 -16.005 93.502 53.490 -16.375
3 0 93.502 53.490 -16.375 91.633 54.782 -19.608 91.094 54.907 -19.207
3 0 91.633 54.782 -19.608 93.502 53.490 -16.375 93.991 53.203 -16.755
3 0 93.991 53.203 -16.755 92.057 54.415 -19.997 91.633 54.782 -19.608
3 0 93.293 51.645 -21.603 93.809 52.018 -21.850 96.132 51.158 -18.622
3 0 96.132 51.158 -18.622 95.653 50.711 -18.432 93.293 51.645 -21.603
3 0 92.723 51.511 -21.253 93.293 51.645 -21.603 95.653 50.711 -18.432
3 0 95.653 50.711 -18.432 95.083 50.487 -18.129 92.723 51.511 -21.253
3 0 92.184 51.637 -20.853 92.723 51.511 -21.253 95.083 50.487 -18.129
3 0 95.083 50.487 -18.129 94.511 50.521 -17.758 92.184 51.637 -20.853
3 0 91.760 52.003 -20.463 92.184 51.637 -20.853 94.511 50.521 -17.758
3 0 94.511 50.521 -17.758 94.022 50.808 -17.378 91.760 52.003 -20.463
3 0 92.573 54.789 -20.245 92.057 54.415 -19.997 93.991 53.203 -16.755
3 0 93.991 53.203 -16.755 94.471 53.651 -16.946 92.573 54.789 -20.245
3 0 93.143 54.923 -20.595 92.573 54.789 -20.245 94.471 53.651 -16.946
3 0 94.471 53.651 -16.946 95.040 53.874 -17.249 93.143 54.923 -20.595
3 0 93.682 54.797 -20.995 93.143 54.923 -20.595 95.040 53.874 -17.249
3 0 95.040 53.874 -17.249 95.613 53.840 -17.619 93.682 54.797 -20.995
3 0 94.106 54.430 -21.385 93.682 54.797 -20.995 95.613 53.840 -17.619
3 0 95.613 53.840 -17.619 96.102 53.553 -18.000 94.106 54.430 -21.385
3 0 95.342 51.660 -22.990 95.858 52.033 -23.237 98.242 51.508 -19.866
3 0 98.242 51.508 -19.866 97.762 51.060 -19.676 95.342 51.660 -22.990
3 0 94.772 51.526 -22.640 95.342 51.660 -22.990 97.762 51.060 -19.676
3 0 97.762 51.060 -19.676 97.193 50.837 -19.373 94.772 51.526 -22.640
3 0 94.233 51.652 -22.240 94.772 51.526 -22.640 97.193 50.837 -19.373
3 0 97.193 50.837 -19.373 96.620 50.871 -19.002 94.233 51.652 -22.240
3 0 93.809 52.018 -21.850 94.233 51.652 -22.240 96.620 50.871 -19.002
3 0 96.620 50.871 -19.002 96.132 51.158 -18.622 93.809 52.018 -21.850
3 0 94.621 54.804 -21.632 94.106 54.430 -21.385 96.102 53.553 -18.000
3 0 96.102 53.553 -18.000 96.581 54.001 -18.190 94.621 54.804 -21.632
3 0 95.192 54.938 -21.982 94.621 54.804 -21.632 96.581 54.001 -18.190
3 0 96.581 54.001 -18.190 97.150 54.224 -18.493 95.192 54.938 -21.982
3 0 95.731 54.812 -22.382 95.192 54.938 -21.982 97.150 54.224 -18.493
3 0 97.150 54.224 -18.493 97.723 54.190 -18.863 95.731 54.812 -22.382
3 0 96.155 54.446 -22.772 95.731 54.812 -22.382 97.723 54.190 -18.863
3 0 97.723 54.190 -18.863 98.211 53.903 -19.244 96.155 54.446 -22.772
3 0 96.155 54.446 -22.772 98.211 53.903 -19.244 98.691 54.351 -19.434
3 0 98.691 54.351 -19.434 96.671 54.819 -23.019 96.155 54.446 -22.772
3 0 96.671 54.819 -23.019 98.691 54.351 -19.434 99.261 54.574 -19.737
3 0 99.261 54.574 -19.737 97.241 54.953 -23.370 96.671 54.819 -23.019
3 0 97.241 54.953 -23.370 99.261 54.574 -19.737 99.833 54.540 -20.107
3 0 99.833 54.540 -20.107 97.780 54.827 -23.770 97.241 54.953 -23.370
3 0 97.780 54.827 -23.770 99.833 54.540 -20.107 100.322 54.253 -20.488
3 0 100.322 54.253 -20.488 98.204 54.461 -24.160 97.780 54.827 -23.770
3 0 98.204 54.461 -24.160 100.322 54.253 -20.488 100.653 53.757 -20.822
3 0 100.653 53.757 -20.822 98.450 53.910 -24.479 98.204 54.461 -24.160
3 0 98.450 53.910 -24.479 100.653 53.757 -20.822 100.774 53.128 -21.057
3 0 100.774 53.128 -21.057 98.480 53.258 -24.680 98.450 53.910 -24.479
3 0 98.480 53.258 -24.680 100.774 53.128 -21.057 100.669 52.461 -21.158
3 0 100.669 52.461 -21.158 98.289 52.604 -24.731 98.480 53.258 -24.680
3 0 98.289 52.604 -24.731 100.669 52.461 -21.158 100.353 51.858 -21.110
3 0 100.353 51.858 -21.110 97.907 52.048 -24.625 98.289 52.604 -24.731
3 0 97.907 52.048 -24.625 100.353 51.858 -21.110 99.873 51.410 -20.920
3 0 99.873 51.410 -20.920 97.391 51.675 -24.378 97.907 52.048 -24.625
3 0 97.391 51.675 -24.378 99.873 51.410 -20.920 99.304 51.187 -20.617
3 0 99.304 51.187 -20.617 96.821 51.541 -24.028 97.391 51.675 -24.378
3 0 96.821 51.541 -24.028 99.304 51.187 -20.617 98.731 51.221 -20.247
3 0 98.731 51.221 -20.247 96.282 51.667 -23.627 96.821 51.541 -24.028
3 0 96.282 51.667 -23.627 98.731 51.221 -20.247 98.242 51.508 -19.866
3 0 98.242 51.508 -19.866 95.858 52.033 -23.237 96.282 51.667 -23.627
3 0 89.462 53.240 -23.478 91.760 52.003 -20.463 91.244 51.630 -20.216
3 0 91.244 51.630 -20.216 88.928 52.936 -23.180 89.462 53.240 -23.478
3 0 88.928 52.936 -23.180 91.244 51.630 -20.216 90.674 51.496 -19.865
3 0 90.674 51.496 -19.865 88.372 52.880 -22.787 88.928 52.936 -23.180
3 0 88.372 52.880 -22.787 90.674 51.496 -19.865 90.135 51.622 -19.465
3 0 90.135 51.622 -19.465 87.879 53.081 -22.361 88.372 52.880 -22.787
3 0 87.879 53.081 -22.361 90.135 51.622 -19.465 89.710 51.988 -19.075
3 0 89.710 51.988 -19.075 87.522 53.509 -21.965 87.879 53.081 -22.361
3 0 87.522 53.509 -21.965 89.710 51.988 -19.075 89.465 52.539 -18.756
3 0 89.465 52.539 -18.756 87.358 54.097 -21.660 87.522 53.509 -21.965
3 0 87.358 54.097 -21.660 89.465 52.539 -18.756 89.435 53.191 -18.555
3 0 89.435 53.191 -18.555 87.410 54.757 -21.493 87.358 54.097 -21.660
3 0 87.410 54.757 -21.493 89.435 53.191 -18.555 89.625 53.845 -18.504
3 0 89.625 53.845 -18.504 87.671 55.388 -21.488 87.410 54.757 -21.493
3 0 87.671 55.388 -21.488 89.625 53.845 -18.504 90.008 54.400 -18.610
3 0 90.008 54.400 -18.610 88.101 55.894 -21.647 87.671 55.388 -21.488
3 0 88.101 55.894 -21.647 90.008 54.400 -18.610 90.523 54.774 -18.857
3 0 90.523 54.774 -18.857 88.635 56.198 -21.945 88.101 55.894 -21.647
3 0 88.635 56.198 -21.945 90.523 54.774 -18.857 91.094 54.907 -19.207
3 0 91.094 54.907 -19.207 89.191 56.253 -22.337 88.635 56.198 -21.945
3 0 89.191 56.253 -22.337 91.094 54.907 -19.207 91.633 54.782 -19.608
3 0 91.633 54.782 -19.608 89.684 56.052 -22.764 89.191 56.253 -22.337
3 0 89.684 56.052 -22.764 91.633 54.782 -19.608 92.057 54.415 -19.997
3 0 92.057 54.415 -19.997 90.041 55.625 -23.160 89.684 56.052 -22.764
3 0 90.868 52.667 -24.693 91.402 52.971 -24.991 93.809 52.018 -21.850
3 0 93.809 52.018 -21.850 93.293 51.645 -21.603 90.868 52.667 -24.693
3 0 90.312 52.612 -24.301 90.868 52.667 -24.693 93.293 51.645 -21.603
3 0 93.293 51.645 -21.603 92.723 51.511 -21.253 90.312 52.612 -24.301
3 0 89.819 52.813 -23.874 90.312 52.612 -24.301 92.723 51.511 -21.253
3 0 92.723 51.511 -21.253 92.184 51.637 -20.853 89.819 52.813 -23.874
3 0 89.462 53.240 -23.478 89.819 52.813 -23.874 92.184 51.637 -20.853
3 0 92.184 51.637 -20.853 91.760 52.003 -20.463 89.462 53.240 -23.478
3 0 90.575 55.929 -23.458 90.041 55.625 -23.160 92.057 54.415 -19.997
3 0 92.057 54.415 -19.997 92.573 54.789 -20.245 90.575 55.929 -23.458
3 0 91.131 55.985 -23.851 90.575 55.929 -23.458 92.573 54.789 -20.245
3 0 92.573 54.789 -20.245 93.143 54.923 -20.595 91.131 55.985 -23.851
3 0 91.624 55.784 -24.277 91.131 55.985 -23.851 93.143 54.923 -20.595
3 0 93.143 54.923 -20.595 93.682 54.797 -20.995 91.624 55.784 -24.277
3 0 91.981 55.356 -24.673 91.624 55.784 -24.277 93.682 54.797 -20.995
3 0 93.682 54.797 -20.995 94.106 54.430 -21.385 91.981 55.356 -24.673
3 0 92.808 52.399 -26.205 93.341 52.703 -26.504 95.858 52.033 -23.237
3 0 95.858 52.033 -23.237 95.342 51.660 -22.990 92.808 52.399 -26.205
3 0 92.252 52.343 -25.813 92.808 52.399 -26.205 95.342 51.660 -22.990
3 0 95.342 51.660 -22.990 94.772 51.526 -22.640 92.252 52.343 -25.813
3 0 91.758 52.544 -25.387 92.252 52.343 -25.813 94.772 51.526 -22.640
3 0 94.772 51.526 -22.640 94.233 51.652 -22.240 91.758 52.544 -25.387
3 0 91.402 52.971 -24.991 91.758 52.544 -25.387 94.233 51.652 -22.240
3 0 94.233 51.652 -22.240 93.809 52.018 -21.850 91.402 52.971 -24.991
3 0 92.514 55.660 -24.971 91.981 55.356 -24.673 94.106 54.430 -21.385
3 0 94.106 54.430 -21.385 94.621 54.804 -21.632 92.514 55.660 -24.971
3 0 93.070 55.716 -25.363 92.514 55.660 -24.971 94.621 54.804 -21.632
3 0 94.621 54.804 -21.632 95.192 54.938 -21.982 93.070 55.716 -25.363
3 0 93.564 55.515 -25.790 93.070 55.716 -25.363 95.192 54.938 -21.982
3 0 95.192 54.938 -21.982 95.731 54.812 -22.382 93.564 55.515 -25.790
3 0 93.920 55.088 -26.186 93.564 55.515 -25.790 95.731 54.812 -22.382
3 0 95.731 54.812 -22.382 96.155 54.446 -22.772 93.920 55.088 -26.186
3 0 93.920 55.088 -26.186 96.155 54.446 -22.772 96.671 54.819 -23.019
3 0 96.671 54.819 -23.019 94.454 55.392 -26.484 93.920 55.088 -26.186
3 0 94.454 55.392 -26.484 96.671 54.819 -23.019 97.241 54.953 -23.370
3 0 97.241 54.953 -23.370 95.010 55.447 -26.876 94.454 55.392 -26.484
3 0 95.010 55.447 -26.876 97.241 54.953 -23.370 97.780 54.827 -23.770
3 0 97.780 54.827 -23.770 95.504 55.246 -27.303 95.010 55.447 -26.876
3 0 95.504 55.246 -27.303 97.780 54.827 -23.770 98.204 54.461 -24.160
3 0 98.204 54.461 -24.160 95.860 54.819 -27.699 95.504 55.246 -27.303
3 0 95.860 54.819 -27.699 98.204 54.461 -24.160 98.450 53.910 -24.479
3 0 98.450 53.910 -24.479 96.025 54.231 -28.004 95.860 54.819 -27.699
3 0 96.025 54.231 -28.004 98.450 53.910 -24.479 98.480 53.258 -24.680
3 0 98.480 53.258 -24.680 95.972 53.571 -28.171 96.025 54.231 -28.004
3 0 95.972 53.571 -28.171 98.480 53.258 -24.680 98.289 52.604 -24.731
3 0 98.289 52.604 -24.731 95.712 52.940 -28.176 95.972 53.571 -28.171
3 0 95.712 52.940 -28.176 98.289 52.604 -24.731 97.907 52.048 -24.625
3 0 97.907 52.048 -24.625 95.281 52.434 -28.017 95.712 52.940 -28.176
3 0 95.281 52.434 -28.017 97.907 52.048 -24.625 97.391 51.675 -24.378
3 0 97.391 51.675 -24.378 94.748 52.130 -27.719 95.281 52.434 -28.017
3 0 94.748 52.130 -27.719 97.391 51.675 -24.378 96.821 51.541 -24.028
3 0 96.821 51.541 -24.028 94.192 52.074 -27.326 94.748 52.130 -27.719
3 0 94.192 52.074 -27.326 96.821 51.541 -24.028 96.282 51.667 -23.627
3 0 96.282 51.667 -23.627 93.698 52.275 -26.900 94.192 52.074 -27.326
3 0 93.698 52.275 -26.900 96.282 51.667 -23.627 95.858 52.033 -23.237
3 0 95.858 52.033 -23.237 93.341 52.703 -26.504 93.698 52.275 -26.900
3 0 87.113 54.527 -26.389 89.462 53.240 -23.478 88.928 52.936 -23.180
3 0 88.928 52.936 -23.180 86.578 54.283 -26.042 87.113 54.527 -26.389
3 0 86.578 54.283 -26.042 88.928 52.936 -23.180 88.372 52.880 -22.787
3 0 88.372 52.880 -22.787 86.050 54.291 -25.609 86.578 54.283 -26.042
3 0 86.050 54.291 -25.609 88.372 52.880 -22.787 87.879 53.081 -22.361
3 0 87.879 53.081 -22.361 85.610 54.549 -25.156 86.050 54.291 -25.609
3 0 85.610 54.549 -25.156 87.879 53.081 -22.361 87.522 53.509 -21.965
3 0 87.522 53.509 -21.965 85.324 55.019 -24.751 85.610 54.549 -25.156
3 0 85.324 55.019 -24.751 87.522 53.509 -21.965 87.358 54.097 -21.660
3 0 87.358 54.097 -21.660 85.237 55.629 -24.456 85.324 55.019 -24.751
3 0 85.237 55.629 -24.456 87.358 54.097 -21.660 87.410 54.757 -21.493
3 0 87.410 54.757 -21.493 85.362 56.285 -24.316 85.237 55.629 -24.456
3 0 85.362 56.285 -24.316 87.410 54.757 -21.493 87.671 55.388 -21.488
3 0 87.671 55.388 -21.488 85.679 56.889 -24.353 85.362 56.285 -24.316
3 0 85.679 56.889 -24.353 87.671 55.388 -21.488 88.101 55.894 -21.647
3 0 88.101 55.894 -21.647 86.140 57.348 -24.560 85.679 56.889 -24.353
3 0 86.140 57.348 -24.560 88.101 55.894 -21.647 88.635 56.198 -21.945
3 0 88.635 56.198 -21.945 86.675 57.592 -24.906 86.140 57.348 -24.560
3 0 86.675 57.592 -24.906 88.635 56.198 -21.945 89.191 56.253 -22.337
3 0 89.191 56.253 -22.337 87.203 57.584 -25.339 86.675 57.592 -24.906
3 0 87.203 57.584 -25.339 89.191 56.253 -22.337 89.684 56.052 -22.764
3 0 89.684 56.052 -22.764 87.643 57.326 -25.793 87.203 57.584 -25.339
3 0 87.643 57.326 -25.793 89.684 56.052 -22.764 90.041 55.625 -23.160
3 0 90.041 55.625 -23.160 87.929 56.856 -26.198 87.643 57.326 -25.793
3 0 88.367 53.791 -27.681 88.902 54.035 -28.027 91.402 52.971 -24.991
3 0 91.402 52.971 -24.991 90.868 52.667 -24.693 88.367 53.791 -27.681
3 0 87.839 53.799 -27.248 88.367 53.791 -27.681 90.868 52.667 -24.693
3 0 90.868 52.667 -24.693 90.312 52.612 -24.301 87.839 53.799 -27.248
3 0 87.399 54.057 -26.794 87.839 53.799 -27.248 90.312 52.612 -24.301
3 0 90.312 52.612 -24.301 89.819 52.813 -23.874 87.399 54.057 -26.794
3 0 87.113 54.527 -26.389 87.399 54.057 -26.794 89.819 52.813 -23.874
3 0 89.819 52.813 -23.874 89.462 53.240 -23.478 87.113 54.527 -26.389
3 0 88.464 57.100 -26.544 87.929 56.856 -26.198 90.041 55.625 -23.160
3 0 90.041 55.625 -23.160 90.575 55.929 -23.458 88.464 57.100 -26.544
3 0 88.992 57.092 -26.977 88.464 57.100 -26.544 90.575 55.929 -23.458
3 0 90.575 55.929 -23.458 91.131 55.985 -23.851 88.992 57.092 -26.977
3 0 89.432 56.834 -27.431 88.992 57.092 -26.977 91.131 55.985 -23.851
3 0 91.131 55.985 -23.851 91.624 55.784 -24.277 89.432 56.834 -27.431
3 0 89.717 56.364 -27.836 89.432 56.834 -27.431 91.624 55.784 -24.277
3 0 91.624 55.784 -24.277 91.981 55.356 -24.673 89.717 56.364 -27.836
3 0 90.155 53.299 -29.318 90.690 53.543 -29.664 93.341 52.703 -26.504
3 0 93.341 52.703 -26.504 92.808 52.399 -26.205 90.155 53.299 -29.318
3 0 89.627 53.307 -28.885 90.155 53.299 -29.318 92.808 52.399 -26.205
3 0 92.808 52.399 -26.205 92.252 52.343 -25.813 89.627 53.307 -28.885
3 0 89.187 53.565 -28.432 89.627 53.307 -28.885 92.252 52.343 -25.813
3 0 92.252 52.343 -25.813 91.758 52.544 -25.387 89.187 53.565 -28.432
3 0 88.902 54.035 -28.027 89.187 53.565 -28.432 91.758 52.544 -25.387
3 0 91.758 52.544 -25.387 91.402 52.971 -24.991 88.902 54.035 -28.027
3 0 90.252 56.608 -28.182 89.717 56.364 -27.836 91.981 55.356 -24.673
3 0 91.981 55.356 -24.673 92.514 55.660 -24.971 90.252 56.608 -28.182
3 0 90.780 56.600 -28.615 90.252 56.608 -28.182 92.514 55.660 -24.971
3 0 92.514 55.660 -24.971 93.070 55.716 -25.363 90.780 56.600 -28.615
3 0 91.220 56.342 -29.068 90.780 56.600 -28.615 93.070 55.716 -25.363
3 0 93.070 55.716 -25.363 93.564 55.515 -25.790 91.220 56.342 -29.068
3 0 91.506 55.872 -29.473 91.220 56.342 -29.068 93.564 55.515 -25.790
3 0 93.564 55.515 -25.790 93.920 55.088 -26.186 91.506 55.872 -29.473
3 0 91.506 55.872 -29.473 93.920 55.088 -26.186 94.454 55.392 -26.484
3 0 94.454 55.392 -26.484 92.041 56.116 -29.820 91.506 55.872 -29.473
3 0 92.041 56.116 -29.820 94.454 55.392 -26.484 95.010 55.447 -26.876
3 0 95.010 55.447 -26.876 92.569 56.108 -30.253 92.041 56.116 -29.820
3 0 92.569 56.108 -30.253 95.010 55.447 -26.876 95.504 55.246 -27.303
3 0 95.504 55.246 -27.303 93.009 55.850 -30.707 92.569 56.108 -30.253
3 0 93.009 55.850 -30.707 95.504 55.246 -27.303 95.860 54.819 -27.699
3 0 95.860 54.819 -27.699 93.294 55.380 -31.112 93.009 55.850 -30.707
3 0 93.294 55.380 -31.112 95.860 54.819 -27.699 96.025 54.231 -28.004
3 0 96.025 54.231 -28.004 93.382 54.770 -31.407 93.294 55.380 -31.112
3 0 93.382 54.770 -31.407 96.025 54.231 -28.004 95.972 53.571 -28.171
3 0 95.972 53.571 -28.171 93.257 54.114 -31.546 93.382 54.770 -31.407
3 0 93.257 54.114 -31.546 95.972 53.571 -28.171 95.712 52.940 -28.176
3 0 95.712 52.940 -28.176 92.940 53.510 -31.510 93.257 54.114 -31.546
3 0 92.940 53.510 -31.510 95.712 52.940 -28.176 95.281 52.434 -28.017
3 0 95.281 52.434 -28.017 92.479 53.051 -31.303 92.940 53.510 -31.510
3 0 92.479 53.051 -31.303 95.281 52.434 -28.017 94.748 52.130 -27.719
3 0 94.748 52.130 -27.719 91.944 52.807 -30.956 92.479 53.051 -31.303
3 0 91.944 52.807 -30.956 94.748 52.130 -27.719 94.192 52.074 -27.326
3 0 94.192 52.074 -27.326 91.416 52.815 -30.523 91.944 52.807 -30.956
3 0 91.416 52.815 -30.523 94.192 52.074 -27.326 93.698 52.275 -26.900
3 0 93.698 52.275 -26.900 90.976 53.073 -30.070 91.416 52.815 -30.523
3 0 90.976 53.073 -30.070 93.698 52.275 -26.900 93.341 52.703 -26.504
3 0 93.341 52.703 -26.504 90.690 53.543 -29.664 90.976 53.073 -30.070
3 0 84.678 55.904 -29.132 87.113 54.527 -26.389 86.578 54.283 -26.042
3 0 86.578 54.283 -26.042 84.156 55.707 -28.739 84.678 55.904 -29.132
3 0 84.156 55.707 -28.739 86.578 54.283 -26.042 86.050 54.291 -25.609
3 0 86.050 54.291 -25.609 83.668 55.761 -28.264 84.156 55.707 -28.739
3 0 83.668 55.761 -28.264 86.050 54.291 -25.609 85.610 54.549 -25.156
3 0 85.610 54.549 -25.156 83.289 56.058 -27.780 83.668 55.761 -28.264
3 0 83.289 56.058 -27.780 85.610 54.549 -25.156 85.324 55.019 -24.751
3 0 85.324 55.019 -24.751 83.077 56.553 -27.360 83.289 56.058 -27.780
3 0 83.077 56.553 -27.360 85.324 55.019 -24.751 85.237 55.629 -24.456
3 0 85.237 55.629 -24.456 83.064 57.170 -27.068 83.077 56.553 -27.360
3 0 83.064 57.170 -27.068 85.237 55.629 -24.456 85.362 56.285 -24.316
3 0 85.362 56.285 -24.316 83.252 57.816 -26.949 83.064 57.170 -27.068
3 0 83.252 57.816 -26.949 85.362 56.285 -24.316 85.679 56.889 -24.353
3 0 85.679 56.889 -24.353 83.612 58.392 -27.020 83.252 57.816 -26.949
3 0 83.612 58.392 -27.020 85.679 56.889 -24.353 86.140 57.348 -24.560
3 0 86.140 57.348 -24.560 84.090 58.810 -27.272 83.612 58.392 -27.020
3 0 84.090 58.810 -27.272 86.140 57.348 -24.560 86.675 57.592 -24.906
3 0 86.675 57.592 -24.906 84.612 59.007 -27.665 84.090 58.810 -27.272
3 0 84.612 59.007 -27.665 86.675 57.592 -24.906 87.203 57.584 -25.339
3 0 87.203 57.584 -25.339 85.100 58.952 -28.140 84.612 59.007 -27.665
3 0 85.100 58.952 -28.140 87.203 57.584 -25.339 87.643 57.326 -25.793
3 0 87.643 57.326 -25.793 85.479 58.655 -28.624 85.100 58.952 -28.140
3 0 85.479 58.655 -28.624 87.643 57.326 -25.793 87.929 56.856 -26.198
3 0 87.929 56.856 -26.198 85.691 58.160 -29.044 85.479 58.655 -28.624
3 0 85.756 55.058 -30.511 86.279 55.254 -30.904 88.902 54.035 -28.027
3 0 88.902 54.035 -28.027 88.367 53.791 -27.681 85.756 55.058 -30.511
3 0 85.269 55.112 -30.036 85.756 55.058 -30.511 88.367 53.791 -27.681
3 0 88.367 53.791 -27.681 87.839 53.799 -27.248 85.269 55.112 -30.036
3 0 84.890 55.409 -29.552 85.269 55.112 -30.036 87.839 53.799 -27.248
3 0 87.839 53.799 -27.248 87.399 54.057 -26.794 84.890 55.409 -29.552
3 0 84.678 55.904 -29.132 84.890 55.409 -29.552 87.399 54.057 -26.794
3 0 87.399 54.057 -26.794 87.113 54.527 -26.389 84.678 55.904 -29.132
3 0 86.213 58.357 -29.437 85.691 58.160 -29.044 87.929 56.856 -26.198
3 0 87.929 56.856 -26.198 88.464 57.100 -26.544 86.213 58.357 -29.437
3 0 86.701 58.303 -29.912 86.213 58.357 -29.437 88.464 57.100 -26.544
3 0 88.464 57.100 -26.544 88.992 57.092 -26.977 86.701 58.303 -29.912
3 0 87.080 58.006 -30.396 86.701 58.303 -29.912 88.992 57.092 -26.977
3 0 88.992 57.092 -26.977 89.432 56.834 -27.431 87.080 58.006 -30.396
3 0 87.292 57.511 -30.816 87.080 58.006 -30.396 89.432 56.834 -27.431
3 0 89.432 56.834 -27.431 89.717 56.364 -27.836 87.292 57.511 -30.816
3 0 87.357 54.408 -32.283 87.879 54.605 -32.676 90.690 53.543 -29.664
3 0 90.690 53.543 -29.664 90.155 53.299 -29.318 87.357 54.408 -32.283
3 0 86.869 54.463 -31.808 87.357 54.408 -32.283 90.155 53.299 -29.318
3 0 90.155 53.299 -29.318 89.627 53.307 -28.885 86.869 54.463 -31.808
3 0 86.490 54.760 -31.324 86.869 54.463 -31.808 89.627 53.307 -28.885
3 0 89.627 53.307 -28.885 89.187 53.565 -28.432 86.490 54.760 -31.324
3 0 86.279 55.254 -30.904 86.490 54.760 -31.324 89.187 53.565 -28.432
3 0 89.187 53.565 -28.432 88.902 54.035 -28.027 86.279 55.254 -30.904
3 0 87.813 57.708 -31.209 87.292 57.511 -30.816 89.717 56.364 -27.836
3 0 89.717 56.364 -27.836 90.252 56.608 -28.182 87.813 57.708 -31.209
3 0 88.301 57.654 -31.684 87.813 57.708 -31.209 90.252 56.608 -28.182
3 0 90.252 56.608 -28.182 90.780 56.600 -28.615 88.301 57.654 -31.684
3 0 88.680 57.357 -32.168 88.301 57.654 -31.684 90.780 56.600 -28.615
3 0 90.780 56.600 -28.615 91.220 56.342 -29.068 88.680 57.357 -32.168
3 0 88.892 56.862 -32.588 88.680 57.357 -32.168 91.220 56.342 -29.068
3 0 91.220 56.342 -29.068 91.506 55.872 -29.473 88.892 56.862 -32.588
3 0 88.892 56.862 -32.588 91.506 55.872 -29.473 92.041 56.116 -29.820
3 0 92.041 56.116 -29.820 89.414 57.059 -32.981 88.892 56.862 -32.588
3 0 89.414 57.059 -32.981 92.041 56.116 -29.820 92.569 56.108 -30.253
3 0 92.569 56.108 -30.253 89.902 57.004 -33.456 89.414 57.059 -32.981
3 0 89.902 57.004 -33.456 92.569 56.108 -30.253 93.009 55.850 -30.707
3 0 93.009 55.850 -30.707 90.281 56.707 -33.940 89.902 57.004 -33.456
3 0 90.281 56.707 -33.940 93.009 55.850 -30.707 93.294 55.380 -31.112
3 0 93.294 55.380 -31.112 90.493 56.212 -34.360 90.281 56.707 -33.940
3 0 90.493 56.212 -34.360 93.294 55.380 -31.112 93.382 54.770 -31.407
3 0 93.382 54.770 -31.407 90.506 55.595 -34.652 90.493 56.212 -34.360
3 0 90.506 55.595 -34.652 93.382 54.770 -31.407 93.257 54.114 -31.546
3 0 93.257 54.114 -31.546 90.318 54.950 -34.771 90.506 55.595 -34.652
3 0 90.318 54.950 -34.771 93.257 54.114 -31.546 92.940 53.510 -31.510
3 0 92.940 53.510 -31.510 89.958 54.374 -34.700 90.318 54.950 -34.771
3 0 89.958 54.374 -34.700 92.940 53.510 -31.510 92.479 53.051 -31.303
3 0 92.479 53.051 -31.303 89.480 53.956 -34.448 89.958 54.374 -34.700
3 0 89.480 53.956 -34.448 92.479 53.051 -31.303 91.944 52.807 -30.956
3 0 91.944 52.807 -30.956 88.957 53.759 -34.055 89.480 53.956 -34.448
3 0 88.957 53.759 -34.055 91.944 52.807 -30.956 91.416 52.815 -30.523
3 0 91.416 52.815 -30.523 88.470 53.813 -33.580 88.957 53.759 -34.055
3 0 88.470 53.813 -33.580 91.416 52.815 -30.523 90.976 53.073 -30.070
3 0 90.976 53.073 -30.070 88.091 54.110 -33.096 88.470 53.813 -33.580
3 0 88.091 54.110 -33.096 90.976 53.073 -30.070 90.690 53.543 -29.664
3 0 90.690 53.543 -29.664 87.879 54.605 -32.676 88.091 54.110 -33.096
3 0 82.483 57.233 -31.311 84.678 55.904 -29.132 84.156 55.707 -28.739
3 0 84.156 55.707 -28.739 81.987 57.067 -30.871 82.483 57.233 -31.311
3 0 81.987 57.067 -30.871 84.156 55.707 -28.739 83.668 55.761 -28.264
3 0 83.668 55.761 -28.264 81.553 57.149 -30.351 81.987 57.067 -30.871
3 0 81.553 57.149 -30.351 83.668 55.761 -28.264 83.289 56.058 -27.780
3 0 83.289 56.058 -27.780 81.245 57.464 -29.829 81.553 57.149 -30.351
3 0 81.245 57.464 -29.829 83.289 56.058 -27.780 83.077 56.553 -27.360
3 0 83.077 56.553 -27.360 81.112 57.966 -29.386 81.245 57.464 -29.829
3 0 81.112 57.966 -29.386 83.077 56.553 -27.360 83.064 57.170 -27.068
3 0 83.064 57.170 -27.068 81.172 58.577 -29.088 81.112 57.966 -29.386
3 0 81.172 58.577 -29.088 83.064 57.170 -27.068 83.252 57.816 -26.949
3 0 83.252 57.816 -26.949 81.417 59.206 -28.982 81.172 58.577 -29.088
3 0 81.417 59.206 -28.982 83.252 57.816 -26.949 83.612 58.392 -27.020
3 0 83.612 58.392 -27.020 81.810 59.755 -29.082 81.417 59.206 -28.982
3 0 81.810 59.755 -29.082 83.612 58.392 -27.020 84.090 58.810 -27.272
3 0 84.090 58.810 -27.272 82.291 60.142 -29.375 81.810 59.755 -29.082
3 0 82.291 60.142 -29.375 84.090 58.810 -27.272 84.612 59.007 -27.665
3 0 84.612 59.007 -27.665 82.786 60.307 -29.815 82.291 60.142 -29.375
3 0 82.786 60.307 -29.815 84.612 59.007 -27.665 85.100 58.952 -28.140
3 0 85.100 58.952 -28.140 83.221 60.226 -30.335 82.786 60.307 -29.815
3 0 83.221 60.226 -30.335 85.100 58.952 -28.140 85.479 58.655 -28.624
3 0 85.479 58.655 -28.624 83.528 59.910 -30.857 83.221 60.226 -30.335
3 0 83.528 59.910 -30.857 85.479 58.655 -28.624 85.691 58.160 -29.044
3 0 85.691 58.160 -29.044 83.662 59.408 -31.300 83.528 59.910 -30.857
3 0 83.359 56.334 -32.797 83.854 56.499 -33.237 86.279 55.254 -30.904
3 0 86.279 55.254 -30.904 85.756 55.058 -30.511 83.359 56.334 -32.797
3 0 82.924 56.415 -32.276 83.359 56.334 -32.797 85.756 55.058 -30.511
3 0 85.756 55.058 -30.511 85.269 55.112 -30.036 82.924 56.415 -32.276
3 0 82.617 56.731 -31.755 82.924 56.415 -32.276 85.269 55.112 -30.036
3 0 85.269 55.112 -30.036 84.890 55.409 -29.552 82.617 56.731 -31.755
3 0 82.483 57.233 -31.311 82.617 56.731 -31.755 84.890 55.409 -29.552
3 0 84.890 55.409 -29.552 84.678 55.904 -29.132 82.483 57.233 -31.311
3 0 84.158 59.574 -31.740 83.662 59.408 -31.300 85.691 58.160 -29.044
3 0 85.691 58.160 -29.044 86.213 58.357 -29.437 84.158 59.574 -31.740
3 0 84.592 59.492 -32.261 84.158 59.574 -31.740 86.213 58.357 -29.437
3 0 86.213 58.357 -29.437 86.701 58.303 -29.912 84.592 59.492 -32.261
3 0 84.900 59.177 -32.782 84.592 59.492 -32.261 86.701 58.303 -29.912
3 0 86.701 58.303 -29.912 87.080 58.006 -30.396 84.900 59.177 -32.782
3 0 85.033 58.675 -33.226 84.900 59.177 -32.782 87.080 58.006 -30.396
3 0 87.080 58.006 -30.396 87.292 57.511 -30.816 85.033 58.675 -33.226
3 0 84.729 55.601 -34.722 85.225 55.766 -35.162 87.879 54.605 -32.676
3 0 87.879 54.605 -32.676 87.357 54.408 -32.283 84.729 55.601 -34.722
3 0 84.295 55.682 -34.201 84.729 55.601 -34.722 87.357 54.408 -32.283
3 0 87.357 54.408 -32.283 86.869 54.463 -31.808 84.295 55.682 -34.201
3 0 83.987 55.998 -33.680 84.295 55.682 -34.201 86.869 54.463 -31.808
3 0 86.869 54.463 -31.808 86.490 54.760 -31.324 83.987 55.998 -33.680
3 0 83.854 56.499 -33.237 83.987 55.998 -33.680 86.490 54.760 -31.324
3 0 86.490 54.760 -31.324 86.279 55.254 -30.904 83.854 56.499 -33.237
3 0 85.528 58.841 -33.665 85.033 58.675 -33.226 87.292 57.511 -30.816
3 0 87.292 57.511 -30.816 87.813 57.708 -31.209 85.528 58.841 -33.665
3 0 85.963 58.759 -34.185 85.528 58.841 -33.665 87.813 57.708 -31.209
3 0 87.813 57.708 -31.209 88.301 57.654 -31.684 85.963 58.759 -34.185
3 0 86.270 58.444 -34.707 85.963 58.759 -34.185 88.301 57.654 -31.684
3 0 88.301 57.654 -31.684 88.680 57.357 -32.168 86.270 58.444 -34.707
3 0 86.404 57.942 -35.150 86.270 58.444 -34.707 88.680 57.357 -32.168
3 0 88.680 57.357 -32.168 88.892 56.862 -32.588 86.404 57.942 -35.150
3 0 86.404 57.942 -35.150 88.892 56.862 -32.588 89.414 57.059 -32.981
3 0 89.414 57.059 -32.981 86.899 58.107 -35.590 86.404 57.942 -35.150
3 0 86.899 58.107 -35.590 89.414 57.059 -32.981 89.902 57.004 -33.456
3 0 89.902 57.004 -33.456 87.334 58.026 -36.111 86.899 58.107 -35.590
3 0 87.334 58.026 -36.111 89.902 57.004 -33.456 90.281 56.707 -33.940
3 0 90.281 56.707 -33.940 87.641 57.710 -36.633 87.334 58.026 -36.111
3 0 87.641 57.710 -36.633 90.281 56.707 -33.940 90.493 56.212 -34.360
3 0 90.493 56.212 -34.360 87.775 57.209 -37.076 87.641 57.710 -36.633
3 0 87.775 57.209 -37.076 90.493 56.212 -34.360 90.506 55.595 -34.652
3 0 90.506 55.595 -34.652 87.715 56.597 -37.374 87.775 57.209 -37.076
3 0 87.715 56.597 -37.374 90.506 55.595 -34.652 90.318 54.950 -34.771
3 0 90.318 54.950 -34.771 87.469 55.969 -37.480 87.715 56.597 -37.374
3 0 87.469 55.969 -37.480 90.318 54.950 -34.771 89.958 54.374 -34.700
3 0 89.958 54.374 -34.700 87.077 55.420 -37.380 87.469 55.969 -37.480
3 0 87.077 55.420 -37.380 89.958 54.374 -34.700 89.480 53.956 -34.448
3 0 89.480 53.956 -34.448 86.596 55.033 -37.087 87.077 55.420 -37.380
3 0 86.596 55.033 -37.087 89.480 53.956 -34.448 88.957 53.759 -34.055
3 0 88.957 53.759 -34.055 86.101 54.868 -36.647 86.596 55.033 -37.087
3 0 86.101 54.868 -36.647 88.957 53.759 -34.055 88.470 53.813 -33.580
3 0 88.470 53.813 -33.580 85.666 54.949 -36.127 86.101 54.868 -36.647
3 0 85.666 54.949 -36.127 88.470 53.813 -33.580 88.091 54.110 -33.096
3 0 88.091 54.110 -33.096 85.358 55.264 -35.605 85.666 54.949 -36.127
3 0 85.358 55.264 -35.605 88.091 54.110 -33.096 87.879 54.605 -32.676
3 0 87.879 54.605 -32.676 85.225 55.766 -35.162 85.358 55.264 -35.605
3 0 79.894 58.902 -33.453 82.483 57.233 -31.311 81.987 57.067 -30.871
3 0 81.987 57.067 -30.871 79.448 58.746 -32.960 79.894 58.902 -33.453
3 0 79.448 58.746 -32.960 81.987 57.067 -30.871 81.553 57.149 -30.351
3 0 81.553 57.149 -30.351 79.093 58.827 -32.383 79.448 58.746 -32.960
3 0 79.093 58.827 -32.383 81.553 57.149 -30.351 81.245 57.464 -29.829
3 0 81.245 57.464 -29.829 78.882 59.131 -31.809 79.093 58.827 -32.383
3 0 78.882 59.131 -31.809 81.245 57.464 -29.829 81.112 57.966 -29.386
3 0 81.112 57.966 -29.386 78.848 59.613 -31.327 78.882 59.131 -31.809
3 0 78.848 59.613 -31.327 81.112 57.966 -29.386 81.172 58.577 -29.088
3 0 81.172 58.577 -29.088 78.995 60.199 -31.008 78.848 59.613 -31.327
3 0 78.995 60.199 -31.008 81.172 58.577 -29.088 81.417 59.206 -28.982
3 0 81.417 59.206 -28.982 79.302 60.800 -30.903 78.995 60.199 -31.008
3 0 79.302 60.800 -30.903 81.417 59.206 -28.982 81.810 59.755 -29.082
3 0 81.810 59.755 -29.082 79.722 61.324 -31.027 79.302 60.800 -30.903
3 0 79.722 61.324 -31.027 81.810 59.755 -29.082 82.291 60.142 -29.375
3 0 82.291 60.142 -29.375 80.190 61.692 -31.361 79.722 61.324 -31.027
3 0 80.190 61.692 -31.361 82.291 60.142 -29.375 82.786 60.307 -29.815
3 0 82.786 60.307 -29.815 80.636 61.847 -31.854 80.190 61.692 -31.361
3 0 80.636 61.847 -31.854 82.786 60.307 -29.815 83.221 60.226 -30.335
3 0 83.221 60.226 -30.335 80.992 61.767 -32.432 80.636 61.847 -31.854
3 0 80.992 61.767 -32.432 83.221 60.226 -30.335 83.528 59.910 -30.857
3 0 83.528 59.910 -30.857 81.202 61.462 -33.005 80.992 61.767 -32.432
3 0 81.202 61.462 -33.005 83.528 59.910 -30.857 83.662 59.408 -31.300
3 0 83.662 59.408 -31.300 81.237 60.981 -33.488 81.202 61.462 -33.005
3 0 80.495 58.035 -35.087 80.940 58.191 -35.581 83.854 56.499 -33.237
3 0 83.854 56.499 -33.237 83.359 56.334 -32.797 80.495 58.035 -35.087
3 0 80.139 58.116 -34.510 80.495 58.035 -35.087 83.359 56.334 -32.797
3 0 83.359 56.334 -32.797 82.924 56.415 -32.276 80.139 58.116 -34.510
3 0 79.928 58.420 -33.936 80.139 58.116 -34.510 82.924 56.415 -32.276
3 0 82.924 56.415 -32.276 82.617 56.731 -31.755 79.928 58.420 -33.936
3 0 79.894 58.902 -33.453 79.928 58.420 -33.936 82.617 56.731 -31.755
3 0 82.617 56.731 -31.755 82.483 57.233 -31.311 79.894 58.902 -33.453
3 0 81.683 61.136 -33.981 81.237 60.981 -33.488 83.662 59.408 -31.300
3 0 83.662 59.408 -31.300 84.158 59.574 -31.740 81.683 61.136 -33.981
3 0 82.038 61.055 -34.559 81.683 61.136 -33.981 84.158 59.574 -31.740
3 0 84.158 59.574 -31.740 84.592 59.492 -32.261 82.038 61.055 -34.559
3 0 82.249 60.751 -35.132 82.038 61.055 -34.559 84.592 59.492 -32.261
3 0 84.592 59.492 -32.261 84.900 59.177 -32.782 82.249 60.751 -35.132
3 0 82.283 60.269 -35.615 82.249 60.751 -35.132 84.900 59.177 -32.782
3 0 84.900 59.177 -32.782 85.033 58.675 -33.226 82.283 60.269 -35.615
3 0 81.541 57.324 -37.214 81.986 57.480 -37.707 85.225 55.766 -35.162
3 0 85.225 55.766 -35.162 84.729 55.601 -34.722 81.541 57.324 -37.214
3 0 81.185 57.405 -36.636 81.541 57.324 -37.214 84.729 55.601 -34.722
3 0 84.729 55.601 -34.722 84.295 55.682 -34.201 81.185 57.405 -36.636
3 0 80.974 57.709 -36.063 81.185 57.405 -36.636 84.295 55.682 -34.201
3 0 84.295 55.682 -34.201 83.987 55.998 -33.680 80.974 57.709 -36.063
3 0 80.940 58.191 -35.581 80.974 57.709 -36.063 83.987 55.998 -33.680
3 0 83.987 55.998 -33.680 83.854 56.499 -33.237 80.940 58.191 -35.581
3 0 82.729 60.425 -36.108 82.283 60.269 -35.615 85.033 58.675 -33.226
3 0 85.033 58.675 -33.226 85.528 58.841 -33.665 82.729 60.425 -36.108
3 0 83.084 60.344 -36.685 82.729 60.425 -36.108 85.528 58.841 -33.665
3 0 85.528 58.841 -33.665 85.963 58.759 -34.185 83.084 60.344 -36.685
3 0 83.295 60.040 -37.259 83.084 60.344 -36.685 85.963 58.759 -34.185
3 0 85.963 58.759 -34.185 86.270 58.444 -34.707 83.295 60.040 -37.259
3 0 83.329 59.558 -37.741 83.295 60.040 -37.259 86.270 58.444 -34.707
3 0 86.270 58.444 -34.707 86.404 57.942 -35.150 83.329 59.558 -37.741
3 0 83.775 59.714 -38.235 83.329 59.558 -37.741 86.404 57.942 -35.150
3 0 86.404 57.942 -35.150 86.899 58.107 -35.590 83.775 59.714 -38.235
3 0 84.131 59.633 -38.812 83.775 59.714 -38.235 86.899 58.107 -35.590
3 0 86.899 58.107 -35.590 87.334 58.026 -36.111 84.131 59.633 -38.812
3 0 84.342 59.329 -39.386 84.131 59.633 -38.812 87.334 58.026 -36.111
3 0 87.334 58.026 -36.111 87.641 57.710 -36.633 84.342 59.329 -39.386
3 0 84.342 59.329 -39.386 87.641 57.710 -36.633 87.775 57.209 -37.076
3 0 87.775 57.209 -37.076 84.376 58.847 -39.868 84.342 59.329 -39.386
3 0 84.376 58.847 -39.868 87.775 57.209 -37.076 87.715 56.597 -37.374
3 0 87.715 56.597 -37.374 84.228 58.261 -40.187 84.376 58.847 -39.868
3 0 84.228 58.261 -40.187 87.715 56.597 -37.374 87.469 55.969 -37.480
3 0 87.469 55.969 -37.480 83.921 57.661 -40.292 84.228 58.261 -40.187
3 0 83.921 57.661 -40.292 87.469 55.969 -37.480 87.077 55.420 -37.380
3 0 87.077 55.420 -37.380 83.501 57.136 -40.168 83.921 57.661 -40.292
3 0 83.501 57.136 -40.168 87.077 55.420 -37.380 86.596 55.033 -37.087
3 0 86.596 55.033 -37.087 83.033 56.769 -39.834 83.501 57.136 -40.168
3 0 83.033 56.769 -39.834 86.596 55.033 -37.087 86.101 54.868 -36.647
3 0 86.101 54.868 -36.647 82.587 56.613 -39.341 83.033 56.769 -39.834
3 0 82.232 56.694 -38.763 82.587 56.613 -39.341 86.101 54.868 -36.647
3 0 86.101 54.868 -36.647 85.666 54.949 -36.127 82.232 56.694 -38.763
3 0 82.021 56.998 -38.190 82.232 56.694 -38.763 85.666 54.949 -36.127
3 0 85.666 54.949 -36.127 85.358 55.264 -35.605 82.021 56.998 -38.190
3 0 81.986 57.480 -37.707 82.021 56.998 -38.190 85.358 55.264 -35.605
3 0 85.358 55.264 -35.605 85.225 55.766 -35.162 81.986 57.480 -37.707
3 0 76.943 60.636 -34.403 77.304 60.820 -34.953 79.894 58.902 -33.453
3 0 79.894 58.902 -33.453 79.448 58.746 -32.960 76.943 60.636 -34.403
3 0 76.712 60.667 -33.761 76.943 60.636 -34.403 79.448 58.746 -32.960
3 0 79.448 58.746 -32.960 79.093 58.827 -32.383 76.712 60.667 -33.761
3 0 76.712 60.667 -33.761 79.093 58.827 -32.383 78.882 59.131 -31.809
3 0 78.882 59.131 -31.809 76.646 60.906 -33.125 76.712 60.667 -33.761
3 0 76.646 60.906 -33.125 78.882 59.131 -31.809 78.848 59.613 -31.327
3 0 78.848 59.613 -31.327 76.755 61.318 -32.591 76.646 60.906 -33.125
3 0 76.755 61.318 -32.591 78.848 59.613 -31.327 78.995 60.199 -31.008
3 0 78.995 60.199 -31.008 77.023 61.840 -32.242 76.755 61.318 -32.591
3 0 77.408 62.393 -32.129 77.023 61.840 -32.242 78.995 60.199 -31.008
3 0 78.995 60.199 -31.008 79.302 60.800 -30.903 77.408 62.393 -32.129
3 0 77.852 62.892 -32.271 77.408 62.393 -32.129 79.302 60.800 -30.903
3 0 79.302 60.800 -30.903 79.722 61.324 -31.027 77.852 62.892 -32.271
3 0 78.287 63.261 -32.646 77.852 62.892 -32.271 79.722 61.324 -31.027
3 0 79.722 61.324 -31.027 80.190 61.692 -31.361 78.287 63.261 -32.646
3 0 78.648 63.445 -33.195 78.287 63.261 -32.646 80.190 61.692 -31.361
3 0 80.190 61.692 -31.361 80.636 61.847 -31.854 78.648 63.445 -33.195
3 0 78.648 63.445 -33.195 80.636 61.847 -31.854 80.992 61.767 -32.432
3 0 80.992 61.767 -32.432 78.878 63.414 -33.837 78.648 63.445 -33.195
3 0 78.878 63.414 -33.837 80.992 61.767 -32.432 81.202 61.462 -33.005
3 0 81.202 61.462 -33.005 78.944 63.175 -34.473 78.878 63.414 -33.837
3 0 78.944 63.175 -34.473 81.202 61.462 -33.005 81.237 60.981 -33.488
3 0 81.237 60.981 -33.488 78.835 62.763 -35.007 78.944 63.175 -34.473
3 0 80.495 58.035 -35.087 77.491 60.138 -36.764 77.852 60.322 -37.314
3 0 77.852 60.322 -37.314 80.940 58.191 -35.581 80.495 58.035 -35.087
3 0 80.139 58.116 -34.510 77.261 60.169 -36.123 77.491 60.138 -36.764
3 0 77.491 60.138 -36.764 80.495 58.035 -35.087 80.139 58.116 -34.510
3 0 79.928 58.420 -33.936 77.195 60.408 -35.486 77.261 60.169 -36.123
3 0 77.261 60.169 -36.123 80.139 58.116 -34.510 79.928 58.420 -33.936
3 0 79.894 58.902 -33.453 77.304 60.820 -34.953 77.195 60.408 -35.486
3 0 77.195 60.408 -35.486 79.928 58.420 -33.936 79.894 58.902 -33.453
3 0 81.683 61.136 -33.981 79.196 62.947 -35.557 78.835 62.763 -35.007
3 0 78.835 62.763 -35.007 81.237 60.981 -33.488 81.683 61.136 -33.981
3 0 82.038 61.055 -34.559 79.427 62.917 -36.199 79.196 62.947 -35.557
3 0 79.196 62.947 -35.557 81.683 61.136 -33.981 82.038 61.055 -34.559
3 0 82.249 60.751 -35.132 79.493 62.677 -36.835 79.427 62.917 -36.199
3 0 79.427 62.917 -36.199 82.038 61.055 -34.559 82.249 60.751 -35.132
3 0 82.283 60.269 -35.615 79.384 62.265 -37.368 79.493 62.677 -36.835
3 0 79.493 62.677 -36.835 82.249 60.751 -35.132 82.283 60.269 -35.615
3 0 81.541 57.324 -37.214 78.039 59.641 -39.125 78.400 59.824 -39.675
3 0 78.400 59.824 -39.675 81.986 57.480 -37.707 81.541 57.324 -37.214
3 0 81.185 57.405 -36.636 77.809 59.671 -38.483 78.039 59.641 -39.125
3 0 78.039 59.641 -39.125 81.541 57.324 -37.214 81.185 57.405 -36.636
3 0 80.974 57.709 -36.063 77.743 59.910 -37.847 77.809 59.671 -38.483
3 0 77.809 59.671 -38.483 81.185 57.405 -36.636 80.974 57.709 -36.063
3 0 80.940 58.191 -35.581 77.852 60.322 -37.314 77.743 59.910 -37.847
3 0 77.743 59.910 -37.847 80.974 57.709 -36.063 80.940 58.191 -35.581
3 0 82.729 60.425 -36.108 79.744 62.449 -37.918 79.384 62.265 -37.368
3 0 79.384 62.265 -37.368 82.283 60.269 -35.615 82.729 60.425 -36.108
3 0 83.084 60.344 -36.685 79.975 62.419 -38.560 79.744 62.449 -37.918
3 0 79.744 62.449 -37.918 82.729 60.425 -36.108 83.084 60.344 -36.685
3 0 83.295 60.040 -37.259 80.041 62.180 -39.196 79.975 62.419 -38.560
3 0 79.975 62.419 -38.560 83.084 60.344 -36.685 83.295 60.040 -37.259
3 0 83.329 59.558 -37.741 79.932 61.768 -39.729 80.041 62.180 -39.196
3 0 80.041 62.180 -39.196 83.295 60.040 -37.259 83.329 59.558 -37.741
3 0 80.292 61.951 -40.279 79.932 61.768 -39.729 83.329 59.558 -37.741
3 0 83.329 59.558 -37.741 83.775 59.714 -38.235 80.292 61.951 -40.279
3 0 80.523 61.921 -40.921 80.292 61.951 -40.279 83.775 59.714 -38.235
3 0 83.775 59.714 -38.235 84.131 59.633 -38.812 80.523 61.921 -40.921
3 0 80.589 61.682 -41.557 80.523 61.921 -40.921 84.131 59.633 -38.812
3 0 84.131 59.633 -38.812 84.342 59.329 -39.386 80.589 61.682 -41.557
3 0 80.480 61.270 -42.091 80.589 61.682 -41.557 84.342 59.329 -39.386
3 0 84.342 59.329 -39.386 84.376 58.847 -39.868 80.480 61.270 -42.091
3 0 80.213 60.748 -42.440 80.480 61.270 -42.091 84.376 58.847 -39.868
3 0 84.376 58.847 -39.868 84.228 58.261 -40.187 80.213 60.748 -42.440
3 0 79.828 60.195 -42.553 80.213 60.748 -42.440 84.228 58.261 -40.187
3 0 84.228 58.261 -40.187 83.921 57.661 -40.292 79.828 60.195 -42.553
3 0 79.384 59.696 -42.411 79.828 60.195 -42.553 83.921 57.661 -40.292
3 0 83.921 57.661 -40.292 83.501 57.136 -40.168 79.384 59.696 -42.411
3 0 78.948 59.327 -42.037 79.384 59.696 -42.411 83.501 57.136 -40.168
3 0 83.501 57.136 -40.168 83.033 56.769 -39.834 78.948 59.327 -42.037
3 0 78.588 59.143 -41.487 78.948 59.327 -42.037 83.033 56.769 -39.834
3 0 83.033 56.769 -39.834 82.587 56.613 -39.341 78.588 59.143 -41.487
3 0 78.357 59.173 -40.845 78.588 59.143 -41.487 82.587 56.613 -39.341
3 0 82.587 56.613 -39.341 82.232 56.694 -38.763 78.357 59.173 -40.845
3 0 78.291 59.412 -40.209 78.357 59.173 -40.845 82.232 56.694 -38.763
3 0 82.232 56.694 -38.763 82.021 56.998 -38.190 78.291 59.412 -40.209
3 0 78.400 59.824 -39.675 78.291 59.412 -40.209 82.021 56.998 -38.190
3 0 82.021 56.998 -38.190 81.986 57.480 -37.707 78.400 59.824 -39.675
3 0 74.631 62.755 -34.883 74.871 63.023 -35.463 77.304 60.820 -34.953
3 0 77.304 60.820 -34.953 76.943 60.636 -34.403 74.631 62.755 -34.883
3 0 74.570 62.660 -34.210 74.631 62.755 -34.883 76.943 60.636 -34.403
3 0 76.943 60.636 -34.403 76.712 60.667 -33.761 74.570 62.660 -34.210
3 0 74.699 62.753 -33.545 74.570 62.660 -34.210 76.712 60.667 -33.761
3 0 76.712 60.667 -33.761 76.646 60.906 -33.125 74.699 62.753 -33.545
3 0 74.996 63.019 -32.992 74.699 62.753 -33.545 76.646 60.906 -33.125
3 0 76.646 60.906 -33.125 76.755 61.318 -32.591 74.996 63.019 -32.992
3 0 75.418 63.419 -32.633 74.996 63.019 -32.992 76.755 61.318 -32.591
3 0 76.755 61.318 -32.591 77.023 61.840 -32.242 75.418 63.419 -32.633
3 0 75.899 63.890 -32.523 75.418 63.419 -32.633 77.023 61.840 -32.242
3 0 77.023 61.840 -32.242 77.408 62.393 -32.129 75.899 63.890 -32.523
3 0 76.367 64.362 -32.679 75.899 63.890 -32.523 77.408 62.393 -32.129
3 0 77.408 62.393 -32.129 77.852 62.892 -32.271 76.367 64.362 -32.679
3 0 76.751 64.763 -33.078 76.367 64.362 -32.679 77.852 62.892 -32.271
3 0 77.852 62.892 -32.271 78.287 63.261 -32.646 76.751 64.763 -33.078
3 0 76.991 65.031 -33.658 76.751 64.763 -33.078 78.287 63.261 -32.646
3 0 78.287 63.261 -32.646 78.648 63.445 -33.195 76.991 65.031 -33.658
3 0 77.052 65.125 -34.332 76.991 65.031 -33.658 78.648 63.445 -33.195
3 0 78.648 63.445 -33.195 78.878 63.414 -33.837 77.052 65.125 -34.332
3 0 76.924 65.032 -34.996 77.052 65.125 -34.332 78.878 63.414 -33.837
3 0 78.878 63.414 -33.837 78.944 63.175 -34.473 76.924 65.032 -34.996
3 0 76.626 64.766 -35.550 76.924 65.032 -34.996 78.944 63.175 -34.473
3 0 78.944 63.175 -34.473 78.835 62.763 -35.007 76.626 64.766 -35.550
3 0 77.491 60.138 -36.764 74.506 62.758 -37.355 74.746 63.026 -37.935
3 0 74.746 63.026 -37.935 77.852 60.322 -37.314 77.491 60.138 -36.764
3 0 77.261 60.169 -36.123 74.446 62.663 -36.681 74.506 62.758 -37.355
3 0 74.506 62.758 -37.355 77.491 60.138 -36.764 77.261 60.169 -36.123
3 0 77.195 60.408 -35.486 74.574 62.756 -36.017 74.446 62.663 -36.681
3 0 74.446 62.663 -36.681 77.261 60.169 -36.123 77.195 60.408 -35.486
3 0 77.304 60.820 -34.953 74.871 63.023 -35.463 74.574 62.756 -36.017
3 0 74.574 62.756 -36.017 77.195 60.408 -35.486 77.304 60.820 -34.953
3 0 79.196 62.947 -35.557 76.866 65.034 -36.130 76.626 64.766 -35.550
3 0 76.626 64.766 -35.550 78.835 62.763 -35.007 79.196 62.947 -35.557
3 0 79.427 62.917 -36.199 76.927 65.128 -36.804 76.866 65.034 -36.130
3 0 76.866 65.034 -36.130 79.196 62.947 -35.557 79.427 62.917 -36.199
3 0 79.493 62.677 -36.835 76.799 65.035 -37.468 76.927 65.128 -36.804
3 0 76.927 65.128 -36.804 79.427 62.917 -36.199 79.493 62.677 -36.835
3 0 79.384 62.265 -37.368 76.501 64.769 -38.022 76.799 65.035 -37.468
3 0 76.799 65.035 -37.468 79.493 62.677 -36.835 79.384 62.265 -37.368
3 0 78.039 59.641 -39.125 74.381 62.761 -39.826 74.622 63.029 -40.406
3 0 74.622 63.029 -40.406 78.400 59.824 -39.675 78.039 59.641 -39.125
3 0 77.809 59.671 -38.483 74.321 62.666 -39.152 74.381 62.761 -39.826
3 0 74.381 62.761 -39.826 78.039 59.641 -39.125 77.809 59.671 -38.483
3 0 77.743 59.910 -37.847 74.449 62.759 -38.488 74.321 62.666 -39.152
3 0 74.321 62.666 -39.152 77.809 59.671 -38.483 77.743 59.910 -37.847
3 0 77.852 60.322 -37.314 74.746 63.026 -37.935 74.449 62.759 -38.488
3 0 74.449 62.759 -38.488 77.743 59.910 -37.847 77.852 60.322 -37.314
3 0 79.744 62.449 -37.918 76.741 65.037 -38.601 76.501 64.769 -38.022
3 0 76.501 64.769 -38.022 79.384 62.265 -37.368 79.744 62.449 -37.918
3 0 79.975 62.419 -38.560 76.802 65.131 -39.274 76.741 65.037 -38.601
3 0 76.741 65.037 -38.601 79.744 62.449 -37.918 79.975 62.419 -38.560
3 0 80.041 62.180 -39.196 76.674 65.038 -39.939 76.802 65.131 -39.274
3 0 76.802 65.131 -39.274 79.975 62.419 -38.560 80.041 62.180 -39.196
3 0 79.932 61.768 -39.729 76.376 64.772 -40.492 76.674 65.038 -39.939
3 0 76.674 65.038 -39.939 80.041 62.180 -39.196 79.932 61.768 -39.729
3 0 76.617 65.040 -41.073 76.376 64.772 -40.492 79.932 61.768 -39.729
3 0 79.932 61.768 -39.729 80.292 61.951 -40.279 76.617 65.040 -41.073
3 0 76.677 65.135 -41.746 76.617 65.040 -41.073 80.292 61.951 -40.279
3 0 80.292 61.951 -40.279 80.523 61.921 -40.921 76.677 65.135 -41.746
3 0 76.549 65.042 -42.410 76.677 65.135 -41.746 80.523 61.921 -40.921
3 0 80.523 61.921 -40.921 80.589 61.682 -41.557 76.549 65.042 -42.410
3 0 76.251 64.775 -42.964 76.549 65.042 -42.410 80.589 61.682 -41.557
3 0 80.589 61.682 -41.557 80.480 61.270 -42.091 76.251 64.775 -42.964
3 0 75.830 64.376 -43.323 76.251 64.775 -42.964 80.480 61.270 -42.091
3 0 80.480 61.270 -42.091 80.213 60.748 -42.440 75.830 64.376 -43.323
3 0 75.348 63.904 -43.433 75.830 64.376 -43.323 80.213 60.748 -42.440
3 0 80.213 60.748 -42.440 79.828 60.195 -42.553 75.348 63.904 -43.433
3 0 74.880 63.432 -43.277 75.348 63.904 -43.433 79.828 60.195 -42.553
3 0 79.828 60.195 -42.553 79.384 59.696 -42.411 74.880 63.432 -43.277
3 0 74.497 63.032 -42.878 74.880 63.432 -43.277 79.384 59.696 -42.411
3 0 79.384 59.696 -42.411 78.948 59.327 -42.037 74.497 63.032 -42.878
3 0 74.256 62.764 -42.298 74.497 63.032 -42.878 78.948 59.327 -42.037
3 0 78.948 59.327 -42.037 78.588 59.143 -41.487 74.256 62.764 -42.298
3 0 74.196 62.669 -41.624 74.256 62.764 -42.298 78.588 59.143 -41.487
3 0 78.588 59.143 -41.487 78.357 59.173 -40.845 74.196 62.669 -41.624
3 0 74.324 62.762 -40.960 74.196 62.669 -41.624 78.357 59.173 -40.845
3 0 78.357 59.173 -40.845 78.291 59.412 -40.209 74.324 62.762 -40.960
3 0 74.622 63.029 -40.406 74.324 62.762 -40.960 78.291 59.412 -40.209
3 0 78.291 59.412 -40.209 78.400 59.824 -39.675 74.622 63.029 -40.406
3 0 72.560 65.288 -34.049 72.721 65.631 -34.617 74.871 63.023 -35.463
3 0 74.871 63.023 -35.463 74.631 62.755 -34.883 72.560 65.288 -34.049
3 0 72.618 65.073 -33.403 72.560 65.288 -34.049 74.631 62.755 -34.883
3 0 74.631 62.755 -34.883 74.570 62.660 -34.210 72.618 65.073 -33.403
3 0 72.886 65.021 -32.778 72.618 65.073 -33.403 74.570 62.660 -34.210
3 0 74.570 62.660 -34.210 74.699 62.753 -33.545 72.886 65.021 -32.778
3 0 73.325 65.138 -32.268 72.886 65.021 -32.778 74.699 62.753 -33.545
3 0 74.699 62.753 -33.545 74.996 63.019 -32.992 73.325 65.138 -32.268
3 0 73.866 65.407 -31.950 73.325 65.138 -32.268 74.996 63.019 -32.992
3 0 74.996 63.019 -32.992 75.418 63.419 -32.633 73.866 65.407 -31.950
3 0 74.428 65.787 -31.875 73.866 65.407 -31.950 75.418 63.419 -32.633
3 0 75.418 63.419 -32.633 75.899 63.890 -32.523 74.428 65.787 -31.875
3 0 74.926 66.220 -32.052 74.428 65.787 -31.875 75.899 63.890 -32.523
3 0 75.899 63.890 -32.523 76.367 64.362 -32.679 74.926 66.220 -32.052
3 0 75.282 66.641 -32.455 74.926 66.220 -32.052 76.367 64.362 -32.679
3 0 76.367 64.362 -32.679 76.751 64.763 -33.078 75.282 66.641 -32.455
3 0 75.444 66.984 -33.023 75.282 66.641 -32.455 76.751 64.763 -33.078
3 0 76.751 64.763 -33.078 76.991 65.031 -33.658 75.444 66.984 -33.023
3 0 75.386 67.198 -33.668 75.444 66.984 -33.023 76.991 65.031 -33.658
3 0 76.991 65.031 -33.658 77.052 65.125 -34.332 75.386 67.198 -33.668
3 0 75.117 67.251 -34.294 75.386 67.198 -33.668 77.052 65.125 -34.332
3 0 77.052 65.125 -34.332 76.924 65.032 -34.996 75.117 67.251 -34.294
3 0 74.679 67.134 -34.804 75.117 67.251 -34.294 76.924 65.032 -34.996
3 0 76.924 65.032 -34.996 76.626 64.766 -35.550 74.679 67.134 -34.804
3 0 74.506 62.758 -37.355 71.956 65.781 -36.398 72.118 66.124 -36.966
3 0 72.118 66.124 -36.966 74.746 63.026 -37.935 74.506 62.758 -37.355
3 0 74.446 62.663 -36.681 72.014 65.566 -35.752 71.956 65.781 -36.398
3 0 71.956 65.781 -36.398 74.506 62.758 -37.355 74.446 62.663 -36.681
3 0 74.574 62.756 -36.017 72.283 65.514 -35.127 72.014 65.566 -35.752
3 0 72.014 65.566 -35.752 74.446 62.663 -36.681 74.574 62.756 -36.017
3 0 74.871 63.023 -35.463 72.721 65.631 -34.617 72.283 65.514 -35.127
3 0 72.283 65.514 -35.127 74.574 62.756 -36.017 74.871 63.023 -35.463
3 0 76.866 65.034 -36.130 74.841 67.477 -35.372 74.679 67.134 -34.804
3 0 74.679 67.134 -34.804 76.626 64.766 -35.550 76.866 65.034 -36.130
3 0 76.927 65.128 -36.804 74.783 67.691 -36.017 74.841 67.477 -35.372
3 0 74.841 67.477 -35.372 76.866 65.034 -36.130 76.927 65.128 -36.804
3 0 76.799 65.035 -37.468 74.514 67.744 -36.643 74.783 67.691 -36.017
3 0 74.783 67.691 -36.017 76.927 65.128 -36.804 76.799 65.035 -37.468
3 0 76.501 64.769 -38.022 74.076 67.627 -37.153 74.514 67.744 -36.643
3 0 74.514 67.744 -36.643 76.799 65.035 -37.468 76.501 64.769 -38.022
3 0 74.381 62.761 -39.826 71.353 66.273 -38.746 71.515 66.617 -39.314
3 0 71.515 66.617 -39.314 74.622 63.029 -40.406 74.381 62.761 -39.826
3 0 74.321 62.666 -39.152 71.411 66.059 -38.101 71.353 66.273 -38.746
3 0 71.353 66.273 -38.746 74.381 62.761 -39.826 74.321 62.666 -39.152
3 0 74.449 62.759 -38.488 71.680 66.007 -37.475 71.411 66.059 -38.101
3 0 71.411 66.059 -38.101 74.321 62.666 -39.152 74.449 62.759 -38.488
3 0 74.746 63.026 -37.935 72.118 66.124 -36.966 71.680 66.007 -37.475
3 0 71.680 66.007 -37.475 74.449 62.759 -38.488 74.746 63.026 -37.935
3 0 76.741 65.037 -38.601 74.238 67.970 -37.720 74.076 67.627 -37.153
3 0 74.076 67.627 -37.153 76.501 64.769 -38.022 76.741 65.037 -38.601
3 0 76.802 65.131 -39.274 74.180 68.184 -38.366 74.238 67.970 -37.720
3 0 74.238 67.970 -37.720 76.741 65.037 -38.601 76.802 65.131 -39.274
3 0 76.674 65.038 -39.939 73.911 68.237 -38.991 74.180 68.184 -38.366
3 0 74.180 68.184 -38.366 76.802 65.131 -39.274 76.674 65.038 -39.939
3 0 76.376 64.772 -40.492 73.473 68.119 -39.501 73.911 68.237 -38.991
3 0 73.911 68.237 -38.991 76.674 65.038 -39.939 76.376 64.772 -40.492
3 0 73.634 68.463 -40.069 73.473 68.119 -39.501 76.376 64.772 -40.492
3 0 76.376 64.772 -40.492 76.617 65.040 -41.073 73.634 68.463 -40.069
3 0 73.576 68.677 -40.715 73.634 68.463 -40.069 76.617 65.040 -41.073
3 0 76.617 65.040 -41.073 76.677 65.135 -41.746 73.576 68.677 -40.715
3 0 73.308 68.729 -41.340 73.576 68.677 -40.715 76.677 65.135 -41.746
3 0 76.677 65.135 -41.746 76.549 65.042 -42.410 73.308 68.729 -41.340
3 0 72.869 68.612 -41.851 73.308 68.729 -41.340 76.549 65.042 -42.410
3 0 76.549 65.042 -42.410 76.251 64.775 -42.964 72.869 68.612 -41.851
3 0 72.328 68.343 -42.168 72.869 68.612 -41.851 76.251 64.775 -42.964
3 0 76.251 64.775 -42.964 75.830 64.376 -43.323 72.328 68.343 -42.168
3 0 71.766 67.963 -42.243 72.328 68.343 -42.168 75.830 64.376 -43.323
3 0 75.830 64.376 -43.323 75.348 63.904 -43.433 71.766 67.963 -42.243
3 0 71.269 67.530 -42.066 71.766 67.963 -42.243 75.348 63.904 -43.433
3 0 75.348 63.904 -43.433 74.880 63.432 -43.277 71.269 67.530 -42.066
3 0 70.912 67.110 -41.663 71.269 67.530 -42.066 74.880 63.432 -43.277
3 0 74.880 63.432 -43.277 74.497 63.032 -42.878 70.912 67.110 -41.663
3 0 70.750 66.766 -41.096 70.912 67.110 -41.663 74.497 63.032 -42.878
3 0 74.497 63.032 -42.878 74.256 62.764 -42.298 70.750 66.766 -41.096
3 0 70.808 66.552 -40.450 70.750 66.766 -41.096 74.256 62.764 -42.298
3 0 74.256 62.764 -42.298 74.196 62.669 -41.624 70.808 66.552 -40.450
3 0 71.077 66.500 -39.824 70.808 66.552 -40.450 74.196 62.669 -41.624
3 0 74.196 62.669 -41.624 74.324 62.762 -40.960 71.077 66.500 -39.824
3 0 71.515 66.617 -39.314 71.077 66.500 -39.824 74.324 62.762 -40.960
3 0 74.324 62.762 -40.960 74.622 63.029 -40.406 71.515 66.617 -39.314
3 0 70.621 68.588 -32.457 70.783 68.901 -33.042 72.721 65.631 -34.617
3 0 72.721 65.631 -34.617 72.560 65.288 -34.049 70.621 68.588 -32.457
3 0 70.698 68.375 -31.813 70.621 68.588 -32.457 72.560 65.288 -34.049
3 0 72.560 65.288 -34.049 72.618 65.073 -33.403 70.698 68.375 -31.813
3 0 71.003 68.295 -31.208 70.698 68.375 -31.813 72.618 65.073 -33.403
3 0 72.618 65.073 -33.403 72.886 65.021 -32.778 71.003 68.295 -31.208
3 0 71.490 68.360 -30.733 71.003 68.295 -31.208 72.886 65.021 -32.778
3 0 72.886 65.021 -32.778 73.325 65.138 -32.268 71.490 68.360 -30.733
3 0 72.084 68.560 -30.462 71.490 68.360 -30.733 73.325 65.138 -32.268
3 0 73.325 65.138 -32.268 73.866 65.407 -31.950 72.084 68.560 -30.462
3 0 72.695 68.864 -30.435 72.084 68.560 -30.462 73.866 65.407 -31.950
3 0 73.866 65.407 -31.950 74.428 65.787 -31.875 72.695 68.864 -30.435
3 0 73.229 69.226 -30.656 72.695 68.864 -30.435 74.428 65.787 -31.875
3 0 74.428 65.787 -31.875 74.926 66.220 -32.052 73.229 69.226 -30.656
3 0 73.606 69.592 -31.093 73.229 69.226 -30.656 74.926 66.220 -32.052
3 0 74.926 66.220 -32.052 75.282 66.641 -32.455 73.606 69.592 -31.093
3 0 73.768 69.905 -31.678 73.606 69.592 -31.093 75.282 66.641 -32.455
3 0 75.282 66.641 -32.455 75.444 66.984 -33.023 73.768 69.905 -31.678
3 0 73.691 70.118 -32.322 73.768 69.905 -31.678 75.444 66.984 -33.023
3 0 75.444 66.984 -33.023 75.386 67.198 -33.668 73.691 70.118 -32.322
3 0 73.386 70.198 -32.927 73.691 70.118 -32.322 75.386 67.198 -33.668
3 0 75.386 67.198 -33.668 75.117 67.251 -34.294 73.386 70.198 -32.927
3 0 72.899 70.133 -33.402 73.386 70.198 -32.927 75.117 67.251 -34.294
3 0 75.117 67.251 -34.294 74.679 67.134 -34.804 72.899 70.133 -33.402
3 0 71.956 65.781 -36.398 69.913 69.129 -34.767 70.075 69.442 -35.352
3 0 70.075 69.442 -35.352 72.118 66.124 -36.966 71.956 65.781 -36.398
3 0 72.014 65.566 -35.752 69.991 68.917 -34.123 69.913 69.129 -34.767
3 0 69.913 69.129 -34.767 71.956 65.781 -36.398 72.014 65.566 -35.752
3 0 72.283 65.514 -35.127 70.296 68.836 -33.517 69.991 68.917 -34.123
3 0 69.991 68.917 -34.123 72.014 65.566 -35.752 72.283 65.514 -35.127
3 0 72.721 65.631 -34.617 70.783 68.901 -33.042 70.296 68.836 -33.517
3 0 70.296 68.836 -33.517 72.283 65.514 -35.127 72.721 65.631 -34.617
3 0 74.841 67.477 -35.372 73.061 70.446 -33.987 72.899 70.133 -33.402
3 0 72.899 70.133 -33.402 74.679 67.134 -34.804 74.841 67.477 -35.372
3 0 74.783 67.691 -36.017 72.983 70.659 -34.631 73.061 70.446 -33.987
3 0 73.061 70.446 -33.987 74.841 67.477 -35.372 74.783 67.691 -36.017
3 0 74.514 67.744 -36.643 72.678 70.739 -35.237 72.983 70.659 -34.631
3 0 72.983 70.659 -34.631 74.783 67.691 -36.017 74.514 67.744 -36.643
3 0 74.076 67.627 -37.153 72.191 70.674 -35.711 72.678 70.739 -35.237
3 0 72.678 70.739 -35.237 74.514 67.744 -36.643 74.076 67.627 -37.153
3 0 71.353 66.273 -38.746 69.206 69.670 -37.075 69.368 69.983 -37.660
3 0 69.368 69.983 -37.660 71.515 66.617 -39.314 71.353 66.273 -38.746
3 0 71.411 66.059 -38.101 69.284 69.457 -36.431 69.206 69.670 -37.075
3 0 69.206 69.670 -37.075 71.353 66.273 -38.746 71.411 66.059 -38.101
3 0 71.680 66.007 -37.475 69.589 69.377 -35.825 69.284 69.457 -36.431
3 0 69.284 69.457 -36.431 71.411 66.059 -38.101 71.680 66.007 -37.475
3 0 72.118 66.124 -36.966 70.075 69.442 -35.352 69.589 69.377 -35.825
3 0 69.589 69.377 -35.825 71.680 66.007 -37.475 72.118 66.124 -36.966
3 0 74.238 67.970 -37.720 72.354 70.987 -36.295 72.191 70.674 -35.711
3 0 72.191 70.674 -35.711 74.076 67.627 -37.153 74.238 67.970 -37.720
3 0 74.180 68.184 -38.366 72.276 71.199 -36.939 72.354 70.987 -36.295
3 0 72.354 70.987 -36.295 74.238 67.970 -37.720 74.180 68.184 -38.366
3 0 73.911 68.237 -38.991 71.971 71.279 -37.545 72.276 71.199 -36.939
3 0 72.276 71.199 -36.939 74.180 68.184 -38.366 73.911 68.237 -38.991
3 0 73.473 68.119 -39.501 71.484 71.215 -38.019 71.971 71.279 -37.545
3 0 71.971 71.279 -37.545 73.911 68.237 -38.991 73.473 68.119 -39.501
3 0 71.646 71.528 -38.604 71.484 71.215 -38.019 73.473 68.119 -39.501
3 0 73.473 68.119 -39.501 73.634 68.463 -40.069 71.646 71.528 -38.604
3 0 71.569 71.740 -39.249 71.646 71.528 -38.604 73.634 68.463 -40.069
3 0 73.634 68.463 -40.069 73.576 68.677 -40.715 71.569 71.740 -39.249
3 0 71.263 71.821 -39.854 71.569 71.740 -39.249 73.576 68.677 -40.715
3 0 73.576 68.677 -40.715 73.308 68.729 -41.340 71.263 71.821 -39.854
3 0 70.777 71.756 -40.329 71.263 71.821 -39.854 73.308 68.729 -41.340
3 0 73.308 68.729 -41.340 72.869 68.612 -41.851 70.777 71.756 -40.329
3 0 70.183 71.556 -40.600 70.777 71.756 -40.329 72.869 68.612 -41.851
3 0 72.869 68.612 -41.851 72.328 68.343 -42.168 70.183 71.556 -40.600
3 0 69.572 71.252 -40.627 70.183 71.556 -40.600 72.328 68.343 -42.168
3 0 72.328 68.343 -42.168 71.766 67.963 -42.243 69.572 71.252 -40.627
3 0 69.038 70.889 -40.405 69.572 71.252 -40.627 71.766 67.963 -42.243
3 0 71.766 67.963 -42.243 71.269 67.530 -42.066 69.038 70.889 -40.405
3 0 68.661 70.524 -39.969 69.038 70.889 -40.405 71.269 67.530 -42.066
3 0 71.269 67.530 -42.066 70.912 67.110 -41.663 68.661 70.524 -39.969
3 0 68.499 70.211 -39.384 68.661 70.524 -39.969 70.912 67.110 -41.663
3 0 70.912 67.110 -41.663 70.750 66.766 -41.096 68.499 70.211 -39.384
3 0 68.576 69.998 -38.740 68.499 70.211 -39.384 70.750 66.766 -41.096
3 0 70.750 66.766 -41.096 70.808 66.552 -40.450 68.576 69.998 -38.740
3 0 68.881 69.918 -38.135 68.576 69.998 -38.740 70.808 66.552 -40.450
3 0 70.808 66.552 -40.450 71.077 66.500 -39.824 68.881 69.918 -38.135
3 0 69.368 69.983 -37.660 68.881 69.918 -38.135 71.077 66.500 -39.824
3 0 71.077 66.500 -39.824 71.515 66.617 -39.314 69.368 69.983 -37.660
3 0 69.000 72.675 -31.161 69.186 72.879 -31.786 70.783 68.901 -33.042
3 0 70.783 68.901 -33.042 70.621 68.588 -32.457 69.000 72.675 -31.161
3 0 69.069 72.542 -30.495 69.000 72.675 -31.161 70.621 68.588 -32.457
3 0 70.621 68.588 -32.457 70.698 68.375 -31.813 69.069 72.542 -30.495
3 0 69.380 72.500 -29.889 69.069 72.542 -30.495 70.698 68.375 -31.813
3 0 70.698 68.375 -31.813 71.003 68.295 -31.208 69.380 72.500 -29.889
3 0 69.887 72.556 -29.435 69.380 72.500 -29.889 71.003 68.295 -31.208
3 0 71.003 68.295 -31.208 71.490 68.360 -30.733 69.887 72.556 -29.435
3 0 70.513 72.701 -29.202 69.887 72.556 -29.435 71.490 68.360 -30.733
3 0 71.490 68.360 -30.733 72.084 68.560 -30.462 70.513 72.701 -29.202
3 0 71.161 72.913 -29.226 70.513 72.701 -29.202 72.084 68.560 -30.462
3 0 72.084 68.560 -30.462 72.695 68.864 -30.435 71.161 72.913 -29.226
3 0 71.734 73.160 -29.503 71.161 72.913 -29.226 72.695 68.864 -30.435
3 0 72.695 68.864 -30.435 73.229 69.226 -30.656 71.734 73.160 -29.503
3 0 72.144 73.404 -29.992 71.734 73.160 -29.503 73.229 69.226 -30.656
3 0 73.229 69.226 -30.656 73.606 69.592 -31.093 72.144 73.404 -29.992
3 0 72.329 73.608 -30.616 72.144 73.404 -29.992 73.606 69.592 -31.093
3 0 73.606 69.592 -31.093 73.768 69.905 -31.678 72.329 73.608 -30.616
3 0 72.261 73.742 -31.282 72.329 73.608 -30.616 73.768 69.905 -31.678
3 0 73.768 69.905 -31.678 73.691 70.118 -32.322 72.261 73.742 -31.282
3 0 71.950 73.784 -31.889 72.261 73.742 -31.282 73.691 70.118 -32.322
3 0 73.691 70.118 -32.322 73.386 70.198 -32.927 71.950 73.784 -31.889
3 0 71.443 73.728 -32.343 71.950 73.784 -31.889 73.386 70.198 -32.927
3 0 73.386 70.198 -32.927 72.899 70.133 -33.402 71.443 73.728 -32.343
3 0 69.913 69.129 -34.767 68.299 72.999 -33.512 68.484 73.203 -34.137
3 0 68.484 73.203 -34.137 70.075 69.442 -35.352 69.913 69.129 -34.767
3 0 69.991 68.917 -34.123 68.367 72.865 -32.846 68.299 72.999 -33.512
3 0 68.299 72.999 -33.512 69.913 69.129 -34.767 69.991 68.917 -34.123
3 0 70.296 68.836 -33.517 68.678 72.823 -32.240 68.367 72.865 -32.846
3 0 68.367 72.865 -32.846 69.991 68.917 -34.123 70.296 68.836 -33.517
3 0 70.783 68.901 -33.042 69.186 72.879 -31.786 68.678 72.823 -32.240
3 0 68.678 72.823 -32.240 70.296 68.836 -33.517 70.783 68.901 -33.042
3 0 73.061 70.446 -33.987 71.628 73.932 -32.968 71.443 73.728 -32.343
3 0 71.443 73.728 -32.343 72.899 70.133 -33.402 73.061 70.446 -33.987
3 0 72.983 70.659 -34.631 71.559 74.065 -33.634 71.628 73.932 -32.968
3 0 71.628 73.932 -32.968 73.061 70.446 -33.987 72.983 70.659 -34.631
3 0 72.678 70.739 -35.237 71.248 74.107 -34.240 71.559 74.065 -33.634
3 0 71.559 74.065 -33.634 72.983 70.659 -34.631 72.678 70.739 -35.237
3 0 72.191 70.674 -35.711 70.741 74.051 -34.694 71.248 74.107 -34.240
3 0 71.248 74.107 -34.240 72.678 70.739 -35.237 72.191 70.674 -35.711
3 0 69.206 69.670 -37.075 67.597 73.322 -35.863 67.782 73.526 -36.487
3 0 67.782 73.526 -36.487 69.368 69.983 -37.660 69.206 69.670 -37.075
3 0 69.284 69.457 -36.431 67.666 73.189 -35.197 67.597 73.322 -35.863
3 0 67.597 73.322 -35.863 69.206 69.670 -37.075 69.284 69.457 -36.431
3 0 69.589 69.377 -35.825 67.977 73.147 -34.590 67.666 73.189 -35.197
3 0 67.666 73.189 -35.197 69.284 69.457 -36.431 69.589 69.377 -35.825
3 0 70.075 69.442 -35.352 68.484 73.203 -34.137 67.977 73.147 -34.590
3 0 67.977 73.147 -34.590 69.589 69.377 -35.825 70.075 69.442 -35.352
3 0 72.354 70.987 -36.295 70.926 74.256 -35.318 70.741 74.051 -34.694
3 0 70.741 74.051 -34.694 72.191 70.674 -35.711 72.354 70.987 -36.295
3 0 72.276 71.199 -36.939 70.858 74.389 -35.984 70.926 74.256 -35.318
3 0 70.926 74.256 -35.318 72.354 70.987 -36.295 72.276 71.199 -36.939
3 0 71.971 71.279 -37.545 70.546 74.431 -36.590 70.858 74.389 -35.984
3 0 70.858 74.389 -35.984 72.276 71.199 -36.939 71.971 71.279 -37.545
3 0 71.484 71.215 -38.019 70.039 74.375 -37.044 70.546 74.431 -36.590
3 0 70.546 74.431 -36.590 71.971 71.279 -37.545 71.484 71.215 -38.019
3 0 70.224 74.579 -37.669 70.039 74.375 -37.044 71.484 71.215 -38.019
3 0 71.484 71.215 -38.019 71.646 71.528 -38.604 70.224 74.579 -37.669
3 0 70.156 74.712 -38.335 70.224 74.579 -37.669 71.646 71.528 -38.604
3 0 71.646 71.528 -38.604 71.569 71.740 -39.249 70.156 74.712 -38.335
3 0 69.845 74.754 -38.942 70.156 74.712 -38.335 71.569 71.740 -39.249
3 0 71.569 71.740 -39.249 71.263 71.821 -39.854 69.845 74.754 -38.942
3 0 69.338 74.698 -39.396 69.845 74.754 -38.942 71.263 71.821 -39.854
3 0 71.263 71.821 -39.854 70.777 71.756 -40.329 69.338 74.698 -39.396
3 0 68.712 74.553 -39.628 69.338 74.698 -39.396 70.777 71.756 -40.329
3 0 70.777 71.756 -40.329 70.183 71.556 -40.600 68.712 74.553 -39.628
3 0 68.064 74.341 -39.604 68.712 74.553 -39.628 70.183 71.556 -40.600
3 0 70.183 71.556 -40.600 69.572 71.252 -40.627 68.064 74.341 -39.604
3 0 67.491 74.094 -39.327 68.064 74.341 -39.604 69.572 71.252 -40.627
3 0 69.572 71.252 -40.627 69.038 70.889 -40.405 67.491 74.094 -39.327
3 0 67.081 73.850 -38.839 67.491 74.094 -39.327 69.038 70.889 -40.405
3 0 69.038 70.889 -40.405 68.661 70.524 -39.969 67.081 73.850 -38.839
3 0 66.896 73.646 -38.214 67.081 73.850 -38.839 68.661 70.524 -39.969
3 0 68.661 70.524 -39.969 68.499 70.211 -39.384 66.896 73.646 -38.214
3 0 66.964 73.512 -37.548 66.896 73.646 -38.214 68.499 70.211 -39.384
3 0 68.499 70.211 -39.384 68.576 69.998 -38.740 66.964 73.512 -37.548
3 0 67.275 73.470 -36.942 66.964 73.512 -37.548 68.576 69.998 -38.740
3 0 68.576 69.998 -38.740 68.881 69.918 -38.135 67.275 73.470 -36.942
3 0 67.782 73.526 -36.487 67.275 73.470 -36.942 68.881 69.918 -38.135
3 0 68.881 69.918 -38.135 69.368 69.983 -37.660 67.782 73.526 -36.487
3 0 68.113 77.098 -30.441 68.306 77.188 -31.090 69.186 72.879 -31.786
3 0 69.186 72.879 -31.786 69.000 72.675 -31.161 68.113 77.098 -30.441
3 0 68.184 77.036 -29.765 68.113 77.098 -30.441 69.000 72.675 -31.161
3 0 69.000 72.675 -31.161 69.069 72.542 -30.495 68.184 77.036 -29.765
3 0 68.507 77.010 -29.164 68.184 77.036 -29.765 69.069 72.542 -30.495
3 0 69.069 72.542 -30.495 69.380 72.500 -29.889 68.507 77.010 -29.164
3 0 69.034 77.026 -28.730 68.507 77.010 -29.164 69.380 72.500 -29.889
3 0 69.380 72.500 -29.889 69.887 72.556 -29.435 69.034 77.026 -28.730
3 0 69.685 77.080 -28.529 69.034 77.026 -28.730 69.887 72.556 -29.435
3 0 69.887 72.556 -29.435 70.513 72.701 -29.202 69.685 77.080 -28.529
3 0 70.359 77.164 -28.592 69.685 77.080 -28.529 70.513 72.701 -29.202
3 0 70.513 72.701 -29.202 71.161 72.913 -29.226 70.359 77.164 -28.592
3 0 70.956 77.265 -28.909 70.359 77.164 -28.592 71.161 72.913 -29.226
3 0 71.161 72.913 -29.226 71.734 73.160 -29.503 70.956 77.265 -28.909
3 0 71.383 77.369 -29.431 70.956 77.265 -28.909 71.734 73.160 -29.503
3 0 71.734 73.160 -29.503 72.144 73.404 -29.992 71.383 77.369 -29.431
3 0 71.576 77.459 -30.080 71.383 77.369 -29.431 72.144 73.404 -29.992
3 0 72.144 73.404 -29.992 72.329 73.608 -30.616 71.576 77.459 -30.080
3 0 71.505 77.521 -30.757 71.576 77.459 -30.080 72.329 73.608 -30.616
3 0 72.329 73.608 -30.616 72.261 73.742 -31.282 71.505 77.521 -30.757
3 0 71.182 77.546 -31.357 71.505 77.521 -30.757 72.261 73.742 -31.282
3 0 72.261 73.742 -31.282 71.950 73.784 -31.889 71.182 77.546 -31.357
3 0 70.654 77.531 -31.791 71.182 77.546 -31.357 71.950 73.784 -31.889
3 0 71.950 73.784 -31.889 71.443 73.728 -32.343 70.654 77.531 -31.791
3 0 68.299 72.999 -33.512 67.385 77.260 -32.801 67.578 77.349 -33.450
3 0 67.578 77.349 -33.450 68.484 73.203 -34.137 68.299 72.999 -33.512
3 0 68.367 72.865 -32.846 67.455 77.197 -32.125 67.385 77.260 -32.801
3 0 67.385 77.260 -32.801 68.299 72.999 -33.512 68.367 72.865 -32.846
3 0 68.678 72.823 -32.240 67.779 77.172 -31.524 67.455 77.197 -32.125
3 0 67.455 77.197 -32.125 68.367 72.865 -32.846 68.678 72.823 -32.240
3 0 69.186 72.879 -31.786 68.306 77.188 -31.090 67.779 77.172 -31.524
3 0 67.779 77.172 -31.524 68.678 72.823 -32.240 69.186 72.879 -31.786
3 0 71.628 73.932 -32.968 70.847 77.620 -32.440 70.654 77.531 -31.791
3 0 70.654 77.531 -31.791 71.443 73.728 -32.343 71.628 73.932 -32.968
3 0 71.559 74.065 -33.634 70.777 77.682 -33.116 70.847 77.620 -32.440
3 0 70.847 77.620 -32.440 71.628 73.932 -32.968 71.559 74.065 -33.634
3 0 71.248 74.107 -34.240 70.453 77.708 -33.717 70.777 77.682 -33.116
3 0 70.777 77.682 -33.116 71.559 74.065 -33.634 71.248 74.107 -34.240
3 0 70.741 74.051 -34.694 69.926 77.692 -34.151 70.453 77.708 -33.717
3 0 70.453 77.708 -33.717 71.248 74.107 -34.240 70.741 74.051 -34.694
3 0 67.597 73.322 -35.863 66.657 77.421 -35.160 66.849 77.511 -35.809
3 0 66.849 77.511 -35.809 67.782 73.526 -36.487 67.597 73.322 -35.863
3 0 67.666 73.189 -35.197 66.727 77.359 -34.483 66.657 77.421 -35.160
3 0 66.657 77.421 -35.160 67.597 73.322 -35.863 67.666 73.189 -35.197
3 0 67.977 73.147 -34.590 67.051 77.334 -33.883 66.727 77.359 -34.483
3 0 66.727 77.359 -34.483 67.666 73.189 -35.197 67.977 73.147 -34.590
3 0 68.484 73.203 -34.137 67.578 77.349 -33.450 67.051 77.334 -33.883
3 0 67.051 77.334 -33.883 67.977 73.147 -34.590 68.484 73.203 -34.137
3 0 70.926 74.256 -35.318 70.119 77.782 -34.799 69.926 77.692 -34.151
3 0 69.926 77.692 -34.151 70.741 74.051 -34.694 70.926 74.256 -35.318
3 0 70.858 74.389 -35.984 70.048 77.844 -35.475 70.119 77.782 -34.799
3 0 70.119 77.782 -34.799 70.926 74.256 -35.318 70.858 74.389 -35.984
3 0 70.546 74.431 -36.590 69.725 77.869 -36.076 70.048 77.844 -35.475
3 0 70.048 77.844 -35.475 70.858 74.389 -35.984 70.546 74.431 -36.590
3 0 70.039 74.375 -37.044 69.198 77.854 -36.510 69.725 77.869 -36.076
3 0 69.725 77.869 -36.076 70.546 74.431 -36.590 70.039 74.375 -37.044
3 0 69.391 77.944 -37.159 69.198 77.854 -36.510 70.039 74.375 -37.044
3 0 70.039 74.375 -37.044 70.224 74.579 -37.669 69.391 77.944 -37.159
3 0 69.320 78.006 -37.835 69.391 77.944 -37.159 70.224 74.579 -37.669
3 0 70.224 74.579 -37.669 70.156 74.712 -38.335 69.320 78.006 -37.835
3 0 68.997 78.031 -38.436 69.320 78.006 -37.835 70.156 74.712 -38.335
3 0 70.156 74.712 -38.335 69.845 74.754 -38.942 68.997 78.031 -38.436
3 0 68.470 78.016 -38.870 68.997 78.031 -38.436 69.845 74.754 -38.942
3 0 69.845 74.754 -38.942 69.338 74.698 -39.396 68.470 78.016 -38.870
3 0 67.819 77.962 -39.071 68.470 78.016 -38.870 69.338 74.698 -39.396
3 0 69.338 74.698 -39.396 68.712 74.553 -39.628 67.819 77.962 -39.071
3 0 67.144 77.877 -39.008 67.819 77.962 -39.071 68.712 74.553 -39.628
3 0 68.712 74.553 -39.628 68.064 74.341 -39.604 67.144 77.877 -39.008
3 0 66.548 77.776 -38.691 67.144 77.877 -39.008 68.064 74.341 -39.604
3 0 68.064 74.341 -39.604 67.491 74.094 -39.327 66.548 77.776 -38.691
3 0 66.121 77.672 -38.168 66.548 77.776 -38.691 67.491 74.094 -39.327
3 0 67.491 74.094 -39.327 67.081 73.850 -38.839 66.121 77.672 -38.168
3 0 65.928 77.583 -37.520 66.121 77.672 -38.168 67.081 73.850 -38.839
3 0 67.081 73.850 -38.839 66.896 73.646 -38.214 65.928 77.583 -37.520
3 0 65.999 77.521 -36.843 65.928 77.583 -37.520 66.896 73.646 -38.214
3 0 66.896 73.646 -38.214 66.964 73.512 -37.548 65.999 77.521 -36.843
3 0 66.322 77.495 -36.243 65.999 77.521 -36.843 66.964 73.512 -37.548
3 0 66.964 73.512 -37.548 67.275 73.470 -36.942 66.322 77.495 -36.243
3 0 66.849 77.511 -35.809 66.322 77.495 -36.243 67.275 73.470 -36.942
3 0 67.275 73.470 -36.942 67.782 73.526 -36.487 66.849 77.511 -35.809
3 0 68.085 81.487 -30.206 68.274 81.493 -30.862 68.306 77.188 -31.090
3 0 68.306 77.188 -31.090 68.113 77.098 -30.441 68.085 81.487 -30.206
3 0 68.162 81.456 -29.528 68.085 81.487 -30.206 68.113 77.098 -30.441
3 0 68.113 77.098 -30.441 68.184 77.036 -29.765 68.162 81.456 -29.528
3 0 68.491 81.405 -28.932 68.162 81.456 -29.528 68.184 77.036 -29.765
3 0 68.184 77.036 -29.765 68.507 77.010 -29.164 68.491 81.405 -28.932
3 0 69.022 81.342 -28.508 68.491 81.405 -28.932 68.507 77.010 -29.164
3 0 68.507 77.010 -29.164 69.034 77.026 -28.730 69.022 81.342 -28.508
3 0 69.676 81.275 -28.321 69.022 81.342 -28.508 69.034 77.026 -28.730
3 0 69.034 77.026 -28.730 69.685 77.080 -28.529 69.676 81.275 -28.321
3 0 70.351 81.216 -28.400 69.676 81.275 -28.321 69.685 77.080 -28.529
3 0 69.685 77.080 -28.529 70.359 77.164 -28.592 70.351 81.216 -28.400
3 0 70.946 81.174 -28.732 70.351 81.216 -28.400 70.359 77.164 -28.592
3 0 70.359 77.164 -28.592 70.956 77.265 -28.909 70.946 81.174 -28.732
3 0 71.370 81.154 -29.267 70.946 81.174 -28.732 70.956 77.265 -28.909
3 0 70.956 77.265 -28.909 71.383 77.369 -29.431 71.370 81.154 -29.267
3 0 71.559 81.160 -29.923 71.370 81.154 -29.267 71.383 77.369 -29.431
3 0 71.383 77.369 -29.431 71.576 77.459 -30.080 71.559 81.160 -29.923
3 0 71.482 81.190 -30.601 71.559 81.160 -29.923 71.576 77.459 -30.080
3 0 71.576 77.459 -30.080 71.505 77.521 -30.757 71.482 81.190 -30.601
3 0 71.153 81.242 -31.197 71.482 81.190 -30.601 71.505 77.521 -30.757
3 0 71.505 77.521 -30.757 71.182 77.546 -31.357 71.153 81.242 -31.197
3 0 70.622 81.305 -31.621 71.153 81.242 -31.197 71.182 77.546 -31.357
3 0 71.182 77.546 -31.357 70.654 77.531 -31.791 70.622 81.305 -31.621
3 0 67.385 77.260 -32.801 67.337 81.639 -32.560 67.525 81.645 -33.216
3 0 67.525 81.645 -33.216 67.578 77.349 -33.450 67.385 77.260 -32.801
3 0 67.455 77.197 -32.125 67.413 81.608 -31.882 67.337 81.639 -32.560
3 0 67.337 81.639 -32.560 67.385 77.260 -32.801 67.455 77.197 -32.125
3 0 67.779 77.172 -31.524 67.742 81.557 -31.286 67.413 81.608 -31.882
3 0 67.413 81.608 -31.882 67.455 77.197 -32.125 67.779 77.172 -31.524
3 0 68.306 77.188 -31.090 68.274 81.493 -30.862 67.742 81.557 -31.286
3 0 67.742 81.557 -31.286 67.779 77.172 -31.524 68.306 77.188 -31.090
3 0 70.847 77.620 -32.440 70.810 81.311 -32.277 70.622 81.305 -31.621
3 0 70.622 81.305 -31.621 70.654 77.531 -31.791 70.847 77.620 -32.440
3 0 70.777 77.682 -33.116 70.734 81.342 -32.955 70.810 81.311 -32.277
3 0 70.810 81.311 -32.277 70.847 77.620 -32.440 70.777 77.682 -33.116
3 0 70.453 77.708 -33.717 70.405 81.393 -33.551 70.734 81.342 -32.955
3 0 70.734 81.342 -32.955 70.777 77.682 -33.116 70.453 77.708 -33.717
3 0 69.926 77.692 -34.151 69.873 81.457 -33.975 70.405 81.393 -33.551
3 0 70.405 81.393 -33.551 70.453 77.708 -33.717 69.926 77.692 -34.151
3 0 66.657 77.421 -35.160 66.588 81.790 -34.913 66.777 81.796 -35.569
3 0 66.777 81.796 -35.569 66.849 77.511 -35.809 66.657 77.421 -35.160
3 0 66.727 77.359 -34.483 66.665 81.759 -34.235 66.588 81.790 -34.913
3 0 66.588 81.790 -34.913 66.657 77.421 -35.160 66.727 77.359 -34.483
3 0 67.051 77.334 -33.883 66.993 81.708 -33.639 66.665 81.759 -34.235
3 0 66.665 81.759 -34.235 66.727 77.359 -34.483 67.051 77.334 -33.883
3 0 67.578 77.349 -33.450 67.525 81.645 -33.216 66.993 81.708 -33.639
3 0 66.993 81.708 -33.639 67.051 77.334 -33.883 67.578 77.349 -33.450
3 0 70.119 77.782 -34.799 70.061 81.462 -34.631 69.873 81.457 -33.975
3 0 69.873 81.457 -33.975 69.926 77.692 -34.151 70.119 77.782 -34.799
3 0 70.048 77.844 -35.475 69.985 81.493 -35.308 70.061 81.462 -34.631
3 0 70.061 81.462 -34.631 70.119 77.782 -34.799 70.048 77.844 -35.475
3 0 69.725 77.869 -36.076 69.656 81.544 -35.905 69.985 81.493 -35.308
3 0 69.985 81.493 -35.308 70.048 77.844 -35.475 69.725 77.869 -36.076
3 0 69.198 77.854 -36.510 69.125 81.608 -36.328 69.656 81.544 -35.905
3 0 69.656 81.544 -35.905 69.725 77.869 -36.076 69.198 77.854 -36.510
3 0 69.313 81.614 -36.985 69.125 81.608 -36.328 69.198 77.854 -36.510
3 0 69.198 77.854 -36.510 69.391 77.944 -37.159 69.313 81.614 -36.985
3 0 69.236 81.645 -37.663 69.313 81.614 -36.985 69.391 77.944 -37.159
3 0 69.391 77.944 -37.159 69.320 78.006 -37.835 69.236 81.645 -37.663
3 0 68.908 81.696 -38.259 69.236 81.645 -37.663 69.320 78.006 -37.835
3 0 69.320 78.006 -37.835 68.997 78.031 -38.436 68.908 81.696 -38.259
3 0 68.376 81.759 -38.682 68.908 81.696 -38.259 68.997 78.031 -38.436
3 0 68.997 78.031 -38.436 68.470 78.016 -38.870 68.376 81.759 -38.682
3 0 67.722 81.826 -38.869 68.376 81.759 -38.682 68.470 78.016 -38.870
3 0 68.470 78.016 -38.870 67.819 77.962 -39.071 67.722 81.826 -38.869
3 0 67.047 81.885 -38.791 67.722 81.826 -38.869 67.819 77.962 -39.071
3 0 67.819 77.962 -39.071 67.144 77.877 -39.008 67.047 81.885 -38.791
3 0 66.452 81.927 -38.459 67.047 81.885 -38.791 67.144 77.877 -39.008
3 0 67.144 77.877 -39.008 66.548 77.776 -38.691 66.452 81.927 -38.459
3 0 66.028 81.947 -37.924 66.452 81.927 -38.459 66.548 77.776 -38.691
3 0 66.548 77.776 -38.691 66.121 77.672 -38.168 66.028 81.947 -37.924
3 0 65.840 81.941 -37.267 66.028 81.947 -37.924 66.121 77.672 -38.168
3 0 66.121 77.672 -38.168 65.928 77.583 -37.520 65.840 81.941 -37.267
3 0 65.916 81.911 -36.589 65.840 81.941 -37.267 65.928 77.583 -37.520
3 0 65.928 77.583 -37.520 65.999 77.521 -36.843 65.916 81.911 -36.589
3 0 66.245 81.859 -35.993 65.916 81.911 -36.589 65.999 77.521 -36.843
3 0 65.999 77.521 -36.843 66.322 77.495 -36.243 66.245 81.859 -35.993
3 0 66.777 81.796 -35.569 66.245 81.859 -35.993 66.322 77.495 -36.243
3 0 66.322 77.495 -36.243 66.849 77.511 -35.809 66.777 81.796 -35.569
3 0 68.842 85.487 -30.134 69.033 85.472 -30.789 68.274 81.493 -30.862
3 0 68.274 81.493 -30.862 68.085 81.487 -30.206 68.842 85.487 -30.134
3 0 68.906 85.426 -29.456 68.842 85.487 -30.134 68.085 81.487 -30.206
3 0 68.085 81.487 -30.206 68.162 81.456 -29.528 68.906 85.426 -29.456
3 0 69.214 85.297 -28.861 68.906 85.426 -29.456 68.162 81.456 -29.528
3 0 68.162 81.456 -29.528 68.491 81.405 -28.932 69.214 85.297 -28.861
3 0 69.719 85.121 -28.437 69.214 85.297 -28.861 68.491 81.405 -28.932
3 0 68.491 81.405 -28.932 69.022 81.342 -28.508 69.719 85.121 -28.437
3 0 70.346 84.924 -28.250 69.719 85.121 -28.437 69.022 81.342 -28.508
3 0 69.022 81.342 -28.508 69.676 81.275 -28.321 70.346 84.924 -28.250
3 0 70.997 84.736 -28.328 70.346 84.924 -28.250 69.676 81.275 -28.321
3 0 69.676 81.275 -28.321 70.351 81.216 -28.400 70.997 84.736 -28.328
3 0 71.575 84.585 -28.659 70.997 84.736 -28.328 70.351 81.216 -28.400
3 0 70.351 81.216 -28.400 70.946 81.174 -28.732 71.575 84.585 -28.659
3 0 71.991 84.495 -29.193 71.575 84.585 -28.659 70.946 81.174 -28.732
3 0 70.946 81.174 -28.732 71.370 81.154 -29.267 71.991 84.495 -29.193
3 0 72.182 84.480 -29.849 71.991 84.495 -29.193 71.370 81.154 -29.267
3 0 71.370 81.154 -29.267 71.559 81.160 -29.923 72.182 84.480 -29.849
3 0 72.119 84.541 -30.526 72.182 84.480 -29.849 71.559 81.160 -29.923
3 0 71.559 81.160 -29.923 71.482 81.190 -30.601 72.119 84.541 -30.526
3 0 71.811 84.670 -31.122 72.119 84.541 -30.526 71.482 81.190 -30.601
3 0 71.482 81.190 -30.601 71.153 81.242 -31.197 71.811 84.670 -31.122
3 0 71.305 84.846 -31.545 71.811 84.670 -31.122 71.153 81.242 -31.197
3 0 71.153 81.242 -31.197 70.622 81.305 -31.621 71.305 84.846 -31.545
3 0 67.337 81.639 -32.560 68.156 85.838 -32.485 68.347 85.823 -33.141
3 0 68.347 85.823 -33.141 67.525 81.645 -33.216 67.337 81.639 -32.560
3 0 67.413 81.608 -31.882 68.219 85.777 -31.808 68.156 85.838 -32.485
3 0 68.156 85.838 -32.485 67.337 81.639 -32.560 67.413 81.608 -31.882
3 0 67.742 81.557 -31.286 68.527 85.648 -31.213 68.219 85.777 -31.808
3 0 68.219 85.777 -31.808 67.413 81.608 -31.882 67.742 81.557 -31.286
3 0 68.274 81.493 -30.862 69.033 85.472 -30.789 68.527 85.648 -31.213
3 0 68.527 85.648 -31.213 67.742 81.557 -31.286 68.274 81.493 -30.862
3 0 70.810 81.311 -32.277 71.496 84.831 -32.201 71.305 84.846 -31.545
3 0 71.305 84.846 -31.545 70.622 81.305 -31.621 70.810 81.311 -32.277
3 0 70.734 81.342 -32.955 71.432 84.892 -32.878 71.496 84.831 -32.201
3 0 71.496 84.831 -32.201 70.810 81.311 -32.277 70.734 81.342 -32.955
3 0 70.405 81.393 -33.551 71.124 85.021 -33.474 71.432 84.892 -32.878
3 0 71.432 84.892 -32.878 70.734 81.342 -32.955 70.405 81.393 -33.551
3 0 69.873 81.457 -33.975 70.619 85.197 -33.897 71.124 85.021 -33.474
3 0 71.124 85.021 -33.474 70.405 81.393 -33.551 69.873 81.457 -33.975
3 0 66.588 81.790 -34.913 67.470 86.189 -34.836 67.661 86.173 -35.492
3 0 67.661 86.173 -35.492 66.777 81.796 -35.569 66.588 81.790 -34.913
3 0 66.665 81.759 -34.235 67.533 86.127 -34.159 67.470 86.189 -34.836
3 0 67.470 86.189 -34.836 66.588 81.790 -34.913 66.665 81.759 -34.235
3 0 66.993 81.708 -33.639 67.841 85.999 -33.564 67.533 86.127 -34.159
3 0 67.533 86.127 -34.159 66.665 81.759 -34.235 66.993 81.708 -33.639
3 0 67.525 81.645 -33.216 68.347 85.823 -33.141 67.841 85.999 -33.564
3 0 67.841 85.999 -33.564 66.993 81.708 -33.639 67.525 81.645 -33.216
3 0 70.061 81.462 -34.631 70.810 85.182 -34.552 70.619 85.197 -33.897
3 0 70.619 85.197 -33.897 69.873 81.457 -33.975 70.061 81.462 -34.631
3 0 69.985 81.493 -35.308 70.746 85.243 -35.229 70.810 85.182 -34.552
3 0 70.810 85.182 -34.552 70.061 81.462 -34.631 69.985 81.493 -35.308
3 0 69.656 81.544 -35.905 70.438 85.371 -35.825 70.746 85.243 -35.229
3 0 70.746 85.243 -35.229 69.985 81.493 -35.308 69.656 81.544 -35.905
3 0 69.125 81.608 -36.328 69.933 85.548 -36.248 70.438 85.371 -35.825
3 0 70.438 85.371 -35.825 69.656 81.544 -35.905 69.125 81.608 -36.328
3 0 70.123 85.532 -36.904 69.933 85.548 -36.248 69.125 81.608 -36.328
3 0 69.125 81.608 -36.328 69.313 81.614 -36.985 70.123 85.532 -36.904
3 0 70.060 85.594 -37.581 70.123 85.532 -36.904 69.313 81.614 -36.985
3 0 69.313 81.614 -36.985 69.236 81.645 -37.663 70.060 85.594 -37.581
3 0 69.752 85.722 -38.176 70.060 85.594 -37.581 69.236 81.645 -37.663
3 0 69.236 81.645 -37.663 68.908 81.696 -38.259 69.752 85.722 -38.176
3 0 69.246 85.899 -38.600 69.752 85.722 -38.176 68.908 81.696 -38.259
3 0 68.908 81.696 -38.259 68.376 81.759 -38.682 69.246 85.899 -38.600
3 0 68.620 86.096 -38.787 69.246 85.899 -38.600 68.376 81.759 -38.682
3 0 68.376 81.759 -38.682 67.722 81.826 -38.869 68.620 86.096 -38.787
3 0 67.968 86.284 -38.709 68.620 86.096 -38.787 67.722 81.826 -38.869
3 0 67.722 81.826 -38.869 67.047 81.885 -38.791 67.968 86.284 -38.709
3 0 67.390 86.434 -38.378 67.968 86.284 -38.709 67.047 81.885 -38.791
3 0 67.047 81.885 -38.791 66.452 81.927 -38.459 67.390 86.434 -38.378
3 0 66.974 86.524 -37.844 67.390 86.434 -38.378 66.452 81.927 -38.459
3 0 66.452 81.927 -38.459 66.028 81.947 -37.924 66.974 86.524 -37.844
3 0 66.784 86.539 -37.188 66.974 86.524 -37.844 66.028 81.947 -37.924
3 0 66.028 81.947 -37.924 65.840 81.941 -37.267 66.784 86.539 -37.188
3 0 66.847 86.478 -36.511 66.784 86.539 -37.188 65.840 81.941 -37.267
3 0 65.840 81.941 -37.267 65.916 81.911 -36.589 66.847 86.478 -36.511
3 0 67.155 86.350 -35.916 66.847 86.478 -36.511 65.916 81.911 -36.589
3 0 65.916 81.911 -36.589 66.245 81.859 -35.993 67.155 86.350 -35.916
3 0 67.661 86.173 -35.492 67.155 86.350 -35.916 66.245 81.859 -35.993
3 0 66.245 81.859 -35.993 66.777 81.796 -35.569 67.661 86.173 -35.492
3 0 70.155 88.838 -29.788 70.376 88.885 -30.432 69.033 85.472 -30.789
3 0 69.033 85.472 -30.789 68.842 85.487 -30.134 70.155 88.838 -29.788
3 0 70.170 88.671 -29.126 70.155 88.838 -29.788 68.842 85.487 -30.134
3 0 68.842 85.487 -30.134 68.906 85.426 -29.456 70.170 88.671 -29.126
3 0 70.420 88.408 -28.548 70.170 88.671 -29.126 68.906 85.426 -29.456
3 0 68.906 85.426 -29.456 69.214 85.297 -28.861 70.420 88.408 -28.548
3 0 70.867 88.091 -28.140 70.420 88.408 -28.548 69.214 85.297 -28.861
3 0 69.214 85.297 -28.861 69.719 85.121 -28.437 70.867 88.091 -28.140
3 0 71.442 87.767 -27.966 70.867 88.091 -28.140 69.719 85.121 -28.437
3 0 69.719 85.121 -28.437 70.346 84.924 -28.250 71.442 87.767 -27.966
3 0 72.058 87.485 -28.052 71.442 87.767 -27.966 70.346 84.924 -28.250
3 0 70.346 84.924 -28.250 70.997 84.736 -28.328 72.058 87.485 -28.052
3 0 72.622 87.289 -28.384 72.058 87.485 -28.052 70.997 84.736 -28.328
3 0 70.997 84.736 -28.328 71.575 84.585 -28.659 72.622 87.289 -28.384
3 0 73.046 87.208 -28.913 72.622 87.289 -28.384 71.575 84.585 -28.659
3 0 71.575 84.585 -28.659 71.991 84.495 -29.193 73.046 87.208 -28.913
3 0 73.268 87.255 -29.557 73.046 87.208 -28.913 71.991 84.495 -29.193
3 0 71.991 84.495 -29.193 72.182 84.480 -29.849 73.268 87.255 -29.557
3 0 73.252 87.422 -30.219 73.268 87.255 -29.557 72.182 84.480 -29.849
3 0 72.182 84.480 -29.849 72.119 84.541 -30.526 73.252 87.422 -30.219
3 0 73.002 87.685 -30.797 73.252 87.422 -30.219 72.119 84.541 -30.526
3 0 72.119 84.541 -30.526 71.811 84.670 -31.122 73.002 87.685 -30.797
3 0 72.555 88.002 -31.205 73.002 87.685 -30.797 71.811 84.670 -31.122
3 0 71.811 84.670 -31.122 71.305 84.846 -31.545 72.555 88.002 -31.205
3 0 68.156 85.838 -32.485 69.663 89.632 -32.080 69.885 89.679 -32.724
3 0 69.885 89.679 -32.724 68.347 85.823 -33.141 68.156 85.838 -32.485
3 0 68.219 85.777 -31.808 69.679 89.464 -31.418 69.663 89.632 -32.080
3 0 69.663 89.632 -32.080 68.156 85.838 -32.485 68.219 85.777 -31.808
3 0 68.527 85.648 -31.213 69.929 89.202 -30.840 69.679 89.464 -31.418
3 0 69.679 89.464 -31.418 68.219 85.777 -31.808 68.527 85.648 -31.213
3 0 69.033 85.472 -30.789 70.376 88.885 -30.432 69.929 89.202 -30.840
3 0 69.929 89.202 -30.840 68.527 85.648 -31.213 69.033 85.472 -30.789
3 0 71.496 84.831 -32.201 72.776 88.049 -31.849 72.555 88.002 -31.205
3 0 72.555 88.002 -31.205 71.305 84.846 -31.545 71.496 84.831 -32.201
3 0 71.432 84.892 -32.878 72.761 88.216 -32.511 72.776 88.049 -31.849
3 0 72.776 88.049 -31.849 71.496 84.831 -32.201 71.432 84.892 -32.878
3 0 71.124 85.021 -33.474 72.511 88.478 -33.090 72.761 88.216 -32.511
3 0 72.761 88.216 -32.511 71.432 84.892 -32.878 71.124 85.021 -33.474
3 0 70.619 85.197 -33.897 72.064 88.796 -33.497 72.511 88.478 -33.090
3 0 72.511 88.478 -33.090 71.124 85.021 -33.474 70.619 85.197 -33.897
3 0 67.470 86.189 -34.836 69.172 90.425 -34.371 69.394 90.472 -35.016
3 0 69.394 90.472 -35.016 67.661 86.173 -35.492 67.470 86.189 -34.836
3 0 67.533 86.127 -34.159 69.188 90.258 -33.710 69.172 90.425 -34.371
3 0 69.172 90.425 -34.371 67.470 86.189 -34.836 67.533 86.127 -34.159
3 0 67.841 85.999 -33.564 69.438 89.996 -33.131 69.188 90.258 -33.710
3 0 69.188 90.258 -33.710 67.533 86.127 -34.159 67.841 85.999 -33.564
3 0 68.347 85.823 -33.141 69.885 89.679 -32.724 69.438 89.996 -33.131
3 0 69.438 89.996 -33.131 67.841 85.999 -33.564 68.347 85.823 -33.141
3 0 70.810 85.182 -34.552 72.285 88.842 -34.141 72.064 88.796 -33.497
3 0 72.064 88.796 -33.497 70.619 85.197 -33.897 70.810 85.182 -34.552
3 0 70.746 85.243 -35.229 72.270 89.010 -34.802 72.285 88.842 -34.141
3 0 72.285 88.842 -34.141 70.810 85.182 -34.552 70.746 85.243 -35.229
3 0 70.438 85.371 -35.825 72.020 89.272 -35.381 72.270 89.010 -34.802
3 0 72.270 89.010 -34.802 70.746 85.243 -35.229 70.438 85.371 -35.825
3 0 69.933 85.548 -36.248 71.573 89.589 -35.788 72.020 89.272 -35.381
3 0 72.020 89.272 -35.381 70.438 85.371 -35.825 69.933 85.548 -36.248
3 0 71.794 89.636 -36.433 71.573 89.589 -35.788 69.933 85.548 -36.248
3 0 69.933 85.548 -36.248 70.123 85.532 -36.904 71.794 89.636 -36.433
3 0 71.778 89.803 -37.095 71.794 89.636 -36.433 70.123 85.532 -36.904
3 0 70.123 85.532 -36.904 70.060 85.594 -37.581 71.778 89.803 -37.095
3 0 71.528 90.066 -37.673 71.778 89.803 -37.095 70.060 85.594 -37.581
3 0 70.060 85.594 -37.581 69.752 85.722 -38.176 71.528 90.066 -37.673
3 0 71.082 90.383 -38.081 71.528 90.066 -37.673 69.752 85.722 -38.176
3 0 69.752 85.722 -38.176 69.246 85.899 -38.600 71.082 90.383 -38.081
3 0 70.506 90.707 -38.255 71.082 90.383 -38.081 69.246 85.899 -38.600
3 0 69.246 85.899 -38.600 68.620 86.096 -38.787 70.506 90.707 -38.255
3 0 69.890 90.989 -38.169 70.506 90.707 -38.255 68.620 86.096 -38.787
3 0 68.620 86.096 -38.787 67.968 86.284 -38.709 69.890 90.989 -38.169
3 0 69.327 91.185 -37.837 69.890 90.989 -38.169 67.968 86.284 -38.709
3 0 67.968 86.284 -38.709 67.390 86.434 -38.378 69.327 91.185 -37.837
3 0 68.903 91.266 -37.308 69.327 91.185 -37.837 67.390 86.434 -38.378
3 0 67.390 86.434 -38.378 66.974 86.524 -37.844 68.903 91.266 -37.308
3 0 68.681 91.219 -36.664 68.903 91.266 -37.308 66.974 86.524 -37.844
3 0 66.974 86.524 -37.844 66.784 86.539 -37.188 68.681 91.219 -36.664
3 0 68.697 91.052 -36.002 68.681 91.219 -36.664 66.784 86.539 -37.188
3 0 66.784 86.539 -37.188 66.847 86.478 -36.511 68.697 91.052 -36.002
3 0 68.947 90.789 -35.423 68.697 91.052 -36.002 66.847 86.478 -36.511
3 0 66.847 86.478 -36.511 67.155 86.350 -35.916 68.947 90.789 -35.423
3 0 69.394 90.472 -35.016 68.947 90.789 -35.423 67.155 86.350 -35.916
3 0 67.155 86.350 -35.916 67.661 86.173 -35.492 69.394 90.472 -35.016
3 0 72.216 91.441 -29.382 70.376 88.885 -30.432 70.155 88.838 -29.788
3 0 70.155 88.838 -29.788 71.972 91.224 -28.782 72.216 91.441 -29.382
3 0 71.972 91.224 -28.782 70.155 88.838 -29.788 70.170 88.671 -29.126
3 0 70.170 88.671 -29.126 71.955 90.868 -28.200 71.972 91.224 -28.782
3 0 71.955 90.868 -28.200 70.170 88.671 -29.126 70.420 88.408 -28.548
3 0 70.420 88.408 -28.548 72.167 90.428 -27.723 71.955 90.868 -28.200
3 0 72.167 90.428 -27.723 70.420 88.408 -28.548 70.867 88.091 -28.140
3 0 70.867 88.091 -28.140 72.577 89.971 -27.424 72.167 90.428 -27.723
3 0 72.577 89.971 -27.424 70.867 88.091 -28.140 71.442 87.767 -27.966
3 0 71.442 87.767 -27.966 73.122 89.567 -27.348 72.577 89.971 -27.424
3 0 73.122 89.567 -27.348 71.442 87.767 -27.966 72.058 87.485 -28.052
3 0 72.058 87.485 -28.052 73.719 89.276 -27.508 73.122 89.567 -27.348
3 0 73.719 89.276 -27.508 72.058 87.485 -28.052 72.622 87.289 -28.384
3 0 72.622 87.289 -28.384 74.277 89.144 -27.879 73.719 89.276 -27.508
3 0 74.277 89.144 -27.879 72.622 87.289 -28.384 73.046 87.208 -28.913
3 0 73.046 87.208 -28.913 74.711 89.190 -28.404 74.277 89.144 -27.879
3 0 74.711 89.190 -28.404 73.046 87.208 -28.913 73.268 87.255 -29.557
3 0 73.268 87.255 -29.557 74.956 89.407 -29.003 74.711 89.190 -28.404
3 0 74.956 89.407 -29.003 73.268 87.255 -29.557 73.252 87.422 -30.219
3 0 73.252 87.422 -30.219 74.973 89.763 -29.586 74.956 89.407 -29.003
3 0 74.973 89.763 -29.586 73.252 87.422 -30.219 73.002 87.685 -30.797
3 0 73.002 87.685 -30.797 74.760 90.203 -30.063 74.973 89.763 -29.586
3 0 74.760 90.203 -30.063 73.002 87.685 -30.797 72.555 88.002 -31.205
3 0 72.555 88.002 -31.205 74.350 90.660 -30.362 74.760 90.203 -30.063
3 0 71.611 92.694 -30.741 71.856 92.911 -31.340 69.885 89.679 -32.724
3 0 69.885 89.679 -32.724 69.663 89.632 -32.080 71.611 92.694 -30.741
3 0 71.594 92.338 -30.158 71.611 92.694 -30.741 69.663 89.632 -32.080
3 0 69.663 89.632 -32.080 69.679 89.464 -31.418 71.594 92.338 -30.158
3 0 71.806 91.898 -29.681 71.594 92.338 -30.158 69.679 89.464 -31.418
3 0 69.679 89.464 -31.418 69.929 89.202 -30.840 71.806 91.898 -29.681
3 0 72.216 91.441 -29.382 71.806 91.898 -29.681 69.929 89.202 -30.840
3 0 69.929 89.202 -30.840 70.376 88.885 -30.432 72.216 91.441 -29.382
3 0 74.595 90.877 -30.961 74.350 90.660 -30.362 72.555 88.002 -31.205
3 0 72.555 88.002 -31.205 72.776 88.049 -31.849 74.595 90.877 -30.961
3 0 74.612 91.233 -31.544 74.595 90.877 -30.961 72.776 88.049 -31.849
3 0 72.776 88.049 -31.849 72.761 88.216 -32.511 74.612 91.233 -31.544
3 0 74.399 91.673 -32.021 74.612 91.233 -31.544 72.761 88.216 -32.511
3 0 72.761 88.216 -32.511 72.511 88.478 -33.090 74.399 91.673 -32.021
3 0 73.990 92.130 -32.320 74.399 91.673 -32.021 72.511 88.478 -33.090
3 0 72.511 88.478 -33.090 72.064 88.796 -33.497 73.990 92.130 -32.320
3 0 71.250 94.163 -32.698 71.495 94.381 -33.297 69.394 90.472 -35.016
3 0 69.394 90.472 -35.016 69.172 90.425 -34.371 71.250 94.163 -32.698
3 0 71.233 93.807 -32.115 71.250 94.163 -32.698 69.172 90.425 -34.371
3 0 69.172 90.425 -34.371 69.188 90.258 -33.710 71.233 93.807 -32.115
3 0 71.446 93.368 -31.638 71.233 93.807 -32.115 69.188 90.258 -33.710
3 0 69.188 90.258 -33.710 69.438 89.996 -33.131 71.446 93.368 -31.638
3 0 71.856 92.911 -31.340 71.446 93.368 -31.638 69.438 89.996 -33.131
3 0 69.438 89.996 -33.131 69.885 89.679 -32.724 71.856 92.911 -31.340
3 0 74.234 92.347 -32.919 73.990 92.130 -32.320 72.064 88.796 -33.497
3 0 72.064 88.796 -33.497 72.285 88.842 -34.141 74.234 92.347 -32.919
3 0 74.251 92.702 -33.501 74.234 92.347 -32.919 72.285 88.842 -34.141
3 0 72.285 88.842 -34.141 72.270 89.010 -34.802 74.251 92.702 -33.501
3 0 74.039 93.142 -33.978 74.251 92.702 -33.501 72.270 89.010 -34.802
3 0 72.270 89.010 -34.802 72.020 89.272 -35.381 74.039 93.142 -33.978
3 0 73.629 93.599 -34.277 74.039 93.142 -33.978 72.020 89.272 -35.381
3 0 72.020 89.272 -35.381 71.573 89.589 -35.788 73.629 93.599 -34.277
3 0 73.629 93.599 -34.277 71.573 89.589 -35.788 71.794 89.636 -36.433
3 0 71.794 89.636 -36.433 73.873 93.817 -34.877 73.629 93.599 -34.277
3 0 73.873 93.817 -34.877 71.794 89.636 -36.433 71.778 89.803 -37.095
3 0 71.778 89.803 -37.095 73.890 94.172 -35.459 73.873 93.817 -34.877
3 0 73.890 94.172 -35.459 71.778 89.803 -37.095 71.528 90.066 -37.673
3 0 71.528 90.066 -37.673 73.678 94.612 -35.937 73.890 94.172 -35.459
3 0 73.678 94.612 -35.937 71.528 90.066 -37.673 71.082 90.383 -38.081
3 0 71.082 90.383 -38.081 73.268 95.069 -36.235 73.678 94.612 -35.937
3 0 73.268 95.069 -36.235 71.082 90.383 -38.081 70.506 90.707 -38.255
3 0 70.506 90.707 -38.255 72.723 95.474 -36.311 73.268 95.069 -36.235
3 0 72.723 95.474 -36.311 70.506 90.707 -38.255 69.890 90.989 -38.169
3 0 69.890 90.989 -38.169 72.126 95.764 -36.151 72.723 95.474 -36.311
3 0 72.126 95.764 -36.151 69.890 90.989 -38.169 69.327 91.185 -37.837
3 0 69.327 91.185 -37.837 71.568 95.897 -35.781 72.126 95.764 -36.151
3 0 71.568 95.897 -35.781 69.327 91.185 -37.837 68.903 91.266 -37.308
3 0 68.903 91.266 -37.308 71.134 95.850 -35.256 71.568 95.897 -35.781
3 0 71.134 95.850 -35.256 68.903 91.266 -37.308 68.681 91.219 -36.664
3 0 68.681 91.219 -36.664 70.889 95.633 -34.656 71.134 95.850 -35.256
3 0 70.889 95.633 -34.656 68.681 91.219 -36.664 68.697 91.052 -36.002
3 0 68.697 91.052 -36.002 70.872 95.277 -34.074 70.889 95.633 -34.656
3 0 70.872 95.277 -34.074 68.697 91.052 -36.002 68.947 90.789 -35.423
3 0 68.947 90.789 -35.423 71.085 94.838 -33.597 70.872 95.277 -34.074
3 0 71.085 94.838 -33.597 68.947 90.789 -35.423 69.394 90.472 -35.016
3 0 69.394 90.472 -35.016 71.495 94.381 -33.297 71.085 94.838 -33.597
3 0 77.064 93.422 -29.072 72.216 91.441 -29.382 71.972 91.224 -28.782
3 0 71.972 91.224 -28.782 77.554 92.970 -28.927 77.064 93.422 -29.072
3 0 77.554 92.970 -28.927 71.972 91.224 -28.782 71.955 90.868 -28.200
3 0 71.955 90.868 -28.200 78.165 92.668 -28.966 77.554 92.970 -28.927
3 0 78.165 92.668 -28.966 71.955 90.868 -28.200 72.167 90.428 -27.723
3 0 72.167 90.428 -27.723 78.804 92.562 -29.182 78.165 92.668 -28.966
3 0 78.804 92.562 -29.182 72.167 90.428 -27.723 72.577 89.971 -27.424
3 0 72.577 89.971 -27.424 79.374 92.670 -29.544 78.804 92.562 -29.182
3 0 79.374 92.670 -29.544 72.577 89.971 -27.424 73.122 89.567 -27.348
3 0 73.122 89.567 -27.348 79.787 92.973 -29.995 79.374 92.670 -29.544
3 0 79.787 92.973 -29.995 73.122 89.567 -27.348 73.719 89.276 -27.508
3 0 73.719 89.276 -27.508 79.981 93.426 -30.467 79.787 92.973 -29.995
3 0 79.981 93.426 -30.467 73.719 89.276 -27.508 74.277 89.144 -27.879
3 0 74.277 89.144 -27.879 79.926 93.960 -30.889 79.981 93.426 -30.467
3 0 79.926 93.960 -30.889 74.277 89.144 -27.879 74.711 89.190 -28.404
3 0 74.711 89.190 -28.404 79.631 94.494 -31.196 79.926 93.960 -30.889
3 0 79.631 94.494 -31.196 74.711 89.190 -28.404 74.956 89.407 -29.003
3 0 74.956 89.407 -29.003 79.140 94.946 -31.341 79.631 94.494 -31.196
3 0 79.140 94.946 -31.341 74.956 89.407 -29.003 74.973 89.763 -29.586
3 0 74.973 89.763 -29.586 78.529 95.248 -31.302 79.140 94.946 -31.341
3 0 78.529 95.248 -31.302 74.973 89.763 -29.586 74.760 90.203 -30.063
3 0 74.760 90.203 -30.063 77.890 95.354 -31.086 78.529 95.248 -31.302
3 0 77.890 95.354 -31.086 74.760 90.203 -30.063 74.350 90.660 -30.362
3 0 74.350 90.660 -30.362 77.321 95.247 -30.724 77.890 95.354 -31.086
3 0 75.244 93.722 -28.455 74.754 94.175 -28.601 71.856 92.911 -31.340
3 0 71.856 92.911 -31.340 71.611 92.694 -30.741 75.244 93.722 -28.455
3 0 75.855 93.421 -28.494 75.244 93.722 -28.455 71.611 92.694 -30.741
3 0 71.611 92.694 -30.741 71.594 92.338 -30.158 75.855 93.421 -28.494
3 0 76.494 93.315 -28.711 75.855 93.421 -28.494 71.594 92.338 -30.158
3 0 71.594 92.338 -30.158 71.806 91.898 -29.681 76.494 93.315 -28.711
3 0 77.064 93.422 -29.072 76.494 93.315 -28.711 71.806 91.898 -29.681
3 0 71.806 91.898 -29.681 72.216 91.441 -29.382 77.064 93.422 -29.072
3 0 76.830 95.699 -30.869 77.321 95.247 -30.724 74.350 90.660 -30.362
3 0 74.350 90.660 -30.362 74.595 90.877 -30.961 76.830 95.699 -30.869
3 0 76.219 96.001 -30.831 76.830 95.699 -30.869 74.595 90.877 -30.961
3 0 74.595 90.877 -30.961 74.612 91.233 -31.544 76.219 96.001 -30.831
3 0 75.580 96.106 -30.614 76.219 96.001 -30.831 74.612 91.233 -31.544
3 0 74.612 91.233 -31.544 74.399 91.673 -32.021 75.580 96.106 -30.614
3 0 75.011 95.999 -30.253 75.580 96.106 -30.614 74.399 91.673 -32.021
3 0 74.399 91.673 -32.021 73.990 92.130 -32.320 75.011 95.999 -30.253
3 0 72.935 94.475 -27.984 72.444 94.927 -28.129 71.495 94.381 -33.297
3 0 71.495 94.381 -33.297 71.250 94.163 -32.698 72.935 94.475 -27.984
3 0 73.546 94.173 -28.023 72.935 94.475 -27.984 71.250 94.163 -32.698
3 0 71.250 94.163 -32.698 71.233 93.807 -32.115 73.546 94.173 -28.023
3 0 74.185 94.067 -28.239 73.546 94.173 -28.023 71.233 93.807 -32.115
3 0 71.233 93.807 -32.115 71.446 93.368 -31.638 74.185 94.067 -28.239
3 0 74.754 94.175 -28.601 74.185 94.067 -28.239 71.446 93.368 -31.638
3 0 71.446 93.368 -31.638 71.856 92.911 -31.340 74.754 94.175 -28.601
3 0 74.521 96.451 -30.398 75.011 95.999 -30.253 73.990 92.130 -32.320
3 0 73.990 92.130 -32.320 74.234 92.347 -32.919 74.521 96.451 -30.398
3 0 73.910 96.753 -30.359 74.521 96.451 -30.398 74.234 92.347 -32.919
3 0 74.234 92.347 -32.919 74.251 92.702 -33.501 73.910 96.753 -30.359
3 0 73.271 96.859 -30.143 73.910 96.753 -30.359 74.251 92.702 -33.501
3 0 74.251 92.702 -33.501 74.039 93.142 -33.978 73.271 96.859 -30.143
3 0 72.702 96.752 -29.781 73.271 96.859 -30.143 74.039 93.142 -33.978
3 0 74.039 93.142 -33.978 73.629 93.599 -34.277 72.702 96.752 -29.781
3 0 72.702 96.752 -29.781 73.629 93.599 -34.277 73.873 93.817 -34.877
3 0 73.873 93.817 -34.877 72.211 97.204 -29.926 72.702 96.752 -29.781
3 0 72.211 97.204 -29.926 73.873 93.817 -34.877 73.890 94.172 -35.459
3 0 73.890 94.172 -35.459 71.600 97.506 -29.888 72.211 97.204 -29.926
3 0 71.600 97.506 -29.888 73.890 94.172 -35.459 73.678 94.612 -35.937
3 0 73.678 94.612 -35.937 70.961 97.611 -29.671 71.600 97.506 -29.888
3 0 70.961 97.611 -29.671 73.678 94.612 -35.937 73.268 95.069 -36.235
3 0 73.268 95.069 -36.235 70.391 97.504 -29.310 70.961 97.611 -29.671
3 0 70.391 97.504 -29.310 73.268 95.069 -36.235 72.723 95.474 -36.311
3 0 72.723 95.474 -36.311 69.978 97.201 -28.858 70.391 97.504 -29.310
3 0 69.978 97.201 -28.858 72.723 95.474 -36.311 72.126 95.764 -36.151
3 0 72.126 95.764 -36.151 69.784 96.748 -28.386 69.978 97.201 -28.858
3 0 69.784 96.748 -28.386 72.126 95.764 -36.151 71.568 95.897 -35.781
3 0 71.568 95.897 -35.781 69.839 96.214 -27.964 69.784 96.748 -28.386
3 0 69.839 96.214 -27.964 71.568 95.897 -35.781 71.134 95.850 -35.256
3 0 71.134 95.850 -35.256 70.134 95.680 -27.658 69.839 96.214 -27.964
3 0 70.134 95.680 -27.658 71.134 95.850 -35.256 70.889 95.633 -34.656
3 0 70.889 95.633 -34.656 70.625 95.227 -27.513 70.134 95.680 -27.658
3 0 70.625 95.227 -27.513 70.889 95.633 -34.656 70.872 95.277 -34.074
3 0 70.872 95.277 -34.074 71.236 94.926 -27.551 70.625 95.227 -27.513
3 0 71.236 94.926 -27.551 70.872 95.277 -34.074 71.085 94.838 -33.597
3 0 71.085 94.838 -33.597 71.875 94.820 -27.768 71.236 94.926 -27.551
3 0 71.875 94.820 -27.768 71.085 94.838 -33.597 71.495 94.381 -33.297
3 0 71.495 94.381 -33.297 72.444 94.927 -28.129 71.875 94.820 -27.768
3 0 78.381 98.332 -27.568 77.064 93.422 -29.072 77.554 92.970 -28.927
3 0 77.554 92.970 -28.927 78.899 98.627 -27.901 78.381 98.332 -27.568
3 0 78.899 98.627 -27.901 77.554 92.970 -28.927 78.165 92.668 -28.966
3 0 78.165 92.668 -28.966 79.233 99.114 -28.244 78.899 98.627 -27.901
3 0 79.233 99.114 -28.244 78.165 92.668 -28.966 78.804 92.562 -29.182
3 0 78.804 92.562 -29.182 79.332 99.719 -28.544 79.233 99.114 -28.244
3 0 79.332 99.719 -28.544 78.804 92.562 -29.182 79.374 92.670 -29.544
3 0 79.374 92.670 -29.544 79.181 100.351 -28.755 79.332 99.719 -28.544
3 0 79.181 100.351 -28.755 79.374 92.670 -29.544 79.787 92.973 -29.995
3 0 79.787 92.973 -29.995 78.803 100.913 -28.845 79.181 100.351 -28.755
3 0 78.803 100.913 -28.845 79.787 92.973 -29.995 79.981 93.426 -30.467
3 0 79.981 93.426 -30.467 78.256 101.319 -28.801 78.803 100.913 -28.845
3 0 78.256 101.319 -28.801 79.981 93.426 -30.467 79.926 93.960 -30.889
3 0 79.926 93.960 -30.889 77.623 101.507 -28.629 78.256 101.319 -28.801
3 0 77.623 101.507 -28.629 79.926 93.960 -30.889 79.631 94.494 -31.196
3 0 79.631 94.494 -31.196 77.000 101.450 -28.355 77.623 101.507 -28.629
3 0 77.000 101.450 -28.355 79.631 94.494 -31.196 79.140 94.946 -31.341
3 0 79.140 94.946 -31.341 76.482 101.155 -28.021 77.000 101.450 -28.355
3 0 76.482 101.155 -28.021 79.140 94.946 -31.341 78.529 95.248 -31.302
3 0 78.529 95.248 -31.302 76.148 100.668 -27.679 76.482 101.155 -28.021
3 0 76.148 100.668 -27.679 78.529 95.248 -31.302 77.890 95.354 -31.086
3 0 77.890 95.354 -31.086 76.049 100.063 -27.379 76.148 100.668 -27.679
3 0 76.049 100.063 -27.379 77.890 95.354 -31.086 77.321 95.247 -30.724
3 0 77.321 95.247 -30.724 76.200 99.431 -27.168 76.049 100.063 -27.379
3 0 78.099 96.608 -26.714 77.581 96.313 -26.380 74.754 94.175 -28.601
3 0 74.754 94.175 -28.601 75.244 93.722 -28.455 78.099 96.608 -26.714
3 0 78.433 97.095 -27.057 78.099 96.608 -26.714 75.244 93.722 -28.455
3 0 75.244 93.722 -28.455 75.855 93.421 -28.494 78.433 97.095 -27.057
3 0 78.532 97.700 -27.357 78.433 97.095 -27.057 75.855 93.421 -28.494
3 0 75.855 93.421 -28.494 76.494 93.315 -28.711 78.532 97.700 -27.357
3 0 78.381 98.332 -27.568 78.532 97.700 -27.357 76.494 93.315 -28.711
3 0 76.494 93.315 -28.711 77.064 93.422 -29.072 78.381 98.332 -27.568
3 0 75.682 99.136 -26.834 76.200 99.431 -27.168 77.321 95.247 -30.724
3 0 77.321 95.247 -30.724 76.830 95.699 -30.869 75.682 99.136 -26.834
3 0 75.348 98.649 -26.491 75.682 99.136 -26.834 76.830 95.699 -30.869
3 0 76.830 95.699 -30.869 76.219 96.001 -30.831 75.348 98.649 -26.491
3 0 75.249 98.044 -26.192 75.348 98.649 -26.491 76.219 96.001 -30.831
3 0 76.219 96.001 -30.831 75.580 96.106 -30.614 75.249 98.044 -26.192
3 0 75.400 97.412 -25.981 75.249 98.044 -26.192 75.580 96.106 -30.614
3 0 75.580 96.106 -30.614 75.011 95.999 -30.253 75.400 97.412 -25.981
3 0 77.300 94.589 -25.527 76.782 94.295 -25.194 72.444 94.927 -28.129
3 0 72.444 94.927 -28.129 72.935 94.475 -27.984 77.300 94.589 -25.527
3 0 77.634 95.077 -25.870 77.300 94.589 -25.527 72.935 94.475 -27.984
3 0 72.935 94.475 -27.984 73.546 94.173 -28.023 77.634 95.077 -25.870
3 0 77.733 95.682 -26.170 77.634 95.077 -25.870 73.546 94.173 -28.023
3 0 73.546 94.173 -28.023 74.185 94.067 -28.239 77.733 95.682 -26.170
3 0 77.581 96.313 -26.380 77.733 95.682 -26.170 74.185 94.067 -28.239
3 0 74.185 94.067 -28.239 74.754 94.175 -28.601 77.581 96.313 -26.380
3 0 74.883 97.118 -25.648 75.400 97.412 -25.981 75.011 95.999 -30.253
3 0 75.011 95.999 -30.253 74.521 96.451 -30.398 74.883 97.118 -25.648
3 0 74.549 96.631 -25.305 74.883 97.118 -25.648 74.521 96.451 -30.398
3 0 74.521 96.451 -30.398 73.910 96.753 -30.359 74.549 96.631 -25.305
3 0 74.450 96.025 -25.005 74.549 96.631 -25.305 73.910 96.753 -30.359
3 0 73.910 96.753 -30.359 73.271 96.859 -30.143 74.450 96.025 -25.005
3 0 74.601 95.394 -24.794 74.450 96.025 -25.005 73.271 96.859 -30.143
3 0 73.271 96.859 -30.143 72.702 96.752 -29.781 74.601 95.394 -24.794
3 0 74.601 95.394 -24.794 72.702 96.752 -29.781 72.211 97.204 -29.926
3 0 72.211 97.204 -29.926 74.083 95.099 -24.460 74.601 95.394 -24.794
3 0 74.083 95.099 -24.460 72.211 97.204 -29.926 71.600 97.506 -29.888
3 0 71.600 97.506 -29.888 73.749 94.612 -24.118 74.083 95.099 -24.460
3 0 73.749 94.612 -24.118 71.600 97.506 -29.888 70.961 97.611 -29.671
3 0 70.961 97.611 -29.671 73.650 94.006 -23.818 73.749 94.612 -24.118
3 0 73.650 94.006 -23.818 70.961 97.611 -29.671 70.391 97.504 -29.310
3 0 70.391 97.504 -29.310 73.801 93.375 -23.607 73.650 94.006 -23.818
3 0 73.801 93.375 -23.607 70.391 97.504 -29.310 69.978 97.201 -28.858
3 0 69.978 97.201 -28.858 74.179 92.813 -23.517 73.801 93.375 -23.607
3 0 74.179 92.813 -23.517 69.978 97.201 -28.858 69.784 96.748 -28.386
3 0 69.784 96.748 -28.386 74.726 92.407 -23.561 74.179 92.813 -23.517
3 0 74.726 92.407 -23.561 69.784 96.748 -28.386 69.839 96.214 -27.964
3 0 69.839 96.214 -27.964 75.359 92.218 -23.733 74.726 92.407 -23.561
3 0 75.359 92.218 -23.733 69.839 96.214 -27.964 70.134 95.680 -27.658
3 0 70.134 95.680 -27.658 75.982 92.276 -24.007 75.359 92.218 -23.733
3 0 75.982 92.276 -24.007 70.134 95.680 -27.658 70.625 95.227 -27.513
3 0 70.625 95.227 -27.513 76.500 92.570 -24.340 75.982 92.276 -24.007
3 0 76.500 92.570 -24.340 70.625 95.227 -27.513 71.236 94.926 -27.551
3 0 71.236 94.926 -27.551 76.834 93.058 -24.683 76.500 92.570 -24.340
3 0 76.834 93.058 -24.683 71.236 94.926 -27.551 71.875 94.820 -27.768
3 0 71.875 94.820 -27.768 76.933 93.663 -24.983 76.834 93.058 -24.683
3 0 76.933 93.663 -24.983 71.875 94.820 -27.768 72.444 94.927 -28.129
3 0 72.444 94.927 -28.129 76.782 94.295 -25.194 76.933 93.663 -24.983
3 0 79.436 99.947 -23.474 78.381 98.332 -27.568 78.899 98.627 -27.901
3 0 78.899 98.627 -27.901 79.927 100.356 -23.713 79.436 99.947 -23.474
3 0 79.927 100.356 -23.713 78.899 98.627 -27.901 79.233 99.114 -28.244
3 0 79.233 99.114 -28.244 80.211 100.934 -23.941 79.927 100.356 -23.713
3 0 80.211 100.934 -23.941 79.233 99.114 -28.244 79.332 99.719 -28.544
3 0 79.332 99.719 -28.544 80.247 101.591 -24.121 80.211 100.934 -23.941
3 0 80.247 101.591 -24.121 79.332 99.719 -28.544 79.181 100.351 -28.755
3 0 79.181 100.351 -28.755 80.026 102.229 -24.227 80.247 101.591 -24.121
3 0 80.026 102.229 -24.227 79.181 100.351 -28.755 78.803 100.913 -28.845
3 0 78.803 100.913 -28.845 79.585 102.749 -24.242 80.026 102.229 -24.227
3 0 79.585 102.749 -24.242 78.803 100.913 -28.845 78.256 101.319 -28.801
3 0 78.256 101.319 -28.801 78.989 103.074 -24.165 79.585 102.749 -24.242
3 0 78.989 103.074 -24.165 78.256 101.319 -28.801 77.623 101.507 -28.629
3 0 77.623 101.507 -28.629 78.329 103.152 -24.007 78.989 103.074 -24.165
3 0 78.329 103.152 -24.007 77.623 101.507 -28.629 77.000 101.450 -28.355
3 0 77.000 101.450 -28.355 77.706 102.973 -23.792 78.329 103.152 -24.007
3 0 77.706 102.973 -23.792 77.000 101.450 -28.355 76.482 101.155 -28.021
3 0 76.482 101.155 -28.021 77.215 102.563 -23.552 77.706 102.973 -23.792
3 0 77.215 102.563 -23.552 76.482 101.155 -28.021 76.148 100.668 -27.679
3 0 76.148 100.668 -27.679 76.931 101.986 -23.325 77.215 102.563 -23.552
3 0 76.931 101.986 -23.325 76.148 100.668 -27.679 76.049 100.063 -27.379
3 0 76.049 100.063 -27.379 76.896 101.328 -23.145 76.931 101.986 -23.325
3 0 76.896 101.328 -23.145 76.049 100.063 -27.379 76.200 99.431 -27.168
3 0 76.200 99.431 -27.168 77.116 100.691 -23.039 76.896 101.328 -23.145
3 0 79.336 98.074 -22.960 78.845 97.664 -22.721 77.581 96.313 -26.380
3 0 77.581 96.313 -26.380 78.099 96.608 -26.714 79.336 98.074 -22.960
3 0 79.621 98.651 -23.188 79.336 98.074 -22.960 78.099 96.608 -26.714
3 0 78.099 96.608 -26.714 78.433 97.095 -27.057 79.621 98.651 -23.188
3 0 79.656 99.309 -23.368 79.621 98.651 -23.188 78.433 97.095 -27.057
3 0 78.433 97.095 -27.057 78.532 97.700 -27.357 79.656 99.309 -23.368
3 0 79.436 99.947 -23.474 79.656 99.309 -23.368 78.532 97.700 -27.357
3 0 78.532 97.700 -27.357 78.381 98.332 -27.568 79.436 99.947 -23.474
3 0 76.625 100.281 -22.799 77.116 100.691 -23.039 76.200 99.431 -27.168
3 0 76.200 99.431 -27.168 75.682 99.136 -26.834 76.625 100.281 -22.799
3 0 76.340 99.703 -22.572 76.625 100.281 -22.799 75.682 99.136 -26.834
3 0 75.682 99.136 -26.834 75.348 98.649 -26.491 76.340 99.703 -22.572
3 0 76.305 99.046 -22.392 76.340 99.703 -22.572 75.348 98.649 -26.491
3 0 75.348 98.649 -26.491 75.249 98.044 -26.192 76.305 99.046 -22.392
3 0 76.525 98.408 -22.286 76.305 99.046 -22.392 75.249 98.044 -26.192
3 0 75.249 98.044 -26.192 75.400 97.412 -25.981 76.525 98.408 -22.286
3 0 78.746 95.792 -22.208 78.255 95.383 -21.968 76.782 94.295 -25.194
3 0 76.782 94.295 -25.194 77.300 94.589 -25.527 78.746 95.792 -22.208
3 0 79.030 96.370 -22.435 78.746 95.792 -22.208 77.300 94.589 -25.527
3 0 77.300 94.589 -25.527 77.634 95.077 -25.870 79.030 96.370 -22.435
3 0 79.065 97.027 -22.615 79.030 96.370 -22.435 77.634 95.077 -25.870
3 0 77.634 95.077 -25.870 77.733 95.682 -26.170 79.065 97.027 -22.615
3 0 78.845 97.664 -22.721 79.065 97.027 -22.615 77.733 95.682 -26.170
3 0 77.733 95.682 -26.170 77.581 96.313 -26.380 78.845 97.664 -22.721
3 0 76.034 97.999 -22.047 76.525 98.408 -22.286 75.400 97.412 -25.981
3 0 75.400 97.412 -25.981 74.883 97.118 -25.648 76.034 97.999 -22.047
3 0 75.750 97.422 -21.820 76.034 97.999 -22.047 74.883 97.118 -25.648
3 0 74.883 97.118 -25.648 74.549 96.631 -25.305 75.750 97.422 -21.820
3 0 75.715 96.764 -21.639 75.750 97.422 -21.820 74.549 96.631 -25.305
3 0 74.549 96.631 -25.305 74.450 96.025 -25.005 75.715 96.764 -21.639
3 0 75.935 96.126 -21.533 75.715 96.764 -21.639 74.450 96.025 -25.005
3 0 74.450 96.025 -25.005 74.601 95.394 -24.794 75.935 96.126 -21.533
3 0 75.935 96.126 -21.533 74.601 95.394 -24.794 74.083 95.099 -24.460
3 0 74.083 95.099 -24.460 75.444 95.717 -21.294 75.935 96.126 -21.533
3 0 75.444 95.717 -21.294 74.083 95.099 -24.460 73.749 94.612 -24.118
3 0 73.749 94.612 -24.118 75.159 95.139 -21.067 75.444 95.717 -21.294
3 0 75.159 95.139 -21.067 73.749 94.612 -24.118 73.650 94.006 -23.818
3 0 73.650 94.006 -23.818 75.124 94.482 -20.886 75.159 95.139 -21.067
3 0 75.124 94.482 -20.886 73.650 94.006 -23.818 73.801 93.375 -23.607
3 0 73.801 93.375 -23.607 75.344 93.844 -20.780 75.124 94.482 -20.886
3 0 75.344 93.844 -20.780 73.801 93.375 -23.607 74.179 92.813 -23.517
3 0 74.179 92.813 -23.517 75.786 93.323 -20.765 75.344 93.844 -20.780
3 0 75.786 93.323 -20.765 74.179 92.813 -23.517 74.726 92.407 -23.561
3 0 74.726 92.407 -23.561 76.382 92.999 -20.842 75.786 93.323 -20.765
3 0 76.382 92.999 -20.842 74.726 92.407 -23.561 75.359 92.218 -23.733
3 0 75.359 92.218 -23.733 77.041 92.921 -21.000 76.382 92.999 -20.842
3 0 77.041 92.921 -21.000 75.359 92.218 -23.733 75.982 92.276 -24.007
3 0 75.982 92.276 -24.007 77.664 93.100 -21.215 77.041 92.921 -21.000
3 0 77.664 93.100 -21.215 75.982 92.276 -24.007 76.500 92.570 -24.340
3 0 76.500 92.570 -24.340 78.155 93.510 -21.455 77.664 93.100 -21.215
3 0 78.155 93.510 -21.455 76.500 92.570 -24.340 76.834 93.058 -24.683
3 0 76.834 93.058 -24.683 78.440 94.087 -21.682 78.155 93.510 -21.455
3 0 78.440 94.087 -21.682 76.834 93.058 -24.683 76.933 93.663 -24.983
3 0 76.933 93.663 -24.983 78.475 94.745 -21.862 78.440 94.087 -21.682
3 0 78.475 94.745 -21.862 76.933 93.663 -24.983 76.782 94.295 -25.194
3 0 76.782 94.295 -25.194 78.255 95.383 -21.968 78.475 94.745 -21.862
3 0 80.202 100.932 -19.289 79.436 99.947 -23.474 79.927 100.356 -23.713
3 0 79.927 100.356 -23.713 80.674 101.397 -19.454 80.202 100.932 -19.289
3 0 80.674 101.397 -19.454 79.927 100.356 -23.713 80.211 100.934 -23.941
3 0 80.211 100.934 -23.941 80.928 102.013 -19.603 80.674 101.397 -19.454
3 0 80.928 102.013 -19.603 80.211 100.934 -23.941 80.247 101.591 -24.121
3 0 80.247 101.591 -24.121 80.924 102.687 -19.714 80.928 102.013 -19.603
3 0 80.924 102.687 -19.714 80.247 101.591 -24.121 80.026 102.229 -24.227
3 0 80.026 102.229 -24.227 80.664 103.315 -19.769 80.924 102.687 -19.714
3 0 80.664 103.315 -19.769 80.026 102.229 -24.227 79.585 102.749 -24.242
3 0 79.585 102.749 -24.242 80.186 103.803 -19.761 80.664 103.315 -19.769
3 0 80.186 103.803 -19.761 79.585 102.749 -24.242 78.989 103.074 -24.165
3 0 78.989 103.074 -24.165 79.564 104.076 -19.690 80.186 103.803 -19.761
3 0 79.564 104.076 -19.690 78.989 103.074 -24.165 78.329 103.152 -24.007
3 0 78.329 103.152 -24.007 78.893 104.093 -19.568 79.564 104.076 -19.690
3 0 78.893 104.093 -19.568 78.329 103.152 -24.007 77.706 102.973 -23.792
3 0 77.706 102.973 -23.792 78.274 103.850 -19.413 78.893 104.093 -19.568
3 0 78.274 103.850 -19.413 77.706 102.973 -23.792 77.215 102.563 -23.552
3 0 77.215 102.563 -23.552 77.801 103.385 -19.248 78.274 103.850 -19.413
3 0 77.801 103.385 -19.248 77.215 102.563 -23.552 76.931 101.986 -23.325
3 0 76.931 101.986 -23.325 77.548 102.769 -19.099 77.801 103.385 -19.248
3 0 77.548 102.769 -19.099 76.931 101.986 -23.325 76.896 101.328 -23.145
3 0 76.896 101.328 -23.145 77.552 102.095 -18.988 77.548 102.769 -19.099
3 0 77.552 102.095 -18.988 76.896 101.328 -23.145 77.116 100.691 -23.039
3 0 77.116 100.691 -23.039 77.812 101.466 -18.933 77.552 102.095 -18.988
3 0 80.213 99.013 -18.974 79.741 98.548 -18.809 78.845 97.664 -22.721
3 0 78.845 97.664 -22.721 79.336 98.074 -22.960 80.213 99.013 -18.974
3 0 80.466 99.629 -19.123 80.213 99.013 -18.974 79.336 98.074 -22.960
3 0 79.336 98.074 -22.960 79.621 98.651 -23.188 80.466 99.629 -19.123
3 0 80.463 100.303 -19.234 80.466 99.629 -19.123 79.621 98.651 -23.188
3 0 79.621 98.651 -23.188 79.656 99.309 -23.368 80.463 100.303 -19.234
3 0 80.202 100.932 -19.289 80.463 100.303 -19.234 79.656 99.309 -23.368
3 0 79.656 99.309 -23.368 79.436 99.947 -23.474 80.202 100.932 -19.289
3 0 77.340 101.001 -18.768 77.812 101.466 -18.933 77.116 100.691 -23.039
3 0 77.116 100.691 -23.039 76.625 100.281 -22.799 77.340 101.001 -18.768
3 0 77.086 100.385 -18.619 77.340 101.001 -18.768 76.625 100.281 -22.799
3 0 76.625 100.281 -22.799 76.340 99.703 -22.572 77.086 100.385 -18.619
3 0 77.090 99.711 -18.509 77.086 100.385 -18.619 76.340 99.703 -22.572
3 0 76.340 99.703 -22.572 76.305 99.046 -22.392 77.090 99.711 -18.509
3 0 77.351 99.082 -18.453 77.090 99.711 -18.509 76.305 99.046 -22.392
3 0 76.305 99.046 -22.392 76.525 98.408 -22.286 77.351 99.082 -18.453
3 0 79.752 96.630 -18.494 79.279 96.165 -18.330 78.255 95.383 -21.968
3 0 78.255 95.383 -21.968 78.746 95.792 -22.208 79.752 96.630 -18.494
3 0 80.005 97.246 -18.644 79.752 96.630 -18.494 78.746 95.792 -22.208
3 0 78.746 95.792 -22.208 79.030 96.370 -22.435 80.005 97.246 -18.644
3 0 80.001 97.920 -18.754 80.005 97.246 -18.644 79.030 96.370 -22.435
3 0 79.030 96.370 -22.435 79.065 97.027 -22.615 80.001 97.920 -18.754
3 0 79.741 98.548 -18.809 80.001 97.920 -18.754 79.065 97.027 -22.615
3 0 79.065 97.027 -22.615 78.845 97.664 -22.721 79.741 98.548 -18.809
3 0 76.879 98.618 -18.288 77.351 99.082 -18.453 76.525 98.408 -22.286
3 0 76.525 98.408 -22.286 76.034 97.999 -22.047 76.879 98.618 -18.288
3 0 76.625 98.002 -18.139 76.879 98.618 -18.288 76.034 97.999 -22.047
3 0 76.034 97.999 -22.047 75.750 97.422 -21.820 76.625 98.002 -18.139
3 0 76.629 97.328 -18.029 76.625 98.002 -18.139 75.750 97.422 -21.820
3 0 75.750 97.422 -21.820 75.715 96.764 -21.639 76.629 97.328 -18.029
3 0 76.889 96.700 -17.973 76.629 97.328 -18.029 75.715 96.764 -21.639
3 0 75.715 96.764 -21.639 75.935 96.126 -21.533 76.889 96.700 -17.973
3 0 76.889 96.700 -17.973 75.935 96.126 -21.533 75.444 95.717 -21.294
3 0 75.444 95.717 -21.294 76.417 96.235 -17.809 76.889 96.700 -17.973
3 0 76.417 96.235 -17.809 75.444 95.717 -21.294 75.159 95.139 -21.067
3 0 75.159 95.139 -21.067 76.164 95.618 -17.660 76.417 96.235 -17.809
3 0 76.164 95.618 -17.660 75.159 95.139 -21.067 75.124 94.482 -20.886
3 0 75.124 94.482 -20.886 76.167 94.945 -17.549 76.164 95.618 -17.660
3 0 76.167 94.945 -17.549 75.124 94.482 -20.886 75.344 93.844 -20.780
3 0 75.344 93.844 -20.780 76.428 94.316 -17.493 76.167 94.945 -17.549
3 0 76.428 94.316 -17.493 75.344 93.844 -20.780 75.786 93.323 -20.765
3 0 75.786 93.323 -20.765 76.906 93.828 -17.502 76.428 94.316 -17.493
3 0 76.906 93.828 -17.502 75.786 93.323 -20.765 76.382 92.999 -20.842
3 0 76.382 92.999 -20.842 77.527 93.555 -17.572 76.906 93.828 -17.502
3 0 77.527 93.555 -17.572 76.382 92.999 -20.842 77.041 92.921 -21.000
3 0 77.041 92.921 -21.000 78.199 93.539 -17.694 77.527 93.555 -17.572
3 0 78.199 93.539 -17.694 77.041 92.921 -21.000 77.664 93.100 -21.215
3 0 77.664 93.100 -21.215 78.818 93.781 -17.850 78.199 93.539 -17.694
3 0 78.818 93.781 -17.850 77.664 93.100 -21.215 78.155 93.510 -21.455
3 0 78.155 93.510 -21.455 79.290 94.246 -18.015 78.818 93.781 -17.850
3 0 79.290 94.246 -18.015 78.155 93.510 -21.455 78.440 94.087 -21.682
3 0 78.440 94.087 -21.682 79.544 94.863 -18.164 79.290 94.246 -18.015
3 0 79.544 94.863 -18.164 78.440 94.087 -21.682 78.475 94.745 -21.862
3 0 78.475 94.745 -21.862 79.540 95.536 -18.274 79.544 94.863 -18.164
3 0 79.540 95.536 -18.274 78.475 94.745 -21.862 78.255 95.383 -21.968
3 0 78.255 95.383 -21.968 79.279 96.165 -18.330 79.540 95.536 -18.274
3 0 81.168 102.064 -15.217 80.714 101.566 -15.106 80.202 100.932 -19.289
3 0 80.202 100.932 -19.289 80.674 101.397 -19.454 81.168 102.064 -15.217
3 0 81.393 102.701 -15.315 81.168 102.064 -15.217 80.674 101.397 -19.454
3 0 80.674 101.397 -19.454 80.928 102.013 -19.603 81.393 102.701 -15.315
3 0 81.358 103.380 -15.383 81.393 102.701 -15.315 80.928 102.013 -19.603
3 0 80.928 102.013 -19.603 80.924 102.687 -19.714 81.358 103.380 -15.383
3 0 81.358 103.380 -15.383 80.924 102.687 -19.714 80.664 103.315 -19.769
3 0 80.664 103.315 -19.769 81.066 103.996 -15.412 81.358 103.380 -15.383
3 0 81.066 103.996 -15.412 80.664 103.315 -19.769 80.186 103.803 -19.761
3 0 80.186 103.803 -19.761 80.563 104.457 -15.397 81.066 103.996 -15.412
3 0 80.563 104.457 -15.397 80.186 103.803 -19.761 79.564 104.076 -19.690
3 0 79.564 104.076 -19.690 79.924 104.692 -15.340 80.563 104.457 -15.397
3 0 79.924 104.692 -15.340 79.564 104.076 -19.690 78.893 104.093 -19.568
3 0 78.893 104.093 -19.568 79.248 104.666 -15.251 79.924 104.692 -15.340
3 0 79.248 104.666 -15.251 78.893 104.093 -19.568 78.274 103.850 -19.413
3 0 78.274 103.850 -19.413 78.636 104.381 -15.142 79.248 104.666 -15.251
3 0 78.183 103.883 -15.031 78.636 104.381 -15.142 78.274 103.850 -19.413
3 0 78.274 103.850 -19.413 77.801 103.385 -19.248 78.183 103.883 -15.031
3 0 77.957 103.246 -14.934 78.183 103.883 -15.031 77.801 103.385 -19.248
3 0 77.801 103.385 -19.248 77.548 102.769 -19.099 77.957 103.246 -14.934
3 0 77.993 102.568 -14.866 77.957 103.246 -14.934 77.548 102.769 -19.099
3 0 77.548 102.769 -19.099 77.552 102.095 -18.988 77.993 102.568 -14.866
3 0 77.993 102.568 -14.866 77.552 102.095 -18.988 77.812 101.466 -18.933
3 0 77.812 101.466 -18.933 78.285 101.951 -14.837 77.993 102.568 -14.866
3 0 80.816 99.633 -14.912 80.363 99.135 -14.801 79.741 98.548 -18.809
3 0 79.741 98.548 -18.809 80.213 99.013 -18.974 80.816 99.633 -14.912
3 0 81.042 100.270 -15.009 80.816 99.633 -14.912 80.213 99.013 -18.974
3 0 80.213 99.013 -18.974 80.466 99.629 -19.123 81.042 100.270 -15.009
3 0 81.006 100.949 -15.077 81.042 100.270 -15.009 80.466 99.629 -19.123
3 0 80.466 99.629 -19.123 80.463 100.303 -19.234 81.006 100.949 -15.077
3 0 80.714 101.566 -15.106 81.006 100.949 -15.077 80.463 100.303 -19.234
3 0 80.463 100.303 -19.234 80.202 100.932 -19.289 80.714 101.566 -15.106
3 0 77.832 101.452 -14.726 78.285 101.951 -14.837 77.812 101.466 -18.933
3 0 77.812 101.466 -18.933 77.340 101.001 -18.768 77.832 101.452 -14.726
3 0 77.606 100.815 -14.628 77.832 101.452 -14.726 77.340 101.001 -18.768
3 0 77.340 101.001 -18.768 77.086 100.385 -18.619 77.606 100.815 -14.628
3 0 77.641 100.137 -14.560 77.606 100.815 -14.628 77.086 100.385 -18.619
3 0 77.086 100.385 -18.619 77.090 99.711 -18.509 77.641 100.137 -14.560
3 0 77.933 99.520 -14.532 77.641 100.137 -14.560 77.090 99.711 -18.509
3 0 77.090 99.711 -18.509 77.351 99.082 -18.453 77.933 99.520 -14.532
3 0 80.465 97.203 -14.607 80.011 96.705 -14.495 79.279 96.165 -18.330
3 0 79.279 96.165 -18.330 79.752 96.630 -18.494 80.465 97.203 -14.607
3 0 80.690 97.840 -14.704 80.465 97.203 -14.607 79.752 96.630 -18.494
3 0 79.752 96.630 -18.494 80.005 97.246 -18.644 80.690 97.840 -14.704
3 0 80.655 98.519 -14.772 80.690 97.840 -14.704 80.005 97.246 -18.644
3 0 80.005 97.246 -18.644 80.001 97.920 -18.754 80.655 98.519 -14.772
3 0 80.363 99.135 -14.801 80.655 98.519 -14.772 80.001 97.920 -18.754
3 0 80.001 97.920 -18.754 79.741 98.548 -18.809 80.363 99.135 -14.801
3 0 77.480 99.022 -14.420 77.933 99.520 -14.532 77.351 99.082 -18.453
3 0 77.351 99.082 -18.453 76.879 98.618 -18.288 77.480 99.022 -14.420
3 0 77.254 98.385 -14.323 77.480 99.022 -14.420 76.879 98.618 -18.288
3 0 76.879 98.618 -18.288 76.625 98.002 -18.139 77.254 98.385 -14.323
3 0 77.290 97.707 -14.255 77.254 98.385 -14.323 76.625 98.002 -18.139
3 0 76.625 98.002 -18.139 76.629 97.328 -18.029 77.290 97.707 -14.255
3 0 77.582 97.090 -14.226 77.290 97.707 -14.255 76.629 97.328 -18.029
3 0 76.629 97.328 -18.029 76.889 96.700 -17.973 77.582 97.090 -14.226
3 0 77.582 97.090 -14.226 76.889 96.700 -17.973 76.417 96.235 -17.809
3 0 76.417 96.235 -17.809 77.128 96.592 -14.115 77.582 97.090 -14.226
3 0 77.128 96.592 -14.115 76.417 96.235 -17.809 76.164 95.618 -17.660
3 0 76.164 95.618 -17.660 76.903 95.955 -14.018 77.128 96.592 -14.115
3 0 76.903 95.955 -14.018 76.164 95.618 -17.660 76.167 94.945 -17.549
3 0 76.167 94.945 -17.549 76.938 95.276 -13.950 76.903 95.955 -14.018
3 0 76.938 95.276 -13.950 76.167 94.945 -17.549 76.428 94.316 -17.493
3 0 76.428 94.316 -17.493 77.230 94.659 -13.921 76.938 95.276 -13.950
3 0 77.230 94.659 -13.921 76.428 94.316 -17.493 76.906 93.828 -17.502
3 0 76.906 93.828 -17.502 77.734 94.198 -13.936 77.230 94.659 -13.921
3 0 77.734 94.198 -13.936 76.906 93.828 -17.502 77.527 93.555 -17.572
3 0 77.527 93.555 -17.572 78.372 93.963 -13.992 77.734 94.198 -13.936
3 0 78.372 93.963 -13.992 77.527 93.555 -17.572 78.199 93.539 -17.694
3 0 78.199 93.539 -17.694 79.049 93.990 -14.081 78.372 93.963 -13.992
3 0 79.049 93.990 -14.081 78.199 93.539 -17.694 78.818 93.781 -17.850
3 0 78.818 93.781 -17.850 79.660 94.274 -14.190 79.049 93.990 -14.081
3 0 79.660 94.274 -14.190 78.818 93.781 -17.850 79.290 94.246 -18.015
3 0 79.290 94.246 -18.015 80.113 94.773 -14.301 79.660 94.274 -14.190
3 0 80.113 94.773 -14.301 79.290 94.246 -18.015 79.544 94.863 -18.164
3 0 79.544 94.863 -18.164 80.339 95.410 -14.398 80.113 94.773 -14.301
3 0 80.339 95.410 -14.398 79.544 94.863 -18.164 79.540 95.536 -18.274
3 0 79.540 95.536 -18.274 80.303 96.088 -14.467 80.339 95.410 -14.398
3 0 80.303 96.088 -14.467 79.540 95.536 -18.274 79.279 96.165 -18.330
3 0 79.279 96.165 -18.330 80.011 96.705 -14.495 80.303 96.088 -14.467
3 0 81.485 102.508 -11.011 81.050 101.986 -10.939 80.714 101.566 -15.106
3 0 80.714 101.566 -15.106 81.168 102.064 -15.217 81.485 102.508 -11.011
3 0 81.686 103.157 -11.072 81.485 102.508 -11.011 81.168 102.064 -15.217
3 0 81.168 102.064 -15.217 81.393 102.701 -15.315 81.686 103.157 -11.072
3 0 81.624 103.836 -11.112 81.686 103.157 -11.072 81.393 102.701 -15.315
3 0 81.393 102.701 -15.315 81.358 103.380 -15.383 81.624 103.836 -11.112
3 0 81.306 104.441 -11.126 81.624 103.836 -11.112 81.358 103.380 -15.383
3 0 81.358 103.380 -15.383 81.066 103.996 -15.412 81.306 104.441 -11.126
3 0 80.783 104.879 -11.112 81.306 104.441 -11.126 81.066 103.996 -15.412
3 0 81.066 103.996 -15.412 80.563 104.457 -15.397 80.783 104.879 -11.112
3 0 80.133 105.084 -11.071 80.783 104.879 -11.112 80.563 104.457 -15.397
3 0 80.563 104.457 -15.397 79.924 104.692 -15.340 80.133 105.084 -11.071
3 0 79.456 105.026 -11.011 80.133 105.084 -11.071 79.924 104.692 -15.340
3 0 79.924 104.692 -15.340 79.248 104.666 -15.251 79.456 105.026 -11.011
3 0 78.854 104.712 -10.939 79.456 105.026 -11.011 79.248 104.666 -15.251
3 0 79.248 104.666 -15.251 78.636 104.381 -15.142 78.854 104.712 -10.939
3 0 78.419 104.190 -10.867 78.854 104.712 -10.939 78.636 104.381 -15.142
3 0 78.636 104.381 -15.142 78.183 103.883 -15.031 78.419 104.190 -10.867
3 0 78.217 103.541 -10.807 78.419 104.190 -10.867 78.183 103.883 -15.031
3 0 78.183 103.883 -15.031 77.957 103.246 -14.934 78.217 103.541 -10.807
3 0 78.280 102.862 -10.766 78.217 103.541 -10.807 77.957 103.246 -14.934
3 0 77.957 103.246 -14.934 77.993 102.568 -14.866 78.280 102.862 -10.766
3 0 78.597 102.257 -10.752 78.280 102.862 -10.766 77.993 102.568 -14.866
3 0 77.993 102.568 -14.866 78.285 101.951 -14.837 78.597 102.257 -10.752
3 0 80.816 99.633 -14.912 81.228 100.053 -10.824 80.793 99.532 -10.753
3 0 80.793 99.532 -10.753 80.363 99.135 -14.801 80.816 99.633 -14.912
3 0 81.042 100.270 -15.009 81.429 100.703 -10.885 81.228 100.053 -10.824
3 0 81.228 100.053 -10.824 80.816 99.633 -14.912 81.042 100.270 -15.009
3 0 81.006 100.949 -15.077 81.367 101.382 -10.925 81.429 100.703 -10.885
3 0 81.429 100.703 -10.885 81.042 100.270 -15.009 81.006 100.949 -15.077
3 0 80.714 101.566 -15.106 81.050 101.986 -10.939 81.367 101.382 -10.925
3 0 81.367 101.382 -10.925 81.006 100.949 -15.077 80.714 101.566 -15.106
3 0 77.832 101.452 -14.726 78.162 101.736 -10.680 78.597 102.257 -10.752
3 0 78.597 102.257 -10.752 78.285 101.951 -14.837 77.832 101.452 -14.726
3 0 77.606 100.815 -14.628 77.961 101.086 -10.620 78.162 101.736 -10.680
3 0 78.162 101.736 -10.680 77.832 101.452 -14.726 77.606 100.815 -14.628
3 0 77.641 100.137 -14.560 78.023 100.407 -10.579 77.961 101.086 -10.620
3 0 77.961 101.086 -10.620 77.606 100.815 -14.628 77.641 100.137 -14.560
3 0 77.933 99.520 -14.532 78.340 99.803 -10.565 78.023 100.407 -10.579
3 0 78.023 100.407 -10.579 77.641 100.137 -14.560 77.933 99.520 -14.532
3 0 80.465 97.203 -14.607 80.971 97.600 -10.637 80.536 97.078 -10.566
3 0 80.536 97.078 -10.566 80.011 96.705 -14.495 80.465 97.203 -14.607
3 0 80.690 97.840 -14.704 81.173 98.249 -10.698 80.971 97.600 -10.637
3 0 80.971 97.600 -10.637 80.465 97.203 -14.607 80.690 97.840 -14.704
3 0 80.655 98.519 -14.772 81.110 98.928 -10.739 81.173 98.249 -10.698
3 0 81.173 98.249 -10.698 80.690 97.840 -14.704 80.655 98.519 -14.772
3 0 80.363 99.135 -14.801 80.793 99.532 -10.753 81.110 98.928 -10.739
3 0 81.110 98.928 -10.739 80.655 98.519 -14.772 80.363 99.135 -14.801
3 0 77.480 99.022 -14.420 77.905 99.282 -10.494 78.340 99.803 -10.565
3 0 78.340 99.803 -10.565 77.933 99.520 -14.532 77.480 99.022 -14.420
3 0 77.254 98.385 -14.323 77.704 98.632 -10.433 77.905 99.282 -10.494
3 0 77.905 99.282 -10.494 77.480 99.022 -14.420 77.254 98.385 -14.323
3 0 77.290 97.707 -14.255 77.766 97.954 -10.392 77.704 98.632 -10.433
3 0 77.704 98.632 -10.433 77.254 98.385 -14.323 77.290 97.707 -14.255
3 0 77.582 97.090 -14.226 78.083 97.349 -10.378 77.766 97.954 -10.392
3 0 77.766 97.954 -10.392 77.290 97.707 -14.255 77.582 97.090 -14.226
3 0 77.649 96.827 -10.307 78.083 97.349 -10.378 77.582 97.090 -14.226
3 0 77.582 97.090 -14.226 77.128 96.592 -14.115 77.649 96.827 -10.307
3 0 77.447 96.178 -10.246 77.649 96.827 -10.307 77.128 96.592 -14.115
3 0 77.128 96.592 -14.115 76.903 95.955 -14.018 77.447 96.178 -10.246
3 0 77.510 95.499 -10.205 77.447 96.178 -10.246 76.903 95.955 -14.018
3 0 76.903 95.955 -14.018 76.938 95.276 -13.950 77.510 95.499 -10.205
3 0 77.827 94.895 -10.191 77.510 95.499 -10.205 76.938 95.276 -13.950
3 0 76.938 95.276 -13.950 77.230 94.659 -13.921 77.827 94.895 -10.191
3 0 78.350 94.456 -10.206 77.827 94.895 -10.191 77.230 94.659 -13.921
3 0 77.230 94.659 -13.921 77.734 94.198 -13.936 78.350 94.456 -10.206
3 0 79.000 94.251 -10.246 78.350 94.456 -10.206 77.734 94.198 -13.936
3 0 77.734 94.198 -13.936 78.372 93.963 -13.992 79.000 94.251 -10.246
3 0 79.677 94.310 -10.307 79.000 94.251 -10.246 78.372 93.963 -13.992
3 0 78.372 93.963 -13.992 79.049 93.990 -14.081 79.677 94.310 -10.307
3 0 80.279 94.624 -10.379 79.677 94.310 -10.307 79.049 93.990 -14.081
3 0 79.049 93.990 -14.081 79.660 94.274 -14.190 80.279 94.624 -10.379
3 0 80.714 95.145 -10.450 80.279 94.624 -10.379 79.660 94.274 -14.190
3 0 79.660 94.274 -14.190 80.113 94.773 -14.301 80.714 95.145 -10.450
3 0 80.916 95.795 -10.511 80.714 95.145 -10.450 80.113 94.773 -14.301
3 0 80.113 94.773 -14.301 80.339 95.410 -14.398 80.916 95.795 -10.511
3 0 80.853 96.474 -10.552 80.916 95.795 -10.511 80.339 95.410 -14.398
3 0 80.339 95.410 -14.398 80.303 96.088 -14.467 80.853 96.474 -10.552
3 0 80.536 97.078 -10.566 80.853 96.474 -10.552 80.303 96.088 -14.467
3 0 80.303 96.088 -14.467 80.011 96.705 -14.495 80.536 97.078 -10.566
3 0 81.648 102.783 -6.828 81.230 102.245 -6.787 81.050 101.986 -10.939
3 0 81.050 101.986 -10.939 81.485 102.508 -11.011 81.648 102.783 -6.828
3 0 81.828 103.441 -6.861 81.648 102.783 -6.828 81.485 102.508 -11.011
3 0 81.485 102.508 -11.011 81.686 103.157 -11.072 81.828 103.441 -6.861
3 0 81.742 104.118 -6.883 81.828 103.441 -6.861 81.686 103.157 -11.072
3 0 81.686 103.157 -11.072 81.624 103.836 -11.112 81.742 104.118 -6.883
3 0 81.404 104.711 -6.889 81.742 104.118 -6.883 81.624 103.836 -11.112
3 0 81.624 103.836 -11.112 81.306 104.441 -11.126 81.404 104.711 -6.889
3 0 80.865 105.131 -6.878 81.404 104.711 -6.889 81.306 104.441 -11.126
3 0 81.306 104.441 -11.126 80.783 104.879 -11.112 80.865 105.131 -6.878
3 0 80.207 105.312 -6.853 80.865 105.131 -6.878 80.783 104.879 -11.112
3 0 80.783 104.879 -11.112 80.133 105.084 -11.071 80.207 105.312 -6.853
3 0 79.531 105.227 -6.817 80.207 105.312 -6.853 80.133 105.084 -11.071
3 0 80.133 105.084 -11.071 79.456 105.026 -11.011 79.531 105.227 -6.817
3 0 78.939 104.890 -6.775 79.531 105.227 -6.817 79.456 105.026 -11.011
3 0 79.456 105.026 -11.011 78.854 104.712 -10.939 78.939 104.890 -6.775
3 0 78.521 104.352 -6.734 78.939 104.890 -6.775 78.854 104.712 -10.939
3 0 78.854 104.712 -10.939 78.419 104.190 -10.867 78.521 104.352 -6.734
3 0 78.341 103.694 -6.701 78.521 104.352 -6.734 78.419 104.190 -10.867
3 0 78.419 104.190 -10.867 78.217 103.541 -10.807 78.341 103.694 -6.701
3 0 78.427 103.017 -6.679 78.341 103.694 -6.701 78.217 103.541 -10.807
3 0 78.217 103.541 -10.807 78.280 102.862 -10.766 78.427 103.017 -6.679
3 0 78.765 102.423 -6.673 78.427 103.017 -6.679 78.280 102.862 -10.766
3 0 78.280 102.862 -10.766 78.597 102.257 -10.752 78.765 102.423 -6.673
3 0 81.228 100.053 -10.824 81.474 100.317 -6.726 81.057 99.778 -6.685
3 0 81.057 99.778 -6.685 80.793 99.532 -10.753 81.228 100.053 -10.824
3 0 81.429 100.703 -10.885 81.654 100.974 -6.760 81.474 100.317 -6.726
3 0 81.474 100.317 -6.726 81.228 100.053 -10.824 81.429 100.703 -10.885
3 0 81.367 101.382 -10.925 81.569 101.652 -6.781 81.654 100.974 -6.760
3 0 81.654 100.974 -6.760 81.429 100.703 -10.885 81.367 101.382 -10.925
3 0 81.050 101.986 -10.939 81.230 102.245 -6.787 81.569 101.652 -6.781
3 0 81.569 101.652 -6.781 81.367 101.382 -10.925 81.050 101.986 -10.939
3 0 78.162 101.736 -10.680 78.347 101.885 -6.632 78.765 102.423 -6.673
3 0 78.765 102.423 -6.673 78.597 102.257 -10.752 78.162 101.736 -10.680
3 0 77.961 101.086 -10.620 78.167 101.227 -6.599 78.347 101.885 -6.632
3 0 78.347 101.885 -6.632 78.162 101.736 -10.680 77.961 101.086 -10.620
3 0 78.023 100.407 -10.579 78.253 100.550 -6.577 78.167 101.227 -6.599
3 0 78.167 101.227 -6.599 77.961 101.086 -10.620 78.023 100.407 -10.579
3 0 78.340 99.803 -10.565 78.591 99.957 -6.571 78.253 100.550 -6.577
3 0 78.253 100.550 -6.577 78.023 100.407 -10.579 78.340 99.803 -10.565
3 0 80.971 97.600 -10.637 81.301 97.851 -6.624 80.883 97.312 -6.583
3 0 80.883 97.312 -6.583 80.536 97.078 -10.566 80.971 97.600 -10.637
3 0 81.173 98.249 -10.698 81.480 98.509 -6.658 81.301 97.851 -6.624
3 0 81.301 97.851 -6.624 80.971 97.600 -10.637 81.173 98.249 -10.698
3 0 81.110 98.928 -10.739 81.395 99.186 -6.679 81.480 98.509 -6.658
3 0 81.480 98.509 -6.658 81.173 98.249 -10.698 81.110 98.928 -10.739
3 0 80.793 99.532 -10.753 81.057 99.778 -6.685 81.395 99.186 -6.679
3 0 81.395 99.186 -6.679 81.110 98.928 -10.739 80.793 99.532 -10.753
3 0 77.905 99.282 -10.494 78.173 99.419 -6.531 78.591 99.957 -6.571
3 0 78.591 99.957 -6.571 78.340 99.803 -10.565 77.905 99.282 -10.494
3 0 77.704 98.632 -10.433 77.993 98.761 -6.497 78.173 99.419 -6.531
3 0 78.173 99.419 -6.531 77.905 99.282 -10.494 77.704 98.632 -10.433
3 0 77.766 97.954 -10.392 78.079 98.084 -6.476 77.993 98.761 -6.497
3 0 77.993 98.761 -6.497 77.704 98.632 -10.433 77.766 97.954 -10.392
3 0 78.083 97.349 -10.378 78.417 97.491 -6.470 78.079 98.084 -6.476
3 0 78.079 98.084 -6.476 77.766 97.954 -10.392 78.083 97.349 -10.378
3 0 77.999 96.952 -6.429 78.417 97.491 -6.470 78.083 97.349 -10.378
3 0 78.083 97.349 -10.378 77.649 96.827 -10.307 77.999 96.952 -6.429
3 0 77.819 96.294 -6.395 77.999 96.952 -6.429 77.649 96.827 -10.307
3 0 77.649 96.827 -10.307 77.447 96.178 -10.246 77.819 96.294 -6.395
3 0 77.905 95.617 -6.374 77.819 96.294 -6.395 77.447 96.178 -10.246
3 0 77.447 96.178 -10.246 77.510 95.499 -10.205 77.905 95.617 -6.374
3 0 78.243 95.024 -6.368 77.905 95.617 -6.374 77.510 95.499 -10.205
3 0 77.510 95.499 -10.205 77.827 94.895 -10.191 78.243 95.024 -6.368
3 0 78.782 94.605 -6.378 78.243 95.024 -6.368 77.827 94.895 -10.191
3 0 77.827 94.895 -10.191 78.350 94.456 -10.206 78.782 94.605 -6.378
3 0 79.440 94.424 -6.404 78.782 94.605 -6.378 78.350 94.456 -10.206
3 0 78.350 94.456 -10.206 79.000 94.251 -10.246 79.440 94.424 -6.404
3 0 80.116 94.508 -6.440 79.440 94.424 -6.404 79.000 94.251 -10.246
3 0 79.000 94.251 -10.246 79.677 94.310 -10.307 80.116 94.508 -6.440
3 0 80.709 94.846 -6.482 80.116 94.508 -6.440 79.677 94.310 -10.307
3 0 79.677 94.310 -10.307 80.279 94.624 -10.379 80.709 94.846 -6.482
3 0 81.127 95.384 -6.522 80.709 94.846 -6.482 80.279 94.624 -10.379
3 0 80.279 94.624 -10.379 80.714 95.145 -10.450 81.127 95.384 -6.522
3 0 81.306 96.042 -6.556 81.127 95.384 -6.522 80.714 95.145 -10.450
3 0 80.714 95.145 -10.450 80.916 95.795 -10.511 81.306 96.042 -6.556
3 0 81.221 96.719 -6.578 81.306 96.042 -6.556 80.916 95.795 -10.511
3 0 80.916 95.795 -10.511 80.853 96.474 -10.552 81.221 96.719 -6.578
3 0 80.883 97.312 -6.583 81.221 96.719 -6.578 80.853 96.474 -10.552
3 0 80.853 96.474 -10.552 80.536 97.078 -10.566 80.883 97.312 -6.583
3 0 81.698 102.946 -2.677 81.297 102.394 -2.659 81.230 102.245 -6.787
3 0 81.230 102.245 -6.787 81.648 102.783 -6.828 81.698 102.946 -2.677
3 0 81.858 103.610 -2.692 81.698 102.946 -2.677 81.648 102.783 -6.828
3 0 81.648 102.783 -6.828 81.828 103.441 -6.861 81.858 103.610 -2.692
3 0 81.752 104.284 -2.701 81.858 103.610 -2.692 81.828 103.441 -6.861
3 0 81.828 103.441 -6.861 81.742 104.118 -6.883 81.752 104.284 -2.701
3 0 81.396 104.867 -2.703 81.752 104.284 -2.701 81.742 104.118 -6.883
3 0 81.742 104.118 -6.883 81.404 104.711 -6.889 81.396 104.867 -2.703
3 0 80.844 105.269 -2.697 81.396 104.867 -2.703 81.404 104.711 -6.889
3 0 81.404 104.711 -6.889 80.865 105.131 -6.878 80.844 105.269 -2.697
3 0 80.180 105.429 -2.685 80.844 105.269 -2.697 80.865 105.131 -6.878
3 0 80.865 105.131 -6.878 80.207 105.312 -6.853 80.180 105.429 -2.685
3 0 79.506 105.323 -2.668 80.180 105.429 -2.685 80.207 105.312 -6.853
3 0 80.207 105.312 -6.853 79.531 105.227 -6.817 79.506 105.323 -2.668
3 0 78.923 104.966 -2.649 79.506 105.323 -2.668 79.531 105.227 -6.817
3 0 79.531 105.227 -6.817 78.939 104.890 -6.775 78.923 104.966 -2.649
3 0 78.522 104.415 -2.631 78.923 104.966 -2.649 78.939 104.890 -6.775
3 0 78.939 104.890 -6.775 78.521 104.352 -6.734 78.522 104.415 -2.631
3 0 78.362 103.751 -2.616 78.522 104.415 -2.631 78.521 104.352 -6.734
3 0 78.521 104.352 -6.734 78.341 103.694 -6.701 78.362 103.751 -2.616
3 0 78.468 103.076 -2.607 78.362 103.751 -2.616 78.341 103.694 -6.701
3 0 78.341 103.694 -6.701 78.427 103.017 -6.679 78.468 103.076 -2.607
3 0 78.824 102.494 -2.605 78.468 103.076 -2.607 78.427 103.017 -6.679
3 0 78.427 103.017 -6.679 78.765 102.423 -6.673 78.824 102.494 -2.605
3 0 81.474 100.317 -6.726 81.599 100.473 -2.633 81.198 99.922 -2.615
3 0 81.198 99.922 -2.615 81.057 99.778 -6.685 81.474 100.317 -6.726
3 0 81.654 100.974 -6.760 81.759 101.137 -2.648 81.599 100.473 -2.633
3 0 81.599 100.473 -2.633 81.474 100.317 -6.726 81.654 100.974 -6.760
3 0 81.569 101.652 -6.781 81.653 101.812 -2.657 81.759 101.137 -2.648
3 0 81.759 101.137 -2.648 81.654 100.974 -6.760 81.569 101.652 -6.781
3 0 81.230 102.245 -6.787 81.297 102.394 -2.659 81.653 101.812 -2.657
3 0 81.653 101.812 -2.657 81.569 101.652 -6.781 81.230 102.245 -6.787
3 0 78.347 101.885 -6.632 78.423 101.942 -2.587 78.824 102.494 -2.605
3 0 78.824 102.494 -2.605 78.765 102.423 -6.673 78.347 101.885 -6.632
3 0 78.167 101.227 -6.599 78.263 101.278 -2.572 78.423 101.942 -2.587
3 0 78.423 101.942 -2.587 78.347 101.885 -6.632 78.167 101.227 -6.599
3 0 78.253 100.550 -6.577 78.369 100.604 -2.563 78.263 101.278 -2.572
3 0 78.263 101.278 -2.572 78.167 101.227 -6.599 78.253 100.550 -6.577
3 0 78.591 99.957 -6.571 78.726 100.021 -2.561 78.369 100.604 -2.563
3 0 78.369 100.604 -2.563 78.253 100.550 -6.577 78.591 99.957 -6.571
3 0 81.301 97.851 -6.624 81.501 98.002 -2.589 81.099 97.450 -2.571
3 0 81.099 97.450 -2.571 80.883 97.312 -6.583 81.301 97.851 -6.624
3 0 81.480 98.509 -6.658 81.660 98.665 -2.604 81.501 98.002 -2.589
3 0 81.501 98.002 -2.589 81.301 97.851 -6.624 81.480 98.509 -6.658
3 0 81.395 99.186 -6.679 81.554 99.340 -2.613 81.660 98.665 -2.604
3 0 81.660 98.665 -2.604 81.480 98.509 -6.658 81.395 99.186 -6.679
3 0 81.057 99.778 -6.685 81.198 99.922 -2.615 81.554 99.340 -2.613
3 0 81.554 99.340 -2.613 81.395 99.186 -6.679 81.057 99.778 -6.685
3 0 78.173 99.419 -6.531 78.324 99.470 -2.543 78.726 100.021 -2.561
3 0 78.726 100.021 -2.561 78.591 99.957 -6.571 78.173 99.419 -6.531
3 0 77.993 98.761 -6.497 78.164 98.807 -2.528 78.324 99.470 -2.543
3 0 78.324 99.470 -2.543 78.173 99.419 -6.531 77.993 98.761 -6.497
3 0 78.079 98.084 -6.476 78.270 98.132 -2.519 78.164 98.807 -2.528
3 0 78.164 98.807 -2.528 77.993 98.761 -6.497 78.079 98.084 -6.476
3 0 78.417 97.491 -6.470 78.627 97.550 -2.518 78.270 98.132 -2.519
3 0 78.270 98.132 -2.519 78.079 98.084 -6.476 78.417 97.491 -6.470
3 0 78.225 96.998 -2.499 78.627 97.550 -2.518 78.417 97.491 -6.470
3 0 78.417 97.491 -6.470 77.999 96.952 -6.429 78.225 96.998 -2.499
3 0 78.065 96.334 -2.484 78.225 96.998 -2.499 77.999 96.952 -6.429
3 0 77.999 96.952 -6.429 77.819 96.294 -6.395 78.065 96.334 -2.484
3 0 78.172 95.660 -2.475 78.065 96.334 -2.484 77.819 96.294 -6.395
3 0 77.819 96.294 -6.395 77.905 95.617 -6.374 78.172 95.660 -2.475
3 0 78.528 95.077 -2.474 78.172 95.660 -2.475 77.905 95.617 -6.374
3 0 77.905 95.617 -6.374 78.243 95.024 -6.368 78.528 95.077 -2.474
3 0 79.080 94.675 -2.479 78.528 95.077 -2.474 78.243 95.024 -6.368
3 0 78.243 95.024 -6.368 78.782 94.605 -6.378 79.080 94.675 -2.479
3 0 79.743 94.515 -2.491 79.080 94.675 -2.479 78.782 94.605 -6.378
3 0 78.782 94.605 -6.378 79.440 94.424 -6.404 79.743 94.515 -2.491
3 0 80.418 94.621 -2.508 79.743 94.515 -2.491 79.440 94.424 -6.404
3 0 79.440 94.424 -6.404 80.116 94.508 -6.440 80.418 94.621 -2.508
3 0 81.000 94.977 -2.527 80.418 94.621 -2.508 80.116 94.508 -6.440
3 0 80.116 94.508 -6.440 80.709 94.846 -6.482 81.000 94.977 -2.527
3 0 81.402 95.529 -2.545 81.000 94.977 -2.527 80.709 94.846 -6.482
3 0 80.709 94.846 -6.482 81.127 95.384 -6.522 81.402 95.529 -2.545
3 0 81.561 96.193 -2.560 81.402 95.529 -2.545 81.127 95.384 -6.522
3 0 81.127 95.384 -6.522 81.306 96.042 -6.556 81.561 96.193 -2.560
3 0 81.455 96.867 -2.569 81.561 96.193 -2.560 81.306 96.042 -6.556
3 0 81.306 96.042 -6.556 81.221 96.719 -6.578 81.455 96.867 -2.569
3 0 81.099 97.450 -2.571 81.455 96.867 -2.569 81.221 96.719 -6.578
3 0 81.221 96.719 -6.578 80.883 97.312 -6.583 81.099 97.450 -2.571
3 0 81.617 103.042 1.000 81.237 102.475 1.000 81.297 102.394 -2.659
3 0 81.297 102.394 -2.659 81.698 102.946 -2.677 81.617 103.042 1.000
3 0 81.750 103.712 1.000 81.617 103.042 1.000 81.698 102.946 -2.677
3 0 81.698 102.946 -2.677 81.858 103.610 -2.692 81.750 103.712 1.000
3 0 81.617 104.382 1.000 81.750 103.712 1.000 81.858 103.610 -2.692
3 0 81.858 103.610 -2.692 81.752 104.284 -2.701 81.617 104.382 1.000
3 0 81.237 104.949 1.000 81.617 104.382 1.000 81.752 104.284 -2.701
3 0 81.752 104.284 -2.701 81.396 104.867 -2.703 81.237 104.949 1.000
3 0 80.670 105.329 1.000 81.237 104.949 1.000 81.396 104.867 -2.703
3 0 81.396 104.867 -2.703 80.844 105.269 -2.697 80.670 105.329 1.000
3 0 80.000 105.462 1.000 80.670 105.329 1.000 80.844 105.269 -2.697
3 0 80.844 105.269 -2.697 80.180 105.429 -2.685 80.000 105.462 1.000
3 0 79.330 105.329 1.000 80.000 105.462 1.000 80.180 105.429 -2.685
3 0 80.180 105.429 -2.685 79.506 105.323 -2.668 79.330 105.329 1.000
3 0 78.763 104.949 1.000 79.330 105.329 1.000 79.506 105.323 -2.668
3 0 79.506 105.323 -2.668 78.923 104.966 -2.649 78.763 104.949 1.000
3 0 78.383 104.382 1.000 78.763 104.949 1.000 78.923 104.966 -2.649
3 0 78.923 104.966 -2.649 78.522 104.415 -2.631 78.383 104.382 1.000
3 0 78.250 103.712 1.000 78.383 104.382 1.000 78.522 104.415 -2.631
3 0 78.522 104.415 -2.631 78.362 103.751 -2.616 78.250 103.712 1.000
3 0 78.383 103.042 1.000 78.250 103.712 1.000 78.362 103.751 -2.616
3 0 78.362 103.751 -2.616 78.468 103.076 -2.607 78.383 103.042 1.000
3 0 78.763 102.475 1.000 78.383 103.042 1.000 78.468 103.076 -2.607
3 0 78.468 103.076 -2.607 78.824 102.494 -2.605 78.763 102.475 1.000
3 0 81.599 100.473 -2.633 81.617 100.567 1.000 81.237 100.000 1.000
3 0 81.237 100.000 1.000 81.198 99.922 -2.615 81.599 100.473 -2.633
3 0 81.759 101.137 -2.648 81.750 101.237 1.000 81.617 100.567 1.000
3 0 81.617 100.567 1.000 81.599 100.473 -2.633 81.759 101.137 -2.648
3 0 81.653 101.812 -2.657 81.617 101.907 1.000 81.750 101.237 1.000
3 0 81.750 101.237 1.000 81.759 101.137 -2.648 81.653 101.812 -2.657
3 0 81.297 102.394 -2.659 81.237 102.475 1.000 81.617 101.907 1.000
3 0 81.617 101.907 1.000 81.653 101.812 -2.657 81.297 102.394 -2.659
3 0 78.423 101.942 -2.587 78.383 101.907 1.000 78.763 102.475 1.000
3 0 78.763 102.475 1.000 78.824 102.494 -2.605 78.423 101.942 -2.587
3 0 78.263 101.278 -2.572 78.250 101.237 1.000 78.383 101.907 1.000
3 0 78.383 101.907 1.000 78.423 101.942 -2.587 78.263 101.278 -2.572
3 0 78.369 100.604 -2.563 78.383 100.567 1.000 78.250 101.237 1.000
3 0 78.250 101.237 1.000 78.263 101.278 -2.572 78.369 100.604 -2.563
3 0 78.726 100.021 -2.561 78.763 100.000 1.000 78.383 100.567 1.000
3 0 78.383 100.567 1.000 78.369 100.604 -2.563 78.726 100.021 -2.561
3 0 81.501 98.002 -2.589 81.617 98.093 1.000 81.237 97.526 1.000
3 0 81.237 97.526 1.000 81.099 97.450 -2.571 81.501 98.002 -2.589
3 0 81.660 98.665 -2.604 81.750 98.763 1.000 81.617 98.093 1.000
3 0 81.617 98.093 1.000 81.501 98.002 -2.589 81.660 98.665 -2.604
3 0 81.554 99.340 -2.613 81.617 99.433 1.000 81.750 98.763 1.000
3 0 81.750 98.763 1.000 81.660 98.665 -2.604 81.554 99.340 -2.613
3 0 81.198 99.922 -2.615 81.237 100.000 1.000 81.617 99.433 1.000
3 0 81.617 99.433 1.000 81.554 99.340 -2.613 81.198 99.922 -2.615
3 0 78.324 99.470 -2.543 78.383 99.433 1.000 78.763 100.000 1.000
3 0 78.763 100.000 1.000 78.726 100.021 -2.561 78.324 99.470 -2.543
3 0 78.164 98.807 -2.528 78.250 98.763 1.000 78.383 99.433 1.000
3 0 78.383 99.433 1.000 78.324 99.470 -2.543 78.164 98.807 -2.528
3 0 78.270 98.132 -2.519 78.383 98.093 1.000 78.250 98.763 1.000
3 0 78.250 98.763 1.000 78.164 98.807 -2.528 78.270 98.132 -2.519
3 0 78.627 97.550 -2.518 78.763 97.526 1.000 78.383 98.093 1.000
3 0 78.383 98.093 1.000 78.270 98.132 -2.519 78.627 97.550 -2.518
3 0 78.383 96.958 1.000 78.763 97.526 1.000 78.627 97.550 -2.518
3 0 78.627 97.550 -2.518 78.225 96.998 -2.499 78.383 96.958 1.000
3 0 78.250 96.288 1.000 78.383 96.958 1.000 78.225 96.998 -2.499
3 0 78.225 96.998 -2.499 78.065 96.334 -2.484 78.250 96.288 1.000
3 0 78.383 95.618 1.000 78.250 96.288 1.000 78.065 96.334 -2.484
3 0 78.065 96.334 -2.484 78.172 95.660 -2.475 78.383 95.618 1.000
3 0 78.763 95.051 1.000 78.383 95.618 1.000 78.172 95.660 -2.475
3 0 78.172 95.660 -2.475 78.528 95.077 -2.474 78.763 95.051 1.000
3 0 79.330 94.671 1.000 78.763 95.051 1.000 78.528 95.077 -2.474
3 0 78.528 95.077 -2.474 79.080 94.675 -2.479 79.330 94.671 1.000
3 0 80.000 94.538 1.000 79.330 94.671 1.000 79.080 94.675 -2.479
3 0 79.080 94.675 -2.479 79.743 94.515 -2.491 80.000 94.538 1.000
3 0 80.670 94.671 1.000 80.000 94.538 1.000 79.743 94.515 -2.491
3 0 79.743 94.515 -2.491 80.418 94.621 -2.508 80.670 94.671 1.000
3 0 81.237 95.051 1.000 80.670 94.671 1.000 80.418 94.621 -2.508
3 0 80.418 94.621 -2.508 81.000 94.977 -2.527 81.237 95.051 1.000
3 0 81.617 95.618 1.000 81.237 95.051 1.000 81.000 94.977 -2.527
3 0 81.000 94.977 -2.527 81.402 95.529 -2.545 81.617 95.618 1.000
3 0 81.750 96.288 1.000 81.617 95.618 1.000 81.402 95.529 -2.545
3 0 81.402 95.529 -2.545 81.561 96.193 -2.560 81.750 96.288 1.000
3 0 81.617 96.958 1.000 81.750 96.288 1.000 81.561 96.193 -2.560
3 0 81.561 96.193 -2.560 81.455 96.867 -2.569 81.617 96.958 1.000
3 0 81.237 97.526 1.000 81.617 96.958 1.000 81.455 96.867 -2.569
3 0 81.455 96.867 -2.569 81.099 97.450 -2.571 81.237 97.526 1.000
