0 FILE DX0087.DAT.dat
0 DX0087
0 Name:  UntitledModel
0 Author:  
0 BL_Item_No DX0087.DAT
0 BFC CERTIFY CCW
1 71 0.0000 0.0000 0.0000 1.0000 0.0000 0.0000 0.0000 1.0000 0.0000 0.0000 0.0000 1.0000 58120.dat
1 72 -23.0000 -120.0000 161.0000 -1.0000 0.0000 0.0000 0.0000 0.0000 1.0000 0.0000 1.0000 0.0000 58124c01.dat
3 0 2.789 -27.267 119.844 2.223 -26.962 120.075 2.475 -23.918 117.127
3 0 2.475 -23.918 117.127 3.042 -24.186 116.859 2.789 -27.267 119.844
3 0 3.455 -27.411 119.802 2.789 -27.267 119.844 3.042 -24.186 116.859
3 0 3.042 -24.186 116.859 3.712 -24.280 116.765 3.455 -27.411 119.802
3 0 4.119 -27.373 119.953 3.455 -27.411 119.802 3.712 -24.280 116.765
3 0 3.712 -24.280 116.765 4.382 -24.186 116.859 4.119 -27.373 119.953
3 0 4.682 -27.160 120.277 4.119 -27.373 119.953 4.382 -24.186 116.859
3 0 4.382 -24.186 116.859 4.949 -23.918 117.127 4.682 -27.160 120.277
3 0 5.056 -26.802 120.722 4.682 -27.160 120.277 4.949 -23.918 117.127
3 0 4.949 -23.918 117.127 5.329 -23.516 117.528 5.056 -26.802 120.722
3 0 5.185 -26.355 121.222 5.056 -26.802 120.722 5.329 -23.516 117.528
3 0 5.329 -23.516 117.528 5.462 -23.043 118.002 5.185 -26.355 121.222
3 0 5.049 -25.887 121.700 5.185 -26.355 121.222 5.462 -23.043 118.002
3 0 5.462 -23.043 118.002 5.329 -22.570 118.476 5.049 -25.887 121.700
3 0 4.669 -25.469 122.084 5.049 -25.887 121.700 5.329 -22.570 118.476
3 0 5.329 -22.570 118.476 4.949 -22.168 118.877 4.669 -25.469 122.084
3 0 4.103 -25.165 122.315 4.669 -25.469 122.084 4.949 -22.168 118.877
3 0 4.949 -22.168 118.877 4.382 -21.900 119.145 4.103 -25.165 122.315
3 0 3.437 -25.020 122.358 4.103 -25.165 122.315 4.382 -21.900 119.145
3 0 4.382 -21.900 119.145 3.712 -21.806 119.240 3.437 -25.020 122.358
3 0 2.773 -25.058 122.206 3.437 -25.020 122.358 3.712 -21.806 119.240
3 0 3.712 -21.806 119.240 3.042 -21.900 119.145 2.773 -25.058 122.206
3 0 2.211 -25.272 121.883 2.773 -25.058 122.206 3.042 -21.900 119.145
3 0 3.042 -21.900 119.145 2.475 -22.168 118.877 2.211 -25.272 121.883
3 0 0.567 -24.186 116.859 0.330 -27.069 119.643 -0.236 -26.765 119.874
3 0 -0.236 -26.765 119.874 0.000 -23.918 117.127 0.567 -24.186 116.859
3 0 1.237 -24.280 116.765 0.996 -27.213 119.600 0.330 -27.069 119.643
3 0 0.330 -27.069 119.643 0.567 -24.186 116.859 1.237 -24.280 116.765
3 0 1.907 -24.186 116.859 1.661 -27.176 119.752 0.996 -27.213 119.600
3 0 0.996 -27.213 119.600 1.237 -24.280 116.765 1.907 -24.186 116.859
3 0 2.475 -23.918 117.127 2.223 -26.962 120.075 1.661 -27.176 119.752
3 0 1.661 -27.176 119.752 1.907 -24.186 116.859 2.475 -23.918 117.127
3 0 1.907 -21.900 119.145 1.645 -24.967 122.113 2.211 -25.272 121.883
3 0 2.211 -25.272 121.883 2.475 -22.168 118.877 1.907 -21.900 119.145
3 0 1.237 -21.806 119.240 0.979 -24.823 122.156 1.645 -24.967 122.113
3 0 1.645 -24.967 122.113 1.907 -21.900 119.145 1.237 -21.806 119.240
3 0 0.567 -21.900 119.145 0.314 -24.860 122.004 0.979 -24.823 122.156
3 0 0.979 -24.823 122.156 1.237 -21.806 119.240 0.567 -21.900 119.145
3 0 0.000 -22.168 118.877 -0.248 -25.074 121.681 0.314 -24.860 122.004
3 0 0.314 -24.860 122.004 0.567 -21.900 119.145 0.000 -22.168 118.877
3 0 -1.907 -24.186 116.859 -2.128 -26.872 119.442 -2.694 -26.567 119.672
3 0 -2.694 -26.567 119.672 -2.474 -23.918 117.127 -1.907 -24.186 116.859
3 0 -1.237 -24.280 116.765 -1.462 -27.016 119.399 -2.128 -26.872 119.442
3 0 -2.128 -26.872 119.442 -1.907 -24.186 116.859 -1.237 -24.280 116.765
3 0 -0.567 -24.186 116.859 -0.797 -26.979 119.551 -1.462 -27.016 119.399
3 0 -1.462 -27.016 119.399 -1.237 -24.280 116.765 -0.567 -24.186 116.859
3 0 0.000 -23.918 117.127 -0.236 -26.765 119.874 -0.797 -26.979 119.551
3 0 -0.797 -26.979 119.551 -0.567 -24.186 116.859 0.000 -23.918 117.127
3 0 -0.567 -21.900 119.145 -0.813 -24.770 121.912 -0.248 -25.074 121.681
3 0 -0.248 -25.074 121.681 0.000 -22.168 118.877 -0.567 -21.900 119.145
3 0 -1.237 -21.806 119.240 -1.479 -24.625 121.955 -0.813 -24.770 121.912
3 0 -0.813 -24.770 121.912 -0.567 -21.900 119.145 -1.237 -21.806 119.240
3 0 -1.907 -21.900 119.145 -2.144 -24.663 121.803 -1.479 -24.625 121.955
3 0 -1.479 -24.625 121.955 -1.237 -21.806 119.240 -1.907 -21.900 119.145
3 0 -2.474 -22.168 118.877 -2.706 -24.877 121.480 -2.144 -24.663 121.803
3 0 -2.144 -24.663 121.803 -1.907 -21.900 119.145 -2.474 -22.168 118.877
3 0 -3.272 -24.572 121.711 -2.706 -24.877 121.480 -2.474 -22.168 118.877
3 0 -2.474 -22.168 118.877 -3.042 -21.900 119.145 -3.272 -24.572 121.711
3 0 -3.938 -24.428 121.753 -3.272 -24.572 121.711 -3.042 -21.900 119.145
3 0 -3.042 -21.900 119.145 -3.712 -21.806 119.240 -3.938 -24.428 121.753
3 0 -4.603 -24.465 121.602 -3.938 -24.428 121.753 -3.712 -21.806 119.240
3 0 -3.712 -21.806 119.240 -4.382 -21.900 119.145 -4.603 -24.465 121.602
3 0 -5.165 -24.679 121.278 -4.603 -24.465 121.602 -4.382 -21.900 119.145
3 0 -4.382 -21.900 119.145 -4.949 -22.168 118.877 -5.165 -24.679 121.278
3 0 -5.539 -25.037 120.833 -5.165 -24.679 121.278 -4.949 -22.168 118.877
3 0 -4.949 -22.168 118.877 -5.329 -22.570 118.476 -5.539 -25.037 120.833
3 0 -5.668 -25.484 120.333 -5.539 -25.037 120.833 -5.329 -22.570 118.476
3 0 -5.329 -22.570 118.476 -5.462 -23.043 118.002 -5.668 -25.484 120.333
3 0 -5.532 -25.952 119.855 -5.668 -25.484 120.333 -5.462 -23.043 118.002
3 0 -5.462 -23.043 118.002 -5.329 -23.516 117.528 -5.532 -25.952 119.855
3 0 -5.153 -26.370 119.471 -5.532 -25.952 119.855 -5.329 -23.516 117.528
3 0 -5.329 -23.516 117.528 -4.949 -23.918 117.127 -5.153 -26.370 119.471
3 0 -4.587 -26.674 119.240 -5.153 -26.370 119.471 -4.949 -23.918 117.127
3 0 -4.949 -23.918 117.127 -4.382 -24.186 116.859 -4.587 -26.674 119.240
3 0 -3.921 -26.819 119.197 -4.587 -26.674 119.240 -4.382 -24.186 116.859
3 0 -4.382 -24.186 116.859 -3.712 -24.280 116.765 -3.921 -26.819 119.197
3 0 -3.256 -26.781 119.349 -3.921 -26.819 119.197 -3.712 -24.280 116.765
3 0 -3.712 -24.280 116.765 -3.042 -24.186 116.859 -3.256 -26.781 119.349
3 0 -2.694 -26.567 119.672 -3.256 -26.781 119.349 -3.042 -24.186 116.859
3 0 -3.042 -24.186 116.859 -2.474 -23.918 117.127 -2.694 -26.567 119.672
3 0 2.085 -30.376 122.676 1.525 -30.039 122.874 2.223 -26.962 120.075
3 0 2.223 -26.962 120.075 2.789 -27.267 119.844 2.085 -30.376 122.676
3 0 2.742 -30.565 122.678 2.085 -30.376 122.676 2.789 -27.267 119.844
3 0 2.789 -27.267 119.844 3.455 -27.411 119.802 2.742 -30.565 122.678
3 0 3.394 -30.577 122.880 2.742 -30.565 122.678 3.455 -27.411 119.802
3 0 3.455 -27.411 119.802 4.119 -27.373 119.953 3.394 -30.577 122.880
3 0 3.943 -30.412 123.251 3.394 -30.577 122.880 4.119 -27.373 119.953
3 0 4.119 -27.373 119.953 4.682 -27.160 120.277 3.943 -30.412 123.251
3 0 4.305 -30.093 123.734 3.943 -30.412 123.251 4.682 -27.160 120.277
3 0 4.682 -27.160 120.277 5.056 -26.802 120.722 4.305 -30.093 123.734
3 0 4.425 -29.670 124.256 4.305 -30.093 123.734 5.056 -26.802 120.722
3 0 5.056 -26.802 120.722 5.185 -26.355 121.222 4.425 -29.670 124.256
3 0 4.285 -29.207 124.738 4.425 -29.670 124.256 5.185 -26.355 121.222
3 0 5.185 -26.355 121.222 5.049 -25.887 121.700 4.285 -29.207 124.738
3 0 3.906 -28.774 125.106 4.285 -29.207 124.738 5.049 -25.887 121.700
3 0 5.049 -25.887 121.700 4.669 -25.469 122.084 3.906 -28.774 125.106
3 0 3.346 -28.437 125.303 3.906 -28.774 125.106 4.669 -25.469 122.084
3 0 4.669 -25.469 122.084 4.103 -25.165 122.315 3.346 -28.437 125.303
3 0 2.690 -28.248 125.301 3.346 -28.437 125.303 4.103 -25.165 122.315
3 0 4.103 -25.165 122.315 3.437 -25.020 122.358 2.690 -28.248 125.301
3 0 2.038 -28.236 125.100 2.690 -28.248 125.301 3.437 -25.020 122.358
3 0 3.437 -25.020 122.358 2.773 -25.058 122.206 2.038 -28.236 125.100
3 0 1.489 -28.401 124.729 2.038 -28.236 125.100 2.773 -25.058 122.206
3 0 2.773 -25.058 122.206 2.211 -25.272 121.883 1.489 -28.401 124.729
3 0 0.330 -27.069 119.643 -0.332 -30.004 122.300 -0.892 -29.667 122.498
3 0 -0.892 -29.667 122.498 -0.236 -26.765 119.874 0.330 -27.069 119.643
3 0 0.996 -27.213 119.600 0.324 -30.192 122.302 -0.332 -30.004 122.300
3 0 -0.332 -30.004 122.300 0.330 -27.069 119.643 0.996 -27.213 119.600
3 0 1.661 -27.176 119.752 0.976 -30.205 122.503 0.324 -30.192 122.302
3 0 0.324 -30.192 122.302 0.996 -27.213 119.600 1.661 -27.176 119.752
3 0 2.223 -26.962 120.075 1.525 -30.039 122.874 0.976 -30.205 122.503
3 0 0.976 -30.205 122.503 1.661 -27.176 119.752 2.223 -26.962 120.075
3 0 1.645 -24.967 122.113 0.928 -28.065 124.927 1.489 -28.401 124.729
3 0 1.489 -28.401 124.729 2.211 -25.272 121.883 1.645 -24.967 122.113
3 0 0.979 -24.823 122.156 0.272 -27.876 124.925 0.928 -28.065 124.927
3 0 0.928 -28.065 124.927 1.645 -24.967 122.113 0.979 -24.823 122.156
3 0 0.314 -24.860 122.004 -0.380 -27.863 124.723 0.272 -27.876 124.925
3 0 0.272 -27.876 124.925 0.979 -24.823 122.156 0.314 -24.860 122.004
3 0 -0.248 -25.074 121.681 -0.929 -28.029 124.353 -0.380 -27.863 124.723
3 0 -0.380 -27.863 124.723 0.314 -24.860 122.004 -0.248 -25.074 121.681
3 0 -2.128 -26.872 119.442 -2.749 -29.631 121.923 -3.309 -29.295 122.121
3 0 -3.309 -29.295 122.121 -2.694 -26.567 119.672 -2.128 -26.872 119.442
3 0 -1.462 -27.016 119.399 -2.093 -29.820 121.925 -2.749 -29.631 121.923
3 0 -2.749 -29.631 121.923 -2.128 -26.872 119.442 -1.462 -27.016 119.399
3 0 -0.797 -26.979 119.551 -1.441 -29.833 122.127 -2.093 -29.820 121.925
3 0 -2.093 -29.820 121.925 -1.462 -27.016 119.399 -0.797 -26.979 119.551
3 0 -0.236 -26.765 119.874 -0.892 -29.667 122.498 -1.441 -29.833 122.127
3 0 -1.441 -29.833 122.127 -0.797 -26.979 119.551 -0.236 -26.765 119.874
3 0 -0.813 -24.770 121.912 -1.488 -27.693 124.551 -0.929 -28.029 124.353
3 0 -0.929 -28.029 124.353 -0.248 -25.074 121.681 -0.813 -24.770 121.912
3 0 -1.479 -24.625 121.955 -2.145 -27.504 124.549 -1.488 -27.693 124.551
3 0 -1.488 -27.693 124.551 -0.813 -24.770 121.912 -1.479 -24.625 121.955
3 0 -2.144 -24.663 121.803 -2.797 -27.491 124.347 -2.145 -27.504 124.549
3 0 -2.145 -27.504 124.549 -1.479 -24.625 121.955 -2.144 -24.663 121.803
3 0 -2.706 -24.877 121.480 -3.346 -27.657 123.976 -2.797 -27.491 124.347
3 0 -2.797 -27.491 124.347 -2.144 -24.663 121.803 -2.706 -24.877 121.480
3 0 -3.906 -27.320 124.174 -3.346 -27.657 123.976 -2.706 -24.877 121.480
3 0 -2.706 -24.877 121.480 -3.272 -24.572 121.711 -3.906 -27.320 124.174
3 0 -4.562 -27.132 124.172 -3.906 -27.320 124.174 -3.272 -24.572 121.711
3 0 -3.272 -24.572 121.711 -3.938 -24.428 121.753 -4.562 -27.132 124.172
3 0 -5.214 -27.119 123.970 -4.562 -27.132 124.172 -3.938 -24.428 121.753
3 0 -3.938 -24.428 121.753 -4.603 -24.465 121.602 -5.214 -27.119 123.970
3 0 -5.763 -27.285 123.600 -5.214 -27.119 123.970 -4.603 -24.465 121.602
3 0 -4.603 -24.465 121.602 -5.165 -24.679 121.278 -5.763 -27.285 123.600
3 0 -6.126 -27.603 123.116 -5.763 -27.285 123.600 -5.165 -24.679 121.278
3 0 -5.165 -24.679 121.278 -5.539 -25.037 120.833 -6.126 -27.603 123.116
3 0 -6.246 -28.027 122.594 -6.126 -27.603 123.116 -5.539 -25.037 120.833
3 0 -5.539 -25.037 120.833 -5.668 -25.484 120.333 -6.246 -28.027 122.594
3 0 -6.106 -28.490 122.113 -6.246 -28.027 122.594 -5.668 -25.484 120.333
3 0 -5.668 -25.484 120.333 -5.532 -25.952 119.855 -6.106 -28.490 122.113
3 0 -5.727 -28.923 121.745 -6.106 -28.490 122.113 -5.532 -25.952 119.855
3 0 -5.532 -25.952 119.855 -5.153 -26.370 119.471 -5.727 -28.923 121.745
3 0 -5.167 -29.259 121.547 -5.727 -28.923 121.745 -5.153 -26.370 119.471
3 0 -5.153 -26.370 119.471 -4.587 -26.674 119.240 -5.167 -29.259 121.547
3 0 -4.510 -29.448 121.549 -5.167 -29.259 121.547 -4.587 -26.674 119.240
3 0 -4.587 -26.674 119.240 -3.921 -26.819 119.197 -4.510 -29.448 121.549
3 0 -3.858 -29.461 121.751 -4.510 -29.448 121.549 -3.921 -26.819 119.197
3 0 -3.921 -26.819 119.197 -3.256 -26.781 119.349 -3.858 -29.461 121.751
3 0 -3.309 -29.295 122.121 -3.858 -29.461 121.751 -3.256 -26.781 119.349
3 0 -3.256 -26.781 119.349 -2.694 -26.567 119.672 -3.309 -29.295 122.121
3 0 0.992 -33.487 125.337 0.442 -33.121 125.507 1.525 -30.039 122.874
3 0 1.525 -30.039 122.874 2.085 -30.376 122.676 0.992 -33.487 125.337
3 0 1.634 -33.716 125.376 0.992 -33.487 125.337 2.085 -30.376 122.676
3 0 2.085 -30.376 122.676 2.742 -30.565 122.678 1.634 -33.716 125.376
3 0 2.270 -33.774 125.619 1.634 -33.716 125.376 2.742 -30.565 122.678
3 0 2.742 -30.565 122.678 3.394 -30.577 122.880 2.270 -33.774 125.619
3 0 2.802 -33.652 126.030 2.270 -33.774 125.619 3.394 -30.577 122.880
3 0 3.394 -30.577 122.880 3.943 -30.412 123.251 2.802 -33.652 126.030
3 0 3.149 -33.368 126.545 2.802 -33.652 126.030 3.943 -30.412 123.251
3 0 3.943 -30.412 123.251 4.305 -30.093 123.734 3.149 -33.368 126.545
3 0 3.259 -32.966 127.085 3.149 -33.368 126.545 4.305 -30.093 123.734
3 0 4.305 -30.093 123.734 4.425 -29.670 124.256 3.259 -32.966 127.085
3 0 3.116 -32.507 127.570 3.259 -32.966 127.085 4.425 -29.670 124.256
3 0 4.425 -29.670 124.256 4.285 -29.207 124.738 3.116 -32.507 127.570
3 0 2.740 -32.061 127.925 3.116 -32.507 127.570 4.285 -29.207 124.738
3 0 4.285 -29.207 124.738 3.906 -28.774 125.106 2.740 -32.061 127.925
3 0 2.189 -31.695 128.095 2.740 -32.061 127.925 3.906 -28.774 125.106
3 0 3.906 -28.774 125.106 3.346 -28.437 125.303 2.189 -31.695 128.095
3 0 1.547 -31.466 128.055 2.189 -31.695 128.095 3.346 -28.437 125.303
3 0 3.346 -28.437 125.303 2.690 -28.248 125.301 1.547 -31.466 128.055
3 0 0.912 -31.408 127.812 1.547 -31.466 128.055 2.690 -28.248 125.301
3 0 2.690 -28.248 125.301 2.038 -28.236 125.100 0.912 -31.408 127.812
3 0 0.380 -31.530 127.402 0.912 -31.408 127.812 2.038 -28.236 125.100
3 0 2.038 -28.236 125.100 1.489 -28.401 124.729 0.380 -31.530 127.402
3 0 -0.332 -30.004 122.300 -1.368 -32.956 124.814 -1.919 -32.590 124.984
3 0 -1.919 -32.590 124.984 -0.892 -29.667 122.498 -0.332 -30.004 122.300
3 0 0.324 -30.192 122.302 -0.726 -33.185 124.853 -1.368 -32.956 124.814
3 0 -1.368 -32.956 124.814 -0.332 -30.004 122.300 0.324 -30.192 122.302
3 0 0.976 -30.205 122.503 -0.090 -33.243 125.097 -0.726 -33.185 124.853
3 0 -0.726 -33.185 124.853 0.324 -30.192 122.302 0.976 -30.205 122.503
3 0 1.525 -30.039 122.874 0.442 -33.121 125.507 -0.090 -33.243 125.097
3 0 -0.090 -33.243 125.097 0.976 -30.205 122.503 1.525 -30.039 122.874
3 0 0.928 -28.065 124.927 -0.171 -31.164 127.572 0.380 -31.530 127.402
3 0 0.380 -31.530 127.402 1.489 -28.401 124.729 0.928 -28.065 124.927
3 0 0.272 -27.876 124.925 -0.813 -30.935 127.533 -0.171 -31.164 127.572
3 0 -0.171 -31.164 127.572 0.928 -28.065 124.927 0.272 -27.876 124.925
3 0 -0.380 -27.863 124.723 -1.448 -30.877 127.289 -0.813 -30.935 127.533
3 0 -0.813 -30.935 127.533 0.272 -27.876 124.925 -0.380 -27.863 124.723
3 0 -0.929 -28.029 124.353 -1.980 -30.999 126.879 -1.448 -30.877 127.289
3 0 -1.448 -30.877 127.289 -0.380 -27.863 124.723 -0.929 -28.029 124.353
3 0 -2.749 -29.631 121.923 -3.727 -32.425 124.291 -4.278 -32.059 124.461
3 0 -4.278 -32.059 124.461 -3.309 -29.295 122.121 -2.749 -29.631 121.923
3 0 -2.093 -29.820 121.925 -3.085 -32.654 124.331 -3.727 -32.425 124.291
3 0 -3.727 -32.425 124.291 -2.749 -29.631 121.923 -2.093 -29.820 121.925
3 0 -1.441 -29.833 122.127 -2.450 -32.712 124.574 -3.085 -32.654 124.331
3 0 -3.085 -32.654 124.331 -2.093 -29.820 121.925 -1.441 -29.833 122.127
3 0 -0.892 -29.667 122.498 -1.919 -32.590 124.984 -2.450 -32.712 124.574
3 0 -2.450 -32.712 124.574 -1.441 -29.833 122.127 -0.892 -29.667 122.498
3 0 -1.488 -27.693 124.551 -2.530 -30.634 127.049 -1.980 -30.999 126.879
3 0 -1.980 -30.999 126.879 -0.929 -28.029 124.353 -1.488 -27.693 124.551
3 0 -2.145 -27.504 124.549 -3.172 -30.404 127.010 -2.530 -30.634 127.049
3 0 -2.530 -30.634 127.049 -1.488 -27.693 124.551 -2.145 -27.504 124.549
3 0 -2.797 -27.491 124.347 -3.808 -30.346 126.767 -3.172 -30.404 127.010
3 0 -3.172 -30.404 127.010 -2.145 -27.504 124.549 -2.797 -27.491 124.347
3 0 -3.346 -27.657 123.976 -4.340 -30.468 126.356 -3.808 -30.346 126.767
3 0 -3.808 -30.346 126.767 -2.797 -27.491 124.347 -3.346 -27.657 123.976
3 0 -4.891 -30.103 126.527 -4.340 -30.468 126.356 -3.346 -27.657 123.976
3 0 -3.346 -27.657 123.976 -3.906 -27.320 124.174 -4.891 -30.103 126.527
3 0 -5.533 -29.873 126.487 -4.891 -30.103 126.527 -3.906 -27.320 124.174
3 0 -3.906 -27.320 124.174 -4.562 -27.132 124.172 -5.533 -29.873 126.487
3 0 -6.168 -29.815 126.244 -5.533 -29.873 126.487 -4.562 -27.132 124.172
3 0 -4.562 -27.132 124.172 -5.214 -27.119 123.970 -6.168 -29.815 126.244
3 0 -6.700 -29.937 125.833 -6.168 -29.815 126.244 -5.214 -27.119 123.970
3 0 -5.214 -27.119 123.970 -5.763 -27.285 123.600 -6.700 -29.937 125.833
3 0 -7.047 -30.221 125.318 -6.700 -29.937 125.833 -5.763 -27.285 123.600
3 0 -5.763 -27.285 123.600 -6.126 -27.603 123.116 -7.047 -30.221 125.318
3 0 -7.158 -30.623 124.778 -7.047 -30.221 125.318 -6.126 -27.603 123.116
3 0 -6.126 -27.603 123.116 -6.246 -28.027 122.594 -7.158 -30.623 124.778
3 0 -7.014 -31.082 124.293 -7.158 -30.623 124.778 -6.246 -28.027 122.594
3 0 -6.246 -28.027 122.594 -6.106 -28.490 122.113 -7.014 -31.082 124.293
3 0 -6.638 -31.528 123.939 -7.014 -31.082 124.293 -6.106 -28.490 122.113
3 0 -6.106 -28.490 122.113 -5.727 -28.923 121.745 -6.638 -31.528 123.939
3 0 -6.087 -31.894 123.768 -6.638 -31.528 123.939 -5.727 -28.923 121.745
3 0 -5.727 -28.923 121.745 -5.167 -29.259 121.547 -6.087 -31.894 123.768
3 0 -5.445 -32.123 123.808 -6.087 -31.894 123.768 -5.167 -29.259 121.547
3 0 -5.167 -29.259 121.547 -4.510 -29.448 121.549 -5.445 -32.123 123.808
3 0 -4.810 -32.181 124.051 -5.445 -32.123 123.808 -4.510 -29.448 121.549
3 0 -4.510 -29.448 121.549 -3.858 -29.461 121.751 -4.810 -32.181 124.051
3 0 -4.278 -32.059 124.461 -4.810 -32.181 124.051 -3.858 -29.461 121.751
3 0 -3.858 -29.461 121.751 -3.309 -29.295 122.121 -4.278 -32.059 124.461
3 0 -0.432 -36.564 127.814 -0.972 -36.174 127.963 0.442 -33.121 125.507
3 0 0.442 -33.121 125.507 0.992 -33.487 125.337 -0.432 -36.564 127.814
3 0 0.194 -36.828 127.883 -0.432 -36.564 127.814 0.992 -33.487 125.337
3 0 0.992 -33.487 125.337 1.634 -33.716 125.376 0.194 -36.828 127.883
3 0 0.811 -36.924 128.159 0.194 -36.828 127.883 1.634 -33.716 125.376
3 0 1.634 -33.716 125.376 2.270 -33.774 125.619 0.811 -36.924 128.159
3 0 1.325 -36.839 128.600 0.811 -36.924 128.159 2.270 -33.774 125.619
3 0 2.270 -33.774 125.619 2.802 -33.652 126.030 1.325 -36.839 128.600
3 0 1.657 -36.585 129.140 1.325 -36.839 128.600 2.802 -33.652 126.030
3 0 2.802 -33.652 126.030 3.149 -33.368 126.545 1.657 -36.585 129.140
3 0 1.757 -36.201 129.696 1.657 -36.585 129.140 3.149 -33.368 126.545
3 0 3.149 -33.368 126.545 3.259 -32.966 127.085 1.757 -36.201 129.696
3 0 1.611 -35.746 130.183 1.757 -36.201 129.696 3.259 -32.966 127.085
3 0 3.259 -32.966 127.085 3.116 -32.507 127.570 1.611 -35.746 130.183
3 0 1.239 -35.288 130.527 1.611 -35.746 130.183 3.116 -32.507 127.570
3 0 3.116 -32.507 127.570 2.740 -32.061 127.925 1.239 -35.288 130.527
3 0 0.699 -34.898 130.676 1.239 -35.288 130.527 2.740 -32.061 127.925
3 0 2.740 -32.061 127.925 2.189 -31.695 128.095 0.699 -34.898 130.676
3 0 0.073 -34.634 130.607 0.699 -34.898 130.676 2.189 -31.695 128.095
3 0 2.189 -31.695 128.095 1.547 -31.466 128.055 0.073 -34.634 130.607
3 0 -0.544 -34.538 130.331 0.073 -34.634 130.607 1.547 -31.466 128.055
3 0 1.547 -31.466 128.055 0.912 -31.408 127.812 -0.544 -34.538 130.331
3 0 -1.058 -34.623 129.889 -0.544 -34.538 130.331 0.912 -31.408 127.812
3 0 0.912 -31.408 127.812 0.380 -31.530 127.402 -1.058 -34.623 129.889
3 0 -1.368 -32.956 124.814 -2.729 -35.899 127.176 -3.269 -35.509 127.325
3 0 -3.269 -35.509 127.325 -1.919 -32.590 124.984 -1.368 -32.956 124.814
3 0 -0.726 -33.185 124.853 -2.103 -36.163 127.245 -2.729 -35.899 127.176
3 0 -2.729 -35.899 127.176 -1.368 -32.956 124.814 -0.726 -33.185 124.853
3 0 -0.090 -33.243 125.097 -1.486 -36.259 127.521 -2.103 -36.163 127.245
3 0 -2.103 -36.163 127.245 -0.726 -33.185 124.853 -0.090 -33.243 125.097
3 0 0.442 -33.121 125.507 -0.972 -36.174 127.963 -1.486 -36.259 127.521
3 0 -1.486 -36.259 127.521 -0.090 -33.243 125.097 0.442 -33.121 125.507
3 0 -0.171 -31.164 127.572 -1.598 -34.232 130.038 -1.058 -34.623 129.889
3 0 -1.058 -34.623 129.889 0.380 -31.530 127.402 -0.171 -31.164 127.572
3 0 -0.813 -30.935 127.533 -2.224 -33.969 129.969 -1.598 -34.232 130.038
3 0 -1.598 -34.232 130.038 -0.171 -31.164 127.572 -0.813 -30.935 127.533
3 0 -1.448 -30.877 127.289 -2.841 -33.872 129.693 -2.224 -33.969 129.969
3 0 -2.224 -33.969 129.969 -0.813 -30.935 127.533 -1.448 -30.877 127.289
3 0 -1.980 -30.999 126.879 -3.355 -33.958 129.251 -2.841 -33.872 129.693
3 0 -2.841 -33.872 129.693 -1.448 -30.877 127.289 -1.980 -30.999 126.879
3 0 -3.727 -32.425 124.291 -5.025 -35.234 126.538 -5.565 -34.844 126.687
3 0 -5.565 -34.844 126.687 -4.278 -32.059 124.461 -3.727 -32.425 124.291
3 0 -3.085 -32.654 124.331 -4.399 -35.498 126.607 -5.025 -35.234 126.538
3 0 -5.025 -35.234 126.538 -3.727 -32.425 124.291 -3.085 -32.654 124.331
3 0 -2.450 -32.712 124.574 -3.782 -35.594 126.883 -4.399 -35.498 126.607
3 0 -4.399 -35.498 126.607 -3.085 -32.654 124.331 -2.450 -32.712 124.574
3 0 -1.919 -32.590 124.984 -3.269 -35.509 127.325 -3.782 -35.594 126.883
3 0 -3.782 -35.594 126.883 -2.450 -32.712 124.574 -1.919 -32.590 124.984
3 0 -2.530 -30.634 127.049 -3.894 -33.567 129.401 -3.355 -33.958 129.251
3 0 -3.355 -33.958 129.251 -1.980 -30.999 126.879 -2.530 -30.634 127.049
3 0 -3.172 -30.404 127.010 -4.520 -33.304 129.332 -3.894 -33.567 129.401
3 0 -3.894 -33.567 129.401 -2.530 -30.634 127.049 -3.172 -30.404 127.010
3 0 -3.808 -30.346 126.767 -5.137 -33.207 129.055 -4.520 -33.304 129.332
3 0 -4.520 -33.304 129.332 -3.172 -30.404 127.010 -3.808 -30.346 126.767
3 0 -4.340 -30.468 126.356 -5.651 -33.293 128.614 -5.137 -33.207 129.055
3 0 -5.137 -33.207 129.055 -3.808 -30.346 126.767 -4.340 -30.468 126.356
3 0 -6.191 -32.902 128.763 -5.651 -33.293 128.614 -4.340 -30.468 126.356
3 0 -4.340 -30.468 126.356 -4.891 -30.103 126.527 -6.191 -32.902 128.763
3 0 -6.817 -32.639 128.694 -6.191 -32.902 128.763 -4.891 -30.103 126.527
3 0 -4.891 -30.103 126.527 -5.533 -29.873 126.487 -6.817 -32.639 128.694
3 0 -7.434 -32.542 128.418 -6.817 -32.639 128.694 -5.533 -29.873 126.487
3 0 -5.533 -29.873 126.487 -6.168 -29.815 126.244 -7.434 -32.542 128.418
3 0 -7.948 -32.627 127.976 -7.434 -32.542 128.418 -6.168 -29.815 126.244
3 0 -6.168 -29.815 126.244 -6.700 -29.937 125.833 -7.948 -32.627 127.976
3 0 -8.281 -32.881 127.436 -7.948 -32.627 127.976 -6.700 -29.937 125.833
3 0 -6.700 -29.937 125.833 -7.047 -30.221 125.318 -8.281 -32.881 127.436
3 0 -8.381 -33.265 126.881 -8.281 -32.881 127.436 -7.047 -30.221 125.318
3 0 -7.047 -30.221 125.318 -7.158 -30.623 124.778 -8.381 -33.265 126.881
3 0 -8.234 -33.721 126.394 -8.381 -33.265 126.881 -7.158 -30.623 124.778
3 0 -7.158 -30.623 124.778 -7.014 -31.082 124.293 -8.234 -33.721 126.394
3 0 -7.862 -34.179 126.049 -8.234 -33.721 126.394 -7.014 -31.082 124.293
3 0 -7.014 -31.082 124.293 -6.638 -31.528 123.939 -7.862 -34.179 126.049
3 0 -7.322 -34.569 125.900 -7.862 -34.179 126.049 -6.638 -31.528 123.939
3 0 -6.638 -31.528 123.939 -6.087 -31.894 123.768 -7.322 -34.569 125.900
3 0 -6.696 -34.832 125.969 -7.322 -34.569 125.900 -6.087 -31.894 123.768
3 0 -6.087 -31.894 123.768 -5.445 -32.123 123.808 -6.696 -34.832 125.969
3 0 -6.079 -34.929 126.246 -6.696 -34.832 125.969 -5.445 -32.123 123.808
3 0 -5.445 -32.123 123.808 -4.810 -32.181 124.051 -6.079 -34.929 126.246
3 0 -5.565 -34.844 126.687 -6.079 -34.929 126.246 -4.810 -32.181 124.051
3 0 -4.810 -32.181 124.051 -4.278 -32.059 124.461 -5.565 -34.844 126.687
3 0 -2.102 -39.599 130.134 -2.630 -39.188 130.266 -0.972 -36.174 127.963
3 0 -0.972 -36.174 127.963 -0.432 -36.564 127.814 -2.102 -39.599 130.134
3 0 -1.492 -39.892 130.226 -2.102 -39.599 130.134 -0.432 -36.564 127.814
3 0 -0.432 -36.564 127.814 0.194 -36.828 127.883 -1.492 -39.892 130.226
3 0 -0.893 -40.021 130.528 -1.492 -39.892 130.226 0.194 -36.828 127.883
3 0 0.194 -36.828 127.883 0.811 -36.924 128.159 -0.893 -40.021 130.528
3 0 -0.397 -39.967 130.994 -0.893 -40.021 130.528 0.811 -36.924 128.159
3 0 0.811 -36.924 128.159 1.325 -36.839 128.600 -0.397 -39.967 130.994
3 0 -0.080 -39.738 131.554 -0.397 -39.967 130.994 1.325 -36.839 128.600
3 0 1.325 -36.839 128.600 1.657 -36.585 129.140 -0.080 -39.738 131.554
3 0 0.012 -39.370 132.122 -0.080 -39.738 131.554 1.657 -36.585 129.140
3 0 1.657 -36.585 129.140 1.757 -36.201 129.696 0.012 -39.370 132.122
3 0 -0.138 -38.918 132.611 0.012 -39.370 132.122 1.757 -36.201 129.696
3 0 1.757 -36.201 129.696 1.611 -35.746 130.183 -0.138 -38.918 132.611
3 0 -0.505 -38.450 132.947 -0.138 -38.918 132.611 1.611 -35.746 130.183
3 0 1.611 -35.746 130.183 1.239 -35.288 130.527 -0.505 -38.450 132.947
3 0 -1.034 -38.039 133.079 -0.505 -38.450 132.947 1.239 -35.288 130.527
3 0 1.239 -35.288 130.527 0.699 -34.898 130.676 -1.034 -38.039 133.079
3 0 -1.644 -37.747 132.987 -1.034 -38.039 133.079 0.699 -34.898 130.676
3 0 0.699 -34.898 130.676 0.073 -34.634 130.607 -1.644 -37.747 132.987
3 0 -2.242 -37.617 132.685 -1.644 -37.747 132.987 0.073 -34.634 130.607
3 0 0.073 -34.634 130.607 -0.544 -34.538 130.331 -2.242 -37.617 132.685
3 0 -2.738 -37.671 132.219 -2.242 -37.617 132.685 -0.544 -34.538 130.331
3 0 -0.544 -34.538 130.331 -1.058 -34.623 129.889 -2.738 -37.671 132.219
3 0 -2.729 -35.899 127.176 -4.335 -38.820 129.406 -4.864 -38.409 129.538
3 0 -4.864 -38.409 129.538 -3.269 -35.509 127.325 -2.729 -35.899 127.176
3 0 -2.103 -36.163 127.245 -3.725 -39.113 129.498 -4.335 -38.820 129.406
3 0 -4.335 -38.820 129.406 -2.729 -35.899 127.176 -2.103 -36.163 127.245
3 0 -1.486 -36.259 127.521 -3.126 -39.242 129.800 -3.725 -39.113 129.498
3 0 -3.725 -39.113 129.498 -2.103 -36.163 127.245 -1.486 -36.259 127.521
3 0 -0.972 -36.174 127.963 -2.630 -39.188 130.266 -3.126 -39.242 129.800
3 0 -3.126 -39.242 129.800 -1.486 -36.259 127.521 -0.972 -36.174 127.963
3 0 -1.598 -34.232 130.038 -3.267 -37.260 132.351 -2.738 -37.671 132.219
3 0 -2.738 -37.671 132.219 -1.058 -34.623 129.889 -1.598 -34.232 130.038
3 0 -2.224 -33.969 129.969 -3.877 -36.968 132.259 -3.267 -37.260 132.351
3 0 -3.267 -37.260 132.351 -1.598 -34.232 130.038 -2.224 -33.969 129.969
3 0 -2.841 -33.872 129.693 -4.476 -36.838 131.957 -3.877 -36.968 132.259
3 0 -3.877 -36.968 132.259 -2.224 -33.969 129.969 -2.841 -33.872 129.693
3 0 -3.355 -33.958 129.251 -4.972 -36.892 131.491 -4.476 -36.838 131.957
3 0 -4.476 -36.838 131.957 -2.841 -33.872 129.693 -3.355 -33.958 129.251
3 0 -5.025 -35.234 126.538 -6.568 -38.041 128.678 -7.096 -37.630 128.810
3 0 -7.096 -37.630 128.810 -5.565 -34.844 126.687 -5.025 -35.234 126.538
3 0 -4.399 -35.498 126.607 -5.958 -38.334 128.770 -6.568 -38.041 128.678
3 0 -6.568 -38.041 128.678 -5.025 -35.234 126.538 -4.399 -35.498 126.607
3 0 -3.782 -35.594 126.883 -5.359 -38.463 129.072 -5.958 -38.334 128.770
3 0 -5.958 -38.334 128.770 -4.399 -35.498 126.607 -3.782 -35.594 126.883
3 0 -3.269 -35.509 127.325 -4.864 -38.409 129.538 -5.359 -38.463 129.072
3 0 -5.359 -38.463 129.072 -3.782 -35.594 126.883 -3.269 -35.509 127.325
3 0 -3.894 -33.567 129.401 -5.500 -36.481 131.623 -4.972 -36.892 131.491
3 0 -4.972 -36.892 131.491 -3.355 -33.958 129.251 -3.894 -33.567 129.401
3 0 -4.520 -33.304 129.332 -6.110 -36.189 131.531 -5.500 -36.481 131.623
3 0 -5.500 -36.481 131.623 -3.894 -33.567 129.401 -4.520 -33.304 129.332
3 0 -5.137 -33.207 129.055 -6.708 -36.060 131.229 -6.110 -36.189 131.531
3 0 -6.110 -36.189 131.531 -4.520 -33.304 129.332 -5.137 -33.207 129.055
3 0 -5.651 -33.293 128.614 -7.204 -36.113 130.763 -6.708 -36.060 131.229
3 0 -6.708 -36.060 131.229 -5.137 -33.207 129.055 -5.651 -33.293 128.614
3 0 -7.733 -35.702 130.895 -7.204 -36.113 130.763 -5.651 -33.293 128.614
3 0 -5.651 -33.293 128.614 -6.191 -32.902 128.763 -7.733 -35.702 130.895
3 0 -8.343 -35.410 130.803 -7.733 -35.702 130.895 -6.191 -32.902 128.763
3 0 -6.191 -32.902 128.763 -6.817 -32.639 128.694 -8.343 -35.410 130.803
3 0 -8.942 -35.281 130.501 -8.343 -35.410 130.803 -6.817 -32.639 128.694
3 0 -6.817 -32.639 128.694 -7.434 -32.542 128.418 -8.942 -35.281 130.501
3 0 -9.438 -35.334 130.034 -8.942 -35.281 130.501 -7.434 -32.542 128.418
3 0 -7.434 -32.542 128.418 -7.948 -32.627 127.976 -9.438 -35.334 130.034
3 0 -9.755 -35.563 129.475 -9.438 -35.334 130.034 -7.948 -32.627 127.976
3 0 -7.948 -32.627 127.976 -8.281 -32.881 127.436 -9.755 -35.563 129.475
3 0 -9.846 -35.931 128.907 -9.755 -35.563 129.475 -8.281 -32.881 127.436
3 0 -8.281 -32.881 127.436 -8.381 -33.265 126.881 -9.846 -35.931 128.907
3 0 -9.697 -36.384 128.418 -9.846 -35.931 128.907 -8.381 -33.265 126.881
3 0 -8.381 -33.265 126.881 -8.234 -33.721 126.394 -9.697 -36.384 128.418
3 0 -9.330 -36.851 128.082 -9.697 -36.384 128.418 -8.234 -33.721 126.394
3 0 -8.234 -33.721 126.394 -7.862 -34.179 126.049 -9.330 -36.851 128.082
3 0 -8.801 -37.262 127.949 -9.330 -36.851 128.082 -7.862 -34.179 126.049
3 0 -7.862 -34.179 126.049 -7.322 -34.569 125.900 -8.801 -37.262 127.949
3 0 -8.191 -37.555 128.041 -8.801 -37.262 127.949 -7.322 -34.569 125.900
3 0 -7.322 -34.569 125.900 -6.696 -34.832 125.969 -8.191 -37.555 128.041
3 0 -7.592 -37.684 128.344 -8.191 -37.555 128.041 -6.696 -34.832 125.969
3 0 -6.696 -34.832 125.969 -6.079 -34.929 126.246 -7.592 -37.684 128.344
3 0 -7.096 -37.630 128.810 -7.592 -37.684 128.344 -6.079 -34.929 126.246
3 0 -6.079 -34.929 126.246 -5.565 -34.844 126.687 -7.096 -37.630 128.810
3 0 -3.993 -42.588 132.302 -4.511 -42.159 132.421 -2.630 -39.188 130.266
3 0 -2.630 -39.188 130.266 -2.102 -39.599 130.134 -3.993 -42.588 132.302
3 0 -3.399 -42.906 132.413 -3.993 -42.588 132.302 -2.102 -39.599 130.134
3 0 -2.102 -39.599 130.134 -1.492 -39.892 130.226 -3.399 -42.906 132.413
3 0 -2.819 -43.064 132.736 -3.399 -42.906 132.413 -1.492 -39.892 130.226
3 0 -1.492 -39.892 130.226 -0.893 -40.021 130.528 -2.819 -43.064 132.736
3 0 -2.340 -43.038 133.223 -2.819 -43.064 132.736 -0.893 -40.021 130.528
3 0 -0.893 -40.021 130.528 -0.397 -39.967 130.994 -2.340 -43.038 133.223
3 0 -2.037 -42.831 133.799 -2.340 -43.038 133.223 -0.397 -39.967 130.994
3 0 -0.397 -39.967 130.994 -0.080 -39.738 131.554 -2.037 -42.831 133.799
3 0 -1.955 -42.477 134.376 -2.037 -42.831 133.799 -0.080 -39.738 131.554
3 0 -0.080 -39.738 131.554 0.012 -39.370 132.122 -1.955 -42.477 134.376
3 0 -2.106 -42.027 134.868 -1.955 -42.477 134.376 0.012 -39.370 132.122
3 0 0.012 -39.370 132.122 -0.138 -38.918 132.611 -2.106 -42.027 134.868
3 0 -2.468 -41.552 135.198 -2.106 -42.027 134.868 -0.138 -38.918 132.611
3 0 -0.138 -38.918 132.611 -0.505 -38.450 132.947 -2.468 -41.552 135.198
3 0 -2.986 -41.122 135.317 -2.468 -41.552 135.198 -0.505 -38.450 132.947
3 0 -0.505 -38.450 132.947 -1.034 -38.039 133.079 -2.986 -41.122 135.317
3 0 -3.580 -40.805 135.206 -2.986 -41.122 135.317 -1.034 -38.039 133.079
3 0 -1.034 -38.039 133.079 -1.644 -37.747 132.987 -3.580 -40.805 135.206
3 0 -4.160 -40.647 134.883 -3.580 -40.805 135.206 -1.644 -37.747 132.987
3 0 -1.644 -37.747 132.987 -2.242 -37.617 132.685 -4.160 -40.647 134.883
3 0 -4.638 -40.673 134.396 -4.160 -40.647 134.883 -2.242 -37.617 132.685
3 0 -2.242 -37.617 132.685 -2.738 -37.671 132.219 -4.638 -40.673 134.396
3 0 -4.335 -38.820 129.406 -6.163 -41.709 131.501 -6.681 -41.280 131.619
3 0 -6.681 -41.280 131.619 -4.864 -38.409 129.538 -4.335 -38.820 129.406
3 0 -3.725 -39.113 129.498 -5.569 -42.027 131.611 -6.163 -41.709 131.501
3 0 -6.163 -41.709 131.501 -4.335 -38.820 129.406 -3.725 -39.113 129.498
3 0 -3.126 -39.242 129.800 -4.989 -42.185 131.934 -5.569 -42.027 131.611
3 0 -5.569 -42.027 131.611 -3.725 -39.113 129.498 -3.126 -39.242 129.800
3 0 -2.630 -39.188 130.266 -4.511 -42.159 132.421 -4.989 -42.185 131.934
3 0 -4.989 -42.185 131.934 -3.126 -39.242 129.800 -2.630 -39.188 130.266
3 0 -3.267 -37.260 132.351 -5.156 -40.244 134.515 -4.638 -40.673 134.396
3 0 -4.638 -40.673 134.396 -2.738 -37.671 132.219 -3.267 -37.260 132.351
3 0 -3.877 -36.968 132.259 -5.750 -39.926 134.404 -5.156 -40.244 134.515
3 0 -5.156 -40.244 134.515 -3.267 -37.260 132.351 -3.877 -36.968 132.259
3 0 -4.476 -36.838 131.957 -6.331 -39.768 134.081 -5.750 -39.926 134.404
3 0 -5.750 -39.926 134.404 -3.877 -36.968 132.259 -4.476 -36.838 131.957
3 0 -4.972 -36.892 131.491 -6.809 -39.794 133.595 -6.331 -39.768 134.081
3 0 -6.331 -39.768 134.081 -4.476 -36.838 131.957 -4.972 -36.892 131.491
3 0 -6.568 -38.041 128.678 -8.333 -40.831 130.699 -8.850 -40.401 130.818
3 0 -8.850 -40.401 130.818 -7.096 -37.630 128.810 -6.568 -38.041 128.678
3 0 -5.958 -38.334 128.770 -7.739 -41.148 130.810 -8.333 -40.831 130.699
3 0 -8.333 -40.831 130.699 -6.568 -38.041 128.678 -5.958 -38.334 128.770
3 0 -5.359 -38.463 129.072 -7.158 -41.306 131.133 -7.739 -41.148 130.810
3 0 -7.739 -41.148 130.810 -5.958 -38.334 128.770 -5.359 -38.463 129.072
3 0 -4.864 -38.409 129.538 -6.681 -41.280 131.619 -7.158 -41.306 131.133
3 0 -7.158 -41.306 131.133 -5.359 -38.463 129.072 -4.864 -38.409 129.538
3 0 -5.500 -36.481 131.623 -7.326 -39.365 133.714 -6.809 -39.794 133.595
3 0 -6.809 -39.794 133.595 -4.972 -36.892 131.491 -5.500 -36.481 131.623
3 0 -6.110 -36.189 131.531 -7.920 -39.047 133.603 -7.326 -39.365 133.714
3 0 -7.326 -39.365 133.714 -5.500 -36.481 131.623 -6.110 -36.189 131.531
3 0 -6.708 -36.060 131.229 -8.500 -38.889 133.280 -7.920 -39.047 133.603
3 0 -7.920 -39.047 133.603 -6.110 -36.189 131.531 -6.708 -36.060 131.229
3 0 -7.204 -36.113 130.763 -8.978 -38.916 132.793 -8.500 -38.889 133.280
3 0 -8.500 -38.889 133.280 -6.708 -36.060 131.229 -7.204 -36.113 130.763
3 0 -9.496 -38.486 132.912 -8.978 -38.916 132.793 -7.204 -36.113 130.763
3 0 -7.204 -36.113 130.763 -7.733 -35.702 130.895 -9.496 -38.486 132.912
3 0 -10.090 -38.168 132.802 -9.496 -38.486 132.912 -7.733 -35.702 130.895
3 0 -7.733 -35.702 130.895 -8.343 -35.410 130.803 -10.090 -38.168 132.802
3 0 -10.670 -38.011 132.478 -10.090 -38.168 132.802 -8.343 -35.410 130.803
3 0 -8.343 -35.410 130.803 -8.942 -35.281 130.501 -10.670 -38.011 132.478
3 0 -11.149 -38.037 131.992 -10.670 -38.011 132.478 -8.942 -35.281 130.501
3 0 -8.942 -35.281 130.501 -9.438 -35.334 130.034 -11.149 -38.037 131.992
3 0 -11.452 -38.243 131.416 -11.149 -38.037 131.992 -9.438 -35.334 130.034
3 0 -9.438 -35.334 130.034 -9.755 -35.563 129.475 -11.452 -38.243 131.416
3 0 -11.534 -38.598 130.838 -11.452 -38.243 131.416 -9.755 -35.563 129.475
3 0 -9.755 -35.563 129.475 -9.846 -35.931 128.907 -11.534 -38.598 130.838
3 0 -11.383 -39.047 130.347 -11.534 -38.598 130.838 -9.846 -35.931 128.907
3 0 -9.846 -35.931 128.907 -9.697 -36.384 128.418 -11.383 -39.047 130.347
3 0 -11.021 -39.522 130.017 -11.383 -39.047 130.347 -9.697 -36.384 128.418
3 0 -9.697 -36.384 128.418 -9.330 -36.851 128.082 -11.021 -39.522 130.017
3 0 -10.503 -39.952 129.898 -11.021 -39.522 130.017 -9.330 -36.851 128.082
3 0 -9.330 -36.851 128.082 -8.801 -37.262 127.949 -10.503 -39.952 129.898
3 0 -9.909 -40.269 130.008 -10.503 -39.952 129.898 -8.801 -37.262 127.949
3 0 -8.801 -37.262 127.949 -8.191 -37.555 128.041 -9.909 -40.269 130.008
3 0 -9.329 -40.427 130.331 -9.909 -40.269 130.008 -8.191 -37.555 128.041
3 0 -8.191 -37.555 128.041 -7.592 -37.684 128.344 -9.329 -40.427 130.331
3 0 -8.850 -40.401 130.818 -9.329 -40.427 130.331 -7.592 -37.684 128.344
3 0 -7.592 -37.684 128.344 -7.096 -37.630 128.810 -8.850 -40.401 130.818
3 0 -6.052 -45.526 134.336 -6.559 -45.081 134.445 -4.511 -42.159 132.421
3 0 -4.511 -42.159 132.421 -3.993 -42.588 132.302 -6.052 -45.526 134.336
3 0 -5.473 -45.864 134.461 -6.052 -45.526 134.336 -3.993 -42.588 132.302
3 0 -3.993 -42.588 132.302 -3.399 -42.906 132.413 -5.473 -45.864 134.461
3 0 -4.909 -46.046 134.800 -5.473 -45.864 134.461 -3.399 -42.906 132.413
3 0 -3.399 -42.906 132.413 -2.819 -43.064 132.736 -4.909 -46.046 134.800
3 0 -4.447 -46.043 135.303 -4.909 -46.046 134.800 -2.819 -43.064 132.736
3 0 -2.819 -43.064 132.736 -2.340 -43.038 133.223 -4.447 -46.043 135.303
3 0 -4.156 -45.856 135.892 -4.447 -46.043 135.303 -2.340 -43.038 133.223
3 0 -2.340 -43.038 133.223 -2.037 -42.831 133.799 -4.156 -45.856 135.892
3 0 -4.082 -45.513 136.477 -4.156 -45.856 135.892 -2.037 -42.831 133.799
3 0 -2.037 -42.831 133.799 -1.955 -42.477 134.376 -4.082 -45.513 136.477
3 0 -4.235 -45.066 136.971 -4.082 -45.513 136.477 -1.955 -42.477 134.376
3 0 -1.955 -42.477 134.376 -2.106 -42.027 134.868 -4.235 -45.066 136.971
3 0 -4.592 -44.584 137.297 -4.235 -45.066 136.971 -2.106 -42.027 134.868
3 0 -2.106 -42.027 134.868 -2.468 -41.552 135.198 -4.592 -44.584 137.297
3 0 -5.099 -44.140 137.405 -4.592 -44.584 137.297 -2.468 -41.552 135.198
3 0 -2.468 -41.552 135.198 -2.986 -41.122 135.317 -5.099 -44.140 137.405
3 0 -5.679 -43.801 137.281 -5.099 -44.140 137.405 -2.986 -41.122 135.317
3 0 -2.986 -41.122 135.317 -3.580 -40.805 135.206 -5.679 -43.801 137.281
3 0 -6.243 -43.619 136.941 -5.679 -43.801 137.281 -3.580 -40.805 135.206
3 0 -3.580 -40.805 135.206 -4.160 -40.647 134.883 -6.243 -43.619 136.941
3 0 -6.705 -43.623 136.439 -6.243 -43.619 136.941 -4.160 -40.647 134.883
3 0 -4.160 -40.647 134.883 -4.638 -40.673 134.396 -6.705 -43.623 136.439
3 0 -6.163 -41.709 131.501 -8.165 -44.564 133.478 -8.672 -44.120 133.587
3 0 -8.672 -44.120 133.587 -6.681 -41.280 131.619 -6.163 -41.709 131.501
3 0 -5.569 -42.027 131.611 -7.586 -44.903 133.603 -8.165 -44.564 133.478
3 0 -8.165 -44.564 133.478 -6.163 -41.709 131.501 -5.569 -42.027 131.611
3 0 -4.989 -42.185 131.934 -7.022 -45.084 133.942 -7.586 -44.903 133.603
3 0 -7.586 -44.903 133.603 -5.569 -42.027 131.611 -4.989 -42.185 131.934
3 0 -4.511 -42.159 132.421 -6.559 -45.081 134.445 -7.022 -45.084 133.942
3 0 -7.022 -45.084 133.942 -4.989 -42.185 131.934 -4.511 -42.159 132.421
3 0 -5.156 -40.244 134.515 -7.212 -43.178 136.547 -6.705 -43.623 136.439
3 0 -6.705 -43.623 136.439 -4.638 -40.673 134.396 -5.156 -40.244 134.515
3 0 -5.750 -39.926 134.404 -7.792 -42.840 136.423 -7.212 -43.178 136.547
3 0 -7.212 -43.178 136.547 -5.156 -40.244 134.515 -5.750 -39.926 134.404
3 0 -6.331 -39.768 134.081 -8.356 -42.658 136.083 -7.792 -42.840 136.423
3 0 -7.792 -42.840 136.423 -5.750 -39.926 134.404 -6.331 -39.768 134.081
3 0 -6.809 -39.794 133.595 -8.818 -42.661 135.581 -8.356 -42.658 136.083
3 0 -8.356 -42.658 136.083 -6.331 -39.768 134.081 -6.809 -39.794 133.595
3 0 -8.333 -40.831 130.699 -10.277 -43.603 132.620 -10.784 -43.158 132.729
3 0 -10.784 -43.158 132.729 -8.850 -40.401 130.818 -8.333 -40.831 130.699
3 0 -7.739 -41.148 130.810 -9.698 -43.941 132.745 -10.277 -43.603 132.620
3 0 -10.277 -43.603 132.620 -8.333 -40.831 130.699 -7.739 -41.148 130.810
3 0 -7.158 -41.306 131.133 -9.134 -44.123 133.085 -9.698 -43.941 132.745
3 0 -9.698 -43.941 132.745 -7.739 -41.148 130.810 -7.158 -41.306 131.133
3 0 -6.681 -41.280 131.619 -8.672 -44.120 133.587 -9.134 -44.123 133.085
3 0 -9.134 -44.123 133.085 -7.158 -41.306 131.133 -6.681 -41.280 131.619
3 0 -7.326 -39.365 133.714 -9.324 -42.217 135.690 -8.818 -42.661 135.581
3 0 -8.818 -42.661 135.581 -6.809 -39.794 133.595 -7.326 -39.365 133.714
3 0 -7.920 -39.047 133.603 -9.904 -41.878 135.565 -9.324 -42.217 135.690
3 0 -9.324 -42.217 135.690 -7.326 -39.365 133.714 -7.920 -39.047 133.603
3 0 -8.500 -38.889 133.280 -10.468 -41.696 135.226 -9.904 -41.878 135.565
3 0 -9.904 -41.878 135.565 -7.920 -39.047 133.603 -8.500 -38.889 133.280
3 0 -8.978 -38.916 132.793 -10.930 -41.700 134.723 -10.468 -41.696 135.226
3 0 -10.468 -41.696 135.226 -8.500 -38.889 133.280 -8.978 -38.916 132.793
3 0 -11.437 -41.255 134.832 -10.930 -41.700 134.723 -8.978 -38.916 132.793
3 0 -8.978 -38.916 132.793 -9.496 -38.486 132.912 -11.437 -41.255 134.832
3 0 -12.017 -40.917 134.707 -11.437 -41.255 134.832 -9.496 -38.486 132.912
3 0 -9.496 -38.486 132.912 -10.090 -38.168 132.802 -12.017 -40.917 134.707
3 0 -12.581 -40.735 134.368 -12.017 -40.917 134.707 -10.090 -38.168 132.802
3 0 -10.090 -38.168 132.802 -10.670 -38.011 132.478 -12.581 -40.735 134.368
3 0 -13.043 -40.738 133.865 -12.581 -40.735 134.368 -10.670 -38.011 132.478
3 0 -10.670 -38.011 132.478 -11.149 -38.037 131.992 -13.043 -40.738 133.865
3 0 -13.334 -40.925 133.276 -13.043 -40.738 133.865 -11.149 -38.037 131.992
3 0 -11.149 -38.037 131.992 -11.452 -38.243 131.416 -13.334 -40.925 133.276
3 0 -13.408 -41.268 132.691 -13.334 -40.925 133.276 -11.452 -38.243 131.416
3 0 -11.452 -38.243 131.416 -11.534 -38.598 130.838 -13.408 -41.268 132.691
3 0 -13.255 -41.715 132.197 -13.408 -41.268 132.691 -11.534 -38.598 130.838
3 0 -11.534 -38.598 130.838 -11.383 -39.047 130.347 -13.255 -41.715 132.197
3 0 -12.897 -42.197 131.871 -13.255 -41.715 132.197 -11.383 -39.047 130.347
3 0 -11.383 -39.047 130.347 -11.021 -39.522 130.017 -12.897 -42.197 131.871
3 0 -12.390 -42.641 131.762 -12.897 -42.197 131.871 -11.021 -39.522 130.017
3 0 -11.021 -39.522 130.017 -10.503 -39.952 129.898 -12.390 -42.641 131.762
3 0 -11.811 -42.980 131.887 -12.390 -42.641 131.762 -10.503 -39.952 129.898
3 0 -10.503 -39.952 129.898 -9.909 -40.269 130.008 -11.811 -42.980 131.887
3 0 -11.247 -43.161 132.227 -11.811 -42.980 131.887 -9.909 -40.269 130.008
3 0 -9.909 -40.269 130.008 -9.329 -40.427 130.331 -11.247 -43.161 132.227
3 0 -10.784 -43.158 132.729 -11.247 -43.161 132.227 -9.329 -40.427 130.331
3 0 -9.329 -40.427 130.331 -8.850 -40.401 130.818 -10.784 -43.158 132.729
3 0 -8.251 -48.417 136.252 -8.748 -47.960 136.353 -6.559 -45.081 134.445
3 0 -6.559 -45.081 134.445 -6.052 -45.526 134.336 -8.251 -48.417 136.252
3 0 -7.685 -48.773 136.388 -8.251 -48.417 136.252 -6.052 -45.526 134.336
3 0 -6.052 -45.526 134.336 -5.473 -45.864 134.461 -7.685 -48.773 136.388
3 0 -7.136 -48.975 136.740 -7.685 -48.773 136.388 -5.473 -45.864 134.461
3 0 -5.473 -45.864 134.461 -4.909 -46.046 134.800 -7.136 -48.975 136.740
3 0 -6.688 -48.992 137.255 -7.136 -48.975 136.740 -4.909 -46.046 134.800
3 0 -4.909 -46.046 134.800 -4.447 -46.043 135.303 -6.688 -48.992 137.255
3 0 -6.409 -48.822 137.854 -6.688 -48.992 137.255 -4.447 -46.043 135.303
3 0 -4.447 -46.043 135.303 -4.156 -45.856 135.892 -6.409 -48.822 137.854
3 0 -6.342 -48.489 138.447 -6.409 -48.822 137.854 -4.156 -45.856 135.892
3 0 -4.156 -45.856 135.892 -4.082 -45.513 136.477 -6.342 -48.489 138.447
3 0 -6.497 -48.045 138.942 -6.342 -48.489 138.447 -4.082 -45.513 136.477
3 0 -4.082 -45.513 136.477 -4.235 -45.066 136.971 -6.497 -48.045 138.942
3 0 -6.850 -47.558 139.265 -6.497 -48.045 138.942 -4.235 -45.066 136.971
3 0 -4.235 -45.066 136.971 -4.592 -44.584 137.297 -6.850 -47.558 139.265
3 0 -7.347 -47.101 139.366 -6.850 -47.558 139.265 -4.592 -44.584 137.297
3 0 -4.592 -44.584 137.297 -5.099 -44.140 137.405 -7.347 -47.101 139.366
3 0 -7.913 -46.744 139.230 -7.347 -47.101 139.366 -5.099 -44.140 137.405
3 0 -5.099 -44.140 137.405 -5.679 -43.801 137.281 -7.913 -46.744 139.230
3 0 -8.462 -46.542 138.878 -7.913 -46.744 139.230 -5.679 -43.801 137.281
3 0 -5.679 -43.801 137.281 -6.243 -43.619 136.941 -8.462 -46.542 138.878
3 0 -8.910 -46.525 138.363 -8.462 -46.542 138.878 -6.243 -43.619 136.941
3 0 -6.243 -43.619 136.941 -6.705 -43.623 136.439 -8.910 -46.525 138.363
3 0 -8.165 -44.564 133.478 -10.311 -47.384 135.349 -10.809 -46.927 135.450
3 0 -10.809 -46.927 135.450 -8.672 -44.120 133.587 -8.165 -44.564 133.478
3 0 -7.586 -44.903 133.603 -9.745 -47.741 135.485 -10.311 -47.384 135.349
3 0 -10.311 -47.384 135.349 -8.165 -44.564 133.478 -7.586 -44.903 133.603
3 0 -7.022 -45.084 133.942 -9.196 -47.943 135.837 -9.745 -47.741 135.485
3 0 -9.745 -47.741 135.485 -7.586 -44.903 133.603 -7.022 -45.084 133.942
3 0 -6.559 -45.081 134.445 -8.748 -47.960 136.353 -9.196 -47.943 135.837
3 0 -9.196 -47.943 135.837 -7.022 -45.084 133.942 -6.559 -45.081 134.445
3 0 -7.212 -43.178 136.547 -9.407 -46.068 138.464 -8.910 -46.525 138.363
3 0 -8.910 -46.525 138.363 -6.705 -43.623 136.439 -7.212 -43.178 136.547
3 0 -7.792 -42.840 136.423 -9.973 -45.712 138.328 -9.407 -46.068 138.464
3 0 -9.407 -46.068 138.464 -7.212 -43.178 136.547 -7.792 -42.840 136.423
3 0 -8.356 -42.658 136.083 -10.522 -45.510 137.975 -9.973 -45.712 138.328
3 0 -9.973 -45.712 138.328 -7.792 -42.840 136.423 -8.356 -42.658 136.083
3 0 -8.818 -42.661 135.581 -10.970 -45.493 137.460 -10.522 -45.510 137.975
3 0 -10.522 -45.510 137.975 -8.356 -42.658 136.083 -8.818 -42.661 135.581
3 0 -10.277 -43.603 132.620 -12.371 -46.352 134.447 -12.868 -45.895 134.548
3 0 -12.868 -45.895 134.548 -10.784 -43.158 132.729 -10.277 -43.603 132.620
3 0 -9.698 -43.941 132.745 -11.805 -46.709 134.583 -12.371 -46.352 134.447
3 0 -12.371 -46.352 134.447 -10.277 -43.603 132.620 -9.698 -43.941 132.745
3 0 -9.134 -44.123 133.085 -11.256 -46.911 134.935 -11.805 -46.709 134.583
3 0 -11.805 -46.709 134.583 -9.698 -43.941 132.745 -9.134 -44.123 133.085
3 0 -8.672 -44.120 133.587 -10.809 -46.927 135.450 -11.256 -46.911 134.935
3 0 -11.256 -46.911 134.935 -9.134 -44.123 133.085 -8.672 -44.120 133.587
3 0 -9.324 -42.217 135.690 -11.467 -45.036 137.562 -10.970 -45.493 137.460
3 0 -10.970 -45.493 137.460 -8.818 -42.661 135.581 -9.324 -42.217 135.690
3 0 -9.904 -41.878 135.565 -12.033 -44.680 137.426 -11.467 -45.036 137.562
3 0 -11.467 -45.036 137.562 -9.324 -42.217 135.690 -9.904 -41.878 135.565
3 0 -10.468 -41.696 135.226 -12.582 -44.477 137.073 -12.033 -44.680 137.426
3 0 -12.033 -44.680 137.426 -9.904 -41.878 135.565 -10.468 -41.696 135.226
3 0 -10.930 -41.700 134.723 -13.030 -44.461 136.558 -12.582 -44.477 137.073
3 0 -12.582 -44.477 137.073 -10.468 -41.696 135.226 -10.930 -41.700 134.723
3 0 -13.527 -44.004 136.659 -13.030 -44.461 136.558 -10.930 -41.700 134.723
3 0 -10.930 -41.700 134.723 -11.437 -41.255 134.832 -13.527 -44.004 136.659
3 0 -14.093 -43.647 136.523 -13.527 -44.004 136.659 -11.437 -41.255 134.832
3 0 -11.437 -41.255 134.832 -12.017 -40.917 134.707 -14.093 -43.647 136.523
3 0 -14.642 -43.445 136.171 -14.093 -43.647 136.523 -12.017 -40.917 134.707
3 0 -12.017 -40.917 134.707 -12.581 -40.735 134.368 -14.642 -43.445 136.171
3 0 -15.090 -43.428 135.656 -14.642 -43.445 136.171 -12.581 -40.735 134.368
3 0 -12.581 -40.735 134.368 -13.043 -40.738 133.865 -15.090 -43.428 135.656
3 0 -15.369 -43.599 135.056 -15.090 -43.428 135.656 -13.043 -40.738 133.865
3 0 -13.043 -40.738 133.865 -13.334 -40.925 133.276 -15.369 -43.599 135.056
3 0 -15.436 -43.931 134.464 -15.369 -43.599 135.056 -13.334 -40.925 133.276
3 0 -13.334 -40.925 133.276 -13.408 -41.268 132.691 -15.436 -43.931 134.464
3 0 -15.281 -44.375 133.968 -15.436 -43.931 134.464 -13.408 -41.268 132.691
3 0 -13.408 -41.268 132.691 -13.255 -41.715 132.197 -15.281 -44.375 133.968
3 0 -14.928 -44.863 133.646 -15.281 -44.375 133.968 -13.255 -41.715 132.197
3 0 -13.255 -41.715 132.197 -12.897 -42.197 131.871 -14.928 -44.863 133.646
3 0 -14.431 -45.319 133.545 -14.928 -44.863 133.646 -12.897 -42.197 131.871
3 0 -12.897 -42.197 131.871 -12.390 -42.641 131.762 -14.431 -45.319 133.545
3 0 -13.865 -45.676 133.681 -14.431 -45.319 133.545 -12.390 -42.641 131.762
3 0 -12.390 -42.641 131.762 -11.811 -42.980 131.887 -13.865 -45.676 133.681
3 0 -13.316 -45.878 134.033 -13.865 -45.676 133.681 -11.811 -42.980 131.887
3 0 -11.811 -42.980 131.887 -11.247 -43.161 132.227 -13.316 -45.878 134.033
3 0 -12.868 -45.895 134.548 -13.316 -45.878 134.033 -11.247 -43.161 132.227
3 0 -11.247 -43.161 132.227 -10.784 -43.158 132.729 -12.868 -45.895 134.548
3 0 -10.565 -51.265 138.062 -11.053 -50.798 138.157 -8.748 -47.960 136.353
3 0 -8.748 -47.960 136.353 -8.251 -48.417 136.252 -10.565 -51.265 138.062
3 0 -10.011 -51.637 138.207 -10.565 -51.265 138.062 -8.251 -48.417 136.252
3 0 -8.251 -48.417 136.252 -7.685 -48.773 136.388 -10.011 -51.637 138.207
3 0 -9.476 -51.857 138.570 -10.011 -51.637 138.207 -7.685 -48.773 136.388
3 0 -7.685 -48.773 136.388 -7.136 -48.975 136.740 -9.476 -51.857 138.570
3 0 -9.041 -51.892 139.095 -9.476 -51.857 138.570 -7.136 -48.975 136.740
3 0 -7.136 -48.975 136.740 -6.688 -48.992 137.255 -9.041 -51.892 139.095
3 0 -8.773 -51.736 139.703 -9.041 -51.892 139.095 -6.688 -48.992 137.255
3 0 -6.688 -48.992 137.255 -6.409 -48.822 137.854 -8.773 -51.736 139.703
3 0 -8.712 -51.412 140.302 -8.773 -51.736 139.703 -6.409 -48.822 137.854
3 0 -6.409 -48.822 137.854 -6.342 -48.489 138.447 -8.712 -51.412 140.302
3 0 -8.868 -50.971 140.799 -8.712 -51.412 140.302 -6.342 -48.489 138.447
3 0 -6.342 -48.489 138.447 -6.497 -48.045 138.942 -8.868 -50.971 140.799
3 0 -9.217 -50.479 141.120 -8.868 -50.971 140.799 -6.497 -48.045 138.942
3 0 -6.497 -48.045 138.942 -6.850 -47.558 139.265 -9.217 -50.479 141.120
3 0 -9.705 -50.012 141.215 -9.217 -50.479 141.120 -6.850 -47.558 139.265
3 0 -6.850 -47.558 139.265 -7.347 -47.101 139.366 -9.705 -50.012 141.215
3 0 -10.259 -49.640 141.070 -9.705 -50.012 141.215 -7.347 -47.101 139.366
3 0 -7.347 -47.101 139.366 -7.913 -46.744 139.230 -10.259 -49.640 141.070
3 0 -10.794 -49.420 140.707 -10.259 -49.640 141.070 -7.913 -46.744 139.230
3 0 -7.913 -46.744 139.230 -8.462 -46.542 138.878 -10.794 -49.420 140.707
3 0 -11.229 -49.385 140.182 -10.794 -49.420 140.707 -8.462 -46.542 138.878
3 0 -8.462 -46.542 138.878 -8.910 -46.525 138.363 -11.229 -49.385 140.182
3 0 -10.311 -47.384 135.349 -12.577 -50.171 137.124 -13.065 -49.704 137.220
3 0 -13.065 -49.704 137.220 -10.809 -46.927 135.450 -10.311 -47.384 135.349
3 0 -9.745 -47.741 135.485 -12.023 -50.543 137.269 -12.577 -50.171 137.124
3 0 -12.577 -50.171 137.124 -10.311 -47.384 135.349 -9.745 -47.741 135.485
3 0 -9.196 -47.943 135.837 -11.488 -50.763 137.632 -12.023 -50.543 137.269
3 0 -12.023 -50.543 137.269 -9.745 -47.741 135.485 -9.196 -47.943 135.837
3 0 -8.748 -47.960 136.353 -11.053 -50.798 138.157 -11.488 -50.763 137.632
3 0 -11.488 -50.763 137.632 -9.196 -47.943 135.837 -8.748 -47.960 136.353
3 0 -9.407 -46.068 138.464 -11.718 -48.918 140.277 -11.229 -49.385 140.182
3 0 -11.229 -49.385 140.182 -8.910 -46.525 138.363 -9.407 -46.068 138.464
3 0 -9.973 -45.712 138.328 -12.271 -48.546 140.132 -11.718 -48.918 140.277
3 0 -11.718 -48.918 140.277 -9.407 -46.068 138.464 -9.973 -45.712 138.328
3 0 -10.522 -45.510 137.975 -12.806 -48.326 139.770 -12.271 -48.546 140.132
3 0 -12.271 -48.546 140.132 -9.973 -45.712 138.328 -10.522 -45.510 137.975
3 0 -10.970 -45.493 137.460 -13.241 -48.291 139.244 -12.806 -48.326 139.770
3 0 -12.806 -48.326 139.770 -10.522 -45.510 137.975 -10.970 -45.493 137.460
3 0 -12.371 -46.352 134.447 -14.588 -49.078 136.187 -15.077 -48.610 136.282
3 0 -15.077 -48.610 136.282 -12.868 -45.895 134.548 -12.371 -46.352 134.447
3 0 -11.805 -46.709 134.583 -14.035 -49.450 136.332 -14.588 -49.078 136.187
3 0 -14.588 -49.078 136.187 -12.371 -46.352 134.447 -11.805 -46.709 134.583
3 0 -11.256 -46.911 134.935 -13.499 -49.670 136.694 -14.035 -49.450 136.332
3 0 -14.035 -49.450 136.332 -11.805 -46.709 134.583 -11.256 -46.911 134.935
3 0 -10.809 -46.927 135.450 -13.065 -49.704 137.220 -13.499 -49.670 136.694
3 0 -13.499 -49.670 136.694 -11.256 -46.911 134.935 -10.809 -46.927 135.450
3 0 -11.467 -45.036 137.562 -13.729 -47.824 139.340 -13.241 -48.291 139.244
3 0 -13.241 -48.291 139.244 -10.970 -45.493 137.460 -11.467 -45.036 137.562
3 0 -12.033 -44.680 137.426 -14.283 -47.452 139.195 -13.729 -47.824 139.340
3 0 -13.729 -47.824 139.340 -11.467 -45.036 137.562 -12.033 -44.680 137.426
3 0 -12.582 -44.477 137.073 -14.818 -47.232 138.832 -14.283 -47.452 139.195
3 0 -14.283 -47.452 139.195 -12.033 -44.680 137.426 -12.582 -44.477 137.073
3 0 -13.030 -44.461 136.558 -15.253 -47.198 138.307 -14.818 -47.232 138.832
3 0 -14.818 -47.232 138.832 -12.582 -44.477 137.073 -13.030 -44.461 136.558
3 0 -15.741 -46.730 138.402 -15.253 -47.198 138.307 -13.030 -44.461 136.558
3 0 -13.030 -44.461 136.558 -13.527 -44.004 136.659 -15.741 -46.730 138.402
3 0 -16.295 -46.358 138.257 -15.741 -46.730 138.402 -13.527 -44.004 136.659
3 0 -13.527 -44.004 136.659 -14.093 -43.647 136.523 -16.295 -46.358 138.257
3 0 -16.830 -46.138 137.895 -16.295 -46.358 138.257 -14.093 -43.647 136.523
3 0 -14.093 -43.647 136.523 -14.642 -43.445 136.171 -16.830 -46.138 137.895
3 0 -17.265 -46.104 137.369 -16.830 -46.138 137.895 -14.642 -43.445 136.171
3 0 -14.642 -43.445 136.171 -15.090 -43.428 135.656 -17.265 -46.104 137.369
3 0 -17.533 -46.260 136.761 -17.265 -46.104 137.369 -15.090 -43.428 135.656
3 0 -15.090 -43.428 135.656 -15.369 -43.599 135.056 -17.533 -46.260 136.761
3 0 -17.594 -46.583 136.163 -17.533 -46.260 136.761 -15.369 -43.599 135.056
3 0 -15.369 -43.599 135.056 -15.436 -43.931 134.464 -17.594 -46.583 136.163
3 0 -17.438 -47.024 135.665 -17.594 -46.583 136.163 -15.436 -43.931 134.464
3 0 -15.436 -43.931 134.464 -15.281 -44.375 133.968 -17.438 -47.024 135.665
3 0 -17.089 -47.516 135.344 -17.438 -47.024 135.665 -15.281 -44.375 133.968
3 0 -15.281 -44.375 133.968 -14.928 -44.863 133.646 -17.089 -47.516 135.344
3 0 -16.601 -47.983 135.249 -17.089 -47.516 135.344 -14.928 -44.863 133.646
3 0 -14.928 -44.863 133.646 -14.431 -45.319 133.545 -16.601 -47.983 135.249
3 0 -16.047 -48.355 135.394 -16.601 -47.983 135.249 -14.431 -45.319 133.545
3 0 -14.431 -45.319 133.545 -13.865 -45.676 133.681 -16.047 -48.355 135.394
3 0 -15.512 -48.576 135.757 -16.047 -48.355 135.394 -13.865 -45.676 133.681
3 0 -13.865 -45.676 133.681 -13.316 -45.878 134.033 -15.512 -48.576 135.757
3 0 -15.077 -48.610 136.282 -15.512 -48.576 135.757 -13.316 -45.878 134.033
3 0 -13.316 -45.878 134.033 -12.868 -45.895 134.548 -15.077 -48.610 136.282
3 0 -12.977 -54.075 139.778 -13.457 -53.599 139.869 -11.053 -50.798 138.157
3 0 -11.053 -50.798 138.157 -10.565 -51.265 138.062 -12.977 -54.075 139.778
3 0 -12.434 -54.461 139.929 -12.977 -54.075 139.778 -10.565 -51.265 138.062
3 0 -10.565 -51.265 138.062 -10.011 -51.637 138.207 -12.434 -54.461 139.929
3 0 -11.912 -54.697 140.301 -12.434 -54.461 139.929 -10.011 -51.637 138.207
3 0 -10.011 -51.637 138.207 -9.476 -51.857 138.570 -11.912 -54.697 140.301
3 0 -11.489 -54.747 140.835 -11.912 -54.697 140.301 -9.476 -51.857 138.570
3 0 -9.476 -51.857 138.570 -9.041 -51.892 139.095 -11.489 -54.747 140.835
3 0 -11.231 -54.604 141.450 -11.489 -54.747 140.835 -9.041 -51.892 139.095
3 0 -9.041 -51.892 139.095 -8.773 -51.736 139.703 -11.231 -54.604 141.450
3 0 -11.176 -54.289 142.054 -11.231 -54.604 141.450 -8.773 -51.736 139.703
3 0 -8.773 -51.736 139.703 -8.712 -51.412 140.302 -11.176 -54.289 142.054
3 0 -11.333 -53.851 142.553 -11.176 -54.289 142.054 -8.712 -51.412 140.302
3 0 -8.712 -51.412 140.302 -8.868 -50.971 140.799 -11.333 -53.851 142.553
3 0 -11.678 -53.356 142.873 -11.333 -53.851 142.553 -8.868 -50.971 140.799
3 0 -8.868 -50.971 140.799 -9.217 -50.479 141.120 -11.678 -53.356 142.873
3 0 -12.158 -52.879 142.963 -11.678 -53.356 142.873 -9.217 -50.479 141.120
3 0 -9.217 -50.479 141.120 -9.705 -50.012 141.215 -12.158 -52.879 142.963
3 0 -12.701 -52.493 142.812 -12.158 -52.879 142.963 -9.705 -50.012 141.215
3 0 -9.705 -50.012 141.215 -10.259 -49.640 141.070 -12.701 -52.493 142.812
3 0 -13.223 -52.258 142.441 -12.701 -52.493 142.812 -10.259 -49.640 141.070
3 0 -10.259 -49.640 141.070 -10.794 -49.420 140.707 -13.223 -52.258 142.441
3 0 -13.646 -52.207 141.907 -13.223 -52.258 142.441 -10.794 -49.420 140.707
3 0 -10.794 -49.420 140.707 -11.229 -49.385 140.182 -13.646 -52.207 141.907
3 0 -12.577 -50.171 137.124 -14.945 -52.927 138.812 -15.425 -52.450 138.902
3 0 -15.425 -52.450 138.902 -13.065 -49.704 137.220 -12.577 -50.171 137.124
3 0 -12.023 -50.543 137.269 -14.402 -53.312 138.963 -14.945 -52.927 138.812
3 0 -14.945 -52.927 138.812 -12.577 -50.171 137.124 -12.023 -50.543 137.269
3 0 -11.488 -50.763 137.632 -13.880 -53.548 139.334 -14.402 -53.312 138.963
3 0 -14.402 -53.312 138.963 -12.023 -50.543 137.269 -11.488 -50.763 137.632
3 0 -11.053 -50.798 138.157 -13.457 -53.599 139.869 -13.880 -53.548 139.334
3 0 -13.880 -53.548 139.334 -11.488 -50.763 137.632 -11.053 -50.798 138.157
3 0 -11.718 -48.918 140.277 -14.126 -51.731 141.997 -13.646 -52.207 141.907
3 0 -13.646 -52.207 141.907 -11.229 -49.385 140.182 -11.718 -48.918 140.277
3 0 -12.271 -48.546 140.132 -14.669 -51.345 141.846 -14.126 -51.731 141.997
3 0 -14.126 -51.731 141.997 -11.718 -48.918 140.277 -12.271 -48.546 140.132
3 0 -12.806 -48.326 139.770 -15.191 -51.109 141.475 -14.669 -51.345 141.846
3 0 -14.669 -51.345 141.846 -12.271 -48.546 140.132 -12.806 -48.326 139.770
3 0 -13.241 -48.291 139.244 -15.614 -51.059 140.941 -15.191 -51.109 141.475
3 0 -15.191 -51.109 141.475 -12.806 -48.326 139.770 -13.241 -48.291 139.244
3 0 -14.588 -49.078 136.187 -16.912 -51.779 137.846 -17.392 -51.302 137.937
3 0 -17.392 -51.302 137.937 -15.077 -48.610 136.282 -14.588 -49.078 136.187
3 0 -14.035 -49.450 136.332 -16.369 -52.164 137.998 -16.912 -51.779 137.846
3 0 -16.912 -51.779 137.846 -14.588 -49.078 136.187 -14.035 -49.450 136.332
3 0 -13.499 -49.670 136.694 -15.847 -52.400 138.369 -16.369 -52.164 137.998
3 0 -16.369 -52.164 137.998 -14.035 -49.450 136.332 -13.499 -49.670 136.694
3 0 -13.065 -49.704 137.220 -15.425 -52.450 138.902 -15.847 -52.400 138.369
3 0 -15.847 -52.400 138.369 -13.499 -49.670 136.694 -13.065 -49.704 137.220
3 0 -13.729 -47.824 139.340 -16.093 -50.583 141.032 -15.614 -51.059 140.941
3 0 -15.614 -51.059 140.941 -13.241 -48.291 139.244 -13.729 -47.824 139.340
3 0 -14.283 -47.452 139.195 -16.636 -50.197 140.880 -16.093 -50.583 141.032
3 0 -16.093 -50.583 141.032 -13.729 -47.824 139.340 -14.283 -47.452 139.195
3 0 -14.818 -47.232 138.832 -17.158 -49.961 140.509 -16.636 -50.197 140.880
3 0 -16.636 -50.197 140.880 -14.283 -47.452 139.195 -14.818 -47.232 138.832
3 0 -15.253 -47.198 138.307 -17.581 -49.911 139.975 -17.158 -49.961 140.509
3 0 -17.158 -49.961 140.509 -14.818 -47.232 138.832 -15.253 -47.198 138.307
3 0 -18.061 -49.434 140.066 -17.581 -49.911 139.975 -15.253 -47.198 138.307
3 0 -15.253 -47.198 138.307 -15.741 -46.730 138.402 -18.061 -49.434 140.066
3 0 -18.604 -49.048 139.914 -18.061 -49.434 140.066 -15.741 -46.730 138.402
3 0 -15.741 -46.730 138.402 -16.295 -46.358 138.257 -18.604 -49.048 139.914
3 0 -19.126 -48.812 139.543 -18.604 -49.048 139.914 -16.295 -46.358 138.257
3 0 -16.295 -46.358 138.257 -16.830 -46.138 137.895 -19.126 -48.812 139.543
3 0 -19.549 -48.762 139.009 -19.126 -48.812 139.543 -16.830 -46.138 137.895
3 0 -16.830 -46.138 137.895 -17.265 -46.104 137.369 -19.549 -48.762 139.009
3 0 -19.807 -48.905 138.393 -19.549 -48.762 139.009 -17.265 -46.104 137.369
3 0 -17.265 -46.104 137.369 -17.533 -46.260 136.761 -19.807 -48.905 138.393
3 0 -19.862 -49.220 137.790 -19.807 -48.905 138.393 -17.533 -46.260 136.761
3 0 -17.533 -46.260 136.761 -17.594 -46.583 136.163 -19.862 -49.220 137.790
3 0 -19.705 -49.658 137.290 -19.862 -49.220 137.790 -17.594 -46.583 136.163
3 0 -17.594 -46.583 136.163 -17.438 -47.024 135.665 -19.705 -49.658 137.290
3 0 -19.360 -50.153 136.971 -19.705 -49.658 137.290 -17.438 -47.024 135.665
3 0 -17.438 -47.024 135.665 -17.089 -47.516 135.344 -19.360 -50.153 136.971
3 0 -18.880 -50.630 136.880 -19.360 -50.153 136.971 -17.089 -47.516 135.344
3 0 -17.089 -47.516 135.344 -16.601 -47.983 135.249 -18.880 -50.630 136.880
3 0 -18.337 -51.016 137.032 -18.880 -50.630 136.880 -16.601 -47.983 135.249
3 0 -16.601 -47.983 135.249 -16.047 -48.355 135.394 -18.337 -51.016 137.032
3 0 -17.815 -51.252 137.403 -18.337 -51.016 137.032 -16.047 -48.355 135.394
3 0 -16.047 -48.355 135.394 -15.512 -48.576 135.757 -17.815 -51.252 137.403
3 0 -17.392 -51.302 137.937 -17.815 -51.252 137.403 -15.512 -48.576 135.757
3 0 -15.512 -48.576 135.757 -15.077 -48.610 136.282 -17.392 -51.302 137.937
3 0 -15.471 -56.848 141.405 -15.944 -56.363 141.493 -13.457 -53.599 139.869
3 0 -13.457 -53.599 139.869 -12.977 -54.075 139.778 -15.471 -56.848 141.405
3 0 -14.938 -57.245 141.562 -15.471 -56.848 141.405 -12.977 -54.075 139.778
3 0 -12.977 -54.075 139.778 -12.434 -54.461 139.929 -14.938 -57.245 141.562
3 0 -14.427 -57.494 141.940 -14.938 -57.245 141.562 -12.434 -54.461 139.929
3 0 -12.434 -54.461 139.929 -11.912 -54.697 140.301 -14.427 -57.494 141.940
3 0 -14.015 -57.558 142.481 -14.427 -57.494 141.940 -11.912 -54.697 140.301
3 0 -11.912 -54.697 140.301 -11.489 -54.747 140.835 -14.015 -57.558 142.481
3 0 -13.765 -57.426 143.102 -14.015 -57.558 142.481 -11.489 -54.747 140.835
3 0 -11.489 -54.747 140.835 -11.231 -54.604 141.450 -13.765 -57.426 143.102
3 0 -13.715 -57.119 143.710 -13.765 -57.426 143.102 -11.231 -54.604 141.450
3 0 -11.231 -54.604 141.450 -11.176 -54.289 142.054 -13.715 -57.119 143.710
3 0 -13.873 -56.684 144.212 -13.715 -57.119 143.710 -11.176 -54.289 142.054
3 0 -11.176 -54.289 142.054 -11.333 -53.851 142.553 -13.873 -56.684 144.212
3 0 -14.215 -56.186 144.531 -13.873 -56.684 144.212 -11.333 -53.851 142.553
3 0 -11.333 -53.851 142.553 -11.678 -53.356 142.873 -14.215 -56.186 144.531
3 0 -14.688 -55.702 144.618 -14.215 -56.186 144.531 -11.678 -53.356 142.873
3 0 -11.678 -53.356 142.873 -12.158 -52.879 142.963 -14.688 -55.702 144.618
3 0 -15.221 -55.305 144.461 -14.688 -55.702 144.618 -12.158 -52.879 142.963
3 0 -12.158 -52.879 142.963 -12.701 -52.493 142.812 -15.221 -55.305 144.461
3 0 -15.732 -55.055 144.084 -15.221 -55.305 144.461 -12.701 -52.493 142.812
3 0 -12.701 -52.493 142.812 -13.223 -52.258 142.441 -15.732 -55.055 144.084
3 0 -16.144 -54.991 143.543 -15.732 -55.055 144.084 -13.223 -52.258 142.441
3 0 -13.223 -52.258 142.441 -13.646 -52.207 141.907 -16.144 -54.991 143.543
3 0 -14.945 -52.927 138.812 -17.400 -55.653 140.417 -17.873 -55.169 140.505
3 0 -17.873 -55.169 140.505 -15.425 -52.450 138.902 -14.945 -52.927 138.812
3 0 -14.402 -53.312 138.963 -16.867 -56.050 140.574 -17.400 -55.653 140.417
3 0 -17.400 -55.653 140.417 -14.945 -52.927 138.812 -14.402 -53.312 138.963
3 0 -13.880 -53.548 139.334 -16.356 -56.299 140.952 -16.867 -56.050 140.574
3 0 -16.867 -56.050 140.574 -14.402 -53.312 138.963 -13.880 -53.548 139.334
3 0 -13.457 -53.599 139.869 -15.944 -56.363 141.493 -16.356 -56.299 140.952
3 0 -16.356 -56.299 140.952 -13.880 -53.548 139.334 -13.457 -53.599 139.869
3 0 -14.126 -51.731 141.997 -16.617 -54.507 143.631 -16.144 -54.991 143.543
3 0 -16.144 -54.991 143.543 -13.646 -52.207 141.907 -14.126 -51.731 141.997
3 0 -14.669 -51.345 141.846 -17.150 -54.110 143.474 -16.617 -54.507 143.631
3 0 -16.617 -54.507 143.631 -14.126 -51.731 141.997 -14.669 -51.345 141.846
3 0 -15.191 -51.109 141.475 -17.662 -53.860 143.096 -17.150 -54.110 143.474
3 0 -17.150 -54.110 143.474 -14.669 -51.345 141.846 -15.191 -51.109 141.475
3 0 -15.614 -51.059 140.941 -18.073 -53.797 142.555 -17.662 -53.860 143.096
3 0 -17.662 -53.860 143.096 -15.191 -51.109 141.475 -15.614 -51.059 140.941
3 0 -16.912 -51.779 137.846 -19.329 -54.459 139.430 -19.802 -53.974 139.518
3 0 -19.802 -53.974 139.518 -17.392 -51.302 137.937 -16.912 -51.779 137.846
3 0 -16.369 -52.164 137.998 -18.796 -54.856 139.587 -19.329 -54.459 139.430
3 0 -19.329 -54.459 139.430 -16.912 -51.779 137.846 -16.369 -52.164 137.998
3 0 -15.847 -52.400 138.369 -18.285 -55.105 139.965 -18.796 -54.856 139.587
3 0 -18.796 -54.856 139.587 -16.369 -52.164 137.998 -15.847 -52.400 138.369
3 0 -15.425 -52.450 138.902 -17.873 -55.169 140.505 -18.285 -55.105 139.965
3 0 -18.285 -55.105 139.965 -15.847 -52.400 138.369 -15.425 -52.450 138.902
3 0 -16.093 -50.583 141.032 -18.546 -53.313 142.643 -18.073 -53.797 142.555
3 0 -18.073 -53.797 142.555 -15.614 -51.059 140.941 -16.093 -50.583 141.032
3 0 -16.636 -50.197 140.880 -19.079 -52.916 142.486 -18.546 -53.313 142.643
3 0 -18.546 -53.313 142.643 -16.093 -50.583 141.032 -16.636 -50.197 140.880
3 0 -17.158 -49.961 140.509 -19.590 -52.666 142.109 -19.079 -52.916 142.486
3 0 -19.079 -52.916 142.486 -16.636 -50.197 140.880 -17.158 -49.961 140.509
3 0 -17.581 -49.911 139.975 -20.002 -52.602 141.568 -19.590 -52.666 142.109
3 0 -19.590 -52.666 142.109 -17.158 -49.961 140.509 -17.581 -49.911 139.975
3 0 -20.475 -52.118 141.656 -20.002 -52.602 141.568 -17.581 -49.911 139.975
3 0 -17.581 -49.911 139.975 -18.061 -49.434 140.066 -20.475 -52.118 141.656
3 0 -21.008 -51.721 141.499 -20.475 -52.118 141.656 -18.061 -49.434 140.066
3 0 -18.061 -49.434 140.066 -18.604 -49.048 139.914 -21.008 -51.721 141.499
3 0 -21.520 -51.471 141.121 -21.008 -51.721 141.499 -18.604 -49.048 139.914
3 0 -18.604 -49.048 139.914 -19.126 -48.812 139.543 -21.520 -51.471 141.121
3 0 -21.931 -51.408 140.580 -21.520 -51.471 141.121 -19.126 -48.812 139.543
3 0 -19.126 -48.812 139.543 -19.549 -48.762 139.009 -21.931 -51.408 140.580
3 0 -22.181 -51.539 139.959 -21.931 -51.408 140.580 -19.549 -48.762 139.009
3 0 -19.549 -48.762 139.009 -19.807 -48.905 138.393 -22.181 -51.539 139.959
3 0 -22.231 -51.846 139.351 -22.181 -51.539 139.959 -19.807 -48.905 138.393
3 0 -19.807 -48.905 138.393 -19.862 -49.220 137.790 -22.231 -51.846 139.351
3 0 -22.073 -52.282 138.849 -22.231 -51.846 139.351 -19.862 -49.220 137.790
3 0 -19.862 -49.220 137.790 -19.705 -49.658 137.290 -22.073 -52.282 138.849
3 0 -21.731 -52.779 138.530 -22.073 -52.282 138.849 -19.705 -49.658 137.290
3 0 -19.705 -49.658 137.290 -19.360 -50.153 136.971 -21.731 -52.779 138.530
3 0 -21.258 -53.264 138.442 -21.731 -52.779 138.530 -19.360 -50.153 136.971
3 0 -19.360 -50.153 136.971 -18.880 -50.630 136.880 -21.258 -53.264 138.442
3 0 -20.725 -53.661 138.599 -21.258 -53.264 138.442 -18.880 -50.630 136.880
3 0 -18.880 -50.630 136.880 -18.337 -51.016 137.032 -20.725 -53.661 138.599
3 0 -20.214 -53.910 138.977 -20.725 -53.661 138.599 -18.337 -51.016 137.032
3 0 -18.337 -51.016 137.032 -17.815 -51.252 137.403 -20.214 -53.910 138.977
3 0 -19.802 -53.974 139.518 -20.214 -53.910 138.977 -17.815 -51.252 137.403
3 0 -17.815 -51.252 137.403 -17.392 -51.302 137.937 -19.802 -53.974 139.518
3 0 -18.028 -59.589 142.959 -18.495 -59.098 143.045 -15.944 -56.363 141.493
3 0 -15.944 -56.363 141.493 -15.471 -56.848 141.405 -18.028 -59.589 142.959
3 0 -17.504 -59.996 143.120 -18.028 -59.589 142.959 -15.471 -56.848 141.405
3 0 -15.471 -56.848 141.405 -14.938 -57.245 141.562 -17.504 -59.996 143.120
3 0 -17.002 -60.257 143.502 -17.504 -59.996 143.120 -14.938 -57.245 141.562
3 0 -14.938 -57.245 141.562 -14.427 -57.494 141.940 -17.002 -60.257 143.502
3 0 -16.599 -60.332 144.049 -17.002 -60.257 143.502 -14.427 -57.494 141.940
3 0 -14.427 -57.494 141.940 -14.015 -57.558 142.481 -16.599 -60.332 144.049
3 0 -16.357 -60.211 144.675 -16.599 -60.332 144.049 -14.015 -57.558 142.481
3 0 -14.015 -57.558 142.481 -13.765 -57.426 143.102 -16.357 -60.211 144.675
3 0 -16.312 -59.911 145.287 -16.357 -60.211 144.675 -13.765 -57.426 143.102
3 0 -13.765 -57.426 143.102 -13.715 -57.119 143.710 -16.312 -59.911 145.287
3 0 -16.470 -59.478 145.791 -16.312 -59.911 145.287 -13.715 -57.119 143.710
3 0 -13.715 -57.119 143.710 -13.873 -56.684 144.212 -16.470 -59.478 145.791
3 0 -16.809 -58.978 146.110 -16.470 -59.478 145.791 -13.873 -56.684 144.212
3 0 -13.873 -56.684 144.212 -14.215 -56.186 144.531 -16.809 -58.978 146.110
3 0 -17.276 -58.488 146.195 -16.809 -58.978 146.110 -14.215 -56.186 144.531
3 0 -14.215 -56.186 144.531 -14.688 -55.702 144.618 -17.276 -58.488 146.195
3 0 -17.801 -58.081 146.035 -17.276 -58.488 146.195 -14.688 -55.702 144.618
3 0 -14.688 -55.702 144.618 -15.221 -55.305 144.461 -17.801 -58.081 146.035
3 0 -18.302 -57.820 145.652 -17.801 -58.081 146.035 -15.221 -55.305 144.461
3 0 -15.221 -55.305 144.461 -15.732 -55.055 144.084 -18.302 -57.820 145.652
3 0 -18.705 -57.744 145.106 -18.302 -57.820 145.652 -15.732 -55.055 144.084
3 0 -15.732 -55.055 144.084 -16.144 -54.991 143.543 -18.705 -57.744 145.106
3 0 -17.400 -55.653 140.417 -19.924 -58.355 141.955 -20.391 -57.864 142.041
3 0 -20.391 -57.864 142.041 -17.873 -55.169 140.505 -17.400 -55.653 140.417
3 0 -16.867 -56.050 140.574 -19.400 -58.761 142.116 -19.924 -58.355 141.955
3 0 -19.924 -58.355 141.955 -17.400 -55.653 140.417 -16.867 -56.050 140.574
3 0 -16.356 -56.299 140.952 -18.898 -59.023 142.499 -19.400 -58.761 142.116
3 0 -19.400 -58.761 142.116 -16.867 -56.050 140.574 -16.356 -56.299 140.952
3 0 -15.944 -56.363 141.493 -18.495 -59.098 143.045 -18.898 -59.023 142.499
3 0 -18.898 -59.023 142.499 -16.356 -56.299 140.952 -15.944 -56.363 141.493
3 0 -16.617 -54.507 143.631 -19.172 -57.254 145.191 -18.705 -57.744 145.106
3 0 -18.705 -57.744 145.106 -16.144 -54.991 143.543 -16.617 -54.507 143.631
3 0 -17.150 -54.110 143.474 -19.697 -56.847 145.031 -19.172 -57.254 145.191
3 0 -19.172 -57.254 145.191 -16.617 -54.507 143.631 -17.150 -54.110 143.474
3 0 -17.662 -53.860 143.096 -20.198 -56.586 144.648 -19.697 -56.847 145.031
3 0 -19.697 -56.847 145.031 -17.150 -54.110 143.474 -17.662 -53.860 143.096
3 0 -18.073 -53.797 142.555 -20.601 -56.510 144.102 -20.198 -56.586 144.648
3 0 -20.198 -56.586 144.648 -17.662 -53.860 143.096 -18.073 -53.797 142.555
3 0 -19.329 -54.459 139.430 -21.819 -57.121 140.952 -22.286 -56.631 141.037
3 0 -22.286 -56.631 141.037 -19.802 -53.974 139.518 -19.329 -54.459 139.430
3 0 -18.796 -54.856 139.587 -21.295 -57.528 141.113 -21.819 -57.121 140.952
3 0 -21.819 -57.121 140.952 -19.329 -54.459 139.430 -18.796 -54.856 139.587
3 0 -18.285 -55.105 139.965 -20.793 -57.789 141.495 -21.295 -57.528 141.113
3 0 -21.295 -57.528 141.113 -18.796 -54.856 139.587 -18.285 -55.105 139.965
3 0 -17.873 -55.169 140.505 -20.391 -57.864 142.041 -20.793 -57.789 141.495
3 0 -20.793 -57.789 141.495 -18.285 -55.105 139.965 -17.873 -55.169 140.505
3 0 -18.546 -53.313 142.643 -21.068 -56.020 144.188 -20.601 -56.510 144.102
3 0 -20.601 -56.510 144.102 -18.073 -53.797 142.555 -18.546 -53.313 142.643
3 0 -19.079 -52.916 142.486 -21.592 -55.613 144.027 -21.068 -56.020 144.188
3 0 -21.068 -56.020 144.188 -18.546 -53.313 142.643 -19.079 -52.916 142.486
3 0 -19.590 -52.666 142.109 -22.094 -55.352 143.645 -21.592 -55.613 144.027
3 0 -21.592 -55.613 144.027 -19.079 -52.916 142.486 -19.590 -52.666 142.109
3 0 -20.002 -52.602 141.568 -22.496 -55.277 143.098 -22.094 -55.352 143.645
3 0 -22.094 -55.352 143.645 -19.590 -52.666 142.109 -20.002 -52.602 141.568
3 0 -22.964 -54.786 143.184 -22.496 -55.277 143.098 -20.002 -52.602 141.568
3 0 -20.002 -52.602 141.568 -20.475 -52.118 141.656 -22.964 -54.786 143.184
3 0 -23.488 -54.379 143.023 -22.964 -54.786 143.184 -20.475 -52.118 141.656
3 0 -20.475 -52.118 141.656 -21.008 -51.721 141.499 -23.488 -54.379 143.023
3 0 -23.990 -54.118 142.641 -23.488 -54.379 143.023 -21.008 -51.721 141.499
3 0 -21.008 -51.721 141.499 -21.520 -51.471 141.121 -23.990 -54.118 142.641
3 0 -24.392 -54.043 142.095 -23.990 -54.118 142.641 -21.520 -51.471 141.121
3 0 -21.520 -51.471 141.121 -21.931 -51.408 140.580 -24.392 -54.043 142.095
3 0 -24.635 -54.164 141.468 -24.392 -54.043 142.095 -21.931 -51.408 140.580
3 0 -21.931 -51.408 140.580 -22.181 -51.539 139.959 -24.635 -54.164 141.468
3 0 -24.680 -54.464 140.856 -24.635 -54.164 141.468 -22.181 -51.539 139.959
3 0 -22.181 -51.539 139.959 -22.231 -51.846 139.351 -24.680 -54.464 140.856
3 0 -24.521 -54.897 140.352 -24.680 -54.464 140.856 -22.231 -51.846 139.351
3 0 -22.231 -51.846 139.351 -22.073 -52.282 138.849 -24.521 -54.897 140.352
3 0 -24.182 -55.396 140.034 -24.521 -54.897 140.352 -22.073 -52.282 138.849
3 0 -22.073 -52.282 138.849 -21.731 -52.779 138.530 -24.182 -55.396 140.034
3 0 -23.715 -55.887 139.948 -24.182 -55.396 140.034 -21.731 -52.779 138.530
3 0 -21.731 -52.779 138.530 -21.258 -53.264 138.442 -23.715 -55.887 139.948
3 0 -23.191 -56.294 140.109 -23.715 -55.887 139.948 -21.258 -53.264 138.442
3 0 -21.258 -53.264 138.442 -20.725 -53.661 138.599 -23.191 -56.294 140.109
3 0 -22.689 -56.555 140.491 -23.191 -56.294 140.109 -20.725 -53.661 138.599
3 0 -20.725 -53.661 138.599 -20.214 -53.910 138.977 -22.689 -56.555 140.491
3 0 -22.286 -56.631 141.037 -22.689 -56.555 140.491 -20.214 -53.910 138.977
3 0 -20.214 -53.910 138.977 -19.802 -53.974 139.518 -22.286 -56.631 141.037
3 0 -20.642 -62.304 144.445 -21.103 -61.808 144.530 -18.495 -59.098 143.045
3 0 -18.495 -59.098 143.045 -18.028 -59.589 142.959 -20.642 -62.304 144.445
3 0 -20.125 -62.719 144.609 -20.642 -62.304 144.445 -18.028 -59.589 142.959
3 0 -18.028 -59.589 142.959 -17.504 -59.996 143.120 -20.125 -62.719 144.609
3 0 -19.632 -62.991 144.995 -20.125 -62.719 144.609 -17.504 -59.996 143.120
3 0 -17.504 -59.996 143.120 -17.002 -60.257 143.502 -19.632 -62.991 144.995
3 0 -19.238 -63.077 145.546 -19.632 -62.991 144.995 -17.002 -60.257 143.502
3 0 -17.002 -60.257 143.502 -16.599 -60.332 144.049 -19.238 -63.077 145.546
3 0 -19.002 -62.965 146.177 -19.238 -63.077 145.546 -16.599 -60.332 144.049
3 0 -16.599 -60.332 144.049 -16.357 -60.211 144.675 -19.002 -62.965 146.177
3 0 -18.961 -62.672 146.792 -19.002 -62.965 146.177 -16.357 -60.211 144.675
3 0 -16.357 -60.211 144.675 -16.312 -59.911 145.287 -18.961 -62.672 146.792
3 0 -19.120 -62.242 147.298 -18.961 -62.672 146.792 -16.312 -59.911 145.287
3 0 -16.312 -59.911 145.287 -16.470 -59.478 145.791 -19.120 -62.242 147.298
3 0 -19.457 -61.741 147.618 -19.120 -62.242 147.298 -16.470 -59.478 145.791
3 0 -16.470 -59.478 145.791 -16.809 -58.978 146.110 -19.457 -61.741 147.618
3 0 -19.918 -61.245 147.702 -19.457 -61.741 147.618 -16.809 -58.978 146.110
3 0 -16.809 -58.978 146.110 -17.276 -58.488 146.195 -19.918 -61.245 147.702
3 0 -20.435 -60.829 147.538 -19.918 -61.245 147.702 -17.276 -58.488 146.195
3 0 -17.276 -58.488 146.195 -17.801 -58.081 146.035 -20.435 -60.829 147.538
3 0 -20.928 -60.558 147.152 -20.435 -60.829 147.538 -17.801 -58.081 146.035
3 0 -17.801 -58.081 146.035 -18.302 -57.820 145.652 -20.928 -60.558 147.152
3 0 -21.322 -60.472 146.601 -20.928 -60.558 147.152 -18.302 -57.820 145.652
3 0 -18.302 -57.820 145.652 -18.705 -57.744 145.106 -21.322 -60.472 146.601
3 0 -19.924 -58.355 141.955 -22.508 -61.034 143.429 -22.969 -60.538 143.514
3 0 -22.969 -60.538 143.514 -20.391 -57.864 142.041 -19.924 -58.355 141.955
3 0 -19.400 -58.761 142.116 -21.991 -61.450 143.593 -22.508 -61.034 143.429
3 0 -22.508 -61.034 143.429 -19.924 -58.355 141.955 -19.400 -58.761 142.116
3 0 -18.898 -59.023 142.499 -21.498 -61.721 143.979 -21.991 -61.450 143.593
3 0 -21.991 -61.450 143.593 -19.400 -58.761 142.116 -18.898 -59.023 142.499
3 0 -18.495 -59.098 143.045 -21.103 -61.808 144.530 -21.498 -61.721 143.979
3 0 -21.498 -61.721 143.979 -18.898 -59.023 142.499 -18.495 -59.098 143.045
3 0 -19.172 -57.254 145.191 -21.784 -59.975 146.686 -21.322 -60.472 146.601
3 0 -21.322 -60.472 146.601 -18.705 -57.744 145.106 -19.172 -57.254 145.191
3 0 -19.697 -56.847 145.031 -22.301 -59.560 146.522 -21.784 -59.975 146.686
3 0 -21.784 -59.975 146.686 -19.172 -57.254 145.191 -19.697 -56.847 145.031
3 0 -20.198 -56.586 144.648 -22.794 -59.289 146.136 -22.301 -59.560 146.522
3 0 -22.301 -59.560 146.522 -19.697 -56.847 145.031 -20.198 -56.586 144.648
3 0 -20.601 -56.510 144.102 -23.188 -59.202 145.585 -22.794 -59.289 146.136
3 0 -22.794 -59.289 146.136 -20.198 -56.586 144.648 -20.601 -56.510 144.102
3 0 -21.819 -57.121 140.952 -24.373 -59.766 142.413 -24.834 -59.270 142.498
3 0 -24.834 -59.270 142.498 -22.286 -56.631 141.037 -21.819 -57.121 140.952
3 0 -21.295 -57.528 141.113 -23.856 -60.181 142.577 -24.373 -59.766 142.413
3 0 -24.373 -59.766 142.413 -21.819 -57.121 140.952 -21.295 -57.528 141.113
3 0 -20.793 -57.789 141.495 -23.363 -60.453 142.963 -23.856 -60.181 142.577
3 0 -23.856 -60.181 142.577 -21.295 -57.528 141.113 -20.793 -57.789 141.495
3 0 -20.391 -57.864 142.041 -22.969 -60.538 143.514 -23.363 -60.453 142.963
3 0 -23.363 -60.453 142.963 -20.793 -57.789 141.495 -20.391 -57.864 142.041
3 0 -21.068 -56.020 144.188 -23.649 -58.707 145.670 -23.188 -59.202 145.585
3 0 -23.188 -59.202 145.585 -20.601 -56.510 144.102 -21.068 -56.020 144.188
3 0 -21.592 -55.613 144.027 -24.166 -58.291 145.506 -23.649 -58.707 145.670
3 0 -23.649 -58.707 145.670 -21.068 -56.020 144.188 -21.592 -55.613 144.027
3 0 -22.094 -55.352 143.645 -24.659 -58.020 145.120 -24.166 -58.291 145.506
3 0 -24.166 -58.291 145.506 -21.592 -55.613 144.027 -22.094 -55.352 143.645
3 0 -22.496 -55.277 143.098 -25.054 -57.933 144.569 -24.659 -58.020 145.120
3 0 -24.659 -58.020 145.120 -22.094 -55.352 143.645 -22.496 -55.277 143.098
3 0 -25.515 -57.437 144.654 -25.054 -57.933 144.569 -22.496 -55.277 143.098
3 0 -22.496 -55.277 143.098 -22.964 -54.786 143.184 -25.515 -57.437 144.654
3 0 -26.032 -57.022 144.490 -25.515 -57.437 144.654 -22.964 -54.786 143.184
3 0 -22.964 -54.786 143.184 -23.488 -54.379 143.023 -26.032 -57.022 144.490
3 0 -26.525 -56.750 144.104 -26.032 -57.022 144.490 -23.488 -54.379 143.023
3 0 -23.488 -54.379 143.023 -23.990 -54.118 142.641 -26.525 -56.750 144.104
3 0 -26.919 -56.664 143.553 -26.525 -56.750 144.104 -23.990 -54.118 142.641
3 0 -23.990 -54.118 142.641 -24.392 -54.043 142.095 -26.919 -56.664 143.553
3 0 -27.155 -56.776 142.922 -26.919 -56.664 143.553 -24.392 -54.043 142.095
3 0 -24.392 -54.043 142.095 -24.635 -54.164 141.468 -27.155 -56.776 142.922
3 0 -27.196 -57.069 142.307 -27.155 -56.776 142.922 -24.635 -54.164 141.468
3 0 -24.635 -54.164 141.468 -24.680 -54.464 140.856 -27.196 -57.069 142.307
3 0 -27.037 -57.499 141.801 -27.196 -57.069 142.307 -24.680 -54.464 140.856
3 0 -24.680 -54.464 140.856 -24.521 -54.897 140.352 -27.037 -57.499 141.801
3 0 -26.700 -58.000 141.482 -27.037 -57.499 141.801 -24.521 -54.897 140.352
3 0 -24.521 -54.897 140.352 -24.182 -55.396 140.034 -26.700 -58.000 141.482
3 0 -26.239 -58.496 141.397 -26.700 -58.000 141.482 -24.182 -55.396 140.034
3 0 -24.182 -55.396 140.034 -23.715 -55.887 139.948 -26.239 -58.496 141.397
3 0 -25.722 -58.912 141.561 -26.239 -58.496 141.397 -23.715 -55.887 139.948
3 0 -23.715 -55.887 139.948 -23.191 -56.294 140.109 -25.722 -58.912 141.561
3 0 -25.229 -59.183 141.947 -25.722 -58.912 141.561 -23.191 -56.294 140.109
3 0 -23.191 -56.294 140.109 -22.689 -56.555 140.491 -25.229 -59.183 141.947
3 0 -24.834 -59.270 142.498 -25.229 -59.183 141.947 -22.689 -56.555 140.491
3 0 -22.689 -56.555 140.491 -22.286 -56.631 141.037 -24.834 -59.270 142.498
3 0 -23.308 -65.001 145.869 -23.764 -64.500 145.953 -21.103 -61.808 144.530
3 0 -21.103 -61.808 144.530 -20.642 -62.304 144.445 -23.308 -65.001 145.869
3 0 -22.799 -65.425 146.035 -23.308 -65.001 145.869 -20.642 -62.304 144.445
3 0 -20.642 -62.304 144.445 -20.125 -62.719 144.609 -22.799 -65.425 146.035
3 0 -22.315 -65.708 146.424 -22.799 -65.425 146.035 -20.125 -62.719 144.609
3 0 -20.125 -62.719 144.609 -19.632 -62.991 144.995 -22.315 -65.708 146.424
3 0 -21.930 -65.807 146.979 -22.315 -65.708 146.424 -19.632 -62.991 144.995
3 0 -19.632 -62.991 144.995 -19.238 -63.077 145.546 -21.930 -65.807 146.979
3 0 -21.701 -65.705 147.615 -21.930 -65.807 146.979 -19.238 -63.077 145.546
3 0 -19.238 -63.077 145.546 -19.002 -62.965 146.177 -21.701 -65.705 147.615
3 0 -21.665 -65.420 148.234 -21.701 -65.705 147.615 -19.002 -62.965 146.177
3 0 -19.002 -62.965 146.177 -18.961 -62.672 146.792 -21.665 -65.420 148.234
3 0 -21.825 -64.994 148.743 -21.665 -65.420 148.234 -18.961 -62.672 146.792
3 0 -18.961 -62.672 146.792 -19.120 -62.242 147.298 -21.825 -64.994 148.743
3 0 -22.159 -64.492 149.064 -21.825 -64.994 148.743 -19.120 -62.242 147.298
3 0 -19.120 -62.242 147.298 -19.457 -61.741 147.618 -22.159 -64.492 149.064
3 0 -22.615 -63.991 149.148 -22.159 -64.492 149.064 -19.457 -61.741 147.618
3 0 -19.457 -61.741 147.618 -19.918 -61.245 147.702 -22.615 -63.991 149.148
3 0 -23.123 -63.566 148.982 -22.615 -63.991 149.148 -19.918 -61.245 147.702
3 0 -19.918 -61.245 147.702 -20.435 -60.829 147.538 -23.123 -63.566 148.982
3 0 -23.607 -63.283 148.592 -23.123 -63.566 148.982 -20.435 -60.829 147.538
3 0 -20.435 -60.829 147.538 -20.928 -60.558 147.152 -23.607 -63.283 148.592
3 0 -23.993 -63.185 148.038 -23.607 -63.283 148.592 -20.928 -60.558 147.152
3 0 -20.928 -60.558 147.152 -21.322 -60.472 146.601 -23.993 -63.185 148.038
3 0 -22.508 -61.034 143.429 -25.142 -63.694 144.843 -25.598 -63.192 144.927
3 0 -25.598 -63.192 144.927 -22.969 -60.538 143.514 -22.508 -61.034 143.429
3 0 -21.991 -61.450 143.593 -24.634 -64.118 145.009 -25.142 -63.694 144.843
3 0 -25.142 -63.694 144.843 -22.508 -61.034 143.429 -21.991 -61.450 143.593
3 0 -21.498 -61.721 143.979 -24.150 -64.401 145.398 -24.634 -64.118 145.009
3 0 -24.634 -64.118 145.009 -21.991 -61.450 143.593 -21.498 -61.721 143.979
3 0 -21.103 -61.808 144.530 -23.764 -64.500 145.953 -24.150 -64.401 145.398
3 0 -24.150 -64.401 145.398 -21.498 -61.721 143.979 -21.103 -61.808 144.530
3 0 -21.784 -59.975 146.686 -24.449 -62.683 148.122 -23.993 -63.185 148.038
3 0 -23.993 -63.185 148.038 -21.322 -60.472 146.601 -21.784 -59.975 146.686
3 0 -22.301 -59.560 146.522 -24.958 -62.259 147.956 -24.449 -62.683 148.122
3 0 -24.449 -62.683 148.122 -21.784 -59.975 146.686 -22.301 -59.560 146.522
3 0 -22.794 -59.289 146.136 -25.442 -61.976 147.566 -24.958 -62.259 147.956
3 0 -24.958 -62.259 147.956 -22.301 -59.560 146.522 -22.794 -59.289 146.136
3 0 -23.188 -59.202 145.585 -25.827 -61.878 147.011 -25.442 -61.976 147.566
3 0 -25.442 -61.976 147.566 -22.794 -59.289 146.136 -23.188 -59.202 145.585
3 0 -24.373 -59.766 142.413 -26.976 -62.387 143.817 -27.431 -61.886 143.902
3 0 -27.431 -61.886 143.902 -24.834 -59.270 142.498 -24.373 -59.766 142.413
3 0 -23.856 -60.181 142.577 -26.467 -62.811 143.983 -26.976 -62.387 143.817
3 0 -26.976 -62.387 143.817 -24.373 -59.766 142.413 -23.856 -60.181 142.577
3 0 -23.363 -60.453 142.963 -25.983 -63.094 144.373 -26.467 -62.811 143.983
3 0 -26.467 -62.811 143.983 -23.856 -60.181 142.577 -23.363 -60.453 142.963
3 0 -22.969 -60.538 143.514 -25.598 -63.192 144.927 -25.983 -63.094 144.373
3 0 -25.983 -63.094 144.373 -23.363 -60.453 142.963 -22.969 -60.538 143.514
3 0 -23.649 -58.707 145.670 -26.282 -61.377 147.096 -25.827 -61.878 147.011
3 0 -25.827 -61.878 147.011 -23.188 -59.202 145.585 -23.649 -58.707 145.670
3 0 -24.166 -58.291 145.506 -26.791 -60.952 146.930 -26.282 -61.377 147.096
3 0 -26.282 -61.377 147.096 -23.649 -58.707 145.670 -24.166 -58.291 145.506
3 0 -24.659 -58.020 145.120 -27.275 -60.669 146.541 -26.791 -60.952 146.930
3 0 -26.791 -60.952 146.930 -24.166 -58.291 145.506 -24.659 -58.020 145.120
3 0 -25.054 -57.933 144.569 -27.661 -60.571 145.986 -27.275 -60.669 146.541
3 0 -27.275 -60.669 146.541 -24.659 -58.020 145.120 -25.054 -57.933 144.569
3 0 -28.117 -60.070 146.070 -27.661 -60.571 145.986 -25.054 -57.933 144.569
3 0 -25.054 -57.933 144.569 -25.515 -57.437 144.654 -28.117 -60.070 146.070
3 0 -28.625 -59.645 145.904 -28.117 -60.070 146.070 -25.515 -57.437 144.654
3 0 -25.515 -57.437 144.654 -26.032 -57.022 144.490 -28.625 -59.645 145.904
3 0 -29.109 -59.362 145.515 -28.625 -59.645 145.904 -26.032 -57.022 144.490
3 0 -26.032 -57.022 144.490 -26.525 -56.750 144.104 -29.109 -59.362 145.515
3 0 -29.495 -59.264 144.960 -29.109 -59.362 145.515 -26.525 -56.750 144.104
3 0 -26.525 -56.750 144.104 -26.919 -56.664 143.553 -29.495 -59.264 144.960
3 0 -29.723 -59.365 144.324 -29.495 -59.264 144.960 -26.919 -56.664 143.553
3 0 -26.919 -56.664 143.553 -27.155 -56.776 142.922 -29.723 -59.365 144.324
3 0 -29.760 -59.651 143.705 -29.723 -59.365 144.324 -27.155 -56.776 142.922
3 0 -27.155 -56.776 142.922 -27.196 -57.069 142.307 -29.760 -59.651 143.705
3 0 -29.599 -60.077 143.196 -29.760 -59.651 143.705 -27.196 -57.069 142.307
3 0 -27.196 -57.069 142.307 -27.037 -57.499 141.801 -29.599 -60.077 143.196
3 0 -29.266 -60.579 142.875 -29.599 -60.077 143.196 -27.037 -57.499 141.801
3 0 -27.037 -57.499 141.801 -26.700 -58.000 141.482 -29.266 -60.579 142.875
3 0 -28.810 -61.080 142.791 -29.266 -60.579 142.875 -26.700 -58.000 141.482
3 0 -26.700 -58.000 141.482 -26.239 -58.496 141.397 -28.810 -61.080 142.791
3 0 -28.301 -61.504 142.957 -28.810 -61.080 142.791 -26.239 -58.496 141.397
3 0 -26.239 -58.496 141.397 -25.722 -58.912 141.561 -28.301 -61.504 142.957
3 0 -27.817 -61.787 143.347 -28.301 -61.504 142.957 -25.722 -58.912 141.561
3 0 -25.722 -58.912 141.561 -25.229 -59.183 141.947 -27.817 -61.787 143.347
3 0 -27.431 -61.886 143.902 -27.817 -61.787 143.347 -25.229 -59.183 141.947
3 0 -25.229 -59.183 141.947 -24.834 -59.270 142.498 -27.431 -61.886 143.902
3 0 -28.733 -70.322 148.550 -29.183 -69.815 148.635 -23.764 -64.500 145.953
3 0 -23.764 -64.500 145.953 -23.308 -65.001 145.869 -28.733 -70.322 148.550
3 0 -28.234 -70.757 148.716 -28.733 -70.322 148.550 -23.308 -65.001 145.869
3 0 -23.308 -65.001 145.869 -22.799 -65.425 146.035 -28.234 -70.757 148.716
3 0 -27.760 -71.053 149.108 -28.234 -70.757 148.716 -22.799 -65.425 146.035
3 0 -22.799 -65.425 146.035 -22.315 -65.708 146.424 -27.760 -71.053 149.108
3 0 -27.384 -71.166 149.667 -27.760 -71.053 149.108 -22.315 -65.708 146.424
3 0 -22.315 -65.708 146.424 -21.930 -65.807 146.979 -27.384 -71.166 149.667
3 0 -27.163 -71.078 150.307 -27.384 -71.166 149.667 -21.930 -65.807 146.979
3 0 -21.930 -65.807 146.979 -21.701 -65.705 147.615 -27.163 -71.078 150.307
3 0 -27.132 -70.803 150.931 -27.163 -71.078 150.307 -21.701 -65.705 147.615
3 0 -21.701 -65.705 147.615 -21.665 -65.420 148.234 -27.132 -70.803 150.931
3 0 -27.294 -70.383 151.444 -27.132 -70.803 150.931 -21.665 -65.420 148.234
3 0 -21.665 -65.420 148.234 -21.825 -64.994 148.743 -27.294 -70.383 151.444
3 0 -27.625 -69.881 151.768 -27.294 -70.383 151.444 -21.825 -64.994 148.743
3 0 -21.825 -64.994 148.743 -22.159 -64.492 149.064 -27.625 -69.881 151.768
3 0 -28.074 -69.374 151.854 -27.625 -69.881 151.768 -22.159 -64.492 149.064
3 0 -22.159 -64.492 149.064 -22.615 -63.991 149.148 -28.074 -69.374 151.854
3 0 -28.574 -68.940 151.688 -28.074 -69.374 151.854 -22.615 -63.991 149.148
3 0 -22.615 -63.991 149.148 -23.123 -63.566 148.982 -28.574 -68.940 151.688
3 0 -29.048 -68.643 151.295 -28.574 -68.940 151.688 -23.123 -63.566 148.982
3 0 -23.123 -63.566 148.982 -23.607 -63.283 148.592 -29.048 -68.643 151.295
3 0 -29.424 -68.531 150.737 -29.048 -68.643 151.295 -23.607 -63.283 148.592
3 0 -23.607 -63.283 148.592 -23.993 -63.185 148.038 -29.424 -68.531 150.737
3 0 -25.142 -63.694 144.843 -30.532 -68.971 147.518 -30.982 -68.465 147.603
3 0 -30.982 -68.465 147.603 -25.598 -63.192 144.927 -25.142 -63.694 144.843
3 0 -24.634 -64.118 145.009 -30.033 -69.406 147.684 -30.532 -68.971 147.518
3 0 -30.532 -68.971 147.518 -25.142 -63.694 144.843 -24.634 -64.118 145.009
3 0 -24.150 -64.401 145.398 -29.559 -69.702 148.076 -30.033 -69.406 147.684
3 0 -30.033 -69.406 147.684 -24.634 -64.118 145.009 -24.150 -64.401 145.398
3 0 -23.764 -64.500 145.953 -29.183 -69.815 148.635 -29.559 -69.702 148.076
3 0 -29.559 -69.702 148.076 -24.150 -64.401 145.398 -23.764 -64.500 145.953
3 0 -24.449 -62.683 148.122 -29.873 -68.024 150.822 -29.424 -68.531 150.737
3 0 -29.424 -68.531 150.737 -23.993 -63.185 148.038 -24.449 -62.683 148.122
3 0 -24.958 -62.259 147.956 -30.373 -67.589 150.656 -29.873 -68.024 150.822
3 0 -29.873 -68.024 150.822 -24.449 -62.683 148.122 -24.958 -62.259 147.956
3 0 -25.442 -61.976 147.566 -30.847 -67.293 150.264 -30.373 -67.589 150.656
3 0 -30.373 -67.589 150.656 -24.958 -62.259 147.956 -25.442 -61.976 147.566
3 0 -25.827 -61.878 147.011 -31.223 -67.180 149.705 -30.847 -67.293 150.264
3 0 -30.847 -67.293 150.264 -25.442 -61.976 147.566 -25.827 -61.878 147.011
3 0 -26.976 -62.387 143.817 -32.331 -67.621 146.487 -32.781 -67.115 146.572
3 0 -32.781 -67.115 146.572 -27.431 -61.886 143.902 -26.976 -62.387 143.817
3 0 -26.467 -62.811 143.983 -31.831 -68.056 146.653 -32.331 -67.621 146.487
3 0 -32.331 -67.621 146.487 -26.976 -62.387 143.817 -26.467 -62.811 143.983
3 0 -25.983 -63.094 144.373 -31.357 -68.352 147.045 -31.831 -68.056 146.653
3 0 -31.831 -68.056 146.653 -26.467 -62.811 143.983 -25.983 -63.094 144.373
3 0 -25.598 -63.192 144.927 -30.982 -68.465 147.603 -31.357 -68.352 147.045
3 0 -31.357 -68.352 147.045 -25.983 -63.094 144.373 -25.598 -63.192 144.927
3 0 -26.282 -61.377 147.096 -31.672 -66.674 149.791 -31.223 -67.180 149.705
3 0 -31.223 -67.180 149.705 -25.827 -61.878 147.011 -26.282 -61.377 147.096
3 0 -26.791 -60.952 146.930 -32.172 -66.239 149.625 -31.672 -66.674 149.791
3 0 -31.672 -66.674 149.791 -26.282 -61.377 147.096 -26.791 -60.952 146.930
3 0 -27.275 -60.669 146.541 -32.645 -65.943 149.232 -32.172 -66.239 149.625
3 0 -32.172 -66.239 149.625 -26.791 -60.952 146.930 -27.275 -60.669 146.541
3 0 -27.661 -60.571 145.986 -33.021 -65.830 148.674 -32.645 -65.943 149.232
3 0 -32.645 -65.943 149.232 -27.275 -60.669 146.541 -27.661 -60.571 145.986
3 0 -33.471 -65.323 148.759 -33.021 -65.830 148.674 -27.661 -60.571 145.986
3 0 -27.661 -60.571 145.986 -28.117 -60.070 146.070 -33.471 -65.323 148.759
3 0 -33.971 -64.888 148.593 -33.471 -65.323 148.759 -28.117 -60.070 146.070
3 0 -28.117 -60.070 146.070 -28.625 -59.645 145.904 -33.971 -64.888 148.593
3 0 -34.445 -64.592 148.201 -33.971 -64.888 148.593 -28.625 -59.645 145.904
3 0 -28.625 -59.645 145.904 -29.109 -59.362 145.515 -34.445 -64.592 148.201
3 0 -34.820 -64.479 147.642 -34.445 -64.592 148.201 -29.109 -59.362 145.515
3 0 -29.109 -59.362 145.515 -29.495 -59.264 144.960 -34.820 -64.479 147.642
3 0 -35.041 -64.567 147.002 -34.820 -64.479 147.642 -29.495 -59.264 144.960
3 0 -29.495 -59.264 144.960 -29.723 -59.365 144.324 -35.041 -64.567 147.002
3 0 -35.073 -64.842 146.378 -35.041 -64.567 147.002 -29.723 -59.365 144.324
3 0 -29.723 -59.365 144.324 -29.760 -59.651 143.705 -35.073 -64.842 146.378
3 0 -34.911 -65.262 145.864 -35.073 -64.842 146.378 -29.760 -59.651 143.705
3 0 -29.760 -59.651 143.705 -29.599 -60.077 143.196 -34.911 -65.262 145.864
3 0 -34.580 -65.764 145.540 -34.911 -65.262 145.864 -29.599 -60.077 143.196
3 0 -29.599 -60.077 143.196 -29.266 -60.579 142.875 -34.580 -65.764 145.540
3 0 -34.130 -66.271 145.455 -34.580 -65.764 145.540 -29.266 -60.579 142.875
3 0 -29.266 -60.579 142.875 -28.810 -61.080 142.791 -34.130 -66.271 145.455
3 0 -33.630 -66.705 145.621 -34.130 -66.271 145.455 -28.810 -61.080 142.791
3 0 -28.810 -61.080 142.791 -28.301 -61.504 142.957 -33.630 -66.705 145.621
3 0 -33.156 -67.002 146.013 -33.630 -66.705 145.621 -28.301 -61.504 142.957
3 0 -28.301 -61.504 142.957 -27.817 -61.787 143.347 -33.156 -67.002 146.013
3 0 -32.781 -67.115 146.572 -33.156 -67.002 146.013 -27.817 -61.787 143.347
3 0 -27.817 -61.787 143.347 -27.431 -61.886 143.902 -32.781 -67.115 146.572
3 0 -34.266 -75.602 151.040 -34.711 -75.092 151.131 -29.183 -69.815 148.635
3 0 -29.183 -69.815 148.635 -28.733 -70.322 148.550 -34.266 -75.602 151.040
3 0 -33.774 -76.046 151.204 -34.266 -75.602 151.040 -28.733 -70.322 148.550
3 0 -28.733 -70.322 148.550 -28.234 -70.757 148.716 -33.774 -76.046 151.204
3 0 -33.309 -76.356 151.596 -33.774 -76.046 151.204 -28.234 -70.757 148.716
3 0 -28.234 -70.757 148.716 -27.760 -71.053 149.108 -33.309 -76.356 151.596
3 0 -32.941 -76.485 152.157 -33.309 -76.356 151.596 -27.760 -71.053 149.108
3 0 -27.760 -71.053 149.108 -27.384 -71.166 149.667 -32.941 -76.485 152.157
3 0 -32.728 -76.413 152.802 -32.941 -76.485 152.157 -27.384 -71.166 149.667
3 0 -27.384 -71.166 149.667 -27.163 -71.078 150.307 -32.728 -76.413 152.802
3 0 -32.701 -76.151 153.432 -32.728 -76.413 152.802 -27.163 -71.078 150.307
3 0 -27.163 -71.078 150.307 -27.132 -70.803 150.931 -32.701 -76.151 153.432
3 0 -32.864 -75.739 153.951 -32.701 -76.151 153.432 -27.132 -70.803 150.931
3 0 -27.132 -70.803 150.931 -27.294 -70.383 151.444 -32.864 -75.739 153.951
3 0 -33.193 -75.240 154.281 -32.864 -75.739 153.951 -27.294 -70.383 151.444
3 0 -27.294 -70.383 151.444 -27.625 -69.881 151.768 -33.193 -75.240 154.281
3 0 -33.638 -74.729 154.371 -33.193 -75.240 154.281 -27.625 -69.881 151.768
3 0 -27.625 -69.881 151.768 -28.074 -69.374 151.854 -33.638 -74.729 154.371
3 0 -34.130 -74.286 154.208 -33.638 -74.729 154.371 -28.074 -69.374 151.854
3 0 -28.074 -69.374 151.854 -28.574 -68.940 151.688 -34.130 -74.286 154.208
3 0 -34.596 -73.976 153.816 -34.130 -74.286 154.208 -28.574 -68.940 151.688
3 0 -28.574 -68.940 151.688 -29.048 -68.643 151.295 -34.596 -73.976 153.816
3 0 -34.963 -73.847 153.255 -34.596 -73.976 153.816 -29.048 -68.643 151.295
3 0 -29.048 -68.643 151.295 -29.424 -68.531 150.737 -34.963 -73.847 153.255
3 0 -30.532 -68.971 147.518 -36.036 -74.210 150.014 -36.481 -73.699 150.104
3 0 -36.481 -73.699 150.104 -30.982 -68.465 147.603 -30.532 -68.971 147.518
3 0 -30.033 -69.406 147.684 -35.544 -74.654 150.177 -36.036 -74.210 150.014
3 0 -36.036 -74.210 150.014 -30.532 -68.971 147.518 -30.033 -69.406 147.684
3 0 -29.559 -69.702 148.076 -35.078 -74.963 150.569 -35.544 -74.654 150.177
3 0 -35.544 -74.654 150.177 -30.033 -69.406 147.684 -29.559 -69.702 148.076
3 0 -29.183 -69.815 148.635 -34.711 -75.092 151.131 -35.078 -74.963 150.569
3 0 -35.078 -74.963 150.569 -29.559 -69.702 148.076 -29.183 -69.815 148.635
3 0 -29.873 -68.024 150.822 -35.408 -73.337 153.345 -34.963 -73.847 153.255
3 0 -34.963 -73.847 153.255 -29.424 -68.531 150.737 -29.873 -68.024 150.822
3 0 -30.373 -67.589 150.656 -35.900 -72.893 153.181 -35.408 -73.337 153.345
3 0 -35.408 -73.337 153.345 -29.873 -68.024 150.822 -30.373 -67.589 150.656
3 0 -30.847 -67.293 150.264 -36.365 -72.583 152.789 -35.900 -72.893 153.181
3 0 -35.900 -72.893 153.181 -30.373 -67.589 150.656 -30.847 -67.293 150.264
3 0 -31.223 -67.180 149.705 -36.733 -72.454 152.228 -36.365 -72.583 152.789
3 0 -36.365 -72.583 152.789 -30.847 -67.293 150.264 -31.223 -67.180 149.705
3 0 -32.331 -67.621 146.487 -37.805 -72.817 148.988 -38.250 -72.307 149.078
3 0 -38.250 -72.307 149.078 -32.781 -67.115 146.572 -32.331 -67.621 146.487
3 0 -31.831 -68.056 146.653 -37.313 -73.261 149.151 -37.805 -72.817 148.988
3 0 -37.805 -72.817 148.988 -32.331 -67.621 146.487 -31.831 -68.056 146.653
3 0 -31.357 -68.352 147.045 -36.847 -73.571 149.543 -37.313 -73.261 149.151
3 0 -37.313 -73.261 149.151 -31.831 -68.056 146.653 -31.357 -68.352 147.045
3 0 -30.982 -68.465 147.603 -36.481 -73.699 150.104 -36.847 -73.571 149.543
3 0 -36.847 -73.571 149.543 -31.357 -68.352 147.045 -30.982 -68.465 147.603
3 0 -31.672 -66.674 149.791 -37.177 -71.944 152.318 -36.733 -72.454 152.228
3 0 -36.733 -72.454 152.228 -31.223 -67.180 149.705 -31.672 -66.674 149.791
3 0 -32.172 -66.239 149.625 -37.669 -71.501 152.155 -37.177 -71.944 152.318
3 0 -37.177 -71.944 152.318 -31.672 -66.674 149.791 -32.172 -66.239 149.625
3 0 -32.645 -65.943 149.232 -38.134 -71.191 151.763 -37.669 -71.501 152.155
3 0 -37.669 -71.501 152.155 -32.172 -66.239 149.625 -32.645 -65.943 149.232
3 0 -33.021 -65.830 148.674 -38.502 -71.062 151.202 -38.134 -71.191 151.763
3 0 -38.134 -71.191 151.763 -32.645 -65.943 149.232 -33.021 -65.830 148.674
3 0 -38.946 -70.552 151.292 -38.502 -71.062 151.202 -33.021 -65.830 148.674
3 0 -33.021 -65.830 148.674 -33.471 -65.323 148.759 -38.946 -70.552 151.292
3 0 -39.439 -70.108 151.128 -38.946 -70.552 151.292 -33.471 -65.323 148.759
3 0 -33.471 -65.323 148.759 -33.971 -64.888 148.593 -39.439 -70.108 151.128
3 0 -39.904 -69.798 150.736 -39.439 -70.108 151.128 -33.971 -64.888 148.593
3 0 -33.971 -64.888 148.593 -34.445 -64.592 148.201 -39.904 -69.798 150.736
3 0 -40.271 -69.669 150.175 -39.904 -69.798 150.736 -34.445 -64.592 148.201
3 0 -34.445 -64.592 148.201 -34.820 -64.479 147.642 -40.271 -69.669 150.175
3 0 -40.485 -69.741 149.531 -40.271 -69.669 150.175 -34.820 -64.479 147.642
3 0 -34.820 -64.479 147.642 -35.041 -64.567 147.002 -40.485 -69.741 149.531
3 0 -40.512 -70.003 148.901 -40.485 -69.741 149.531 -35.041 -64.567 147.002
3 0 -35.041 -64.567 147.002 -35.073 -64.842 146.378 -40.512 -70.003 148.901
3 0 -40.348 -70.415 148.381 -40.512 -70.003 148.901 -35.073 -64.842 146.378
3 0 -35.073 -64.842 146.378 -34.911 -65.262 145.864 -40.348 -70.415 148.381
3 0 -40.019 -70.914 148.051 -40.348 -70.415 148.381 -34.911 -65.262 145.864
3 0 -34.911 -65.262 145.864 -34.580 -65.764 145.540 -40.019 -70.914 148.051
3 0 -39.575 -71.425 147.961 -40.019 -70.914 148.051 -34.580 -65.764 145.540
3 0 -34.580 -65.764 145.540 -34.130 -66.271 145.455 -39.575 -71.425 147.961
3 0 -39.082 -71.868 148.125 -39.575 -71.425 147.961 -34.130 -66.271 145.455
3 0 -34.130 -66.271 145.455 -33.630 -66.705 145.621 -39.082 -71.868 148.125
3 0 -38.617 -72.178 148.517 -39.082 -71.868 148.125 -33.630 -66.705 145.621
3 0 -33.630 -66.705 145.621 -33.156 -67.002 146.013 -38.617 -72.178 148.517
3 0 -38.250 -72.307 149.078 -38.617 -72.178 148.517 -33.156 -67.002 146.013
3 0 -33.156 -67.002 146.013 -32.781 -67.115 146.572 -38.250 -72.307 149.078
3 0 -42.645 -83.492 154.487 -43.088 -82.983 154.589 -34.711 -75.092 151.131
3 0 -34.711 -75.092 151.131 -34.266 -75.602 151.040 -42.645 -83.492 154.487
3 0 -42.155 -83.942 154.642 -42.645 -83.492 154.487 -34.266 -75.602 151.040
3 0 -34.266 -75.602 151.040 -33.774 -76.046 151.204 -42.155 -83.942 154.642
3 0 -41.693 -84.264 155.028 -42.155 -83.942 154.642 -33.774 -76.046 151.204
3 0 -33.774 -76.046 151.204 -33.309 -76.356 151.596 -41.693 -84.264 155.028
3 0 -41.329 -84.409 155.587 -41.693 -84.264 155.028 -33.309 -76.356 151.596
3 0 -33.309 -76.356 151.596 -32.941 -76.485 152.157 -41.329 -84.409 155.587
3 0 -41.119 -84.355 156.235 -41.329 -84.409 155.587 -32.941 -76.485 152.157
3 0 -32.941 -76.485 152.157 -32.728 -76.413 152.802 -41.119 -84.355 156.235
3 0 -41.094 -84.109 156.871 -41.119 -84.355 156.235 -32.728 -76.413 152.802
3 0 -32.728 -76.413 152.802 -32.701 -76.151 153.432 -41.094 -84.109 156.871
3 0 -41.259 -83.711 157.401 -41.094 -84.109 156.871 -32.701 -76.151 153.432
3 0 -32.701 -76.151 153.432 -32.864 -75.739 153.951 -41.259 -83.711 157.401
3 0 -41.588 -83.219 157.742 -41.259 -83.711 157.401 -32.864 -75.739 153.951
3 0 -32.864 -75.739 153.951 -33.193 -75.240 154.281 -41.588 -83.219 157.742
3 0 -42.031 -82.710 157.843 -41.588 -83.219 157.742 -33.193 -75.240 154.281
3 0 -33.193 -75.240 154.281 -33.638 -74.729 154.371 -42.031 -82.710 157.843
3 0 -42.521 -82.260 157.689 -42.031 -82.710 157.843 -33.638 -74.729 154.371
3 0 -33.638 -74.729 154.371 -34.130 -74.286 154.208 -42.521 -82.260 157.689
3 0 -42.983 -81.938 157.303 -42.521 -82.260 157.689 -34.130 -74.286 154.208
3 0 -34.130 -74.286 154.208 -34.596 -73.976 153.816 -42.983 -81.938 157.303
3 0 -43.347 -81.793 156.744 -42.983 -81.938 157.303 -34.596 -73.976 153.816
3 0 -34.596 -73.976 153.816 -34.963 -73.847 153.255 -43.347 -81.793 156.744
3 0 -36.036 -74.210 150.014 -44.404 -82.066 153.489 -44.847 -81.556 153.590
3 0 -44.847 -81.556 153.590 -36.481 -73.699 150.104 -36.036 -74.210 150.014
3 0 -35.544 -74.654 150.177 -43.914 -82.516 153.643 -44.404 -82.066 153.489
3 0 -44.404 -82.066 153.489 -36.036 -74.210 150.014 -35.544 -74.654 150.177
3 0 -35.078 -74.963 150.569 -43.452 -82.838 154.029 -43.914 -82.516 153.643
3 0 -43.914 -82.516 153.643 -35.544 -74.654 150.177 -35.078 -74.963 150.569
3 0 -34.711 -75.092 151.131 -43.088 -82.983 154.589 -43.452 -82.838 154.029
3 0 -43.452 -82.838 154.029 -35.078 -74.963 150.569 -34.711 -75.092 151.131
3 0 -35.408 -73.337 153.345 -43.790 -81.284 156.845 -43.347 -81.793 156.744
3 0 -43.347 -81.793 156.744 -34.963 -73.847 153.255 -35.408 -73.337 153.345
3 0 -35.900 -72.893 153.181 -44.280 -80.834 156.690 -43.790 -81.284 156.845
3 0 -43.790 -81.284 156.845 -35.408 -73.337 153.345 -35.900 -72.893 153.181
3 0 -36.365 -72.583 152.789 -44.742 -80.512 156.304 -44.280 -80.834 156.690
3 0 -44.280 -80.834 156.690 -35.900 -72.893 153.181 -36.365 -72.583 152.789
3 0 -36.733 -72.454 152.228 -45.106 -80.367 155.745 -44.742 -80.512 156.304
3 0 -44.742 -80.512 156.304 -36.365 -72.583 152.789 -36.733 -72.454 152.228
3 0 -37.805 -72.817 148.988 -46.162 -80.640 152.491 -46.605 -80.130 152.592
3 0 -46.605 -80.130 152.592 -38.250 -72.307 149.078 -37.805 -72.817 148.988
3 0 -37.313 -73.261 149.151 -45.672 -81.090 152.645 -46.162 -80.640 152.491
3 0 -46.162 -80.640 152.491 -37.805 -72.817 148.988 -37.313 -73.261 149.151
3 0 -36.847 -73.571 149.543 -45.210 -81.412 153.031 -45.672 -81.090 152.645
3 0 -45.672 -81.090 152.645 -37.313 -73.261 149.151 -36.847 -73.571 149.543
3 0 -36.481 -73.699 150.104 -44.847 -81.556 153.590 -45.210 -81.412 153.031
3 0 -45.210 -81.412 153.031 -36.847 -73.571 149.543 -36.481 -73.699 150.104
3 0 -37.177 -71.944 152.318 -45.549 -79.858 155.847 -45.106 -80.367 155.745
3 0 -45.106 -80.367 155.745 -36.733 -72.454 152.228 -37.177 -71.944 152.318
3 0 -37.669 -71.501 152.155 -46.039 -79.408 155.692 -45.549 -79.858 155.847
3 0 -45.549 -79.858 155.847 -37.177 -71.944 152.318 -37.669 -71.501 152.155
3 0 -38.134 -71.191 151.763 -46.501 -79.086 155.306 -46.039 -79.408 155.692
3 0 -46.039 -79.408 155.692 -37.669 -71.501 152.155 -38.134 -71.191 151.763
3 0 -38.502 -71.062 151.202 -46.864 -78.941 154.747 -46.501 -79.086 155.306
3 0 -46.501 -79.086 155.306 -38.134 -71.191 151.763 -38.502 -71.062 151.202
3 0 -47.308 -78.432 154.848 -46.864 -78.941 154.747 -38.502 -71.062 151.202
3 0 -38.502 -71.062 151.202 -38.946 -70.552 151.292 -47.308 -78.432 154.848
3 0 -47.797 -77.982 154.694 -47.308 -78.432 154.848 -38.946 -70.552 151.292
3 0 -38.946 -70.552 151.292 -39.439 -70.108 151.128 -47.797 -77.982 154.694
3 0 -48.260 -77.660 154.308 -47.797 -77.982 154.694 -39.439 -70.108 151.128
3 0 -39.439 -70.108 151.128 -39.904 -69.798 150.736 -48.260 -77.660 154.308
3 0 -48.623 -77.515 153.748 -48.260 -77.660 154.308 -39.904 -69.798 150.736
3 0 -39.904 -69.798 150.736 -40.271 -69.669 150.175 -48.623 -77.515 153.748
3 0 -48.834 -77.569 153.101 -48.623 -77.515 153.748 -40.271 -69.669 150.175
3 0 -40.271 -69.669 150.175 -40.485 -69.741 149.531 -48.834 -77.569 153.101
3 0 -48.858 -77.814 152.464 -48.834 -77.569 153.101 -40.485 -69.741 149.531
3 0 -40.485 -69.741 149.531 -40.512 -70.003 148.901 -48.858 -77.814 152.464
3 0 -48.693 -78.213 151.935 -48.858 -77.814 152.464 -40.512 -70.003 148.901
3 0 -40.512 -70.003 148.901 -40.348 -70.415 148.381 -48.693 -78.213 151.935
3 0 -48.364 -78.704 151.593 -48.693 -78.213 151.935 -40.348 -70.415 148.381
3 0 -40.348 -70.415 148.381 -40.019 -70.914 148.051 -48.364 -78.704 151.593
3 0 -47.921 -79.214 151.492 -48.364 -78.704 151.593 -40.019 -70.914 148.051
3 0 -40.019 -70.914 148.051 -39.575 -71.425 147.961 -47.921 -79.214 151.492
3 0 -47.431 -79.664 151.646 -47.921 -79.214 151.492 -39.575 -71.425 147.961
3 0 -39.575 -71.425 147.961 -39.082 -71.868 148.125 -47.431 -79.664 151.646
3 0 -46.969 -79.985 152.032 -47.431 -79.664 151.646 -39.082 -71.868 148.125
3 0 -39.082 -71.868 148.125 -38.617 -72.178 148.517 -46.969 -79.985 152.032
3 0 -46.605 -80.130 152.592 -46.969 -79.985 152.032 -38.617 -72.178 148.517
3 0 -38.617 -72.178 148.517 -38.250 -72.307 149.078 -46.605 -80.130 152.592
3 0 -50.976 -91.467 157.649 -51.423 -90.965 157.770 -43.088 -82.983 154.589
3 0 -43.088 -82.983 154.589 -42.645 -83.492 154.487 -50.976 -91.467 157.649
3 0 -50.480 -91.916 157.786 -50.976 -91.467 157.649 -42.645 -83.492 154.487
3 0 -42.645 -83.492 154.487 -42.155 -83.942 154.642 -50.480 -91.916 157.786
3 0 -50.012 -92.246 158.159 -50.480 -91.916 157.786 -42.155 -83.942 154.642
3 0 -42.155 -83.942 154.642 -41.693 -84.264 155.028 -50.012 -92.246 158.159
3 0 -49.643 -92.404 158.710 -50.012 -92.246 158.159 -41.693 -84.264 155.028
3 0 -41.693 -84.264 155.028 -41.329 -84.409 155.587 -49.643 -92.404 158.710
3 0 -49.428 -92.368 159.358 -49.643 -92.404 158.710 -41.329 -84.409 155.587
3 0 -41.329 -84.409 155.587 -41.119 -84.355 156.235 -49.428 -92.368 159.358
3 0 -49.402 -92.143 160.002 -49.428 -92.368 159.358 -41.119 -84.355 156.235
3 0 -41.119 -84.355 156.235 -41.094 -84.109 156.871 -49.402 -92.143 160.002
3 0 -49.566 -91.763 160.544 -49.402 -92.143 160.002 -41.094 -84.109 156.871
3 0 -41.094 -84.109 156.871 -41.259 -83.711 157.401 -49.566 -91.763 160.544
3 0 -49.897 -91.285 160.903 -49.566 -91.763 160.544 -41.259 -83.711 157.401
3 0 -41.259 -83.711 157.401 -41.588 -83.219 157.742 -49.897 -91.285 160.903
3 0 -50.345 -90.784 161.024 -49.897 -91.285 160.903 -41.588 -83.219 157.742
3 0 -41.588 -83.219 157.742 -42.031 -82.710 157.843 -50.345 -90.784 161.024
3 0 -50.840 -90.334 160.887 -50.345 -90.784 161.024 -42.031 -82.710 157.843
3 0 -42.031 -82.710 157.843 -42.521 -82.260 157.689 -50.840 -90.334 160.887
3 0 -51.308 -90.005 160.515 -50.840 -90.334 160.887 -42.521 -82.260 157.689
3 0 -42.521 -82.260 157.689 -42.983 -81.938 157.303 -51.308 -90.005 160.515
3 0 -51.677 -89.846 159.963 -51.308 -90.005 160.515 -42.983 -81.938 157.303
3 0 -42.983 -81.938 157.303 -43.347 -81.793 156.744 -51.677 -89.846 159.963
3 0 -44.404 -82.066 153.489 -52.756 -90.027 156.709 -53.203 -89.526 156.829
3 0 -53.203 -89.526 156.829 -44.847 -81.556 153.590 -44.404 -82.066 153.489
3 0 -43.914 -82.516 153.643 -52.261 -90.477 156.845 -52.756 -90.027 156.709
3 0 -52.756 -90.027 156.709 -44.404 -82.066 153.489 -43.914 -82.516 153.643
3 0 -43.452 -82.838 154.029 -51.793 -90.806 157.218 -52.261 -90.477 156.845
3 0 -52.261 -90.477 156.845 -43.914 -82.516 153.643 -43.452 -82.838 154.029
3 0 -43.088 -82.983 154.589 -51.423 -90.965 157.770 -51.793 -90.806 157.218
3 0 -51.793 -90.806 157.218 -43.452 -82.838 154.029 -43.088 -82.983 154.589
3 0 -43.790 -81.284 156.845 -52.125 -89.345 160.083 -51.677 -89.846 159.963
3 0 -51.677 -89.846 159.963 -43.347 -81.793 156.744 -43.790 -81.284 156.845
3 0 -44.280 -80.834 156.690 -52.620 -88.895 159.946 -52.125 -89.345 160.083
3 0 -52.125 -89.345 160.083 -43.790 -81.284 156.845 -44.280 -80.834 156.690
3 0 -44.742 -80.512 156.304 -53.088 -88.566 159.574 -52.620 -88.895 159.946
3 0 -52.620 -88.895 159.946 -44.280 -80.834 156.690 -44.742 -80.512 156.304
3 0 -45.106 -80.367 155.745 -53.458 -88.407 159.022 -53.088 -88.566 159.574
3 0 -53.088 -88.566 159.574 -44.742 -80.512 156.304 -45.106 -80.367 155.745
3 0 -46.162 -80.640 152.491 -54.536 -88.589 155.768 -54.983 -88.087 155.889
3 0 -54.983 -88.087 155.889 -46.605 -80.130 152.592 -46.162 -80.640 152.491
3 0 -45.672 -81.090 152.645 -54.040 -89.038 155.905 -54.536 -88.589 155.768
3 0 -54.536 -88.589 155.768 -46.162 -80.640 152.491 -45.672 -81.090 152.645
3 0 -45.210 -81.412 153.031 -53.572 -89.368 156.278 -54.040 -89.038 155.905
3 0 -54.040 -89.038 155.905 -45.672 -81.090 152.645 -45.210 -81.412 153.031
3 0 -44.847 -81.556 153.590 -53.203 -89.526 156.829 -53.572 -89.368 156.278
3 0 -53.572 -89.368 156.278 -45.210 -81.412 153.031 -44.847 -81.556 153.590
3 0 -45.549 -79.858 155.847 -53.905 -87.906 159.143 -53.458 -88.407 159.022
3 0 -53.458 -88.407 159.022 -45.106 -80.367 155.745 -45.549 -79.858 155.847
3 0 -46.039 -79.408 155.692 -54.400 -87.456 159.006 -53.905 -87.906 159.143
3 0 -53.905 -87.906 159.143 -45.549 -79.858 155.847 -46.039 -79.408 155.692
3 0 -46.501 -79.086 155.306 -54.868 -87.127 158.634 -54.400 -87.456 159.006
3 0 -54.400 -87.456 159.006 -46.039 -79.408 155.692 -46.501 -79.086 155.306
3 0 -46.864 -78.941 154.747 -55.237 -86.969 158.082 -54.868 -87.127 158.634
3 0 -54.868 -87.127 158.634 -46.501 -79.086 155.306 -46.864 -78.941 154.747
3 0 -55.685 -86.467 158.202 -55.237 -86.969 158.082 -46.864 -78.941 154.747
3 0 -46.864 -78.941 154.747 -47.308 -78.432 154.848 -55.685 -86.467 158.202
3 0 -56.180 -86.017 158.065 -55.685 -86.467 158.202 -47.308 -78.432 154.848
3 0 -47.308 -78.432 154.848 -47.797 -77.982 154.694 -56.180 -86.017 158.065
3 0 -56.648 -85.688 157.693 -56.180 -86.017 158.065 -47.797 -77.982 154.694
3 0 -47.797 -77.982 154.694 -48.260 -77.660 154.308 -56.648 -85.688 157.693
3 0 -57.018 -85.529 157.141 -56.648 -85.688 157.693 -48.260 -77.660 154.308
3 0 -48.260 -77.660 154.308 -48.623 -77.515 153.748 -57.018 -85.529 157.141
3 0 -57.232 -85.565 156.494 -57.018 -85.529 157.141 -48.623 -77.515 153.748
3 0 -48.623 -77.515 153.748 -48.834 -77.569 153.101 -57.232 -85.565 156.494
3 0 -57.259 -85.791 155.850 -57.232 -85.565 156.494 -48.834 -77.569 153.101
3 0 -48.834 -77.569 153.101 -48.858 -77.814 152.464 -57.259 -85.791 155.850
3 0 -57.095 -86.171 155.307 -57.259 -85.791 155.850 -48.858 -77.814 152.464
3 0 -48.858 -77.814 152.464 -48.693 -78.213 151.935 -57.095 -86.171 155.307
3 0 -56.763 -86.648 154.948 -57.095 -86.171 155.307 -48.693 -78.213 151.935
3 0 -48.693 -78.213 151.935 -48.364 -78.704 151.593 -56.763 -86.648 154.948
3 0 -56.316 -87.150 154.828 -56.763 -86.648 154.948 -48.364 -78.704 151.593
3 0 -48.364 -78.704 151.593 -47.921 -79.214 151.492 -56.316 -87.150 154.828
3 0 -55.821 -87.599 154.964 -56.316 -87.150 154.828 -47.921 -79.214 151.492
3 0 -47.921 -79.214 151.492 -47.431 -79.664 151.646 -55.821 -87.599 154.964
3 0 -55.353 -87.928 155.337 -55.821 -87.599 154.964 -47.431 -79.664 151.646
3 0 -47.431 -79.664 151.646 -46.969 -79.985 152.032 -55.353 -87.928 155.337
3 0 -54.983 -88.087 155.889 -55.353 -87.928 155.337 -46.969 -79.985 152.032
3 0 -46.969 -79.985 152.032 -46.605 -80.130 152.592 -54.983 -88.087 155.889
3 0 -56.371 -96.911 159.622 -56.827 -96.422 159.763 -51.423 -90.965 157.770
3 0 -51.423 -90.965 157.770 -50.976 -91.467 157.649 -56.371 -96.911 159.622
3 0 -55.864 -97.353 159.738 -56.371 -96.911 159.622 -50.976 -91.467 157.649
3 0 -50.976 -91.467 157.649 -50.480 -91.916 157.786 -55.864 -97.353 159.738
3 0 -55.384 -97.683 160.093 -55.864 -97.353 159.738 -50.480 -91.916 157.786
3 0 -50.480 -91.916 157.786 -50.012 -92.246 158.159 -55.384 -97.683 160.093
3 0 -55.002 -97.849 160.634 -55.384 -97.683 160.093 -50.012 -92.246 158.159
3 0 -50.012 -92.246 158.159 -49.643 -92.404 158.710 -55.002 -97.849 160.634
3 0 -54.777 -97.826 161.279 -55.002 -97.849 160.634 -49.643 -92.404 158.710
3 0 -49.643 -92.404 158.710 -49.428 -92.368 159.358 -54.777 -97.826 161.279
3 0 -54.744 -97.618 161.928 -54.777 -97.826 161.279 -49.428 -92.368 159.358
3 0 -49.428 -92.368 159.358 -49.402 -92.143 160.002 -54.744 -97.618 161.928
3 0 -54.907 -97.256 162.484 -54.744 -97.618 161.928 -49.402 -92.143 160.002
3 0 -49.402 -92.143 160.002 -49.566 -91.763 160.544 -54.907 -97.256 162.484
3 0 -55.242 -96.796 162.861 -54.907 -97.256 162.484 -49.566 -91.763 160.544
3 0 -49.566 -91.763 160.544 -49.897 -91.285 160.903 -55.242 -96.796 162.861
3 0 -55.698 -96.307 163.003 -55.242 -96.796 162.861 -49.897 -91.285 160.903
3 0 -49.897 -91.285 160.903 -50.345 -90.784 161.024 -55.698 -96.307 163.003
3 0 -56.204 -95.865 162.887 -55.698 -96.307 163.003 -50.345 -90.784 161.024
3 0 -50.345 -90.784 161.024 -50.840 -90.334 160.887 -56.204 -95.865 162.887
3 0 -56.685 -95.535 162.531 -56.204 -95.865 162.887 -50.840 -90.334 160.887
3 0 -50.840 -90.334 160.887 -51.308 -90.005 160.515 -56.685 -95.535 162.531
3 0 -57.067 -95.369 161.990 -56.685 -95.535 162.531 -51.308 -90.005 160.515
3 0 -51.308 -90.005 160.515 -51.677 -89.846 159.963 -57.067 -95.369 161.990
3 0 -52.756 -90.027 156.709 -58.196 -95.484 158.750 -58.652 -94.995 158.892
3 0 -58.652 -94.995 158.892 -53.203 -89.526 156.829 -52.756 -90.027 156.709
3 0 -52.261 -90.477 156.845 -57.690 -95.927 158.866 -58.196 -95.484 158.750
3 0 -58.196 -95.484 158.750 -52.756 -90.027 156.709 -52.261 -90.477 156.845
3 0 -51.793 -90.806 157.218 -57.209 -96.256 159.222 -57.690 -95.927 158.866
3 0 -57.690 -95.927 158.866 -52.261 -90.477 156.845 -51.793 -90.806 157.218
3 0 -51.423 -90.965 157.770 -56.827 -96.422 159.763 -57.209 -96.256 159.222
3 0 -57.209 -96.256 159.222 -51.793 -90.806 157.218 -51.423 -90.965 157.770
3 0 -52.125 -89.345 160.083 -57.523 -94.881 162.131 -57.067 -95.369 161.990
3 0 -57.067 -95.369 161.990 -51.677 -89.846 159.963 -52.125 -89.345 160.083
3 0 -52.620 -88.895 159.946 -58.029 -94.438 162.015 -57.523 -94.881 162.131
3 0 -57.523 -94.881 162.131 -52.125 -89.345 160.083 -52.620 -88.895 159.946
3 0 -53.088 -88.566 159.574 -58.510 -94.109 161.660 -58.029 -94.438 162.015
3 0 -58.029 -94.438 162.015 -52.620 -88.895 159.946 -53.088 -88.566 159.574
3 0 -53.458 -88.407 159.022 -58.892 -93.943 161.119 -58.510 -94.109 161.660
3 0 -58.510 -94.109 161.660 -53.088 -88.566 159.574 -53.458 -88.407 159.022
3 0 -54.536 -88.589 155.768 -60.021 -94.058 157.879 -60.476 -93.569 158.021
3 0 -60.476 -93.569 158.021 -54.983 -88.087 155.889 -54.536 -88.589 155.768
3 0 -54.040 -89.038 155.905 -59.514 -94.501 157.995 -60.021 -94.058 157.879
3 0 -60.021 -94.058 157.879 -54.536 -88.589 155.768 -54.040 -89.038 155.905
3 0 -53.572 -89.368 156.278 -59.033 -94.830 158.351 -59.514 -94.501 157.995
3 0 -59.514 -94.501 157.995 -54.040 -89.038 155.905 -53.572 -89.368 156.278
3 0 -53.203 -89.526 156.829 -58.652 -94.995 158.892 -59.033 -94.830 158.351
3 0 -59.033 -94.830 158.351 -53.572 -89.368 156.278 -53.203 -89.526 156.829
3 0 -53.905 -87.906 159.143 -59.347 -93.455 161.260 -58.892 -93.943 161.119
3 0 -58.892 -93.943 161.119 -53.458 -88.407 159.022 -53.905 -87.906 159.143
3 0 -54.400 -87.456 159.006 -59.854 -93.012 161.144 -59.347 -93.455 161.260
3 0 -59.347 -93.455 161.260 -53.905 -87.906 159.143 -54.400 -87.456 159.006
3 0 -54.868 -87.127 158.634 -60.335 -92.683 160.789 -59.854 -93.012 161.144
3 0 -59.854 -93.012 161.144 -54.400 -87.456 159.006 -54.868 -87.127 158.634
3 0 -55.237 -86.969 158.082 -60.717 -92.517 160.248 -60.335 -92.683 160.789
3 0 -60.335 -92.683 160.789 -54.868 -87.127 158.634 -55.237 -86.969 158.082
3 0 -61.172 -92.028 160.389 -60.717 -92.517 160.248 -55.237 -86.969 158.082
3 0 -55.237 -86.969 158.082 -55.685 -86.467 158.202 -61.172 -92.028 160.389
3 0 -61.679 -91.585 160.273 -61.172 -92.028 160.389 -55.685 -86.467 158.202
3 0 -55.685 -86.467 158.202 -56.180 -86.017 158.065 -61.679 -91.585 160.273
3 0 -62.160 -91.256 159.917 -61.679 -91.585 160.273 -56.180 -86.017 158.065
3 0 -56.180 -86.017 158.065 -56.648 -85.688 157.693 -62.160 -91.256 159.917
3 0 -62.542 -91.090 159.376 -62.160 -91.256 159.917 -56.648 -85.688 157.693
3 0 -56.648 -85.688 157.693 -57.018 -85.529 157.141 -62.542 -91.090 159.376
3 0 -62.766 -91.113 158.732 -62.542 -91.090 159.376 -57.018 -85.529 157.141
3 0 -57.018 -85.529 157.141 -57.232 -85.565 156.494 -62.766 -91.113 158.732
3 0 -62.800 -91.321 158.082 -62.766 -91.113 158.732 -57.232 -85.565 156.494
3 0 -57.232 -85.565 156.494 -57.259 -85.791 155.850 -62.800 -91.321 158.082
3 0 -62.636 -91.683 157.527 -62.800 -91.321 158.082 -57.259 -85.791 155.850
3 0 -57.259 -85.791 155.850 -57.095 -86.171 155.307 -62.636 -91.683 157.527
3 0 -62.301 -92.143 157.149 -62.636 -91.683 157.527 -57.095 -86.171 155.307
3 0 -57.095 -86.171 155.307 -56.763 -86.648 154.948 -62.301 -92.143 157.149
3 0 -61.846 -92.631 157.008 -62.301 -92.143 157.149 -56.763 -86.648 154.948
3 0 -56.763 -86.648 154.948 -56.316 -87.150 154.828 -61.846 -92.631 157.008
3 0 -61.339 -93.074 157.124 -61.846 -92.631 157.008 -56.316 -87.150 154.828
3 0 -56.316 -87.150 154.828 -55.821 -87.599 154.964 -61.339 -93.074 157.124
3 0 -60.858 -93.403 157.479 -61.339 -93.074 157.124 -55.821 -87.599 154.964
3 0 -55.821 -87.599 154.964 -55.353 -87.928 155.337 -60.858 -93.403 157.479
3 0 -60.476 -93.569 158.021 -60.858 -93.403 157.479 -55.353 -87.928 155.337
3 0 -55.353 -87.928 155.337 -54.983 -88.087 155.889 -60.476 -93.569 158.021
3 0 -58.952 -99.680 160.562 -59.417 -99.206 160.720 -56.827 -96.422 159.763
3 0 -56.827 -96.422 159.763 -56.371 -96.911 159.622 -58.952 -99.680 160.562
3 0 -58.432 -100.112 160.661 -58.952 -99.680 160.562 -56.371 -96.911 159.622
3 0 -56.371 -96.911 159.622 -55.864 -97.353 159.738 -58.432 -100.112 160.661
3 0 -57.937 -100.435 161.003 -58.432 -100.112 160.661 -55.864 -97.353 159.738
3 0 -55.864 -97.353 159.738 -55.384 -97.683 160.093 -57.937 -100.435 161.003
3 0 -57.543 -100.601 161.535 -57.937 -100.435 161.003 -55.384 -97.683 160.093
3 0 -55.384 -97.683 160.093 -55.002 -97.849 160.634 -57.543 -100.601 161.535
3 0 -57.308 -100.584 162.176 -57.543 -100.601 161.535 -55.002 -97.849 160.634
3 0 -55.002 -97.849 160.634 -54.777 -97.826 161.279 -57.308 -100.584 162.176
3 0 -57.269 -100.387 162.828 -57.308 -100.584 162.176 -54.777 -97.826 161.279
3 0 -54.777 -97.826 161.279 -54.744 -97.618 161.928 -57.269 -100.387 162.828
3 0 -57.432 -100.040 163.393 -57.269 -100.387 162.828 -54.744 -97.618 161.928
3 0 -54.744 -97.618 161.928 -54.907 -97.256 162.484 -57.432 -100.040 163.393
3 0 -57.773 -99.596 163.784 -57.432 -100.040 163.393 -54.907 -97.256 162.484
3 0 -54.907 -97.256 162.484 -55.242 -96.796 162.861 -57.773 -99.596 163.784
3 0 -58.238 -99.122 163.942 -57.773 -99.596 163.784 -55.242 -96.796 162.861
3 0 -55.242 -96.796 162.861 -55.698 -96.307 163.003 -58.238 -99.122 163.942
3 0 -58.757 -98.690 163.843 -58.238 -99.122 163.942 -55.698 -96.307 163.003
3 0 -55.698 -96.307 163.003 -56.204 -95.865 162.887 -58.757 -98.690 163.843
3 0 -59.252 -98.367 163.501 -58.757 -98.690 163.843 -56.204 -95.865 162.887
3 0 -56.204 -95.865 162.887 -56.685 -95.535 162.531 -59.252 -98.367 163.501
3 0 -59.647 -98.201 162.969 -59.252 -98.367 163.501 -56.685 -95.535 162.531
3 0 -56.685 -95.535 162.531 -57.067 -95.369 161.990 -59.647 -98.201 162.969
3 0 -58.196 -95.484 158.750 -60.827 -98.285 159.747 -61.292 -97.811 159.905
3 0 -61.292 -97.811 159.905 -58.652 -94.995 158.892 -58.196 -95.484 158.750
3 0 -57.690 -95.927 158.866 -60.307 -98.717 159.846 -60.827 -98.285 159.747
3 0 -60.827 -98.285 159.747 -58.196 -95.484 158.750 -57.690 -95.927 158.866
3 0 -57.209 -96.256 159.222 -59.812 -99.040 160.188 -60.307 -98.717 159.846
3 0 -60.307 -98.717 159.846 -57.690 -95.927 158.866 -57.209 -96.256 159.222
3 0 -56.827 -96.422 159.763 -59.417 -99.206 160.720 -59.812 -99.040 160.188
3 0 -59.812 -99.040 160.188 -57.209 -96.256 159.222 -56.827 -96.422 159.763
3 0 -57.523 -94.881 162.131 -60.113 -97.727 163.127 -59.647 -98.201 162.969
3 0 -59.647 -98.201 162.969 -57.067 -95.369 161.990 -57.523 -94.881 162.131
3 0 -58.029 -94.438 162.015 -60.632 -97.295 163.028 -60.113 -97.727 163.127
3 0 -60.113 -97.727 163.127 -57.523 -94.881 162.131 -58.029 -94.438 162.015
3 0 -58.510 -94.109 161.660 -61.127 -96.972 162.686 -60.632 -97.295 163.028
3 0 -60.632 -97.295 163.028 -58.029 -94.438 162.015 -58.510 -94.109 161.660
3 0 -58.892 -93.943 161.119 -61.522 -96.806 162.154 -61.127 -96.972 162.686
3 0 -61.127 -96.972 162.686 -58.510 -94.109 161.660 -58.892 -93.943 161.119
3 0 -60.021 -94.058 157.879 -62.701 -96.891 158.932 -63.166 -96.417 159.090
3 0 -63.166 -96.417 159.090 -60.476 -93.569 158.021 -60.021 -94.058 157.879
3 0 -59.514 -94.501 157.995 -62.181 -97.322 159.031 -62.701 -96.891 158.932
3 0 -62.701 -96.891 158.932 -60.021 -94.058 157.879 -59.514 -94.501 157.995
3 0 -59.033 -94.830 158.351 -61.686 -97.646 159.373 -62.181 -97.322 159.031
3 0 -62.181 -97.322 159.031 -59.514 -94.501 157.995 -59.033 -94.830 158.351
3 0 -58.652 -94.995 158.892 -61.292 -97.811 159.905 -61.686 -97.646 159.373
3 0 -61.686 -97.646 159.373 -59.033 -94.830 158.351 -58.652 -94.995 158.892
3 0 -59.347 -93.455 161.260 -61.987 -96.332 162.312 -61.522 -96.806 162.154
3 0 -61.522 -96.806 162.154 -58.892 -93.943 161.119 -59.347 -93.455 161.260
3 0 -59.854 -93.012 161.144 -62.506 -95.900 162.213 -61.987 -96.332 162.312
3 0 -61.987 -96.332 162.312 -59.347 -93.455 161.260 -59.854 -93.012 161.144
3 0 -60.335 -92.683 160.789 -63.001 -95.577 161.871 -62.506 -95.900 162.213
3 0 -62.506 -95.900 162.213 -59.854 -93.012 161.144 -60.335 -92.683 160.789
3 0 -60.717 -92.517 160.248 -63.396 -95.411 161.340 -63.001 -95.577 161.871
3 0 -63.001 -95.577 161.871 -60.335 -92.683 160.789 -60.717 -92.517 160.248
3 0 -63.861 -94.937 161.497 -63.396 -95.411 161.340 -60.717 -92.517 160.248
3 0 -60.717 -92.517 160.248 -61.172 -92.028 160.389 -63.861 -94.937 161.497
3 0 -64.381 -94.505 161.398 -63.861 -94.937 161.497 -61.172 -92.028 160.389
3 0 -61.172 -92.028 160.389 -61.679 -91.585 160.273 -64.381 -94.505 161.398
3 0 -64.876 -94.182 161.056 -64.381 -94.505 161.398 -61.679 -91.585 160.273
3 0 -61.679 -91.585 160.273 -62.160 -91.256 159.917 -64.876 -94.182 161.056
3 0 -65.271 -94.016 160.524 -64.876 -94.182 161.056 -62.160 -91.256 159.917
3 0 -62.160 -91.256 159.917 -62.542 -91.090 159.376 -65.271 -94.016 160.524
3 0 -65.505 -94.033 159.883 -65.271 -94.016 160.524 -62.542 -91.090 159.376
3 0 -62.542 -91.090 159.376 -62.766 -91.113 158.732 -65.505 -94.033 159.883
3 0 -65.544 -94.230 159.231 -65.505 -94.033 159.883 -62.766 -91.113 158.732
3 0 -62.766 -91.113 158.732 -62.800 -91.321 158.082 -65.544 -94.230 159.231
3 0 -65.381 -94.577 158.666 -65.544 -94.230 159.231 -62.800 -91.321 158.082
3 0 -62.800 -91.321 158.082 -62.636 -91.683 157.527 -65.381 -94.577 158.666
3 0 -65.041 -95.021 158.275 -65.381 -94.577 158.666 -62.636 -91.683 157.527
3 0 -62.636 -91.683 157.527 -62.301 -92.143 157.149 -65.041 -95.021 158.275
3 0 -64.576 -95.496 158.117 -65.041 -95.021 158.275 -62.301 -92.143 157.149
3 0 -62.301 -92.143 157.149 -61.846 -92.631 157.008 -64.576 -95.496 158.117
3 0 -64.056 -95.927 158.216 -64.576 -95.496 158.117 -61.846 -92.631 157.008
3 0 -61.846 -92.631 157.008 -61.339 -93.074 157.124 -64.056 -95.927 158.216
3 0 -63.561 -96.251 158.558 -64.056 -95.927 158.216 -61.339 -93.074 157.124
3 0 -61.339 -93.074 157.124 -60.858 -93.403 157.479 -63.561 -96.251 158.558
3 0 -63.166 -96.417 159.090 -63.561 -96.251 158.558 -60.858 -93.403 157.479
3 0 -60.858 -93.403 157.479 -60.476 -93.569 158.021 -63.166 -96.417 159.090
3 0 -61.419 -102.506 161.508 -61.898 -102.051 161.681 -59.417 -99.206 160.720
3 0 -59.417 -99.206 160.720 -58.952 -99.680 160.562 -61.419 -102.506 161.508
3 0 -60.882 -102.919 161.593 -61.419 -102.506 161.508 -58.952 -99.680 160.562
3 0 -58.952 -99.680 160.562 -58.432 -100.112 160.661 -60.882 -102.919 161.593
3 0 -60.370 -103.229 161.921 -60.882 -102.919 161.593 -58.432 -100.112 160.661
3 0 -58.432 -100.112 160.661 -57.937 -100.435 161.003 -60.370 -103.229 161.921
3 0 -59.960 -103.388 162.444 -60.370 -103.229 161.921 -57.937 -100.435 161.003
3 0 -57.937 -100.435 161.003 -57.543 -100.601 161.535 -59.960 -103.388 162.444
3 0 -59.715 -103.371 163.081 -59.960 -103.388 162.444 -57.543 -100.601 161.535
3 0 -57.543 -100.601 161.535 -57.308 -100.584 162.176 -59.715 -103.371 163.081
3 0 -59.672 -103.182 163.736 -59.715 -103.371 163.081 -57.308 -100.584 162.176
3 0 -57.308 -100.584 162.176 -57.269 -100.387 162.828 -59.672 -103.182 163.736
3 0 -59.838 -102.848 164.308 -59.672 -103.182 163.736 -57.269 -100.387 162.828
3 0 -57.269 -100.387 162.828 -57.432 -100.040 163.393 -59.838 -102.848 164.308
3 0 -60.187 -102.422 164.711 -59.838 -102.848 164.308 -57.432 -100.040 163.393
3 0 -57.432 -100.040 163.393 -57.773 -99.596 163.784 -60.187 -102.422 164.711
3 0 -60.667 -101.967 164.884 -60.187 -102.422 164.711 -57.773 -99.596 163.784
3 0 -57.773 -99.596 163.784 -58.238 -99.122 163.942 -60.667 -101.967 164.884
3 0 -61.203 -101.554 164.799 -60.667 -101.967 164.884 -58.238 -99.122 163.942
3 0 -58.238 -99.122 163.942 -58.757 -98.690 163.843 -61.203 -101.554 164.799
3 0 -61.715 -101.244 164.471 -61.203 -101.554 164.799 -58.757 -98.690 163.843
3 0 -58.757 -98.690 163.843 -59.252 -98.367 163.501 -61.715 -101.244 164.471
3 0 -62.125 -101.085 163.948 -61.715 -101.244 164.471 -59.252 -98.367 163.501
3 0 -59.252 -98.367 163.501 -59.647 -98.201 162.969 -62.125 -101.085 163.948
3 0 -60.827 -98.285 159.747 -63.357 -101.169 160.745 -63.836 -100.714 160.917
3 0 -63.836 -100.714 160.917 -61.292 -97.811 159.905 -60.827 -98.285 159.747
3 0 -60.307 -98.717 159.846 -62.820 -101.582 160.829 -63.357 -101.169 160.745
3 0 -63.357 -101.169 160.745 -60.827 -98.285 159.747 -60.307 -98.717 159.846
3 0 -59.812 -99.040 160.188 -62.308 -101.892 161.158 -62.820 -101.582 160.829
3 0 -62.820 -101.582 160.829 -60.307 -98.717 159.846 -59.812 -99.040 160.188
3 0 -59.417 -99.206 160.720 -61.898 -102.051 161.681 -62.308 -101.892 161.158
3 0 -62.308 -101.892 161.158 -59.812 -99.040 160.188 -59.417 -99.206 160.720
3 0 -60.113 -97.727 163.127 -62.605 -100.631 164.120 -62.125 -101.085 163.948
3 0 -62.125 -101.085 163.948 -59.647 -98.201 162.969 -60.113 -97.727 163.127
3 0 -60.632 -97.295 163.028 -63.141 -100.217 164.036 -62.605 -100.631 164.120
3 0 -62.605 -100.631 164.120 -60.113 -97.727 163.127 -60.632 -97.295 163.028
3 0 -61.127 -96.972 162.686 -63.653 -99.907 163.707 -63.141 -100.217 164.036
3 0 -63.141 -100.217 164.036 -60.632 -97.295 163.028 -61.127 -96.972 162.686
3 0 -61.522 -96.806 162.154 -64.063 -99.749 163.185 -63.653 -99.907 163.707
3 0 -63.653 -99.907 163.707 -61.127 -96.972 162.686 -61.522 -96.806 162.154
3 0 -62.701 -96.891 158.932 -65.294 -99.833 159.982 -65.773 -99.378 160.154
3 0 -65.773 -99.378 160.154 -63.166 -96.417 159.090 -62.701 -96.891 158.932
3 0 -62.181 -97.322 159.031 -64.757 -100.246 160.067 -65.294 -99.833 159.982
3 0 -65.294 -99.833 159.982 -62.701 -96.891 158.932 -62.181 -97.322 159.031
3 0 -61.686 -97.646 159.373 -64.245 -100.556 160.395 -64.757 -100.246 160.067
3 0 -64.757 -100.246 160.067 -62.181 -97.322 159.031 -61.686 -97.646 159.373
3 0 -61.292 -97.811 159.905 -63.836 -100.714 160.917 -64.245 -100.556 160.395
3 0 -64.245 -100.556 160.395 -61.686 -97.646 159.373 -61.292 -97.811 159.905
3 0 -61.987 -96.332 162.312 -64.542 -99.294 163.358 -64.063 -99.749 163.185
3 0 -64.063 -99.749 163.185 -61.522 -96.806 162.154 -61.987 -96.332 162.312
3 0 -62.506 -95.900 162.213 -65.078 -98.881 163.273 -64.542 -99.294 163.358
3 0 -64.542 -99.294 163.358 -61.987 -96.332 162.312 -62.506 -95.900 162.213
3 0 -63.001 -95.577 161.871 -65.591 -98.571 162.945 -65.078 -98.881 163.273
3 0 -65.078 -98.881 163.273 -62.506 -95.900 162.213 -63.001 -95.577 161.871
3 0 -63.396 -95.411 161.340 -66.000 -98.412 162.422 -65.591 -98.571 162.945
3 0 -65.591 -98.571 162.945 -63.001 -95.577 161.871 -63.396 -95.411 161.340
3 0 -66.480 -97.958 162.594 -66.000 -98.412 162.422 -63.396 -95.411 161.340
3 0 -63.396 -95.411 161.340 -63.861 -94.937 161.497 -66.480 -97.958 162.594
3 0 -67.017 -97.544 162.510 -66.480 -97.958 162.594 -63.861 -94.937 161.497
3 0 -63.861 -94.937 161.497 -64.381 -94.505 161.398 -67.017 -97.544 162.510
3 0 -67.529 -97.234 162.181 -67.017 -97.544 162.510 -64.381 -94.505 161.398
3 0 -64.381 -94.505 161.398 -64.876 -94.182 161.056 -67.529 -97.234 162.181
3 0 -67.939 -97.076 161.659 -67.529 -97.234 162.181 -64.876 -94.182 161.056
3 0 -64.876 -94.182 161.056 -65.271 -94.016 160.524 -67.939 -97.076 161.659
3 0 -68.184 -97.092 161.021 -67.939 -97.076 161.659 -65.271 -94.016 160.524
3 0 -65.271 -94.016 160.524 -65.505 -94.033 159.883 -68.184 -97.092 161.021
3 0 -68.226 -97.282 160.367 -68.184 -97.092 161.021 -65.505 -94.033 159.883
3 0 -65.505 -94.033 159.883 -65.544 -94.230 159.231 -68.226 -97.282 160.367
3 0 -68.061 -97.615 159.794 -68.226 -97.282 160.367 -65.544 -94.230 159.231
3 0 -65.544 -94.230 159.231 -65.381 -94.577 158.666 -68.061 -97.615 159.794
3 0 -67.712 -98.041 159.391 -68.061 -97.615 159.794 -65.381 -94.577 158.666
3 0 -65.381 -94.577 158.666 -65.041 -95.021 158.275 -67.712 -98.041 159.391
3 0 -67.232 -98.496 159.219 -67.712 -98.041 159.391 -65.041 -95.021 158.275
3 0 -65.041 -95.021 158.275 -64.576 -95.496 158.117 -67.232 -98.496 159.219
3 0 -66.696 -98.909 159.303 -67.232 -98.496 159.219 -64.576 -95.496 158.117
3 0 -64.576 -95.496 158.117 -64.056 -95.927 158.216 -66.696 -98.909 159.303
3 0 -66.183 -99.219 159.632 -66.696 -98.909 159.303 -64.056 -95.927 158.216
3 0 -64.056 -95.927 158.216 -63.561 -96.251 158.558 -66.183 -99.219 159.632
3 0 -65.773 -99.378 160.154 -66.183 -99.219 159.632 -63.561 -96.251 158.558
3 0 -63.561 -96.251 158.558 -63.166 -96.417 159.090 -65.773 -99.378 160.154
3 0 -63.687 -105.395 162.448 -64.188 -104.972 162.637 -61.898 -102.051 161.681
3 0 -61.898 -102.051 161.681 -61.419 -102.506 161.508 -63.687 -105.395 162.448
3 0 -63.125 -105.777 162.515 -63.687 -105.395 162.448 -61.419 -102.506 161.508
3 0 -61.419 -102.506 161.508 -60.882 -102.919 161.593 -63.125 -105.777 162.515
3 0 -62.588 -106.060 162.827 -63.125 -105.777 162.515 -60.882 -102.919 161.593
3 0 -60.882 -102.919 161.593 -60.370 -103.229 161.921 -62.588 -106.060 162.827
3 0 -62.158 -106.200 163.338 -62.588 -106.060 162.827 -60.370 -103.229 161.921
3 0 -60.370 -103.229 161.921 -59.960 -103.388 162.444 -62.158 -106.200 163.338
3 0 -61.899 -106.177 163.970 -62.158 -106.200 163.338 -59.960 -103.388 162.444
3 0 -59.960 -103.388 162.444 -59.715 -103.371 163.081 -61.899 -106.177 163.970
3 0 -61.852 -105.994 164.626 -61.899 -106.177 163.970 -59.715 -103.371 163.081
3 0 -59.715 -103.371 163.081 -59.672 -103.182 163.736 -61.852 -105.994 164.626
3 0 -62.024 -105.678 165.206 -61.852 -105.994 164.626 -59.672 -103.182 163.736
3 0 -59.672 -103.182 163.736 -59.838 -102.848 164.308 -62.024 -105.678 165.206
3 0 -62.388 -105.279 165.623 -62.024 -105.678 165.206 -59.838 -102.848 164.308
3 0 -59.838 -102.848 164.308 -60.187 -102.422 164.711 -62.388 -105.279 165.623
3 0 -62.890 -104.855 165.813 -62.388 -105.279 165.623 -60.187 -102.422 164.711
3 0 -60.187 -102.422 164.711 -60.667 -101.967 164.884 -62.890 -104.855 165.813
3 0 -63.451 -104.473 165.746 -62.890 -104.855 165.813 -60.667 -101.967 164.884
3 0 -60.667 -101.967 164.884 -61.203 -101.554 164.799 -63.451 -104.473 165.746
3 0 -63.989 -104.190 165.434 -63.451 -104.473 165.746 -61.203 -101.554 164.799
3 0 -61.203 -101.554 164.799 -61.715 -101.244 164.471 -63.989 -104.190 165.434
3 0 -64.419 -104.050 164.922 -63.989 -104.190 165.434 -61.715 -101.244 164.471
3 0 -61.715 -101.244 164.471 -62.125 -101.085 163.948 -64.419 -104.050 164.922
3 0 -63.357 -101.169 160.745 -65.718 -104.166 161.747 -66.219 -103.743 161.937
3 0 -66.219 -103.743 161.937 -63.836 -100.714 160.917 -63.357 -101.169 160.745
3 0 -62.820 -101.582 160.829 -65.156 -104.548 161.814 -65.718 -104.166 161.747
3 0 -65.718 -104.166 161.747 -63.357 -101.169 160.745 -62.820 -101.582 160.829
3 0 -62.308 -101.892 161.158 -64.619 -104.831 162.126 -65.156 -104.548 161.814
3 0 -65.156 -104.548 161.814 -62.820 -101.582 160.829 -62.308 -101.892 161.158
3 0 -61.898 -102.051 161.681 -64.188 -104.972 162.637 -64.619 -104.831 162.126
3 0 -64.619 -104.831 162.126 -62.308 -101.892 161.158 -61.898 -102.051 161.681
3 0 -62.605 -100.631 164.120 -64.920 -103.627 165.112 -64.419 -104.050 164.922
3 0 -64.419 -104.050 164.922 -62.125 -101.085 163.948 -62.605 -100.631 164.120
3 0 -63.141 -100.217 164.036 -65.482 -103.244 165.045 -64.920 -103.627 165.112
3 0 -64.920 -103.627 165.112 -62.605 -100.631 164.120 -63.141 -100.217 164.036
3 0 -63.653 -99.907 163.707 -66.019 -102.961 164.733 -65.482 -103.244 165.045
3 0 -65.482 -103.244 165.045 -63.141 -100.217 164.036 -63.653 -99.907 163.707
3 0 -64.063 -99.749 163.185 -66.450 -102.821 164.222 -66.019 -102.961 164.733
3 0 -66.019 -102.961 164.733 -63.653 -99.907 163.707 -64.063 -99.749 163.185
3 0 -65.294 -99.833 159.982 -67.748 -102.937 161.047 -68.249 -102.514 161.236
3 0 -68.249 -102.514 161.236 -65.773 -99.378 160.154 -65.294 -99.833 159.982
3 0 -64.757 -100.246 160.067 -67.186 -103.320 161.113 -67.748 -102.937 161.047
3 0 -67.748 -102.937 161.047 -65.294 -99.833 159.982 -64.757 -100.246 160.067
3 0 -64.245 -100.556 160.395 -66.649 -103.603 161.426 -67.186 -103.320 161.113
3 0 -67.186 -103.320 161.113 -64.757 -100.246 160.067 -64.245 -100.556 160.395
3 0 -63.836 -100.714 160.917 -66.219 -103.743 161.937 -66.649 -103.603 161.426
3 0 -66.649 -103.603 161.426 -64.245 -100.556 160.395 -63.836 -100.714 160.917
3 0 -64.542 -99.294 163.358 -66.950 -102.398 164.412 -66.450 -102.821 164.222
3 0 -66.450 -102.821 164.222 -64.063 -99.749 163.185 -64.542 -99.294 163.358
3 0 -65.078 -98.881 163.273 -67.512 -102.016 164.345 -66.950 -102.398 164.412
3 0 -66.950 -102.398 164.412 -64.542 -99.294 163.358 -65.078 -98.881 163.273
3 0 -65.591 -98.571 162.945 -68.049 -101.733 164.032 -67.512 -102.016 164.345
3 0 -67.512 -102.016 164.345 -65.078 -98.881 163.273 -65.591 -98.571 162.945
3 0 -66.000 -98.412 162.422 -68.480 -101.592 163.521 -68.049 -101.733 164.032
3 0 -68.049 -101.733 164.032 -65.591 -98.571 162.945 -66.000 -98.412 162.422
3 0 -68.981 -101.169 163.711 -68.480 -101.592 163.521 -66.000 -98.412 162.422
3 0 -66.000 -98.412 162.422 -66.480 -97.958 162.594 -68.981 -101.169 163.711
3 0 -69.543 -100.787 163.644 -68.981 -101.169 163.711 -66.480 -97.958 162.594
3 0 -66.480 -97.958 162.594 -67.017 -97.544 162.510 -69.543 -100.787 163.644
3 0 -70.080 -100.504 163.332 -69.543 -100.787 163.644 -67.017 -97.544 162.510
3 0 -67.017 -97.544 162.510 -67.529 -97.234 162.181 -70.080 -100.504 163.332
3 0 -70.511 -100.364 162.820 -70.080 -100.504 163.332 -67.529 -97.234 162.181
3 0 -67.529 -97.234 162.181 -67.939 -97.076 161.659 -70.511 -100.364 162.820
3 0 -70.769 -100.387 162.189 -70.511 -100.364 162.820 -67.939 -97.076 161.659
3 0 -67.939 -97.076 161.659 -68.184 -97.092 161.021 -70.769 -100.387 162.189
3 0 -70.816 -100.570 161.533 -70.769 -100.387 162.189 -68.184 -97.092 161.021
3 0 -68.184 -97.092 161.021 -68.226 -97.282 160.367 -70.816 -100.570 161.533
3 0 -70.644 -100.886 160.952 -70.816 -100.570 161.533 -68.226 -97.282 160.367
3 0 -68.226 -97.282 160.367 -68.061 -97.615 159.794 -70.644 -100.886 160.952
3 0 -70.280 -101.285 160.535 -70.644 -100.886 160.952 -68.061 -97.615 159.794
3 0 -68.061 -97.615 159.794 -67.712 -98.041 159.391 -70.280 -101.285 160.535
3 0 -69.779 -101.709 160.346 -70.280 -101.285 160.535 -67.712 -98.041 159.391
3 0 -67.712 -98.041 159.391 -67.232 -98.496 159.219 -69.779 -101.709 160.346
3 0 -69.217 -102.091 160.413 -69.779 -101.709 160.346 -67.232 -98.496 159.219
3 0 -67.232 -98.496 159.219 -66.696 -98.909 159.303 -69.217 -102.091 160.413
3 0 -68.680 -102.374 160.725 -69.217 -102.091 160.413 -66.696 -98.909 159.303
3 0 -66.696 -98.909 159.303 -66.183 -99.219 159.632 -68.680 -102.374 160.725
3 0 -68.249 -102.514 161.236 -68.680 -102.374 160.725 -66.183 -99.219 159.632
3 0 -66.183 -99.219 159.632 -65.773 -99.378 160.154 -68.249 -102.514 161.236
3 0 -65.632 -108.324 163.384 -66.168 -107.958 163.595 -64.188 -104.972 162.637
3 0 -64.188 -104.972 162.637 -63.687 -105.395 162.448 -65.632 -108.324 163.384
3 0 -65.031 -108.646 163.428 -65.632 -108.324 163.384 -63.687 -105.395 162.448
3 0 -63.687 -105.395 162.448 -63.125 -105.777 162.515 -65.031 -108.646 163.428
3 0 -64.457 -108.874 163.720 -65.031 -108.646 163.428 -63.125 -105.777 162.515
3 0 -63.125 -105.777 162.515 -62.588 -106.060 162.827 -64.457 -108.874 163.720
3 0 -63.998 -108.973 164.215 -64.457 -108.874 163.720 -62.588 -106.060 162.827
3 0 -62.588 -106.060 162.827 -62.158 -106.200 163.338 -63.998 -108.973 164.215
3 0 -63.723 -108.928 164.838 -63.998 -108.973 164.215 -62.158 -106.200 163.338
3 0 -62.158 -106.200 163.338 -61.899 -106.177 163.970 -63.723 -108.928 164.838
3 0 -63.673 -108.747 165.495 -63.723 -108.928 164.838 -61.899 -106.177 163.970
3 0 -61.899 -106.177 163.970 -61.852 -105.994 164.626 -63.673 -108.747 165.495
3 0 -63.858 -108.457 166.084 -63.673 -108.747 165.495 -61.852 -105.994 164.626
3 0 -61.852 -105.994 164.626 -62.024 -105.678 165.206 -63.858 -108.457 166.084
3 0 -64.248 -108.102 166.518 -63.858 -108.457 166.084 -62.024 -105.678 165.206
3 0 -62.024 -105.678 165.206 -62.388 -105.279 165.623 -64.248 -108.102 166.518
3 0 -64.784 -107.735 166.729 -64.248 -108.102 166.518 -62.388 -105.279 165.623
3 0 -62.388 -105.279 165.623 -62.890 -104.855 165.813 -64.784 -107.735 166.729
3 0 -65.385 -107.414 166.685 -64.784 -107.735 166.729 -62.890 -104.855 165.813
3 0 -62.890 -104.855 165.813 -63.451 -104.473 165.746 -65.385 -107.414 166.685
3 0 -65.959 -107.186 166.393 -65.385 -107.414 166.685 -63.451 -104.473 165.746
3 0 -63.451 -104.473 165.746 -63.989 -104.190 165.434 -65.959 -107.186 166.393
3 0 -66.419 -107.087 165.898 -65.959 -107.186 166.393 -63.989 -104.190 165.434
3 0 -63.989 -104.190 165.434 -64.419 -104.050 164.922 -66.419 -107.087 165.898
3 0 -65.718 -104.166 161.747 -67.803 -107.310 162.764 -68.339 -106.943 162.975
3 0 -68.339 -106.943 162.975 -66.219 -103.743 161.937 -65.718 -104.166 161.747
3 0 -65.156 -104.548 161.814 -67.202 -107.631 162.808 -67.803 -107.310 162.764
3 0 -67.803 -107.310 162.764 -65.718 -104.166 161.747 -65.156 -104.548 161.814
3 0 -64.619 -104.831 162.126 -66.628 -107.859 163.100 -67.202 -107.631 162.808
3 0 -67.202 -107.631 162.808 -65.156 -104.548 161.814 -64.619 -104.831 162.126
3 0 -64.188 -104.972 162.637 -66.168 -107.958 163.595 -66.628 -107.859 163.100
3 0 -66.628 -107.859 163.100 -64.619 -104.831 162.126 -64.188 -104.972 162.637
3 0 -64.920 -103.627 165.112 -66.955 -106.720 166.109 -66.419 -107.087 165.898
3 0 -66.419 -107.087 165.898 -64.419 -104.050 164.922 -64.920 -103.627 165.112
3 0 -65.482 -103.244 165.045 -67.556 -106.399 166.065 -66.955 -106.720 166.109
3 0 -66.955 -106.720 166.109 -64.920 -103.627 165.112 -65.482 -103.244 165.045
3 0 -66.019 -102.961 164.733 -68.130 -106.171 165.773 -67.556 -106.399 166.065
3 0 -67.556 -106.399 166.065 -65.482 -103.244 165.045 -66.019 -102.961 164.733
3 0 -66.450 -102.821 164.222 -68.589 -106.072 165.278 -68.130 -106.171 165.773
3 0 -68.130 -106.171 165.773 -66.019 -102.961 164.733 -66.450 -102.821 164.222
3 0 -67.748 -102.937 161.047 -69.972 -106.295 162.145 -70.509 -105.929 162.356
3 0 -70.509 -105.929 162.356 -68.249 -102.514 161.236 -67.748 -102.937 161.047
3 0 -67.186 -103.320 161.113 -69.372 -106.617 162.189 -69.972 -106.295 162.145
3 0 -69.972 -106.295 162.145 -67.748 -102.937 161.047 -67.186 -103.320 161.113
3 0 -66.649 -103.603 161.426 -68.798 -106.844 162.480 -69.372 -106.617 162.189
3 0 -69.372 -106.617 162.189 -67.186 -103.320 161.113 -66.649 -103.603 161.426
3 0 -66.219 -103.743 161.937 -68.339 -106.943 162.975 -68.798 -106.844 162.480
3 0 -68.798 -106.844 162.480 -66.649 -103.603 161.426 -66.219 -103.743 161.937
3 0 -66.950 -102.398 164.412 -69.125 -105.706 165.489 -68.589 -106.072 165.278
3 0 -68.589 -106.072 165.278 -66.450 -102.821 164.222 -66.950 -102.398 164.412
3 0 -67.512 -102.016 164.345 -69.726 -105.385 165.445 -69.125 -105.706 165.489
3 0 -69.125 -105.706 165.489 -66.950 -102.398 164.412 -67.512 -102.016 164.345
3 0 -68.049 -101.733 164.032 -70.299 -105.157 165.154 -69.726 -105.385 165.445
3 0 -69.726 -105.385 165.445 -67.512 -102.016 164.345 -68.049 -101.733 164.032
3 0 -68.480 -101.592 163.521 -70.759 -105.058 164.658 -70.299 -105.157 165.154
3 0 -70.299 -105.157 165.154 -68.049 -101.733 164.032 -68.480 -101.592 163.521
3 0 -71.295 -104.691 164.869 -70.759 -105.058 164.658 -68.480 -101.592 163.521
3 0 -68.480 -101.592 163.521 -68.981 -101.169 163.711 -71.295 -104.691 164.869
3 0 -71.896 -104.370 164.825 -71.295 -104.691 164.869 -68.981 -101.169 163.711
3 0 -68.981 -101.169 163.711 -69.543 -100.787 163.644 -71.896 -104.370 164.825
3 0 -72.470 -104.142 164.534 -71.896 -104.370 164.825 -69.543 -100.787 163.644
3 0 -69.543 -100.787 163.644 -70.080 -100.504 163.332 -72.470 -104.142 164.534
3 0 -72.930 -104.043 164.039 -72.470 -104.142 164.534 -70.080 -100.504 163.332
3 0 -70.080 -100.504 163.332 -70.511 -100.364 162.820 -72.930 -104.043 164.039
3 0 -73.205 -104.087 163.415 -72.930 -104.043 164.039 -70.511 -100.364 162.820
3 0 -70.511 -100.364 162.820 -70.769 -100.387 162.189 -73.205 -104.087 163.415
3 0 -73.254 -104.268 162.759 -73.205 -104.087 163.415 -70.769 -100.387 162.189
3 0 -70.769 -100.387 162.189 -70.816 -100.570 161.533 -73.254 -104.268 162.759
3 0 -73.069 -104.559 162.169 -73.254 -104.268 162.759 -70.816 -100.570 161.533
3 0 -70.816 -100.570 161.533 -70.644 -100.886 160.952 -73.069 -104.559 162.169
3 0 -72.679 -104.914 161.736 -73.069 -104.559 162.169 -70.644 -100.886 160.952
3 0 -70.644 -100.886 160.952 -70.280 -101.285 160.535 -72.679 -104.914 161.736
3 0 -72.143 -105.280 161.525 -72.679 -104.914 161.736 -70.280 -101.285 160.535
3 0 -70.280 -101.285 160.535 -69.779 -101.709 160.346 -72.143 -105.280 161.525
3 0 -71.542 -105.602 161.569 -72.143 -105.280 161.525 -69.779 -101.709 160.346
3 0 -69.779 -101.709 160.346 -69.217 -102.091 160.413 -71.542 -105.602 161.569
3 0 -70.968 -105.829 161.860 -71.542 -105.602 161.569 -69.217 -102.091 160.413
3 0 -69.217 -102.091 160.413 -68.680 -102.374 160.725 -70.968 -105.829 161.860
3 0 -70.509 -105.929 162.356 -70.968 -105.829 161.860 -68.680 -102.374 160.725
3 0 -68.680 -102.374 160.725 -68.249 -102.514 161.236 -70.509 -105.929 162.356
3 0 -66.960 -111.118 164.287 -67.553 -110.885 164.533 -66.168 -107.958 163.595
3 0 -66.168 -107.958 163.595 -65.632 -108.324 163.384 -66.960 -111.118 164.287
3 0 -66.300 -111.294 164.292 -66.960 -111.118 164.287 -65.632 -108.324 163.384
3 0 -65.632 -108.324 163.384 -65.031 -108.646 163.428 -66.300 -111.294 164.292
3 0 -65.674 -111.385 164.548 -66.300 -111.294 164.292 -65.031 -108.646 163.428
3 0 -65.031 -108.646 163.428 -64.457 -108.874 163.720 -65.674 -111.385 164.548
3 0 -65.176 -111.377 165.016 -65.674 -111.385 164.548 -64.457 -108.874 163.720
3 0 -64.457 -108.874 163.720 -63.998 -108.973 164.215 -65.176 -111.377 165.016
3 0 -64.883 -111.273 165.623 -65.176 -111.377 165.016 -63.998 -108.973 164.215
3 0 -63.998 -108.973 164.215 -63.723 -108.928 164.838 -64.883 -111.273 165.623
3 0 -64.839 -111.087 166.279 -64.883 -111.273 165.623 -63.723 -108.928 164.838
3 0 -63.723 -108.928 164.838 -63.673 -108.747 165.495 -64.839 -111.087 166.279
3 0 -65.051 -110.848 166.882 -64.839 -111.087 166.279 -63.673 -108.747 165.495
3 0 -63.673 -108.747 165.495 -63.858 -108.457 166.084 -65.051 -110.848 166.882
3 0 -65.486 -110.592 167.342 -65.051 -110.848 166.882 -63.858 -108.457 166.084
3 0 -63.858 -108.457 166.084 -64.248 -108.102 166.518 -65.486 -110.592 167.342
3 0 -66.079 -110.359 167.588 -65.486 -110.592 167.342 -64.248 -108.102 166.518
3 0 -64.248 -108.102 166.518 -64.784 -107.735 166.729 -66.079 -110.359 167.588
3 0 -66.739 -110.183 167.582 -66.079 -110.359 167.588 -64.784 -107.735 166.729
3 0 -64.784 -107.735 166.729 -65.385 -107.414 166.685 -66.739 -110.183 167.582
3 0 -67.365 -110.092 167.326 -66.739 -110.183 167.582 -65.385 -107.414 166.685
3 0 -65.385 -107.414 166.685 -65.959 -107.186 166.393 -67.365 -110.092 167.326
3 0 -67.863 -110.099 166.859 -67.365 -110.092 167.326 -65.959 -107.186 166.393
3 0 -65.959 -107.186 166.393 -66.419 -107.087 165.898 -67.863 -110.099 166.859
3 0 -67.803 -107.310 162.764 -69.337 -110.626 163.804 -69.930 -110.392 164.050
3 0 -69.930 -110.392 164.050 -68.339 -106.943 162.975 -67.803 -107.310 162.764
3 0 -67.202 -107.631 162.808 -68.677 -110.801 163.809 -69.337 -110.626 163.804
3 0 -69.337 -110.626 163.804 -67.803 -107.310 162.764 -67.202 -107.631 162.808
3 0 -66.628 -107.859 163.100 -68.051 -110.892 164.065 -68.677 -110.801 163.809
3 0 -68.677 -110.801 163.809 -67.202 -107.631 162.808 -66.628 -107.859 163.100
3 0 -66.168 -107.958 163.595 -67.553 -110.885 164.533 -68.051 -110.892 164.065
3 0 -68.051 -110.892 164.065 -66.628 -107.859 163.100 -66.168 -107.958 163.595
3 0 -66.955 -106.720 166.109 -68.456 -109.866 167.105 -67.863 -110.099 166.859
3 0 -67.863 -110.099 166.859 -66.419 -107.087 165.898 -66.955 -106.720 166.109
3 0 -67.556 -106.399 166.065 -69.116 -109.691 167.099 -68.456 -109.866 167.105
3 0 -68.456 -109.866 167.105 -66.955 -106.720 166.109 -67.556 -106.399 166.065
3 0 -68.130 -106.171 165.773 -69.742 -109.600 166.843 -69.116 -109.691 167.099
3 0 -69.116 -109.691 167.099 -67.556 -106.399 166.065 -68.130 -106.171 165.773
3 0 -68.589 -106.072 165.278 -70.240 -109.607 166.376 -69.742 -109.600 166.843
3 0 -69.742 -109.600 166.843 -68.130 -106.171 165.773 -68.589 -106.072 165.278
3 0 -69.972 -106.295 162.145 -71.713 -110.133 163.321 -72.306 -109.900 163.567
3 0 -72.306 -109.900 163.567 -70.509 -105.929 162.356 -69.972 -106.295 162.145
3 0 -69.372 -106.617 162.189 -71.053 -110.309 163.326 -71.713 -110.133 163.321
3 0 -71.713 -110.133 163.321 -69.972 -106.295 162.145 -69.372 -106.617 162.189
3 0 -68.798 -106.844 162.480 -70.427 -110.400 163.582 -71.053 -110.309 163.326
3 0 -71.053 -110.309 163.326 -69.372 -106.617 162.189 -68.798 -106.844 162.480
3 0 -68.339 -106.943 162.975 -69.930 -110.392 164.050 -70.427 -110.400 163.582
3 0 -70.427 -110.400 163.582 -68.798 -106.844 162.480 -68.339 -106.943 162.975
3 0 -69.125 -105.706 165.489 -70.832 -109.374 166.622 -70.240 -109.607 166.376
3 0 -70.240 -109.607 166.376 -68.589 -106.072 165.278 -69.125 -105.706 165.489
3 0 -69.726 -105.385 165.445 -71.492 -109.198 166.616 -70.832 -109.374 166.622
3 0 -70.832 -109.374 166.622 -69.125 -105.706 165.489 -69.726 -105.385 165.445
3 0 -70.299 -105.157 165.154 -72.118 -109.107 166.360 -71.492 -109.198 166.616
3 0 -71.492 -109.198 166.616 -69.726 -105.385 165.445 -70.299 -105.157 165.154
3 0 -70.759 -105.058 164.658 -72.616 -109.115 165.893 -72.118 -109.107 166.360
3 0 -72.118 -109.107 166.360 -70.299 -105.157 165.154 -70.759 -105.058 164.658
3 0 -73.209 -108.881 166.139 -72.616 -109.115 165.893 -70.759 -105.058 164.658
3 0 -70.759 -105.058 164.658 -71.295 -104.691 164.869 -73.209 -108.881 166.139
3 0 -73.869 -108.706 166.133 -73.209 -108.881 166.139 -71.295 -104.691 164.869
3 0 -71.295 -104.691 164.869 -71.896 -104.370 164.825 -73.869 -108.706 166.133
3 0 -74.495 -108.615 165.877 -73.869 -108.706 166.133 -71.896 -104.370 164.825
3 0 -71.896 -104.370 164.825 -72.470 -104.142 164.534 -74.495 -108.615 165.877
3 0 -74.993 -108.622 165.410 -74.495 -108.615 165.877 -72.470 -104.142 164.534
3 0 -72.470 -104.142 164.534 -72.930 -104.043 164.039 -74.993 -108.622 165.410
3 0 -75.286 -108.727 164.802 -74.993 -108.622 165.410 -72.930 -104.043 164.039
3 0 -72.930 -104.043 164.039 -73.205 -104.087 163.415 -75.286 -108.727 164.802
3 0 -75.330 -108.913 164.147 -75.286 -108.727 164.802 -73.205 -104.087 163.415
3 0 -73.205 -104.087 163.415 -73.254 -104.268 162.759 -75.330 -108.913 164.147
3 0 -75.118 -109.152 163.543 -75.330 -108.913 164.147 -73.254 -104.268 162.759
3 0 -73.254 -104.268 162.759 -73.069 -104.559 162.169 -75.118 -109.152 163.543
3 0 -74.683 -109.407 163.084 -75.118 -109.152 163.543 -73.069 -104.559 162.169
3 0 -73.069 -104.559 162.169 -72.679 -104.914 161.736 -74.683 -109.407 163.084
3 0 -74.090 -109.641 162.838 -74.683 -109.407 163.084 -72.679 -104.914 161.736
3 0 -72.679 -104.914 161.736 -72.143 -105.280 161.525 -74.090 -109.641 162.838
3 0 -73.430 -109.816 162.843 -74.090 -109.641 162.838 -72.143 -105.280 161.525
3 0 -72.143 -105.280 161.525 -71.542 -105.602 161.569 -73.430 -109.816 162.843
3 0 -72.804 -109.907 163.099 -73.430 -109.816 162.843 -71.542 -105.602 161.569
3 0 -71.542 -105.602 161.569 -70.968 -105.829 161.860 -72.804 -109.907 163.099
3 0 -72.306 -109.900 163.567 -72.804 -109.907 163.099 -70.968 -105.829 161.860
3 0 -70.968 -105.829 161.860 -70.509 -105.929 162.356 -72.306 -109.900 163.567
3 0 -67.255 -113.349 165.053 -67.859 -113.413 165.366 -67.553 -110.885 164.533
3 0 -67.553 -110.885 164.533 -66.960 -111.118 164.287 -67.255 -113.349 165.053
3 0 -67.255 -113.349 165.053 -66.960 -111.118 164.287 -66.300 -111.294 164.292
3 0 -66.300 -111.294 164.292 -66.592 -113.201 164.986 -67.255 -113.349 165.053
3 0 -66.592 -113.201 164.986 -66.300 -111.294 164.292 -65.674 -111.385 164.548
3 0 -65.674 -111.385 164.548 -65.970 -112.991 165.174 -66.592 -113.201 164.986
3 0 -65.970 -112.991 165.174 -65.674 -111.385 164.548 -65.176 -111.377 165.016
3 0 -65.176 -111.377 165.016 -65.485 -112.751 165.589 -65.970 -112.991 165.174
3 0 -65.485 -112.751 165.589 -65.176 -111.377 165.016 -64.883 -111.273 165.623
3 0 -64.883 -111.273 165.623 -65.209 -112.517 166.169 -65.485 -112.751 165.589
3 0 -65.185 -112.325 166.824 -65.209 -112.517 166.169 -64.883 -111.273 165.623
3 0 -64.883 -111.273 165.623 -64.839 -111.087 166.279 -65.185 -112.325 166.824
3 0 -65.417 -112.205 167.454 -65.185 -112.325 166.824 -64.839 -111.087 166.279
3 0 -64.839 -111.087 166.279 -65.051 -110.848 166.882 -65.417 -112.205 167.454
3 0 -65.869 -112.174 167.965 -65.417 -112.205 167.454 -65.051 -110.848 166.882
3 0 -65.051 -110.848 166.882 -65.486 -110.592 167.342 -65.869 -112.174 167.965
3 0 -66.473 -112.238 168.278 -65.869 -112.174 167.965 -65.486 -110.592 167.342
3 0 -65.486 -110.592 167.342 -66.079 -110.359 167.588 -66.473 -112.238 168.278
3 0 -66.473 -112.238 168.278 -66.079 -110.359 167.588 -66.739 -110.183 167.582
3 0 -66.739 -110.183 167.582 -67.136 -112.386 168.345 -66.473 -112.238 168.278
3 0 -67.136 -112.386 168.345 -66.739 -110.183 167.582 -67.365 -110.092 167.326
3 0 -67.365 -110.092 167.326 -67.758 -112.596 168.157 -67.136 -112.386 168.345
3 0 -67.758 -112.596 168.157 -67.365 -110.092 167.326 -67.863 -110.099 166.859
3 0 -67.863 -110.099 166.859 -68.243 -112.836 167.742 -67.758 -112.596 168.157
3 0 -69.337 -110.626 163.804 -69.629 -114.012 164.829 -70.233 -114.075 165.142
3 0 -70.233 -114.075 165.142 -69.930 -110.392 164.050 -69.337 -110.626 163.804
3 0 -68.677 -110.801 163.809 -68.966 -113.863 164.762 -69.629 -114.012 164.829
3 0 -69.629 -114.012 164.829 -69.337 -110.626 163.804 -68.677 -110.801 163.809
3 0 -68.344 -113.653 164.950 -68.966 -113.863 164.762 -68.677 -110.801 163.809
3 0 -68.677 -110.801 163.809 -68.051 -110.892 164.065 -68.344 -113.653 164.950
3 0 -67.859 -113.413 165.366 -68.344 -113.653 164.950 -68.051 -110.892 164.065
3 0 -68.051 -110.892 164.065 -67.553 -110.885 164.533 -67.859 -113.413 165.366
3 0 -68.456 -109.866 167.105 -68.847 -112.900 168.054 -68.243 -112.836 167.742
3 0 -68.243 -112.836 167.742 -67.863 -110.099 166.859 -68.456 -109.866 167.105
3 0 -69.116 -109.691 167.099 -69.510 -113.048 168.122 -68.847 -112.900 168.054
3 0 -68.847 -112.900 168.054 -68.456 -109.866 167.105 -69.116 -109.691 167.099
3 0 -69.742 -109.600 166.843 -70.132 -113.258 167.933 -69.510 -113.048 168.122
3 0 -69.510 -113.048 168.122 -69.116 -109.691 167.099 -69.742 -109.600 166.843
3 0 -70.240 -109.607 166.376 -70.617 -113.498 167.518 -70.132 -113.258 167.933
3 0 -70.132 -113.258 167.933 -69.742 -109.600 166.843 -70.240 -109.607 166.376
3 0 -71.713 -110.133 163.321 -72.003 -114.673 164.606 -72.606 -114.737 164.919
3 0 -72.606 -114.737 164.919 -72.306 -109.900 163.567 -71.713 -110.133 163.321
3 0 -71.053 -110.309 163.326 -71.340 -114.525 164.538 -72.003 -114.673 164.606
3 0 -72.003 -114.673 164.606 -71.713 -110.133 163.321 -71.053 -110.309 163.326
3 0 -70.427 -110.400 163.582 -70.718 -114.315 164.727 -71.340 -114.525 164.538
3 0 -71.340 -114.525 164.538 -71.053 -110.309 163.326 -70.427 -110.400 163.582
3 0 -69.930 -110.392 164.050 -70.233 -114.075 165.142 -70.718 -114.315 164.727
3 0 -70.718 -114.315 164.727 -70.427 -110.400 163.582 -69.930 -110.392 164.050
3 0 -70.832 -109.374 166.622 -71.220 -113.562 167.831 -70.617 -113.498 167.518
3 0 -70.617 -113.498 167.518 -70.240 -109.607 166.376 -70.832 -109.374 166.622
3 0 -71.492 -109.198 166.616 -71.883 -113.710 167.898 -71.220 -113.562 167.831
3 0 -71.220 -113.562 167.831 -70.832 -109.374 166.622 -71.492 -109.198 166.616
3 0 -72.118 -109.107 166.360 -72.505 -113.920 167.710 -71.883 -113.710 167.898
3 0 -71.883 -113.710 167.898 -71.492 -109.198 166.616 -72.118 -109.107 166.360
3 0 -72.616 -109.115 165.893 -72.991 -114.160 167.294 -72.505 -113.920 167.710
3 0 -72.505 -113.920 167.710 -72.118 -109.107 166.360 -72.616 -109.115 165.893
3 0 -73.595 -114.224 167.607 -72.991 -114.160 167.294 -72.616 -109.115 165.893
3 0 -72.616 -109.115 165.893 -73.209 -108.881 166.139 -73.595 -114.224 167.607
3 0 -74.258 -114.372 167.675 -73.595 -114.224 167.607 -73.209 -108.881 166.139
3 0 -73.209 -108.881 166.139 -73.869 -108.706 166.133 -74.258 -114.372 167.675
3 0 -74.879 -114.582 167.486 -74.258 -114.372 167.675 -73.869 -108.706 166.133
3 0 -73.869 -108.706 166.133 -74.495 -108.615 165.877 -74.879 -114.582 167.486
3 0 -75.365 -114.822 167.071 -74.879 -114.582 167.486 -74.495 -108.615 165.877
3 0 -74.495 -108.615 165.877 -74.993 -108.622 165.410 -75.365 -114.822 167.071
3 0 -75.641 -115.056 166.492 -75.365 -114.822 167.071 -74.993 -108.622 165.410
3 0 -74.993 -108.622 165.410 -75.286 -108.727 164.802 -75.641 -115.056 166.492
3 0 -75.664 -115.248 165.837 -75.641 -115.056 166.492 -75.286 -108.727 164.802
3 0 -75.286 -108.727 164.802 -75.330 -108.913 164.147 -75.664 -115.248 165.837
3 0 -75.433 -115.368 165.206 -75.664 -115.248 165.837 -75.330 -108.913 164.147
3 0 -75.330 -108.913 164.147 -75.118 -109.152 163.543 -75.433 -115.368 165.206
3 0 -74.980 -115.399 164.695 -75.433 -115.368 165.206 -75.118 -109.152 163.543
3 0 -75.118 -109.152 163.543 -74.683 -109.407 163.084 -74.980 -115.399 164.695
3 0 -74.377 -115.336 164.382 -74.980 -115.399 164.695 -74.683 -109.407 163.084
3 0 -74.683 -109.407 163.084 -74.090 -109.641 162.838 -74.377 -115.336 164.382
3 0 -73.714 -115.187 164.315 -74.377 -115.336 164.382 -74.090 -109.641 162.838
3 0 -74.090 -109.641 162.838 -73.430 -109.816 162.843 -73.714 -115.187 164.315
3 0 -73.092 -114.977 164.503 -73.714 -115.187 164.315 -73.430 -109.816 162.843
3 0 -73.430 -109.816 162.843 -72.804 -109.907 163.099 -73.092 -114.977 164.503
3 0 -72.606 -114.737 164.919 -73.092 -114.977 164.503 -72.804 -109.907 163.099
3 0 -72.804 -109.907 163.099 -72.306 -109.900 163.567 -72.606 -114.737 164.919
3 0 -66.555 -115.260 165.980 -67.859 -113.413 165.366 -67.255 -113.349 165.053
3 0 -67.255 -113.349 165.053 -66.134 -114.879 165.602 -66.555 -115.260 165.980
3 0 -66.134 -114.879 165.602 -67.255 -113.349 165.053 -66.592 -113.201 164.986
3 0 -66.592 -113.201 164.986 -65.676 -114.391 165.465 -66.134 -114.879 165.602
3 0 -65.676 -114.391 165.465 -66.592 -113.201 164.986 -65.970 -112.991 165.174
3 0 -65.970 -112.991 165.174 -65.252 -113.871 165.591 -65.676 -114.391 165.465
3 0 -65.252 -113.871 165.591 -65.970 -112.991 165.174 -65.485 -112.751 165.589
3 0 -65.485 -112.751 165.589 -64.926 -113.397 165.960 -65.252 -113.871 165.591
3 0 -64.748 -113.043 166.516 -64.926 -113.397 165.960 -65.485 -112.751 165.589
3 0 -65.485 -112.751 165.589 -65.209 -112.517 166.169 -64.748 -113.043 166.516
3 0 -64.745 -112.862 167.174 -64.748 -113.043 166.516 -65.209 -112.517 166.169
3 0 -65.209 -112.517 166.169 -65.185 -112.325 166.824 -64.745 -112.862 167.174
3 0 -64.745 -112.862 167.174 -65.185 -112.325 166.824 -65.417 -112.205 167.454
3 0 -65.417 -112.205 167.454 -64.917 -112.881 167.835 -64.745 -112.862 167.174
3 0 -64.917 -112.881 167.835 -65.417 -112.205 167.454 -65.869 -112.174 167.965
3 0 -65.869 -112.174 167.965 -65.239 -113.098 168.397 -64.917 -112.881 167.835
3 0 -65.239 -113.098 168.397 -65.869 -112.174 167.965 -66.473 -112.238 168.278
3 0 -66.473 -112.238 168.278 -65.661 -113.479 168.775 -65.239 -113.098 168.397
3 0 -65.661 -113.479 168.775 -66.473 -112.238 168.278 -67.136 -112.386 168.345
3 0 -67.136 -112.386 168.345 -66.118 -113.967 168.911 -65.661 -113.479 168.775
3 0 -66.118 -113.967 168.911 -67.136 -112.386 168.345 -67.758 -112.596 168.157
3 0 -67.758 -112.596 168.157 -66.543 -114.487 168.785 -66.118 -113.967 168.911
3 0 -66.868 -114.961 168.416 -66.543 -114.487 168.785 -67.758 -112.596 168.157
3 0 -67.758 -112.596 168.157 -68.243 -112.836 167.742 -66.868 -114.961 168.416
3 0 -69.629 -114.012 164.829 -67.763 -116.741 165.621 -68.185 -117.123 165.999
3 0 -68.185 -117.123 165.999 -70.233 -114.075 165.142 -69.629 -114.012 164.829
3 0 -68.966 -113.863 164.762 -67.305 -116.254 165.485 -67.763 -116.741 165.621
3 0 -67.763 -116.741 165.621 -69.629 -114.012 164.829 -68.966 -113.863 164.762
3 0 -68.344 -113.653 164.950 -66.881 -115.733 165.611 -67.305 -116.254 165.485
3 0 -67.305 -116.254 165.485 -68.966 -113.863 164.762 -68.344 -113.653 164.950
3 0 -67.859 -113.413 165.366 -66.555 -115.260 165.980 -66.881 -115.733 165.611
3 0 -66.881 -115.733 165.611 -68.344 -113.653 164.950 -67.859 -113.413 165.366
3 0 -68.847 -112.900 168.054 -67.290 -115.342 168.794 -66.868 -114.961 168.416
3 0 -66.868 -114.961 168.416 -68.243 -112.836 167.742 -68.847 -112.900 168.054
3 0 -69.510 -113.048 168.122 -67.748 -115.830 168.931 -67.290 -115.342 168.794
3 0 -67.290 -115.342 168.794 -68.847 -112.900 168.054 -69.510 -113.048 168.122
3 0 -70.132 -113.258 167.933 -68.172 -116.350 168.805 -67.748 -115.830 168.931
3 0 -67.748 -115.830 168.931 -69.510 -113.048 168.122 -70.132 -113.258 167.933
3 0 -70.617 -113.498 167.518 -68.498 -116.823 168.436 -68.172 -116.350 168.805
3 0 -68.172 -116.350 168.805 -70.132 -113.258 167.933 -70.617 -113.498 167.518
3 0 -72.003 -114.673 164.606 -69.392 -118.603 165.641 -69.814 -118.985 166.019
3 0 -69.814 -118.985 166.019 -72.606 -114.737 164.919 -72.003 -114.673 164.606
3 0 -71.340 -114.525 164.538 -68.934 -118.116 165.504 -69.392 -118.603 165.641
3 0 -69.392 -118.603 165.641 -72.003 -114.673 164.606 -71.340 -114.525 164.538
3 0 -70.718 -114.315 164.727 -68.510 -117.595 165.630 -68.934 -118.116 165.504
3 0 -68.934 -118.116 165.504 -71.340 -114.525 164.538 -70.718 -114.315 164.727
3 0 -70.233 -114.075 165.142 -68.185 -117.123 165.999 -68.510 -117.595 165.630
3 0 -68.510 -117.595 165.630 -70.718 -114.315 164.727 -70.233 -114.075 165.142
3 0 -71.220 -113.562 167.831 -68.919 -117.204 168.814 -68.498 -116.823 168.436
3 0 -68.498 -116.823 168.436 -70.617 -113.498 167.518 -71.220 -113.562 167.831
3 0 -71.883 -113.710 167.898 -69.377 -117.692 168.950 -68.919 -117.204 168.814
3 0 -68.919 -117.204 168.814 -71.220 -113.562 167.831 -71.883 -113.710 167.898
3 0 -72.505 -113.920 167.710 -69.801 -118.212 168.824 -69.377 -117.692 168.950
3 0 -69.377 -117.692 168.950 -71.883 -113.710 167.898 -72.505 -113.920 167.710
3 0 -72.991 -114.160 167.294 -70.127 -118.685 168.455 -69.801 -118.212 168.824
3 0 -69.801 -118.212 168.824 -72.505 -113.920 167.710 -72.991 -114.160 167.294
3 0 -70.549 -119.067 168.833 -70.127 -118.685 168.455 -72.991 -114.160 167.294
3 0 -72.991 -114.160 167.294 -73.595 -114.224 167.607 -70.549 -119.067 168.833
3 0 -71.006 -119.555 168.970 -70.549 -119.067 168.833 -73.595 -114.224 167.607
3 0 -73.595 -114.224 167.607 -74.258 -114.372 167.675 -71.006 -119.555 168.970
3 0 -71.431 -120.075 168.844 -71.006 -119.555 168.970 -74.258 -114.372 167.675
3 0 -74.258 -114.372 167.675 -74.879 -114.582 167.486 -71.431 -120.075 168.844
3 0 -71.756 -120.548 168.475 -71.431 -120.075 168.844 -74.879 -114.582 167.486
3 0 -74.879 -114.582 167.486 -75.365 -114.822 167.071 -71.756 -120.548 168.475
3 0 -71.934 -120.902 167.919 -71.756 -120.548 168.475 -75.365 -114.822 167.071
3 0 -75.365 -114.822 167.071 -75.641 -115.056 166.492 -71.934 -120.902 167.919
3 0 -71.937 -121.084 167.261 -71.934 -120.902 167.919 -75.641 -115.056 166.492
3 0 -75.641 -115.056 166.492 -75.664 -115.248 165.837 -71.937 -121.084 167.261
3 0 -71.765 -121.064 166.600 -71.937 -121.084 167.261 -75.664 -115.248 165.837
3 0 -75.664 -115.248 165.837 -75.433 -115.368 165.206 -71.765 -121.064 166.600
3 0 -71.443 -120.848 166.038 -71.765 -121.064 166.600 -75.433 -115.368 165.206
3 0 -75.433 -115.368 165.206 -74.980 -115.399 164.695 -71.443 -120.848 166.038
3 0 -71.022 -120.466 165.660 -71.443 -120.848 166.038 -74.980 -115.399 164.695
3 0 -74.980 -115.399 164.695 -74.377 -115.336 164.382 -71.022 -120.466 165.660
3 0 -70.564 -119.978 165.524 -71.022 -120.466 165.660 -74.377 -115.336 164.382
3 0 -74.377 -115.336 164.382 -73.714 -115.187 164.315 -70.564 -119.978 165.524
3 0 -70.140 -119.458 165.650 -70.564 -119.978 165.524 -73.714 -115.187 164.315
3 0 -73.714 -115.187 164.315 -73.092 -114.977 164.503 -70.140 -119.458 165.650
3 0 -69.814 -118.985 166.019 -70.140 -119.458 165.650 -73.092 -114.977 164.503
3 0 -73.092 -114.977 164.503 -72.606 -114.737 164.919 -69.814 -118.985 166.019
3 0 -63.673 -115.908 165.955 -63.884 -116.422 166.352 -66.555 -115.260 165.980
3 0 -66.555 -115.260 165.980 -66.134 -114.879 165.602 -63.673 -115.908 165.955
3 0 -63.446 -115.283 165.799 -63.673 -115.908 165.955 -66.134 -114.879 165.602
3 0 -66.134 -114.879 165.602 -65.676 -114.391 165.465 -63.446 -115.283 165.799
3 0 -63.237 -114.642 165.908 -63.446 -115.283 165.799 -65.676 -114.391 165.465
3 0 -65.676 -114.391 165.465 -65.252 -113.871 165.591 -63.237 -114.642 165.908
3 0 -63.078 -114.083 166.266 -63.237 -114.642 165.908 -65.252 -113.871 165.591
3 0 -65.252 -113.871 165.591 -64.926 -113.397 165.960 -63.078 -114.083 166.266
3 0 -62.993 -113.691 166.819 -63.078 -114.083 166.266 -64.926 -113.397 165.960
3 0 -64.926 -113.397 165.960 -64.748 -113.043 166.516 -62.993 -113.691 166.819
3 0 -62.995 -113.525 167.481 -62.993 -113.691 166.819 -64.748 -113.043 166.516
3 0 -64.748 -113.043 166.516 -64.745 -112.862 167.174 -62.995 -113.525 167.481
3 0 -63.084 -113.611 168.153 -62.995 -113.525 167.481 -64.745 -112.862 167.174
3 0 -64.745 -112.862 167.174 -64.917 -112.881 167.835 -63.084 -113.611 168.153
3 0 -63.084 -113.611 168.153 -64.917 -112.881 167.835 -65.239 -113.098 168.397
3 0 -65.239 -113.098 168.397 -63.246 -113.935 168.731 -63.084 -113.611 168.153
3 0 -63.246 -113.935 168.731 -65.239 -113.098 168.397 -65.661 -113.479 168.775
3 0 -65.661 -113.479 168.775 -63.456 -114.449 169.129 -63.246 -113.935 168.731
3 0 -63.683 -115.074 169.284 -63.456 -114.449 169.129 -65.661 -113.479 168.775
3 0 -65.661 -113.479 168.775 -66.118 -113.967 168.911 -63.683 -115.074 169.284
3 0 -63.892 -115.715 169.175 -63.683 -115.074 169.284 -66.118 -113.967 168.911
3 0 -66.118 -113.967 168.911 -66.543 -114.487 168.785 -63.892 -115.715 169.175
3 0 -64.051 -116.274 168.817 -63.892 -115.715 169.175 -66.543 -114.487 168.785
3 0 -66.543 -114.487 168.785 -66.868 -114.961 168.416 -64.051 -116.274 168.817
3 0 -67.763 -116.741 165.621 -64.479 -118.247 166.040 -64.690 -118.760 166.438
3 0 -64.690 -118.760 166.438 -68.185 -117.123 165.999 -67.763 -116.741 165.621
3 0 -67.305 -116.254 165.485 -64.252 -117.622 165.884 -64.479 -118.247 166.040
3 0 -64.479 -118.247 166.040 -67.763 -116.741 165.621 -67.305 -116.254 165.485
3 0 -66.881 -115.733 165.611 -64.043 -116.981 165.994 -64.252 -117.622 165.884
3 0 -64.252 -117.622 165.884 -67.305 -116.254 165.485 -66.881 -115.733 165.611
3 0 -66.555 -115.260 165.980 -63.884 -116.422 166.352 -64.043 -116.981 165.994
3 0 -64.043 -116.981 165.994 -66.881 -115.733 165.611 -66.555 -115.260 165.980
3 0 -67.290 -115.342 168.794 -64.262 -116.788 169.214 -64.051 -116.274 168.817
3 0 -64.051 -116.274 168.817 -66.868 -114.961 168.416 -67.290 -115.342 168.794
3 0 -67.748 -115.830 168.931 -64.489 -117.412 169.370 -64.262 -116.788 169.214
3 0 -64.262 -116.788 169.214 -67.290 -115.342 168.794 -67.748 -115.830 168.931
3 0 -68.172 -116.350 168.805 -64.698 -118.053 169.261 -64.489 -117.412 169.370
3 0 -64.489 -117.412 169.370 -67.748 -115.830 168.931 -68.172 -116.350 168.805
3 0 -68.498 -116.823 168.436 -64.857 -118.612 168.902 -64.698 -118.053 169.261
3 0 -64.698 -118.053 169.261 -68.172 -116.350 168.805 -68.498 -116.823 168.436
3 0 -69.392 -118.603 165.641 -65.285 -120.584 166.126 -65.495 -121.098 166.523
3 0 -65.495 -121.098 166.523 -69.814 -118.985 166.019 -69.392 -118.603 165.641
3 0 -68.934 -118.116 165.504 -65.058 -119.959 165.970 -65.285 -120.584 166.126
3 0 -65.285 -120.584 166.126 -69.392 -118.603 165.641 -68.934 -118.116 165.504
3 0 -68.510 -117.595 165.630 -64.849 -119.319 166.080 -65.058 -119.959 165.970
3 0 -65.058 -119.959 165.970 -68.934 -118.116 165.504 -68.510 -117.595 165.630
3 0 -68.185 -117.123 165.999 -64.690 -118.760 166.438 -64.849 -119.319 166.080
3 0 -64.849 -119.319 166.080 -68.510 -117.595 165.630 -68.185 -117.123 165.999
3 0 -68.919 -117.204 168.814 -65.067 -119.125 169.300 -64.857 -118.612 168.902
3 0 -64.857 -118.612 168.902 -68.498 -116.823 168.436 -68.919 -117.204 168.814
3 0 -69.377 -117.692 168.950 -65.294 -119.750 169.456 -65.067 -119.125 169.300
3 0 -65.067 -119.125 169.300 -68.919 -117.204 168.814 -69.377 -117.692 168.950
3 0 -69.801 -118.212 168.824 -65.503 -120.391 169.346 -65.294 -119.750 169.456
3 0 -65.294 -119.750 169.456 -69.377 -117.692 168.950 -69.801 -118.212 168.824
3 0 -70.127 -118.685 168.455 -65.663 -120.950 168.988 -65.503 -120.391 169.346
3 0 -65.503 -120.391 169.346 -69.801 -118.212 168.824 -70.127 -118.685 168.455
3 0 -65.873 -121.464 169.386 -65.663 -120.950 168.988 -70.127 -118.685 168.455
3 0 -70.127 -118.685 168.455 -70.549 -119.067 168.833 -65.873 -121.464 169.386
3 0 -66.100 -122.089 169.541 -65.873 -121.464 169.386 -70.549 -119.067 168.833
3 0 -70.549 -119.067 168.833 -71.006 -119.555 168.970 -66.100 -122.089 169.541
3 0 -66.309 -122.729 169.432 -66.100 -122.089 169.541 -71.006 -119.555 168.970
3 0 -71.006 -119.555 168.970 -71.431 -120.075 168.844 -66.309 -122.729 169.432
3 0 -66.468 -123.288 169.074 -66.309 -122.729 169.432 -71.431 -120.075 168.844
3 0 -71.431 -120.075 168.844 -71.756 -120.548 168.475 -66.468 -123.288 169.074
3 0 -66.554 -123.681 168.521 -66.468 -123.288 169.074 -71.756 -120.548 168.475
3 0 -71.756 -120.548 168.475 -71.934 -120.902 167.919 -66.554 -123.681 168.521
3 0 -66.552 -123.847 167.859 -66.554 -123.681 168.521 -71.934 -120.902 167.919
3 0 -71.934 -120.902 167.919 -71.937 -121.084 167.261 -66.552 -123.847 167.859
3 0 -66.463 -123.761 167.188 -66.552 -123.847 167.859 -71.937 -121.084 167.261
3 0 -71.937 -121.084 167.261 -71.765 -121.064 166.600 -66.463 -123.761 167.188
3 0 -66.301 -123.436 166.609 -66.463 -123.761 167.188 -71.765 -121.064 166.600
3 0 -71.765 -121.064 166.600 -71.443 -120.848 166.038 -66.301 -123.436 166.609
3 0 -66.090 -122.923 166.212 -66.301 -123.436 166.609 -71.443 -120.848 166.038
3 0 -71.443 -120.848 166.038 -71.022 -120.466 165.660 -66.090 -122.923 166.212
3 0 -65.863 -122.298 166.056 -66.090 -122.923 166.212 -71.022 -120.466 165.660
3 0 -71.022 -120.466 165.660 -70.564 -119.978 165.524 -65.863 -122.298 166.056
3 0 -65.654 -121.657 166.165 -65.863 -122.298 166.056 -70.564 -119.978 165.524
3 0 -70.564 -119.978 165.524 -70.140 -119.458 165.650 -65.654 -121.657 166.165
3 0 -65.495 -121.098 166.523 -65.654 -121.657 166.165 -70.140 -119.458 165.650
3 0 -70.140 -119.458 165.650 -69.814 -118.985 166.019 -65.495 -121.098 166.523
3 0 -60.347 -116.572 166.178 -60.446 -117.120 166.574 -63.884 -116.422 166.352
3 0 -63.884 -116.422 166.352 -63.673 -115.908 165.955 -60.347 -116.572 166.178
3 0 -60.241 -115.915 166.025 -60.347 -116.572 166.178 -63.673 -115.908 165.955
3 0 -63.673 -115.908 165.955 -63.446 -115.283 165.799 -60.241 -115.915 166.025
3 0 -60.143 -115.249 166.139 -60.241 -115.915 166.025 -63.446 -115.283 165.799
3 0 -63.446 -115.283 165.799 -63.237 -114.642 165.908 -60.143 -115.249 166.139
3 0 -60.069 -114.675 166.501 -60.143 -115.249 166.139 -63.237 -114.642 165.908
3 0 -63.237 -114.642 165.908 -63.078 -114.083 166.266 -60.069 -114.675 166.501
3 0 -60.029 -114.280 167.057 -60.069 -114.675 166.501 -63.078 -114.083 166.266
3 0 -63.078 -114.083 166.266 -62.993 -113.691 166.819 -60.029 -114.280 167.057
3 0 -60.031 -114.126 167.722 -60.029 -114.280 167.057 -62.993 -113.691 166.819
3 0 -62.993 -113.691 166.819 -62.995 -113.525 167.481 -60.031 -114.126 167.722
3 0 -60.074 -114.234 168.395 -60.031 -114.126 167.722 -62.995 -113.525 167.481
3 0 -62.995 -113.525 167.481 -63.084 -113.611 168.153 -60.074 -114.234 168.395
3 0 -60.150 -114.589 168.973 -60.074 -114.234 168.395 -63.084 -113.611 168.153
3 0 -63.084 -113.611 168.153 -63.246 -113.935 168.731 -60.150 -114.589 168.973
3 0 -60.249 -115.136 169.369 -60.150 -114.589 168.973 -63.246 -113.935 168.731
3 0 -63.246 -113.935 168.731 -63.456 -114.449 169.129 -60.249 -115.136 169.369
3 0 -60.356 -115.793 169.521 -60.249 -115.136 169.369 -63.456 -114.449 169.129
3 0 -63.456 -114.449 169.129 -63.683 -115.074 169.284 -60.356 -115.793 169.521
3 0 -60.454 -116.460 169.408 -60.356 -115.793 169.521 -63.683 -115.074 169.284
3 0 -63.683 -115.074 169.284 -63.892 -115.715 169.175 -60.454 -116.460 169.408
3 0 -60.528 -117.034 169.046 -60.454 -116.460 169.408 -63.892 -115.715 169.175
3 0 -63.892 -115.715 169.175 -64.051 -116.274 168.817 -60.528 -117.034 169.046
3 0 -64.479 -118.247 166.040 -60.725 -119.017 166.251 -60.824 -119.565 166.646
3 0 -60.824 -119.565 166.646 -64.690 -118.760 166.438 -64.479 -118.247 166.040
3 0 -64.252 -117.622 165.884 -60.619 -118.360 166.098 -60.725 -119.017 166.251
3 0 -60.725 -119.017 166.251 -64.479 -118.247 166.040 -64.252 -117.622 165.884
3 0 -64.043 -116.981 165.994 -60.521 -117.694 166.211 -60.619 -118.360 166.098
3 0 -60.619 -118.360 166.098 -64.252 -117.622 165.884 -64.043 -116.981 165.994
3 0 -63.884 -116.422 166.352 -60.446 -117.120 166.574 -60.521 -117.694 166.211
3 0 -60.521 -117.694 166.211 -64.043 -116.981 165.994 -63.884 -116.422 166.352
3 0 -64.262 -116.788 169.214 -60.627 -117.581 169.441 -60.528 -117.034 169.046
3 0 -60.528 -117.034 169.046 -64.051 -116.274 168.817 -64.262 -116.788 169.214
3 0 -64.489 -117.412 169.370 -60.734 -118.238 169.594 -60.627 -117.581 169.441
3 0 -60.627 -117.581 169.441 -64.262 -116.788 169.214 -64.489 -117.412 169.370
3 0 -64.698 -118.053 169.261 -60.832 -118.904 169.481 -60.734 -118.238 169.594
3 0 -60.734 -118.238 169.594 -64.489 -117.412 169.370 -64.698 -118.053 169.261
3 0 -64.857 -118.612 168.902 -60.906 -119.478 169.118 -60.832 -118.904 169.481
3 0 -60.832 -118.904 169.481 -64.698 -118.053 169.261 -64.857 -118.612 168.902
3 0 -65.285 -120.584 166.126 -61.103 -121.461 166.323 -61.202 -122.009 166.719
3 0 -61.202 -122.009 166.719 -65.495 -121.098 166.523 -65.285 -120.584 166.126
3 0 -65.058 -119.959 165.970 -60.996 -120.804 166.171 -61.103 -121.461 166.323
3 0 -61.103 -121.461 166.323 -65.285 -120.584 166.126 -65.058 -119.959 165.970
3 0 -64.849 -119.319 166.080 -60.898 -120.138 166.284 -60.996 -120.804 166.171
3 0 -60.996 -120.804 166.171 -65.058 -119.959 165.970 -64.849 -119.319 166.080
3 0 -64.690 -118.760 166.438 -60.824 -119.565 166.646 -60.898 -120.138 166.284
3 0 -60.898 -120.138 166.284 -64.849 -119.319 166.080 -64.690 -118.760 166.438
3 0 -65.067 -119.125 169.300 -61.005 -120.025 169.514 -60.906 -119.478 169.118
3 0 -60.906 -119.478 169.118 -64.857 -118.612 168.902 -65.067 -119.125 169.300
3 0 -65.294 -119.750 169.456 -61.112 -120.682 169.667 -61.005 -120.025 169.514
3 0 -61.005 -120.025 169.514 -65.067 -119.125 169.300 -65.294 -119.750 169.456
3 0 -65.503 -120.391 169.346 -61.210 -121.348 169.553 -61.112 -120.682 169.667
3 0 -61.112 -120.682 169.667 -65.294 -119.750 169.456 -65.503 -120.391 169.346
3 0 -65.663 -120.950 168.988 -61.284 -121.922 169.191 -61.210 -121.348 169.553
3 0 -61.210 -121.348 169.553 -65.503 -120.391 169.346 -65.663 -120.950 168.988
3 0 -61.383 -122.470 169.587 -61.284 -121.922 169.191 -65.663 -120.950 168.988
3 0 -65.663 -120.950 168.988 -65.873 -121.464 169.386 -61.383 -122.470 169.587
3 0 -61.490 -123.127 169.739 -61.383 -122.470 169.587 -65.873 -121.464 169.386
3 0 -65.873 -121.464 169.386 -66.100 -122.089 169.541 -61.490 -123.127 169.739
3 0 -61.588 -123.793 169.626 -61.490 -123.127 169.739 -66.100 -122.089 169.541
3 0 -66.100 -122.089 169.541 -66.309 -122.729 169.432 -61.588 -123.793 169.626
3 0 -61.662 -124.367 169.264 -61.588 -123.793 169.626 -66.309 -122.729 169.432
3 0 -66.309 -122.729 169.432 -66.468 -123.288 169.074 -61.662 -124.367 169.264
3 0 -61.701 -124.762 168.708 -61.662 -124.367 169.264 -66.468 -123.288 169.074
3 0 -66.468 -123.288 169.074 -66.554 -123.681 168.521 -61.701 -124.762 168.708
3 0 -61.699 -124.917 168.043 -61.701 -124.762 168.708 -66.554 -123.681 168.521
3 0 -66.554 -123.681 168.521 -66.552 -123.847 167.859 -61.699 -124.917 168.043
3 0 -61.657 -124.808 167.370 -61.699 -124.917 168.043 -66.552 -123.847 167.859
3 0 -66.552 -123.847 167.859 -66.463 -123.761 167.188 -61.657 -124.808 167.370
3 0 -61.580 -124.453 166.792 -61.657 -124.808 167.370 -66.463 -123.761 167.188
3 0 -66.463 -123.761 167.188 -66.301 -123.436 166.609 -61.580 -124.453 166.792
3 0 -61.481 -123.906 166.396 -61.580 -124.453 166.792 -66.301 -123.436 166.609
3 0 -66.301 -123.436 166.609 -66.090 -122.923 166.212 -61.481 -123.906 166.396
3 0 -61.374 -123.249 166.244 -61.481 -123.906 166.396 -66.090 -122.923 166.212
3 0 -66.090 -122.923 166.212 -65.863 -122.298 166.056 -61.374 -123.249 166.244
3 0 -61.276 -122.583 166.357 -61.374 -123.249 166.244 -65.863 -122.298 166.056
3 0 -65.863 -122.298 166.056 -65.654 -121.657 166.165 -61.276 -122.583 166.357
3 0 -61.202 -122.009 166.719 -61.276 -122.583 166.357 -65.654 -121.657 166.165
3 0 -65.654 -121.657 166.165 -65.495 -121.098 166.523 -61.202 -122.009 166.719
3 0 -56.672 -116.891 166.303 -56.712 -117.451 166.693 -60.446 -117.120 166.574
3 0 -60.446 -117.120 166.574 -60.347 -116.572 166.178 -56.672 -116.891 166.303
3 0 -56.630 -116.226 166.158 -56.672 -116.891 166.303 -60.347 -116.572 166.178
3 0 -60.347 -116.572 166.178 -60.241 -115.915 166.025 -56.630 -116.226 166.158
3 0 -56.591 -115.555 166.279 -56.630 -116.226 166.158 -60.241 -115.915 166.025
3 0 -60.241 -115.915 166.025 -60.143 -115.249 166.139 -56.591 -115.555 166.279
3 0 -56.562 -114.981 166.648 -56.591 -115.555 166.279 -60.143 -115.249 166.139
3 0 -60.143 -115.249 166.139 -60.069 -114.675 166.501 -56.562 -114.981 166.648
3 0 -56.547 -114.591 167.208 -56.562 -114.981 166.648 -60.069 -114.675 166.501
3 0 -60.069 -114.675 166.501 -60.029 -114.280 167.057 -56.547 -114.591 167.208
3 0 -56.548 -114.446 167.875 -56.547 -114.591 167.208 -60.029 -114.280 167.057
3 0 -60.029 -114.280 167.057 -60.031 -114.126 167.722 -56.548 -114.446 167.875
3 0 -56.565 -114.566 168.547 -56.548 -114.446 167.875 -60.031 -114.126 167.722
3 0 -60.031 -114.126 167.722 -60.074 -114.234 168.395 -56.565 -114.566 168.547
3 0 -56.596 -114.934 169.122 -56.565 -114.566 168.547 -60.074 -114.234 168.395
3 0 -60.074 -114.234 168.395 -60.150 -114.589 168.973 -56.596 -114.934 169.122
3 0 -56.635 -115.493 169.511 -56.596 -114.934 169.122 -60.150 -114.589 168.973
3 0 -60.150 -114.589 168.973 -60.249 -115.136 169.369 -56.635 -115.493 169.511
3 0 -56.678 -116.159 169.657 -56.635 -115.493 169.511 -60.249 -115.136 169.369
3 0 -60.249 -115.136 169.369 -60.356 -115.793 169.521 -56.678 -116.159 169.657
3 0 -56.716 -116.830 169.536 -56.678 -116.159 169.657 -60.356 -115.793 169.521
3 0 -60.356 -115.793 169.521 -60.454 -116.460 169.408 -56.716 -116.830 169.536
3 0 -56.746 -117.403 169.167 -56.716 -116.830 169.536 -60.454 -116.460 169.408
3 0 -60.454 -116.460 169.408 -60.528 -117.034 169.046 -56.746 -117.403 169.167
3 0 -60.725 -119.017 166.251 -56.822 -119.361 166.348 -56.862 -119.921 166.738
3 0 -56.862 -119.921 166.738 -60.824 -119.565 166.646 -60.725 -119.017 166.251
3 0 -60.619 -118.360 166.098 -56.780 -118.696 166.203 -56.822 -119.361 166.348
3 0 -56.822 -119.361 166.348 -60.725 -119.017 166.251 -60.619 -118.360 166.098
3 0 -60.521 -117.694 166.211 -56.741 -118.025 166.324 -56.780 -118.696 166.203
3 0 -56.780 -118.696 166.203 -60.619 -118.360 166.098 -60.521 -117.694 166.211
3 0 -60.446 -117.120 166.574 -56.712 -117.451 166.693 -56.741 -118.025 166.324
3 0 -56.741 -118.025 166.324 -60.521 -117.694 166.211 -60.446 -117.120 166.574
3 0 -60.627 -117.581 169.441 -56.785 -117.963 169.557 -56.746 -117.403 169.167
3 0 -56.746 -117.403 169.167 -60.528 -117.034 169.046 -60.627 -117.581 169.441
3 0 -60.734 -118.238 169.594 -56.827 -118.629 169.702 -56.785 -117.963 169.557
3 0 -56.785 -117.963 169.557 -60.627 -117.581 169.441 -60.734 -118.238 169.594
3 0 -60.832 -118.904 169.481 -56.866 -119.300 169.581 -56.827 -118.629 169.702
3 0 -56.827 -118.629 169.702 -60.734 -118.238 169.594 -60.832 -118.904 169.481
3 0 -60.906 -119.478 169.118 -56.895 -119.873 169.212 -56.866 -119.300 169.581
3 0 -56.866 -119.300 169.581 -60.832 -118.904 169.481 -60.906 -119.478 169.118
3 0 -61.103 -121.461 166.323 -56.972 -121.830 166.393 -57.012 -122.390 166.783
3 0 -57.012 -122.390 166.783 -61.202 -122.009 166.719 -61.103 -121.461 166.323
3 0 -60.996 -120.804 166.171 -56.930 -121.165 166.248 -56.972 -121.830 166.393
3 0 -56.972 -121.830 166.393 -61.103 -121.461 166.323 -60.996 -120.804 166.171
3 0 -60.898 -120.138 166.284 -56.891 -120.494 166.369 -56.930 -121.165 166.248
3 0 -56.930 -121.165 166.248 -60.996 -120.804 166.171 -60.898 -120.138 166.284
3 0 -60.824 -119.565 166.646 -56.862 -119.921 166.738 -56.891 -120.494 166.369
3 0 -56.891 -120.494 166.369 -60.898 -120.138 166.284 -60.824 -119.565 166.646
3 0 -61.005 -120.025 169.514 -56.935 -120.432 169.602 -56.895 -119.873 169.212
3 0 -56.895 -119.873 169.212 -60.906 -119.478 169.118 -61.005 -120.025 169.514
3 0 -61.112 -120.682 169.667 -56.977 -121.098 169.747 -56.935 -120.432 169.602
3 0 -56.935 -120.432 169.602 -61.005 -120.025 169.514 -61.112 -120.682 169.667
3 0 -61.210 -121.348 169.553 -57.016 -121.769 169.626 -56.977 -121.098 169.747
3 0 -56.977 -121.098 169.747 -61.112 -120.682 169.667 -61.210 -121.348 169.553
3 0 -61.284 -121.922 169.191 -57.045 -122.343 169.257 -57.016 -121.769 169.626
3 0 -57.016 -121.769 169.626 -61.210 -121.348 169.553 -61.284 -121.922 169.191
3 0 -57.085 -122.902 169.647 -57.045 -122.343 169.257 -61.284 -121.922 169.191
3 0 -61.284 -121.922 169.191 -61.383 -122.470 169.587 -57.085 -122.902 169.647
3 0 -57.127 -123.568 169.792 -57.085 -122.902 169.647 -61.383 -122.470 169.587
3 0 -61.383 -122.470 169.587 -61.490 -123.127 169.739 -57.127 -123.568 169.792
3 0 -57.166 -124.239 169.671 -57.127 -123.568 169.792 -61.490 -123.127 169.739
3 0 -61.490 -123.127 169.739 -61.588 -123.793 169.626 -57.166 -124.239 169.671
3 0 -57.195 -124.813 169.302 -57.166 -124.239 169.671 -61.588 -123.793 169.626
3 0 -61.588 -123.793 169.626 -61.662 -124.367 169.264 -57.195 -124.813 169.302
3 0 -57.210 -125.202 168.742 -57.195 -124.813 169.302 -61.662 -124.367 169.264
3 0 -61.662 -124.367 169.264 -61.701 -124.762 168.708 -57.210 -125.202 168.742
3 0 -57.209 -125.348 168.075 -57.210 -125.202 168.742 -61.701 -124.762 168.708
3 0 -61.701 -124.762 168.708 -61.699 -124.917 168.043 -57.209 -125.348 168.075
3 0 -57.192 -125.228 167.403 -57.209 -125.348 168.075 -61.699 -124.917 168.043
3 0 -61.699 -124.917 168.043 -61.657 -124.808 167.370 -57.192 -125.228 167.403
3 0 -57.161 -124.860 166.828 -57.192 -125.228 167.403 -61.657 -124.808 167.370
3 0 -61.657 -124.808 167.370 -61.580 -124.453 166.792 -57.161 -124.860 166.828
3 0 -57.122 -124.300 166.439 -57.161 -124.860 166.828 -61.580 -124.453 166.792
3 0 -61.580 -124.453 166.792 -61.481 -123.906 166.396 -57.122 -124.300 166.439
3 0 -57.079 -123.635 166.293 -57.122 -124.300 166.439 -61.481 -123.906 166.396
3 0 -61.481 -123.906 166.396 -61.374 -123.249 166.244 -57.079 -123.635 166.293
3 0 -57.041 -122.964 166.414 -57.079 -123.635 166.293 -61.374 -123.249 166.244
3 0 -61.374 -123.249 166.244 -61.276 -122.583 166.357 -57.041 -122.964 166.414
3 0 -57.012 -122.390 166.783 -57.041 -122.964 166.414 -61.276 -122.583 166.357
3 0 -61.276 -122.583 166.357 -61.202 -122.009 166.719 -57.012 -122.390 166.783
3 0 -53.000 -116.958 166.383 -53.000 -117.525 166.763 -56.712 -117.451 166.693
3 0 -56.712 -117.451 166.693 -56.672 -116.891 166.303 -53.000 -116.958 166.383
3 0 -53.000 -116.288 166.250 -53.000 -116.958 166.383 -56.672 -116.891 166.303
3 0 -56.672 -116.891 166.303 -56.630 -116.226 166.158 -53.000 -116.288 166.250
3 0 -53.000 -115.618 166.383 -53.000 -116.288 166.250 -56.630 -116.226 166.158
3 0 -56.630 -116.226 166.158 -56.591 -115.555 166.279 -53.000 -115.618 166.383
3 0 -53.000 -115.051 166.763 -53.000 -115.618 166.383 -56.591 -115.555 166.279
3 0 -56.591 -115.555 166.279 -56.562 -114.981 166.648 -53.000 -115.051 166.763
3 0 -53.000 -114.671 167.330 -53.000 -115.051 166.763 -56.562 -114.981 166.648
3 0 -56.562 -114.981 166.648 -56.547 -114.591 167.208 -53.000 -114.671 167.330
3 0 -53.000 -114.538 168.000 -53.000 -114.671 167.330 -56.547 -114.591 167.208
3 0 -56.547 -114.591 167.208 -56.548 -114.446 167.875 -53.000 -114.538 168.000
3 0 -53.000 -114.671 168.670 -53.000 -114.538 168.000 -56.548 -114.446 167.875
3 0 -56.548 -114.446 167.875 -56.565 -114.566 168.547 -53.000 -114.671 168.670
3 0 -53.000 -115.051 169.237 -53.000 -114.671 168.670 -56.565 -114.566 168.547
3 0 -56.565 -114.566 168.547 -56.596 -114.934 169.122 -53.000 -115.051 169.237
3 0 -53.000 -115.618 169.617 -53.000 -115.051 169.237 -56.596 -114.934 169.122
3 0 -56.596 -114.934 169.122 -56.635 -115.493 169.511 -53.000 -115.618 169.617
3 0 -53.000 -116.288 169.750 -53.000 -115.618 169.617 -56.635 -115.493 169.511
3 0 -56.635 -115.493 169.511 -56.678 -116.159 169.657 -53.000 -116.288 169.750
3 0 -53.000 -116.958 169.617 -53.000 -116.288 169.750 -56.678 -116.159 169.657
3 0 -56.678 -116.159 169.657 -56.716 -116.830 169.536 -53.000 -116.958 169.617
3 0 -53.000 -117.525 169.237 -53.000 -116.958 169.617 -56.716 -116.830 169.536
3 0 -56.716 -116.830 169.536 -56.746 -117.403 169.167 -53.000 -117.525 169.237
3 0 -56.822 -119.361 166.348 -53.000 -119.433 166.383 -53.000 -120.000 166.763
3 0 -53.000 -120.000 166.763 -56.862 -119.921 166.738 -56.822 -119.361 166.348
3 0 -56.780 -118.696 166.203 -53.000 -118.763 166.250 -53.000 -119.433 166.383
3 0 -53.000 -119.433 166.383 -56.822 -119.361 166.348 -56.780 -118.696 166.203
3 0 -56.741 -118.025 166.324 -53.000 -118.093 166.383 -53.000 -118.763 166.250
3 0 -53.000 -118.763 166.250 -56.780 -118.696 166.203 -56.741 -118.025 166.324
3 0 -56.712 -117.451 166.693 -53.000 -117.525 166.763 -53.000 -118.093 166.383
3 0 -53.000 -118.093 166.383 -56.741 -118.025 166.324 -56.712 -117.451 166.693
3 0 -56.785 -117.963 169.557 -53.000 -118.093 169.617 -53.000 -117.525 169.237
3 0 -53.000 -117.525 169.237 -56.746 -117.403 169.167 -56.785 -117.963 169.557
3 0 -56.827 -118.629 169.702 -53.000 -118.763 169.750 -53.000 -118.093 169.617
3 0 -53.000 -118.093 169.617 -56.785 -117.963 169.557 -56.827 -118.629 169.702
3 0 -56.866 -119.300 169.581 -53.000 -119.433 169.617 -53.000 -118.763 169.750
3 0 -53.000 -118.763 169.750 -56.827 -118.629 169.702 -56.866 -119.300 169.581
3 0 -56.895 -119.873 169.212 -53.000 -120.000 169.237 -53.000 -119.433 169.617
3 0 -53.000 -119.433 169.617 -56.866 -119.300 169.581 -56.895 -119.873 169.212
3 0 -56.972 -121.830 166.393 -53.000 -121.907 166.383 -53.000 -122.474 166.763
3 0 -53.000 -122.474 166.763 -57.012 -122.390 166.783 -56.972 -121.830 166.393
3 0 -56.930 -121.165 166.248 -53.000 -121.237 166.250 -53.000 -121.907 166.383
3 0 -53.000 -121.907 166.383 -56.972 -121.830 166.393 -56.930 -121.165 166.248
3 0 -56.891 -120.494 166.369 -53.000 -120.567 166.383 -53.000 -121.237 166.250
3 0 -53.000 -121.237 166.250 -56.930 -121.165 166.248 -56.891 -120.494 166.369
3 0 -56.862 -119.921 166.738 -53.000 -120.000 166.763 -53.000 -120.567 166.383
3 0 -53.000 -120.567 166.383 -56.891 -120.494 166.369 -56.862 -119.921 166.738
3 0 -56.935 -120.432 169.602 -53.000 -120.567 169.617 -53.000 -120.000 169.237
3 0 -53.000 -120.000 169.237 -56.895 -119.873 169.212 -56.935 -120.432 169.602
3 0 -56.977 -121.098 169.747 -53.000 -121.237 169.750 -53.000 -120.567 169.617
3 0 -53.000 -120.567 169.617 -56.935 -120.432 169.602 -56.977 -121.098 169.747
3 0 -57.016 -121.769 169.626 -53.000 -121.907 169.617 -53.000 -121.237 169.750
3 0 -53.000 -121.237 169.750 -56.977 -121.098 169.747 -57.016 -121.769 169.626
3 0 -57.045 -122.343 169.257 -53.000 -122.474 169.237 -53.000 -121.907 169.617
3 0 -53.000 -121.907 169.617 -57.016 -121.769 169.626 -57.045 -122.343 169.257
3 0 -53.000 -123.042 169.617 -53.000 -122.474 169.237 -57.045 -122.343 169.257
3 0 -57.045 -122.343 169.257 -57.085 -122.902 169.647 -53.000 -123.042 169.617
3 0 -53.000 -123.712 169.750 -53.000 -123.042 169.617 -57.085 -122.902 169.647
3 0 -57.085 -122.902 169.647 -57.127 -123.568 169.792 -53.000 -123.712 169.750
3 0 -53.000 -124.382 169.617 -53.000 -123.712 169.750 -57.127 -123.568 169.792
3 0 -57.127 -123.568 169.792 -57.166 -124.239 169.671 -53.000 -124.382 169.617
3 0 -53.000 -124.949 169.237 -53.000 -124.382 169.617 -57.166 -124.239 169.671
3 0 -57.166 -124.239 169.671 -57.195 -124.813 169.302 -53.000 -124.949 169.237
3 0 -53.000 -125.329 168.670 -53.000 -124.949 169.237 -57.195 -124.813 169.302
3 0 -57.195 -124.813 169.302 -57.210 -125.202 168.742 -53.000 -125.329 168.670
3 0 -53.000 -125.462 168.000 -53.000 -125.329 168.670 -57.210 -125.202 168.742
3 0 -57.210 -125.202 168.742 -57.209 -125.348 168.075 -53.000 -125.462 168.000
3 0 -53.000 -125.329 167.330 -53.000 -125.462 168.000 -57.209 -125.348 168.075
3 0 -57.209 -125.348 168.075 -57.192 -125.228 167.403 -53.000 -125.329 167.330
3 0 -53.000 -124.949 166.763 -53.000 -125.329 167.330 -57.192 -125.228 167.403
3 0 -57.192 -125.228 167.403 -57.161 -124.860 166.828 -53.000 -124.949 166.763
3 0 -53.000 -124.382 166.383 -53.000 -124.949 166.763 -57.161 -124.860 166.828
3 0 -57.161 -124.860 166.828 -57.122 -124.300 166.439 -53.000 -124.382 166.383
3 0 -53.000 -123.712 166.250 -53.000 -124.382 166.383 -57.122 -124.300 166.439
3 0 -57.122 -124.300 166.439 -57.079 -123.635 166.293 -53.000 -123.712 166.250
3 0 -53.000 -123.042 166.383 -53.000 -123.712 166.250 -57.079 -123.635 166.293
3 0 -57.079 -123.635 166.293 -57.041 -122.964 166.414 -53.000 -123.042 166.383
3 0 -53.000 -122.474 166.763 -53.000 -123.042 166.383 -57.041 -122.964 166.414
3 0 -57.041 -122.964 166.414 -57.012 -122.390 166.783 -53.000 -122.474 166.763
