0 FILE dx0055.dat
0 dx0055
0 Name:  Untitled_8
0 Author:  
0 BL_Item_No dx0055.dat
0 BFC CERTIFY CCW
1 71 0.0000 0.0000 0.0000 1.0000 0.0000 0.0000 0.0000 1.0000 0.0000 0.0000 0.0000 1.0000 58120.dat
1 72 0.0000 180.0000 -80.0000 1.0000 0.0000 0.0000 0.0000 0.0000 -1.0000 0.0000 1.0000 0.0000 58124c01.dat
3 0 3.226 -26.762 119.321 2.665 -26.558 119.653 2.475 -23.918 117.127
3 0 2.475 -23.918 117.127 3.042 -24.186 116.859 3.226 -26.762 119.321
3 0 3.889 -26.791 119.161 3.226 -26.762 119.321 3.042 -24.186 116.859
3 0 3.042 -24.186 116.859 3.712 -24.280 116.765 3.889 -26.791 119.161
3 0 4.554 -26.640 119.199 3.889 -26.791 119.161 3.712 -24.280 116.765
3 0 3.712 -24.280 116.765 4.382 -24.186 116.859 4.554 -26.640 119.199
3 0 5.119 -26.333 119.428 4.554 -26.640 119.199 4.382 -24.186 116.859
3 0 4.382 -24.186 116.859 4.949 -23.918 117.127 5.119 -26.333 119.428
3 0 5.499 -25.916 119.813 5.119 -26.333 119.428 4.949 -23.918 117.127
3 0 4.949 -23.918 117.127 5.329 -23.516 117.528 5.499 -25.916 119.813
3 0 5.636 -25.454 120.296 5.499 -25.916 119.813 5.329 -23.516 117.528
3 0 5.329 -23.516 117.528 5.462 -23.043 118.002 5.636 -25.454 120.296
3 0 5.508 -25.015 120.803 5.636 -25.454 120.296 5.462 -23.043 118.002
3 0 5.462 -23.043 118.002 5.329 -22.570 118.476 5.508 -25.015 120.803
3 0 5.135 -24.667 121.257 5.508 -25.015 120.803 5.329 -22.570 118.476
3 0 5.329 -22.570 118.476 4.949 -22.168 118.877 5.135 -24.667 121.257
3 0 4.574 -24.463 121.590 5.135 -24.667 121.257 4.949 -22.168 118.877
3 0 4.949 -22.168 118.877 4.382 -21.900 119.145 4.574 -24.463 121.590
3 0 3.911 -24.434 121.749 4.574 -24.463 121.590 4.382 -21.900 119.145
3 0 4.382 -21.900 119.145 3.712 -21.806 119.240 3.911 -24.434 121.749
3 0 3.246 -24.585 121.712 3.911 -24.434 121.749 3.712 -21.806 119.240
3 0 3.712 -21.806 119.240 3.042 -21.900 119.145 3.246 -24.585 121.712
3 0 2.681 -24.892 121.483 3.246 -24.585 121.712 3.042 -21.900 119.145
3 0 3.042 -21.900 119.145 2.475 -22.168 118.877 2.681 -24.892 121.483
3 0 0.567 -24.186 116.859 0.771 -26.986 119.546 0.211 -26.783 119.879
3 0 0.211 -26.783 119.879 0.000 -23.918 117.127 0.567 -24.186 116.859
3 0 1.237 -24.280 116.765 1.435 -27.015 119.387 0.771 -26.986 119.546
3 0 0.771 -26.986 119.546 0.567 -24.186 116.859 1.237 -24.280 116.765
3 0 1.907 -24.186 116.859 2.100 -26.865 119.424 1.435 -27.015 119.387
3 0 1.435 -27.015 119.387 1.237 -24.280 116.765 1.907 -24.186 116.859
3 0 2.475 -23.918 117.127 2.665 -26.558 119.653 2.100 -26.865 119.424
3 0 2.100 -26.865 119.424 1.907 -24.186 116.859 2.475 -23.918 117.127
3 0 1.907 -21.900 119.145 2.120 -24.688 121.815 2.681 -24.892 121.483
3 0 2.681 -24.892 121.483 2.475 -22.168 118.877 1.907 -21.900 119.145
3 0 1.237 -21.806 119.240 1.457 -24.659 121.975 2.120 -24.688 121.815
3 0 2.120 -24.688 121.815 1.907 -21.900 119.145 1.237 -21.806 119.240
3 0 0.567 -21.900 119.145 0.792 -24.810 121.937 1.457 -24.659 121.975
3 0 1.457 -24.659 121.975 1.237 -21.806 119.240 0.567 -21.900 119.145
3 0 0.000 -22.168 118.877 0.226 -25.117 121.708 0.792 -24.810 121.937
3 0 0.792 -24.810 121.937 0.567 -21.900 119.145 0.000 -22.168 118.877
3 0 -1.907 -24.186 116.859 -1.682 -27.211 119.772 -2.243 -27.007 120.104
3 0 -2.243 -27.007 120.104 -2.474 -23.918 117.127 -1.907 -24.186 116.859
3 0 -1.237 -24.280 116.765 -1.019 -27.240 119.612 -1.682 -27.211 119.772
3 0 -1.682 -27.211 119.772 -1.907 -24.186 116.859 -1.237 -24.280 116.765
3 0 -0.567 -24.186 116.859 -0.354 -27.090 119.650 -1.019 -27.240 119.612
3 0 -1.019 -27.240 119.612 -1.237 -24.280 116.765 -0.567 -24.186 116.859
3 0 0.000 -23.918 117.127 0.211 -26.783 119.879 -0.354 -27.090 119.650
3 0 -0.354 -27.090 119.650 -0.567 -24.186 116.859 0.000 -23.918 117.127
3 0 -0.567 -21.900 119.145 -0.334 -24.913 122.041 0.226 -25.117 121.708
3 0 0.226 -25.117 121.708 0.000 -22.168 118.877 -0.567 -21.900 119.145
3 0 -1.237 -21.806 119.240 -0.997 -24.884 122.200 -0.334 -24.913 122.041
3 0 -0.334 -24.913 122.041 -0.567 -21.900 119.145 -1.237 -21.806 119.240
3 0 -1.907 -21.900 119.145 -1.662 -25.034 122.163 -0.997 -24.884 122.200
3 0 -0.997 -24.884 122.200 -1.237 -21.806 119.240 -1.907 -21.900 119.145
3 0 -2.474 -22.168 118.877 -2.227 -25.341 121.934 -1.662 -25.034 122.163
3 0 -1.662 -25.034 122.163 -1.907 -21.900 119.145 -2.474 -22.168 118.877
3 0 -2.788 -25.137 122.266 -2.227 -25.341 121.934 -2.474 -22.168 118.877
3 0 -2.474 -22.168 118.877 -3.042 -21.900 119.145 -2.788 -25.137 122.266
3 0 -3.451 -25.109 122.426 -2.788 -25.137 122.266 -3.042 -21.900 119.145
3 0 -3.042 -21.900 119.145 -3.712 -21.806 119.240 -3.451 -25.109 122.426
3 0 -4.116 -25.259 122.388 -3.451 -25.109 122.426 -3.712 -21.806 119.240
3 0 -3.712 -21.806 119.240 -4.382 -21.900 119.145 -4.116 -25.259 122.388
3 0 -4.682 -25.566 122.159 -4.116 -25.259 122.388 -4.382 -21.900 119.145
3 0 -4.382 -21.900 119.145 -4.949 -22.168 118.877 -4.682 -25.566 122.159
3 0 -5.061 -25.983 121.774 -4.682 -25.566 122.159 -4.949 -22.168 118.877
3 0 -4.949 -22.168 118.877 -5.329 -22.570 118.476 -5.061 -25.983 121.774
3 0 -5.198 -26.446 121.291 -5.061 -25.983 121.774 -5.329 -22.570 118.476
3 0 -5.329 -22.570 118.476 -5.462 -23.043 118.002 -5.198 -26.446 121.291
3 0 -5.070 -26.884 120.784 -5.198 -26.446 121.291 -5.462 -23.043 118.002
3 0 -5.462 -23.043 118.002 -5.329 -23.516 117.528 -5.070 -26.884 120.784
3 0 -4.697 -27.232 120.329 -5.070 -26.884 120.784 -5.329 -23.516 117.528
3 0 -5.329 -23.516 117.528 -4.949 -23.918 117.127 -4.697 -27.232 120.329
3 0 -4.136 -27.436 119.997 -4.697 -27.232 120.329 -4.949 -23.918 117.127
3 0 -4.949 -23.918 117.127 -4.382 -24.186 116.859 -4.136 -27.436 119.997
3 0 -3.473 -27.465 119.838 -4.136 -27.436 119.997 -4.382 -24.186 116.859
3 0 -4.382 -24.186 116.859 -3.712 -24.280 116.765 -3.473 -27.465 119.838
3 0 -2.808 -27.314 119.875 -3.473 -27.465 119.838 -3.712 -24.280 116.765
3 0 -3.712 -24.280 116.765 -3.042 -24.186 116.859 -2.808 -27.314 119.875
3 0 -2.243 -27.007 120.104 -2.808 -27.314 119.875 -3.042 -24.186 116.859
3 0 -3.042 -24.186 116.859 -2.474 -23.918 117.127 -2.243 -27.007 120.104
3 0 3.844 -29.238 121.396 3.322 -29.135 121.824 2.665 -26.558 119.653
3 0 2.665 -26.558 119.653 3.226 -26.762 119.321 3.844 -29.238 121.396
3 0 4.471 -29.164 121.136 3.844 -29.238 121.396 3.226 -26.762 119.321
3 0 3.226 -26.762 119.321 3.889 -26.791 119.161 4.471 -29.164 121.136
3 0 5.108 -28.924 121.084 4.471 -29.164 121.136 3.889 -26.791 119.161
3 0 3.889 -26.791 119.161 4.554 -26.640 119.199 5.108 -28.924 121.084
3 0 5.658 -28.555 121.249 5.108 -28.924 121.084 4.554 -26.640 119.199
3 0 4.554 -26.640 119.199 5.119 -26.333 119.428 5.658 -28.555 121.249
3 0 6.038 -28.112 121.604 5.658 -28.555 121.249 5.119 -26.333 119.428
3 0 5.119 -26.333 119.428 5.499 -25.916 119.813 6.038 -28.112 121.604
3 0 6.188 -27.664 122.097 6.038 -28.112 121.604 5.499 -25.916 119.813
3 0 5.499 -25.916 119.813 5.636 -25.454 120.296 6.188 -27.664 122.097
3 0 6.088 -27.278 122.651 6.188 -27.664 122.097 5.636 -25.454 120.296
3 0 5.636 -25.454 120.296 5.508 -25.015 120.803 6.088 -27.278 122.651
3 0 5.751 -27.013 123.182 6.088 -27.278 122.651 5.508 -25.015 120.803
3 0 5.508 -25.015 120.803 5.135 -24.667 121.257 5.751 -27.013 123.182
3 0 5.229 -26.910 123.611 5.751 -27.013 123.182 5.135 -24.667 121.257
3 0 5.135 -24.667 121.257 4.574 -24.463 121.590 5.229 -26.910 123.611
3 0 4.602 -26.984 123.870 5.229 -26.910 123.611 4.574 -24.463 121.590
3 0 4.574 -24.463 121.590 3.911 -24.434 121.749 4.602 -26.984 123.870
3 0 3.965 -27.224 123.922 4.602 -26.984 123.870 3.911 -24.434 121.749
3 0 3.911 -24.434 121.749 3.246 -24.585 121.712 3.965 -27.224 123.922
3 0 3.415 -27.593 123.757 3.965 -27.224 123.922 3.246 -24.585 121.712
3 0 3.246 -24.585 121.712 2.681 -24.892 121.483 3.415 -27.593 123.757
3 0 0.771 -26.986 119.546 1.507 -29.818 121.970 0.986 -29.715 122.399
3 0 0.986 -29.715 122.399 0.211 -26.783 119.879 0.771 -26.986 119.546
3 0 1.435 -27.015 119.387 2.134 -29.744 121.711 1.507 -29.818 121.970
3 0 1.507 -29.818 121.970 0.771 -26.986 119.546 1.435 -27.015 119.387
3 0 2.100 -26.865 119.424 2.772 -29.504 121.659 2.134 -29.744 121.711
3 0 2.134 -29.744 121.711 1.435 -27.015 119.387 2.100 -26.865 119.424
3 0 2.665 -26.558 119.653 3.322 -29.135 121.824 2.772 -29.504 121.659
3 0 2.772 -29.504 121.659 2.100 -26.865 119.424 2.665 -26.558 119.653
3 0 2.120 -24.688 121.815 2.893 -27.490 124.186 3.415 -27.593 123.757
3 0 3.415 -27.593 123.757 2.681 -24.892 121.483 2.120 -24.688 121.815
3 0 1.457 -24.659 121.975 2.266 -27.564 124.445 2.893 -27.490 124.186
3 0 2.893 -27.490 124.186 2.120 -24.688 121.815 1.457 -24.659 121.975
3 0 0.792 -24.810 121.937 1.629 -27.804 124.497 2.266 -27.564 124.445
3 0 2.266 -27.564 124.445 1.457 -24.659 121.975 0.792 -24.810 121.937
3 0 0.226 -25.117 121.708 1.078 -28.173 124.332 1.629 -27.804 124.497
3 0 1.629 -27.804 124.497 0.792 -24.810 121.937 0.226 -25.117 121.708
3 0 -1.682 -27.211 119.772 -0.828 -30.398 122.545 -1.350 -30.295 122.973
3 0 -1.350 -30.295 122.973 -2.243 -27.007 120.104 -1.682 -27.211 119.772
3 0 -1.019 -27.240 119.612 -0.201 -30.324 122.285 -0.828 -30.398 122.545
3 0 -0.828 -30.398 122.545 -1.682 -27.211 119.772 -1.019 -27.240 119.612
3 0 -0.354 -27.090 119.650 0.436 -30.084 122.234 -0.201 -30.324 122.285
3 0 -0.201 -30.324 122.285 -1.019 -27.240 119.612 -0.354 -27.090 119.650
3 0 0.211 -26.783 119.879 0.986 -29.715 122.399 0.436 -30.084 122.234
3 0 0.436 -30.084 122.234 -0.354 -27.090 119.650 0.211 -26.783 119.879
3 0 -0.334 -24.913 122.041 0.558 -28.070 124.760 1.078 -28.173 124.332
3 0 1.078 -28.173 124.332 0.226 -25.117 121.708 -0.334 -24.913 122.041
3 0 -0.997 -24.884 122.200 -0.070 -28.144 125.020 0.558 -28.070 124.760
3 0 0.558 -28.070 124.760 -0.334 -24.913 122.041 -0.997 -24.884 122.200
3 0 -1.662 -25.034 122.163 -0.707 -28.384 125.071 -0.070 -28.144 125.020
3 0 -0.070 -28.144 125.020 -0.997 -24.884 122.200 -1.662 -25.034 122.163
3 0 -2.227 -25.341 121.934 -1.257 -28.753 124.907 -0.707 -28.384 125.071
3 0 -0.707 -28.384 125.071 -1.662 -25.034 122.163 -2.227 -25.341 121.934
3 0 -1.779 -28.650 125.335 -1.257 -28.753 124.907 -2.227 -25.341 121.934
3 0 -2.227 -25.341 121.934 -2.788 -25.137 122.266 -1.779 -28.650 125.335
3 0 -2.406 -28.724 125.595 -1.779 -28.650 125.335 -2.788 -25.137 122.266
3 0 -2.788 -25.137 122.266 -3.451 -25.109 122.426 -2.406 -28.724 125.595
3 0 -3.043 -28.964 125.646 -2.406 -28.724 125.595 -3.451 -25.109 122.426
3 0 -3.451 -25.109 122.426 -4.116 -25.259 122.388 -3.043 -28.964 125.646
3 0 -3.593 -29.333 125.482 -3.043 -28.964 125.646 -4.116 -25.259 122.388
3 0 -4.116 -25.259 122.388 -4.682 -25.566 122.159 -3.593 -29.333 125.482
3 0 -3.973 -29.776 125.126 -3.593 -29.333 125.482 -4.682 -25.566 122.159
3 0 -4.682 -25.566 122.159 -5.061 -25.983 121.774 -3.973 -29.776 125.126
3 0 -4.124 -30.224 124.634 -3.973 -29.776 125.126 -5.061 -25.983 121.774
3 0 -5.061 -25.983 121.774 -5.198 -26.446 121.291 -4.124 -30.224 124.634
3 0 -4.023 -30.610 124.080 -4.124 -30.224 124.634 -5.198 -26.446 121.291
3 0 -5.198 -26.446 121.291 -5.070 -26.884 120.784 -4.023 -30.610 124.080
3 0 -3.686 -30.875 123.548 -4.023 -30.610 124.080 -5.070 -26.884 120.784
3 0 -5.070 -26.884 120.784 -4.697 -27.232 120.329 -3.686 -30.875 123.548
3 0 -3.165 -30.978 123.120 -3.686 -30.875 123.548 -4.697 -27.232 120.329
3 0 -4.697 -27.232 120.329 -4.136 -27.436 119.997 -3.165 -30.978 123.120
3 0 -2.537 -30.904 122.860 -3.165 -30.978 123.120 -4.136 -27.436 119.997
3 0 -4.136 -27.436 119.997 -3.473 -27.465 119.838 -2.537 -30.904 122.860
3 0 -1.900 -30.664 122.809 -2.537 -30.904 122.860 -3.473 -27.465 119.838
3 0 -3.473 -27.465 119.838 -2.808 -27.314 119.875 -1.900 -30.664 122.809
3 0 -1.350 -30.295 122.973 -1.900 -30.664 122.809 -2.808 -27.314 119.875
3 0 -2.808 -27.314 119.875 -2.243 -27.007 120.104 -1.350 -30.295 122.973
3 0 4.558 -31.470 123.291 3.322 -29.135 121.824 3.844 -29.238 121.396
3 0 3.844 -29.238 121.396 4.943 -31.426 122.728 4.558 -31.470 123.291
3 0 4.943 -31.426 122.728 3.844 -29.238 121.396 4.471 -29.164 121.136
3 0 4.471 -29.164 121.136 5.439 -31.195 122.320 4.943 -31.426 122.728
3 0 5.439 -31.195 122.320 4.471 -29.164 121.136 5.108 -28.924 121.084
3 0 5.108 -28.924 121.084 5.970 -30.812 122.127 5.439 -31.195 122.320
3 0 5.970 -30.812 122.127 5.108 -28.924 121.084 5.658 -28.555 121.249
3 0 5.658 -28.555 121.249 6.457 -30.336 122.180 5.970 -30.812 122.127
3 0 6.824 -29.839 122.470 6.457 -30.336 122.180 5.658 -28.555 121.249
3 0 5.658 -28.555 121.249 6.038 -28.112 121.604 6.824 -29.839 122.470
3 0 6.824 -29.839 122.470 6.038 -28.112 121.604 6.188 -27.664 122.097
3 0 6.188 -27.664 122.097 7.017 -29.396 122.954 6.824 -29.839 122.470
3 0 7.017 -29.396 122.954 6.188 -27.664 122.097 6.088 -27.278 122.651
3 0 6.088 -27.278 122.651 7.004 -29.076 123.557 7.017 -29.396 122.954
3 0 7.004 -29.076 123.557 6.088 -27.278 122.651 5.751 -27.013 123.182
3 0 5.751 -27.013 123.182 6.790 -28.927 124.187 7.004 -29.076 123.557
3 0 6.790 -28.927 124.187 5.751 -27.013 123.182 5.229 -26.910 123.611
3 0 5.229 -26.910 123.611 6.405 -28.971 124.750 6.790 -28.927 124.187
3 0 6.405 -28.971 124.750 5.229 -26.910 123.611 4.602 -26.984 123.870
3 0 4.602 -26.984 123.870 5.909 -29.202 125.159 6.405 -28.971 124.750
3 0 5.909 -29.202 125.159 4.602 -26.984 123.870 3.965 -27.224 123.922
3 0 3.965 -27.224 123.922 5.378 -29.585 125.351 5.909 -29.202 125.159
3 0 5.378 -29.585 125.351 3.965 -27.224 123.922 3.415 -27.593 123.757
3 0 3.415 -27.593 123.757 4.891 -30.061 125.298 5.378 -29.585 125.351
3 0 3.044 -32.560 123.839 2.660 -32.604 124.402 0.986 -29.715 122.399
3 0 0.986 -29.715 122.399 1.507 -29.818 121.970 3.044 -32.560 123.839
3 0 3.540 -32.329 123.431 3.044 -32.560 123.839 1.507 -29.818 121.970
3 0 1.507 -29.818 121.970 2.134 -29.744 121.711 3.540 -32.329 123.431
3 0 4.072 -31.946 123.238 3.540 -32.329 123.431 2.134 -29.744 121.711
3 0 2.134 -29.744 121.711 2.772 -29.504 121.659 4.072 -31.946 123.238
3 0 3.322 -29.135 121.824 4.558 -31.470 123.291 4.072 -31.946 123.238
3 0 4.072 -31.946 123.238 2.772 -29.504 121.659 3.322 -29.135 121.824
3 0 4.507 -30.106 125.861 4.891 -30.061 125.298 3.415 -27.593 123.757
3 0 3.415 -27.593 123.757 2.893 -27.490 124.186 4.507 -30.106 125.861
3 0 4.011 -30.337 126.270 4.507 -30.106 125.861 2.893 -27.490 124.186
3 0 2.893 -27.490 124.186 2.266 -27.564 124.445 4.011 -30.337 126.270
3 0 3.479 -30.720 126.462 4.011 -30.337 126.270 2.266 -27.564 124.445
3 0 2.266 -27.564 124.445 1.629 -27.804 124.497 3.479 -30.720 126.462
3 0 1.078 -28.173 124.332 2.993 -31.196 126.409 3.479 -30.720 126.462
3 0 3.479 -30.720 126.462 1.629 -27.804 124.497 1.078 -28.173 124.332
3 0 1.146 -33.694 124.950 0.762 -33.738 125.512 -1.350 -30.295 122.973
3 0 -1.350 -30.295 122.973 -0.828 -30.398 122.545 1.146 -33.694 124.950
3 0 -0.201 -30.324 122.285 1.642 -33.463 124.541 1.146 -33.694 124.950
3 0 1.146 -33.694 124.950 -0.828 -30.398 122.545 -0.201 -30.324 122.285
3 0 0.436 -30.084 122.234 2.174 -33.080 124.349 1.642 -33.463 124.541
3 0 1.642 -33.463 124.541 -0.201 -30.324 122.285 0.436 -30.084 122.234
3 0 0.986 -29.715 122.399 2.660 -32.604 124.402 2.174 -33.080 124.349
3 0 2.174 -33.080 124.349 0.436 -30.084 122.234 0.986 -29.715 122.399
3 0 2.609 -31.240 126.971 2.993 -31.196 126.409 1.078 -28.173 124.332
3 0 1.078 -28.173 124.332 0.558 -28.070 124.760 2.609 -31.240 126.971
3 0 -0.070 -28.144 125.020 2.113 -31.471 127.380 2.609 -31.240 126.971
3 0 2.609 -31.240 126.971 0.558 -28.070 124.760 -0.070 -28.144 125.020
3 0 -0.707 -28.384 125.071 1.581 -31.853 127.573 2.113 -31.471 127.380
3 0 2.113 -31.471 127.380 -0.070 -28.144 125.020 -0.707 -28.384 125.071
3 0 -1.257 -28.753 124.907 1.095 -32.330 127.520 1.581 -31.853 127.573
3 0 1.581 -31.853 127.573 -0.707 -28.384 125.071 -1.257 -28.753 124.907
3 0 0.710 -32.374 128.082 1.095 -32.330 127.520 -1.257 -28.753 124.907
3 0 -1.257 -28.753 124.907 -1.779 -28.650 125.335 0.710 -32.374 128.082
3 0 0.214 -32.605 128.491 0.710 -32.374 128.082 -1.779 -28.650 125.335
3 0 -1.779 -28.650 125.335 -2.406 -28.724 125.595 0.214 -32.605 128.491
3 0 -0.317 -32.988 128.683 0.214 -32.605 128.491 -2.406 -28.724 125.595
3 0 -2.406 -28.724 125.595 -3.043 -28.964 125.646 -0.317 -32.988 128.683
3 0 -0.804 -33.464 128.631 -0.317 -32.988 128.683 -3.043 -28.964 125.646
3 0 -3.043 -28.964 125.646 -3.593 -29.333 125.482 -0.804 -33.464 128.631
3 0 -1.171 -33.961 128.340 -0.804 -33.464 128.631 -3.593 -29.333 125.482
3 0 -3.593 -29.333 125.482 -3.973 -29.776 125.126 -1.171 -33.961 128.340
3 0 -1.171 -33.961 128.340 -3.973 -29.776 125.126 -4.124 -30.224 124.634
3 0 -4.124 -30.224 124.634 -1.363 -34.403 127.857 -1.171 -33.961 128.340
3 0 -1.363 -34.403 127.857 -4.124 -30.224 124.634 -4.023 -30.610 124.080
3 0 -4.023 -30.610 124.080 -1.351 -34.723 127.254 -1.363 -34.403 127.857
3 0 -1.351 -34.723 127.254 -4.023 -30.610 124.080 -3.686 -30.875 123.548
3 0 -3.686 -30.875 123.548 -1.137 -34.873 126.623 -1.351 -34.723 127.254
3 0 -0.752 -34.828 126.061 -1.137 -34.873 126.623 -3.686 -30.875 123.548
3 0 -3.686 -30.875 123.548 -3.165 -30.978 123.120 -0.752 -34.828 126.061
3 0 -0.256 -34.597 125.652 -0.752 -34.828 126.061 -3.165 -30.978 123.120
3 0 -3.165 -30.978 123.120 -2.537 -30.904 122.860 -0.256 -34.597 125.652
3 0 0.275 -34.214 125.460 -0.256 -34.597 125.652 -2.537 -30.904 122.860
3 0 -2.537 -30.904 122.860 -1.900 -30.664 122.809 0.275 -34.214 125.460
3 0 0.762 -33.738 125.512 0.275 -34.214 125.460 -1.900 -30.664 122.809
3 0 -1.900 -30.664 122.809 -1.350 -30.295 122.973 0.762 -33.738 125.512
3 0 6.510 -33.354 123.733 4.558 -31.470 123.291 4.943 -31.426 122.728
3 0 4.943 -31.426 122.728 6.624 -33.194 123.079 6.510 -33.354 123.733
3 0 6.624 -33.194 123.079 4.943 -31.426 122.728 5.439 -31.195 122.320
3 0 5.439 -31.195 122.320 6.842 -32.823 122.549 6.624 -33.194 123.079
3 0 6.842 -32.823 122.549 5.439 -31.195 122.320 5.970 -30.812 122.127
3 0 5.970 -30.812 122.127 7.132 -32.297 122.224 6.842 -32.823 122.549
3 0 7.132 -32.297 122.224 5.970 -30.812 122.127 6.457 -30.336 122.180
3 0 6.457 -30.336 122.180 7.449 -31.696 122.153 7.132 -32.297 122.224
3 0 7.449 -31.696 122.153 6.457 -30.336 122.180 6.824 -29.839 122.470
3 0 6.824 -29.839 122.470 7.745 -31.112 122.347 7.449 -31.696 122.153
3 0 7.745 -31.112 122.347 6.824 -29.839 122.470 7.017 -29.396 122.954
3 0 7.017 -29.396 122.954 7.974 -30.634 122.776 7.745 -31.112 122.347
3 0 7.974 -30.634 122.776 7.017 -29.396 122.954 7.004 -29.076 123.557
3 0 7.004 -29.076 123.557 8.103 -30.334 123.376 7.974 -30.634 122.776
3 0 8.103 -30.334 123.376 7.004 -29.076 123.557 6.790 -28.927 124.187
3 0 6.790 -28.927 124.187 8.111 -30.258 124.054 8.103 -30.334 123.376
3 0 8.111 -30.258 124.054 6.790 -28.927 124.187 6.405 -28.971 124.750
3 0 6.405 -28.971 124.750 7.997 -30.417 124.709 8.111 -30.258 124.054
3 0 7.997 -30.417 124.709 6.405 -28.971 124.750 5.909 -29.202 125.159
3 0 5.909 -29.202 125.159 7.779 -30.788 125.238 7.997 -30.417 124.709
3 0 7.779 -30.788 125.238 5.909 -29.202 125.159 5.378 -29.585 125.351
3 0 5.378 -29.585 125.351 7.489 -31.314 125.564 7.779 -30.788 125.238
3 0 7.489 -31.314 125.564 5.378 -29.585 125.351 4.891 -30.061 125.298
3 0 4.891 -30.061 125.298 7.172 -31.915 125.635 7.489 -31.314 125.564
3 0 5.686 -34.851 124.659 5.572 -35.011 125.313 2.660 -32.604 124.402
3 0 2.660 -32.604 124.402 3.044 -32.560 123.839 5.686 -34.851 124.659
3 0 5.904 -34.480 124.129 5.686 -34.851 124.659 3.044 -32.560 123.839
3 0 3.044 -32.560 123.839 3.540 -32.329 123.431 5.904 -34.480 124.129
3 0 6.193 -33.954 123.804 5.904 -34.480 124.129 3.540 -32.329 123.431
3 0 3.540 -32.329 123.431 4.072 -31.946 123.238 6.193 -33.954 123.804
3 0 6.510 -33.354 123.733 6.193 -33.954 123.804 4.072 -31.946 123.238
3 0 4.072 -31.946 123.238 4.558 -31.470 123.291 6.510 -33.354 123.733
3 0 7.058 -32.075 126.289 7.172 -31.915 125.635 4.891 -30.061 125.298
3 0 4.891 -30.061 125.298 4.507 -30.106 125.861 7.058 -32.075 126.289
3 0 6.840 -32.446 126.819 7.058 -32.075 126.289 4.507 -30.106 125.861
3 0 4.507 -30.106 125.861 4.011 -30.337 126.270 6.840 -32.446 126.819
3 0 6.550 -32.972 127.144 6.840 -32.446 126.819 4.011 -30.337 126.270
3 0 4.011 -30.337 126.270 3.479 -30.720 126.462 6.550 -32.972 127.144
3 0 6.234 -33.572 127.215 6.550 -32.972 127.144 3.479 -30.720 126.462
3 0 3.479 -30.720 126.462 2.993 -31.196 126.409 6.234 -33.572 127.215
3 0 4.747 -36.508 126.239 4.634 -36.668 126.893 0.762 -33.738 125.512
3 0 0.762 -33.738 125.512 1.146 -33.694 124.950 4.747 -36.508 126.239
3 0 4.966 -36.137 125.709 4.747 -36.508 126.239 1.146 -33.694 124.950
3 0 1.146 -33.694 124.950 1.642 -33.463 124.541 4.966 -36.137 125.709
3 0 5.255 -35.611 125.384 4.966 -36.137 125.709 1.642 -33.463 124.541
3 0 1.642 -33.463 124.541 2.174 -33.080 124.349 5.255 -35.611 125.384
3 0 5.572 -35.011 125.313 5.255 -35.611 125.384 2.174 -33.080 124.349
3 0 2.174 -33.080 124.349 2.660 -32.604 124.402 5.572 -35.011 125.313
3 0 6.120 -33.731 127.869 6.234 -33.572 127.215 2.993 -31.196 126.409
3 0 2.993 -31.196 126.409 2.609 -31.240 126.971 6.120 -33.731 127.869
3 0 5.902 -34.103 128.399 6.120 -33.731 127.869 2.609 -31.240 126.971
3 0 2.609 -31.240 126.971 2.113 -31.471 127.380 5.902 -34.103 128.399
3 0 5.612 -34.628 128.724 5.902 -34.103 128.399 2.113 -31.471 127.380
3 0 2.113 -31.471 127.380 1.581 -31.853 127.573 5.612 -34.628 128.724
3 0 5.295 -35.229 128.795 5.612 -34.628 128.724 1.581 -31.853 127.573
3 0 1.581 -31.853 127.573 1.095 -32.330 127.520 5.295 -35.229 128.795
3 0 5.295 -35.229 128.795 1.095 -32.330 127.520 0.710 -32.374 128.082
3 0 0.710 -32.374 128.082 5.182 -35.389 129.449 5.295 -35.229 128.795
3 0 5.182 -35.389 129.449 0.710 -32.374 128.082 0.214 -32.605 128.491
3 0 0.214 -32.605 128.491 4.963 -35.760 129.979 5.182 -35.389 129.449
3 0 4.963 -35.760 129.979 0.214 -32.605 128.491 -0.317 -32.988 128.683
3 0 -0.317 -32.988 128.683 4.674 -36.286 130.304 4.963 -35.760 129.979
3 0 4.674 -36.286 130.304 -0.317 -32.988 128.683 -0.804 -33.464 128.631
3 0 -0.804 -33.464 128.631 4.357 -36.887 130.375 4.674 -36.286 130.304
3 0 4.357 -36.887 130.375 -0.804 -33.464 128.631 -1.171 -33.961 128.340
3 0 -1.171 -33.961 128.340 4.061 -37.471 130.181 4.357 -36.887 130.375
3 0 4.061 -37.471 130.181 -1.171 -33.961 128.340 -1.363 -34.403 127.857
3 0 -1.363 -34.403 127.857 3.832 -37.949 129.752 4.061 -37.471 130.181
3 0 3.832 -37.949 129.752 -1.363 -34.403 127.857 -1.351 -34.723 127.254
3 0 -1.351 -34.723 127.254 3.703 -38.249 129.152 3.832 -37.949 129.752
3 0 3.703 -38.249 129.152 -1.351 -34.723 127.254 -1.137 -34.873 126.623
3 0 -1.137 -34.873 126.623 3.695 -38.325 128.474 3.703 -38.249 129.152
3 0 3.695 -38.325 128.474 -1.137 -34.873 126.623 -0.752 -34.828 126.061
3 0 -0.752 -34.828 126.061 3.809 -38.165 127.819 3.695 -38.325 128.474
3 0 3.809 -38.165 127.819 -0.752 -34.828 126.061 -0.256 -34.597 125.652
3 0 -0.256 -34.597 125.652 4.027 -37.794 127.290 3.809 -38.165 127.819
3 0 4.027 -37.794 127.290 -0.256 -34.597 125.652 0.275 -34.214 125.460
3 0 0.275 -34.214 125.460 4.317 -37.269 126.964 4.027 -37.794 127.290
3 0 4.317 -37.269 126.964 0.275 -34.214 125.460 0.762 -33.738 125.512
3 0 0.762 -33.738 125.512 4.634 -36.668 126.893 4.317 -37.269 126.964
3 0 9.196 -34.525 123.140 6.510 -33.354 123.733 6.624 -33.194 123.079
3 0 6.624 -33.194 123.079 9.057 -34.357 122.492 9.196 -34.525 123.140
3 0 9.057 -34.357 122.492 6.624 -33.194 123.079 6.842 -32.823 122.549
3 0 6.842 -32.823 122.549 8.992 -33.954 121.945 9.057 -34.357 122.492
3 0 8.992 -33.954 121.945 6.842 -32.823 122.549 7.132 -32.297 122.224
3 0 7.132 -32.297 122.224 9.011 -33.377 121.581 8.992 -33.954 121.945
3 0 9.011 -33.377 121.581 7.132 -32.297 122.224 7.449 -31.696 122.153
3 0 7.449 -31.696 122.153 9.112 -32.714 121.455 9.011 -33.377 121.581
3 0 9.112 -32.714 121.455 7.449 -31.696 122.153 7.745 -31.112 122.347
3 0 7.745 -31.112 122.347 9.279 -32.065 121.587 9.112 -32.714 121.455
3 0 9.279 -32.065 121.587 7.745 -31.112 122.347 7.974 -30.634 122.776
3 0 7.974 -30.634 122.776 9.487 -31.530 121.956 9.279 -32.065 121.587
3 0 9.487 -31.530 121.956 7.974 -30.634 122.776 8.103 -30.334 123.376
3 0 8.103 -30.334 123.376 9.703 -31.189 122.507 9.487 -31.530 121.956
3 0 9.703 -31.189 122.507 8.103 -30.334 123.376 8.111 -30.258 124.054
3 0 8.111 -30.258 124.054 9.896 -31.095 123.155 9.703 -31.189 122.507
3 0 9.896 -31.095 123.155 8.111 -30.258 124.054 7.997 -30.417 124.709
3 0 7.997 -30.417 124.709 10.036 -31.263 123.802 9.896 -31.095 123.155
3 0 10.036 -31.263 123.802 7.997 -30.417 124.709 7.779 -30.788 125.238
3 0 7.779 -30.788 125.238 10.101 -31.666 124.350 10.036 -31.263 123.802
3 0 10.101 -31.666 124.350 7.779 -30.788 125.238 7.489 -31.314 125.564
3 0 7.489 -31.314 125.564 10.081 -32.243 124.714 10.101 -31.666 124.350
3 0 10.081 -32.243 124.714 7.489 -31.314 125.564 7.172 -31.915 125.635
3 0 7.172 -31.915 125.635 9.980 -32.906 124.840 10.081 -32.243 124.714
3 0 9.141 -36.168 124.177 9.280 -36.336 124.824 5.572 -35.011 125.313
3 0 5.572 -35.011 125.313 5.686 -34.851 124.659 9.141 -36.168 124.177
3 0 9.076 -35.765 123.630 9.141 -36.168 124.177 5.686 -34.851 124.659
3 0 5.686 -34.851 124.659 5.904 -34.480 124.129 9.076 -35.765 123.630
3 0 9.095 -35.188 123.266 9.076 -35.765 123.630 5.904 -34.480 124.129
3 0 5.904 -34.480 124.129 6.193 -33.954 123.804 9.095 -35.188 123.266
3 0 9.196 -34.525 123.140 9.095 -35.188 123.266 6.193 -33.954 123.804
3 0 6.193 -33.954 123.804 6.510 -33.354 123.733 9.196 -34.525 123.140
3 0 10.120 -33.074 125.487 9.980 -32.906 124.840 7.172 -31.915 125.635
3 0 7.172 -31.915 125.635 7.058 -32.075 126.289 10.120 -33.074 125.487
3 0 10.185 -33.477 126.035 10.120 -33.074 125.487 7.058 -32.075 126.289
3 0 7.058 -32.075 126.289 6.840 -32.446 126.819 10.185 -33.477 126.035
3 0 10.165 -34.054 126.399 10.185 -33.477 126.035 6.840 -32.446 126.819
3 0 6.840 -32.446 126.819 6.550 -32.972 127.144 10.165 -34.054 126.399
3 0 10.064 -34.717 126.525 10.165 -34.054 126.399 6.550 -32.972 127.144
3 0 6.550 -32.972 127.144 6.234 -33.572 127.215 10.064 -34.717 126.525
3 0 9.225 -37.978 125.862 9.364 -38.146 126.509 4.634 -36.668 126.893
3 0 4.634 -36.668 126.893 4.747 -36.508 126.239 9.225 -37.978 125.862
3 0 9.160 -37.576 125.314 9.225 -37.978 125.862 4.747 -36.508 126.239
3 0 4.747 -36.508 126.239 4.966 -36.137 125.709 9.160 -37.576 125.314
3 0 9.179 -36.998 124.950 9.160 -37.576 125.314 4.966 -36.137 125.709
3 0 4.966 -36.137 125.709 5.255 -35.611 125.384 9.179 -36.998 124.950
3 0 9.280 -36.336 124.824 9.179 -36.998 124.950 5.255 -35.611 125.384
3 0 5.255 -35.611 125.384 5.572 -35.011 125.313 9.280 -36.336 124.824
3 0 10.204 -34.884 127.171 10.064 -34.717 126.525 6.234 -33.572 127.215
3 0 6.234 -33.572 127.215 6.120 -33.731 127.869 10.204 -34.884 127.171
3 0 10.269 -35.287 127.719 10.204 -34.884 127.171 6.120 -33.731 127.869
3 0 6.120 -33.731 127.869 5.902 -34.103 128.399 10.269 -35.287 127.719
3 0 10.249 -35.864 128.083 10.269 -35.287 127.719 5.902 -34.103 128.399
3 0 5.902 -34.103 128.399 5.612 -34.628 128.724 10.249 -35.864 128.083
3 0 10.148 -36.527 128.209 10.249 -35.864 128.083 5.612 -34.628 128.724
3 0 5.612 -34.628 128.724 5.295 -35.229 128.795 10.148 -36.527 128.209
3 0 10.148 -36.527 128.209 5.295 -35.229 128.795 5.182 -35.389 129.449
3 0 5.182 -35.389 129.449 10.288 -36.695 128.856 10.148 -36.527 128.209
3 0 10.288 -36.695 128.856 5.182 -35.389 129.449 4.963 -35.760 129.979
3 0 4.963 -35.760 129.979 10.353 -37.098 129.404 10.288 -36.695 128.856
3 0 10.353 -37.098 129.404 4.963 -35.760 129.979 4.674 -36.286 130.304
3 0 4.674 -36.286 130.304 10.333 -37.675 129.768 10.353 -37.098 129.404
3 0 10.333 -37.675 129.768 4.674 -36.286 130.304 4.357 -36.887 130.375
3 0 4.357 -36.887 130.375 10.232 -38.338 129.894 10.333 -37.675 129.768
3 0 10.232 -38.338 129.894 4.357 -36.887 130.375 4.061 -37.471 130.181
3 0 4.061 -37.471 130.181 10.065 -38.987 129.762 10.232 -38.338 129.894
3 0 10.065 -38.987 129.762 4.061 -37.471 130.181 3.832 -37.949 129.752
3 0 3.832 -37.949 129.752 9.858 -39.523 129.393 10.065 -38.987 129.762
3 0 9.858 -39.523 129.393 3.832 -37.949 129.752 3.703 -38.249 129.152
3 0 3.703 -38.249 129.152 9.641 -39.863 128.842 9.858 -39.523 129.393
3 0 9.641 -39.863 128.842 3.703 -38.249 129.152 3.695 -38.325 128.474
3 0 3.695 -38.325 128.474 9.448 -39.957 128.194 9.641 -39.863 128.842
3 0 9.448 -39.957 128.194 3.695 -38.325 128.474 3.809 -38.165 127.819
3 0 3.809 -38.165 127.819 9.309 -39.789 127.546 9.448 -39.957 128.194
3 0 9.309 -39.789 127.546 3.809 -38.165 127.819 4.027 -37.794 127.290
3 0 4.027 -37.794 127.290 9.244 -39.387 126.999 9.309 -39.789 127.546
3 0 9.244 -39.387 126.999 4.027 -37.794 127.290 4.317 -37.269 126.964
3 0 4.317 -37.269 126.964 9.263 -38.809 126.635 9.244 -39.387 126.999
3 0 9.263 -38.809 126.635 4.317 -37.269 126.964 4.634 -36.668 126.893
3 0 4.634 -36.668 126.893 9.364 -38.146 126.509 9.263 -38.809 126.635
3 0 12.332 -34.965 121.833 9.196 -34.525 123.140 9.057 -34.357 122.492
3 0 9.057 -34.357 122.492 12.055 -34.833 121.223 12.332 -34.965 121.833
3 0 12.055 -34.833 121.223 9.057 -34.357 122.492 8.992 -33.954 121.945
3 0 8.992 -33.954 121.945 11.821 -34.455 120.706 12.055 -34.833 121.223
3 0 11.821 -34.455 120.706 8.992 -33.954 121.945 9.011 -33.377 121.581
3 0 9.011 -33.377 121.581 11.665 -33.888 120.358 11.821 -34.455 120.706
3 0 11.665 -33.888 120.358 9.011 -33.377 121.581 9.112 -32.714 121.455
3 0 9.112 -32.714 121.455 11.613 -33.218 120.235 11.665 -33.888 120.358
3 0 11.613 -33.218 120.235 9.112 -32.714 121.455 9.279 -32.065 121.587
3 0 9.279 -32.065 121.587 11.671 -32.548 120.354 11.613 -33.218 120.235
3 0 11.671 -32.548 120.354 9.279 -32.065 121.587 9.487 -31.530 121.956
3 0 9.487 -31.530 121.956 11.830 -31.980 120.697 11.671 -32.548 120.354
3 0 11.830 -31.980 120.697 9.487 -31.530 121.956 9.703 -31.189 122.507
3 0 9.703 -31.189 122.507 12.067 -31.600 121.212 11.830 -31.980 120.697
3 0 12.067 -31.600 121.212 9.703 -31.189 122.507 9.896 -31.095 123.155
3 0 9.896 -31.095 123.155 12.345 -31.465 121.821 12.067 -31.600 121.212
3 0 12.345 -31.465 121.821 9.896 -31.095 123.155 10.036 -31.263 123.802
3 0 10.036 -31.263 123.802 12.622 -31.597 122.431 12.345 -31.465 121.821
3 0 12.622 -31.597 122.431 10.036 -31.263 123.802 10.101 -31.666 124.350
3 0 10.101 -31.666 124.350 12.856 -31.976 122.949 12.622 -31.597 122.431
3 0 12.856 -31.976 122.949 10.101 -31.666 124.350 10.081 -32.243 124.714
3 0 10.081 -32.243 124.714 13.011 -32.543 123.296 12.856 -31.976 122.949
3 0 13.011 -32.543 123.296 10.081 -32.243 124.714 9.980 -32.906 124.840
3 0 9.980 -32.906 124.840 13.064 -33.213 123.420 13.011 -32.543 123.296
3 0 12.774 -36.580 122.822 13.051 -36.713 123.432 9.280 -36.336 124.824
3 0 9.280 -36.336 124.824 9.141 -36.168 124.177 12.774 -36.580 122.822
3 0 12.540 -36.202 122.304 12.774 -36.580 122.822 9.141 -36.168 124.177
3 0 9.141 -36.168 124.177 9.076 -35.765 123.630 12.540 -36.202 122.304
3 0 12.384 -35.635 121.957 12.540 -36.202 122.304 9.076 -35.765 123.630
3 0 9.076 -35.765 123.630 9.095 -35.188 123.266 12.384 -35.635 121.957
3 0 12.332 -34.965 121.833 12.384 -35.635 121.957 9.095 -35.188 123.266
3 0 9.095 -35.188 123.266 9.196 -34.525 123.140 12.332 -34.965 121.833
3 0 13.341 -33.345 124.030 13.064 -33.213 123.420 9.980 -32.906 124.840
3 0 9.980 -32.906 124.840 10.120 -33.074 125.487 13.341 -33.345 124.030
3 0 13.575 -33.723 124.548 13.341 -33.345 124.030 10.120 -33.074 125.487
3 0 10.120 -33.074 125.487 10.185 -33.477 126.035 13.575 -33.723 124.548
3 0 13.730 -34.290 124.895 13.575 -33.723 124.548 10.185 -33.477 126.035
3 0 10.185 -33.477 126.035 10.165 -34.054 126.399 13.730 -34.290 124.895
3 0 13.783 -34.960 125.018 13.730 -34.290 124.895 10.165 -34.054 126.399
3 0 10.165 -34.054 126.399 10.064 -34.717 126.525 13.783 -34.960 125.018
3 0 13.492 -38.327 124.420 13.769 -38.459 125.030 9.364 -38.146 126.509
3 0 9.364 -38.146 126.509 9.225 -37.978 125.862 13.492 -38.327 124.420
3 0 13.258 -37.948 123.902 13.492 -38.327 124.420 9.225 -37.978 125.862
3 0 9.225 -37.978 125.862 9.160 -37.576 125.314 13.258 -37.948 123.902
3 0 13.103 -37.381 123.555 13.258 -37.948 123.902 9.160 -37.576 125.314
3 0 9.160 -37.576 125.314 9.179 -36.998 124.950 13.103 -37.381 123.555
3 0 13.051 -36.713 123.432 13.103 -37.381 123.555 9.179 -36.998 124.950
3 0 9.179 -36.998 124.950 9.280 -36.336 124.824 13.051 -36.713 123.432
3 0 14.060 -35.091 125.628 13.783 -34.960 125.018 10.064 -34.717 126.525
3 0 10.064 -34.717 126.525 10.204 -34.884 127.171 14.060 -35.091 125.628
3 0 14.294 -35.470 126.146 14.060 -35.091 125.628 10.204 -34.884 127.171
3 0 10.204 -34.884 127.171 10.269 -35.287 127.719 14.294 -35.470 126.146
3 0 14.449 -36.037 126.493 14.294 -35.470 126.146 10.269 -35.287 127.719
3 0 10.269 -35.287 127.719 10.249 -35.864 128.083 14.449 -36.037 126.493
3 0 14.502 -36.706 126.616 14.449 -36.037 126.493 10.249 -35.864 128.083
3 0 10.249 -35.864 128.083 10.148 -36.527 128.209 14.502 -36.706 126.616
3 0 14.502 -36.706 126.616 10.148 -36.527 128.209 10.288 -36.695 128.856
3 0 10.288 -36.695 128.856 14.779 -36.839 127.226 14.502 -36.706 126.616
3 0 14.779 -36.839 127.226 10.288 -36.695 128.856 10.353 -37.098 129.404
3 0 10.353 -37.098 129.404 15.013 -37.217 127.744 14.779 -36.839 127.226
3 0 15.013 -37.217 127.744 10.353 -37.098 129.404 10.333 -37.675 129.768
3 0 10.333 -37.675 129.768 15.168 -37.784 128.091 15.013 -37.217 127.744
3 0 15.168 -37.784 128.091 10.333 -37.675 129.768 10.232 -38.338 129.894
3 0 10.232 -38.338 129.894 15.221 -38.454 128.215 15.168 -37.784 128.091
3 0 15.221 -38.454 128.215 10.232 -38.338 129.894 10.065 -38.987 129.762
3 0 10.065 -38.987 129.762 15.163 -39.123 128.096 15.221 -38.454 128.215
3 0 15.163 -39.123 128.096 10.065 -38.987 129.762 9.858 -39.523 129.393
3 0 9.858 -39.523 129.393 15.004 -39.692 127.753 15.163 -39.123 128.096
3 0 15.004 -39.692 127.753 9.858 -39.523 129.393 9.641 -39.863 128.842
3 0 9.641 -39.863 128.842 14.767 -40.072 127.238 15.004 -39.692 127.753
3 0 14.767 -40.072 127.238 9.641 -39.863 128.842 9.448 -39.957 128.194
3 0 9.448 -39.957 128.194 14.489 -40.206 126.629 14.767 -40.072 127.238
3 0 14.489 -40.206 126.629 9.448 -39.957 128.194 9.309 -39.789 127.546
3 0 9.309 -39.789 127.546 14.211 -40.074 126.019 14.489 -40.206 126.629
3 0 14.211 -40.074 126.019 9.309 -39.789 127.546 9.244 -39.387 126.999
3 0 9.244 -39.387 126.999 13.977 -39.696 125.501 14.211 -40.074 126.019
3 0 13.977 -39.696 125.501 9.244 -39.387 126.999 9.263 -38.809 126.635
3 0 9.263 -38.809 126.635 13.822 -39.129 125.154 13.977 -39.696 125.501
3 0 13.822 -39.129 125.154 9.263 -38.809 126.635 9.364 -38.146 126.509
3 0 9.364 -38.146 126.509 13.769 -38.459 125.030 13.822 -39.129 125.154
3 0 15.225 -34.721 119.494 15.572 -34.822 120.073 12.332 -34.965 121.833
3 0 12.332 -34.965 121.833 12.055 -34.833 121.223 15.225 -34.721 119.494
3 0 14.900 -34.370 119.007 15.225 -34.721 119.494 12.055 -34.833 121.223
3 0 12.055 -34.833 121.223 11.821 -34.455 120.706 14.900 -34.370 119.007
3 0 14.646 -33.824 118.686 14.900 -34.370 119.007 11.821 -34.455 120.706
3 0 11.821 -34.455 120.706 11.665 -33.888 120.358 14.646 -33.824 118.686
3 0 14.501 -33.165 118.581 14.646 -33.824 118.686 11.665 -33.888 120.358
3 0 11.665 -33.888 120.358 11.613 -33.218 120.235 14.501 -33.165 118.581
3 0 14.488 -32.494 118.706 14.501 -33.165 118.581 11.613 -33.218 120.235
3 0 11.613 -33.218 120.235 11.671 -32.548 120.354 14.488 -32.494 118.706
3 0 14.608 -31.913 119.044 14.488 -32.494 118.706 11.671 -32.548 120.354
3 0 11.671 -32.548 120.354 11.830 -31.980 120.697 14.608 -31.913 119.044
3 0 14.844 -31.510 119.542 14.608 -31.913 119.044 11.830 -31.980 120.697
3 0 11.830 -31.980 120.697 12.067 -31.600 121.212 14.844 -31.510 119.542
3 0 15.160 -31.347 120.126 14.844 -31.510 119.542 12.067 -31.600 121.212
3 0 12.067 -31.600 121.212 12.345 -31.465 121.821 15.160 -31.347 120.126
3 0 15.507 -31.449 120.705 15.160 -31.347 120.126 12.345 -31.465 121.821
3 0 12.345 -31.465 121.821 12.622 -31.597 122.431 15.507 -31.449 120.705
3 0 15.832 -31.800 121.192 15.507 -31.449 120.705 12.622 -31.597 122.431
3 0 12.622 -31.597 122.431 12.856 -31.976 122.949 15.832 -31.800 121.192
3 0 16.087 -32.346 121.513 15.832 -31.800 121.192 12.856 -31.976 122.949
3 0 12.856 -31.976 122.949 13.011 -32.543 123.296 16.087 -32.346 121.513
3 0 16.231 -33.005 121.619 16.087 -32.346 121.513 13.011 -32.543 123.296
3 0 13.011 -32.543 123.296 13.064 -33.213 123.420 16.231 -33.005 121.619
3 0 12.774 -36.580 122.822 16.297 -36.379 120.987 16.644 -36.480 121.566
3 0 16.644 -36.480 121.566 13.051 -36.713 123.432 12.774 -36.580 122.822
3 0 12.540 -36.202 122.304 15.972 -36.028 120.500 16.297 -36.379 120.987
3 0 16.297 -36.379 120.987 12.774 -36.580 122.822 12.540 -36.202 122.304
3 0 12.384 -35.635 121.957 15.717 -35.481 120.179 15.972 -36.028 120.500
3 0 15.972 -36.028 120.500 12.540 -36.202 122.304 12.384 -35.635 121.957
3 0 12.332 -34.965 121.833 15.572 -34.822 120.073 15.717 -35.481 120.179
3 0 15.717 -35.481 120.179 12.384 -35.635 121.957 12.332 -34.965 121.833
3 0 13.341 -33.345 124.030 16.578 -33.107 122.198 16.231 -33.005 121.619
3 0 16.231 -33.005 121.619 13.064 -33.213 123.420 13.341 -33.345 124.030
3 0 13.575 -33.723 124.548 16.904 -33.458 122.685 16.578 -33.107 122.198
3 0 16.578 -33.107 122.198 13.341 -33.345 124.030 13.575 -33.723 124.548
3 0 13.730 -34.290 124.895 17.158 -34.004 123.006 16.904 -33.458 122.685
3 0 16.904 -33.458 122.685 13.575 -33.723 124.548 13.730 -34.290 124.895
3 0 13.783 -34.960 125.018 17.303 -34.663 123.112 17.158 -34.004 123.006
3 0 17.158 -34.004 123.006 13.730 -34.290 124.895 13.783 -34.960 125.018
3 0 13.492 -38.327 124.420 17.368 -38.036 122.479 17.715 -38.137 123.059
3 0 17.715 -38.137 123.059 13.769 -38.459 125.030 13.492 -38.327 124.420
3 0 13.258 -37.948 123.902 17.043 -37.685 121.992 17.368 -38.036 122.479
3 0 17.368 -38.036 122.479 13.492 -38.327 124.420 13.258 -37.948 123.902
3 0 13.103 -37.381 123.555 16.788 -37.139 121.672 17.043 -37.685 121.992
3 0 17.043 -37.685 121.992 13.258 -37.948 123.902 13.103 -37.381 123.555
3 0 13.051 -36.713 123.432 16.644 -36.480 121.566 16.788 -37.139 121.672
3 0 16.788 -37.139 121.672 13.103 -37.381 123.555 13.051 -36.713 123.432
3 0 14.060 -35.091 125.628 17.650 -34.764 123.690 17.303 -34.663 123.112
3 0 17.303 -34.663 123.112 13.783 -34.960 125.018 14.060 -35.091 125.628
3 0 14.294 -35.470 126.146 17.975 -35.115 124.177 17.650 -34.764 123.690
3 0 17.650 -34.764 123.690 14.060 -35.091 125.628 14.294 -35.470 126.146
3 0 14.449 -36.037 126.493 18.229 -35.661 124.498 17.975 -35.115 124.177
3 0 17.975 -35.115 124.177 14.294 -35.470 126.146 14.449 -36.037 126.493
3 0 14.502 -36.706 126.616 18.374 -36.320 124.604 18.229 -35.661 124.498
3 0 18.229 -35.661 124.498 14.449 -36.037 126.493 14.502 -36.706 126.616
3 0 18.721 -36.422 125.183 18.374 -36.320 124.604 14.502 -36.706 126.616
3 0 14.502 -36.706 126.616 14.779 -36.839 127.226 18.721 -36.422 125.183
3 0 19.047 -36.773 125.670 18.721 -36.422 125.183 14.779 -36.839 127.226
3 0 14.779 -36.839 127.226 15.013 -37.217 127.744 19.047 -36.773 125.670
3 0 19.301 -37.319 125.991 19.047 -36.773 125.670 15.013 -37.217 127.744
3 0 15.013 -37.217 127.744 15.168 -37.784 128.091 19.301 -37.319 125.991
3 0 19.446 -37.978 126.097 19.301 -37.319 125.991 15.168 -37.784 128.091
3 0 15.168 -37.784 128.091 15.221 -38.454 128.215 19.446 -37.978 126.097
3 0 19.459 -38.649 125.971 19.446 -37.978 126.097 15.221 -38.454 128.215
3 0 15.221 -38.454 128.215 15.163 -39.123 128.096 19.459 -38.649 125.971
3 0 19.338 -39.230 125.633 19.459 -38.649 125.971 15.163 -39.123 128.096
3 0 15.163 -39.123 128.096 15.004 -39.692 127.753 19.338 -39.230 125.633
3 0 19.102 -39.633 125.135 19.338 -39.230 125.633 15.004 -39.692 127.753
3 0 15.004 -39.692 127.753 14.767 -40.072 127.238 19.102 -39.633 125.135
3 0 18.787 -39.795 124.552 19.102 -39.633 125.135 14.767 -40.072 127.238
3 0 14.767 -40.072 127.238 14.489 -40.206 126.629 18.787 -39.795 124.552
3 0 18.440 -39.694 123.972 18.787 -39.795 124.552 14.489 -40.206 126.629
3 0 14.489 -40.206 126.629 14.211 -40.074 126.019 18.440 -39.694 123.972
3 0 18.114 -39.343 123.485 18.440 -39.694 123.972 14.211 -40.074 126.019
3 0 14.211 -40.074 126.019 13.977 -39.696 125.501 18.114 -39.343 123.485
3 0 17.860 -38.796 123.164 18.114 -39.343 123.485 13.977 -39.696 125.501
3 0 13.977 -39.696 125.501 13.822 -39.129 125.154 17.860 -38.796 123.164
3 0 17.715 -38.137 123.059 17.860 -38.796 123.164 13.822 -39.129 125.154
3 0 13.822 -39.129 125.154 13.769 -38.459 125.030 17.715 -38.137 123.059
3 0 18.383 -34.215 117.497 18.770 -34.295 118.054 15.572 -34.822 120.073
3 0 15.572 -34.822 120.073 15.225 -34.721 119.494 18.383 -34.215 117.497
3 0 18.003 -33.886 117.035 18.383 -34.215 117.497 15.225 -34.721 119.494
3 0 15.225 -34.721 119.494 14.900 -34.370 119.007 18.003 -33.886 117.035
3 0 17.687 -33.358 116.738 18.003 -33.886 117.035 14.900 -34.370 119.007
3 0 14.900 -34.370 119.007 14.646 -33.824 118.686 17.687 -33.358 116.738
3 0 17.484 -32.712 116.651 17.687 -33.358 116.738 14.646 -33.824 118.686
3 0 14.646 -33.824 118.686 14.501 -33.165 118.581 17.484 -32.712 116.651
3 0 17.424 -32.046 116.788 17.484 -32.712 116.651 14.501 -33.165 118.581
3 0 14.501 -33.165 118.581 14.488 -32.494 118.706 17.424 -32.046 116.788
3 0 17.517 -31.461 117.128 17.424 -32.046 116.788 14.488 -32.494 118.706
3 0 14.488 -32.494 118.706 14.608 -31.913 119.044 17.517 -31.461 117.128
3 0 17.749 -31.047 117.619 17.517 -31.461 117.128 14.608 -31.913 119.044
3 0 14.608 -31.913 119.044 14.844 -31.510 119.542 17.749 -31.047 117.619
3 0 18.083 -30.866 118.186 17.749 -31.047 117.619 14.844 -31.510 119.542
3 0 14.844 -31.510 119.542 15.160 -31.347 120.126 18.083 -30.866 118.186
3 0 18.470 -30.946 118.743 18.083 -30.866 118.186 15.160 -31.347 120.126
3 0 15.160 -31.347 120.126 15.507 -31.449 120.705 18.470 -30.946 118.743
3 0 18.850 -31.274 119.205 18.470 -30.946 118.743 15.507 -31.449 120.705
3 0 15.507 -31.449 120.705 15.832 -31.800 121.192 18.850 -31.274 119.205
3 0 19.166 -31.802 119.502 18.850 -31.274 119.205 15.832 -31.800 121.192
3 0 15.832 -31.800 121.192 16.087 -32.346 121.513 19.166 -31.802 119.502
3 0 19.369 -32.448 119.588 19.166 -31.802 119.502 16.087 -32.346 121.513
3 0 16.087 -32.346 121.513 16.231 -33.005 121.619 19.369 -32.448 119.588
3 0 16.297 -36.379 120.987 19.669 -35.798 118.899 20.055 -35.878 119.456
3 0 20.055 -35.878 119.456 16.644 -36.480 121.566 16.297 -36.379 120.987
3 0 15.972 -36.028 120.500 19.288 -35.469 118.437 19.669 -35.798 118.899
3 0 19.669 -35.798 118.899 16.297 -36.379 120.987 15.972 -36.028 120.500
3 0 15.717 -35.481 120.179 18.973 -34.941 118.140 19.288 -35.469 118.437
3 0 19.288 -35.469 118.437 15.972 -36.028 120.500 15.717 -35.481 120.179
3 0 15.572 -34.822 120.073 18.770 -34.295 118.054 18.973 -34.941 118.140
3 0 18.973 -34.941 118.140 15.717 -35.481 120.179 15.572 -34.822 120.073
3 0 16.578 -33.107 122.198 19.756 -32.528 120.145 19.369 -32.448 119.588
3 0 19.369 -32.448 119.588 16.231 -33.005 121.619 16.578 -33.107 122.198
3 0 16.904 -33.458 122.685 20.136 -32.857 120.607 19.756 -32.528 120.145
3 0 19.756 -32.528 120.145 16.578 -33.107 122.198 16.904 -33.458 122.685
3 0 17.158 -34.004 123.006 20.451 -33.385 120.904 20.136 -32.857 120.607
3 0 20.136 -32.857 120.607 16.904 -33.458 122.685 17.158 -34.004 123.006
3 0 17.303 -34.663 123.112 20.655 -34.031 120.991 20.451 -33.385 120.904
3 0 20.451 -33.385 120.904 17.158 -34.004 123.006 17.303 -34.663 123.112
3 0 17.368 -38.036 122.479 20.954 -37.380 120.301 21.341 -37.460 120.858
3 0 21.341 -37.460 120.858 17.715 -38.137 123.059 17.368 -38.036 122.479
3 0 17.043 -37.685 121.992 20.574 -37.051 119.839 20.954 -37.380 120.301
3 0 20.954 -37.380 120.301 17.368 -38.036 122.479 17.043 -37.685 121.992
3 0 16.788 -37.139 121.672 20.258 -36.523 119.542 20.574 -37.051 119.839
3 0 20.574 -37.051 119.839 17.043 -37.685 121.992 16.788 -37.139 121.672
3 0 16.644 -36.480 121.566 20.055 -35.878 119.456 20.258 -36.523 119.542
3 0 20.258 -36.523 119.542 16.788 -37.139 121.672 16.644 -36.480 121.566
3 0 17.650 -34.764 123.690 21.041 -34.110 121.547 20.655 -34.031 120.991
3 0 20.655 -34.031 120.991 17.303 -34.663 123.112 17.650 -34.764 123.690
3 0 17.975 -35.115 124.177 21.421 -34.439 122.009 21.041 -34.110 121.547
3 0 21.041 -34.110 121.547 17.650 -34.764 123.690 17.975 -35.115 124.177
3 0 18.229 -35.661 124.498 21.737 -34.967 122.306 21.421 -34.439 122.009
3 0 21.421 -34.439 122.009 17.975 -35.115 124.177 18.229 -35.661 124.498
3 0 18.374 -36.320 124.604 21.940 -35.613 122.393 21.737 -34.967 122.306
3 0 21.737 -34.967 122.306 18.229 -35.661 124.498 18.374 -36.320 124.604
3 0 22.327 -35.693 122.950 21.940 -35.613 122.393 18.374 -36.320 124.604
3 0 18.374 -36.320 124.604 18.721 -36.422 125.183 22.327 -35.693 122.950
3 0 22.707 -36.022 123.412 22.327 -35.693 122.950 18.721 -36.422 125.183
3 0 18.721 -36.422 125.183 19.047 -36.773 125.670 22.707 -36.022 123.412
3 0 23.022 -36.550 123.709 22.707 -36.022 123.412 19.047 -36.773 125.670
3 0 19.047 -36.773 125.670 19.301 -37.319 125.991 23.022 -36.550 123.709
3 0 23.226 -37.196 123.795 23.022 -36.550 123.709 19.301 -37.319 125.991
3 0 19.301 -37.319 125.991 19.446 -37.978 126.097 23.226 -37.196 123.795
3 0 23.285 -37.862 123.658 23.226 -37.196 123.795 19.446 -37.978 126.097
3 0 19.446 -37.978 126.097 19.459 -38.649 125.971 23.285 -37.862 123.658
3 0 23.192 -38.447 123.319 23.285 -37.862 123.658 19.459 -38.649 125.971
3 0 19.459 -38.649 125.971 19.338 -39.230 125.633 23.192 -38.447 123.319
3 0 22.961 -38.862 122.828 23.192 -38.447 123.319 19.338 -39.230 125.633
3 0 19.338 -39.230 125.633 19.102 -39.633 125.135 22.961 -38.862 122.828
3 0 22.626 -39.043 122.261 22.961 -38.862 122.828 19.102 -39.633 125.135
3 0 19.102 -39.633 125.135 18.787 -39.795 124.552 22.626 -39.043 122.261
3 0 22.240 -38.963 121.704 22.626 -39.043 122.261 18.787 -39.795 124.552
3 0 18.787 -39.795 124.552 18.440 -39.694 123.972 22.240 -38.963 121.704
3 0 21.859 -38.634 121.242 22.240 -38.963 121.704 18.440 -39.694 123.972
3 0 18.440 -39.694 123.972 18.114 -39.343 123.485 21.859 -38.634 121.242
3 0 21.544 -38.106 120.945 21.859 -38.634 121.242 18.114 -39.343 123.485
3 0 18.114 -39.343 123.485 17.860 -38.796 123.164 21.544 -38.106 120.945
3 0 21.341 -37.460 120.858 21.544 -38.106 120.945 17.860 -38.796 123.164
3 0 17.860 -38.796 123.164 17.715 -38.137 123.059 21.341 -37.460 120.858
3 0 21.461 -33.425 115.328 21.874 -33.489 115.867 18.770 -34.295 118.054
3 0 18.770 -34.295 118.054 18.383 -34.215 117.497 21.461 -33.425 115.328
3 0 21.043 -33.114 114.886 21.461 -33.425 115.328 18.383 -34.215 117.497
3 0 18.383 -34.215 117.497 18.003 -33.886 117.035 21.043 -33.114 114.886
3 0 20.685 -32.602 114.610 21.043 -33.114 114.886 18.003 -33.886 117.035
3 0 18.003 -33.886 117.035 17.687 -33.358 116.738 20.685 -32.602 114.610
3 0 20.441 -31.968 114.541 20.685 -32.602 114.610 17.687 -33.358 116.738
3 0 17.687 -33.358 116.738 17.484 -32.712 116.651 20.441 -31.968 114.541
3 0 20.348 -31.308 114.691 20.441 -31.968 114.541 17.484 -32.712 116.651
3 0 17.484 -32.712 116.651 17.424 -32.046 116.788 20.348 -31.308 114.691
3 0 20.421 -30.723 115.035 20.348 -31.308 114.691 17.424 -32.046 116.788
3 0 17.424 -32.046 116.788 17.517 -31.461 117.128 20.421 -30.723 115.035
3 0 20.647 -30.302 115.522 20.421 -30.723 115.035 17.517 -31.461 117.128
3 0 17.517 -31.461 117.128 17.749 -31.047 117.619 20.647 -30.302 115.522
3 0 20.993 -30.109 116.078 20.647 -30.302 115.522 17.749 -31.047 117.619
3 0 17.749 -31.047 117.619 18.083 -30.866 118.186 20.993 -30.109 116.078
3 0 21.407 -30.172 116.618 20.993 -30.109 116.078 18.083 -30.866 118.186
3 0 18.083 -30.866 118.186 18.470 -30.946 118.743 21.407 -30.172 116.618
3 0 21.824 -30.484 117.059 21.407 -30.172 116.618 18.470 -30.946 118.743
3 0 18.470 -30.946 118.743 18.850 -31.274 119.205 21.824 -30.484 117.059
3 0 22.182 -30.996 117.336 21.824 -30.484 117.059 18.850 -31.274 119.205
3 0 18.850 -31.274 119.205 19.166 -31.802 119.502 22.182 -30.996 117.336
3 0 22.426 -31.630 117.404 22.182 -30.996 117.336 19.166 -31.802 119.502
3 0 19.166 -31.802 119.502 19.369 -32.448 119.588 22.426 -31.630 117.404
3 0 19.669 -35.798 118.899 22.894 -34.947 116.654 23.307 -35.010 117.194
3 0 23.307 -35.010 117.194 20.055 -35.878 119.456 19.669 -35.798 118.899
3 0 19.288 -35.469 118.437 22.476 -34.635 116.212 22.894 -34.947 116.654
3 0 22.894 -34.947 116.654 19.669 -35.798 118.899 19.288 -35.469 118.437
3 0 18.973 -34.941 118.140 22.118 -34.123 115.936 22.476 -34.635 116.212
3 0 22.476 -34.635 116.212 19.288 -35.469 118.437 18.973 -34.941 118.140
3 0 18.770 -34.295 118.054 21.874 -33.489 115.867 22.118 -34.123 115.936
3 0 22.118 -34.123 115.936 18.973 -34.941 118.140 18.770 -34.295 118.054
3 0 19.756 -32.528 120.145 22.839 -31.694 117.944 22.426 -31.630 117.404
3 0 22.426 -31.630 117.404 19.369 -32.448 119.588 19.756 -32.528 120.145
3 0 20.136 -32.857 120.607 23.257 -32.005 118.386 22.839 -31.694 117.944
3 0 22.839 -31.694 117.944 19.756 -32.528 120.145 20.136 -32.857 120.607
3 0 20.451 -33.385 120.904 23.615 -32.517 118.662 23.257 -32.005 118.386
3 0 23.257 -32.005 118.386 20.136 -32.857 120.607 20.451 -33.385 120.904
3 0 20.655 -34.031 120.991 23.859 -33.151 118.731 23.615 -32.517 118.662
3 0 23.615 -32.517 118.662 20.451 -33.385 120.904 20.655 -34.031 120.991
3 0 20.954 -37.380 120.301 24.326 -36.467 117.980 24.739 -36.531 118.519
3 0 24.739 -36.531 118.519 21.341 -37.460 120.858 20.954 -37.380 120.301
3 0 20.574 -37.051 119.839 23.908 -36.156 117.538 24.326 -36.467 117.980
3 0 24.326 -36.467 117.980 20.954 -37.380 120.301 20.574 -37.051 119.839
3 0 20.258 -36.523 119.542 23.550 -35.644 117.262 23.908 -36.156 117.538
3 0 23.908 -36.156 117.538 20.574 -37.051 119.839 20.258 -36.523 119.542
3 0 20.055 -35.878 119.456 23.307 -35.010 117.194 23.550 -35.644 117.262
3 0 23.550 -35.644 117.262 20.258 -36.523 119.542 20.055 -35.878 119.456
3 0 21.041 -34.110 121.547 24.271 -33.214 119.270 23.859 -33.151 118.731
3 0 23.859 -33.151 118.731 20.655 -34.031 120.991 21.041 -34.110 121.547
3 0 21.421 -34.439 122.009 24.689 -33.526 119.711 24.271 -33.214 119.270
3 0 24.271 -33.214 119.270 21.041 -34.110 121.547 21.421 -34.439 122.009
3 0 21.737 -34.967 122.306 25.047 -34.037 119.988 24.689 -33.526 119.711
3 0 24.689 -33.526 119.711 21.421 -34.439 122.009 21.737 -34.967 122.306
3 0 21.940 -35.613 122.393 25.291 -34.671 120.056 25.047 -34.037 119.988
3 0 25.047 -34.037 119.988 21.737 -34.967 122.306 21.940 -35.613 122.393
3 0 25.704 -34.735 120.596 25.291 -34.671 120.056 21.940 -35.613 122.393
3 0 21.940 -35.613 122.393 22.327 -35.693 122.950 25.704 -34.735 120.596
3 0 26.122 -35.047 121.038 25.704 -34.735 120.596 22.327 -35.693 122.950
3 0 22.327 -35.693 122.950 22.707 -36.022 123.412 26.122 -35.047 121.038
3 0 26.480 -35.559 121.314 26.122 -35.047 121.038 22.707 -36.022 123.412
3 0 22.707 -36.022 123.412 23.022 -36.550 123.709 26.480 -35.559 121.314
3 0 26.724 -36.193 121.382 26.480 -35.559 121.314 23.022 -36.550 123.709
3 0 23.022 -36.550 123.709 23.226 -37.196 123.795 26.724 -36.193 121.382
3 0 26.817 -36.852 121.233 26.724 -36.193 121.382 23.226 -37.196 123.795
3 0 23.226 -37.196 123.795 23.285 -37.862 123.658 26.817 -36.852 121.233
3 0 26.744 -37.437 120.889 26.817 -36.852 121.233 23.285 -37.862 123.658
3 0 23.285 -37.862 123.658 23.192 -38.447 123.319 26.744 -37.437 120.889
3 0 26.518 -37.859 120.402 26.744 -37.437 120.889 23.192 -38.447 123.319
3 0 23.192 -38.447 123.319 22.961 -38.862 122.828 26.518 -37.859 120.402
3 0 26.172 -38.052 119.846 26.518 -37.859 120.402 22.961 -38.862 122.828
3 0 22.961 -38.862 122.828 22.626 -39.043 122.261 26.172 -38.052 119.846
3 0 25.758 -37.988 119.306 26.172 -38.052 119.846 22.626 -39.043 122.261
3 0 22.626 -39.043 122.261 22.240 -38.963 121.704 25.758 -37.988 119.306
3 0 25.341 -37.677 118.864 25.758 -37.988 119.306 22.240 -38.963 121.704
3 0 22.240 -38.963 121.704 21.859 -38.634 121.242 25.341 -37.677 118.864
3 0 24.983 -37.165 118.588 25.341 -37.677 118.864 21.859 -38.634 121.242
3 0 21.859 -38.634 121.242 21.544 -38.106 120.945 24.983 -37.165 118.588
3 0 24.739 -36.531 118.519 24.983 -37.165 118.588 21.544 -38.106 120.945
3 0 21.544 -38.106 120.945 21.341 -37.460 120.858 24.739 -36.531 118.519
3 0 24.458 -32.425 113.045 24.889 -32.477 113.571 21.874 -33.489 115.867
3 0 21.874 -33.489 115.867 21.461 -33.425 115.328 24.458 -32.425 113.045
3 0 24.014 -32.127 112.620 24.458 -32.425 113.045 21.461 -33.425 115.328
3 0 21.461 -33.425 115.328 21.043 -33.114 114.886 24.014 -32.127 112.620
3 0 23.626 -31.629 112.361 24.014 -32.127 112.620 21.043 -33.114 114.886
3 0 21.043 -33.114 114.886 20.685 -32.602 114.610 23.626 -31.629 112.361
3 0 23.353 -31.005 112.308 23.626 -31.629 112.361 20.685 -32.602 114.610
3 0 20.685 -32.602 114.610 20.441 -31.968 114.541 23.353 -31.005 112.308
3 0 23.235 -30.352 112.469 23.353 -31.005 112.308 20.441 -31.968 114.541
3 0 20.441 -31.968 114.541 20.348 -31.308 114.691 23.235 -30.352 112.469
3 0 23.292 -29.768 112.819 23.235 -30.352 112.469 20.348 -31.308 114.691
3 0 20.348 -31.308 114.691 20.421 -30.723 115.035 23.292 -29.768 112.819
3 0 23.514 -29.343 113.305 23.292 -29.768 112.819 20.421 -30.723 115.035
3 0 20.421 -30.723 115.035 20.647 -30.302 115.522 23.514 -29.343 113.305
3 0 23.868 -29.142 113.853 23.514 -29.343 113.305 20.647 -30.302 115.522
3 0 20.647 -30.302 115.522 20.993 -30.109 116.078 23.868 -29.142 113.853
3 0 24.300 -29.194 114.379 23.868 -29.142 113.853 20.993 -30.109 116.078
3 0 20.993 -30.109 116.078 21.407 -30.172 116.618 24.300 -29.194 114.379
3 0 24.744 -29.492 114.804 24.300 -29.194 114.379 21.407 -30.172 116.618
3 0 21.407 -30.172 116.618 21.824 -30.484 117.059 24.744 -29.492 114.804
3 0 25.132 -29.991 115.063 24.744 -29.492 114.804 21.824 -30.484 117.059
3 0 21.824 -30.484 117.059 22.182 -30.996 117.336 25.132 -29.991 115.063
3 0 25.405 -30.614 115.116 25.132 -29.991 115.063 22.182 -30.996 117.336
3 0 22.182 -30.996 117.336 22.426 -31.630 117.404 25.405 -30.614 115.116
3 0 22.894 -34.947 116.654 25.995 -33.898 114.308 26.426 -33.950 114.834
3 0 26.426 -33.950 114.834 23.307 -35.010 117.194 22.894 -34.947 116.654
3 0 22.476 -34.635 116.212 25.551 -33.600 113.883 25.995 -33.898 114.308
3 0 25.995 -33.898 114.308 22.894 -34.947 116.654 22.476 -34.635 116.212
3 0 22.118 -34.123 115.936 25.163 -33.101 113.624 25.551 -33.600 113.883
3 0 25.551 -33.600 113.883 22.476 -34.635 116.212 22.118 -34.123 115.936
3 0 21.874 -33.489 115.867 24.889 -32.477 113.571 25.163 -33.101 113.624
3 0 25.163 -33.101 113.624 22.118 -34.123 115.936 21.874 -33.489 115.867
3 0 22.839 -31.694 117.944 25.837 -30.666 115.642 25.405 -30.614 115.116
3 0 25.405 -30.614 115.116 22.426 -31.630 117.404 22.839 -31.694 117.944
3 0 23.257 -32.005 118.386 26.281 -30.964 116.067 25.837 -30.666 115.642
3 0 25.837 -30.666 115.642 22.839 -31.694 117.944 23.257 -32.005 118.386
3 0 23.615 -32.517 118.662 26.669 -31.463 116.326 26.281 -30.964 116.067
3 0 26.281 -30.964 116.067 23.257 -32.005 118.386 23.615 -32.517 118.662
3 0 23.859 -33.151 118.731 26.942 -32.087 116.379 26.669 -31.463 116.326
3 0 26.669 -31.463 116.326 23.615 -32.517 118.662 23.859 -33.151 118.731
3 0 24.326 -36.467 117.980 27.531 -35.370 115.570 27.963 -35.422 116.097
3 0 27.963 -35.422 116.097 24.739 -36.531 118.519 24.326 -36.467 117.980
3 0 23.908 -36.156 117.538 27.088 -35.072 115.145 27.531 -35.370 115.570
3 0 27.531 -35.370 115.570 24.326 -36.467 117.980 23.908 -36.156 117.538
3 0 23.550 -35.644 117.262 26.699 -34.573 114.887 27.088 -35.072 115.145
3 0 27.088 -35.072 115.145 23.908 -36.156 117.538 23.550 -35.644 117.262
3 0 23.307 -35.010 117.194 26.426 -33.950 114.834 26.699 -34.573 114.887
3 0 26.699 -34.573 114.887 23.550 -35.644 117.262 23.307 -35.010 117.194
3 0 24.271 -33.214 119.270 27.373 -32.138 116.905 26.942 -32.087 116.379
3 0 26.942 -32.087 116.379 23.859 -33.151 118.731 24.271 -33.214 119.270
3 0 24.689 -33.526 119.711 27.817 -32.436 117.330 27.373 -32.138 116.905
3 0 27.373 -32.138 116.905 24.271 -33.214 119.270 24.689 -33.526 119.711
3 0 25.047 -34.037 119.988 28.205 -32.935 117.588 27.817 -32.436 117.330
3 0 27.817 -32.436 117.330 24.689 -33.526 119.711 25.047 -34.037 119.988
3 0 25.291 -34.671 120.056 28.479 -33.558 117.641 28.205 -32.935 117.588
3 0 28.205 -32.935 117.588 25.047 -34.037 119.988 25.291 -34.671 120.056
3 0 28.910 -33.611 118.168 28.479 -33.558 117.641 25.291 -34.671 120.056
3 0 25.291 -34.671 120.056 25.704 -34.735 120.596 28.910 -33.611 118.168
3 0 29.354 -33.909 118.593 28.910 -33.611 118.168 25.704 -34.735 120.596
3 0 25.704 -34.735 120.596 26.122 -35.047 121.038 29.354 -33.909 118.593
3 0 29.742 -34.407 118.851 29.354 -33.909 118.593 26.122 -35.047 121.038
3 0 26.122 -35.047 121.038 26.480 -35.559 121.314 29.742 -34.407 118.851
3 0 30.016 -35.031 118.904 29.742 -34.407 118.851 26.480 -35.559 121.314
3 0 26.480 -35.559 121.314 26.724 -36.193 121.382 30.016 -35.031 118.904
3 0 30.133 -35.684 118.743 30.016 -35.031 118.904 26.724 -36.193 121.382
3 0 26.724 -36.193 121.382 26.817 -36.852 121.233 30.133 -35.684 118.743
3 0 30.076 -36.268 118.393 30.133 -35.684 118.743 26.817 -36.852 121.233
3 0 26.817 -36.852 121.233 26.744 -37.437 120.889 30.076 -36.268 118.393
3 0 29.854 -36.693 117.907 30.076 -36.268 118.393 26.744 -37.437 120.889
3 0 26.744 -37.437 120.889 26.518 -37.859 120.402 29.854 -36.693 117.907
3 0 29.500 -36.894 117.360 29.854 -36.693 117.907 26.518 -37.859 120.402
3 0 26.518 -37.859 120.402 26.172 -38.052 119.846 29.500 -36.894 117.360
3 0 29.068 -36.842 116.833 29.500 -36.894 117.360 26.172 -38.052 119.846
3 0 26.172 -38.052 119.846 25.758 -37.988 119.306 29.068 -36.842 116.833
3 0 28.625 -36.544 116.408 29.068 -36.842 116.833 25.758 -37.988 119.306
3 0 25.758 -37.988 119.306 25.341 -37.677 118.864 28.625 -36.544 116.408
3 0 28.236 -36.045 116.150 28.625 -36.544 116.408 25.341 -37.677 118.864
3 0 25.341 -37.677 118.864 24.983 -37.165 118.588 28.236 -36.045 116.150
3 0 27.963 -35.422 116.097 28.236 -36.045 116.150 24.983 -37.165 118.588
3 0 24.983 -37.165 118.588 24.739 -36.531 118.519 27.963 -35.422 116.097
3 0 27.373 -31.269 110.686 27.819 -31.311 111.202 24.889 -32.477 113.571
3 0 24.889 -32.477 113.571 24.458 -32.425 113.045 27.373 -31.269 110.686
3 0 26.909 -30.982 110.276 27.373 -31.269 110.686 24.458 -32.425 113.045
3 0 24.458 -32.425 113.045 24.014 -32.127 112.620 26.909 -30.982 110.276
3 0 26.497 -30.494 110.033 26.909 -30.982 110.276 24.014 -32.127 112.620
3 0 24.014 -32.127 112.620 23.626 -31.629 112.361 26.497 -30.494 110.033
3 0 26.200 -29.881 109.995 26.497 -30.494 110.033 23.626 -31.629 112.361
3 0 23.626 -31.629 112.361 23.353 -31.005 112.308 26.200 -29.881 109.995
3 0 26.063 -29.234 110.167 26.200 -29.881 109.995 23.353 -31.005 112.308
3 0 23.353 -31.005 112.308 23.235 -30.352 112.469 26.063 -29.234 110.167
3 0 26.108 -28.653 110.523 26.063 -29.234 110.167 23.235 -30.352 112.469
3 0 23.235 -30.352 112.469 23.292 -29.768 112.819 26.108 -28.653 110.523
3 0 26.326 -28.226 111.009 26.108 -28.653 110.523 23.292 -29.768 112.819
3 0 23.292 -29.768 112.819 23.514 -29.343 113.305 26.326 -28.226 111.009
3 0 26.686 -28.018 111.550 26.326 -28.226 111.009 23.514 -29.343 113.305
3 0 23.514 -29.343 113.305 23.868 -29.142 113.853 26.686 -28.018 111.550
3 0 27.132 -28.061 112.066 26.686 -28.018 111.550 23.868 -29.142 113.853
3 0 23.868 -29.142 113.853 24.300 -29.194 114.379 27.132 -28.061 112.066
3 0 27.596 -28.348 112.476 27.132 -28.061 112.066 24.300 -29.194 114.379
3 0 24.300 -29.194 114.379 24.744 -29.492 114.804 27.596 -28.348 112.476
3 0 28.008 -28.835 112.719 27.596 -28.348 112.476 24.744 -29.492 114.804
3 0 24.744 -29.492 114.804 25.132 -29.991 115.063 28.008 -28.835 112.719
3 0 28.305 -29.449 112.757 28.008 -28.835 112.719 25.132 -29.991 115.063
3 0 25.132 -29.991 115.063 25.405 -30.614 115.116 28.305 -29.449 112.757
3 0 25.995 -33.898 114.308 28.993 -32.699 111.893 29.439 -32.742 112.409
3 0 29.439 -32.742 112.409 26.426 -33.950 114.834 25.995 -33.898 114.308
3 0 25.551 -33.600 113.883 28.529 -32.412 111.483 28.993 -32.699 111.893
3 0 28.993 -32.699 111.893 25.995 -33.898 114.308 25.551 -33.600 113.883
3 0 25.163 -33.101 113.624 28.116 -31.925 111.240 28.529 -32.412 111.483
3 0 28.529 -32.412 111.483 25.551 -33.600 113.883 25.163 -33.101 113.624
3 0 24.889 -32.477 113.571 27.819 -31.311 111.202 28.116 -31.925 111.240
3 0 28.116 -31.925 111.240 25.163 -33.101 113.624 24.889 -32.477 113.571
3 0 25.837 -30.666 115.642 28.751 -29.491 113.273 28.305 -29.449 112.757
3 0 28.305 -29.449 112.757 25.405 -30.614 115.116 25.837 -30.666 115.642
3 0 26.281 -30.964 116.067 29.216 -29.778 113.683 28.751 -29.491 113.273
3 0 28.751 -29.491 113.273 25.837 -30.666 115.642 26.281 -30.964 116.067
3 0 26.669 -31.463 116.326 29.628 -30.266 113.926 29.216 -29.778 113.683
3 0 29.216 -29.778 113.683 26.281 -30.964 116.067 26.669 -31.463 116.326
3 0 26.942 -32.087 116.379 29.925 -30.879 113.964 29.628 -30.266 113.926
3 0 29.628 -30.266 113.926 26.669 -31.463 116.326 26.942 -32.087 116.379
3 0 27.531 -35.370 115.570 30.612 -34.129 113.100 31.058 -34.172 113.615
3 0 31.058 -34.172 113.615 27.963 -35.422 116.097 27.531 -35.370 115.570
3 0 27.088 -35.072 115.145 30.147 -33.842 112.689 30.612 -34.129 113.100
3 0 30.612 -34.129 113.100 27.531 -35.370 115.570 27.088 -35.072 115.145
3 0 26.699 -34.573 114.887 29.735 -33.355 112.447 30.147 -33.842 112.689
3 0 30.147 -33.842 112.689 27.088 -35.072 115.145 26.699 -34.573 114.887
3 0 26.426 -33.950 114.834 29.439 -32.742 112.409 29.735 -33.355 112.447
3 0 29.735 -33.355 112.447 26.699 -34.573 114.887 26.426 -33.950 114.834
3 0 27.373 -32.138 116.905 30.370 -30.921 114.479 29.925 -30.879 113.964
3 0 29.925 -30.879 113.964 26.942 -32.087 116.379 27.373 -32.138 116.905
3 0 27.817 -32.436 117.330 30.834 -31.208 114.889 30.370 -30.921 114.479
3 0 30.370 -30.921 114.479 27.373 -32.138 116.905 27.817 -32.436 117.330
3 0 28.205 -32.935 117.588 31.246 -31.696 115.132 30.834 -31.208 114.889
3 0 30.834 -31.208 114.889 27.817 -32.436 117.330 28.205 -32.935 117.588
3 0 28.479 -33.558 117.641 31.543 -32.309 115.171 31.246 -31.696 115.132
3 0 31.246 -31.696 115.132 28.205 -32.935 117.588 28.479 -33.558 117.641
3 0 31.990 -32.352 115.686 31.543 -32.309 115.171 28.479 -33.558 117.641
3 0 28.479 -33.558 117.641 28.910 -33.611 118.168 31.990 -32.352 115.686
3 0 32.454 -32.639 116.096 31.990 -32.352 115.686 28.910 -33.611 118.168
3 0 28.910 -33.611 118.168 29.354 -33.909 118.593 32.454 -32.639 116.096
3 0 32.866 -33.126 116.339 32.454 -32.639 116.096 29.354 -33.909 118.593
3 0 29.354 -33.909 118.593 29.742 -34.407 118.851 32.866 -33.126 116.339
3 0 33.163 -33.740 116.378 32.866 -33.126 116.339 29.742 -34.407 118.851
3 0 29.742 -34.407 118.851 30.016 -35.031 118.904 33.163 -33.740 116.378
3 0 33.300 -34.386 116.206 33.163 -33.740 116.378 30.016 -35.031 118.904
3 0 30.016 -35.031 118.904 30.133 -35.684 118.743 33.300 -34.386 116.206
3 0 33.255 -34.967 115.850 33.300 -34.386 116.206 30.133 -35.684 118.743
3 0 30.133 -35.684 118.743 30.076 -36.268 118.393 33.255 -34.967 115.850
3 0 33.037 -35.394 115.364 33.255 -34.967 115.850 30.076 -36.268 118.393
3 0 30.076 -36.268 118.393 29.854 -36.693 117.907 33.037 -35.394 115.364
3 0 32.677 -35.602 114.822 33.037 -35.394 115.364 29.854 -36.693 117.907
3 0 29.854 -36.693 117.907 29.500 -36.894 117.360 32.677 -35.602 114.822
3 0 32.231 -35.560 114.307 32.677 -35.602 114.822 29.500 -36.894 117.360
3 0 29.500 -36.894 117.360 29.068 -36.842 116.833 32.231 -35.560 114.307
3 0 31.767 -35.273 113.896 32.231 -35.560 114.307 29.068 -36.842 116.833
3 0 29.068 -36.842 116.833 28.625 -36.544 116.408 31.767 -35.273 113.896
3 0 31.355 -34.785 113.654 31.767 -35.273 113.896 28.625 -36.544 116.408
3 0 28.625 -36.544 116.408 28.236 -36.045 116.150 31.355 -34.785 113.654
3 0 31.058 -34.172 113.615 31.355 -34.785 113.654 28.236 -36.045 116.150
3 0 28.236 -36.045 116.150 27.963 -35.422 116.097 31.058 -34.172 113.615
3 0 30.204 -29.973 108.269 30.662 -30.007 108.775 27.819 -31.311 111.202
3 0 27.819 -31.311 111.202 27.373 -31.269 110.686 30.204 -29.973 108.269
3 0 29.723 -29.696 107.872 30.204 -29.973 108.269 27.373 -31.269 110.686
3 0 27.373 -31.269 110.686 26.909 -30.982 110.276 29.723 -29.696 107.872
3 0 29.291 -29.219 107.644 29.723 -29.696 107.872 26.909 -30.982 110.276
3 0 26.909 -30.982 110.276 26.497 -30.494 110.033 29.291 -29.219 107.644
3 0 28.974 -28.614 107.619 29.291 -29.219 107.644 26.497 -30.494 110.033
3 0 26.497 -30.494 110.033 26.200 -29.881 109.995 28.974 -28.614 107.619
3 0 28.821 -27.975 107.802 28.974 -28.614 107.619 26.200 -29.881 109.995
3 0 26.200 -29.881 109.995 26.063 -29.234 110.167 28.821 -27.975 107.802
3 0 28.855 -27.397 108.164 28.821 -27.975 107.802 26.063 -29.234 110.167
3 0 26.063 -29.234 110.167 26.108 -28.653 110.523 28.855 -27.397 108.164
3 0 29.070 -26.969 108.650 28.855 -27.397 108.164 26.108 -28.653 110.523
3 0 26.108 -28.653 110.523 26.326 -28.226 111.009 29.070 -26.969 108.650
3 0 29.434 -26.756 109.187 29.070 -26.969 108.650 26.326 -28.226 111.009
3 0 26.326 -28.226 111.009 26.686 -28.018 111.550 29.434 -26.756 109.187
3 0 29.892 -26.790 109.693 29.434 -26.756 109.187 26.686 -28.018 111.550
3 0 26.686 -28.018 111.550 27.132 -28.061 112.066 29.892 -26.790 109.693
3 0 30.373 -27.067 110.090 29.892 -26.790 109.693 27.132 -28.061 112.066
3 0 27.132 -28.061 112.066 27.596 -28.348 112.476 30.373 -27.067 110.090
3 0 30.805 -27.544 110.318 30.373 -27.067 110.090 27.596 -28.348 112.476
3 0 27.596 -28.348 112.476 28.008 -28.835 112.719 30.805 -27.544 110.318
3 0 31.122 -28.149 110.343 30.805 -27.544 110.318 28.008 -28.835 112.719
3 0 28.008 -28.835 112.719 28.305 -29.449 112.757 31.122 -28.149 110.343
3 0 28.993 -32.699 111.893 31.892 -31.366 109.425 32.350 -31.400 109.931
3 0 32.350 -31.400 109.931 29.439 -32.742 112.409 28.993 -32.699 111.893
3 0 28.529 -32.412 111.483 31.411 -31.089 109.028 31.892 -31.366 109.425
3 0 31.892 -31.366 109.425 28.993 -32.699 111.893 28.529 -32.412 111.483
3 0 28.116 -31.925 111.240 30.979 -30.612 108.800 31.411 -31.089 109.028
3 0 31.411 -31.089 109.028 28.529 -32.412 111.483 28.116 -31.925 111.240
3 0 27.819 -31.311 111.202 30.662 -30.007 108.775 30.979 -30.612 108.800
3 0 30.979 -30.612 108.800 28.116 -31.925 111.240 27.819 -31.311 111.202
3 0 28.751 -29.491 113.273 31.580 -28.183 110.849 31.122 -28.149 110.343
3 0 31.122 -28.149 110.343 28.305 -29.449 112.757 28.751 -29.491 113.273
3 0 29.216 -29.778 113.683 32.061 -28.460 111.246 31.580 -28.183 110.849
3 0 31.580 -28.183 110.849 28.751 -29.491 113.273 29.216 -29.778 113.683
3 0 29.628 -30.266 113.926 32.493 -28.937 111.474 32.061 -28.460 111.246
3 0 32.061 -28.460 111.246 29.216 -29.778 113.683 29.628 -30.266 113.926
3 0 29.925 -30.879 113.964 32.810 -29.542 111.499 32.493 -28.937 111.474
3 0 32.493 -28.937 111.474 29.628 -30.266 113.926 29.925 -30.879 113.964
3 0 30.612 -34.129 113.100 33.579 -32.758 110.581 34.037 -32.793 111.087
3 0 34.037 -32.793 111.087 31.058 -34.172 113.615 30.612 -34.129 113.100
3 0 30.147 -33.842 112.689 33.098 -32.481 110.184 33.579 -32.758 110.581
3 0 33.579 -32.758 110.581 30.612 -34.129 113.100 30.147 -33.842 112.689
3 0 29.735 -33.355 112.447 32.666 -32.004 109.955 33.098 -32.481 110.184
3 0 33.098 -32.481 110.184 30.147 -33.842 112.689 29.735 -33.355 112.447
3 0 29.439 -32.742 112.409 32.350 -31.400 109.931 32.666 -32.004 109.955
3 0 32.666 -32.004 109.955 29.735 -33.355 112.447 29.439 -32.742 112.409
3 0 30.370 -30.921 114.479 33.267 -29.576 112.004 32.810 -29.542 111.499
3 0 32.810 -29.542 111.499 29.925 -30.879 113.964 30.370 -30.921 114.479
3 0 30.834 -31.208 114.889 33.748 -29.853 112.401 33.267 -29.576 112.004
3 0 33.267 -29.576 112.004 30.370 -30.921 114.479 30.834 -31.208 114.889
3 0 31.246 -31.696 115.132 34.180 -30.330 112.630 33.748 -29.853 112.401
3 0 33.748 -29.853 112.401 30.834 -31.208 114.889 31.246 -31.696 115.132
3 0 31.543 -32.309 115.171 34.497 -30.934 112.655 34.180 -30.330 112.630
3 0 34.180 -30.330 112.630 31.246 -31.696 115.132 31.543 -32.309 115.171
3 0 34.955 -30.969 113.160 34.497 -30.934 112.655 31.543 -32.309 115.171
3 0 31.543 -32.309 115.171 31.990 -32.352 115.686 34.955 -30.969 113.160
3 0 35.436 -31.246 113.557 34.955 -30.969 113.160 31.990 -32.352 115.686
3 0 31.990 -32.352 115.686 32.454 -32.639 116.096 35.436 -31.246 113.557
3 0 35.868 -31.723 113.786 35.436 -31.246 113.557 32.454 -32.639 116.096
3 0 32.454 -32.639 116.096 32.866 -33.126 116.339 35.868 -31.723 113.786
3 0 36.185 -32.327 113.811 35.868 -31.723 113.786 32.866 -33.126 116.339
3 0 32.866 -33.126 116.339 33.163 -33.740 116.378 36.185 -32.327 113.811
3 0 36.338 -32.967 113.628 36.185 -32.327 113.811 33.163 -33.740 116.378
3 0 33.163 -33.740 116.378 33.300 -34.386 116.206 36.338 -32.967 113.628
3 0 36.304 -33.545 113.266 36.338 -32.967 113.628 33.300 -34.386 116.206
3 0 33.300 -34.386 116.206 33.255 -34.967 115.850 36.304 -33.545 113.266
3 0 36.089 -33.973 112.780 36.304 -33.545 113.266 33.255 -34.967 115.850
3 0 33.255 -34.967 115.850 33.037 -35.394 115.364 36.089 -33.973 112.780
3 0 35.725 -34.186 112.243 36.089 -33.973 112.780 33.037 -35.394 115.364
3 0 33.037 -35.394 115.364 32.677 -35.602 114.822 35.725 -34.186 112.243
3 0 35.267 -34.151 111.737 35.725 -34.186 112.243 32.677 -35.602 114.822
3 0 32.677 -35.602 114.822 32.231 -35.560 114.307 35.267 -34.151 111.737
3 0 34.786 -33.874 111.340 35.267 -34.151 111.737 32.231 -35.560 114.307
3 0 32.231 -35.560 114.307 31.767 -35.273 113.896 34.786 -33.874 111.340
3 0 34.354 -33.397 111.111 34.786 -33.874 111.340 31.767 -35.273 113.896
3 0 31.767 -35.273 113.896 31.355 -34.785 113.654 34.354 -33.397 111.111
3 0 34.037 -32.793 111.087 34.354 -33.397 111.111 31.355 -34.785 113.654
3 0 31.355 -34.785 113.654 31.058 -34.172 113.615 34.037 -32.793 111.087
3 0 32.963 -28.560 105.808 33.430 -28.588 106.306 30.662 -30.007 108.775
3 0 30.662 -30.007 108.775 30.204 -29.973 108.269 32.963 -28.560 105.808
3 0 32.468 -28.292 105.423 32.963 -28.560 105.808 30.204 -29.973 108.269
3 0 30.204 -29.973 108.269 29.723 -29.696 107.872 32.468 -28.292 105.423
3 0 32.019 -27.824 105.207 32.468 -28.292 105.423 29.723 -29.696 107.872
3 0 29.723 -29.696 107.872 29.291 -29.219 107.644 32.019 -27.824 105.207
3 0 31.687 -27.228 105.195 32.019 -27.824 105.207 29.291 -29.219 107.644
3 0 29.291 -29.219 107.644 28.974 -28.614 107.619 31.687 -27.228 105.195
3 0 31.520 -26.594 105.387 31.687 -27.228 105.195 28.974 -28.614 107.619
3 0 28.974 -28.614 107.619 28.821 -27.975 107.802 31.520 -26.594 105.387
3 0 31.545 -26.020 105.756 31.520 -26.594 105.387 28.821 -27.975 107.802
3 0 28.821 -27.975 107.802 28.855 -27.397 108.164 31.545 -26.020 105.756
3 0 31.757 -25.591 106.243 31.545 -26.020 105.756 28.855 -27.397 108.164
3 0 28.855 -27.397 108.164 29.070 -26.969 108.650 31.757 -25.591 106.243
3 0 32.125 -25.375 106.776 31.757 -25.591 106.243 29.070 -26.969 108.650
3 0 29.070 -26.969 108.650 29.434 -26.756 109.187 32.125 -25.375 106.776
3 0 32.592 -25.403 107.273 32.125 -25.375 106.776 29.434 -26.756 109.187
3 0 29.434 -26.756 109.187 29.892 -26.790 109.693 32.592 -25.403 107.273
3 0 33.088 -25.672 107.659 32.592 -25.403 107.273 29.892 -26.790 109.693
3 0 29.892 -26.790 109.693 30.373 -27.067 110.090 33.088 -25.672 107.659
3 0 33.536 -26.140 107.874 33.088 -25.672 107.659 30.373 -27.067 110.090
3 0 30.373 -27.067 110.090 30.805 -27.544 110.318 33.536 -26.140 107.874
3 0 33.869 -26.736 107.887 33.536 -26.140 107.874 30.805 -27.544 110.318
3 0 30.805 -27.544 110.318 31.122 -28.149 110.343 33.869 -26.736 107.887
3 0 31.892 -31.366 109.425 34.707 -29.921 106.919 35.174 -29.949 107.416
3 0 35.174 -29.949 107.416 32.350 -31.400 109.931 31.892 -31.366 109.425
3 0 31.411 -31.089 109.028 34.211 -29.653 106.533 34.707 -29.921 106.919
3 0 34.707 -29.921 106.919 31.892 -31.366 109.425 31.411 -31.089 109.028
3 0 30.979 -30.612 108.800 33.763 -29.185 106.318 34.211 -29.653 106.533
3 0 34.211 -29.653 106.533 31.411 -31.089 109.028 30.979 -30.612 108.800
3 0 30.662 -30.007 108.775 33.430 -28.588 106.306 33.763 -29.185 106.318
3 0 33.763 -29.185 106.318 30.979 -30.612 108.800 30.662 -30.007 108.775
3 0 31.580 -28.183 110.849 34.336 -26.764 108.384 33.869 -26.736 107.887
3 0 33.869 -26.736 107.887 31.122 -28.149 110.343 31.580 -28.183 110.849
3 0 32.061 -28.460 111.246 34.831 -27.033 108.770 34.336 -26.764 108.384
3 0 34.336 -26.764 108.384 31.580 -28.183 110.849 32.061 -28.460 111.246
3 0 32.493 -28.937 111.474 35.279 -27.501 108.985 34.831 -27.033 108.770
3 0 34.831 -27.033 108.770 32.061 -28.460 111.246 32.493 -28.937 111.474
3 0 32.810 -29.542 111.499 35.612 -28.097 108.998 35.279 -27.501 108.985
3 0 35.279 -27.501 108.985 32.493 -28.937 111.474 32.810 -29.542 111.499
3 0 33.579 -32.758 110.581 36.449 -31.281 108.029 36.917 -31.310 108.527
3 0 36.917 -31.310 108.527 34.037 -32.793 111.087 33.579 -32.758 110.581
3 0 33.098 -32.481 110.184 35.954 -31.013 107.644 36.449 -31.281 108.029
3 0 36.449 -31.281 108.029 33.579 -32.758 110.581 33.098 -32.481 110.184
3 0 32.666 -32.004 109.955 35.506 -30.545 107.428 35.954 -31.013 107.644
3 0 35.954 -31.013 107.644 33.098 -32.481 110.184 32.666 -32.004 109.955
3 0 32.350 -31.400 109.931 35.174 -29.949 107.416 35.506 -30.545 107.428
3 0 35.506 -30.545 107.428 32.666 -32.004 109.955 32.350 -31.400 109.931
3 0 33.267 -29.576 112.004 36.079 -28.124 109.494 35.612 -28.097 108.998
3 0 35.612 -28.097 108.998 32.810 -29.542 111.499 33.267 -29.576 112.004
3 0 33.748 -29.853 112.401 36.574 -28.393 109.880 36.079 -28.124 109.494
3 0 36.079 -28.124 109.494 33.267 -29.576 112.004 33.748 -29.853 112.401
3 0 34.180 -30.330 112.630 37.022 -28.861 110.096 36.574 -28.393 109.880
3 0 36.574 -28.393 109.880 33.748 -29.853 112.401 34.180 -30.330 112.630
3 0 34.497 -30.934 112.655 37.355 -29.457 110.108 37.022 -28.861 110.096
3 0 37.022 -28.861 110.096 34.180 -30.330 112.630 34.497 -30.934 112.655
3 0 37.822 -29.485 110.605 37.355 -29.457 110.108 34.497 -30.934 112.655
3 0 34.497 -30.934 112.655 34.955 -30.969 113.160 37.822 -29.485 110.605
3 0 38.318 -29.754 110.991 37.822 -29.485 110.605 34.955 -30.969 113.160
3 0 34.955 -30.969 113.160 35.436 -31.246 113.557 38.318 -29.754 110.991
3 0 38.766 -30.222 111.206 38.318 -29.754 110.991 35.436 -31.246 113.557
3 0 35.436 -31.246 113.557 35.868 -31.723 113.786 38.766 -30.222 111.206
3 0 39.099 -30.818 111.219 38.766 -30.222 111.206 35.868 -31.723 113.786
3 0 35.868 -31.723 113.786 36.185 -32.327 113.811 39.099 -30.818 111.219
3 0 39.265 -31.451 111.026 39.099 -30.818 111.219 36.185 -32.327 113.811
3 0 36.185 -32.327 113.811 36.338 -32.967 113.628 39.265 -31.451 111.026
3 0 39.240 -32.026 110.658 39.265 -31.451 111.026 36.338 -32.967 113.628
3 0 36.338 -32.967 113.628 36.304 -33.545 113.266 39.240 -32.026 110.658
3 0 39.028 -32.454 110.170 39.240 -32.026 110.658 36.304 -33.545 113.266
3 0 36.304 -33.545 113.266 36.089 -33.973 112.780 39.028 -32.454 110.170
3 0 38.660 -32.670 109.637 39.028 -32.454 110.170 36.089 -33.973 112.780
3 0 36.089 -33.973 112.780 35.725 -34.186 112.243 38.660 -32.670 109.637
3 0 38.193 -32.642 109.140 38.660 -32.670 109.637 35.725 -34.186 112.243
3 0 35.725 -34.186 112.243 35.267 -34.151 111.737 38.193 -32.642 109.140
3 0 37.698 -32.374 108.755 38.193 -32.642 109.140 35.267 -34.151 111.737
3 0 35.267 -34.151 111.737 34.786 -33.874 111.340 37.698 -32.374 108.755
3 0 37.249 -31.906 108.539 37.698 -32.374 108.755 34.786 -33.874 111.340
3 0 34.786 -33.874 111.340 34.354 -33.397 111.111 37.249 -31.906 108.539
3 0 36.917 -31.310 108.527 37.249 -31.906 108.539 34.354 -33.397 111.111
3 0 34.354 -33.397 111.111 34.037 -32.793 111.087 36.917 -31.310 108.527
3 0 35.652 -27.047 103.315 36.127 -27.070 103.804 33.430 -28.588 106.306
3 0 33.430 -28.588 106.306 32.963 -28.560 105.808 35.652 -27.047 103.315
3 0 35.145 -26.786 102.940 35.652 -27.047 103.315 32.963 -28.560 105.808
3 0 32.963 -28.560 105.808 32.468 -28.292 105.423 35.145 -26.786 102.940
3 0 34.682 -26.326 102.736 35.145 -26.786 102.940 32.468 -28.292 105.423
3 0 32.468 -28.292 105.423 32.019 -27.824 105.207 34.682 -26.326 102.736
3 0 34.336 -25.738 102.735 34.682 -26.326 102.736 32.019 -27.824 105.207
3 0 32.019 -27.824 105.207 31.687 -27.228 105.195 34.336 -25.738 102.735
3 0 34.158 -25.111 102.937 34.336 -25.738 102.735 31.687 -27.228 105.195
3 0 31.687 -27.228 105.195 31.520 -26.594 105.387 34.158 -25.111 102.937
3 0 34.175 -24.540 103.312 34.158 -25.111 102.937 31.520 -26.594 105.387
3 0 31.520 -26.594 105.387 31.545 -26.020 105.756 34.175 -24.540 103.312
3 0 34.385 -24.112 103.801 34.175 -24.540 103.312 31.545 -26.020 105.756
3 0 31.545 -26.020 105.756 31.757 -25.591 106.243 34.385 -24.112 103.801
3 0 34.756 -23.893 104.330 34.385 -24.112 103.801 31.757 -25.591 106.243
3 0 31.757 -25.591 106.243 32.125 -25.375 106.776 34.756 -23.893 104.330
3 0 35.231 -23.916 104.820 34.756 -23.893 104.330 32.125 -25.375 106.776
3 0 32.125 -25.375 106.776 32.592 -25.403 107.273 35.231 -23.916 104.820
3 0 35.738 -24.177 105.195 35.231 -23.916 104.820 32.592 -25.403 107.273
3 0 32.592 -25.403 107.273 33.088 -25.672 107.659 35.738 -24.177 105.195
3 0 36.200 -24.636 105.399 35.738 -24.177 105.195 33.088 -25.672 107.659
3 0 33.088 -25.672 107.659 33.536 -26.140 107.874 36.200 -24.636 105.399
3 0 36.547 -25.225 105.399 36.200 -24.636 105.399 33.536 -26.140 107.874
3 0 33.536 -26.140 107.874 33.869 -26.736 107.887 36.547 -25.225 105.399
3 0 34.707 -29.921 106.919 37.444 -28.379 104.384 37.919 -28.401 104.873
3 0 37.919 -28.401 104.873 35.174 -29.949 107.416 34.707 -29.921 106.919
3 0 34.211 -29.653 106.533 36.936 -28.118 104.009 37.444 -28.379 104.384
3 0 37.444 -28.379 104.384 34.707 -29.921 106.919 34.211 -29.653 106.533
3 0 33.763 -29.185 106.318 36.474 -27.658 103.805 36.936 -28.118 104.009
3 0 36.936 -28.118 104.009 34.211 -29.653 106.533 33.763 -29.185 106.318
3 0 33.430 -28.588 106.306 36.127 -27.070 103.804 36.474 -27.658 103.805
3 0 36.474 -27.658 103.805 33.763 -29.185 106.318 33.430 -28.588 106.306
3 0 34.336 -26.764 108.384 37.022 -25.247 105.889 36.547 -25.225 105.399
3 0 36.547 -25.225 105.399 33.869 -26.736 107.887 34.336 -26.764 108.384
3 0 34.831 -27.033 108.770 37.530 -25.508 106.264 37.022 -25.247 105.889
3 0 37.022 -25.247 105.889 34.336 -26.764 108.384 34.831 -27.033 108.770
3 0 35.279 -27.501 108.985 37.992 -25.968 106.468 37.530 -25.508 106.264
3 0 37.530 -25.508 106.264 34.831 -27.033 108.770 35.279 -27.501 108.985
3 0 35.612 -28.097 108.998 38.339 -26.556 106.468 37.992 -25.968 106.468
3 0 37.992 -25.968 106.468 35.279 -27.501 108.985 35.612 -28.097 108.998
3 0 36.449 -31.281 108.029 39.234 -29.710 105.452 39.710 -29.733 105.942
3 0 39.710 -29.733 105.942 36.917 -31.310 108.527 36.449 -31.281 108.029
3 0 35.954 -31.013 107.644 38.727 -29.449 105.077 39.234 -29.710 105.452
3 0 39.234 -29.710 105.452 36.449 -31.281 108.029 35.954 -31.013 107.644
3 0 35.506 -30.545 107.428 38.265 -28.989 104.874 38.727 -29.449 105.077
3 0 38.727 -29.449 105.077 35.954 -31.013 107.644 35.506 -30.545 107.428
3 0 35.174 -29.949 107.416 37.919 -28.401 104.873 38.265 -28.989 104.874
3 0 38.265 -28.989 104.874 35.506 -30.545 107.428 35.174 -29.949 107.416
3 0 36.079 -28.124 109.494 38.813 -26.579 106.958 38.339 -26.556 106.468
3 0 38.339 -26.556 106.468 35.612 -28.097 108.998 36.079 -28.124 109.494
3 0 36.574 -28.393 109.880 39.321 -26.840 107.333 38.813 -26.579 106.958
3 0 38.813 -26.579 106.958 36.079 -28.124 109.494 36.574 -28.393 109.880
3 0 37.022 -28.861 110.096 39.783 -27.299 107.536 39.321 -26.840 107.333
3 0 39.321 -26.840 107.333 36.574 -28.393 109.880 37.022 -28.861 110.096
3 0 37.355 -29.457 110.108 40.129 -27.887 107.537 39.783 -27.299 107.536
3 0 39.783 -27.299 107.536 37.022 -28.861 110.096 37.355 -29.457 110.108
3 0 40.605 -27.910 108.027 40.129 -27.887 107.537 37.355 -29.457 110.108
3 0 37.355 -29.457 110.108 37.822 -29.485 110.605 40.605 -27.910 108.027
3 0 41.112 -28.171 108.402 40.605 -27.910 108.027 37.822 -29.485 110.605
3 0 37.822 -29.485 110.605 38.318 -29.754 110.991 41.112 -28.171 108.402
3 0 41.574 -28.631 108.605 41.112 -28.171 108.402 38.318 -29.754 110.991
3 0 38.318 -29.754 110.991 38.766 -30.222 111.206 41.574 -28.631 108.605
3 0 41.921 -29.219 108.606 41.574 -28.631 108.605 38.766 -30.222 111.206
3 0 38.766 -30.222 111.206 39.099 -30.818 111.219 41.921 -29.219 108.606
3 0 42.099 -29.847 108.404 41.921 -29.219 108.606 39.099 -30.818 111.219
3 0 39.099 -30.818 111.219 39.265 -31.451 111.026 42.099 -29.847 108.404
3 0 42.082 -30.417 108.030 42.099 -29.847 108.404 39.265 -31.451 111.026
3 0 39.265 -31.451 111.026 39.240 -32.026 110.658 42.082 -30.417 108.030
3 0 41.872 -30.845 107.541 42.082 -30.417 108.030 39.240 -32.026 110.658
3 0 39.240 -32.026 110.658 39.028 -32.454 110.170 41.872 -30.845 107.541
3 0 41.501 -31.064 107.011 41.872 -30.845 107.541 39.028 -32.454 110.170
3 0 39.028 -32.454 110.170 38.660 -32.670 109.637 41.501 -31.064 107.011
3 0 41.026 -31.042 106.521 41.501 -31.064 107.011 38.660 -32.670 109.637
3 0 38.660 -32.670 109.637 38.193 -32.642 109.140 41.026 -31.042 106.521
3 0 40.519 -30.781 106.146 41.026 -31.042 106.521 38.193 -32.642 109.140
3 0 38.193 -32.642 109.140 37.698 -32.374 108.755 40.519 -30.781 106.146
3 0 40.056 -30.321 105.943 40.519 -30.781 106.146 37.698 -32.374 108.755
3 0 37.698 -32.374 108.755 37.249 -31.906 108.539 40.056 -30.321 105.943
3 0 39.710 -29.733 105.942 40.056 -30.321 105.943 37.249 -31.906 108.539
3 0 37.249 -31.906 108.539 36.917 -31.310 108.527 39.710 -29.733 105.942
3 0 38.275 -25.444 100.796 38.757 -25.462 101.279 36.127 -27.070 103.804
3 0 36.127 -27.070 103.804 35.652 -27.047 103.315 38.275 -25.444 100.796
3 0 37.757 -25.190 100.431 38.275 -25.444 100.796 35.652 -27.047 103.315
3 0 35.652 -27.047 103.315 35.145 -26.786 102.940 37.757 -25.190 100.431
3 0 37.282 -24.738 100.239 37.757 -25.190 100.431 35.145 -26.786 102.940
3 0 35.145 -26.786 102.940 34.682 -26.326 102.736 37.282 -24.738 100.239
3 0 36.923 -24.158 100.249 37.282 -24.738 100.239 34.682 -26.326 102.736
3 0 34.682 -26.326 102.736 34.336 -25.738 102.735 36.923 -24.158 100.249
3 0 36.734 -23.536 100.461 36.923 -24.158 100.249 34.336 -25.738 102.735
3 0 34.336 -25.738 102.735 34.158 -25.111 102.937 36.734 -23.536 100.461
3 0 36.744 -22.969 100.841 36.734 -23.536 100.461 34.158 -25.111 102.937
3 0 34.158 -25.111 102.937 34.175 -24.540 103.312 36.744 -22.969 100.841
3 0 36.952 -22.542 101.331 36.744 -22.969 100.841 34.175 -24.540 103.312
3 0 34.175 -24.540 103.312 34.385 -24.112 103.801 36.952 -22.542 101.331
3 0 37.326 -22.321 101.858 36.952 -22.542 101.331 34.385 -24.112 103.801
3 0 34.385 -24.112 103.801 34.756 -23.893 104.330 37.326 -22.321 101.858
3 0 37.808 -22.339 102.341 37.326 -22.321 101.858 34.756 -23.893 104.330
3 0 34.756 -23.893 104.330 35.231 -23.916 104.820 37.808 -22.339 102.341
3 0 38.326 -22.593 102.706 37.808 -22.339 102.341 35.231 -23.916 104.820
3 0 35.231 -23.916 104.820 35.738 -24.177 105.195 38.326 -22.593 102.706
3 0 38.801 -23.044 102.898 38.326 -22.593 102.706 35.738 -24.177 105.195
3 0 35.738 -24.177 105.195 36.200 -24.636 105.399 38.801 -23.044 102.898
3 0 39.160 -23.625 102.888 38.801 -23.044 102.898 36.200 -24.636 105.399
3 0 36.200 -24.636 105.399 36.547 -25.225 105.399 39.160 -23.625 102.888
3 0 37.444 -28.379 104.384 40.109 -26.748 101.825 40.591 -26.766 102.308
3 0 40.591 -26.766 102.308 37.919 -28.401 104.873 37.444 -28.379 104.384
3 0 36.936 -28.118 104.009 39.591 -26.494 101.460 40.109 -26.748 101.825
3 0 40.109 -26.748 101.825 37.444 -28.379 104.384 36.936 -28.118 104.009
3 0 36.474 -27.658 103.805 39.116 -26.042 101.268 39.591 -26.494 101.460
3 0 39.591 -26.494 101.460 36.936 -28.118 104.009 36.474 -27.658 103.805
3 0 36.127 -27.070 103.804 38.757 -25.462 101.279 39.116 -26.042 101.268
3 0 39.116 -26.042 101.268 36.474 -27.658 103.805 36.127 -27.070 103.804
3 0 37.022 -25.247 105.889 39.642 -23.643 103.371 39.160 -23.625 102.888
3 0 39.160 -23.625 102.888 36.547 -25.225 105.399 37.022 -25.247 105.889
3 0 37.530 -25.508 106.264 40.160 -23.897 103.736 39.642 -23.643 103.371
3 0 39.642 -23.643 103.371 37.022 -25.247 105.889 37.530 -25.508 106.264
3 0 37.992 -25.968 106.468 40.635 -24.349 103.928 40.160 -23.897 103.736
3 0 40.160 -23.897 103.736 37.530 -25.508 106.264 37.992 -25.968 106.468
3 0 38.339 -26.556 106.468 40.994 -24.929 103.917 40.635 -24.349 103.928
3 0 40.635 -24.349 103.928 37.992 -25.968 106.468 38.339 -26.556 106.468
3 0 39.234 -29.710 105.452 41.942 -28.052 102.855 42.425 -28.070 103.337
3 0 42.425 -28.070 103.337 39.710 -29.733 105.942 39.234 -29.710 105.452
3 0 38.727 -29.449 105.077 41.424 -27.798 102.489 41.942 -28.052 102.855
3 0 41.942 -28.052 102.855 39.234 -29.710 105.452 38.727 -29.449 105.077
3 0 38.265 -28.989 104.874 40.950 -27.346 102.297 41.424 -27.798 102.489
3 0 41.424 -27.798 102.489 38.727 -29.449 105.077 38.265 -28.989 104.874
3 0 37.919 -28.401 104.873 40.591 -26.766 102.308 40.950 -27.346 102.297
3 0 40.950 -27.346 102.297 38.265 -28.989 104.874 37.919 -28.401 104.873
3 0 38.813 -26.579 106.958 41.476 -24.947 104.400 40.994 -24.929 103.917
3 0 40.994 -24.929 103.917 38.339 -26.556 106.468 38.813 -26.579 106.958
3 0 39.321 -26.840 107.333 41.994 -25.201 104.765 41.476 -24.947 104.400
3 0 41.476 -24.947 104.400 38.813 -26.579 106.958 39.321 -26.840 107.333
3 0 39.783 -27.299 107.536 42.469 -25.652 104.957 41.994 -25.201 104.765
3 0 41.994 -25.201 104.765 39.321 -26.840 107.333 39.783 -27.299 107.536
3 0 40.129 -27.887 107.537 42.828 -26.233 104.947 42.469 -25.652 104.957
3 0 42.469 -25.652 104.957 39.783 -27.299 107.536 40.129 -27.887 107.537
3 0 43.310 -26.251 105.430 42.828 -26.233 104.947 40.129 -27.887 107.537
3 0 40.129 -27.887 107.537 40.605 -27.910 108.027 43.310 -26.251 105.430
3 0 43.828 -26.505 105.795 43.310 -26.251 105.430 40.605 -27.910 108.027
3 0 40.605 -27.910 108.027 41.112 -28.171 108.402 43.828 -26.505 105.795
3 0 44.303 -26.957 105.987 43.828 -26.505 105.795 41.112 -28.171 108.402
3 0 41.112 -28.171 108.402 41.574 -28.631 108.605 44.303 -26.957 105.987
3 0 44.662 -27.537 105.976 44.303 -26.957 105.987 41.574 -28.631 108.605
3 0 41.574 -28.631 108.605 41.921 -29.219 108.606 44.662 -27.537 105.976
3 0 44.851 -28.159 105.765 44.662 -27.537 105.976 41.921 -29.219 108.606
3 0 41.921 -29.219 108.606 42.099 -29.847 108.404 44.851 -28.159 105.765
3 0 44.840 -28.726 105.385 44.851 -28.159 105.765 42.099 -29.847 108.404
3 0 42.099 -29.847 108.404 42.082 -30.417 108.030 44.840 -28.726 105.385
3 0 44.633 -29.152 104.894 44.840 -28.726 105.385 42.082 -30.417 108.030
3 0 42.082 -30.417 108.030 41.872 -30.845 107.541 44.633 -29.152 104.894
3 0 44.259 -29.374 104.367 44.633 -29.152 104.894 41.872 -30.845 107.541
3 0 41.872 -30.845 107.541 41.501 -31.064 107.011 44.259 -29.374 104.367
3 0 43.777 -29.356 103.884 44.259 -29.374 104.367 41.501 -31.064 107.011
3 0 41.501 -31.064 107.011 41.026 -31.042 106.521 43.777 -29.356 103.884
3 0 43.259 -29.102 103.519 43.777 -29.356 103.884 41.026 -31.042 106.521
3 0 41.026 -31.042 106.521 40.519 -30.781 106.146 43.259 -29.102 103.519
3 0 42.784 -28.650 103.327 43.259 -29.102 103.519 40.519 -30.781 106.146
3 0 40.519 -30.781 106.146 40.056 -30.321 105.943 42.784 -28.650 103.327
3 0 42.425 -28.070 103.337 42.784 -28.650 103.327 40.056 -30.321 105.943
3 0 40.056 -30.321 105.943 39.710 -29.733 105.942 42.425 -28.070 103.337
3 0 40.832 -23.757 98.257 41.321 -23.770 98.734 38.757 -25.462 101.279
3 0 38.757 -25.462 101.279 38.275 -25.444 100.796 40.832 -23.757 98.257
3 0 40.305 -23.510 97.902 40.832 -23.757 98.257 38.275 -25.444 100.796
3 0 38.275 -25.444 100.796 37.757 -25.190 100.431 40.305 -23.510 97.902
3 0 39.819 -23.065 97.721 40.305 -23.510 97.902 37.757 -25.190 100.431
3 0 37.757 -25.190 100.431 37.282 -24.738 100.239 39.819 -23.065 97.721
3 0 39.448 -22.492 97.742 39.819 -23.065 97.721 37.282 -24.738 100.239
3 0 37.282 -24.738 100.239 36.923 -24.158 100.249 39.448 -22.492 97.742
3 0 39.250 -21.877 97.963 39.448 -22.492 97.742 36.923 -24.158 100.249
3 0 36.923 -24.158 100.249 36.734 -23.536 100.461 39.250 -21.877 97.963
3 0 39.254 -21.314 98.349 39.250 -21.877 97.963 36.734 -23.536 100.461
3 0 36.734 -23.536 100.461 36.744 -22.969 100.841 39.254 -21.314 98.349
3 0 39.459 -20.888 98.841 39.254 -21.314 98.349 36.744 -22.969 100.841
3 0 36.744 -22.969 100.841 36.952 -22.542 101.331 39.459 -20.888 98.841
3 0 39.835 -20.665 99.366 39.459 -20.888 98.841 36.952 -22.542 101.331
3 0 36.952 -22.542 101.331 37.326 -22.321 101.858 39.835 -20.665 99.366
3 0 40.324 -20.678 99.842 39.835 -20.665 99.366 37.326 -22.321 101.858
3 0 37.326 -22.321 101.858 37.808 -22.339 102.341 40.324 -20.678 99.842
3 0 40.852 -20.926 100.198 40.324 -20.678 99.842 37.808 -22.339 102.341
3 0 37.808 -22.339 102.341 38.326 -22.593 102.706 40.852 -20.926 100.198
3 0 41.338 -21.370 100.379 40.852 -20.926 100.198 38.326 -22.593 102.706
3 0 38.326 -22.593 102.706 38.801 -23.044 102.898 41.338 -21.370 100.379
3 0 41.708 -21.943 100.358 41.338 -21.370 100.379 38.801 -23.044 102.898
3 0 38.801 -23.044 102.898 39.160 -23.625 102.888 41.708 -21.943 100.358
3 0 40.109 -26.748 101.825 42.706 -25.035 99.249 43.195 -25.048 99.726
3 0 43.195 -25.048 99.726 40.591 -26.766 102.308 40.109 -26.748 101.825
3 0 39.591 -26.494 101.460 42.178 -24.787 98.894 42.706 -25.035 99.249
3 0 42.706 -25.035 99.249 40.109 -26.748 101.825 39.591 -26.494 101.460
3 0 39.116 -26.042 101.268 41.692 -24.343 98.713 42.178 -24.787 98.894
3 0 42.178 -24.787 98.894 39.591 -26.494 101.460 39.116 -26.042 101.268
3 0 38.757 -25.462 101.279 41.321 -23.770 98.734 41.692 -24.343 98.713
3 0 41.692 -24.343 98.713 39.116 -26.042 101.268 38.757 -25.462 101.279
3 0 39.642 -23.643 103.371 42.197 -21.956 100.834 41.708 -21.943 100.358
3 0 41.708 -21.943 100.358 39.160 -23.625 102.888 39.642 -23.643 103.371
3 0 40.160 -23.897 103.736 42.725 -22.203 101.190 42.197 -21.956 100.834
3 0 42.197 -21.956 100.834 39.642 -23.643 103.371 40.160 -23.897 103.736
3 0 40.635 -24.349 103.928 43.211 -22.647 101.371 42.725 -22.203 101.190
3 0 42.725 -22.203 101.190 40.160 -23.897 103.736 40.635 -24.349 103.928
3 0 40.994 -24.929 103.917 43.581 -23.221 101.350 43.211 -22.647 101.371
3 0 43.211 -22.647 101.371 40.635 -24.349 103.928 40.994 -24.929 103.917
3 0 41.942 -28.052 102.855 44.578 -26.312 100.241 45.067 -26.325 100.717
3 0 45.067 -26.325 100.717 42.425 -28.070 103.337 41.942 -28.052 102.855
3 0 41.424 -27.798 102.489 44.050 -26.065 99.885 44.578 -26.312 100.241
3 0 44.578 -26.312 100.241 41.942 -28.052 102.855 41.424 -27.798 102.489
3 0 40.950 -27.346 102.297 43.564 -25.621 99.704 44.050 -26.065 99.885
3 0 44.050 -26.065 99.885 41.424 -27.798 102.489 40.950 -27.346 102.297
3 0 40.591 -26.766 102.308 43.195 -25.048 99.726 43.564 -25.621 99.704
3 0 43.564 -25.621 99.704 40.950 -27.346 102.297 40.591 -26.766 102.308
3 0 41.476 -24.947 104.400 44.070 -23.233 101.826 43.581 -23.221 101.350
3 0 43.581 -23.221 101.350 40.994 -24.929 103.917 41.476 -24.947 104.400
3 0 41.994 -25.201 104.765 44.597 -23.481 102.181 44.070 -23.233 101.826
3 0 44.070 -23.233 101.826 41.476 -24.947 104.400 41.994 -25.201 104.765
3 0 42.469 -25.652 104.957 45.083 -23.925 102.362 44.597 -23.481 102.181
3 0 44.597 -23.481 102.181 41.994 -25.201 104.765 42.469 -25.652 104.957
3 0 42.828 -26.233 104.947 45.454 -24.498 102.341 45.083 -23.925 102.362
3 0 45.083 -23.925 102.362 42.469 -25.652 104.957 42.828 -26.233 104.947
3 0 45.943 -24.511 102.818 45.454 -24.498 102.341 42.828 -26.233 104.947
3 0 42.828 -26.233 104.947 43.310 -26.251 105.430 45.943 -24.511 102.818
3 0 46.470 -24.759 103.173 45.943 -24.511 102.818 43.310 -26.251 105.430
3 0 43.310 -26.251 105.430 43.828 -26.505 105.795 46.470 -24.759 103.173
3 0 46.956 -25.203 103.354 46.470 -24.759 103.173 43.828 -26.505 105.795
3 0 43.828 -26.505 105.795 44.303 -26.957 105.987 46.956 -25.203 103.354
3 0 47.327 -25.776 103.333 46.956 -25.203 103.354 44.303 -26.957 105.987
3 0 44.303 -26.957 105.987 44.662 -27.537 105.976 47.327 -25.776 103.333
3 0 47.525 -26.391 103.113 47.327 -25.776 103.333 44.662 -27.537 105.976
3 0 44.662 -27.537 105.976 44.851 -28.159 105.765 47.525 -26.391 103.113
3 0 47.521 -26.954 102.727 47.525 -26.391 103.113 44.851 -28.159 105.765
3 0 44.851 -28.159 105.765 44.840 -28.726 105.385 47.521 -26.954 102.727
3 0 47.316 -27.380 102.234 47.521 -26.954 102.727 44.840 -28.726 105.385
3 0 44.840 -28.726 105.385 44.633 -29.152 104.894 47.316 -27.380 102.234
3 0 46.940 -27.603 101.709 47.316 -27.380 102.234 44.633 -29.152 104.894
3 0 44.633 -29.152 104.894 44.259 -29.374 104.367 46.940 -27.603 101.709
3 0 46.451 -27.590 101.233 46.940 -27.603 101.709 44.259 -29.374 104.367
3 0 44.259 -29.374 104.367 43.777 -29.356 103.884 46.451 -27.590 101.233
3 0 45.924 -27.343 100.877 46.451 -27.590 101.233 43.777 -29.356 103.884
3 0 43.777 -29.356 103.884 43.259 -29.102 103.519 45.924 -27.343 100.877
3 0 45.438 -26.899 100.696 45.924 -27.343 100.877 43.259 -29.102 103.519
3 0 43.259 -29.102 103.519 42.784 -28.650 103.327 45.438 -26.899 100.696
3 0 45.067 -26.325 100.717 45.438 -26.899 100.696 42.784 -28.650 103.327
3 0 42.784 -28.650 103.327 42.425 -28.070 103.337 45.067 -26.325 100.717
3 0 43.328 -21.991 95.704 43.822 -22.000 96.174 41.321 -23.770 98.734
3 0 41.321 -23.770 98.734 40.832 -23.757 98.257 43.328 -21.991 95.704
3 0 42.791 -21.750 95.357 43.328 -21.991 95.704 40.832 -23.757 98.257
3 0 40.832 -23.757 98.257 40.305 -23.510 97.902 42.791 -21.750 95.357
3 0 42.295 -21.313 95.187 42.791 -21.750 95.357 40.305 -23.510 97.902
3 0 40.305 -23.510 97.902 39.819 -23.065 97.721 42.295 -21.313 95.187
3 0 41.914 -20.748 95.219 42.295 -21.313 95.187 39.819 -23.065 97.721
3 0 39.819 -23.065 97.721 39.448 -22.492 97.742 41.914 -20.748 95.219
3 0 41.706 -20.139 95.448 41.914 -20.748 95.219 39.448 -22.492 97.742
3 0 39.448 -22.492 97.742 39.250 -21.877 97.963 41.706 -20.139 95.448
3 0 41.704 -19.580 95.840 41.706 -20.139 95.448 39.250 -21.877 97.963
3 0 39.250 -21.877 97.963 39.254 -21.314 98.349 41.704 -19.580 95.840
3 0 41.908 -19.155 96.335 41.704 -19.580 95.840 39.254 -21.314 98.349
3 0 39.254 -21.314 98.349 39.459 -20.888 98.841 41.908 -19.155 96.335
3 0 42.286 -18.930 96.857 41.908 -19.155 96.335 39.459 -20.888 98.841
3 0 39.459 -20.888 98.841 39.835 -20.665 99.366 42.286 -18.930 96.857
3 0 42.780 -18.939 97.328 42.286 -18.930 96.857 39.835 -20.665 99.366
3 0 39.835 -20.665 99.366 40.324 -20.678 99.842 42.780 -18.939 97.328
3 0 43.317 -19.180 97.674 42.780 -18.939 97.328 40.324 -20.678 99.842
3 0 40.324 -20.678 99.842 40.852 -20.926 100.198 43.317 -19.180 97.674
3 0 43.813 -19.617 97.845 43.317 -19.180 97.674 40.852 -20.926 100.198
3 0 40.852 -20.926 100.198 41.338 -21.370 100.379 43.813 -19.617 97.845
3 0 44.194 -20.183 97.813 43.813 -19.617 97.845 41.338 -21.370 100.379
3 0 41.338 -21.370 100.379 41.708 -21.943 100.358 44.194 -20.183 97.813
3 0 42.706 -25.035 99.249 45.236 -23.244 96.660 45.731 -23.252 97.130
3 0 45.731 -23.252 97.130 43.195 -25.048 99.726 42.706 -25.035 99.249
3 0 42.178 -24.787 98.894 44.700 -23.002 96.313 45.236 -23.244 96.660
3 0 45.236 -23.244 96.660 42.706 -25.035 99.249 42.178 -24.787 98.894
3 0 41.692 -24.343 98.713 44.203 -22.566 96.143 44.700 -23.002 96.313
3 0 44.700 -23.002 96.313 42.178 -24.787 98.894 41.692 -24.343 98.713
3 0 41.321 -23.770 98.734 43.822 -22.000 96.174 44.203 -22.566 96.143
3 0 44.203 -22.566 96.143 41.692 -24.343 98.713 41.321 -23.770 98.734
3 0 42.197 -21.956 100.834 44.689 -20.192 98.284 44.194 -20.183 97.813
3 0 44.194 -20.183 97.813 41.708 -21.943 100.358 42.197 -21.956 100.834
3 0 42.725 -22.203 101.190 45.226 -20.433 98.630 44.689 -20.192 98.284
3 0 44.689 -20.192 98.284 42.197 -21.956 100.834 42.725 -22.203 101.190
3 0 43.211 -22.647 101.371 45.722 -20.869 98.801 45.226 -20.433 98.630
3 0 45.226 -20.433 98.630 42.725 -22.203 101.190 43.211 -22.647 101.371
3 0 43.581 -23.221 101.350 46.103 -21.435 98.769 45.722 -20.869 98.801
3 0 45.722 -20.869 98.801 43.211 -22.647 101.371 43.581 -23.221 101.350
3 0 44.578 -26.312 100.241 47.144 -24.495 97.615 47.639 -24.504 98.086
3 0 47.639 -24.504 98.086 45.067 -26.325 100.717 44.578 -26.312 100.241
3 0 44.050 -26.065 99.885 46.608 -24.254 97.268 47.144 -24.495 97.615
3 0 47.144 -24.495 97.615 44.578 -26.312 100.241 44.050 -26.065 99.885
3 0 43.564 -25.621 99.704 46.111 -23.818 97.098 46.608 -24.254 97.268
3 0 46.608 -24.254 97.268 44.050 -26.065 99.885 43.564 -25.621 99.704
3 0 43.195 -25.048 99.726 45.731 -23.252 97.130 46.111 -23.818 97.098
3 0 46.111 -23.818 97.098 43.564 -25.621 99.704 43.195 -25.048 99.726
3 0 44.070 -23.233 101.826 46.597 -21.444 99.239 46.103 -21.435 98.769
3 0 46.103 -21.435 98.769 43.581 -23.221 101.350 44.070 -23.233 101.826
3 0 44.597 -23.481 102.181 47.134 -21.685 99.586 46.597 -21.444 99.239
3 0 46.597 -21.444 99.239 44.070 -23.233 101.826 44.597 -23.481 102.181
3 0 45.083 -23.925 102.362 47.630 -22.121 99.756 47.134 -21.685 99.586
3 0 47.134 -21.685 99.586 44.597 -23.481 102.181 45.083 -23.925 102.362
3 0 45.454 -24.498 102.341 48.011 -22.687 99.724 47.630 -22.121 99.756
3 0 47.630 -22.121 99.756 45.083 -23.925 102.362 45.454 -24.498 102.341
3 0 48.506 -22.696 100.195 48.011 -22.687 99.724 45.454 -24.498 102.341
3 0 45.454 -24.498 102.341 45.943 -24.511 102.818 48.506 -22.696 100.195
3 0 49.042 -22.937 100.542 48.506 -22.696 100.195 45.943 -24.511 102.818
3 0 45.943 -24.511 102.818 46.470 -24.759 103.173 49.042 -22.937 100.542
3 0 49.539 -23.374 100.712 49.042 -22.937 100.542 46.470 -24.759 103.173
3 0 46.470 -24.759 103.173 46.956 -25.203 103.354 49.539 -23.374 100.712
3 0 49.920 -23.940 100.680 49.539 -23.374 100.712 46.956 -25.203 103.354
3 0 46.956 -25.203 103.354 47.327 -25.776 103.333 49.920 -23.940 100.680
3 0 50.127 -24.548 100.451 49.920 -23.940 100.680 47.327 -25.776 103.333
3 0 47.327 -25.776 103.333 47.525 -26.391 103.113 50.127 -24.548 100.451
3 0 50.129 -25.107 100.059 50.127 -24.548 100.451 47.525 -26.391 103.113
3 0 47.525 -26.391 103.113 47.521 -26.954 102.727 50.129 -25.107 100.059
3 0 49.926 -25.532 99.564 50.129 -25.107 100.059 47.521 -26.954 102.727
3 0 47.521 -26.954 102.727 47.316 -27.380 102.234 49.926 -25.532 99.564
3 0 49.548 -25.757 99.042 49.926 -25.532 99.564 47.316 -27.380 102.234
3 0 47.316 -27.380 102.234 46.940 -27.603 101.709 49.548 -25.757 99.042
3 0 49.053 -25.748 98.571 49.548 -25.757 99.042 46.940 -27.603 101.709
3 0 46.940 -27.603 101.709 46.451 -27.590 101.233 49.053 -25.748 98.571
3 0 48.517 -25.507 98.224 49.053 -25.748 98.571 46.451 -27.590 101.233
3 0 46.451 -27.590 101.233 45.924 -27.343 100.877 48.517 -25.507 98.224
3 0 48.020 -25.070 98.054 48.517 -25.507 98.224 45.924 -27.343 100.877
3 0 45.924 -27.343 100.877 45.438 -26.899 100.696 48.020 -25.070 98.054
3 0 47.639 -24.504 98.086 48.020 -25.070 98.054 45.438 -26.899 100.696
3 0 45.438 -26.899 100.696 45.067 -26.325 100.717 47.639 -24.504 98.086
3 0 45.762 -20.150 93.139 46.262 -20.155 93.604 43.822 -22.000 96.174
3 0 43.822 -22.000 96.174 43.328 -21.991 95.704 45.762 -20.150 93.139
3 0 45.218 -19.915 92.801 45.762 -20.150 93.139 43.328 -21.991 95.704
3 0 43.328 -21.991 95.704 42.791 -21.750 95.357 45.218 -19.915 92.801
3 0 44.712 -19.486 92.640 45.218 -19.915 92.801 42.791 -21.750 95.357
3 0 42.791 -21.750 95.357 42.295 -21.313 95.187 44.712 -19.486 92.640
3 0 44.321 -18.927 92.682 44.712 -19.486 92.640 42.295 -21.313 95.187
3 0 42.295 -21.313 95.187 41.914 -20.748 95.219 44.321 -18.927 92.682
3 0 44.106 -18.324 92.921 44.321 -18.927 92.682 41.914 -20.748 95.219
3 0 41.914 -20.748 95.219 41.706 -20.139 95.448 44.106 -18.324 92.921
3 0 44.098 -17.770 93.318 44.106 -18.324 92.921 41.706 -20.139 95.448
3 0 41.706 -20.139 95.448 41.704 -19.580 95.840 44.098 -17.770 93.318
3 0 44.299 -17.347 93.815 44.098 -17.770 93.318 41.704 -19.580 95.840
3 0 41.704 -19.580 95.840 41.908 -19.155 96.335 44.299 -17.347 93.815
3 0 44.679 -17.121 94.336 44.299 -17.347 93.815 41.908 -19.155 96.335
3 0 41.908 -19.155 96.335 42.286 -18.930 96.857 44.679 -17.121 94.336
3 0 45.179 -17.126 94.801 44.679 -17.121 94.336 42.286 -18.930 96.857
3 0 42.286 -18.930 96.857 42.780 -18.939 97.328 45.179 -17.126 94.801
3 0 45.724 -17.361 95.139 45.179 -17.126 94.801 42.780 -18.939 97.328
3 0 42.780 -18.939 97.328 43.317 -19.180 97.674 45.724 -17.361 95.139
3 0 46.230 -17.790 95.299 45.724 -17.361 95.139 43.317 -19.180 97.674
3 0 43.317 -19.180 97.674 43.813 -19.617 97.845 46.230 -17.790 95.299
3 0 46.620 -18.349 95.257 46.230 -17.790 95.299 43.813 -19.617 97.845
3 0 43.813 -19.617 97.845 44.194 -20.183 97.813 46.620 -18.349 95.257
3 0 45.236 -23.244 96.660 47.703 -21.378 94.060 48.204 -21.383 94.525
3 0 48.204 -21.383 94.525 45.731 -23.252 97.130 45.236 -23.244 96.660
3 0 44.700 -23.002 96.313 47.159 -21.143 93.722 47.703 -21.378 94.060
3 0 47.703 -21.378 94.060 45.236 -23.244 96.660 44.700 -23.002 96.313
3 0 44.203 -22.566 96.143 46.653 -20.714 93.562 47.159 -21.143 93.722
3 0 47.159 -21.143 93.722 44.700 -23.002 96.313 44.203 -22.566 96.143
3 0 43.822 -22.000 96.174 46.262 -20.155 93.604 46.653 -20.714 93.562
3 0 46.653 -20.714 93.562 44.203 -22.566 96.143 43.822 -22.000 96.174
3 0 44.689 -20.192 98.284 47.120 -18.353 95.722 46.620 -18.349 95.257
3 0 46.620 -18.349 95.257 44.194 -20.183 97.813 44.689 -20.192 98.284
3 0 45.226 -20.433 98.630 47.665 -18.589 96.060 47.120 -18.353 95.722
3 0 47.120 -18.353 95.722 44.689 -20.192 98.284 45.226 -20.433 98.630
3 0 45.722 -20.869 98.801 48.171 -19.018 96.221 47.665 -18.589 96.060
3 0 47.665 -18.589 96.060 45.226 -20.433 98.630 45.722 -20.869 98.801
3 0 46.103 -21.435 98.769 48.561 -19.577 96.178 48.171 -19.018 96.221
3 0 48.171 -19.018 96.221 45.722 -20.869 98.801 46.103 -21.435 98.769
3 0 47.144 -24.495 97.615 49.644 -22.606 94.981 50.144 -22.610 95.446
3 0 50.144 -22.610 95.446 47.639 -24.504 98.086 47.144 -24.495 97.615
3 0 46.608 -24.254 97.268 49.100 -22.370 94.643 49.644 -22.606 94.981
3 0 49.644 -22.606 94.981 47.144 -24.495 97.615 46.608 -24.254 97.268
3 0 46.111 -23.818 97.098 48.593 -21.941 94.483 49.100 -22.370 94.643
3 0 49.100 -22.370 94.643 46.608 -24.254 97.268 46.111 -23.818 97.098
3 0 45.731 -23.252 97.130 48.204 -21.383 94.525 48.593 -21.941 94.483
3 0 48.593 -21.941 94.483 46.111 -23.818 97.098 45.731 -23.252 97.130
3 0 46.597 -21.444 99.239 49.061 -19.581 96.643 48.561 -19.577 96.178
3 0 48.561 -19.577 96.178 46.103 -21.435 98.769 46.597 -21.444 99.239
3 0 47.134 -21.685 99.586 49.606 -19.816 96.981 49.061 -19.581 96.643
3 0 49.061 -19.581 96.643 46.597 -21.444 99.239 47.134 -21.685 99.586
3 0 47.630 -22.121 99.756 50.112 -20.245 97.142 49.606 -19.816 96.981
3 0 49.606 -19.816 96.981 47.134 -21.685 99.586 47.630 -22.121 99.756
3 0 48.011 -22.687 99.724 50.502 -20.804 97.099 50.112 -20.245 97.142
3 0 50.112 -20.245 97.142 47.630 -22.121 99.756 48.011 -22.687 99.724
3 0 51.002 -20.809 97.564 50.502 -20.804 97.099 48.011 -22.687 99.724
3 0 48.011 -22.687 99.724 48.506 -22.696 100.195 51.002 -20.809 97.564
3 0 51.547 -21.044 97.903 51.002 -20.809 97.564 48.506 -22.696 100.195
3 0 48.506 -22.696 100.195 49.042 -22.937 100.542 51.547 -21.044 97.903
3 0 52.053 -21.473 98.063 51.547 -21.044 97.903 49.042 -22.937 100.542
3 0 49.042 -22.937 100.542 49.539 -23.374 100.712 52.053 -21.473 98.063
3 0 52.443 -22.032 98.021 52.053 -21.473 98.063 49.539 -23.374 100.712
3 0 49.539 -23.374 100.712 49.920 -23.940 100.680 52.443 -22.032 98.021
3 0 52.659 -22.635 97.783 52.443 -22.032 98.021 49.920 -23.940 100.680
3 0 49.920 -23.940 100.680 50.127 -24.548 100.451 52.659 -22.635 97.783
3 0 52.667 -23.189 97.385 52.659 -22.635 97.783 50.127 -24.548 100.451
3 0 50.127 -24.548 100.451 50.129 -25.107 100.059 52.667 -23.189 97.385
3 0 52.465 -23.612 96.888 52.667 -23.189 97.385 50.129 -25.107 100.059
3 0 50.129 -25.107 100.059 49.926 -25.532 99.564 52.465 -23.612 96.888
3 0 52.086 -23.838 96.367 52.465 -23.612 96.888 49.926 -25.532 99.564
3 0 49.926 -25.532 99.564 49.548 -25.757 99.042 52.086 -23.838 96.367
3 0 51.585 -23.833 95.903 52.086 -23.838 96.367 49.548 -25.757 99.042
3 0 49.548 -25.757 99.042 49.053 -25.748 98.571 51.585 -23.833 95.903
3 0 51.041 -23.598 95.564 51.585 -23.833 95.903 49.053 -25.748 98.571
3 0 49.053 -25.748 98.571 48.517 -25.507 98.224 51.041 -23.598 95.564
3 0 50.535 -23.169 95.404 51.041 -23.598 95.564 48.517 -25.507 98.224
3 0 48.517 -25.507 98.224 48.020 -25.070 98.054 50.535 -23.169 95.404
3 0 50.144 -22.610 95.446 50.535 -23.169 95.404 48.020 -25.070 98.054
3 0 48.020 -25.070 98.054 47.639 -24.504 98.086 50.144 -22.610 95.446
3 0 48.138 -18.240 90.566 48.643 -18.241 91.026 46.262 -20.155 93.604
3 0 46.262 -20.155 93.604 45.762 -20.150 93.139 48.138 -18.240 90.566
3 0 47.586 -18.011 90.236 48.138 -18.240 90.566 45.762 -20.150 93.139
3 0 45.762 -20.150 93.139 45.218 -19.915 92.801 47.586 -18.011 90.236
3 0 47.070 -17.589 90.086 47.586 -18.011 90.236 45.218 -19.915 92.801
3 0 45.218 -19.915 92.801 44.712 -19.486 92.640 47.070 -17.589 90.086
3 0 46.671 -17.038 90.138 47.070 -17.589 90.086 44.712 -19.486 92.640
3 0 44.712 -19.486 92.640 44.321 -18.927 92.682 46.671 -17.038 90.138
3 0 46.447 -16.442 90.385 46.671 -17.038 90.138 44.321 -18.927 92.682
3 0 44.321 -18.927 92.682 44.106 -18.324 92.921 46.447 -16.442 90.385
3 0 46.434 -15.891 90.789 46.447 -16.442 90.385 44.106 -18.324 92.921
3 0 44.106 -18.324 92.921 44.098 -17.770 93.318 46.434 -15.891 90.789
3 0 46.634 -15.470 91.288 46.434 -15.891 90.789 44.098 -17.770 93.318
3 0 44.098 -17.770 93.318 44.299 -17.347 93.815 46.634 -15.470 91.288
3 0 47.015 -15.243 91.807 46.634 -15.470 91.288 44.299 -17.347 93.815
3 0 44.299 -17.347 93.815 44.679 -17.121 94.336 47.015 -15.243 91.807
3 0 47.520 -15.244 92.266 47.015 -15.243 91.807 44.679 -17.121 94.336
3 0 44.679 -17.121 94.336 45.179 -17.126 94.801 47.520 -15.244 92.266
3 0 48.072 -15.473 92.596 47.520 -15.244 92.266 45.179 -17.126 94.801
3 0 45.179 -17.126 94.801 45.724 -17.361 95.139 48.072 -15.473 92.596
3 0 48.588 -15.895 92.747 48.072 -15.473 92.596 45.724 -17.361 95.139
3 0 45.724 -17.361 95.139 46.230 -17.790 95.299 48.588 -15.895 92.747
3 0 48.987 -16.446 92.694 48.588 -15.895 92.747 46.230 -17.790 95.299
3 0 46.230 -17.790 95.299 46.620 -18.349 95.257 48.987 -16.446 92.694
3 0 47.703 -21.378 94.060 50.110 -19.443 91.454 50.615 -19.444 91.913
3 0 50.615 -19.444 91.913 48.204 -21.383 94.525 47.703 -21.378 94.060
3 0 47.159 -21.143 93.722 49.558 -19.214 91.124 50.110 -19.443 91.454
3 0 50.110 -19.443 91.454 47.703 -21.378 94.060 47.159 -21.143 93.722
3 0 46.653 -20.714 93.562 49.043 -18.792 90.973 49.558 -19.214 91.124
3 0 49.558 -19.214 91.124 47.159 -21.143 93.722 46.653 -20.714 93.562
3 0 46.262 -20.155 93.604 48.643 -18.241 91.026 49.043 -18.792 90.973
3 0 49.043 -18.792 90.973 46.653 -20.714 93.562 46.262 -20.155 93.604
3 0 47.120 -18.353 95.722 49.493 -16.447 93.154 48.987 -16.446 92.694
3 0 48.987 -16.446 92.694 46.620 -18.349 95.257 47.120 -18.353 95.722
3 0 47.665 -18.589 96.060 50.045 -16.676 93.484 49.493 -16.447 93.154
3 0 49.493 -16.447 93.154 47.120 -18.353 95.722 47.665 -18.589 96.060
3 0 48.171 -19.018 96.221 50.560 -17.098 93.634 50.045 -16.676 93.484
3 0 50.045 -16.676 93.484 47.665 -18.589 96.060 48.171 -19.018 96.221
3 0 48.561 -19.577 96.178 50.959 -17.649 93.582 50.560 -17.098 93.634
3 0 50.560 -17.098 93.634 48.171 -19.018 96.221 48.561 -19.577 96.178
3 0 49.644 -22.606 94.981 52.082 -20.646 92.341 52.587 -20.647 92.800
3 0 52.587 -20.647 92.800 50.144 -22.610 95.446 49.644 -22.606 94.981
3 0 49.100 -22.370 94.643 51.530 -20.417 92.011 52.082 -20.646 92.341
3 0 52.082 -20.646 92.341 49.644 -22.606 94.981 49.100 -22.370 94.643
3 0 48.593 -21.941 94.483 51.014 -19.995 91.861 51.530 -20.417 92.011
3 0 51.530 -20.417 92.011 49.100 -22.370 94.643 48.593 -21.941 94.483
3 0 48.204 -21.383 94.525 50.615 -19.444 91.913 51.014 -19.995 91.861
3 0 51.014 -19.995 91.861 48.593 -21.941 94.483 48.204 -21.383 94.525
3 0 49.061 -19.581 96.643 51.464 -17.650 94.041 50.959 -17.649 93.582
3 0 50.959 -17.649 93.582 48.561 -19.577 96.178 49.061 -19.581 96.643
3 0 49.606 -19.816 96.981 52.016 -17.879 94.371 51.464 -17.650 94.041
3 0 51.464 -17.650 94.041 49.061 -19.581 96.643 49.606 -19.816 96.981
3 0 50.112 -20.245 97.142 52.531 -18.301 94.521 52.016 -17.879 94.371
3 0 52.016 -17.879 94.371 49.606 -19.816 96.981 50.112 -20.245 97.142
3 0 50.502 -20.804 97.099 52.931 -18.852 94.469 52.531 -18.301 94.521
3 0 52.531 -18.301 94.521 50.112 -20.245 97.142 50.502 -20.804 97.099
3 0 53.436 -18.853 94.928 52.931 -18.852 94.469 50.502 -20.804 97.099
3 0 50.502 -20.804 97.099 51.002 -20.809 97.564 53.436 -18.853 94.928
3 0 53.989 -19.082 95.258 53.436 -18.853 94.928 51.002 -20.809 97.564
3 0 51.002 -20.809 97.564 51.547 -21.044 97.903 53.989 -19.082 95.258
3 0 54.504 -19.504 95.409 53.989 -19.082 95.258 51.547 -21.044 97.903
3 0 51.547 -21.044 97.903 52.053 -21.473 98.063 54.504 -19.504 95.409
3 0 54.903 -20.055 95.356 54.504 -19.504 95.409 52.053 -21.473 98.063
3 0 52.053 -21.473 98.063 52.443 -22.032 98.021 54.903 -20.055 95.356
3 0 55.127 -20.652 95.110 54.903 -20.055 95.356 52.443 -22.032 98.021
3 0 52.443 -22.032 98.021 52.659 -22.635 97.783 55.127 -20.652 95.110
3 0 55.140 -21.202 94.706 55.127 -20.652 95.110 52.659 -22.635 97.783
3 0 52.659 -22.635 97.783 52.667 -23.189 97.385 55.140 -21.202 94.706
3 0 54.940 -21.623 94.207 55.140 -21.202 94.706 52.667 -23.189 97.385
3 0 52.667 -23.189 97.385 52.465 -23.612 96.888 54.940 -21.623 94.207
3 0 54.559 -21.850 93.688 54.940 -21.623 94.207 52.465 -23.612 96.888
3 0 52.465 -23.612 96.888 52.086 -23.838 96.367 54.559 -21.850 93.688
3 0 54.054 -21.849 93.228 54.559 -21.850 93.688 52.086 -23.838 96.367
3 0 52.086 -23.838 96.367 51.585 -23.833 95.903 54.054 -21.849 93.228
3 0 53.502 -21.620 92.898 54.054 -21.849 93.228 51.585 -23.833 95.903
3 0 51.585 -23.833 95.903 51.041 -23.598 95.564 53.502 -21.620 92.898
3 0 52.987 -21.198 92.748 53.502 -21.620 92.898 51.041 -23.598 95.564
3 0 51.041 -23.598 95.564 50.535 -23.169 95.404 52.987 -21.198 92.748
3 0 52.587 -20.647 92.800 52.987 -21.198 92.748 50.535 -23.169 95.404
3 0 50.535 -23.169 95.404 50.144 -22.610 95.446 52.587 -20.647 92.800
3 0 50.453 -16.259 87.988 50.962 -16.256 88.442 48.643 -18.241 91.026
3 0 48.643 -18.241 91.026 48.138 -18.240 90.566 50.453 -16.259 87.988
3 0 49.893 -16.036 87.666 50.453 -16.259 87.988 48.138 -18.240 90.566
3 0 48.138 -18.240 90.566 47.586 -18.011 90.236 49.893 -16.036 87.666
3 0 49.370 -15.622 87.526 49.893 -16.036 87.666 47.586 -18.011 90.236
3 0 47.586 -18.011 90.236 47.070 -17.589 90.086 49.370 -15.622 87.526
3 0 48.961 -15.078 87.588 49.370 -15.622 87.526 47.070 -17.589 90.086
3 0 47.070 -17.589 90.086 46.671 -17.038 90.138 48.961 -15.078 87.588
3 0 48.730 -14.488 87.843 48.961 -15.078 87.588 46.671 -17.038 90.138
3 0 46.671 -17.038 90.138 46.447 -16.442 90.385 48.730 -14.488 87.843
3 0 48.712 -13.942 88.253 48.730 -14.488 87.843 46.447 -16.442 90.385
3 0 46.447 -16.442 90.385 46.434 -15.891 90.789 48.712 -13.942 88.253
3 0 48.909 -13.523 88.755 48.712 -13.942 88.253 46.434 -15.891 90.789
3 0 46.434 -15.891 90.789 46.634 -15.470 91.288 48.909 -13.523 88.755
3 0 49.292 -13.295 89.272 48.909 -13.523 88.755 46.634 -15.470 91.288
3 0 46.634 -15.470 91.288 47.015 -15.243 91.807 49.292 -13.295 89.272
3 0 49.802 -13.292 89.726 49.292 -13.295 89.272 47.015 -15.243 91.807
3 0 47.015 -15.243 91.807 47.520 -15.244 92.266 49.802 -13.292 89.726
3 0 50.361 -13.515 90.048 49.802 -13.292 89.726 47.520 -15.244 92.266
3 0 47.520 -15.244 92.266 48.072 -15.473 92.596 50.361 -13.515 90.048
3 0 50.885 -13.930 90.189 50.361 -13.515 90.048 48.072 -15.473 92.596
3 0 48.072 -15.473 92.596 48.588 -15.895 92.747 50.885 -13.930 90.189
3 0 51.293 -14.474 90.127 50.885 -13.930 90.189 48.588 -15.895 92.747
3 0 48.588 -15.895 92.747 48.987 -16.446 92.694 51.293 -14.474 90.127
3 0 50.110 -19.443 91.454 52.454 -17.438 88.843 52.964 -17.435 89.297
3 0 52.964 -17.435 89.297 50.615 -19.444 91.913 50.110 -19.443 91.454
3 0 49.558 -19.214 91.124 51.895 -17.215 88.521 52.454 -17.438 88.843
3 0 52.454 -17.438 88.843 50.110 -19.443 91.454 49.558 -19.214 91.124
3 0 49.043 -18.792 90.973 51.371 -16.800 88.380 51.895 -17.215 88.521
3 0 51.895 -17.215 88.521 49.558 -19.214 91.124 49.043 -18.792 90.973
3 0 48.643 -18.241 91.026 50.962 -16.256 88.442 51.371 -16.800 88.380
3 0 51.371 -16.800 88.380 49.043 -18.792 90.973 48.643 -18.241 91.026
3 0 49.493 -16.447 93.154 51.803 -14.471 90.581 51.293 -14.474 90.127
3 0 51.293 -14.474 90.127 48.987 -16.446 92.694 49.493 -16.447 93.154
3 0 50.045 -16.676 93.484 52.363 -14.694 90.903 51.803 -14.471 90.581
3 0 51.803 -14.471 90.581 49.493 -16.447 93.154 50.045 -16.676 93.484
3 0 50.560 -17.098 93.634 52.887 -15.109 91.043 52.363 -14.694 90.903
3 0 52.363 -14.694 90.903 50.045 -16.676 93.484 50.560 -17.098 93.634
3 0 50.959 -17.649 93.582 53.295 -15.652 90.981 52.887 -15.109 91.043
3 0 52.887 -15.109 91.043 50.560 -17.098 93.634 50.959 -17.649 93.582
3 0 52.082 -20.646 92.341 54.455 -18.616 89.697 54.965 -18.613 90.151
3 0 54.965 -18.613 90.151 52.587 -20.647 92.800 52.082 -20.646 92.341
3 0 51.530 -20.417 92.011 53.895 -18.393 89.375 54.455 -18.616 89.697
3 0 54.455 -18.616 89.697 52.082 -20.646 92.341 51.530 -20.417 92.011
3 0 51.014 -19.995 91.861 53.372 -17.978 89.235 53.895 -18.393 89.375
3 0 53.895 -18.393 89.375 51.530 -20.417 92.011 51.014 -19.995 91.861
3 0 50.615 -19.444 91.913 52.964 -17.435 89.297 53.372 -17.978 89.235
3 0 53.372 -17.978 89.235 51.014 -19.995 91.861 50.615 -19.444 91.913
3 0 51.464 -17.650 94.041 53.804 -15.649 91.435 53.295 -15.652 90.981
3 0 53.295 -15.652 90.981 50.959 -17.649 93.582 51.464 -17.650 94.041
3 0 52.016 -17.879 94.371 54.363 -15.872 91.757 53.804 -15.649 91.435
3 0 53.804 -15.649 91.435 51.464 -17.650 94.041 52.016 -17.879 94.371
3 0 52.531 -18.301 94.521 54.887 -16.287 91.898 54.363 -15.872 91.757
3 0 54.363 -15.872 91.757 52.016 -17.879 94.371 52.531 -18.301 94.521
3 0 52.931 -18.852 94.469 55.296 -16.830 91.835 54.887 -16.287 91.898
3 0 54.887 -16.287 91.898 52.531 -18.301 94.521 52.931 -18.852 94.469
3 0 55.806 -16.828 92.290 55.296 -16.830 91.835 52.931 -18.852 94.469
3 0 52.931 -18.852 94.469 53.436 -18.853 94.928 55.806 -16.828 92.290
3 0 56.365 -17.051 92.611 55.806 -16.828 92.290 53.436 -18.853 94.928
3 0 53.436 -18.853 94.928 53.989 -19.082 95.258 56.365 -17.051 92.611
3 0 56.889 -17.465 92.752 56.365 -17.051 92.611 53.989 -19.082 95.258
3 0 53.989 -19.082 95.258 54.504 -19.504 95.409 56.889 -17.465 92.752
3 0 57.297 -18.009 92.690 56.889 -17.465 92.752 54.504 -19.504 95.409
3 0 54.504 -19.504 95.409 54.903 -20.055 95.356 57.297 -18.009 92.690
3 0 57.528 -18.599 92.435 57.297 -18.009 92.690 54.903 -20.055 95.356
3 0 54.903 -20.055 95.356 55.127 -20.652 95.110 57.528 -18.599 92.435
3 0 57.546 -19.145 92.025 57.528 -18.599 92.435 55.127 -20.652 95.110
3 0 55.127 -20.652 95.110 55.140 -21.202 94.706 57.546 -19.145 92.025
3 0 57.349 -19.564 91.523 57.546 -19.145 92.025 55.140 -21.202 94.706
3 0 55.140 -21.202 94.706 54.940 -21.623 94.207 57.349 -19.564 91.523
3 0 56.966 -19.792 91.006 57.349 -19.564 91.523 54.940 -21.623 94.207
3 0 54.940 -21.623 94.207 54.559 -21.850 93.688 56.966 -19.792 91.006
3 0 56.456 -19.795 90.552 56.966 -19.792 91.006 54.559 -21.850 93.688
3 0 54.559 -21.850 93.688 54.054 -21.849 93.228 56.456 -19.795 90.552
3 0 55.897 -19.572 90.230 56.456 -19.795 90.552 54.054 -21.849 93.228
3 0 54.054 -21.849 93.228 53.502 -21.620 92.898 55.897 -19.572 90.230
3 0 55.373 -19.157 90.089 55.897 -19.572 90.230 53.502 -21.620 92.898
3 0 53.502 -21.620 92.898 52.987 -21.198 92.748 55.373 -19.157 90.089
3 0 54.965 -18.613 90.151 55.373 -19.157 90.089 52.987 -21.198 92.748
3 0 52.987 -21.198 92.748 52.587 -20.647 92.800 54.965 -18.613 90.151
3 0 52.711 -14.213 85.407 53.225 -14.206 85.856 50.962 -16.256 88.442
3 0 50.962 -16.256 88.442 50.453 -16.259 87.988 52.711 -14.213 85.407
3 0 52.145 -13.995 85.093 52.711 -14.213 85.407 50.453 -16.259 87.988
3 0 50.453 -16.259 87.988 49.893 -16.036 87.666 52.145 -13.995 85.093
3 0 51.614 -13.587 84.961 52.145 -13.995 85.093 49.893 -16.036 87.666
3 0 49.893 -16.036 87.666 49.370 -15.622 87.526 51.614 -13.587 84.961
3 0 51.197 -13.051 85.033 51.614 -13.587 84.961 49.370 -15.622 87.526
3 0 49.370 -15.622 87.526 48.961 -15.078 87.588 51.197 -13.051 85.033
3 0 50.959 -12.468 85.297 51.197 -13.051 85.033 48.961 -15.078 87.588
3 0 48.961 -15.078 87.588 48.730 -14.488 87.843 50.959 -12.468 85.297
3 0 50.937 -11.926 85.712 50.959 -12.468 85.297 48.730 -14.488 87.843
3 0 48.730 -14.488 87.843 48.712 -13.942 88.253 50.937 -11.926 85.712
3 0 51.132 -11.509 86.217 50.937 -11.926 85.712 48.712 -13.942 88.253
3 0 48.712 -13.942 88.253 48.909 -13.523 88.755 51.132 -11.509 86.217
3 0 51.516 -11.280 86.733 51.132 -11.509 86.217 48.909 -13.523 88.755
3 0 48.909 -13.523 88.755 49.292 -13.295 89.272 51.516 -11.280 86.733
3 0 52.030 -11.274 87.182 51.516 -11.280 86.733 49.292 -13.295 89.272
3 0 49.292 -13.295 89.272 49.802 -13.292 89.726 52.030 -11.274 87.182
3 0 52.596 -11.491 87.496 52.030 -11.274 87.182 49.802 -13.292 89.726
3 0 49.802 -13.292 89.726 50.361 -13.515 90.048 52.596 -11.491 87.496
3 0 53.128 -11.899 87.627 52.596 -11.491 87.496 50.361 -13.515 90.048
3 0 50.361 -13.515 90.048 50.885 -13.930 90.189 53.128 -11.899 87.627
3 0 53.544 -12.435 87.556 53.128 -11.899 87.627 50.885 -13.930 90.189
3 0 50.885 -13.930 90.189 51.293 -14.474 90.127 53.544 -12.435 87.556
3 0 52.454 -17.438 88.843 54.739 -15.368 86.230 55.253 -15.361 86.679
3 0 55.253 -15.361 86.679 52.964 -17.435 89.297 52.454 -17.438 88.843
3 0 51.895 -17.215 88.521 54.173 -15.150 85.916 54.739 -15.368 86.230
3 0 54.739 -15.368 86.230 52.454 -17.438 88.843 51.895 -17.215 88.521
3 0 51.371 -16.800 88.380 53.642 -14.743 85.785 54.173 -15.150 85.916
3 0 54.173 -15.150 85.916 51.895 -17.215 88.521 51.371 -16.800 88.380
3 0 50.962 -16.256 88.442 53.225 -14.206 85.856 53.642 -14.743 85.785
3 0 53.642 -14.743 85.785 51.371 -16.800 88.380 50.962 -16.256 88.442
3 0 51.803 -14.471 90.581 54.058 -12.429 88.005 53.544 -12.435 87.556
3 0 53.544 -12.435 87.556 51.293 -14.474 90.127 51.803 -14.471 90.581
3 0 52.363 -14.694 90.903 54.624 -12.646 88.319 54.058 -12.429 88.005
3 0 54.058 -12.429 88.005 51.803 -14.471 90.581 52.363 -14.694 90.903
3 0 52.887 -15.109 91.043 55.156 -13.054 88.450 54.624 -12.646 88.319
3 0 54.624 -12.646 88.319 52.363 -14.694 90.903 52.887 -15.109 91.043
3 0 53.295 -15.652 90.981 55.572 -13.591 88.379 55.156 -13.054 88.450
3 0 55.156 -13.054 88.450 52.887 -15.109 91.043 53.295 -15.652 90.981
3 0 54.455 -18.616 89.697 56.767 -16.523 87.053 57.281 -16.516 87.502
3 0 57.281 -16.516 87.502 54.965 -18.613 90.151 54.455 -18.616 89.697
3 0 53.895 -18.393 89.375 56.201 -16.305 86.739 56.767 -16.523 87.053
3 0 56.767 -16.523 87.053 54.455 -18.616 89.697 53.895 -18.393 89.375
3 0 53.372 -17.978 89.235 55.669 -15.897 86.607 56.201 -16.305 86.739
3 0 56.201 -16.305 86.739 53.895 -18.393 89.375 53.372 -17.978 89.235
3 0 52.964 -17.435 89.297 55.253 -15.361 86.679 55.669 -15.897 86.607
3 0 55.669 -15.897 86.607 53.372 -17.978 89.235 52.964 -17.435 89.297
3 0 53.804 -15.649 91.435 56.086 -13.584 88.828 55.572 -13.591 88.379
3 0 55.572 -13.591 88.379 53.295 -15.652 90.981 53.804 -15.649 91.435
3 0 54.363 -15.872 91.757 56.652 -13.801 89.142 56.086 -13.584 88.828
3 0 56.086 -13.584 88.828 53.804 -15.649 91.435 54.363 -15.872 91.757
3 0 54.887 -16.287 91.898 57.183 -14.209 89.273 56.652 -13.801 89.142
3 0 56.652 -13.801 89.142 54.363 -15.872 91.757 54.887 -16.287 91.898
3 0 55.296 -16.830 91.835 57.600 -14.745 89.202 57.183 -14.209 89.273
3 0 57.183 -14.209 89.273 54.887 -16.287 91.898 55.296 -16.830 91.835
3 0 58.114 -14.739 89.651 57.600 -14.745 89.202 55.296 -16.830 91.835
3 0 55.296 -16.830 91.835 55.806 -16.828 92.290 58.114 -14.739 89.651
3 0 58.680 -14.956 89.965 58.114 -14.739 89.651 55.806 -16.828 92.290
3 0 55.806 -16.828 92.290 56.365 -17.051 92.611 58.680 -14.956 89.965
3 0 59.211 -15.364 90.096 58.680 -14.956 89.965 56.365 -17.051 92.611
3 0 56.365 -17.051 92.611 56.889 -17.465 92.752 59.211 -15.364 90.096
3 0 59.628 -15.901 90.025 59.211 -15.364 90.096 56.889 -17.465 92.752
3 0 56.889 -17.465 92.752 57.297 -18.009 92.690 59.628 -15.901 90.025
3 0 59.866 -16.484 89.761 59.628 -15.901 90.025 57.297 -18.009 92.690
3 0 57.297 -18.009 92.690 57.528 -18.599 92.435 59.866 -16.484 89.761
3 0 59.888 -17.025 89.346 59.866 -16.484 89.761 57.528 -18.599 92.435
3 0 57.528 -18.599 92.435 57.546 -19.145 92.025 59.888 -17.025 89.346
3 0 59.693 -17.442 88.841 59.888 -17.025 89.346 57.546 -19.145 92.025
3 0 57.546 -19.145 92.025 57.349 -19.564 91.523 59.693 -17.442 88.841
3 0 59.309 -17.671 88.325 59.693 -17.442 88.841 57.349 -19.564 91.523
3 0 57.349 -19.564 91.523 56.966 -19.792 91.006 59.309 -17.671 88.325
3 0 58.795 -17.678 87.876 59.309 -17.671 88.325 56.966 -19.792 91.006
3 0 56.966 -19.792 91.006 56.456 -19.795 90.552 58.795 -17.678 87.876
3 0 58.229 -17.460 87.562 58.795 -17.678 87.876 56.456 -19.795 90.552
3 0 56.456 -19.795 90.552 55.897 -19.572 90.230 58.229 -17.460 87.562
3 0 57.697 -17.053 87.431 58.229 -17.460 87.562 55.897 -19.572 90.230
3 0 55.897 -19.572 90.230 55.373 -19.157 90.089 57.697 -17.053 87.431
3 0 57.281 -16.516 87.502 57.697 -17.053 87.431 55.373 -19.157 90.089
3 0 55.373 -19.157 90.089 54.965 -18.613 90.151 57.281 -16.516 87.502
3 0 54.912 -12.106 82.827 55.430 -12.096 83.271 53.225 -14.206 85.856
3 0 53.225 -14.206 85.856 52.711 -14.213 85.407 54.912 -12.106 82.827
3 0 54.339 -11.895 82.521 54.912 -12.106 82.827 52.711 -14.213 85.407
3 0 52.711 -14.213 85.407 52.145 -13.995 85.093 54.339 -11.895 82.521
3 0 53.799 -11.495 82.399 54.339 -11.895 82.521 52.145 -13.995 85.093
3 0 52.145 -13.995 85.093 51.614 -13.587 84.961 53.799 -11.495 82.399
3 0 53.375 -10.967 82.481 53.799 -11.495 82.399 51.614 -13.587 84.961
3 0 51.614 -13.587 84.961 51.197 -13.051 85.033 53.375 -10.967 82.481
3 0 53.129 -10.391 82.753 53.375 -10.967 82.481 51.197 -13.051 85.033
3 0 51.197 -13.051 85.033 50.959 -12.468 85.297 53.129 -10.391 82.753
3 0 53.101 -9.855 83.175 53.129 -10.391 82.753 50.959 -12.468 85.297
3 0 50.959 -12.468 85.297 50.937 -11.926 85.712 53.101 -9.855 83.175
3 0 53.294 -9.440 83.682 53.101 -9.855 83.175 50.937 -11.926 85.712
3 0 50.937 -11.926 85.712 51.132 -11.509 86.217 53.294 -9.440 83.682
3 0 53.680 -9.210 84.197 53.294 -9.440 83.682 51.132 -11.509 86.217
3 0 51.132 -11.509 86.217 51.516 -11.280 86.733 53.680 -9.210 84.197
3 0 54.198 -9.200 84.641 53.680 -9.210 84.197 51.516 -11.280 86.733
3 0 51.516 -11.280 86.733 52.030 -11.274 87.182 54.198 -9.200 84.641
3 0 54.771 -9.410 84.947 54.198 -9.200 84.641 52.030 -11.274 87.182
3 0 52.030 -11.274 87.182 52.596 -11.491 87.496 54.771 -9.410 84.947
3 0 55.311 -9.810 85.069 54.771 -9.410 84.947 52.596 -11.491 87.496
3 0 52.596 -11.491 87.496 53.128 -11.899 87.627 55.311 -9.810 85.069
3 0 55.735 -10.339 84.987 55.311 -9.810 85.069 53.128 -11.899 87.627
3 0 53.128 -11.899 87.627 53.544 -12.435 87.556 55.735 -10.339 84.987
3 0 54.739 -15.368 86.230 56.968 -13.235 83.617 57.486 -13.225 84.062
3 0 57.486 -13.225 84.062 55.253 -15.361 86.679 54.739 -15.368 86.230
3 0 54.173 -15.150 85.916 56.395 -13.024 83.311 56.968 -13.235 83.617
3 0 56.968 -13.235 83.617 54.739 -15.368 86.230 54.173 -15.150 85.916
3 0 53.642 -14.743 85.785 55.855 -12.624 83.189 56.395 -13.024 83.311
3 0 56.395 -13.024 83.311 54.173 -15.150 85.916 53.642 -14.743 85.785
3 0 53.225 -14.206 85.856 55.430 -12.096 83.271 55.855 -12.624 83.189
3 0 55.855 -12.624 83.189 53.642 -14.743 85.785 53.225 -14.206 85.856
3 0 54.058 -12.429 88.005 56.254 -10.328 85.431 55.735 -10.339 84.987
3 0 55.735 -10.339 84.987 53.544 -12.435 87.556 54.058 -12.429 88.005
3 0 54.624 -12.646 88.319 56.827 -10.539 85.738 56.254 -10.328 85.431
3 0 56.254 -10.328 85.431 54.058 -12.429 88.005 54.624 -12.646 88.319
3 0 55.156 -13.054 88.450 57.366 -10.939 85.859 56.827 -10.539 85.738
3 0 56.827 -10.539 85.738 54.624 -12.646 88.319 55.156 -13.054 88.450
3 0 55.572 -13.591 88.379 57.791 -11.467 85.777 57.366 -10.939 85.859
3 0 57.366 -10.939 85.859 55.156 -13.054 88.450 55.572 -13.591 88.379
3 0 56.767 -16.523 87.053 59.023 -14.363 84.407 59.541 -14.353 84.852
3 0 59.541 -14.353 84.852 57.281 -16.516 87.502 56.767 -16.523 87.053
3 0 56.201 -16.305 86.739 58.450 -14.152 84.101 59.023 -14.363 84.407
3 0 59.023 -14.363 84.407 56.767 -16.523 87.053 56.201 -16.305 86.739
3 0 55.669 -15.897 86.607 57.910 -13.752 83.980 58.450 -14.152 84.101
3 0 58.450 -14.152 84.101 56.201 -16.305 86.739 55.669 -15.897 86.607
3 0 55.253 -15.361 86.679 57.486 -13.225 84.062 57.910 -13.752 83.980
3 0 57.910 -13.752 83.980 55.669 -15.897 86.607 55.253 -15.361 86.679
3 0 56.086 -13.584 88.828 58.309 -11.457 86.221 57.791 -11.467 85.777
3 0 57.791 -11.467 85.777 55.572 -13.591 88.379 56.086 -13.584 88.828
3 0 56.652 -13.801 89.142 58.882 -11.667 86.528 58.309 -11.457 86.221
3 0 58.309 -11.457 86.221 56.086 -13.584 88.828 56.652 -13.801 89.142
3 0 57.183 -14.209 89.273 59.422 -12.067 86.649 58.882 -11.667 86.528
3 0 58.882 -11.667 86.528 56.652 -13.801 89.142 57.183 -14.209 89.273
3 0 57.600 -14.745 89.202 59.846 -12.596 86.567 59.422 -12.067 86.649
3 0 59.422 -12.067 86.649 57.183 -14.209 89.273 57.600 -14.745 89.202
3 0 60.365 -12.585 87.012 59.846 -12.596 86.567 57.600 -14.745 89.202
3 0 57.600 -14.745 89.202 58.114 -14.739 89.651 60.365 -12.585 87.012
3 0 60.938 -12.796 87.318 60.365 -12.585 87.012 58.114 -14.739 89.651
3 0 58.114 -14.739 89.651 58.680 -14.956 89.965 60.938 -12.796 87.318
3 0 61.478 -13.196 87.440 60.938 -12.796 87.318 58.680 -14.956 89.965
3 0 58.680 -14.956 89.965 59.211 -15.364 90.096 61.478 -13.196 87.440
3 0 61.902 -13.724 87.358 61.478 -13.196 87.440 59.211 -15.364 90.096
3 0 59.211 -15.364 90.096 59.628 -15.901 90.025 61.902 -13.724 87.358
3 0 62.148 -14.300 87.085 61.902 -13.724 87.358 59.628 -15.901 90.025
3 0 59.628 -15.901 90.025 59.866 -16.484 89.761 62.148 -14.300 87.085
3 0 62.176 -14.837 86.664 62.148 -14.300 87.085 59.866 -16.484 89.761
3 0 59.866 -16.484 89.761 59.888 -17.025 89.346 62.176 -14.837 86.664
3 0 61.982 -15.251 86.157 62.176 -14.837 86.664 59.888 -17.025 89.346
3 0 59.888 -17.025 89.346 59.693 -17.442 88.841 61.982 -15.251 86.157
3 0 61.597 -15.482 85.642 61.982 -15.251 86.157 59.693 -17.442 88.841
3 0 59.693 -17.442 88.841 59.309 -17.671 88.325 61.597 -15.482 85.642
3 0 61.079 -15.492 85.198 61.597 -15.482 85.642 59.309 -17.671 88.325
3 0 59.309 -17.671 88.325 58.795 -17.678 87.876 61.079 -15.492 85.198
3 0 60.506 -15.281 84.891 61.079 -15.492 85.198 58.795 -17.678 87.876
3 0 58.795 -17.678 87.876 58.229 -17.460 87.562 60.506 -15.281 84.891
3 0 59.966 -14.881 84.770 60.506 -15.281 84.891 58.229 -17.460 87.562
3 0 58.229 -17.460 87.562 57.697 -17.053 87.431 59.966 -14.881 84.770
3 0 59.541 -14.353 84.852 59.966 -14.881 84.770 57.697 -17.053 87.431
3 0 57.697 -17.053 87.431 57.281 -16.516 87.502 59.541 -14.353 84.852
3 0 57.045 -9.929 80.250 57.568 -9.914 80.689 55.430 -12.096 83.271
3 0 55.430 -12.096 83.271 54.912 -12.106 82.827 57.045 -9.929 80.250
3 0 56.466 -9.725 79.952 57.045 -9.929 80.250 54.912 -12.106 82.827
3 0 54.912 -12.106 82.827 54.339 -11.895 82.521 56.466 -9.725 79.952
3 0 55.918 -9.333 79.840 56.466 -9.725 79.952 54.339 -11.895 82.521
3 0 54.339 -11.895 82.521 53.799 -11.495 82.399 55.918 -9.333 79.840
3 0 55.485 -8.814 79.932 55.918 -9.333 79.840 53.799 -11.495 82.399
3 0 53.799 -11.495 82.399 53.375 -10.967 82.481 55.485 -8.814 79.932
3 0 55.232 -8.245 80.213 55.485 -8.814 79.932 53.375 -10.967 82.481
3 0 53.375 -10.967 82.481 53.129 -10.391 82.753 55.232 -8.245 80.213
3 0 55.198 -7.715 80.641 55.232 -8.245 80.213 53.129 -10.391 82.753
3 0 53.129 -10.391 82.753 53.101 -9.855 83.175 55.198 -7.715 80.641
3 0 55.389 -7.302 81.151 55.198 -7.715 80.641 53.101 -9.855 83.175
3 0 53.101 -9.855 83.175 53.294 -9.440 83.682 55.389 -7.302 81.151
3 0 55.775 -7.071 81.665 55.389 -7.302 81.151 53.294 -9.440 83.682
3 0 53.294 -9.440 83.682 53.680 -9.210 84.197 55.775 -7.071 81.665
3 0 56.298 -7.056 82.104 55.775 -7.071 81.665 53.680 -9.210 84.197
3 0 53.680 -9.210 84.197 54.198 -9.200 84.641 56.298 -7.056 82.104
3 0 56.877 -7.260 82.402 56.298 -7.056 82.104 54.198 -9.200 84.641
3 0 54.198 -9.200 84.641 54.771 -9.410 84.947 56.877 -7.260 82.402
3 0 57.425 -7.652 82.514 56.877 -7.260 82.402 54.771 -9.410 84.947
3 0 54.771 -9.410 84.947 55.311 -9.810 85.069 57.425 -7.652 82.514
3 0 57.859 -8.172 82.422 57.425 -7.652 82.514 55.311 -9.810 85.069
3 0 55.311 -9.810 85.069 55.735 -10.339 84.987 57.859 -8.172 82.422
3 0 56.968 -13.235 83.617 59.129 -11.030 81.007 59.651 -11.015 81.446
3 0 59.651 -11.015 81.446 57.486 -13.225 84.062 56.968 -13.235 83.617
3 0 56.395 -13.024 83.311 58.550 -10.826 80.709 59.129 -11.030 81.007
3 0 59.129 -11.030 81.007 56.968 -13.235 83.617 56.395 -13.024 83.311
3 0 55.855 -12.624 83.189 58.001 -10.434 80.597 58.550 -10.826 80.709
3 0 58.550 -10.826 80.709 56.395 -13.024 83.311 55.855 -12.624 83.189
3 0 55.430 -12.096 83.271 57.568 -9.914 80.689 58.001 -10.434 80.597
3 0 58.001 -10.434 80.597 55.855 -12.624 83.189 55.430 -12.096 83.271
3 0 56.254 -10.328 85.431 58.381 -8.157 82.861 57.859 -8.172 82.422
3 0 57.859 -8.172 82.422 55.735 -10.339 84.987 56.254 -10.328 85.431
3 0 56.827 -10.539 85.738 58.961 -8.361 83.160 58.381 -8.157 82.861
3 0 58.381 -8.157 82.861 56.254 -10.328 85.431 56.827 -10.539 85.738
3 0 57.366 -10.939 85.859 59.509 -8.753 83.271 58.961 -8.361 83.160
3 0 58.961 -8.361 83.160 56.827 -10.539 85.738 57.366 -10.939 85.859
3 0 57.791 -11.467 85.777 59.942 -9.272 83.179 59.509 -8.753 83.271
3 0 59.509 -8.753 83.271 57.366 -10.939 85.859 57.791 -11.467 85.777
3 0 59.023 -14.363 84.407 61.212 -12.130 81.764 61.734 -12.115 82.203
3 0 61.734 -12.115 82.203 59.541 -14.353 84.852 59.023 -14.363 84.407
3 0 58.450 -14.152 84.101 60.632 -11.926 81.466 61.212 -12.130 81.764
3 0 61.212 -12.130 81.764 59.023 -14.363 84.407 58.450 -14.152 84.101
3 0 57.910 -13.752 83.980 60.084 -11.534 81.354 60.632 -11.926 81.466
3 0 60.632 -11.926 81.466 58.450 -14.152 84.101 57.910 -13.752 83.980
3 0 57.486 -13.225 84.062 59.651 -11.015 81.446 60.084 -11.534 81.354
3 0 60.084 -11.534 81.354 57.910 -13.752 83.980 57.486 -13.225 84.062
3 0 58.309 -11.457 86.221 60.464 -9.257 83.618 59.942 -9.272 83.179
3 0 59.942 -9.272 83.179 57.791 -11.467 85.777 58.309 -11.457 86.221
3 0 58.882 -11.667 86.528 61.043 -9.461 83.917 60.464 -9.257 83.618
3 0 60.464 -9.257 83.618 58.309 -11.457 86.221 58.882 -11.667 86.528
3 0 59.422 -12.067 86.649 61.591 -9.853 84.028 61.043 -9.461 83.917
3 0 61.043 -9.461 83.917 58.882 -11.667 86.528 59.422 -12.067 86.649
3 0 59.846 -12.596 86.567 62.025 -10.372 83.936 61.591 -9.853 84.028
3 0 61.591 -9.853 84.028 59.422 -12.067 86.649 59.846 -12.596 86.567
3 0 62.547 -10.358 84.376 62.025 -10.372 83.936 59.846 -12.596 86.567
3 0 59.846 -12.596 86.567 60.365 -12.585 87.012 62.547 -10.358 84.376
3 0 63.127 -10.562 84.674 62.547 -10.358 84.376 60.365 -12.585 87.012
3 0 60.365 -12.585 87.012 60.938 -12.796 87.318 63.127 -10.562 84.674
3 0 63.675 -10.953 84.785 63.127 -10.562 84.674 60.938 -12.796 87.318
3 0 60.938 -12.796 87.318 61.478 -13.196 87.440 63.675 -10.953 84.785
3 0 64.108 -11.473 84.694 63.675 -10.953 84.785 61.478 -13.196 87.440
3 0 61.478 -13.196 87.440 61.902 -13.724 87.358 64.108 -11.473 84.694
3 0 64.361 -12.041 84.412 64.108 -11.473 84.694 61.902 -13.724 87.358
3 0 61.902 -13.724 87.358 62.148 -14.300 87.085 64.361 -12.041 84.412
3 0 64.394 -12.572 83.984 64.361 -12.041 84.412 62.148 -14.300 87.085
3 0 62.148 -14.300 87.085 62.176 -14.837 86.664 64.394 -12.572 83.984
3 0 64.204 -12.984 83.474 64.394 -12.572 83.984 62.176 -14.837 86.664
3 0 62.176 -14.837 86.664 61.982 -15.251 86.157 64.204 -12.984 83.474
3 0 63.818 -13.215 82.961 64.204 -12.984 83.474 61.982 -15.251 86.157
3 0 61.982 -15.251 86.157 61.597 -15.482 85.642 63.818 -13.215 82.961
3 0 63.295 -13.230 82.521 63.818 -13.215 82.961 61.597 -15.482 85.642
3 0 61.597 -15.482 85.642 61.079 -15.492 85.198 63.295 -13.230 82.521
3 0 62.716 -13.026 82.223 63.295 -13.230 82.521 61.079 -15.492 85.198
3 0 61.079 -15.492 85.198 60.506 -15.281 84.891 62.716 -13.026 82.223
3 0 62.168 -12.635 82.111 62.716 -13.026 82.223 60.506 -15.281 84.891
3 0 60.506 -15.281 84.891 59.966 -14.881 84.770 62.168 -12.635 82.111
3 0 61.734 -12.115 82.203 62.168 -12.635 82.111 59.966 -14.881 84.770
3 0 59.966 -14.881 84.770 59.541 -14.353 84.852 61.734 -12.115 82.203
3 0 59.119 -7.686 77.676 59.645 -7.667 78.111 57.568 -9.914 80.689
3 0 57.568 -9.914 80.689 57.045 -9.929 80.250 59.119 -7.686 77.676
3 0 58.533 -7.488 77.385 59.119 -7.686 77.676 57.045 -9.929 80.250
3 0 57.045 -9.929 80.250 56.466 -9.725 79.952 58.533 -7.488 77.385
3 0 57.978 -7.105 77.283 58.533 -7.488 77.385 56.466 -9.725 79.952
3 0 56.466 -9.725 79.952 55.918 -9.333 79.840 57.978 -7.105 77.283
3 0 57.537 -6.594 77.385 57.978 -7.105 77.283 55.918 -9.333 79.840
3 0 55.918 -9.333 79.840 55.485 -8.814 79.932 57.537 -6.594 77.385
3 0 57.277 -6.033 77.675 57.537 -6.594 77.385 55.485 -8.814 79.932
3 0 55.485 -8.814 79.932 55.232 -8.245 80.213 57.277 -6.033 77.675
3 0 57.238 -5.508 78.110 57.277 -6.033 77.675 55.232 -8.245 80.213
3 0 55.232 -8.245 80.213 55.198 -7.715 80.641 57.238 -5.508 78.110
3 0 57.427 -5.098 78.622 57.238 -5.508 78.110 55.198 -7.715 80.641
3 0 55.198 -7.715 80.641 55.389 -7.302 81.151 57.427 -5.098 78.622
3 0 57.814 -4.866 79.135 57.427 -5.098 78.622 55.389 -7.302 81.151
3 0 55.389 -7.302 81.151 55.775 -7.071 81.665 57.814 -4.866 79.135
3 0 58.340 -4.847 79.570 57.814 -4.866 79.135 55.775 -7.071 81.665
3 0 55.775 -7.071 81.665 56.298 -7.056 82.104 58.340 -4.847 79.570
3 0 58.926 -5.045 79.860 58.340 -4.847 79.570 56.298 -7.056 82.104
3 0 56.298 -7.056 82.104 56.877 -7.260 82.402 58.926 -5.045 79.860
3 0 59.481 -5.428 79.962 58.926 -5.045 79.860 56.877 -7.260 82.402
3 0 56.877 -7.260 82.402 57.425 -7.652 82.514 59.481 -5.428 79.962
3 0 59.923 -5.939 79.861 59.481 -5.428 79.962 57.425 -7.652 82.514
3 0 57.425 -7.652 82.514 57.859 -8.172 82.422 59.923 -5.939 79.861
3 0 59.129 -11.030 81.007 61.228 -8.759 78.402 61.754 -8.740 78.836
3 0 61.754 -8.740 78.836 59.651 -11.015 81.446 59.129 -11.030 81.007
3 0 58.550 -10.826 80.709 60.642 -8.561 78.111 61.228 -8.759 78.402
3 0 61.228 -8.759 78.402 59.129 -11.030 81.007 58.550 -10.826 80.709
3 0 58.001 -10.434 80.597 60.087 -8.178 78.009 60.642 -8.561 78.111
3 0 60.642 -8.561 78.111 58.550 -10.826 80.709 58.001 -10.434 80.597
3 0 57.568 -9.914 80.689 59.645 -7.667 78.111 60.087 -8.178 78.009
3 0 60.087 -8.178 78.009 58.001 -10.434 80.597 57.568 -9.914 80.689
3 0 58.381 -8.157 82.861 60.449 -5.920 80.295 59.923 -5.939 79.861
3 0 59.923 -5.939 79.861 57.859 -8.172 82.422 58.381 -8.157 82.861
3 0 58.961 -8.361 83.160 61.034 -6.118 80.586 60.449 -5.920 80.295
3 0 60.449 -5.920 80.295 58.381 -8.157 82.861 58.961 -8.361 83.160
3 0 59.509 -8.753 83.271 61.590 -6.501 80.688 61.034 -6.118 80.586
3 0 61.034 -6.118 80.586 58.961 -8.361 83.160 59.509 -8.753 83.271
3 0 59.942 -9.272 83.179 62.031 -7.012 80.586 61.590 -6.501 80.688
3 0 61.590 -6.501 80.688 59.509 -8.753 83.271 59.942 -9.272 83.179
3 0 61.212 -12.130 81.764 63.336 -9.832 79.127 63.862 -9.813 79.562
3 0 63.862 -9.813 79.562 61.734 -12.115 82.203 61.212 -12.130 81.764
3 0 60.632 -11.926 81.466 62.750 -9.634 78.836 63.336 -9.832 79.127
3 0 63.336 -9.832 79.127 61.212 -12.130 81.764 60.632 -11.926 81.466
3 0 60.084 -11.534 81.354 62.195 -9.251 78.734 62.750 -9.634 78.836
3 0 62.750 -9.634 78.836 60.632 -11.926 81.466 60.084 -11.534 81.354
3 0 59.651 -11.015 81.446 61.754 -8.740 78.836 62.195 -9.251 78.734
3 0 62.195 -9.251 78.734 60.084 -11.534 81.354 59.651 -11.015 81.446
3 0 60.464 -9.257 83.618 62.557 -6.993 81.021 62.031 -7.012 80.586
3 0 62.031 -7.012 80.586 59.942 -9.272 83.179 60.464 -9.257 83.618
3 0 61.043 -9.461 83.917 63.142 -7.191 81.311 62.557 -6.993 81.021
3 0 62.557 -6.993 81.021 60.464 -9.257 83.618 61.043 -9.461 83.917
3 0 61.591 -9.853 84.028 63.698 -7.574 81.413 63.142 -7.191 81.311
3 0 63.142 -7.191 81.311 61.043 -9.461 83.917 61.591 -9.853 84.028
3 0 62.025 -10.372 83.936 64.139 -8.085 81.311 63.698 -7.574 81.413
3 0 63.698 -7.574 81.413 61.591 -9.853 84.028 62.025 -10.372 83.936
3 0 64.666 -8.066 81.746 64.139 -8.085 81.311 62.025 -10.372 83.936
3 0 62.025 -10.372 83.936 62.547 -10.358 84.376 64.666 -8.066 81.746
3 0 65.251 -8.264 82.037 64.666 -8.066 81.746 62.547 -10.358 84.376
3 0 62.547 -10.358 84.376 63.127 -10.562 84.674 65.251 -8.264 82.037
3 0 65.807 -8.647 82.139 65.251 -8.264 82.037 63.127 -10.562 84.674
3 0 63.127 -10.562 84.674 63.675 -10.953 84.785 65.807 -8.647 82.139
3 0 66.248 -9.158 82.037 65.807 -8.647 82.139 63.675 -10.953 84.785
3 0 63.675 -10.953 84.785 64.108 -11.473 84.694 66.248 -9.158 82.037
3 0 66.508 -9.719 81.747 66.248 -9.158 82.037 64.108 -11.473 84.694
3 0 64.108 -11.473 84.694 64.361 -12.041 84.412 66.508 -9.719 81.747
3 0 66.546 -10.244 81.312 66.508 -9.719 81.747 64.361 -12.041 84.412
3 0 64.361 -12.041 84.412 64.394 -12.572 83.984 66.546 -10.244 81.312
3 0 66.358 -10.654 80.800 66.546 -10.244 81.312 64.394 -12.572 83.984
3 0 64.394 -12.572 83.984 64.204 -12.984 83.474 66.358 -10.654 80.800
3 0 65.971 -10.886 80.287 66.358 -10.654 80.800 64.204 -12.984 83.474
3 0 64.204 -12.984 83.474 63.818 -13.215 82.961 65.971 -10.886 80.287
3 0 65.445 -10.905 79.853 65.971 -10.886 80.287 63.818 -13.215 82.961
3 0 63.818 -13.215 82.961 63.295 -13.230 82.521 65.445 -10.905 79.853
3 0 64.859 -10.707 79.562 65.445 -10.905 79.853 63.295 -13.230 82.521
3 0 63.295 -13.230 82.521 62.716 -13.026 82.223 64.859 -10.707 79.562
3 0 64.303 -10.324 79.460 64.859 -10.707 79.562 62.716 -13.026 82.223
3 0 62.716 -13.026 82.223 62.168 -12.635 82.111 64.303 -10.324 79.460
3 0 63.862 -9.813 79.562 64.303 -10.324 79.460 62.168 -12.635 82.111
3 0 62.168 -12.635 82.111 61.734 -12.115 82.203 63.862 -9.813 79.562
3 0 61.130 -5.378 75.109 61.660 -5.356 75.539 59.645 -7.667 78.111
3 0 59.645 -7.667 78.111 59.119 -7.686 77.676 61.130 -5.378 75.109
3 0 60.538 -5.188 74.826 61.130 -5.378 75.109 59.119 -7.686 77.676
3 0 59.119 -7.686 77.676 58.533 -7.488 77.385 60.538 -5.188 74.826
3 0 59.975 -4.813 74.734 60.538 -5.188 74.826 58.533 -7.488 77.385
3 0 58.533 -7.488 77.385 57.978 -7.105 77.283 59.975 -4.813 74.734
3 0 59.526 -4.311 74.845 59.975 -4.813 74.734 57.978 -7.105 77.283
3 0 57.978 -7.105 77.283 57.537 -6.594 77.385 59.526 -4.311 74.845
3 0 59.260 -3.758 75.144 59.526 -4.311 74.845 57.537 -6.594 77.385
3 0 57.537 -6.594 77.385 57.277 -6.033 77.675 59.260 -3.758 75.144
3 0 59.216 -3.238 75.585 59.260 -3.758 75.144 57.277 -6.033 77.675
3 0 57.277 -6.033 77.675 57.238 -5.508 78.110 59.216 -3.238 75.585
3 0 59.402 -2.831 76.101 59.216 -3.238 75.585 57.238 -5.508 78.110
3 0 57.238 -5.508 78.110 57.427 -5.098 78.622 59.402 -2.831 76.101
3 0 59.790 -2.599 76.613 59.402 -2.831 76.101 57.427 -5.098 78.622
3 0 57.427 -5.098 78.622 57.814 -4.866 79.135 59.790 -2.599 76.613
3 0 60.320 -2.576 77.043 59.790 -2.599 76.613 57.814 -4.866 79.135
3 0 57.814 -4.866 79.135 58.340 -4.847 79.570 60.320 -2.576 77.043
3 0 60.911 -2.766 77.326 60.320 -2.576 77.043 58.340 -4.847 79.570
3 0 58.340 -4.847 79.570 58.926 -5.045 79.860 60.911 -2.766 77.326
3 0 61.474 -3.141 77.418 60.911 -2.766 77.326 58.926 -5.045 79.860
3 0 58.926 -5.045 79.860 59.481 -5.428 79.962 61.474 -3.141 77.418
3 0 61.923 -3.643 77.307 61.474 -3.141 77.418 59.481 -5.428 79.962
3 0 59.481 -5.428 79.962 59.923 -5.939 79.861 61.923 -3.643 77.307
3 0 61.228 -8.759 78.402 63.264 -6.423 75.803 63.793 -6.400 76.233
3 0 63.793 -6.400 76.233 61.754 -8.740 78.836 61.228 -8.759 78.402
3 0 60.642 -8.561 78.111 62.672 -6.233 75.520 63.264 -6.423 75.803
3 0 63.264 -6.423 75.803 61.228 -8.759 78.402 60.642 -8.561 78.111
3 0 60.087 -8.178 78.009 62.109 -5.858 75.428 62.672 -6.233 75.520
3 0 62.672 -6.233 75.520 60.642 -8.561 78.111 60.087 -8.178 78.009
3 0 59.645 -7.667 78.111 61.660 -5.356 75.539 62.109 -5.858 75.428
3 0 62.109 -5.858 75.428 60.087 -8.178 78.009 59.645 -7.667 78.111
3 0 60.449 -5.920 80.295 62.453 -3.620 77.737 61.923 -3.643 77.307
3 0 61.923 -3.643 77.307 59.923 -5.939 79.861 60.449 -5.920 80.295
3 0 61.034 -6.118 80.586 63.045 -3.811 78.019 62.453 -3.620 77.737
3 0 62.453 -3.620 77.737 60.449 -5.920 80.295 61.034 -6.118 80.586
3 0 61.590 -6.501 80.688 63.608 -4.186 78.112 63.045 -3.811 78.019
3 0 63.045 -3.811 78.019 61.034 -6.118 80.586 61.590 -6.501 80.688
3 0 62.031 -7.012 80.586 64.057 -4.688 78.000 63.608 -4.186 78.112
3 0 63.608 -4.186 78.112 61.590 -6.501 80.688 62.031 -7.012 80.586
3 0 63.336 -9.832 79.127 65.397 -7.467 76.497 65.926 -7.444 76.927
3 0 65.926 -7.444 76.927 63.862 -9.813 79.562 63.336 -9.832 79.127
3 0 62.750 -9.634 78.836 64.805 -7.277 76.214 65.397 -7.467 76.497
3 0 65.397 -7.467 76.497 63.336 -9.832 79.127 62.750 -9.634 78.836
3 0 62.195 -9.251 78.734 64.242 -6.902 76.121 64.805 -7.277 76.214
3 0 64.805 -7.277 76.214 62.750 -9.634 78.836 62.195 -9.251 78.734
3 0 61.754 -8.740 78.836 63.793 -6.400 76.233 64.242 -6.902 76.121
3 0 64.242 -6.902 76.121 62.195 -9.251 78.734 61.754 -8.740 78.836
3 0 62.557 -6.993 81.021 64.586 -4.665 78.430 64.057 -4.688 78.000
3 0 64.057 -4.688 78.000 62.031 -7.012 80.586 62.557 -6.993 81.021
3 0 63.142 -7.191 81.311 65.178 -4.855 78.713 64.586 -4.665 78.430
3 0 64.586 -4.665 78.430 62.557 -6.993 81.021 63.142 -7.191 81.311
3 0 63.698 -7.574 81.413 65.741 -5.230 78.806 65.178 -4.855 78.713
3 0 65.178 -4.855 78.713 63.142 -7.191 81.311 63.698 -7.574 81.413
3 0 64.139 -8.085 81.311 66.190 -5.732 78.694 65.741 -5.230 78.806
3 0 65.741 -5.230 78.806 63.698 -7.574 81.413 64.139 -8.085 81.311
3 0 66.720 -5.709 79.124 66.190 -5.732 78.694 64.139 -8.085 81.311
3 0 64.139 -8.085 81.311 64.666 -8.066 81.746 66.720 -5.709 79.124
3 0 67.312 -5.900 79.407 66.720 -5.709 79.124 64.666 -8.066 81.746
3 0 64.666 -8.066 81.746 65.251 -8.264 82.037 67.312 -5.900 79.407
3 0 67.875 -6.275 79.500 67.312 -5.900 79.407 65.251 -8.264 82.037
3 0 65.251 -8.264 82.037 65.807 -8.647 82.139 67.875 -6.275 79.500
3 0 68.324 -6.777 79.388 67.875 -6.275 79.500 65.807 -8.647 82.139
3 0 65.807 -8.647 82.139 66.248 -9.158 82.037 68.324 -6.777 79.388
3 0 68.590 -7.330 79.089 68.324 -6.777 79.388 66.248 -9.158 82.037
3 0 66.248 -9.158 82.037 66.508 -9.719 81.747 68.590 -7.330 79.089
3 0 68.634 -7.849 78.648 68.590 -7.330 79.089 66.508 -9.719 81.747
3 0 66.508 -9.719 81.747 66.546 -10.244 81.312 68.634 -7.849 78.648
3 0 68.448 -8.256 78.132 68.634 -7.849 78.648 66.546 -10.244 81.312
3 0 66.546 -10.244 81.312 66.358 -10.654 80.800 68.448 -8.256 78.132
3 0 68.060 -8.489 77.621 68.448 -8.256 78.132 66.358 -10.654 80.800
3 0 66.358 -10.654 80.800 65.971 -10.886 80.287 68.060 -8.489 77.621
3 0 67.530 -8.512 77.191 68.060 -8.489 77.621 65.971 -10.886 80.287
3 0 65.971 -10.886 80.287 65.445 -10.905 79.853 67.530 -8.512 77.191
3 0 66.939 -8.321 76.908 67.530 -8.512 77.191 65.445 -10.905 79.853
3 0 65.445 -10.905 79.853 64.859 -10.707 79.562 66.939 -8.321 76.908
3 0 66.376 -7.947 76.815 66.939 -8.321 76.908 64.859 -10.707 79.562
3 0 64.859 -10.707 79.562 64.303 -10.324 79.460 66.376 -7.947 76.815
3 0 65.926 -7.444 76.927 66.376 -7.947 76.815 64.303 -10.324 79.460
3 0 64.303 -10.324 79.460 63.862 -9.813 79.562 65.926 -7.444 76.927
3 0 63.077 -3.005 72.551 63.610 -2.978 72.976 61.660 -5.356 75.539
3 0 61.660 -5.356 75.539 61.130 -5.378 75.109 63.077 -3.005 72.551
3 0 62.480 -2.821 72.275 63.077 -3.005 72.551 61.130 -5.378 75.109
3 0 61.130 -5.378 75.109 60.538 -5.188 74.826 62.480 -2.821 72.275
3 0 61.910 -2.455 72.192 62.480 -2.821 72.275 60.538 -5.188 74.826
3 0 60.538 -5.188 74.826 59.975 -4.813 74.734 61.910 -2.455 72.192
3 0 61.453 -1.962 72.313 61.910 -2.455 72.192 59.975 -4.813 74.734
3 0 59.975 -4.813 74.734 59.526 -4.311 74.845 61.453 -1.962 72.313
3 0 61.180 -1.417 72.621 61.453 -1.962 72.313 59.526 -4.311 74.845
3 0 59.526 -4.311 74.845 59.260 -3.758 75.144 61.180 -1.417 72.621
3 0 61.132 -0.903 73.068 61.180 -1.417 72.621 59.260 -3.758 75.144
3 0 59.260 -3.758 75.144 59.216 -3.238 75.585 61.132 -0.903 73.068
3 0 61.316 -0.499 73.587 61.132 -0.903 73.068 59.216 -3.238 75.585
3 0 59.216 -3.238 75.585 59.402 -2.831 76.101 61.316 -0.499 73.587
3 0 61.704 -0.266 74.098 61.316 -0.499 73.587 59.402 -2.831 76.101
3 0 59.402 -2.831 76.101 59.790 -2.599 76.613 61.704 -0.266 74.098
3 0 62.237 -0.239 74.523 61.704 -0.266 74.098 59.790 -2.599 76.613
3 0 59.790 -2.599 76.613 60.320 -2.576 77.043 62.237 -0.239 74.523
3 0 62.835 -0.422 74.799 62.237 -0.239 74.523 60.320 -2.576 77.043
3 0 60.320 -2.576 77.043 60.911 -2.766 77.326 62.835 -0.422 74.799
3 0 63.405 -0.789 74.882 62.835 -0.422 74.799 60.911 -2.766 77.326
3 0 60.911 -2.766 77.326 61.474 -3.141 77.418 63.405 -0.789 74.882
3 0 63.861 -1.282 74.761 63.405 -0.789 74.882 61.474 -3.141 77.418
3 0 61.474 -3.141 77.418 61.923 -3.643 77.307 63.861 -1.282 74.761
3 0 63.264 -6.423 75.803 65.234 -4.022 73.214 65.767 -3.995 73.640
3 0 65.767 -3.995 73.640 63.793 -6.400 76.233 63.264 -6.423 75.803
3 0 62.672 -6.233 75.520 64.637 -3.838 72.938 65.234 -4.022 73.214
3 0 65.234 -4.022 73.214 63.264 -6.423 75.803 62.672 -6.233 75.520
3 0 62.109 -5.858 75.428 64.067 -3.472 72.855 64.637 -3.838 72.938
3 0 64.637 -3.838 72.938 62.672 -6.233 75.520 62.109 -5.858 75.428
3 0 61.660 -5.356 75.539 63.610 -2.978 72.976 64.067 -3.472 72.855
3 0 64.067 -3.472 72.855 62.109 -5.858 75.428 61.660 -5.356 75.539
3 0 62.453 -3.620 77.737 64.394 -1.255 75.186 63.861 -1.282 74.761
3 0 63.861 -1.282 74.761 61.923 -3.643 77.307 62.453 -3.620 77.737
3 0 63.045 -3.811 78.019 64.992 -1.439 75.462 64.394 -1.255 75.186
3 0 64.394 -1.255 75.186 62.453 -3.620 77.737 63.045 -3.811 78.019
3 0 63.608 -4.186 78.112 65.562 -1.805 75.545 64.992 -1.439 75.462
3 0 64.992 -1.439 75.462 63.045 -3.811 78.019 63.608 -4.186 78.112
3 0 64.057 -4.688 78.000 66.018 -2.298 75.424 65.562 -1.805 75.545
3 0 65.562 -1.805 75.545 63.608 -4.186 78.112 64.057 -4.688 78.000
3 0 65.397 -7.467 76.497 67.390 -5.038 73.877 67.923 -5.011 74.303
3 0 67.923 -5.011 74.303 65.926 -7.444 76.927 65.397 -7.467 76.497
3 0 64.805 -7.277 76.214 66.793 -4.854 73.601 67.390 -5.038 73.877
3 0 67.390 -5.038 73.877 65.397 -7.467 76.497 64.805 -7.277 76.214
3 0 64.242 -6.902 76.121 66.223 -4.488 73.518 66.793 -4.854 73.601
3 0 66.793 -4.854 73.601 64.805 -7.277 76.214 64.242 -6.902 76.121
3 0 63.793 -6.400 76.233 65.767 -3.995 73.640 66.223 -4.488 73.518
3 0 66.223 -4.488 73.518 64.242 -6.902 76.121 63.793 -6.400 76.233
3 0 64.586 -4.665 78.430 66.551 -2.271 75.849 66.018 -2.298 75.424
3 0 66.018 -2.298 75.424 64.057 -4.688 78.000 64.586 -4.665 78.430
3 0 65.178 -4.855 78.713 67.148 -2.455 76.125 66.551 -2.271 75.849
3 0 66.551 -2.271 75.849 64.586 -4.665 78.430 65.178 -4.855 78.713
3 0 65.741 -5.230 78.806 67.718 -2.821 76.208 67.148 -2.455 76.125
3 0 67.148 -2.455 76.125 65.178 -4.855 78.713 65.741 -5.230 78.806
3 0 66.190 -5.732 78.694 68.174 -3.314 76.087 67.718 -2.821 76.208
3 0 67.718 -2.821 76.208 65.741 -5.230 78.806 66.190 -5.732 78.694
3 0 68.708 -3.287 76.513 68.174 -3.314 76.087 66.190 -5.732 78.694
3 0 66.190 -5.732 78.694 66.720 -5.709 79.124 68.708 -3.287 76.513
3 0 69.305 -3.471 76.788 68.708 -3.287 76.513 66.720 -5.709 79.124
3 0 66.720 -5.709 79.124 67.312 -5.900 79.407 69.305 -3.471 76.788
3 0 69.875 -3.838 76.872 69.305 -3.471 76.788 67.312 -5.900 79.407
3 0 67.312 -5.900 79.407 67.875 -6.275 79.500 69.875 -3.838 76.872
3 0 70.331 -4.331 76.750 69.875 -3.838 76.872 67.875 -6.275 79.500
3 0 67.875 -6.275 79.500 68.324 -6.777 79.388 70.331 -4.331 76.750
3 0 70.604 -4.876 76.442 70.331 -4.331 76.750 68.324 -6.777 79.388
3 0 68.324 -6.777 79.388 68.590 -7.330 79.089 70.604 -4.876 76.442
3 0 70.653 -5.389 75.995 70.604 -4.876 76.442 68.590 -7.330 79.089
3 0 68.590 -7.330 79.089 68.634 -7.849 78.648 70.653 -5.389 75.995
3 0 70.469 -5.794 75.477 70.653 -5.389 75.995 68.634 -7.849 78.648
3 0 68.634 -7.849 78.648 68.448 -8.256 78.132 70.469 -5.794 75.477
3 0 70.080 -6.027 74.966 70.469 -5.794 75.477 68.448 -8.256 78.132
3 0 68.448 -8.256 78.132 68.060 -8.489 77.621 70.080 -6.027 74.966
3 0 69.547 -6.054 74.540 70.080 -6.027 74.966 68.060 -8.489 77.621
3 0 68.060 -8.489 77.621 67.530 -8.512 77.191 69.547 -6.054 74.540
3 0 68.950 -5.870 74.265 69.547 -6.054 74.540 67.530 -8.512 77.191
3 0 67.530 -8.512 77.191 66.939 -8.321 76.908 68.950 -5.870 74.265
3 0 68.380 -5.504 74.181 68.950 -5.870 74.265 66.939 -8.321 76.908
3 0 66.939 -8.321 76.908 66.376 -7.947 76.815 68.380 -5.504 74.181
3 0 67.923 -5.011 74.303 68.380 -5.504 74.181 66.376 -7.947 76.815
3 0 66.376 -7.947 76.815 65.926 -7.444 76.927 67.923 -5.011 74.303
3 0 64.728 -0.878 70.321 65.264 -0.847 70.743 63.610 -2.978 72.976
3 0 63.610 -2.978 72.976 63.077 -3.005 72.551 64.728 -0.878 70.321
3 0 64.125 -0.702 70.053 64.728 -0.878 70.321 63.077 -3.005 72.551
3 0 63.077 -3.005 72.551 62.480 -2.821 72.275 64.125 -0.702 70.053
3 0 63.548 -0.344 69.979 64.125 -0.702 70.053 62.480 -2.821 72.275
3 0 62.480 -2.821 72.275 61.910 -2.455 72.192 63.548 -0.344 69.979
3 0 63.084 0.139 70.111 63.548 -0.344 69.979 61.910 -2.455 72.192
3 0 61.910 -2.455 72.192 61.453 -1.962 72.313 63.084 0.139 70.111
3 0 62.805 0.676 70.427 63.084 0.139 70.111 61.453 -1.962 72.313
3 0 61.453 -1.962 72.313 61.180 -1.417 72.621 62.805 0.676 70.427
3 0 62.752 1.183 70.881 62.805 0.676 70.427 61.180 -1.417 72.621
3 0 61.180 -1.417 72.621 61.132 -0.903 73.068 62.752 1.183 70.881
3 0 62.933 1.585 71.403 62.752 1.183 70.881 61.132 -0.903 73.068
3 0 61.132 -0.903 73.068 61.316 -0.499 73.587 62.933 1.585 71.403
3 0 63.322 1.819 71.913 62.933 1.585 71.403 61.316 -0.499 73.587
3 0 61.316 -0.499 73.587 61.704 -0.266 74.098 63.322 1.819 71.913
3 0 63.858 1.850 72.334 63.322 1.819 71.913 61.704 -0.266 74.098
3 0 61.704 -0.266 74.098 62.237 -0.239 74.523 63.858 1.850 72.334
3 0 64.461 1.673 72.602 63.858 1.850 72.334 62.237 -0.239 74.523
3 0 62.237 -0.239 74.523 62.835 -0.422 74.799 64.461 1.673 72.602
3 0 65.038 1.316 72.676 64.461 1.673 72.602 62.835 -0.422 74.799
3 0 62.835 -0.422 74.799 63.405 -0.789 74.882 65.038 1.316 72.676
3 0 65.502 0.832 72.545 65.038 1.316 72.676 63.405 -0.789 74.882
3 0 63.405 -0.789 74.882 63.861 -1.282 74.761 65.502 0.832 72.545
3 0 65.234 -4.022 73.214 66.908 -1.864 70.954 67.445 -1.833 71.375
3 0 67.445 -1.833 71.375 65.767 -3.995 73.640 65.234 -4.022 73.214
3 0 64.637 -3.838 72.938 66.305 -1.688 70.686 66.908 -1.864 70.954
3 0 66.908 -1.864 70.954 65.234 -4.022 73.214 64.637 -3.838 72.938
3 0 64.067 -3.472 72.855 65.728 -1.331 70.612 66.305 -1.688 70.686
3 0 66.305 -1.688 70.686 64.637 -3.838 72.938 64.067 -3.472 72.855
3 0 63.610 -2.978 72.976 65.264 -0.847 70.743 65.728 -1.331 70.612
3 0 65.728 -1.331 70.612 64.067 -3.472 72.855 63.610 -2.978 72.976
3 0 64.394 -1.255 75.186 66.038 0.864 72.966 65.502 0.832 72.545
3 0 65.502 0.832 72.545 63.861 -1.282 74.761 64.394 -1.255 75.186
3 0 64.992 -1.439 75.462 66.641 0.687 73.234 66.038 0.864 72.966
3 0 66.038 0.864 72.966 64.394 -1.255 75.186 64.992 -1.439 75.462
3 0 65.562 -1.805 75.545 67.218 0.330 73.308 66.641 0.687 73.234
3 0 66.641 0.687 73.234 64.992 -1.439 75.462 65.562 -1.805 75.545
3 0 66.018 -2.298 75.424 67.682 -0.154 73.177 67.218 0.330 73.308
3 0 67.218 0.330 73.308 65.562 -1.805 75.545 66.018 -2.298 75.424
3 0 67.390 -5.038 73.877 69.087 -2.850 71.585 69.624 -2.819 72.007
3 0 69.624 -2.819 72.007 67.923 -5.011 74.303 67.390 -5.038 73.877
3 0 66.793 -4.854 73.601 68.485 -2.674 71.317 69.087 -2.850 71.585
3 0 69.087 -2.850 71.585 67.390 -5.038 73.877 66.793 -4.854 73.601
3 0 66.223 -4.488 73.518 67.908 -2.317 71.243 68.485 -2.674 71.317
3 0 68.485 -2.674 71.317 66.793 -4.854 73.601 66.223 -4.488 73.518
3 0 65.767 -3.995 73.640 67.445 -1.833 71.375 67.908 -2.317 71.243
3 0 67.908 -2.317 71.243 66.223 -4.488 73.518 65.767 -3.995 73.640
3 0 66.551 -2.271 75.849 68.218 -0.122 73.598 67.682 -0.154 73.177
3 0 67.682 -0.154 73.177 66.018 -2.298 75.424 66.551 -2.271 75.849
3 0 67.148 -2.455 76.125 68.820 -0.299 73.866 68.218 -0.122 73.598
3 0 68.218 -0.122 73.598 66.551 -2.271 75.849 67.148 -2.455 76.125
3 0 67.718 -2.821 76.208 69.397 -0.656 73.940 68.820 -0.299 73.866
3 0 68.820 -0.299 73.866 67.148 -2.455 76.125 67.718 -2.821 76.208
3 0 68.174 -3.314 76.087 69.861 -1.140 73.809 69.397 -0.656 73.940
3 0 69.397 -0.656 73.940 67.718 -2.821 76.208 68.174 -3.314 76.087
3 0 70.398 -1.109 74.230 69.861 -1.140 73.809 68.174 -3.314 76.087
3 0 68.174 -3.314 76.087 68.708 -3.287 76.513 70.398 -1.109 74.230
3 0 71.000 -1.285 74.498 70.398 -1.109 74.230 68.708 -3.287 76.513
3 0 68.708 -3.287 76.513 69.305 -3.471 76.788 71.000 -1.285 74.498
3 0 71.578 -1.642 74.572 71.000 -1.285 74.498 69.305 -3.471 76.788
3 0 69.305 -3.471 76.788 69.875 -3.838 76.872 71.578 -1.642 74.572
3 0 72.041 -2.126 74.441 71.578 -1.642 74.572 69.875 -3.838 76.872
3 0 69.875 -3.838 76.872 70.331 -4.331 76.750 72.041 -2.126 74.441
3 0 72.321 -2.663 74.125 72.041 -2.126 74.441 70.331 -4.331 76.750
3 0 70.331 -4.331 76.750 70.604 -4.876 76.442 72.321 -2.663 74.125
3 0 72.374 -3.170 73.671 72.321 -2.663 74.125 70.604 -4.876 76.442
3 0 70.604 -4.876 76.442 70.653 -5.389 75.995 72.374 -3.170 73.671
3 0 72.193 -3.571 73.149 72.374 -3.170 73.671 70.653 -5.389 75.995
3 0 70.653 -5.389 75.995 70.469 -5.794 75.477 72.193 -3.571 73.149
3 0 71.804 -3.806 72.639 72.193 -3.571 73.149 70.469 -5.794 75.477
3 0 70.469 -5.794 75.477 70.080 -6.027 74.966 71.804 -3.806 72.639
3 0 71.268 -3.837 72.218 71.804 -3.806 72.639 70.080 -6.027 74.966
3 0 70.080 -6.027 74.966 69.547 -6.054 74.540 71.268 -3.837 72.218
3 0 70.665 -3.660 71.950 71.268 -3.837 72.218 69.547 -6.054 74.540
3 0 69.547 -6.054 74.540 68.950 -5.870 74.265 70.665 -3.660 71.950
3 0 70.088 -3.303 71.875 70.665 -3.660 71.950 68.950 -5.870 74.265
3 0 68.950 -5.870 74.265 68.380 -5.504 74.181 70.088 -3.303 71.875
3 0 69.624 -2.819 72.007 70.088 -3.303 71.875 68.380 -5.504 74.181
3 0 68.380 -5.504 74.181 67.923 -5.011 74.303 69.624 -2.819 72.007
3 0 66.544 1.617 67.789 67.084 1.653 68.205 65.264 -0.847 70.743
3 0 65.264 -0.847 70.743 64.728 -0.878 70.321 66.544 1.617 67.789
3 0 65.936 1.786 67.528 66.544 1.617 67.789 64.728 -0.878 70.321
3 0 64.728 -0.878 70.321 64.125 -0.702 70.053 65.936 1.786 67.528
3 0 65.351 2.133 67.464 65.936 1.786 67.528 64.125 -0.702 70.053
3 0 64.125 -0.702 70.053 63.548 -0.344 69.979 65.351 2.133 67.464
3 0 64.880 2.606 67.606 65.351 2.133 67.464 63.548 -0.344 69.979
3 0 63.548 -0.344 69.979 63.084 0.139 70.111 64.880 2.606 67.606
3 0 64.593 3.133 67.932 64.880 2.606 67.606 63.084 0.139 70.111
3 0 63.084 0.139 70.111 62.805 0.676 70.427 64.593 3.133 67.932
3 0 64.534 3.633 68.393 64.593 3.133 67.932 62.805 0.676 70.427
3 0 62.805 0.676 70.427 62.752 1.183 70.881 64.534 3.633 68.393
3 0 64.713 4.031 68.918 64.534 3.633 68.393 62.752 1.183 70.881
3 0 62.752 1.183 70.881 62.933 1.585 71.403 64.713 4.031 68.918
3 0 65.102 4.266 69.428 64.713 4.031 68.918 62.933 1.585 71.403
3 0 62.933 1.585 71.403 63.322 1.819 71.913 65.102 4.266 69.428
3 0 65.641 4.302 69.844 65.102 4.266 69.428 63.322 1.819 71.913
3 0 63.322 1.819 71.913 63.858 1.850 72.334 65.641 4.302 69.844
3 0 66.250 4.134 70.104 65.641 4.302 69.844 63.858 1.850 72.334
3 0 63.858 1.850 72.334 64.461 1.673 72.602 66.250 4.134 70.104
3 0 66.834 3.787 70.169 66.250 4.134 70.104 64.461 1.673 72.602
3 0 64.461 1.673 72.602 65.038 1.316 72.676 66.834 3.787 70.169
3 0 67.306 3.314 70.027 66.834 3.787 70.169 65.038 1.316 72.676
3 0 65.038 1.316 72.676 65.502 0.832 72.545 67.306 3.314 70.027
3 0 66.908 -1.864 70.954 68.748 0.665 68.388 69.288 0.701 68.805
3 0 69.288 0.701 68.805 67.445 -1.833 71.375 66.908 -1.864 70.954
3 0 66.305 -1.688 70.686 68.140 0.833 68.128 68.748 0.665 68.388
3 0 68.748 0.665 68.388 66.908 -1.864 70.954 66.305 -1.688 70.686
3 0 65.728 -1.331 70.612 67.556 1.180 68.064 68.140 0.833 68.128
3 0 68.140 0.833 68.128 66.305 -1.688 70.686 65.728 -1.331 70.612
3 0 65.264 -0.847 70.743 67.084 1.653 68.205 67.556 1.180 68.064
3 0 67.556 1.180 68.064 65.728 -1.331 70.612 65.264 -0.847 70.743
3 0 66.038 0.864 72.966 67.846 3.350 70.444 67.306 3.314 70.027
3 0 67.306 3.314 70.027 65.502 0.832 72.545 66.038 0.864 72.966
3 0 66.641 0.687 73.234 68.454 3.182 70.704 67.846 3.350 70.444
3 0 67.846 3.350 70.444 66.038 0.864 72.966 66.641 0.687 73.234
3 0 67.218 0.330 73.308 69.039 2.835 70.768 68.454 3.182 70.704
3 0 68.454 3.182 70.704 66.641 0.687 73.234 67.218 0.330 73.308
3 0 67.682 -0.154 73.177 69.510 2.362 70.626 69.039 2.835 70.768
3 0 69.039 2.835 70.768 67.218 0.330 73.308 67.682 -0.154 73.177
3 0 69.087 -2.850 71.585 70.952 -0.287 68.987 71.492 -0.251 69.404
3 0 71.492 -0.251 69.404 69.624 -2.819 72.007 69.087 -2.850 71.585
3 0 68.485 -2.674 71.317 70.344 -0.119 68.727 70.952 -0.287 68.987
3 0 70.952 -0.287 68.987 69.087 -2.850 71.585 68.485 -2.674 71.317
3 0 67.908 -2.317 71.243 69.759 0.228 68.663 70.344 -0.119 68.727
3 0 70.344 -0.119 68.727 68.485 -2.674 71.317 67.908 -2.317 71.243
3 0 67.445 -1.833 71.375 69.288 0.701 68.805 69.759 0.228 68.663
3 0 69.759 0.228 68.663 67.908 -2.317 71.243 67.445 -1.833 71.375
3 0 68.218 -0.122 73.598 70.049 2.398 71.043 69.510 2.362 70.626
3 0 69.510 2.362 70.626 67.682 -0.154 73.177 68.218 -0.122 73.598
3 0 68.820 -0.299 73.866 70.658 2.230 71.303 70.049 2.398 71.043
3 0 70.049 2.398 71.043 68.218 -0.122 73.598 68.820 -0.299 73.866
3 0 69.397 -0.656 73.940 71.242 1.883 71.367 70.658 2.230 71.303
3 0 70.658 2.230 71.303 68.820 -0.299 73.866 69.397 -0.656 73.940
3 0 69.861 -1.140 73.809 71.714 1.410 71.225 71.242 1.883 71.367
3 0 71.242 1.883 71.367 69.397 -0.656 73.940 69.861 -1.140 73.809
3 0 72.254 1.446 71.642 71.714 1.410 71.225 69.861 -1.140 73.809
3 0 69.861 -1.140 73.809 70.398 -1.109 74.230 72.254 1.446 71.642
3 0 72.862 1.277 71.902 72.254 1.446 71.642 70.398 -1.109 74.230
3 0 70.398 -1.109 74.230 71.000 -1.285 74.498 72.862 1.277 71.902
3 0 73.447 0.930 71.967 72.862 1.277 71.902 71.000 -1.285 74.498
3 0 71.000 -1.285 74.498 71.578 -1.642 74.572 73.447 0.930 71.967
3 0 73.918 0.457 71.825 73.447 0.930 71.967 71.578 -1.642 74.572
3 0 71.578 -1.642 74.572 72.041 -2.126 74.441 73.918 0.457 71.825
3 0 74.205 -0.070 71.499 73.918 0.457 71.825 72.041 -2.126 74.441
3 0 72.041 -2.126 74.441 72.321 -2.663 74.125 74.205 -0.070 71.499
3 0 74.264 -0.570 71.038 74.205 -0.070 71.499 72.321 -2.663 74.125
3 0 72.321 -2.663 74.125 72.374 -3.170 73.671 74.264 -0.570 71.038
3 0 74.085 -0.968 70.513 74.264 -0.570 71.038 72.374 -3.170 73.671
3 0 72.374 -3.170 73.671 72.193 -3.571 73.149 74.085 -0.968 70.513
3 0 73.696 -1.203 70.003 74.085 -0.968 70.513 72.193 -3.571 73.149
3 0 72.193 -3.571 73.149 71.804 -3.806 72.639 73.696 -1.203 70.003
3 0 73.156 -1.239 69.587 73.696 -1.203 70.003 71.804 -3.806 72.639
3 0 71.804 -3.806 72.639 71.268 -3.837 72.218 73.156 -1.239 69.587
3 0 72.548 -1.071 69.326 73.156 -1.239 69.587 71.268 -3.837 72.218
3 0 71.268 -3.837 72.218 70.665 -3.660 71.950 72.548 -1.071 69.326
3 0 71.963 -0.724 69.262 72.548 -1.071 69.326 70.665 -3.660 71.950
3 0 70.665 -3.660 71.950 70.088 -3.303 71.875 71.963 -0.724 69.262
3 0 71.492 -0.251 69.404 71.963 -0.724 69.262 70.088 -3.303 71.875
3 0 70.088 -3.303 71.875 69.624 -2.819 72.007 71.492 -0.251 69.404
3 0 68.288 4.179 65.273 68.831 4.221 65.685 67.084 1.653 68.205
3 0 67.084 1.653 68.205 66.544 1.617 67.789 68.288 4.179 65.273
3 0 67.674 4.339 65.020 68.288 4.179 65.273 66.544 1.617 67.789
3 0 66.544 1.617 67.789 65.936 1.786 67.528 67.674 4.339 65.020
3 0 67.082 4.675 64.966 67.674 4.339 65.020 65.936 1.786 67.528
3 0 65.936 1.786 67.528 65.351 2.133 67.464 67.082 4.675 64.966
3 0 66.603 5.137 65.118 67.082 4.675 64.966 65.351 2.133 67.464
3 0 65.351 2.133 67.464 64.880 2.606 67.606 66.603 5.137 65.118
3 0 66.308 5.654 65.454 66.603 5.137 65.118 64.880 2.606 67.606
3 0 64.880 2.606 67.606 64.593 3.133 67.932 66.308 5.654 65.454
3 0 66.244 6.147 65.922 66.308 5.654 65.454 64.593 3.133 67.932
3 0 64.593 3.133 67.932 64.534 3.633 68.393 66.244 6.147 65.922
3 0 66.420 6.541 66.451 66.244 6.147 65.922 64.534 3.633 68.393
3 0 64.534 3.633 68.393 64.713 4.031 68.918 66.420 6.541 66.451
3 0 66.809 6.777 66.960 66.420 6.541 66.451 64.713 4.031 68.918
3 0 64.713 4.031 68.918 65.102 4.266 69.428 66.809 6.777 66.960
3 0 67.352 6.818 67.372 66.809 6.777 66.960 65.102 4.266 69.428
3 0 65.102 4.266 69.428 65.641 4.302 69.844 67.352 6.818 67.372
3 0 67.966 6.659 67.625 67.352 6.818 67.372 65.641 4.302 69.844
3 0 65.641 4.302 69.844 66.250 4.134 70.104 67.966 6.659 67.625
3 0 68.558 6.322 67.679 67.966 6.659 67.625 66.250 4.134 70.104
3 0 66.250 4.134 70.104 66.834 3.787 70.169 68.558 6.322 67.679
3 0 69.037 5.861 67.526 68.558 6.322 67.679 66.834 3.787 70.169
3 0 66.834 3.787 70.169 67.306 3.314 70.027 69.037 5.861 67.526
3 0 68.748 0.665 68.388 70.516 3.263 65.839 71.059 3.304 66.251
3 0 71.059 3.304 66.251 69.288 0.701 68.805 68.748 0.665 68.388
3 0 68.140 0.833 68.128 69.902 3.423 65.587 70.516 3.263 65.839
3 0 70.516 3.263 65.839 68.748 0.665 68.388 68.140 0.833 68.128
3 0 67.556 1.180 68.064 69.310 3.759 65.532 69.902 3.423 65.587
3 0 69.902 3.423 65.587 68.140 0.833 68.128 67.556 1.180 68.064
3 0 67.084 1.653 68.205 68.831 4.221 65.685 69.310 3.759 65.532
3 0 69.310 3.759 65.532 67.556 1.180 68.064 67.084 1.653 68.205
3 0 67.846 3.350 70.444 69.580 5.902 67.939 69.037 5.861 67.526
3 0 69.037 5.861 67.526 67.306 3.314 70.027 67.846 3.350 70.444
3 0 68.454 3.182 70.704 70.194 5.742 68.191 69.580 5.902 67.939
3 0 69.580 5.902 67.939 67.846 3.350 70.444 68.454 3.182 70.704
3 0 69.039 2.835 70.768 70.786 5.406 68.245 70.194 5.742 68.191
3 0 70.194 5.742 68.191 68.454 3.182 70.704 69.039 2.835 70.768
3 0 69.510 2.362 70.626 71.265 4.944 68.093 70.786 5.406 68.245
3 0 70.786 5.406 68.245 69.039 2.835 70.768 69.510 2.362 70.626
3 0 70.952 -0.287 68.987 72.743 2.347 66.405 73.286 2.388 66.817
3 0 73.286 2.388 66.817 71.492 -0.251 69.404 70.952 -0.287 68.987
3 0 70.344 -0.119 68.727 72.129 2.506 66.153 72.743 2.347 66.405
3 0 72.743 2.347 66.405 70.952 -0.287 68.987 70.344 -0.119 68.727
3 0 69.759 0.228 68.663 71.538 2.843 66.099 72.129 2.506 66.153
3 0 72.129 2.506 66.153 70.344 -0.119 68.727 69.759 0.228 68.663
3 0 69.288 0.701 68.805 71.059 3.304 66.251 71.538 2.843 66.099
3 0 71.538 2.843 66.099 69.759 0.228 68.663 69.288 0.701 68.805
3 0 70.049 2.398 71.043 71.807 4.986 68.505 71.265 4.944 68.093
3 0 71.265 4.944 68.093 69.510 2.362 70.626 70.049 2.398 71.043
3 0 70.658 2.230 71.303 72.421 4.826 68.757 71.807 4.986 68.505
3 0 71.807 4.986 68.505 70.049 2.398 71.043 70.658 2.230 71.303
3 0 71.242 1.883 71.367 73.013 4.490 68.811 72.421 4.826 68.757
3 0 72.421 4.826 68.757 70.658 2.230 71.303 71.242 1.883 71.367
3 0 71.714 1.410 71.225 73.493 4.028 68.659 73.013 4.490 68.811
3 0 73.013 4.490 68.811 71.242 1.883 71.367 71.714 1.410 71.225
3 0 74.036 4.069 69.071 73.493 4.028 68.659 71.714 1.410 71.225
3 0 71.714 1.410 71.225 72.254 1.446 71.642 74.036 4.069 69.071
3 0 74.650 3.910 69.323 74.036 4.069 69.071 72.254 1.446 71.642
3 0 72.254 1.446 71.642 72.862 1.277 71.902 74.650 3.910 69.323
3 0 75.242 3.574 69.378 74.650 3.910 69.323 72.862 1.277 71.902
3 0 72.862 1.277 71.902 73.447 0.930 71.967 75.242 3.574 69.378
3 0 75.721 3.112 69.225 75.242 3.574 69.378 73.447 0.930 71.967
3 0 73.447 0.930 71.967 73.918 0.457 71.825 75.721 3.112 69.225
3 0 76.015 2.595 68.890 75.721 3.112 69.225 73.918 0.457 71.825
3 0 73.918 0.457 71.825 74.205 -0.070 71.499 76.015 2.595 68.890
3 0 76.079 2.102 68.422 76.015 2.595 68.890 74.205 -0.070 71.499
3 0 74.205 -0.070 71.499 74.264 -0.570 71.038 76.079 2.102 68.422
3 0 75.903 1.707 67.893 76.079 2.102 68.422 74.264 -0.570 71.038
3 0 74.264 -0.570 71.038 74.085 -0.968 70.513 75.903 1.707 67.893
3 0 75.514 1.472 67.384 75.903 1.707 67.893 74.085 -0.968 70.513
3 0 74.085 -0.968 70.513 73.696 -1.203 70.003 75.514 1.472 67.384
3 0 74.972 1.430 66.971 75.514 1.472 67.384 73.696 -1.203 70.003
3 0 73.696 -1.203 70.003 73.156 -1.239 69.587 74.972 1.430 66.971
3 0 74.358 1.590 66.719 74.972 1.430 66.971 73.156 -1.239 69.587
3 0 73.156 -1.239 69.587 72.548 -1.071 69.326 74.358 1.590 66.719
3 0 73.766 1.926 66.665 74.358 1.590 66.719 72.548 -1.071 69.326
3 0 72.548 -1.071 69.326 71.963 -0.724 69.262 73.766 1.926 66.665
3 0 73.286 2.388 66.817 73.766 1.926 66.665 71.963 -0.724 69.262
3 0 71.963 -0.724 69.262 71.492 -0.251 69.404 73.286 2.388 66.817
3 0 69.956 6.808 62.776 70.502 6.855 63.184 68.831 4.221 65.685
3 0 68.831 4.221 65.685 68.288 4.179 65.273 69.956 6.808 62.776
3 0 69.336 6.959 62.532 69.956 6.808 62.776 68.288 4.179 65.273
3 0 68.288 4.179 65.273 67.674 4.339 65.020 69.336 6.959 62.532
3 0 68.737 7.284 62.488 69.336 6.959 62.532 67.674 4.339 65.020
3 0 67.674 4.339 65.020 67.082 4.675 64.966 68.737 7.284 62.488
3 0 68.250 7.733 62.651 68.737 7.284 62.488 67.082 4.675 64.966
3 0 67.082 4.675 64.966 66.603 5.137 65.118 68.250 7.733 62.651
3 0 67.948 8.239 62.997 68.250 7.733 62.651 66.603 5.137 65.118
3 0 66.603 5.137 65.118 66.308 5.654 65.454 67.948 8.239 62.997
3 0 67.879 8.724 63.472 67.948 8.239 62.997 66.308 5.654 65.454
3 0 66.308 5.654 65.454 66.244 6.147 65.922 67.879 8.724 63.472
3 0 68.051 9.115 64.005 67.879 8.724 63.472 66.244 6.147 65.922
3 0 66.244 6.147 65.922 66.420 6.541 66.451 68.051 9.115 64.005
3 0 68.440 9.352 64.514 68.051 9.115 64.005 66.420 6.541 66.451
3 0 66.420 6.541 66.451 66.809 6.777 66.960 68.440 9.352 64.514
3 0 68.986 9.398 64.921 68.440 9.352 64.514 66.809 6.777 66.960
3 0 66.809 6.777 66.960 67.352 6.818 67.372 68.986 9.398 64.921
3 0 69.606 9.248 65.166 68.986 9.398 64.921 67.352 6.818 67.372
3 0 67.352 6.818 67.372 67.966 6.659 67.625 69.606 9.248 65.166
3 0 70.205 8.923 65.210 69.606 9.248 65.166 67.966 6.659 67.625
3 0 67.966 6.659 67.625 68.558 6.322 67.679 70.205 8.923 65.210
3 0 70.692 8.474 65.046 70.205 8.923 65.210 68.558 6.322 67.679
3 0 68.558 6.322 67.679 69.037 5.861 67.526 70.692 8.474 65.046
3 0 70.516 3.263 65.839 72.208 5.930 63.309 72.753 5.977 63.717
3 0 72.753 5.977 63.717 71.059 3.304 66.251 70.516 3.263 65.839
3 0 69.902 3.423 65.587 71.588 6.081 63.065 72.208 5.930 63.309
3 0 72.208 5.930 63.309 70.516 3.263 65.839 69.902 3.423 65.587
3 0 69.310 3.759 65.532 70.989 6.406 63.021 71.588 6.081 63.065
3 0 71.588 6.081 63.065 69.902 3.423 65.587 69.310 3.759 65.532
3 0 68.831 4.221 65.685 70.502 6.855 63.184 70.989 6.406 63.021
3 0 70.989 6.406 63.021 69.310 3.759 65.532 68.831 4.221 65.685
3 0 69.580 5.902 67.939 71.238 8.520 65.454 70.692 8.474 65.046
3 0 70.692 8.474 65.046 69.037 5.861 67.526 69.580 5.902 67.939
3 0 70.194 5.742 68.191 71.857 8.370 65.699 71.238 8.520 65.454
3 0 71.238 8.520 65.454 69.580 5.902 67.939 70.194 5.742 68.191
3 0 70.786 5.406 68.245 72.456 8.045 65.742 71.857 8.370 65.699
3 0 71.857 8.370 65.699 70.194 5.742 68.191 70.786 5.406 68.245
3 0 71.265 4.944 68.093 72.944 7.596 65.579 72.456 8.045 65.742
3 0 72.456 8.045 65.742 70.786 5.406 68.245 71.265 4.944 68.093
3 0 72.743 2.347 66.405 74.459 5.053 63.842 75.004 5.099 64.249
3 0 75.004 5.099 64.249 73.286 2.388 66.817 72.743 2.347 66.405
3 0 72.129 2.506 66.153 73.839 5.203 63.597 74.459 5.053 63.842
3 0 74.459 5.053 63.842 72.743 2.347 66.405 72.129 2.506 66.153
3 0 71.538 2.843 66.099 73.240 5.528 63.553 73.839 5.203 63.597
3 0 73.839 5.203 63.597 72.129 2.506 66.153 71.538 2.843 66.099
3 0 71.059 3.304 66.251 72.753 5.977 63.717 73.240 5.528 63.553
3 0 73.240 5.528 63.553 71.538 2.843 66.099 71.059 3.304 66.251
3 0 71.807 4.986 68.505 73.489 7.643 65.987 72.944 7.596 65.579
3 0 72.944 7.596 65.579 71.265 4.944 68.093 71.807 4.986 68.505
3 0 72.421 4.826 68.757 74.108 7.492 66.231 73.489 7.643 65.987
3 0 73.489 7.643 65.987 71.807 4.986 68.505 72.421 4.826 68.757
3 0 73.013 4.490 68.811 74.707 7.167 66.275 74.108 7.492 66.231
3 0 74.108 7.492 66.231 72.421 4.826 68.757 73.013 4.490 68.811
3 0 73.493 4.028 68.659 75.195 6.718 66.112 74.707 7.167 66.275
3 0 74.707 7.167 66.275 73.013 4.490 68.811 73.493 4.028 68.659
3 0 75.741 6.765 66.520 75.195 6.718 66.112 73.493 4.028 68.659
3 0 73.493 4.028 68.659 74.036 4.069 69.071 75.741 6.765 66.520
3 0 76.360 6.614 66.764 75.741 6.765 66.520 74.036 4.069 69.071
3 0 74.036 4.069 69.071 74.650 3.910 69.323 76.360 6.614 66.764
3 0 76.959 6.289 66.808 76.360 6.614 66.764 74.650 3.910 69.323
3 0 74.650 3.910 69.323 75.242 3.574 69.378 76.959 6.289 66.808
3 0 77.447 5.840 66.645 76.959 6.289 66.808 75.242 3.574 69.378
3 0 75.242 3.574 69.378 75.721 3.112 69.225 77.447 5.840 66.645
3 0 77.748 5.334 66.299 77.447 5.840 66.645 75.721 3.112 69.225
3 0 75.721 3.112 69.225 76.015 2.595 68.890 77.748 5.334 66.299
3 0 77.818 4.849 65.824 77.748 5.334 66.299 76.015 2.595 68.890
3 0 76.015 2.595 68.890 76.079 2.102 68.422 77.818 4.849 65.824
3 0 77.645 4.458 65.291 77.818 4.849 65.824 76.079 2.102 68.422
3 0 76.079 2.102 68.422 75.903 1.707 67.893 77.645 4.458 65.291
3 0 77.256 4.221 64.782 77.645 4.458 65.291 75.903 1.707 67.893
3 0 75.903 1.707 67.893 75.514 1.472 67.384 77.256 4.221 64.782
3 0 76.710 4.175 64.374 77.256 4.221 64.782 75.514 1.472 67.384
3 0 75.514 1.472 67.384 74.972 1.430 66.971 76.710 4.175 64.374
3 0 76.091 4.325 64.130 76.710 4.175 64.374 74.972 1.430 66.971
3 0 74.972 1.430 66.971 74.358 1.590 66.719 76.091 4.325 64.130
3 0 75.492 4.650 64.086 76.091 4.325 64.130 74.358 1.590 66.719
3 0 74.358 1.590 66.719 73.766 1.926 66.665 75.492 4.650 64.086
3 0 75.004 5.099 64.249 75.492 4.650 64.086 73.766 1.926 66.665
3 0 73.766 1.926 66.665 73.286 2.388 66.817 75.004 5.099 64.249
3 0 71.544 9.505 60.304 72.092 9.558 60.707 70.502 6.855 63.184
3 0 70.502 6.855 63.184 69.956 6.808 62.776 71.544 9.505 60.304
3 0 70.919 9.645 60.067 71.544 9.505 60.304 69.956 6.808 62.776
3 0 69.956 6.808 62.776 69.336 6.959 62.532 70.919 9.645 60.067
3 0 70.312 9.957 60.034 70.919 9.645 60.067 69.336 6.959 62.532
3 0 69.336 6.959 62.532 68.737 7.284 62.488 70.312 9.957 60.034
3 0 69.817 10.393 60.209 70.312 9.957 60.034 68.737 7.284 62.488
3 0 68.737 7.284 62.488 68.250 7.733 62.651 69.817 10.393 60.209
3 0 69.508 10.887 60.565 69.817 10.393 60.209 68.250 7.733 62.651
3 0 68.250 7.733 62.651 67.948 8.239 62.997 69.508 10.887 60.565
3 0 69.432 11.364 61.048 69.508 10.887 60.565 67.948 8.239 62.997
3 0 67.948 8.239 62.997 67.879 8.724 63.472 69.432 11.364 61.048
3 0 69.601 11.750 61.585 69.432 11.364 61.048 67.879 8.724 63.472
3 0 67.879 8.724 63.472 68.051 9.115 64.005 69.601 11.750 61.585
3 0 69.990 11.988 62.093 69.601 11.750 61.585 68.051 9.115 64.005
3 0 68.051 9.115 64.005 68.440 9.352 64.514 69.990 11.988 62.093
3 0 70.539 12.041 62.497 69.990 11.988 62.093 68.440 9.352 64.514
3 0 68.440 9.352 64.514 68.986 9.398 64.921 70.539 12.041 62.497
3 0 71.164 11.900 62.733 70.539 12.041 62.497 68.986 9.398 64.921
3 0 68.986 9.398 64.921 69.606 9.248 65.166 71.164 11.900 62.733
3 0 71.770 11.588 62.766 71.164 11.900 62.733 69.606 9.248 65.166
3 0 69.606 9.248 65.166 70.205 8.923 65.210 71.770 11.588 62.766
3 0 72.266 11.152 62.591 71.770 11.588 62.766 70.205 8.923 65.210
3 0 70.205 8.923 65.210 70.692 8.474 65.046 72.266 11.152 62.591
3 0 72.208 5.930 63.309 73.819 8.669 60.801 74.368 8.722 61.205
3 0 74.368 8.722 61.205 72.753 5.977 63.717 72.208 5.930 63.309
3 0 71.588 6.081 63.065 73.194 8.809 60.565 73.819 8.669 60.801
3 0 73.819 8.669 60.801 72.208 5.930 63.309 71.588 6.081 63.065
3 0 70.989 6.406 63.021 72.588 9.121 60.532 73.194 8.809 60.565
3 0 73.194 8.809 60.565 71.588 6.081 63.065 70.989 6.406 63.021
3 0 70.502 6.855 63.184 72.092 9.558 60.707 72.588 9.121 60.532
3 0 72.588 9.121 60.532 70.989 6.406 63.021 70.502 6.855 63.184
3 0 71.238 8.520 65.454 72.814 11.205 62.995 72.266 11.152 62.591
3 0 72.266 11.152 62.591 70.692 8.474 65.046 71.238 8.520 65.454
3 0 71.857 8.370 65.699 73.439 11.064 63.231 72.814 11.205 62.995
3 0 72.814 11.205 62.995 71.238 8.520 65.454 71.857 8.370 65.699
3 0 72.456 8.045 65.742 74.046 10.752 63.264 73.439 11.064 63.231
3 0 73.439 11.064 63.231 71.857 8.370 65.699 72.456 8.045 65.742
3 0 72.944 7.596 65.579 74.541 10.316 63.089 74.046 10.752 63.264
3 0 74.046 10.752 63.264 72.456 8.045 65.742 72.944 7.596 65.579
3 0 74.459 5.053 63.842 76.094 7.833 61.299 76.643 7.886 61.702
3 0 76.643 7.886 61.702 75.004 5.099 64.249 74.459 5.053 63.842
3 0 73.839 5.203 63.597 75.469 7.974 61.063 76.094 7.833 61.299
3 0 76.094 7.833 61.299 74.459 5.053 63.842 73.839 5.203 63.597
3 0 73.240 5.528 63.553 74.863 8.286 61.030 75.469 7.974 61.063
3 0 75.469 7.974 61.063 73.839 5.203 63.597 73.240 5.528 63.553
3 0 72.753 5.977 63.717 74.368 8.722 61.205 74.863 8.286 61.030
3 0 74.863 8.286 61.030 73.240 5.528 63.553 72.753 5.977 63.717
3 0 73.489 7.643 65.987 75.089 10.369 63.492 74.541 10.316 63.089
3 0 74.541 10.316 63.089 72.944 7.596 65.579 73.489 7.643 65.987
3 0 74.108 7.492 66.231 75.714 10.229 63.728 75.089 10.369 63.492
3 0 75.089 10.369 63.492 73.489 7.643 65.987 74.108 7.492 66.231
3 0 74.707 7.167 66.275 76.321 9.917 63.762 75.714 10.229 63.728
3 0 75.714 10.229 63.728 74.108 7.492 66.231 74.707 7.167 66.275
3 0 75.195 6.718 66.112 76.816 9.481 63.587 76.321 9.917 63.762
3 0 76.321 9.917 63.762 74.707 7.167 66.275 75.195 6.718 66.112
3 0 77.365 9.533 63.990 76.816 9.481 63.587 75.195 6.718 66.112
3 0 75.195 6.718 66.112 75.741 6.765 66.520 77.365 9.533 63.990
3 0 77.990 9.393 64.226 77.365 9.533 63.990 75.741 6.765 66.520
3 0 75.741 6.765 66.520 76.360 6.614 66.764 77.990 9.393 64.226
3 0 78.596 9.081 64.260 77.990 9.393 64.226 76.360 6.614 66.764
3 0 76.360 6.614 66.764 76.959 6.289 66.808 78.596 9.081 64.260
3 0 79.092 8.645 64.085 78.596 9.081 64.260 76.959 6.289 66.808
3 0 76.959 6.289 66.808 77.447 5.840 66.645 79.092 8.645 64.085
3 0 79.401 8.151 63.729 79.092 8.645 64.085 77.447 5.840 66.645
3 0 77.447 5.840 66.645 77.748 5.334 66.299 79.401 8.151 63.729
3 0 79.476 7.674 63.246 79.401 8.151 63.729 77.748 5.334 66.299
3 0 77.748 5.334 66.299 77.818 4.849 65.824 79.476 7.674 63.246
3 0 79.307 7.288 62.709 79.476 7.674 63.246 77.818 4.849 65.824
3 0 77.818 4.849 65.824 77.645 4.458 65.291 79.307 7.288 62.709
3 0 78.919 7.050 62.200 79.307 7.288 62.709 77.645 4.458 65.291
3 0 77.645 4.458 65.291 77.256 4.221 64.782 78.919 7.050 62.200
3 0 78.370 6.997 61.797 78.919 7.050 62.200 77.256 4.221 64.782
3 0 77.256 4.221 64.782 76.710 4.175 64.374 78.370 6.997 61.797
3 0 77.745 7.138 61.561 78.370 6.997 61.797 76.710 4.175 64.374
3 0 76.710 4.175 64.374 76.091 4.325 64.130 77.745 7.138 61.561
3 0 77.138 7.450 61.528 77.745 7.138 61.561 76.091 4.325 64.130
3 0 76.091 4.325 64.130 75.492 4.650 64.086 77.138 7.450 61.528
3 0 76.643 7.886 61.702 77.138 7.450 61.528 75.492 4.650 64.086
3 0 75.492 4.650 64.086 75.004 5.099 64.249 76.643 7.886 61.702
3 0 73.043 12.273 57.859 73.595 12.332 58.258 72.092 9.558 60.707
3 0 72.092 9.558 60.707 71.544 9.505 60.304 73.043 12.273 57.859
3 0 72.413 12.403 57.632 73.043 12.273 57.859 71.544 9.505 60.304
3 0 71.544 9.505 60.304 70.919 9.645 60.067 72.413 12.403 57.632
3 0 71.799 12.701 57.609 72.413 12.403 57.632 70.919 9.645 60.067
3 0 70.919 9.645 60.067 70.312 9.957 60.034 71.799 12.701 57.609
3 0 71.295 13.122 57.796 71.799 12.701 57.609 70.312 9.957 60.034
3 0 70.312 9.957 60.034 69.817 10.393 60.209 71.295 13.122 57.796
3 0 70.978 13.603 58.163 71.295 13.122 57.796 69.817 10.393 60.209
3 0 69.817 10.393 60.209 69.508 10.887 60.565 70.978 13.603 58.163
3 0 70.897 14.070 58.654 70.978 13.603 58.163 69.508 10.887 60.565
3 0 69.508 10.887 60.565 69.432 11.364 61.048 70.897 14.070 58.654
3 0 71.062 14.452 59.196 70.897 14.070 58.654 69.432 11.364 61.048
3 0 69.432 11.364 61.048 69.601 11.750 61.585 71.062 14.452 59.196
3 0 71.450 14.690 59.704 71.062 14.452 59.196 69.601 11.750 61.585
3 0 69.601 11.750 61.585 69.990 11.988 62.093 71.450 14.690 59.704
3 0 72.002 14.749 60.103 71.450 14.690 59.704 69.990 11.988 62.093
3 0 69.990 11.988 62.093 70.539 12.041 62.497 72.002 14.749 60.103
3 0 72.632 14.620 60.330 72.002 14.749 60.103 70.539 12.041 62.497
3 0 70.539 12.041 62.497 71.164 11.900 62.733 72.632 14.620 60.330
3 0 73.246 14.322 60.353 72.632 14.620 60.330 71.164 11.900 62.733
3 0 71.164 11.900 62.733 71.770 11.588 62.766 73.246 14.322 60.353
3 0 73.750 13.900 60.166 73.246 14.322 60.353 71.770 11.588 62.766
3 0 71.770 11.588 62.766 72.266 11.152 62.591 73.750 13.900 60.166
3 0 73.819 8.669 60.801 75.343 11.483 58.321 75.894 11.542 58.719
3 0 75.894 11.542 58.719 74.368 8.722 61.205 73.819 8.669 60.801
3 0 73.194 8.809 60.565 74.712 11.613 58.093 75.343 11.483 58.321
3 0 75.343 11.483 58.321 73.819 8.669 60.801 73.194 8.809 60.565
3 0 72.588 9.121 60.532 74.098 11.911 58.071 74.712 11.613 58.093
3 0 74.712 11.613 58.093 73.194 8.809 60.565 72.588 9.121 60.532
3 0 72.092 9.558 60.707 73.595 12.332 58.258 74.098 11.911 58.071
3 0 74.098 11.911 58.071 72.588 9.121 60.532 72.092 9.558 60.707
3 0 72.814 11.205 62.995 74.301 13.959 60.565 73.750 13.900 60.166
3 0 73.750 13.900 60.166 72.266 11.152 62.591 72.814 11.205 62.995
3 0 73.439 11.064 63.231 74.932 13.830 60.792 74.301 13.959 60.565
3 0 74.301 13.959 60.565 72.814 11.205 62.995 73.439 11.064 63.231
3 0 74.046 10.752 63.264 75.546 13.532 60.814 74.932 13.830 60.792
3 0 74.932 13.830 60.792 73.439 11.064 63.231 74.046 10.752 63.264
3 0 74.541 10.316 63.089 76.050 13.110 60.628 75.546 13.532 60.814
3 0 75.546 13.532 60.814 74.046 10.752 63.264 74.541 10.316 63.089
3 0 76.094 7.833 61.299 77.642 10.694 58.783 78.193 10.753 59.181
3 0 78.193 10.753 59.181 76.643 7.886 61.702 76.094 7.833 61.299
3 0 75.469 7.974 61.063 77.011 10.823 58.555 77.642 10.694 58.783
3 0 77.642 10.694 58.783 76.094 7.833 61.299 75.469 7.974 61.063
3 0 74.863 8.286 61.030 76.397 11.121 58.533 77.011 10.823 58.555
3 0 77.011 10.823 58.555 75.469 7.974 61.063 74.863 8.286 61.030
3 0 74.368 8.722 61.205 75.894 11.542 58.719 76.397 11.121 58.533
3 0 76.397 11.121 58.533 74.863 8.286 61.030 74.368 8.722 61.205
3 0 75.089 10.369 63.492 76.600 13.170 61.026 76.050 13.110 60.628
3 0 76.050 13.110 60.628 74.541 10.316 63.089 75.089 10.369 63.492
3 0 75.714 10.229 63.728 77.231 13.041 61.254 76.600 13.170 61.026
3 0 76.600 13.170 61.026 75.089 10.369 63.492 75.714 10.229 63.728
3 0 76.321 9.917 63.762 77.845 12.742 61.276 77.231 13.041 61.254
3 0 77.231 13.041 61.254 75.714 10.229 63.728 76.321 9.917 63.762
3 0 76.816 9.481 63.587 78.348 12.321 61.090 77.845 12.742 61.276
3 0 77.845 12.742 61.276 76.321 9.917 63.762 76.816 9.481 63.587
3 0 78.900 12.380 61.488 78.348 12.321 61.090 76.816 9.481 63.587
3 0 76.816 9.481 63.587 77.365 9.533 63.990 78.900 12.380 61.488
3 0 79.530 12.251 61.716 78.900 12.380 61.488 77.365 9.533 63.990
3 0 77.365 9.533 63.990 77.990 9.393 64.226 79.530 12.251 61.716
3 0 80.144 11.953 61.738 79.530 12.251 61.716 77.990 9.393 64.226
3 0 77.990 9.393 64.226 78.596 9.081 64.260 80.144 11.953 61.738
3 0 80.648 11.531 61.551 80.144 11.953 61.738 78.596 9.081 64.260
3 0 78.596 9.081 64.260 79.092 8.645 64.085 80.648 11.531 61.551
3 0 80.965 11.050 61.184 80.648 11.531 61.551 79.092 8.645 64.085
3 0 79.092 8.645 64.085 79.401 8.151 63.729 80.965 11.050 61.184
3 0 81.046 10.583 60.693 80.965 11.050 61.184 79.401 8.151 63.729
3 0 79.401 8.151 63.729 79.476 7.674 63.246 81.046 10.583 60.693
3 0 80.881 10.202 60.152 81.046 10.583 60.693 79.476 7.674 63.246
3 0 79.476 7.674 63.246 79.307 7.288 62.709 80.881 10.202 60.152
3 0 80.493 9.963 59.643 80.881 10.202 60.152 79.307 7.288 62.709
3 0 79.307 7.288 62.709 78.919 7.050 62.200 80.493 9.963 59.643
3 0 79.941 9.904 59.244 80.493 9.963 59.643 78.919 7.050 62.200
3 0 78.919 7.050 62.200 78.370 6.997 61.797 79.941 9.904 59.244
3 0 79.311 10.033 59.017 79.941 9.904 59.244 78.370 6.997 61.797
3 0 78.370 6.997 61.797 77.745 7.138 61.561 79.311 10.033 59.017
3 0 78.697 10.331 58.995 79.311 10.033 59.017 77.745 7.138 61.561
3 0 77.745 7.138 61.561 77.138 7.450 61.528 78.697 10.331 58.995
3 0 78.193 10.753 59.181 78.697 10.331 58.995 77.138 7.450 61.528
3 0 77.138 7.450 61.528 76.643 7.886 61.702 78.193 10.753 59.181
3 0 74.451 15.115 55.446 75.005 15.181 55.840 73.595 12.332 58.258
3 0 73.595 12.332 58.258 73.043 12.273 57.859 74.451 15.115 55.446
3 0 73.815 15.233 55.227 74.451 15.115 55.446 73.043 12.273 57.859
3 0 73.043 12.273 57.859 72.413 12.403 57.632 73.815 15.233 55.227
3 0 73.194 15.516 55.216 73.815 15.233 55.227 72.413 12.403 57.632
3 0 72.413 12.403 57.632 71.799 12.701 57.609 73.194 15.516 55.216
3 0 72.682 15.922 55.415 73.194 15.516 55.216 71.799 12.701 57.609
3 0 71.799 12.701 57.609 71.295 13.122 57.796 72.682 15.922 55.415
3 0 72.358 16.389 55.793 72.682 15.922 55.415 71.295 13.122 57.796
3 0 71.295 13.122 57.796 70.978 13.603 58.163 72.358 16.389 55.793
3 0 72.270 16.846 56.293 72.358 16.389 55.793 70.978 13.603 58.163
3 0 70.978 13.603 58.163 70.897 14.070 58.654 72.270 16.846 56.293
3 0 72.432 17.222 56.839 72.270 16.846 56.293 70.897 14.070 58.654
3 0 70.897 14.070 58.654 71.062 14.452 59.196 72.432 17.222 56.839
3 0 72.820 17.462 57.348 72.432 17.222 56.839 71.062 14.452 59.196
3 0 71.062 14.452 59.196 71.450 14.690 59.704 72.820 17.462 57.348
3 0 73.374 17.528 57.741 72.820 17.462 57.348 71.450 14.690 59.704
3 0 71.450 14.690 59.704 72.002 14.749 60.103 73.374 17.528 57.741
3 0 74.010 17.410 57.961 73.374 17.528 57.741 72.002 14.749 60.103
3 0 72.002 14.749 60.103 72.632 14.620 60.330 74.010 17.410 57.961
3 0 74.631 17.127 57.972 74.010 17.410 57.961 72.632 14.620 60.330
3 0 72.632 14.620 60.330 73.246 14.322 60.353 74.631 17.127 57.972
3 0 75.142 16.721 57.773 74.631 17.127 57.972 73.246 14.322 60.353
3 0 73.246 14.322 60.353 73.750 13.900 60.166 75.142 16.721 57.773
3 0 75.343 11.483 58.321 76.774 14.374 55.872 77.328 14.440 56.266
3 0 77.328 14.440 56.266 75.894 11.542 58.719 75.343 11.483 58.321
3 0 74.712 11.613 58.093 76.138 14.491 55.653 76.774 14.374 55.872
3 0 76.774 14.374 55.872 75.343 11.483 58.321 74.712 11.613 58.093
3 0 74.098 11.911 58.071 75.517 14.775 55.642 76.138 14.491 55.653
3 0 76.138 14.491 55.653 74.712 11.613 58.093 74.098 11.911 58.071
3 0 73.595 12.332 58.258 75.005 15.181 55.840 75.517 14.775 55.642
3 0 75.517 14.775 55.642 74.098 11.911 58.071 73.595 12.332 58.258
3 0 74.301 13.959 60.565 75.696 16.786 58.167 75.142 16.721 57.773
3 0 75.142 16.721 57.773 73.750 13.900 60.166 74.301 13.959 60.565
3 0 74.932 13.830 60.792 76.332 16.669 58.386 75.696 16.786 58.167
3 0 75.696 16.786 58.167 74.301 13.959 60.565 74.932 13.830 60.792
3 0 75.546 13.532 60.814 76.953 16.385 58.397 76.332 16.669 58.386
3 0 76.332 16.669 58.386 74.932 13.830 60.792 75.546 13.532 60.814
3 0 76.050 13.110 60.628 77.465 15.979 58.198 76.953 16.385 58.397
3 0 76.953 16.385 58.397 75.546 13.532 60.814 76.050 13.110 60.628
3 0 77.642 10.694 58.783 79.095 13.632 56.297 79.649 13.698 56.691
3 0 79.649 13.698 56.691 78.193 10.753 59.181 77.642 10.694 58.783
3 0 77.011 10.823 58.555 78.460 13.750 56.078 79.095 13.632 56.297
3 0 79.095 13.632 56.297 77.642 10.694 58.783 77.011 10.823 58.555
3 0 76.397 11.121 58.533 77.839 14.034 56.067 78.460 13.750 56.078
3 0 78.460 13.750 56.078 77.011 10.823 58.555 76.397 11.121 58.533
3 0 75.894 11.542 58.719 77.328 14.440 56.266 77.839 14.034 56.067
3 0 77.839 14.034 56.067 76.397 11.121 58.533 75.894 11.542 58.719
3 0 76.600 13.170 61.026 78.018 16.045 58.592 77.465 15.979 58.198
3 0 77.465 15.979 58.198 76.050 13.110 60.628 76.600 13.170 61.026
3 0 77.231 13.041 61.254 78.654 15.927 58.811 78.018 16.045 58.592
3 0 78.018 16.045 58.592 76.600 13.170 61.026 77.231 13.041 61.254
3 0 77.845 12.742 61.276 79.275 15.644 58.822 78.654 15.927 58.811
3 0 78.654 15.927 58.811 77.231 13.041 61.254 77.845 12.742 61.276
3 0 78.348 12.321 61.090 79.787 15.238 58.624 79.275 15.644 58.822
3 0 79.275 15.644 58.822 77.845 12.742 61.276 78.348 12.321 61.090
3 0 80.341 15.304 59.018 79.787 15.238 58.624 78.348 12.321 61.090
3 0 78.348 12.321 61.090 78.900 12.380 61.488 80.341 15.304 59.018
3 0 80.977 15.186 59.237 80.341 15.304 59.018 78.900 12.380 61.488
3 0 78.900 12.380 61.488 79.530 12.251 61.716 80.977 15.186 59.237
3 0 81.598 14.902 59.248 80.977 15.186 59.237 79.530 12.251 61.716
3 0 79.530 12.251 61.716 80.144 11.953 61.738 81.598 14.902 59.248
3 0 82.109 14.496 59.049 81.598 14.902 59.248 80.144 11.953 61.738
3 0 80.144 11.953 61.738 80.648 11.531 61.551 82.109 14.496 59.049
3 0 82.434 14.030 58.671 82.109 14.496 59.049 80.648 11.531 61.551
3 0 80.648 11.531 61.551 80.965 11.050 61.184 82.434 14.030 58.671
3 0 82.522 13.573 58.171 82.434 14.030 58.671 80.965 11.050 61.184
3 0 80.965 11.050 61.184 81.046 10.583 60.693 82.522 13.573 58.171
3 0 82.360 13.196 57.625 82.522 13.573 58.171 81.046 10.583 60.693
3 0 81.046 10.583 60.693 80.881 10.202 60.152 82.360 13.196 57.625
3 0 81.972 12.957 57.116 82.360 13.196 57.625 80.881 10.202 60.152
3 0 80.881 10.202 60.152 80.493 9.963 59.643 81.972 12.957 57.116
3 0 81.418 12.891 56.723 81.972 12.957 57.116 80.493 9.963 59.643
3 0 80.493 9.963 59.643 79.941 9.904 59.244 81.418 12.891 56.723
3 0 80.782 13.009 56.503 81.418 12.891 56.723 79.941 9.904 59.244
3 0 79.941 9.904 59.244 79.311 10.033 59.017 80.782 13.009 56.503
3 0 80.161 13.292 56.492 80.782 13.009 56.503 79.311 10.033 59.017
3 0 79.311 10.033 59.017 78.697 10.331 58.995 80.161 13.292 56.492
3 0 79.649 13.698 56.691 80.161 13.292 56.492 78.697 10.331 58.995
3 0 78.697 10.331 58.995 78.193 10.753 59.181 79.649 13.698 56.691
3 0 75.763 18.030 53.069 76.320 18.103 53.458 75.005 15.181 55.840
3 0 75.005 15.181 55.840 74.451 15.115 55.446 75.763 18.030 53.069
3 0 75.122 18.135 52.859 75.763 18.030 53.069 74.451 15.115 55.446
3 0 74.451 15.115 55.446 73.815 15.233 55.227 75.122 18.135 52.859
3 0 74.494 18.403 52.859 75.122 18.135 52.859 73.815 15.233 55.227
3 0 73.815 15.233 55.227 73.194 15.516 55.216 74.494 18.403 52.859
3 0 73.975 18.792 53.070 74.494 18.403 52.859 73.194 15.516 55.216
3 0 73.194 15.516 55.216 72.682 15.922 55.415 73.975 18.792 53.070
3 0 73.643 19.244 53.460 73.975 18.792 53.070 72.682 15.922 55.415
3 0 72.682 15.922 55.415 72.358 16.389 55.793 73.643 19.244 53.460
3 0 73.549 19.690 53.969 73.643 19.244 53.460 72.358 16.389 55.793
3 0 72.358 16.389 55.793 72.270 16.846 56.293 73.549 19.690 53.969
3 0 73.708 20.061 54.519 73.549 19.690 53.969 72.270 16.846 56.293
3 0 72.270 16.846 56.293 72.432 17.222 56.839 73.708 20.061 54.519
3 0 74.094 20.301 55.028 73.708 20.061 54.519 72.432 17.222 56.839
3 0 72.432 17.222 56.839 72.820 17.462 57.348 74.094 20.301 55.028
3 0 74.651 20.374 55.417 74.094 20.301 55.028 72.820 17.462 57.348
3 0 72.820 17.462 57.348 73.374 17.528 57.741 74.651 20.374 55.417
3 0 75.292 20.269 55.628 74.651 20.374 55.417 73.374 17.528 57.741
3 0 73.374 17.528 57.741 74.010 17.410 57.961 75.292 20.269 55.628
3 0 75.920 20.001 55.628 75.292 20.269 55.628 74.010 17.410 57.961
3 0 74.010 17.410 57.961 74.631 17.127 57.972 75.920 20.001 55.628
3 0 76.439 19.611 55.417 75.920 20.001 55.628 74.631 17.127 57.972
3 0 74.631 17.127 57.972 75.142 16.721 57.773 76.439 19.611 55.417
3 0 76.774 14.374 55.872 78.108 17.340 53.458 78.665 17.413 53.847
3 0 78.665 17.413 53.847 77.328 14.440 56.266 76.774 14.374 55.872
3 0 76.138 14.491 55.653 77.467 17.445 53.247 78.108 17.340 53.458
3 0 78.108 17.340 53.458 76.774 14.374 55.872 76.138 14.491 55.653
3 0 75.517 14.775 55.642 76.839 17.713 53.247 77.467 17.445 53.247
3 0 77.467 17.445 53.247 76.138 14.491 55.653 75.517 14.775 55.642
3 0 75.005 15.181 55.840 76.320 18.103 53.458 76.839 17.713 53.247
3 0 76.839 17.713 53.247 75.517 14.775 55.642 75.005 15.181 55.840
3 0 75.696 16.786 58.167 76.996 19.684 55.806 76.439 19.611 55.417
3 0 76.439 19.611 55.417 75.142 16.721 57.773 75.696 16.786 58.167
3 0 76.332 16.669 58.386 77.636 19.579 56.016 76.996 19.684 55.806
3 0 76.996 19.684 55.806 75.696 16.786 58.167 76.332 16.669 58.386
3 0 76.953 16.385 58.397 78.264 19.311 56.016 77.636 19.579 56.016
3 0 77.636 19.579 56.016 76.332 16.669 58.386 76.953 16.385 58.397
3 0 77.465 15.979 58.198 78.784 18.921 55.805 78.264 19.311 56.016
3 0 78.264 19.311 56.016 76.953 16.385 58.397 77.465 15.979 58.198
3 0 79.095 13.632 56.297 80.452 16.650 53.846 81.008 16.723 54.235
3 0 81.008 16.723 54.235 79.649 13.698 56.691 79.095 13.632 56.297
3 0 78.460 13.750 56.078 79.811 16.755 53.635 80.452 16.650 53.846
3 0 80.452 16.650 53.846 79.095 13.632 56.297 78.460 13.750 56.078
3 0 77.839 14.034 56.067 79.183 17.023 53.636 79.811 16.755 53.635
3 0 79.811 16.755 53.635 78.460 13.750 56.078 77.839 14.034 56.067
3 0 77.328 14.440 56.266 78.665 17.413 53.847 79.183 17.023 53.636
3 0 79.183 17.023 53.636 77.839 14.034 56.067 77.328 14.440 56.266
3 0 78.018 16.045 58.592 79.339 18.994 56.194 78.784 18.921 55.805
3 0 78.784 18.921 55.805 77.465 15.979 58.198 78.018 16.045 58.592
3 0 78.654 15.927 58.811 79.980 18.889 56.405 79.339 18.994 56.194
3 0 79.339 18.994 56.194 78.018 16.045 58.592 78.654 15.927 58.811
3 0 79.275 15.644 58.822 80.608 18.621 56.404 79.980 18.889 56.405
3 0 79.980 18.889 56.405 78.654 15.927 58.811 79.275 15.644 58.822
3 0 79.787 15.238 58.624 81.128 18.231 56.193 80.608 18.621 56.404
3 0 80.608 18.621 56.404 79.275 15.644 58.822 79.787 15.238 58.624
3 0 81.684 18.304 56.583 81.128 18.231 56.193 79.787 15.238 58.624
3 0 79.787 15.238 58.624 80.341 15.304 59.018 81.684 18.304 56.583
3 0 82.325 18.199 56.793 81.684 18.304 56.583 80.341 15.304 59.018
3 0 80.341 15.304 59.018 80.977 15.186 59.237 82.325 18.199 56.793
3 0 82.953 17.931 56.793 82.325 18.199 56.793 80.977 15.186 59.237
3 0 80.977 15.186 59.237 81.598 14.902 59.248 82.953 17.931 56.793
3 0 83.473 17.541 56.582 82.953 17.931 56.793 81.598 14.902 59.248
3 0 81.598 14.902 59.248 82.109 14.496 59.049 83.473 17.541 56.582
3 0 83.805 17.090 56.192 83.473 17.541 56.582 82.109 14.496 59.049
3 0 82.109 14.496 59.049 82.434 14.030 58.671 83.805 17.090 56.192
3 0 83.899 16.644 55.683 83.805 17.090 56.192 82.434 14.030 58.671
3 0 82.434 14.030 58.671 82.522 13.573 58.171 83.899 16.644 55.683
3 0 83.740 16.273 55.132 83.899 16.644 55.683 82.522 13.573 58.171
3 0 82.522 13.573 58.171 82.360 13.196 57.625 83.740 16.273 55.132
3 0 83.353 16.033 54.624 83.740 16.273 55.132 82.360 13.196 57.625
3 0 82.360 13.196 57.625 81.972 12.957 57.116 83.353 16.033 54.624
3 0 82.797 15.960 54.234 83.353 16.033 54.624 81.972 12.957 57.116
3 0 81.972 12.957 57.116 81.418 12.891 56.723 82.797 15.960 54.234
3 0 82.156 16.065 54.024 82.797 15.960 54.234 81.418 12.891 56.723
3 0 81.418 12.891 56.723 80.782 13.009 56.503 82.156 16.065 54.024
3 0 81.528 16.333 54.024 82.156 16.065 54.024 80.782 13.009 56.503
3 0 80.782 13.009 56.503 80.161 13.292 56.492 81.528 16.333 54.024
3 0 81.008 16.723 54.235 81.528 16.333 54.024 80.161 13.292 56.492
3 0 80.161 13.292 56.492 79.649 13.698 56.691 81.008 16.723 54.235
3 0 76.974 21.017 50.733 77.532 21.097 51.118 76.320 18.103 53.458
3 0 76.320 18.103 53.458 75.763 18.030 53.069 76.974 21.017 50.733
3 0 76.328 21.109 50.531 76.974 21.017 50.733 75.763 18.030 53.069
3 0 75.763 18.030 53.069 75.122 18.135 52.859 76.328 21.109 50.531
3 0 75.693 21.360 50.543 76.328 21.109 50.531 75.122 18.135 52.859
3 0 75.122 18.135 52.859 74.494 18.403 52.859 75.693 21.360 50.543
3 0 75.166 21.732 50.767 75.693 21.360 50.543 74.494 18.403 52.859
3 0 74.494 18.403 52.859 73.975 18.792 53.070 75.166 21.732 50.767
3 0 74.827 22.167 51.169 75.166 21.732 50.767 73.975 18.792 53.070
3 0 73.975 18.792 53.070 73.643 19.244 53.460 74.827 22.167 51.169
3 0 74.727 22.601 51.687 74.827 22.167 51.169 73.643 19.244 53.460
3 0 73.643 19.244 53.460 73.549 19.690 53.969 74.727 22.601 51.687
3 0 74.882 22.966 52.243 74.727 22.601 51.687 73.549 19.690 53.969
3 0 73.549 19.690 53.969 73.708 20.061 54.519 74.882 22.966 52.243
3 0 75.268 23.207 52.752 74.882 22.966 52.243 73.708 20.061 54.519
3 0 73.708 20.061 54.519 74.094 20.301 55.028 75.268 23.207 52.752
3 0 75.826 23.287 53.137 75.268 23.207 52.752 74.094 20.301 55.028
3 0 74.094 20.301 55.028 74.651 20.374 55.417 75.826 23.287 53.137
3 0 76.472 23.195 53.338 75.826 23.287 53.137 74.651 20.374 55.417
3 0 74.651 20.374 55.417 75.292 20.269 55.628 76.472 23.195 53.338
3 0 77.107 22.944 53.326 76.472 23.195 53.338 75.292 20.269 55.628
3 0 75.292 20.269 55.628 75.920 20.001 55.628 77.107 22.944 53.326
3 0 77.634 22.572 53.102 77.107 22.944 53.326 75.920 20.001 55.628
3 0 75.920 20.001 55.628 76.439 19.611 55.417 77.634 22.572 53.102
3 0 78.108 17.340 53.458 79.340 20.382 51.083 79.899 20.463 51.468
3 0 79.899 20.463 51.468 78.665 17.413 53.847 78.108 17.340 53.458
3 0 77.467 17.445 53.247 78.695 20.475 50.882 79.340 20.382 51.083
3 0 79.340 20.382 51.083 78.108 17.340 53.458 77.467 17.445 53.247
3 0 76.839 17.713 53.247 78.060 20.726 50.894 78.695 20.475 50.882
3 0 78.695 20.475 50.882 77.467 17.445 53.247 76.839 17.713 53.247
3 0 76.320 18.103 53.458 77.532 21.097 51.118 78.060 20.726 50.894
3 0 78.060 20.726 50.894 76.839 17.713 53.247 76.320 18.103 53.458
3 0 76.996 19.684 55.806 78.192 22.653 53.487 77.634 22.572 53.102
3 0 77.634 22.572 53.102 76.439 19.611 55.417 76.996 19.684 55.806
3 0 77.636 19.579 56.016 78.838 22.560 53.689 78.192 22.653 53.487
3 0 78.192 22.653 53.487 76.996 19.684 55.806 77.636 19.579 56.016
3 0 78.264 19.311 56.016 79.473 22.309 53.677 78.838 22.560 53.689
3 0 78.838 22.560 53.689 77.636 19.579 56.016 78.264 19.311 56.016
3 0 78.784 18.921 55.805 80.000 21.938 53.453 79.473 22.309 53.677
3 0 79.473 22.309 53.677 78.264 19.311 56.016 78.784 18.921 55.805
3 0 80.452 16.650 53.846 81.706 19.748 51.434 82.264 19.829 51.818
3 0 82.264 19.829 51.818 81.008 16.723 54.235 80.452 16.650 53.846
3 0 79.811 16.755 53.635 81.060 19.841 51.232 81.706 19.748 51.434
3 0 81.706 19.748 51.434 80.452 16.650 53.846 79.811 16.755 53.635
3 0 79.183 17.023 53.636 80.425 20.092 51.244 81.060 19.841 51.232
3 0 81.060 19.841 51.232 79.811 16.755 53.635 79.183 17.023 53.636
3 0 78.665 17.413 53.847 79.899 20.463 51.468 80.425 20.092 51.244
3 0 80.425 20.092 51.244 79.183 17.023 53.636 78.665 17.413 53.847
3 0 79.339 18.994 56.194 80.558 22.019 53.837 80.000 21.938 53.453
3 0 80.000 21.938 53.453 78.784 18.921 55.805 79.339 18.994 56.194
3 0 79.980 18.889 56.405 81.204 21.926 54.039 80.558 22.019 53.837
3 0 80.558 22.019 53.837 79.339 18.994 56.194 79.980 18.889 56.405
3 0 80.608 18.621 56.404 81.839 21.675 54.027 81.204 21.926 54.039
3 0 81.204 21.926 54.039 79.980 18.889 56.405 80.608 18.621 56.404
3 0 81.128 18.231 56.193 82.366 21.304 53.803 81.839 21.675 54.027
3 0 81.839 21.675 54.027 80.608 18.621 56.404 81.128 18.231 56.193
3 0 82.924 21.384 54.188 82.366 21.304 53.803 81.128 18.231 56.193
3 0 81.128 18.231 56.193 81.684 18.304 56.583 82.924 21.384 54.188
3 0 83.570 21.292 54.389 82.924 21.384 54.188 81.684 18.304 56.583
3 0 81.684 18.304 56.583 82.325 18.199 56.793 83.570 21.292 54.389
3 0 84.205 21.041 54.377 83.570 21.292 54.389 82.325 18.199 56.793
3 0 82.325 18.199 56.793 82.953 17.931 56.793 84.205 21.041 54.377
3 0 84.732 20.669 54.154 84.205 21.041 54.377 82.953 17.931 56.793
3 0 82.953 17.931 56.793 83.473 17.541 56.582 84.732 20.669 54.154
3 0 85.072 20.234 53.752 84.732 20.669 54.154 83.473 17.541 56.582
3 0 83.473 17.541 56.582 83.805 17.090 56.192 85.072 20.234 53.752
3 0 85.172 19.800 53.234 85.072 20.234 53.752 83.805 17.090 56.192
3 0 83.805 17.090 56.192 83.899 16.644 55.683 85.172 19.800 53.234
3 0 85.017 19.435 52.678 85.172 19.800 53.234 83.899 16.644 55.683
3 0 83.899 16.644 55.683 83.740 16.273 55.132 85.017 19.435 52.678
3 0 84.631 19.194 52.169 85.017 19.435 52.678 83.740 16.273 55.132
3 0 83.740 16.273 55.132 83.353 16.033 54.624 84.631 19.194 52.169
3 0 84.072 19.114 51.784 84.631 19.194 52.169 83.353 16.033 54.624
3 0 83.353 16.033 54.624 82.797 15.960 54.234 84.072 19.114 51.784
3 0 83.427 19.206 51.583 84.072 19.114 51.784 82.797 15.960 54.234
3 0 82.797 15.960 54.234 82.156 16.065 54.024 83.427 19.206 51.583
3 0 82.792 19.457 51.594 83.427 19.206 51.583 82.156 16.065 54.024
3 0 82.156 16.065 54.024 81.528 16.333 54.024 82.792 19.457 51.594
3 0 82.264 19.829 51.818 82.792 19.457 51.594 81.528 16.333 54.024
3 0 81.528 16.333 54.024 81.008 16.723 54.235 82.264 19.829 51.818
3 0 78.076 24.078 48.444 78.636 24.166 48.823 77.532 21.097 51.118
3 0 77.532 21.097 51.118 76.974 21.017 50.733 78.076 24.078 48.444
3 0 77.425 24.156 48.251 78.076 24.078 48.444 76.974 21.017 50.733
3 0 76.974 21.017 50.733 76.328 21.109 50.531 77.425 24.156 48.251
3 0 76.784 24.388 48.275 77.425 24.156 48.251 76.328 21.109 50.531
3 0 76.328 21.109 50.531 75.693 21.360 50.543 76.784 24.388 48.275
3 0 76.249 24.740 48.512 76.784 24.388 48.275 75.693 21.360 50.543
3 0 75.693 21.360 50.543 75.166 21.732 50.767 76.249 24.740 48.512
3 0 75.902 25.158 48.927 76.249 24.740 48.512 75.166 21.732 50.767
3 0 75.166 21.732 50.767 74.827 22.167 51.169 75.902 25.158 48.927
3 0 75.796 25.578 49.455 75.902 25.158 48.927 74.827 22.167 51.169
3 0 74.827 22.167 51.169 74.727 22.601 51.687 75.796 25.578 49.455
3 0 75.947 25.936 50.016 75.796 25.578 49.455 74.727 22.601 51.687
3 0 74.727 22.601 51.687 74.882 22.966 52.243 75.947 25.936 50.016
3 0 76.332 26.178 50.525 75.947 25.936 50.016 74.882 22.966 52.243
3 0 74.882 22.966 52.243 75.268 23.207 52.752 76.332 26.178 50.525
3 0 76.893 26.266 50.905 76.332 26.178 50.525 75.268 23.207 52.752
3 0 75.268 23.207 52.752 75.826 23.287 53.137 76.893 26.266 50.905
3 0 77.543 26.188 51.098 76.893 26.266 50.905 75.826 23.287 53.137
3 0 75.826 23.287 53.137 76.472 23.195 53.338 77.543 26.188 51.098
3 0 78.185 25.956 51.074 77.543 26.188 51.098 76.472 23.195 53.338
3 0 76.472 23.195 53.338 77.107 22.944 53.326 78.185 25.956 51.074
3 0 78.720 25.604 50.836 78.185 25.956 51.074 77.107 22.944 53.326
3 0 77.107 22.944 53.326 77.634 22.572 53.102 78.720 25.604 50.836
3 0 79.340 20.382 51.083 80.463 23.504 48.755 81.024 23.592 49.135
3 0 81.024 23.592 49.135 79.899 20.463 51.468 79.340 20.382 51.083
3 0 78.695 20.475 50.882 79.813 23.582 48.562 80.463 23.504 48.755
3 0 80.463 23.504 48.755 79.340 20.382 51.083 78.695 20.475 50.882
3 0 78.060 20.726 50.894 79.171 23.814 48.586 79.813 23.582 48.562
3 0 79.813 23.582 48.562 78.695 20.475 50.882 78.060 20.726 50.894
3 0 77.532 21.097 51.118 78.636 24.166 48.823 79.171 23.814 48.586
3 0 79.171 23.814 48.586 78.060 20.726 50.894 77.532 21.097 51.118
3 0 78.192 22.653 53.487 79.280 25.692 51.216 78.720 25.604 50.836
3 0 78.720 25.604 50.836 77.634 22.572 53.102 78.192 22.653 53.487
3 0 78.838 22.560 53.689 79.931 25.614 51.409 79.280 25.692 51.216
3 0 79.280 25.692 51.216 78.192 22.653 53.487 78.838 22.560 53.689
3 0 79.473 22.309 53.677 80.572 25.382 51.385 79.931 25.614 51.409
3 0 79.931 25.614 51.409 78.838 22.560 53.689 79.473 22.309 53.677
3 0 80.000 21.938 53.453 81.107 25.029 51.147 80.572 25.382 51.385
3 0 80.572 25.382 51.385 79.473 22.309 53.677 80.000 21.938 53.453
3 0 81.706 19.748 51.434 82.850 22.930 49.065 83.410 23.018 49.445
3 0 83.410 23.018 49.445 82.264 19.829 51.818 81.706 19.748 51.434
3 0 81.060 19.841 51.232 82.199 23.008 48.873 82.850 22.930 49.065
3 0 82.850 22.930 49.065 81.706 19.748 51.434 81.060 19.841 51.232
3 0 80.425 20.092 51.244 81.558 23.240 48.897 82.199 23.008 48.873
3 0 82.199 23.008 48.873 81.060 19.841 51.232 80.425 20.092 51.244
3 0 79.899 20.463 51.468 81.024 23.592 49.135 81.558 23.240 48.897
3 0 81.558 23.240 48.897 80.425 20.092 51.244 79.899 20.463 51.468
3 0 80.558 22.019 53.837 81.667 25.118 51.527 81.107 25.029 51.147
3 0 81.107 25.029 51.147 80.000 21.938 53.453 80.558 22.019 53.837
3 0 81.204 21.926 54.039 82.317 25.040 51.720 81.667 25.118 51.527
3 0 81.667 25.118 51.527 80.558 22.019 53.837 81.204 21.926 54.039
3 0 81.839 21.675 54.027 82.958 24.808 51.696 82.317 25.040 51.720
3 0 82.317 25.040 51.720 81.204 21.926 54.039 81.839 21.675 54.027
3 0 82.366 21.304 53.803 83.493 24.456 51.458 82.958 24.808 51.696
3 0 82.958 24.808 51.696 81.839 21.675 54.027 82.366 21.304 53.803
3 0 84.054 24.544 51.838 83.493 24.456 51.458 82.366 21.304 53.803
3 0 82.366 21.304 53.803 82.924 21.384 54.188 84.054 24.544 51.838
3 0 84.704 24.466 52.031 84.054 24.544 51.838 82.924 21.384 54.188
3 0 82.924 21.384 54.188 83.570 21.292 54.389 84.704 24.466 52.031
3 0 85.346 24.234 52.007 84.704 24.466 52.031 83.570 21.292 54.389
3 0 83.570 21.292 54.389 84.205 21.041 54.377 85.346 24.234 52.007
3 0 85.881 23.882 51.769 85.346 24.234 52.007 84.205 21.041 54.377
3 0 84.205 21.041 54.377 84.732 20.669 54.154 85.881 23.882 51.769
3 0 86.227 23.464 51.355 85.881 23.882 51.769 84.732 20.669 54.154
3 0 84.732 20.669 54.154 85.072 20.234 53.752 86.227 23.464 51.355
3 0 86.333 23.044 50.827 86.227 23.464 51.355 85.072 20.234 53.752
3 0 85.072 20.234 53.752 85.172 19.800 53.234 86.333 23.044 50.827
3 0 86.182 22.686 50.266 86.333 23.044 50.827 85.172 19.800 53.234
3 0 85.172 19.800 53.234 85.017 19.435 52.678 86.182 22.686 50.266
3 0 85.797 22.444 49.756 86.182 22.686 50.266 85.017 19.435 52.678
3 0 85.017 19.435 52.678 84.631 19.194 52.169 85.797 22.444 49.756
3 0 85.237 22.356 49.377 85.797 22.444 49.756 84.631 19.194 52.169
3 0 84.631 19.194 52.169 84.072 19.114 51.784 85.237 22.356 49.377
3 0 84.586 22.434 49.184 85.237 22.356 49.377 84.072 19.114 51.784
3 0 84.072 19.114 51.784 83.427 19.206 51.583 84.586 22.434 49.184
3 0 83.945 22.666 49.208 84.586 22.434 49.184 83.427 19.206 51.583
3 0 83.427 19.206 51.583 82.792 19.457 51.594 83.945 22.666 49.208
3 0 83.410 23.018 49.445 83.945 22.666 49.208 82.792 19.457 51.594
3 0 82.792 19.457 51.594 82.264 19.829 51.818 83.410 23.018 49.445
3 0 79.060 27.212 46.209 79.622 27.309 46.584 78.636 24.166 48.823
3 0 78.636 24.166 48.823 78.076 24.078 48.444 79.060 27.212 46.209
3 0 78.405 27.274 46.026 79.060 27.212 46.209 78.076 24.078 48.444
3 0 78.076 24.078 48.444 77.425 24.156 48.251 78.405 27.274 46.026
3 0 77.757 27.486 46.063 78.405 27.274 46.026 77.425 24.156 48.251
3 0 77.425 24.156 48.251 76.784 24.388 48.275 77.757 27.486 46.063
3 0 77.214 27.816 46.315 77.757 27.486 46.063 76.784 24.388 48.275
3 0 76.784 24.388 48.275 76.249 24.740 48.512 77.214 27.816 46.315
3 0 76.860 28.214 46.742 77.214 27.816 46.315 76.249 24.740 48.512
3 0 76.249 24.740 48.512 75.902 25.158 48.927 76.860 28.214 46.742
3 0 76.748 28.618 47.281 76.860 28.214 46.742 75.902 25.158 48.927
3 0 75.902 25.158 48.927 75.796 25.578 49.455 76.748 28.618 47.281
3 0 76.895 28.968 47.848 76.748 28.618 47.281 75.796 25.578 49.455
3 0 75.796 25.578 49.455 75.947 25.936 50.016 76.895 28.968 47.848
3 0 77.279 29.210 48.358 76.895 28.968 47.848 75.947 25.936 50.016
3 0 75.947 25.936 50.016 76.332 26.178 50.525 77.279 29.210 48.358
3 0 77.842 29.308 48.733 77.279 29.210 48.358 76.332 26.178 50.525
3 0 76.332 26.178 50.525 76.893 26.266 50.905 77.842 29.308 48.733
3 0 78.497 29.246 48.916 77.842 29.308 48.733 76.893 26.266 50.905
3 0 76.893 26.266 50.905 77.543 26.188 51.098 78.497 29.246 48.916
3 0 79.144 29.034 48.879 78.497 29.246 48.916 77.543 26.188 51.098
3 0 77.543 26.188 51.098 78.185 25.956 51.074 79.144 29.034 48.879
3 0 79.687 28.704 48.627 79.144 29.034 48.879 78.185 25.956 51.074
3 0 78.185 25.956 51.074 78.720 25.604 50.836 79.687 28.704 48.627
3 0 80.463 23.504 48.755 81.467 26.705 46.478 82.029 26.803 46.853
3 0 82.029 26.803 46.853 81.024 23.592 49.135 80.463 23.504 48.755
3 0 79.813 23.582 48.562 80.812 26.767 46.295 81.467 26.705 46.478
3 0 81.467 26.705 46.478 80.463 23.504 48.755 79.813 23.582 48.562
3 0 79.171 23.814 48.586 80.164 26.979 46.332 80.812 26.767 46.295
3 0 80.812 26.767 46.295 79.813 23.582 48.562 79.171 23.814 48.586
3 0 78.636 24.166 48.823 79.622 27.309 46.584 80.164 26.979 46.332
3 0 80.164 26.979 46.332 79.171 23.814 48.586 78.636 24.166 48.823
3 0 79.280 25.692 51.216 80.249 28.801 49.002 79.687 28.704 48.627
3 0 79.687 28.704 48.627 78.720 25.604 50.836 79.280 25.692 51.216
3 0 79.931 25.614 51.409 80.904 28.739 49.185 80.249 28.801 49.002
3 0 80.249 28.801 49.002 79.280 25.692 51.216 79.931 25.614 51.409
3 0 80.572 25.382 51.385 81.552 28.527 49.148 80.904 28.739 49.185
3 0 80.904 28.739 49.185 79.931 25.614 51.409 80.572 25.382 51.385
3 0 81.107 25.029 51.147 82.094 28.197 48.897 81.552 28.527 49.148
3 0 81.552 28.527 49.148 80.572 25.382 51.385 81.107 25.029 51.147
3 0 82.850 22.930 49.065 83.874 26.199 46.747 84.436 26.297 47.122
3 0 84.436 26.297 47.122 83.410 23.018 49.445 82.850 22.930 49.065
3 0 82.199 23.008 48.873 83.219 26.261 46.564 83.874 26.199 46.747
3 0 83.874 26.199 46.747 82.850 22.930 49.065 82.199 23.008 48.873
3 0 81.558 23.240 48.897 82.571 26.473 46.601 83.219 26.261 46.564
3 0 83.219 26.261 46.564 82.199 23.008 48.873 81.558 23.240 48.897
3 0 81.024 23.592 49.135 82.029 26.803 46.853 82.571 26.473 46.601
3 0 82.571 26.473 46.601 81.558 23.240 48.897 81.024 23.592 49.135
3 0 81.667 25.118 51.527 82.656 28.295 49.271 82.094 28.197 48.897
3 0 82.094 28.197 48.897 81.107 25.029 51.147 81.667 25.118 51.527
3 0 82.317 25.040 51.720 83.311 28.233 49.454 82.656 28.295 49.271
3 0 82.656 28.295 49.271 81.667 25.118 51.527 82.317 25.040 51.720
3 0 82.958 24.808 51.696 83.959 28.021 49.417 83.311 28.233 49.454
3 0 83.311 28.233 49.454 82.317 25.040 51.720 82.958 24.808 51.696
3 0 83.493 24.456 51.458 84.501 27.691 49.166 83.959 28.021 49.417
3 0 83.959 28.021 49.417 82.958 24.808 51.696 83.493 24.456 51.458
3 0 85.063 27.789 49.541 84.501 27.691 49.166 83.493 24.456 51.458
3 0 83.493 24.456 51.458 84.054 24.544 51.838 85.063 27.789 49.541
3 0 85.718 27.726 49.723 85.063 27.789 49.541 84.054 24.544 51.838
3 0 84.054 24.544 51.838 84.704 24.466 52.031 85.718 27.726 49.723
3 0 86.366 27.514 49.686 85.718 27.726 49.723 84.704 24.466 52.031
3 0 84.704 24.466 52.031 85.346 24.234 52.007 86.366 27.514 49.686
3 0 86.909 27.184 49.435 86.366 27.514 49.686 85.346 24.234 52.007
3 0 85.346 24.234 52.007 85.881 23.882 51.769 86.909 27.184 49.435
3 0 87.263 26.787 49.007 86.909 27.184 49.435 85.881 23.882 51.769
3 0 85.881 23.882 51.769 86.227 23.464 51.355 87.263 26.787 49.007
3 0 87.375 26.382 48.469 87.263 26.787 49.007 86.227 23.464 51.355
3 0 86.227 23.464 51.355 86.333 23.044 50.827 87.375 26.382 48.469
3 0 87.228 26.032 47.901 87.375 26.382 48.469 86.333 23.044 50.827
3 0 86.333 23.044 50.827 86.182 22.686 50.266 87.228 26.032 47.901
3 0 86.844 25.790 47.391 87.228 26.032 47.901 86.182 22.686 50.266
3 0 86.182 22.686 50.266 85.797 22.444 49.756 86.844 25.790 47.391
3 0 86.281 25.692 47.016 86.844 25.790 47.391 85.797 22.444 49.756
3 0 85.797 22.444 49.756 85.237 22.356 49.377 86.281 25.692 47.016
3 0 85.627 25.754 46.833 86.281 25.692 47.016 85.237 22.356 49.377
3 0 85.237 22.356 49.377 84.586 22.434 49.184 85.627 25.754 46.833
3 0 84.979 25.967 46.871 85.627 25.754 46.833 84.586 22.434 49.184
3 0 84.586 22.434 49.184 83.945 22.666 49.208 84.979 25.967 46.871
3 0 84.436 26.297 47.122 84.979 25.967 46.871 83.945 22.666 49.208
3 0 83.945 22.666 49.208 83.410 23.018 49.445 84.436 26.297 47.122
3 0 79.910 30.426 44.039 80.474 30.533 44.409 79.622 27.309 46.584
3 0 79.622 27.309 46.584 79.060 27.212 46.209 79.910 30.426 44.039
3 0 79.251 30.471 43.866 79.910 30.426 44.039 79.060 27.212 46.209
3 0 79.060 27.212 46.209 78.405 27.274 46.026 79.251 30.471 43.866
3 0 78.598 30.661 43.916 79.251 30.471 43.866 78.405 27.274 46.026
3 0 78.405 27.274 46.026 77.757 27.486 46.063 78.598 30.661 43.916
3 0 78.048 30.967 44.183 78.598 30.661 43.916 77.757 27.486 46.063
3 0 77.757 27.486 46.063 77.214 27.816 46.315 78.048 30.967 44.183
3 0 77.687 31.343 44.624 78.048 30.967 44.183 77.214 27.816 46.315
3 0 77.214 27.816 46.315 76.860 28.214 46.742 77.687 31.343 44.624
3 0 77.570 31.731 45.173 77.687 31.343 44.624 76.860 28.214 46.742
3 0 76.860 28.214 46.742 76.748 28.618 47.281 77.570 31.731 45.173
3 0 77.713 32.072 45.747 77.570 31.731 45.173 76.748 28.618 47.281
3 0 76.748 28.618 47.281 76.895 28.968 47.848 77.713 32.072 45.747
3 0 78.096 32.315 46.258 77.713 32.072 45.747 76.895 28.968 47.848
3 0 76.895 28.968 47.848 77.279 29.210 48.358 78.096 32.315 46.258
3 0 78.660 32.422 46.628 78.096 32.315 46.258 77.279 29.210 48.358
3 0 77.279 29.210 48.358 77.842 29.308 48.733 78.660 32.422 46.628
3 0 79.319 32.377 46.801 78.660 32.422 46.628 77.842 29.308 48.733
3 0 77.842 29.308 48.733 78.497 29.246 48.916 79.319 32.377 46.801
3 0 79.973 32.187 46.750 79.319 32.377 46.801 78.497 29.246 48.916
3 0 78.497 29.246 48.916 79.144 29.034 48.879 79.973 32.187 46.750
3 0 80.522 31.881 46.484 79.973 32.187 46.750 79.144 29.034 48.879
3 0 79.144 29.034 48.879 79.687 28.704 48.627 80.522 31.881 46.484
3 0 81.467 26.705 46.478 82.336 29.992 44.265 82.900 30.099 44.635
3 0 82.900 30.099 44.635 82.029 26.803 46.853 81.467 26.705 46.478
3 0 80.812 26.767 46.295 81.677 30.037 44.092 82.336 29.992 44.265
3 0 82.336 29.992 44.265 81.467 26.705 46.478 80.812 26.767 46.295
3 0 80.164 26.979 46.332 81.024 30.227 44.143 81.677 30.037 44.092
3 0 81.677 30.037 44.092 80.812 26.767 46.295 80.164 26.979 46.332
3 0 79.622 27.309 46.584 80.474 30.533 44.409 81.024 30.227 44.143
3 0 81.024 30.227 44.143 80.164 26.979 46.332 79.622 27.309 46.584
3 0 80.249 28.801 49.002 81.086 31.987 46.854 80.522 31.881 46.484
3 0 80.522 31.881 46.484 79.687 28.704 48.627 80.249 28.801 49.002
3 0 80.904 28.739 49.185 81.745 31.942 47.027 81.086 31.987 46.854
3 0 81.086 31.987 46.854 80.249 28.801 49.002 80.904 28.739 49.185
3 0 81.552 28.527 49.148 82.399 31.752 46.976 81.745 31.942 47.027
3 0 81.745 31.942 47.027 80.904 28.739 49.185 81.552 28.527 49.148
3 0 82.094 28.197 48.897 82.948 31.446 46.710 82.399 31.752 46.976
3 0 82.399 31.752 46.976 81.552 28.527 49.148 82.094 28.197 48.897
3 0 83.874 26.199 46.747 84.762 29.557 44.491 85.325 29.664 44.861
3 0 85.325 29.664 44.861 84.436 26.297 47.122 83.874 26.199 46.747
3 0 83.219 26.261 46.564 84.103 29.602 44.318 84.762 29.557 44.491
3 0 84.762 29.557 44.491 83.874 26.199 46.747 83.219 26.261 46.564
3 0 82.571 26.473 46.601 83.449 29.793 44.369 84.103 29.602 44.318
3 0 84.103 29.602 44.318 83.219 26.261 46.564 82.571 26.473 46.601
3 0 82.029 26.803 46.853 82.900 30.099 44.635 83.449 29.793 44.369
3 0 83.449 29.793 44.369 82.571 26.473 46.601 82.029 26.803 46.853
3 0 82.656 28.295 49.271 83.511 31.553 47.080 82.948 31.446 46.710
3 0 82.948 31.446 46.710 82.094 28.197 48.897 82.656 28.295 49.271
3 0 83.311 28.233 49.454 84.170 31.508 47.253 83.511 31.553 47.080
3 0 83.511 31.553 47.080 82.656 28.295 49.271 83.311 28.233 49.454
3 0 83.959 28.021 49.417 84.824 31.318 47.203 84.170 31.508 47.253
3 0 84.170 31.508 47.253 83.311 28.233 49.454 83.959 28.021 49.417
3 0 84.501 27.691 49.166 85.373 31.012 46.936 84.824 31.318 47.203
3 0 84.824 31.318 47.203 83.959 28.021 49.417 84.501 27.691 49.166
3 0 85.937 31.119 47.307 85.373 31.012 46.936 84.501 27.691 49.166
3 0 84.501 27.691 49.166 85.063 27.789 49.541 85.937 31.119 47.307
3 0 86.596 31.074 47.479 85.937 31.119 47.307 85.063 27.789 49.541
3 0 85.063 27.789 49.541 85.718 27.726 49.723 86.596 31.074 47.479
3 0 87.250 30.884 47.429 86.596 31.074 47.479 85.718 27.726 49.723
3 0 85.718 27.726 49.723 86.366 27.514 49.686 87.250 30.884 47.429
3 0 87.799 30.578 47.163 87.250 30.884 47.429 86.366 27.514 49.686
3 0 86.366 27.514 49.686 86.909 27.184 49.435 87.799 30.578 47.163
3 0 88.160 30.202 46.721 87.799 30.578 47.163 86.909 27.184 49.435
3 0 86.909 27.184 49.435 87.263 26.787 49.007 88.160 30.202 46.721
3 0 88.278 29.814 46.172 88.160 30.202 46.721 87.263 26.787 49.007
3 0 87.263 26.787 49.007 87.375 26.382 48.469 88.278 29.814 46.172
3 0 88.134 29.473 45.598 88.278 29.814 46.172 87.375 26.382 48.469
3 0 87.375 26.382 48.469 87.228 26.032 47.901 88.134 29.473 45.598
3 0 87.751 29.230 45.088 88.134 29.473 45.598 87.228 26.032 47.901
3 0 87.228 26.032 47.901 86.844 25.790 47.391 87.751 29.230 45.088
3 0 87.188 29.123 44.718 87.751 29.230 45.088 86.844 25.790 47.391
3 0 86.844 25.790 47.391 86.281 25.692 47.016 87.188 29.123 44.718
3 0 86.529 29.168 44.545 87.188 29.123 44.718 86.281 25.692 47.016
3 0 86.281 25.692 47.016 85.627 25.754 46.833 86.529 29.168 44.545
3 0 85.875 29.358 44.595 86.529 29.168 44.545 85.627 25.754 46.833
3 0 85.627 25.754 46.833 84.979 25.967 46.871 85.875 29.358 44.595
3 0 85.325 29.664 44.861 85.875 29.358 44.595 84.979 25.967 46.871
3 0 84.979 25.967 46.871 84.436 26.297 47.122 85.325 29.664 44.861
3 0 80.628 33.715 41.937 81.194 33.831 42.302 80.474 30.533 44.409
3 0 80.474 30.533 44.409 79.910 30.426 44.039 80.628 33.715 41.937
3 0 79.966 33.742 41.774 80.628 33.715 41.937 79.910 30.426 44.039
3 0 79.910 30.426 44.039 79.251 30.471 43.866 79.966 33.742 41.774
3 0 79.307 33.909 41.838 79.966 33.742 41.774 79.251 30.471 43.866
3 0 79.251 30.471 43.866 78.598 30.661 43.916 79.307 33.909 41.838
3 0 78.752 34.190 42.119 79.307 33.909 41.838 78.598 30.661 43.916
3 0 78.598 30.661 43.916 78.048 30.967 44.183 78.752 34.190 42.119
3 0 78.385 34.543 42.574 78.752 34.190 42.119 78.048 30.967 44.183
3 0 78.048 30.967 44.183 77.687 31.343 44.624 78.385 34.543 42.574
3 0 78.262 34.913 43.134 78.385 34.543 42.574 77.687 31.343 44.624
3 0 77.687 31.343 44.624 77.570 31.731 45.173 78.262 34.913 43.134
3 0 78.402 35.245 43.714 78.262 34.913 43.134 77.570 31.731 45.173
3 0 77.570 31.731 45.173 77.713 32.072 45.747 78.402 35.245 43.714
3 0 78.784 35.488 44.226 78.402 35.245 43.714 77.713 32.072 45.747
3 0 77.713 32.072 45.747 78.096 32.315 46.258 78.784 35.488 44.226
3 0 79.349 35.604 44.591 78.784 35.488 44.226 78.096 32.315 46.258
3 0 78.096 32.315 46.258 78.660 32.422 46.628 79.349 35.604 44.591
3 0 80.012 35.577 44.754 79.349 35.604 44.591 78.660 32.422 46.628
3 0 78.660 32.422 46.628 79.319 32.377 46.801 80.012 35.577 44.754
3 0 80.671 35.410 44.690 80.012 35.577 44.754 79.319 32.377 46.801
3 0 79.319 32.377 46.801 79.973 32.187 46.750 80.671 35.410 44.690
3 0 81.226 35.129 44.409 80.671 35.410 44.690 79.973 32.187 46.750
3 0 79.973 32.187 46.750 80.522 31.881 46.484 81.226 35.129 44.409
3 0 82.336 29.992 44.265 83.070 33.356 42.120 83.635 33.473 42.485
3 0 83.635 33.473 42.485 82.900 30.099 44.635 82.336 29.992 44.265
3 0 81.677 30.037 44.092 82.408 33.383 41.957 83.070 33.356 42.120
3 0 83.070 33.356 42.120 82.336 29.992 44.265 81.677 30.037 44.092
3 0 81.024 30.227 44.143 81.749 33.550 42.021 82.408 33.383 41.957
3 0 82.408 33.383 41.957 81.677 30.037 44.092 81.024 30.227 44.143
3 0 80.474 30.533 44.409 81.194 33.831 42.302 81.749 33.550 42.021
3 0 81.749 33.550 42.021 81.024 30.227 44.143 80.474 30.533 44.409
3 0 81.086 31.987 46.854 81.791 35.245 44.774 81.226 35.129 44.409
3 0 81.226 35.129 44.409 80.522 31.881 46.484 81.086 31.987 46.854
3 0 81.745 31.942 47.027 82.454 35.218 44.937 81.791 35.245 44.774
3 0 81.791 35.245 44.774 81.086 31.987 46.854 81.745 31.942 47.027
3 0 82.399 31.752 46.976 83.113 35.051 44.873 82.454 35.218 44.937
3 0 82.454 35.218 44.937 81.745 31.942 47.027 82.399 31.752 46.976
3 0 82.948 31.446 46.710 83.668 34.770 44.592 83.113 35.051 44.873
3 0 83.113 35.051 44.873 82.399 31.752 46.976 82.948 31.446 46.710
3 0 84.762 29.557 44.491 85.511 32.997 42.303 86.076 33.114 42.668
3 0 86.076 33.114 42.668 85.325 29.664 44.861 84.762 29.557 44.491
3 0 84.103 29.602 44.318 84.849 33.025 42.140 85.511 32.997 42.303
3 0 85.511 32.997 42.303 84.762 29.557 44.491 84.103 29.602 44.318
3 0 83.449 29.793 44.369 84.190 33.192 42.204 84.849 33.025 42.140
3 0 84.849 33.025 42.140 84.103 29.602 44.318 83.449 29.793 44.369
3 0 82.900 30.099 44.635 83.635 33.473 42.485 84.190 33.192 42.204
3 0 84.190 33.192 42.204 83.449 29.793 44.369 82.900 30.099 44.635
3 0 83.511 31.553 47.080 84.232 34.887 44.957 83.668 34.770 44.592
3 0 83.668 34.770 44.592 82.948 31.446 46.710 83.511 31.553 47.080
3 0 84.170 31.508 47.253 84.895 34.859 45.120 84.232 34.887 44.957
3 0 84.232 34.887 44.957 83.511 31.553 47.080 84.170 31.508 47.253
3 0 84.824 31.318 47.203 85.554 34.692 45.056 84.895 34.859 45.120
3 0 84.895 34.859 45.120 84.170 31.508 47.253 84.824 31.318 47.203
3 0 85.373 31.012 46.936 86.109 34.411 44.775 85.554 34.692 45.056
3 0 85.554 34.692 45.056 84.824 31.318 47.203 85.373 31.012 46.936
3 0 86.674 34.528 45.141 86.109 34.411 44.775 85.373 31.012 46.936
3 0 85.373 31.012 46.936 85.937 31.119 47.307 86.674 34.528 45.141
3 0 87.337 34.500 45.303 86.674 34.528 45.141 85.937 31.119 47.307
3 0 85.937 31.119 47.307 86.596 31.074 47.479 87.337 34.500 45.303
3 0 87.996 34.334 45.240 87.337 34.500 45.303 86.596 31.074 47.479
3 0 86.596 31.074 47.479 87.250 30.884 47.429 87.996 34.334 45.240
3 0 88.551 34.052 44.959 87.996 34.334 45.240 87.250 30.884 47.429
3 0 87.250 30.884 47.429 87.799 30.578 47.163 88.551 34.052 44.959
3 0 88.918 33.700 44.503 88.551 34.052 44.959 87.799 30.578 47.163
3 0 87.799 30.578 47.163 88.160 30.202 46.721 88.918 33.700 44.503
3 0 89.040 33.329 43.943 88.918 33.700 44.503 88.160 30.202 46.721
3 0 88.160 30.202 46.721 88.278 29.814 46.172 89.040 33.329 43.943
3 0 88.900 32.998 43.363 89.040 33.329 43.943 88.278 29.814 46.172
3 0 88.278 29.814 46.172 88.134 29.473 45.598 88.900 32.998 43.363
3 0 88.518 32.755 42.851 88.900 32.998 43.363 88.134 29.473 45.598
3 0 88.134 29.473 45.598 87.751 29.230 45.088 88.518 32.755 42.851
3 0 87.953 32.639 42.486 88.518 32.755 42.851 87.751 29.230 45.088
3 0 87.751 29.230 45.088 87.188 29.123 44.718 87.953 32.639 42.486
3 0 87.291 32.666 42.323 87.953 32.639 42.486 87.188 29.123 44.718
3 0 87.188 29.123 44.718 86.529 29.168 44.545 87.291 32.666 42.323
3 0 86.632 32.833 42.387 87.291 32.666 42.323 86.529 29.168 44.545
3 0 86.529 29.168 44.545 85.875 29.358 44.595 86.632 32.833 42.387
3 0 86.076 33.114 42.668 86.632 32.833 42.387 85.875 29.358 44.595
3 0 85.875 29.358 44.595 85.325 29.664 44.861 86.076 33.114 42.668
3 0 81.202 37.074 39.914 81.769 37.201 40.274 81.194 33.831 42.302
3 0 81.194 33.831 42.302 80.628 33.715 41.937 81.202 37.074 39.914
3 0 80.537 37.082 39.761 81.202 37.074 39.914 80.628 33.715 41.937
3 0 80.628 33.715 41.937 79.966 33.742 41.774 80.537 37.082 39.761
3 0 79.873 37.223 39.839 80.537 37.082 39.761 79.966 33.742 41.774
3 0 79.966 33.742 41.774 79.307 33.909 41.838 79.873 37.223 39.839
3 0 79.313 37.477 40.136 79.873 37.223 39.839 79.307 33.909 41.838
3 0 79.307 33.909 41.838 78.752 34.190 42.119 79.313 37.477 40.136
3 0 78.941 37.804 40.606 79.313 37.477 40.136 78.752 34.190 42.119
3 0 78.752 34.190 42.119 78.385 34.543 42.574 78.941 37.804 40.606
3 0 78.814 38.154 41.178 78.941 37.804 40.606 78.385 34.543 42.574
3 0 78.385 34.543 42.574 78.262 34.913 43.134 78.814 38.154 41.178
3 0 78.951 38.475 41.765 78.814 38.154 41.178 78.262 34.913 43.134
3 0 78.262 34.913 43.134 78.402 35.245 43.714 78.951 38.475 41.765
3 0 79.332 38.717 42.277 78.951 38.475 41.765 78.402 35.245 43.714
3 0 78.402 35.245 43.714 78.784 35.488 44.226 79.332 38.717 42.277
3 0 79.898 38.844 42.637 79.332 38.717 42.277 78.784 35.488 44.226
3 0 78.784 35.488 44.226 79.349 35.604 44.591 79.898 38.844 42.637
3 0 80.564 38.837 42.790 79.898 38.844 42.637 79.349 35.604 44.591
3 0 79.349 35.604 44.591 80.012 35.577 44.754 80.564 38.837 42.790
3 0 81.227 38.695 42.712 80.564 38.837 42.790 80.012 35.577 44.754
3 0 80.012 35.577 44.754 80.671 35.410 44.690 81.227 38.695 42.712
3 0 81.788 38.442 42.415 81.227 38.695 42.712 80.671 35.410 44.690
3 0 80.671 35.410 44.690 81.226 35.129 44.409 81.788 38.442 42.415
3 0 83.070 33.356 42.120 83.658 36.799 40.052 84.224 36.926 40.412
3 0 84.224 36.926 40.412 83.635 33.473 42.485 83.070 33.356 42.120
3 0 82.408 33.383 41.957 82.993 36.807 39.899 83.658 36.799 40.052
3 0 83.658 36.799 40.052 83.070 33.356 42.120 82.408 33.383 41.957
3 0 81.749 33.550 42.021 82.329 36.948 39.977 82.993 36.807 39.899
3 0 82.993 36.807 39.899 82.408 33.383 41.957 81.749 33.550 42.021
3 0 81.194 33.831 42.302 81.769 37.201 40.274 82.329 36.948 39.977
3 0 82.329 36.948 39.977 81.749 33.550 42.021 81.194 33.831 42.302
3 0 81.791 35.245 44.774 82.354 38.569 42.775 81.788 38.442 42.415
3 0 81.788 38.442 42.415 81.226 35.129 44.409 81.791 35.245 44.774
3 0 82.454 35.218 44.937 83.020 38.561 42.927 82.354 38.569 42.775
3 0 82.354 38.569 42.775 81.791 35.245 44.774 82.454 35.218 44.937
3 0 83.113 35.051 44.873 83.683 38.420 42.850 83.020 38.561 42.927
3 0 83.020 38.561 42.927 82.454 35.218 44.937 83.113 35.051 44.873
3 0 83.668 34.770 44.592 84.243 38.167 42.553 83.683 38.420 42.850
3 0 83.683 38.420 42.850 83.113 35.051 44.873 83.668 34.770 44.592
3 0 85.511 32.997 42.303 86.113 36.524 40.189 86.679 36.651 40.549
3 0 86.679 36.651 40.549 86.076 33.114 42.668 85.511 32.997 42.303
3 0 84.849 33.025 42.140 85.447 36.531 40.037 86.113 36.524 40.189
3 0 86.113 36.524 40.189 85.511 32.997 42.303 84.849 33.025 42.140
3 0 84.190 33.192 42.204 84.784 36.673 40.115 85.447 36.531 40.037
3 0 85.447 36.531 40.037 84.849 33.025 42.140 84.190 33.192 42.204
3 0 83.635 33.473 42.485 84.224 36.926 40.412 84.784 36.673 40.115
3 0 84.784 36.673 40.115 84.190 33.192 42.204 83.635 33.473 42.485
3 0 84.232 34.887 44.957 84.809 38.294 42.913 84.243 38.167 42.553
3 0 84.243 38.167 42.553 83.668 34.770 44.592 84.232 34.887 44.957
3 0 84.895 34.859 45.120 85.474 38.286 43.065 84.809 38.294 42.913
3 0 84.809 38.294 42.913 84.232 34.887 44.957 84.895 34.859 45.120
3 0 85.554 34.692 45.056 86.138 38.145 42.987 85.474 38.286 43.065
3 0 85.474 38.286 43.065 84.895 34.859 45.120 85.554 34.692 45.056
3 0 86.109 34.411 44.775 86.698 37.891 42.691 86.138 38.145 42.987
3 0 86.138 38.145 42.987 85.554 34.692 45.056 86.109 34.411 44.775
3 0 87.265 38.018 43.050 86.698 37.891 42.691 86.109 34.411 44.775
3 0 86.109 34.411 44.775 86.674 34.528 45.141 87.265 38.018 43.050
3 0 87.930 38.010 43.203 87.265 38.018 43.050 86.674 34.528 45.141
3 0 86.674 34.528 45.141 87.337 34.500 45.303 87.930 38.010 43.203
3 0 88.594 37.869 43.125 87.930 38.010 43.203 87.337 34.500 45.303
3 0 87.337 34.500 45.303 87.996 34.334 45.240 88.594 37.869 43.125
3 0 89.154 37.616 42.828 88.594 37.869 43.125 87.996 34.334 45.240
3 0 87.996 34.334 45.240 88.551 34.052 44.959 89.154 37.616 42.828
3 0 89.526 37.289 42.358 89.154 37.616 42.828 88.551 34.052 44.959
3 0 88.551 34.052 44.959 88.918 33.700 44.503 89.526 37.289 42.358
3 0 89.653 36.938 41.786 89.526 37.289 42.358 88.918 33.700 44.503
3 0 88.918 33.700 44.503 89.040 33.329 43.943 89.653 36.938 41.786
3 0 89.516 36.617 41.199 89.653 36.938 41.786 89.040 33.329 43.943
3 0 89.040 33.329 43.943 88.900 32.998 43.363 89.516 36.617 41.199
3 0 89.135 36.375 40.687 89.516 36.617 41.199 88.900 32.998 43.363
3 0 88.900 32.998 43.363 88.518 32.755 42.851 89.135 36.375 40.687
3 0 88.569 36.248 40.327 89.135 36.375 40.687 88.518 32.755 42.851
3 0 88.518 32.755 42.851 87.953 32.639 42.486 88.569 36.248 40.327
3 0 87.903 36.256 40.175 88.569 36.248 40.327 87.953 32.639 42.486
3 0 87.953 32.639 42.486 87.291 32.666 42.323 87.903 36.256 40.175
3 0 87.240 36.397 40.253 87.903 36.256 40.175 87.291 32.666 42.323
3 0 87.291 32.666 42.323 86.632 32.833 42.387 87.240 36.397 40.253
3 0 86.679 36.651 40.549 87.240 36.397 40.253 86.632 32.833 42.387
3 0 86.632 32.833 42.387 86.076 33.114 42.668 86.679 36.651 40.549
3 0 81.617 40.507 37.983 82.184 40.645 38.337 81.769 37.201 40.274
3 0 81.769 37.201 40.274 81.202 37.074 39.914 81.617 40.507 37.983
3 0 80.949 40.495 37.841 81.617 40.507 37.983 81.202 37.074 39.914
3 0 81.202 37.074 39.914 80.537 37.082 39.761 80.949 40.495 37.841
3 0 80.282 40.609 37.933 80.949 40.495 37.841 80.537 37.082 39.761
3 0 80.537 37.082 39.761 79.873 37.223 39.839 80.282 40.609 37.933
3 0 79.718 40.833 38.245 80.282 40.609 37.933 79.873 37.223 39.839
3 0 79.873 37.223 39.839 79.313 37.477 40.136 79.718 40.833 38.245
3 0 79.342 41.132 38.730 79.718 40.833 38.245 79.313 37.477 40.136
3 0 79.313 37.477 40.136 78.941 37.804 40.606 79.342 41.132 38.730
3 0 79.211 41.461 39.314 79.342 41.132 38.730 78.941 37.804 40.606
3 0 78.941 37.804 40.606 78.814 38.154 41.178 79.211 41.461 39.314
3 0 79.346 41.770 39.908 79.211 41.461 39.314 78.814 38.154 41.178
3 0 78.814 38.154 41.178 78.951 38.475 41.765 79.346 41.770 39.908
3 0 79.726 42.012 40.421 79.346 41.770 39.908 78.951 38.475 41.765
3 0 78.951 38.475 41.765 79.332 38.717 42.277 79.726 42.012 40.421
3 0 80.293 42.150 40.775 79.726 42.012 40.421 79.332 38.717 42.277
3 0 79.332 38.717 42.277 79.898 38.844 42.637 80.293 42.150 40.775
3 0 80.961 42.163 40.917 80.293 42.150 40.775 79.898 38.844 42.637
3 0 79.898 38.844 42.637 80.564 38.837 42.790 80.961 42.163 40.917
3 0 81.628 42.049 40.825 80.961 42.163 40.917 80.564 38.837 42.790
3 0 80.564 38.837 42.790 81.227 38.695 42.712 81.628 42.049 40.825
3 0 82.192 41.825 40.513 81.628 42.049 40.825 81.227 38.695 42.712
3 0 81.227 38.695 42.712 81.788 38.442 42.415 82.192 41.825 40.513
3 0 83.658 36.799 40.052 84.083 40.320 38.074 84.650 40.458 38.429
3 0 84.650 40.458 38.429 84.224 36.926 40.412 83.658 36.799 40.052
3 0 82.993 36.807 39.899 83.415 40.307 37.933 84.083 40.320 38.074
3 0 84.083 40.320 38.074 83.658 36.799 40.052 82.993 36.807 39.899
3 0 82.329 36.948 39.977 82.748 40.421 38.025 83.415 40.307 37.933
3 0 83.415 40.307 37.933 82.993 36.807 39.899 82.329 36.948 39.977
3 0 81.769 37.201 40.274 82.184 40.645 38.337 82.748 40.421 38.025
3 0 82.748 40.421 38.025 82.329 36.948 39.977 81.769 37.201 40.274
3 0 82.354 38.569 42.775 82.760 41.962 40.867 82.192 41.825 40.513
3 0 82.192 41.825 40.513 81.788 38.442 42.415 82.354 38.569 42.775
3 0 83.020 38.561 42.927 83.427 41.975 41.009 82.760 41.962 40.867
3 0 82.760 41.962 40.867 82.354 38.569 42.775 83.020 38.561 42.927
3 0 83.683 38.420 42.850 84.094 41.861 40.917 83.427 41.975 41.009
3 0 83.427 41.975 41.009 83.020 38.561 42.927 83.683 38.420 42.850
3 0 84.243 38.167 42.553 84.659 41.637 40.605 84.094 41.861 40.917
3 0 84.094 41.861 40.917 83.683 38.420 42.850 84.243 38.167 42.553
3 0 86.113 36.524 40.189 86.548 40.132 38.166 87.115 40.270 38.521
3 0 87.115 40.270 38.521 86.679 36.651 40.549 86.113 36.524 40.189
3 0 85.447 36.531 40.037 85.880 40.120 38.024 86.548 40.132 38.166
3 0 86.548 40.132 38.166 86.113 36.524 40.189 85.447 36.531 40.037
3 0 84.784 36.673 40.115 85.214 40.234 38.117 85.880 40.120 38.024
3 0 85.880 40.120 38.024 85.447 36.531 40.037 84.784 36.673 40.115
3 0 84.224 36.926 40.412 84.650 40.458 38.429 85.214 40.234 38.117
3 0 85.214 40.234 38.117 84.784 36.673 40.115 84.224 36.926 40.412
3 0 84.809 38.294 42.913 85.225 41.775 40.959 84.659 41.637 40.605
3 0 84.659 41.637 40.605 84.243 38.167 42.553 84.809 38.294 42.913
3 0 85.474 38.286 43.065 85.893 41.788 41.101 85.225 41.775 40.959
3 0 85.225 41.775 40.959 84.809 38.294 42.913 85.474 38.286 43.065
3 0 86.138 38.145 42.987 86.559 41.674 41.009 85.893 41.788 41.101
3 0 85.893 41.788 41.101 85.474 38.286 43.065 86.138 38.145 42.987
3 0 86.698 37.891 42.691 87.124 41.450 40.697 86.559 41.674 41.009
3 0 86.559 41.674 41.009 86.138 38.145 42.987 86.698 37.891 42.691
3 0 87.691 41.588 41.051 87.124 41.450 40.697 86.698 37.891 42.691
3 0 86.698 37.891 42.691 87.265 38.018 43.050 87.691 41.588 41.051
3 0 88.359 41.600 41.193 87.691 41.588 41.051 87.265 38.018 43.050
3 0 87.265 38.018 43.050 87.930 38.010 43.203 88.359 41.600 41.193
3 0 89.026 41.486 41.101 88.359 41.600 41.193 87.930 38.010 43.203
3 0 87.930 38.010 43.203 88.594 37.869 43.125 89.026 41.486 41.101
3 0 89.590 41.262 40.788 89.026 41.486 41.101 88.594 37.869 43.125
3 0 88.594 37.869 43.125 89.154 37.616 42.828 89.590 41.262 40.788
3 0 89.966 40.963 40.303 89.590 41.262 40.788 89.154 37.616 42.828
3 0 89.154 37.616 42.828 89.526 37.289 42.358 89.966 40.963 40.303
3 0 90.096 40.634 39.720 89.966 40.963 40.303 89.526 37.289 42.358
3 0 89.526 37.289 42.358 89.653 36.938 41.786 90.096 40.634 39.720
3 0 89.961 40.324 39.126 90.096 40.634 39.720 89.653 36.938 41.786
3 0 89.653 36.938 41.786 89.516 36.617 41.199 89.961 40.324 39.126
3 0 89.581 40.083 38.613 89.961 40.324 39.126 89.516 36.617 41.199
3 0 89.516 36.617 41.199 89.135 36.375 40.687 89.581 40.083 38.613
3 0 89.014 39.945 38.258 89.581 40.083 38.613 89.135 36.375 40.687
3 0 89.135 36.375 40.687 88.569 36.248 40.327 89.014 39.945 38.258
3 0 88.347 39.932 38.116 89.014 39.945 38.258 88.569 36.248 40.327
3 0 88.569 36.248 40.327 87.903 36.256 40.175 88.347 39.932 38.116
3 0 87.680 40.046 38.208 88.347 39.932 38.116 87.903 36.256 40.175
3 0 87.903 36.256 40.175 87.240 36.397 40.253 87.680 40.046 38.208
3 0 87.115 40.270 38.521 87.680 40.046 38.208 87.240 36.397 40.253
3 0 87.240 36.397 40.253 86.679 36.651 40.549 87.115 40.270 38.521
3 0 81.873 44.004 36.147 82.440 44.153 36.497 82.184 40.645 38.337
3 0 82.184 40.645 38.337 81.617 40.507 37.983 81.873 44.004 36.147
3 0 81.204 43.970 36.016 81.873 44.004 36.147 81.617 40.507 37.983
3 0 81.617 40.507 37.983 80.949 40.495 37.841 81.204 43.970 36.016
3 0 80.535 44.055 36.123 81.204 43.970 36.016 80.949 40.495 37.841
3 0 80.949 40.495 37.841 80.282 40.609 37.933 80.535 44.055 36.123
3 0 79.968 44.248 36.451 80.535 44.055 36.123 80.282 40.609 37.933
3 0 80.282 40.609 37.933 79.718 40.833 38.245 79.968 44.248 36.451
3 0 79.589 44.518 36.951 79.968 44.248 36.451 79.718 40.833 38.245
3 0 79.718 40.833 38.245 79.342 41.132 38.730 79.589 44.518 36.951
3 0 79.457 44.825 37.546 79.589 44.518 36.951 79.342 41.132 38.730
3 0 79.342 41.132 38.730 79.211 41.461 39.314 79.457 44.825 37.546
3 0 79.591 45.122 38.147 79.457 44.825 37.546 79.211 41.461 39.314
3 0 79.211 41.461 39.314 79.346 41.770 39.908 79.591 45.122 38.147
3 0 79.970 45.363 38.661 79.591 45.122 38.147 79.346 41.770 39.908
3 0 79.346 41.770 39.908 79.726 42.012 40.421 79.970 45.363 38.661
3 0 80.538 45.512 39.010 79.970 45.363 38.661 79.726 42.012 40.421
3 0 79.726 42.012 40.421 80.293 42.150 40.775 80.538 45.512 39.010
3 0 81.207 45.546 39.141 80.538 45.512 39.010 80.293 42.150 40.775
3 0 80.293 42.150 40.775 80.961 42.163 40.917 81.207 45.546 39.141
3 0 81.876 45.461 39.034 81.207 45.546 39.141 80.961 42.163 40.917
3 0 80.961 42.163 40.917 81.628 42.049 40.825 81.876 45.461 39.034
3 0 82.443 45.268 38.706 81.876 45.461 39.034 81.628 42.049 40.825
3 0 81.628 42.049 40.825 82.192 41.825 40.513 82.443 45.268 38.706
3 0 84.083 40.320 38.074 84.346 43.909 36.193 84.913 44.058 36.542
3 0 84.913 44.058 36.542 84.650 40.458 38.429 84.083 40.320 38.074
3 0 83.415 40.307 37.933 83.676 43.875 36.062 84.346 43.909 36.193
3 0 84.346 43.909 36.193 84.083 40.320 38.074 83.415 40.307 37.933
3 0 82.748 40.421 38.025 83.008 43.960 36.168 83.676 43.875 36.062
3 0 83.676 43.875 36.062 83.415 40.307 37.933 82.748 40.421 38.025
3 0 82.184 40.645 38.337 82.440 44.153 36.497 83.008 43.960 36.168
3 0 83.008 43.960 36.168 82.748 40.421 38.025 82.184 40.645 38.337
3 0 82.760 41.962 40.867 83.010 45.417 39.055 82.443 45.268 38.706
3 0 82.443 45.268 38.706 82.192 41.825 40.513 82.760 41.962 40.867
3 0 83.427 41.975 41.009 83.680 45.451 39.186 83.010 45.417 39.055
3 0 83.010 45.417 39.055 82.760 41.962 40.867 83.427 41.975 41.009
3 0 84.094 41.861 40.917 84.349 45.366 39.080 83.680 45.451 39.186
3 0 83.680 45.451 39.186 83.427 41.975 41.009 84.094 41.861 40.917
3 0 84.659 41.637 40.605 84.915 45.173 38.751 84.349 45.366 39.080
3 0 84.349 45.366 39.080 84.094 41.861 40.917 84.659 41.637 40.605
3 0 86.548 40.132 38.166 86.817 43.814 36.238 87.385 43.963 36.587
3 0 87.385 43.963 36.587 87.115 40.270 38.521 86.548 40.132 38.166
3 0 85.880 40.120 38.024 86.148 43.780 36.107 86.817 43.814 36.238
3 0 86.817 43.814 36.238 86.548 40.132 38.166 85.880 40.120 38.024
3 0 85.214 40.234 38.117 85.479 43.866 36.214 86.148 43.780 36.107
3 0 86.148 43.780 36.107 85.880 40.120 38.024 85.214 40.234 38.117
3 0 84.650 40.458 38.429 84.913 44.058 36.542 85.479 43.866 36.214
3 0 85.479 43.866 36.214 85.214 40.234 38.117 84.650 40.458 38.429
3 0 85.225 41.775 40.959 85.482 45.322 39.100 84.915 45.173 38.751
3 0 84.915 45.173 38.751 84.659 41.637 40.605 85.225 41.775 40.959
3 0 85.893 41.788 41.101 86.151 45.357 39.232 85.482 45.322 39.100
3 0 85.482 45.322 39.100 85.225 41.775 40.959 85.893 41.788 41.101
3 0 86.559 41.674 41.009 86.820 45.271 39.125 86.151 45.357 39.232
3 0 86.151 45.357 39.232 85.893 41.788 41.101 86.559 41.674 41.009
3 0 87.124 41.450 40.697 87.387 45.078 38.797 86.820 45.271 39.125
3 0 86.820 45.271 39.125 86.559 41.674 41.009 87.124 41.450 40.697
3 0 87.955 45.227 39.146 87.387 45.078 38.797 87.124 41.450 40.697
3 0 87.124 41.450 40.697 87.691 41.588 41.051 87.955 45.227 39.146
3 0 88.624 45.262 39.277 87.955 45.227 39.146 87.691 41.588 41.051
3 0 87.691 41.588 41.051 88.359 41.600 41.193 88.624 45.262 39.277
3 0 89.293 45.176 39.170 88.624 45.262 39.277 88.359 41.600 41.193
3 0 88.359 41.600 41.193 89.026 41.486 41.101 89.293 45.176 39.170
3 0 89.860 44.983 38.842 89.293 45.176 39.170 89.026 41.486 41.101
3 0 89.026 41.486 41.101 89.590 41.262 40.788 89.860 44.983 38.842
3 0 90.238 44.713 38.342 89.860 44.983 38.842 89.590 41.262 40.788
3 0 89.590 41.262 40.788 89.966 40.963 40.303 90.238 44.713 38.342
3 0 90.371 44.406 37.747 90.238 44.713 38.342 89.966 40.963 40.303
3 0 89.966 40.963 40.303 90.096 40.634 39.720 90.371 44.406 37.747
3 0 90.237 44.110 37.147 90.371 44.406 37.747 90.096 40.634 39.720
3 0 90.096 40.634 39.720 89.961 40.324 39.126 90.237 44.110 37.147
3 0 89.858 43.868 36.633 90.237 44.110 37.147 89.961 40.324 39.126
3 0 89.961 40.324 39.126 89.581 40.083 38.613 89.858 43.868 36.633
3 0 89.290 43.719 36.284 89.858 43.868 36.633 89.581 40.083 38.613
3 0 89.581 40.083 38.613 89.014 39.945 38.258 89.290 43.719 36.284
3 0 88.621 43.685 36.152 89.290 43.719 36.284 89.014 39.945 38.258
3 0 89.014 39.945 38.258 88.347 39.932 38.116 88.621 43.685 36.152
3 0 87.952 43.771 36.259 88.621 43.685 36.152 88.347 39.932 38.116
3 0 88.347 39.932 38.116 87.680 40.046 38.208 87.952 43.771 36.259
3 0 87.385 43.963 36.587 87.952 43.771 36.259 87.680 40.046 38.208
3 0 87.680 40.046 38.208 87.115 40.270 38.521 87.385 43.963 36.587
3 0 81.955 47.570 34.415 82.522 47.730 34.759 82.440 44.153 36.497
3 0 82.440 44.153 36.497 81.873 44.004 36.147 81.955 47.570 34.415
3 0 81.285 47.518 34.292 81.955 47.570 34.415 81.873 44.004 36.147
3 0 81.873 44.004 36.147 81.204 43.970 36.016 81.285 47.518 34.292
3 0 80.615 47.584 34.409 81.285 47.518 34.292 81.204 43.970 36.016
3 0 81.204 43.970 36.016 80.535 44.055 36.123 80.615 47.584 34.409
3 0 80.048 47.756 34.747 80.615 47.584 34.409 80.535 44.055 36.123
3 0 80.535 44.055 36.123 79.968 44.248 36.451 80.048 47.756 34.747
3 0 79.668 48.009 35.255 80.048 47.756 34.747 79.968 44.248 36.451
3 0 79.968 44.248 36.451 79.589 44.518 36.951 79.668 48.009 35.255
3 0 79.535 48.304 35.856 79.668 48.009 35.255 79.589 44.518 36.951
3 0 79.589 44.518 36.951 79.457 44.825 37.546 79.535 48.304 35.856
3 0 79.669 48.597 36.459 79.535 48.304 35.856 79.457 44.825 37.546
3 0 79.457 44.825 37.546 79.591 45.122 38.147 79.669 48.597 36.459
3 0 80.048 48.841 36.971 79.669 48.597 36.459 79.591 45.122 38.147
3 0 79.591 45.122 38.147 79.970 45.363 38.661 80.048 48.841 36.971
3 0 80.616 49.002 37.315 80.048 48.841 36.971 79.970 45.363 38.661
3 0 79.970 45.363 38.661 80.538 45.512 39.010 80.616 49.002 37.315
3 0 81.285 49.053 37.438 80.616 49.002 37.315 80.538 45.512 39.010
3 0 80.538 45.512 39.010 81.207 45.546 39.141 81.285 49.053 37.438
3 0 81.955 48.988 37.321 81.285 49.053 37.438 81.207 45.546 39.141
3 0 81.207 45.546 39.141 81.876 45.461 39.034 81.955 48.988 37.321
3 0 82.523 48.815 36.983 81.955 48.988 37.321 81.876 45.461 39.034
3 0 81.876 45.461 39.034 82.443 45.268 38.706 82.523 48.815 36.983
3 0 84.346 43.909 36.193 84.429 47.544 34.428 84.997 47.704 34.772
3 0 84.997 47.704 34.772 84.913 44.058 36.542 84.346 43.909 36.193
3 0 83.676 43.875 36.062 83.760 47.492 34.305 84.429 47.544 34.428
3 0 84.429 47.544 34.428 84.346 43.909 36.193 83.676 43.875 36.062
3 0 83.008 43.960 36.168 83.090 47.558 34.421 83.760 47.492 34.305
3 0 83.760 47.492 34.305 83.676 43.875 36.062 83.008 43.960 36.168
3 0 82.440 44.153 36.497 82.522 47.730 34.759 83.090 47.558 34.421
3 0 83.090 47.558 34.421 83.008 43.960 36.168 82.440 44.153 36.497
3 0 83.010 45.417 39.055 83.091 48.976 37.327 82.523 48.815 36.983
3 0 82.523 48.815 36.983 82.443 45.268 38.706 83.010 45.417 39.055
3 0 83.680 45.451 39.186 83.760 49.027 37.450 83.091 48.976 37.327
3 0 83.091 48.976 37.327 83.010 45.417 39.055 83.680 45.451 39.186
3 0 84.349 45.366 39.080 84.430 48.962 37.334 83.760 49.027 37.450
3 0 83.760 49.027 37.450 83.680 45.451 39.186 84.349 45.366 39.080
3 0 84.915 45.173 38.751 84.997 48.789 36.996 84.430 48.962 37.334
3 0 84.430 48.962 37.334 84.349 45.366 39.080 84.915 45.173 38.751
3 0 86.817 43.814 36.238 86.903 47.517 34.440 87.471 47.678 34.784
3 0 87.471 47.678 34.784 87.385 43.963 36.587 86.817 43.814 36.238
3 0 86.148 43.780 36.107 86.234 47.466 34.317 86.903 47.517 34.440
3 0 86.903 47.517 34.440 86.817 43.814 36.238 86.148 43.780 36.107
3 0 85.479 43.866 36.214 85.564 47.532 34.433 86.234 47.466 34.317
3 0 86.234 47.466 34.317 86.148 43.780 36.107 85.479 43.866 36.214
3 0 84.913 44.058 36.542 84.997 47.704 34.772 85.564 47.532 34.433
3 0 85.564 47.532 34.433 85.479 43.866 36.214 84.913 44.058 36.542
3 0 85.482 45.322 39.100 85.564 48.950 37.340 84.997 48.789 36.996
3 0 84.997 48.789 36.996 84.915 45.173 38.751 85.482 45.322 39.100
3 0 86.151 45.357 39.232 86.234 49.001 37.463 85.564 48.950 37.340
3 0 85.564 48.950 37.340 85.482 45.322 39.100 86.151 45.357 39.232
3 0 86.820 45.271 39.125 86.904 48.935 37.346 86.234 49.001 37.463
3 0 86.234 49.001 37.463 86.151 45.357 39.232 86.820 45.271 39.125
3 0 87.387 45.078 38.797 87.471 48.763 37.008 86.904 48.935 37.346
3 0 86.904 48.935 37.346 86.820 45.271 39.125 87.387 45.078 38.797
3 0 88.039 48.923 37.352 87.471 48.763 37.008 87.387 45.078 38.797
3 0 87.387 45.078 38.797 87.955 45.227 39.146 88.039 48.923 37.352
3 0 88.709 48.975 37.475 88.039 48.923 37.352 87.955 45.227 39.146
3 0 87.955 45.227 39.146 88.624 45.262 39.277 88.709 48.975 37.475
3 0 89.378 48.909 37.359 88.709 48.975 37.475 88.624 45.262 39.277
3 0 88.624 45.262 39.277 89.293 45.176 39.170 89.378 48.909 37.359
3 0 89.946 48.737 37.021 89.378 48.909 37.359 89.293 45.176 39.170
3 0 89.293 45.176 39.170 89.860 44.983 38.842 89.946 48.737 37.021
3 0 90.325 48.484 36.512 89.946 48.737 37.021 89.860 44.983 38.842
3 0 89.860 44.983 38.842 90.238 44.713 38.342 90.325 48.484 36.512
3 0 90.458 48.189 35.911 90.325 48.484 36.512 90.238 44.713 38.342
3 0 90.238 44.713 38.342 90.371 44.406 37.747 90.458 48.189 35.911
3 0 90.325 47.897 35.309 90.458 48.189 35.911 90.371 44.406 37.747
3 0 90.371 44.406 37.747 90.237 44.110 37.147 90.325 47.897 35.309
3 0 89.946 47.652 34.796 90.325 47.897 35.309 90.237 44.110 37.147
3 0 90.237 44.110 37.147 89.858 43.868 36.633 89.946 47.652 34.796
3 0 89.378 47.491 34.453 89.946 47.652 34.796 89.858 43.868 36.633
3 0 89.858 43.868 36.633 89.290 43.719 36.284 89.378 47.491 34.453
3 0 88.708 47.440 34.330 89.378 47.491 34.453 89.290 43.719 36.284
3 0 89.290 43.719 36.284 88.621 43.685 36.152 88.708 47.440 34.330
3 0 88.039 47.505 34.446 88.708 47.440 34.330 88.621 43.685 36.152
3 0 88.621 43.685 36.152 87.952 43.771 36.259 88.039 47.505 34.446
3 0 87.471 47.678 34.784 88.039 47.505 34.446 87.952 43.771 36.259
3 0 87.952 43.771 36.259 87.385 43.963 36.587 87.471 47.678 34.784
3 0 81.968 51.147 32.655 82.536 51.318 32.995 82.522 47.730 34.759
3 0 82.522 47.730 34.759 81.955 47.570 34.415 81.968 51.147 32.655
3 0 81.299 51.089 32.535 81.968 51.147 32.655 81.955 47.570 34.415
3 0 81.955 47.570 34.415 81.285 47.518 34.292 81.299 51.089 32.535
3 0 80.629 51.151 32.651 81.299 51.089 32.535 81.285 47.518 34.292
3 0 81.285 47.518 34.292 80.615 47.584 34.409 80.629 51.151 32.651
3 0 80.061 51.324 32.988 80.629 51.151 32.651 80.615 47.584 34.409
3 0 80.615 47.584 34.409 80.048 47.756 34.747 80.061 51.324 32.988
3 0 79.681 51.581 33.493 80.061 51.324 32.988 80.048 47.756 34.747
3 0 80.048 47.756 34.747 79.668 48.009 35.255 79.681 51.581 33.493
3 0 79.546 51.885 34.090 79.681 51.581 33.493 79.668 48.009 35.255
3 0 79.668 48.009 35.255 79.535 48.304 35.856 79.546 51.885 34.090
3 0 79.678 52.188 34.687 79.546 51.885 34.090 79.535 48.304 35.856
3 0 79.535 48.304 35.856 79.669 48.597 36.459 79.678 52.188 34.687
3 0 80.057 52.444 35.195 79.678 52.188 34.687 79.669 48.597 36.459
3 0 79.669 48.597 36.459 80.048 48.841 36.971 80.057 52.444 35.195
3 0 80.624 52.614 35.535 80.057 52.444 35.195 80.048 48.841 36.971
3 0 80.048 48.841 36.971 80.616 49.002 37.315 80.624 52.614 35.535
3 0 81.294 52.673 35.656 80.624 52.614 35.535 80.616 49.002 37.315
3 0 80.616 49.002 37.315 81.285 49.053 37.438 81.294 52.673 35.656
3 0 81.963 52.611 35.539 81.294 52.673 35.656 81.285 49.053 37.438
3 0 81.285 49.053 37.438 81.955 48.988 37.321 81.963 52.611 35.539
3 0 82.532 52.438 35.202 81.963 52.611 35.539 81.955 48.988 37.321
3 0 81.955 48.988 37.321 82.523 48.815 36.983 82.532 52.438 35.202
3 0 84.429 47.544 34.428 84.443 51.141 32.663 85.011 51.312 33.003
3 0 85.011 51.312 33.003 84.997 47.704 34.772 84.429 47.544 34.428
3 0 83.760 47.492 34.305 83.774 51.083 32.542 84.443 51.141 32.663
3 0 84.443 51.141 32.663 84.429 47.544 34.428 83.760 47.492 34.305
3 0 83.090 47.558 34.421 83.104 51.145 32.659 83.774 51.083 32.542
3 0 83.774 51.083 32.542 83.760 47.492 34.305 83.090 47.558 34.421
3 0 82.522 47.730 34.759 82.536 51.318 32.995 83.104 51.145 32.659
3 0 83.104 51.145 32.659 83.090 47.558 34.421 82.522 47.730 34.759
3 0 83.091 48.976 37.327 83.099 52.608 35.542 82.532 52.438 35.202
3 0 82.532 52.438 35.202 82.523 48.815 36.983 83.091 48.976 37.327
3 0 83.760 49.027 37.450 83.769 52.667 35.663 83.099 52.608 35.542
3 0 83.099 52.608 35.542 83.091 48.976 37.327 83.760 49.027 37.450
3 0 84.430 48.962 37.334 84.438 52.605 35.546 83.769 52.667 35.663
3 0 83.769 52.667 35.663 83.760 49.027 37.450 84.430 48.962 37.334
3 0 84.997 48.789 36.996 85.007 52.432 35.210 84.438 52.605 35.546
3 0 84.438 52.605 35.546 84.430 48.962 37.334 84.997 48.789 36.996
3 0 86.903 47.517 34.440 86.917 51.135 32.670 87.485 51.306 33.010
3 0 87.485 51.306 33.010 87.471 47.678 34.784 86.903 47.517 34.440
3 0 86.234 47.466 34.317 86.248 51.077 32.549 86.917 51.135 32.670
3 0 86.917 51.135 32.670 86.903 47.517 34.440 86.234 47.466 34.317
3 0 85.564 47.532 34.433 85.578 51.139 32.666 86.248 51.077 32.549
3 0 86.248 51.077 32.549 86.234 47.466 34.317 85.564 47.532 34.433
3 0 84.997 47.704 34.772 85.011 51.312 33.003 85.578 51.139 32.666
3 0 85.578 51.139 32.666 85.564 47.532 34.433 84.997 47.704 34.772
3 0 85.564 48.950 37.340 85.573 52.602 35.550 85.007 52.432 35.210
3 0 85.007 52.432 35.210 84.997 48.789 36.996 85.564 48.950 37.340
3 0 86.234 49.001 37.463 86.243 52.661 35.670 85.573 52.602 35.550
3 0 85.573 52.602 35.550 85.564 48.950 37.340 86.234 49.001 37.463
3 0 86.904 48.935 37.346 86.912 52.599 35.554 86.243 52.661 35.670
3 0 86.243 52.661 35.670 86.234 49.001 37.463 86.904 48.935 37.346
3 0 87.471 48.763 37.008 87.481 52.426 35.217 86.912 52.599 35.554
3 0 86.912 52.599 35.554 86.904 48.935 37.346 87.471 48.763 37.008
3 0 88.048 52.596 35.557 87.481 52.426 35.217 87.471 48.763 37.008
3 0 87.471 48.763 37.008 88.039 48.923 37.352 88.048 52.596 35.557
3 0 88.718 52.655 35.678 88.048 52.596 35.557 88.039 48.923 37.352
3 0 88.039 48.923 37.352 88.709 48.975 37.475 88.718 52.655 35.678
3 0 89.387 52.593 35.561 88.718 52.655 35.678 88.709 48.975 37.475
3 0 88.709 48.975 37.475 89.378 48.909 37.359 89.387 52.593 35.561
3 0 89.956 52.420 35.224 89.387 52.593 35.561 89.378 48.909 37.359
3 0 89.378 48.909 37.359 89.946 48.737 37.021 89.956 52.420 35.224
3 0 90.336 52.162 34.719 89.956 52.420 35.224 89.946 48.737 37.021
3 0 89.946 48.737 37.021 90.325 48.484 36.512 90.336 52.162 34.719
3 0 90.470 51.858 34.122 90.336 52.162 34.719 90.325 48.484 36.512
3 0 90.325 48.484 36.512 90.458 48.189 35.911 90.470 51.858 34.122
3 0 90.338 51.556 33.525 90.470 51.858 34.122 90.458 48.189 35.911
3 0 90.458 48.189 35.911 90.325 47.897 35.309 90.338 51.556 33.525
3 0 89.960 51.300 33.017 90.338 51.556 33.525 90.325 47.897 35.309
3 0 90.325 47.897 35.309 89.946 47.652 34.796 89.960 51.300 33.017
3 0 89.392 51.129 32.677 89.960 51.300 33.017 89.946 47.652 34.796
3 0 89.946 47.652 34.796 89.378 47.491 34.453 89.392 51.129 32.677
3 0 88.723 51.071 32.557 89.392 51.129 32.677 89.378 47.491 34.453
3 0 89.378 47.491 34.453 88.708 47.440 34.330 88.723 51.071 32.557
3 0 88.053 51.133 32.673 88.723 51.071 32.557 88.708 47.440 34.330
3 0 88.708 47.440 34.330 88.039 47.505 34.446 88.053 51.133 32.673
3 0 87.485 51.306 33.010 88.053 51.133 32.673 88.039 47.505 34.446
3 0 88.039 47.505 34.446 87.471 47.678 34.784 87.485 51.306 33.010
3 0 81.991 54.682 30.788 82.557 54.862 31.125 82.536 51.318 32.995
3 0 82.536 51.318 32.995 81.968 51.147 32.655 81.991 54.682 30.788
3 0 81.322 54.620 30.666 81.991 54.682 30.788 81.968 51.147 32.655
3 0 81.968 51.147 32.655 81.299 51.089 32.535 81.322 54.620 30.666
3 0 80.652 54.685 30.779 81.322 54.620 30.666 81.299 51.089 32.535
3 0 81.299 51.089 32.535 80.629 51.151 32.651 80.652 54.685 30.779
3 0 80.082 54.867 31.109 80.652 54.685 30.779 80.629 51.151 32.651
3 0 80.629 51.151 32.651 80.061 51.324 32.988 80.082 54.867 31.109
3 0 79.700 55.138 31.606 80.082 54.867 31.109 80.061 51.324 32.988
3 0 80.061 51.324 32.988 79.681 51.581 33.493 79.700 55.138 31.606
3 0 79.563 55.457 32.194 79.700 55.138 31.606 79.681 51.581 33.493
3 0 79.681 51.581 33.493 79.546 51.885 34.090 79.563 55.457 32.194
3 0 79.693 55.775 32.783 79.563 55.457 32.194 79.546 51.885 34.090
3 0 79.546 51.885 34.090 79.678 52.188 34.687 79.693 55.775 32.783
3 0 80.070 56.045 33.285 79.693 55.775 32.783 79.678 52.188 34.687
3 0 79.678 52.188 34.687 80.057 52.444 35.195 80.070 56.045 33.285
3 0 80.636 56.224 33.623 80.070 56.045 33.285 80.057 52.444 35.195
3 0 80.057 52.444 35.195 80.624 52.614 35.535 80.636 56.224 33.623
3 0 81.305 56.287 33.744 80.636 56.224 33.623 80.624 52.614 35.535
3 0 80.624 52.614 35.535 81.294 52.673 35.656 81.305 56.287 33.744
3 0 81.975 56.222 33.631 81.305 56.287 33.744 81.294 52.673 35.656
3 0 81.294 52.673 35.656 81.963 52.611 35.539 81.975 56.222 33.631
3 0 82.545 56.040 33.302 81.975 56.222 33.631 81.963 52.611 35.539
3 0 81.963 52.611 35.539 82.532 52.438 35.202 82.545 56.040 33.302
3 0 84.443 51.141 32.663 84.466 54.678 30.804 85.032 54.858 31.142
3 0 85.032 54.858 31.142 85.011 51.312 33.003 84.443 51.141 32.663
3 0 83.774 51.083 32.542 83.797 54.616 30.683 84.466 54.678 30.804
3 0 84.466 54.678 30.804 84.443 51.141 32.663 83.774 51.083 32.542
3 0 83.104 51.145 32.659 83.127 54.680 30.796 83.797 54.616 30.683
3 0 83.797 54.616 30.683 83.774 51.083 32.542 83.104 51.145 32.659
3 0 82.536 51.318 32.995 82.557 54.862 31.125 83.127 54.680 30.796
3 0 83.127 54.680 30.796 83.104 51.145 32.659 82.536 51.318 32.995
3 0 83.099 52.608 35.542 83.111 56.220 33.639 82.545 56.040 33.302
3 0 82.545 56.040 33.302 82.532 52.438 35.202 83.099 52.608 35.542
3 0 83.769 52.667 35.663 83.780 56.282 33.761 83.111 56.220 33.639
3 0 83.111 56.220 33.639 83.099 52.608 35.542 83.769 52.667 35.663
3 0 84.438 52.605 35.546 84.450 56.218 33.648 83.780 56.282 33.761
3 0 83.780 56.282 33.761 83.769 52.667 35.663 84.438 52.605 35.546
3 0 85.007 52.432 35.210 85.019 56.036 33.318 84.450 56.218 33.648
3 0 84.450 56.218 33.648 84.438 52.605 35.546 85.007 52.432 35.210
3 0 86.917 51.135 32.670 86.940 54.673 30.821 87.506 54.853 31.158
3 0 87.506 54.853 31.158 87.485 51.306 33.010 86.917 51.135 32.670
3 0 86.248 51.077 32.549 86.271 54.611 30.699 86.940 54.673 30.821
3 0 86.940 54.673 30.821 86.917 51.135 32.670 86.248 51.077 32.549
3 0 85.578 51.139 32.666 85.601 54.676 30.812 86.271 54.611 30.699
3 0 86.271 54.611 30.699 86.248 51.077 32.549 85.578 51.139 32.666
3 0 85.011 51.312 33.003 85.032 54.858 31.142 85.601 54.676 30.812
3 0 85.601 54.676 30.812 85.578 51.139 32.666 85.011 51.312 33.003
3 0 85.573 52.602 35.550 85.585 56.215 33.655 85.019 56.036 33.318
3 0 85.019 56.036 33.318 85.007 52.432 35.210 85.573 52.602 35.550
3 0 86.243 52.661 35.670 86.254 56.278 33.777 85.585 56.215 33.655
3 0 85.585 56.215 33.655 85.573 52.602 35.550 86.243 52.661 35.670
3 0 86.912 52.599 35.554 86.924 56.213 33.664 86.254 56.278 33.777
3 0 86.254 56.278 33.777 86.243 52.661 35.670 86.912 52.599 35.554
3 0 87.481 52.426 35.217 87.493 56.031 33.335 86.924 56.213 33.664
3 0 86.924 56.213 33.664 86.912 52.599 35.554 87.481 52.426 35.217
3 0 88.059 56.211 33.672 87.493 56.031 33.335 87.481 52.426 35.217
3 0 87.481 52.426 35.217 88.048 52.596 35.557 88.059 56.211 33.672
3 0 88.728 56.273 33.793 88.059 56.211 33.672 88.048 52.596 35.557
3 0 88.048 52.596 35.557 88.718 52.655 35.678 88.728 56.273 33.793
3 0 89.399 56.209 33.681 88.728 56.273 33.793 88.718 52.655 35.678
3 0 88.718 52.655 35.678 89.387 52.593 35.561 89.399 56.209 33.681
3 0 89.968 56.027 33.351 89.399 56.209 33.681 89.387 52.593 35.561
3 0 89.387 52.593 35.561 89.956 52.420 35.224 89.968 56.027 33.351
3 0 90.351 55.756 32.854 89.968 56.027 33.351 89.956 52.420 35.224
3 0 89.956 52.420 35.224 90.336 52.162 34.719 90.351 55.756 32.854
3 0 90.487 55.437 32.266 90.351 55.756 32.854 90.336 52.162 34.719
3 0 90.336 52.162 34.719 90.470 51.858 34.122 90.487 55.437 32.266
3 0 90.357 55.118 31.677 90.487 55.437 32.266 90.470 51.858 34.122
3 0 90.470 51.858 34.122 90.338 51.556 33.525 90.357 55.118 31.677
3 0 89.981 54.849 31.175 90.357 55.118 31.677 90.338 51.556 33.525
3 0 90.338 51.556 33.525 89.960 51.300 33.017 89.981 54.849 31.175
3 0 89.415 54.669 30.837 89.981 54.849 31.175 89.960 51.300 33.017
3 0 89.960 51.300 33.017 89.392 51.129 32.677 89.415 54.669 30.837
3 0 88.746 54.607 30.716 89.415 54.669 30.837 89.392 51.129 32.677
3 0 89.392 51.129 32.677 88.723 51.071 32.557 88.746 54.607 30.716
3 0 88.076 54.671 30.828 88.746 54.607 30.716 88.723 51.071 32.557
3 0 88.723 51.071 32.557 88.053 51.133 32.673 88.076 54.671 30.828
3 0 87.506 54.853 31.158 88.076 54.671 30.828 88.053 51.133 32.673
3 0 88.053 51.133 32.673 87.485 51.306 33.010 87.506 54.853 31.158
3 0 82.019 58.169 28.827 82.583 58.358 29.163 82.557 54.862 31.125
3 0 82.557 54.862 31.125 81.991 54.682 30.788 82.019 58.169 28.827
3 0 81.351 58.103 28.705 82.019 58.169 28.827 81.991 54.682 30.788
3 0 81.991 54.682 30.788 81.322 54.620 30.666 81.351 58.103 28.705
3 0 80.680 58.170 28.814 81.351 58.103 28.705 81.322 54.620 30.666
3 0 81.322 54.620 30.666 80.652 54.685 30.779 80.680 58.170 28.814
3 0 80.109 58.358 29.137 80.680 58.170 28.814 80.652 54.685 30.779
3 0 80.652 54.685 30.779 80.082 54.867 31.109 80.109 58.358 29.137
3 0 79.724 58.640 29.626 80.109 58.358 29.137 80.082 54.867 31.109
3 0 80.082 54.867 31.109 79.700 55.138 31.606 79.724 58.640 29.626
3 0 79.585 58.973 30.205 79.724 58.640 29.626 79.700 55.138 31.606
3 0 79.700 55.138 31.606 79.563 55.457 32.194 79.585 58.973 30.205
3 0 79.712 59.306 30.788 79.585 58.973 30.205 79.563 55.457 32.194
3 0 79.563 55.457 32.194 79.693 55.775 32.783 79.712 59.306 30.788
3 0 80.087 59.588 31.284 79.712 59.306 30.788 79.693 55.775 32.783
3 0 79.693 55.775 32.783 80.070 56.045 33.285 80.087 59.588 31.284
3 0 80.651 59.777 31.619 80.087 59.588 31.284 80.070 56.045 33.285
3 0 80.070 56.045 33.285 80.636 56.224 33.623 80.651 59.777 31.619
3 0 81.319 59.843 31.742 80.651 59.777 31.619 80.636 56.224 33.623
3 0 80.636 56.224 33.623 81.305 56.287 33.744 81.319 59.843 31.742
3 0 81.990 59.776 31.633 81.319 59.843 31.742 81.305 56.287 33.744
3 0 81.305 56.287 33.744 81.975 56.222 33.631 81.990 59.776 31.633
3 0 82.561 59.588 31.310 81.990 59.776 31.633 81.975 56.222 33.631
3 0 81.975 56.222 33.631 82.545 56.040 33.302 82.561 59.588 31.310
3 0 84.466 54.678 30.804 84.494 58.169 28.853 85.058 58.357 29.188
3 0 85.058 58.357 29.188 85.032 54.858 31.142 84.466 54.678 30.804
3 0 83.797 54.616 30.683 83.825 58.103 28.731 84.494 58.169 28.853
3 0 84.494 58.169 28.853 84.466 54.678 30.804 83.797 54.616 30.683
3 0 83.127 54.680 30.796 83.155 58.169 28.839 83.825 58.103 28.731
3 0 83.825 58.103 28.731 83.797 54.616 30.683 83.127 54.680 30.796
3 0 82.557 54.862 31.125 82.583 58.358 29.163 83.155 58.169 28.839
3 0 83.155 58.169 28.839 83.127 54.680 30.796 82.557 54.862 31.125
3 0 83.111 56.220 33.639 83.126 59.776 31.645 82.561 59.588 31.310
3 0 82.561 59.588 31.310 82.545 56.040 33.302 83.111 56.220 33.639
3 0 83.780 56.282 33.761 83.794 59.842 31.767 83.126 59.776 31.645
3 0 83.126 59.776 31.645 83.111 56.220 33.639 83.780 56.282 33.761
3 0 84.450 56.218 33.648 84.465 59.776 31.659 83.794 59.842 31.767
3 0 83.794 59.842 31.767 83.780 56.282 33.761 84.450 56.218 33.648
3 0 85.019 56.036 33.318 85.036 59.587 31.336 84.465 59.776 31.659
3 0 84.465 59.776 31.659 84.450 56.218 33.648 85.019 56.036 33.318
3 0 86.940 54.673 30.821 86.968 58.168 28.879 87.532 58.356 29.214
3 0 87.532 58.356 29.214 87.506 54.853 31.158 86.940 54.673 30.821
3 0 86.271 54.611 30.699 86.299 58.102 28.756 86.968 58.168 28.879
3 0 86.968 58.168 28.879 86.940 54.673 30.821 86.271 54.611 30.699
3 0 85.601 54.676 30.812 85.628 58.168 28.865 86.299 58.102 28.756
3 0 86.299 58.102 28.756 86.271 54.611 30.699 85.601 54.676 30.812
3 0 85.032 54.858 31.142 85.058 58.357 29.188 85.628 58.168 28.865
3 0 85.628 58.168 28.865 85.601 54.676 30.812 85.032 54.858 31.142
3 0 85.585 56.215 33.655 85.600 59.775 31.671 85.036 59.587 31.336
3 0 85.036 59.587 31.336 85.019 56.036 33.318 85.585 56.215 33.655
3 0 86.254 56.278 33.777 86.268 59.841 31.793 85.600 59.775 31.671
3 0 85.600 59.775 31.671 85.585 56.215 33.655 86.254 56.278 33.777
3 0 86.924 56.213 33.664 86.939 59.775 31.685 86.268 59.841 31.793
3 0 86.268 59.841 31.793 86.254 56.278 33.777 86.924 56.213 33.664
3 0 87.493 56.031 33.335 87.510 59.586 31.361 86.939 59.775 31.685
3 0 86.939 59.775 31.685 86.924 56.213 33.664 87.493 56.031 33.335
3 0 88.075 59.775 31.696 87.510 59.586 31.361 87.493 56.031 33.335
3 0 87.493 56.031 33.335 88.059 56.211 33.672 88.075 59.775 31.696
3 0 88.743 59.841 31.819 88.075 59.775 31.696 88.059 56.211 33.672
3 0 88.059 56.211 33.672 88.728 56.273 33.793 88.743 59.841 31.819
3 0 89.414 59.774 31.710 88.743 59.841 31.819 88.728 56.273 33.793
3 0 88.728 56.273 33.793 89.399 56.209 33.681 89.414 59.774 31.710
3 0 89.985 59.586 31.387 89.414 59.774 31.710 89.399 56.209 33.681
3 0 89.399 56.209 33.681 89.968 56.027 33.351 89.985 59.586 31.387
3 0 90.369 59.304 30.898 89.985 59.586 31.387 89.968 56.027 33.351
3 0 89.968 56.027 33.351 90.351 55.756 32.854 90.369 59.304 30.898
3 0 90.508 58.971 30.318 90.369 59.304 30.898 90.351 55.756 32.854
3 0 90.351 55.756 32.854 90.487 55.437 32.266 90.508 58.971 30.318
3 0 90.381 58.638 29.736 90.508 58.971 30.318 90.487 55.437 32.266
3 0 90.487 55.437 32.266 90.357 55.118 31.677 90.381 58.638 29.736
3 0 90.007 58.356 29.239 90.381 58.638 29.736 90.357 55.118 31.677
3 0 90.357 55.118 31.677 89.981 54.849 31.175 90.007 58.356 29.239
3 0 89.443 58.167 28.904 90.007 58.356 29.239 89.981 54.849 31.175
3 0 89.981 54.849 31.175 89.415 54.669 30.837 89.443 58.167 28.904
3 0 88.774 58.101 28.782 89.443 58.167 28.904 89.415 54.669 30.837
3 0 89.415 54.669 30.837 88.746 54.607 30.716 88.774 58.101 28.782
3 0 88.103 58.168 28.890 88.774 58.101 28.782 88.746 54.607 30.716
3 0 88.746 54.607 30.716 88.076 54.671 30.828 88.103 58.168 28.890
3 0 87.532 58.356 29.214 88.103 58.168 28.890 88.076 54.671 30.828
3 0 88.076 54.671 30.828 87.506 54.853 31.158 87.532 58.356 29.214
3 0 82.048 61.613 26.789 82.611 61.810 27.122 82.583 58.358 29.163
3 0 82.583 58.358 29.163 82.019 58.169 28.827 82.048 61.613 26.789
3 0 81.380 61.543 26.666 82.048 61.613 26.789 82.019 58.169 28.827
3 0 82.019 58.169 28.827 81.351 58.103 28.705 81.380 61.543 26.666
3 0 80.709 61.610 26.770 81.380 61.543 26.666 81.351 58.103 28.705
3 0 81.351 58.103 28.705 80.680 58.170 28.814 80.709 61.610 26.770
3 0 80.136 61.804 27.088 80.709 61.610 26.770 80.680 58.170 28.814
3 0 80.680 58.170 28.814 80.109 58.358 29.137 80.136 61.804 27.088
3 0 79.749 62.095 27.569 80.136 61.804 27.088 80.109 58.358 29.137
3 0 80.109 58.358 29.137 79.724 58.640 29.626 79.749 62.095 27.569
3 0 79.607 62.439 28.141 79.749 62.095 27.569 79.724 58.640 29.626
3 0 79.724 58.640 29.626 79.585 58.973 30.205 79.607 62.439 28.141
3 0 79.731 62.785 28.717 79.607 62.439 28.141 79.585 58.973 30.205
3 0 79.585 58.973 30.205 79.712 59.306 30.788 79.731 62.785 28.717
3 0 80.103 63.078 29.209 79.731 62.785 28.717 79.712 59.306 30.788
3 0 79.712 59.306 30.788 80.087 59.588 31.284 80.103 63.078 29.209
3 0 80.666 63.275 29.542 80.103 63.078 29.209 80.087 59.588 31.284
3 0 80.087 59.588 31.284 80.651 59.777 31.619 80.666 63.275 29.542
3 0 81.334 63.345 29.666 80.666 63.275 29.542 80.651 59.777 31.619
3 0 80.651 59.777 31.619 81.319 59.843 31.742 81.334 63.345 29.666
3 0 82.005 63.278 29.561 81.334 63.345 29.666 81.319 59.843 31.742
3 0 81.319 59.843 31.742 81.990 59.776 31.633 82.005 63.278 29.561
3 0 82.578 63.084 29.243 82.005 63.278 29.561 81.990 59.776 31.633
3 0 81.990 59.776 31.633 82.561 59.588 31.310 82.578 63.084 29.243
3 0 84.494 58.169 28.853 84.523 61.620 26.824 85.085 61.816 27.157
3 0 85.085 61.816 27.157 85.058 58.357 29.188 84.494 58.169 28.853
3 0 83.825 58.103 28.731 83.855 61.549 26.700 84.523 61.620 26.824
3 0 84.523 61.620 26.824 84.494 58.169 28.853 83.825 58.103 28.731
3 0 83.155 58.169 28.839 83.184 61.616 26.805 83.855 61.549 26.700
3 0 83.855 61.549 26.700 83.825 58.103 28.731 83.155 58.169 28.839
3 0 82.583 58.358 29.163 82.611 61.810 27.122 83.184 61.616 26.805
3 0 83.184 61.616 26.805 83.155 58.169 28.839 82.583 58.358 29.163
3 0 83.126 59.776 31.645 83.141 63.281 29.577 82.578 63.084 29.243
3 0 82.578 63.084 29.243 82.561 59.588 31.310 83.126 59.776 31.645
3 0 83.794 59.842 31.767 83.808 63.351 29.700 83.141 63.281 29.577
3 0 83.141 63.281 29.577 83.126 59.776 31.645 83.794 59.842 31.767
3 0 84.465 59.776 31.659 84.480 63.285 29.595 83.808 63.351 29.700
3 0 83.808 63.351 29.700 83.794 59.842 31.767 84.465 59.776 31.659
3 0 85.036 59.587 31.336 85.053 63.091 29.278 84.480 63.285 29.595
3 0 84.480 63.285 29.595 84.465 59.776 31.659 85.036 59.587 31.336
3 0 86.968 58.168 28.879 86.997 61.626 26.858 87.559 61.823 27.191
3 0 87.559 61.823 27.191 87.532 58.356 29.214 86.968 58.168 28.879
3 0 86.299 58.102 28.756 86.329 61.556 26.735 86.997 61.626 26.858
3 0 86.997 61.626 26.858 86.968 58.168 28.879 86.299 58.102 28.756
3 0 85.628 58.168 28.865 85.657 61.623 26.839 86.329 61.556 26.735
3 0 86.329 61.556 26.735 86.299 58.102 28.756 85.628 58.168 28.865
3 0 85.058 58.357 29.188 85.085 61.816 27.157 85.657 61.623 26.839
3 0 85.657 61.623 26.839 85.628 58.168 28.865 85.058 58.357 29.188
3 0 85.600 59.775 31.671 85.614 63.287 29.611 85.053 63.091 29.278
3 0 85.053 63.091 29.278 85.036 59.587 31.336 85.600 59.775 31.671
3 0 86.268 59.841 31.793 86.282 63.358 29.734 85.614 63.287 29.611
3 0 85.614 63.287 29.611 85.600 59.775 31.671 86.268 59.841 31.793
3 0 86.939 59.775 31.685 86.954 63.291 29.630 86.282 63.358 29.734
3 0 86.282 63.358 29.734 86.268 59.841 31.793 86.939 59.775 31.685
3 0 87.510 59.586 31.361 87.526 63.097 29.312 86.954 63.291 29.630
3 0 86.954 63.291 29.630 86.939 59.775 31.685 87.510 59.586 31.361
3 0 88.089 63.294 29.645 87.526 63.097 29.312 87.510 59.586 31.361
3 0 87.510 59.586 31.361 88.075 59.775 31.696 88.089 63.294 29.645
3 0 88.757 63.364 29.769 88.089 63.294 29.645 88.075 59.775 31.696
3 0 88.075 59.775 31.696 88.743 59.841 31.819 88.757 63.364 29.769
3 0 89.428 63.297 29.664 88.757 63.364 29.769 88.743 59.841 31.819
3 0 88.743 59.841 31.819 89.414 59.774 31.710 89.428 63.297 29.664
3 0 90.001 63.103 29.347 89.428 63.297 29.664 89.414 59.774 31.710
3 0 89.414 59.774 31.710 89.985 59.586 31.387 90.001 63.103 29.347
3 0 90.388 62.812 28.865 90.001 63.103 29.347 89.985 59.586 31.387
3 0 89.985 59.586 31.387 90.369 59.304 30.898 90.388 62.812 28.865
3 0 90.530 62.468 28.293 90.388 62.812 28.865 90.369 59.304 30.898
3 0 90.369 59.304 30.898 90.508 58.971 30.318 90.530 62.468 28.293
3 0 90.406 62.122 27.717 90.530 62.468 28.293 90.508 58.971 30.318
3 0 90.508 58.971 30.318 90.381 58.638 29.736 90.406 62.122 27.717
3 0 90.034 61.829 27.226 90.406 62.122 27.717 90.381 58.638 29.736
3 0 90.381 58.638 29.736 90.007 58.356 29.239 90.034 61.829 27.226
3 0 89.471 61.632 26.892 90.034 61.829 27.226 90.007 58.356 29.239
3 0 90.007 58.356 29.239 89.443 58.167 28.904 89.471 61.632 26.892
3 0 88.803 61.562 26.769 89.471 61.632 26.892 89.443 58.167 28.904
3 0 89.443 58.167 28.904 88.774 58.101 28.782 88.803 61.562 26.769
3 0 88.132 61.629 26.874 88.803 61.562 26.769 88.774 58.101 28.782
3 0 88.774 58.101 28.782 88.103 58.168 28.890 88.132 61.629 26.874
3 0 87.559 61.823 27.191 88.132 61.629 26.874 88.103 58.168 28.890
3 0 88.103 58.168 28.890 87.532 58.356 29.214 87.559 61.823 27.191
3 0 82.075 65.009 24.685 82.636 65.216 25.016 82.611 61.810 27.122
3 0 82.611 61.810 27.122 82.048 61.613 26.789 82.075 65.009 24.685
3 0 81.408 64.933 24.561 82.075 65.009 24.685 82.048 61.613 26.789
3 0 82.048 61.613 26.789 81.380 61.543 26.666 81.408 64.933 24.561
3 0 80.736 64.999 24.662 81.408 64.933 24.561 81.380 61.543 26.666
3 0 81.380 61.543 26.666 80.709 61.610 26.770 80.736 64.999 24.662
3 0 80.161 65.198 24.973 80.736 64.999 24.662 80.709 61.610 26.770
3 0 80.709 61.610 26.770 80.136 61.804 27.088 80.161 65.198 24.973
3 0 79.771 65.498 25.447 80.161 65.198 24.973 80.136 61.804 27.088
3 0 80.136 61.804 27.088 79.749 62.095 27.569 79.771 65.498 25.447
3 0 79.626 65.855 26.010 79.771 65.498 25.447 79.749 62.095 27.569
3 0 79.749 62.095 27.569 79.607 62.439 28.141 79.626 65.855 26.010
3 0 79.747 66.214 26.579 79.626 65.855 26.010 79.607 62.439 28.141
3 0 79.607 62.439 28.141 79.731 62.785 28.717 79.747 66.214 26.579
3 0 80.116 66.520 27.065 79.747 66.214 26.579 79.731 62.785 28.717
3 0 79.731 62.785 28.717 80.103 63.078 29.209 80.116 66.520 27.065
3 0 80.676 66.726 27.395 80.116 66.520 27.065 80.103 63.078 29.209
3 0 80.103 63.078 29.209 80.666 63.275 29.542 80.676 66.726 27.395
3 0 81.343 66.802 27.520 80.676 66.726 27.395 80.666 63.275 29.542
3 0 80.666 63.275 29.542 81.334 63.345 29.666 81.343 66.802 27.520
3 0 82.015 66.736 27.419 81.343 66.802 27.520 81.334 63.345 29.666
3 0 81.334 63.345 29.666 82.005 63.278 29.561 82.015 66.736 27.419
3 0 82.590 66.537 27.108 82.015 66.736 27.419 82.005 63.278 29.561
3 0 82.005 63.278 29.561 82.578 63.084 29.243 82.590 66.537 27.108
3 0 84.523 61.620 26.824 84.549 65.027 24.728 85.110 65.233 25.058
3 0 85.110 65.233 25.058 85.085 61.816 27.157 84.523 61.620 26.824
3 0 83.855 61.549 26.700 83.882 64.951 24.604 84.549 65.027 24.728
3 0 84.549 65.027 24.728 84.523 61.620 26.824 83.855 61.549 26.700
3 0 83.184 61.616 26.805 83.210 65.017 24.705 83.882 64.951 24.604
3 0 83.882 64.951 24.604 83.855 61.549 26.700 83.184 61.616 26.805
3 0 82.611 61.810 27.122 82.636 65.216 25.016 83.210 65.017 24.705
3 0 83.210 65.017 24.705 83.184 61.616 26.805 82.611 61.810 27.122
3 0 83.141 63.281 29.577 83.151 66.744 27.438 82.590 66.537 27.108
3 0 82.590 66.537 27.108 82.578 63.084 29.243 83.141 63.281 29.577
3 0 83.808 63.351 29.700 83.818 66.820 27.562 83.151 66.744 27.438
3 0 83.151 66.744 27.438 83.141 63.281 29.577 83.808 63.351 29.700
3 0 84.480 63.285 29.595 84.490 66.753 27.461 83.818 66.820 27.562
3 0 83.818 66.820 27.562 83.808 63.351 29.700 84.480 63.285 29.595
3 0 85.053 63.091 29.278 85.065 66.555 27.150 84.490 66.753 27.461
3 0 84.490 66.753 27.461 84.480 63.285 29.595 85.053 63.091 29.278
3 0 86.997 61.626 26.858 87.023 65.044 24.771 87.584 65.251 25.101
3 0 87.584 65.251 25.101 87.559 61.823 27.191 86.997 61.626 26.858
3 0 86.329 61.556 26.735 86.356 64.968 24.647 87.023 65.044 24.771
3 0 87.023 65.044 24.771 86.997 61.626 26.858 86.329 61.556 26.735
3 0 85.657 61.623 26.839 85.684 65.035 24.748 86.356 64.968 24.647
3 0 86.356 64.968 24.647 86.329 61.556 26.735 85.657 61.623 26.839
3 0 85.085 61.816 27.157 85.110 65.233 25.058 85.684 65.035 24.748
3 0 85.684 65.035 24.748 85.657 61.623 26.839 85.085 61.816 27.157
3 0 85.614 63.287 29.611 85.624 66.762 27.481 85.065 66.555 27.150
3 0 85.065 66.555 27.150 85.053 63.091 29.278 85.614 63.287 29.611
3 0 86.282 63.358 29.734 86.292 66.837 27.605 85.624 66.762 27.481
3 0 85.624 66.762 27.481 85.614 63.287 29.611 86.282 63.358 29.734
3 0 86.954 63.291 29.630 86.964 66.771 27.504 86.292 66.837 27.605
3 0 86.292 66.837 27.605 86.282 63.358 29.734 86.954 63.291 29.630
3 0 87.526 63.097 29.312 87.538 66.573 27.193 86.964 66.771 27.504
3 0 86.964 66.771 27.504 86.954 63.291 29.630 87.526 63.097 29.312
3 0 88.099 66.779 27.523 87.538 66.573 27.193 87.526 63.097 29.312
3 0 87.526 63.097 29.312 88.089 63.294 29.645 88.099 66.779 27.523
3 0 88.766 66.855 27.647 88.099 66.779 27.523 88.089 63.294 29.645
3 0 88.089 63.294 29.645 88.757 63.364 29.769 88.766 66.855 27.647
3 0 89.438 66.789 27.546 88.766 66.855 27.647 88.757 63.364 29.769
3 0 88.757 63.364 29.769 89.428 63.297 29.664 89.438 66.789 27.546
3 0 90.013 66.590 27.236 89.438 66.789 27.546 89.428 63.297 29.664
3 0 89.428 63.297 29.664 90.001 63.103 29.347 90.013 66.590 27.236
3 0 90.402 66.290 26.762 90.013 66.590 27.236 90.001 63.103 29.347
3 0 90.001 63.103 29.347 90.388 62.812 28.865 90.402 66.290 26.762
3 0 90.548 65.933 26.198 90.402 66.290 26.762 90.388 62.812 28.865
3 0 90.388 62.812 28.865 90.530 62.468 28.293 90.548 65.933 26.198
3 0 90.427 65.575 25.630 90.548 65.933 26.198 90.530 62.468 28.293
3 0 90.530 62.468 28.293 90.406 62.122 27.717 90.427 65.575 25.630
3 0 90.058 65.269 25.144 90.427 65.575 25.630 90.406 62.122 27.717
3 0 90.406 62.122 27.717 90.034 61.829 27.226 90.058 65.269 25.144
3 0 89.498 65.062 24.813 90.058 65.269 25.144 90.034 61.829 27.226
3 0 90.034 61.829 27.226 89.471 61.632 26.892 89.498 65.062 24.813
3 0 88.830 64.986 24.689 89.498 65.062 24.813 89.471 61.632 26.892
3 0 89.471 61.632 26.892 88.803 61.562 26.769 88.830 64.986 24.689
3 0 88.158 65.052 24.790 88.830 64.986 24.689 88.803 61.562 26.769
3 0 88.803 61.562 26.769 88.132 61.629 26.874 88.158 65.052 24.790
3 0 87.584 65.251 25.101 88.158 65.052 24.790 88.132 61.629 26.874
3 0 88.132 61.629 26.874 87.559 61.823 27.191 87.584 65.251 25.101
3 0 82.104 71.717 20.295 82.661 71.937 20.623 82.636 65.216 25.016
3 0 82.636 65.216 25.016 82.075 65.009 24.685 82.104 71.717 20.295
3 0 81.438 71.632 20.170 82.104 71.717 20.295 82.075 65.009 24.685
3 0 82.075 65.009 24.685 81.408 64.933 24.561 81.438 71.632 20.170
3 0 80.765 71.695 20.266 81.438 71.632 20.170 81.408 64.933 24.561
3 0 81.408 64.933 24.561 80.736 64.999 24.662 80.765 71.695 20.266
3 0 80.188 71.897 20.569 80.765 71.695 20.266 80.736 64.999 24.662
3 0 80.736 64.999 24.662 80.161 65.198 24.973 80.188 71.897 20.569
3 0 79.793 72.207 21.032 80.188 71.897 20.569 80.161 65.198 24.973
3 0 80.161 65.198 24.973 79.771 65.498 25.447 79.793 72.207 21.032
3 0 79.641 72.577 21.585 79.793 72.207 21.032 79.771 65.498 25.447
3 0 79.771 65.498 25.447 79.626 65.855 26.010 79.641 72.577 21.585
3 0 79.756 72.952 22.144 79.641 72.577 21.585 79.626 65.855 26.010
3 0 79.626 65.855 26.010 79.747 66.214 26.579 79.756 72.952 22.144
3 0 80.120 73.274 22.624 79.756 72.952 22.144 79.747 66.214 26.579
3 0 79.747 66.214 26.579 80.116 66.520 27.065 80.120 73.274 22.624
3 0 80.677 73.494 22.951 80.120 73.274 22.624 80.116 66.520 27.065
3 0 80.116 66.520 27.065 80.676 66.726 27.395 80.677 73.494 22.951
3 0 81.343 73.579 23.077 80.677 73.494 22.951 80.676 66.726 27.395
3 0 80.676 66.726 27.395 81.343 66.802 27.520 81.343 73.579 23.077
3 0 82.016 73.516 22.981 81.343 73.579 23.077 81.343 66.802 27.520
3 0 81.343 66.802 27.520 82.015 66.736 27.419 82.016 73.516 22.981
3 0 82.594 73.314 22.678 82.016 73.516 22.981 82.015 66.736 27.419
3 0 82.015 66.736 27.419 82.590 66.537 27.108 82.594 73.314 22.678
3 0 84.549 65.027 24.728 84.578 71.757 20.350 85.135 71.977 20.678
3 0 85.135 71.977 20.678 85.110 65.233 25.058 84.549 65.027 24.728
3 0 83.882 64.951 24.604 83.913 71.672 20.225 84.578 71.757 20.350
3 0 84.578 71.757 20.350 84.549 65.027 24.728 83.882 64.951 24.604
3 0 83.210 65.017 24.705 83.239 71.735 20.320 83.913 71.672 20.225
3 0 83.913 71.672 20.225 83.882 64.951 24.604 83.210 65.017 24.705
3 0 82.636 65.216 25.016 82.661 71.937 20.623 83.239 71.735 20.320
3 0 83.239 71.735 20.320 83.210 65.017 24.705 82.636 65.216 25.016
3 0 83.151 66.744 27.438 83.151 73.534 23.006 82.594 73.314 22.678
3 0 82.594 73.314 22.678 82.590 66.537 27.108 83.151 66.744 27.438
3 0 83.818 66.820 27.562 83.817 73.619 23.131 83.151 73.534 23.006
3 0 83.151 73.534 23.006 83.151 66.744 27.438 83.818 66.820 27.562
3 0 84.490 66.753 27.461 84.490 73.556 23.035 83.817 73.619 23.131
3 0 83.817 73.619 23.131 83.818 66.820 27.562 84.490 66.753 27.461
3 0 85.065 66.555 27.150 85.068 73.354 22.733 84.490 73.556 23.035
3 0 84.490 73.556 23.035 84.490 66.753 27.461 85.065 66.555 27.150
3 0 87.023 65.044 24.771 87.051 71.796 20.404 87.609 72.017 20.732
3 0 87.609 72.017 20.732 87.584 65.251 25.101 87.023 65.044 24.771
3 0 86.356 64.968 24.647 86.386 71.712 20.279 87.051 71.796 20.404
3 0 87.051 71.796 20.404 87.023 65.044 24.771 86.356 64.968 24.647
3 0 85.684 65.035 24.748 85.713 71.775 20.375 86.386 71.712 20.279
3 0 86.386 71.712 20.279 86.356 64.968 24.647 85.684 65.035 24.748
3 0 85.110 65.233 25.058 85.135 71.977 20.678 85.713 71.775 20.375
3 0 85.713 71.775 20.375 85.684 65.035 24.748 85.110 65.233 25.058
3 0 85.624 66.762 27.481 85.624 73.574 23.060 85.068 73.354 22.733
3 0 85.068 73.354 22.733 85.065 66.555 27.150 85.624 66.762 27.481
3 0 86.292 66.837 27.605 86.290 73.659 23.186 85.624 73.574 23.060
3 0 85.624 73.574 23.060 85.624 66.762 27.481 86.292 66.837 27.605
3 0 86.964 66.771 27.504 86.963 73.596 23.090 86.290 73.659 23.186
3 0 86.290 73.659 23.186 86.292 66.837 27.605 86.964 66.771 27.504
3 0 87.538 66.573 27.193 87.541 73.394 22.787 86.963 73.596 23.090
3 0 86.963 73.596 23.090 86.964 66.771 27.504 87.538 66.573 27.193
3 0 88.098 73.614 23.115 87.541 73.394 22.787 87.538 66.573 27.193
3 0 87.538 66.573 27.193 88.099 66.779 27.523 88.098 73.614 23.115
3 0 88.764 73.699 23.240 88.098 73.614 23.115 88.099 66.779 27.523
3 0 88.099 66.779 27.523 88.766 66.855 27.647 88.764 73.699 23.240
3 0 89.437 73.636 23.144 88.764 73.699 23.240 88.766 66.855 27.647
3 0 88.766 66.855 27.647 89.438 66.789 27.546 89.437 73.636 23.144
3 0 90.015 73.434 22.842 89.437 73.636 23.144 89.438 66.789 27.546
3 0 89.438 66.789 27.546 90.013 66.590 27.236 90.015 73.434 22.842
3 0 90.410 73.124 22.379 90.015 73.434 22.842 90.013 66.590 27.236
3 0 90.013 66.590 27.236 90.402 66.290 26.762 90.410 73.124 22.379
3 0 90.561 72.754 21.825 90.410 73.124 22.379 90.402 66.290 26.762
3 0 90.402 66.290 26.762 90.548 65.933 26.198 90.561 72.754 21.825
3 0 90.446 72.379 21.266 90.561 72.754 21.825 90.548 65.933 26.198
3 0 90.548 65.933 26.198 90.427 65.575 25.630 90.446 72.379 21.266
3 0 90.083 72.057 20.787 90.446 72.379 21.266 90.427 65.575 25.630
3 0 90.427 65.575 25.630 90.058 65.269 25.144 90.083 72.057 20.787
3 0 89.525 71.836 20.459 90.083 72.057 20.787 90.058 65.269 25.144
3 0 90.058 65.269 25.144 89.498 65.062 24.813 89.525 71.836 20.459
3 0 88.860 71.752 20.334 89.525 71.836 20.459 89.498 65.062 24.813
3 0 89.498 65.062 24.813 88.830 64.986 24.689 88.860 71.752 20.334
3 0 88.187 71.815 20.429 88.860 71.752 20.334 88.830 64.986 24.689
3 0 88.830 64.986 24.689 88.158 65.052 24.790 88.187 71.815 20.429
3 0 87.609 72.017 20.732 88.187 71.815 20.429 88.158 65.052 24.790
3 0 88.158 65.052 24.790 87.584 65.251 25.101 87.609 72.017 20.732
3 0 82.095 78.285 15.709 82.647 78.521 16.035 82.661 71.937 20.623
3 0 82.661 71.937 20.623 82.104 71.717 20.295 82.095 78.285 15.709
3 0 81.431 78.188 15.581 82.095 78.285 15.709 82.104 71.717 20.295
3 0 82.104 71.717 20.295 81.438 71.632 20.170 81.431 78.188 15.581
3 0 80.757 78.245 15.671 81.431 78.188 15.581 81.438 71.632 20.170
3 0 81.438 71.632 20.170 80.765 71.695 20.266 80.757 78.245 15.671
3 0 80.174 78.447 15.964 80.757 78.245 15.671 80.765 71.695 20.266
3 0 80.765 71.695 20.266 80.188 71.897 20.569 80.174 78.447 15.964
3 0 79.772 78.763 16.416 80.174 78.447 15.964 80.188 71.897 20.569
3 0 80.188 71.897 20.569 79.793 72.207 21.032 79.772 78.763 16.416
3 0 79.612 79.146 16.959 79.772 78.763 16.416 79.793 72.207 21.032
3 0 79.793 72.207 21.032 79.641 72.577 21.585 79.612 79.146 16.959
3 0 79.717 79.536 17.509 79.612 79.146 16.959 79.641 72.577 21.585
3 0 79.641 72.577 21.585 79.756 72.952 22.144 79.717 79.536 17.509
3 0 80.073 79.875 17.983 79.717 79.536 17.509 79.756 72.952 22.144
3 0 79.756 72.952 22.144 80.120 73.274 22.624 80.073 79.875 17.983
3 0 80.625 80.111 18.308 80.073 79.875 17.983 80.120 73.274 22.624
3 0 80.120 73.274 22.624 80.677 73.494 22.951 80.625 80.111 18.308
3 0 81.289 80.208 18.436 80.625 80.111 18.308 80.677 73.494 22.951
3 0 80.677 73.494 22.951 81.343 73.579 23.077 81.289 80.208 18.436
3 0 81.964 80.151 18.346 81.289 80.208 18.436 81.343 73.579 23.077
3 0 81.343 73.579 23.077 82.016 73.516 22.981 81.964 80.151 18.346
3 0 82.546 79.949 18.053 81.964 80.151 18.346 82.016 73.516 22.981
3 0 82.016 73.516 22.981 82.594 73.314 22.678 82.546 79.949 18.053
3 0 84.578 71.757 20.350 84.568 78.359 15.780 85.119 78.595 16.105
3 0 85.119 78.595 16.105 85.135 71.977 20.678 84.578 71.757 20.350
3 0 83.913 71.672 20.225 83.904 78.262 15.652 84.568 78.359 15.780
3 0 84.568 78.359 15.780 84.578 71.757 20.350 83.913 71.672 20.225
3 0 83.239 71.735 20.320 83.229 78.319 15.741 83.904 78.262 15.652
3 0 83.904 78.262 15.652 83.913 71.672 20.225 83.239 71.735 20.320
3 0 82.661 71.937 20.623 82.647 78.521 16.035 83.229 78.319 15.741
3 0 83.229 78.319 15.741 83.239 71.735 20.320 82.661 71.937 20.623
3 0 83.151 73.534 23.006 83.098 80.185 18.379 82.546 79.949 18.053
3 0 82.546 79.949 18.053 82.594 73.314 22.678 83.151 73.534 23.006
3 0 83.817 73.619 23.131 83.762 80.281 18.507 83.098 80.185 18.379
3 0 83.098 80.185 18.379 83.151 73.534 23.006 83.817 73.619 23.131
3 0 84.490 73.556 23.035 84.436 80.225 18.417 83.762 80.281 18.507
3 0 83.762 80.281 18.507 83.817 73.619 23.131 84.490 73.556 23.035
3 0 85.068 73.354 22.733 85.019 80.023 18.124 84.436 80.225 18.417
3 0 84.436 80.225 18.417 84.490 73.556 23.035 85.068 73.354 22.733
3 0 87.051 71.796 20.404 87.039 78.433 15.850 87.591 78.668 16.176
3 0 87.591 78.668 16.176 87.609 72.017 20.732 87.051 71.796 20.404
3 0 86.386 71.712 20.279 86.376 78.336 15.723 87.039 78.433 15.850
3 0 87.039 78.433 15.850 87.051 71.796 20.404 86.386 71.712 20.279
3 0 85.713 71.775 20.375 85.701 78.393 15.812 86.376 78.336 15.723
3 0 86.376 78.336 15.723 86.386 71.712 20.279 85.713 71.775 20.375
3 0 85.135 71.977 20.678 85.119 78.595 16.105 85.701 78.393 15.812
3 0 85.701 78.393 15.812 85.713 71.775 20.375 85.135 71.977 20.678
3 0 85.624 73.574 23.060 85.570 80.258 18.450 85.019 80.023 18.124
3 0 85.019 80.023 18.124 85.068 73.354 22.733 85.624 73.574 23.060
3 0 86.290 73.659 23.186 86.234 80.355 18.577 85.570 80.258 18.450
3 0 85.570 80.258 18.450 85.624 73.574 23.060 86.290 73.659 23.186
3 0 86.963 73.596 23.090 86.908 80.298 18.488 86.234 80.355 18.577
3 0 86.234 80.355 18.577 86.290 73.659 23.186 86.963 73.596 23.090
3 0 87.541 73.394 22.787 87.491 80.096 18.195 86.908 80.298 18.488
3 0 86.908 80.298 18.488 86.963 73.596 23.090 87.541 73.394 22.787
3 0 88.043 80.332 18.520 87.491 80.096 18.195 87.541 73.394 22.787
3 0 87.541 73.394 22.787 88.098 73.614 23.115 88.043 80.332 18.520
3 0 88.707 80.429 18.648 88.043 80.332 18.520 88.098 73.614 23.115
3 0 88.098 73.614 23.115 88.764 73.699 23.240 88.707 80.429 18.648
3 0 89.381 80.372 18.559 88.707 80.429 18.648 88.764 73.699 23.240
3 0 88.764 73.699 23.240 89.437 73.636 23.144 89.381 80.372 18.559
3 0 89.964 80.170 18.265 89.381 80.372 18.559 89.437 73.636 23.144
3 0 89.437 73.636 23.144 90.015 73.434 22.842 89.964 80.170 18.265
3 0 90.366 79.854 17.813 89.964 80.170 18.265 90.015 73.434 22.842
3 0 90.015 73.434 22.842 90.410 73.124 22.379 90.366 79.854 17.813
3 0 90.526 79.472 17.271 90.366 79.854 17.813 90.410 73.124 22.379
3 0 90.410 73.124 22.379 90.561 72.754 21.825 90.526 79.472 17.271
3 0 90.420 79.081 16.721 90.526 79.472 17.271 90.561 72.754 21.825
3 0 90.561 72.754 21.825 90.446 72.379 21.266 90.420 79.081 16.721
3 0 90.064 78.742 16.247 90.420 79.081 16.721 90.446 72.379 21.266
3 0 90.446 72.379 21.266 90.083 72.057 20.787 90.064 78.742 16.247
3 0 89.512 78.506 15.921 90.064 78.742 16.247 90.083 72.057 20.787
3 0 90.083 72.057 20.787 89.525 71.836 20.459 89.512 78.506 15.921
3 0 88.849 78.410 15.793 89.512 78.506 15.921 89.525 71.836 20.459
3 0 89.525 71.836 20.459 88.860 71.752 20.334 88.849 78.410 15.793
3 0 88.174 78.466 15.883 88.849 78.410 15.793 88.860 71.752 20.334
3 0 88.860 71.752 20.334 88.187 71.815 20.429 88.174 78.466 15.883
3 0 87.591 78.668 16.176 88.174 78.466 15.883 88.187 71.815 20.429
3 0 88.187 71.815 20.429 87.609 72.017 20.732 87.591 78.668 16.176
3 0 82.035 84.339 11.263 82.580 84.591 11.587 82.647 78.521 16.035
3 0 82.647 78.521 16.035 82.095 78.285 15.709 82.035 84.339 11.263
3 0 81.374 84.228 11.132 82.035 84.339 11.263 82.095 78.285 15.709
3 0 82.095 78.285 15.709 81.431 78.188 15.581 81.374 84.228 11.132
3 0 80.698 84.276 11.215 81.374 84.228 11.132 81.431 78.188 15.581
3 0 81.431 78.188 15.581 80.757 78.245 15.671 80.698 84.276 11.215
3 0 80.110 84.475 11.500 80.698 84.276 11.215 80.757 78.245 15.671
3 0 80.757 78.245 15.671 80.174 78.447 15.964 80.110 84.475 11.500
3 0 79.699 84.794 11.942 80.110 84.475 11.500 80.174 78.447 15.964
3 0 80.174 78.447 15.964 79.772 78.763 16.416 79.699 84.794 11.942
3 0 79.528 85.185 12.475 79.699 84.794 11.942 79.772 78.763 16.416
3 0 79.772 78.763 16.416 79.612 79.146 16.959 79.528 85.185 12.475
3 0 79.624 85.589 13.018 79.528 85.185 12.475 79.612 79.146 16.959
3 0 79.612 79.146 16.959 79.717 79.536 17.509 79.624 85.589 13.018
3 0 79.971 85.944 13.487 79.624 85.589 13.018 79.717 79.536 17.509
3 0 79.717 79.536 17.509 80.073 79.875 17.983 79.971 85.944 13.487
3 0 80.516 86.195 13.812 79.971 85.944 13.487 80.073 79.875 17.983
3 0 80.073 79.875 17.983 80.625 80.111 18.308 80.516 86.195 13.812
3 0 81.177 86.306 13.942 80.516 86.195 13.812 80.625 80.111 18.308
3 0 80.625 80.111 18.308 81.289 80.208 18.436 81.177 86.306 13.942
3 0 81.853 86.258 13.859 81.177 86.306 13.942 81.289 80.208 18.436
3 0 81.289 80.208 18.436 81.964 80.151 18.346 81.853 86.258 13.859
3 0 82.441 86.059 13.574 81.853 86.258 13.859 81.964 80.151 18.346
3 0 81.964 80.151 18.346 82.546 79.949 18.053 82.441 86.059 13.574
3 0 84.568 78.359 15.780 84.505 84.455 11.350 85.051 84.706 11.675
3 0 85.051 84.706 11.675 85.119 78.595 16.105 84.568 78.359 15.780
3 0 83.904 78.262 15.652 83.844 84.344 11.219 84.505 84.455 11.350
3 0 84.505 84.455 11.350 84.568 78.359 15.780 83.904 78.262 15.652
3 0 83.229 78.319 15.741 83.168 84.392 11.303 83.844 84.344 11.219
3 0 83.844 84.344 11.219 83.904 78.262 15.652 83.229 78.319 15.741
3 0 82.647 78.521 16.035 82.580 84.591 11.587 83.168 84.392 11.303
3 0 83.168 84.392 11.303 83.229 78.319 15.741 82.647 78.521 16.035
3 0 83.098 80.185 18.379 82.987 86.311 13.899 82.441 86.059 13.574
3 0 82.441 86.059 13.574 82.546 79.949 18.053 83.098 80.185 18.379
3 0 83.762 80.281 18.507 83.648 86.421 14.029 82.987 86.311 13.899
3 0 82.987 86.311 13.899 83.098 80.185 18.379 83.762 80.281 18.507
3 0 84.436 80.225 18.417 84.324 86.374 13.946 83.648 86.421 14.029
3 0 83.648 86.421 14.029 83.762 80.281 18.507 84.436 80.225 18.417
3 0 85.019 80.023 18.124 84.912 86.175 13.661 84.324 86.374 13.946
3 0 84.324 86.374 13.946 84.436 80.225 18.417 85.019 80.023 18.124
3 0 87.039 78.433 15.850 86.975 84.570 11.437 87.521 84.822 11.762
3 0 87.521 84.822 11.762 87.591 78.668 16.176 87.039 78.433 15.850
3 0 86.376 78.336 15.723 86.314 84.460 11.307 86.975 84.570 11.437
3 0 86.975 84.570 11.437 87.039 78.433 15.850 86.376 78.336 15.723
3 0 85.701 78.393 15.812 85.638 84.508 11.390 86.314 84.460 11.307
3 0 86.314 84.460 11.307 86.376 78.336 15.723 85.701 78.393 15.812
3 0 85.119 78.595 16.105 85.051 84.706 11.675 85.638 84.508 11.390
3 0 85.638 84.508 11.390 85.701 78.393 15.812 85.119 78.595 16.105
3 0 85.570 80.258 18.450 85.457 86.427 13.986 84.912 86.175 13.661
3 0 84.912 86.175 13.661 85.019 80.023 18.124 85.570 80.258 18.450
3 0 86.234 80.355 18.577 86.118 86.537 14.117 85.457 86.427 13.986
3 0 85.457 86.427 13.986 85.570 80.258 18.450 86.234 80.355 18.577
3 0 86.908 80.298 18.488 86.794 86.489 14.033 86.118 86.537 14.117
3 0 86.118 86.537 14.117 86.234 80.355 18.577 86.908 80.298 18.488
3 0 87.491 80.096 18.195 87.382 86.291 13.749 86.794 86.489 14.033
3 0 86.794 86.489 14.033 86.908 80.298 18.488 87.491 80.096 18.195
3 0 87.927 86.542 14.073 87.382 86.291 13.749 87.491 80.096 18.195
3 0 87.491 80.096 18.195 88.043 80.332 18.520 87.927 86.542 14.073
3 0 88.588 86.653 14.204 87.927 86.542 14.073 88.043 80.332 18.520
3 0 88.043 80.332 18.520 88.707 80.429 18.648 88.588 86.653 14.204
3 0 89.264 86.605 14.121 88.588 86.653 14.204 88.707 80.429 18.648
3 0 88.707 80.429 18.648 89.381 80.372 18.559 89.264 86.605 14.121
3 0 89.852 86.406 13.836 89.264 86.605 14.121 89.381 80.372 18.559
3 0 89.381 80.372 18.559 89.964 80.170 18.265 89.852 86.406 13.836
3 0 90.263 86.087 13.394 89.852 86.406 13.836 89.964 80.170 18.265
3 0 89.964 80.170 18.265 90.366 79.854 17.813 90.263 86.087 13.394
3 0 90.434 85.696 12.861 90.263 86.087 13.394 90.366 79.854 17.813
3 0 90.366 79.854 17.813 90.526 79.472 17.271 90.434 85.696 12.861
3 0 90.338 85.292 12.318 90.434 85.696 12.861 90.526 79.472 17.271
3 0 90.526 79.472 17.271 90.420 79.081 16.721 90.338 85.292 12.318
3 0 89.991 84.938 11.849 90.338 85.292 12.318 90.420 79.081 16.721
3 0 90.420 79.081 16.721 90.064 78.742 16.247 89.991 84.938 11.849
3 0 89.446 84.686 11.524 89.991 84.938 11.849 90.064 78.742 16.247
3 0 90.064 78.742 16.247 89.512 78.506 15.921 89.446 84.686 11.524
3 0 88.785 84.576 11.394 89.446 84.686 11.524 89.512 78.506 15.921
3 0 89.512 78.506 15.921 88.849 78.410 15.793 88.785 84.576 11.394
3 0 88.109 84.623 11.477 88.785 84.576 11.394 88.849 78.410 15.793
3 0 88.849 78.410 15.793 88.174 78.466 15.883 88.109 84.623 11.477
3 0 87.521 84.822 11.762 88.109 84.623 11.477 88.174 78.466 15.883
3 0 88.174 78.466 15.883 87.591 78.668 16.176 87.521 84.822 11.762
3 0 81.894 90.694 6.390 82.432 90.962 6.714 82.580 84.591 11.587
3 0 82.580 84.591 11.587 82.035 84.339 11.263 81.894 90.694 6.390
3 0 81.237 90.568 6.257 81.894 90.694 6.390 82.035 84.339 11.263
3 0 82.035 84.339 11.263 81.374 84.228 11.132 81.237 90.568 6.257
3 0 80.559 90.604 6.334 81.237 90.568 6.257 81.374 84.228 11.132
3 0 81.374 84.228 11.132 80.698 84.276 11.215 80.559 90.604 6.334
3 0 79.965 90.796 6.610 80.559 90.604 6.334 80.698 84.276 11.215
3 0 80.698 84.276 11.215 80.110 84.475 11.500 79.965 90.796 6.610
3 0 79.545 91.115 7.043 79.965 90.796 6.610 80.110 84.475 11.500
3 0 80.110 84.475 11.500 79.699 84.794 11.942 79.545 91.115 7.043
3 0 79.362 91.513 7.568 79.545 91.115 7.043 79.699 84.794 11.942
3 0 79.699 84.794 11.942 79.528 85.185 12.475 79.362 91.513 7.568
3 0 79.445 91.928 8.103 79.362 91.513 7.568 79.528 85.185 12.475
3 0 79.528 85.185 12.475 79.624 85.589 13.018 79.445 91.928 8.103
3 0 79.781 92.298 8.568 79.445 91.928 8.103 79.624 85.589 13.018
3 0 79.624 85.589 13.018 79.971 85.944 13.487 79.781 92.298 8.568
3 0 80.319 92.567 8.892 79.781 92.298 8.568 79.971 85.944 13.487
3 0 79.971 85.944 13.487 80.516 86.195 13.812 80.319 92.567 8.892
3 0 80.977 92.692 9.026 80.319 92.567 8.892 80.516 86.195 13.812
3 0 80.516 86.195 13.812 81.177 86.306 13.942 80.977 92.692 9.026
3 0 81.654 92.656 8.949 80.977 92.692 9.026 81.177 86.306 13.942
3 0 81.177 86.306 13.942 81.853 86.258 13.859 81.654 92.656 8.949
3 0 82.248 92.464 8.672 81.654 92.656 8.949 81.853 86.258 13.859
3 0 81.853 86.258 13.859 82.441 86.059 13.574 82.248 92.464 8.672
3 0 84.505 84.455 11.350 84.362 90.860 6.494 84.899 91.128 6.818
3 0 84.899 91.128 6.818 85.051 84.706 11.675 84.505 84.455 11.350
3 0 83.844 84.344 11.219 83.704 90.734 6.361 84.362 90.860 6.494
3 0 84.362 90.860 6.494 84.505 84.455 11.350 83.844 84.344 11.219
3 0 83.168 84.392 11.303 83.026 90.770 6.438 83.704 90.734 6.361
3 0 83.704 90.734 6.361 83.844 84.344 11.219 83.168 84.392 11.303
3 0 82.580 84.591 11.587 82.432 90.962 6.714 83.026 90.770 6.438
3 0 83.026 90.770 6.438 83.168 84.392 11.303 82.580 84.591 11.587
3 0 82.987 86.311 13.899 82.786 92.733 8.996 82.248 92.464 8.672
3 0 82.248 92.464 8.672 82.441 86.059 13.574 82.987 86.311 13.899
3 0 83.648 86.421 14.029 83.444 92.858 9.130 82.786 92.733 8.996
3 0 82.786 92.733 8.996 82.987 86.311 13.899 83.648 86.421 14.029
3 0 84.324 86.374 13.946 84.122 92.822 9.053 83.444 92.858 9.130
3 0 83.444 92.858 9.130 83.648 86.421 14.029 84.324 86.374 13.946
3 0 84.912 86.175 13.661 84.716 92.630 8.776 84.122 92.822 9.053
3 0 84.122 92.822 9.053 84.324 86.374 13.946 84.912 86.175 13.661
3 0 86.975 84.570 11.437 86.828 91.026 6.598 87.366 91.294 6.922
3 0 87.366 91.294 6.922 87.521 84.822 11.762 86.975 84.570 11.437
3 0 86.314 84.460 11.307 86.170 90.900 6.465 86.828 91.026 6.598
3 0 86.828 91.026 6.598 86.975 84.570 11.437 86.314 84.460 11.307
3 0 85.638 84.508 11.390 85.493 90.936 6.542 86.170 90.900 6.465
3 0 86.170 90.900 6.465 86.314 84.460 11.307 85.638 84.508 11.390
3 0 85.051 84.706 11.675 84.899 91.128 6.818 85.493 90.936 6.542
3 0 85.493 90.936 6.542 85.638 84.508 11.390 85.051 84.706 11.675
3 0 85.457 86.427 13.986 85.253 92.898 9.100 84.716 92.630 8.776
3 0 84.716 92.630 8.776 84.912 86.175 13.661 85.457 86.427 13.986
3 0 86.118 86.537 14.117 85.910 93.024 9.234 85.253 92.898 9.100
3 0 85.253 92.898 9.100 85.457 86.427 13.986 86.118 86.537 14.117
3 0 86.794 86.489 14.033 86.588 92.988 9.157 85.910 93.024 9.234
3 0 85.910 93.024 9.234 86.118 86.537 14.117 86.794 86.489 14.033
3 0 87.382 86.291 13.749 87.182 92.796 8.880 86.588 92.988 9.157
3 0 86.588 92.988 9.157 86.794 86.489 14.033 87.382 86.291 13.749
3 0 87.720 93.064 9.204 87.182 92.796 8.880 87.382 86.291 13.749
3 0 87.382 86.291 13.749 87.927 86.542 14.073 87.720 93.064 9.204
3 0 88.378 93.190 9.338 87.720 93.064 9.204 87.927 86.542 14.073
3 0 87.927 86.542 14.073 88.588 86.653 14.204 88.378 93.190 9.338
3 0 89.055 93.154 9.261 88.378 93.190 9.338 88.588 86.653 14.204
3 0 88.588 86.653 14.204 89.264 86.605 14.121 89.055 93.154 9.261
3 0 89.649 92.962 8.984 89.055 93.154 9.261 89.264 86.605 14.121
3 0 89.264 86.605 14.121 89.852 86.406 13.836 89.649 92.962 8.984
3 0 90.070 92.643 8.551 89.649 92.962 8.984 89.852 86.406 13.836
3 0 89.852 86.406 13.836 90.263 86.087 13.394 90.070 92.643 8.551
3 0 90.252 92.245 8.027 90.070 92.643 8.551 90.263 86.087 13.394
3 0 90.263 86.087 13.394 90.434 85.696 12.861 90.252 92.245 8.027
3 0 90.169 91.830 7.491 90.252 92.245 8.027 90.434 85.696 12.861
3 0 90.434 85.696 12.861 90.338 85.292 12.318 90.169 91.830 7.491
3 0 89.833 91.460 7.026 90.169 91.830 7.491 90.338 85.292 12.318
3 0 90.338 85.292 12.318 89.991 84.938 11.849 89.833 91.460 7.026
3 0 89.295 91.191 6.702 89.833 91.460 7.026 89.991 84.938 11.849
3 0 89.991 84.938 11.849 89.446 84.686 11.524 89.295 91.191 6.702
3 0 88.637 91.066 6.569 89.295 91.191 6.702 89.446 84.686 11.524
3 0 89.446 84.686 11.524 88.785 84.576 11.394 88.637 91.066 6.569
3 0 87.960 91.102 6.646 88.637 91.066 6.569 88.785 84.576 11.394
3 0 88.785 84.576 11.394 88.109 84.623 11.477 87.960 91.102 6.646
3 0 87.366 91.294 6.922 87.960 91.102 6.646 88.109 84.623 11.477
3 0 88.109 84.623 11.477 87.521 84.822 11.762 87.366 91.294 6.922
3 0 81.664 96.955 1.405 82.193 97.241 1.729 82.432 90.962 6.714
3 0 82.432 90.962 6.714 81.894 90.694 6.390 81.664 96.955 1.405
3 0 81.010 96.812 1.268 81.664 96.955 1.405 81.894 90.694 6.390
3 0 81.894 90.694 6.390 81.237 90.568 6.257 81.010 96.812 1.268
3 0 80.332 96.834 1.339 81.010 96.812 1.268 81.237 90.568 6.257
3 0 81.237 90.568 6.257 80.559 90.604 6.334 80.332 96.834 1.339
3 0 79.731 97.017 1.608 80.332 96.834 1.339 80.559 90.604 6.334
3 0 80.559 90.604 6.334 79.965 90.796 6.610 79.731 97.017 1.608
3 0 79.300 97.333 2.032 79.731 97.017 1.608 79.965 90.796 6.610
3 0 79.965 90.796 6.610 79.545 91.115 7.043 79.300 97.333 2.032
3 0 79.104 97.734 2.549 79.300 97.333 2.032 79.545 91.115 7.043
3 0 79.545 91.115 7.043 79.362 91.513 7.568 79.104 97.734 2.549
3 0 79.173 98.160 3.078 79.104 97.734 2.549 79.362 91.513 7.568
3 0 79.362 91.513 7.568 79.445 91.928 8.103 79.173 98.160 3.078
3 0 79.497 98.545 3.540 79.173 98.160 3.078 79.445 91.928 8.103
3 0 79.445 91.928 8.103 79.781 92.298 8.568 79.497 98.545 3.540
3 0 80.025 98.830 3.864 79.497 98.545 3.540 79.781 92.298 8.568
3 0 79.781 92.298 8.568 80.319 92.567 8.892 80.025 98.830 3.864
3 0 80.679 98.973 4.001 80.025 98.830 3.864 80.319 92.567 8.892
3 0 80.319 92.567 8.892 80.977 92.692 9.026 80.679 98.973 4.001
3 0 81.358 98.952 3.930 80.679 98.973 4.001 80.977 92.692 9.026
3 0 80.977 92.692 9.026 81.654 92.656 8.949 81.358 98.952 3.930
3 0 81.958 98.769 3.662 81.358 98.952 3.930 81.654 92.656 8.949
3 0 81.654 92.656 8.949 82.248 92.464 8.672 81.958 98.769 3.662
3 0 84.362 90.860 6.494 84.126 97.180 1.526 84.654 97.465 1.850
3 0 84.654 97.465 1.850 84.899 91.128 6.818 84.362 90.860 6.494
3 0 83.704 90.734 6.361 83.472 97.037 1.389 84.126 97.180 1.526
3 0 84.126 97.180 1.526 84.362 90.860 6.494 83.704 90.734 6.361
3 0 83.026 90.770 6.438 82.793 97.058 1.460 83.472 97.037 1.389
3 0 83.472 97.037 1.389 83.704 90.734 6.361 83.026 90.770 6.438
3 0 82.432 90.962 6.714 82.193 97.241 1.729 82.793 97.058 1.460
3 0 82.793 97.058 1.460 83.026 90.770 6.438 82.432 90.962 6.714
3 0 82.786 92.733 8.996 82.487 99.055 3.986 81.958 98.769 3.662
3 0 81.958 98.769 3.662 82.248 92.464 8.672 82.786 92.733 8.996
3 0 83.444 92.858 9.130 83.141 99.198 4.122 82.487 99.055 3.986
3 0 82.487 99.055 3.986 82.786 92.733 8.996 83.444 92.858 9.130
3 0 84.122 92.822 9.053 83.820 99.176 4.051 83.141 99.198 4.122
3 0 83.141 99.198 4.122 83.444 92.858 9.130 84.122 92.822 9.053
3 0 84.716 92.630 8.776 84.420 98.993 3.783 83.820 99.176 4.051
3 0 83.820 99.176 4.051 84.122 92.822 9.053 84.716 92.630 8.776
3 0 86.828 91.026 6.598 86.587 97.404 1.647 87.115 97.689 1.971
3 0 87.115 97.689 1.971 87.366 91.294 6.922 86.828 91.026 6.598
3 0 86.170 90.900 6.465 85.933 97.261 1.510 86.587 97.404 1.647
3 0 86.587 97.404 1.647 86.828 91.026 6.598 86.170 90.900 6.465
3 0 85.493 90.936 6.542 85.254 97.282 1.582 85.933 97.261 1.510
3 0 85.933 97.261 1.510 86.170 90.900 6.465 85.493 90.936 6.542
3 0 84.899 91.128 6.818 84.654 97.465 1.850 85.254 97.282 1.582
3 0 85.254 97.282 1.582 85.493 90.936 6.542 84.899 91.128 6.818
3 0 85.253 92.898 9.100 84.948 99.279 4.107 84.420 98.993 3.783
3 0 84.420 98.993 3.783 84.716 92.630 8.776 85.253 92.898 9.100
3 0 85.910 93.024 9.234 85.602 99.422 4.243 84.948 99.279 4.107
3 0 84.948 99.279 4.107 85.253 92.898 9.100 85.910 93.024 9.234
3 0 86.588 92.988 9.157 86.280 99.400 4.172 85.602 99.422 4.243
3 0 85.602 99.422 4.243 85.910 93.024 9.234 86.588 92.988 9.157
3 0 87.182 92.796 8.880 86.881 99.217 3.904 86.280 99.400 4.172
3 0 86.280 99.400 4.172 86.588 92.988 9.157 87.182 92.796 8.880
3 0 87.410 99.503 4.228 86.881 99.217 3.904 87.182 92.796 8.880
3 0 87.182 92.796 8.880 87.720 93.064 9.204 87.410 99.503 4.228
3 0 88.063 99.646 4.365 87.410 99.503 4.228 87.720 93.064 9.204
3 0 87.720 93.064 9.204 88.378 93.190 9.338 88.063 99.646 4.365
3 0 88.742 99.625 4.293 88.063 99.646 4.365 88.378 93.190 9.338
3 0 88.378 93.190 9.338 89.055 93.154 9.261 88.742 99.625 4.293
3 0 89.343 99.442 4.025 88.742 99.625 4.293 89.055 93.154 9.261
3 0 89.055 93.154 9.261 89.649 92.962 8.984 89.343 99.442 4.025
3 0 89.774 99.126 3.600 89.343 99.442 4.025 89.649 92.962 8.984
3 0 89.649 92.962 8.984 90.070 92.643 8.551 89.774 99.126 3.600
3 0 89.970 98.724 3.084 89.774 99.126 3.600 90.070 92.643 8.551
3 0 90.070 92.643 8.551 90.252 92.245 8.027 89.970 98.724 3.084
3 0 89.901 98.299 2.554 89.970 98.724 3.084 90.252 92.245 8.027
3 0 90.252 92.245 8.027 90.169 91.830 7.491 89.901 98.299 2.554
3 0 89.577 97.914 2.092 89.901 98.299 2.554 90.169 91.830 7.491
3 0 90.169 91.830 7.491 89.833 91.460 7.026 89.577 97.914 2.092
3 0 89.048 97.628 1.768 89.577 97.914 2.092 89.833 91.460 7.026
3 0 89.833 91.460 7.026 89.295 91.191 6.702 89.048 97.628 1.768
3 0 88.395 97.485 1.632 89.048 97.628 1.768 89.295 91.191 6.702
3 0 89.295 91.191 6.702 88.637 91.066 6.569 88.395 97.485 1.632
3 0 87.716 97.507 1.703 88.395 97.485 1.632 88.637 91.066 6.569
3 0 88.637 91.066 6.569 87.960 91.102 6.646 87.716 97.507 1.703
3 0 87.115 97.689 1.971 87.716 97.507 1.703 87.960 91.102 6.646
3 0 87.960 91.102 6.646 87.366 91.294 6.922 87.115 97.689 1.971
3 0 81.327 103.129 -3.677 81.845 103.433 -3.353 82.193 97.241 1.729
3 0 82.193 97.241 1.729 81.664 96.955 1.405 81.327 103.129 -3.677
3 0 80.679 102.967 -3.817 81.327 103.129 -3.677 81.664 96.955 1.405
3 0 81.664 96.955 1.405 81.010 96.812 1.268 80.679 102.967 -3.817
3 0 79.999 102.971 -3.752 80.679 102.967 -3.817 81.010 96.812 1.268
3 0 81.010 96.812 1.268 80.332 96.834 1.339 79.999 102.971 -3.752
3 0 79.392 103.141 -3.491 79.999 102.971 -3.752 80.332 96.834 1.339
3 0 80.332 96.834 1.339 79.731 97.017 1.608 79.392 103.141 -3.491
3 0 78.949 103.452 -3.074 79.392 103.141 -3.491 79.731 97.017 1.608
3 0 79.731 97.017 1.608 79.300 97.333 2.032 78.949 103.452 -3.074
3 0 78.738 103.855 -2.565 78.949 103.452 -3.074 79.300 97.333 2.032
3 0 79.300 97.333 2.032 79.104 97.734 2.549 78.738 103.855 -2.565
3 0 78.791 104.289 -2.041 78.738 103.855 -2.565 79.104 97.734 2.549
3 0 79.104 97.734 2.549 79.173 98.160 3.078 78.791 104.289 -2.041
3 0 79.100 104.688 -1.582 78.791 104.289 -2.041 79.173 98.160 3.078
3 0 79.173 98.160 3.078 79.497 98.545 3.540 79.100 104.688 -1.582
3 0 79.618 104.993 -1.257 79.100 104.688 -1.582 79.497 98.545 3.540
3 0 79.497 98.545 3.540 80.025 98.830 3.864 79.618 104.993 -1.257
3 0 80.267 105.155 -1.117 79.618 104.993 -1.257 80.025 98.830 3.864
3 0 80.025 98.830 3.864 80.679 98.973 4.001 80.267 105.155 -1.117
3 0 80.946 105.150 -1.182 80.267 105.155 -1.117 80.679 98.973 4.001
3 0 80.679 98.973 4.001 81.358 98.952 3.930 80.946 105.150 -1.182
3 0 81.554 104.980 -1.443 80.946 105.150 -1.182 81.358 98.952 3.930
3 0 81.358 98.952 3.930 81.958 98.769 3.662 81.554 104.980 -1.443
3 0 84.126 97.180 1.526 83.781 103.420 -3.539 84.299 103.724 -3.214
3 0 84.299 103.724 -3.214 84.654 97.465 1.850 84.126 97.180 1.526
3 0 83.472 97.037 1.389 83.133 103.258 -3.679 83.781 103.420 -3.539
3 0 83.781 103.420 -3.539 84.126 97.180 1.526 83.472 97.037 1.389
3 0 82.793 97.058 1.460 82.453 103.263 -3.614 83.133 103.258 -3.679
3 0 83.133 103.258 -3.679 83.472 97.037 1.389 82.793 97.058 1.460
3 0 82.193 97.241 1.729 81.845 103.433 -3.353 82.453 103.263 -3.614
3 0 82.453 103.263 -3.614 82.793 97.058 1.460 82.193 97.241 1.729
3 0 82.487 99.055 3.986 82.072 105.284 -1.119 81.554 104.980 -1.443
3 0 81.554 104.980 -1.443 81.958 98.769 3.662 82.487 99.055 3.986
3 0 83.141 99.198 4.122 82.720 105.446 -0.978 82.072 105.284 -1.119
3 0 82.072 105.284 -1.119 82.487 99.055 3.986 83.141 99.198 4.122
3 0 83.820 99.176 4.051 83.400 105.442 -1.044 82.720 105.446 -0.978
3 0 82.720 105.446 -0.978 83.141 99.198 4.122 83.820 99.176 4.051
3 0 84.420 98.993 3.783 84.008 105.271 -1.305 83.400 105.442 -1.044
3 0 83.400 105.442 -1.044 83.820 99.176 4.051 84.420 98.993 3.783
3 0 86.587 97.404 1.647 86.234 103.712 -3.400 86.752 104.016 -3.076
3 0 86.752 104.016 -3.076 87.115 97.689 1.971 86.587 97.404 1.647
3 0 85.933 97.261 1.510 85.586 103.550 -3.540 86.234 103.712 -3.400
3 0 86.234 103.712 -3.400 86.587 97.404 1.647 85.933 97.261 1.510
3 0 85.254 97.282 1.582 84.906 103.554 -3.475 85.586 103.550 -3.540
3 0 85.586 103.550 -3.540 85.933 97.261 1.510 85.254 97.282 1.582
3 0 84.654 97.465 1.850 84.299 103.724 -3.214 84.906 103.554 -3.475
3 0 84.906 103.554 -3.475 85.254 97.282 1.582 84.654 97.465 1.850
3 0 84.948 99.279 4.107 84.525 105.575 -0.980 84.008 105.271 -1.305
3 0 84.008 105.271 -1.305 84.420 98.993 3.783 84.948 99.279 4.107
3 0 85.602 99.422 4.243 85.173 105.738 -0.840 84.525 105.575 -0.980
3 0 84.525 105.575 -0.980 84.948 99.279 4.107 85.602 99.422 4.243
3 0 86.280 99.400 4.172 85.853 105.733 -0.905 85.173 105.738 -0.840
3 0 85.173 105.738 -0.840 85.602 99.422 4.243 86.280 99.400 4.172
3 0 86.881 99.217 3.904 86.460 105.563 -1.166 85.853 105.733 -0.905
3 0 85.853 105.733 -0.905 86.280 99.400 4.172 86.881 99.217 3.904
3 0 86.979 105.867 -0.842 86.460 105.563 -1.166 86.881 99.217 3.904
3 0 86.881 99.217 3.904 87.410 99.503 4.228 86.979 105.867 -0.842
3 0 87.627 106.029 -0.702 86.979 105.867 -0.842 87.410 99.503 4.228
3 0 87.410 99.503 4.228 88.063 99.646 4.365 87.627 106.029 -0.702
3 0 88.307 106.025 -0.767 87.627 106.029 -0.702 88.063 99.646 4.365
3 0 88.063 99.646 4.365 88.742 99.625 4.293 88.307 106.025 -0.767
3 0 88.914 105.854 -1.028 88.307 106.025 -0.767 88.742 99.625 4.293
3 0 88.742 99.625 4.293 89.343 99.442 4.025 88.914 105.854 -1.028
3 0 89.357 105.544 -1.445 88.914 105.854 -1.028 89.343 99.442 4.025
3 0 89.343 99.442 4.025 89.774 99.126 3.600 89.357 105.544 -1.445
3 0 89.568 105.141 -1.954 89.357 105.544 -1.445 89.774 99.126 3.600
3 0 89.774 99.126 3.600 89.970 98.724 3.084 89.568 105.141 -1.954
3 0 89.515 104.707 -2.478 89.568 105.141 -1.954 89.970 98.724 3.084
3 0 89.970 98.724 3.084 89.901 98.299 2.554 89.515 104.707 -2.478
3 0 89.206 104.307 -2.937 89.515 104.707 -2.478 89.901 98.299 2.554
3 0 89.901 98.299 2.554 89.577 97.914 2.092 89.206 104.307 -2.937
3 0 88.688 104.003 -3.262 89.206 104.307 -2.937 89.577 97.914 2.092
3 0 89.577 97.914 2.092 89.048 97.628 1.768 88.688 104.003 -3.262
3 0 88.039 103.841 -3.402 88.688 104.003 -3.262 89.048 97.628 1.768
3 0 89.048 97.628 1.768 88.395 97.485 1.632 88.039 103.841 -3.402
3 0 87.360 103.846 -3.337 88.039 103.841 -3.402 88.395 97.485 1.632
3 0 88.395 97.485 1.632 87.716 97.507 1.703 87.360 103.846 -3.337
3 0 86.752 104.016 -3.076 87.360 103.846 -3.337 87.716 97.507 1.703
3 0 87.716 97.507 1.703 87.115 97.689 1.971 86.752 104.016 -3.076
3 0 80.864 109.219 -8.843 81.370 109.543 -8.518 81.845 103.433 -3.353
3 0 81.845 103.433 -3.353 81.327 103.129 -3.677 80.864 109.219 -8.843
3 0 80.222 109.036 -8.987 80.864 109.219 -8.843 81.327 103.129 -3.677
3 0 81.327 103.129 -3.677 80.679 102.967 -3.817 80.222 109.036 -8.987
3 0 79.542 109.021 -8.927 80.222 109.036 -8.987 80.679 102.967 -3.817
3 0 80.679 102.967 -3.817 79.999 102.971 -3.752 79.542 109.021 -8.927
3 0 78.928 109.175 -8.673 79.542 109.021 -8.927 79.999 102.971 -3.752
3 0 79.999 102.971 -3.752 79.392 103.141 -3.491 78.928 109.175 -8.673
3 0 78.472 109.477 -8.264 78.928 109.175 -8.673 79.392 103.141 -3.491
3 0 79.392 103.141 -3.491 78.949 103.452 -3.074 78.472 109.477 -8.264
3 0 78.244 109.879 -7.761 78.472 109.477 -8.264 78.949 103.452 -3.074
3 0 78.949 103.452 -3.074 78.738 103.855 -2.565 78.244 109.879 -7.761
3 0 78.280 110.320 -7.242 78.244 109.879 -7.761 78.738 103.855 -2.565
3 0 78.738 103.855 -2.565 78.791 104.289 -2.041 78.280 110.320 -7.242
3 0 78.573 110.734 -6.784 78.280 110.320 -7.242 78.791 104.289 -2.041
3 0 78.791 104.289 -2.041 79.100 104.688 -1.582 78.573 110.734 -6.784
3 0 79.078 111.057 -6.459 78.573 110.734 -6.784 79.100 104.688 -1.582
3 0 79.100 104.688 -1.582 79.618 104.993 -1.257 79.078 111.057 -6.459
3 0 79.720 111.241 -6.315 79.078 111.057 -6.459 79.618 104.993 -1.257
3 0 79.618 104.993 -1.257 80.267 105.155 -1.117 79.720 111.241 -6.315
3 0 80.400 111.256 -6.375 79.720 111.241 -6.315 80.267 105.155 -1.117
3 0 80.267 105.155 -1.117 80.946 105.150 -1.182 80.400 111.256 -6.375
3 0 81.015 111.102 -6.629 80.400 111.256 -6.375 80.946 105.150 -1.182
3 0 80.946 105.150 -1.182 81.554 104.980 -1.443 81.015 111.102 -6.629
3 0 83.781 103.420 -3.539 83.307 109.587 -8.687 83.813 109.910 -8.362
3 0 83.813 109.910 -8.362 84.299 103.724 -3.214 83.781 103.420 -3.539
3 0 83.133 103.258 -3.679 82.665 109.404 -8.831 83.307 109.587 -8.687
3 0 83.307 109.587 -8.687 83.781 103.420 -3.539 83.133 103.258 -3.679
3 0 82.453 103.263 -3.614 81.985 109.388 -8.771 82.665 109.404 -8.831
3 0 82.665 109.404 -8.831 83.133 103.258 -3.679 82.453 103.263 -3.614
3 0 81.845 103.433 -3.353 81.370 109.543 -8.518 81.985 109.388 -8.771
3 0 81.985 109.388 -8.771 82.453 103.263 -3.614 81.845 103.433 -3.353
3 0 82.072 105.284 -1.119 81.521 111.425 -6.303 81.015 111.102 -6.629
3 0 81.015 111.102 -6.629 81.554 104.980 -1.443 82.072 105.284 -1.119
3 0 82.720 105.446 -0.978 82.163 111.608 -6.159 81.521 111.425 -6.303
3 0 81.521 111.425 -6.303 82.072 105.284 -1.119 82.720 105.446 -0.978
3 0 83.400 105.442 -1.044 82.843 111.624 -6.219 82.163 111.608 -6.159
3 0 82.163 111.608 -6.159 82.720 105.446 -0.978 83.400 105.442 -1.044
3 0 84.008 105.271 -1.305 83.458 111.469 -6.473 82.843 111.624 -6.219
3 0 82.843 111.624 -6.219 83.400 105.442 -1.044 84.008 105.271 -1.305
3 0 86.234 103.712 -3.400 85.748 109.954 -8.531 86.254 110.277 -8.206
3 0 86.254 110.277 -8.206 86.752 104.016 -3.076 86.234 103.712 -3.400
3 0 85.586 103.550 -3.540 85.107 109.771 -8.675 85.748 109.954 -8.531
3 0 85.748 109.954 -8.531 86.234 103.712 -3.400 85.586 103.550 -3.540
3 0 84.906 103.554 -3.475 84.426 109.755 -8.616 85.107 109.771 -8.675
3 0 85.107 109.771 -8.675 85.586 103.550 -3.540 84.906 103.554 -3.475
3 0 84.299 103.724 -3.214 83.813 109.910 -8.362 84.426 109.755 -8.616
3 0 84.426 109.755 -8.616 84.906 103.554 -3.475 84.299 103.724 -3.214
3 0 84.525 105.575 -0.980 83.963 111.792 -6.147 83.458 111.469 -6.473
3 0 83.458 111.469 -6.473 84.008 105.271 -1.305 84.525 105.575 -0.980
3 0 85.173 105.738 -0.840 84.604 111.975 -6.004 83.963 111.792 -6.147
3 0 83.963 111.792 -6.147 84.525 105.575 -0.980 85.173 105.738 -0.840
3 0 85.853 105.733 -0.905 85.285 111.991 -6.063 84.604 111.975 -6.004
3 0 84.604 111.975 -6.004 85.173 105.738 -0.840 85.853 105.733 -0.905
3 0 86.460 105.563 -1.166 85.899 111.836 -6.317 85.285 111.991 -6.063
3 0 85.285 111.991 -6.063 85.853 105.733 -0.905 86.460 105.563 -1.166
3 0 86.405 112.159 -5.992 85.899 111.836 -6.317 86.460 105.563 -1.166
3 0 86.460 105.563 -1.166 86.979 105.867 -0.842 86.405 112.159 -5.992
3 0 87.047 112.343 -5.848 86.405 112.159 -5.992 86.979 105.867 -0.842
3 0 86.979 105.867 -0.842 87.627 106.029 -0.702 87.047 112.343 -5.848
3 0 87.727 112.358 -5.907 87.047 112.343 -5.848 87.627 106.029 -0.702
3 0 87.627 106.029 -0.702 88.307 106.025 -0.767 87.727 112.358 -5.907
3 0 88.342 112.204 -6.161 87.727 112.358 -5.907 88.307 106.025 -0.767
3 0 88.307 106.025 -0.767 88.914 105.854 -1.028 88.342 112.204 -6.161
3 0 88.798 111.902 -6.571 88.342 112.204 -6.161 88.914 105.854 -1.028
3 0 88.914 105.854 -1.028 89.357 105.544 -1.445 88.798 111.902 -6.571
3 0 89.025 111.500 -7.073 88.798 111.902 -6.571 89.357 105.544 -1.445
3 0 89.357 105.544 -1.445 89.568 105.141 -1.954 89.025 111.500 -7.073
3 0 88.990 111.059 -7.593 89.025 111.500 -7.073 89.568 105.141 -1.954
3 0 89.568 105.141 -1.954 89.515 104.707 -2.478 88.990 111.059 -7.593
3 0 88.697 110.645 -8.050 88.990 111.059 -7.593 89.515 104.707 -2.478
3 0 89.515 104.707 -2.478 89.206 104.307 -2.937 88.697 110.645 -8.050
3 0 88.191 110.321 -8.376 88.697 110.645 -8.050 89.206 104.307 -2.937
3 0 89.206 104.307 -2.937 88.688 104.003 -3.262 88.191 110.321 -8.376
3 0 87.549 110.138 -8.519 88.191 110.321 -8.376 88.688 104.003 -3.262
3 0 88.688 104.003 -3.262 88.039 103.841 -3.402 87.549 110.138 -8.519
3 0 86.869 110.123 -8.460 87.549 110.138 -8.519 88.039 103.841 -3.402
3 0 88.039 103.841 -3.402 87.360 103.846 -3.337 86.869 110.123 -8.460
3 0 86.254 110.277 -8.206 86.869 110.123 -8.460 87.360 103.846 -3.337
3 0 87.360 103.846 -3.337 86.752 104.016 -3.076 86.254 110.277 -8.206
3 0 80.258 115.231 -14.078 80.750 115.574 -13.751 81.370 109.543 -8.518
3 0 81.370 109.543 -8.518 80.864 109.219 -8.843 80.258 115.231 -14.078
3 0 79.624 115.024 -14.225 80.258 115.231 -14.078 80.864 109.219 -8.843
3 0 80.864 109.219 -8.843 80.222 109.036 -8.987 79.624 115.024 -14.225
3 0 78.945 114.986 -14.171 79.624 115.024 -14.225 80.222 109.036 -8.987
3 0 80.222 109.036 -8.987 79.542 109.021 -8.927 78.945 114.986 -14.171
3 0 78.323 115.121 -13.924 78.945 114.986 -14.171 79.542 109.021 -8.927
3 0 79.542 109.021 -8.927 78.928 109.175 -8.673 78.323 115.121 -13.924
3 0 77.854 115.411 -13.521 78.323 115.121 -13.924 78.928 109.175 -8.673
3 0 78.928 109.175 -8.673 78.472 109.477 -8.264 77.854 115.411 -13.521
3 0 77.608 115.809 -13.024 77.854 115.411 -13.521 78.472 109.477 -8.264
3 0 78.472 109.477 -8.264 78.244 109.879 -7.761 77.608 115.809 -13.024
3 0 77.624 116.257 -12.509 77.608 115.809 -13.024 78.244 109.879 -7.761
3 0 78.244 109.879 -7.761 78.280 110.320 -7.242 77.624 116.257 -12.509
3 0 77.898 116.685 -12.053 77.624 116.257 -12.509 78.280 110.320 -7.242
3 0 78.280 110.320 -7.242 78.573 110.734 -6.784 77.898 116.685 -12.053
3 0 78.390 117.028 -11.727 77.898 116.685 -12.053 78.573 110.734 -6.784
3 0 78.573 110.734 -6.784 79.078 111.057 -6.459 78.390 117.028 -11.727
3 0 79.024 117.235 -11.579 78.390 117.028 -11.727 79.078 111.057 -6.459
3 0 79.078 111.057 -6.459 79.720 111.241 -6.315 79.024 117.235 -11.579
3 0 79.703 117.273 -11.633 79.024 117.235 -11.579 79.720 111.241 -6.315
3 0 79.720 111.241 -6.315 80.400 111.256 -6.375 79.703 117.273 -11.633
3 0 80.325 117.137 -11.880 79.703 117.273 -11.633 80.400 111.256 -6.375
3 0 80.400 111.256 -6.375 81.015 111.102 -6.629 80.325 117.137 -11.880
3 0 83.307 109.587 -8.687 82.685 115.684 -13.905 83.177 116.027 -13.579
3 0 83.177 116.027 -13.579 83.813 109.910 -8.362 83.307 109.587 -8.687
3 0 82.665 109.404 -8.831 82.051 115.477 -14.053 82.685 115.684 -13.905
3 0 82.685 115.684 -13.905 83.307 109.587 -8.687 82.665 109.404 -8.831
3 0 81.985 109.388 -8.771 81.372 115.439 -13.999 82.051 115.477 -14.053
3 0 82.051 115.477 -14.053 82.665 109.404 -8.831 81.985 109.388 -8.771
3 0 81.370 109.543 -8.518 80.750 115.574 -13.751 81.372 115.439 -13.999
3 0 81.372 115.439 -13.999 81.985 109.388 -8.771 81.370 109.543 -8.518
3 0 81.521 111.425 -6.303 80.817 117.481 -11.554 80.325 117.137 -11.880
3 0 80.325 117.137 -11.880 81.015 111.102 -6.629 81.521 111.425 -6.303
3 0 82.163 111.608 -6.159 81.451 117.688 -11.407 80.817 117.481 -11.554
3 0 80.817 117.481 -11.554 81.521 111.425 -6.303 82.163 111.608 -6.159
3 0 82.843 111.624 -6.219 82.130 117.726 -11.461 81.451 117.688 -11.407
3 0 81.451 117.688 -11.407 82.163 111.608 -6.159 82.843 111.624 -6.219
3 0 83.458 111.469 -6.473 82.752 117.590 -11.708 82.130 117.726 -11.461
3 0 82.130 117.726 -11.461 82.843 111.624 -6.219 83.458 111.469 -6.473
3 0 85.748 109.954 -8.531 85.111 116.136 -13.733 85.603 116.480 -13.406
3 0 85.603 116.480 -13.406 86.254 110.277 -8.206 85.748 109.954 -8.531
3 0 85.107 109.771 -8.675 84.478 115.930 -13.880 85.111 116.136 -13.733
3 0 85.111 116.136 -13.733 85.748 109.954 -8.531 85.107 109.771 -8.675
3 0 84.426 109.755 -8.616 83.798 115.891 -13.826 84.478 115.930 -13.880
3 0 84.478 115.930 -13.880 85.107 109.771 -8.675 84.426 109.755 -8.616
3 0 83.813 109.910 -8.362 83.177 116.027 -13.579 83.798 115.891 -13.826
3 0 83.798 115.891 -13.826 84.426 109.755 -8.616 83.813 109.910 -8.362
3 0 83.963 111.792 -6.147 83.243 117.934 -11.381 82.752 117.590 -11.708
3 0 82.752 117.590 -11.708 83.458 111.469 -6.473 83.963 111.792 -6.147
3 0 84.604 111.975 -6.004 83.877 118.140 -11.234 83.243 117.934 -11.381
3 0 83.243 117.934 -11.381 83.963 111.792 -6.147 84.604 111.975 -6.004
3 0 85.285 111.991 -6.063 84.556 118.179 -11.288 83.877 118.140 -11.234
3 0 83.877 118.140 -11.234 84.604 111.975 -6.004 85.285 111.991 -6.063
3 0 85.899 111.836 -6.317 85.178 118.043 -11.535 84.556 118.179 -11.288
3 0 84.556 118.179 -11.288 85.285 111.991 -6.063 85.899 111.836 -6.317
3 0 85.670 118.387 -11.209 85.178 118.043 -11.535 85.899 111.836 -6.317
3 0 85.899 111.836 -6.317 86.405 112.159 -5.992 85.670 118.387 -11.209
3 0 86.304 118.593 -11.061 85.670 118.387 -11.209 86.405 112.159 -5.992
3 0 86.405 112.159 -5.992 87.047 112.343 -5.848 86.304 118.593 -11.061
3 0 86.984 118.632 -11.115 86.304 118.593 -11.061 87.047 112.343 -5.848
3 0 87.047 112.343 -5.848 87.727 112.358 -5.907 86.984 118.632 -11.115
3 0 87.605 118.496 -11.363 86.984 118.632 -11.115 87.727 112.358 -5.907
3 0 87.727 112.358 -5.907 88.342 112.204 -6.161 87.605 118.496 -11.363
3 0 88.075 118.207 -11.765 87.605 118.496 -11.363 88.342 112.204 -6.161
3 0 88.342 112.204 -6.161 88.798 111.902 -6.571 88.075 118.207 -11.765
3 0 88.320 117.808 -12.262 88.075 118.207 -11.765 88.798 111.902 -6.571
3 0 88.798 111.902 -6.571 89.025 111.500 -7.073 88.320 117.808 -12.262
3 0 88.305 117.361 -12.778 88.320 117.808 -12.262 89.025 111.500 -7.073
3 0 89.025 111.500 -7.073 88.990 111.059 -7.593 88.305 117.361 -12.778
3 0 88.030 116.933 -13.234 88.305 117.361 -12.778 88.990 111.059 -7.593
3 0 88.990 111.059 -7.593 88.697 110.645 -8.050 88.030 116.933 -13.234
3 0 87.539 116.589 -13.560 88.030 116.933 -13.234 88.697 110.645 -8.050
3 0 88.697 110.645 -8.050 88.191 110.321 -8.376 87.539 116.589 -13.560
3 0 86.905 116.383 -13.708 87.539 116.589 -13.560 88.191 110.321 -8.376
3 0 88.191 110.321 -8.376 87.549 110.138 -8.519 86.905 116.383 -13.708
3 0 86.225 116.344 -13.654 86.905 116.383 -13.708 87.549 110.138 -8.519
3 0 87.549 110.138 -8.519 86.869 110.123 -8.460 86.225 116.344 -13.654
3 0 85.603 116.480 -13.406 86.225 116.344 -13.654 86.869 110.123 -8.460
3 0 86.869 110.123 -8.460 86.254 110.277 -8.206 85.603 116.480 -13.406
3 0 79.482 121.163 -19.372 79.957 121.527 -19.044 80.750 115.574 -13.751
3 0 80.750 115.574 -13.751 80.258 115.231 -14.078 79.482 121.163 -19.372
3 0 78.858 120.930 -19.523 79.482 121.163 -19.372 80.258 115.231 -14.078
3 0 80.258 115.231 -14.078 79.624 115.024 -14.225 78.858 120.930 -19.523
3 0 78.180 120.866 -19.474 78.858 120.930 -19.523 79.624 115.024 -14.225
3 0 79.624 115.024 -14.225 78.945 114.986 -14.171 78.180 120.866 -19.474
3 0 77.551 120.979 -19.232 78.180 120.866 -19.474 78.945 114.986 -14.171
3 0 78.945 114.986 -14.171 78.323 115.121 -13.924 77.551 120.979 -19.232
3 0 77.067 121.253 -18.836 77.551 120.979 -19.232 78.323 115.121 -13.924
3 0 78.323 115.121 -13.924 77.854 115.411 -13.521 77.067 121.253 -18.836
3 0 76.803 121.645 -18.343 77.067 121.253 -18.836 77.854 115.411 -13.521
3 0 77.854 115.411 -13.521 77.608 115.809 -13.024 76.803 121.645 -18.343
3 0 76.797 122.096 -17.831 76.803 121.645 -18.343 77.608 115.809 -13.024
3 0 77.608 115.809 -13.024 77.624 116.257 -12.509 76.797 122.096 -17.831
3 0 77.051 122.538 -17.377 76.797 122.096 -17.831 77.624 116.257 -12.509
3 0 77.624 116.257 -12.509 77.898 116.685 -12.053 77.051 122.538 -17.377
3 0 77.526 122.903 -17.049 77.051 122.538 -17.377 77.898 116.685 -12.053
3 0 77.898 116.685 -12.053 78.390 117.028 -11.727 77.526 122.903 -17.049
3 0 78.150 123.135 -16.898 77.526 122.903 -17.049 78.390 117.028 -11.727
3 0 78.390 117.028 -11.727 79.024 117.235 -11.579 78.150 123.135 -16.898
3 0 78.828 123.199 -16.947 78.150 123.135 -16.898 79.024 117.235 -11.579
3 0 79.024 117.235 -11.579 79.703 117.273 -11.633 78.828 123.199 -16.947
3 0 79.457 123.086 -17.188 78.828 123.199 -16.947 79.703 117.273 -11.633
3 0 79.703 117.273 -11.633 80.325 117.137 -11.880 79.457 123.086 -17.188
3 0 82.685 115.684 -13.905 81.888 121.711 -19.183 82.363 122.075 -18.856
3 0 82.363 122.075 -18.856 83.177 116.027 -13.579 82.685 115.684 -13.905
3 0 82.051 115.477 -14.053 81.264 121.479 -19.334 81.888 121.711 -19.183
3 0 81.888 121.711 -19.183 82.685 115.684 -13.905 82.051 115.477 -14.053
3 0 81.372 115.439 -13.999 80.586 121.414 -19.285 81.264 121.479 -19.334
3 0 81.264 121.479 -19.334 82.051 115.477 -14.053 81.372 115.439 -13.999
3 0 80.750 115.574 -13.751 79.957 121.527 -19.044 80.586 121.414 -19.285
3 0 80.586 121.414 -19.285 81.372 115.439 -13.999 80.750 115.574 -13.751
3 0 80.817 117.481 -11.554 79.932 123.451 -16.860 79.457 123.086 -17.188
3 0 79.457 123.086 -17.188 80.325 117.137 -11.880 80.817 117.481 -11.554
3 0 81.451 117.688 -11.407 80.556 123.683 -16.710 79.932 123.451 -16.860
3 0 79.932 123.451 -16.860 80.817 117.481 -11.554 81.451 117.688 -11.407
3 0 82.130 117.726 -11.461 81.234 123.748 -16.759 80.556 123.683 -16.710
3 0 80.556 123.683 -16.710 81.451 117.688 -11.407 82.130 117.726 -11.461
3 0 82.752 117.590 -11.708 81.863 123.634 -17.000 81.234 123.748 -16.759
3 0 81.234 123.748 -16.759 82.130 117.726 -11.461 82.752 117.590 -11.708
3 0 85.111 116.136 -13.733 84.293 122.259 -18.995 84.768 122.623 -18.667
3 0 84.768 122.623 -18.667 85.603 116.480 -13.406 85.111 116.136 -13.733
3 0 84.478 115.930 -13.880 83.669 122.026 -19.146 84.293 122.259 -18.995
3 0 84.293 122.259 -18.995 85.111 116.136 -13.733 84.478 115.930 -13.880
3 0 83.798 115.891 -13.826 82.991 121.962 -19.097 83.669 122.026 -19.146
3 0 83.669 122.026 -19.146 84.478 115.930 -13.880 83.798 115.891 -13.826
3 0 83.177 116.027 -13.579 82.363 122.075 -18.856 82.991 121.962 -19.097
3 0 82.991 121.962 -19.097 83.798 115.891 -13.826 83.177 116.027 -13.579
3 0 83.243 117.934 -11.381 82.337 123.999 -16.672 81.863 123.634 -17.000
3 0 81.863 123.634 -17.000 82.752 117.590 -11.708 83.243 117.934 -11.381
3 0 83.877 118.140 -11.234 82.961 124.231 -16.521 82.337 123.999 -16.672
3 0 82.337 123.999 -16.672 83.243 117.934 -11.381 83.877 118.140 -11.234
3 0 84.556 118.179 -11.288 83.639 124.296 -16.570 82.961 124.231 -16.521
3 0 82.961 124.231 -16.521 83.877 118.140 -11.234 84.556 118.179 -11.288
3 0 85.178 118.043 -11.535 84.268 124.182 -16.812 83.639 124.296 -16.570
3 0 83.639 124.296 -16.570 84.556 118.179 -11.288 85.178 118.043 -11.535
3 0 84.743 124.547 -16.484 84.268 124.182 -16.812 85.178 118.043 -11.535
3 0 85.178 118.043 -11.535 85.670 118.387 -11.209 84.743 124.547 -16.484
3 0 85.367 124.779 -16.333 84.743 124.547 -16.484 85.670 118.387 -11.209
3 0 85.670 118.387 -11.209 86.304 118.593 -11.061 85.367 124.779 -16.333
3 0 86.045 124.844 -16.382 85.367 124.779 -16.333 86.304 118.593 -11.061
3 0 86.304 118.593 -11.061 86.984 118.632 -11.115 86.045 124.844 -16.382
3 0 86.674 124.730 -16.623 86.045 124.844 -16.382 86.984 118.632 -11.115
3 0 86.984 118.632 -11.115 87.605 118.496 -11.363 86.674 124.730 -16.623
3 0 87.158 124.457 -17.020 86.674 124.730 -16.623 87.605 118.496 -11.363
3 0 87.605 118.496 -11.363 88.075 118.207 -11.765 87.158 124.457 -17.020
3 0 87.423 124.065 -17.512 87.158 124.457 -17.020 88.075 118.207 -11.765
3 0 88.075 118.207 -11.765 88.320 117.808 -12.262 87.423 124.065 -17.512
3 0 87.429 123.613 -18.024 87.423 124.065 -17.512 88.320 117.808 -12.262
3 0 88.320 117.808 -12.262 88.305 117.361 -12.778 87.429 123.613 -18.024
3 0 87.175 123.172 -18.479 87.429 123.613 -18.024 88.305 117.361 -12.778
3 0 88.305 117.361 -12.778 88.030 116.933 -13.234 87.175 123.172 -18.479
3 0 86.699 122.807 -18.807 87.175 123.172 -18.479 88.030 116.933 -13.234
3 0 88.030 116.933 -13.234 87.539 116.589 -13.560 86.699 122.807 -18.807
3 0 86.075 122.575 -18.957 86.699 122.807 -18.807 87.539 116.589 -13.560
3 0 87.539 116.589 -13.560 86.905 116.383 -13.708 86.075 122.575 -18.957
3 0 85.397 122.510 -18.909 86.075 122.575 -18.957 86.905 116.383 -13.708
3 0 86.905 116.383 -13.708 86.225 116.344 -13.654 85.397 122.510 -18.909
3 0 84.768 122.623 -18.667 85.397 122.510 -18.909 86.225 116.344 -13.654
3 0 86.225 116.344 -13.654 85.603 116.480 -13.406 84.768 122.623 -18.667
3 0 78.514 127.015 -24.710 78.970 127.402 -24.381 79.957 121.527 -19.044
3 0 79.957 121.527 -19.044 79.482 121.163 -19.372 78.514 127.015 -24.710
3 0 77.902 126.754 -24.864 78.514 127.015 -24.710 79.482 121.163 -19.372
3 0 79.482 121.163 -19.372 78.858 120.930 -19.523 77.902 126.754 -24.864
3 0 77.227 126.660 -24.819 77.902 126.754 -24.864 78.858 120.930 -19.523
3 0 78.858 120.930 -19.523 78.180 120.866 -19.474 77.227 126.660 -24.819
3 0 76.592 126.747 -24.583 77.227 126.660 -24.819 78.180 120.866 -19.474
3 0 78.180 120.866 -19.474 77.551 120.979 -19.232 76.592 126.747 -24.583
3 0 76.094 127.001 -24.191 76.592 126.747 -24.583 77.551 120.979 -19.232
3 0 77.551 120.979 -19.232 77.067 121.253 -18.836 76.094 127.001 -24.191
3 0 75.809 127.384 -23.703 76.094 127.001 -24.191 77.067 121.253 -18.836
3 0 77.067 121.253 -18.836 76.803 121.645 -18.343 75.809 127.384 -23.703
3 0 75.779 127.837 -23.193 75.809 127.384 -23.703 76.803 121.645 -18.343
3 0 76.803 121.645 -18.343 76.797 122.096 -17.831 75.779 127.837 -23.193
3 0 76.010 128.292 -22.739 75.779 127.837 -23.193 76.797 122.096 -17.831
3 0 76.797 122.096 -17.831 77.051 122.538 -17.377 76.010 128.292 -22.739
3 0 76.466 128.679 -22.410 76.010 128.292 -22.739 77.051 122.538 -17.377
3 0 77.051 122.538 -17.377 77.526 122.903 -17.049 76.466 128.679 -22.410
3 0 77.079 128.939 -22.256 76.466 128.679 -22.410 77.526 122.903 -17.049
3 0 77.526 122.903 -17.049 78.150 123.135 -16.898 77.079 128.939 -22.256
3 0 77.753 129.033 -22.301 77.079 128.939 -22.256 78.150 123.135 -16.898
3 0 78.150 123.135 -16.898 78.828 123.199 -16.947 77.753 129.033 -22.301
3 0 78.388 128.947 -22.537 77.753 129.033 -22.301 78.828 123.199 -16.947
3 0 78.828 123.199 -16.947 79.457 123.086 -17.188 78.388 128.947 -22.537
3 0 81.888 121.711 -19.183 80.892 127.669 -24.508 81.348 128.057 -24.179
3 0 81.348 128.057 -24.179 82.363 122.075 -18.856 81.888 121.711 -19.183
3 0 81.264 121.479 -19.334 80.280 127.409 -24.662 80.892 127.669 -24.508
3 0 80.892 127.669 -24.508 81.888 121.711 -19.183 81.264 121.479 -19.334
3 0 80.586 121.414 -19.285 79.605 127.315 -24.617 80.280 127.409 -24.662
3 0 80.280 127.409 -24.662 81.264 121.479 -19.334 80.586 121.414 -19.285
3 0 79.957 121.527 -19.044 78.970 127.402 -24.381 79.605 127.315 -24.617
3 0 79.605 127.315 -24.617 80.586 121.414 -19.285 79.957 121.527 -19.044
3 0 79.932 123.451 -16.860 78.845 129.334 -22.208 78.388 128.947 -22.537
3 0 78.388 128.947 -22.537 79.457 123.086 -17.188 79.932 123.451 -16.860
3 0 80.556 123.683 -16.710 79.457 129.594 -22.054 78.845 129.334 -22.208
3 0 78.845 129.334 -22.208 79.932 123.451 -16.860 80.556 123.683 -16.710
3 0 81.234 123.748 -16.759 80.132 129.688 -22.099 79.457 129.594 -22.054
3 0 79.457 129.594 -22.054 80.556 123.683 -16.710 81.234 123.748 -16.759
3 0 81.863 123.634 -17.000 80.766 129.601 -22.335 80.132 129.688 -22.099
3 0 80.132 129.688 -22.099 81.234 123.748 -16.759 81.863 123.634 -17.000
3 0 84.293 122.259 -18.995 83.269 128.324 -24.306 83.726 128.711 -23.977
3 0 83.726 128.711 -23.977 84.768 122.623 -18.667 84.293 122.259 -18.995
3 0 83.669 122.026 -19.146 82.657 128.064 -24.460 83.269 128.324 -24.306
3 0 83.269 128.324 -24.306 84.293 122.259 -18.995 83.669 122.026 -19.146
3 0 82.991 121.962 -19.097 81.982 127.970 -24.415 82.657 128.064 -24.460
3 0 82.657 128.064 -24.460 83.669 122.026 -19.146 82.991 121.962 -19.097
3 0 82.363 122.075 -18.856 81.348 128.057 -24.179 81.982 127.970 -24.415
3 0 81.982 127.970 -24.415 82.991 121.962 -19.097 82.363 122.075 -18.856
3 0 82.337 123.999 -16.672 81.222 129.988 -22.006 80.766 129.601 -22.335
3 0 80.766 129.601 -22.335 81.863 123.634 -17.000 82.337 123.999 -16.672
3 0 82.961 124.231 -16.521 81.834 130.248 -21.852 81.222 129.988 -22.006
3 0 81.222 129.988 -22.006 82.337 123.999 -16.672 82.961 124.231 -16.521
3 0 83.639 124.296 -16.570 82.509 130.342 -21.897 81.834 130.248 -21.852
3 0 81.834 130.248 -21.852 82.961 124.231 -16.521 83.639 124.296 -16.570
3 0 84.268 124.182 -16.812 83.144 130.256 -22.133 82.509 130.342 -21.897
3 0 82.509 130.342 -21.897 83.639 124.296 -16.570 84.268 124.182 -16.812
3 0 83.600 130.643 -21.804 83.144 130.256 -22.133 84.268 124.182 -16.812
3 0 84.268 124.182 -16.812 84.743 124.547 -16.484 83.600 130.643 -21.804
3 0 84.212 130.903 -21.651 83.600 130.643 -21.804 84.743 124.547 -16.484
3 0 84.743 124.547 -16.484 85.367 124.779 -16.333 84.212 130.903 -21.651
3 0 84.887 130.997 -21.695 84.212 130.903 -21.651 85.367 124.779 -16.333
3 0 85.367 124.779 -16.333 86.045 124.844 -16.382 84.887 130.997 -21.695
3 0 85.522 130.911 -21.931 84.887 130.997 -21.695 86.045 124.844 -16.382
3 0 86.045 124.844 -16.382 86.674 124.730 -16.623 85.522 130.911 -21.931
3 0 86.020 130.657 -22.323 85.522 130.911 -21.931 86.674 124.730 -16.623
3 0 86.674 124.730 -16.623 87.158 124.457 -17.020 86.020 130.657 -22.323
3 0 86.305 130.274 -22.811 86.020 130.657 -22.323 87.158 124.457 -17.020
3 0 87.158 124.457 -17.020 87.423 124.065 -17.512 86.305 130.274 -22.811
3 0 86.335 129.821 -23.321 86.305 130.274 -22.811 87.423 124.065 -17.512
3 0 87.423 124.065 -17.512 87.429 123.613 -18.024 86.335 129.821 -23.321
3 0 86.104 129.366 -23.775 86.335 129.821 -23.321 87.429 123.613 -18.024
3 0 87.429 123.613 -18.024 87.175 123.172 -18.479 86.104 129.366 -23.775
3 0 85.648 128.979 -24.104 86.104 129.366 -23.775 87.175 123.172 -18.479
3 0 87.175 123.172 -18.479 86.699 122.807 -18.807 85.648 128.979 -24.104
3 0 85.035 128.718 -24.258 85.648 128.979 -24.104 86.699 122.807 -18.807
3 0 86.699 122.807 -18.807 86.075 122.575 -18.957 85.035 128.718 -24.258
3 0 84.361 128.624 -24.213 85.035 128.718 -24.258 86.075 122.575 -18.957
3 0 86.075 122.575 -18.957 85.397 122.510 -18.909 84.361 128.624 -24.213
3 0 83.726 128.711 -23.977 84.361 128.624 -24.213 85.397 122.510 -18.909
3 0 85.397 122.510 -18.909 84.768 122.623 -18.667 83.726 128.711 -23.977
3 0 77.304 132.793 -30.086 77.741 133.201 -29.755 78.970 127.402 -24.381
3 0 78.970 127.402 -24.381 78.514 127.015 -24.710 77.304 132.793 -30.086
3 0 76.706 132.506 -30.243 77.304 132.793 -30.086 78.514 127.015 -24.710
3 0 78.514 127.015 -24.710 77.902 126.754 -24.864 76.706 132.506 -30.243
3 0 76.036 132.381 -30.203 76.706 132.506 -30.243 77.902 126.754 -24.864
3 0 77.902 126.754 -24.864 77.227 126.660 -24.819 76.036 132.381 -30.203
3 0 75.396 132.440 -29.972 76.036 132.381 -30.203 77.227 126.660 -24.819
3 0 77.227 126.660 -24.819 76.592 126.747 -24.583 75.396 132.440 -29.972
3 0 74.884 132.672 -29.584 75.396 132.440 -29.972 76.592 126.747 -24.583
3 0 76.592 126.747 -24.583 76.094 127.001 -24.191 74.884 132.672 -29.584
3 0 74.578 133.043 -29.099 74.884 132.672 -29.584 76.094 127.001 -24.191
3 0 76.094 127.001 -24.191 75.809 127.384 -23.703 74.578 133.043 -29.099
3 0 74.525 133.495 -28.590 74.578 133.043 -29.099 75.809 127.384 -23.703
3 0 75.809 127.384 -23.703 75.779 127.837 -23.193 74.525 133.495 -28.590
3 0 74.732 133.961 -28.136 74.525 133.495 -28.590 75.779 127.837 -23.193
3 0 75.779 127.837 -23.193 76.010 128.292 -22.739 74.732 133.961 -28.136
3 0 75.168 134.369 -27.805 74.732 133.961 -28.136 76.010 128.292 -22.739
3 0 76.010 128.292 -22.739 76.466 128.679 -22.410 75.168 134.369 -27.805
3 0 75.767 134.657 -27.647 75.168 134.369 -27.805 76.466 128.679 -22.410
3 0 76.466 128.679 -22.410 77.079 128.939 -22.256 75.767 134.657 -27.647
3 0 76.437 134.781 -27.687 75.767 134.657 -27.647 77.079 128.939 -22.256
3 0 77.079 128.939 -22.256 77.753 129.033 -22.301 76.437 134.781 -27.687
3 0 77.077 134.723 -27.919 76.437 134.781 -27.687 77.753 129.033 -22.301
3 0 77.753 129.033 -22.301 78.388 128.947 -22.537 77.077 134.723 -27.919
3 0 80.892 127.669 -24.508 79.649 133.555 -29.869 80.085 133.963 -29.538
3 0 80.085 133.963 -29.538 81.348 128.057 -24.179 80.892 127.669 -24.508
3 0 80.280 127.409 -24.662 79.051 133.267 -30.026 79.649 133.555 -29.869
3 0 79.649 133.555 -29.869 80.892 127.669 -24.508 80.280 127.409 -24.662
3 0 79.605 127.315 -24.617 78.380 133.143 -29.986 79.051 133.267 -30.026
3 0 79.051 133.267 -30.026 80.280 127.409 -24.662 79.605 127.315 -24.617
3 0 78.970 127.402 -24.381 77.741 133.201 -29.755 78.380 133.143 -29.986
3 0 78.380 133.143 -29.986 79.605 127.315 -24.617 78.970 127.402 -24.381
3 0 78.845 129.334 -22.208 77.513 135.131 -27.588 77.077 134.723 -27.919
3 0 77.077 134.723 -27.919 78.388 128.947 -22.537 78.845 129.334 -22.208
3 0 79.457 129.594 -22.054 78.112 135.419 -27.430 77.513 135.131 -27.588
3 0 77.513 135.131 -27.588 78.845 129.334 -22.208 79.457 129.594 -22.054
3 0 80.132 129.688 -22.099 78.782 135.543 -27.470 78.112 135.419 -27.430
3 0 78.112 135.419 -27.430 79.457 129.594 -22.054 80.132 129.688 -22.099
3 0 80.766 129.601 -22.335 79.421 135.484 -27.702 78.782 135.543 -27.470
3 0 78.782 135.543 -27.470 80.132 129.688 -22.099 80.766 129.601 -22.335
3 0 83.269 128.324 -24.306 81.993 134.316 -29.652 82.429 134.724 -29.321
3 0 82.429 134.724 -29.321 83.726 128.711 -23.977 83.269 128.324 -24.306
3 0 82.657 128.064 -24.460 81.395 134.028 -29.809 81.993 134.316 -29.652
3 0 81.993 134.316 -29.652 83.269 128.324 -24.306 82.657 128.064 -24.460
3 0 81.982 127.970 -24.415 80.724 133.904 -29.769 81.395 134.028 -29.809
3 0 81.395 134.028 -29.809 82.657 128.064 -24.460 81.982 127.970 -24.415
3 0 81.348 128.057 -24.179 80.085 133.963 -29.538 80.724 133.904 -29.769
3 0 80.724 133.904 -29.769 81.982 127.970 -24.415 81.348 128.057 -24.179
3 0 81.222 129.988 -22.006 79.857 135.892 -27.371 79.421 135.484 -27.702
3 0 79.421 135.484 -27.702 80.766 129.601 -22.335 81.222 129.988 -22.006
3 0 81.834 130.248 -21.852 80.456 136.180 -27.213 79.857 135.892 -27.371
3 0 79.857 135.892 -27.371 81.222 129.988 -22.006 81.834 130.248 -21.852
3 0 82.509 130.342 -21.897 81.126 136.304 -27.253 80.456 136.180 -27.213
3 0 80.456 136.180 -27.213 81.834 130.248 -21.852 82.509 130.342 -21.897
3 0 83.144 130.256 -22.133 81.765 136.245 -27.485 81.126 136.304 -27.253
3 0 81.126 136.304 -27.253 82.509 130.342 -21.897 83.144 130.256 -22.133
3 0 82.202 136.653 -27.154 81.765 136.245 -27.485 83.144 130.256 -22.133
3 0 83.144 130.256 -22.133 83.600 130.643 -21.804 82.202 136.653 -27.154
3 0 82.800 136.941 -26.996 82.202 136.653 -27.154 83.600 130.643 -21.804
3 0 83.600 130.643 -21.804 84.212 130.903 -21.651 82.800 136.941 -26.996
3 0 83.471 137.065 -27.036 82.800 136.941 -26.996 84.212 130.903 -21.651
3 0 84.212 130.903 -21.651 84.887 130.997 -21.695 83.471 137.065 -27.036
3 0 84.110 137.007 -27.268 83.471 137.065 -27.036 84.887 130.997 -21.695
3 0 84.887 130.997 -21.695 85.522 130.911 -21.931 84.110 137.007 -27.268
3 0 84.622 136.775 -27.656 84.110 137.007 -27.268 85.522 130.911 -21.931
3 0 85.522 130.911 -21.931 86.020 130.657 -22.323 84.622 136.775 -27.656
3 0 84.928 136.404 -28.141 84.622 136.775 -27.656 86.020 130.657 -22.323
3 0 86.020 130.657 -22.323 86.305 130.274 -22.811 84.928 136.404 -28.141
3 0 84.981 135.951 -28.649 84.928 136.404 -28.141 86.305 130.274 -22.811
3 0 86.305 130.274 -22.811 86.335 129.821 -23.321 84.981 135.951 -28.649
3 0 84.774 135.486 -29.103 84.981 135.951 -28.649 86.335 129.821 -23.321
3 0 86.335 129.821 -23.321 86.104 129.366 -23.775 84.774 135.486 -29.103
3 0 84.338 135.078 -29.435 84.774 135.486 -29.103 86.104 129.366 -23.775
3 0 86.104 129.366 -23.775 85.648 128.979 -24.104 84.338 135.078 -29.435
3 0 83.739 134.790 -29.592 84.338 135.078 -29.435 85.648 128.979 -24.104
3 0 85.648 128.979 -24.104 85.035 128.718 -24.258 83.739 134.790 -29.592
3 0 83.069 134.666 -29.552 83.739 134.790 -29.592 85.035 128.718 -24.258
3 0 85.035 128.718 -24.258 84.361 128.624 -24.213 83.069 134.666 -29.552
3 0 82.429 134.724 -29.321 83.069 134.666 -29.552 84.361 128.624 -24.213
3 0 84.361 128.624 -24.213 83.726 128.711 -23.977 82.429 134.724 -29.321
3 0 76.627 135.623 -32.785 77.046 136.046 -32.452 77.741 133.201 -29.755
3 0 77.741 133.201 -29.755 77.304 132.793 -30.086 76.627 135.623 -32.785
3 0 76.039 135.314 -32.945 76.627 135.623 -32.785 77.304 132.793 -30.086
3 0 77.304 132.793 -30.086 76.706 132.506 -30.243 76.039 135.314 -32.945
3 0 75.374 135.166 -32.908 76.039 135.314 -32.945 76.706 132.506 -30.243
3 0 76.706 132.506 -30.243 76.036 132.381 -30.203 75.374 135.166 -32.908
3 0 74.731 135.202 -32.680 75.374 135.166 -32.908 76.036 132.381 -30.203
3 0 76.036 132.381 -30.203 75.396 132.440 -29.972 74.731 135.202 -32.680
3 0 74.210 135.416 -32.294 74.731 135.202 -32.680 75.396 132.440 -29.972
3 0 75.396 132.440 -29.972 74.884 132.672 -29.584 74.210 135.416 -32.294
3 0 73.889 135.775 -31.811 74.210 135.416 -32.294 74.884 132.672 -29.584
3 0 74.884 132.672 -29.584 74.578 133.043 -29.099 73.889 135.775 -31.811
3 0 73.817 136.226 -31.303 73.889 135.775 -31.811 74.578 133.043 -29.099
3 0 74.578 133.043 -29.099 74.525 133.495 -28.590 73.817 136.226 -31.303
3 0 74.005 136.699 -30.848 73.817 136.226 -31.303 74.525 133.495 -28.590
3 0 74.525 133.495 -28.590 74.732 133.961 -28.136 74.005 136.699 -30.848
3 0 74.425 137.122 -30.515 74.005 136.699 -30.848 74.732 133.961 -28.136
3 0 74.732 133.961 -28.136 75.168 134.369 -27.805 74.425 137.122 -30.515
3 0 75.012 137.431 -30.355 74.425 137.122 -30.515 75.168 134.369 -27.805
3 0 75.168 134.369 -27.805 75.767 134.657 -27.647 75.012 137.431 -30.355
3 0 75.677 137.579 -30.392 75.012 137.431 -30.355 75.767 134.657 -27.647
3 0 75.767 134.657 -27.647 76.437 134.781 -27.687 75.677 137.579 -30.392
3 0 76.320 137.544 -30.620 75.677 137.579 -30.392 76.437 134.781 -27.687
3 0 76.437 134.781 -27.687 77.077 134.723 -27.919 76.320 137.544 -30.620
3 0 79.649 133.555 -29.869 78.942 136.468 -32.557 79.362 136.891 -32.224
3 0 79.362 136.891 -32.224 80.085 133.963 -29.538 79.649 133.555 -29.869
3 0 79.051 133.267 -30.026 78.355 136.159 -32.717 78.942 136.468 -32.557
3 0 78.942 136.468 -32.557 79.649 133.555 -29.869 79.051 133.267 -30.026
3 0 78.380 133.143 -29.986 77.689 136.011 -32.680 78.355 136.159 -32.717
3 0 78.355 136.159 -32.717 79.051 133.267 -30.026 78.380 133.143 -29.986
3 0 77.741 133.201 -29.755 77.046 136.046 -32.452 77.689 136.011 -32.680
3 0 77.689 136.011 -32.680 78.380 133.143 -29.986 77.741 133.201 -29.755
3 0 77.513 135.131 -27.588 76.740 137.967 -30.287 76.320 137.544 -30.620
3 0 76.320 137.544 -30.620 77.077 134.723 -27.919 77.513 135.131 -27.588
3 0 78.112 135.419 -27.430 77.327 138.276 -30.127 76.740 137.967 -30.287
3 0 76.740 137.967 -30.287 77.513 135.131 -27.588 78.112 135.419 -27.430
3 0 78.782 135.543 -27.470 77.993 138.424 -30.164 77.327 138.276 -30.127
3 0 77.327 138.276 -30.127 78.112 135.419 -27.430 78.782 135.543 -27.470
3 0 79.421 135.484 -27.702 78.635 138.388 -30.392 77.993 138.424 -30.164
3 0 77.993 138.424 -30.164 78.782 135.543 -27.470 79.421 135.484 -27.702
3 0 81.993 134.316 -29.652 81.256 137.312 -32.329 81.676 137.735 -31.996
3 0 81.676 137.735 -31.996 82.429 134.724 -29.321 81.993 134.316 -29.652
3 0 81.395 134.028 -29.809 80.669 137.003 -32.490 81.256 137.312 -32.329
3 0 81.256 137.312 -32.329 81.993 134.316 -29.652 81.395 134.028 -29.809
3 0 80.724 133.904 -29.769 80.003 136.855 -32.453 80.669 137.003 -32.490
3 0 80.669 137.003 -32.490 81.395 134.028 -29.809 80.724 133.904 -29.769
3 0 80.085 133.963 -29.538 79.362 136.891 -32.224 80.003 136.855 -32.453
3 0 80.003 136.855 -32.453 80.724 133.904 -29.769 80.085 133.963 -29.538
3 0 79.857 135.892 -27.371 79.054 138.811 -30.059 78.635 138.388 -30.392
3 0 78.635 138.388 -30.392 79.421 135.484 -27.702 79.857 135.892 -27.371
3 0 80.456 136.180 -27.213 79.641 139.120 -29.899 79.054 138.811 -30.059
3 0 79.054 138.811 -30.059 79.857 135.892 -27.371 80.456 136.180 -27.213
3 0 81.126 136.304 -27.253 80.307 139.268 -29.936 79.641 139.120 -29.899
3 0 79.641 139.120 -29.899 80.456 136.180 -27.213 81.126 136.304 -27.253
3 0 81.765 136.245 -27.485 80.949 139.233 -30.165 80.307 139.268 -29.936
3 0 80.307 139.268 -29.936 81.126 136.304 -27.253 81.765 136.245 -27.485
3 0 81.369 139.656 -29.832 80.949 139.233 -30.165 81.765 136.245 -27.485
3 0 81.765 136.245 -27.485 82.202 136.653 -27.154 81.369 139.656 -29.832
3 0 81.957 139.965 -29.671 81.369 139.656 -29.832 82.202 136.653 -27.154
3 0 82.202 136.653 -27.154 82.800 136.941 -26.996 81.957 139.965 -29.671
3 0 82.622 140.113 -29.708 81.957 139.965 -29.671 82.800 136.941 -26.996
3 0 82.800 136.941 -26.996 83.471 137.065 -27.036 82.622 140.113 -29.708
3 0 83.265 140.077 -29.937 82.622 140.113 -29.708 83.471 137.065 -27.036
3 0 83.471 137.065 -27.036 84.110 137.007 -27.268 83.265 140.077 -29.937
3 0 83.786 139.863 -30.322 83.265 140.077 -29.937 84.110 137.007 -27.268
3 0 84.110 137.007 -27.268 84.622 136.775 -27.656 83.786 139.863 -30.322
3 0 84.107 139.503 -30.806 83.786 139.863 -30.322 84.622 136.775 -27.656
3 0 84.622 136.775 -27.656 84.928 136.404 -28.141 84.107 139.503 -30.806
3 0 84.179 139.053 -31.313 84.107 139.503 -30.806 84.928 136.404 -28.141
3 0 84.928 136.404 -28.141 84.981 135.951 -28.649 84.179 139.053 -31.313
3 0 83.991 138.580 -31.769 84.179 139.053 -31.313 84.981 135.951 -28.649
3 0 84.981 135.951 -28.649 84.774 135.486 -29.103 83.991 138.580 -31.769
3 0 83.571 138.157 -32.102 83.991 138.580 -31.769 84.774 135.486 -29.103
3 0 84.774 135.486 -29.103 84.338 135.078 -29.435 83.571 138.157 -32.102
3 0 82.984 137.848 -32.262 83.571 138.157 -32.102 84.338 135.078 -29.435
3 0 84.338 135.078 -29.435 83.739 134.790 -29.592 82.984 137.848 -32.262
3 0 82.319 137.700 -32.225 82.984 137.848 -32.262 83.739 134.790 -29.592
3 0 83.739 134.790 -29.592 83.069 134.666 -29.552 82.319 137.700 -32.225
3 0 81.676 137.735 -31.996 82.319 137.700 -32.225 83.069 134.666 -29.552
3 0 83.069 134.666 -29.552 82.429 134.724 -29.321 81.676 137.735 -31.996
3 0 75.853 138.448 -35.478 76.260 138.883 -35.145 77.046 136.046 -32.452
3 0 77.046 136.046 -32.452 76.627 135.623 -32.785 75.853 138.448 -35.478
3 0 75.275 138.122 -35.639 75.853 138.448 -35.478 76.627 135.623 -32.785
3 0 76.627 135.623 -32.785 76.039 135.314 -32.945 75.275 138.122 -35.639
3 0 74.614 137.955 -35.603 75.275 138.122 -35.639 76.039 135.314 -32.945
3 0 76.039 135.314 -32.945 75.374 135.166 -32.908 74.614 137.955 -35.603
3 0 73.971 137.972 -35.376 74.614 137.955 -35.603 75.374 135.166 -32.908
3 0 75.374 135.166 -32.908 74.731 135.202 -32.680 73.971 137.972 -35.376
3 0 73.443 138.170 -34.991 73.971 137.972 -35.376 74.731 135.202 -32.680
3 0 74.731 135.202 -32.680 74.210 135.416 -32.294 73.443 138.170 -34.991
3 0 73.111 138.520 -34.508 73.443 138.170 -34.991 74.210 135.416 -32.294
3 0 74.210 135.416 -32.294 73.889 135.775 -31.811 73.111 138.520 -34.508
3 0 73.025 138.969 -34.000 73.111 138.520 -34.508 73.889 135.775 -31.811
3 0 73.889 135.775 -31.811 73.817 136.226 -31.303 73.025 138.969 -34.000
3 0 73.199 139.447 -33.544 73.025 138.969 -34.000 73.817 136.226 -31.303
3 0 73.817 136.226 -31.303 74.005 136.699 -30.848 73.199 139.447 -33.544
3 0 73.606 139.882 -33.211 73.199 139.447 -33.544 74.005 136.699 -30.848
3 0 74.005 136.699 -30.848 74.425 137.122 -30.515 73.606 139.882 -33.211
3 0 74.184 140.208 -33.050 73.606 139.882 -33.211 74.425 137.122 -30.515
3 0 74.425 137.122 -30.515 75.012 137.431 -30.355 74.184 140.208 -33.050
3 0 74.845 140.375 -33.086 74.184 140.208 -33.050 75.012 137.431 -30.355
3 0 75.012 137.431 -30.355 75.677 137.579 -30.392 74.845 140.375 -33.086
3 0 75.488 140.358 -33.314 74.845 140.375 -33.086 75.677 137.579 -30.392
3 0 75.677 137.579 -30.392 76.320 137.544 -30.620 75.488 140.358 -33.314
3 0 78.942 136.468 -32.557 78.143 139.359 -35.248 78.549 139.794 -34.914
3 0 78.549 139.794 -34.914 79.362 136.891 -32.224 78.942 136.468 -32.557
3 0 78.355 136.159 -32.717 77.565 139.033 -35.409 78.143 139.359 -35.248
3 0 78.143 139.359 -35.248 78.942 136.468 -32.557 78.355 136.159 -32.717
3 0 77.689 136.011 -32.680 76.904 138.866 -35.373 77.565 139.033 -35.409
3 0 77.565 139.033 -35.409 78.355 136.159 -32.717 77.689 136.011 -32.680
3 0 77.046 136.046 -32.452 76.260 138.883 -35.145 76.904 138.866 -35.373
3 0 76.904 138.866 -35.373 77.689 136.011 -32.680 77.046 136.046 -32.452
3 0 76.740 137.967 -30.287 75.895 140.793 -32.980 75.488 140.358 -33.314
3 0 75.488 140.358 -33.314 76.320 137.544 -30.620 76.740 137.967 -30.287
3 0 77.327 138.276 -30.127 76.473 141.119 -32.819 75.895 140.793 -32.980
3 0 75.895 140.793 -32.980 76.740 137.967 -30.287 77.327 138.276 -30.127
3 0 77.993 138.424 -30.164 77.134 141.287 -32.855 76.473 141.119 -32.819
3 0 76.473 141.119 -32.819 77.327 138.276 -30.127 77.993 138.424 -30.164
3 0 78.635 138.388 -30.392 77.778 141.270 -33.083 77.134 141.287 -32.855
3 0 77.134 141.287 -32.855 77.993 138.424 -30.164 78.635 138.388 -30.392
3 0 81.256 137.312 -32.329 80.431 140.270 -35.017 80.838 140.706 -34.684
3 0 80.838 140.706 -34.684 81.676 137.735 -31.996 81.256 137.312 -32.329
3 0 80.669 137.003 -32.490 79.853 139.944 -35.178 80.431 140.270 -35.017
3 0 80.431 140.270 -35.017 81.256 137.312 -32.329 80.669 137.003 -32.490
3 0 80.003 136.855 -32.453 79.192 139.777 -35.142 79.853 139.944 -35.178
3 0 79.853 139.944 -35.178 80.669 137.003 -32.490 80.003 136.855 -32.453
3 0 79.362 136.891 -32.224 78.549 139.794 -34.914 79.192 139.777 -35.142
3 0 79.192 139.777 -35.142 80.003 136.855 -32.453 79.362 136.891 -32.224
3 0 79.054 138.811 -30.059 78.184 141.705 -32.750 77.778 141.270 -33.083
3 0 77.778 141.270 -33.083 78.635 138.388 -30.392 79.054 138.811 -30.059
3 0 79.641 139.120 -29.899 78.762 142.031 -32.589 78.184 141.705 -32.750
3 0 78.184 141.705 -32.750 79.054 138.811 -30.059 79.641 139.120 -29.899
3 0 80.307 139.268 -29.936 79.423 142.198 -32.625 78.762 142.031 -32.589
3 0 78.762 142.031 -32.589 79.641 139.120 -29.899 80.307 139.268 -29.936
3 0 80.949 139.233 -30.165 80.066 142.181 -32.853 79.423 142.198 -32.625
3 0 79.423 142.198 -32.625 80.307 139.268 -29.936 80.949 139.233 -30.165
3 0 80.473 142.616 -32.519 80.066 142.181 -32.853 80.949 139.233 -30.165
3 0 80.949 139.233 -30.165 81.369 139.656 -29.832 80.473 142.616 -32.519
3 0 81.051 142.942 -32.358 80.473 142.616 -32.519 81.369 139.656 -29.832
3 0 81.369 139.656 -29.832 81.957 139.965 -29.671 81.051 142.942 -32.358
3 0 81.712 143.109 -32.394 81.051 142.942 -32.358 81.957 139.965 -29.671
3 0 81.957 139.965 -29.671 82.622 140.113 -29.708 81.712 143.109 -32.394
3 0 82.356 143.092 -32.622 81.712 143.109 -32.394 82.622 140.113 -29.708
3 0 82.622 140.113 -29.708 83.265 140.077 -29.937 82.356 143.092 -32.622
3 0 82.884 142.893 -33.007 82.356 143.092 -32.622 83.265 140.077 -29.937
3 0 83.265 140.077 -29.937 83.786 139.863 -30.322 82.884 142.893 -33.007
3 0 83.216 142.543 -33.490 82.884 142.893 -33.007 83.786 139.863 -30.322
3 0 83.786 139.863 -30.322 84.107 139.503 -30.806 83.216 142.543 -33.490
3 0 83.301 142.095 -33.998 83.216 142.543 -33.490 84.107 139.503 -30.806
3 0 84.107 139.503 -30.806 84.179 139.053 -31.313 83.301 142.095 -33.998
3 0 83.127 141.617 -34.453 83.301 142.095 -33.998 84.179 139.053 -31.313
3 0 84.179 139.053 -31.313 83.991 138.580 -31.769 83.127 141.617 -34.453
3 0 82.721 141.182 -34.787 83.127 141.617 -34.453 83.991 138.580 -31.769
3 0 83.991 138.580 -31.769 83.571 138.157 -32.102 82.721 141.182 -34.787
3 0 82.143 140.856 -34.948 82.721 141.182 -34.787 83.571 138.157 -32.102
3 0 83.571 138.157 -32.102 82.984 137.848 -32.262 82.143 140.856 -34.948
3 0 81.482 140.689 -34.911 82.143 140.856 -34.948 82.984 137.848 -32.262
3 0 82.984 137.848 -32.262 82.319 137.700 -32.225 81.482 140.689 -34.911
3 0 80.838 140.706 -34.684 81.482 140.689 -34.911 82.319 137.700 -32.225
3 0 82.319 137.700 -32.225 81.676 137.735 -31.996 80.838 140.706 -34.684
3 0 75.003 141.247 -38.170 75.396 141.694 -37.836 76.260 138.883 -35.145
3 0 76.260 138.883 -35.145 75.853 138.448 -35.478 75.003 141.247 -38.170
3 0 74.435 140.903 -38.332 75.003 141.247 -38.170 75.853 138.448 -35.478
3 0 75.853 138.448 -35.478 75.275 138.122 -35.639 74.435 140.903 -38.332
3 0 73.780 140.715 -38.296 74.435 140.903 -38.332 75.275 138.122 -35.639
3 0 75.275 138.122 -35.639 74.614 137.955 -35.603 73.780 140.715 -38.296
3 0 73.136 140.712 -38.068 73.780 140.715 -38.296 74.614 137.955 -35.603
3 0 74.614 137.955 -35.603 73.971 137.972 -35.376 73.136 140.712 -38.068
3 0 72.602 140.894 -37.683 73.136 140.712 -38.068 73.971 137.972 -35.376
3 0 73.971 137.972 -35.376 73.443 138.170 -34.991 72.602 140.894 -37.683
3 0 72.259 141.233 -37.200 72.602 140.894 -37.683 73.443 138.170 -34.991
3 0 73.443 138.170 -34.991 73.111 138.520 -34.508 72.259 141.233 -37.200
3 0 72.160 141.678 -36.692 72.259 141.233 -37.200 73.111 138.520 -34.508
3 0 73.111 138.520 -34.508 73.025 138.969 -34.000 72.160 141.678 -36.692
3 0 72.318 142.161 -36.236 72.160 141.678 -36.692 73.025 138.969 -34.000
3 0 73.025 138.969 -34.000 73.199 139.447 -33.544 72.318 142.161 -36.236
3 0 72.711 142.608 -35.902 72.318 142.161 -36.236 73.199 139.447 -33.544
3 0 73.199 139.447 -33.544 73.606 139.882 -33.211 72.711 142.608 -35.902
3 0 73.279 142.952 -35.740 72.711 142.608 -35.902 73.606 139.882 -33.211
3 0 73.606 139.882 -33.211 74.184 140.208 -33.050 73.279 142.952 -35.740
3 0 73.934 143.139 -35.776 73.279 142.952 -35.740 74.184 140.208 -33.050
3 0 74.184 140.208 -33.050 74.845 140.375 -33.086 73.934 143.139 -35.776
3 0 74.578 143.143 -36.004 73.934 143.139 -35.776 74.845 140.375 -33.086
3 0 74.845 140.375 -33.086 75.488 140.358 -33.314 74.578 143.143 -36.004
3 0 78.143 139.359 -35.248 77.263 142.229 -37.938 77.656 142.676 -37.604
3 0 77.656 142.676 -37.604 78.549 139.794 -34.914 78.143 139.359 -35.248
3 0 77.565 139.033 -35.409 76.695 141.885 -38.100 77.263 142.229 -37.938
3 0 77.263 142.229 -37.938 78.143 139.359 -35.248 77.565 139.033 -35.409
3 0 76.904 138.866 -35.373 76.040 141.697 -38.064 76.695 141.885 -38.100
3 0 76.695 141.885 -38.100 77.565 139.033 -35.409 76.904 138.866 -35.373
3 0 76.260 138.883 -35.145 75.396 141.694 -37.836 76.040 141.697 -38.064
3 0 76.040 141.697 -38.064 76.904 138.866 -35.373 76.260 138.883 -35.145
3 0 75.895 140.793 -32.980 74.971 143.590 -35.670 74.578 143.143 -36.004
3 0 74.578 143.143 -36.004 75.488 140.358 -33.314 75.895 140.793 -32.980
3 0 76.473 141.119 -32.819 75.539 143.934 -35.508 74.971 143.590 -35.670
3 0 74.971 143.590 -35.670 75.895 140.793 -32.980 76.473 141.119 -32.819
3 0 77.134 141.287 -32.855 76.194 144.122 -35.544 75.539 143.934 -35.508
3 0 75.539 143.934 -35.508 76.473 141.119 -32.819 77.134 141.287 -32.855
3 0 77.778 141.270 -33.083 76.838 144.125 -35.772 76.194 144.122 -35.544
3 0 76.194 144.122 -35.544 77.134 141.287 -32.855 77.778 141.270 -33.083
3 0 80.431 140.270 -35.017 79.522 143.211 -37.707 79.915 143.658 -37.373
3 0 79.915 143.658 -37.373 80.838 140.706 -34.684 80.431 140.270 -35.017
3 0 79.853 139.944 -35.178 78.954 142.867 -37.868 79.522 143.211 -37.707
3 0 79.522 143.211 -37.707 80.431 140.270 -35.017 79.853 139.944 -35.178
3 0 79.192 139.777 -35.142 78.299 142.679 -37.832 78.954 142.867 -37.868
3 0 78.954 142.867 -37.868 79.853 139.944 -35.178 79.192 139.777 -35.142
3 0 78.549 139.794 -34.914 77.656 142.676 -37.604 78.299 142.679 -37.832
3 0 78.299 142.679 -37.832 79.192 139.777 -35.142 78.549 139.794 -34.914
3 0 78.184 141.705 -32.750 77.230 144.572 -35.438 76.838 144.125 -35.772
3 0 76.838 144.125 -35.772 77.778 141.270 -33.083 78.184 141.705 -32.750
3 0 78.762 142.031 -32.589 77.798 144.916 -35.277 77.230 144.572 -35.438
3 0 77.230 144.572 -35.438 78.184 141.705 -32.750 78.762 142.031 -32.589
3 0 79.423 142.198 -32.625 78.453 145.103 -35.312 77.798 144.916 -35.277
3 0 77.798 144.916 -35.277 78.762 142.031 -32.589 79.423 142.198 -32.625
3 0 80.066 142.181 -32.853 79.097 145.107 -35.540 78.453 145.103 -35.312
3 0 78.453 145.103 -35.312 79.423 142.198 -32.625 80.066 142.181 -32.853
3 0 79.490 145.554 -35.206 79.097 145.107 -35.540 80.066 142.181 -32.853
3 0 80.066 142.181 -32.853 80.473 142.616 -32.519 79.490 145.554 -35.206
3 0 80.058 145.898 -35.045 79.490 145.554 -35.206 80.473 142.616 -32.519
3 0 80.473 142.616 -32.519 81.051 142.942 -32.358 80.058 145.898 -35.045
3 0 80.713 146.086 -35.081 80.058 145.898 -35.045 81.051 142.942 -32.358
3 0 81.051 142.942 -32.358 81.712 143.109 -32.394 80.713 146.086 -35.081
3 0 81.357 146.089 -35.308 80.713 146.086 -35.081 81.712 143.109 -32.394
3 0 81.712 143.109 -32.394 82.356 143.092 -32.622 81.357 146.089 -35.308
3 0 81.891 145.907 -35.693 81.357 146.089 -35.308 82.356 143.092 -32.622
3 0 82.356 143.092 -32.622 82.884 142.893 -33.007 81.891 145.907 -35.693
3 0 82.234 145.568 -36.176 81.891 145.907 -35.693 82.884 142.893 -33.007
3 0 82.884 142.893 -33.007 83.216 142.543 -33.490 82.234 145.568 -36.176
3 0 82.333 145.123 -36.685 82.234 145.568 -36.176 83.216 142.543 -33.490
3 0 83.216 142.543 -33.490 83.301 142.095 -33.998 82.333 145.123 -36.685
3 0 82.175 144.640 -37.141 82.333 145.123 -36.685 83.301 142.095 -33.998
3 0 83.301 142.095 -33.998 83.127 141.617 -34.453 82.175 144.640 -37.141
3 0 81.782 144.193 -37.475 82.175 144.640 -37.141 83.127 141.617 -34.453
3 0 83.127 141.617 -34.453 82.721 141.182 -34.787 81.782 144.193 -37.475
3 0 81.214 143.849 -37.636 81.782 144.193 -37.475 82.721 141.182 -34.787
3 0 82.721 141.182 -34.787 82.143 140.856 -34.948 81.214 143.849 -37.636
3 0 80.559 143.661 -37.600 81.214 143.849 -37.636 82.143 140.856 -34.948
3 0 82.143 140.856 -34.948 81.482 140.689 -34.911 80.559 143.661 -37.600
3 0 79.915 143.658 -37.373 80.559 143.661 -37.600 81.482 140.689 -34.911
3 0 81.482 140.689 -34.911 80.838 140.706 -34.684 79.915 143.658 -37.373
3 0 74.062 144.014 -40.857 74.440 144.474 -40.522 75.396 141.694 -37.836
3 0 75.396 141.694 -37.836 75.003 141.247 -38.170 74.062 144.014 -40.857
3 0 73.506 143.652 -41.018 74.062 144.014 -40.857 75.003 141.247 -38.170
3 0 75.003 141.247 -38.170 74.435 140.903 -38.332 73.506 143.652 -41.018
3 0 72.858 143.442 -40.982 73.506 143.652 -41.018 74.435 140.903 -38.332
3 0 74.435 140.903 -38.332 73.780 140.715 -38.296 72.858 143.442 -40.982
3 0 72.215 143.417 -40.753 72.858 143.442 -40.982 73.780 140.715 -38.296
3 0 73.780 140.715 -38.296 73.136 140.712 -38.068 72.215 143.417 -40.753
3 0 71.675 143.580 -40.367 72.215 143.417 -40.753 73.136 140.712 -38.068
3 0 73.136 140.712 -38.068 72.602 140.894 -37.683 71.675 143.580 -40.367
3 0 71.322 143.906 -39.883 71.675 143.580 -40.367 72.602 140.894 -37.683
3 0 72.602 140.894 -37.683 72.259 141.233 -37.200 71.322 143.906 -39.883
3 0 71.208 144.346 -39.374 71.322 143.906 -39.883 72.259 141.233 -37.200
3 0 72.259 141.233 -37.200 72.160 141.678 -36.692 71.208 144.346 -39.374
3 0 71.351 144.834 -38.917 71.208 144.346 -39.374 72.160 141.678 -36.692
3 0 72.160 141.678 -36.692 72.318 142.161 -36.236 71.351 144.834 -38.917
3 0 71.729 145.293 -38.583 71.351 144.834 -38.917 72.318 142.161 -36.236
3 0 72.318 142.161 -36.236 72.711 142.608 -35.902 71.729 145.293 -38.583
3 0 72.285 145.656 -38.422 71.729 145.293 -38.583 72.711 142.608 -35.902
3 0 72.711 142.608 -35.902 73.279 142.952 -35.740 72.285 145.656 -38.422
3 0 72.933 145.866 -38.458 72.285 145.656 -38.422 73.279 142.952 -35.740
3 0 73.279 142.952 -35.740 73.934 143.139 -35.776 72.933 145.866 -38.458
3 0 73.576 145.891 -38.686 72.933 145.866 -38.458 73.934 143.139 -35.776
3 0 73.934 143.139 -35.776 74.578 143.143 -36.004 73.576 145.891 -38.686
3 0 77.263 142.229 -37.938 76.288 145.072 -40.626 76.666 145.532 -40.291
3 0 76.666 145.532 -40.291 77.656 142.676 -37.604 77.263 142.229 -37.938
3 0 76.695 141.885 -38.100 75.732 144.710 -40.787 76.288 145.072 -40.626
3 0 76.288 145.072 -40.626 77.263 142.229 -37.938 76.695 141.885 -38.100
3 0 76.040 141.697 -38.064 75.083 144.500 -40.751 75.732 144.710 -40.787
3 0 75.732 144.710 -40.787 76.695 141.885 -38.100 76.040 141.697 -38.064
3 0 75.396 141.694 -37.836 74.440 144.474 -40.522 75.083 144.500 -40.751
3 0 75.083 144.500 -40.751 76.040 141.697 -38.064 75.396 141.694 -37.836
3 0 74.971 143.590 -35.670 73.955 146.351 -38.352 73.576 145.891 -38.686
3 0 73.576 145.891 -38.686 74.578 143.143 -36.004 74.971 143.590 -35.670
3 0 75.539 143.934 -35.508 74.510 146.714 -38.191 73.955 146.351 -38.352
3 0 73.955 146.351 -38.352 74.971 143.590 -35.670 75.539 143.934 -35.508
3 0 76.194 144.122 -35.544 75.159 146.923 -38.227 74.510 146.714 -38.191
3 0 74.510 146.714 -38.191 75.539 143.934 -35.508 76.194 144.122 -35.544
3 0 76.838 144.125 -35.772 75.802 146.949 -38.455 75.159 146.923 -38.227
3 0 75.159 146.923 -38.227 76.194 144.122 -35.544 76.838 144.125 -35.772
3 0 79.522 143.211 -37.707 78.513 146.129 -40.395 78.891 146.589 -40.060
3 0 78.891 146.589 -40.060 79.915 143.658 -37.373 79.522 143.211 -37.707
3 0 78.954 142.867 -37.868 77.957 145.767 -40.556 78.513 146.129 -40.395
3 0 78.513 146.129 -40.395 79.522 143.211 -37.707 78.954 142.867 -37.868
3 0 78.299 142.679 -37.832 77.308 145.557 -40.520 77.957 145.767 -40.556
3 0 77.957 145.767 -40.556 78.954 142.867 -37.868 78.299 142.679 -37.832
3 0 77.656 142.676 -37.604 76.666 145.532 -40.291 77.308 145.557 -40.520
3 0 77.308 145.557 -40.520 78.299 142.679 -37.832 77.656 142.676 -37.604
3 0 77.230 144.572 -35.438 76.179 147.408 -38.121 75.802 146.949 -38.455
3 0 75.802 146.949 -38.455 76.838 144.125 -35.772 77.230 144.572 -35.438
3 0 77.798 144.916 -35.277 76.735 147.771 -37.960 76.179 147.408 -38.121
3 0 76.179 147.408 -38.121 77.230 144.572 -35.438 77.798 144.916 -35.277
3 0 78.453 145.103 -35.312 77.384 147.981 -37.996 76.735 147.771 -37.960
3 0 76.735 147.771 -37.960 77.798 144.916 -35.277 78.453 145.103 -35.312
3 0 79.097 145.107 -35.540 78.027 148.006 -38.224 77.384 147.981 -37.996
3 0 77.384 147.981 -37.996 78.453 145.103 -35.312 79.097 145.107 -35.540
3 0 78.405 148.466 -37.890 78.027 148.006 -38.224 79.097 145.107 -35.540
3 0 79.097 145.107 -35.540 79.490 145.554 -35.206 78.405 148.466 -37.890
3 0 78.961 148.829 -37.729 78.405 148.466 -37.890 79.490 145.554 -35.206
3 0 79.490 145.554 -35.206 80.058 145.898 -35.045 78.961 148.829 -37.729
3 0 79.609 149.038 -37.765 78.961 148.829 -37.729 80.058 145.898 -35.045
3 0 80.058 145.898 -35.045 80.713 146.086 -35.081 79.609 149.038 -37.765
3 0 80.252 149.064 -37.994 79.609 149.038 -37.765 80.713 146.086 -35.081
3 0 80.713 146.086 -35.081 81.357 146.089 -35.308 80.252 149.064 -37.994
3 0 80.792 148.901 -38.379 80.252 149.064 -37.994 81.357 146.089 -35.308
3 0 81.357 146.089 -35.308 81.891 145.907 -35.693 80.792 148.901 -38.379
3 0 81.145 148.574 -38.864 80.792 148.901 -38.379 81.891 145.907 -35.693
3 0 81.891 145.907 -35.693 82.234 145.568 -36.176 81.145 148.574 -38.864
3 0 81.259 148.134 -39.373 81.145 148.574 -38.864 82.234 145.568 -36.176
3 0 82.234 145.568 -36.176 82.333 145.123 -36.685 81.259 148.134 -39.373
3 0 81.116 147.647 -39.829 81.259 148.134 -39.373 82.333 145.123 -36.685
3 0 82.333 145.123 -36.685 82.175 144.640 -37.141 81.116 147.647 -39.829
3 0 80.738 147.187 -40.164 81.116 147.647 -39.829 82.175 144.640 -37.141
3 0 82.175 144.640 -37.141 81.782 144.193 -37.475 80.738 147.187 -40.164
3 0 80.183 146.825 -40.325 80.738 147.187 -40.164 81.782 144.193 -37.475
3 0 81.782 144.193 -37.475 81.214 143.849 -37.636 80.183 146.825 -40.325
3 0 79.534 146.615 -40.289 80.183 146.825 -40.325 81.214 143.849 -37.636
3 0 81.214 143.849 -37.636 80.559 143.661 -37.600 79.534 146.615 -40.289
3 0 78.891 146.589 -40.060 79.534 146.615 -40.289 80.559 143.661 -37.600
3 0 80.559 143.661 -37.600 79.915 143.658 -37.373 78.891 146.589 -40.060
3 0 73.024 146.751 -43.535 73.387 147.223 -43.200 74.440 144.474 -40.522
3 0 74.440 144.474 -40.522 74.062 144.014 -40.857 73.024 146.751 -43.535
3 0 72.482 146.369 -43.695 73.024 146.751 -43.535 74.062 144.014 -40.857
3 0 74.062 144.014 -40.857 73.506 143.652 -41.018 72.482 146.369 -43.695
3 0 71.841 146.136 -43.658 72.482 146.369 -43.695 73.506 143.652 -41.018
3 0 73.506 143.652 -41.018 72.858 143.442 -40.982 71.841 146.136 -43.658
3 0 71.200 146.087 -43.428 71.841 146.136 -43.658 72.858 143.442 -40.982
3 0 72.858 143.442 -40.982 72.215 143.417 -40.753 71.200 146.087 -43.428
3 0 70.656 146.229 -43.041 71.200 146.087 -43.428 72.215 143.417 -40.753
3 0 72.215 143.417 -40.753 71.675 143.580 -40.367 70.656 146.229 -43.041
3 0 70.292 146.542 -42.555 70.656 146.229 -43.041 71.675 143.580 -40.367
3 0 71.675 143.580 -40.367 71.322 143.906 -39.883 70.292 146.542 -42.555
3 0 70.164 146.976 -42.044 70.292 146.542 -42.555 71.322 143.906 -39.883
3 0 71.322 143.906 -39.883 71.208 144.346 -39.374 70.164 146.976 -42.044
3 0 70.290 147.467 -41.586 70.164 146.976 -42.044 71.208 144.346 -39.374
3 0 71.208 144.346 -39.374 71.351 144.834 -38.917 70.290 147.467 -41.586
3 0 70.653 147.939 -41.251 70.290 147.467 -41.586 71.351 144.834 -38.917
3 0 71.351 144.834 -38.917 71.729 145.293 -38.583 70.653 147.939 -41.251
3 0 71.195 148.321 -41.091 70.653 147.939 -41.251 71.729 145.293 -38.583
3 0 71.729 145.293 -38.583 72.285 145.656 -38.422 71.195 148.321 -41.091
3 0 71.836 148.554 -41.128 71.195 148.321 -41.091 72.285 145.656 -38.422
3 0 72.285 145.656 -38.422 72.933 145.866 -38.458 71.836 148.554 -41.128
3 0 72.477 148.603 -41.358 71.836 148.554 -41.128 72.933 145.866 -38.458
3 0 72.933 145.866 -38.458 73.576 145.891 -38.686 72.477 148.603 -41.358
3 0 76.288 145.072 -40.626 75.211 147.887 -43.306 75.573 148.359 -42.971
3 0 75.573 148.359 -42.971 76.666 145.532 -40.291 76.288 145.072 -40.626
3 0 75.732 144.710 -40.787 74.668 147.506 -43.467 75.211 147.887 -43.306
3 0 75.211 147.887 -43.306 76.288 145.072 -40.626 75.732 144.710 -40.787
3 0 75.083 144.500 -40.751 74.028 147.272 -43.430 74.668 147.506 -43.467
3 0 74.668 147.506 -43.467 75.732 144.710 -40.787 75.083 144.500 -40.751
3 0 74.440 144.474 -40.522 73.387 147.223 -43.200 74.028 147.272 -43.430
3 0 74.028 147.272 -43.430 75.083 144.500 -40.751 74.440 144.474 -40.522
3 0 73.955 146.351 -38.352 72.839 149.075 -41.023 72.477 148.603 -41.358
3 0 72.477 148.603 -41.358 73.576 145.891 -38.686 73.955 146.351 -38.352
3 0 74.510 146.714 -38.191 73.382 149.457 -40.862 72.839 149.075 -41.023
3 0 72.839 149.075 -41.023 73.955 146.351 -38.352 74.510 146.714 -38.191
3 0 75.159 146.923 -38.227 74.023 149.690 -40.899 73.382 149.457 -40.862
3 0 73.382 149.457 -40.862 74.510 146.714 -38.191 75.159 146.923 -38.227
3 0 75.802 146.949 -38.455 74.664 149.739 -41.129 74.023 149.690 -40.899
3 0 74.023 149.690 -40.899 75.159 146.923 -38.227 75.802 146.949 -38.455
3 0 78.513 146.129 -40.395 77.397 149.023 -43.078 77.759 149.495 -42.743
3 0 77.759 149.495 -42.743 78.891 146.589 -40.060 78.513 146.129 -40.395
3 0 77.957 145.767 -40.556 76.854 148.641 -43.239 77.397 149.023 -43.078
3 0 77.397 149.023 -43.078 78.513 146.129 -40.395 77.957 145.767 -40.556
3 0 77.308 145.557 -40.520 76.214 148.408 -43.201 76.854 148.641 -43.239
3 0 76.854 148.641 -43.239 77.957 145.767 -40.556 77.308 145.557 -40.520
3 0 76.666 145.532 -40.291 75.573 148.359 -42.971 76.214 148.408 -43.201
3 0 76.214 148.408 -43.201 77.308 145.557 -40.520 76.666 145.532 -40.291
3 0 76.179 147.408 -38.121 75.025 150.211 -40.795 74.664 149.739 -41.129
3 0 74.664 149.739 -41.129 75.802 146.949 -38.455 76.179 147.408 -38.121
3 0 76.735 147.771 -37.960 75.568 150.593 -40.634 75.025 150.211 -40.795
3 0 75.025 150.211 -40.795 76.179 147.408 -38.121 76.735 147.771 -37.960
3 0 77.384 147.981 -37.996 76.209 150.826 -40.671 75.568 150.593 -40.634
3 0 75.568 150.593 -40.634 76.735 147.771 -37.960 77.384 147.981 -37.996
3 0 78.027 148.006 -38.224 76.850 150.875 -40.901 76.209 150.826 -40.671
3 0 76.209 150.826 -40.671 77.384 147.981 -37.996 78.027 148.006 -38.224
3 0 77.212 151.348 -40.566 76.850 150.875 -40.901 78.027 148.006 -38.224
3 0 78.027 148.006 -38.224 78.405 148.466 -37.890 77.212 151.348 -40.566
3 0 77.755 151.729 -40.405 77.212 151.348 -40.566 78.405 148.466 -37.890
3 0 78.405 148.466 -37.890 78.961 148.829 -37.729 77.755 151.729 -40.405
3 0 78.395 151.963 -40.442 77.755 151.729 -40.405 78.961 148.829 -37.729
3 0 78.961 148.829 -37.729 79.609 149.038 -37.765 78.395 151.963 -40.442
3 0 79.037 152.012 -40.672 78.395 151.963 -40.442 79.609 149.038 -37.765
3 0 79.609 149.038 -37.765 80.252 149.064 -37.994 79.037 152.012 -40.672
3 0 79.580 151.869 -41.060 79.037 152.012 -40.672 80.252 149.064 -37.994
3 0 80.252 149.064 -37.994 80.792 148.901 -38.379 79.580 151.869 -41.060
3 0 79.944 151.557 -41.546 79.580 151.869 -41.060 80.792 148.901 -38.379
3 0 80.792 148.901 -38.379 81.145 148.574 -38.864 79.944 151.557 -41.546
3 0 80.073 151.123 -42.057 79.944 151.557 -41.546 81.145 148.574 -38.864
3 0 81.145 148.574 -38.864 81.259 148.134 -39.373 80.073 151.123 -42.057
3 0 79.946 150.632 -42.514 80.073 151.123 -42.057 81.259 148.134 -39.373
3 0 81.259 148.134 -39.373 81.116 147.647 -39.829 79.946 150.632 -42.514
3 0 79.584 150.160 -42.849 79.946 150.632 -42.514 81.116 147.647 -39.829
3 0 81.116 147.647 -39.829 80.738 147.187 -40.164 79.584 150.160 -42.849
3 0 79.041 149.778 -43.010 79.584 150.160 -42.849 80.738 147.187 -40.164
3 0 80.738 147.187 -40.164 80.183 146.825 -40.325 79.041 149.778 -43.010
3 0 78.400 149.545 -42.973 79.041 149.778 -43.010 80.183 146.825 -40.325
3 0 80.183 146.825 -40.325 79.534 146.615 -40.289 78.400 149.545 -42.973
3 0 77.759 149.495 -42.743 78.400 149.545 -42.973 79.534 146.615 -40.289
3 0 79.534 146.615 -40.289 78.891 146.589 -40.060 77.759 149.495 -42.743
3 0 71.880 149.451 -46.199 72.225 149.936 -45.864 73.387 147.223 -43.200
3 0 73.387 147.223 -43.200 73.024 146.751 -43.535 71.880 149.451 -46.199
3 0 71.352 149.050 -46.359 71.880 149.451 -46.199 73.024 146.751 -43.535
3 0 73.024 146.751 -43.535 72.482 146.369 -43.695 71.352 149.050 -46.359
3 0 70.721 148.792 -46.320 71.352 149.050 -46.359 72.482 146.369 -43.695
3 0 72.482 146.369 -43.695 71.841 146.136 -43.658 70.721 148.792 -46.320
3 0 70.083 148.717 -46.087 70.721 148.792 -46.320 71.841 146.136 -43.658
3 0 71.841 146.136 -43.658 71.200 146.087 -43.428 70.083 148.717 -46.087
3 0 69.536 148.837 -45.697 70.083 148.717 -46.087 71.200 146.087 -43.428
3 0 71.200 146.087 -43.428 70.656 146.229 -43.041 69.536 148.837 -45.697
3 0 69.163 149.133 -45.208 69.536 148.837 -45.697 70.656 146.229 -43.041
3 0 70.656 146.229 -43.041 70.292 146.542 -42.555 69.163 149.133 -45.208
3 0 69.020 149.560 -44.695 69.163 149.133 -45.208 70.292 146.542 -42.555
3 0 70.292 146.542 -42.555 70.164 146.976 -42.044 69.020 149.560 -44.695
3 0 69.129 150.054 -44.236 69.020 149.560 -44.695 70.164 146.976 -42.044
3 0 70.164 146.976 -42.044 70.290 147.467 -41.586 69.129 150.054 -44.236
3 0 69.474 150.538 -43.901 69.129 150.054 -44.236 70.290 147.467 -41.586
3 0 70.290 147.467 -41.586 70.653 147.939 -41.251 69.474 150.538 -43.901
3 0 70.003 150.940 -43.741 69.474 150.538 -43.901 70.653 147.939 -41.251
3 0 70.653 147.939 -41.251 71.195 148.321 -41.091 70.003 150.940 -43.741
3 0 70.633 151.198 -43.780 70.003 150.940 -43.741 71.195 148.321 -41.091
3 0 71.195 148.321 -41.091 71.836 148.554 -41.128 70.633 151.198 -43.780
3 0 71.271 151.273 -44.012 70.633 151.198 -43.780 71.836 148.554 -41.128
3 0 71.836 148.554 -41.128 72.477 148.603 -41.358 71.271 151.273 -44.012
3 0 75.211 147.887 -43.306 74.023 150.671 -45.975 74.368 151.155 -45.640
3 0 74.368 151.155 -45.640 75.573 148.359 -42.971 75.211 147.887 -43.306
3 0 74.668 147.506 -43.467 73.494 150.269 -46.135 74.023 150.671 -45.975
3 0 74.023 150.671 -45.975 75.211 147.887 -43.306 74.668 147.506 -43.467
3 0 74.028 147.272 -43.430 72.863 150.011 -46.096 73.494 150.269 -46.135
3 0 73.494 150.269 -46.135 74.668 147.506 -43.467 74.028 147.272 -43.430
3 0 73.387 147.223 -43.200 72.225 149.936 -45.864 72.863 150.011 -46.096
3 0 72.863 150.011 -46.096 74.028 147.272 -43.430 73.387 147.223 -43.200
3 0 72.839 149.075 -41.023 71.616 151.758 -43.677 71.271 151.273 -44.012
3 0 71.271 151.273 -44.012 72.477 148.603 -41.358 72.839 149.075 -41.023
3 0 73.382 149.457 -40.862 72.145 152.159 -43.517 71.616 151.758 -43.677
3 0 71.616 151.758 -43.677 72.839 149.075 -41.023 73.382 149.457 -40.862
3 0 74.023 149.690 -40.899 72.776 152.417 -43.556 72.145 152.159 -43.517
3 0 72.145 152.159 -43.517 73.382 149.457 -40.862 74.023 149.690 -40.899
3 0 74.664 149.739 -41.129 73.413 152.492 -43.789 72.776 152.417 -43.556
3 0 72.776 152.417 -43.556 74.023 149.690 -40.899 74.664 149.739 -41.129
3 0 77.397 149.023 -43.078 76.164 151.889 -45.751 76.509 152.374 -45.416
3 0 76.509 152.374 -45.416 77.759 149.495 -42.743 77.397 149.023 -43.078
3 0 76.854 148.641 -43.239 75.636 151.487 -45.911 76.164 151.889 -45.751
3 0 76.164 151.889 -45.751 77.397 149.023 -43.078 76.854 148.641 -43.239
3 0 76.214 148.408 -43.201 75.005 151.229 -45.872 75.636 151.487 -45.911
3 0 75.636 151.487 -45.911 76.854 148.641 -43.239 76.214 148.408 -43.201
3 0 75.573 148.359 -42.971 74.368 151.155 -45.640 75.005 151.229 -45.872
3 0 75.005 151.229 -45.872 76.214 148.408 -43.201 75.573 148.359 -42.971
3 0 75.025 150.211 -40.795 73.758 152.976 -43.454 73.413 152.492 -43.789
3 0 73.413 152.492 -43.789 74.664 149.739 -41.129 75.025 150.211 -40.795
3 0 75.568 150.593 -40.634 74.286 153.378 -43.293 73.758 152.976 -43.454
3 0 73.758 152.976 -43.454 75.025 150.211 -40.795 75.568 150.593 -40.634
3 0 76.209 150.826 -40.671 74.917 153.636 -43.333 74.286 153.378 -43.293
3 0 74.286 153.378 -43.293 75.568 150.593 -40.634 76.209 150.826 -40.671
3 0 76.850 150.875 -40.901 75.555 153.711 -43.565 74.917 153.636 -43.333
3 0 74.917 153.636 -43.333 76.209 150.826 -40.671 76.850 150.875 -40.901
3 0 75.900 154.195 -43.230 75.555 153.711 -43.565 76.850 150.875 -40.901
3 0 76.850 150.875 -40.901 77.212 151.348 -40.566 75.900 154.195 -43.230
3 0 76.428 154.597 -43.070 75.900 154.195 -43.230 77.212 151.348 -40.566
3 0 77.212 151.348 -40.566 77.755 151.729 -40.405 76.428 154.597 -43.070
3 0 77.059 154.855 -43.109 76.428 154.597 -43.070 77.755 151.729 -40.405
3 0 77.755 151.729 -40.405 78.395 151.963 -40.442 77.059 154.855 -43.109
3 0 77.697 154.930 -43.341 77.059 154.855 -43.109 78.395 151.963 -40.442
3 0 78.395 151.963 -40.442 79.037 152.012 -40.672 77.697 154.930 -43.341
3 0 78.244 154.810 -43.732 77.697 154.930 -43.341 79.037 152.012 -40.672
3 0 79.037 152.012 -40.672 79.580 151.869 -41.060 78.244 154.810 -43.732
3 0 78.618 154.514 -44.220 78.244 154.810 -43.732 79.580 151.869 -41.060
3 0 79.580 151.869 -41.060 79.944 151.557 -41.546 78.618 154.514 -44.220
3 0 78.761 154.087 -44.733 78.618 154.514 -44.220 79.944 151.557 -41.546
3 0 79.944 151.557 -41.546 80.073 151.123 -42.057 78.761 154.087 -44.733
3 0 78.651 153.593 -45.192 78.761 154.087 -44.733 80.073 151.123 -42.057
3 0 80.073 151.123 -42.057 79.946 150.632 -42.514 78.651 153.593 -45.192
3 0 78.306 153.108 -45.527 78.651 153.593 -45.192 79.946 150.632 -42.514
3 0 79.946 150.632 -42.514 79.584 150.160 -42.849 78.306 153.108 -45.527
3 0 77.778 152.707 -45.688 78.306 153.108 -45.527 79.584 150.160 -42.849
3 0 79.584 150.160 -42.849 79.041 149.778 -43.010 77.778 152.707 -45.688
3 0 77.147 152.449 -45.649 77.778 152.707 -45.688 79.041 149.778 -43.010
3 0 79.041 149.778 -43.010 78.400 149.545 -42.973 77.147 152.449 -45.649
3 0 76.509 152.374 -45.416 77.147 152.449 -45.649 78.400 149.545 -42.973
3 0 78.400 149.545 -42.973 77.759 149.495 -42.743 76.509 152.374 -45.416
3 0 70.619 152.111 -48.843 70.946 152.608 -48.508 72.225 149.936 -45.864
3 0 72.225 149.936 -45.864 71.880 149.451 -46.199 70.619 152.111 -48.843
3 0 70.107 151.688 -49.002 70.619 152.111 -48.843 71.880 149.451 -46.199
3 0 71.880 149.451 -46.199 71.352 149.050 -46.359 70.107 151.688 -49.002
3 0 69.488 151.404 -48.961 70.107 151.688 -49.002 71.352 149.050 -46.359
3 0 71.352 149.050 -46.359 70.721 148.792 -46.320 69.488 151.404 -48.961
3 0 68.855 151.301 -48.725 69.488 151.404 -48.961 70.721 148.792 -46.320
3 0 70.721 148.792 -46.320 70.083 148.717 -46.087 68.855 151.301 -48.725
3 0 68.306 151.396 -48.330 68.855 151.301 -48.725 70.083 148.717 -46.087
3 0 70.083 148.717 -46.087 69.536 148.837 -45.697 68.306 151.396 -48.330
3 0 67.924 151.674 -47.837 68.306 151.396 -48.330 69.536 148.837 -45.697
3 0 69.536 148.837 -45.697 69.163 149.133 -45.208 67.924 151.674 -47.837
3 0 67.766 152.093 -47.321 67.924 151.674 -47.837 69.163 149.133 -45.208
3 0 69.163 149.133 -45.208 69.020 149.560 -44.695 67.766 152.093 -47.321
3 0 67.858 152.588 -46.861 67.766 152.093 -47.321 69.020 149.560 -44.695
3 0 69.020 149.560 -44.695 69.129 150.054 -44.236 67.858 152.588 -46.861
3 0 68.185 153.085 -46.525 67.858 152.588 -46.861 69.129 150.054 -44.236
3 0 69.129 150.054 -44.236 69.474 150.538 -43.901 68.185 153.085 -46.525
3 0 68.697 153.508 -46.366 68.185 153.085 -46.525 69.474 150.538 -43.901
3 0 69.474 150.538 -43.901 70.003 150.940 -43.741 68.697 153.508 -46.366
3 0 69.316 153.792 -46.408 68.697 153.508 -46.366 70.003 150.940 -43.741
3 0 70.003 150.940 -43.741 70.633 151.198 -43.780 69.316 153.792 -46.408
3 0 69.949 153.894 -46.644 69.316 153.792 -46.408 70.633 151.198 -43.780
3 0 70.633 151.198 -43.780 71.271 151.273 -44.012 69.949 153.894 -46.644
3 0 74.023 150.671 -45.975 72.710 153.417 -48.627 73.037 153.914 -48.291
3 0 73.037 153.914 -48.291 74.368 151.155 -45.640 74.023 150.671 -45.975
3 0 73.494 150.269 -46.135 72.198 152.994 -48.786 72.710 153.417 -48.627
3 0 72.710 153.417 -48.627 74.023 150.671 -45.975 73.494 150.269 -46.135
3 0 72.863 150.011 -46.096 71.578 152.710 -48.744 72.198 152.994 -48.786
3 0 72.198 152.994 -48.786 73.494 150.269 -46.135 72.863 150.011 -46.096
3 0 72.225 149.936 -45.864 70.946 152.608 -48.508 71.578 152.710 -48.744
3 0 71.578 152.710 -48.744 72.863 150.011 -46.096 72.225 149.936 -45.864
3 0 71.616 151.758 -43.677 70.276 154.392 -46.309 69.949 153.894 -46.644
3 0 69.949 153.894 -46.644 71.271 151.273 -44.012 71.616 151.758 -43.677
3 0 72.145 152.159 -43.517 70.788 154.814 -46.150 70.276 154.392 -46.309
3 0 70.276 154.392 -46.309 71.616 151.758 -43.677 72.145 152.159 -43.517
3 0 72.776 152.417 -43.556 71.407 155.099 -46.191 70.788 154.814 -46.150
3 0 70.788 154.814 -46.150 72.145 152.159 -43.517 72.776 152.417 -43.556
3 0 73.413 152.492 -43.789 72.040 155.201 -46.427 71.407 155.099 -46.191
3 0 71.407 155.099 -46.191 72.776 152.417 -43.556 73.413 152.492 -43.789
3 0 76.164 151.889 -45.751 74.800 154.723 -48.410 75.127 155.220 -48.075
3 0 75.127 155.220 -48.075 76.509 152.374 -45.416 76.164 151.889 -45.751
3 0 75.636 151.487 -45.911 74.288 154.300 -48.569 74.800 154.723 -48.410
3 0 74.800 154.723 -48.410 76.164 151.889 -45.751 75.636 151.487 -45.911
3 0 75.005 151.229 -45.872 73.669 154.016 -48.528 74.288 154.300 -48.569
3 0 74.288 154.300 -48.569 75.636 151.487 -45.911 75.005 151.229 -45.872
3 0 74.368 151.155 -45.640 73.037 153.914 -48.291 73.669 154.016 -48.528
3 0 73.669 154.016 -48.528 75.005 151.229 -45.872 74.368 151.155 -45.640
3 0 73.758 152.976 -43.454 72.366 155.697 -46.092 72.040 155.201 -46.427
3 0 72.040 155.201 -46.427 73.413 152.492 -43.789 73.758 152.976 -43.454
3 0 74.286 153.378 -43.293 72.878 156.120 -45.933 72.366 155.697 -46.092
3 0 72.366 155.697 -46.092 73.758 152.976 -43.454 74.286 153.378 -43.293
3 0 74.917 153.636 -43.333 73.497 156.404 -45.975 72.878 156.120 -45.933
3 0 72.878 156.120 -45.933 74.286 153.378 -43.293 74.917 153.636 -43.333
3 0 75.555 153.711 -43.565 74.130 156.507 -46.211 73.497 156.404 -45.975
3 0 73.497 156.404 -45.975 74.917 153.636 -43.333 75.555 153.711 -43.565
3 0 74.457 157.004 -45.875 74.130 156.507 -46.211 75.555 153.711 -43.565
3 0 75.555 153.711 -43.565 75.900 154.195 -43.230 74.457 157.004 -45.875
3 0 74.969 157.427 -45.717 74.457 157.004 -45.875 75.900 154.195 -43.230
3 0 75.900 154.195 -43.230 76.428 154.597 -43.070 74.969 157.427 -45.717
3 0 75.588 157.711 -45.758 74.969 157.427 -45.717 76.428 154.597 -43.070
3 0 76.428 154.597 -43.070 77.059 154.855 -43.109 75.588 157.711 -45.758
3 0 76.221 157.813 -45.994 75.588 157.711 -45.758 77.059 154.855 -43.109
3 0 77.059 154.855 -43.109 77.697 154.930 -43.341 76.221 157.813 -45.994
3 0 76.770 157.718 -46.389 76.221 157.813 -45.994 77.697 154.930 -43.341
3 0 77.697 154.930 -43.341 78.244 154.810 -43.732 76.770 157.718 -46.389
3 0 77.152 157.441 -46.881 76.770 157.718 -46.389 78.244 154.810 -43.732
3 0 78.244 154.810 -43.732 78.618 154.514 -44.220 77.152 157.441 -46.881
3 0 77.309 157.022 -47.397 77.152 157.441 -46.881 78.618 154.514 -44.220
3 0 78.618 154.514 -44.220 78.761 154.087 -44.733 77.309 157.022 -47.397
3 0 77.218 156.527 -47.858 77.309 157.022 -47.397 78.761 154.087 -44.733
3 0 78.761 154.087 -44.733 78.651 153.593 -45.192 77.218 156.527 -47.858
3 0 76.891 156.030 -48.194 77.218 156.527 -47.858 78.651 153.593 -45.192
3 0 78.651 153.593 -45.192 78.306 153.108 -45.527 76.891 156.030 -48.194
3 0 76.379 155.607 -48.353 76.891 156.030 -48.194 78.306 153.108 -45.527
3 0 78.306 153.108 -45.527 77.778 152.707 -45.688 76.379 155.607 -48.353
3 0 75.759 155.323 -48.311 76.379 155.607 -48.353 77.778 152.707 -45.688
3 0 77.778 152.707 -45.688 77.147 152.449 -45.649 75.759 155.323 -48.311
3 0 75.127 155.220 -48.075 75.759 155.323 -48.311 77.147 152.449 -45.649
3 0 77.147 152.449 -45.649 76.509 152.374 -45.416 75.127 155.220 -48.075
3 0 69.229 154.722 -51.461 69.536 155.231 -51.125 70.946 152.608 -48.508
3 0 70.946 152.608 -48.508 70.619 152.111 -48.843 69.229 154.722 -51.461
3 0 68.735 154.277 -51.618 69.229 154.722 -51.461 70.619 152.111 -48.843
3 0 70.619 152.111 -48.843 70.107 151.688 -49.002 68.735 154.277 -51.618
3 0 68.130 153.965 -51.573 68.735 154.277 -51.618 70.107 151.688 -49.002
3 0 70.107 151.688 -49.002 69.488 151.404 -48.961 68.130 153.965 -51.573
3 0 67.505 153.832 -51.331 68.130 153.965 -51.573 69.488 151.404 -48.961
3 0 69.488 151.404 -48.961 68.855 151.301 -48.725 67.505 153.832 -51.331
3 0 66.956 153.899 -50.931 67.505 153.832 -51.331 68.855 151.301 -48.725
3 0 68.855 151.301 -48.725 68.306 151.396 -48.330 66.956 153.899 -50.931
3 0 66.566 154.156 -50.433 66.956 153.899 -50.931 68.306 151.396 -48.330
3 0 68.306 151.396 -48.330 67.924 151.674 -47.837 66.566 154.156 -50.433
3 0 66.394 154.564 -49.913 66.566 154.156 -50.433 67.924 151.674 -47.837
3 0 67.924 151.674 -47.837 67.766 152.093 -47.321 66.394 154.564 -49.913
3 0 66.468 155.060 -49.450 66.394 154.564 -49.913 67.766 152.093 -47.321
3 0 67.766 152.093 -47.321 67.858 152.588 -46.861 66.468 155.060 -49.450
3 0 66.775 155.569 -49.114 66.468 155.060 -49.450 67.858 152.588 -46.861
3 0 67.858 152.588 -46.861 68.185 153.085 -46.525 66.775 155.569 -49.114
3 0 67.268 156.014 -48.957 66.775 155.569 -49.114 68.185 153.085 -46.525
3 0 68.185 153.085 -46.525 68.697 153.508 -46.366 67.268 156.014 -48.957
3 0 67.874 156.327 -49.003 67.268 156.014 -48.957 68.697 153.508 -46.366
3 0 68.697 153.508 -46.366 69.316 153.792 -46.408 67.874 156.327 -49.003
3 0 68.499 156.459 -49.244 67.874 156.327 -49.003 69.316 153.792 -46.408
3 0 69.316 153.792 -46.408 69.949 153.894 -46.644 68.499 156.459 -49.244
3 0 72.710 153.417 -48.627 71.260 156.121 -51.255 71.567 156.631 -50.919
3 0 71.567 156.631 -50.919 73.037 153.914 -48.291 72.710 153.417 -48.627
3 0 72.198 152.994 -48.786 70.766 155.677 -51.412 71.260 156.121 -51.255
3 0 71.260 156.121 -51.255 72.710 153.417 -48.627 72.198 152.994 -48.786
3 0 71.578 152.710 -48.744 70.161 155.364 -51.366 70.766 155.677 -51.412
3 0 70.766 155.677 -51.412 72.198 152.994 -48.786 71.578 152.710 -48.744
3 0 70.946 152.608 -48.508 69.536 155.231 -51.125 70.161 155.364 -51.366
3 0 70.161 155.364 -51.366 71.578 152.710 -48.744 70.946 152.608 -48.508
3 0 70.276 154.392 -46.309 68.806 156.969 -48.908 68.499 156.459 -49.244
3 0 68.499 156.459 -49.244 69.949 153.894 -46.644 70.276 154.392 -46.309
3 0 70.788 154.814 -46.150 69.299 157.414 -48.751 68.806 156.969 -48.908
3 0 68.806 156.969 -48.908 70.276 154.392 -46.309 70.788 154.814 -46.150
3 0 71.407 155.099 -46.191 69.905 157.726 -48.796 69.299 157.414 -48.751
3 0 69.299 157.414 -48.751 70.788 154.814 -46.150 71.407 155.099 -46.191
3 0 72.040 155.201 -46.427 70.529 157.859 -49.037 69.905 157.726 -48.796
3 0 69.905 157.726 -48.796 71.407 155.099 -46.191 72.040 155.201 -46.427
3 0 74.800 154.723 -48.410 73.290 157.520 -51.049 73.597 158.029 -50.713
3 0 73.597 158.029 -50.713 75.127 155.220 -48.075 74.800 154.723 -48.410
3 0 74.288 154.300 -48.569 72.796 157.075 -51.206 73.290 157.520 -51.049
3 0 73.290 157.520 -51.049 74.800 154.723 -48.410 74.288 154.300 -48.569
3 0 73.669 154.016 -48.528 72.191 156.763 -51.160 72.796 157.075 -51.206
3 0 72.796 157.075 -51.206 74.288 154.300 -48.569 73.669 154.016 -48.528
3 0 73.037 153.914 -48.291 71.567 156.631 -50.919 72.191 156.763 -51.160
3 0 72.191 156.763 -51.160 73.669 154.016 -48.528 73.037 153.914 -48.291
3 0 72.366 155.697 -46.092 70.836 158.368 -48.702 70.529 157.859 -49.037
3 0 70.529 157.859 -49.037 72.040 155.201 -46.427 72.366 155.697 -46.092
3 0 72.878 156.120 -45.933 71.329 158.812 -48.545 70.836 158.368 -48.702
3 0 70.836 158.368 -48.702 72.366 155.697 -46.092 72.878 156.120 -45.933
3 0 73.497 156.404 -45.975 71.935 159.125 -48.590 71.329 158.812 -48.545
3 0 71.329 158.812 -48.545 72.878 156.120 -45.933 73.497 156.404 -45.975
3 0 74.130 156.507 -46.211 72.560 159.258 -48.831 71.935 159.125 -48.590
3 0 71.935 159.125 -48.590 73.497 156.404 -45.975 74.130 156.507 -46.211
3 0 72.867 159.767 -48.496 72.560 159.258 -48.831 74.130 156.507 -46.211
3 0 74.130 156.507 -46.211 74.457 157.004 -45.875 72.867 159.767 -48.496
3 0 73.360 160.212 -48.339 72.867 159.767 -48.496 74.457 157.004 -45.875
3 0 74.457 157.004 -45.875 74.969 157.427 -45.717 73.360 160.212 -48.339
3 0 73.966 160.524 -48.384 73.360 160.212 -48.339 74.969 157.427 -45.717
3 0 74.969 157.427 -45.717 75.588 157.711 -45.758 73.966 160.524 -48.384
3 0 74.591 160.657 -48.625 73.966 160.524 -48.384 75.588 157.711 -45.758
3 0 75.588 157.711 -45.758 76.221 157.813 -45.994 74.591 160.657 -48.625
3 0 75.140 160.590 -49.025 74.591 160.657 -48.625 76.221 157.813 -45.994
3 0 76.221 157.813 -45.994 76.770 157.718 -46.389 75.140 160.590 -49.025
3 0 75.530 160.333 -49.523 75.140 160.590 -49.025 76.770 157.718 -46.389
3 0 76.770 157.718 -46.389 77.152 157.441 -46.881 75.530 160.333 -49.523
3 0 75.701 159.925 -50.044 75.530 160.333 -49.523 77.152 157.441 -46.881
3 0 77.152 157.441 -46.881 77.309 157.022 -47.397 75.701 159.925 -50.044
3 0 75.628 159.429 -50.507 75.701 159.925 -50.044 77.309 157.022 -47.397
3 0 77.309 157.022 -47.397 77.218 156.527 -47.858 75.628 159.429 -50.507
3 0 75.321 158.920 -50.843 75.628 159.429 -50.507 77.218 156.527 -47.858
3 0 77.218 156.527 -47.858 76.891 156.030 -48.194 75.321 158.920 -50.843
3 0 74.827 158.475 -51.000 75.321 158.920 -50.843 76.891 156.030 -48.194
3 0 76.891 156.030 -48.194 76.379 155.607 -48.353 74.827 158.475 -51.000
3 0 74.222 158.162 -50.954 74.827 158.475 -51.000 76.379 155.607 -48.353
3 0 76.379 155.607 -48.353 75.759 155.323 -48.311 74.222 158.162 -50.954
3 0 73.597 158.029 -50.713 74.222 158.162 -50.954 75.759 155.323 -48.311
3 0 75.759 155.323 -48.311 75.127 155.220 -48.075 73.597 158.029 -50.713
3 0 67.689 157.279 -54.043 67.975 157.800 -53.706 69.536 155.231 -51.125
3 0 69.536 155.231 -51.125 69.229 154.722 -51.461 67.689 157.279 -54.043
3 0 67.215 156.812 -54.197 67.689 157.279 -54.043 69.229 154.722 -51.461
3 0 69.229 154.722 -51.461 68.735 154.277 -51.618 67.215 156.812 -54.197
3 0 66.626 156.470 -54.147 67.215 156.812 -54.197 68.735 154.277 -51.618
3 0 68.735 154.277 -51.618 68.130 153.965 -51.573 66.626 156.470 -54.147
3 0 66.011 156.305 -53.900 66.626 156.470 -54.147 68.130 153.965 -51.573
3 0 68.130 153.965 -51.573 67.505 153.832 -51.331 66.011 156.305 -53.900
3 0 65.465 156.343 -53.493 66.011 156.305 -53.900 67.505 153.832 -51.331
3 0 67.505 153.832 -51.331 66.956 153.899 -50.931 65.465 156.343 -53.493
3 0 65.069 156.577 -52.988 65.465 156.343 -53.493 66.956 153.899 -50.931
3 0 66.956 153.899 -50.931 66.566 154.156 -50.433 65.069 156.577 -52.988
3 0 64.884 156.972 -52.463 65.069 156.577 -52.988 66.566 154.156 -50.433
3 0 66.566 154.156 -50.433 66.394 154.564 -49.913 64.884 156.972 -52.463
3 0 64.939 157.467 -51.997 64.884 156.972 -52.463 66.394 154.564 -49.913
3 0 66.394 154.564 -49.913 66.468 155.060 -49.450 64.939 157.467 -51.997
3 0 65.225 157.988 -51.660 64.939 157.467 -51.997 66.468 155.060 -49.450
3 0 66.468 155.060 -49.450 66.775 155.569 -49.114 65.225 157.988 -51.660
3 0 65.698 158.455 -51.505 65.225 157.988 -51.660 66.775 155.569 -49.114
3 0 66.775 155.569 -49.114 67.268 156.014 -48.957 65.698 158.455 -51.505
3 0 66.287 158.797 -51.555 65.698 158.455 -51.505 67.268 156.014 -48.957
3 0 67.268 156.014 -48.957 67.874 156.327 -49.003 66.287 158.797 -51.555
3 0 66.902 158.962 -51.803 66.287 158.797 -51.555 67.874 156.327 -49.003
3 0 67.874 156.327 -49.003 68.499 156.459 -49.244 66.902 158.962 -51.803
3 0 71.260 156.121 -51.255 69.652 158.773 -53.849 69.938 159.294 -53.513
3 0 69.938 159.294 -53.513 71.567 156.631 -50.919 71.260 156.121 -51.255
3 0 70.766 155.677 -51.412 69.179 158.306 -54.004 69.652 158.773 -53.849
3 0 69.652 158.773 -53.849 71.260 156.121 -51.255 70.766 155.677 -51.412
3 0 70.161 155.364 -51.366 68.590 157.964 -53.954 69.179 158.306 -54.004
3 0 69.179 158.306 -54.004 70.766 155.677 -51.412 70.161 155.364 -51.366
3 0 69.536 155.231 -51.125 67.975 157.800 -53.706 68.590 157.964 -53.954
3 0 68.590 157.964 -53.954 70.161 155.364 -51.366 69.536 155.231 -51.125
3 0 68.806 156.969 -48.908 67.188 159.483 -51.467 66.902 158.962 -51.803
3 0 66.902 158.962 -51.803 68.499 156.459 -49.244 68.806 156.969 -48.908
3 0 69.299 157.414 -48.751 67.662 159.950 -51.312 67.188 159.483 -51.467
3 0 67.188 159.483 -51.467 68.806 156.969 -48.908 69.299 157.414 -48.751
3 0 69.905 157.726 -48.796 68.251 160.292 -51.362 67.662 159.950 -51.312
3 0 67.662 159.950 -51.312 69.299 157.414 -48.751 69.905 157.726 -48.796
3 0 70.529 157.859 -49.037 68.865 160.456 -51.609 68.251 160.292 -51.362
3 0 68.251 160.292 -51.362 69.905 157.726 -48.796 70.529 157.859 -49.037
3 0 73.290 157.520 -51.049 71.615 160.267 -53.655 71.900 160.788 -53.319
3 0 71.900 160.788 -53.319 73.597 158.029 -50.713 73.290 157.520 -51.049
3 0 72.796 157.075 -51.206 71.141 159.800 -53.810 71.615 160.267 -53.655
3 0 71.615 160.267 -53.655 73.290 157.520 -51.049 72.796 157.075 -51.206
3 0 72.191 156.763 -51.160 70.552 159.458 -53.760 71.141 159.800 -53.810
3 0 71.141 159.800 -53.810 72.796 157.075 -51.206 72.191 156.763 -51.160
3 0 71.567 156.631 -50.919 69.938 159.294 -53.513 70.552 159.458 -53.760
3 0 70.552 159.458 -53.760 72.191 156.763 -51.160 71.567 156.631 -50.919
3 0 70.836 158.368 -48.702 69.151 160.977 -51.273 68.865 160.456 -51.609
3 0 68.865 160.456 -51.609 70.529 157.859 -49.037 70.836 158.368 -48.702
3 0 71.329 158.812 -48.545 69.624 161.444 -51.118 69.151 160.977 -51.273
3 0 69.151 160.977 -51.273 70.836 158.368 -48.702 71.329 158.812 -48.545
3 0 71.935 159.125 -48.590 70.213 161.786 -51.168 69.624 161.444 -51.118
3 0 69.624 161.444 -51.118 71.329 158.812 -48.545 71.935 159.125 -48.590
3 0 72.560 159.258 -48.831 70.828 161.950 -51.415 70.213 161.786 -51.168
3 0 70.213 161.786 -51.168 71.935 159.125 -48.590 72.560 159.258 -48.831
3 0 71.114 162.471 -51.079 70.828 161.950 -51.415 72.560 159.258 -48.831
3 0 72.560 159.258 -48.831 72.867 159.767 -48.496 71.114 162.471 -51.079
3 0 71.588 162.938 -50.924 71.114 162.471 -51.079 72.867 159.767 -48.496
3 0 72.867 159.767 -48.496 73.360 160.212 -48.339 71.588 162.938 -50.924
3 0 72.176 163.280 -50.974 71.588 162.938 -50.924 73.360 160.212 -48.339
3 0 73.360 160.212 -48.339 73.966 160.524 -48.384 72.176 163.280 -50.974
3 0 72.791 163.445 -51.222 72.176 163.280 -50.974 73.966 160.524 -48.384
3 0 73.966 160.524 -48.384 74.591 160.657 -48.625 72.791 163.445 -51.222
3 0 73.338 163.407 -51.629 72.791 163.445 -51.222 74.591 160.657 -48.625
3 0 74.591 160.657 -48.625 75.140 160.590 -49.025 73.338 163.407 -51.629
3 0 73.734 163.173 -52.133 73.338 163.407 -51.629 75.140 160.590 -49.025
3 0 75.140 160.590 -49.025 75.530 160.333 -49.523 73.734 163.173 -52.133
3 0 73.919 162.778 -52.659 73.734 163.173 -52.133 75.530 160.333 -49.523
3 0 75.530 160.333 -49.523 75.701 159.925 -50.044 73.919 162.778 -52.659
3 0 73.864 162.282 -53.125 73.919 162.778 -52.659 75.701 159.925 -50.044
3 0 75.701 159.925 -50.044 75.628 159.429 -50.507 73.864 162.282 -53.125
3 0 73.578 161.761 -53.462 73.864 162.282 -53.125 75.628 159.429 -50.507
3 0 75.628 159.429 -50.507 75.321 158.920 -50.843 73.578 161.761 -53.462
3 0 73.104 161.295 -53.616 73.578 161.761 -53.462 75.321 158.920 -50.843
3 0 75.321 158.920 -50.843 74.827 158.475 -51.000 73.104 161.295 -53.616
3 0 72.515 160.953 -53.566 73.104 161.295 -53.616 74.827 158.475 -51.000
3 0 74.827 158.475 -51.000 74.222 158.162 -50.954 72.515 160.953 -53.566
3 0 71.900 160.788 -53.319 72.515 160.953 -53.566 74.222 158.162 -50.954
3 0 74.222 158.162 -50.954 73.597 158.029 -50.713 71.900 160.788 -53.319
3 0 66.217 159.459 -56.267 66.481 159.991 -55.930 67.975 157.800 -53.706
3 0 67.975 157.800 -53.706 67.689 157.279 -54.043 66.217 159.459 -56.267
3 0 65.765 158.971 -56.419 66.217 159.459 -56.267 67.689 157.279 -54.043
3 0 67.689 157.279 -54.043 67.215 156.812 -54.197 65.765 158.971 -56.419
3 0 65.195 158.599 -56.364 65.765 158.971 -56.419 67.215 156.812 -54.197
3 0 67.215 156.812 -54.197 66.626 156.470 -54.147 65.195 158.599 -56.364
3 0 64.593 158.402 -56.110 65.195 158.599 -56.364 66.626 156.470 -54.147
3 0 66.626 156.470 -54.147 66.011 156.305 -53.900 64.593 158.402 -56.110
3 0 64.050 158.408 -55.695 64.593 158.402 -56.110 66.011 156.305 -53.900
3 0 66.011 156.305 -53.900 65.465 156.343 -53.493 64.050 158.408 -55.695
3 0 63.651 158.618 -55.182 64.050 158.408 -55.695 65.465 156.343 -53.493
3 0 65.465 156.343 -53.493 65.069 156.577 -52.988 63.651 158.618 -55.182
3 0 63.454 158.998 -54.650 63.651 158.618 -55.182 65.069 156.577 -52.988
3 0 65.069 156.577 -52.988 64.884 156.972 -52.463 63.454 158.998 -54.650
3 0 63.491 159.492 -54.180 63.454 158.998 -54.650 64.884 156.972 -52.463
3 0 64.884 156.972 -52.463 64.939 157.467 -51.997 63.491 159.492 -54.180
3 0 63.756 160.023 -53.843 63.491 159.492 -54.180 64.939 157.467 -51.997
3 0 64.939 157.467 -51.997 65.225 157.988 -51.660 63.756 160.023 -53.843
3 0 64.208 160.512 -53.690 63.756 160.023 -53.843 65.225 157.988 -51.660
3 0 65.225 157.988 -51.660 65.698 158.455 -51.505 64.208 160.512 -53.690
3 0 64.778 160.883 -53.745 64.208 160.512 -53.690 65.698 158.455 -51.505
3 0 65.698 158.455 -51.505 66.287 158.797 -51.555 64.778 160.883 -53.745
3 0 65.380 161.081 -54.000 64.778 160.883 -53.745 66.287 158.797 -51.555
3 0 66.287 158.797 -51.555 66.902 158.962 -51.803 65.380 161.081 -54.000
3 0 69.652 158.773 -53.849 68.105 161.049 -56.087 68.370 161.580 -55.750
3 0 68.370 161.580 -55.750 69.938 159.294 -53.513 69.652 158.773 -53.849
3 0 69.179 158.306 -54.004 67.654 160.560 -56.239 68.105 161.049 -56.087
3 0 68.105 161.049 -56.087 69.652 158.773 -53.849 69.179 158.306 -54.004
3 0 68.590 157.964 -53.954 67.083 160.189 -56.184 67.654 160.560 -56.239
3 0 67.654 160.560 -56.239 69.179 158.306 -54.004 68.590 157.964 -53.954
3 0 67.975 157.800 -53.706 66.481 159.991 -55.930 67.083 160.189 -56.184
3 0 67.083 160.189 -56.184 68.590 157.964 -53.954 67.975 157.800 -53.706
3 0 67.188 159.483 -51.467 65.644 161.613 -53.663 65.380 161.081 -54.000
3 0 65.380 161.081 -54.000 66.902 158.962 -51.803 67.188 159.483 -51.467
3 0 67.662 159.950 -51.312 66.096 162.101 -53.510 65.644 161.613 -53.663
3 0 65.644 161.613 -53.663 67.188 159.483 -51.467 67.662 159.950 -51.312
3 0 68.251 160.292 -51.362 66.667 162.473 -53.565 66.096 162.101 -53.510
3 0 66.096 162.101 -53.510 67.662 159.950 -51.312 68.251 160.292 -51.362
3 0 68.865 160.456 -51.609 67.269 162.670 -53.820 66.667 162.473 -53.565
3 0 66.667 162.473 -53.565 68.251 160.292 -51.362 68.865 160.456 -51.609
3 0 71.615 160.267 -53.655 69.993 162.637 -55.907 70.258 163.169 -55.569
3 0 70.258 163.169 -55.569 71.900 160.788 -53.319 71.615 160.267 -53.655
3 0 71.141 159.800 -53.810 69.542 162.149 -56.059 69.993 162.637 -55.907
3 0 69.993 162.637 -55.907 71.615 160.267 -53.655 71.141 159.800 -53.810
3 0 70.552 159.458 -53.760 68.971 161.777 -56.004 69.542 162.149 -56.059
3 0 69.542 162.149 -56.059 71.141 159.800 -53.810 70.552 159.458 -53.760
3 0 69.938 159.294 -53.513 68.370 161.580 -55.750 68.971 161.777 -56.004
3 0 68.971 161.777 -56.004 70.552 159.458 -53.760 69.938 159.294 -53.513
3 0 69.151 160.977 -51.273 67.532 163.201 -53.483 67.269 162.670 -53.820
3 0 67.269 162.670 -53.820 68.865 160.456 -51.609 69.151 160.977 -51.273
3 0 69.624 161.444 -51.118 67.984 163.690 -53.330 67.532 163.201 -53.483
3 0 67.532 163.201 -53.483 69.151 160.977 -51.273 69.624 161.444 -51.118
3 0 70.213 161.786 -51.168 68.555 164.061 -53.385 67.984 163.690 -53.330
3 0 67.984 163.690 -53.330 69.624 161.444 -51.118 70.213 161.786 -51.168
3 0 70.828 161.950 -51.415 69.157 164.259 -53.640 68.555 164.061 -53.385
3 0 68.555 164.061 -53.385 70.213 161.786 -51.168 70.828 161.950 -51.415
3 0 69.421 164.791 -53.303 69.157 164.259 -53.640 70.828 161.950 -51.415
3 0 70.828 161.950 -51.415 71.114 162.471 -51.079 69.421 164.791 -53.303
3 0 69.873 165.279 -53.150 69.421 164.791 -53.303 71.114 162.471 -51.079
3 0 71.114 162.471 -51.079 71.588 162.938 -50.924 69.873 165.279 -53.150
3 0 70.443 165.651 -53.205 69.873 165.279 -53.150 71.588 162.938 -50.924
3 0 71.588 162.938 -50.924 72.176 163.280 -50.974 70.443 165.651 -53.205
3 0 71.045 165.848 -53.460 70.443 165.651 -53.205 72.176 163.280 -50.974
3 0 72.176 163.280 -50.974 72.791 163.445 -51.222 71.045 165.848 -53.460
3 0 71.587 165.842 -53.875 71.045 165.848 -53.460 72.791 163.445 -51.222
3 0 72.791 163.445 -51.222 73.338 163.407 -51.629 71.587 165.842 -53.875
3 0 71.987 165.632 -54.387 71.587 165.842 -53.875 73.338 163.407 -51.629
3 0 73.338 163.407 -51.629 73.734 163.173 -52.133 71.987 165.632 -54.387
3 0 72.183 165.252 -54.919 71.987 165.632 -54.387 73.734 163.173 -52.133
3 0 73.734 163.173 -52.133 73.919 162.778 -52.659 72.183 165.252 -54.919
3 0 72.147 164.758 -55.389 72.183 165.252 -54.919 73.919 162.778 -52.659
3 0 73.919 162.778 -52.659 73.864 162.282 -53.125 72.147 164.758 -55.389
3 0 71.882 164.227 -55.726 72.147 164.758 -55.389 73.864 162.282 -53.125
3 0 73.864 162.282 -53.125 73.578 161.761 -53.462 71.882 164.227 -55.726
3 0 71.430 163.738 -55.879 71.882 164.227 -55.726 73.578 161.761 -53.462
3 0 73.578 161.761 -53.462 73.104 161.295 -53.616 71.430 163.738 -55.879
3 0 70.860 163.367 -55.824 71.430 163.738 -55.879 73.104 161.295 -53.616
3 0 73.104 161.295 -53.616 72.515 160.953 -53.566 70.860 163.367 -55.824
3 0 70.258 163.169 -55.569 70.860 163.367 -55.824 72.515 160.953 -53.566
3 0 72.515 160.953 -53.566 71.900 160.788 -53.319 70.258 163.169 -55.569
3 0 64.363 161.884 -58.748 64.604 162.426 -58.410 66.481 159.991 -55.930
3 0 66.481 159.991 -55.930 66.217 159.459 -56.267 64.363 161.884 -58.748
3 0 63.937 161.372 -58.898 64.363 161.884 -58.748 66.217 159.459 -56.267
3 0 66.217 159.459 -56.267 65.765 158.971 -56.419 63.937 161.372 -58.898
3 0 63.390 160.968 -58.836 63.937 161.372 -58.898 65.765 158.971 -56.419
3 0 65.765 158.971 -56.419 65.195 158.599 -56.364 63.390 160.968 -58.836
3 0 62.805 160.734 -58.571 63.390 160.968 -58.836 65.195 158.599 -56.364
3 0 65.195 158.599 -56.364 64.593 158.402 -56.110 62.805 160.734 -58.571
3 0 62.272 160.705 -58.146 62.805 160.734 -58.571 64.593 158.402 -56.110
3 0 64.593 158.402 -56.110 64.050 158.408 -55.695 62.272 160.705 -58.146
3 0 61.872 160.886 -57.623 62.272 160.705 -58.146 64.050 158.408 -55.695
3 0 64.050 158.408 -55.695 63.651 158.618 -55.182 61.872 160.886 -57.623
3 0 61.666 161.249 -57.083 61.872 160.886 -57.623 63.651 158.618 -55.182
3 0 63.651 158.618 -55.182 63.454 158.998 -54.650 61.666 161.249 -57.083
3 0 61.684 161.739 -56.607 61.666 161.249 -57.083 63.454 158.998 -54.650
3 0 63.454 158.998 -54.650 63.491 159.492 -54.180 61.684 161.739 -56.607
3 0 61.925 162.281 -56.269 61.684 161.739 -56.607 63.491 159.492 -54.180
3 0 63.491 159.492 -54.180 63.756 160.023 -53.843 61.925 162.281 -56.269
3 0 62.351 162.793 -56.120 61.925 162.281 -56.269 63.756 160.023 -53.843
3 0 63.756 160.023 -53.843 64.208 160.512 -53.690 62.351 162.793 -56.120
3 0 62.898 163.197 -56.182 62.351 162.793 -56.120 64.208 160.512 -53.690
3 0 64.208 160.512 -53.690 64.778 160.883 -53.745 62.898 163.197 -56.182
3 0 63.483 163.431 -56.446 62.898 163.197 -56.182 64.778 160.883 -53.745
3 0 64.778 160.883 -53.745 65.380 161.081 -54.000 63.483 163.431 -56.446
3 0 68.105 161.049 -56.087 66.162 163.576 -58.587 66.403 164.119 -58.249
3 0 66.403 164.119 -58.249 68.370 161.580 -55.750 68.105 161.049 -56.087
3 0 67.654 160.560 -56.239 65.736 163.064 -58.736 66.162 163.576 -58.587
3 0 66.162 163.576 -58.587 68.105 161.049 -56.087 67.654 160.560 -56.239
3 0 67.083 160.189 -56.184 65.189 162.661 -58.674 65.736 163.064 -58.736
3 0 65.736 163.064 -58.736 67.654 160.560 -56.239 67.083 160.189 -56.184
3 0 66.481 159.991 -55.930 64.604 162.426 -58.410 65.189 162.661 -58.674
3 0 65.189 162.661 -58.674 67.083 160.189 -56.184 66.481 159.991 -55.930
3 0 65.644 161.613 -53.663 63.724 163.973 -56.108 63.483 163.431 -56.446
3 0 63.483 163.431 -56.446 65.380 161.081 -54.000 65.644 161.613 -53.663
3 0 66.096 162.101 -53.510 64.150 164.485 -55.959 63.724 163.973 -56.108
3 0 63.724 163.973 -56.108 65.644 161.613 -53.663 66.096 162.101 -53.510
3 0 66.667 162.473 -53.565 64.697 164.889 -56.021 64.150 164.485 -55.959
3 0 64.150 164.485 -55.959 66.096 162.101 -53.510 66.667 162.473 -53.565
3 0 67.269 162.670 -53.820 65.282 165.123 -56.285 64.697 164.889 -56.021
3 0 64.697 164.889 -56.021 66.667 162.473 -53.565 67.269 162.670 -53.820
3 0 69.993 162.637 -55.907 67.960 165.268 -58.426 68.201 165.810 -58.088
3 0 68.201 165.810 -58.088 70.258 163.169 -55.569 69.993 162.637 -55.907
3 0 69.542 162.149 -56.059 67.534 164.756 -58.575 67.960 165.268 -58.426
3 0 67.960 165.268 -58.426 69.993 162.637 -55.907 69.542 162.149 -56.059
3 0 68.971 161.777 -56.004 66.987 164.352 -58.513 67.534 164.756 -58.575
3 0 67.534 164.756 -58.575 69.542 162.149 -56.059 68.971 161.777 -56.004
3 0 68.370 161.580 -55.750 66.403 164.119 -58.249 66.987 164.352 -58.513
3 0 66.987 164.352 -58.513 68.971 161.777 -56.004 68.370 161.580 -55.750
3 0 67.532 163.201 -53.483 65.522 165.665 -55.947 65.282 165.123 -56.285
3 0 65.282 165.123 -56.285 67.269 162.670 -53.820 67.532 163.201 -53.483
3 0 67.984 163.690 -53.330 65.948 166.177 -55.798 65.522 165.665 -55.947
3 0 65.522 165.665 -55.947 67.532 163.201 -53.483 67.984 163.690 -53.330
3 0 68.555 164.061 -53.385 66.495 166.581 -55.860 65.948 166.177 -55.798
3 0 65.948 166.177 -55.798 67.984 163.690 -53.330 68.555 164.061 -53.385
3 0 69.157 164.259 -53.640 67.080 166.815 -56.124 66.495 166.581 -55.860
3 0 66.495 166.581 -55.860 68.555 164.061 -53.385 69.157 164.259 -53.640
3 0 67.321 167.357 -55.786 67.080 166.815 -56.124 69.157 164.259 -53.640
3 0 69.157 164.259 -53.640 69.421 164.791 -53.303 67.321 167.357 -55.786
3 0 67.747 167.869 -55.636 67.321 167.357 -55.786 69.421 164.791 -53.303
3 0 69.421 164.791 -53.303 69.873 165.279 -53.150 67.747 167.869 -55.636
3 0 68.294 168.273 -55.698 67.747 167.869 -55.636 69.873 165.279 -53.150
3 0 69.873 165.279 -53.150 70.443 165.651 -53.205 68.294 168.273 -55.698
3 0 68.879 168.507 -55.962 68.294 168.273 -55.698 70.443 165.651 -53.205
3 0 70.443 165.651 -53.205 71.045 165.848 -53.460 68.879 168.507 -55.962
3 0 69.412 168.536 -56.388 68.879 168.507 -55.962 71.045 165.848 -53.460
3 0 71.045 165.848 -53.460 71.587 165.842 -53.875 69.412 168.536 -56.388
3 0 69.812 168.355 -56.911 69.412 168.536 -56.388 71.587 165.842 -53.875
3 0 71.587 165.842 -53.875 71.987 165.632 -54.387 69.812 168.355 -56.911
3 0 70.019 167.992 -57.451 69.812 168.355 -56.911 71.987 165.632 -54.387
3 0 71.987 165.632 -54.387 72.183 165.252 -54.919 70.019 167.992 -57.451
3 0 70.000 167.502 -57.927 70.019 167.992 -57.451 72.183 165.252 -54.919
3 0 72.183 165.252 -54.919 72.147 164.758 -55.389 70.000 167.502 -57.927
3 0 69.759 166.960 -58.265 70.000 167.502 -57.927 72.147 164.758 -55.389
3 0 72.147 164.758 -55.389 71.882 164.227 -55.726 69.759 166.960 -58.265
3 0 69.333 166.448 -58.414 69.759 166.960 -58.265 71.882 164.227 -55.726
3 0 71.882 164.227 -55.726 71.430 163.738 -55.879 69.333 166.448 -58.414
3 0 68.786 166.044 -58.352 69.333 166.448 -58.414 71.430 163.738 -55.879
3 0 71.430 163.738 -55.879 70.860 163.367 -55.824 68.786 166.044 -58.352
3 0 68.201 165.810 -58.088 68.786 166.044 -58.352 70.860 163.367 -55.824
3 0 70.860 163.367 -55.824 70.258 163.169 -55.569 68.201 165.810 -58.088
3 0 62.310 164.211 -61.148 62.525 164.763 -60.809 64.604 162.426 -58.410
3 0 64.604 162.426 -58.410 64.363 161.884 -58.748 62.310 164.211 -61.148
3 0 61.913 163.675 -61.293 62.310 164.211 -61.148 64.363 161.884 -58.748
3 0 64.363 161.884 -58.748 63.937 161.372 -58.898 61.913 163.675 -61.293
3 0 61.394 163.237 -61.222 61.913 163.675 -61.293 63.937 161.372 -58.898
3 0 63.937 161.372 -58.898 63.390 160.968 -58.836 61.394 163.237 -61.222
3 0 60.833 162.963 -60.946 61.394 163.237 -61.222 63.390 160.968 -58.836
3 0 63.390 160.968 -58.836 62.805 160.734 -58.571 60.833 162.963 -60.946
3 0 60.315 162.895 -60.507 60.833 162.963 -60.946 62.805 160.734 -58.571
3 0 62.805 160.734 -58.571 62.272 160.705 -58.146 60.315 162.895 -60.507
3 0 59.919 163.043 -59.971 60.315 162.895 -60.507 62.272 160.705 -58.146
3 0 62.272 160.705 -58.146 61.872 160.886 -57.623 59.919 163.043 -59.971
3 0 59.704 163.386 -59.421 59.919 163.043 -59.971 61.872 160.886 -57.623
3 0 61.872 160.886 -57.623 61.666 161.249 -57.083 59.704 163.386 -59.421
3 0 59.705 163.870 -58.939 59.704 163.386 -59.421 61.666 161.249 -57.083
3 0 61.666 161.249 -57.083 61.684 161.739 -56.607 59.705 163.870 -58.939
3 0 59.920 164.422 -58.600 59.705 163.870 -58.939 61.684 161.739 -56.607
3 0 61.684 161.739 -56.607 61.925 162.281 -56.269 59.920 164.422 -58.600
3 0 60.317 164.958 -58.455 59.920 164.422 -58.600 61.925 162.281 -56.269
3 0 61.925 162.281 -56.269 62.351 162.793 -56.120 60.317 164.958 -58.455
3 0 60.836 165.396 -58.526 60.317 164.958 -58.455 62.351 162.793 -56.120
3 0 62.351 162.793 -56.120 62.898 163.197 -56.182 60.836 165.396 -58.526
3 0 61.397 165.670 -58.802 60.836 165.396 -58.526 62.898 163.197 -56.182
3 0 62.898 163.197 -56.182 63.483 163.431 -56.446 61.397 165.670 -58.802
3 0 66.162 163.576 -58.587 64.003 166.012 -61.010 64.218 166.564 -60.671
3 0 64.218 166.564 -60.671 66.403 164.119 -58.249 66.162 163.576 -58.587
3 0 65.736 163.064 -58.736 63.605 165.476 -61.155 64.003 166.012 -61.010
3 0 64.003 166.012 -61.010 66.162 163.576 -58.587 65.736 163.064 -58.736
3 0 65.189 162.661 -58.674 63.087 165.037 -61.085 63.605 165.476 -61.155
3 0 63.605 165.476 -61.155 65.736 163.064 -58.736 65.189 162.661 -58.674
3 0 64.604 162.426 -58.410 62.525 164.763 -60.809 63.087 165.037 -61.085
3 0 63.087 165.037 -61.085 65.189 162.661 -58.674 64.604 162.426 -58.410
3 0 63.724 163.973 -56.108 61.612 166.223 -58.462 61.397 165.670 -58.802
3 0 61.397 165.670 -58.802 63.483 163.431 -56.446 63.724 163.973 -56.108
3 0 64.150 164.485 -55.959 62.009 166.759 -58.317 61.612 166.223 -58.462
3 0 61.612 166.223 -58.462 63.724 163.973 -56.108 64.150 164.485 -55.959
3 0 64.697 164.889 -56.021 62.528 167.197 -58.388 62.009 166.759 -58.317
3 0 62.009 166.759 -58.317 64.150 164.485 -55.959 64.697 164.889 -56.021
3 0 65.282 165.123 -56.285 63.089 167.471 -58.664 62.528 167.197 -58.388
3 0 62.528 167.197 -58.388 64.697 164.889 -56.021 65.282 165.123 -56.285
3 0 67.960 165.268 -58.426 65.694 167.812 -60.873 65.909 168.364 -60.533
3 0 65.909 168.364 -60.533 68.201 165.810 -58.088 67.960 165.268 -58.426
3 0 67.534 164.756 -58.575 65.297 167.276 -61.018 65.694 167.812 -60.873
3 0 65.694 167.812 -60.873 67.960 165.268 -58.426 67.534 164.756 -58.575
3 0 66.987 164.352 -58.513 64.778 166.837 -60.947 65.297 167.276 -61.018
3 0 65.297 167.276 -61.018 67.534 164.756 -58.575 66.987 164.352 -58.513
3 0 66.403 164.119 -58.249 64.218 166.564 -60.671 64.778 166.837 -60.947
3 0 64.778 166.837 -60.947 66.987 164.352 -58.513 66.403 164.119 -58.249
3 0 65.522 165.665 -55.947 63.304 168.023 -58.325 63.089 167.471 -58.664
3 0 63.089 167.471 -58.664 65.282 165.123 -56.285 65.522 165.665 -55.947
3 0 65.948 166.177 -55.798 63.701 168.559 -58.179 63.304 168.023 -58.325
3 0 63.304 168.023 -58.325 65.522 165.665 -55.947 65.948 166.177 -55.798
3 0 66.495 166.581 -55.860 64.220 168.997 -58.250 63.701 168.559 -58.179
3 0 63.701 168.559 -58.179 65.948 166.177 -55.798 66.495 166.581 -55.860
3 0 67.080 166.815 -56.124 64.781 169.271 -58.526 64.220 168.997 -58.250
3 0 64.220 168.997 -58.250 66.495 166.581 -55.860 67.080 166.815 -56.124
3 0 64.996 169.823 -58.187 64.781 169.271 -58.526 67.080 166.815 -56.124
3 0 67.080 166.815 -56.124 67.321 167.357 -55.786 64.996 169.823 -58.187
3 0 65.393 170.359 -58.042 64.996 169.823 -58.187 67.321 167.357 -55.786
3 0 67.321 167.357 -55.786 67.747 167.869 -55.636 65.393 170.359 -58.042
3 0 65.912 170.798 -58.112 65.393 170.359 -58.042 67.747 167.869 -55.636
3 0 67.747 167.869 -55.636 68.294 168.273 -55.698 65.912 170.798 -58.112
3 0 66.473 171.072 -58.389 65.912 170.798 -58.112 68.294 168.273 -55.698
3 0 68.294 168.273 -55.698 68.879 168.507 -55.962 66.473 171.072 -58.389
3 0 66.991 171.140 -58.828 66.473 171.072 -58.389 68.879 168.507 -55.962
3 0 68.879 168.507 -55.962 69.412 168.536 -56.388 66.991 171.140 -58.828
3 0 67.388 170.991 -59.364 66.991 171.140 -58.828 69.412 168.536 -56.388
3 0 69.412 168.536 -56.388 69.812 168.355 -56.911 67.388 170.991 -59.364
3 0 67.602 170.649 -59.914 67.388 170.991 -59.364 69.812 168.355 -56.911
3 0 69.812 168.355 -56.911 70.019 167.992 -57.451 67.602 170.649 -59.914
3 0 67.602 170.165 -60.396 67.602 170.649 -59.914 70.019 167.992 -57.451
3 0 70.019 167.992 -57.451 70.000 167.502 -57.927 67.602 170.165 -60.396
3 0 67.387 169.613 -60.735 67.602 170.165 -60.396 70.000 167.502 -57.927
3 0 70.000 167.502 -57.927 69.759 166.960 -58.265 67.387 169.613 -60.735
3 0 66.989 169.077 -60.880 67.387 169.613 -60.735 69.759 166.960 -58.265
3 0 69.759 166.960 -58.265 69.333 166.448 -58.414 66.989 169.077 -60.880
3 0 66.471 168.638 -60.809 66.989 169.077 -60.880 69.333 166.448 -58.414
3 0 69.333 166.448 -58.414 68.786 166.044 -58.352 66.471 168.638 -60.809
3 0 65.909 168.364 -60.533 66.471 168.638 -60.809 68.786 166.044 -58.352
3 0 68.786 166.044 -58.352 68.201 165.810 -58.088 65.909 168.364 -60.533
3 0 60.048 166.428 -63.449 60.236 166.989 -63.108 62.525 164.763 -60.809
3 0 62.525 164.763 -60.809 62.310 164.211 -61.148 60.048 166.428 -63.449
3 0 59.683 165.868 -63.589 60.048 166.428 -63.449 62.310 164.211 -61.148
3 0 62.310 164.211 -61.148 61.913 163.675 -61.293 59.683 165.868 -63.589
3 0 59.199 165.393 -63.509 59.683 165.868 -63.589 61.913 163.675 -61.293
3 0 61.913 163.675 -61.293 61.394 163.237 -61.222 59.199 165.393 -63.509
3 0 58.668 165.077 -63.218 59.199 165.393 -63.509 61.394 163.237 -61.222
3 0 61.394 163.237 -61.222 60.833 162.963 -60.946 58.668 165.077 -63.218
3 0 58.171 164.967 -62.763 58.668 165.077 -63.218 60.833 162.963 -60.946
3 0 60.833 162.963 -60.946 60.315 162.895 -60.507 58.171 164.967 -62.763
3 0 57.784 165.081 -62.212 58.171 164.967 -62.763 60.315 162.895 -60.507
3 0 60.315 162.895 -60.507 59.919 163.043 -59.971 57.784 165.081 -62.212
3 0 57.566 165.399 -61.649 57.784 165.081 -62.212 59.919 163.043 -59.971
3 0 59.919 163.043 -59.971 59.704 163.386 -59.421 57.566 165.399 -61.649
3 0 57.550 165.876 -61.160 57.566 165.399 -61.649 59.704 163.386 -59.421
3 0 59.704 163.386 -59.421 59.705 163.870 -58.939 57.550 165.876 -61.160
3 0 57.738 166.436 -60.819 57.550 165.876 -61.160 59.705 163.870 -58.939
3 0 59.705 163.870 -58.939 59.920 164.422 -58.600 57.738 166.436 -60.819
3 0 58.102 166.996 -60.678 57.738 166.436 -60.819 59.920 164.422 -58.600
3 0 59.920 164.422 -58.600 60.317 164.958 -58.455 58.102 166.996 -60.678
3 0 58.587 167.471 -60.759 58.102 166.996 -60.678 60.317 164.958 -58.455
3 0 60.317 164.958 -58.455 60.836 165.396 -58.526 58.587 167.471 -60.759
3 0 59.118 167.787 -61.049 58.587 167.471 -60.759 60.836 165.396 -58.526
3 0 60.836 165.396 -58.526 61.397 165.670 -58.802 59.118 167.787 -61.049
3 0 64.003 166.012 -61.010 61.616 168.339 -63.338 61.805 168.900 -62.997
3 0 61.805 168.900 -62.997 64.218 166.564 -60.671 64.003 166.012 -61.010
3 0 63.605 165.476 -61.155 61.252 167.779 -63.479 61.616 168.339 -63.338
3 0 61.616 168.339 -63.338 64.003 166.012 -61.010 63.605 165.476 -61.155
3 0 63.087 165.037 -61.085 60.767 167.305 -63.398 61.252 167.779 -63.479
3 0 61.252 167.779 -63.479 63.605 165.476 -61.155 63.087 165.037 -61.085
3 0 62.525 164.763 -60.809 60.236 166.989 -63.108 60.767 167.305 -63.398
3 0 60.767 167.305 -63.398 63.087 165.037 -61.085 62.525 164.763 -60.809
3 0 61.612 166.223 -58.462 59.307 168.348 -60.708 59.118 167.787 -61.049
3 0 59.118 167.787 -61.049 61.397 165.670 -58.802 61.612 166.223 -58.462
3 0 62.009 166.759 -58.317 59.671 168.908 -60.568 59.307 168.348 -60.708
3 0 59.307 168.348 -60.708 61.612 166.223 -58.462 62.009 166.759 -58.317
3 0 62.528 167.197 -58.388 60.155 169.382 -60.648 59.671 168.908 -60.568
3 0 59.671 168.908 -60.568 62.009 166.759 -58.317 62.528 167.197 -58.388
3 0 63.089 167.471 -58.664 60.687 169.698 -60.939 60.155 169.382 -60.648
3 0 60.155 169.382 -60.648 62.528 167.197 -58.388 63.089 167.471 -58.664
3 0 65.694 167.812 -60.873 63.184 170.250 -63.227 63.372 170.810 -62.886
3 0 63.372 170.810 -62.886 65.909 168.364 -60.533 65.694 167.812 -60.873
3 0 65.297 167.276 -61.018 62.820 169.690 -63.368 63.184 170.250 -63.227
3 0 63.184 170.250 -63.227 65.694 167.812 -60.873 65.297 167.276 -61.018
3 0 64.778 166.837 -60.947 62.335 169.215 -63.287 62.820 169.690 -63.368
3 0 62.820 169.690 -63.368 65.297 167.276 -61.018 64.778 166.837 -60.947
3 0 64.218 166.564 -60.671 61.805 168.900 -62.997 62.335 169.215 -63.287
3 0 62.335 169.215 -63.287 64.778 166.837 -60.947 64.218 166.564 -60.671
3 0 63.304 168.023 -58.325 60.875 170.258 -60.598 60.687 169.698 -60.939
3 0 60.687 169.698 -60.939 63.089 167.471 -58.664 63.304 168.023 -58.325
3 0 63.701 168.559 -58.179 61.239 170.818 -60.457 60.875 170.258 -60.598
3 0 60.875 170.258 -60.598 63.304 168.023 -58.325 63.701 168.559 -58.179
3 0 64.220 168.997 -58.250 61.723 171.293 -60.538 61.239 170.818 -60.457
3 0 61.239 170.818 -60.457 63.701 168.559 -58.179 64.220 168.997 -58.250
3 0 64.781 169.271 -58.526 62.254 171.609 -60.828 61.723 171.293 -60.538
3 0 61.723 171.293 -60.538 64.220 168.997 -58.250 64.781 169.271 -58.526
3 0 62.443 172.170 -60.487 62.254 171.609 -60.828 64.781 169.271 -58.526
3 0 64.781 169.271 -58.526 64.996 169.823 -58.187 62.443 172.170 -60.487
3 0 62.807 172.730 -60.346 62.443 172.170 -60.487 64.996 169.823 -58.187
3 0 64.996 169.823 -58.187 65.393 170.359 -58.042 62.807 172.730 -60.346
3 0 63.292 173.204 -60.427 62.807 172.730 -60.346 65.393 170.359 -58.042
3 0 65.393 170.359 -58.042 65.912 170.798 -58.112 63.292 173.204 -60.427
3 0 63.823 173.520 -60.717 63.292 173.204 -60.427 65.912 170.798 -58.112
3 0 65.912 170.798 -58.112 66.473 171.072 -58.389 63.823 173.520 -60.717
3 0 64.320 173.630 -61.172 63.823 173.520 -60.717 66.473 171.072 -58.389
3 0 66.473 171.072 -58.389 66.991 171.140 -58.828 64.320 173.630 -61.172
3 0 64.707 173.517 -61.723 64.320 173.630 -61.172 66.991 171.140 -58.828
3 0 66.991 171.140 -58.828 67.388 170.991 -59.364 64.707 173.517 -61.723
3 0 64.925 173.198 -62.286 64.707 173.517 -61.723 67.388 170.991 -59.364
3 0 67.388 170.991 -59.364 67.602 170.649 -59.914 64.925 173.198 -62.286
3 0 64.941 172.722 -62.776 64.925 173.198 -62.286 67.602 170.649 -59.914
3 0 67.602 170.649 -59.914 67.602 170.165 -60.396 64.941 172.722 -62.776
3 0 64.753 172.161 -63.117 64.941 172.722 -62.776 67.602 170.165 -60.396
3 0 67.602 170.165 -60.396 67.387 169.613 -60.735 64.753 172.161 -63.117
3 0 64.388 171.601 -63.257 64.753 172.161 -63.117 67.387 169.613 -60.735
3 0 67.387 169.613 -60.735 66.989 169.077 -60.880 64.388 171.601 -63.257
3 0 63.904 171.127 -63.177 64.388 171.601 -63.257 66.989 169.077 -60.880
3 0 66.989 169.077 -60.880 66.471 168.638 -60.809 63.904 171.127 -63.177
3 0 63.372 170.810 -62.886 63.904 171.127 -63.177 66.471 168.638 -60.809
3 0 66.471 168.638 -60.809 65.909 168.364 -60.533 63.372 170.810 -62.886
3 0 57.542 168.503 -65.616 57.703 169.071 -65.273 60.236 166.989 -63.108
3 0 60.236 166.989 -63.108 60.048 166.428 -63.449 57.542 168.503 -65.616
3 0 57.214 167.920 -65.752 57.542 168.503 -65.616 60.048 166.428 -63.449
3 0 60.048 166.428 -63.449 59.683 165.868 -63.589 57.214 167.920 -65.752
3 0 56.769 167.410 -65.661 57.214 167.920 -65.752 59.683 165.868 -63.589
3 0 59.683 165.868 -63.589 59.199 165.393 -63.509 56.769 167.410 -65.661
3 0 56.275 167.051 -65.355 56.769 167.410 -65.661 59.199 165.393 -63.509
3 0 59.199 165.393 -63.509 58.668 165.077 -63.218 56.275 167.051 -65.355
3 0 55.807 166.898 -64.882 56.275 167.051 -65.355 58.668 165.077 -63.218
3 0 58.668 165.077 -63.218 58.171 164.967 -62.763 55.807 166.898 -64.882
3 0 55.436 166.974 -64.314 55.807 166.898 -64.882 58.171 164.967 -62.763
3 0 58.171 164.967 -62.763 57.784 165.081 -62.212 55.436 166.974 -64.314
3 0 55.219 167.267 -63.737 55.436 166.974 -64.314 57.784 165.081 -62.212
3 0 57.784 165.081 -62.212 57.566 165.399 -61.649 55.219 167.267 -63.737
3 0 55.189 167.733 -63.238 55.219 167.267 -63.737 57.566 165.399 -61.649
3 0 57.566 165.399 -61.649 57.550 165.876 -61.160 55.189 167.733 -63.238
3 0 55.350 168.301 -62.895 55.189 167.733 -63.238 57.550 165.876 -61.160
3 0 57.550 165.876 -61.160 57.738 166.436 -60.819 55.350 168.301 -62.895
3 0 55.678 168.884 -62.759 55.350 168.301 -62.895 57.738 166.436 -60.819
3 0 57.738 166.436 -60.819 58.102 166.996 -60.678 55.678 168.884 -62.759
3 0 56.123 169.394 -62.850 55.678 168.884 -62.759 58.102 166.996 -60.678
3 0 58.102 166.996 -60.678 58.587 167.471 -60.759 56.123 169.394 -62.850
3 0 56.617 169.752 -63.156 56.123 169.394 -62.850 58.587 167.471 -60.759
3 0 58.587 167.471 -60.759 59.118 167.787 -61.049 56.617 169.752 -63.156
3 0 61.616 168.339 -63.338 58.970 170.522 -65.534 59.131 171.090 -65.190
3 0 59.131 171.090 -65.190 61.805 168.900 -62.997 61.616 168.339 -63.338
3 0 61.252 167.779 -63.479 58.642 169.939 -65.670 58.970 170.522 -65.534
3 0 58.970 170.522 -65.534 61.616 168.339 -63.338 61.252 167.779 -63.479
3 0 60.767 167.305 -63.398 58.197 169.429 -65.578 58.642 169.939 -65.670
3 0 58.642 169.939 -65.670 61.252 167.779 -63.479 60.767 167.305 -63.398
3 0 60.236 166.989 -63.108 57.703 169.071 -65.273 58.197 169.429 -65.578
3 0 58.197 169.429 -65.578 60.767 167.305 -63.398 60.236 166.989 -63.108
3 0 59.307 168.348 -60.708 56.778 170.320 -62.813 56.617 169.752 -63.156
3 0 56.617 169.752 -63.156 59.118 167.787 -61.049 59.307 168.348 -60.708
3 0 59.671 168.908 -60.568 57.106 170.903 -62.677 56.778 170.320 -62.813
3 0 56.778 170.320 -62.813 59.307 168.348 -60.708 59.671 168.908 -60.568
3 0 60.155 169.382 -60.648 57.551 171.413 -62.768 57.106 170.903 -62.677
3 0 57.106 170.903 -62.677 59.671 168.908 -60.568 60.155 169.382 -60.648
3 0 60.687 169.698 -60.939 58.045 171.772 -63.074 57.551 171.413 -62.768
3 0 57.551 171.413 -62.768 60.155 169.382 -60.648 60.687 169.698 -60.939
3 0 63.184 170.250 -63.227 60.398 172.541 -65.452 60.559 173.109 -65.108
3 0 60.559 173.109 -65.108 63.372 170.810 -62.886 63.184 170.250 -63.227
3 0 62.820 169.690 -63.368 60.070 171.958 -65.588 60.398 172.541 -65.452
3 0 60.398 172.541 -65.452 63.184 170.250 -63.227 62.820 169.690 -63.368
3 0 62.335 169.215 -63.287 59.625 171.448 -65.496 60.070 171.958 -65.588
3 0 60.070 171.958 -65.588 62.820 169.690 -63.368 62.335 169.215 -63.287
3 0 61.805 168.900 -62.997 59.131 171.090 -65.190 59.625 171.448 -65.496
3 0 59.625 171.448 -65.496 62.335 169.215 -63.287 61.805 168.900 -62.997
3 0 60.875 170.258 -60.598 58.206 172.339 -62.730 58.045 171.772 -63.074
3 0 58.045 171.772 -63.074 60.687 169.698 -60.939 60.875 170.258 -60.598
3 0 61.239 170.818 -60.457 58.534 172.922 -62.594 58.206 172.339 -62.730
3 0 58.206 172.339 -62.730 60.875 170.258 -60.598 61.239 170.818 -60.457
3 0 61.723 171.293 -60.538 58.979 173.432 -62.686 58.534 172.922 -62.594
3 0 58.534 172.922 -62.594 61.239 170.818 -60.457 61.723 171.293 -60.538
3 0 62.254 171.609 -60.828 59.473 173.791 -62.991 58.979 173.432 -62.686
3 0 58.979 173.432 -62.686 61.723 171.293 -60.538 62.254 171.609 -60.828
3 0 59.634 174.359 -62.648 59.473 173.791 -62.991 62.254 171.609 -60.828
3 0 62.254 171.609 -60.828 62.443 172.170 -60.487 59.634 174.359 -62.648
3 0 59.962 174.942 -62.512 59.634 174.359 -62.648 62.443 172.170 -60.487
3 0 62.443 172.170 -60.487 62.807 172.730 -60.346 59.962 174.942 -62.512
3 0 60.407 175.451 -62.603 59.962 174.942 -62.512 62.807 172.730 -60.346
3 0 62.807 172.730 -60.346 63.292 173.204 -60.427 60.407 175.451 -62.603
3 0 60.901 175.810 -62.909 60.407 175.451 -62.603 63.292 173.204 -60.427
3 0 63.292 173.204 -60.427 63.823 173.520 -60.717 60.901 175.810 -62.909
3 0 61.370 175.963 -63.382 60.901 175.810 -62.909 63.823 173.520 -60.717
3 0 63.823 173.520 -60.717 64.320 173.630 -61.172 61.370 175.963 -63.382
3 0 61.740 175.888 -63.950 61.370 175.963 -63.382 64.320 173.630 -61.172
3 0 64.320 173.630 -61.172 64.707 173.517 -61.723 61.740 175.888 -63.950
3 0 61.957 175.594 -64.528 61.740 175.888 -63.950 64.707 173.517 -61.723
3 0 64.707 173.517 -61.723 64.925 173.198 -62.286 61.957 175.594 -64.528
3 0 61.987 175.128 -65.026 61.957 175.594 -64.528 64.925 173.198 -62.286
3 0 64.925 173.198 -62.286 64.941 172.722 -62.776 61.987 175.128 -65.026
3 0 61.826 174.561 -65.369 61.987 175.128 -65.026 64.941 172.722 -62.776
3 0 64.941 172.722 -62.776 64.753 172.161 -63.117 61.826 174.561 -65.369
3 0 61.498 173.978 -65.505 61.826 174.561 -65.369 64.753 172.161 -63.117
3 0 64.753 172.161 -63.117 64.388 171.601 -63.257 61.498 173.978 -65.505
3 0 61.053 173.468 -65.414 61.498 173.978 -65.505 64.388 171.601 -63.257
3 0 64.388 171.601 -63.257 63.904 171.127 -63.177 61.053 173.468 -65.414
3 0 60.559 173.109 -65.108 61.053 173.468 -65.414 63.904 171.127 -63.177
3 0 63.904 171.127 -63.177 63.372 170.810 -62.886 60.559 173.109 -65.108
3 0 54.801 170.420 -67.629 54.934 170.993 -67.283 57.703 169.071 -65.273
3 0 57.703 169.071 -65.273 57.542 168.503 -65.616 54.801 170.420 -67.629
3 0 54.512 169.815 -67.761 54.801 170.420 -67.629 57.542 168.503 -65.616
3 0 57.542 168.503 -65.616 57.214 167.920 -65.752 54.512 169.815 -67.761
3 0 54.114 169.270 -67.658 54.512 169.815 -67.761 57.214 167.920 -65.752
3 0 57.214 167.920 -65.752 56.769 167.410 -65.661 54.114 169.270 -67.658
3 0 53.665 168.869 -67.336 54.114 169.270 -67.658 56.769 167.410 -65.661
3 0 56.769 167.410 -65.661 56.275 167.051 -65.355 53.665 168.869 -67.336
3 0 53.235 168.671 -66.843 53.665 168.869 -67.336 56.275 167.051 -65.355
3 0 56.275 167.051 -65.355 55.807 166.898 -64.882 53.235 168.671 -66.843
3 0 52.889 168.708 -66.256 53.235 168.671 -66.843 55.807 166.898 -64.882
3 0 55.807 166.898 -64.882 55.436 166.974 -64.314 52.889 168.708 -66.256
3 0 52.680 168.974 -65.663 52.889 168.708 -66.256 55.436 166.974 -64.314
3 0 55.436 166.974 -64.314 55.219 167.267 -63.737 52.680 168.974 -65.663
3 0 52.639 169.428 -65.154 52.680 168.974 -65.663 55.219 167.267 -63.737
3 0 55.219 167.267 -63.737 55.189 167.733 -63.238 52.639 169.428 -65.154
3 0 52.773 170.001 -64.808 52.639 169.428 -65.154 55.189 167.733 -63.238
3 0 55.189 167.733 -63.238 55.350 168.301 -62.895 52.773 170.001 -64.808
3 0 53.061 170.606 -64.676 52.773 170.001 -64.808 55.350 168.301 -62.895
3 0 55.350 168.301 -62.895 55.678 168.884 -62.759 53.061 170.606 -64.676
3 0 53.460 171.150 -64.779 53.061 170.606 -64.676 55.678 168.884 -62.759
3 0 55.678 168.884 -62.759 56.123 169.394 -62.850 53.460 171.150 -64.779
3 0 53.908 171.552 -65.101 53.460 171.150 -64.779 56.123 169.394 -62.850
3 0 56.123 169.394 -62.850 56.617 169.752 -63.156 53.908 171.552 -65.101
3 0 58.970 170.522 -65.534 56.070 172.544 -67.577 56.204 173.117 -67.230
3 0 56.204 173.117 -67.230 59.131 171.090 -65.190 58.970 170.522 -65.534
3 0 58.642 169.939 -65.670 55.782 171.939 -67.708 56.070 172.544 -67.577
3 0 56.070 172.544 -67.577 58.970 170.522 -65.534 58.642 169.939 -65.670
3 0 58.197 169.429 -65.578 55.383 171.394 -67.605 55.782 171.939 -67.708
3 0 55.782 171.939 -67.708 58.642 169.939 -65.670 58.197 169.429 -65.578
3 0 57.703 169.071 -65.273 54.934 170.993 -67.283 55.383 171.394 -67.605
3 0 55.383 171.394 -67.605 58.197 169.429 -65.578 57.703 169.071 -65.273
3 0 56.778 170.320 -62.813 54.042 172.125 -64.755 53.908 171.552 -65.101
3 0 53.908 171.552 -65.101 56.617 169.752 -63.156 56.778 170.320 -62.813
3 0 57.106 170.903 -62.677 54.330 172.730 -64.623 54.042 172.125 -64.755
3 0 54.042 172.125 -64.755 56.778 170.320 -62.813 57.106 170.903 -62.677
3 0 57.551 171.413 -62.768 54.729 173.274 -64.726 54.330 172.730 -64.623
3 0 54.330 172.730 -64.623 57.106 170.903 -62.677 57.551 171.413 -62.768
3 0 58.045 171.772 -63.074 55.178 173.676 -65.049 54.729 173.274 -64.726
3 0 54.729 173.274 -64.726 57.551 171.413 -62.768 58.045 171.772 -63.074
3 0 60.398 172.541 -65.452 57.339 174.667 -67.524 57.473 175.240 -67.177
3 0 57.473 175.240 -67.177 60.559 173.109 -65.108 60.398 172.541 -65.452
3 0 60.070 171.958 -65.588 57.051 174.062 -67.656 57.339 174.667 -67.524
3 0 57.339 174.667 -67.524 60.398 172.541 -65.452 60.070 171.958 -65.588
3 0 59.625 171.448 -65.496 56.652 173.518 -67.552 57.051 174.062 -67.656
3 0 57.051 174.062 -67.656 60.070 171.958 -65.588 59.625 171.448 -65.496
3 0 59.131 171.090 -65.190 56.204 173.117 -67.230 56.652 173.518 -67.552
3 0 56.652 173.518 -67.552 59.625 171.448 -65.496 59.131 171.090 -65.190
3 0 58.206 172.339 -62.730 55.311 174.248 -64.702 55.178 173.676 -65.049
3 0 55.178 173.676 -65.049 58.045 171.772 -63.074 58.206 172.339 -62.730
3 0 58.534 172.922 -62.594 55.599 174.853 -64.571 55.311 174.248 -64.702
3 0 55.311 174.248 -64.702 58.206 172.339 -62.730 58.534 172.922 -62.594
3 0 58.979 173.432 -62.686 55.998 175.397 -64.674 55.599 174.853 -64.571
3 0 55.599 174.853 -64.571 58.534 172.922 -62.594 58.979 173.432 -62.686
3 0 59.473 173.791 -62.991 56.446 175.799 -64.996 55.998 175.397 -64.674
3 0 55.998 175.397 -64.674 58.979 173.432 -62.686 59.473 173.791 -62.991
3 0 56.580 176.372 -64.649 56.446 175.799 -64.996 59.473 173.791 -62.991
3 0 59.473 173.791 -62.991 59.634 174.359 -62.648 56.580 176.372 -64.649
3 0 56.869 176.977 -64.518 56.580 176.372 -64.649 59.634 174.359 -62.648
3 0 59.634 174.359 -62.648 59.962 174.942 -62.512 56.869 176.977 -64.518
3 0 57.267 177.522 -64.621 56.869 176.977 -64.518 59.962 174.942 -62.512
3 0 59.962 174.942 -62.512 60.407 175.451 -62.603 57.267 177.522 -64.621
3 0 57.716 177.923 -64.943 57.267 177.522 -64.621 60.407 175.451 -62.603
3 0 60.407 175.451 -62.603 60.901 175.810 -62.909 57.716 177.923 -64.943
3 0 58.146 178.120 -65.435 57.716 177.923 -64.943 60.901 175.810 -62.909
3 0 60.901 175.810 -62.909 61.370 175.963 -63.382 58.146 178.120 -65.435
3 0 58.492 178.083 -66.023 58.146 178.120 -65.435 61.370 175.963 -63.382
3 0 61.370 175.963 -63.382 61.740 175.888 -63.950 58.492 178.083 -66.023
3 0 58.701 177.818 -66.616 58.492 178.083 -66.023 61.740 175.888 -63.950
3 0 61.740 175.888 -63.950 61.957 175.594 -64.528 58.701 177.818 -66.616
3 0 58.742 177.364 -67.125 58.701 177.818 -66.616 61.957 175.594 -64.528
3 0 61.957 175.594 -64.528 61.987 175.128 -65.026 58.742 177.364 -67.125
3 0 58.608 176.791 -67.471 58.742 177.364 -67.125 61.987 175.128 -65.026
3 0 61.987 175.128 -65.026 61.826 174.561 -65.369 58.608 176.791 -67.471
3 0 58.320 176.186 -67.603 58.608 176.791 -67.471 61.826 174.561 -65.369
3 0 61.826 174.561 -65.369 61.498 173.978 -65.505 58.320 176.186 -67.603
3 0 57.921 175.642 -67.500 58.320 176.186 -67.603 61.498 173.978 -65.505
3 0 61.498 173.978 -65.505 61.053 173.468 -65.414 57.921 175.642 -67.500
3 0 57.473 175.240 -67.177 57.921 175.642 -67.500 61.053 173.468 -65.414
3 0 61.053 173.468 -65.414 60.559 173.109 -65.108 57.473 175.240 -67.177
3 0 51.797 172.130 -69.437 51.904 172.706 -69.086 54.934 170.993 -67.283
3 0 54.934 170.993 -67.283 54.801 170.420 -67.629 51.797 172.130 -69.437
3 0 51.551 171.506 -69.564 51.797 172.130 -69.437 54.801 170.420 -67.629
3 0 54.801 170.420 -67.629 54.512 169.815 -67.761 51.551 171.506 -69.564
3 0 51.205 170.929 -69.450 51.551 171.506 -69.564 54.512 169.815 -67.761
3 0 54.512 169.815 -67.761 54.114 169.270 -67.658 51.205 170.929 -69.450
3 0 50.811 170.486 -69.111 51.205 170.929 -69.450 54.114 169.270 -67.658
3 0 54.114 169.270 -67.658 53.665 168.869 -67.336 50.811 170.486 -69.111
3 0 50.428 170.246 -68.599 50.811 170.486 -69.111 53.665 168.869 -67.336
3 0 53.665 168.869 -67.336 53.235 168.671 -66.843 50.428 170.246 -68.599
3 0 50.116 170.244 -67.992 50.428 170.246 -68.599 53.235 168.671 -66.843
3 0 53.235 168.671 -66.843 52.889 168.708 -66.256 50.116 170.244 -67.992
3 0 49.922 170.482 -67.382 50.116 170.244 -67.992 52.889 168.708 -66.256
3 0 52.889 168.708 -66.256 52.680 168.974 -65.663 49.922 170.482 -67.382
3 0 49.874 170.922 -66.862 49.922 170.482 -67.382 52.680 168.974 -65.663
3 0 52.680 168.974 -65.663 52.639 169.428 -65.154 49.874 170.922 -66.862
3 0 49.982 171.498 -66.512 49.874 170.922 -66.862 52.639 169.428 -65.154
3 0 52.639 169.428 -65.154 52.773 170.001 -64.808 49.982 171.498 -66.512
3 0 50.227 172.123 -66.384 49.982 171.498 -66.512 52.773 170.001 -64.808
3 0 52.773 170.001 -64.808 53.061 170.606 -64.676 50.227 172.123 -66.384
3 0 50.573 172.700 -66.498 50.227 172.123 -66.384 53.061 170.606 -64.676
3 0 53.061 170.606 -64.676 53.460 171.150 -64.779 50.573 172.700 -66.498
3 0 50.967 173.142 -66.837 50.573 172.700 -66.498 53.460 171.150 -64.779
3 0 53.460 171.150 -64.779 53.908 171.552 -65.101 50.967 173.142 -66.837
3 0 56.070 172.544 -67.577 52.890 174.351 -69.412 52.997 174.927 -69.061
3 0 52.997 174.927 -69.061 56.204 173.117 -67.230 56.070 172.544 -67.577
3 0 55.782 171.939 -67.708 52.644 173.726 -69.540 52.890 174.351 -69.412
3 0 52.890 174.351 -69.412 56.070 172.544 -67.577 55.782 171.939 -67.708
3 0 55.383 171.394 -67.605 52.298 173.149 -69.425 52.644 173.726 -69.540
3 0 52.644 173.726 -69.540 55.782 171.939 -67.708 55.383 171.394 -67.605
3 0 54.934 170.993 -67.283 51.904 172.706 -69.086 52.298 173.149 -69.425
3 0 52.298 173.149 -69.425 55.383 171.394 -67.605 54.934 170.993 -67.283
3 0 54.042 172.125 -64.755 51.075 173.719 -66.487 50.967 173.142 -66.837
3 0 50.967 173.142 -66.837 53.908 171.552 -65.101 54.042 172.125 -64.755
3 0 54.330 172.730 -64.623 51.320 174.343 -66.359 51.075 173.719 -66.487
3 0 51.075 173.719 -66.487 54.042 172.125 -64.755 54.330 172.730 -64.623
3 0 54.729 173.274 -64.726 51.666 174.920 -66.473 51.320 174.343 -66.359
3 0 51.320 174.343 -66.359 54.330 172.730 -64.623 54.729 173.274 -64.726
3 0 55.178 173.676 -65.049 52.061 175.363 -66.813 51.666 174.920 -66.473
3 0 51.666 174.920 -66.473 54.729 173.274 -64.726 55.178 173.676 -65.049
3 0 57.339 174.667 -67.524 53.983 176.570 -69.387 54.090 177.146 -69.037
3 0 54.090 177.146 -69.037 57.473 175.240 -67.177 57.339 174.667 -67.524
3 0 57.051 174.062 -67.656 53.737 175.946 -69.515 53.983 176.570 -69.387
3 0 53.983 176.570 -69.387 57.339 174.667 -67.524 57.051 174.062 -67.656
3 0 56.652 173.518 -67.552 53.391 175.369 -69.401 53.737 175.946 -69.515
3 0 53.737 175.946 -69.515 57.051 174.062 -67.656 56.652 173.518 -67.552
3 0 56.204 173.117 -67.230 52.997 174.927 -69.061 53.391 175.369 -69.401
3 0 53.391 175.369 -69.401 56.652 173.518 -67.552 56.204 173.117 -67.230
3 0 55.311 174.248 -64.702 52.168 175.938 -66.462 52.061 175.363 -66.813
3 0 52.061 175.363 -66.813 55.178 173.676 -65.049 55.311 174.248 -64.702
3 0 55.599 174.853 -64.571 52.413 176.562 -66.334 52.168 175.938 -66.462
3 0 52.168 175.938 -66.462 55.311 174.248 -64.702 55.599 174.853 -64.571
3 0 55.998 175.397 -64.674 52.759 177.140 -66.449 52.413 176.562 -66.334
3 0 52.413 176.562 -66.334 55.599 174.853 -64.571 55.998 175.397 -64.674
3 0 56.446 175.799 -64.996 53.153 177.582 -66.788 52.759 177.140 -66.449
3 0 52.759 177.140 -66.449 55.998 175.397 -64.674 56.446 175.799 -64.996
3 0 53.261 178.159 -66.437 53.153 177.582 -66.788 56.446 175.799 -64.996
3 0 56.446 175.799 -64.996 56.580 176.372 -64.649 53.261 178.159 -66.437
3 0 53.506 178.783 -66.310 53.261 178.159 -66.437 56.580 176.372 -64.649
3 0 56.580 176.372 -64.649 56.869 176.977 -64.518 53.506 178.783 -66.310
3 0 53.852 179.360 -66.424 53.506 178.783 -66.310 56.869 176.977 -64.518
3 0 56.869 176.977 -64.518 57.267 177.522 -64.621 53.852 179.360 -66.424
3 0 54.247 179.803 -66.763 53.852 179.360 -66.424 57.267 177.522 -64.621
3 0 57.267 177.522 -64.621 57.716 177.923 -64.943 54.247 179.803 -66.763
3 0 54.629 180.043 -67.275 54.247 179.803 -66.763 57.716 177.923 -64.943
3 0 57.716 177.923 -64.943 58.146 178.120 -65.435 54.629 180.043 -67.275
3 0 54.941 180.044 -67.882 54.629 180.043 -67.275 58.146 178.120 -65.435
3 0 58.146 178.120 -65.435 58.492 178.083 -66.023 54.941 180.044 -67.882
3 0 55.136 179.807 -68.492 54.941 180.044 -67.882 58.492 178.083 -66.023
3 0 58.492 178.083 -66.023 58.701 177.818 -66.616 55.136 179.807 -68.492
3 0 55.183 179.367 -69.012 55.136 179.807 -68.492 58.701 177.818 -66.616
3 0 58.701 177.818 -66.616 58.742 177.364 -67.125 55.183 179.367 -69.012
3 0 55.076 178.790 -69.362 55.183 179.367 -69.012 58.742 177.364 -67.125
3 0 58.742 177.364 -67.125 58.608 176.791 -67.471 55.076 178.790 -69.362
3 0 54.830 178.166 -69.490 55.076 178.790 -69.362 58.608 176.791 -67.471
3 0 58.608 176.791 -67.471 58.320 176.186 -67.603 54.830 178.166 -69.490
3 0 54.484 177.589 -69.376 54.830 178.166 -69.490 58.320 176.186 -67.603
3 0 58.320 176.186 -67.603 57.921 175.642 -67.500 54.484 177.589 -69.376
3 0 54.090 177.146 -69.037 54.484 177.589 -69.376 57.921 175.642 -67.500
3 0 57.921 175.642 -67.500 57.473 175.240 -67.177 54.090 177.146 -69.037
3 0 48.554 173.620 -71.018 48.636 174.197 -70.663 51.904 172.706 -69.086
3 0 51.904 172.706 -69.086 51.797 172.130 -69.437 48.554 173.620 -71.018
3 0 48.353 172.979 -71.142 48.554 173.620 -71.018 51.797 172.130 -69.437
3 0 51.797 172.130 -69.437 51.551 171.506 -69.564 48.353 172.979 -71.142
3 0 48.064 172.373 -71.018 48.353 172.979 -71.142 51.551 171.506 -69.564
3 0 51.551 171.506 -69.564 51.205 170.929 -69.450 48.064 172.373 -71.018
3 0 47.732 171.894 -70.664 48.064 172.373 -71.018 51.205 170.929 -69.450
3 0 51.205 170.929 -69.450 50.811 170.486 -69.111 47.732 171.894 -70.664
3 0 47.406 171.614 -70.133 47.732 171.894 -70.664 50.811 170.486 -69.111
3 0 50.811 170.486 -69.111 50.428 170.246 -68.599 47.406 171.614 -70.133
3 0 47.137 171.576 -69.506 47.406 171.614 -70.133 50.428 170.246 -68.599
3 0 50.428 170.246 -68.599 50.116 170.244 -67.992 47.137 171.576 -69.506
3 0 46.965 171.787 -68.880 47.137 171.576 -69.506 50.116 170.244 -67.992
3 0 50.116 170.244 -67.992 49.922 170.482 -67.382 46.965 171.787 -68.880
3 0 46.916 172.213 -68.349 46.965 171.787 -68.880 49.922 170.482 -67.382
3 0 49.922 170.482 -67.382 49.874 170.922 -66.862 46.916 172.213 -68.349
3 0 46.998 172.791 -67.994 46.916 172.213 -68.349 49.874 170.922 -66.862
3 0 49.874 170.922 -66.862 49.982 171.498 -66.512 46.998 172.791 -67.994
3 0 47.199 173.431 -67.869 46.998 172.791 -67.994 49.982 171.498 -66.512
3 0 49.982 171.498 -66.512 50.227 172.123 -66.384 47.199 173.431 -67.869
3 0 47.488 174.037 -67.994 47.199 173.431 -67.869 50.227 172.123 -66.384
3 0 50.227 172.123 -66.384 50.573 172.700 -66.498 47.488 174.037 -67.994
3 0 47.820 174.517 -68.348 47.488 174.037 -67.994 50.573 172.700 -66.498
3 0 50.573 172.700 -66.498 50.967 173.142 -66.837 47.820 174.517 -68.348
3 0 52.890 174.351 -69.412 49.459 175.924 -71.017 49.541 176.501 -70.662
3 0 49.541 176.501 -70.662 52.997 174.927 -69.061 52.890 174.351 -69.412
3 0 52.644 173.726 -69.540 49.258 175.283 -71.142 49.459 175.924 -71.017
3 0 49.459 175.924 -71.017 52.890 174.351 -69.412 52.644 173.726 -69.540
3 0 52.298 173.149 -69.425 48.969 174.677 -71.017 49.258 175.283 -71.142
3 0 49.258 175.283 -71.142 52.644 173.726 -69.540 52.298 173.149 -69.425
3 0 51.904 172.706 -69.086 48.636 174.197 -70.663 48.969 174.677 -71.017
3 0 48.969 174.677 -71.017 52.298 173.149 -69.425 51.904 172.706 -69.086
3 0 51.075 173.719 -66.487 47.903 175.094 -67.993 47.820 174.517 -68.348
3 0 47.820 174.517 -68.348 50.967 173.142 -66.837 51.075 173.719 -66.487
3 0 51.320 174.343 -66.359 48.104 175.735 -67.869 47.903 175.094 -67.993
3 0 47.903 175.094 -67.993 51.075 173.719 -66.487 51.320 174.343 -66.359
3 0 51.666 174.920 -66.473 48.392 176.341 -67.993 48.104 175.735 -67.869
3 0 48.104 175.735 -67.869 51.320 174.343 -66.359 51.666 174.920 -66.473
3 0 52.061 175.363 -66.813 48.725 176.821 -68.347 48.392 176.341 -67.993
3 0 48.392 176.341 -67.993 51.666 174.920 -66.473 52.061 175.363 -66.813
3 0 53.983 176.570 -69.387 50.363 178.226 -71.016 50.445 178.804 -70.661
3 0 50.445 178.804 -70.661 54.090 177.146 -69.037 53.983 176.570 -69.387
3 0 53.737 175.946 -69.515 50.162 177.586 -71.141 50.363 178.226 -71.016
3 0 50.363 178.226 -71.016 53.983 176.570 -69.387 53.737 175.946 -69.515
3 0 53.391 175.369 -69.401 49.873 176.980 -71.017 50.162 177.586 -71.141
3 0 50.162 177.586 -71.141 53.737 175.946 -69.515 53.391 175.369 -69.401
3 0 52.997 174.927 -69.061 49.541 176.501 -70.662 49.873 176.980 -71.017
3 0 49.873 176.980 -71.017 53.391 175.369 -69.401 52.997 174.927 -69.061
3 0 52.168 175.938 -66.462 48.807 177.397 -67.992 48.725 176.821 -68.347
3 0 48.725 176.821 -68.347 52.061 175.363 -66.813 52.168 175.938 -66.462
3 0 52.413 176.562 -66.334 49.008 178.038 -67.868 48.807 177.397 -67.992
3 0 48.807 177.397 -67.992 52.168 175.938 -66.462 52.413 176.562 -66.334
3 0 52.759 177.140 -66.449 49.297 178.644 -67.992 49.008 178.038 -67.868
3 0 49.008 178.038 -67.868 52.413 176.562 -66.334 52.759 177.140 -66.449
3 0 53.153 177.582 -66.788 49.629 179.123 -68.347 49.297 178.644 -67.992
3 0 49.297 178.644 -67.992 52.759 177.140 -66.449 53.153 177.582 -66.788
3 0 49.712 179.701 -67.992 49.629 179.123 -68.347 53.153 177.582 -66.788
3 0 53.153 177.582 -66.788 53.261 178.159 -66.437 49.712 179.701 -67.992
3 0 49.913 180.342 -67.867 49.712 179.701 -67.992 53.261 178.159 -66.437
3 0 53.261 178.159 -66.437 53.506 178.783 -66.310 49.913 180.342 -67.867
3 0 50.201 180.948 -67.991 49.913 180.342 -67.867 53.506 178.783 -66.310
3 0 53.506 178.783 -66.310 53.852 179.360 -66.424 50.201 180.948 -67.991
3 0 50.534 181.427 -68.346 50.201 180.948 -67.991 53.852 179.360 -66.424
3 0 53.852 179.360 -66.424 54.247 179.803 -66.763 50.534 181.427 -68.346
3 0 50.860 181.707 -68.877 50.534 181.427 -68.346 54.247 179.803 -66.763
3 0 54.247 179.803 -66.763 54.629 180.043 -67.275 50.860 181.707 -68.877
3 0 51.129 181.745 -69.503 50.860 181.707 -68.877 54.629 180.043 -67.275
3 0 54.629 180.043 -67.275 54.941 180.044 -67.882 51.129 181.745 -69.503
3 0 51.301 181.534 -70.129 51.129 181.745 -69.503 54.941 180.044 -67.882
3 0 54.941 180.044 -67.882 55.136 179.807 -68.492 51.301 181.534 -70.129
3 0 51.350 181.108 -70.660 51.301 181.534 -70.129 55.136 179.807 -68.492
3 0 55.136 179.807 -68.492 55.183 179.367 -69.012 51.350 181.108 -70.660
3 0 51.267 180.530 -71.015 51.350 181.108 -70.660 55.183 179.367 -69.012
3 0 55.183 179.367 -69.012 55.076 178.790 -69.362 51.267 180.530 -71.015
3 0 51.066 179.890 -71.140 51.267 180.530 -71.015 55.076 178.790 -69.362
3 0 55.076 178.790 -69.362 54.830 178.166 -69.490 51.066 179.890 -71.140
3 0 50.778 179.284 -71.016 51.066 179.890 -71.140 54.830 178.166 -69.490
3 0 54.830 178.166 -69.490 54.484 177.589 -69.376 50.778 179.284 -71.016
3 0 50.445 178.804 -70.661 50.778 179.284 -71.016 54.484 177.589 -69.376
3 0 54.484 177.589 -69.376 54.090 177.146 -69.037 50.445 178.804 -70.661
3 0 45.083 174.841 -72.322 45.142 175.418 -71.962 48.636 174.197 -70.663
3 0 48.636 174.197 -70.663 48.554 173.620 -71.018 45.083 174.841 -72.322
3 0 44.927 174.188 -72.445 45.083 174.841 -72.322 48.554 173.620 -71.018
3 0 48.554 173.620 -71.018 48.353 172.979 -71.142 44.927 174.188 -72.445
3 0 44.701 173.557 -72.312 44.927 174.188 -72.445 48.353 172.979 -71.142
3 0 48.353 172.979 -71.142 48.064 172.373 -71.018 44.701 173.557 -72.312
3 0 44.437 173.046 -71.944 44.701 173.557 -72.312 48.064 172.373 -71.018
3 0 48.064 172.373 -71.018 47.732 171.894 -70.664 44.437 173.046 -71.944
3 0 44.176 172.732 -71.397 44.437 173.046 -71.944 47.732 171.894 -70.664
3 0 47.732 171.894 -70.664 47.406 171.614 -70.133 44.176 172.732 -71.397
3 0 43.958 172.662 -70.754 44.176 172.732 -71.397 47.406 171.614 -70.133
3 0 47.406 171.614 -70.133 47.137 171.576 -69.506 43.958 172.662 -70.754
3 0 43.816 172.848 -70.113 43.958 172.662 -70.754 47.137 171.576 -69.506
3 0 47.137 171.576 -69.506 46.965 171.787 -68.880 43.816 172.848 -70.113
3 0 43.771 173.261 -69.571 43.816 172.848 -70.113 46.965 171.787 -68.880
3 0 46.965 171.787 -68.880 46.916 172.213 -68.349 43.771 173.261 -69.571
3 0 43.831 173.838 -69.211 43.771 173.261 -69.571 46.916 172.213 -68.349
3 0 46.916 172.213 -68.349 46.998 172.791 -67.994 43.831 173.838 -69.211
3 0 43.986 174.492 -69.088 43.831 173.838 -69.211 46.998 172.791 -67.994
3 0 46.998 172.791 -67.994 47.199 173.431 -67.869 43.986 174.492 -69.088
3 0 44.212 175.122 -69.220 43.986 174.492 -69.088 47.199 173.431 -67.869
3 0 47.199 173.431 -67.869 47.488 174.037 -67.994 44.212 175.122 -69.220
3 0 44.476 175.633 -69.588 44.212 175.122 -69.220 47.488 174.037 -67.994
3 0 47.488 174.037 -67.994 47.820 174.517 -68.348 44.476 175.633 -69.588
3 0 49.459 175.924 -71.017 45.788 177.213 -72.339 45.848 177.791 -71.979
3 0 45.848 177.791 -71.979 49.541 176.501 -70.662 49.459 175.924 -71.017
3 0 49.258 175.283 -71.142 45.633 176.560 -72.462 45.788 177.213 -72.339
3 0 45.788 177.213 -72.339 49.459 175.924 -71.017 49.258 175.283 -71.142
3 0 48.969 174.677 -71.017 45.406 175.930 -72.329 45.633 176.560 -72.462
3 0 45.633 176.560 -72.462 49.258 175.283 -71.142 48.969 174.677 -71.017
3 0 48.636 174.197 -70.663 45.142 175.418 -71.962 45.406 175.930 -72.329
3 0 45.406 175.930 -72.329 48.969 174.677 -71.017 48.636 174.197 -70.663
3 0 47.903 175.094 -67.993 44.536 176.211 -69.228 44.476 175.633 -69.588
3 0 44.476 175.633 -69.588 47.820 174.517 -68.348 47.903 175.094 -67.993
3 0 48.104 175.735 -67.869 44.691 176.864 -69.105 44.536 176.211 -69.228
3 0 44.536 176.211 -69.228 47.903 175.094 -67.993 48.104 175.735 -67.869
3 0 48.392 176.341 -67.993 44.918 177.494 -69.237 44.691 176.864 -69.105
3 0 44.691 176.864 -69.105 48.104 175.735 -67.869 48.392 176.341 -67.993
3 0 48.725 176.821 -68.347 45.182 178.006 -69.605 44.918 177.494 -69.237
3 0 44.918 177.494 -69.237 48.392 176.341 -67.993 48.725 176.821 -68.347
3 0 50.363 178.226 -71.016 46.493 179.585 -72.356 46.553 180.162 -71.996
3 0 46.553 180.162 -71.996 50.445 178.804 -70.661 50.363 178.226 -71.016
3 0 50.162 177.586 -71.141 46.338 178.931 -72.479 46.493 179.585 -72.356
3 0 46.493 179.585 -72.356 50.363 178.226 -71.016 50.162 177.586 -71.141
3 0 49.873 176.980 -71.017 46.111 178.301 -72.347 46.338 178.931 -72.479
3 0 46.338 178.931 -72.479 50.162 177.586 -71.141 49.873 176.980 -71.017
3 0 49.541 176.501 -70.662 45.848 177.791 -71.979 46.111 178.301 -72.347
3 0 46.111 178.301 -72.347 49.873 176.980 -71.017 49.541 176.501 -70.662
3 0 48.807 177.397 -67.992 45.241 178.582 -69.245 45.182 178.006 -69.605
3 0 45.182 178.006 -69.605 48.725 176.821 -68.347 48.807 177.397 -67.992
3 0 49.008 178.038 -67.868 45.396 179.236 -69.122 45.241 178.582 -69.245
3 0 45.241 178.582 -69.245 48.807 177.397 -67.992 49.008 178.038 -67.868
3 0 49.297 178.644 -67.992 45.623 179.866 -69.254 45.396 179.236 -69.122
3 0 45.396 179.236 -69.122 49.008 178.038 -67.868 49.297 178.644 -67.992
3 0 49.629 179.123 -68.347 45.887 180.377 -69.622 45.623 179.866 -69.254
3 0 45.623 179.866 -69.254 49.297 178.644 -67.992 49.629 179.123 -68.347
3 0 45.946 180.954 -69.262 45.887 180.377 -69.622 49.629 179.123 -68.347
3 0 49.629 179.123 -68.347 49.712 179.701 -67.992 45.946 180.954 -69.262
3 0 46.101 181.608 -69.139 45.946 180.954 -69.262 49.712 179.701 -67.992
3 0 49.712 179.701 -67.992 49.913 180.342 -67.867 46.101 181.608 -69.139
3 0 46.328 182.238 -69.271 46.101 181.608 -69.139 49.913 180.342 -67.867
3 0 49.913 180.342 -67.867 50.201 180.948 -67.991 46.328 182.238 -69.271
3 0 46.592 182.749 -69.639 46.328 182.238 -69.271 50.201 180.948 -67.991
3 0 50.201 180.948 -67.991 50.534 181.427 -68.346 46.592 182.749 -69.639
3 0 46.853 183.064 -70.186 46.592 182.749 -69.639 50.534 181.427 -68.346
3 0 50.534 181.427 -68.346 50.860 181.707 -68.877 46.853 183.064 -70.186
3 0 47.071 183.133 -70.830 46.853 183.064 -70.186 50.860 181.707 -68.877
3 0 50.860 181.707 -68.877 51.129 181.745 -69.503 47.071 183.133 -70.830
3 0 47.213 182.947 -71.471 47.071 183.133 -70.830 51.129 181.745 -69.503
3 0 51.129 181.745 -69.503 51.301 181.534 -70.129 47.213 182.947 -71.471
3 0 47.258 182.534 -72.013 47.213 182.947 -71.471 51.301 181.534 -70.129
3 0 51.301 181.534 -70.129 51.350 181.108 -70.660 47.258 182.534 -72.013
3 0 47.198 181.957 -72.373 47.258 182.534 -72.013 51.350 181.108 -70.660
3 0 51.350 181.108 -70.660 51.267 180.530 -71.015 47.198 181.957 -72.373
3 0 47.043 181.304 -72.496 47.198 181.957 -72.373 51.267 180.530 -71.015
3 0 51.267 180.530 -71.015 51.066 179.890 -71.140 47.043 181.304 -72.496
3 0 46.817 180.673 -72.364 47.043 181.304 -72.496 51.066 179.890 -71.140
3 0 51.066 179.890 -71.140 50.778 179.284 -71.016 46.817 180.673 -72.364
3 0 46.553 180.162 -71.996 46.817 180.673 -72.364 50.778 179.284 -71.016
3 0 50.778 179.284 -71.016 50.445 178.804 -70.661 46.553 180.162 -71.996
3 0 41.419 175.784 -73.333 41.460 176.359 -72.968 45.142 175.418 -71.962
3 0 45.142 175.418 -71.962 45.083 174.841 -72.322 41.419 175.784 -73.333
3 0 41.308 175.121 -73.456 41.419 175.784 -73.333 45.083 174.841 -72.322
3 0 45.083 174.841 -72.322 44.927 174.188 -72.445 41.308 175.121 -73.456
3 0 41.142 174.473 -73.319 41.308 175.121 -73.456 44.927 174.188 -72.445
3 0 44.927 174.188 -72.445 44.701 173.557 -72.312 41.142 174.473 -73.319
3 0 40.948 173.938 -72.942 41.142 174.473 -73.319 44.701 173.557 -72.312
3 0 44.701 173.557 -72.312 44.437 173.046 -71.944 40.948 173.938 -72.942
3 0 40.755 173.597 -72.383 40.948 173.938 -72.942 44.437 173.046 -71.944
3 0 44.437 173.046 -71.944 44.176 172.732 -71.397 40.755 173.597 -72.383
3 0 40.592 173.503 -71.727 40.755 173.597 -72.383 44.176 172.732 -71.397
3 0 44.176 172.732 -71.397 43.958 172.662 -70.754 40.592 173.503 -71.727
3 0 40.484 173.669 -71.073 40.592 173.503 -71.727 43.958 172.662 -70.754
3 0 43.958 172.662 -70.754 43.816 172.848 -70.113 40.484 173.669 -71.073
3 0 40.447 174.070 -70.522 40.484 173.669 -71.073 43.816 172.848 -70.113
3 0 43.816 172.848 -70.113 43.771 173.261 -69.571 40.447 174.070 -70.522
3 0 40.487 174.646 -70.157 40.447 174.070 -70.522 43.771 173.261 -69.571
3 0 43.771 173.261 -69.571 43.831 173.838 -69.211 40.487 174.646 -70.157
3 0 40.599 175.308 -70.034 40.487 174.646 -70.157 43.831 173.838 -69.211
3 0 43.831 173.838 -69.211 43.986 174.492 -69.088 40.599 175.308 -70.034
3 0 40.764 175.956 -70.171 40.599 175.308 -70.034 43.986 174.492 -69.088
3 0 43.986 174.492 -69.088 44.212 175.122 -69.220 40.764 175.956 -70.171
3 0 40.958 176.491 -70.548 40.764 175.956 -70.171 44.212 175.122 -69.220
3 0 44.212 175.122 -69.220 44.476 175.633 -69.588 40.958 176.491 -70.548
3 0 45.788 177.213 -72.339 41.930 178.205 -73.359 41.971 178.781 -72.994
3 0 41.971 178.781 -72.994 45.848 177.791 -71.979 45.788 177.213 -72.339
3 0 45.633 176.560 -72.462 41.819 177.543 -73.482 41.930 178.205 -73.359
3 0 41.930 178.205 -73.359 45.788 177.213 -72.339 45.633 176.560 -72.462
3 0 45.406 175.930 -72.329 41.654 176.895 -73.345 41.819 177.543 -73.482
3 0 41.819 177.543 -73.482 45.633 176.560 -72.462 45.406 175.930 -72.329
3 0 45.142 175.418 -71.962 41.460 176.359 -72.968 41.654 176.895 -73.345
3 0 41.654 176.895 -73.345 45.406 175.930 -72.329 45.142 175.418 -71.962
3 0 44.536 176.211 -69.228 40.999 177.067 -70.183 40.958 176.491 -70.548
3 0 40.958 176.491 -70.548 44.476 175.633 -69.588 44.536 176.211 -69.228
3 0 44.691 176.864 -69.105 41.110 177.730 -70.060 40.999 177.067 -70.183
3 0 40.999 177.067 -70.183 44.536 176.211 -69.228 44.691 176.864 -69.105
3 0 44.918 177.494 -69.237 41.275 178.378 -70.197 41.110 177.730 -70.060
3 0 41.110 177.730 -70.060 44.691 176.864 -69.105 44.918 177.494 -69.237
3 0 45.182 178.006 -69.605 41.470 178.913 -70.574 41.275 178.378 -70.197
3 0 41.275 178.378 -70.197 44.918 177.494 -69.237 45.182 178.006 -69.605
3 0 46.493 179.585 -72.356 42.442 180.626 -73.385 42.482 181.201 -73.020
3 0 42.482 181.201 -73.020 46.553 180.162 -71.996 46.493 179.585 -72.356
3 0 46.338 178.931 -72.479 42.330 179.963 -73.508 42.442 180.626 -73.385
3 0 42.442 180.626 -73.385 46.493 179.585 -72.356 46.338 178.931 -72.479
3 0 46.111 178.301 -72.347 42.165 179.315 -73.371 42.330 179.963 -73.508
3 0 42.330 179.963 -73.508 46.338 178.931 -72.479 46.111 178.301 -72.347
3 0 45.848 177.791 -71.979 41.971 178.781 -72.994 42.165 179.315 -73.371
3 0 42.165 179.315 -73.371 46.111 178.301 -72.347 45.848 177.791 -71.979
3 0 45.241 178.582 -69.245 41.510 179.488 -70.209 41.470 178.913 -70.574
3 0 41.470 178.913 -70.574 45.182 178.006 -69.605 45.241 178.582 -69.245
3 0 45.396 179.236 -69.122 41.621 180.150 -70.086 41.510 179.488 -70.209
3 0 41.510 179.488 -70.209 45.241 178.582 -69.245 45.396 179.236 -69.122
3 0 45.623 179.866 -69.254 41.787 180.798 -70.223 41.621 180.150 -70.086
3 0 41.621 180.150 -70.086 45.396 179.236 -69.122 45.623 179.866 -69.254
3 0 45.887 180.377 -69.622 41.981 181.333 -70.600 41.787 180.798 -70.223
3 0 41.787 180.798 -70.223 45.623 179.866 -69.254 45.887 180.377 -69.622
3 0 42.021 181.909 -70.235 41.981 181.333 -70.600 45.887 180.377 -69.622
3 0 45.887 180.377 -69.622 45.946 180.954 -69.262 42.021 181.909 -70.235
3 0 42.132 182.571 -70.112 42.021 181.909 -70.235 45.946 180.954 -69.262
3 0 45.946 180.954 -69.262 46.101 181.608 -69.139 42.132 182.571 -70.112
3 0 42.298 183.220 -70.250 42.132 182.571 -70.112 46.101 181.608 -69.139
3 0 46.101 181.608 -69.139 46.328 182.238 -69.271 42.298 183.220 -70.250
3 0 42.492 183.755 -70.627 42.298 183.220 -70.250 46.328 182.238 -69.271
3 0 46.328 182.238 -69.271 46.592 182.749 -69.639 42.492 183.755 -70.627
3 0 42.685 184.096 -71.186 42.492 183.755 -70.627 46.592 182.749 -69.639
3 0 46.592 182.749 -69.639 46.853 183.064 -70.186 42.685 184.096 -71.186
3 0 42.849 184.190 -71.842 42.685 184.096 -71.186 46.853 183.064 -70.186
3 0 46.853 183.064 -70.186 47.071 183.133 -70.830 42.849 184.190 -71.842
3 0 42.957 184.024 -72.495 42.849 184.190 -71.842 47.071 183.133 -70.830
3 0 47.071 183.133 -70.830 47.213 182.947 -71.471 42.957 184.024 -72.495
3 0 42.993 183.623 -73.046 42.957 184.024 -72.495 47.213 182.947 -71.471
3 0 47.213 182.947 -71.471 47.258 182.534 -72.013 42.993 183.623 -73.046
3 0 42.953 183.047 -73.411 42.993 183.623 -73.046 47.258 182.534 -72.013
3 0 47.258 182.534 -72.013 47.198 181.957 -72.373 42.953 183.047 -73.411
3 0 42.841 182.385 -73.535 42.953 183.047 -73.411 47.198 181.957 -72.373
3 0 47.198 181.957 -72.373 47.043 181.304 -72.496 42.841 182.385 -73.535
3 0 42.676 181.737 -73.397 42.841 182.385 -73.535 47.043 181.304 -72.496
3 0 47.043 181.304 -72.496 46.817 180.673 -72.364 42.676 181.737 -73.397
3 0 42.482 181.201 -73.020 42.676 181.737 -73.397 46.817 180.673 -72.364
3 0 46.817 180.673 -72.364 46.553 180.162 -71.996 42.482 181.201 -73.020
3 0 37.615 176.445 -74.048 37.640 177.019 -73.678 41.460 176.359 -72.968
3 0 41.460 176.359 -72.968 41.419 175.784 -73.333 37.615 176.445 -74.048
3 0 37.545 175.778 -74.172 37.615 176.445 -74.048 41.419 175.784 -73.333
3 0 41.419 175.784 -73.333 41.308 175.121 -73.456 37.545 175.778 -74.172
3 0 37.439 175.118 -74.033 37.545 175.778 -74.172 41.308 175.121 -73.456
3 0 41.308 175.121 -73.456 41.142 174.473 -73.319 37.439 175.118 -74.033
3 0 37.314 174.566 -73.651 37.439 175.118 -74.033 41.142 174.473 -73.319
3 0 41.142 174.473 -73.319 40.948 173.938 -72.942 37.314 174.566 -73.651
3 0 37.189 174.206 -73.085 37.314 174.566 -73.651 40.948 173.938 -72.942
3 0 40.948 173.938 -72.942 40.755 173.597 -72.383 37.189 174.206 -73.085
3 0 37.082 174.093 -72.420 37.189 174.206 -73.085 40.755 173.597 -72.383
3 0 40.755 173.597 -72.383 40.592 173.503 -71.727 37.082 174.093 -72.420
3 0 37.011 174.244 -71.758 37.082 174.093 -72.420 40.592 173.503 -71.727
3 0 40.592 173.503 -71.727 40.484 173.669 -71.073 37.011 174.244 -71.758
3 0 36.985 174.636 -71.199 37.011 174.244 -71.758 40.484 173.669 -71.073
3 0 40.484 173.669 -71.073 40.447 174.070 -70.522 36.985 174.636 -71.199
3 0 37.010 175.210 -70.830 36.985 174.636 -71.199 40.447 174.070 -70.522
3 0 40.447 174.070 -70.522 40.487 174.646 -70.157 37.010 175.210 -70.830
3 0 37.080 175.877 -70.705 37.010 175.210 -70.830 40.487 174.646 -70.157
3 0 40.487 174.646 -70.157 40.599 175.308 -70.034 37.080 175.877 -70.705
3 0 37.186 176.537 -70.844 37.080 175.877 -70.705 40.599 175.308 -70.034
3 0 40.599 175.308 -70.034 40.764 175.956 -70.171 37.186 176.537 -70.844
3 0 37.311 177.089 -71.226 37.186 176.537 -70.844 40.764 175.956 -70.171
3 0 40.764 175.956 -70.171 40.958 176.491 -70.548 37.311 177.089 -71.226
3 0 41.930 178.205 -73.359 37.941 178.899 -74.075 37.965 179.472 -73.705
3 0 37.965 179.472 -73.705 41.971 178.781 -72.994 41.930 178.205 -73.359
3 0 41.819 177.543 -73.482 37.871 178.231 -74.199 37.941 178.899 -74.075
3 0 37.941 178.899 -74.075 41.930 178.205 -73.359 41.819 177.543 -73.482
3 0 41.654 176.895 -73.345 37.765 177.571 -74.060 37.871 178.231 -74.199
3 0 37.871 178.231 -74.199 41.819 177.543 -73.482 41.654 176.895 -73.345
3 0 41.460 176.359 -72.968 37.640 177.019 -73.678 37.765 177.571 -74.060
3 0 37.765 177.571 -74.060 41.654 176.895 -73.345 41.460 176.359 -72.968
3 0 40.999 177.067 -70.183 37.335 177.663 -70.856 37.311 177.089 -71.226
3 0 37.311 177.089 -71.226 40.958 176.491 -70.548 40.999 177.067 -70.183
3 0 41.110 177.730 -70.060 37.405 178.331 -70.732 37.335 177.663 -70.856
3 0 37.335 177.663 -70.856 40.999 177.067 -70.183 41.110 177.730 -70.060
3 0 41.275 178.378 -70.197 37.511 178.991 -70.871 37.405 178.331 -70.732
3 0 37.405 178.331 -70.732 41.110 177.730 -70.060 41.275 178.378 -70.197
3 0 41.470 178.913 -70.574 37.636 179.543 -71.253 37.511 178.991 -70.871
3 0 37.511 178.991 -70.871 41.275 178.378 -70.197 41.470 178.913 -70.574
3 0 42.442 180.626 -73.385 38.266 181.351 -74.101 38.291 181.925 -73.732
3 0 38.291 181.925 -73.732 42.482 181.201 -73.020 42.442 180.626 -73.385
3 0 42.330 179.963 -73.508 38.196 180.684 -74.226 38.266 181.351 -74.101
3 0 38.266 181.351 -74.101 42.442 180.626 -73.385 42.330 179.963 -73.508
3 0 42.165 179.315 -73.371 38.090 180.024 -74.087 38.196 180.684 -74.226
3 0 38.196 180.684 -74.226 42.330 179.963 -73.508 42.165 179.315 -73.371
3 0 41.971 178.781 -72.994 37.965 179.472 -73.705 38.090 180.024 -74.087
3 0 38.090 180.024 -74.087 42.165 179.315 -73.371 41.971 178.781 -72.994
3 0 41.510 179.488 -70.209 37.660 180.116 -70.883 37.636 179.543 -71.253
3 0 37.636 179.543 -71.253 41.470 178.913 -70.574 41.510 179.488 -70.209
3 0 41.621 180.150 -70.086 37.731 180.783 -70.759 37.660 180.116 -70.883
3 0 37.660 180.116 -70.883 41.510 179.488 -70.209 41.621 180.150 -70.086
3 0 41.787 180.798 -70.223 37.837 181.443 -70.898 37.731 180.783 -70.759
3 0 37.731 180.783 -70.759 41.621 180.150 -70.086 41.787 180.798 -70.223
3 0 41.981 181.333 -70.600 37.962 181.995 -71.280 37.837 181.443 -70.898
3 0 37.837 181.443 -70.898 41.787 180.798 -70.223 41.981 181.333 -70.600
3 0 37.986 182.569 -70.910 37.962 181.995 -71.280 41.981 181.333 -70.600
3 0 41.981 181.333 -70.600 42.021 181.909 -70.235 37.986 182.569 -70.910
3 0 38.056 183.237 -70.785 37.986 182.569 -70.910 42.021 181.909 -70.235
3 0 42.021 181.909 -70.235 42.132 182.571 -70.112 38.056 183.237 -70.785
3 0 38.162 183.897 -70.925 38.056 183.237 -70.785 42.132 182.571 -70.112
3 0 42.132 182.571 -70.112 42.298 183.220 -70.250 38.162 183.897 -70.925
3 0 38.287 184.449 -71.307 38.162 183.897 -70.925 42.298 183.220 -70.250
3 0 42.298 183.220 -70.250 42.492 183.755 -70.627 38.287 184.449 -71.307
3 0 38.413 184.808 -71.873 38.287 184.449 -71.307 42.492 183.755 -70.627
3 0 42.492 183.755 -70.627 42.685 184.096 -71.186 38.413 184.808 -71.873
3 0 38.519 184.921 -72.538 38.413 184.808 -71.873 42.685 184.096 -71.186
3 0 42.685 184.096 -71.186 42.849 184.190 -71.842 38.519 184.921 -72.538
3 0 38.591 184.770 -73.200 38.519 184.921 -72.538 42.849 184.190 -71.842
3 0 42.849 184.190 -71.842 42.957 184.024 -72.495 38.591 184.770 -73.200
3 0 38.616 184.378 -73.758 38.591 184.770 -73.200 42.957 184.024 -72.495
3 0 42.957 184.024 -72.495 42.993 183.623 -73.046 38.616 184.378 -73.758
3 0 38.592 183.804 -74.128 38.616 184.378 -73.758 42.993 183.623 -73.046
3 0 42.993 183.623 -73.046 42.953 183.047 -73.411 38.592 183.804 -74.128
3 0 38.522 183.137 -74.253 38.592 183.804 -74.128 42.953 183.047 -73.411
3 0 42.953 183.047 -73.411 42.841 182.385 -73.535 38.522 183.137 -74.253
3 0 38.416 182.477 -74.114 38.522 183.137 -74.253 42.841 182.385 -73.535
3 0 42.841 182.385 -73.535 42.676 181.737 -73.397 38.416 182.477 -74.114
3 0 38.291 181.925 -73.732 38.416 182.477 -74.114 42.676 181.737 -73.397
3 0 42.676 181.737 -73.397 42.482 181.201 -73.020 38.291 181.925 -73.732
3 0 33.716 176.828 -74.466 33.727 177.400 -74.092 37.640 177.019 -73.678
3 0 37.640 177.019 -73.678 37.615 176.445 -74.048 33.716 176.828 -74.466
3 0 33.683 176.158 -74.593 33.716 176.828 -74.466 37.615 176.445 -74.048
3 0 37.615 176.445 -74.048 37.545 175.778 -74.172 33.683 176.158 -74.593
3 0 33.632 175.492 -74.455 33.683 176.158 -74.593 37.545 175.778 -74.172
3 0 37.545 175.778 -74.172 37.439 175.118 -74.033 33.632 175.492 -74.455
3 0 33.572 174.930 -74.072 33.632 175.492 -74.455 37.439 175.118 -74.033
3 0 37.439 175.118 -74.033 37.314 174.566 -73.651 33.572 174.930 -74.072
3 0 33.511 174.558 -73.502 33.572 174.930 -74.072 37.314 174.566 -73.651
3 0 37.314 174.566 -73.651 37.189 174.206 -73.085 33.511 174.558 -73.502
3 0 33.459 174.433 -72.833 33.511 174.558 -73.502 37.189 174.206 -73.085
3 0 37.189 174.206 -73.085 37.082 174.093 -72.420 33.459 174.433 -72.833
3 0 33.424 174.574 -72.166 33.459 174.433 -72.833 37.082 174.093 -72.420
3 0 37.082 174.093 -72.420 37.011 174.244 -71.758 33.424 174.574 -72.166
3 0 33.411 174.960 -71.602 33.424 174.574 -72.166 37.011 174.244 -71.758
3 0 37.011 174.244 -71.758 36.985 174.636 -71.199 33.411 174.960 -71.602
3 0 33.422 175.531 -71.229 33.411 174.960 -71.602 36.985 174.636 -71.199
3 0 36.985 174.636 -71.199 37.010 175.210 -70.830 33.422 175.531 -71.229
3 0 33.456 176.201 -71.101 33.422 175.531 -71.229 37.010 175.210 -70.830
3 0 37.010 175.210 -70.830 37.080 175.877 -70.705 33.456 176.201 -71.101
3 0 33.506 176.868 -71.239 33.456 176.201 -71.101 37.080 175.877 -70.705
3 0 37.080 175.877 -70.705 37.186 176.537 -70.844 33.506 176.868 -71.239
3 0 33.567 177.430 -71.622 33.506 176.868 -71.239 37.186 176.537 -70.844
3 0 37.186 176.537 -70.844 37.311 177.089 -71.226 33.567 177.430 -71.622
3 0 37.941 178.899 -74.075 33.871 179.298 -74.486 33.882 179.870 -74.112
3 0 33.882 179.870 -74.112 37.965 179.472 -73.705 37.941 178.899 -74.075
3 0 37.871 178.231 -74.199 33.838 178.628 -74.613 33.871 179.298 -74.486
3 0 33.871 179.298 -74.486 37.941 178.899 -74.075 37.871 178.231 -74.199
3 0 37.765 177.571 -74.060 33.787 177.962 -74.475 33.838 178.628 -74.613
3 0 33.838 178.628 -74.613 37.871 178.231 -74.199 37.765 177.571 -74.060
3 0 37.640 177.019 -73.678 33.727 177.400 -74.092 33.787 177.962 -74.475
3 0 33.787 177.962 -74.475 37.765 177.571 -74.060 37.640 177.019 -73.678
3 0 37.335 177.663 -70.856 33.578 178.001 -71.249 33.567 177.430 -71.622
3 0 33.567 177.430 -71.622 37.311 177.089 -71.226 37.335 177.663 -70.856
3 0 37.405 178.331 -70.732 33.611 178.671 -71.121 33.578 178.001 -71.249
3 0 33.578 178.001 -71.249 37.335 177.663 -70.856 37.405 178.331 -70.732
3 0 37.511 178.991 -70.871 33.662 179.338 -71.259 33.611 178.671 -71.121
3 0 33.611 178.671 -71.121 37.405 178.331 -70.732 37.511 178.991 -70.871
3 0 37.636 179.543 -71.253 33.722 179.900 -71.643 33.662 179.338 -71.259
3 0 33.662 179.338 -71.259 37.511 178.991 -70.871 37.636 179.543 -71.253
3 0 38.266 181.351 -74.101 34.027 181.767 -74.506 34.038 182.339 -74.132
3 0 34.038 182.339 -74.132 38.291 181.925 -73.732 38.266 181.351 -74.101
3 0 38.196 180.684 -74.226 33.993 181.097 -74.633 34.027 181.767 -74.506
3 0 34.027 181.767 -74.506 38.266 181.351 -74.101 38.196 180.684 -74.226
3 0 38.090 180.024 -74.087 33.942 180.431 -74.495 33.993 181.097 -74.633
3 0 33.993 181.097 -74.633 38.196 180.684 -74.226 38.090 180.024 -74.087
3 0 37.965 179.472 -73.705 33.882 179.870 -74.112 33.942 180.431 -74.495
3 0 33.942 180.431 -74.495 38.090 180.024 -74.087 37.965 179.472 -73.705
3 0 37.660 180.116 -70.883 33.733 180.470 -71.269 33.722 179.900 -71.643
3 0 33.722 179.900 -71.643 37.636 179.543 -71.253 37.660 180.116 -70.883
3 0 37.731 180.783 -70.759 33.766 181.140 -71.141 33.733 180.470 -71.269
3 0 33.733 180.470 -71.269 37.660 180.116 -70.883 37.731 180.783 -70.759
3 0 37.837 181.443 -70.898 33.817 181.807 -71.279 33.766 181.140 -71.141
3 0 33.766 181.140 -71.141 37.731 180.783 -70.759 37.837 181.443 -70.898
3 0 37.962 181.995 -71.280 33.877 182.369 -71.663 33.817 181.807 -71.279
3 0 33.817 181.807 -71.279 37.837 181.443 -70.898 37.962 181.995 -71.280
3 0 33.888 182.940 -71.289 33.877 182.369 -71.663 37.962 181.995 -71.280
3 0 37.962 181.995 -71.280 37.986 182.569 -70.910 33.888 182.940 -71.289
3 0 33.921 183.610 -71.161 33.888 182.940 -71.289 37.986 182.569 -70.910
3 0 37.986 182.569 -70.910 38.056 183.237 -70.785 33.921 183.610 -71.161
3 0 33.972 184.277 -71.299 33.921 183.610 -71.161 38.056 183.237 -70.785
3 0 38.056 183.237 -70.785 38.162 183.897 -70.925 33.972 184.277 -71.299
3 0 34.032 184.839 -71.683 33.972 184.277 -71.299 38.162 183.897 -70.925
3 0 38.162 183.897 -70.925 38.287 184.449 -71.307 34.032 184.839 -71.683
3 0 34.093 185.210 -72.252 34.032 184.839 -71.683 38.287 184.449 -71.307
3 0 38.287 184.449 -71.307 38.413 184.808 -71.873 34.093 185.210 -72.252
3 0 34.145 185.335 -72.921 34.093 185.210 -72.252 38.413 184.808 -71.873
3 0 38.413 184.808 -71.873 38.519 184.921 -72.538 34.145 185.335 -72.921
3 0 34.180 185.194 -73.589 34.145 185.335 -72.921 38.519 184.921 -72.538
3 0 38.519 184.921 -72.538 38.591 184.770 -73.200 34.180 185.194 -73.589
3 0 34.193 184.809 -74.152 34.180 185.194 -73.589 38.591 184.770 -73.200
3 0 38.591 184.770 -73.200 38.616 184.378 -73.758 34.193 184.809 -74.152
3 0 34.182 184.237 -74.526 34.193 184.809 -74.152 38.616 184.378 -73.758
3 0 38.616 184.378 -73.758 38.592 183.804 -74.128 34.182 184.237 -74.526
3 0 34.148 183.568 -74.653 34.182 184.237 -74.526 38.592 183.804 -74.128
3 0 38.592 183.804 -74.128 38.522 183.137 -74.253 34.148 183.568 -74.653
3 0 34.098 182.901 -74.515 34.148 183.568 -74.653 38.522 183.137 -74.253
3 0 38.522 183.137 -74.253 38.416 182.477 -74.114 34.098 182.901 -74.515
3 0 34.038 182.339 -74.132 34.098 182.901 -74.515 38.416 182.477 -74.114
3 0 38.416 182.477 -74.114 38.291 181.925 -73.732 34.038 182.339 -74.132
3 0 30.000 176.958 -74.617 30.000 177.525 -74.237 33.727 177.400 -74.092
3 0 33.727 177.400 -74.092 33.716 176.828 -74.466 30.000 176.958 -74.617
3 0 30.000 176.288 -74.750 30.000 176.958 -74.617 33.716 176.828 -74.466
3 0 33.716 176.828 -74.466 33.683 176.158 -74.593 30.000 176.288 -74.750
3 0 30.000 175.618 -74.617 30.000 176.288 -74.750 33.683 176.158 -74.593
3 0 33.683 176.158 -74.593 33.632 175.492 -74.455 30.000 175.618 -74.617
3 0 30.000 175.051 -74.237 30.000 175.618 -74.617 33.632 175.492 -74.455
3 0 33.632 175.492 -74.455 33.572 174.930 -74.072 30.000 175.051 -74.237
3 0 30.000 174.671 -73.670 30.000 175.051 -74.237 33.572 174.930 -74.072
3 0 33.572 174.930 -74.072 33.511 174.558 -73.502 30.000 174.671 -73.670
3 0 30.000 174.538 -73.000 30.000 174.671 -73.670 33.511 174.558 -73.502
3 0 33.511 174.558 -73.502 33.459 174.433 -72.833 30.000 174.538 -73.000
3 0 30.000 174.671 -72.330 30.000 174.538 -73.000 33.459 174.433 -72.833
3 0 33.459 174.433 -72.833 33.424 174.574 -72.166 30.000 174.671 -72.330
3 0 30.000 175.051 -71.763 30.000 174.671 -72.330 33.424 174.574 -72.166
3 0 33.424 174.574 -72.166 33.411 174.960 -71.602 30.000 175.051 -71.763
3 0 30.000 175.618 -71.383 30.000 175.051 -71.763 33.411 174.960 -71.602
3 0 33.411 174.960 -71.602 33.422 175.531 -71.229 30.000 175.618 -71.383
3 0 30.000 176.288 -71.250 30.000 175.618 -71.383 33.422 175.531 -71.229
3 0 33.422 175.531 -71.229 33.456 176.201 -71.101 30.000 176.288 -71.250
3 0 30.000 176.958 -71.383 30.000 176.288 -71.250 33.456 176.201 -71.101
3 0 33.456 176.201 -71.101 33.506 176.868 -71.239 30.000 176.958 -71.383
3 0 30.000 177.525 -71.763 30.000 176.958 -71.383 33.506 176.868 -71.239
3 0 33.506 176.868 -71.239 33.567 177.430 -71.622 30.000 177.525 -71.763
3 0 33.871 179.298 -74.486 30.000 179.433 -74.617 30.000 180.000 -74.237
3 0 30.000 180.000 -74.237 33.882 179.870 -74.112 33.871 179.298 -74.486
3 0 33.838 178.628 -74.613 30.000 178.763 -74.750 30.000 179.433 -74.617
3 0 30.000 179.433 -74.617 33.871 179.298 -74.486 33.838 178.628 -74.613
3 0 33.787 177.962 -74.475 30.000 178.093 -74.617 30.000 178.763 -74.750
3 0 30.000 178.763 -74.750 33.838 178.628 -74.613 33.787 177.962 -74.475
3 0 33.727 177.400 -74.092 30.000 177.525 -74.237 30.000 178.093 -74.617
3 0 30.000 178.093 -74.617 33.787 177.962 -74.475 33.727 177.400 -74.092
3 0 33.578 178.001 -71.249 30.000 178.093 -71.383 30.000 177.525 -71.763
3 0 30.000 177.525 -71.763 33.567 177.430 -71.622 33.578 178.001 -71.249
3 0 33.611 178.671 -71.121 30.000 178.763 -71.250 30.000 178.093 -71.383
3 0 30.000 178.093 -71.383 33.578 178.001 -71.249 33.611 178.671 -71.121
3 0 33.662 179.338 -71.259 30.000 179.433 -71.383 30.000 178.763 -71.250
3 0 30.000 178.763 -71.250 33.611 178.671 -71.121 33.662 179.338 -71.259
3 0 33.722 179.900 -71.643 30.000 180.000 -71.763 30.000 179.433 -71.383
3 0 30.000 179.433 -71.383 33.662 179.338 -71.259 33.722 179.900 -71.643
3 0 34.027 181.767 -74.506 30.000 181.907 -74.617 30.000 182.474 -74.237
3 0 30.000 182.474 -74.237 34.038 182.339 -74.132 34.027 181.767 -74.506
3 0 33.993 181.097 -74.633 30.000 181.237 -74.750 30.000 181.907 -74.617
3 0 30.000 181.907 -74.617 34.027 181.767 -74.506 33.993 181.097 -74.633
3 0 33.942 180.431 -74.495 30.000 180.567 -74.617 30.000 181.237 -74.750
3 0 30.000 181.237 -74.750 33.993 181.097 -74.633 33.942 180.431 -74.495
3 0 33.882 179.870 -74.112 30.000 180.000 -74.237 30.000 180.567 -74.617
3 0 30.000 180.567 -74.617 33.942 180.431 -74.495 33.882 179.870 -74.112
3 0 33.733 180.470 -71.269 30.000 180.567 -71.383 30.000 180.000 -71.763
3 0 30.000 180.000 -71.763 33.722 179.900 -71.643 33.733 180.470 -71.269
3 0 33.766 181.140 -71.141 30.000 181.237 -71.250 30.000 180.567 -71.383
3 0 30.000 180.567 -71.383 33.733 180.470 -71.269 33.766 181.140 -71.141
3 0 33.817 181.807 -71.279 30.000 181.907 -71.383 30.000 181.237 -71.250
3 0 30.000 181.237 -71.250 33.766 181.140 -71.141 33.817 181.807 -71.279
3 0 33.877 182.369 -71.663 30.000 182.474 -71.763 30.000 181.907 -71.383
3 0 30.000 181.907 -71.383 33.817 181.807 -71.279 33.877 182.369 -71.663
3 0 30.000 183.042 -71.383 30.000 182.474 -71.763 33.877 182.369 -71.663
3 0 33.877 182.369 -71.663 33.888 182.940 -71.289 30.000 183.042 -71.383
3 0 30.000 183.712 -71.250 30.000 183.042 -71.383 33.888 182.940 -71.289
3 0 33.888 182.940 -71.289 33.921 183.610 -71.161 30.000 183.712 -71.250
3 0 30.000 184.382 -71.383 30.000 183.712 -71.250 33.921 183.610 -71.161
3 0 33.921 183.610 -71.161 33.972 184.277 -71.299 30.000 184.382 -71.383
3 0 30.000 184.949 -71.763 30.000 184.382 -71.383 33.972 184.277 -71.299
3 0 33.972 184.277 -71.299 34.032 184.839 -71.683 30.000 184.949 -71.763
3 0 30.000 185.329 -72.330 30.000 184.949 -71.763 34.032 184.839 -71.683
3 0 34.032 184.839 -71.683 34.093 185.210 -72.252 30.000 185.329 -72.330
3 0 30.000 185.462 -73.000 30.000 185.329 -72.330 34.093 185.210 -72.252
3 0 34.093 185.210 -72.252 34.145 185.335 -72.921 30.000 185.462 -73.000
3 0 30.000 185.329 -73.670 30.000 185.462 -73.000 34.145 185.335 -72.921
3 0 34.145 185.335 -72.921 34.180 185.194 -73.589 30.000 185.329 -73.670
3 0 30.000 184.949 -74.237 30.000 185.329 -73.670 34.180 185.194 -73.589
3 0 34.180 185.194 -73.589 34.193 184.809 -74.152 30.000 184.949 -74.237
3 0 30.000 184.382 -74.617 30.000 184.949 -74.237 34.193 184.809 -74.152
3 0 34.193 184.809 -74.152 34.182 184.237 -74.526 30.000 184.382 -74.617
3 0 30.000 183.712 -74.750 30.000 184.382 -74.617 34.182 184.237 -74.526
3 0 34.182 184.237 -74.526 34.148 183.568 -74.653 30.000 183.712 -74.750
3 0 30.000 183.042 -74.617 30.000 183.712 -74.750 34.148 183.568 -74.653
3 0 34.148 183.568 -74.653 34.098 182.901 -74.515 30.000 183.042 -74.617
3 0 30.000 182.474 -74.237 30.000 183.042 -74.617 34.098 182.901 -74.515
3 0 34.098 182.901 -74.515 34.038 182.339 -74.132 30.000 182.474 -74.237
