0 FILE DX0057.DAT.dat
0 DX0057
0 Name:  UntitledModel
0 Author:  
0 BL_Item_No DX0057.DAT
0 BFC CERTIFY CCW
1 71 0.0000 0.0000 0.0000 1.0000 0.0000 0.0000 0.0000 1.0000 0.0000 0.0000 0.0000 1.0000 58120.dat
1 72 88.0000 60.0000 -51.0000 0.0000 -1.0000 0.0000 0.0000 0.0000 1.0000 -1.0000 0.0000 0.0000 58124c01.dat
3 0 3.240 -26.692 119.146 2.676 -26.531 119.496 2.475 -23.918 117.127
3 0 2.475 -23.918 117.127 3.042 -24.186 116.859 3.240 -26.692 119.146
3 0 3.904 -26.697 118.987 3.240 -26.692 119.146 3.042 -24.186 116.859
3 0 3.042 -24.186 116.859 3.712 -24.280 116.765 3.904 -26.697 118.987
3 0 4.567 -26.544 119.044 3.904 -26.697 118.987 3.712 -24.280 116.765
3 0 3.712 -24.280 116.765 4.382 -24.186 116.859 4.567 -26.544 119.044
3 0 5.128 -26.258 119.307 4.567 -26.544 119.044 4.382 -24.186 116.859
3 0 4.382 -24.186 116.859 4.949 -23.918 117.127 5.128 -26.258 119.307
3 0 5.502 -25.882 119.737 5.128 -26.258 119.307 4.949 -23.918 117.127
3 0 4.949 -23.918 117.127 5.329 -23.516 117.528 5.502 -25.882 119.737
3 0 5.632 -25.473 120.268 5.502 -25.882 119.737 5.329 -23.516 117.528
3 0 5.329 -23.516 117.528 5.462 -23.043 118.002 5.632 -25.473 120.268
3 0 5.497 -25.093 120.819 5.632 -25.473 120.268 5.462 -23.043 118.002
3 0 5.462 -23.043 118.002 5.329 -22.570 118.476 5.497 -25.093 120.819
3 0 5.119 -24.800 121.307 5.497 -25.093 120.819 5.329 -22.570 118.476
3 0 5.329 -22.570 118.476 4.949 -22.168 118.877 5.119 -24.800 121.307
3 0 4.555 -24.639 121.657 5.119 -24.800 121.307 4.949 -22.168 118.877
3 0 4.949 -22.168 118.877 4.382 -21.900 119.145 4.555 -24.639 121.657
3 0 3.891 -24.634 121.815 4.555 -24.639 121.657 4.382 -21.900 119.145
3 0 4.382 -21.900 119.145 3.712 -21.806 119.240 3.891 -24.634 121.815
3 0 3.228 -24.787 121.758 3.891 -24.634 121.815 3.712 -21.806 119.240
3 0 3.712 -21.806 119.240 3.042 -21.900 119.145 3.228 -24.787 121.758
3 0 2.667 -25.073 121.495 3.228 -24.787 121.758 3.042 -21.900 119.145
3 0 3.042 -21.900 119.145 2.475 -22.168 118.877 2.667 -25.073 121.495
3 0 0.567 -24.186 116.859 0.787 -26.965 119.334 0.223 -26.804 119.684
3 0 0.223 -26.804 119.684 0.000 -23.918 117.127 0.567 -24.186 116.859
3 0 1.237 -24.280 116.765 1.451 -26.970 119.176 0.787 -26.965 119.334
3 0 0.787 -26.965 119.334 0.567 -24.186 116.859 1.237 -24.280 116.765
3 0 1.907 -24.186 116.859 2.114 -26.817 119.232 1.451 -26.970 119.176
3 0 1.451 -26.970 119.176 1.237 -24.280 116.765 1.907 -24.186 116.859
3 0 2.475 -23.918 117.127 2.676 -26.531 119.496 2.114 -26.817 119.232
3 0 2.114 -26.817 119.232 1.907 -24.186 116.859 2.475 -23.918 117.127
3 0 1.907 -21.900 119.145 2.103 -24.912 121.845 2.667 -25.073 121.495
3 0 2.667 -25.073 121.495 2.475 -22.168 118.877 1.907 -21.900 119.145
3 0 1.237 -21.806 119.240 1.439 -24.907 122.003 2.103 -24.912 121.845
3 0 2.103 -24.912 121.845 1.907 -21.900 119.145 1.237 -21.806 119.240
3 0 0.567 -21.900 119.145 0.775 -25.060 121.947 1.439 -24.907 122.003
3 0 1.439 -24.907 122.003 1.237 -21.806 119.240 0.567 -21.900 119.145
3 0 0.000 -22.168 118.877 0.214 -25.346 121.683 0.775 -25.060 121.947
3 0 0.775 -25.060 121.947 0.567 -21.900 119.145 0.000 -22.168 118.877
3 0 -1.907 -24.186 116.859 -1.665 -27.238 119.522 -2.229 -27.077 119.872
3 0 -2.229 -27.077 119.872 -2.474 -23.918 117.127 -1.907 -24.186 116.859
3 0 -1.237 -24.280 116.765 -1.001 -27.242 119.364 -1.665 -27.238 119.522
3 0 -1.665 -27.238 119.522 -1.907 -24.186 116.859 -1.237 -24.280 116.765
3 0 -0.567 -24.186 116.859 -0.338 -27.090 119.420 -1.001 -27.242 119.364
3 0 -1.001 -27.242 119.364 -1.237 -24.280 116.765 -0.567 -24.186 116.859
3 0 0.000 -23.918 117.127 0.223 -26.804 119.684 -0.338 -27.090 119.420
3 0 -0.338 -27.090 119.420 -0.567 -24.186 116.859 0.000 -23.918 117.127
3 0 -0.567 -21.900 119.145 -0.349 -25.185 122.033 0.214 -25.346 121.683
3 0 0.214 -25.346 121.683 0.000 -22.168 118.877 -0.567 -21.900 119.145
3 0 -1.237 -21.806 119.240 -1.013 -25.180 122.191 -0.349 -25.185 122.033
3 0 -0.349 -25.185 122.033 -0.567 -21.900 119.145 -1.237 -21.806 119.240
3 0 -1.907 -21.900 119.145 -1.676 -25.332 122.135 -1.013 -25.180 122.191
3 0 -1.013 -25.180 122.191 -1.237 -21.806 119.240 -1.907 -21.900 119.145
3 0 -2.474 -22.168 118.877 -2.238 -25.618 121.871 -1.676 -25.332 122.135
3 0 -1.676 -25.332 122.135 -1.907 -21.900 119.145 -2.474 -22.168 118.877
3 0 -2.802 -25.457 122.221 -2.238 -25.618 121.871 -2.474 -22.168 118.877
3 0 -2.474 -22.168 118.877 -3.042 -21.900 119.145 -2.802 -25.457 122.221
3 0 -3.466 -25.453 122.380 -2.802 -25.457 122.221 -3.042 -21.900 119.145
3 0 -3.042 -21.900 119.145 -3.712 -21.806 119.240 -3.466 -25.453 122.380
3 0 -4.129 -25.605 122.323 -3.466 -25.453 122.380 -3.712 -21.806 119.240
3 0 -3.712 -21.806 119.240 -4.382 -21.900 119.145 -4.129 -25.605 122.323
3 0 -4.690 -25.891 122.060 -4.129 -25.605 122.323 -4.382 -21.900 119.145
3 0 -4.382 -21.900 119.145 -4.949 -22.168 118.877 -4.690 -25.891 122.060
3 0 -5.064 -26.268 121.630 -4.690 -25.891 122.060 -4.949 -22.168 118.877
3 0 -4.949 -22.168 118.877 -5.329 -22.570 118.476 -5.064 -26.268 121.630
3 0 -5.194 -26.677 121.099 -5.064 -26.268 121.630 -5.329 -22.570 118.476
3 0 -5.329 -22.570 118.476 -5.462 -23.043 118.002 -5.194 -26.677 121.099
3 0 -5.059 -27.057 120.548 -5.194 -26.677 121.099 -5.462 -23.043 118.002
3 0 -5.462 -23.043 118.002 -5.329 -23.516 117.528 -5.059 -27.057 120.548
3 0 -4.681 -27.350 120.060 -5.059 -27.057 120.548 -5.329 -23.516 117.528
3 0 -5.329 -23.516 117.528 -4.949 -23.918 117.127 -4.681 -27.350 120.060
3 0 -4.118 -27.511 119.710 -4.681 -27.350 120.060 -4.949 -23.918 117.127
3 0 -4.949 -23.918 117.127 -4.382 -24.186 116.859 -4.118 -27.511 119.710
3 0 -3.453 -27.515 119.552 -4.118 -27.511 119.710 -4.382 -24.186 116.859
3 0 -4.382 -24.186 116.859 -3.712 -24.280 116.765 -3.453 -27.515 119.552
3 0 -2.790 -27.363 119.609 -3.453 -27.515 119.552 -3.712 -24.280 116.765
3 0 -3.712 -24.280 116.765 -3.042 -24.186 116.859 -2.790 -27.363 119.609
3 0 -2.229 -27.077 119.872 -2.790 -27.363 119.609 -3.042 -24.186 116.859
3 0 -3.042 -24.186 116.859 -2.474 -23.918 117.127 -2.229 -27.077 119.872
3 0 3.424 -29.121 121.274 2.676 -26.531 119.496 3.240 -26.692 119.146
3 0 3.240 -26.692 119.146 3.963 -29.074 120.857 3.424 -29.121 121.274
3 0 3.963 -29.074 120.857 3.240 -26.692 119.146 3.904 -26.697 118.987
3 0 3.904 -26.697 118.987 4.596 -28.909 120.660 3.963 -29.074 120.857
3 0 4.596 -28.909 120.660 3.904 -26.697 118.987 4.567 -26.544 119.044
3 0 4.567 -26.544 119.044 5.226 -28.651 120.712 4.596 -28.909 120.660
3 0 5.226 -28.651 120.712 4.567 -26.544 119.044 5.128 -26.258 119.307
3 0 5.128 -26.258 119.307 5.757 -28.339 121.006 5.226 -28.651 120.712
3 0 5.757 -28.339 121.006 5.128 -26.258 119.307 5.502 -25.882 119.737
3 0 5.502 -25.882 119.737 6.109 -28.020 121.497 5.757 -28.339 121.006
3 0 6.109 -28.020 121.497 5.502 -25.882 119.737 5.632 -25.473 120.268
3 0 5.632 -25.473 120.268 6.228 -27.744 122.110 6.109 -28.020 121.497
3 0 6.228 -27.744 122.110 5.632 -25.473 120.268 5.497 -25.093 120.819
3 0 5.497 -25.093 120.819 6.095 -27.551 122.752 6.228 -27.744 122.110
3 0 6.095 -27.551 122.752 5.497 -25.093 120.819 5.119 -24.800 121.307
3 0 5.119 -24.800 121.307 5.732 -27.472 123.324 6.095 -27.551 122.752
3 0 5.732 -27.472 123.324 5.119 -24.800 121.307 4.555 -24.639 121.657
3 0 4.555 -24.639 121.657 5.193 -27.519 123.741 5.732 -27.472 123.324
3 0 5.193 -27.519 123.741 4.555 -24.639 121.657 3.891 -24.634 121.815
3 0 3.891 -24.634 121.815 4.560 -27.683 123.938 5.193 -27.519 123.741
3 0 4.560 -27.683 123.938 3.891 -24.634 121.815 3.228 -24.787 121.758
3 0 3.228 -24.787 121.758 3.930 -27.942 123.885 4.560 -27.683 123.938
3 0 3.930 -27.942 123.885 3.228 -24.787 121.758 2.667 -25.073 121.495
3 0 2.667 -25.073 121.495 3.399 -28.254 123.591 3.930 -27.942 123.885
3 0 1.630 -29.856 121.124 1.091 -29.902 121.541 0.223 -26.804 119.684
3 0 0.223 -26.804 119.684 0.787 -26.965 119.334 1.630 -29.856 121.124
3 0 2.263 -29.691 120.927 1.630 -29.856 121.124 0.787 -26.965 119.334
3 0 0.787 -26.965 119.334 1.451 -26.970 119.176 2.263 -29.691 120.927
3 0 2.892 -29.433 120.980 2.263 -29.691 120.927 1.451 -26.970 119.176
3 0 1.451 -26.970 119.176 2.114 -26.817 119.232 2.892 -29.433 120.980
3 0 3.424 -29.121 121.274 2.892 -29.433 120.980 2.114 -26.817 119.232
3 0 2.114 -26.817 119.232 2.676 -26.531 119.496 3.424 -29.121 121.274
3 0 2.860 -28.300 124.008 3.399 -28.254 123.591 2.667 -25.073 121.495
3 0 2.667 -25.073 121.495 2.103 -24.912 121.845 2.860 -28.300 124.008
3 0 2.227 -28.465 124.205 2.860 -28.300 124.008 2.103 -24.912 121.845
3 0 2.103 -24.912 121.845 1.439 -24.907 122.003 2.227 -28.465 124.205
3 0 1.597 -28.723 124.153 2.227 -28.465 124.205 1.439 -24.907 122.003
3 0 1.439 -24.907 122.003 0.775 -25.060 121.947 1.597 -28.723 124.153
3 0 1.066 -29.035 123.859 1.597 -28.723 124.153 0.775 -25.060 121.947
3 0 0.775 -25.060 121.947 0.214 -25.346 121.683 1.066 -29.035 123.859
3 0 -0.702 -30.637 121.391 -1.241 -30.683 121.808 -2.229 -27.077 119.872
3 0 -2.229 -27.077 119.872 -1.665 -27.238 119.522 -0.702 -30.637 121.391
3 0 -0.070 -30.472 121.194 -0.702 -30.637 121.391 -1.665 -27.238 119.522
3 0 -1.665 -27.238 119.522 -1.001 -27.242 119.364 -0.070 -30.472 121.194
3 0 0.560 -30.214 121.247 -0.070 -30.472 121.194 -1.001 -27.242 119.364
3 0 -1.001 -27.242 119.364 -0.338 -27.090 119.420 0.560 -30.214 121.247
3 0 1.091 -29.902 121.541 0.560 -30.214 121.247 -0.338 -27.090 119.420
3 0 -0.338 -27.090 119.420 0.223 -26.804 119.684 1.091 -29.902 121.541
3 0 0.528 -29.081 124.275 1.066 -29.035 123.859 0.214 -25.346 121.683
3 0 0.214 -25.346 121.683 -0.349 -25.185 122.033 0.528 -29.081 124.275
3 0 -0.105 -29.246 124.472 0.528 -29.081 124.275 -0.349 -25.185 122.033
3 0 -0.349 -25.185 122.033 -1.013 -25.180 122.191 -0.105 -29.246 124.472
3 0 -0.735 -29.504 124.420 -0.105 -29.246 124.472 -1.013 -25.180 122.191
3 0 -1.013 -25.180 122.191 -1.676 -25.332 122.135 -0.735 -29.504 124.420
3 0 -1.266 -29.817 124.126 -0.735 -29.504 124.420 -1.676 -25.332 122.135
3 0 -1.676 -25.332 122.135 -2.238 -25.618 121.871 -1.266 -29.817 124.126
3 0 -1.266 -29.817 124.126 -2.238 -25.618 121.871 -2.802 -25.457 122.221
3 0 -2.802 -25.457 122.221 -1.805 -29.863 124.542 -1.266 -29.817 124.126
3 0 -1.805 -29.863 124.542 -2.802 -25.457 122.221 -3.466 -25.453 122.380
3 0 -3.466 -25.453 122.380 -2.438 -30.028 124.739 -1.805 -29.863 124.542
3 0 -2.438 -30.028 124.739 -3.466 -25.453 122.380 -4.129 -25.605 122.323
3 0 -4.129 -25.605 122.323 -3.068 -30.286 124.687 -2.438 -30.028 124.739
3 0 -3.068 -30.286 124.687 -4.129 -25.605 122.323 -4.690 -25.891 122.060
3 0 -4.690 -25.891 122.060 -3.599 -30.598 124.393 -3.068 -30.286 124.687
3 0 -3.599 -30.598 124.393 -4.690 -25.891 122.060 -5.064 -26.268 121.630
3 0 -5.064 -26.268 121.630 -3.951 -30.917 123.902 -3.599 -30.598 124.393
3 0 -3.951 -30.917 123.902 -5.064 -26.268 121.630 -5.194 -26.677 121.099
3 0 -5.194 -26.677 121.099 -4.070 -31.193 123.289 -3.951 -30.917 123.902
3 0 -4.070 -31.193 123.289 -5.194 -26.677 121.099 -5.059 -27.057 120.548
3 0 -5.059 -27.057 120.548 -3.938 -31.386 122.648 -4.070 -31.193 123.289
3 0 -3.938 -31.386 122.648 -5.059 -27.057 120.548 -4.681 -27.350 120.060
3 0 -4.681 -27.350 120.060 -3.574 -31.465 122.075 -3.938 -31.386 122.648
3 0 -3.574 -31.465 122.075 -4.681 -27.350 120.060 -4.118 -27.511 119.710
3 0 -4.118 -27.511 119.710 -3.035 -31.419 121.659 -3.574 -31.465 122.075
3 0 -3.035 -31.419 121.659 -4.118 -27.511 119.710 -3.453 -27.515 119.552
3 0 -3.453 -27.515 119.552 -2.403 -31.254 121.462 -3.035 -31.419 121.659
3 0 -2.403 -31.254 121.462 -3.453 -27.515 119.552 -2.790 -27.363 119.609
3 0 -2.790 -27.363 119.609 -1.773 -30.996 121.514 -2.403 -31.254 121.462
3 0 -1.773 -30.996 121.514 -2.790 -27.363 119.609 -2.229 -27.077 119.872
3 0 -2.229 -27.077 119.872 -1.241 -30.683 121.808 -1.773 -30.996 121.514
3 0 4.973 -31.549 122.248 3.424 -29.121 121.274 3.963 -29.074 120.857
3 0 3.963 -29.074 120.857 5.455 -31.209 121.904 4.973 -31.549 122.248
3 0 5.455 -31.209 121.904 3.963 -29.074 120.857 4.596 -28.909 120.660
3 0 4.596 -28.909 120.660 6.020 -30.837 121.810 5.455 -31.209 121.904
3 0 6.020 -30.837 121.810 4.596 -28.909 120.660 5.226 -28.651 120.712
3 0 5.226 -28.651 120.712 6.581 -30.489 121.982 6.020 -30.837 121.810
3 0 6.581 -30.489 121.982 5.226 -28.651 120.712 5.757 -28.339 121.006
3 0 5.757 -28.339 121.006 7.055 -30.218 122.393 6.581 -30.489 121.982
3 0 7.055 -30.218 122.393 5.757 -28.339 121.006 6.109 -28.020 121.497
3 0 6.109 -28.020 121.497 7.367 -30.066 122.980 7.055 -30.218 122.393
3 0 7.367 -30.066 122.980 6.109 -28.020 121.497 6.228 -27.744 122.110
3 0 6.228 -27.744 122.110 7.472 -30.055 123.655 7.367 -30.066 122.980
3 0 7.472 -30.055 123.655 6.228 -27.744 122.110 6.095 -27.551 122.752
3 0 6.095 -27.551 122.752 7.352 -30.187 124.314 7.472 -30.055 123.655
3 0 7.352 -30.187 124.314 6.095 -27.551 122.752 5.732 -27.472 123.324
3 0 5.732 -27.472 123.324 7.027 -30.442 124.857 7.352 -30.187 124.314
3 0 7.027 -30.442 124.857 5.732 -27.472 123.324 5.193 -27.519 123.741
3 0 5.193 -27.519 123.741 6.545 -30.782 125.202 7.027 -30.442 124.857
3 0 6.545 -30.782 125.202 5.193 -27.519 123.741 4.560 -27.683 123.938
3 0 4.560 -27.683 123.938 5.980 -31.154 125.296 6.545 -30.782 125.202
3 0 5.980 -31.154 125.296 4.560 -27.683 123.938 3.930 -27.942 123.885
3 0 3.930 -27.942 123.885 5.418 -31.502 125.124 5.980 -31.154 125.296
3 0 5.418 -31.502 125.124 3.930 -27.942 123.885 3.399 -28.254 123.591
3 0 3.399 -28.254 123.591 4.945 -31.773 124.713 5.418 -31.502 125.124
3 0 3.373 -32.540 121.759 2.891 -32.879 122.104 1.091 -29.902 121.541
3 0 1.091 -29.902 121.541 1.630 -29.856 121.124 3.373 -32.540 121.759
3 0 3.938 -32.168 121.666 3.373 -32.540 121.759 1.630 -29.856 121.124
3 0 1.630 -29.856 121.124 2.263 -29.691 120.927 3.938 -32.168 121.666
3 0 4.499 -31.820 121.838 3.938 -32.168 121.666 2.263 -29.691 120.927
3 0 2.263 -29.691 120.927 2.892 -29.433 120.980 4.499 -31.820 121.838
3 0 4.973 -31.549 122.248 4.499 -31.820 121.838 2.892 -29.433 120.980
3 0 2.892 -29.433 120.980 3.424 -29.121 121.274 4.973 -31.549 122.248
3 0 4.463 -32.112 125.058 4.945 -31.773 124.713 3.399 -28.254 123.591
3 0 3.399 -28.254 123.591 2.860 -28.300 124.008 4.463 -32.112 125.058
3 0 3.898 -32.484 125.151 4.463 -32.112 125.058 2.860 -28.300 124.008
3 0 2.860 -28.300 124.008 2.227 -28.465 124.205 3.898 -32.484 125.151
3 0 3.337 -32.832 124.980 3.898 -32.484 125.151 2.227 -28.465 124.205
3 0 2.227 -28.465 124.205 1.597 -28.723 124.153 3.337 -32.832 124.980
3 0 2.863 -33.103 124.569 3.337 -32.832 124.980 1.597 -28.723 124.153
3 0 1.597 -28.723 124.153 1.066 -29.035 123.859 2.863 -33.103 124.569
3 0 1.292 -33.870 121.615 0.810 -34.209 121.960 -1.241 -30.683 121.808
3 0 -1.241 -30.683 121.808 -0.702 -30.637 121.391 1.292 -33.870 121.615
3 0 1.857 -33.498 121.522 1.292 -33.870 121.615 -0.702 -30.637 121.391
3 0 -0.702 -30.637 121.391 -0.070 -30.472 121.194 1.857 -33.498 121.522
3 0 2.418 -33.150 121.693 1.857 -33.498 121.522 -0.070 -30.472 121.194
3 0 -0.070 -30.472 121.194 0.560 -30.214 121.247 2.418 -33.150 121.693
3 0 2.891 -32.879 122.104 2.418 -33.150 121.693 0.560 -30.214 121.247
3 0 0.560 -30.214 121.247 1.091 -29.902 121.541 2.891 -32.879 122.104
3 0 2.382 -33.442 124.913 2.863 -33.103 124.569 1.066 -29.035 123.859
3 0 1.066 -29.035 123.859 0.528 -29.081 124.275 2.382 -33.442 124.913
3 0 1.817 -33.814 125.007 2.382 -33.442 124.913 0.528 -29.081 124.275
3 0 0.528 -29.081 124.275 -0.105 -29.246 124.472 1.817 -33.814 125.007
3 0 1.255 -34.162 124.835 1.817 -33.814 125.007 -0.105 -29.246 124.472
3 0 -0.105 -29.246 124.472 -0.735 -29.504 124.420 1.255 -34.162 124.835
3 0 0.782 -34.433 124.424 1.255 -34.162 124.835 -0.735 -29.504 124.420
3 0 -0.735 -29.504 124.420 -1.266 -29.817 124.126 0.782 -34.433 124.424
3 0 0.782 -34.433 124.424 -1.266 -29.817 124.126 -1.805 -29.863 124.542
3 0 -1.805 -29.863 124.542 0.300 -34.773 124.769 0.782 -34.433 124.424
3 0 0.300 -34.773 124.769 -1.805 -29.863 124.542 -2.438 -30.028 124.739
3 0 -2.438 -30.028 124.739 -0.265 -35.145 124.863 0.300 -34.773 124.769
3 0 -0.265 -35.145 124.863 -2.438 -30.028 124.739 -3.068 -30.286 124.687
3 0 -3.068 -30.286 124.687 -0.826 -35.493 124.691 -0.265 -35.145 124.863
3 0 -0.826 -35.493 124.691 -3.068 -30.286 124.687 -3.599 -30.598 124.393
3 0 -3.599 -30.598 124.393 -1.300 -35.764 124.280 -0.826 -35.493 124.691
3 0 -1.300 -35.764 124.280 -3.599 -30.598 124.393 -3.951 -30.917 123.902
3 0 -3.951 -30.917 123.902 -1.613 -35.917 123.692 -1.300 -35.764 124.280
3 0 -1.613 -35.917 123.692 -3.951 -30.917 123.902 -4.070 -31.193 123.289
3 0 -4.070 -31.193 123.289 -1.717 -35.927 123.018 -1.613 -35.917 123.692
3 0 -1.717 -35.927 123.018 -4.070 -31.193 123.289 -3.938 -31.386 122.648
3 0 -3.938 -31.386 122.648 -1.597 -35.795 122.359 -1.717 -35.927 123.018
3 0 -1.597 -35.795 122.359 -3.938 -31.386 122.648 -3.574 -31.465 122.075
3 0 -3.574 -31.465 122.075 -1.272 -35.540 121.815 -1.597 -35.795 122.359
3 0 -1.272 -35.540 121.815 -3.574 -31.465 122.075 -3.035 -31.419 121.659
3 0 -3.035 -31.419 121.659 -0.790 -35.200 121.471 -1.272 -35.540 121.815
3 0 -0.790 -35.200 121.471 -3.035 -31.419 121.659 -2.403 -31.254 121.462
3 0 -2.403 -31.254 121.462 -0.225 -34.828 121.377 -0.790 -35.200 121.471
3 0 -0.225 -34.828 121.377 -2.403 -31.254 121.462 -1.773 -30.996 121.514
3 0 -1.773 -30.996 121.514 0.336 -34.480 121.549 -0.225 -34.828 121.377
3 0 0.336 -34.480 121.549 -1.773 -30.996 121.514 -1.241 -30.683 121.808
3 0 -1.241 -30.683 121.808 0.810 -34.209 121.960 0.336 -34.480 121.549
3 0 7.287 -33.906 122.078 4.973 -31.549 122.248 5.455 -31.209 121.904
3 0 5.455 -31.209 121.904 7.721 -33.391 121.966 7.287 -33.906 122.078
3 0 7.721 -33.391 121.966 5.455 -31.209 121.904 6.020 -30.837 121.810
3 0 6.020 -30.837 121.810 8.233 -32.959 122.095 7.721 -33.391 121.966
3 0 8.233 -32.959 122.095 6.020 -30.837 121.810 6.581 -30.489 121.982
3 0 6.581 -30.489 121.982 8.746 -32.675 122.445 8.233 -32.959 122.095
3 0 8.746 -32.675 122.445 6.581 -30.489 121.982 7.055 -30.218 122.393
3 0 7.055 -30.218 122.393 9.182 -32.584 122.962 8.746 -32.675 122.445
3 0 9.182 -32.584 122.962 7.055 -30.218 122.393 7.367 -30.066 122.980
3 0 7.367 -30.066 122.980 9.474 -32.698 123.569 9.182 -32.584 122.962
3 0 9.474 -32.698 123.569 7.367 -30.066 122.980 7.472 -30.055 123.655
3 0 7.472 -30.055 123.655 9.577 -33.001 124.172 9.474 -32.698 123.569
3 0 9.577 -33.001 124.172 7.472 -30.055 123.655 7.352 -30.187 124.314
3 0 7.352 -30.187 124.314 9.477 -33.446 124.680 9.577 -33.001 124.172
3 0 9.477 -33.446 124.680 7.352 -30.187 124.314 7.027 -30.442 124.857
3 0 7.027 -30.442 124.857 9.187 -33.965 125.016 9.477 -33.446 124.680
3 0 9.187 -33.965 125.016 7.027 -30.442 124.857 6.545 -30.782 125.202
3 0 6.545 -30.782 125.202 8.753 -34.480 125.128 9.187 -33.965 125.016
3 0 8.753 -34.480 125.128 6.545 -30.782 125.202 5.980 -31.154 125.296
3 0 5.980 -31.154 125.296 8.241 -34.913 124.999 8.753 -34.480 125.128
3 0 8.241 -34.913 124.999 5.980 -31.154 125.296 5.418 -31.502 125.124
3 0 5.418 -31.502 125.124 7.728 -35.196 124.649 8.241 -34.913 124.999
3 0 7.728 -35.196 124.649 5.418 -31.502 125.124 4.945 -31.773 124.713
3 0 4.945 -31.773 124.713 7.292 -35.288 124.131 7.728 -35.196 124.649
3 0 5.825 -34.714 121.081 5.391 -35.229 121.193 2.891 -32.879 122.104
3 0 2.891 -32.879 122.104 3.373 -32.540 121.759 5.825 -34.714 121.081
3 0 6.338 -34.282 121.210 5.825 -34.714 121.081 3.373 -32.540 121.759
3 0 3.373 -32.540 121.759 3.938 -32.168 121.666 6.338 -34.282 121.210
3 0 6.851 -33.998 121.560 6.338 -34.282 121.210 3.938 -32.168 121.666
3 0 3.938 -32.168 121.666 4.499 -31.820 121.838 6.851 -33.998 121.560
3 0 7.287 -33.906 122.078 6.851 -33.998 121.560 4.499 -31.820 121.838
3 0 4.499 -31.820 121.838 4.973 -31.549 122.248 7.287 -33.906 122.078
3 0 6.858 -35.803 124.243 7.292 -35.288 124.131 4.945 -31.773 124.713
3 0 4.945 -31.773 124.713 4.463 -32.112 125.058 6.858 -35.803 124.243
3 0 6.345 -36.235 124.114 6.858 -35.803 124.243 4.463 -32.112 125.058
3 0 4.463 -32.112 125.058 3.898 -32.484 125.151 6.345 -36.235 124.114
3 0 5.832 -36.519 123.764 6.345 -36.235 124.114 3.898 -32.484 125.151
3 0 3.898 -32.484 125.151 3.337 -32.832 124.980 5.832 -36.519 123.764
3 0 5.396 -36.611 123.246 5.832 -36.519 123.764 3.337 -32.832 124.980
3 0 3.337 -32.832 124.980 2.863 -33.103 124.569 5.396 -36.611 123.246
3 0 3.930 -36.036 120.196 3.496 -36.551 120.308 0.810 -34.209 121.960
3 0 0.810 -34.209 121.960 1.292 -33.870 121.615 3.930 -36.036 120.196
3 0 4.443 -35.604 120.325 3.930 -36.036 120.196 1.292 -33.870 121.615
3 0 1.292 -33.870 121.615 1.857 -33.498 121.522 4.443 -35.604 120.325
3 0 4.956 -35.320 120.675 4.443 -35.604 120.325 1.857 -33.498 121.522
3 0 1.857 -33.498 121.522 2.418 -33.150 121.693 4.956 -35.320 120.675
3 0 5.391 -35.229 121.193 4.956 -35.320 120.675 2.418 -33.150 121.693
3 0 2.418 -33.150 121.693 2.891 -32.879 122.104 5.391 -35.229 121.193
3 0 4.963 -37.125 123.358 5.396 -36.611 123.246 2.863 -33.103 124.569
3 0 2.863 -33.103 124.569 2.382 -33.442 124.913 4.963 -37.125 123.358
3 0 4.450 -37.557 123.229 4.963 -37.125 123.358 2.382 -33.442 124.913
3 0 2.382 -33.442 124.913 1.817 -33.814 125.007 4.450 -37.557 123.229
3 0 3.937 -37.841 122.879 4.450 -37.557 123.229 1.817 -33.814 125.007
3 0 1.817 -33.814 125.007 1.255 -34.162 124.835 3.937 -37.841 122.879
3 0 3.502 -37.933 122.362 3.937 -37.841 122.879 1.255 -34.162 124.835
3 0 1.255 -34.162 124.835 0.782 -34.433 124.424 3.502 -37.933 122.362
3 0 3.502 -37.933 122.362 0.782 -34.433 124.424 0.300 -34.773 124.769
3 0 0.300 -34.773 124.769 3.068 -38.448 122.473 3.502 -37.933 122.362
3 0 3.068 -38.448 122.473 0.300 -34.773 124.769 -0.265 -35.145 124.863
3 0 -0.265 -35.145 124.863 2.555 -38.880 122.344 3.068 -38.448 122.473
3 0 2.555 -38.880 122.344 -0.265 -35.145 124.863 -0.826 -35.493 124.691
3 0 -0.826 -35.493 124.691 2.042 -39.164 121.994 2.555 -38.880 122.344
3 0 2.042 -39.164 121.994 -0.826 -35.493 124.691 -1.300 -35.764 124.280
3 0 -1.300 -35.764 124.280 1.606 -39.255 121.477 2.042 -39.164 121.994
3 0 1.606 -39.255 121.477 -1.300 -35.764 124.280 -1.613 -35.917 123.692
3 0 -1.613 -35.917 123.692 1.314 -39.141 120.870 1.606 -39.255 121.477
3 0 1.314 -39.141 120.870 -1.613 -35.917 123.692 -1.717 -35.927 123.018
3 0 -1.717 -35.927 123.018 1.211 -38.839 120.267 1.314 -39.141 120.870
3 0 1.211 -38.839 120.267 -1.717 -35.927 123.018 -1.597 -35.795 122.359
3 0 -1.597 -35.795 122.359 1.311 -38.394 119.759 1.211 -38.839 120.267
3 0 1.311 -38.394 119.759 -1.597 -35.795 122.359 -1.272 -35.540 121.815
3 0 -1.272 -35.540 121.815 1.601 -37.874 119.423 1.311 -38.394 119.759
3 0 1.601 -37.874 119.423 -1.272 -35.540 121.815 -0.790 -35.200 121.471
3 0 -0.790 -35.200 121.471 2.035 -37.359 119.311 1.601 -37.874 119.423
3 0 2.035 -37.359 119.311 -0.790 -35.200 121.471 -0.225 -34.828 121.377
3 0 -0.225 -34.828 121.377 2.547 -36.927 119.440 2.035 -37.359 119.311
3 0 2.547 -36.927 119.440 -0.225 -34.828 121.377 0.336 -34.480 121.549
3 0 0.336 -34.480 121.549 3.061 -36.643 119.790 2.547 -36.927 119.440
3 0 3.061 -36.643 119.790 0.336 -34.480 121.549 0.810 -34.209 121.960
3 0 0.810 -34.209 121.960 3.496 -36.551 120.308 3.061 -36.643 119.790
3 0 9.932 -36.023 120.562 7.287 -33.906 122.078 7.721 -33.391 121.966
3 0 7.721 -33.391 121.966 10.361 -35.497 120.640 9.932 -36.023 120.562
3 0 10.361 -35.497 120.640 7.721 -33.391 121.966 8.233 -32.959 122.095
3 0 8.233 -32.959 122.095 10.869 -35.132 120.915 10.361 -35.497 120.640
3 0 10.869 -35.132 120.915 8.233 -32.959 122.095 8.746 -32.675 122.445
3 0 8.746 -32.675 122.445 11.377 -34.984 121.345 10.869 -35.132 120.915
3 0 11.377 -34.984 121.345 8.746 -32.675 122.445 9.182 -32.584 122.962
3 0 9.182 -32.584 122.962 11.810 -35.074 121.865 11.377 -34.984 121.345
3 0 11.810 -35.074 121.865 9.182 -32.584 122.962 9.474 -32.698 123.569
3 0 9.474 -32.698 123.569 12.101 -35.390 122.396 11.810 -35.074 121.865
3 0 12.101 -35.390 122.396 9.474 -32.698 123.569 9.577 -33.001 124.172
3 0 9.577 -33.001 124.172 12.206 -35.883 122.857 12.101 -35.390 122.396
3 0 12.206 -35.883 122.857 9.577 -33.001 124.172 9.477 -33.446 124.680
3 0 9.477 -33.446 124.680 12.109 -36.478 123.177 12.206 -35.883 122.857
3 0 12.109 -36.478 123.177 9.477 -33.446 124.680 9.187 -33.965 125.016
3 0 9.187 -33.965 125.016 11.824 -37.085 123.308 12.109 -36.478 123.177
3 0 11.824 -37.085 123.308 9.187 -33.965 125.016 8.753 -34.480 125.128
3 0 8.753 -34.480 125.128 11.396 -37.611 123.230 11.824 -37.085 123.308
3 0 11.396 -37.611 123.230 8.753 -34.480 125.128 8.241 -34.913 124.999
3 0 8.241 -34.913 124.999 10.888 -37.975 122.955 11.396 -37.611 123.230
3 0 10.888 -37.975 122.955 8.241 -34.913 124.999 7.728 -35.196 124.649
3 0 7.728 -35.196 124.649 10.379 -38.124 122.525 10.888 -37.975 122.955
3 0 10.379 -38.124 122.525 7.728 -35.196 124.649 7.292 -35.288 124.131
3 0 7.292 -35.288 124.131 9.946 -38.033 122.005 10.379 -38.124 122.525
3 0 8.483 -36.445 119.336 8.054 -36.971 119.258 5.391 -35.229 121.193
3 0 5.391 -35.229 121.193 5.825 -34.714 121.081 8.483 -36.445 119.336
3 0 8.990 -36.080 119.611 8.483 -36.445 119.336 5.825 -34.714 121.081
3 0 5.825 -34.714 121.081 6.338 -34.282 121.210 8.990 -36.080 119.611
3 0 9.499 -35.932 120.042 8.990 -36.080 119.611 6.338 -34.282 121.210
3 0 6.338 -34.282 121.210 6.851 -33.998 121.560 9.499 -35.932 120.042
3 0 9.932 -36.023 120.562 9.499 -35.932 120.042 6.851 -33.998 121.560
3 0 6.851 -33.998 121.560 7.287 -33.906 122.078 9.932 -36.023 120.562
3 0 9.517 -38.559 121.927 9.946 -38.033 122.005 7.292 -35.288 124.131
3 0 7.292 -35.288 124.131 6.858 -35.803 124.243 9.517 -38.559 121.927
3 0 9.010 -38.924 121.652 9.517 -38.559 121.927 6.858 -35.803 124.243
3 0 6.858 -35.803 124.243 6.345 -36.235 124.114 9.010 -38.924 121.652
3 0 8.501 -39.072 121.221 9.010 -38.924 121.652 6.345 -36.235 124.114
3 0 6.345 -36.235 124.114 5.832 -36.519 123.764 8.501 -39.072 121.221
3 0 8.068 -38.982 120.701 8.501 -39.072 121.221 5.832 -36.519 123.764
3 0 5.832 -36.519 123.764 5.396 -36.611 123.246 8.068 -38.982 120.701
3 0 6.606 -37.393 118.033 6.177 -37.919 117.955 3.496 -36.551 120.308
3 0 3.496 -36.551 120.308 3.930 -36.036 120.196 6.606 -37.393 118.033
3 0 7.113 -37.028 118.308 6.606 -37.393 118.033 3.930 -36.036 120.196
3 0 3.930 -36.036 120.196 4.443 -35.604 120.325 7.113 -37.028 118.308
3 0 7.622 -36.880 118.739 7.113 -37.028 118.308 4.443 -35.604 120.325
3 0 4.443 -35.604 120.325 4.956 -35.320 120.675 7.622 -36.880 118.739
3 0 8.054 -36.971 119.258 7.622 -36.880 118.739 4.956 -35.320 120.675
3 0 4.956 -35.320 120.675 5.391 -35.229 121.193 8.054 -36.971 119.258
3 0 7.640 -39.507 120.624 8.068 -38.982 120.701 5.396 -36.611 123.246
3 0 5.396 -36.611 123.246 4.963 -37.125 123.358 7.640 -39.507 120.624
3 0 7.133 -39.872 120.349 7.640 -39.507 120.624 4.963 -37.125 123.358
3 0 4.963 -37.125 123.358 4.450 -37.557 123.229 7.133 -39.872 120.349
3 0 6.624 -40.020 119.918 7.133 -39.872 120.349 4.450 -37.557 123.229
3 0 4.450 -37.557 123.229 3.937 -37.841 122.879 6.624 -40.020 119.918
3 0 6.191 -39.930 119.398 6.624 -40.020 119.918 3.937 -37.841 122.879
3 0 3.937 -37.841 122.879 3.502 -37.933 122.362 6.191 -39.930 119.398
3 0 6.191 -39.930 119.398 3.502 -37.933 122.362 3.068 -38.448 122.473
3 0 3.068 -38.448 122.473 5.762 -40.455 119.320 6.191 -39.930 119.398
3 0 5.762 -40.455 119.320 3.068 -38.448 122.473 2.555 -38.880 122.344
3 0 2.555 -38.880 122.344 5.255 -40.820 119.045 5.762 -40.455 119.320
3 0 5.255 -40.820 119.045 2.555 -38.880 122.344 2.042 -39.164 121.994
3 0 2.042 -39.164 121.994 4.746 -40.969 118.615 5.255 -40.820 119.045
3 0 4.746 -40.969 118.615 2.042 -39.164 121.994 1.606 -39.255 121.477
3 0 1.606 -39.255 121.477 4.313 -40.878 118.095 4.746 -40.969 118.615
3 0 4.313 -40.878 118.095 1.606 -39.255 121.477 1.314 -39.141 120.870
3 0 1.314 -39.141 120.870 4.022 -40.562 117.564 4.313 -40.878 118.095
3 0 4.022 -40.562 117.564 1.314 -39.141 120.870 1.211 -38.839 120.267
3 0 1.211 -38.839 120.267 3.917 -40.069 117.103 4.022 -40.562 117.564
3 0 3.917 -40.069 117.103 1.211 -38.839 120.267 1.311 -38.394 119.759
3 0 1.311 -38.394 119.759 4.014 -39.474 116.783 3.917 -40.069 117.103
3 0 4.014 -39.474 116.783 1.311 -38.394 119.759 1.601 -37.874 119.423
3 0 1.601 -37.874 119.423 4.299 -38.867 116.652 4.014 -39.474 116.783
3 0 4.299 -38.867 116.652 1.601 -37.874 119.423 2.035 -37.359 119.311
3 0 2.035 -37.359 119.311 4.728 -38.341 116.730 4.299 -38.867 116.652
3 0 4.728 -38.341 116.730 2.035 -37.359 119.311 2.547 -36.927 119.440
3 0 2.547 -36.927 119.440 5.235 -37.977 117.005 4.728 -38.341 116.730
3 0 5.235 -37.977 117.005 2.547 -36.927 119.440 3.061 -36.643 119.790
3 0 3.061 -36.643 119.790 5.744 -37.828 117.435 5.235 -37.977 117.005
3 0 5.744 -37.828 117.435 3.061 -36.643 119.790 3.496 -36.551 120.308
3 0 3.496 -36.551 120.308 6.177 -37.919 117.955 5.744 -37.828 117.435
3 0 12.579 -37.668 118.162 9.932 -36.023 120.562 10.361 -35.497 120.640
3 0 10.361 -35.497 120.640 13.017 -37.173 118.333 12.579 -37.668 118.162
3 0 13.017 -37.173 118.333 10.361 -35.497 120.640 10.869 -35.132 120.915
3 0 10.869 -35.132 120.915 13.536 -36.876 118.663 13.017 -37.173 118.333
3 0 13.536 -36.876 118.663 10.869 -35.132 120.915 11.377 -34.984 121.345
3 0 11.377 -34.984 121.345 14.055 -36.822 119.102 13.536 -36.876 118.663
3 0 14.055 -36.822 119.102 11.377 -34.984 121.345 11.810 -35.074 121.865
3 0 11.810 -35.074 121.865 14.497 -37.019 119.584 14.055 -36.822 119.102
3 0 14.497 -37.019 119.584 11.810 -35.074 121.865 12.101 -35.390 122.396
3 0 12.101 -35.390 122.396 14.794 -37.437 120.035 14.497 -37.019 119.584
3 0 14.794 -37.437 120.035 12.101 -35.390 122.396 12.206 -35.883 122.857
3 0 12.206 -35.883 122.857 14.901 -38.013 120.385 14.794 -37.437 120.035
3 0 14.901 -38.013 120.385 12.206 -35.883 122.857 12.109 -36.478 123.177
3 0 12.109 -36.478 123.177 14.801 -38.659 120.583 14.901 -38.013 120.385
3 0 14.801 -38.659 120.583 12.109 -36.478 123.177 11.824 -37.085 123.308
3 0 11.824 -37.085 123.308 14.510 -39.276 120.598 14.801 -38.659 120.583
3 0 14.510 -39.276 120.598 11.824 -37.085 123.308 11.396 -37.611 123.230
3 0 11.396 -37.611 123.230 14.072 -39.771 120.427 14.510 -39.276 120.598
3 0 14.072 -39.771 120.427 11.396 -37.611 123.230 10.888 -37.975 122.955
3 0 10.888 -37.975 122.955 13.554 -40.069 120.097 14.072 -39.771 120.427
3 0 13.554 -40.069 120.097 10.888 -37.975 122.955 10.379 -38.124 122.525
3 0 10.379 -38.124 122.525 13.034 -40.123 119.658 13.554 -40.069 120.097
3 0 13.034 -40.123 119.658 10.379 -38.124 122.525 9.946 -38.033 122.005
3 0 9.946 -38.033 122.005 12.592 -39.926 119.176 13.034 -40.123 119.658
3 0 11.099 -37.823 116.910 10.661 -38.318 116.740 8.054 -36.971 119.258
3 0 8.054 -36.971 119.258 8.483 -36.445 119.336 11.099 -37.823 116.910
3 0 11.617 -37.526 117.241 11.099 -37.823 116.910 8.483 -36.445 119.336
3 0 8.483 -36.445 119.336 8.990 -36.080 119.611 11.617 -37.526 117.241
3 0 12.137 -37.471 117.680 11.617 -37.526 117.241 8.990 -36.080 119.611
3 0 8.990 -36.080 119.611 9.499 -35.932 120.042 12.137 -37.471 117.680
3 0 12.579 -37.668 118.162 12.137 -37.471 117.680 9.499 -35.932 120.042
3 0 9.499 -35.932 120.042 9.932 -36.023 120.562 12.579 -37.668 118.162
3 0 12.153 -40.421 119.005 12.592 -39.926 119.176 9.946 -38.033 122.005
3 0 9.946 -38.033 122.005 9.517 -38.559 121.927 12.153 -40.421 119.005
3 0 11.635 -40.718 118.675 12.153 -40.421 119.005 9.517 -38.559 121.927
3 0 9.517 -38.559 121.927 9.010 -38.924 121.652 11.635 -40.718 118.675
3 0 11.115 -40.773 118.235 11.635 -40.718 118.675 9.010 -38.924 121.652
3 0 9.010 -38.924 121.652 8.501 -39.072 121.221 11.115 -40.773 118.235
3 0 10.673 -40.576 117.754 11.115 -40.773 118.235 8.501 -39.072 121.221
3 0 8.501 -39.072 121.221 8.068 -38.982 120.701 10.673 -40.576 117.754
3 0 9.181 -38.473 115.489 8.743 -38.968 115.318 6.177 -37.919 117.955
3 0 6.177 -37.919 117.955 6.606 -37.393 118.033 9.181 -38.473 115.489
3 0 9.699 -38.175 115.819 9.181 -38.473 115.489 6.606 -37.393 118.033
3 0 6.606 -37.393 118.033 7.113 -37.028 118.308 9.699 -38.175 115.819
3 0 10.219 -38.121 116.258 9.699 -38.175 115.819 7.113 -37.028 118.308
3 0 7.113 -37.028 118.308 7.622 -36.880 118.739 10.219 -38.121 116.258
3 0 10.661 -38.318 116.740 10.219 -38.121 116.258 7.622 -36.880 118.739
3 0 7.622 -36.880 118.739 8.054 -36.971 119.258 10.661 -38.318 116.740
3 0 10.236 -41.070 117.583 10.673 -40.576 117.754 8.068 -38.982 120.701
3 0 8.068 -38.982 120.701 7.640 -39.507 120.624 10.236 -41.070 117.583
3 0 9.717 -41.368 117.253 10.236 -41.070 117.583 7.640 -39.507 120.624
3 0 7.640 -39.507 120.624 7.133 -39.872 120.349 9.717 -41.368 117.253
3 0 9.197 -41.422 116.814 9.717 -41.368 117.253 7.133 -39.872 120.349
3 0 7.133 -39.872 120.349 6.624 -40.020 119.918 9.197 -41.422 116.814
3 0 8.755 -41.225 116.332 9.197 -41.422 116.814 6.624 -40.020 119.918
3 0 6.624 -40.020 119.918 6.191 -39.930 119.398 8.755 -41.225 116.332
3 0 8.755 -41.225 116.332 6.191 -39.930 119.398 5.762 -40.455 119.320
3 0 5.762 -40.455 119.320 8.317 -41.720 116.161 8.755 -41.225 116.332
3 0 8.317 -41.720 116.161 5.762 -40.455 119.320 5.255 -40.820 119.045
3 0 5.255 -40.820 119.045 7.799 -42.017 115.831 8.317 -41.720 116.161
3 0 7.799 -42.017 115.831 5.255 -40.820 119.045 4.746 -40.969 118.615
3 0 4.746 -40.969 118.615 7.279 -42.072 115.392 7.799 -42.017 115.831
3 0 7.279 -42.072 115.392 4.746 -40.969 118.615 4.313 -40.878 118.095
3 0 4.313 -40.878 118.095 6.837 -41.875 114.910 7.279 -42.072 115.392
3 0 6.837 -41.875 114.910 4.313 -40.878 118.095 4.022 -40.562 117.564
3 0 4.022 -40.562 117.564 6.540 -41.457 114.459 6.837 -41.875 114.910
3 0 6.540 -41.457 114.459 4.022 -40.562 117.564 3.917 -40.069 117.103
3 0 3.917 -40.069 117.103 6.433 -40.881 114.108 6.540 -41.457 114.459
3 0 6.433 -40.881 114.108 3.917 -40.069 117.103 4.014 -39.474 116.783
3 0 4.014 -39.474 116.783 6.533 -40.235 113.910 6.433 -40.881 114.108
3 0 6.533 -40.235 113.910 4.014 -39.474 116.783 4.299 -38.867 116.652
3 0 4.299 -38.867 116.652 6.824 -39.617 113.896 6.533 -40.235 113.910
3 0 6.824 -39.617 113.896 4.299 -38.867 116.652 4.728 -38.341 116.730
3 0 4.728 -38.341 116.730 7.262 -39.122 114.066 6.824 -39.617 113.896
3 0 7.262 -39.122 114.066 4.728 -38.341 116.730 5.235 -37.977 117.005
3 0 5.235 -37.977 117.005 7.781 -38.825 114.397 7.262 -39.122 114.066
3 0 7.781 -38.825 114.397 5.235 -37.977 117.005 5.744 -37.828 117.435
3 0 5.744 -37.828 117.435 8.301 -38.771 114.836 7.781 -38.825 114.397
3 0 8.301 -38.771 114.836 5.744 -37.828 117.435 6.177 -37.919 117.955
3 0 6.177 -37.919 117.955 8.743 -38.968 115.318 8.301 -38.771 114.836
3 0 15.137 -38.878 115.325 12.579 -37.668 118.162 13.017 -37.173 118.333
3 0 13.017 -37.173 118.333 15.584 -38.411 115.543 15.137 -38.878 115.325
3 0 15.584 -38.411 115.543 13.017 -37.173 118.333 13.536 -36.876 118.663
3 0 13.536 -36.876 118.663 16.114 -38.160 115.893 15.584 -38.411 115.543
3 0 16.114 -38.160 115.893 13.536 -36.876 118.663 14.055 -36.822 119.102
3 0 14.055 -36.822 119.102 16.644 -38.163 116.323 16.114 -38.160 115.893
3 0 16.644 -38.163 116.323 14.055 -36.822 119.102 14.497 -37.019 119.584
3 0 14.497 -37.019 119.584 17.096 -38.420 116.766 16.644 -38.163 116.323
3 0 17.096 -38.420 116.766 14.497 -37.019 119.584 14.794 -37.437 120.035
3 0 14.794 -37.437 120.035 17.398 -38.892 117.156 17.096 -38.420 116.766
3 0 17.398 -38.892 117.156 14.794 -37.437 120.035 14.901 -38.013 120.385
3 0 14.901 -38.013 120.385 17.507 -39.507 117.432 17.398 -38.892 117.156
3 0 17.507 -39.507 117.432 14.901 -38.013 120.385 14.801 -38.659 120.583
3 0 14.801 -38.659 120.583 17.404 -40.171 117.554 17.507 -39.507 117.432
3 0 17.404 -40.171 117.554 14.801 -38.659 120.583 14.510 -39.276 120.598
3 0 14.510 -39.276 120.598 17.107 -40.783 117.502 17.404 -40.171 117.554
3 0 17.107 -40.783 117.502 14.510 -39.276 120.598 14.072 -39.771 120.427
3 0 14.072 -39.771 120.427 16.659 -41.250 117.284 17.107 -40.783 117.502
3 0 16.659 -41.250 117.284 14.072 -39.771 120.427 13.554 -40.069 120.097
3 0 13.554 -40.069 120.097 16.129 -41.501 116.934 16.659 -41.250 117.284
3 0 16.129 -41.501 116.934 13.554 -40.069 120.097 13.034 -40.123 119.658
3 0 13.034 -40.123 119.658 15.599 -41.498 116.504 16.129 -41.501 116.934
3 0 15.599 -41.498 116.504 13.034 -40.123 119.658 12.592 -39.926 119.176
3 0 12.592 -39.926 119.176 15.148 -41.241 116.061 15.599 -41.498 116.504
3 0 13.625 -38.869 114.101 13.177 -39.336 113.883 10.661 -38.318 116.740
3 0 10.661 -38.318 116.740 11.099 -37.823 116.910 13.625 -38.869 114.101
3 0 14.155 -38.618 114.452 13.625 -38.869 114.101 11.099 -37.823 116.910
3 0 11.099 -37.823 116.910 11.617 -37.526 117.241 14.155 -38.618 114.452
3 0 14.685 -38.621 114.881 14.155 -38.618 114.452 11.617 -37.526 117.241
3 0 11.617 -37.526 117.241 12.137 -37.471 117.680 14.685 -38.621 114.881
3 0 15.137 -38.878 115.325 14.685 -38.621 114.881 12.137 -37.471 117.680
3 0 12.137 -37.471 117.680 12.579 -37.668 118.162 15.137 -38.878 115.325
3 0 14.700 -41.708 115.843 15.148 -41.241 116.061 12.592 -39.926 119.176
3 0 12.592 -39.926 119.176 12.153 -40.421 119.005 14.700 -41.708 115.843
3 0 14.170 -41.960 115.492 14.700 -41.708 115.843 12.153 -40.421 119.005
3 0 12.153 -40.421 119.005 11.635 -40.718 118.675 14.170 -41.960 115.492
3 0 13.640 -41.956 115.063 14.170 -41.960 115.492 11.635 -40.718 118.675
3 0 11.635 -40.718 118.675 11.115 -40.773 118.235 13.640 -41.956 115.063
3 0 13.188 -41.699 114.619 13.640 -41.956 115.063 11.115 -40.773 118.235
3 0 11.115 -40.773 118.235 10.673 -40.576 117.754 13.188 -41.699 114.619
3 0 11.667 -39.327 112.661 11.219 -39.794 112.443 8.743 -38.968 115.318
3 0 8.743 -38.968 115.318 9.181 -38.473 115.489 11.667 -39.327 112.661
3 0 12.196 -39.076 113.011 11.667 -39.327 112.661 9.181 -38.473 115.489
3 0 9.181 -38.473 115.489 9.699 -38.175 115.819 12.196 -39.076 113.011
3 0 12.727 -39.079 113.441 12.196 -39.076 113.011 9.699 -38.175 115.819
3 0 9.699 -38.175 115.819 10.219 -38.121 116.258 12.727 -39.079 113.441
3 0 13.177 -39.336 113.883 12.727 -39.079 113.441 10.219 -38.121 116.258
3 0 10.219 -38.121 116.258 10.661 -38.318 116.740 13.177 -39.336 113.883
3 0 12.741 -42.166 114.402 13.188 -41.699 114.619 10.673 -40.576 117.754
3 0 10.673 -40.576 117.754 10.236 -41.070 117.583 12.741 -42.166 114.402
3 0 12.212 -42.417 114.052 12.741 -42.166 114.402 10.236 -41.070 117.583
3 0 10.236 -41.070 117.583 9.717 -41.368 117.253 12.212 -42.417 114.052
3 0 11.681 -42.414 113.622 12.212 -42.417 114.052 9.717 -41.368 117.253
3 0 9.717 -41.368 117.253 9.197 -41.422 116.814 11.681 -42.414 113.622
3 0 11.230 -42.157 113.179 11.681 -42.414 113.622 9.197 -41.422 116.814
3 0 9.197 -41.422 116.814 8.755 -41.225 116.332 11.230 -42.157 113.179
3 0 11.230 -42.157 113.179 8.755 -41.225 116.332 8.317 -41.720 116.161
3 0 8.317 -41.720 116.161 10.782 -42.624 112.961 11.230 -42.157 113.179
3 0 10.782 -42.624 112.961 8.317 -41.720 116.161 7.799 -42.017 115.831
3 0 7.799 -42.017 115.831 10.253 -42.875 112.610 10.782 -42.624 112.961
3 0 10.253 -42.875 112.610 7.799 -42.017 115.831 7.279 -42.072 115.392
3 0 7.279 -42.072 115.392 9.722 -42.872 112.181 10.253 -42.875 112.610
3 0 9.722 -42.872 112.181 7.279 -42.072 115.392 6.837 -41.875 114.910
3 0 6.837 -41.875 114.910 9.271 -42.615 111.737 9.722 -42.872 112.181
3 0 9.271 -42.615 111.737 6.837 -41.875 114.910 6.540 -41.457 114.459
3 0 6.540 -41.457 114.459 8.968 -42.143 111.347 9.271 -42.615 111.737
3 0 8.968 -42.143 111.347 6.540 -41.457 114.459 6.433 -40.881 114.108
3 0 6.433 -40.881 114.108 8.860 -41.529 111.071 8.968 -42.143 111.347
3 0 8.860 -41.529 111.071 6.433 -40.881 114.108 6.533 -40.235 113.910
3 0 6.533 -40.235 113.910 8.962 -40.865 110.949 8.860 -41.529 111.071
3 0 8.962 -40.865 110.949 6.533 -40.235 113.910 6.824 -39.617 113.896
3 0 6.824 -39.617 113.896 9.260 -40.252 111.001 8.962 -40.865 110.949
3 0 9.260 -40.252 111.001 6.824 -39.617 113.896 7.262 -39.122 114.066
3 0 7.262 -39.122 114.066 9.707 -39.785 111.219 9.260 -40.252 111.001
3 0 9.707 -39.785 111.219 7.262 -39.122 114.066 7.781 -38.825 114.397
3 0 7.781 -38.825 114.397 10.237 -39.534 111.570 9.707 -39.785 111.219
3 0 10.237 -39.534 111.570 7.781 -38.825 114.397 8.301 -38.771 114.836
3 0 8.301 -38.771 114.836 10.768 -39.537 111.999 10.237 -39.534 111.570
3 0 10.768 -39.537 111.999 8.301 -38.771 114.836 8.743 -38.968 115.318
3 0 8.743 -38.968 115.318 11.219 -39.794 112.443 10.768 -39.537 111.999
3 0 18.067 -39.346 112.516 17.611 -39.792 112.271 15.137 -38.878 115.325
3 0 15.137 -38.878 115.325 15.584 -38.411 115.543 18.067 -39.346 112.516
3 0 18.605 -39.127 112.873 18.067 -39.346 112.516 15.584 -38.411 115.543
3 0 15.584 -38.411 115.543 16.114 -38.160 115.893 18.605 -39.127 112.873
3 0 19.145 -39.166 113.289 18.605 -39.127 112.873 16.114 -38.160 115.893
3 0 16.114 -38.160 115.893 16.644 -38.163 116.323 19.145 -39.166 113.289
3 0 19.604 -39.460 113.701 19.145 -39.166 113.289 16.644 -38.163 116.323
3 0 16.644 -38.163 116.323 17.096 -38.420 116.766 19.604 -39.460 113.701
3 0 19.912 -39.963 114.045 19.604 -39.460 113.701 17.096 -38.420 116.766
3 0 17.096 -38.420 116.766 17.398 -38.892 117.156 19.912 -39.963 114.045
3 0 20.022 -40.598 114.270 19.912 -39.963 114.045 17.398 -38.892 117.156
3 0 17.398 -38.892 117.156 17.507 -39.507 117.432 20.022 -40.598 114.270
3 0 19.917 -41.269 114.341 20.022 -40.598 114.270 17.507 -39.507 117.432
3 0 17.507 -39.507 117.432 17.404 -40.171 117.554 19.917 -41.269 114.341
3 0 19.614 -41.874 114.248 19.917 -41.269 114.341 17.404 -40.171 117.554
3 0 17.404 -40.171 117.554 17.107 -40.783 117.502 19.614 -41.874 114.248
3 0 19.158 -42.320 114.003 19.614 -41.874 114.248 17.107 -40.783 117.502
3 0 17.107 -40.783 117.502 16.659 -41.250 117.284 19.158 -42.320 114.003
3 0 18.620 -42.540 113.646 19.158 -42.320 114.003 16.659 -41.250 117.284
3 0 16.659 -41.250 117.284 16.129 -41.501 116.934 18.620 -42.540 113.646
3 0 18.080 -42.500 113.230 18.620 -42.540 113.646 16.129 -41.501 116.934
3 0 16.129 -41.501 116.934 15.599 -41.498 116.504 18.080 -42.500 113.230
3 0 17.621 -42.206 112.818 18.080 -42.500 113.230 15.599 -41.498 116.504
3 0 15.599 -41.498 116.504 15.148 -41.241 116.061 17.621 -42.206 112.818
3 0 13.625 -38.869 114.101 16.074 -39.679 111.086 15.618 -40.125 110.842
3 0 15.618 -40.125 110.842 13.177 -39.336 113.883 13.625 -38.869 114.101
3 0 14.155 -38.618 114.452 16.613 -39.459 111.443 16.074 -39.679 111.086
3 0 16.074 -39.679 111.086 13.625 -38.869 114.101 14.155 -38.618 114.452
3 0 14.685 -38.621 114.881 17.152 -39.499 111.860 16.613 -39.459 111.443
3 0 16.613 -39.459 111.443 14.155 -38.618 114.452 14.685 -38.621 114.881
3 0 15.137 -38.878 115.325 17.611 -39.792 112.271 17.152 -39.499 111.860
3 0 17.152 -39.499 111.860 14.685 -38.621 114.881 15.137 -38.878 115.325
3 0 14.700 -41.708 115.843 17.166 -42.652 112.574 17.621 -42.206 112.818
3 0 17.621 -42.206 112.818 15.148 -41.241 116.061 14.700 -41.708 115.843
3 0 14.170 -41.960 115.492 16.627 -42.872 112.216 17.166 -42.652 112.574
3 0 17.166 -42.652 112.574 14.700 -41.708 115.843 14.170 -41.960 115.492
3 0 13.640 -41.956 115.063 16.087 -42.832 111.800 16.627 -42.872 112.216
3 0 16.627 -42.872 112.216 14.170 -41.960 115.492 13.640 -41.956 115.063
3 0 13.188 -41.699 114.619 15.629 -42.538 111.388 16.087 -42.832 111.800
3 0 16.087 -42.832 111.800 13.640 -41.956 115.063 13.188 -41.699 114.619
3 0 11.667 -39.327 112.661 14.082 -40.011 109.657 13.626 -40.457 109.413
3 0 13.626 -40.457 109.413 11.219 -39.794 112.443 11.667 -39.327 112.661
3 0 12.196 -39.076 113.011 14.621 -39.791 110.014 14.082 -40.011 109.657
3 0 14.082 -40.011 109.657 11.667 -39.327 112.661 12.196 -39.076 113.011
3 0 12.727 -39.079 113.441 15.160 -39.831 110.430 14.621 -39.791 110.014
3 0 14.621 -39.791 110.014 12.196 -39.076 113.011 12.727 -39.079 113.441
3 0 13.177 -39.336 113.883 15.618 -40.125 110.842 15.160 -39.831 110.430
3 0 15.160 -39.831 110.430 12.727 -39.079 113.441 13.177 -39.336 113.883
3 0 12.741 -42.166 114.402 15.174 -42.985 111.145 15.629 -42.538 111.388
3 0 15.629 -42.538 111.388 13.188 -41.699 114.619 12.741 -42.166 114.402
3 0 12.212 -42.417 114.052 14.635 -43.204 110.787 15.174 -42.985 111.145
3 0 15.174 -42.985 111.145 12.741 -42.166 114.402 12.212 -42.417 114.052
3 0 11.681 -42.414 113.622 14.095 -43.164 110.371 14.635 -43.204 110.787
3 0 14.635 -43.204 110.787 12.212 -42.417 114.052 11.681 -42.414 113.622
3 0 11.230 -42.157 113.179 13.637 -42.871 109.959 14.095 -43.164 110.371
3 0 14.095 -43.164 110.371 11.681 -42.414 113.622 11.230 -42.157 113.179
3 0 13.181 -43.317 109.715 13.637 -42.871 109.959 11.230 -42.157 113.179
3 0 11.230 -42.157 113.179 10.782 -42.624 112.961 13.181 -43.317 109.715
3 0 12.642 -43.537 109.357 13.181 -43.317 109.715 10.782 -42.624 112.961
3 0 10.782 -42.624 112.961 10.253 -42.875 112.610 12.642 -43.537 109.357
3 0 12.103 -43.497 108.941 12.642 -43.537 109.357 10.253 -42.875 112.610
3 0 10.253 -42.875 112.610 9.722 -42.872 112.181 12.103 -43.497 108.941
3 0 11.644 -43.203 108.529 12.103 -43.497 108.941 9.722 -42.872 112.181
3 0 9.722 -42.872 112.181 9.271 -42.615 111.737 11.644 -43.203 108.529
3 0 11.336 -42.700 108.185 11.644 -43.203 108.529 9.271 -42.615 111.737
3 0 9.271 -42.615 111.737 8.968 -42.143 111.347 11.336 -42.700 108.185
3 0 11.226 -42.065 107.960 11.336 -42.700 108.185 8.968 -42.143 111.347
3 0 8.968 -42.143 111.347 8.860 -41.529 111.071 11.226 -42.065 107.960
3 0 11.330 -41.394 107.889 11.226 -42.065 107.960 8.860 -41.529 111.071
3 0 8.860 -41.529 111.071 8.962 -40.865 110.949 11.330 -41.394 107.889
3 0 11.634 -40.789 107.983 11.330 -41.394 107.889 8.962 -40.865 110.949
3 0 8.962 -40.865 110.949 9.260 -40.252 111.001 11.634 -40.789 107.983
3 0 12.089 -40.343 108.227 11.634 -40.789 107.983 9.260 -40.252 111.001
3 0 9.260 -40.252 111.001 9.707 -39.785 111.219 12.089 -40.343 108.227
3 0 12.628 -40.123 108.584 12.089 -40.343 108.227 9.707 -39.785 111.219
3 0 9.707 -39.785 111.219 10.237 -39.534 111.570 12.628 -40.123 108.584
3 0 13.168 -40.163 109.001 12.628 -40.123 108.584 10.237 -39.534 111.570
3 0 10.237 -39.534 111.570 10.768 -39.537 111.999 13.168 -40.163 109.001
3 0 13.626 -40.457 109.413 13.168 -40.163 109.001 10.768 -39.537 111.999
3 0 10.768 -39.537 111.999 11.219 -39.794 112.443 13.626 -40.457 109.413
3 0 20.472 -40.048 109.347 20.010 -40.477 109.086 17.611 -39.792 112.271
3 0 17.611 -39.792 112.271 18.067 -39.346 112.516 20.472 -40.048 109.347
3 0 21.019 -39.851 109.706 20.472 -40.048 109.347 18.067 -39.346 112.516
3 0 18.067 -39.346 112.516 18.605 -39.127 112.873 21.019 -39.851 109.706
3 0 21.566 -39.917 110.109 21.019 -39.851 109.706 18.605 -39.127 112.873
3 0 18.605 -39.127 112.873 19.145 -39.166 113.289 21.566 -39.917 110.109
3 0 22.031 -40.236 110.494 21.566 -39.917 110.109 19.145 -39.166 113.289
3 0 19.145 -39.166 113.289 19.604 -39.460 113.701 22.031 -40.236 110.494
3 0 22.343 -40.759 110.803 22.031 -40.236 110.494 19.604 -39.460 113.701
3 0 19.604 -39.460 113.701 19.912 -39.963 114.045 22.343 -40.759 110.803
3 0 22.454 -41.407 110.988 22.343 -40.759 110.803 19.912 -39.963 114.045
3 0 19.912 -39.963 114.045 20.022 -40.598 114.270 22.454 -41.407 110.988
3 0 22.348 -42.081 111.022 22.454 -41.407 110.988 20.022 -40.598 114.270
3 0 20.022 -40.598 114.270 19.917 -41.269 114.341 22.348 -42.081 111.022
3 0 22.040 -42.678 110.899 22.348 -42.081 111.022 19.917 -41.269 114.341
3 0 19.917 -41.269 114.341 19.614 -41.874 114.248 22.040 -42.678 110.899
3 0 21.578 -43.107 110.638 22.040 -42.678 110.899 19.614 -41.874 114.248
3 0 19.614 -41.874 114.248 19.158 -42.320 114.003 21.578 -43.107 110.638
3 0 21.032 -43.304 110.278 21.578 -43.107 110.638 19.158 -42.320 114.003
3 0 19.158 -42.320 114.003 18.620 -42.540 113.646 21.032 -43.304 110.278
3 0 20.485 -43.238 109.875 21.032 -43.304 110.278 18.620 -42.540 113.646
3 0 18.620 -42.540 113.646 18.080 -42.500 113.230 20.485 -43.238 109.875
3 0 20.020 -42.919 109.490 20.485 -43.238 109.875 18.080 -42.500 113.230
3 0 18.080 -42.500 113.230 17.621 -42.206 112.818 20.020 -42.919 109.490
3 0 16.074 -39.679 111.086 18.452 -40.289 107.938 17.989 -40.719 107.677
3 0 17.989 -40.719 107.677 15.618 -40.125 110.842 16.074 -39.679 111.086
3 0 16.613 -39.459 111.443 18.998 -40.092 108.298 18.452 -40.289 107.938
3 0 18.452 -40.289 107.938 16.074 -39.679 111.086 16.613 -39.459 111.443
3 0 17.152 -39.499 111.860 19.545 -40.159 108.701 18.998 -40.092 108.298
3 0 18.998 -40.092 108.298 16.613 -39.459 111.443 17.152 -39.499 111.860
3 0 17.611 -39.792 112.271 20.010 -40.477 109.086 19.545 -40.159 108.701
3 0 19.545 -40.159 108.701 17.152 -39.499 111.860 17.611 -39.792 112.271
3 0 17.166 -42.652 112.574 19.557 -43.349 109.229 20.020 -42.919 109.490
3 0 20.020 -42.919 109.490 17.621 -42.206 112.818 17.166 -42.652 112.574
3 0 16.627 -42.872 112.216 19.011 -43.545 108.870 19.557 -43.349 109.229
3 0 19.557 -43.349 109.229 17.166 -42.652 112.574 16.627 -42.872 112.216
3 0 16.087 -42.832 111.800 18.464 -43.479 108.467 19.011 -43.545 108.870
3 0 19.011 -43.545 108.870 16.627 -42.872 112.216 16.087 -42.832 111.800
3 0 15.629 -42.538 111.388 17.999 -43.160 108.082 18.464 -43.479 108.467
3 0 18.464 -43.479 108.467 16.087 -42.832 111.800 15.629 -42.538 111.388
3 0 14.082 -40.011 109.657 16.432 -40.530 106.530 15.970 -40.960 106.269
3 0 15.970 -40.960 106.269 13.626 -40.457 109.413 14.082 -40.011 109.657
3 0 14.621 -39.791 110.014 16.978 -40.334 106.890 16.432 -40.530 106.530
3 0 16.432 -40.530 106.530 14.082 -40.011 109.657 14.621 -39.791 110.014
3 0 15.160 -39.831 110.430 17.525 -40.400 107.293 16.978 -40.334 106.890
3 0 16.978 -40.334 106.890 14.621 -39.791 110.014 15.160 -39.831 110.430
3 0 15.618 -40.125 110.842 17.989 -40.719 107.677 17.525 -40.400 107.293
3 0 17.525 -40.400 107.293 15.160 -39.831 110.430 15.618 -40.125 110.842
3 0 15.174 -42.985 111.145 17.538 -43.590 107.821 17.999 -43.160 108.082
3 0 17.999 -43.160 108.082 15.629 -42.538 111.388 15.174 -42.985 111.145
3 0 14.635 -43.204 110.787 16.991 -43.786 107.462 17.538 -43.590 107.821
3 0 17.538 -43.590 107.821 15.174 -42.985 111.145 14.635 -43.204 110.787
3 0 14.095 -43.164 110.371 16.444 -43.720 107.059 16.991 -43.786 107.462
3 0 16.991 -43.786 107.462 14.635 -43.204 110.787 14.095 -43.164 110.371
3 0 13.637 -42.871 109.959 15.979 -43.401 106.674 16.444 -43.720 107.059
3 0 16.444 -43.720 107.059 14.095 -43.164 110.371 13.637 -42.871 109.959
3 0 15.517 -43.831 106.413 15.979 -43.401 106.674 13.637 -42.871 109.959
3 0 13.637 -42.871 109.959 13.181 -43.317 109.715 15.517 -43.831 106.413
3 0 14.971 -44.028 106.053 15.517 -43.831 106.413 13.181 -43.317 109.715
3 0 13.181 -43.317 109.715 12.642 -43.537 109.357 14.971 -44.028 106.053
3 0 14.423 -43.961 105.650 14.971 -44.028 106.053 12.642 -43.537 109.357
3 0 12.642 -43.537 109.357 12.103 -43.497 108.941 14.423 -43.961 105.650
3 0 13.958 -43.642 105.265 14.423 -43.961 105.650 12.103 -43.497 108.941
3 0 12.103 -43.497 108.941 11.644 -43.203 108.529 13.958 -43.642 105.265
3 0 13.646 -43.119 104.956 13.958 -43.642 105.265 11.644 -43.203 108.529
3 0 11.644 -43.203 108.529 11.336 -42.700 108.185 13.646 -43.119 104.956
3 0 13.535 -42.472 104.771 13.646 -43.119 104.956 11.336 -42.700 108.185
3 0 11.336 -42.700 108.185 11.226 -42.065 107.960 13.535 -42.472 104.771
3 0 13.641 -41.798 104.738 13.535 -42.472 104.771 11.226 -42.065 107.960
3 0 11.226 -42.065 107.960 11.330 -41.394 107.889 13.641 -41.798 104.738
3 0 13.949 -41.201 104.861 13.641 -41.798 104.738 11.330 -41.394 107.889
3 0 11.330 -41.394 107.889 11.634 -40.789 107.983 13.949 -41.201 104.861
3 0 14.411 -40.771 105.122 13.949 -41.201 104.861 11.634 -40.789 107.983
3 0 11.634 -40.789 107.983 12.089 -40.343 108.227 14.411 -40.771 105.122
3 0 14.957 -40.575 105.481 14.411 -40.771 105.122 12.089 -40.343 108.227
3 0 12.089 -40.343 108.227 12.628 -40.123 108.584 14.957 -40.575 105.481
3 0 15.504 -40.641 105.884 14.957 -40.575 105.481 12.628 -40.123 108.584
3 0 12.628 -40.123 108.584 13.168 -40.163 109.001 15.504 -40.641 105.884
3 0 15.970 -40.960 106.269 15.504 -40.641 105.884 13.168 -40.163 109.001
3 0 13.168 -40.163 109.001 13.626 -40.457 109.413 15.970 -40.960 106.269
3 0 22.814 -40.574 106.087 22.347 -40.991 105.815 20.010 -40.477 109.086
3 0 20.010 -40.477 109.086 20.472 -40.048 109.347 22.814 -40.574 106.087
3 0 23.366 -40.394 106.446 22.814 -40.574 106.087 20.472 -40.048 109.347
3 0 20.472 -40.048 109.347 21.019 -39.851 109.706 23.366 -40.394 106.446
3 0 23.919 -40.478 106.837 23.366 -40.394 106.446 21.019 -39.851 109.706
3 0 21.019 -39.851 109.706 21.566 -39.917 110.109 23.919 -40.478 106.837
3 0 24.389 -40.814 107.201 23.919 -40.478 106.837 21.566 -39.917 110.109
3 0 21.566 -39.917 110.109 22.031 -40.236 110.494 24.389 -40.814 107.201
3 0 24.704 -41.351 107.482 24.389 -40.814 107.201 22.031 -40.236 110.494
3 0 22.031 -40.236 110.494 22.343 -40.759 110.803 24.704 -41.351 107.482
3 0 24.817 -42.006 107.637 24.704 -41.351 107.482 22.343 -40.759 110.803
3 0 22.343 -40.759 110.803 22.454 -41.407 110.988 24.817 -42.006 107.637
3 0 24.709 -42.680 107.644 24.817 -42.006 107.637 22.454 -41.407 110.988
3 0 22.454 -41.407 110.988 22.348 -42.081 111.022 24.709 -42.680 107.644
3 0 24.398 -43.271 107.500 24.709 -42.680 107.644 22.348 -42.081 111.022
3 0 22.348 -42.081 111.022 22.040 -42.678 110.899 24.398 -43.271 107.500
3 0 23.931 -43.688 107.228 24.398 -43.271 107.500 22.040 -42.678 110.899
3 0 22.040 -42.678 110.899 21.578 -43.107 110.638 23.931 -43.688 107.228
3 0 23.379 -43.868 106.869 23.931 -43.688 107.228 21.578 -43.107 110.638
3 0 21.578 -43.107 110.638 21.032 -43.304 110.278 23.379 -43.868 106.869
3 0 22.826 -43.783 106.478 23.379 -43.868 106.869 21.032 -43.304 110.278
3 0 21.032 -43.304 110.278 20.485 -43.238 109.875 22.826 -43.783 106.478
3 0 22.356 -43.447 106.114 22.826 -43.783 106.478 20.485 -43.238 109.875
3 0 20.485 -43.238 109.875 20.020 -42.919 109.490 22.356 -43.447 106.114
3 0 18.452 -40.289 107.938 20.771 -40.750 104.701 20.304 -41.167 104.429
3 0 20.304 -41.167 104.429 17.989 -40.719 107.677 18.452 -40.289 107.938
3 0 18.998 -40.092 108.298 21.323 -40.570 105.060 20.771 -40.750 104.701
3 0 20.771 -40.750 104.701 18.452 -40.289 107.938 18.998 -40.092 108.298
3 0 19.545 -40.159 108.701 21.876 -40.655 105.451 21.323 -40.570 105.060
3 0 21.323 -40.570 105.060 18.998 -40.092 108.298 19.545 -40.159 108.701
3 0 20.010 -40.477 109.086 22.347 -40.991 105.815 21.876 -40.655 105.451
3 0 21.876 -40.655 105.451 19.545 -40.159 108.701 20.010 -40.477 109.086
3 0 19.557 -43.349 109.229 21.888 -43.864 105.842 22.356 -43.447 106.114
3 0 22.356 -43.447 106.114 20.020 -42.919 109.490 19.557 -43.349 109.229
3 0 19.011 -43.545 108.870 21.336 -44.044 105.483 21.888 -43.864 105.842
3 0 21.888 -43.864 105.842 19.557 -43.349 109.229 19.011 -43.545 108.870
3 0 18.464 -43.479 108.467 20.783 -43.960 105.092 21.336 -44.044 105.483
3 0 21.336 -44.044 105.483 19.011 -43.545 108.870 18.464 -43.479 108.467
3 0 17.999 -43.160 108.082 20.313 -43.624 104.728 20.783 -43.960 105.092
3 0 20.783 -43.960 105.092 18.464 -43.479 108.467 17.999 -43.160 108.082
3 0 16.432 -40.530 106.530 18.729 -40.927 103.315 18.262 -41.344 103.043
3 0 18.262 -41.344 103.043 15.970 -40.960 106.269 16.432 -40.530 106.530
3 0 16.978 -40.334 106.890 19.281 -40.747 103.674 18.729 -40.927 103.315
3 0 18.729 -40.927 103.315 16.432 -40.530 106.530 16.978 -40.334 106.890
3 0 17.525 -40.400 107.293 19.834 -40.831 104.065 19.281 -40.747 103.674
3 0 19.281 -40.747 103.674 16.978 -40.334 106.890 17.525 -40.400 107.293
3 0 17.989 -40.719 107.677 20.304 -41.167 104.429 19.834 -40.831 104.065
3 0 19.834 -40.831 104.065 17.525 -40.400 107.293 17.989 -40.719 107.677
3 0 17.538 -43.590 107.821 19.846 -44.041 104.457 20.313 -43.624 104.728
3 0 20.313 -43.624 104.728 17.999 -43.160 108.082 17.538 -43.590 107.821
3 0 16.991 -43.786 107.462 19.294 -44.221 104.098 19.846 -44.041 104.457
3 0 19.846 -44.041 104.457 17.538 -43.590 107.821 16.991 -43.786 107.462
3 0 16.444 -43.720 107.059 18.741 -44.136 103.707 19.294 -44.221 104.098
3 0 19.294 -44.221 104.098 16.991 -43.786 107.462 16.444 -43.720 107.059
3 0 15.979 -43.401 106.674 18.271 -43.800 103.343 18.741 -44.136 103.707
3 0 18.741 -44.136 103.707 16.444 -43.720 107.059 15.979 -43.401 106.674
3 0 17.803 -44.217 103.071 18.271 -43.800 103.343 15.979 -43.401 106.674
3 0 15.979 -43.401 106.674 15.517 -43.831 106.413 17.803 -44.217 103.071
3 0 17.251 -44.397 102.712 17.803 -44.217 103.071 15.517 -43.831 106.413
3 0 15.517 -43.831 106.413 14.971 -44.028 106.053 17.251 -44.397 102.712
3 0 16.698 -44.313 102.321 17.251 -44.397 102.712 14.971 -44.028 106.053
3 0 14.971 -44.028 106.053 14.423 -43.961 105.650 16.698 -44.313 102.321
3 0 16.228 -43.977 101.957 16.698 -44.313 102.321 14.423 -43.961 105.650
3 0 14.423 -43.961 105.650 13.958 -43.642 105.265 16.228 -43.977 101.957
3 0 15.912 -43.440 101.676 16.228 -43.977 101.957 13.958 -43.642 105.265
3 0 13.958 -43.642 105.265 13.646 -43.119 104.956 15.912 -43.440 101.676
3 0 15.800 -42.785 101.520 15.912 -43.440 101.676 13.646 -43.119 104.956
3 0 13.646 -43.119 104.956 13.535 -42.472 104.771 15.800 -42.785 101.520
3 0 15.908 -42.111 101.514 15.800 -42.785 101.520 13.535 -42.472 104.771
3 0 13.535 -42.472 104.771 13.641 -41.798 104.738 15.908 -42.111 101.514
3 0 16.219 -41.520 101.657 15.908 -42.111 101.514 13.641 -41.798 104.738
3 0 13.641 -41.798 104.738 13.949 -41.201 104.861 16.219 -41.520 101.657
3 0 16.686 -41.103 101.929 16.219 -41.520 101.657 13.949 -41.201 104.861
3 0 13.949 -41.201 104.861 14.411 -40.771 105.122 16.686 -41.103 101.929
3 0 17.238 -40.923 102.288 16.686 -41.103 101.929 14.411 -40.771 105.122
3 0 14.411 -40.771 105.122 14.957 -40.575 105.481 17.238 -40.923 102.288
3 0 17.791 -41.008 102.679 17.238 -40.923 102.288 14.957 -40.575 105.481
3 0 14.957 -40.575 105.481 15.504 -40.641 105.884 17.791 -41.008 102.679
3 0 18.262 -41.344 103.043 17.791 -41.008 102.679 15.504 -40.641 105.884
3 0 15.504 -40.641 105.884 15.970 -40.960 106.269 18.262 -41.344 103.043
3 0 25.103 -40.967 102.766 24.632 -41.374 102.486 22.347 -40.991 105.815
3 0 22.347 -40.991 105.815 22.814 -40.574 106.087 25.103 -40.967 102.766
3 0 25.661 -40.800 103.123 25.103 -40.967 102.766 22.814 -40.574 106.087
3 0 22.814 -40.574 106.087 23.366 -40.394 106.446 25.661 -40.800 103.123
3 0 26.219 -40.899 103.504 25.661 -40.800 103.123 23.366 -40.394 106.446
3 0 23.366 -40.394 106.446 23.919 -40.478 106.837 26.219 -40.899 103.504
3 0 26.693 -41.247 103.850 26.219 -40.899 103.504 23.919 -40.478 106.837
3 0 23.919 -40.478 106.837 24.389 -40.814 107.201 26.693 -41.247 103.850
3 0 27.011 -41.794 104.108 26.693 -41.247 103.850 24.389 -40.814 107.201
3 0 24.389 -40.814 107.201 24.704 -41.351 107.482 27.011 -41.794 104.108
3 0 27.124 -42.454 104.240 27.011 -41.794 104.108 24.704 -41.351 107.482
3 0 24.704 -41.351 107.482 24.817 -42.006 107.637 27.124 -42.454 104.240
3 0 27.016 -43.128 104.225 27.124 -42.454 104.240 24.817 -42.006 107.637
3 0 24.817 -42.006 107.637 24.709 -42.680 107.644 27.016 -43.128 104.225
3 0 26.702 -43.713 104.065 27.016 -43.128 104.225 24.709 -42.680 107.644
3 0 24.709 -42.680 107.644 24.398 -43.271 107.500 26.702 -43.713 104.065
3 0 26.230 -44.120 103.785 26.702 -43.713 104.065 24.398 -43.271 107.500
3 0 24.398 -43.271 107.500 23.931 -43.688 107.228 26.230 -44.120 103.785
3 0 25.673 -44.287 103.428 26.230 -44.120 103.785 23.931 -43.688 107.228
3 0 23.931 -43.688 107.228 23.379 -43.868 106.869 25.673 -44.287 103.428
3 0 25.115 -44.188 103.048 25.673 -44.287 103.428 23.379 -43.868 106.869
3 0 23.379 -43.868 106.869 22.826 -43.783 106.478 25.115 -44.188 103.048
3 0 24.640 -43.839 102.702 25.115 -44.188 103.048 22.826 -43.783 106.478
3 0 22.826 -43.783 106.478 22.356 -43.447 106.114 24.640 -43.839 102.702
3 0 20.771 -40.750 104.701 23.042 -41.093 101.403 22.570 -41.500 101.123
3 0 22.570 -41.500 101.123 20.304 -41.167 104.429 20.771 -40.750 104.701
3 0 21.323 -40.570 105.060 23.599 -40.926 101.760 23.042 -41.093 101.403
3 0 23.042 -41.093 101.403 20.771 -40.750 104.701 21.323 -40.570 105.060
3 0 21.876 -40.655 105.451 24.157 -41.025 102.140 23.599 -40.926 101.760
3 0 23.599 -40.926 101.760 21.323 -40.570 105.060 21.876 -40.655 105.451
3 0 22.347 -40.991 105.815 24.632 -41.374 102.486 24.157 -41.025 102.140
3 0 24.157 -41.025 102.140 21.876 -40.655 105.451 22.347 -40.991 105.815
3 0 21.888 -43.864 105.842 24.169 -44.246 102.422 24.640 -43.839 102.702
3 0 24.640 -43.839 102.702 22.356 -43.447 106.114 21.888 -43.864 105.842
3 0 21.336 -44.044 105.483 23.611 -44.413 102.065 24.169 -44.246 102.422
3 0 24.169 -44.246 102.422 21.888 -43.864 105.842 21.336 -44.044 105.483
3 0 20.783 -43.960 105.092 23.053 -44.315 101.684 23.611 -44.413 102.065
3 0 23.611 -44.413 102.065 21.336 -44.044 105.483 20.783 -43.960 105.092
3 0 20.313 -43.624 104.728 22.579 -43.966 101.338 23.053 -44.315 101.684
3 0 23.053 -44.315 101.684 20.783 -43.960 105.092 20.313 -43.624 104.728
3 0 18.729 -40.927 103.315 20.981 -41.220 100.040 20.509 -41.627 99.760
3 0 20.509 -41.627 99.760 18.262 -41.344 103.043 18.729 -40.927 103.315
3 0 19.281 -40.747 103.674 21.538 -41.053 100.397 20.981 -41.220 100.040
3 0 20.981 -41.220 100.040 18.729 -40.927 103.315 19.281 -40.747 103.674
3 0 19.834 -40.831 104.065 22.097 -41.151 100.777 21.538 -41.053 100.397
3 0 21.538 -41.053 100.397 19.281 -40.747 103.674 19.834 -40.831 104.065
3 0 20.304 -41.167 104.429 22.570 -41.500 101.123 22.097 -41.151 100.777
3 0 22.097 -41.151 100.777 19.834 -40.831 104.065 20.304 -41.167 104.429
3 0 19.846 -44.041 104.457 22.108 -44.373 101.059 22.579 -43.966 101.338
3 0 22.579 -43.966 101.338 20.313 -43.624 104.728 19.846 -44.041 104.457
3 0 19.294 -44.221 104.098 21.551 -44.539 100.702 22.108 -44.373 101.059
3 0 22.108 -44.373 101.059 19.846 -44.041 104.457 19.294 -44.221 104.098
3 0 18.741 -44.136 103.707 20.992 -44.441 100.321 21.551 -44.539 100.702
3 0 21.551 -44.539 100.702 19.294 -44.221 104.098 18.741 -44.136 103.707
3 0 18.271 -43.800 103.343 20.518 -44.092 99.975 20.992 -44.441 100.321
3 0 20.992 -44.441 100.321 18.741 -44.136 103.707 18.271 -43.800 103.343
3 0 20.046 -44.499 99.695 20.518 -44.092 99.975 18.271 -43.800 103.343
3 0 18.271 -43.800 103.343 17.803 -44.217 103.071 20.046 -44.499 99.695
3 0 19.489 -44.666 99.338 20.046 -44.499 99.695 17.803 -44.217 103.071
3 0 17.803 -44.217 103.071 17.251 -44.397 102.712 19.489 -44.666 99.338
3 0 18.931 -44.567 98.957 19.489 -44.666 99.338 17.251 -44.397 102.712
3 0 17.251 -44.397 102.712 16.698 -44.313 102.321 18.931 -44.567 98.957
3 0 18.456 -44.218 98.612 18.931 -44.567 98.957 16.698 -44.313 102.321
3 0 16.698 -44.313 102.321 16.228 -43.977 101.957 18.456 -44.218 98.612
3 0 18.138 -43.672 98.353 18.456 -44.218 98.612 16.228 -43.977 101.957
3 0 16.228 -43.977 101.957 15.912 -43.440 101.676 18.138 -43.672 98.353
3 0 18.025 -43.012 98.221 18.138 -43.672 98.353 15.912 -43.440 101.676
3 0 15.912 -43.440 101.676 15.800 -42.785 101.520 18.025 -43.012 98.221
3 0 18.134 -42.338 98.237 18.025 -43.012 98.221 15.800 -42.785 101.520
3 0 15.800 -42.785 101.520 15.908 -42.111 101.514 18.134 -42.338 98.237
3 0 18.448 -41.753 98.396 18.134 -42.338 98.237 15.908 -42.111 101.514
3 0 15.908 -42.111 101.514 16.219 -41.520 101.657 18.448 -41.753 98.396
3 0 18.919 -41.346 98.676 18.448 -41.753 98.396 16.219 -41.520 101.657
3 0 16.219 -41.520 101.657 16.686 -41.103 101.929 18.919 -41.346 98.676
3 0 19.477 -41.179 99.033 18.919 -41.346 98.676 16.686 -41.103 101.929
3 0 16.686 -41.103 101.929 17.238 -40.923 102.288 19.477 -41.179 99.033
3 0 20.035 -41.278 99.414 19.477 -41.179 99.033 17.238 -40.923 102.288
3 0 17.238 -40.923 102.288 17.791 -41.008 102.679 20.035 -41.278 99.414
3 0 20.509 -41.627 99.760 20.035 -41.278 99.414 17.791 -41.008 102.679
3 0 17.791 -41.008 102.679 18.262 -41.344 103.043 20.509 -41.627 99.760
3 0 27.347 -41.249 99.400 26.871 -41.647 99.114 24.632 -41.374 102.486
3 0 24.632 -41.374 102.486 25.103 -40.967 102.766 27.347 -41.249 99.400
3 0 27.908 -41.093 99.755 27.347 -41.249 99.400 25.103 -40.967 102.766
3 0 25.103 -40.967 102.766 25.661 -40.800 103.123 27.908 -41.093 99.755
3 0 28.471 -41.202 100.126 27.908 -41.093 99.755 25.661 -40.800 103.123
3 0 25.661 -40.800 103.123 26.219 -40.899 103.504 28.471 -41.202 100.126
3 0 28.949 -41.561 100.456 28.471 -41.202 100.126 26.219 -40.899 103.504
3 0 26.219 -40.899 103.504 26.693 -41.247 103.850 28.949 -41.561 100.456
3 0 29.270 -42.115 100.695 28.949 -41.561 100.456 26.693 -41.247 103.850
3 0 26.693 -41.247 103.850 27.011 -41.794 104.108 29.270 -42.115 100.695
3 0 29.384 -42.779 100.806 29.270 -42.115 100.695 27.011 -41.794 104.108
3 0 27.011 -41.794 104.108 27.124 -42.454 104.240 29.384 -42.779 100.806
3 0 29.274 -43.452 100.773 29.384 -42.779 100.806 27.124 -42.454 104.240
3 0 27.124 -42.454 104.240 27.016 -43.128 104.225 29.274 -43.452 100.773
3 0 28.957 -44.032 100.600 29.274 -43.452 100.773 27.016 -43.128 104.225
3 0 27.016 -43.128 104.225 26.702 -43.713 104.065 28.957 -44.032 100.600
3 0 28.482 -44.430 100.315 28.957 -44.032 100.600 26.702 -43.713 104.065
3 0 26.702 -43.713 104.065 26.230 -44.120 103.785 28.482 -44.430 100.315
3 0 27.920 -44.586 99.960 28.482 -44.430 100.315 26.230 -44.120 103.785
3 0 26.230 -44.120 103.785 25.673 -44.287 103.428 27.920 -44.586 99.960
3 0 27.358 -44.477 99.589 27.920 -44.586 99.960 25.673 -44.287 103.428
3 0 25.673 -44.287 103.428 25.115 -44.188 103.048 27.358 -44.477 99.589
3 0 26.880 -44.118 99.259 27.358 -44.477 99.589 25.115 -44.188 103.048
3 0 25.115 -44.188 103.048 24.640 -43.839 102.702 26.880 -44.118 99.259
3 0 23.042 -41.093 101.403 25.269 -41.334 98.058 24.793 -41.733 97.772
3 0 24.793 -41.733 97.772 22.570 -41.500 101.123 23.042 -41.093 101.403
3 0 23.599 -40.926 101.760 25.830 -41.178 98.413 25.269 -41.334 98.058
3 0 25.269 -41.334 98.058 23.042 -41.093 101.403 23.599 -40.926 101.760
3 0 24.157 -41.025 102.140 26.393 -41.288 98.784 25.830 -41.178 98.413
3 0 25.830 -41.178 98.413 23.599 -40.926 101.760 24.157 -41.025 102.140
3 0 24.632 -41.374 102.486 26.871 -41.647 99.114 26.393 -41.288 98.784
3 0 26.393 -41.288 98.784 24.157 -41.025 102.140 24.632 -41.374 102.486
3 0 24.169 -44.246 102.422 26.404 -44.516 98.973 26.880 -44.118 99.259
3 0 26.880 -44.118 99.259 24.640 -43.839 102.702 24.169 -44.246 102.422
3 0 23.611 -44.413 102.065 25.842 -44.672 98.618 26.404 -44.516 98.973
3 0 26.404 -44.516 98.973 24.169 -44.246 102.422 23.611 -44.413 102.065
3 0 23.053 -44.315 101.684 25.280 -44.562 98.247 25.842 -44.672 98.618
3 0 25.842 -44.672 98.618 23.611 -44.413 102.065 23.053 -44.315 101.684
3 0 22.579 -43.966 101.338 24.802 -44.203 97.917 25.280 -44.562 98.247
3 0 25.280 -44.562 98.247 23.053 -44.315 101.684 22.579 -43.966 101.338
3 0 20.981 -41.220 100.040 23.191 -41.420 96.717 22.716 -41.818 96.431
3 0 22.716 -41.818 96.431 20.509 -41.627 99.760 20.981 -41.220 100.040
3 0 21.538 -41.053 100.397 23.753 -41.264 97.072 23.191 -41.420 96.717
3 0 23.191 -41.420 96.717 20.981 -41.220 100.040 21.538 -41.053 100.397
3 0 22.097 -41.151 100.777 24.316 -41.373 97.443 23.753 -41.264 97.072
3 0 23.753 -41.264 97.072 21.538 -41.053 100.397 22.097 -41.151 100.777
3 0 22.570 -41.500 101.123 24.793 -41.733 97.772 24.316 -41.373 97.443
3 0 24.316 -41.373 97.443 22.097 -41.151 100.777 22.570 -41.500 101.123
3 0 22.108 -44.373 101.059 24.327 -44.601 97.632 24.802 -44.203 97.917
3 0 24.802 -44.203 97.917 22.579 -43.966 101.338 22.108 -44.373 101.059
3 0 21.551 -44.539 100.702 23.765 -44.758 97.277 24.327 -44.601 97.632
3 0 24.327 -44.601 97.632 22.108 -44.373 101.059 21.551 -44.539 100.702
3 0 20.992 -44.441 100.321 23.202 -44.648 96.906 23.765 -44.758 97.277
3 0 23.765 -44.758 97.277 21.551 -44.539 100.702 20.992 -44.441 100.321
3 0 20.518 -44.092 99.975 22.724 -44.289 96.576 23.202 -44.648 96.906
3 0 23.202 -44.648 96.906 20.992 -44.441 100.321 20.518 -44.092 99.975
3 0 22.249 -44.687 96.290 22.724 -44.289 96.576 20.518 -44.092 99.975
3 0 20.518 -44.092 99.975 20.046 -44.499 99.695 22.249 -44.687 96.290
3 0 21.687 -44.843 95.935 22.249 -44.687 96.290 20.046 -44.499 99.695
3 0 20.046 -44.499 99.695 19.489 -44.666 99.338 21.687 -44.843 95.935
3 0 21.124 -44.733 95.564 21.687 -44.843 95.935 19.489 -44.666 99.338
3 0 19.489 -44.666 99.338 18.931 -44.567 98.957 21.124 -44.733 95.564
3 0 20.646 -44.374 95.234 21.124 -44.733 95.564 18.931 -44.567 98.957
3 0 18.931 -44.567 98.957 18.456 -44.218 98.612 20.646 -44.374 95.234
3 0 20.326 -43.821 94.995 20.646 -44.374 95.234 18.456 -44.218 98.612
3 0 18.456 -44.218 98.612 18.138 -43.672 98.353 20.326 -43.821 94.995
3 0 20.212 -43.157 94.884 20.326 -43.821 94.995 18.138 -43.672 98.353
3 0 18.138 -43.672 98.353 18.025 -43.012 98.221 20.212 -43.157 94.884
3 0 20.321 -42.484 94.917 20.212 -43.157 94.884 18.025 -43.012 98.221
3 0 18.025 -43.012 98.221 18.134 -42.338 98.237 20.321 -42.484 94.917
3 0 20.638 -41.904 95.090 20.321 -42.484 94.917 18.134 -42.338 98.237
3 0 18.134 -42.338 98.237 18.448 -41.753 98.396 20.638 -41.904 95.090
3 0 21.113 -41.505 95.375 20.638 -41.904 95.090 18.448 -41.753 98.396
3 0 18.448 -41.753 98.396 18.919 -41.346 98.676 21.113 -41.505 95.375
3 0 21.675 -41.349 95.730 21.113 -41.505 95.375 18.919 -41.346 98.676
3 0 18.919 -41.346 98.676 19.477 -41.179 99.033 21.675 -41.349 95.730
3 0 22.238 -41.459 96.101 21.675 -41.349 95.730 19.477 -41.179 99.033
3 0 19.477 -41.179 99.033 20.035 -41.278 99.414 22.238 -41.459 96.101
3 0 22.716 -41.818 96.431 22.238 -41.459 96.101 20.035 -41.278 99.414
3 0 20.035 -41.278 99.414 20.509 -41.627 99.760 22.716 -41.818 96.431
3 0 29.549 -41.435 95.998 29.070 -41.826 95.708 26.871 -41.647 99.114
3 0 26.871 -41.647 99.114 27.347 -41.249 99.400 29.549 -41.435 95.998
3 0 30.114 -41.288 96.350 29.549 -41.435 95.998 27.347 -41.249 99.400
3 0 27.347 -41.249 99.400 27.908 -41.093 99.755 30.114 -41.288 96.350
3 0 30.681 -41.407 96.713 30.114 -41.288 96.350 27.908 -41.093 99.755
3 0 27.908 -41.093 99.755 28.471 -41.202 100.126 30.681 -41.407 96.713
3 0 31.162 -41.774 97.029 30.681 -41.407 96.713 28.471 -41.202 100.126
3 0 28.471 -41.202 100.126 28.949 -41.561 100.456 31.162 -41.774 97.029
3 0 31.484 -42.333 97.251 31.162 -41.774 97.029 28.949 -41.561 100.456
3 0 28.949 -41.561 100.456 29.270 -42.115 100.695 31.484 -42.333 97.251
3 0 31.599 -42.999 97.346 31.484 -42.333 97.251 29.270 -42.115 100.695
3 0 29.270 -42.115 100.695 29.384 -42.779 100.806 31.599 -42.999 97.346
3 0 31.489 -43.671 97.298 31.599 -42.999 97.346 29.384 -42.779 100.806
3 0 29.384 -42.779 100.806 29.274 -43.452 100.773 31.489 -43.671 97.298
3 0 31.170 -44.247 97.115 31.489 -43.671 97.298 29.274 -43.452 100.773
3 0 29.274 -43.452 100.773 28.957 -44.032 100.600 31.170 -44.247 97.115
3 0 30.691 -44.638 96.825 31.170 -44.247 97.115 28.957 -44.032 100.600
3 0 28.957 -44.032 100.600 28.482 -44.430 100.315 30.691 -44.638 96.825
3 0 30.126 -44.785 96.472 30.691 -44.638 96.825 28.482 -44.430 100.315
3 0 28.482 -44.430 100.315 27.920 -44.586 99.960 30.126 -44.785 96.472
3 0 29.559 -44.667 96.110 30.126 -44.785 96.472 27.920 -44.586 99.960
3 0 27.920 -44.586 99.960 27.358 -44.477 99.589 29.559 -44.667 96.110
3 0 29.078 -44.300 95.794 29.559 -44.667 96.110 27.358 -44.477 99.589
3 0 27.358 -44.477 99.589 26.880 -44.118 99.259 29.078 -44.300 95.794
3 0 25.269 -41.334 98.058 27.457 -41.488 94.676 26.978 -41.879 94.386
3 0 26.978 -41.879 94.386 24.793 -41.733 97.772 25.269 -41.334 98.058
3 0 25.830 -41.178 98.413 28.022 -41.341 95.029 27.457 -41.488 94.676
3 0 27.457 -41.488 94.676 25.269 -41.334 98.058 25.830 -41.178 98.413
3 0 26.393 -41.288 98.784 28.589 -41.459 95.391 28.022 -41.341 95.029
3 0 28.022 -41.341 95.029 25.830 -41.178 98.413 26.393 -41.288 98.784
3 0 26.871 -41.647 99.114 29.070 -41.826 95.708 28.589 -41.459 95.391
3 0 28.589 -41.459 95.391 26.393 -41.288 98.784 26.871 -41.647 99.114
3 0 26.404 -44.516 98.973 28.599 -44.691 95.504 29.078 -44.300 95.794
3 0 29.078 -44.300 95.794 26.880 -44.118 99.259 26.404 -44.516 98.973
3 0 25.842 -44.672 98.618 28.034 -44.838 95.151 28.599 -44.691 95.504
3 0 28.599 -44.691 95.504 26.404 -44.516 98.973 25.842 -44.672 98.618
3 0 25.280 -44.562 98.247 27.467 -44.720 94.789 28.034 -44.838 95.151
3 0 28.034 -44.838 95.151 25.842 -44.672 98.618 25.280 -44.562 98.247
3 0 24.802 -44.203 97.917 26.986 -44.353 94.472 27.467 -44.720 94.789
3 0 27.467 -44.720 94.789 25.280 -44.562 98.247 24.802 -44.203 97.917
3 0 23.191 -41.420 96.717 25.365 -41.541 93.355 24.887 -41.932 93.065
3 0 24.887 -41.932 93.065 22.716 -41.818 96.431 23.191 -41.420 96.717
3 0 23.753 -41.264 97.072 25.931 -41.394 93.708 25.365 -41.541 93.355
3 0 25.365 -41.541 93.355 23.191 -41.420 96.717 23.753 -41.264 97.072
3 0 24.316 -41.373 97.443 26.497 -41.512 94.070 25.931 -41.394 93.708
3 0 25.931 -41.394 93.708 23.753 -41.264 97.072 24.316 -41.373 97.443
3 0 24.793 -41.733 97.772 26.978 -41.879 94.386 26.497 -41.512 94.070
3 0 26.497 -41.512 94.070 24.316 -41.373 97.443 24.793 -41.733 97.772
3 0 24.327 -44.601 97.632 26.508 -44.744 94.183 26.986 -44.353 94.472
3 0 26.986 -44.353 94.472 24.802 -44.203 97.917 24.327 -44.601 97.632
3 0 23.765 -44.758 97.277 25.942 -44.891 93.830 26.508 -44.744 94.183
3 0 26.508 -44.744 94.183 24.327 -44.601 97.632 23.765 -44.758 97.277
3 0 23.202 -44.648 96.906 25.376 -44.773 93.468 25.942 -44.891 93.830
3 0 25.942 -44.891 93.830 23.765 -44.758 97.277 23.202 -44.648 96.906
3 0 22.724 -44.289 96.576 24.895 -44.406 93.151 25.376 -44.773 93.468
3 0 25.376 -44.773 93.468 23.202 -44.648 96.906 22.724 -44.289 96.576
3 0 24.416 -44.797 92.861 24.895 -44.406 93.151 22.724 -44.289 96.576
3 0 22.724 -44.289 96.576 22.249 -44.687 96.290 24.416 -44.797 92.861
3 0 23.850 -44.944 92.508 24.416 -44.797 92.861 22.249 -44.687 96.290
3 0 22.249 -44.687 96.290 21.687 -44.843 95.935 23.850 -44.944 92.508
3 0 23.284 -44.825 92.146 23.850 -44.944 92.508 21.687 -44.843 95.935
3 0 21.687 -44.843 95.935 21.124 -44.733 95.564 23.284 -44.825 92.146
3 0 22.803 -44.458 91.830 23.284 -44.825 92.146 21.124 -44.733 95.564
3 0 21.124 -44.733 95.564 20.646 -44.374 95.234 22.803 -44.458 91.830
3 0 22.480 -43.899 91.607 22.803 -44.458 91.830 20.646 -44.374 95.234
3 0 20.646 -44.374 95.234 20.326 -43.821 94.995 22.480 -43.899 91.607
3 0 22.366 -43.233 91.513 22.480 -43.899 91.607 20.326 -43.821 94.995
3 0 20.326 -43.821 94.995 20.212 -43.157 94.884 22.366 -43.233 91.513
3 0 22.476 -42.561 91.561 22.366 -43.233 91.513 20.212 -43.157 94.884
3 0 20.212 -43.157 94.884 20.321 -42.484 94.917 22.476 -42.561 91.561
3 0 22.795 -41.985 91.744 22.476 -42.561 91.561 20.321 -42.484 94.917
3 0 20.321 -42.484 94.917 20.638 -41.904 95.090 22.795 -41.985 91.744
3 0 23.273 -41.594 92.034 22.795 -41.985 91.744 20.638 -41.904 95.090
3 0 20.638 -41.904 95.090 21.113 -41.505 95.375 23.273 -41.594 92.034
3 0 23.839 -41.446 92.387 23.273 -41.594 92.034 21.113 -41.505 95.375
3 0 21.113 -41.505 95.375 21.675 -41.349 95.730 23.839 -41.446 92.387
3 0 24.405 -41.565 92.749 23.839 -41.446 92.387 21.675 -41.349 95.730
3 0 21.675 -41.349 95.730 22.238 -41.459 96.101 24.405 -41.565 92.749
3 0 24.887 -41.932 93.065 24.405 -41.565 92.749 22.238 -41.459 96.101
3 0 22.238 -41.459 96.101 22.716 -41.818 96.431 24.887 -41.932 93.065
3 0 31.715 -41.543 92.568 31.233 -41.929 92.275 29.070 -41.826 95.708
3 0 29.070 -41.826 95.708 29.549 -41.435 95.998 31.715 -41.543 92.568
3 0 32.284 -41.403 92.919 31.715 -41.543 92.568 29.549 -41.435 95.998
3 0 29.549 -41.435 95.998 30.114 -41.288 96.350 32.284 -41.403 92.919
3 0 32.853 -41.529 93.273 32.284 -41.403 92.919 30.114 -41.288 96.350
3 0 30.114 -41.288 96.350 30.681 -41.407 96.713 32.853 -41.529 93.273
3 0 33.337 -41.902 93.578 32.853 -41.529 93.273 30.681 -41.407 96.713
3 0 30.681 -41.407 96.713 31.162 -41.774 97.029 33.337 -41.902 93.578
3 0 33.662 -42.466 93.786 33.337 -41.902 93.578 31.162 -41.774 97.029
3 0 31.162 -41.774 97.029 31.484 -42.333 97.251 33.662 -42.466 93.786
3 0 33.777 -43.134 93.866 33.662 -42.466 93.786 31.484 -42.333 97.251
3 0 31.484 -42.333 97.251 31.599 -42.999 97.346 33.777 -43.134 93.866
3 0 33.666 -43.805 93.806 33.777 -43.134 93.866 31.599 -42.999 97.346
3 0 31.599 -42.999 97.346 31.489 -43.671 97.298 33.666 -43.805 93.806
3 0 33.345 -44.377 93.614 33.666 -43.805 93.806 31.489 -43.671 97.298
3 0 31.489 -43.671 97.298 31.170 -44.247 97.115 33.345 -44.377 93.614
3 0 32.864 -44.762 93.321 33.345 -44.377 93.614 31.170 -44.247 97.115
3 0 31.170 -44.247 97.115 30.691 -44.638 96.825 32.864 -44.762 93.321
3 0 32.295 -44.902 92.971 32.864 -44.762 93.321 30.691 -44.638 96.825
3 0 30.691 -44.638 96.825 30.126 -44.785 96.472 32.295 -44.902 92.971
3 0 31.725 -44.776 92.616 32.295 -44.902 92.971 30.126 -44.785 96.472
3 0 30.126 -44.785 96.472 29.559 -44.667 96.110 31.725 -44.776 92.616
3 0 31.241 -44.403 92.312 31.725 -44.776 92.616 29.559 -44.667 96.110
3 0 29.559 -44.667 96.110 29.078 -44.300 95.794 31.241 -44.403 92.312
3 0 27.457 -41.488 94.676 29.611 -41.569 91.265 29.129 -41.955 90.972
3 0 29.129 -41.955 90.972 26.978 -41.879 94.386 27.457 -41.488 94.676
3 0 28.022 -41.341 95.029 30.180 -41.429 91.616 29.611 -41.569 91.265
3 0 29.611 -41.569 91.265 27.457 -41.488 94.676 28.022 -41.341 95.029
3 0 28.589 -41.459 95.391 30.749 -41.555 91.970 30.180 -41.429 91.616
3 0 30.180 -41.429 91.616 28.022 -41.341 95.029 28.589 -41.459 95.391
3 0 29.070 -41.826 95.708 31.233 -41.929 92.275 30.749 -41.555 91.970
3 0 30.749 -41.555 91.970 28.589 -41.459 95.391 29.070 -41.826 95.708
3 0 28.599 -44.691 95.504 30.760 -44.788 92.018 31.241 -44.403 92.312
3 0 31.241 -44.403 92.312 29.078 -44.300 95.794 28.599 -44.691 95.504
3 0 28.034 -44.838 95.151 30.191 -44.929 91.668 30.760 -44.788 92.018
3 0 30.760 -44.788 92.018 28.599 -44.691 95.504 28.034 -44.838 95.151
3 0 27.467 -44.720 94.789 29.621 -44.803 91.313 30.191 -44.929 91.668
3 0 30.191 -44.929 91.668 28.034 -44.838 95.151 27.467 -44.720 94.789
3 0 26.986 -44.353 94.472 29.137 -44.429 91.009 29.621 -44.803 91.313
3 0 29.621 -44.803 91.313 27.467 -44.720 94.789 26.986 -44.353 94.472
3 0 25.365 -41.541 93.355 27.507 -41.596 89.963 27.026 -41.981 89.669
3 0 27.026 -41.981 89.669 24.887 -41.932 93.065 25.365 -41.541 93.355
3 0 25.931 -41.394 93.708 28.076 -41.455 90.313 27.507 -41.596 89.963
3 0 27.507 -41.596 89.963 25.365 -41.541 93.355 25.931 -41.394 93.708
3 0 26.497 -41.512 94.070 28.646 -41.581 90.668 28.076 -41.455 90.313
3 0 28.076 -41.455 90.313 25.931 -41.394 93.708 26.497 -41.512 94.070
3 0 26.978 -41.879 94.386 29.129 -41.955 90.972 28.646 -41.581 90.668
3 0 28.646 -41.581 90.668 26.497 -41.512 94.070 26.978 -41.879 94.386
3 0 26.508 -44.744 94.183 28.657 -44.815 90.716 29.137 -44.429 91.009
3 0 29.137 -44.429 91.009 26.986 -44.353 94.472 26.508 -44.744 94.183
3 0 25.942 -44.891 93.830 28.088 -44.955 90.365 28.657 -44.815 90.716
3 0 28.657 -44.815 90.716 26.508 -44.744 94.183 25.942 -44.891 93.830
3 0 25.376 -44.773 93.468 27.518 -44.829 90.011 28.088 -44.955 90.365
3 0 28.088 -44.955 90.365 25.942 -44.891 93.830 25.376 -44.773 93.468
3 0 24.895 -44.406 93.151 27.034 -44.456 89.706 27.518 -44.829 90.011
3 0 27.518 -44.829 90.011 25.376 -44.773 93.468 24.895 -44.406 93.151
3 0 26.552 -44.841 89.413 27.034 -44.456 89.706 24.895 -44.406 93.151
3 0 24.895 -44.406 93.151 24.416 -44.797 92.861 26.552 -44.841 89.413
3 0 25.984 -44.981 89.062 26.552 -44.841 89.413 24.416 -44.797 92.861
3 0 24.416 -44.797 92.861 23.850 -44.944 92.508 25.984 -44.981 89.062
3 0 25.414 -44.855 88.708 25.984 -44.981 89.062 23.850 -44.944 92.508
3 0 23.850 -44.944 92.508 23.284 -44.825 92.146 25.414 -44.855 88.708
3 0 24.930 -44.482 88.403 25.414 -44.855 88.708 23.284 -44.825 92.146
3 0 23.284 -44.825 92.146 22.803 -44.458 91.830 24.930 -44.482 88.403
3 0 24.606 -43.918 88.195 24.930 -44.482 88.403 22.803 -44.458 91.830
3 0 22.803 -44.458 91.830 22.480 -43.899 91.607 24.606 -43.918 88.195
3 0 24.490 -43.250 88.115 24.606 -43.918 88.195 22.480 -43.899 91.607
3 0 22.480 -43.899 91.607 22.366 -43.233 91.513 24.490 -43.250 88.115
3 0 24.601 -42.579 88.175 24.490 -43.250 88.115 22.366 -43.233 91.513
3 0 22.366 -43.233 91.513 22.476 -42.561 91.561 24.601 -42.579 88.175
3 0 24.922 -42.007 88.366 24.601 -42.579 88.175 22.476 -42.561 91.561
3 0 22.476 -42.561 91.561 22.795 -41.985 91.744 24.922 -42.007 88.366
3 0 25.403 -41.622 88.660 24.922 -42.007 88.366 22.795 -41.985 91.744
3 0 22.795 -41.985 91.744 23.273 -41.594 92.034 25.403 -41.622 88.660
3 0 25.972 -41.482 89.010 25.403 -41.622 88.660 23.273 -41.594 92.034
3 0 23.273 -41.594 92.034 23.839 -41.446 92.387 25.972 -41.482 89.010
3 0 26.542 -41.608 89.365 25.972 -41.482 89.010 23.839 -41.446 92.387
3 0 23.839 -41.446 92.387 24.405 -41.565 92.749 26.542 -41.608 89.365
3 0 27.026 -41.981 89.669 26.542 -41.608 89.365 24.405 -41.565 92.749
3 0 24.405 -41.565 92.749 24.887 -41.932 93.065 27.026 -41.981 89.669
3 0 33.853 -41.592 89.118 33.369 -41.970 88.821 31.233 -41.929 92.275
3 0 31.233 -41.929 92.275 31.715 -41.543 92.568 33.853 -41.592 89.118
3 0 34.426 -41.459 89.465 33.853 -41.592 89.118 31.715 -41.543 92.568
3 0 31.715 -41.543 92.568 32.284 -41.403 92.919 34.426 -41.459 89.465
3 0 35.000 -41.593 89.811 34.426 -41.459 89.465 32.284 -41.403 92.919
3 0 32.284 -41.403 92.919 32.853 -41.529 93.273 35.000 -41.593 89.811
3 0 35.487 -41.973 90.101 35.000 -41.593 89.811 32.853 -41.529 93.273
3 0 32.853 -41.529 93.273 33.337 -41.902 93.578 35.487 -41.973 90.101
3 0 35.813 -42.541 90.293 35.487 -41.973 90.101 33.337 -41.902 93.578
3 0 33.337 -41.902 93.578 33.662 -42.466 93.786 35.813 -42.541 90.293
3 0 35.929 -43.211 90.357 35.813 -42.541 90.293 33.662 -42.466 93.786
3 0 33.662 -42.466 93.786 33.777 -43.134 93.866 35.929 -43.211 90.357
3 0 35.817 -43.880 90.283 35.929 -43.211 90.357 33.777 -43.134 93.866
3 0 33.777 -43.134 93.866 33.666 -43.805 93.806 35.817 -43.880 90.283
3 0 35.495 -44.448 90.083 35.817 -43.880 90.283 33.666 -43.805 93.806
3 0 33.666 -43.805 93.806 33.345 -44.377 93.614 35.495 -44.448 90.083
3 0 35.010 -44.826 89.787 35.495 -44.448 90.083 33.345 -44.377 93.614
3 0 33.345 -44.377 93.614 32.864 -44.762 93.321 35.010 -44.826 89.787
3 0 34.437 -44.959 89.439 35.010 -44.826 89.787 32.864 -44.762 93.321
3 0 32.864 -44.762 93.321 32.295 -44.902 92.971 34.437 -44.959 89.439
3 0 33.864 -44.825 89.094 34.437 -44.959 89.439 32.295 -44.902 92.971
3 0 32.295 -44.902 92.971 31.725 -44.776 92.616 33.864 -44.825 89.094
3 0 33.377 -44.445 88.803 33.864 -44.825 89.094 31.725 -44.776 92.616
3 0 31.725 -44.776 92.616 31.241 -44.403 92.312 33.377 -44.445 88.803
3 0 29.611 -41.569 91.265 31.735 -41.589 87.837 31.251 -41.968 87.541
3 0 31.251 -41.968 87.541 29.129 -41.955 90.972 29.611 -41.569 91.265
3 0 30.180 -41.429 91.616 32.308 -41.456 88.185 31.735 -41.589 87.837
3 0 31.735 -41.589 87.837 29.611 -41.569 91.265 30.180 -41.429 91.616
3 0 30.749 -41.555 91.970 32.881 -41.590 88.530 32.308 -41.456 88.185
3 0 32.308 -41.456 88.185 30.180 -41.429 91.616 30.749 -41.555 91.970
3 0 31.233 -41.929 92.275 33.369 -41.970 88.821 32.881 -41.590 88.530
3 0 32.881 -41.590 88.530 30.749 -41.555 91.970 31.233 -41.929 92.275
3 0 30.760 -44.788 92.018 32.892 -44.824 88.506 33.377 -44.445 88.803
3 0 33.377 -44.445 88.803 31.241 -44.403 92.312 30.760 -44.788 92.018
3 0 30.191 -44.929 91.668 32.319 -44.956 88.159 32.892 -44.824 88.506
3 0 32.892 -44.824 88.506 30.760 -44.788 92.018 30.191 -44.929 91.668
3 0 29.621 -44.803 91.313 31.746 -44.822 87.813 32.319 -44.956 88.159
3 0 32.319 -44.956 88.159 30.191 -44.929 91.668 29.621 -44.803 91.313
3 0 29.137 -44.429 91.009 31.258 -44.442 87.523 31.746 -44.822 87.813
3 0 31.746 -44.822 87.813 29.621 -44.803 91.313 29.137 -44.429 91.009
3 0 27.507 -41.596 89.963 29.618 -41.586 86.558 29.133 -41.965 86.261
3 0 29.133 -41.965 86.261 27.026 -41.981 89.669 27.507 -41.596 89.963
3 0 28.076 -41.455 90.313 30.191 -41.454 86.905 29.618 -41.586 86.558
3 0 29.618 -41.586 86.558 27.507 -41.596 89.963 28.076 -41.455 90.313
3 0 28.646 -41.581 90.668 30.764 -41.588 87.250 30.191 -41.454 86.905
3 0 30.191 -41.454 86.905 28.076 -41.455 90.313 28.646 -41.581 90.668
3 0 29.129 -41.955 90.972 31.251 -41.968 87.541 30.764 -41.588 87.250
3 0 30.764 -41.588 87.250 28.646 -41.581 90.668 29.129 -41.955 90.972
3 0 28.657 -44.815 90.716 30.774 -44.821 87.227 31.258 -44.442 87.523
3 0 31.258 -44.442 87.523 29.137 -44.429 91.009 28.657 -44.815 90.716
3 0 28.088 -44.955 90.365 30.202 -44.953 86.879 30.774 -44.821 87.227
3 0 30.774 -44.821 87.227 28.657 -44.815 90.716 28.088 -44.955 90.365
3 0 27.518 -44.829 90.011 29.628 -44.820 86.534 30.202 -44.953 86.879
3 0 30.202 -44.953 86.879 28.088 -44.955 90.365 27.518 -44.829 90.011
3 0 27.034 -44.456 89.706 29.141 -44.440 86.243 29.628 -44.820 86.534
3 0 29.628 -44.820 86.534 27.518 -44.829 90.011 27.034 -44.456 89.706
3 0 28.656 -44.818 85.946 29.141 -44.440 86.243 27.034 -44.456 89.706
3 0 27.034 -44.456 89.706 26.552 -44.841 89.413 28.656 -44.818 85.946
3 0 28.084 -44.951 85.599 28.656 -44.818 85.946 26.552 -44.841 89.413
3 0 26.552 -44.841 89.413 25.984 -44.981 89.062 28.084 -44.951 85.599
3 0 27.510 -44.817 85.253 28.084 -44.951 85.599 25.984 -44.981 89.062
3 0 25.984 -44.981 89.062 25.414 -44.855 88.708 27.510 -44.817 85.253
3 0 27.023 -44.437 84.963 27.510 -44.817 85.253 25.414 -44.855 88.708
3 0 25.414 -44.855 88.708 24.930 -44.482 88.403 27.023 -44.437 84.963
3 0 26.697 -43.869 84.771 27.023 -44.437 84.963 24.930 -44.482 88.403
3 0 24.930 -44.482 88.403 24.606 -43.918 88.195 26.697 -43.869 84.771
3 0 26.580 -43.199 84.707 26.697 -43.869 84.771 24.606 -43.918 88.195
3 0 24.606 -43.918 88.195 24.490 -43.250 88.115 26.580 -43.199 84.707
3 0 26.692 -42.530 84.780 26.580 -43.199 84.707 24.490 -43.250 88.115
3 0 24.490 -43.250 88.115 24.601 -42.579 88.175 26.692 -42.530 84.780
3 0 27.015 -41.962 84.981 26.692 -42.530 84.780 24.601 -42.579 88.175
3 0 24.601 -42.579 88.175 24.922 -42.007 88.366 27.015 -41.962 84.981
3 0 27.500 -41.583 85.277 27.015 -41.962 84.981 24.922 -42.007 88.366
3 0 24.922 -42.007 88.366 25.403 -41.622 88.660 27.500 -41.583 85.277
3 0 28.072 -41.451 85.625 27.500 -41.583 85.277 25.403 -41.622 88.660
3 0 25.403 -41.622 88.660 25.972 -41.482 89.010 28.072 -41.451 85.625
3 0 28.646 -41.585 85.970 28.072 -41.451 85.625 25.972 -41.482 89.010
3 0 25.972 -41.482 89.010 26.542 -41.608 89.365 28.646 -41.585 85.970
3 0 29.133 -41.965 86.261 28.646 -41.585 85.970 26.542 -41.608 89.365
3 0 26.542 -41.608 89.365 27.026 -41.981 89.669 29.133 -41.965 86.261
3 0 38.026 -41.477 82.155 37.538 -41.848 81.855 33.369 -41.970 88.821
3 0 33.369 -41.970 88.821 33.853 -41.592 89.118 38.026 -41.477 82.155
3 0 38.604 -41.353 82.498 38.026 -41.477 82.155 33.853 -41.592 89.118
3 0 33.853 -41.592 89.118 34.426 -41.459 89.465 38.604 -41.353 82.498
3 0 39.182 -41.496 82.832 38.604 -41.353 82.498 34.426 -41.459 89.465
3 0 34.426 -41.459 89.465 35.000 -41.593 89.811 39.182 -41.496 82.832
3 0 39.673 -41.883 83.106 39.182 -41.496 82.832 35.000 -41.593 89.811
3 0 35.000 -41.593 89.811 35.487 -41.973 90.101 39.673 -41.883 83.106
3 0 40.002 -42.456 83.279 39.673 -41.883 83.106 35.487 -41.973 90.101
3 0 35.487 -41.973 90.101 35.813 -42.541 90.293 40.002 -42.456 83.279
3 0 40.119 -43.127 83.323 40.002 -42.456 83.279 35.813 -42.541 90.293
3 0 35.813 -42.541 90.293 35.929 -43.211 90.357 40.119 -43.127 83.323
3 0 40.006 -43.794 83.233 40.119 -43.127 83.323 35.929 -43.211 90.357
3 0 35.929 -43.211 90.357 35.817 -43.880 90.283 40.006 -43.794 83.233
3 0 39.681 -44.356 83.022 40.006 -43.794 83.233 35.817 -43.880 90.283
3 0 35.817 -43.880 90.283 35.495 -44.448 90.083 39.681 -44.356 83.022
3 0 39.192 -44.727 82.723 39.681 -44.356 83.022 35.495 -44.448 90.083
3 0 35.495 -44.448 90.083 35.010 -44.826 89.787 39.192 -44.727 82.723
3 0 38.615 -44.851 82.380 39.192 -44.727 82.723 35.010 -44.826 89.787
3 0 35.010 -44.826 89.787 34.437 -44.959 89.439 38.615 -44.851 82.380
3 0 38.037 -44.708 82.046 38.615 -44.851 82.380 34.437 -44.959 89.439
3 0 34.437 -44.959 89.439 33.864 -44.825 89.094 38.037 -44.708 82.046
3 0 37.546 -44.321 81.771 38.037 -44.708 82.046 33.864 -44.825 89.094
3 0 33.864 -44.825 89.094 33.377 -44.445 88.803 37.546 -44.321 81.771
3 0 31.735 -41.589 87.837 35.891 -41.441 80.904 35.403 -41.812 80.604
3 0 35.403 -41.812 80.604 31.251 -41.968 87.541 31.735 -41.589 87.837
3 0 32.308 -41.456 88.185 36.468 -41.318 81.247 35.891 -41.441 80.904
3 0 35.891 -41.441 80.904 31.735 -41.589 87.837 32.308 -41.456 88.185
3 0 32.881 -41.590 88.530 37.047 -41.460 81.581 36.468 -41.318 81.247
3 0 36.468 -41.318 81.247 32.308 -41.456 88.185 32.881 -41.590 88.530
3 0 33.369 -41.970 88.821 37.538 -41.848 81.855 37.047 -41.460 81.581
3 0 37.047 -41.460 81.581 32.881 -41.590 88.530 33.369 -41.970 88.821
3 0 32.892 -44.824 88.506 37.057 -44.692 81.472 37.546 -44.321 81.771
3 0 37.546 -44.321 81.771 33.377 -44.445 88.803 32.892 -44.824 88.506
3 0 32.319 -44.956 88.159 36.480 -44.815 81.129 37.057 -44.692 81.472
3 0 37.057 -44.692 81.472 32.892 -44.824 88.506 32.319 -44.956 88.159
3 0 31.746 -44.822 87.813 35.901 -44.673 80.794 36.480 -44.815 81.129
3 0 36.480 -44.815 81.129 32.319 -44.956 88.159 31.746 -44.822 87.813
3 0 31.258 -44.442 87.523 35.410 -44.286 80.520 35.901 -44.673 80.794
3 0 35.901 -44.673 80.794 31.746 -44.822 87.813 31.258 -44.442 87.523
3 0 29.618 -41.586 86.558 33.757 -41.406 79.653 33.268 -41.777 79.353
3 0 33.268 -41.777 79.353 29.133 -41.965 86.261 29.618 -41.586 86.558
3 0 30.191 -41.454 86.905 34.334 -41.282 79.996 33.757 -41.406 79.653
3 0 33.757 -41.406 79.653 29.618 -41.586 86.558 30.191 -41.454 86.905
3 0 30.764 -41.588 87.250 34.912 -41.425 80.330 34.334 -41.282 79.996
3 0 34.334 -41.282 79.996 30.191 -41.454 86.905 30.764 -41.588 87.250
3 0 31.251 -41.968 87.541 35.403 -41.812 80.604 34.912 -41.425 80.330
3 0 34.912 -41.425 80.330 30.764 -41.588 87.250 31.251 -41.968 87.541
3 0 30.774 -44.821 87.227 34.923 -44.657 80.221 35.410 -44.286 80.520
3 0 35.410 -44.286 80.520 31.258 -44.442 87.523 30.774 -44.821 87.227
3 0 30.202 -44.953 86.879 34.345 -44.780 79.878 34.923 -44.657 80.221
3 0 34.923 -44.657 80.221 30.774 -44.821 87.227 30.202 -44.953 86.879
3 0 29.628 -44.820 86.534 33.767 -44.637 79.544 34.345 -44.780 79.878
3 0 34.345 -44.780 79.878 30.202 -44.953 86.879 29.628 -44.820 86.534
3 0 29.141 -44.440 86.243 33.276 -44.250 79.270 33.767 -44.637 79.544
3 0 33.767 -44.637 79.544 29.628 -44.820 86.534 29.141 -44.440 86.243
3 0 32.787 -44.621 78.970 33.276 -44.250 79.270 29.141 -44.440 86.243
3 0 29.141 -44.440 86.243 28.656 -44.818 85.946 32.787 -44.621 78.970
3 0 32.210 -44.745 78.627 32.787 -44.621 78.970 28.656 -44.818 85.946
3 0 28.656 -44.818 85.946 28.084 -44.951 85.599 32.210 -44.745 78.627
3 0 31.632 -44.602 78.293 32.210 -44.745 78.627 28.084 -44.951 85.599
3 0 28.084 -44.951 85.599 27.510 -44.817 85.253 31.632 -44.602 78.293
3 0 31.141 -44.215 78.019 31.632 -44.602 78.293 27.510 -44.817 85.253
3 0 27.510 -44.817 85.253 27.023 -44.437 84.963 31.141 -44.215 78.019
3 0 30.812 -43.642 77.846 31.141 -44.215 78.019 27.023 -44.437 84.963
3 0 27.023 -44.437 84.963 26.697 -43.869 84.771 30.812 -43.642 77.846
3 0 30.695 -42.971 77.801 30.812 -43.642 77.846 26.697 -43.869 84.771
3 0 26.697 -43.869 84.771 26.580 -43.199 84.707 30.695 -42.971 77.801
3 0 30.808 -42.303 77.891 30.695 -42.971 77.801 26.580 -43.199 84.707
3 0 26.580 -43.199 84.707 26.692 -42.530 84.780 30.808 -42.303 77.891
3 0 31.133 -41.741 78.102 30.808 -42.303 77.891 26.692 -42.530 84.780
3 0 26.692 -42.530 84.780 27.015 -41.962 84.981 31.133 -41.741 78.102
3 0 31.622 -41.370 78.402 31.133 -41.741 78.102 27.015 -41.962 84.981
3 0 27.015 -41.962 84.981 27.500 -41.583 85.277 31.622 -41.370 78.402
3 0 32.199 -41.247 78.745 31.622 -41.370 78.402 27.500 -41.583 85.277
3 0 27.500 -41.583 85.277 28.072 -41.451 85.625 32.199 -41.247 78.745
3 0 32.777 -41.389 79.079 32.199 -41.247 78.745 28.072 -41.451 85.625
3 0 28.072 -41.451 85.625 28.646 -41.585 85.970 32.777 -41.389 79.079
3 0 33.268 -41.777 79.353 32.777 -41.389 79.079 28.646 -41.585 85.970
3 0 28.646 -41.585 85.970 29.133 -41.965 86.261 33.268 -41.777 79.353
3 0 41.851 -41.192 75.570 41.359 -41.556 75.268 37.538 -41.848 81.855
3 0 37.538 -41.848 81.855 38.026 -41.477 82.155 41.851 -41.192 75.570
3 0 42.433 -41.077 75.909 41.851 -41.192 75.570 38.026 -41.477 82.155
3 0 38.026 -41.477 82.155 38.604 -41.353 82.498 42.433 -41.077 75.909
3 0 43.016 -41.227 76.231 42.433 -41.077 75.909 38.604 -41.353 82.498
3 0 38.604 -41.353 82.498 39.182 -41.496 82.832 43.016 -41.227 76.231
3 0 43.511 -41.621 76.489 43.016 -41.227 76.231 39.182 -41.496 82.832
3 0 39.182 -41.496 82.832 39.673 -41.883 83.106 43.511 -41.621 76.489
3 0 43.842 -42.198 76.643 43.511 -41.621 76.489 39.673 -41.883 83.106
3 0 39.673 -41.883 83.106 40.002 -42.456 83.279 43.842 -42.198 76.643
3 0 43.960 -42.870 76.670 43.842 -42.198 76.643 40.002 -42.456 83.279
3 0 40.002 -42.456 83.279 40.119 -43.127 83.323 43.960 -42.870 76.670
3 0 43.847 -43.535 76.565 43.960 -42.870 76.670 40.119 -43.127 83.323
3 0 40.119 -43.127 83.323 40.006 -43.794 83.233 43.847 -43.535 76.565
3 0 43.519 -44.091 76.344 43.847 -43.535 76.565 40.006 -43.794 83.233
3 0 40.006 -43.794 83.233 39.681 -44.356 83.022 43.519 -44.091 76.344
3 0 43.026 -44.455 76.042 43.519 -44.091 76.344 39.681 -44.356 83.022
3 0 39.681 -44.356 83.022 39.192 -44.727 82.723 43.026 -44.455 76.042
3 0 42.445 -44.571 75.704 43.026 -44.455 76.042 39.192 -44.727 82.723
3 0 39.192 -44.727 82.723 38.615 -44.851 82.380 42.445 -44.571 75.704
3 0 41.862 -44.420 75.381 42.445 -44.571 75.704 38.615 -44.851 82.380
3 0 38.615 -44.851 82.380 38.037 -44.708 82.046 41.862 -44.420 75.381
3 0 41.367 -44.027 75.123 41.862 -44.420 75.381 38.037 -44.708 82.046
3 0 38.037 -44.708 82.046 37.546 -44.321 81.771 41.367 -44.027 75.123
3 0 35.891 -41.441 80.904 39.700 -41.128 74.349 39.207 -41.492 74.047
3 0 39.207 -41.492 74.047 35.403 -41.812 80.604 35.891 -41.441 80.904
3 0 36.468 -41.318 81.247 40.281 -41.012 74.687 39.700 -41.128 74.349
3 0 39.700 -41.128 74.349 35.891 -41.441 80.904 36.468 -41.318 81.247
3 0 37.047 -41.460 81.581 40.864 -41.163 75.010 40.281 -41.012 74.687
3 0 40.281 -41.012 74.687 36.468 -41.318 81.247 37.047 -41.460 81.581
3 0 37.538 -41.848 81.855 41.359 -41.556 75.268 40.864 -41.163 75.010
3 0 40.864 -41.163 75.010 37.047 -41.460 81.581 37.538 -41.848 81.855
3 0 37.057 -44.692 81.472 40.875 -44.391 74.821 41.367 -44.027 75.123
3 0 41.367 -44.027 75.123 37.546 -44.321 81.771 37.057 -44.692 81.472
3 0 36.480 -44.815 81.129 40.293 -44.506 74.482 40.875 -44.391 74.821
3 0 40.875 -44.391 74.821 37.057 -44.692 81.472 36.480 -44.815 81.129
3 0 35.901 -44.673 80.794 39.710 -44.356 74.160 40.293 -44.506 74.482
3 0 40.293 -44.506 74.482 36.480 -44.815 81.129 35.901 -44.673 80.794
3 0 35.410 -44.286 80.520 39.215 -43.962 73.902 39.710 -44.356 74.160
3 0 39.710 -44.356 74.160 35.901 -44.673 80.794 35.410 -44.286 80.520
3 0 33.757 -41.406 79.653 37.549 -41.063 73.129 37.056 -41.427 72.826
3 0 37.056 -41.427 72.826 33.268 -41.777 79.353 33.757 -41.406 79.653
3 0 34.334 -41.282 79.996 38.130 -40.948 73.467 37.549 -41.063 73.129
3 0 37.549 -41.063 73.129 33.757 -41.406 79.653 34.334 -41.282 79.996
3 0 34.912 -41.425 80.330 38.713 -41.098 73.789 38.130 -40.948 73.467
3 0 38.130 -40.948 73.467 34.334 -41.282 79.996 34.912 -41.425 80.330
3 0 35.403 -41.812 80.604 39.207 -41.492 74.047 38.713 -41.098 73.789
3 0 38.713 -41.098 73.789 34.912 -41.425 80.330 35.403 -41.812 80.604
3 0 34.923 -44.657 80.221 38.724 -44.326 73.600 39.215 -43.962 73.902
3 0 39.215 -43.962 73.902 35.410 -44.286 80.520 34.923 -44.657 80.221
3 0 34.345 -44.780 79.878 38.142 -44.442 73.262 38.724 -44.326 73.600
3 0 38.724 -44.326 73.600 34.923 -44.657 80.221 34.345 -44.780 79.878
3 0 33.767 -44.637 79.544 37.559 -44.291 72.939 38.142 -44.442 73.262
3 0 38.142 -44.442 73.262 34.345 -44.780 79.878 33.767 -44.637 79.544
3 0 33.276 -44.250 79.270 37.064 -43.898 72.681 37.559 -44.291 72.939
3 0 37.559 -44.291 72.939 33.767 -44.637 79.544 33.276 -44.250 79.270
3 0 36.572 -44.262 72.379 37.064 -43.898 72.681 33.276 -44.250 79.270
3 0 33.276 -44.250 79.270 32.787 -44.621 78.970 36.572 -44.262 72.379
3 0 35.990 -44.377 72.041 36.572 -44.262 72.379 32.787 -44.621 78.970
3 0 32.787 -44.621 78.970 32.210 -44.745 78.627 35.990 -44.377 72.041
3 0 35.407 -44.227 71.718 35.990 -44.377 72.041 32.210 -44.745 78.627
3 0 32.210 -44.745 78.627 31.632 -44.602 78.293 35.407 -44.227 71.718
3 0 34.913 -43.833 71.460 35.407 -44.227 71.718 31.632 -44.602 78.293
3 0 31.632 -44.602 78.293 31.141 -44.215 78.019 34.913 -43.833 71.460
3 0 34.581 -43.256 71.306 34.913 -43.833 71.460 31.141 -44.215 78.019
3 0 31.141 -44.215 78.019 30.812 -43.642 77.846 34.581 -43.256 71.306
3 0 34.463 -42.584 71.280 34.581 -43.256 71.306 30.812 -43.642 77.846
3 0 30.812 -43.642 77.846 30.695 -42.971 77.801 34.463 -42.584 71.280
3 0 34.577 -41.919 71.385 34.463 -42.584 71.280 30.695 -42.971 77.801
3 0 30.695 -42.971 77.801 30.808 -42.303 77.891 34.577 -41.919 71.385
3 0 34.905 -41.363 71.605 34.577 -41.919 71.385 30.808 -42.303 77.891
3 0 30.808 -42.303 77.891 31.133 -41.741 78.102 34.905 -41.363 71.605
3 0 35.397 -40.999 71.907 34.905 -41.363 71.605 31.133 -41.741 78.102
3 0 31.133 -41.741 78.102 31.622 -41.370 78.402 35.397 -40.999 71.907
3 0 35.979 -40.883 72.246 35.397 -40.999 71.907 31.622 -41.370 78.402
3 0 31.622 -41.370 78.402 32.199 -41.247 78.745 35.979 -40.883 72.246
3 0 36.561 -41.034 72.568 35.979 -40.883 72.246 32.199 -41.247 78.745
3 0 32.199 -41.247 78.745 32.777 -41.389 79.079 36.561 -41.034 72.568
3 0 37.056 -41.427 72.826 36.561 -41.034 72.568 32.777 -41.389 79.079
3 0 32.777 -41.389 79.079 33.268 -41.777 79.353 37.056 -41.427 72.826
3 0 45.833 -40.715 68.508 45.338 -41.073 68.204 41.359 -41.556 75.268
3 0 41.359 -41.556 75.268 41.851 -41.192 75.570 45.833 -40.715 68.508
3 0 46.419 -40.607 68.842 45.833 -40.715 68.508 41.851 -41.192 75.570
3 0 41.851 -41.192 75.570 42.433 -41.077 75.909 46.419 -40.607 68.842
3 0 47.006 -40.764 69.153 46.419 -40.607 68.842 42.433 -41.077 75.909
3 0 42.433 -41.077 75.909 43.016 -41.227 76.231 47.006 -40.764 69.153
3 0 47.505 -41.162 69.396 47.006 -40.764 69.153 43.016 -41.227 76.231
3 0 43.016 -41.227 76.231 43.511 -41.621 76.489 47.505 -41.162 69.396
3 0 47.839 -41.742 69.533 47.505 -41.162 69.396 43.511 -41.621 76.489
3 0 43.511 -41.621 76.489 43.842 -42.198 76.643 47.839 -41.742 69.533
3 0 47.958 -42.414 69.543 47.839 -41.742 69.533 43.842 -42.198 76.643
3 0 43.842 -42.198 76.643 43.960 -42.870 76.670 47.958 -42.414 69.543
3 0 47.844 -43.077 69.425 47.958 -42.414 69.543 43.960 -42.870 76.670
3 0 43.960 -42.870 76.670 43.847 -43.535 76.565 47.844 -43.077 69.425
3 0 47.513 -43.629 69.196 47.844 -43.077 69.425 43.847 -43.535 76.565
3 0 43.847 -43.535 76.565 43.519 -44.091 76.344 47.513 -43.629 69.196
3 0 47.017 -43.987 68.892 47.513 -43.629 69.196 43.519 -44.091 76.344
3 0 43.519 -44.091 76.344 43.026 -44.455 76.042 47.017 -43.987 68.892
3 0 46.432 -44.095 68.559 47.017 -43.987 68.892 43.026 -44.455 76.042
3 0 43.026 -44.455 76.042 42.445 -44.571 75.704 46.432 -44.095 68.559
3 0 45.845 -43.938 68.247 46.432 -44.095 68.559 42.445 -44.571 75.704
3 0 42.445 -44.571 75.704 41.862 -44.420 75.381 45.845 -43.938 68.247
3 0 45.346 -43.540 68.004 45.845 -43.938 68.247 41.862 -44.420 75.381
3 0 41.862 -44.420 75.381 41.367 -44.027 75.123 45.346 -43.540 68.004
3 0 39.700 -41.128 74.349 43.666 -40.626 67.316 43.170 -40.984 67.012
3 0 43.170 -40.984 67.012 39.207 -41.492 74.047 39.700 -41.128 74.349
3 0 40.281 -41.012 74.687 44.252 -40.518 67.650 43.666 -40.626 67.316
3 0 43.666 -40.626 67.316 39.700 -41.128 74.349 40.281 -41.012 74.687
3 0 40.864 -41.163 75.010 44.839 -40.675 67.961 44.252 -40.518 67.650
3 0 44.252 -40.518 67.650 40.281 -41.012 74.687 40.864 -41.163 75.010
3 0 41.359 -41.556 75.268 45.338 -41.073 68.204 44.839 -40.675 67.961
3 0 44.839 -40.675 67.961 40.864 -41.163 75.010 41.359 -41.556 75.268
3 0 40.875 -44.391 74.821 44.850 -43.898 67.700 45.346 -43.540 68.004
3 0 45.346 -43.540 68.004 41.367 -44.027 75.123 40.875 -44.391 74.821
3 0 40.293 -44.506 74.482 44.264 -44.006 67.367 44.850 -43.898 67.700
3 0 44.850 -43.898 67.700 40.875 -44.391 74.821 40.293 -44.506 74.482
3 0 39.710 -44.356 74.160 43.677 -43.849 67.055 44.264 -44.006 67.367
3 0 44.264 -44.006 67.367 40.293 -44.506 74.482 39.710 -44.356 74.160
3 0 39.215 -43.962 73.902 43.179 -43.451 66.812 43.677 -43.849 67.055
3 0 43.677 -43.849 67.055 39.710 -44.356 74.160 39.215 -43.962 73.902
3 0 37.549 -41.063 73.129 41.500 -40.537 66.125 41.004 -40.895 65.821
3 0 41.004 -40.895 65.821 37.056 -41.427 72.826 37.549 -41.063 73.129
3 0 38.130 -40.948 73.467 42.086 -40.429 66.458 41.500 -40.537 66.125
3 0 41.500 -40.537 66.125 37.549 -41.063 73.129 38.130 -40.948 73.467
3 0 38.713 -41.098 73.789 42.673 -40.585 66.770 42.086 -40.429 66.458
3 0 42.086 -40.429 66.458 38.130 -40.948 73.467 38.713 -41.098 73.789
3 0 39.207 -41.492 74.047 43.170 -40.984 67.012 42.673 -40.585 66.770
3 0 42.673 -40.585 66.770 38.713 -41.098 73.789 39.207 -41.492 74.047
3 0 38.724 -44.326 73.600 42.684 -43.808 66.509 43.179 -43.451 66.812
3 0 43.179 -43.451 66.812 39.215 -43.962 73.902 38.724 -44.326 73.600
3 0 38.142 -44.442 73.262 42.098 -43.917 66.175 42.684 -43.808 66.509
3 0 42.684 -43.808 66.509 38.724 -44.326 73.600 38.142 -44.442 73.262
3 0 37.559 -44.291 72.939 41.511 -43.760 65.864 42.098 -43.917 66.175
3 0 42.098 -43.917 66.175 38.142 -44.442 73.262 37.559 -44.291 72.939
3 0 37.064 -43.898 72.681 41.013 -43.362 65.621 41.511 -43.760 65.864
3 0 41.511 -43.760 65.864 37.559 -44.291 72.939 37.064 -43.898 72.681
3 0 40.517 -43.719 65.317 41.013 -43.362 65.621 37.064 -43.898 72.681
3 0 37.064 -43.898 72.681 36.572 -44.262 72.379 40.517 -43.719 65.317
3 0 39.931 -43.828 64.983 40.517 -43.719 65.317 36.572 -44.262 72.379
3 0 36.572 -44.262 72.379 35.990 -44.377 72.041 39.931 -43.828 64.983
3 0 39.344 -43.671 64.672 39.931 -43.828 64.983 35.990 -44.377 72.041
3 0 35.990 -44.377 72.041 35.407 -44.227 71.718 39.344 -43.671 64.672
3 0 38.845 -43.272 64.429 39.344 -43.671 64.672 35.407 -44.227 71.718
3 0 35.407 -44.227 71.718 34.913 -43.833 71.460 38.845 -43.272 64.429
3 0 38.511 -42.693 64.292 38.845 -43.272 64.429 34.913 -43.833 71.460
3 0 34.913 -43.833 71.460 34.581 -43.256 71.306 38.511 -42.693 64.292
3 0 38.392 -42.021 64.282 38.511 -42.693 64.292 34.581 -43.256 71.306
3 0 34.581 -43.256 71.306 34.463 -42.584 71.280 38.392 -42.021 64.282
3 0 38.506 -41.358 64.400 38.392 -42.021 64.282 34.463 -42.584 71.280
3 0 34.463 -42.584 71.280 34.577 -41.919 71.385 38.506 -41.358 64.400
3 0 38.837 -40.806 64.629 38.506 -41.358 64.400 34.577 -41.919 71.385
3 0 34.577 -41.919 71.385 34.905 -41.363 71.605 38.837 -40.806 64.629
3 0 39.333 -40.448 64.933 38.837 -40.806 64.629 34.905 -41.363 71.605
3 0 34.905 -41.363 71.605 35.397 -40.999 71.907 39.333 -40.448 64.933
3 0 39.918 -40.339 65.266 39.333 -40.448 64.933 35.397 -40.999 71.907
3 0 35.397 -40.999 71.907 35.979 -40.883 72.246 39.918 -40.339 65.266
3 0 40.505 -40.496 65.578 39.918 -40.339 65.266 35.979 -40.883 72.246
3 0 35.979 -40.883 72.246 36.561 -41.034 72.568 40.505 -40.496 65.578
3 0 41.004 -40.895 65.821 40.505 -40.496 65.578 36.561 -41.034 72.568
3 0 36.561 -41.034 72.568 37.056 -41.427 72.826 41.004 -40.895 65.821
3 0 49.725 -40.079 61.407 49.226 -40.431 61.102 45.338 -41.073 68.204
3 0 45.338 -41.073 68.204 45.833 -40.715 68.508 49.725 -40.079 61.407
3 0 50.315 -39.976 61.735 49.725 -40.079 61.407 45.833 -40.715 68.508
3 0 45.833 -40.715 68.508 46.419 -40.607 68.842 50.315 -39.976 61.735
3 0 50.905 -40.139 62.036 50.315 -39.976 61.735 46.419 -40.607 68.842
3 0 46.419 -40.607 68.842 47.006 -40.764 69.153 50.905 -40.139 62.036
3 0 51.407 -40.542 62.265 50.905 -40.139 62.036 47.006 -40.764 69.153
3 0 47.006 -40.764 69.153 47.505 -41.162 69.396 51.407 -40.542 62.265
3 0 51.744 -41.123 62.385 51.407 -40.542 62.265 47.505 -41.162 69.396
3 0 47.505 -41.162 69.396 47.839 -41.742 69.533 51.744 -41.123 62.385
3 0 51.863 -41.796 62.380 51.744 -41.123 62.385 47.839 -41.742 69.533
3 0 47.839 -41.742 69.533 47.958 -42.414 69.543 51.863 -41.796 62.380
3 0 51.748 -42.456 62.250 51.863 -41.796 62.380 47.958 -42.414 69.543
3 0 47.958 -42.414 69.543 47.844 -43.077 69.425 51.748 -42.456 62.250
3 0 51.416 -43.004 62.014 51.748 -42.456 62.250 47.844 -43.077 69.425
3 0 47.844 -43.077 69.425 47.513 -43.629 69.196 51.416 -43.004 62.014
3 0 50.917 -43.356 61.709 51.416 -43.004 62.014 47.513 -43.629 69.196
3 0 47.513 -43.629 69.196 47.017 -43.987 68.892 50.917 -43.356 61.709
3 0 50.327 -43.458 61.380 50.917 -43.356 61.709 47.017 -43.987 68.892
3 0 47.017 -43.987 68.892 46.432 -44.095 68.559 50.327 -43.458 61.380
3 0 49.736 -43.296 61.079 50.327 -43.458 61.380 46.432 -44.095 68.559
3 0 46.432 -44.095 68.559 45.845 -43.938 68.247 49.736 -43.296 61.079
3 0 49.234 -42.893 60.851 49.736 -43.296 61.079 45.845 -43.938 68.247
3 0 45.845 -43.938 68.247 45.346 -43.540 68.004 49.234 -42.893 60.851
3 0 43.666 -40.626 67.316 47.543 -39.968 60.244 47.044 -40.320 59.939
3 0 47.044 -40.320 59.939 43.170 -40.984 67.012 43.666 -40.626 67.316
3 0 44.252 -40.518 67.650 48.133 -39.865 60.572 47.543 -39.968 60.244
3 0 47.543 -39.968 60.244 43.666 -40.626 67.316 44.252 -40.518 67.650
3 0 44.839 -40.675 67.961 48.724 -40.028 60.873 48.133 -39.865 60.572
3 0 48.133 -39.865 60.572 44.252 -40.518 67.650 44.839 -40.675 67.961
3 0 45.338 -41.073 68.204 49.226 -40.431 61.102 48.724 -40.028 60.873
3 0 48.724 -40.028 60.873 44.839 -40.675 67.961 45.338 -41.073 68.204
3 0 44.850 -43.898 67.700 48.735 -43.245 60.546 49.234 -42.893 60.851
3 0 49.234 -42.893 60.851 45.346 -43.540 68.004 44.850 -43.898 67.700
3 0 44.264 -44.006 67.367 48.145 -43.347 60.217 48.735 -43.245 60.546
3 0 48.735 -43.245 60.546 44.850 -43.898 67.700 44.264 -44.006 67.367
3 0 43.677 -43.849 67.055 47.554 -43.185 59.916 48.145 -43.347 60.217
3 0 48.145 -43.347 60.217 44.264 -44.006 67.367 43.677 -43.849 67.055
3 0 43.179 -43.451 66.812 47.052 -42.782 59.688 47.554 -43.185 59.916
3 0 47.554 -43.185 59.916 43.677 -43.849 67.055 43.179 -43.451 66.812
3 0 41.500 -40.537 66.125 45.362 -39.857 59.081 44.863 -40.209 58.776
3 0 44.863 -40.209 58.776 41.004 -40.895 65.821 41.500 -40.537 66.125
3 0 42.086 -40.429 66.458 45.952 -39.755 59.409 45.362 -39.857 59.081
3 0 45.362 -39.857 59.081 41.500 -40.537 66.125 42.086 -40.429 66.458
3 0 42.673 -40.585 66.770 46.543 -39.917 59.711 45.952 -39.755 59.409
3 0 45.952 -39.755 59.409 42.086 -40.429 66.458 42.673 -40.585 66.770
3 0 43.170 -40.984 67.012 47.044 -40.320 59.939 46.543 -39.917 59.711
3 0 46.543 -39.917 59.711 42.673 -40.585 66.770 43.170 -40.984 67.012
3 0 42.684 -43.808 66.509 46.554 -43.134 59.383 47.052 -42.782 59.688
3 0 47.052 -42.782 59.688 43.179 -43.451 66.812 42.684 -43.808 66.509
3 0 42.098 -43.917 66.175 45.964 -43.236 59.055 46.554 -43.134 59.383
3 0 46.554 -43.134 59.383 42.684 -43.808 66.509 42.098 -43.917 66.175
3 0 41.511 -43.760 65.864 45.373 -43.074 58.754 45.964 -43.236 59.055
3 0 45.964 -43.236 59.055 42.098 -43.917 66.175 41.511 -43.760 65.864
3 0 41.013 -43.362 65.621 44.871 -42.671 58.525 45.373 -43.074 58.754
3 0 45.373 -43.074 58.754 41.511 -43.760 65.864 41.013 -43.362 65.621
3 0 44.372 -43.023 58.220 44.871 -42.671 58.525 41.013 -43.362 65.621
3 0 41.013 -43.362 65.621 40.517 -43.719 65.317 44.372 -43.023 58.220
3 0 43.782 -43.125 57.892 44.372 -43.023 58.220 40.517 -43.719 65.317
3 0 40.517 -43.719 65.317 39.931 -43.828 64.983 43.782 -43.125 57.892
3 0 43.191 -42.963 57.591 43.782 -43.125 57.892 39.931 -43.828 64.983
3 0 39.931 -43.828 64.983 39.344 -43.671 64.672 43.191 -42.963 57.591
3 0 42.689 -42.560 57.362 43.191 -42.963 57.591 39.344 -43.671 64.672
3 0 39.344 -43.671 64.672 38.845 -43.272 64.429 42.689 -42.560 57.362
3 0 42.353 -41.978 57.242 42.689 -42.560 57.362 38.845 -43.272 64.429
3 0 38.845 -43.272 64.429 38.511 -42.693 64.292 42.353 -41.978 57.242
3 0 42.233 -41.306 57.247 42.353 -41.978 57.242 38.511 -42.693 64.292
3 0 38.511 -42.693 64.292 38.392 -42.021 64.282 42.233 -41.306 57.247
3 0 42.348 -40.646 57.377 42.233 -41.306 57.247 38.392 -42.021 64.282
3 0 38.392 -42.021 64.282 38.506 -41.358 64.400 42.348 -40.646 57.377
3 0 42.681 -40.098 57.613 42.348 -40.646 57.377 38.506 -41.358 64.400
3 0 38.506 -41.358 64.400 38.837 -40.806 64.629 42.681 -40.098 57.613
3 0 43.180 -39.746 57.918 42.681 -40.098 57.613 38.837 -40.806 64.629
3 0 38.837 -40.806 64.629 39.333 -40.448 64.933 43.180 -39.746 57.918
3 0 43.770 -39.644 58.246 43.180 -39.746 57.918 39.333 -40.448 64.933
3 0 39.333 -40.448 64.933 39.918 -40.339 65.266 43.770 -39.644 58.246
3 0 44.361 -39.806 58.548 43.770 -39.644 58.246 39.918 -40.339 65.266
3 0 39.918 -40.339 65.266 40.505 -40.496 65.578 44.361 -39.806 58.548
3 0 44.863 -40.209 58.776 44.361 -39.806 58.548 40.505 -40.496 65.578
3 0 40.505 -40.496 65.578 41.004 -40.895 65.821 44.863 -40.209 58.776
3 0 53.531 -39.300 54.272 53.028 -39.646 53.966 49.226 -40.431 61.102
3 0 49.226 -40.431 61.102 49.725 -40.079 61.407 53.531 -39.300 54.272
3 0 54.125 -39.204 54.595 53.531 -39.300 54.272 49.725 -40.079 61.407
3 0 49.725 -40.079 61.407 50.315 -39.976 61.735 54.125 -39.204 54.595
3 0 54.719 -39.372 54.886 54.125 -39.204 54.595 50.315 -39.976 61.735
3 0 50.315 -39.976 61.735 50.905 -40.139 62.036 54.719 -39.372 54.886
3 0 55.224 -39.780 55.100 54.719 -39.372 54.886 50.905 -40.139 62.036
3 0 50.905 -40.139 62.036 51.407 -40.542 62.265 55.224 -39.780 55.100
3 0 55.562 -40.363 55.206 55.224 -39.780 55.100 51.407 -40.542 62.265
3 0 51.407 -40.542 62.265 51.744 -41.123 62.385 55.562 -40.363 55.206
3 0 55.681 -41.035 55.186 55.562 -40.363 55.206 51.744 -41.123 62.385
3 0 51.744 -41.123 62.385 51.863 -41.796 62.380 55.681 -41.035 55.186
3 0 55.565 -41.693 55.044 55.681 -41.035 55.186 51.863 -41.796 62.380
3 0 51.863 -41.796 62.380 51.748 -42.456 62.250 55.565 -41.693 55.044
3 0 55.229 -42.236 54.801 55.565 -41.693 55.044 51.748 -42.456 62.250
3 0 51.748 -42.456 62.250 51.416 -43.004 62.014 55.229 -42.236 54.801
3 0 54.727 -42.582 54.495 55.229 -42.236 54.801 51.416 -43.004 62.014
3 0 51.416 -43.004 62.014 50.917 -43.356 61.709 54.727 -42.582 54.495
3 0 54.133 -42.678 54.172 54.727 -42.582 54.495 50.917 -43.356 61.709
3 0 50.917 -43.356 61.709 50.327 -43.458 61.380 54.133 -42.678 54.172
3 0 53.538 -42.510 53.881 54.133 -42.678 54.172 50.327 -43.458 61.380
3 0 50.327 -43.458 61.380 49.736 -43.296 61.079 53.538 -42.510 53.881
3 0 53.034 -42.103 53.667 53.538 -42.510 53.881 49.736 -43.296 61.079
3 0 49.736 -43.296 61.079 49.234 -42.893 60.851 53.034 -42.103 53.667
3 0 47.543 -39.968 60.244 51.335 -39.167 53.138 50.832 -39.513 52.832
3 0 50.832 -39.513 52.832 47.044 -40.320 59.939 47.543 -39.968 60.244
3 0 48.133 -39.865 60.572 51.929 -39.071 53.461 51.335 -39.167 53.138
3 0 51.335 -39.167 53.138 47.543 -39.968 60.244 48.133 -39.865 60.572
3 0 48.724 -40.028 60.873 52.524 -39.239 53.752 51.929 -39.071 53.461
3 0 51.929 -39.071 53.461 48.133 -39.865 60.572 48.724 -40.028 60.873
3 0 49.226 -40.431 61.102 53.028 -39.646 53.966 52.524 -39.239 53.752
3 0 52.524 -39.239 53.752 48.724 -40.028 60.873 49.226 -40.431 61.102
3 0 48.735 -43.245 60.546 52.531 -42.449 53.361 53.034 -42.103 53.667
3 0 53.034 -42.103 53.667 49.234 -42.893 60.851 48.735 -43.245 60.546
3 0 48.145 -43.347 60.217 51.937 -42.545 53.038 52.531 -42.449 53.361
3 0 52.531 -42.449 53.361 48.735 -43.245 60.546 48.145 -43.347 60.217
3 0 47.554 -43.185 59.916 51.342 -42.377 52.747 51.937 -42.545 53.038
3 0 51.937 -42.545 53.038 48.145 -43.347 60.217 47.554 -43.185 59.916
3 0 47.052 -42.782 59.688 50.838 -41.970 52.533 51.342 -42.377 52.747
3 0 51.342 -42.377 52.747 47.554 -43.185 59.916 47.052 -42.782 59.688
3 0 45.362 -39.857 59.081 49.140 -39.034 52.005 48.637 -39.380 51.699
3 0 48.637 -39.380 51.699 44.863 -40.209 58.776 45.362 -39.857 59.081
3 0 45.952 -39.755 59.409 49.734 -38.938 52.328 49.140 -39.034 52.005
3 0 49.140 -39.034 52.005 45.362 -39.857 59.081 45.952 -39.755 59.409
3 0 46.543 -39.917 59.711 50.329 -39.106 52.619 49.734 -38.938 52.328
3 0 49.734 -38.938 52.328 45.952 -39.755 59.409 46.543 -39.917 59.711
3 0 47.044 -40.320 59.939 50.832 -39.513 52.832 50.329 -39.106 52.619
3 0 50.329 -39.106 52.619 46.543 -39.917 59.711 47.044 -40.320 59.939
3 0 46.554 -43.134 59.383 50.336 -42.316 52.227 50.838 -41.970 52.533
3 0 50.838 -41.970 52.533 47.052 -42.782 59.688 46.554 -43.134 59.383
3 0 45.964 -43.236 59.055 49.742 -42.412 51.905 50.336 -42.316 52.227
3 0 50.336 -42.316 52.227 46.554 -43.134 59.383 45.964 -43.236 59.055
3 0 45.373 -43.074 58.754 49.147 -42.244 51.614 49.742 -42.412 51.905
3 0 49.742 -42.412 51.905 45.964 -43.236 59.055 45.373 -43.074 58.754
3 0 44.871 -42.671 58.525 48.643 -41.836 51.400 49.147 -42.244 51.614
3 0 49.147 -42.244 51.614 45.373 -43.074 58.754 44.871 -42.671 58.525
3 0 48.140 -42.182 51.093 48.643 -41.836 51.400 44.871 -42.671 58.525
3 0 44.871 -42.671 58.525 44.372 -43.023 58.220 48.140 -42.182 51.093
3 0 47.546 -42.279 50.770 48.140 -42.182 51.093 44.372 -43.023 58.220
3 0 44.372 -43.023 58.220 43.782 -43.125 57.892 47.546 -42.279 50.770
3 0 46.952 -42.110 50.480 47.546 -42.279 50.770 43.782 -43.125 57.892
3 0 43.782 -43.125 57.892 43.191 -42.963 57.591 46.952 -42.110 50.480
3 0 46.447 -41.703 50.265 46.952 -42.110 50.480 43.191 -42.963 57.591
3 0 43.191 -42.963 57.591 42.689 -42.560 57.362 46.447 -41.703 50.265
3 0 46.109 -41.119 50.160 46.447 -41.703 50.265 42.689 -42.560 57.362
3 0 42.689 -42.560 57.362 42.353 -41.978 57.242 46.109 -41.119 50.160
3 0 45.990 -40.447 50.180 46.109 -41.119 50.160 42.353 -41.978 57.242
3 0 42.353 -41.978 57.242 42.233 -41.306 57.247 45.990 -40.447 50.180
3 0 46.106 -39.790 50.322 45.990 -40.447 50.180 42.233 -41.306 57.247
3 0 42.233 -41.306 57.247 42.348 -40.646 57.377 46.106 -39.790 50.322
3 0 46.442 -39.246 50.565 46.106 -39.790 50.322 42.348 -40.646 57.377
3 0 42.348 -40.646 57.377 42.681 -40.098 57.613 46.442 -39.246 50.565
3 0 46.944 -38.900 50.871 46.442 -39.246 50.565 42.681 -40.098 57.613
3 0 42.681 -40.098 57.613 43.180 -39.746 57.918 46.944 -38.900 50.871
3 0 47.538 -38.804 51.194 46.944 -38.900 50.871 43.180 -39.746 57.918
3 0 43.180 -39.746 57.918 43.770 -39.644 58.246 47.538 -38.804 51.194
3 0 48.133 -38.973 51.484 47.538 -38.804 51.194 43.770 -39.644 58.246
3 0 43.770 -39.644 58.246 44.361 -39.806 58.548 48.133 -38.973 51.484
3 0 48.637 -39.380 51.699 48.133 -38.973 51.484 44.361 -39.806 58.548
3 0 44.361 -39.806 58.548 44.863 -40.209 58.776 48.637 -39.380 51.699
3 0 57.251 -38.383 47.107 56.744 -38.723 46.801 53.028 -39.646 53.966
3 0 53.028 -39.646 53.966 53.531 -39.300 54.272 57.251 -38.383 47.107
3 0 57.849 -38.293 47.425 57.251 -38.383 47.107 53.531 -39.300 54.272
3 0 53.531 -39.300 54.272 54.125 -39.204 54.595 57.849 -38.293 47.425
3 0 58.447 -38.467 47.705 57.849 -38.293 47.425 54.125 -39.204 54.595
3 0 54.125 -39.204 54.595 54.719 -39.372 54.886 58.447 -38.467 47.705
3 0 58.954 -38.878 47.905 58.447 -38.467 47.705 54.719 -39.372 54.886
3 0 54.719 -39.372 54.886 55.224 -39.780 55.100 58.954 -38.878 47.905
3 0 59.293 -39.464 47.994 58.954 -38.878 47.905 55.224 -39.780 55.100
3 0 55.224 -39.780 55.100 55.562 -40.363 55.206 59.293 -39.464 47.994
3 0 59.412 -40.135 47.960 59.293 -39.464 47.994 55.562 -40.363 55.206
3 0 55.562 -40.363 55.206 55.681 -41.035 55.186 59.412 -40.135 47.960
3 0 59.293 -40.790 47.806 59.412 -40.135 47.960 55.681 -41.035 55.186
3 0 55.681 -41.035 55.186 55.565 -41.693 55.044 59.293 -40.790 47.806
3 0 58.955 -41.328 47.558 59.293 -40.790 47.806 55.565 -41.693 55.044
3 0 55.565 -41.693 55.044 55.229 -42.236 54.801 58.955 -41.328 47.558
3 0 58.448 -41.668 47.251 58.955 -41.328 47.558 55.229 -42.236 54.801
3 0 55.229 -42.236 54.801 54.727 -42.582 54.495 58.448 -41.668 47.251
3 0 57.851 -41.758 46.934 58.448 -41.668 47.251 54.727 -42.582 54.495
3 0 54.727 -42.582 54.495 54.133 -42.678 54.172 57.851 -41.758 46.934
3 0 57.253 -41.585 46.654 57.851 -41.758 46.934 54.133 -42.678 54.172
3 0 54.133 -42.678 54.172 53.538 -42.510 53.881 57.253 -41.585 46.654
3 0 56.745 -41.173 46.454 57.253 -41.585 46.654 53.538 -42.510 53.881
3 0 53.538 -42.510 53.881 53.034 -42.103 53.667 56.745 -41.173 46.454
3 0 51.335 -39.167 53.138 55.041 -38.228 46.003 54.534 -38.568 45.697
3 0 54.534 -38.568 45.697 50.832 -39.513 52.832 51.335 -39.167 53.138
3 0 51.929 -39.071 53.461 55.639 -38.138 46.321 55.041 -38.228 46.003
3 0 55.041 -38.228 46.003 51.335 -39.167 53.138 51.929 -39.071 53.461
3 0 52.524 -39.239 53.752 56.237 -38.312 46.601 55.639 -38.138 46.321
3 0 55.639 -38.138 46.321 51.929 -39.071 53.461 52.524 -39.239 53.752
3 0 53.028 -39.646 53.966 56.744 -38.723 46.801 56.237 -38.312 46.601
3 0 56.237 -38.312 46.601 52.524 -39.239 53.752 53.028 -39.646 53.966
3 0 52.531 -42.449 53.361 56.239 -41.513 46.147 56.745 -41.173 46.454
3 0 56.745 -41.173 46.454 53.034 -42.103 53.667 52.531 -42.449 53.361
3 0 51.937 -42.545 53.038 55.641 -41.603 45.830 56.239 -41.513 46.147
3 0 56.239 -41.513 46.147 52.531 -42.449 53.361 51.937 -42.545 53.038
3 0 51.342 -42.377 52.747 55.043 -41.429 45.550 55.641 -41.603 45.830
3 0 55.641 -41.603 45.830 51.937 -42.545 53.038 51.342 -42.377 52.747
3 0 50.838 -41.970 52.533 54.536 -41.018 45.350 55.043 -41.429 45.550
3 0 55.043 -41.429 45.550 51.342 -42.377 52.747 50.838 -41.970 52.533
3 0 49.140 -39.034 52.005 52.832 -38.073 44.900 52.325 -38.413 44.594
3 0 52.325 -38.413 44.594 48.637 -39.380 51.699 49.140 -39.034 52.005
3 0 49.734 -38.938 52.328 53.430 -37.983 45.217 52.832 -38.073 44.900
3 0 52.832 -38.073 44.900 49.140 -39.034 52.005 49.734 -38.938 52.328
3 0 50.329 -39.106 52.619 54.028 -38.157 45.497 53.430 -37.983 45.217
3 0 53.430 -37.983 45.217 49.734 -38.938 52.328 50.329 -39.106 52.619
3 0 50.832 -39.513 52.832 54.534 -38.568 45.697 54.028 -38.157 45.497
3 0 54.028 -38.157 45.497 50.329 -39.106 52.619 50.832 -39.513 52.832
3 0 50.336 -42.316 52.227 54.030 -41.358 45.044 54.536 -41.018 45.350
3 0 54.536 -41.018 45.350 50.838 -41.970 52.533 50.336 -42.316 52.227
3 0 49.742 -42.412 51.905 53.432 -41.448 44.727 54.030 -41.358 45.044
3 0 54.030 -41.358 45.044 50.336 -42.316 52.227 49.742 -42.412 51.905
3 0 49.147 -42.244 51.614 52.834 -41.274 44.447 53.432 -41.448 44.727
3 0 53.432 -41.448 44.727 49.742 -42.412 51.905 49.147 -42.244 51.614
3 0 48.643 -41.836 51.400 52.327 -40.863 44.247 52.834 -41.274 44.447
3 0 52.834 -41.274 44.447 49.147 -42.244 51.614 48.643 -41.836 51.400
3 0 51.820 -41.203 43.940 52.327 -40.863 44.247 48.643 -41.836 51.400
3 0 48.643 -41.836 51.400 48.140 -42.182 51.093 51.820 -41.203 43.940
3 0 51.222 -41.293 43.623 51.820 -41.203 43.940 48.140 -42.182 51.093
3 0 48.140 -42.182 51.093 47.546 -42.279 50.770 51.222 -41.293 43.623
3 0 50.624 -41.119 43.343 51.222 -41.293 43.623 47.546 -42.279 50.770
3 0 47.546 -42.279 50.770 46.952 -42.110 50.480 50.624 -41.119 43.343
3 0 50.117 -40.708 43.143 50.624 -41.119 43.343 46.952 -42.110 50.480
3 0 46.952 -42.110 50.480 46.447 -41.703 50.265 50.117 -40.708 43.143
3 0 49.778 -40.122 43.053 50.117 -40.708 43.143 46.447 -41.703 50.265
3 0 46.447 -41.703 50.265 46.109 -41.119 50.160 49.778 -40.122 43.053
3 0 49.659 -39.451 43.088 49.778 -40.122 43.053 46.109 -41.119 50.160
3 0 46.109 -41.119 50.160 45.990 -40.447 50.180 49.659 -39.451 43.088
3 0 49.777 -38.796 43.241 49.659 -39.451 43.088 45.990 -40.447 50.180
3 0 45.990 -40.447 50.180 46.106 -39.790 50.322 49.777 -38.796 43.241
3 0 50.116 -38.258 43.490 49.777 -38.796 43.241 46.106 -39.790 50.322
3 0 46.106 -39.790 50.322 46.442 -39.246 50.565 50.116 -38.258 43.490
3 0 50.622 -37.918 43.796 50.116 -38.258 43.490 46.442 -39.246 50.565
3 0 46.442 -39.246 50.565 46.944 -38.900 50.871 50.622 -37.918 43.796
3 0 51.220 -37.828 44.114 50.622 -37.918 43.796 46.944 -38.900 50.871
3 0 46.944 -38.900 50.871 47.538 -38.804 51.194 51.220 -37.828 44.114
3 0 51.818 -38.002 44.394 51.220 -37.828 44.114 47.538 -38.804 51.194
3 0 47.538 -38.804 51.194 48.133 -38.973 51.484 51.818 -38.002 44.394
3 0 52.325 -38.413 44.594 51.818 -38.002 44.394 48.133 -38.973 51.484
3 0 48.133 -38.973 51.484 48.637 -39.380 51.699 52.325 -38.413 44.594
3 0 60.878 -37.323 39.913 60.368 -37.658 39.606 56.744 -38.723 46.801
3 0 56.744 -38.723 46.801 57.251 -38.383 47.107 60.878 -37.323 39.913
3 0 61.480 -37.238 40.224 60.878 -37.323 39.913 57.251 -38.383 47.107
3 0 57.251 -38.383 47.107 57.849 -38.293 47.425 61.480 -37.238 40.224
3 0 62.082 -37.416 40.493 61.480 -37.238 40.224 57.849 -38.293 47.425
3 0 57.849 -38.293 47.425 58.447 -38.467 47.705 62.082 -37.416 40.493
3 0 62.592 -37.831 40.679 62.082 -37.416 40.493 58.447 -38.467 47.705
3 0 58.447 -38.467 47.705 58.954 -38.878 47.905 62.592 -37.831 40.679
3 0 62.933 -38.418 40.753 62.592 -37.831 40.679 58.954 -38.878 47.905
3 0 58.954 -38.878 47.905 59.293 -39.464 47.994 62.933 -38.418 40.753
3 0 63.052 -39.088 40.704 62.933 -38.418 40.753 59.293 -39.464 47.994
3 0 59.293 -39.464 47.994 59.412 -40.135 47.960 63.052 -39.088 40.704
3 0 62.932 -39.740 40.540 63.052 -39.088 40.704 59.412 -40.135 47.960
3 0 59.412 -40.135 47.960 59.293 -40.790 47.806 62.932 -39.740 40.540
3 0 62.591 -40.274 40.286 62.932 -39.740 40.540 59.293 -40.790 47.806
3 0 59.293 -40.790 47.806 58.955 -41.328 47.558 62.591 -40.274 40.286
3 0 62.081 -40.609 39.980 62.591 -40.274 40.286 58.955 -41.328 47.558
3 0 58.955 -41.328 47.558 58.448 -41.668 47.251 62.081 -40.609 39.980
3 0 61.479 -40.694 39.668 62.081 -40.609 39.980 58.448 -41.668 47.251
3 0 58.448 -41.668 47.251 57.851 -41.758 46.934 61.479 -40.694 39.668
3 0 60.877 -40.515 39.399 61.479 -40.694 39.668 57.851 -41.758 46.934
3 0 57.851 -41.758 46.934 57.253 -41.585 46.654 60.877 -40.515 39.399
3 0 60.367 -40.101 39.214 60.877 -40.515 39.399 57.253 -41.585 46.654
3 0 57.253 -41.585 46.654 56.745 -41.173 46.454 60.367 -40.101 39.214
3 0 55.041 -38.228 46.003 58.655 -37.150 38.840 58.144 -37.484 38.534
3 0 58.144 -37.484 38.534 54.534 -38.568 45.697 55.041 -38.228 46.003
3 0 55.639 -38.138 46.321 59.256 -37.065 39.152 58.655 -37.150 38.840
3 0 58.655 -37.150 38.840 55.041 -38.228 46.003 55.639 -38.138 46.321
3 0 56.237 -38.312 46.601 59.858 -37.243 39.421 59.256 -37.065 39.152
3 0 59.256 -37.065 39.152 55.639 -38.138 46.321 56.237 -38.312 46.601
3 0 56.744 -38.723 46.801 60.368 -37.658 39.606 59.858 -37.243 39.421
3 0 59.858 -37.243 39.421 56.237 -38.312 46.601 56.744 -38.723 46.801
3 0 56.239 -41.513 46.147 59.857 -40.436 38.907 60.367 -40.101 39.214
3 0 60.367 -40.101 39.214 56.745 -41.173 46.454 56.239 -41.513 46.147
3 0 55.641 -41.603 45.830 59.255 -40.521 38.596 59.857 -40.436 38.907
3 0 59.857 -40.436 38.907 56.239 -41.513 46.147 55.641 -41.603 45.830
3 0 55.043 -41.429 45.550 58.653 -40.342 38.327 59.255 -40.521 38.596
3 0 59.255 -40.521 38.596 55.641 -41.603 45.830 55.043 -41.429 45.550
3 0 54.536 -41.018 45.350 58.143 -39.928 38.141 58.653 -40.342 38.327
3 0 58.653 -40.342 38.327 55.043 -41.429 45.550 54.536 -41.018 45.350
3 0 52.832 -38.073 44.900 56.432 -36.977 37.768 55.921 -37.311 37.462
3 0 55.921 -37.311 37.462 52.325 -38.413 44.594 52.832 -38.073 44.900
3 0 53.430 -37.983 45.217 57.033 -36.892 38.080 56.432 -36.977 37.768
3 0 56.432 -36.977 37.768 52.832 -38.073 44.900 53.430 -37.983 45.217
3 0 54.028 -38.157 45.497 57.635 -37.070 38.349 57.033 -36.892 38.080
3 0 57.033 -36.892 38.080 53.430 -37.983 45.217 54.028 -38.157 45.497
3 0 54.534 -38.568 45.697 58.144 -37.484 38.534 57.635 -37.070 38.349
3 0 57.635 -37.070 38.349 54.028 -38.157 45.497 54.534 -38.568 45.697
3 0 54.030 -41.358 45.044 57.634 -40.263 37.835 58.143 -39.928 38.141
3 0 58.143 -39.928 38.141 54.536 -41.018 45.350 54.030 -41.358 45.044
3 0 53.432 -41.448 44.727 57.032 -40.347 37.524 57.634 -40.263 37.835
3 0 57.634 -40.263 37.835 54.030 -41.358 45.044 53.432 -41.448 44.727
3 0 52.834 -41.274 44.447 56.430 -40.169 37.255 57.032 -40.347 37.524
3 0 57.032 -40.347 37.524 53.432 -41.448 44.727 52.834 -41.274 44.447
3 0 52.327 -40.863 44.247 55.920 -39.755 37.069 56.430 -40.169 37.255
3 0 56.430 -40.169 37.255 52.834 -41.274 44.447 52.327 -40.863 44.247
3 0 55.410 -40.090 36.763 55.920 -39.755 37.069 52.327 -40.863 44.247
3 0 52.327 -40.863 44.247 51.820 -41.203 43.940 55.410 -40.090 36.763
3 0 54.808 -40.174 36.452 55.410 -40.090 36.763 51.820 -41.203 43.940
3 0 51.820 -41.203 43.940 51.222 -41.293 43.623 54.808 -40.174 36.452
3 0 54.207 -39.996 36.183 54.808 -40.174 36.452 51.222 -41.293 43.623
3 0 51.222 -41.293 43.623 50.624 -41.119 43.343 54.207 -39.996 36.183
3 0 53.697 -39.582 35.997 54.207 -39.996 36.183 50.624 -41.119 43.343
3 0 50.624 -41.119 43.343 50.117 -40.708 43.143 53.697 -39.582 35.997
3 0 53.356 -38.995 35.923 53.697 -39.582 35.997 50.117 -40.708 43.143
3 0 50.117 -40.708 43.143 49.778 -40.122 43.053 53.356 -38.995 35.923
3 0 53.236 -38.324 35.971 53.356 -38.995 35.923 49.778 -40.122 43.053
3 0 49.778 -40.122 43.053 49.659 -39.451 43.088 53.236 -38.324 35.971
3 0 53.356 -37.672 36.135 53.236 -38.324 35.971 49.659 -39.451 43.088
3 0 49.659 -39.451 43.088 49.777 -38.796 43.241 53.356 -37.672 36.135
3 0 53.697 -37.138 36.390 53.356 -37.672 36.135 49.777 -38.796 43.241
3 0 49.777 -38.796 43.241 50.116 -38.258 43.490 53.697 -37.138 36.390
3 0 54.208 -36.803 36.696 53.697 -37.138 36.390 50.116 -38.258 43.490
3 0 50.116 -38.258 43.490 50.622 -37.918 43.796 54.208 -36.803 36.696
3 0 54.809 -36.719 37.007 54.208 -36.803 36.696 50.622 -37.918 43.796
3 0 50.622 -37.918 43.796 51.220 -37.828 44.114 54.809 -36.719 37.007
3 0 55.411 -36.897 37.276 54.809 -36.719 37.007 51.220 -37.828 44.114
3 0 51.220 -37.828 44.114 51.818 -38.002 44.394 55.411 -36.897 37.276
3 0 55.921 -37.311 37.462 55.411 -36.897 37.276 51.818 -38.002 44.394
3 0 51.818 -38.002 44.394 52.325 -38.413 44.594 55.921 -37.311 37.462
3 0 64.411 -36.121 32.691 63.897 -36.452 32.385 60.368 -37.658 39.606
3 0 60.368 -37.658 39.606 60.878 -37.323 39.913 64.411 -36.121 32.691
3 0 65.016 -36.041 32.995 64.411 -36.121 32.691 60.878 -37.323 39.913
3 0 60.878 -37.323 39.913 61.480 -37.238 40.224 65.016 -36.041 32.995
3 0 65.622 -36.223 33.253 65.016 -36.041 32.995 61.480 -37.238 40.224
3 0 61.480 -37.238 40.224 62.082 -37.416 40.493 65.622 -36.223 33.253
3 0 66.135 -36.640 33.424 65.622 -36.223 33.253 62.082 -37.416 40.493
3 0 62.082 -37.416 40.493 62.592 -37.831 40.679 66.135 -36.640 33.424
3 0 66.478 -37.228 33.483 66.135 -36.640 33.424 62.592 -37.831 40.679
3 0 62.592 -37.831 40.679 62.933 -38.418 40.753 66.478 -37.228 33.483
3 0 66.598 -37.897 33.420 66.478 -37.228 33.483 62.933 -38.418 40.753
3 0 62.933 -38.418 40.753 63.052 -39.088 40.704 66.598 -37.897 33.420
3 0 66.477 -38.546 33.246 66.598 -37.897 33.420 63.052 -39.088 40.704
3 0 63.052 -39.088 40.704 62.932 -39.740 40.540 66.477 -38.546 33.246
3 0 66.133 -39.076 32.986 66.477 -38.546 33.246 62.932 -39.740 40.540
3 0 62.932 -39.740 40.540 62.591 -40.274 40.286 66.133 -39.076 32.986
3 0 65.620 -39.406 32.680 66.133 -39.076 32.986 62.591 -40.274 40.286
3 0 62.591 -40.274 40.286 62.081 -40.609 39.980 65.620 -39.406 32.680
3 0 65.014 -39.486 32.376 65.620 -39.406 32.680 62.081 -40.609 39.980
3 0 62.081 -40.609 39.980 61.479 -40.694 39.668 65.014 -39.486 32.376
3 0 64.408 -39.304 32.118 65.014 -39.486 32.376 61.479 -40.694 39.668
3 0 61.479 -40.694 39.668 60.877 -40.515 39.399 64.408 -39.304 32.118
3 0 63.895 -38.887 31.947 64.408 -39.304 32.118 60.877 -40.515 39.399
3 0 60.877 -40.515 39.399 60.367 -40.101 39.214 63.895 -38.887 31.947
3 0 58.655 -37.150 38.840 62.172 -35.933 31.652 61.658 -36.263 31.346
3 0 61.658 -36.263 31.346 58.144 -37.484 38.534 58.655 -37.150 38.840
3 0 59.256 -37.065 39.152 62.778 -35.853 31.956 62.172 -35.933 31.652
3 0 62.172 -35.933 31.652 58.655 -37.150 38.840 59.256 -37.065 39.152
3 0 59.858 -37.243 39.421 63.383 -36.035 32.214 62.778 -35.853 31.956
3 0 62.778 -35.853 31.956 59.256 -37.065 39.152 59.858 -37.243 39.421
3 0 60.368 -37.658 39.606 63.897 -36.452 32.385 63.383 -36.035 32.214
3 0 63.383 -36.035 32.214 59.858 -37.243 39.421 60.368 -37.658 39.606
3 0 59.857 -40.436 38.907 63.381 -39.217 31.641 63.895 -38.887 31.947
3 0 63.895 -38.887 31.947 60.367 -40.101 39.214 59.857 -40.436 38.907
3 0 59.255 -40.521 38.596 62.776 -39.297 31.336 63.381 -39.217 31.641
3 0 63.381 -39.217 31.641 59.857 -40.436 38.907 59.255 -40.521 38.596
3 0 58.653 -40.342 38.327 62.170 -39.115 31.079 62.776 -39.297 31.336
3 0 62.776 -39.297 31.336 59.255 -40.521 38.596 58.653 -40.342 38.327
3 0 58.143 -39.928 38.141 61.657 -38.699 30.908 62.170 -39.115 31.079
3 0 62.170 -39.115 31.079 58.653 -40.342 38.327 58.143 -39.928 38.141
3 0 56.432 -36.977 37.768 59.935 -35.745 30.613 59.421 -36.075 30.307
3 0 59.421 -36.075 30.307 55.921 -37.311 37.462 56.432 -36.977 37.768
3 0 57.033 -36.892 38.080 60.540 -35.664 30.918 59.935 -35.745 30.613
3 0 59.935 -35.745 30.613 56.432 -36.977 37.768 57.033 -36.892 38.080
3 0 57.635 -37.070 38.349 61.146 -35.847 31.175 60.540 -35.664 30.918
3 0 60.540 -35.664 30.918 57.033 -36.892 38.080 57.635 -37.070 38.349
3 0 58.144 -37.484 38.534 61.658 -36.263 31.346 61.146 -35.847 31.175
3 0 61.146 -35.847 31.175 57.635 -37.070 38.349 58.144 -37.484 38.534
3 0 57.634 -40.263 37.835 61.144 -39.029 30.603 61.657 -38.699 30.908
3 0 61.657 -38.699 30.908 58.143 -39.928 38.141 57.634 -40.263 37.835
3 0 57.032 -40.347 37.524 60.538 -39.109 30.298 61.144 -39.029 30.603
3 0 61.144 -39.029 30.603 57.634 -40.263 37.835 57.032 -40.347 37.524
3 0 56.430 -40.169 37.255 59.933 -38.927 30.040 60.538 -39.109 30.298
3 0 60.538 -39.109 30.298 57.032 -40.347 37.524 56.430 -40.169 37.255
3 0 55.920 -39.755 37.069 59.419 -38.510 29.869 59.933 -38.927 30.040
3 0 59.933 -38.927 30.040 56.430 -40.169 37.255 55.920 -39.755 37.069
3 0 58.905 -38.840 29.564 59.419 -38.510 29.869 55.920 -39.755 37.069
3 0 55.920 -39.755 37.069 55.410 -40.090 36.763 58.905 -38.840 29.564
3 0 58.300 -38.921 29.259 58.905 -38.840 29.564 55.410 -40.090 36.763
3 0 55.410 -40.090 36.763 54.808 -40.174 36.452 58.300 -38.921 29.259
3 0 57.694 -38.738 29.001 58.300 -38.921 29.259 54.808 -40.174 36.452
3 0 54.808 -40.174 36.452 54.207 -39.996 36.183 57.694 -38.738 29.001
3 0 57.181 -38.322 28.830 57.694 -38.738 29.001 54.207 -39.996 36.183
3 0 54.207 -39.996 36.183 53.697 -39.582 35.997 57.181 -38.322 28.830
3 0 56.838 -37.734 28.771 57.181 -38.322 28.830 53.697 -39.582 35.997
3 0 53.697 -39.582 35.997 53.356 -38.995 35.923 56.838 -37.734 28.771
3 0 56.718 -37.065 28.834 56.838 -37.734 28.771 53.356 -38.995 35.923
3 0 53.356 -38.995 35.923 53.236 -38.324 35.971 56.718 -37.065 28.834
3 0 56.839 -36.416 29.009 56.718 -37.065 28.834 53.236 -38.324 35.971
3 0 53.236 -38.324 35.971 53.356 -37.672 36.135 56.839 -36.416 29.009
3 0 57.183 -35.886 29.268 56.839 -36.416 29.009 53.356 -37.672 36.135
3 0 53.356 -37.672 36.135 53.697 -37.138 36.390 57.183 -35.886 29.268
3 0 57.696 -35.556 29.574 57.183 -35.886 29.268 53.697 -37.138 36.390
3 0 53.697 -37.138 36.390 54.208 -36.803 36.696 57.696 -35.556 29.574
3 0 58.302 -35.476 29.879 57.696 -35.556 29.574 54.208 -36.803 36.696
3 0 54.208 -36.803 36.696 54.809 -36.719 37.007 58.302 -35.476 29.879
3 0 58.908 -35.658 30.136 58.302 -35.476 29.879 54.809 -36.719 37.007
3 0 54.809 -36.719 37.007 55.411 -36.897 37.276 58.908 -35.658 30.136
3 0 59.421 -36.075 30.307 58.908 -35.658 30.136 55.411 -36.897 37.276
3 0 55.411 -36.897 37.276 55.921 -37.311 37.462 59.421 -36.075 30.307
3 0 67.840 -34.775 25.442 67.323 -35.100 25.138 63.897 -36.452 32.385
3 0 63.897 -36.452 32.385 64.411 -36.121 32.691 67.840 -34.775 25.442
3 0 68.450 -34.699 25.739 67.840 -34.775 25.442 64.411 -36.121 32.691
3 0 64.411 -36.121 32.691 65.016 -36.041 32.995 68.450 -34.699 25.739
3 0 69.060 -34.884 25.985 68.450 -34.699 25.739 65.016 -36.041 32.995
3 0 65.016 -36.041 32.995 65.622 -36.223 33.253 69.060 -34.884 25.985
3 0 69.577 -35.303 26.140 69.060 -34.884 25.985 65.622 -36.223 33.253
3 0 65.622 -36.223 33.253 66.135 -36.640 33.424 69.577 -35.303 26.140
3 0 69.922 -35.890 26.182 69.577 -35.303 26.140 66.135 -36.640 33.424
3 0 66.135 -36.640 33.424 66.478 -37.228 33.483 69.922 -35.890 26.182
3 0 70.042 -36.558 26.105 69.922 -35.890 26.182 66.478 -37.228 33.483
3 0 66.478 -37.228 33.483 66.598 -37.897 33.420 70.042 -36.558 26.105
3 0 69.921 -37.204 25.919 70.042 -36.558 26.105 66.598 -37.897 33.420
3 0 66.598 -37.897 33.420 66.477 -38.546 33.246 69.921 -37.204 25.919
3 0 69.575 -37.729 25.654 69.921 -37.204 25.919 66.477 -38.546 33.246
3 0 66.477 -38.546 33.246 66.133 -39.076 32.986 69.575 -37.729 25.654
3 0 69.057 -38.055 25.350 69.575 -37.729 25.654 66.133 -39.076 32.986
3 0 66.133 -39.076 32.986 65.620 -39.406 32.680 69.057 -38.055 25.350
3 0 68.447 -38.131 25.053 69.057 -38.055 25.350 65.620 -39.406 32.680
3 0 65.620 -39.406 32.680 65.014 -39.486 32.376 68.447 -38.131 25.053
3 0 67.838 -37.945 24.808 68.447 -38.131 25.053 65.014 -39.486 32.376
3 0 65.014 -39.486 32.376 64.408 -39.304 32.118 67.838 -37.945 24.808
3 0 67.321 -37.527 24.652 67.838 -37.945 24.808 64.408 -39.304 32.118
3 0 64.408 -39.304 32.118 63.895 -38.887 31.947 67.321 -37.527 24.652
3 0 62.172 -35.933 31.652 65.586 -34.572 24.440 65.069 -34.898 24.135
3 0 65.069 -34.898 24.135 61.658 -36.263 31.346 62.172 -35.933 31.652
3 0 62.778 -35.853 31.956 66.196 -34.496 24.737 65.586 -34.572 24.440
3 0 65.586 -34.572 24.440 62.172 -35.933 31.652 62.778 -35.853 31.956
3 0 63.383 -36.035 32.214 66.806 -34.682 24.982 66.196 -34.496 24.737
3 0 66.196 -34.496 24.737 62.778 -35.853 31.956 63.383 -36.035 32.214
3 0 63.897 -36.452 32.385 67.323 -35.100 25.138 66.806 -34.682 24.982
3 0 66.806 -34.682 24.982 63.383 -36.035 32.214 63.897 -36.452 32.385
3 0 63.381 -39.217 31.641 66.803 -37.853 24.348 67.321 -37.527 24.652
3 0 67.321 -37.527 24.652 63.895 -38.887 31.947 63.381 -39.217 31.641
3 0 62.776 -39.297 31.336 66.193 -37.928 24.050 66.803 -37.853 24.348
3 0 66.803 -37.853 24.348 63.381 -39.217 31.641 62.776 -39.297 31.336
3 0 62.170 -39.115 31.079 65.584 -37.743 23.805 66.193 -37.928 24.050
3 0 66.193 -37.928 24.050 62.776 -39.297 31.336 62.170 -39.115 31.079
3 0 61.657 -38.699 30.908 65.067 -37.325 23.650 65.584 -37.743 23.805
3 0 65.584 -37.743 23.805 62.170 -39.115 31.079 61.657 -38.699 30.908
3 0 59.935 -35.745 30.613 63.333 -34.370 23.438 62.816 -34.696 23.134
3 0 62.816 -34.696 23.134 59.421 -36.075 30.307 59.935 -35.745 30.613
3 0 60.540 -35.664 30.918 63.943 -34.294 23.735 63.333 -34.370 23.438
3 0 63.333 -34.370 23.438 59.935 -35.745 30.613 60.540 -35.664 30.918
3 0 61.146 -35.847 31.175 64.553 -34.479 23.980 63.943 -34.294 23.735
3 0 63.943 -34.294 23.735 60.540 -35.664 30.918 61.146 -35.847 31.175
3 0 61.658 -36.263 31.346 65.069 -34.898 24.135 64.553 -34.479 23.980
3 0 64.553 -34.479 23.980 61.146 -35.847 31.175 61.658 -36.263 31.346
3 0 61.144 -39.029 30.603 64.550 -37.650 23.346 65.067 -37.325 23.650
3 0 65.067 -37.325 23.650 61.657 -38.699 30.908 61.144 -39.029 30.603
3 0 60.538 -39.109 30.298 63.940 -37.726 23.048 64.550 -37.650 23.346
3 0 64.550 -37.650 23.346 61.144 -39.029 30.603 60.538 -39.109 30.298
3 0 59.933 -38.927 30.040 63.331 -37.541 22.803 63.940 -37.726 23.048
3 0 63.940 -37.726 23.048 60.538 -39.109 30.298 59.933 -38.927 30.040
3 0 59.419 -38.510 29.869 62.814 -37.122 22.648 63.331 -37.541 22.803
3 0 63.331 -37.541 22.803 59.933 -38.927 30.040 59.419 -38.510 29.869
3 0 62.297 -37.448 22.344 62.814 -37.122 22.648 59.419 -38.510 29.869
3 0 59.419 -38.510 29.869 58.905 -38.840 29.564 62.297 -37.448 22.344
3 0 61.687 -37.524 22.046 62.297 -37.448 22.344 58.905 -38.840 29.564
3 0 58.905 -38.840 29.564 58.300 -38.921 29.259 61.687 -37.524 22.046
3 0 61.077 -37.338 21.801 61.687 -37.524 22.046 58.300 -38.921 29.259
3 0 58.300 -38.921 29.259 57.694 -38.738 29.001 61.077 -37.338 21.801
3 0 60.560 -36.920 21.646 61.077 -37.338 21.801 57.694 -38.738 29.001
3 0 57.694 -38.738 29.001 57.181 -38.322 28.830 60.560 -36.920 21.646
3 0 60.215 -36.332 21.603 60.560 -36.920 21.646 57.181 -38.322 28.830
3 0 57.181 -38.322 28.830 56.838 -37.734 28.771 60.215 -36.332 21.603
3 0 60.094 -35.665 21.681 60.215 -36.332 21.603 56.838 -37.734 28.771
3 0 56.838 -37.734 28.771 56.718 -37.065 28.834 60.094 -35.665 21.681
3 0 60.216 -35.019 21.866 60.094 -35.665 21.681 56.718 -37.065 28.834
3 0 56.718 -37.065 28.834 56.839 -36.416 29.009 60.216 -35.019 21.866
3 0 60.562 -34.493 22.131 60.216 -35.019 21.866 56.839 -36.416 29.009
3 0 56.839 -36.416 29.009 57.183 -35.886 29.268 60.562 -34.493 22.131
3 0 61.079 -34.168 22.436 60.562 -34.493 22.131 57.183 -35.886 29.268
3 0 57.183 -35.886 29.268 57.696 -35.556 29.574 61.079 -34.168 22.436
3 0 61.689 -34.092 22.733 61.079 -34.168 22.436 57.696 -35.556 29.574
3 0 57.696 -35.556 29.574 58.302 -35.476 29.879 61.689 -34.092 22.733
3 0 62.299 -34.277 22.978 61.689 -34.092 22.733 58.302 -35.476 29.879
3 0 58.302 -35.476 29.879 58.908 -35.658 30.136 62.299 -34.277 22.978
3 0 62.816 -34.696 23.134 62.299 -34.277 22.978 58.908 -35.658 30.136
3 0 58.908 -35.658 30.136 59.421 -36.075 30.307 62.816 -34.696 23.134
3 0 70.953 -33.366 18.614 70.431 -33.687 18.311 67.323 -35.100 25.138
3 0 67.323 -35.100 25.138 67.840 -34.775 25.442 70.953 -33.366 18.614
3 0 71.567 -33.295 18.903 70.953 -33.366 18.614 67.840 -34.775 25.442
3 0 67.840 -34.775 25.442 68.450 -34.699 25.739 71.567 -33.295 18.903
3 0 72.182 -33.483 19.133 71.567 -33.295 18.903 68.450 -34.699 25.739
3 0 68.450 -34.699 25.739 69.060 -34.884 25.985 72.182 -33.483 19.133
3 0 72.702 -33.903 19.271 72.182 -33.483 19.133 69.060 -34.884 25.985
3 0 69.060 -34.884 25.985 69.577 -35.303 26.140 72.702 -33.903 19.271
3 0 73.050 -34.490 19.295 72.702 -33.903 19.271 69.577 -35.303 26.140
3 0 69.577 -35.303 26.140 69.922 -35.890 26.182 73.050 -34.490 19.295
3 0 73.171 -35.155 19.201 73.050 -34.490 19.295 69.922 -35.890 26.182
3 0 69.922 -35.890 26.182 70.042 -36.558 26.105 73.171 -35.155 19.201
3 0 73.049 -35.797 19.004 73.171 -35.155 19.201 70.042 -36.558 26.105
3 0 70.042 -36.558 26.105 69.921 -37.204 25.919 73.049 -35.797 19.004
3 0 72.700 -36.319 18.734 73.049 -35.797 19.004 69.921 -37.204 25.919
3 0 69.921 -37.204 25.919 69.575 -37.729 25.654 72.700 -36.319 18.734
3 0 72.179 -36.639 18.432 72.700 -36.319 18.734 69.575 -37.729 25.654
3 0 69.575 -37.729 25.654 69.057 -38.055 25.350 72.179 -36.639 18.432
3 0 71.564 -36.711 18.143 72.179 -36.639 18.432 69.057 -38.055 25.350
3 0 69.057 -38.055 25.350 68.447 -38.131 25.053 71.564 -36.711 18.143
3 0 70.950 -36.523 17.912 71.564 -36.711 18.143 68.447 -38.131 25.053
3 0 68.447 -38.131 25.053 67.838 -37.945 24.808 70.950 -36.523 17.912
3 0 70.429 -36.103 17.774 70.950 -36.523 17.912 67.838 -37.945 24.808
3 0 67.838 -37.945 24.808 67.321 -37.527 24.652 70.429 -36.103 17.774
3 0 65.586 -34.572 24.440 68.681 -33.151 17.654 68.160 -33.472 17.351
3 0 68.160 -33.472 17.351 65.069 -34.898 24.135 65.586 -34.572 24.440
3 0 66.196 -34.496 24.737 69.296 -33.079 17.943 68.681 -33.151 17.654
3 0 68.681 -33.151 17.654 65.586 -34.572 24.440 66.196 -34.496 24.737
3 0 66.806 -34.682 24.982 69.910 -33.268 18.173 69.296 -33.079 17.943
3 0 69.296 -33.079 17.943 66.196 -34.496 24.737 66.806 -34.682 24.982
3 0 67.323 -35.100 25.138 70.431 -33.687 18.311 69.910 -33.268 18.173
3 0 69.910 -33.268 18.173 66.806 -34.682 24.982 67.323 -35.100 25.138
3 0 66.803 -37.853 24.348 69.908 -36.424 17.472 70.429 -36.103 17.774
3 0 70.429 -36.103 17.774 67.321 -37.527 24.652 66.803 -37.853 24.348
3 0 66.193 -37.928 24.050 69.293 -36.496 17.183 69.908 -36.424 17.472
3 0 69.908 -36.424 17.472 66.803 -37.853 24.348 66.193 -37.928 24.050
3 0 65.584 -37.743 23.805 68.679 -36.308 16.952 69.293 -36.496 17.183
3 0 69.293 -36.496 17.183 66.193 -37.928 24.050 65.584 -37.743 23.805
3 0 65.067 -37.325 23.650 68.158 -35.888 16.814 68.679 -36.308 16.952
3 0 68.679 -36.308 16.952 65.584 -37.743 23.805 65.067 -37.325 23.650
3 0 63.333 -34.370 23.438 66.411 -32.936 16.694 65.890 -33.257 16.392
3 0 65.890 -33.257 16.392 62.816 -34.696 23.134 63.333 -34.370 23.438
3 0 63.943 -34.294 23.735 67.026 -32.864 16.983 66.411 -32.936 16.694
3 0 66.411 -32.936 16.694 63.333 -34.370 23.438 63.943 -34.294 23.735
3 0 64.553 -34.479 23.980 67.640 -33.052 17.214 67.026 -32.864 16.983
3 0 67.026 -32.864 16.983 63.943 -34.294 23.735 64.553 -34.479 23.980
3 0 65.069 -34.898 24.135 68.160 -33.472 17.351 67.640 -33.052 17.214
3 0 67.640 -33.052 17.214 64.553 -34.479 23.980 65.069 -34.898 24.135
3 0 64.550 -37.650 23.346 67.638 -36.209 16.512 68.158 -35.888 16.814
3 0 68.158 -35.888 16.814 65.067 -37.325 23.650 64.550 -37.650 23.346
3 0 63.940 -37.726 23.048 67.023 -36.281 16.223 67.638 -36.209 16.512
3 0 67.638 -36.209 16.512 64.550 -37.650 23.346 63.940 -37.726 23.048
3 0 63.331 -37.541 22.803 66.409 -36.092 15.993 67.023 -36.281 16.223
3 0 67.023 -36.281 16.223 63.940 -37.726 23.048 63.331 -37.541 22.803
3 0 62.814 -37.122 22.648 65.888 -35.673 15.855 66.409 -36.092 15.993
3 0 66.409 -36.092 15.993 63.331 -37.541 22.803 62.814 -37.122 22.648
3 0 65.367 -35.994 15.552 65.888 -35.673 15.855 62.814 -37.122 22.648
3 0 62.814 -37.122 22.648 62.297 -37.448 22.344 65.367 -35.994 15.552
3 0 64.752 -36.065 15.263 65.367 -35.994 15.552 62.297 -37.448 22.344
3 0 62.297 -37.448 22.344 61.687 -37.524 22.046 64.752 -36.065 15.263
3 0 64.138 -35.877 15.033 64.752 -36.065 15.263 61.687 -37.524 22.046
3 0 61.687 -37.524 22.046 61.077 -37.338 21.801 64.138 -35.877 15.033
3 0 63.617 -35.457 14.895 64.138 -35.877 15.033 61.077 -37.338 21.801
3 0 61.077 -37.338 21.801 60.560 -36.920 21.646 63.617 -35.457 14.895
3 0 63.269 -34.870 14.871 63.617 -35.457 14.895 60.560 -36.920 21.646
3 0 60.560 -36.920 21.646 60.215 -36.332 21.603 63.269 -34.870 14.871
3 0 63.148 -34.205 14.964 63.269 -34.870 14.871 60.215 -36.332 21.603
3 0 60.215 -36.332 21.603 60.094 -35.665 21.681 63.148 -34.205 14.964
3 0 63.270 -33.563 15.161 63.148 -34.205 14.964 60.094 -35.665 21.681
3 0 60.094 -35.665 21.681 60.216 -35.019 21.866 63.270 -33.563 15.161
3 0 63.619 -33.042 15.432 63.270 -33.563 15.161 60.216 -35.019 21.866
3 0 60.216 -35.019 21.866 60.562 -34.493 22.131 63.619 -33.042 15.432
3 0 64.140 -32.721 15.734 63.619 -33.042 15.432 60.562 -34.493 22.131
3 0 60.562 -34.493 22.131 61.079 -34.168 22.436 64.140 -32.721 15.734
3 0 64.755 -32.649 16.023 64.140 -32.721 15.734 61.079 -34.168 22.436
3 0 61.079 -34.168 22.436 61.689 -34.092 22.733 64.755 -32.649 16.023
3 0 65.369 -32.837 16.254 64.755 -32.649 16.023 61.689 -34.092 22.733
3 0 61.689 -34.092 22.733 62.299 -34.277 22.978 65.369 -32.837 16.254
3 0 65.890 -33.257 16.392 65.369 -32.837 16.254 62.299 -34.277 22.978
3 0 62.299 -34.277 22.978 62.816 -34.696 23.134 65.890 -33.257 16.392
3 0 74.130 -31.685 11.315 73.604 -32.002 11.014 70.431 -33.687 18.311
3 0 70.431 -33.687 18.311 70.953 -33.366 18.614 74.130 -31.685 11.315
3 0 74.749 -31.617 11.594 74.130 -31.685 11.315 70.953 -33.366 18.614
3 0 70.953 -33.366 18.614 71.567 -33.295 18.903 74.749 -31.617 11.594
3 0 75.368 -31.807 11.811 74.749 -31.617 11.594 71.567 -33.295 18.903
3 0 71.567 -33.295 18.903 72.182 -33.483 19.133 75.368 -31.807 11.811
3 0 75.892 -32.228 11.931 75.368 -31.807 11.811 72.182 -33.483 19.133
3 0 72.182 -33.483 19.133 72.702 -33.903 19.271 75.892 -32.228 11.931
3 0 76.242 -32.814 11.937 75.892 -32.228 11.931 72.702 -33.903 19.271
3 0 72.702 -33.903 19.271 73.050 -34.490 19.295 76.242 -32.814 11.937
3 0 76.365 -33.477 11.827 76.242 -32.814 11.937 73.050 -34.490 19.295
3 0 73.050 -34.490 19.295 73.171 -35.155 19.201 76.365 -33.477 11.827
3 0 76.241 -34.115 11.619 76.365 -33.477 11.827 73.171 -35.155 19.201
3 0 73.171 -35.155 19.201 73.049 -35.797 19.004 76.241 -34.115 11.619
3 0 75.890 -34.632 11.344 76.241 -34.115 11.619 73.049 -35.797 19.004
3 0 73.049 -35.797 19.004 72.700 -36.319 18.734 75.890 -34.632 11.344
3 0 75.365 -34.949 11.043 75.890 -34.632 11.344 72.700 -36.319 18.734
3 0 72.700 -36.319 18.734 72.179 -36.639 18.432 75.365 -34.949 11.043
3 0 74.746 -35.017 10.764 75.365 -34.949 11.043 72.179 -36.639 18.432
3 0 72.179 -36.639 18.432 71.564 -36.711 18.143 74.746 -35.017 10.764
3 0 74.127 -34.826 10.547 74.746 -35.017 10.764 71.564 -36.711 18.143
3 0 71.564 -36.711 18.143 70.950 -36.523 17.912 74.127 -34.826 10.547
3 0 73.602 -34.406 10.427 74.127 -34.826 10.547 70.950 -36.523 17.912
3 0 70.950 -36.523 17.912 70.429 -36.103 17.774 73.602 -34.406 10.427
3 0 68.681 -33.151 17.654 71.842 -31.459 10.398 71.317 -31.776 10.098
3 0 71.317 -31.776 10.098 68.160 -33.472 17.351 68.681 -33.151 17.654
3 0 69.296 -33.079 17.943 72.461 -31.391 10.678 71.842 -31.459 10.398
3 0 71.842 -31.459 10.398 68.681 -33.151 17.654 69.296 -33.079 17.943
3 0 69.910 -33.268 18.173 73.080 -31.582 10.894 72.461 -31.391 10.678
3 0 72.461 -31.391 10.678 69.296 -33.079 17.943 69.910 -33.268 18.173
3 0 70.431 -33.687 18.311 73.604 -32.002 11.014 73.080 -31.582 10.894
3 0 73.080 -31.582 10.894 69.910 -33.268 18.173 70.431 -33.687 18.311
3 0 69.908 -36.424 17.472 73.077 -34.723 10.127 73.602 -34.406 10.427
3 0 73.602 -34.406 10.427 70.429 -36.103 17.774 69.908 -36.424 17.472
3 0 69.293 -36.496 17.183 72.458 -34.791 9.847 73.077 -34.723 10.127
3 0 73.077 -34.723 10.127 69.908 -36.424 17.472 69.293 -36.496 17.183
3 0 68.679 -36.308 16.952 71.839 -34.601 9.631 72.458 -34.791 9.847
3 0 72.458 -34.791 9.847 69.293 -36.496 17.183 68.679 -36.308 16.952
3 0 68.158 -35.888 16.814 71.315 -34.180 9.510 71.839 -34.601 9.631
3 0 71.839 -34.601 9.631 68.679 -36.308 16.952 68.158 -35.888 16.814
3 0 66.411 -32.936 16.694 69.555 -31.234 9.482 69.030 -31.550 9.181
3 0 69.030 -31.550 9.181 65.890 -33.257 16.392 66.411 -32.936 16.694
3 0 67.026 -32.864 16.983 70.174 -31.165 9.761 69.555 -31.234 9.482
3 0 69.555 -31.234 9.482 66.411 -32.936 16.694 67.026 -32.864 16.983
3 0 67.640 -33.052 17.214 70.793 -31.356 9.978 70.174 -31.165 9.761
3 0 70.174 -31.165 9.761 67.026 -32.864 16.983 67.640 -33.052 17.214
3 0 68.160 -33.472 17.351 71.317 -31.776 10.098 70.793 -31.356 9.978
3 0 70.793 -31.356 9.978 67.640 -33.052 17.214 68.160 -33.472 17.351
3 0 67.638 -36.209 16.512 70.790 -34.497 9.210 71.315 -34.180 9.510
3 0 71.315 -34.180 9.510 68.158 -35.888 16.814 67.638 -36.209 16.512
3 0 67.023 -36.281 16.223 70.171 -34.565 8.931 70.790 -34.497 9.210
3 0 70.790 -34.497 9.210 67.638 -36.209 16.512 67.023 -36.281 16.223
3 0 66.409 -36.092 15.993 69.552 -34.375 8.714 70.171 -34.565 8.931
3 0 70.171 -34.565 8.931 67.023 -36.281 16.223 66.409 -36.092 15.993
3 0 65.888 -35.673 15.855 69.028 -33.955 8.594 69.552 -34.375 8.714
3 0 69.552 -34.375 8.714 66.409 -36.092 15.993 65.888 -35.673 15.855
3 0 68.502 -34.271 8.294 69.028 -33.955 8.594 65.888 -35.673 15.855
3 0 65.888 -35.673 15.855 65.367 -35.994 15.552 68.502 -34.271 8.294
3 0 67.883 -34.339 8.014 68.502 -34.271 8.294 65.367 -35.994 15.552
3 0 65.367 -35.994 15.552 64.752 -36.065 15.263 67.883 -34.339 8.014
3 0 67.264 -34.149 7.798 67.883 -34.339 8.014 64.752 -36.065 15.263
3 0 64.752 -36.065 15.263 64.138 -35.877 15.033 67.264 -34.149 7.798
3 0 66.740 -33.729 7.677 67.264 -34.149 7.798 64.138 -35.877 15.033
3 0 64.138 -35.877 15.033 63.617 -35.457 14.895 66.740 -33.729 7.677
3 0 66.390 -33.143 7.672 66.740 -33.729 7.677 63.617 -35.457 14.895
3 0 63.617 -35.457 14.895 63.269 -34.870 14.871 66.390 -33.143 7.672
3 0 66.267 -32.480 7.781 66.390 -33.143 7.672 63.269 -34.870 14.871
3 0 63.269 -34.870 14.871 63.148 -34.205 14.964 66.267 -32.480 7.781
3 0 66.391 -31.841 7.989 66.267 -32.480 7.781 63.148 -34.205 14.964
3 0 63.148 -34.205 14.964 63.270 -33.563 15.161 66.391 -31.841 7.989
3 0 66.742 -31.325 8.265 66.391 -31.841 7.989 63.270 -33.563 15.161
3 0 63.270 -33.563 15.161 63.619 -33.042 15.432 66.742 -31.325 8.265
3 0 67.267 -31.008 8.565 66.742 -31.325 8.265 63.619 -33.042 15.432
3 0 63.619 -33.042 15.432 64.140 -32.721 15.734 67.267 -31.008 8.565
3 0 67.886 -30.940 8.845 67.267 -31.008 8.565 64.140 -32.721 15.734
3 0 64.140 -32.721 15.734 64.755 -32.649 16.023 67.886 -30.940 8.845
3 0 68.505 -31.130 9.061 67.886 -30.940 8.845 64.755 -32.649 16.023
3 0 64.755 -32.649 16.023 65.369 -32.837 16.254 68.505 -31.130 9.061
3 0 69.030 -31.550 9.181 68.505 -31.130 9.061 65.369 -32.837 16.254
3 0 65.369 -32.837 16.254 65.890 -33.257 16.392 69.030 -31.550 9.181
3 0 75.663 -30.774 7.649 75.135 -31.087 7.351 73.604 -32.002 11.014
3 0 73.604 -32.002 11.014 74.130 -31.685 11.315 75.663 -30.774 7.649
3 0 76.286 -30.708 7.921 75.663 -30.774 7.649 74.130 -31.685 11.315
3 0 74.130 -31.685 11.315 74.749 -31.617 11.594 76.286 -30.708 7.921
3 0 76.908 -30.900 8.126 76.286 -30.708 7.921 74.749 -31.617 11.594
3 0 74.749 -31.617 11.594 75.368 -31.807 11.811 76.908 -30.900 8.126
3 0 77.436 -31.320 8.232 76.908 -30.900 8.126 75.368 -31.807 11.811
3 0 75.368 -31.807 11.811 75.892 -32.228 11.931 77.436 -31.320 8.232
3 0 77.788 -31.905 8.223 77.436 -31.320 8.232 75.892 -32.228 11.931
3 0 75.892 -32.228 11.931 76.242 -32.814 11.937 77.788 -31.905 8.223
3 0 77.911 -32.565 8.100 77.788 -31.905 8.223 76.242 -32.814 11.937
3 0 76.242 -32.814 11.937 76.365 -33.477 11.827 77.911 -32.565 8.100
3 0 77.787 -33.200 7.883 77.911 -32.565 8.100 76.365 -33.477 11.827
3 0 76.365 -33.477 11.827 76.241 -34.115 11.619 77.787 -33.200 7.883
3 0 77.434 -33.714 7.604 77.787 -33.200 7.883 76.241 -34.115 11.619
3 0 76.241 -34.115 11.619 75.890 -34.632 11.344 77.434 -33.714 7.604
3 0 76.906 -34.028 7.306 77.434 -33.714 7.604 75.890 -34.632 11.344
3 0 75.890 -34.632 11.344 75.365 -34.949 11.043 76.906 -34.028 7.306
3 0 76.283 -34.093 7.034 76.906 -34.028 7.306 75.365 -34.949 11.043
3 0 75.365 -34.949 11.043 74.746 -35.017 10.764 76.283 -34.093 7.034
3 0 75.660 -33.902 6.830 76.283 -34.093 7.034 74.746 -35.017 10.764
3 0 74.746 -35.017 10.764 74.127 -34.826 10.547 75.660 -33.902 6.830
3 0 75.133 -33.481 6.724 75.660 -33.902 6.830 74.127 -34.826 10.547
3 0 74.127 -34.826 10.547 73.602 -34.406 10.427 75.133 -33.481 6.724
3 0 71.842 -31.459 10.398 73.362 -30.541 6.769 72.833 -30.855 6.471
3 0 72.833 -30.855 6.471 71.317 -31.776 10.098 71.842 -31.459 10.398
3 0 72.461 -31.391 10.678 73.984 -30.475 7.041 73.362 -30.541 6.769
3 0 73.362 -30.541 6.769 71.842 -31.459 10.398 72.461 -31.391 10.678
3 0 73.080 -31.582 10.894 74.607 -30.667 7.245 73.984 -30.475 7.041
3 0 73.984 -30.475 7.041 72.461 -31.391 10.678 73.080 -31.582 10.894
3 0 73.604 -32.002 11.014 75.135 -31.087 7.351 74.607 -30.667 7.245
3 0 74.607 -30.667 7.245 73.080 -31.582 10.894 73.604 -32.002 11.014
3 0 73.077 -34.723 10.127 74.604 -33.795 6.426 75.133 -33.481 6.724
3 0 75.133 -33.481 6.724 73.602 -34.406 10.427 73.077 -34.723 10.127
3 0 72.458 -34.791 9.847 73.982 -33.861 6.154 74.604 -33.795 6.426
3 0 74.604 -33.795 6.426 73.077 -34.723 10.127 72.458 -34.791 9.847
3 0 71.839 -34.601 9.631 73.359 -33.669 5.949 73.982 -33.861 6.154
3 0 73.982 -33.861 6.154 72.458 -34.791 9.847 71.839 -34.601 9.631
3 0 71.315 -34.180 9.510 72.831 -33.249 5.843 73.359 -33.669 5.949
3 0 73.359 -33.669 5.949 71.839 -34.601 9.631 71.315 -34.180 9.510
3 0 69.555 -31.234 9.482 71.061 -30.309 5.888 70.533 -30.622 5.590
3 0 70.533 -30.622 5.590 69.030 -31.550 9.181 69.555 -31.234 9.482
3 0 70.174 -31.165 9.761 71.684 -30.243 6.160 71.061 -30.309 5.888
3 0 71.061 -30.309 5.888 69.555 -31.234 9.482 70.174 -31.165 9.761
3 0 70.793 -31.356 9.978 72.307 -30.434 6.365 71.684 -30.243 6.160
3 0 71.684 -30.243 6.160 70.174 -31.165 9.761 70.793 -31.356 9.978
3 0 71.317 -31.776 10.098 72.833 -30.855 6.471 72.307 -30.434 6.365
3 0 72.307 -30.434 6.365 70.793 -31.356 9.978 71.317 -31.776 10.098
3 0 70.790 -34.497 9.210 72.304 -33.562 5.545 72.831 -33.249 5.843
3 0 72.831 -33.249 5.843 71.315 -34.180 9.510 70.790 -34.497 9.210
3 0 70.171 -34.565 8.931 71.681 -33.628 5.273 72.304 -33.562 5.545
3 0 72.304 -33.562 5.545 70.790 -34.497 9.210 70.171 -34.565 8.931
3 0 69.552 -34.375 8.714 71.059 -33.436 5.069 71.681 -33.628 5.273
3 0 71.681 -33.628 5.273 70.171 -34.565 8.931 69.552 -34.375 8.714
3 0 69.028 -33.955 8.594 70.531 -33.016 4.963 71.059 -33.436 5.069
3 0 71.059 -33.436 5.069 69.552 -34.375 8.714 69.028 -33.955 8.594
3 0 70.003 -33.330 4.665 70.531 -33.016 4.963 69.028 -33.955 8.594
3 0 69.028 -33.955 8.594 68.502 -34.271 8.294 70.003 -33.330 4.665
3 0 69.380 -33.396 4.393 70.003 -33.330 4.665 68.502 -34.271 8.294
3 0 68.502 -34.271 8.294 67.883 -34.339 8.014 69.380 -33.396 4.393
3 0 68.757 -33.204 4.188 69.380 -33.396 4.393 67.883 -34.339 8.014
3 0 67.883 -34.339 8.014 67.264 -34.149 7.798 68.757 -33.204 4.188
3 0 68.230 -32.783 4.082 68.757 -33.204 4.188 67.264 -34.149 7.798
3 0 67.264 -34.149 7.798 66.740 -33.729 7.677 68.230 -32.783 4.082
3 0 67.878 -32.199 4.091 68.230 -32.783 4.082 66.740 -33.729 7.677
3 0 66.740 -33.729 7.677 66.390 -33.143 7.672 67.878 -32.199 4.091
3 0 67.754 -31.538 4.214 67.878 -32.199 4.091 66.390 -33.143 7.672
3 0 66.390 -33.143 7.672 66.267 -32.480 7.781 67.754 -31.538 4.214
3 0 67.879 -30.903 4.431 67.754 -31.538 4.214 66.267 -32.480 7.781
3 0 66.267 -32.480 7.781 66.391 -31.841 7.989 67.879 -30.903 4.431
3 0 68.232 -30.389 4.710 67.879 -30.903 4.431 66.391 -31.841 7.989
3 0 66.391 -31.841 7.989 66.742 -31.325 8.265 68.232 -30.389 4.710
3 0 68.760 -30.076 5.008 68.232 -30.389 4.710 66.742 -31.325 8.265
3 0 66.742 -31.325 8.265 67.267 -31.008 8.565 68.760 -30.076 5.008
3 0 69.383 -30.010 5.280 68.760 -30.076 5.008 67.267 -31.008 8.565
3 0 67.267 -31.008 8.565 67.886 -30.940 8.845 69.383 -30.010 5.280
3 0 70.005 -30.202 5.484 69.383 -30.010 5.280 67.886 -30.940 8.845
3 0 67.886 -30.940 8.845 68.505 -31.130 9.061 70.005 -30.202 5.484
3 0 70.533 -30.622 5.590 70.005 -30.202 5.484 68.505 -31.130 9.061
3 0 68.505 -31.130 9.061 69.030 -31.550 9.181 70.533 -30.622 5.590
3 0 77.148 -29.803 3.979 76.617 -30.114 3.683 75.135 -31.087 7.351
3 0 75.135 -31.087 7.351 75.663 -30.774 7.649 77.148 -29.803 3.979
3 0 77.774 -29.739 4.244 77.148 -29.803 3.979 75.663 -30.774 7.649
3 0 75.663 -30.774 7.649 76.286 -30.708 7.921 77.774 -29.739 4.244
3 0 78.400 -29.932 4.437 77.774 -29.739 4.244 76.286 -30.708 7.921
3 0 76.286 -30.708 7.921 76.908 -30.900 8.126 78.400 -29.932 4.437
3 0 78.930 -30.351 4.529 78.400 -29.932 4.437 76.908 -30.900 8.126
3 0 76.908 -30.900 8.126 77.436 -31.320 8.232 78.930 -30.351 4.529
3 0 79.285 -30.935 4.506 78.930 -30.351 4.529 77.436 -31.320 8.232
3 0 77.436 -31.320 8.232 77.788 -31.905 8.223 79.285 -30.935 4.506
3 0 79.409 -31.593 4.371 79.285 -30.935 4.506 77.788 -31.905 8.223
3 0 77.788 -31.905 8.223 77.911 -32.565 8.100 79.409 -31.593 4.371
3 0 79.284 -32.225 4.146 79.409 -31.593 4.371 77.911 -32.565 8.100
3 0 77.911 -32.565 8.100 77.787 -33.200 7.883 79.284 -32.225 4.146
3 0 78.928 -32.735 3.864 79.284 -32.225 4.146 77.787 -33.200 7.883
3 0 77.787 -33.200 7.883 77.434 -33.714 7.604 78.928 -32.735 3.864
3 0 78.397 -33.046 3.568 78.928 -32.735 3.864 77.434 -33.714 7.604
3 0 77.434 -33.714 7.604 76.906 -34.028 7.306 78.397 -33.046 3.568
3 0 77.771 -33.110 3.303 78.397 -33.046 3.568 76.906 -34.028 7.306
3 0 76.906 -34.028 7.306 76.283 -34.093 7.034 77.771 -33.110 3.303
3 0 77.145 -32.918 3.110 77.771 -33.110 3.303 76.283 -34.093 7.034
3 0 76.283 -34.093 7.034 75.660 -33.902 6.830 77.145 -32.918 3.110
3 0 76.615 -32.498 3.018 77.145 -32.918 3.110 75.660 -33.902 6.830
3 0 75.660 -33.902 6.830 75.133 -33.481 6.724 76.615 -32.498 3.018
3 0 73.362 -30.541 6.769 74.834 -29.565 3.134 74.303 -29.876 2.838
3 0 74.303 -29.876 2.838 72.833 -30.855 6.471 73.362 -30.541 6.769
3 0 73.984 -30.475 7.041 75.460 -29.501 3.398 74.834 -29.565 3.134
3 0 74.834 -29.565 3.134 73.362 -30.541 6.769 73.984 -30.475 7.041
3 0 74.607 -30.667 7.245 76.086 -29.694 3.591 75.460 -29.501 3.398
3 0 75.460 -29.501 3.398 73.984 -30.475 7.041 74.607 -30.667 7.245
3 0 75.135 -31.087 7.351 76.617 -30.114 3.683 76.086 -29.694 3.591
3 0 76.086 -29.694 3.591 74.607 -30.667 7.245 75.135 -31.087 7.351
3 0 74.604 -33.795 6.426 76.084 -32.809 2.722 76.615 -32.498 3.018
3 0 76.615 -32.498 3.018 75.133 -33.481 6.724 74.604 -33.795 6.426
3 0 73.982 -33.861 6.154 75.457 -32.873 2.458 76.084 -32.809 2.722
3 0 76.084 -32.809 2.722 74.604 -33.795 6.426 73.982 -33.861 6.154
3 0 73.359 -33.669 5.949 74.831 -32.680 2.265 75.457 -32.873 2.458
3 0 75.457 -32.873 2.458 73.982 -33.861 6.154 73.359 -33.669 5.949
3 0 72.831 -33.249 5.843 74.301 -32.260 2.173 74.831 -32.680 2.265
3 0 74.831 -32.680 2.265 73.359 -33.669 5.949 72.831 -33.249 5.843
3 0 71.061 -30.309 5.888 72.521 -29.328 2.288 71.990 -29.639 1.992
3 0 71.990 -29.639 1.992 70.533 -30.622 5.590 71.061 -30.309 5.888
3 0 71.684 -30.243 6.160 73.147 -29.264 2.553 72.521 -29.328 2.288
3 0 72.521 -29.328 2.288 71.061 -30.309 5.888 71.684 -30.243 6.160
3 0 72.307 -30.434 6.365 73.773 -29.456 2.746 73.147 -29.264 2.553
3 0 73.147 -29.264 2.553 71.684 -30.243 6.160 72.307 -30.434 6.365
3 0 72.833 -30.855 6.471 74.303 -29.876 2.838 73.773 -29.456 2.746
3 0 73.773 -29.456 2.746 72.307 -30.434 6.365 72.833 -30.855 6.471
3 0 72.304 -33.562 5.545 73.771 -32.571 1.877 74.301 -32.260 2.173
3 0 74.301 -32.260 2.173 72.831 -33.249 5.843 72.304 -33.562 5.545
3 0 71.681 -33.628 5.273 73.144 -32.635 1.613 73.771 -32.571 1.877
3 0 73.771 -32.571 1.877 72.304 -33.562 5.545 71.681 -33.628 5.273
3 0 71.059 -33.436 5.069 72.518 -32.443 1.420 73.144 -32.635 1.613
3 0 73.144 -32.635 1.613 71.681 -33.628 5.273 71.059 -33.436 5.069
3 0 70.531 -33.016 4.963 71.988 -32.023 1.328 72.518 -32.443 1.420
3 0 72.518 -32.443 1.420 71.059 -33.436 5.069 70.531 -33.016 4.963
3 0 71.457 -32.333 1.032 71.988 -32.023 1.328 70.531 -33.016 4.963
3 0 70.531 -33.016 4.963 70.003 -33.330 4.665 71.457 -32.333 1.032
3 0 70.830 -32.397 0.767 71.457 -32.333 1.032 70.003 -33.330 4.665
3 0 70.003 -33.330 4.665 69.380 -33.396 4.393 70.830 -32.397 0.767
3 0 70.204 -32.205 0.574 70.830 -32.397 0.767 69.380 -33.396 4.393
3 0 69.380 -33.396 4.393 68.757 -33.204 4.188 70.204 -32.205 0.574
3 0 69.674 -31.785 0.482 70.204 -32.205 0.574 68.757 -33.204 4.188
3 0 68.757 -33.204 4.188 68.230 -32.783 4.082 69.674 -31.785 0.482
3 0 69.320 -31.202 0.505 69.674 -31.785 0.482 68.230 -32.783 4.082
3 0 68.230 -32.783 4.082 67.878 -32.199 4.091 69.320 -31.202 0.505
3 0 69.196 -30.544 0.639 69.320 -31.202 0.505 67.878 -32.199 4.091
3 0 67.878 -32.199 4.091 67.754 -31.538 4.214 69.196 -30.544 0.639
3 0 69.321 -29.912 0.865 69.196 -30.544 0.639 67.754 -31.538 4.214
3 0 67.754 -31.538 4.214 67.879 -30.903 4.431 69.321 -29.912 0.865
3 0 69.676 -29.401 1.147 69.321 -29.912 0.865 67.879 -30.903 4.431
3 0 67.879 -30.903 4.431 68.232 -30.389 4.710 69.676 -29.401 1.147
3 0 70.207 -29.090 1.443 69.676 -29.401 1.147 68.232 -30.389 4.710
3 0 68.232 -30.389 4.710 68.760 -30.076 5.008 70.207 -29.090 1.443
3 0 70.833 -29.026 1.707 70.207 -29.090 1.443 68.760 -30.076 5.008
3 0 68.760 -30.076 5.008 69.383 -30.010 5.280 70.833 -29.026 1.707
3 0 71.459 -29.219 1.900 70.833 -29.026 1.707 69.383 -30.010 5.280
3 0 69.383 -30.010 5.280 70.005 -30.202 5.484 71.459 -29.219 1.900
3 0 71.990 -29.639 1.992 71.459 -29.219 1.900 70.005 -30.202 5.484
3 0 70.005 -30.202 5.484 70.533 -30.622 5.590 71.990 -29.639 1.992
3 0 78.575 -28.764 0.301 78.041 -29.072 0.008 76.617 -30.114 3.683
3 0 76.617 -30.114 3.683 77.148 -29.803 3.979 78.575 -28.764 0.301
3 0 79.205 -28.701 0.557 78.575 -28.764 0.301 77.148 -29.803 3.979
3 0 77.148 -29.803 3.979 77.774 -29.739 4.244 79.205 -28.701 0.557
3 0 79.835 -28.894 0.736 79.205 -28.701 0.557 77.774 -29.739 4.244
3 0 77.774 -29.739 4.244 78.400 -29.932 4.437 79.835 -28.894 0.736
3 0 80.369 -29.313 0.812 79.835 -28.894 0.736 78.400 -29.932 4.437
3 0 78.400 -29.932 4.437 78.930 -30.351 4.529 80.369 -29.313 0.812
3 0 80.725 -29.894 0.773 80.369 -29.313 0.812 78.930 -30.351 4.529
3 0 78.930 -30.351 4.529 79.285 -30.935 4.506 80.725 -29.894 0.773
3 0 80.850 -30.549 0.625 80.725 -29.894 0.773 79.285 -30.935 4.506
3 0 79.285 -30.935 4.506 79.409 -31.593 4.371 80.850 -30.549 0.625
3 0 80.724 -31.178 0.390 80.850 -30.549 0.625 79.409 -31.593 4.371
3 0 79.409 -31.593 4.371 79.284 -32.225 4.146 80.724 -31.178 0.390
3 0 80.367 -31.685 0.105 80.724 -31.178 0.390 79.284 -32.225 4.146
3 0 79.284 -32.225 4.146 78.928 -32.735 3.864 80.367 -31.685 0.105
3 0 79.833 -31.993 -0.188 80.367 -31.685 0.105 78.928 -32.735 3.864
3 0 78.928 -32.735 3.864 78.397 -33.046 3.568 79.833 -31.993 -0.188
3 0 79.203 -32.055 -0.444 79.833 -31.993 -0.188 78.397 -33.046 3.568
3 0 78.397 -33.046 3.568 77.771 -33.110 3.303 79.203 -32.055 -0.444
3 0 78.573 -31.862 -0.624 79.203 -32.055 -0.444 77.771 -33.110 3.303
3 0 77.771 -33.110 3.303 77.145 -32.918 3.110 78.573 -31.862 -0.624
3 0 78.039 -31.443 -0.700 78.573 -31.862 -0.624 77.145 -32.918 3.110
3 0 77.145 -32.918 3.110 76.615 -32.498 3.018 78.039 -31.443 -0.700
3 0 74.834 -29.565 3.134 76.247 -28.522 -0.504 75.713 -28.830 -0.797
3 0 75.713 -28.830 -0.797 74.303 -29.876 2.838 74.834 -29.565 3.134
3 0 75.460 -29.501 3.398 76.877 -28.460 -0.248 76.247 -28.522 -0.504
3 0 76.247 -28.522 -0.504 74.834 -29.565 3.134 75.460 -29.501 3.398
3 0 76.086 -29.694 3.591 77.507 -28.653 -0.068 76.877 -28.460 -0.248
3 0 76.877 -28.460 -0.248 75.460 -29.501 3.398 76.086 -29.694 3.591
3 0 76.617 -30.114 3.683 78.041 -29.072 0.008 77.507 -28.653 -0.068
3 0 77.507 -28.653 -0.068 76.086 -29.694 3.591 76.617 -30.114 3.683
3 0 76.084 -32.809 2.722 77.505 -31.751 -0.993 78.039 -31.443 -0.700
3 0 78.039 -31.443 -0.700 76.615 -32.498 3.018 76.084 -32.809 2.722
3 0 75.457 -32.873 2.458 76.875 -31.814 -1.249 77.505 -31.751 -0.993
3 0 77.505 -31.751 -0.993 76.084 -32.809 2.722 75.457 -32.873 2.458
3 0 74.831 -32.680 2.265 76.245 -31.621 -1.428 76.875 -31.814 -1.249
3 0 76.875 -31.814 -1.249 75.457 -32.873 2.458 74.831 -32.680 2.265
3 0 74.301 -32.260 2.173 75.711 -31.202 -1.504 76.245 -31.621 -1.428
3 0 76.245 -31.621 -1.428 74.831 -32.680 2.265 74.301 -32.260 2.173
3 0 72.521 -29.328 2.288 73.920 -28.280 -1.308 73.386 -28.589 -1.601
3 0 73.386 -28.589 -1.601 71.990 -29.639 1.992 72.521 -29.328 2.288
3 0 73.147 -29.264 2.553 74.550 -28.218 -1.052 73.920 -28.280 -1.308
3 0 73.920 -28.280 -1.308 72.521 -29.328 2.288 73.147 -29.264 2.553
3 0 73.773 -29.456 2.746 75.180 -28.411 -0.872 74.550 -28.218 -1.052
3 0 74.550 -28.218 -1.052 73.147 -29.264 2.553 73.773 -29.456 2.746
3 0 74.303 -29.876 2.838 75.713 -28.830 -0.797 75.180 -28.411 -0.872
3 0 75.180 -28.411 -0.872 73.773 -29.456 2.746 74.303 -29.876 2.838
3 0 73.771 -32.571 1.877 75.178 -31.510 -1.797 75.711 -31.202 -1.504
3 0 75.711 -31.202 -1.504 74.301 -32.260 2.173 73.771 -32.571 1.877
3 0 73.144 -32.635 1.613 74.548 -31.572 -2.053 75.178 -31.510 -1.797
3 0 75.178 -31.510 -1.797 73.771 -32.571 1.877 73.144 -32.635 1.613
3 0 72.518 -32.443 1.420 73.918 -31.379 -2.232 74.548 -31.572 -2.053
3 0 74.548 -31.572 -2.053 73.144 -32.635 1.613 72.518 -32.443 1.420
3 0 71.988 -32.023 1.328 73.384 -30.960 -2.308 73.918 -31.379 -2.232
3 0 73.918 -31.379 -2.232 72.518 -32.443 1.420 71.988 -32.023 1.328
3 0 72.850 -31.268 -2.601 73.384 -30.960 -2.308 71.988 -32.023 1.328
3 0 71.988 -32.023 1.328 71.457 -32.333 1.032 72.850 -31.268 -2.601
3 0 72.220 -31.330 -2.857 72.850 -31.268 -2.601 71.457 -32.333 1.032
3 0 71.457 -32.333 1.032 70.830 -32.397 0.767 72.220 -31.330 -2.857
3 0 71.590 -31.137 -3.037 72.220 -31.330 -2.857 70.830 -32.397 0.767
3 0 70.830 -32.397 0.767 70.204 -32.205 0.574 71.590 -31.137 -3.037
3 0 71.056 -30.718 -3.113 71.590 -31.137 -3.037 70.204 -32.205 0.574
3 0 70.204 -32.205 0.574 69.674 -31.785 0.482 71.056 -30.718 -3.113
3 0 70.699 -30.137 -3.074 71.056 -30.718 -3.113 69.674 -31.785 0.482
3 0 69.674 -31.785 0.482 69.320 -31.202 0.505 70.699 -30.137 -3.074
3 0 70.575 -29.483 -2.926 70.699 -30.137 -3.074 69.320 -31.202 0.505
3 0 69.320 -31.202 0.505 69.196 -30.544 0.639 70.575 -29.483 -2.926
3 0 70.700 -28.854 -2.691 70.575 -29.483 -2.926 69.196 -30.544 0.639
3 0 69.196 -30.544 0.639 69.321 -29.912 0.865 70.700 -28.854 -2.691
3 0 71.058 -28.347 -2.405 70.700 -28.854 -2.691 69.321 -29.912 0.865
3 0 69.321 -29.912 0.865 69.676 -29.401 1.147 71.058 -28.347 -2.405
3 0 71.592 -28.039 -2.112 71.058 -28.347 -2.405 69.676 -29.401 1.147
3 0 69.676 -29.401 1.147 70.207 -29.090 1.443 71.592 -28.039 -2.112
3 0 72.222 -27.977 -1.857 71.592 -28.039 -2.112 70.207 -29.090 1.443
3 0 70.207 -29.090 1.443 70.833 -29.026 1.707 72.222 -27.977 -1.857
3 0 72.852 -28.169 -1.677 72.222 -27.977 -1.857 70.833 -29.026 1.707
3 0 70.833 -29.026 1.707 71.459 -29.219 1.900 72.852 -28.169 -1.677
3 0 73.386 -28.589 -1.601 72.852 -28.169 -1.677 71.459 -29.219 1.900
3 0 71.459 -29.219 1.900 71.990 -29.639 1.992 73.386 -28.589 -1.601
3 0 79.938 -27.648 -3.385 79.400 -27.954 -3.674 78.041 -29.072 0.008
3 0 78.041 -29.072 0.008 78.575 -28.764 0.301 79.938 -27.648 -3.385
3 0 80.572 -27.588 -3.139 79.938 -27.648 -3.385 78.575 -28.764 0.301
3 0 78.575 -28.764 0.301 79.205 -28.701 0.557 80.572 -27.588 -3.139
3 0 81.206 -27.780 -2.975 80.572 -27.588 -3.139 79.205 -28.701 0.557
3 0 79.205 -28.701 0.557 79.835 -28.894 0.736 81.206 -27.780 -2.975
3 0 81.744 -28.198 -2.918 81.206 -27.780 -2.975 79.835 -28.894 0.736
3 0 79.835 -28.894 0.736 80.369 -29.313 0.812 81.744 -28.198 -2.918
3 0 82.103 -28.776 -2.975 81.744 -28.198 -2.918 80.369 -29.313 0.812
3 0 80.369 -29.313 0.812 80.725 -29.894 0.773 82.103 -28.776 -2.975
3 0 82.228 -29.427 -3.139 82.103 -28.776 -2.975 80.725 -29.894 0.773
3 0 80.725 -29.894 0.773 80.850 -30.549 0.625 82.228 -29.427 -3.139
3 0 82.102 -30.051 -3.384 82.228 -29.427 -3.139 80.850 -30.549 0.625
3 0 80.850 -30.549 0.625 80.724 -31.178 0.390 82.102 -30.051 -3.384
3 0 81.742 -30.554 -3.673 82.102 -30.051 -3.384 80.724 -31.178 0.390
3 0 80.724 -31.178 0.390 80.367 -31.685 0.105 81.742 -30.554 -3.673
3 0 81.204 -30.860 -3.963 81.742 -30.554 -3.673 80.367 -31.685 0.105
3 0 80.367 -31.685 0.105 79.833 -31.993 -0.188 81.204 -30.860 -3.963
3 0 80.570 -30.920 -4.208 81.204 -30.860 -3.963 79.833 -31.993 -0.188
3 0 79.833 -31.993 -0.188 79.203 -32.055 -0.444 80.570 -30.920 -4.208
3 0 79.936 -30.728 -4.372 80.570 -30.920 -4.208 79.203 -32.055 -0.444
3 0 79.203 -32.055 -0.444 78.573 -31.862 -0.624 79.936 -30.728 -4.372
3 0 79.399 -30.310 -4.430 79.936 -30.728 -4.372 78.573 -31.862 -0.624
3 0 78.573 -31.862 -0.624 78.039 -31.443 -0.700 79.399 -30.310 -4.430
3 0 76.247 -28.522 -0.504 77.594 -27.404 -4.142 77.056 -27.710 -4.431
3 0 77.056 -27.710 -4.431 75.713 -28.830 -0.797 76.247 -28.522 -0.504
3 0 76.877 -28.460 -0.248 78.228 -27.344 -3.896 77.594 -27.404 -4.142
3 0 77.594 -27.404 -4.142 76.247 -28.522 -0.504 76.877 -28.460 -0.248
3 0 77.507 -28.653 -0.068 78.862 -27.536 -3.732 78.228 -27.344 -3.896
3 0 78.228 -27.344 -3.896 76.877 -28.460 -0.248 77.507 -28.653 -0.068
3 0 78.041 -29.072 0.008 79.400 -27.954 -3.674 78.862 -27.536 -3.732
3 0 78.862 -27.536 -3.732 77.507 -28.653 -0.068 78.041 -29.072 0.008
3 0 77.505 -31.751 -0.993 78.861 -30.616 -4.719 79.399 -30.310 -4.430
3 0 79.399 -30.310 -4.430 78.039 -31.443 -0.700 77.505 -31.751 -0.993
3 0 76.875 -31.814 -1.249 78.226 -30.676 -4.965 78.861 -30.616 -4.719
3 0 78.861 -30.616 -4.719 77.505 -31.751 -0.993 76.875 -31.814 -1.249
3 0 76.245 -31.621 -1.428 77.592 -30.483 -5.129 78.226 -30.676 -4.965
3 0 78.226 -30.676 -4.965 76.875 -31.814 -1.249 76.245 -31.621 -1.428
3 0 75.711 -31.202 -1.504 77.055 -30.066 -5.186 77.592 -30.483 -5.129
3 0 77.592 -30.483 -5.129 76.245 -31.621 -1.428 75.711 -31.202 -1.504
3 0 73.920 -28.280 -1.308 75.251 -27.160 -4.898 74.713 -27.466 -5.187
3 0 74.713 -27.466 -5.187 73.386 -28.589 -1.601 73.920 -28.280 -1.308
3 0 74.550 -28.218 -1.052 75.886 -27.100 -4.653 75.251 -27.160 -4.898
3 0 75.251 -27.160 -4.898 73.920 -28.280 -1.308 74.550 -28.218 -1.052
3 0 75.180 -28.411 -0.872 76.520 -27.292 -4.488 75.886 -27.100 -4.653
3 0 75.886 -27.100 -4.653 74.550 -28.218 -1.052 75.180 -28.411 -0.872
3 0 75.713 -28.830 -0.797 77.056 -27.710 -4.431 76.520 -27.292 -4.488
3 0 76.520 -27.292 -4.488 75.180 -28.411 -0.872 75.713 -28.830 -0.797
3 0 75.178 -31.510 -1.797 76.518 -30.372 -5.476 77.055 -30.066 -5.186
3 0 77.055 -30.066 -5.186 75.711 -31.202 -1.504 75.178 -31.510 -1.797
3 0 74.548 -31.572 -2.053 75.883 -30.432 -5.721 76.518 -30.372 -5.476
3 0 76.518 -30.372 -5.476 75.178 -31.510 -1.797 74.548 -31.572 -2.053
3 0 73.918 -31.379 -2.232 75.249 -30.240 -5.885 75.883 -30.432 -5.721
3 0 75.883 -30.432 -5.721 74.548 -31.572 -2.053 73.918 -31.379 -2.232
3 0 73.384 -30.960 -2.308 74.712 -29.822 -5.943 75.249 -30.240 -5.885
3 0 75.249 -30.240 -5.885 73.918 -31.379 -2.232 73.384 -30.960 -2.308
3 0 74.174 -30.128 -6.232 74.712 -29.822 -5.943 73.384 -30.960 -2.308
3 0 73.384 -30.960 -2.308 72.850 -31.268 -2.601 74.174 -30.128 -6.232
3 0 73.540 -30.188 -6.478 74.174 -30.128 -6.232 72.850 -31.268 -2.601
3 0 72.850 -31.268 -2.601 72.220 -31.330 -2.857 73.540 -30.188 -6.478
3 0 72.906 -29.995 -6.642 73.540 -30.188 -6.478 72.220 -31.330 -2.857
3 0 72.220 -31.330 -2.857 71.590 -31.137 -3.037 72.906 -29.995 -6.642
3 0 72.368 -29.578 -6.700 72.906 -29.995 -6.642 71.590 -31.137 -3.037
3 0 71.590 -31.137 -3.037 71.056 -30.718 -3.113 72.368 -29.578 -6.700
3 0 72.009 -29.000 -6.642 72.368 -29.578 -6.700 71.056 -30.718 -3.113
3 0 71.056 -30.718 -3.113 70.699 -30.137 -3.074 72.009 -29.000 -6.642
3 0 71.883 -28.349 -6.478 72.009 -29.000 -6.642 70.699 -30.137 -3.074
3 0 70.699 -30.137 -3.074 70.575 -29.483 -2.926 71.883 -28.349 -6.478
3 0 72.010 -27.725 -6.233 71.883 -28.349 -6.478 70.575 -29.483 -2.926
3 0 70.575 -29.483 -2.926 70.700 -28.854 -2.691 72.010 -27.725 -6.233
3 0 72.370 -27.222 -5.944 72.010 -27.725 -6.233 70.700 -28.854 -2.691
3 0 70.700 -28.854 -2.691 71.058 -28.347 -2.405 72.370 -27.222 -5.944
3 0 72.907 -26.916 -5.655 72.370 -27.222 -5.944 71.058 -28.347 -2.405
3 0 71.058 -28.347 -2.405 71.592 -28.039 -2.112 72.907 -26.916 -5.655
3 0 73.542 -26.856 -5.409 72.907 -26.916 -5.655 71.592 -28.039 -2.112
3 0 71.592 -28.039 -2.112 72.222 -27.977 -1.857 73.542 -26.856 -5.409
3 0 74.176 -27.048 -5.245 73.542 -26.856 -5.409 72.222 -27.977 -1.857
3 0 72.222 -27.977 -1.857 72.852 -28.169 -1.677 74.176 -27.048 -5.245
3 0 74.713 -27.466 -5.187 74.176 -27.048 -5.245 72.852 -28.169 -1.677
3 0 72.852 -28.169 -1.677 73.386 -28.589 -1.601 74.713 -27.466 -5.187
3 0 81.223 -26.444 -7.079 80.681 -26.747 -7.363 79.400 -27.954 -3.674
3 0 79.400 -27.954 -3.674 79.938 -27.648 -3.385 81.223 -26.444 -7.079
3 0 81.863 -26.384 -6.847 81.223 -26.444 -7.079 79.938 -27.648 -3.385
3 0 79.938 -27.648 -3.385 80.572 -27.588 -3.139 81.863 -26.384 -6.847
3 0 82.502 -26.576 -6.702 81.863 -26.384 -6.847 80.572 -27.588 -3.139
3 0 80.572 -27.588 -3.139 81.206 -27.780 -2.975 82.502 -26.576 -6.702
3 0 83.043 -26.990 -6.667 82.502 -26.576 -6.702 81.206 -27.780 -2.975
3 0 81.206 -27.780 -2.975 81.744 -28.198 -2.918 83.043 -26.990 -6.667
3 0 83.405 -27.564 -6.746 83.043 -26.990 -6.667 81.744 -28.198 -2.918
3 0 81.744 -28.198 -2.918 82.103 -28.776 -2.975 83.405 -27.564 -6.746
3 0 83.532 -28.210 -6.929 83.405 -27.564 -6.746 82.103 -28.776 -2.975
3 0 82.103 -28.776 -2.975 82.228 -29.427 -3.139 83.532 -28.210 -6.929
3 0 83.405 -28.829 -7.187 83.532 -28.210 -6.929 82.228 -29.427 -3.139
3 0 82.228 -29.427 -3.139 82.102 -30.051 -3.384 83.405 -28.829 -7.187
3 0 83.042 -29.328 -7.480 83.405 -28.829 -7.187 82.102 -30.051 -3.384
3 0 82.102 -30.051 -3.384 81.742 -30.554 -3.673 83.042 -29.328 -7.480
3 0 82.500 -29.630 -7.765 83.042 -29.328 -7.480 81.742 -30.554 -3.673
3 0 81.742 -30.554 -3.673 81.204 -30.860 -3.963 82.500 -29.630 -7.765
3 0 81.861 -29.690 -7.997 82.500 -29.630 -7.765 81.204 -30.860 -3.963
3 0 81.204 -30.860 -3.963 80.570 -30.920 -4.208 81.861 -29.690 -7.997
3 0 81.222 -29.498 -8.142 81.861 -29.690 -7.997 80.570 -30.920 -4.208
3 0 80.570 -30.920 -4.208 79.936 -30.728 -4.372 81.222 -29.498 -8.142
3 0 80.680 -29.084 -8.177 81.222 -29.498 -8.142 79.936 -30.728 -4.372
3 0 79.936 -30.728 -4.372 79.399 -30.310 -4.430 80.680 -29.084 -8.177
3 0 77.594 -27.404 -4.142 78.861 -26.200 -7.776 78.319 -26.503 -8.060
3 0 78.319 -26.503 -8.060 77.056 -27.710 -4.431 77.594 -27.404 -4.142
3 0 78.228 -27.344 -3.896 79.500 -26.141 -7.544 78.861 -26.200 -7.776
3 0 78.861 -26.200 -7.776 77.594 -27.404 -4.142 78.228 -27.344 -3.896
3 0 78.862 -27.536 -3.732 80.139 -26.332 -7.399 79.500 -26.141 -7.544
3 0 79.500 -26.141 -7.544 78.228 -27.344 -3.896 78.862 -27.536 -3.732
3 0 79.400 -27.954 -3.674 80.681 -26.747 -7.363 80.139 -26.332 -7.399
3 0 80.139 -26.332 -7.399 78.862 -27.536 -3.732 79.400 -27.954 -3.674
3 0 78.861 -30.616 -4.719 80.138 -29.386 -8.462 80.680 -29.084 -8.177
3 0 80.680 -29.084 -8.177 79.399 -30.310 -4.430 78.861 -30.616 -4.719
3 0 78.226 -30.676 -4.965 79.499 -29.446 -8.694 80.138 -29.386 -8.462
3 0 80.138 -29.386 -8.462 78.861 -30.616 -4.719 78.226 -30.676 -4.965
3 0 77.592 -30.483 -5.129 78.860 -29.254 -8.839 79.499 -29.446 -8.694
3 0 79.499 -29.446 -8.694 78.226 -30.676 -4.965 77.592 -30.483 -5.129
3 0 77.055 -30.066 -5.186 78.318 -28.840 -8.874 78.860 -29.254 -8.839
3 0 78.860 -29.254 -8.839 77.592 -30.483 -5.129 77.055 -30.066 -5.186
3 0 75.251 -27.160 -4.898 76.500 -25.957 -8.473 75.958 -26.259 -8.757
3 0 75.958 -26.259 -8.757 74.713 -27.466 -5.187 75.251 -27.160 -4.898
3 0 75.886 -27.100 -4.653 77.139 -25.897 -8.240 76.500 -25.957 -8.473
3 0 76.500 -25.957 -8.473 75.251 -27.160 -4.898 75.886 -27.100 -4.653
3 0 76.520 -27.292 -4.488 77.778 -26.089 -8.095 77.139 -25.897 -8.240
3 0 77.139 -25.897 -8.240 75.886 -27.100 -4.653 76.520 -27.292 -4.488
3 0 77.056 -27.710 -4.431 78.319 -26.503 -8.060 77.778 -26.089 -8.095
3 0 77.778 -26.089 -8.095 76.520 -27.292 -4.488 77.056 -27.710 -4.431
3 0 76.518 -30.372 -5.476 77.777 -29.143 -9.158 78.318 -28.840 -8.874
3 0 78.318 -28.840 -8.874 77.055 -30.066 -5.186 76.518 -30.372 -5.476
3 0 75.883 -30.432 -5.721 77.137 -29.202 -9.391 77.777 -29.143 -9.158
3 0 77.777 -29.143 -9.158 76.518 -30.372 -5.476 75.883 -30.432 -5.721
3 0 75.249 -30.240 -5.885 76.498 -29.011 -9.536 77.137 -29.202 -9.391
3 0 77.137 -29.202 -9.391 75.883 -30.432 -5.721 75.249 -30.240 -5.885
3 0 74.712 -29.822 -5.943 75.957 -28.596 -9.571 76.498 -29.011 -9.536
3 0 76.498 -29.011 -9.536 75.249 -30.240 -5.885 74.712 -29.822 -5.943
3 0 75.414 -28.899 -9.855 75.957 -28.596 -9.571 74.712 -29.822 -5.943
3 0 74.712 -29.822 -5.943 74.174 -30.128 -6.232 75.414 -28.899 -9.855
3 0 74.775 -28.959 -10.088 75.414 -28.899 -9.855 74.174 -30.128 -6.232
3 0 74.174 -30.128 -6.232 73.540 -30.188 -6.478 74.775 -28.959 -10.088
3 0 74.136 -28.767 -10.233 74.775 -28.959 -10.088 73.540 -30.188 -6.478
3 0 73.540 -30.188 -6.478 72.906 -29.995 -6.642 74.136 -28.767 -10.233
3 0 73.594 -28.353 -10.268 74.136 -28.767 -10.233 72.906 -29.995 -6.642
3 0 72.906 -29.995 -6.642 72.368 -29.578 -6.700 73.594 -28.353 -10.268
3 0 73.232 -27.779 -10.188 73.594 -28.353 -10.268 72.368 -29.578 -6.700
3 0 72.368 -29.578 -6.700 72.009 -29.000 -6.642 73.232 -27.779 -10.188
3 0 73.106 -27.134 -10.005 73.232 -27.779 -10.188 72.009 -29.000 -6.642
3 0 72.009 -29.000 -6.642 71.883 -28.349 -6.478 73.106 -27.134 -10.005
3 0 73.233 -26.514 -9.748 73.106 -27.134 -10.005 71.883 -28.349 -6.478
3 0 71.883 -28.349 -6.478 72.010 -27.725 -6.233 73.233 -26.514 -9.748
3 0 73.595 -26.015 -9.454 73.233 -26.514 -9.748 72.010 -27.725 -6.233
3 0 72.010 -27.725 -6.233 72.370 -27.222 -5.944 73.595 -26.015 -9.454
3 0 74.137 -25.713 -9.170 73.595 -26.015 -9.454 72.370 -27.222 -5.944
3 0 72.370 -27.222 -5.944 72.907 -26.916 -5.655 74.137 -25.713 -9.170
3 0 74.777 -25.653 -8.937 74.137 -25.713 -9.170 72.907 -26.916 -5.655
3 0 72.907 -26.916 -5.655 73.542 -26.856 -5.409 74.777 -25.653 -8.937
3 0 75.416 -25.845 -8.792 74.777 -25.653 -8.937 73.542 -26.856 -5.409
3 0 73.542 -26.856 -5.409 74.176 -27.048 -5.245 75.416 -25.845 -8.792
3 0 75.958 -26.259 -8.757 75.416 -25.845 -8.792 74.176 -27.048 -5.245
3 0 74.176 -27.048 -5.245 74.713 -27.466 -5.187 75.958 -26.259 -8.757
3 0 82.407 -25.127 -10.779 81.860 -25.426 -11.058 80.681 -26.747 -7.363
3 0 80.681 -26.747 -7.363 81.223 -26.444 -7.079 82.407 -25.127 -10.779
3 0 83.052 -25.067 -10.563 82.407 -25.127 -10.779 81.223 -26.444 -7.079
3 0 81.223 -26.444 -7.079 81.863 -26.384 -6.847 83.052 -25.067 -10.563
3 0 83.697 -25.256 -10.443 83.052 -25.067 -10.563 81.863 -26.384 -6.847
3 0 81.863 -26.384 -6.847 82.502 -26.576 -6.702 83.697 -25.256 -10.443
3 0 84.243 -25.665 -10.435 83.697 -25.256 -10.443 82.502 -26.576 -6.702
3 0 82.502 -26.576 -6.702 83.043 -26.990 -6.667 84.243 -25.665 -10.435
3 0 84.609 -26.232 -10.543 84.243 -25.665 -10.435 83.043 -26.990 -6.667
3 0 83.043 -26.990 -6.667 83.405 -27.564 -6.746 84.609 -26.232 -10.543
3 0 84.737 -26.870 -10.748 84.609 -26.232 -10.543 83.405 -27.564 -6.746
3 0 83.405 -27.564 -6.746 83.532 -28.210 -6.929 84.737 -26.870 -10.748
3 0 84.608 -27.483 -11.021 84.737 -26.870 -10.748 83.532 -28.210 -6.929
3 0 83.532 -28.210 -6.929 83.405 -28.829 -7.187 84.608 -27.483 -11.021
3 0 84.243 -27.977 -11.319 84.608 -27.483 -11.021 83.405 -28.829 -7.187
3 0 83.405 -28.829 -7.187 83.042 -29.328 -7.480 84.243 -27.977 -11.319
3 0 83.696 -28.276 -11.597 84.243 -27.977 -11.319 83.042 -29.328 -7.480
3 0 83.042 -29.328 -7.480 82.500 -29.630 -7.765 83.696 -28.276 -11.597
3 0 83.051 -28.336 -11.813 83.696 -28.276 -11.597 82.500 -29.630 -7.765
3 0 82.500 -29.630 -7.765 81.861 -29.690 -7.997 83.051 -28.336 -11.813
3 0 82.406 -28.147 -11.934 83.051 -28.336 -11.813 81.861 -29.690 -7.997
3 0 81.861 -29.690 -7.997 81.222 -29.498 -8.142 82.406 -28.147 -11.934
3 0 81.859 -27.738 -11.941 82.406 -28.147 -11.934 81.222 -29.498 -8.142
3 0 81.222 -29.498 -8.142 80.680 -29.084 -8.177 81.859 -27.738 -11.941
3 0 78.861 -26.200 -7.776 80.023 -24.888 -11.402 79.476 -25.188 -11.680
3 0 79.476 -25.188 -11.680 78.319 -26.503 -8.060 78.861 -26.200 -7.776
3 0 79.500 -26.141 -7.544 80.668 -24.828 -11.186 80.023 -24.888 -11.402
3 0 80.023 -24.888 -11.402 78.861 -26.200 -7.776 79.500 -26.141 -7.544
3 0 80.139 -26.332 -7.399 81.313 -25.017 -11.065 80.668 -24.828 -11.186
3 0 80.668 -24.828 -11.186 79.500 -26.141 -7.544 80.139 -26.332 -7.399
3 0 80.681 -26.747 -7.363 81.860 -25.426 -11.058 81.313 -25.017 -11.065
3 0 81.313 -25.017 -11.065 80.139 -26.332 -7.399 80.681 -26.747 -7.363
3 0 80.138 -29.386 -8.462 81.312 -28.038 -12.219 81.859 -27.738 -11.941
3 0 81.859 -27.738 -11.941 80.680 -29.084 -8.177 80.138 -29.386 -8.462
3 0 79.499 -29.446 -8.694 80.667 -28.097 -12.435 81.312 -28.038 -12.219
3 0 81.312 -28.038 -12.219 80.138 -29.386 -8.462 79.499 -29.446 -8.694
3 0 78.860 -29.254 -8.839 80.022 -27.908 -12.556 80.667 -28.097 -12.435
3 0 80.667 -28.097 -12.435 79.499 -29.446 -8.694 78.860 -29.254 -8.839
3 0 78.318 -28.840 -8.874 79.476 -27.499 -12.563 80.022 -27.908 -12.556
3 0 80.022 -27.908 -12.556 78.860 -29.254 -8.839 78.318 -28.840 -8.874
3 0 76.500 -25.957 -8.473 77.641 -24.649 -12.024 77.094 -24.949 -12.302
3 0 77.094 -24.949 -12.302 75.958 -26.259 -8.757 76.500 -25.957 -8.473
3 0 77.139 -25.897 -8.240 78.286 -24.590 -11.808 77.641 -24.649 -12.024
3 0 77.641 -24.649 -12.024 76.500 -25.957 -8.473 77.139 -25.897 -8.240
3 0 77.778 -26.089 -8.095 78.931 -24.779 -11.687 78.286 -24.590 -11.808
3 0 78.286 -24.590 -11.808 77.139 -25.897 -8.240 77.778 -26.089 -8.095
3 0 78.319 -26.503 -8.060 79.476 -25.188 -11.680 78.931 -24.779 -11.687
3 0 78.931 -24.779 -11.687 77.778 -26.089 -8.095 78.319 -26.503 -8.060
3 0 77.777 -29.143 -9.158 78.930 -27.799 -12.841 79.476 -27.499 -12.563
3 0 79.476 -27.499 -12.563 78.318 -28.840 -8.874 77.777 -29.143 -9.158
3 0 77.137 -29.202 -9.391 78.285 -27.859 -13.057 78.930 -27.799 -12.841
3 0 78.930 -27.799 -12.841 77.777 -29.143 -9.158 77.137 -29.202 -9.391
3 0 76.498 -29.011 -9.536 77.640 -27.670 -13.178 78.285 -27.859 -13.057
3 0 78.285 -27.859 -13.057 77.137 -29.202 -9.391 76.498 -29.011 -9.536
3 0 75.957 -28.596 -9.571 77.093 -27.261 -13.186 77.640 -27.670 -13.178
3 0 77.640 -27.670 -13.178 76.498 -29.011 -9.536 75.957 -28.596 -9.571
3 0 76.546 -27.560 -13.464 77.093 -27.261 -13.186 75.957 -28.596 -9.571
3 0 75.957 -28.596 -9.571 75.414 -28.899 -9.855 76.546 -27.560 -13.464
3 0 75.901 -27.620 -13.680 76.546 -27.560 -13.464 75.414 -28.899 -9.855
3 0 75.414 -28.899 -9.855 74.775 -28.959 -10.088 75.901 -27.620 -13.680
3 0 75.256 -27.431 -13.801 75.901 -27.620 -13.680 74.775 -28.959 -10.088
3 0 74.775 -28.959 -10.088 74.136 -28.767 -10.233 75.256 -27.431 -13.801
3 0 74.710 -27.022 -13.808 75.256 -27.431 -13.801 74.136 -28.767 -10.233
3 0 74.136 -28.767 -10.233 73.594 -28.353 -10.268 74.710 -27.022 -13.808
3 0 74.344 -26.455 -13.701 74.710 -27.022 -13.808 73.594 -28.353 -10.268
3 0 73.594 -28.353 -10.268 73.232 -27.779 -10.188 74.344 -26.455 -13.701
3 0 74.216 -25.817 -13.495 74.344 -26.455 -13.701 73.232 -27.779 -10.188
3 0 73.232 -27.779 -10.188 73.106 -27.134 -10.005 74.216 -25.817 -13.495
3 0 74.345 -25.204 -13.222 74.216 -25.817 -13.495 73.106 -27.134 -10.005
3 0 73.106 -27.134 -10.005 73.233 -26.514 -9.748 74.345 -25.204 -13.222
3 0 74.710 -24.710 -12.924 74.345 -25.204 -13.222 73.233 -26.514 -9.748
3 0 73.233 -26.514 -9.748 73.595 -26.015 -9.454 74.710 -24.710 -12.924
3 0 75.257 -24.411 -12.646 74.710 -24.710 -12.924 73.595 -26.015 -9.454
3 0 73.595 -26.015 -9.454 74.137 -25.713 -9.170 75.257 -24.411 -12.646
3 0 75.902 -24.351 -12.430 75.257 -24.411 -12.646 74.137 -25.713 -9.170
3 0 74.137 -25.713 -9.170 74.777 -25.653 -8.937 75.902 -24.351 -12.430
3 0 76.547 -24.540 -12.309 75.902 -24.351 -12.430 74.777 -25.653 -8.937
3 0 74.777 -25.653 -8.937 75.416 -25.845 -8.792 76.547 -24.540 -12.309
3 0 77.094 -24.949 -12.302 76.547 -24.540 -12.309 75.416 -25.845 -8.792
3 0 75.416 -25.845 -8.792 75.958 -26.259 -8.757 77.094 -24.949 -12.302
3 0 83.465 -23.672 -14.487 82.912 -23.969 -14.756 81.860 -25.426 -11.058
3 0 81.860 -25.426 -11.058 82.407 -25.127 -10.779 83.465 -23.672 -14.487
3 0 84.117 -23.610 -14.293 83.465 -23.672 -14.487 82.407 -25.127 -10.779
3 0 82.407 -25.127 -10.779 83.052 -25.067 -10.563 84.117 -23.610 -14.293
3 0 84.769 -23.793 -14.205 84.117 -23.610 -14.293 83.052 -25.067 -10.563
3 0 83.052 -25.067 -10.563 83.697 -25.256 -10.443 84.769 -23.793 -14.205
3 0 85.321 -24.193 -14.235 84.769 -23.793 -14.205 83.697 -25.256 -10.443
3 0 83.697 -25.256 -10.443 84.243 -25.665 -10.435 85.321 -24.193 -14.235
3 0 85.691 -24.749 -14.378 85.321 -24.193 -14.235 84.243 -25.665 -10.435
3 0 84.243 -25.665 -10.435 84.609 -26.232 -10.543 85.691 -24.749 -14.378
3 0 85.820 -25.376 -14.614 85.691 -24.749 -14.378 84.609 -26.232 -10.543
3 0 84.609 -26.232 -10.543 84.737 -26.870 -10.748 85.820 -25.376 -14.614
3 0 85.691 -25.980 -14.906 85.820 -25.376 -14.614 84.737 -26.870 -10.748
3 0 84.737 -26.870 -10.748 84.608 -27.483 -11.021 85.691 -25.980 -14.906
3 0 85.321 -26.467 -15.209 85.691 -25.980 -14.906 84.608 -27.483 -11.021
3 0 84.608 -27.483 -11.021 84.243 -27.977 -11.319 85.321 -26.467 -15.209
3 0 84.769 -26.765 -15.478 85.321 -26.467 -15.209 84.243 -27.977 -11.319
3 0 84.243 -27.977 -11.319 83.696 -28.276 -11.597 84.769 -26.765 -15.478
3 0 84.117 -26.827 -15.672 84.769 -26.765 -15.478 83.696 -28.276 -11.597
3 0 83.696 -28.276 -11.597 83.051 -28.336 -11.813 84.117 -26.827 -15.672
3 0 83.465 -26.644 -15.760 84.117 -26.827 -15.672 83.051 -28.336 -11.813
3 0 83.051 -28.336 -11.813 82.406 -28.147 -11.934 83.465 -26.644 -15.760
3 0 82.912 -26.244 -15.730 83.465 -26.644 -15.760 82.406 -28.147 -11.934
3 0 82.406 -28.147 -11.934 81.859 -27.738 -11.941 82.912 -26.244 -15.730
3 0 80.023 -24.888 -11.402 81.056 -23.448 -15.008 80.503 -23.746 -15.277
3 0 80.503 -23.746 -15.277 79.476 -25.188 -11.680 80.023 -24.888 -11.402
3 0 80.668 -24.828 -11.186 81.708 -23.386 -14.815 81.056 -23.448 -15.008
3 0 81.056 -23.448 -15.008 80.023 -24.888 -11.402 80.668 -24.828 -11.186
3 0 81.313 -25.017 -11.065 82.360 -23.569 -14.726 81.708 -23.386 -14.815
3 0 81.708 -23.386 -14.815 80.668 -24.828 -11.186 81.313 -25.017 -11.065
3 0 81.860 -25.426 -11.058 82.912 -23.969 -14.756 82.360 -23.569 -14.726
3 0 82.360 -23.569 -14.726 81.313 -25.017 -11.065 81.860 -25.426 -11.058
3 0 81.312 -28.038 -12.219 82.360 -26.541 -16.000 82.912 -26.244 -15.730
3 0 82.912 -26.244 -15.730 81.859 -27.738 -11.941 81.312 -28.038 -12.219
3 0 80.667 -28.097 -12.435 81.708 -26.603 -16.193 82.360 -26.541 -16.000
3 0 82.360 -26.541 -16.000 81.312 -28.038 -12.219 80.667 -28.097 -12.435
3 0 80.022 -27.908 -12.556 81.056 -26.420 -16.282 81.708 -26.603 -16.193
3 0 81.708 -26.603 -16.193 80.667 -28.097 -12.435 80.022 -27.908 -12.556
3 0 79.476 -27.499 -12.563 80.503 -26.020 -16.252 81.056 -26.420 -16.282
3 0 81.056 -26.420 -16.282 80.022 -27.908 -12.556 79.476 -27.499 -12.563
3 0 77.641 -24.649 -12.024 78.648 -23.225 -15.529 78.095 -23.522 -15.798
3 0 78.095 -23.522 -15.798 77.094 -24.949 -12.302 77.641 -24.649 -12.024
3 0 78.286 -24.590 -11.808 79.300 -23.163 -15.336 78.648 -23.225 -15.529
3 0 78.648 -23.225 -15.529 77.641 -24.649 -12.024 78.286 -24.590 -11.808
3 0 78.931 -24.779 -11.687 79.952 -23.346 -15.247 79.300 -23.163 -15.336
3 0 79.300 -23.163 -15.336 78.286 -24.590 -11.808 78.931 -24.779 -11.687
3 0 79.476 -25.188 -11.680 80.503 -23.746 -15.277 79.952 -23.346 -15.247
3 0 79.952 -23.346 -15.247 78.931 -24.779 -11.687 79.476 -25.188 -11.680
3 0 78.930 -27.799 -12.841 79.951 -26.318 -16.521 80.503 -26.020 -16.252
3 0 80.503 -26.020 -16.252 79.476 -27.499 -12.563 78.930 -27.799 -12.841
3 0 78.285 -27.859 -13.057 79.300 -26.380 -16.714 79.951 -26.318 -16.521
3 0 79.951 -26.318 -16.521 78.930 -27.799 -12.841 78.285 -27.859 -13.057
3 0 77.640 -27.670 -13.178 78.648 -26.197 -16.803 79.300 -26.380 -16.714
3 0 79.300 -26.380 -16.714 78.285 -27.859 -13.057 77.640 -27.670 -13.178
3 0 77.093 -27.261 -13.186 78.095 -25.797 -16.773 78.648 -26.197 -16.803
3 0 78.648 -26.197 -16.803 77.640 -27.670 -13.178 77.093 -27.261 -13.186
3 0 77.542 -26.095 -17.042 78.095 -25.797 -16.773 77.093 -27.261 -13.186
3 0 77.093 -27.261 -13.186 76.546 -27.560 -13.464 77.542 -26.095 -17.042
3 0 76.890 -26.156 -17.235 77.542 -26.095 -17.042 76.546 -27.560 -13.464
3 0 76.546 -27.560 -13.464 75.901 -27.620 -13.680 76.890 -26.156 -17.235
3 0 76.239 -25.974 -17.324 76.890 -26.156 -17.235 75.901 -27.620 -13.680
3 0 75.901 -27.620 -13.680 75.256 -27.431 -13.801 76.239 -25.974 -17.324
3 0 75.686 -25.574 -17.294 76.239 -25.974 -17.324 75.256 -27.431 -13.801
3 0 75.256 -27.431 -13.801 74.710 -27.022 -13.808 75.686 -25.574 -17.294
3 0 75.317 -25.018 -17.150 75.686 -25.574 -17.294 74.710 -27.022 -13.808
3 0 74.710 -27.022 -13.808 74.344 -26.455 -13.701 75.317 -25.018 -17.150
3 0 75.187 -24.390 -16.915 75.317 -25.018 -17.150 74.344 -26.455 -13.701
3 0 74.344 -26.455 -13.701 74.216 -25.817 -13.495 75.187 -24.390 -16.915
3 0 75.317 -23.786 -16.623 75.187 -24.390 -16.915 74.216 -25.817 -13.495
3 0 74.216 -25.817 -13.495 74.345 -25.204 -13.222 75.317 -23.786 -16.623
3 0 75.686 -23.299 -16.320 75.317 -23.786 -16.623 74.345 -25.204 -13.222
3 0 74.345 -25.204 -13.222 74.710 -24.710 -12.924 75.686 -23.299 -16.320
3 0 76.239 -23.001 -16.051 75.686 -23.299 -16.320 74.710 -24.710 -12.924
3 0 74.710 -24.710 -12.924 75.257 -24.411 -12.646 76.239 -23.001 -16.051
3 0 76.891 -22.939 -15.857 76.239 -23.001 -16.051 75.257 -24.411 -12.646
3 0 75.257 -24.411 -12.646 75.902 -24.351 -12.430 76.891 -22.939 -15.857
3 0 77.542 -23.122 -15.768 76.891 -22.939 -15.857 75.902 -24.351 -12.430
3 0 75.902 -24.351 -12.430 76.547 -24.540 -12.309 77.542 -23.122 -15.768
3 0 78.095 -23.522 -15.798 77.542 -23.122 -15.768 76.547 -24.540 -12.309
3 0 76.547 -24.540 -12.309 77.094 -24.949 -12.302 78.095 -23.522 -15.798
3 0 84.332 -22.015 -18.194 83.773 -22.313 -18.449 82.912 -23.969 -14.756
3 0 82.912 -23.969 -14.756 83.465 -23.672 -14.487 84.332 -22.015 -18.194
3 0 84.992 -21.946 -18.032 84.332 -22.015 -18.194 83.465 -23.672 -14.487
3 0 83.465 -23.672 -14.487 84.117 -23.610 -14.293 84.992 -21.946 -18.032
3 0 85.652 -22.116 -17.989 84.992 -21.946 -18.032 84.117 -23.610 -14.293
3 0 84.117 -23.610 -14.293 84.769 -23.793 -14.205 85.652 -22.116 -17.989
3 0 86.212 -22.499 -18.071 85.652 -22.116 -17.989 84.769 -23.793 -14.205
3 0 84.769 -23.793 -14.205 85.321 -24.193 -14.235 86.212 -22.499 -18.071
3 0 86.586 -23.036 -18.266 86.212 -22.499 -18.071 85.321 -24.193 -14.235
3 0 85.321 -24.193 -14.235 85.691 -24.749 -14.378 86.586 -23.036 -18.266
3 0 86.717 -23.646 -18.543 86.586 -23.036 -18.266 85.691 -24.749 -14.378
3 0 85.691 -24.749 -14.378 85.820 -25.376 -14.614 86.717 -23.646 -18.543
3 0 86.586 -24.236 -18.861 86.717 -23.646 -18.543 85.820 -25.376 -14.614
3 0 85.820 -25.376 -14.614 85.691 -25.980 -14.906 86.586 -24.236 -18.861
3 0 86.213 -24.716 -19.171 86.586 -24.236 -18.861 85.691 -25.980 -14.906
3 0 85.691 -25.980 -14.906 85.321 -26.467 -15.209 86.213 -24.716 -19.171
3 0 85.654 -25.013 -19.426 86.213 -24.716 -19.171 85.321 -26.467 -15.209
3 0 85.321 -26.467 -15.209 84.769 -26.765 -15.478 85.654 -25.013 -19.426
3 0 84.994 -25.082 -19.587 85.654 -25.013 -19.426 84.769 -26.765 -15.478
3 0 84.769 -26.765 -15.478 84.117 -26.827 -15.672 84.994 -25.082 -19.587
3 0 84.334 -24.912 -19.630 84.994 -25.082 -19.587 84.117 -26.827 -15.672
3 0 84.117 -26.827 -15.672 83.465 -26.644 -15.760 84.334 -24.912 -19.630
3 0 83.774 -24.530 -19.548 84.334 -24.912 -19.630 83.465 -26.644 -15.760
3 0 83.465 -26.644 -15.760 82.912 -26.244 -15.730 83.774 -24.530 -19.548
3 0 81.056 -23.448 -15.008 81.894 -21.829 -18.571 81.334 -22.126 -18.827
3 0 81.334 -22.126 -18.827 80.503 -23.746 -15.277 81.056 -23.448 -15.008
3 0 81.708 -23.386 -14.815 82.553 -21.760 -18.410 81.894 -21.829 -18.571
3 0 81.894 -21.829 -18.571 81.056 -23.448 -15.008 81.708 -23.386 -14.815
3 0 82.360 -23.569 -14.726 83.213 -21.930 -18.367 82.553 -21.760 -18.410
3 0 82.553 -21.760 -18.410 81.708 -23.386 -14.815 82.360 -23.569 -14.726
3 0 82.912 -23.969 -14.756 83.773 -22.313 -18.449 83.213 -21.930 -18.367
3 0 83.213 -21.930 -18.367 82.360 -23.569 -14.726 82.912 -23.969 -14.756
3 0 82.360 -26.541 -16.000 83.215 -24.827 -19.804 83.774 -24.530 -19.548
3 0 83.774 -24.530 -19.548 82.912 -26.244 -15.730 82.360 -26.541 -16.000
3 0 81.708 -26.603 -16.193 82.555 -24.896 -19.965 83.215 -24.827 -19.804
3 0 83.215 -24.827 -19.804 82.360 -26.541 -16.000 81.708 -26.603 -16.193
3 0 81.056 -26.420 -16.282 81.895 -24.726 -20.008 82.555 -24.896 -19.965
3 0 82.555 -24.896 -19.965 81.708 -26.603 -16.193 81.056 -26.420 -16.282
3 0 80.503 -26.020 -16.252 81.335 -24.343 -19.926 81.895 -24.726 -20.008
3 0 81.895 -24.726 -20.008 81.056 -26.420 -16.282 80.503 -26.020 -16.252
3 0 78.648 -23.225 -15.529 79.456 -21.643 -18.949 78.896 -21.940 -19.204
3 0 78.896 -21.940 -19.204 78.095 -23.522 -15.798 78.648 -23.225 -15.529
3 0 79.300 -23.163 -15.336 80.115 -21.574 -18.788 79.456 -21.643 -18.949
3 0 79.456 -21.643 -18.949 78.648 -23.225 -15.529 79.300 -23.163 -15.336
3 0 79.952 -23.346 -15.247 80.775 -21.744 -18.745 80.115 -21.574 -18.788
3 0 80.115 -21.574 -18.788 79.300 -23.163 -15.336 79.952 -23.346 -15.247
3 0 80.503 -23.746 -15.277 81.334 -22.126 -18.827 80.775 -21.744 -18.745
3 0 80.775 -21.744 -18.745 79.952 -23.346 -15.247 80.503 -23.746 -15.277
3 0 79.951 -26.318 -16.521 80.777 -24.641 -20.181 81.335 -24.343 -19.926
3 0 81.335 -24.343 -19.926 80.503 -26.020 -16.252 79.951 -26.318 -16.521
3 0 79.300 -26.380 -16.714 80.117 -24.710 -20.342 80.777 -24.641 -20.181
3 0 80.777 -24.641 -20.181 79.951 -26.318 -16.521 79.300 -26.380 -16.714
3 0 78.648 -26.197 -16.803 79.457 -24.540 -20.385 80.117 -24.710 -20.342
3 0 80.117 -24.710 -20.342 79.300 -26.380 -16.714 78.648 -26.197 -16.803
3 0 78.095 -25.797 -16.773 78.897 -24.157 -20.303 79.457 -24.540 -20.385
3 0 79.457 -24.540 -20.385 78.648 -26.197 -16.803 78.095 -25.797 -16.773
3 0 78.338 -24.454 -20.559 78.897 -24.157 -20.303 78.095 -25.797 -16.773
3 0 78.095 -25.797 -16.773 77.542 -26.095 -17.042 78.338 -24.454 -20.559
3 0 77.678 -24.523 -20.720 78.338 -24.454 -20.559 77.542 -26.095 -17.042
3 0 77.542 -26.095 -17.042 76.890 -26.156 -17.235 77.678 -24.523 -20.720
3 0 77.018 -24.354 -20.763 77.678 -24.523 -20.720 76.890 -26.156 -17.235
3 0 76.890 -26.156 -17.235 76.239 -25.974 -17.324 77.018 -24.354 -20.763
3 0 76.458 -23.971 -20.681 77.018 -24.354 -20.763 76.239 -25.974 -17.324
3 0 76.239 -25.974 -17.324 75.686 -25.574 -17.294 76.458 -23.971 -20.681
3 0 76.084 -23.434 -20.487 76.458 -23.971 -20.681 75.686 -25.574 -17.294
3 0 75.686 -25.574 -17.294 75.317 -25.018 -17.150 76.084 -23.434 -20.487
3 0 75.953 -22.824 -20.210 76.084 -23.434 -20.487 75.317 -25.018 -17.150
3 0 75.317 -25.018 -17.150 75.187 -24.390 -16.915 75.953 -22.824 -20.210
3 0 76.084 -22.234 -19.892 75.953 -22.824 -20.210 75.187 -24.390 -16.915
3 0 75.187 -24.390 -16.915 75.317 -23.786 -16.623 76.084 -22.234 -19.892
3 0 76.457 -21.754 -19.582 76.084 -22.234 -19.892 75.317 -23.786 -16.623
3 0 75.317 -23.786 -16.623 75.686 -23.299 -16.320 76.457 -21.754 -19.582
3 0 77.017 -21.457 -19.326 76.457 -21.754 -19.582 75.686 -23.299 -16.320
3 0 75.686 -23.299 -16.320 76.239 -23.001 -16.051 77.017 -21.457 -19.326
3 0 77.677 -21.388 -19.165 77.017 -21.457 -19.326 76.239 -23.001 -16.051
3 0 76.239 -23.001 -16.051 76.891 -22.939 -15.857 77.677 -21.388 -19.165
3 0 78.336 -21.558 -19.122 77.677 -21.388 -19.165 76.891 -22.939 -15.857
3 0 76.891 -22.939 -15.857 77.542 -23.122 -15.768 78.336 -21.558 -19.122
3 0 78.896 -21.940 -19.204 78.336 -21.558 -19.122 77.542 -23.122 -15.768
3 0 77.542 -23.122 -15.768 78.095 -23.522 -15.798 78.896 -21.940 -19.204
3 0 84.913 -20.073 -21.870 84.347 -20.375 -22.105 83.773 -22.313 -18.449
3 0 83.773 -22.313 -18.449 84.332 -22.015 -18.194 84.913 -20.073 -21.870
3 0 85.580 -19.987 -21.754 84.913 -20.073 -21.870 84.332 -22.015 -18.194
3 0 84.332 -22.015 -18.194 84.992 -21.946 -18.032 85.580 -19.987 -21.754
3 0 86.248 -20.128 -21.775 85.580 -19.987 -21.754 84.992 -21.946 -18.032
3 0 84.992 -21.946 -18.032 85.652 -22.116 -17.989 86.248 -20.128 -21.775
3 0 86.814 -20.477 -21.929 86.248 -20.128 -21.775 85.652 -22.116 -17.989
3 0 85.652 -22.116 -17.989 86.212 -22.499 -18.071 86.814 -20.477 -21.929
3 0 87.193 -20.980 -22.194 86.814 -20.477 -21.929 86.212 -22.499 -18.071
3 0 86.212 -22.499 -18.071 86.586 -23.036 -18.266 87.193 -20.980 -22.194
3 0 87.326 -21.560 -22.529 87.193 -20.980 -22.194 86.586 -23.036 -18.266
3 0 86.586 -23.036 -18.266 86.717 -23.646 -18.543 87.326 -21.560 -22.529
3 0 87.194 -22.129 -22.882 87.326 -21.560 -22.529 86.717 -23.646 -18.543
3 0 86.717 -23.646 -18.543 86.586 -24.236 -18.861 87.194 -22.129 -22.882
3 0 86.817 -22.600 -23.201 87.194 -22.129 -22.882 86.586 -24.236 -18.861
3 0 86.586 -24.236 -18.861 86.213 -24.716 -19.171 86.817 -22.600 -23.201
3 0 86.252 -22.902 -23.436 86.817 -22.600 -23.201 86.213 -24.716 -19.171
3 0 86.213 -24.716 -19.171 85.654 -25.013 -19.426 86.252 -22.902 -23.436
3 0 85.584 -22.989 -23.552 86.252 -22.902 -23.436 85.654 -25.013 -19.426
3 0 85.654 -25.013 -19.426 84.994 -25.082 -19.587 85.584 -22.989 -23.552
3 0 84.917 -22.847 -23.532 85.584 -22.989 -23.552 84.994 -25.082 -19.587
3 0 84.994 -25.082 -19.587 84.334 -24.912 -19.630 84.917 -22.847 -23.532
3 0 84.350 -22.498 -23.377 84.917 -22.847 -23.532 84.334 -24.912 -19.630
3 0 84.334 -24.912 -19.630 83.774 -24.530 -19.548 84.350 -22.498 -23.377
3 0 81.894 -21.829 -18.571 82.446 -19.971 -22.045 81.881 -20.273 -22.281
3 0 81.881 -20.273 -22.281 81.334 -22.126 -18.827 81.894 -21.829 -18.571
3 0 82.553 -21.760 -18.410 83.113 -19.885 -21.929 82.446 -19.971 -22.045
3 0 82.446 -19.971 -22.045 81.894 -21.829 -18.571 82.553 -21.760 -18.410
3 0 83.213 -21.930 -18.367 83.781 -20.026 -21.950 83.113 -19.885 -21.929
3 0 83.113 -19.885 -21.929 82.553 -21.760 -18.410 83.213 -21.930 -18.367
3 0 83.773 -22.313 -18.449 84.347 -20.375 -22.105 83.781 -20.026 -21.950
3 0 83.781 -20.026 -21.950 83.213 -21.930 -18.367 83.773 -22.313 -18.449
3 0 83.215 -24.827 -19.804 83.785 -22.800 -23.612 84.350 -22.498 -23.377
3 0 84.350 -22.498 -23.377 83.774 -24.530 -19.548 83.215 -24.827 -19.804
3 0 82.555 -24.896 -19.965 83.118 -22.887 -23.728 83.785 -22.800 -23.612
3 0 83.785 -22.800 -23.612 83.215 -24.827 -19.804 82.555 -24.896 -19.965
3 0 81.895 -24.726 -20.008 82.450 -22.745 -23.707 83.118 -22.887 -23.728
3 0 83.118 -22.887 -23.728 82.555 -24.896 -19.965 81.895 -24.726 -20.008
3 0 81.335 -24.343 -19.926 81.884 -22.396 -23.553 82.450 -22.745 -23.707
3 0 82.450 -22.745 -23.707 81.895 -24.726 -20.008 81.335 -24.343 -19.926
3 0 79.456 -21.643 -18.949 79.981 -19.870 -22.221 79.415 -20.172 -22.456
3 0 79.415 -20.172 -22.456 78.896 -21.940 -19.204 79.456 -21.643 -18.949
3 0 80.115 -21.574 -18.788 80.648 -19.783 -22.105 79.981 -19.870 -22.221
3 0 79.981 -19.870 -22.221 79.456 -21.643 -18.949 80.115 -21.574 -18.788
3 0 80.775 -21.744 -18.745 81.315 -19.925 -22.126 80.648 -19.783 -22.105
3 0 80.648 -19.783 -22.105 80.115 -21.574 -18.788 80.775 -21.744 -18.745
3 0 81.334 -22.126 -18.827 81.881 -20.273 -22.281 81.315 -19.925 -22.126
3 0 81.315 -19.925 -22.126 80.775 -21.744 -18.745 81.334 -22.126 -18.827
3 0 80.777 -24.641 -20.181 81.319 -22.699 -23.788 81.884 -22.396 -23.553
3 0 81.884 -22.396 -23.553 81.335 -24.343 -19.926 80.777 -24.641 -20.181
3 0 80.117 -24.710 -20.342 80.652 -22.785 -23.904 81.319 -22.699 -23.788
3 0 81.319 -22.699 -23.788 80.777 -24.641 -20.181 80.117 -24.710 -20.342
3 0 79.457 -24.540 -20.385 79.984 -22.643 -23.883 80.652 -22.785 -23.904
3 0 80.652 -22.785 -23.904 80.117 -24.710 -20.342 79.457 -24.540 -20.385
3 0 78.897 -24.157 -20.303 79.418 -22.295 -23.728 79.984 -22.643 -23.883
3 0 79.984 -22.643 -23.883 79.457 -24.540 -20.385 78.897 -24.157 -20.303
3 0 78.853 -22.597 -23.964 79.418 -22.295 -23.728 78.897 -24.157 -20.303
3 0 78.897 -24.157 -20.303 78.338 -24.454 -20.559 78.853 -22.597 -23.964
3 0 78.185 -22.683 -24.080 78.853 -22.597 -23.964 78.338 -24.454 -20.559
3 0 78.338 -24.454 -20.559 77.678 -24.523 -20.720 78.185 -22.683 -24.080
3 0 77.518 -22.542 -24.059 78.185 -22.683 -24.080 77.678 -24.523 -20.720
3 0 77.678 -24.523 -20.720 77.018 -24.354 -20.763 77.518 -22.542 -24.059
3 0 76.951 -22.193 -23.904 77.518 -22.542 -24.059 77.018 -24.354 -20.763
3 0 77.018 -24.354 -20.763 76.458 -23.971 -20.681 76.951 -22.193 -23.904
3 0 76.573 -21.690 -23.639 76.951 -22.193 -23.904 76.458 -23.971 -20.681
3 0 76.458 -23.971 -20.681 76.084 -23.434 -20.487 76.573 -21.690 -23.639
3 0 76.439 -21.110 -23.304 76.573 -21.690 -23.639 76.084 -23.434 -20.487
3 0 76.084 -23.434 -20.487 75.953 -22.824 -20.210 76.439 -21.110 -23.304
3 0 76.571 -20.541 -22.951 76.439 -21.110 -23.304 75.953 -22.824 -20.210
3 0 75.953 -22.824 -20.210 76.084 -22.234 -19.892 76.571 -20.541 -22.951
3 0 76.949 -20.070 -22.632 76.571 -20.541 -22.951 76.084 -22.234 -19.892
3 0 76.084 -22.234 -19.892 76.457 -21.754 -19.582 76.949 -20.070 -22.632
3 0 77.514 -19.768 -22.397 76.949 -20.070 -22.632 76.457 -21.754 -19.582
3 0 76.457 -21.754 -19.582 77.017 -21.457 -19.326 77.514 -19.768 -22.397
3 0 78.181 -19.681 -22.281 77.514 -19.768 -22.397 77.017 -21.457 -19.326
3 0 77.017 -21.457 -19.326 77.677 -21.388 -19.165 78.181 -19.681 -22.281
3 0 78.849 -19.823 -22.302 78.181 -19.681 -22.281 77.677 -21.388 -19.165
3 0 77.677 -21.388 -19.165 78.336 -21.558 -19.122 78.849 -19.823 -22.302
3 0 79.415 -20.172 -22.456 78.849 -19.823 -22.302 78.336 -21.558 -19.122
3 0 78.336 -21.558 -19.122 78.896 -21.940 -19.204 79.415 -20.172 -22.456
3 0 85.042 -17.789 -25.332 84.474 -18.096 -25.556 84.347 -20.375 -22.105
3 0 84.347 -20.375 -22.105 84.913 -20.073 -21.870 85.042 -17.789 -25.332
3 0 85.712 -17.685 -25.249 85.042 -17.789 -25.332 84.913 -20.073 -21.870
3 0 84.913 -20.073 -21.870 85.580 -19.987 -21.754 85.712 -17.685 -25.249
3 0 86.381 -17.800 -25.317 85.712 -17.685 -25.249 85.580 -19.987 -21.754
3 0 85.580 -19.987 -21.754 86.248 -20.128 -21.775 86.381 -17.800 -25.317
3 0 86.949 -18.116 -25.528 86.381 -17.800 -25.317 86.248 -20.128 -21.775
3 0 86.248 -20.128 -21.775 86.814 -20.477 -21.929 86.949 -18.116 -25.528
3 0 87.328 -18.585 -25.848 86.949 -18.116 -25.528 86.814 -20.477 -21.929
3 0 86.814 -20.477 -21.929 87.193 -20.980 -22.194 87.328 -18.585 -25.848
3 0 87.461 -19.135 -26.230 87.328 -18.585 -25.848 87.193 -20.980 -22.194
3 0 87.193 -20.980 -22.194 87.326 -21.560 -22.529 87.461 -19.135 -26.230
3 0 87.328 -19.683 -26.614 87.461 -19.135 -26.230 87.326 -21.560 -22.529
3 0 87.326 -21.560 -22.529 87.194 -22.129 -22.882 87.328 -19.683 -26.614
3 0 86.948 -20.146 -26.943 87.328 -19.683 -26.614 87.194 -22.129 -22.882
3 0 87.194 -22.129 -22.882 86.817 -22.600 -23.201 86.948 -20.146 -26.943
3 0 86.380 -20.453 -27.167 86.948 -20.146 -26.943 86.817 -22.600 -23.201
3 0 86.817 -22.600 -23.201 86.252 -22.902 -23.436 86.380 -20.453 -27.167
3 0 85.711 -20.556 -27.250 86.380 -20.453 -27.167 86.252 -22.902 -23.436
3 0 86.252 -22.902 -23.436 85.584 -22.989 -23.552 85.711 -20.556 -27.250
3 0 85.041 -20.442 -27.181 85.711 -20.556 -27.250 85.584 -22.989 -23.552
3 0 85.584 -22.989 -23.552 84.917 -22.847 -23.532 85.041 -20.442 -27.181
3 0 84.473 -20.126 -26.971 85.041 -20.442 -27.181 84.917 -22.847 -23.532
3 0 84.917 -22.847 -23.532 84.350 -22.498 -23.377 84.473 -20.126 -26.971
3 0 82.446 -19.971 -22.045 82.567 -17.769 -25.360 82.000 -18.075 -25.583
3 0 82.000 -18.075 -25.583 81.881 -20.273 -22.281 82.446 -19.971 -22.045
3 0 83.113 -19.885 -21.929 83.237 -17.665 -25.276 82.567 -17.769 -25.360
3 0 82.567 -17.769 -25.360 82.446 -19.971 -22.045 83.113 -19.885 -21.929
3 0 83.781 -20.026 -21.950 83.907 -17.780 -25.345 83.237 -17.665 -25.276
3 0 83.237 -17.665 -25.276 83.113 -19.885 -21.929 83.781 -20.026 -21.950
3 0 84.347 -20.375 -22.105 84.474 -18.096 -25.556 83.907 -17.780 -25.345
3 0 83.907 -17.780 -25.345 83.781 -20.026 -21.950 84.347 -20.375 -22.105
3 0 83.785 -22.800 -23.612 83.905 -20.432 -27.194 84.473 -20.126 -26.971
3 0 84.473 -20.126 -26.971 84.350 -22.498 -23.377 83.785 -22.800 -23.612
3 0 83.118 -22.887 -23.728 83.236 -20.536 -27.278 83.905 -20.432 -27.194
3 0 83.905 -20.432 -27.194 83.785 -22.800 -23.612 83.118 -22.887 -23.728
3 0 82.450 -22.745 -23.707 82.566 -20.421 -27.209 83.236 -20.536 -27.278
3 0 83.236 -20.536 -27.278 83.118 -22.887 -23.728 82.450 -22.745 -23.707
3 0 81.884 -22.396 -23.553 81.999 -20.105 -26.998 82.566 -20.421 -27.209
3 0 82.566 -20.421 -27.209 82.450 -22.745 -23.707 81.884 -22.396 -23.553
3 0 79.981 -19.870 -22.221 80.094 -17.748 -25.387 79.526 -18.055 -25.611
3 0 79.526 -18.055 -25.611 79.415 -20.172 -22.456 79.981 -19.870 -22.221
3 0 80.648 -19.783 -22.105 80.763 -17.645 -25.304 80.094 -17.748 -25.387
3 0 80.094 -17.748 -25.387 79.981 -19.870 -22.221 80.648 -19.783 -22.105
3 0 81.315 -19.925 -22.126 81.433 -17.759 -25.372 80.763 -17.645 -25.304
3 0 80.763 -17.645 -25.304 80.648 -19.783 -22.105 81.315 -19.925 -22.126
3 0 81.881 -20.273 -22.281 82.000 -18.075 -25.583 81.433 -17.759 -25.372
3 0 81.433 -17.759 -25.372 81.315 -19.925 -22.126 81.881 -20.273 -22.281
3 0 81.319 -22.699 -23.788 81.432 -20.412 -27.222 81.999 -20.105 -26.998
3 0 81.999 -20.105 -26.998 81.884 -22.396 -23.553 81.319 -22.699 -23.788
3 0 80.652 -22.785 -23.904 80.762 -20.516 -27.305 81.432 -20.412 -27.222
3 0 81.432 -20.412 -27.222 81.319 -22.699 -23.788 80.652 -22.785 -23.904
3 0 79.984 -22.643 -23.883 80.092 -20.401 -27.237 80.762 -20.516 -27.305
3 0 80.762 -20.516 -27.305 80.652 -22.785 -23.904 79.984 -22.643 -23.883
3 0 79.418 -22.295 -23.728 79.525 -20.085 -27.026 80.092 -20.401 -27.237
3 0 80.092 -20.401 -27.237 79.984 -22.643 -23.883 79.418 -22.295 -23.728
3 0 78.957 -20.392 -27.249 79.525 -20.085 -27.026 79.418 -22.295 -23.728
3 0 79.418 -22.295 -23.728 78.853 -22.597 -23.964 78.957 -20.392 -27.249
3 0 78.287 -20.495 -27.333 78.957 -20.392 -27.249 78.853 -22.597 -23.964
3 0 78.853 -22.597 -23.964 78.185 -22.683 -24.080 78.287 -20.495 -27.333
3 0 77.618 -20.381 -27.264 78.287 -20.495 -27.333 78.185 -22.683 -24.080
3 0 78.185 -22.683 -24.080 77.518 -22.542 -24.059 77.618 -20.381 -27.264
3 0 77.050 -20.065 -27.054 77.618 -20.381 -27.264 77.518 -22.542 -24.059
3 0 77.518 -22.542 -24.059 76.951 -22.193 -23.904 77.050 -20.065 -27.054
3 0 76.671 -19.596 -26.733 77.050 -20.065 -27.054 76.951 -22.193 -23.904
3 0 76.951 -22.193 -23.904 76.573 -21.690 -23.639 76.671 -19.596 -26.733
3 0 76.538 -19.045 -26.352 76.671 -19.596 -26.733 76.573 -21.690 -23.639
3 0 76.573 -21.690 -23.639 76.439 -21.110 -23.304 76.538 -19.045 -26.352
3 0 76.672 -18.497 -25.967 76.538 -19.045 -26.352 76.439 -21.110 -23.304
3 0 76.439 -21.110 -23.304 76.571 -20.541 -22.951 76.672 -18.497 -25.967
3 0 77.051 -18.034 -25.638 76.672 -18.497 -25.967 76.571 -20.541 -22.951
3 0 76.571 -20.541 -22.951 76.949 -20.070 -22.632 77.051 -18.034 -25.638
3 0 77.619 -17.728 -25.415 77.051 -18.034 -25.638 76.949 -20.070 -22.632
3 0 76.949 -20.070 -22.632 77.514 -19.768 -22.397 77.619 -17.728 -25.415
3 0 78.289 -17.624 -25.331 77.619 -17.728 -25.415 77.514 -19.768 -22.397
3 0 77.514 -19.768 -22.397 78.181 -19.681 -22.281 78.289 -17.624 -25.331
3 0 78.958 -17.739 -25.400 78.289 -17.624 -25.331 78.181 -19.681 -22.281
3 0 78.181 -19.681 -22.281 78.849 -19.823 -22.302 78.958 -17.739 -25.400
3 0 79.526 -18.055 -25.611 78.958 -17.739 -25.400 78.849 -19.823 -22.302
3 0 78.849 -19.823 -22.302 79.415 -20.172 -22.456 79.526 -18.055 -25.611
3 0 85.041 -13.023 -31.888 84.471 -13.324 -32.113 84.474 -18.096 -25.556
3 0 84.474 -18.096 -25.556 85.042 -17.789 -25.332 85.041 -13.023 -31.888
3 0 85.711 -12.918 -31.811 85.041 -13.023 -31.888 85.042 -17.789 -25.332
3 0 85.042 -17.789 -25.332 85.712 -17.685 -25.249 85.711 -12.918 -31.811
3 0 86.380 -13.027 -31.894 85.711 -12.918 -31.811 85.712 -17.685 -25.249
3 0 85.712 -17.685 -25.249 86.381 -17.800 -25.317 86.380 -13.027 -31.894
3 0 86.946 -13.332 -32.125 86.380 -13.027 -31.894 86.381 -17.800 -25.317
3 0 86.381 -17.800 -25.317 86.949 -18.116 -25.528 86.946 -13.332 -32.125
3 0 87.323 -13.787 -32.467 86.946 -13.332 -32.125 86.949 -18.116 -25.528
3 0 86.949 -18.116 -25.528 87.328 -18.585 -25.848 87.323 -13.787 -32.467
3 0 87.452 -14.323 -32.870 87.323 -13.787 -32.467 87.328 -18.585 -25.848
3 0 87.328 -18.585 -25.848 87.461 -19.135 -26.230 87.452 -14.323 -32.870
3 0 87.316 -14.858 -33.272 87.452 -14.323 -32.870 87.461 -19.135 -26.230
3 0 87.461 -19.135 -26.230 87.328 -19.683 -26.614 87.316 -14.858 -33.272
3 0 86.933 -15.310 -33.611 87.316 -14.858 -33.272 87.328 -19.683 -26.614
3 0 87.328 -19.683 -26.614 86.948 -20.146 -26.943 86.933 -15.310 -33.611
3 0 86.364 -15.612 -33.836 86.933 -15.310 -33.611 86.948 -20.146 -26.943
3 0 86.948 -20.146 -26.943 86.380 -20.453 -27.167 86.364 -15.612 -33.836
3 0 85.693 -15.716 -33.913 86.364 -15.612 -33.836 86.380 -20.453 -27.167
3 0 86.380 -20.453 -27.167 85.711 -20.556 -27.250 85.693 -15.716 -33.913
3 0 85.024 -15.608 -33.830 85.693 -15.716 -33.913 85.711 -20.556 -27.250
3 0 85.711 -20.556 -27.250 85.041 -20.442 -27.181 85.024 -15.608 -33.830
3 0 84.459 -15.303 -33.599 85.024 -15.608 -33.830 85.041 -20.442 -27.181
3 0 85.041 -20.442 -27.181 84.473 -20.126 -26.971 84.459 -15.303 -33.599
3 0 82.567 -17.769 -25.360 82.566 -13.015 -31.876 81.996 -13.317 -32.102
3 0 81.996 -13.317 -32.102 82.000 -18.075 -25.583 82.567 -17.769 -25.360
3 0 83.237 -17.665 -25.276 83.236 -12.911 -31.800 82.566 -13.015 -31.876
3 0 82.566 -13.015 -31.876 82.567 -17.769 -25.360 83.237 -17.665 -25.276
3 0 83.907 -17.780 -25.345 83.905 -13.019 -31.883 83.236 -12.911 -31.800
3 0 83.236 -12.911 -31.800 83.237 -17.665 -25.276 83.907 -17.780 -25.345
3 0 84.474 -18.096 -25.556 84.471 -13.324 -32.113 83.905 -13.019 -31.883
3 0 83.905 -13.019 -31.883 83.907 -17.780 -25.345 84.474 -18.096 -25.556
3 0 83.905 -20.432 -27.194 83.889 -15.605 -33.825 84.459 -15.303 -33.599
3 0 84.459 -15.303 -33.599 84.473 -20.126 -26.971 83.905 -20.432 -27.194
3 0 83.236 -20.536 -27.278 83.218 -15.709 -33.901 83.889 -15.605 -33.825
3 0 83.889 -15.605 -33.825 83.905 -20.432 -27.194 83.236 -20.536 -27.278
3 0 82.566 -20.421 -27.209 82.549 -15.601 -33.818 83.218 -15.709 -33.901
3 0 83.218 -15.709 -33.901 83.236 -20.536 -27.278 82.566 -20.421 -27.209
3 0 81.999 -20.105 -26.998 81.984 -15.296 -33.588 82.549 -15.601 -33.818
3 0 82.549 -15.601 -33.818 82.566 -20.421 -27.209 81.999 -20.105 -26.998
3 0 80.094 -17.748 -25.387 80.092 -13.008 -31.865 79.522 -13.309 -32.090
3 0 79.522 -13.309 -32.090 79.526 -18.055 -25.611 80.094 -17.748 -25.387
3 0 80.763 -17.645 -25.304 80.762 -12.903 -31.788 80.092 -13.008 -31.865
3 0 80.092 -13.008 -31.865 80.094 -17.748 -25.387 80.763 -17.645 -25.304
3 0 81.433 -17.759 -25.372 81.431 -13.012 -31.871 80.762 -12.903 -31.788
3 0 80.762 -12.903 -31.788 80.763 -17.645 -25.304 81.433 -17.759 -25.372
3 0 82.000 -18.075 -25.583 81.996 -13.317 -32.102 81.431 -13.012 -31.871
3 0 81.431 -13.012 -31.871 81.433 -17.759 -25.372 82.000 -18.075 -25.583
3 0 81.432 -20.412 -27.222 81.415 -15.597 -33.813 81.984 -15.296 -33.588
3 0 81.984 -15.296 -33.588 81.999 -20.105 -26.998 81.432 -20.412 -27.222
3 0 80.762 -20.516 -27.305 80.744 -15.702 -33.890 81.415 -15.597 -33.813
3 0 81.415 -15.597 -33.813 81.432 -20.412 -27.222 80.762 -20.516 -27.305
3 0 80.092 -20.401 -27.237 80.075 -15.593 -33.807 80.744 -15.702 -33.890
3 0 80.744 -15.702 -33.890 80.762 -20.516 -27.305 80.092 -20.401 -27.237
3 0 79.525 -20.085 -27.026 79.510 -15.288 -33.576 80.075 -15.593 -33.807
3 0 80.075 -15.593 -33.807 80.092 -20.401 -27.237 79.525 -20.085 -27.026
3 0 78.940 -15.590 -33.801 79.510 -15.288 -33.576 79.525 -20.085 -27.026
3 0 79.525 -20.085 -27.026 78.957 -20.392 -27.249 78.940 -15.590 -33.801
3 0 78.269 -15.694 -33.878 78.940 -15.590 -33.801 78.957 -20.392 -27.249
3 0 78.957 -20.392 -27.249 78.287 -20.495 -27.333 78.269 -15.694 -33.878
3 0 77.600 -15.586 -33.795 78.269 -15.694 -33.878 78.287 -20.495 -27.333
3 0 78.287 -20.495 -27.333 77.618 -20.381 -27.264 77.600 -15.586 -33.795
3 0 77.035 -15.281 -33.565 77.600 -15.586 -33.795 77.618 -20.381 -27.264
3 0 77.618 -20.381 -27.264 77.050 -20.065 -27.054 77.035 -15.281 -33.565
3 0 76.658 -14.826 -33.222 77.035 -15.281 -33.565 77.050 -20.065 -27.054
3 0 77.050 -20.065 -27.054 76.671 -19.596 -26.733 76.658 -14.826 -33.222
3 0 76.529 -14.290 -32.819 76.658 -14.826 -33.222 76.671 -19.596 -26.733
3 0 76.671 -19.596 -26.733 76.538 -19.045 -26.352 76.529 -14.290 -32.819
3 0 76.665 -13.755 -32.418 76.529 -14.290 -32.819 76.538 -19.045 -26.352
3 0 76.538 -19.045 -26.352 76.672 -18.497 -25.967 76.665 -13.755 -32.418
3 0 77.047 -13.302 -32.078 76.665 -13.755 -32.418 76.672 -18.497 -25.967
3 0 76.672 -18.497 -25.967 77.051 -18.034 -25.638 77.047 -13.302 -32.078
3 0 77.617 -13.000 -31.853 77.047 -13.302 -32.078 77.051 -18.034 -25.638
3 0 77.051 -18.034 -25.638 77.619 -17.728 -25.415 77.617 -13.000 -31.853
3 0 78.288 -12.896 -31.776 77.617 -13.000 -31.853 77.619 -17.728 -25.415
3 0 77.619 -17.728 -25.415 78.289 -17.624 -25.331 78.288 -12.896 -31.776
3 0 78.956 -13.004 -31.860 78.288 -12.896 -31.776 78.289 -17.624 -25.331
3 0 78.289 -17.624 -25.331 78.958 -17.739 -25.400 78.956 -13.004 -31.860
3 0 79.522 -13.309 -32.090 78.956 -13.004 -31.860 78.958 -17.739 -25.400
3 0 78.958 -17.739 -25.400 79.526 -18.055 -25.611 79.522 -13.309 -32.090
3 0 85.035 -8.107 -38.297 84.461 -8.399 -38.526 84.471 -13.324 -32.113
3 0 84.471 -13.324 -32.113 85.041 -13.023 -31.888 85.035 -8.107 -38.297
3 0 85.706 -8.009 -38.222 85.035 -8.107 -38.297 85.041 -13.023 -31.888
3 0 85.041 -13.023 -31.888 85.711 -12.918 -31.811 85.706 -8.009 -38.222
3 0 86.374 -8.120 -38.313 85.706 -8.009 -38.222 85.711 -12.918 -31.811
3 0 85.711 -12.918 -31.811 86.380 -13.027 -31.894 86.374 -8.120 -38.313
3 0 86.936 -8.423 -38.555 86.374 -8.120 -38.313 86.380 -13.027 -31.894
3 0 86.380 -13.027 -31.894 86.946 -13.332 -32.125 86.936 -8.423 -38.555
3 0 87.307 -8.871 -38.912 86.936 -8.423 -38.555 86.946 -13.332 -32.125
3 0 86.946 -13.332 -32.125 87.323 -13.787 -32.467 87.307 -8.871 -38.912
3 0 87.430 -9.397 -39.330 87.307 -8.871 -38.912 87.323 -13.787 -32.467
3 0 87.323 -13.787 -32.467 87.452 -14.323 -32.870 87.430 -9.397 -39.330
3 0 87.287 -9.920 -39.745 87.430 -9.397 -39.330 87.452 -14.323 -32.870
3 0 87.452 -14.323 -32.870 87.316 -14.858 -33.272 87.287 -9.920 -39.745
3 0 86.899 -10.361 -40.093 87.287 -9.920 -39.745 87.316 -14.858 -33.272
3 0 87.316 -14.858 -33.272 86.933 -15.310 -33.611 86.899 -10.361 -40.093
3 0 86.326 -10.653 -40.322 86.899 -10.361 -40.093 86.933 -15.310 -33.611
3 0 86.933 -15.310 -33.611 86.364 -15.612 -33.836 86.326 -10.653 -40.322
3 0 85.654 -10.751 -40.397 86.326 -10.653 -40.322 86.364 -15.612 -33.836
3 0 86.364 -15.612 -33.836 85.693 -15.716 -33.913 85.654 -10.751 -40.397
3 0 84.987 -10.640 -40.306 85.654 -10.751 -40.397 85.693 -15.716 -33.913
3 0 85.693 -15.716 -33.913 85.024 -15.608 -33.830 84.987 -10.640 -40.306
3 0 84.425 -10.338 -40.064 84.987 -10.640 -40.306 85.024 -15.608 -33.830
3 0 85.024 -15.608 -33.830 84.459 -15.303 -33.599 84.425 -10.338 -40.064
3 0 82.566 -13.015 -31.876 82.560 -8.084 -38.267 81.987 -8.376 -38.497
3 0 81.987 -8.376 -38.497 81.996 -13.317 -32.102 82.566 -13.015 -31.876
3 0 83.236 -12.911 -31.800 83.231 -7.986 -38.193 82.560 -8.084 -38.267
3 0 82.560 -8.084 -38.267 82.566 -13.015 -31.876 83.236 -12.911 -31.800
3 0 83.905 -13.019 -31.883 83.899 -8.096 -38.283 83.231 -7.986 -38.193
3 0 83.231 -7.986 -38.193 83.236 -12.911 -31.800 83.905 -13.019 -31.883
3 0 84.471 -13.324 -32.113 84.461 -8.399 -38.526 83.899 -8.096 -38.283
3 0 83.899 -8.096 -38.283 83.905 -13.019 -31.883 84.471 -13.324 -32.113
3 0 83.889 -15.605 -33.825 83.851 -10.629 -40.293 84.425 -10.338 -40.064
3 0 84.425 -10.338 -40.064 84.459 -15.303 -33.599 83.889 -15.605 -33.825
3 0 83.218 -15.709 -33.901 83.180 -10.727 -40.368 83.851 -10.629 -40.293
3 0 83.851 -10.629 -40.293 83.889 -15.605 -33.825 83.218 -15.709 -33.901
3 0 82.549 -15.601 -33.818 82.512 -10.617 -40.277 83.180 -10.727 -40.368
3 0 83.180 -10.727 -40.368 83.218 -15.709 -33.901 82.549 -15.601 -33.818
3 0 81.984 -15.296 -33.588 81.950 -10.314 -40.034 82.512 -10.617 -40.277
3 0 82.512 -10.617 -40.277 82.549 -15.601 -33.818 81.984 -15.296 -33.588
3 0 80.092 -13.008 -31.865 80.086 -8.060 -38.238 79.513 -8.352 -38.467
3 0 79.513 -8.352 -38.467 79.522 -13.309 -32.090 80.092 -13.008 -31.865
3 0 80.762 -12.903 -31.788 80.758 -7.962 -38.163 80.086 -8.060 -38.238
3 0 80.086 -8.060 -38.238 80.092 -13.008 -31.865 80.762 -12.903 -31.788
3 0 81.431 -13.012 -31.871 81.425 -8.073 -38.254 80.758 -7.962 -38.163
3 0 80.758 -7.962 -38.163 80.762 -12.903 -31.788 81.431 -13.012 -31.871
3 0 81.996 -13.317 -32.102 81.987 -8.376 -38.497 81.425 -8.073 -38.254
3 0 81.425 -8.073 -38.254 81.431 -13.012 -31.871 81.996 -13.317 -32.102
3 0 81.415 -15.597 -33.813 81.377 -10.606 -40.263 81.950 -10.314 -40.034
3 0 81.950 -10.314 -40.034 81.984 -15.296 -33.588 81.415 -15.597 -33.813
3 0 80.744 -15.702 -33.890 80.706 -10.704 -40.338 81.377 -10.606 -40.263
3 0 81.377 -10.606 -40.263 81.415 -15.597 -33.813 80.744 -15.702 -33.890
3 0 80.075 -15.593 -33.807 80.038 -10.593 -40.247 80.706 -10.704 -40.338
3 0 80.706 -10.704 -40.338 80.744 -15.702 -33.890 80.075 -15.593 -33.807
3 0 79.510 -15.288 -33.576 79.476 -10.291 -40.005 80.038 -10.593 -40.247
3 0 80.038 -10.593 -40.247 80.075 -15.593 -33.807 79.510 -15.288 -33.576
3 0 78.903 -10.582 -40.234 79.476 -10.291 -40.005 79.510 -15.288 -33.576
3 0 79.510 -15.288 -33.576 78.940 -15.590 -33.801 78.903 -10.582 -40.234
3 0 78.231 -10.680 -40.309 78.903 -10.582 -40.234 78.940 -15.590 -33.801
3 0 78.940 -15.590 -33.801 78.269 -15.694 -33.878 78.231 -10.680 -40.309
3 0 77.564 -10.570 -40.218 78.231 -10.680 -40.309 78.269 -15.694 -33.878
3 0 78.269 -15.694 -33.878 77.600 -15.586 -33.795 77.564 -10.570 -40.218
3 0 77.001 -10.267 -39.976 77.564 -10.570 -40.218 77.600 -15.586 -33.795
3 0 77.600 -15.586 -33.795 77.035 -15.281 -33.565 77.001 -10.267 -39.976
3 0 76.631 -9.819 -39.618 77.001 -10.267 -39.976 77.035 -15.281 -33.565
3 0 77.035 -15.281 -33.565 76.658 -14.826 -33.222 76.631 -9.819 -39.618
3 0 76.507 -9.293 -39.201 76.631 -9.819 -39.618 76.658 -14.826 -33.222
3 0 76.658 -14.826 -33.222 76.529 -14.290 -32.819 76.507 -9.293 -39.201
3 0 76.650 -8.770 -38.786 76.507 -9.293 -39.201 76.529 -14.290 -32.819
3 0 76.529 -14.290 -32.819 76.665 -13.755 -32.418 76.650 -8.770 -38.786
3 0 77.038 -8.329 -38.438 76.650 -8.770 -38.786 76.665 -13.755 -32.418
3 0 76.665 -13.755 -32.418 77.047 -13.302 -32.078 77.038 -8.329 -38.438
3 0 77.611 -8.037 -38.209 77.038 -8.329 -38.438 77.047 -13.302 -32.078
3 0 77.047 -13.302 -32.078 77.617 -13.000 -31.853 77.611 -8.037 -38.209
3 0 78.283 -7.939 -38.134 77.611 -8.037 -38.209 77.617 -13.000 -31.853
3 0 77.617 -13.000 -31.853 78.288 -12.896 -31.776 78.283 -7.939 -38.134
3 0 78.951 -8.049 -38.225 78.283 -7.939 -38.134 78.288 -12.896 -31.776
3 0 78.288 -12.896 -31.776 78.956 -13.004 -31.860 78.951 -8.049 -38.225
3 0 79.513 -8.352 -38.467 78.951 -8.049 -38.225 78.956 -13.004 -31.860
3 0 78.956 -13.004 -31.860 79.522 -13.309 -32.090 79.513 -8.352 -38.467
3 0 85.024 -3.352 -44.198 84.446 -3.632 -44.429 84.461 -8.399 -38.526
3 0 84.461 -8.399 -38.526 85.035 -8.107 -38.297 85.024 -3.352 -44.198
3 0 85.697 -3.262 -44.127 85.024 -3.352 -44.198 85.035 -8.107 -38.297
3 0 85.035 -8.107 -38.297 85.706 -8.009 -38.222 85.697 -3.262 -44.127
3 0 86.363 -3.376 -44.226 85.697 -3.262 -44.127 85.706 -8.009 -38.222
3 0 85.706 -8.009 -38.222 86.374 -8.120 -38.313 86.363 -3.376 -44.226
3 0 86.920 -3.677 -44.482 86.363 -3.376 -44.226 86.374 -8.120 -38.313
3 0 86.374 -8.120 -38.313 86.936 -8.423 -38.555 86.920 -3.677 -44.482
3 0 87.283 -4.120 -44.854 86.920 -3.677 -44.482 86.936 -8.423 -38.555
3 0 86.936 -8.423 -38.555 87.307 -8.871 -38.912 87.283 -4.120 -44.854
3 0 87.398 -4.636 -45.286 87.283 -4.120 -44.854 87.307 -8.871 -38.912
3 0 87.307 -8.871 -38.912 87.430 -9.397 -39.330 87.398 -4.636 -45.286
3 0 87.246 -5.147 -45.712 87.398 -4.636 -45.286 87.430 -9.397 -39.330
3 0 87.430 -9.397 -39.330 87.287 -9.920 -39.745 87.246 -5.147 -45.712
3 0 86.851 -5.576 -46.068 87.246 -5.147 -45.712 87.287 -9.920 -39.745
3 0 87.287 -9.920 -39.745 86.899 -10.361 -40.093 86.851 -5.576 -46.068
3 0 86.273 -5.856 -46.299 86.851 -5.576 -46.068 86.899 -10.361 -40.093
3 0 86.899 -10.361 -40.093 86.326 -10.653 -40.322 86.273 -5.856 -46.299
3 0 85.600 -5.946 -46.370 86.273 -5.856 -46.299 86.326 -10.653 -40.322
3 0 86.326 -10.653 -40.322 85.654 -10.751 -40.397 85.600 -5.946 -46.370
3 0 84.935 -5.832 -46.271 85.600 -5.946 -46.370 85.654 -10.751 -40.397
3 0 85.654 -10.751 -40.397 84.987 -10.640 -40.306 84.935 -5.832 -46.271
3 0 84.377 -5.531 -46.015 84.935 -5.832 -46.271 84.987 -10.640 -40.306
3 0 84.987 -10.640 -40.306 84.425 -10.338 -40.064 84.377 -5.531 -46.015
3 0 82.560 -8.084 -38.267 82.550 -3.307 -44.145 81.972 -3.587 -44.376
3 0 81.972 -3.587 -44.376 81.987 -8.376 -38.497 82.560 -8.084 -38.267
3 0 83.231 -7.986 -38.193 83.223 -3.217 -44.074 82.550 -3.307 -44.145
3 0 82.550 -3.307 -44.145 82.560 -8.084 -38.267 83.231 -7.986 -38.193
3 0 83.899 -8.096 -38.283 83.889 -3.331 -44.174 83.223 -3.217 -44.074
3 0 83.223 -3.217 -44.074 83.231 -7.986 -38.193 83.899 -8.096 -38.283
3 0 84.461 -8.399 -38.526 84.446 -3.632 -44.429 83.889 -3.331 -44.174
3 0 83.889 -3.331 -44.174 83.899 -8.096 -38.283 84.461 -8.399 -38.526
3 0 83.851 -10.629 -40.293 83.799 -5.811 -46.246 84.377 -5.531 -46.015
3 0 84.377 -5.531 -46.015 84.425 -10.338 -40.064 83.851 -10.629 -40.293
3 0 83.180 -10.727 -40.368 83.126 -5.901 -46.318 83.799 -5.811 -46.246
3 0 83.799 -5.811 -46.246 83.851 -10.629 -40.293 83.180 -10.727 -40.368
3 0 82.512 -10.617 -40.277 82.460 -5.787 -46.218 83.126 -5.901 -46.318
3 0 83.126 -5.901 -46.318 83.180 -10.727 -40.368 82.512 -10.617 -40.277
3 0 81.950 -10.314 -40.034 81.903 -5.486 -45.963 82.460 -5.787 -46.218
3 0 82.460 -5.787 -46.218 82.512 -10.617 -40.277 81.950 -10.314 -40.034
3 0 80.086 -8.060 -38.238 80.077 -3.262 -44.092 79.499 -3.543 -44.324
3 0 79.499 -3.543 -44.324 79.513 -8.352 -38.467 80.086 -8.060 -38.238
3 0 80.758 -7.962 -38.163 80.750 -3.172 -44.021 80.077 -3.262 -44.092
3 0 80.077 -3.262 -44.092 80.086 -8.060 -38.238 80.758 -7.962 -38.163
3 0 81.425 -8.073 -38.254 81.415 -3.286 -44.121 80.750 -3.172 -44.021
3 0 80.750 -3.172 -44.021 80.758 -7.962 -38.163 81.425 -8.073 -38.254
3 0 81.987 -8.376 -38.497 81.972 -3.587 -44.376 81.415 -3.286 -44.121
3 0 81.415 -3.286 -44.121 81.425 -8.073 -38.254 81.987 -8.376 -38.497
3 0 81.377 -10.606 -40.263 81.326 -5.766 -46.194 81.903 -5.486 -45.963
3 0 81.903 -5.486 -45.963 81.950 -10.314 -40.034 81.377 -10.606 -40.263
3 0 80.706 -10.704 -40.338 80.653 -5.856 -46.265 81.326 -5.766 -46.194
3 0 81.326 -5.766 -46.194 81.377 -10.606 -40.263 80.706 -10.704 -40.338
3 0 80.038 -10.593 -40.247 79.987 -5.742 -46.165 80.653 -5.856 -46.265
3 0 80.653 -5.856 -46.265 80.706 -10.704 -40.338 80.038 -10.593 -40.247
3 0 79.476 -10.291 -40.005 79.430 -5.441 -45.910 79.987 -5.742 -46.165
3 0 79.987 -5.742 -46.165 80.038 -10.593 -40.247 79.476 -10.291 -40.005
3 0 78.852 -5.722 -46.141 79.430 -5.441 -45.910 79.476 -10.291 -40.005
3 0 79.476 -10.291 -40.005 78.903 -10.582 -40.234 78.852 -5.722 -46.141
3 0 78.179 -5.811 -46.212 78.852 -5.722 -46.141 78.903 -10.582 -40.234
3 0 78.903 -10.582 -40.234 78.231 -10.680 -40.309 78.179 -5.811 -46.212
3 0 77.513 -5.697 -46.113 78.179 -5.811 -46.212 78.231 -10.680 -40.309
3 0 78.231 -10.680 -40.309 77.564 -10.570 -40.218 77.513 -5.697 -46.113
3 0 76.956 -5.396 -45.857 77.513 -5.697 -46.113 77.564 -10.570 -40.218
3 0 77.564 -10.570 -40.218 77.001 -10.267 -39.976 76.956 -5.396 -45.857
3 0 76.593 -4.954 -45.485 76.956 -5.396 -45.857 77.001 -10.267 -39.976
3 0 77.001 -10.267 -39.976 76.631 -9.819 -39.618 76.593 -4.954 -45.485
3 0 76.478 -4.437 -45.053 76.593 -4.954 -45.485 76.631 -9.819 -39.618
3 0 76.631 -9.819 -39.618 76.507 -9.293 -39.201 76.478 -4.437 -45.053
3 0 76.630 -3.926 -44.627 76.478 -4.437 -45.053 76.507 -9.293 -39.201
3 0 76.507 -9.293 -39.201 76.650 -8.770 -38.786 76.630 -3.926 -44.627
3 0 77.025 -3.498 -44.271 76.630 -3.926 -44.627 76.650 -8.770 -38.786
3 0 76.650 -8.770 -38.786 77.038 -8.329 -38.438 77.025 -3.498 -44.271
3 0 77.603 -3.217 -44.040 77.025 -3.498 -44.271 77.038 -8.329 -38.438
3 0 77.038 -8.329 -38.438 77.611 -8.037 -38.209 77.603 -3.217 -44.040
3 0 78.276 -3.127 -43.969 77.603 -3.217 -44.040 77.611 -8.037 -38.209
3 0 77.611 -8.037 -38.209 78.283 -7.939 -38.134 78.276 -3.127 -43.969
3 0 78.941 -3.241 -44.068 78.276 -3.127 -43.969 78.283 -7.939 -38.134
3 0 78.283 -7.939 -38.134 78.951 -8.049 -38.225 78.941 -3.241 -44.068
3 0 79.499 -3.543 -44.324 78.941 -3.241 -44.068 78.951 -8.049 -38.225
3 0 78.951 -8.049 -38.225 79.513 -8.352 -38.467 79.499 -3.543 -44.324
3 0 85.006 1.869 -50.363 84.422 1.601 -50.594 84.446 -3.632 -44.429
3 0 84.446 -3.632 -44.429 85.024 -3.352 -44.198 85.006 1.869 -50.363
3 0 85.681 1.949 -50.298 85.006 1.869 -50.363 85.024 -3.352 -44.198
3 0 85.024 -3.352 -44.198 85.697 -3.262 -44.127 85.681 1.949 -50.298
3 0 86.344 1.829 -50.408 85.681 1.949 -50.298 85.697 -3.262 -44.127
3 0 85.697 -3.262 -44.127 86.363 -3.376 -44.226 86.344 1.829 -50.408
3 0 86.895 1.528 -50.678 86.344 1.829 -50.408 86.363 -3.376 -44.226
3 0 86.363 -3.376 -44.226 86.920 -3.677 -44.482 86.895 1.528 -50.678
3 0 87.248 1.092 -51.066 86.895 1.528 -50.678 86.920 -3.677 -44.482
3 0 86.920 -3.677 -44.482 87.283 -4.120 -44.854 87.248 1.092 -51.066
3 0 87.352 0.586 -51.513 87.248 1.092 -51.066 87.283 -4.120 -44.854
3 0 87.283 -4.120 -44.854 87.398 -4.636 -45.286 87.352 0.586 -51.513
3 0 87.189 0.088 -51.951 87.352 0.586 -51.513 87.398 -4.636 -45.286
3 0 87.398 -4.636 -45.286 87.246 -5.147 -45.712 87.189 0.088 -51.951
3 0 86.784 -0.326 -52.313 87.189 0.088 -51.951 87.246 -5.147 -45.712
3 0 87.246 -5.147 -45.712 86.851 -5.576 -46.068 86.784 -0.326 -52.313
3 0 86.200 -0.594 -52.545 86.784 -0.326 -52.313 86.851 -5.576 -46.068
3 0 86.851 -5.576 -46.068 86.273 -5.856 -46.299 86.200 -0.594 -52.545
3 0 85.525 -0.674 -52.610 86.200 -0.594 -52.545 86.273 -5.856 -46.299
3 0 86.273 -5.856 -46.299 85.600 -5.946 -46.370 85.525 -0.674 -52.610
3 0 84.862 -0.554 -52.499 85.525 -0.674 -52.610 85.600 -5.946 -46.370
3 0 85.600 -5.946 -46.370 84.935 -5.832 -46.271 84.862 -0.554 -52.499
3 0 84.312 -0.253 -52.229 84.862 -0.554 -52.499 84.935 -5.832 -46.271
3 0 84.935 -5.832 -46.271 84.377 -5.531 -46.015 84.312 -0.253 -52.229
3 0 82.550 -3.307 -44.145 82.534 1.942 -50.279 81.950 1.674 -50.510
3 0 81.950 1.674 -50.510 81.972 -3.587 -44.376 82.550 -3.307 -44.145
3 0 83.223 -3.217 -44.074 83.209 2.022 -50.213 82.534 1.942 -50.279
3 0 82.534 1.942 -50.279 82.550 -3.307 -44.145 83.223 -3.217 -44.074
3 0 83.889 -3.331 -44.174 83.872 1.902 -50.324 83.209 2.022 -50.213
3 0 83.209 2.022 -50.213 83.223 -3.217 -44.074 83.889 -3.331 -44.174
3 0 84.446 -3.632 -44.429 84.422 1.601 -50.594 83.872 1.902 -50.324
3 0 83.872 1.902 -50.324 83.889 -3.331 -44.174 84.446 -3.632 -44.429
3 0 83.799 -5.811 -46.246 83.728 -0.521 -52.461 84.312 -0.253 -52.229
3 0 84.312 -0.253 -52.229 84.377 -5.531 -46.015 83.799 -5.811 -46.246
3 0 83.126 -5.901 -46.318 83.053 -0.601 -52.526 83.728 -0.521 -52.461
3 0 83.728 -0.521 -52.461 83.799 -5.811 -46.246 83.126 -5.901 -46.318
3 0 82.460 -5.787 -46.218 82.390 -0.481 -52.415 83.053 -0.601 -52.526
3 0 83.053 -0.601 -52.526 83.126 -5.901 -46.318 82.460 -5.787 -46.218
3 0 81.903 -5.486 -45.963 81.840 -0.180 -52.145 82.390 -0.481 -52.415
3 0 82.390 -0.481 -52.415 82.460 -5.787 -46.218 81.903 -5.486 -45.963
3 0 80.077 -3.262 -44.092 80.062 2.015 -50.195 79.478 1.747 -50.426
3 0 79.478 1.747 -50.426 79.499 -3.543 -44.324 80.077 -3.262 -44.092
3 0 80.750 -3.172 -44.021 80.737 2.095 -50.129 80.062 2.015 -50.195
3 0 80.062 2.015 -50.195 80.077 -3.262 -44.092 80.750 -3.172 -44.021
3 0 81.415 -3.286 -44.121 81.400 1.975 -50.240 80.737 2.095 -50.129
3 0 80.737 2.095 -50.129 80.750 -3.172 -44.021 81.415 -3.286 -44.121
3 0 81.972 -3.587 -44.376 81.950 1.674 -50.510 81.400 1.975 -50.240
3 0 81.400 1.975 -50.240 81.415 -3.286 -44.121 81.972 -3.587 -44.376
3 0 81.326 -5.766 -46.194 81.256 -0.448 -52.377 81.840 -0.180 -52.145
3 0 81.840 -0.180 -52.145 81.903 -5.486 -45.963 81.326 -5.766 -46.194
3 0 80.653 -5.856 -46.265 80.581 -0.528 -52.442 81.256 -0.448 -52.377
3 0 81.256 -0.448 -52.377 81.326 -5.766 -46.194 80.653 -5.856 -46.265
3 0 79.987 -5.742 -46.165 79.918 -0.408 -52.331 80.581 -0.528 -52.442
3 0 80.581 -0.528 -52.442 80.653 -5.856 -46.265 79.987 -5.742 -46.165
3 0 79.430 -5.441 -45.910 79.368 -0.107 -52.061 79.918 -0.408 -52.331
3 0 79.918 -0.408 -52.331 79.987 -5.742 -46.165 79.430 -5.441 -45.910
3 0 78.784 -0.375 -52.292 79.368 -0.107 -52.061 79.430 -5.441 -45.910
3 0 79.430 -5.441 -45.910 78.852 -5.722 -46.141 78.784 -0.375 -52.292
3 0 78.109 -0.455 -52.358 78.784 -0.375 -52.292 78.852 -5.722 -46.141
3 0 78.852 -5.722 -46.141 78.179 -5.811 -46.212 78.109 -0.455 -52.358
3 0 77.446 -0.335 -52.247 78.109 -0.455 -52.358 78.179 -5.811 -46.212
3 0 78.179 -5.811 -46.212 77.513 -5.697 -46.113 77.446 -0.335 -52.247
3 0 76.896 -0.034 -51.977 77.446 -0.335 -52.247 77.513 -5.697 -46.113
3 0 77.513 -5.697 -46.113 76.956 -5.396 -45.857 76.896 -0.034 -51.977
3 0 76.542 0.402 -51.589 76.896 -0.034 -51.977 76.956 -5.396 -45.857
3 0 76.956 -5.396 -45.857 76.593 -4.954 -45.485 76.542 0.402 -51.589
3 0 76.439 0.908 -51.142 76.542 0.402 -51.589 76.593 -4.954 -45.485
3 0 76.593 -4.954 -45.485 76.478 -4.437 -45.053 76.439 0.908 -51.142
3 0 76.602 1.406 -50.704 76.439 0.908 -51.142 76.478 -4.437 -45.053
3 0 76.478 -4.437 -45.053 76.630 -3.926 -44.627 76.602 1.406 -50.704
3 0 77.006 1.820 -50.342 76.602 1.406 -50.704 76.630 -3.926 -44.627
3 0 76.630 -3.926 -44.627 77.025 -3.498 -44.271 77.006 1.820 -50.342
3 0 77.590 2.088 -50.111 77.006 1.820 -50.342 77.025 -3.498 -44.271
3 0 77.025 -3.498 -44.271 77.603 -3.217 -44.040 77.590 2.088 -50.111
3 0 78.265 2.168 -50.045 77.590 2.088 -50.111 77.603 -3.217 -44.040
3 0 77.603 -3.217 -44.040 78.276 -3.127 -43.969 78.265 2.168 -50.045
3 0 78.928 2.048 -50.156 78.265 2.168 -50.045 78.276 -3.127 -43.969
3 0 78.276 -3.127 -43.969 78.941 -3.241 -44.068 78.928 2.048 -50.156
3 0 79.478 1.747 -50.426 78.928 2.048 -50.156 78.941 -3.241 -44.068
3 0 78.941 -3.241 -44.068 79.499 -3.543 -44.324 79.478 1.747 -50.426
3 0 84.987 7.243 -56.393 84.395 6.991 -56.622 84.422 1.601 -50.594
3 0 84.422 1.601 -50.594 85.006 1.869 -50.363 84.987 7.243 -56.393
3 0 85.664 7.310 -56.337 84.987 7.243 -56.393 85.006 1.869 -50.363
3 0 85.006 1.869 -50.363 85.681 1.949 -50.298 85.664 7.310 -56.337
3 0 86.323 7.183 -56.462 85.664 7.310 -56.337 85.681 1.949 -50.298
3 0 85.681 1.949 -50.298 86.344 1.829 -50.408 86.323 7.183 -56.462
3 0 86.864 6.881 -56.749 86.323 7.183 -56.462 86.344 1.829 -50.408
3 0 86.344 1.829 -50.408 86.895 1.528 -50.678 86.864 6.881 -56.749
3 0 87.204 6.450 -57.155 86.864 6.881 -56.749 86.895 1.528 -50.678
3 0 86.895 1.528 -50.678 87.248 1.092 -51.066 87.204 6.450 -57.155
3 0 87.292 5.956 -57.618 87.204 6.450 -57.155 87.248 1.092 -51.066
3 0 87.248 1.092 -51.066 87.352 0.586 -51.513 87.292 5.956 -57.618
3 0 87.113 5.473 -58.067 87.292 5.956 -57.618 87.352 0.586 -51.513
3 0 87.352 0.586 -51.513 87.189 0.088 -51.951 87.113 5.473 -58.067
3 0 86.697 5.076 -58.434 87.113 5.473 -58.067 87.189 0.088 -51.951
3 0 87.189 0.088 -51.951 86.784 -0.326 -52.313 86.697 5.076 -58.434
3 0 86.105 4.824 -58.663 86.697 5.076 -58.434 86.784 -0.326 -52.313
3 0 86.784 -0.326 -52.313 86.200 -0.594 -52.545 86.105 4.824 -58.663
3 0 85.428 4.757 -58.719 86.105 4.824 -58.663 86.200 -0.594 -52.545
3 0 86.200 -0.594 -52.545 85.525 -0.674 -52.610 85.428 4.757 -58.719
3 0 84.768 4.884 -58.594 85.428 4.757 -58.719 85.525 -0.674 -52.610
3 0 85.525 -0.674 -52.610 84.862 -0.554 -52.499 84.768 4.884 -58.594
3 0 84.228 5.186 -58.307 84.768 4.884 -58.594 84.862 -0.554 -52.499
3 0 84.862 -0.554 -52.499 84.312 -0.253 -52.229 84.228 5.186 -58.307
3 0 82.534 1.942 -50.279 82.517 7.353 -56.266 81.925 7.101 -56.495
3 0 81.925 7.101 -56.495 81.950 1.674 -50.510 82.534 1.942 -50.279
3 0 83.209 2.022 -50.213 83.194 7.420 -56.210 82.517 7.353 -56.266
3 0 82.517 7.353 -56.266 82.534 1.942 -50.279 83.209 2.022 -50.213
3 0 83.872 1.902 -50.324 83.854 7.293 -56.335 83.194 7.420 -56.210
3 0 83.194 7.420 -56.210 83.209 2.022 -50.213 83.872 1.902 -50.324
3 0 84.422 1.601 -50.594 84.395 6.991 -56.622 83.854 7.293 -56.335
3 0 83.854 7.293 -56.335 83.872 1.902 -50.324 84.422 1.601 -50.594
3 0 83.728 -0.521 -52.461 83.635 4.934 -58.536 84.228 5.186 -58.307
3 0 84.228 5.186 -58.307 84.312 -0.253 -52.229 83.728 -0.521 -52.461
3 0 83.053 -0.601 -52.526 82.958 4.867 -58.592 83.635 4.934 -58.536
3 0 83.635 4.934 -58.536 83.728 -0.521 -52.461 83.053 -0.601 -52.526
3 0 82.390 -0.481 -52.415 82.299 4.994 -58.467 82.958 4.867 -58.592
3 0 82.958 4.867 -58.592 83.053 -0.601 -52.526 82.390 -0.481 -52.415
3 0 81.840 -0.180 -52.145 81.758 5.296 -58.180 82.299 4.994 -58.467
3 0 82.299 4.994 -58.467 82.390 -0.481 -52.415 81.840 -0.180 -52.145
3 0 80.062 2.015 -50.195 80.049 7.462 -56.139 79.457 7.211 -56.368
3 0 79.457 7.211 -56.368 79.478 1.747 -50.426 80.062 2.015 -50.195
3 0 80.737 2.095 -50.129 80.726 7.530 -56.083 80.049 7.462 -56.139
3 0 80.049 7.462 -56.139 80.062 2.015 -50.195 80.737 2.095 -50.129
3 0 81.400 1.975 -50.240 81.385 7.403 -56.208 80.726 7.530 -56.083
3 0 80.726 7.530 -56.083 80.737 2.095 -50.129 81.400 1.975 -50.240
3 0 81.950 1.674 -50.510 81.925 7.101 -56.495 81.385 7.403 -56.208
3 0 81.385 7.403 -56.208 81.400 1.975 -50.240 81.950 1.674 -50.510
3 0 81.256 -0.448 -52.377 81.167 5.044 -58.409 81.758 5.296 -58.180
3 0 81.758 5.296 -58.180 81.840 -0.180 -52.145 81.256 -0.448 -52.377
3 0 80.581 -0.528 -52.442 80.490 4.977 -58.465 81.167 5.044 -58.409
3 0 81.167 5.044 -58.409 81.256 -0.448 -52.377 80.581 -0.528 -52.442
3 0 79.918 -0.408 -52.331 79.831 5.104 -58.340 80.490 4.977 -58.465
3 0 80.490 4.977 -58.465 80.581 -0.528 -52.442 79.918 -0.408 -52.331
3 0 79.368 -0.107 -52.061 79.290 5.406 -58.053 79.831 5.104 -58.340
3 0 79.831 5.104 -58.340 79.918 -0.408 -52.331 79.368 -0.107 -52.061
3 0 78.698 5.154 -58.282 79.290 5.406 -58.053 79.368 -0.107 -52.061
3 0 79.368 -0.107 -52.061 78.784 -0.375 -52.292 78.698 5.154 -58.282
3 0 78.021 5.087 -58.338 78.698 5.154 -58.282 78.784 -0.375 -52.292
3 0 78.784 -0.375 -52.292 78.109 -0.455 -52.358 78.021 5.087 -58.338
3 0 77.361 5.214 -58.213 78.021 5.087 -58.338 78.109 -0.455 -52.358
3 0 78.109 -0.455 -52.358 77.446 -0.335 -52.247 77.361 5.214 -58.213
3 0 76.821 5.515 -57.926 77.361 5.214 -58.213 77.446 -0.335 -52.247
3 0 77.446 -0.335 -52.247 76.896 -0.034 -51.977 76.821 5.515 -57.926
3 0 76.480 5.946 -57.520 76.821 5.515 -57.926 76.896 -0.034 -51.977
3 0 76.896 -0.034 -51.977 76.542 0.402 -51.589 76.480 5.946 -57.520
3 0 76.393 6.441 -57.057 76.480 5.946 -57.520 76.542 0.402 -51.589
3 0 76.542 0.402 -51.589 76.439 0.908 -51.142 76.393 6.441 -57.057
3 0 76.571 6.923 -56.608 76.393 6.441 -57.057 76.439 0.908 -51.142
3 0 76.439 0.908 -51.142 76.602 1.406 -50.704 76.571 6.923 -56.608
3 0 76.988 7.321 -56.241 76.571 6.923 -56.608 76.602 1.406 -50.704
3 0 76.602 1.406 -50.704 77.006 1.820 -50.342 76.988 7.321 -56.241
3 0 77.580 7.572 -56.012 76.988 7.321 -56.241 77.006 1.820 -50.342
3 0 77.006 1.820 -50.342 77.590 2.088 -50.111 77.580 7.572 -56.012
3 0 78.257 7.640 -55.956 77.580 7.572 -56.012 77.590 2.088 -50.111
3 0 77.590 2.088 -50.111 78.265 2.168 -50.045 78.257 7.640 -55.956
3 0 78.916 7.513 -56.081 78.257 7.640 -55.956 78.265 2.168 -50.045
3 0 78.265 2.168 -50.045 78.928 2.048 -50.156 78.916 7.513 -56.081
3 0 79.457 7.211 -56.368 78.916 7.513 -56.081 78.928 2.048 -50.156
3 0 78.928 2.048 -50.156 79.478 1.747 -50.426 79.457 7.211 -56.368
3 0 84.966 12.771 -62.283 84.364 12.539 -62.506 84.395 6.991 -56.622
3 0 84.395 6.991 -56.622 84.987 7.243 -56.393 84.966 12.771 -62.283
3 0 85.646 12.822 -62.240 84.966 12.771 -62.283 84.987 7.243 -56.393
3 0 84.987 7.243 -56.393 85.664 7.310 -56.337 85.646 12.822 -62.240
3 0 86.299 12.685 -62.384 85.646 12.822 -62.240 85.664 7.310 -56.337
3 0 85.664 7.310 -56.337 86.323 7.183 -56.462 86.299 12.685 -62.384
3 0 86.827 12.380 -62.692 86.299 12.685 -62.384 86.323 7.183 -56.462
3 0 86.323 7.183 -56.462 86.864 6.881 -56.749 86.827 12.380 -62.692
3 0 87.148 11.955 -63.119 86.827 12.380 -62.692 86.864 6.881 -56.749
3 0 86.864 6.881 -56.749 87.204 6.450 -57.155 87.148 11.955 -63.119
3 0 87.215 11.473 -63.598 87.148 11.955 -63.119 87.204 6.450 -57.155
3 0 87.204 6.450 -57.155 87.292 5.956 -57.618 87.215 11.473 -63.598
3 0 87.016 11.008 -64.057 87.215 11.473 -63.598 87.292 5.956 -57.618
3 0 87.292 5.956 -57.618 87.113 5.473 -58.067 87.016 11.008 -64.057
3 0 86.582 10.631 -64.426 87.016 11.008 -64.057 87.113 5.473 -58.067
3 0 87.113 5.473 -58.067 86.697 5.076 -58.434 86.582 10.631 -64.426
3 0 85.980 10.400 -64.649 86.582 10.631 -64.426 86.697 5.076 -58.434
3 0 86.697 5.076 -58.434 86.105 4.824 -58.663 85.980 10.400 -64.649
3 0 85.300 10.348 -64.692 85.980 10.400 -64.649 86.105 4.824 -58.663
3 0 86.105 4.824 -58.663 85.428 4.757 -58.719 85.300 10.348 -64.692
3 0 84.647 10.485 -64.548 85.300 10.348 -64.692 85.428 4.757 -58.719
3 0 85.428 4.757 -58.719 84.768 4.884 -58.594 84.647 10.485 -64.548
3 0 84.120 10.790 -64.239 84.647 10.485 -64.548 84.768 4.884 -58.594
3 0 84.768 4.884 -58.594 84.228 5.186 -58.307 84.120 10.790 -64.239
3 0 82.517 7.353 -56.266 82.504 12.929 -62.096 81.901 12.698 -62.319
3 0 81.901 12.698 -62.319 81.925 7.101 -56.495 82.517 7.353 -56.266
3 0 83.194 7.420 -56.210 83.183 12.980 -62.053 82.504 12.929 -62.096
3 0 82.504 12.929 -62.096 82.517 7.353 -56.266 83.194 7.420 -56.210
3 0 83.854 7.293 -56.335 83.836 12.843 -62.197 83.183 12.980 -62.053
3 0 83.183 12.980 -62.053 83.194 7.420 -56.210 83.854 7.293 -56.335
3 0 84.395 6.991 -56.622 84.364 12.539 -62.506 83.836 12.843 -62.197
3 0 83.836 12.843 -62.197 83.854 7.293 -56.335 84.395 6.991 -56.622
3 0 83.635 4.934 -58.536 83.517 10.558 -64.462 84.120 10.790 -64.239
3 0 84.120 10.790 -64.239 84.228 5.186 -58.307 83.635 4.934 -58.536
3 0 82.958 4.867 -58.592 82.838 10.507 -64.505 83.517 10.558 -64.462
3 0 83.517 10.558 -64.462 83.635 4.934 -58.536 82.958 4.867 -58.592
3 0 82.299 4.994 -58.467 82.184 10.644 -64.361 82.838 10.507 -64.505
3 0 82.838 10.507 -64.505 82.958 4.867 -58.592 82.299 4.994 -58.467
3 0 81.758 5.296 -58.180 81.657 10.949 -64.052 82.184 10.644 -64.361
3 0 82.184 10.644 -64.361 82.299 4.994 -58.467 81.758 5.296 -58.180
3 0 80.049 7.462 -56.139 80.042 13.088 -61.909 79.439 12.856 -62.132
3 0 79.439 12.856 -62.132 79.457 7.211 -56.368 80.049 7.462 -56.139
3 0 80.726 7.530 -56.083 80.721 13.139 -61.866 80.042 13.088 -61.909
3 0 80.042 13.088 -61.909 80.049 7.462 -56.139 80.726 7.530 -56.083
3 0 81.385 7.403 -56.208 81.375 13.002 -62.010 80.721 13.139 -61.866
3 0 80.721 13.139 -61.866 80.726 7.530 -56.083 81.385 7.403 -56.208
3 0 81.925 7.101 -56.495 81.901 12.698 -62.319 81.375 13.002 -62.010
3 0 81.375 13.002 -62.010 81.385 7.403 -56.208 81.925 7.101 -56.495
3 0 81.167 5.044 -58.409 81.055 10.717 -64.275 81.657 10.949 -64.052
3 0 81.657 10.949 -64.052 81.758 5.296 -58.180 81.167 5.044 -58.409
3 0 80.490 4.977 -58.465 80.376 10.666 -64.318 81.055 10.717 -64.275
3 0 81.055 10.717 -64.275 81.167 5.044 -58.409 80.490 4.977 -58.465
3 0 79.831 5.104 -58.340 79.723 10.803 -64.174 80.376 10.666 -64.318
3 0 80.376 10.666 -64.318 80.490 4.977 -58.465 79.831 5.104 -58.340
3 0 79.290 5.406 -58.053 79.195 11.107 -63.866 79.723 10.803 -64.174
3 0 79.723 10.803 -64.174 79.831 5.104 -58.340 79.290 5.406 -58.053
3 0 78.593 10.876 -64.088 79.195 11.107 -63.866 79.290 5.406 -58.053
3 0 79.290 5.406 -58.053 78.698 5.154 -58.282 78.593 10.876 -64.088
3 0 77.913 10.825 -64.131 78.593 10.876 -64.088 78.698 5.154 -58.282
3 0 78.698 5.154 -58.282 78.021 5.087 -58.338 77.913 10.825 -64.131
3 0 77.260 10.962 -63.987 77.913 10.825 -64.131 78.021 5.087 -58.338
3 0 78.021 5.087 -58.338 77.361 5.214 -58.213 77.260 10.962 -63.987
3 0 76.732 11.266 -63.679 77.260 10.962 -63.987 77.361 5.214 -58.213
3 0 77.361 5.214 -58.213 76.821 5.515 -57.926 76.732 11.266 -63.679
3 0 76.411 11.692 -63.252 76.732 11.266 -63.679 76.821 5.515 -57.926
3 0 76.821 5.515 -57.926 76.480 5.946 -57.520 76.411 11.692 -63.252
3 0 76.344 12.173 -62.773 76.411 11.692 -63.252 76.480 5.946 -57.520
3 0 76.480 5.946 -57.520 76.393 6.441 -57.057 76.344 12.173 -62.773
3 0 76.543 12.638 -62.314 76.344 12.173 -62.773 76.393 6.441 -57.057
3 0 76.393 6.441 -57.057 76.571 6.923 -56.608 76.543 12.638 -62.314
3 0 76.977 13.015 -61.945 76.543 12.638 -62.314 76.571 6.923 -56.608
3 0 76.571 6.923 -56.608 76.988 7.321 -56.241 76.977 13.015 -61.945
3 0 77.579 13.247 -61.722 76.977 13.015 -61.945 76.988 7.321 -56.241
3 0 76.988 7.321 -56.241 77.580 7.572 -56.012 77.579 13.247 -61.722
3 0 78.259 13.298 -61.679 77.579 13.247 -61.722 77.580 7.572 -56.012
3 0 77.580 7.572 -56.012 78.257 7.640 -55.956 78.259 13.298 -61.679
3 0 78.912 13.161 -61.823 78.259 13.298 -61.679 78.257 7.640 -55.956
3 0 78.257 7.640 -55.956 78.916 7.513 -56.081 78.912 13.161 -61.823
3 0 79.439 12.856 -62.132 78.912 13.161 -61.823 78.916 7.513 -56.081
3 0 78.916 7.513 -56.081 79.457 7.211 -56.368 79.439 12.856 -62.132
3 0 84.947 18.461 -68.021 84.331 18.253 -68.232 84.364 12.539 -62.506
3 0 84.364 12.539 -62.506 84.966 12.771 -62.283 84.947 18.461 -68.021
3 0 85.628 18.492 -67.998 84.947 18.461 -68.021 84.966 12.771 -62.283
3 0 84.966 12.771 -62.283 85.646 12.822 -62.240 85.628 18.492 -67.998
3 0 86.273 18.341 -68.167 85.628 18.492 -67.998 85.646 12.822 -62.240
3 0 85.646 12.822 -62.240 86.299 12.685 -62.384 86.273 18.341 -68.167
3 0 86.781 18.031 -68.500 86.273 18.341 -68.167 86.299 12.685 -62.384
3 0 86.299 12.685 -62.384 86.827 12.380 -62.692 86.781 18.031 -68.500
3 0 87.077 17.609 -68.949 86.781 18.031 -68.500 86.827 12.380 -62.692
3 0 86.827 12.380 -62.692 87.148 11.955 -63.119 87.077 17.609 -68.949
3 0 87.115 17.140 -69.443 87.077 17.609 -68.949 87.148 11.955 -63.119
3 0 87.148 11.955 -63.119 87.215 11.473 -63.598 87.115 17.140 -69.443
3 0 86.889 16.695 -69.909 87.115 17.140 -69.443 87.215 11.473 -63.598
3 0 87.215 11.473 -63.598 87.016 11.008 -64.057 86.889 16.695 -69.909
3 0 86.433 16.342 -70.275 86.889 16.695 -69.909 87.016 11.008 -64.057
3 0 87.016 11.008 -64.057 86.582 10.631 -64.426 86.433 16.342 -70.275
3 0 85.818 16.134 -70.486 86.433 16.342 -70.275 86.582 10.631 -64.426
3 0 86.582 10.631 -64.426 85.980 10.400 -64.649 85.818 16.134 -70.486
3 0 85.136 16.103 -70.509 85.818 16.134 -70.486 85.980 10.400 -64.649
3 0 85.980 10.400 -64.649 85.300 10.348 -64.692 85.136 16.103 -70.509
3 0 84.492 16.254 -70.341 85.136 16.103 -70.509 85.300 10.348 -64.692
3 0 85.300 10.348 -64.692 84.647 10.485 -64.548 84.492 16.254 -70.341
3 0 83.983 16.564 -70.007 84.492 16.254 -70.341 84.647 10.485 -64.548
3 0 84.647 10.485 -64.548 84.120 10.790 -64.239 83.983 16.564 -70.007
3 0 82.504 12.929 -62.096 82.496 18.684 -67.753 81.881 18.476 -67.963
3 0 81.881 18.476 -67.963 81.901 12.698 -62.319 82.504 12.929 -62.096
3 0 83.183 12.980 -62.053 83.178 18.715 -67.730 82.496 18.684 -67.753
3 0 82.496 18.684 -67.753 82.504 12.929 -62.096 83.183 12.980 -62.053
3 0 83.836 12.843 -62.197 83.822 18.563 -67.898 83.178 18.715 -67.730
3 0 83.178 18.715 -67.730 83.183 12.980 -62.053 83.836 12.843 -62.197
3 0 84.364 12.539 -62.506 84.331 18.253 -68.232 83.822 18.563 -67.898
3 0 83.822 18.563 -67.898 83.836 12.843 -62.197 84.364 12.539 -62.506
3 0 83.517 10.558 -64.462 83.368 16.357 -70.217 83.983 16.564 -70.007
3 0 83.983 16.564 -70.007 84.120 10.790 -64.239 83.517 10.558 -64.462
3 0 82.838 10.507 -64.505 82.686 16.326 -70.240 83.368 16.357 -70.217
3 0 83.368 16.357 -70.217 83.517 10.558 -64.462 82.838 10.507 -64.505
3 0 82.184 10.644 -64.361 82.042 16.477 -70.072 82.686 16.326 -70.240
3 0 82.686 16.326 -70.240 82.838 10.507 -64.505 82.184 10.644 -64.361
3 0 81.657 10.949 -64.052 81.533 16.787 -69.738 82.042 16.477 -70.072
3 0 82.042 16.477 -70.072 82.184 10.644 -64.361 81.657 10.949 -64.052
3 0 80.042 13.088 -61.909 80.047 18.907 -67.484 79.432 18.699 -67.695
3 0 79.432 18.699 -67.695 79.439 12.856 -62.132 80.042 13.088 -61.909
3 0 80.721 13.139 -61.866 80.729 18.937 -67.461 80.047 18.907 -67.484
3 0 80.047 18.907 -67.484 80.042 13.088 -61.909 80.721 13.139 -61.866
3 0 81.375 13.002 -62.010 81.373 18.786 -67.630 80.729 18.937 -67.461
3 0 80.729 18.937 -67.461 80.721 13.139 -61.866 81.375 13.002 -62.010
3 0 81.901 12.698 -62.319 81.881 18.476 -67.963 81.373 18.786 -67.630
3 0 81.373 18.786 -67.630 81.375 13.002 -62.010 81.901 12.698 -62.319
3 0 81.055 10.717 -64.275 80.918 16.579 -69.949 81.533 16.787 -69.738
3 0 81.533 16.787 -69.738 81.657 10.949 -64.052 81.055 10.717 -64.275
3 0 80.376 10.666 -64.318 80.237 16.549 -69.972 80.918 16.579 -69.949
3 0 80.918 16.579 -69.949 81.055 10.717 -64.275 80.376 10.666 -64.318
3 0 79.723 10.803 -64.174 79.592 16.700 -69.804 80.237 16.549 -69.972
3 0 80.237 16.549 -69.972 80.376 10.666 -64.318 79.723 10.803 -64.174
3 0 79.195 11.107 -63.866 79.084 17.010 -69.470 79.592 16.700 -69.804
3 0 79.592 16.700 -69.804 79.723 10.803 -64.174 79.195 11.107 -63.866
3 0 78.468 16.802 -69.680 79.084 17.010 -69.470 79.195 11.107 -63.866
3 0 79.195 11.107 -63.866 78.593 10.876 -64.088 78.468 16.802 -69.680
3 0 77.786 16.771 -69.703 78.468 16.802 -69.680 78.593 10.876 -64.088
3 0 78.593 10.876 -64.088 77.913 10.825 -64.131 77.786 16.771 -69.703
3 0 77.142 16.922 -69.535 77.786 16.771 -69.703 77.913 10.825 -64.131
3 0 77.913 10.825 -64.131 77.260 10.962 -63.987 77.142 16.922 -69.535
3 0 76.633 17.232 -69.201 77.142 16.922 -69.535 77.260 10.962 -63.987
3 0 77.260 10.962 -63.987 76.732 11.266 -63.679 76.633 17.232 -69.201
3 0 76.338 17.654 -68.753 76.633 17.232 -69.201 76.732 11.266 -63.679
3 0 76.732 11.266 -63.679 76.411 11.692 -63.252 76.338 17.654 -68.753
3 0 76.300 18.123 -68.258 76.338 17.654 -68.753 76.411 11.692 -63.252
3 0 76.411 11.692 -63.252 76.344 12.173 -62.773 76.300 18.123 -68.258
3 0 76.526 18.568 -67.792 76.300 18.123 -68.258 76.344 12.173 -62.773
3 0 76.344 12.173 -62.773 76.543 12.638 -62.314 76.526 18.568 -67.792
3 0 76.981 18.921 -67.426 76.526 18.568 -67.792 76.543 12.638 -62.314
3 0 76.543 12.638 -62.314 76.977 13.015 -61.945 76.981 18.921 -67.426
3 0 77.597 19.129 -67.216 76.981 18.921 -67.426 76.977 13.015 -61.945
3 0 76.977 13.015 -61.945 77.579 13.247 -61.722 77.597 19.129 -67.216
3 0 78.278 19.160 -67.193 77.597 19.129 -67.216 77.579 13.247 -61.722
3 0 77.579 13.247 -61.722 78.259 13.298 -61.679 78.278 19.160 -67.193
3 0 78.923 19.009 -67.361 78.278 19.160 -67.193 78.259 13.298 -61.679
3 0 78.259 13.298 -61.679 78.912 13.161 -61.823 78.923 19.009 -67.361
3 0 79.432 18.699 -67.695 78.923 19.009 -67.361 78.912 13.161 -61.823
3 0 78.912 13.161 -61.823 79.439 12.856 -62.132 79.432 18.699 -67.695
3 0 84.952 21.335 -70.854 84.325 21.148 -71.050 84.331 18.253 -68.232
3 0 84.331 18.253 -68.232 84.947 18.461 -68.021 84.952 21.335 -70.854
3 0 85.635 21.346 -70.852 84.952 21.335 -70.854 84.947 18.461 -68.021
3 0 84.947 18.461 -68.021 85.628 18.492 -67.998 85.635 21.346 -70.852
3 0 86.269 21.182 -71.043 85.635 21.346 -70.852 85.628 18.492 -67.998
3 0 85.628 18.492 -67.998 86.273 18.341 -68.167 86.269 21.182 -71.043
3 0 86.759 20.867 -71.399 86.269 21.182 -71.043 86.273 18.341 -68.167
3 0 86.273 18.341 -68.167 86.781 18.031 -68.500 86.759 20.867 -71.399
3 0 87.029 20.448 -71.866 86.759 20.867 -71.399 86.781 18.031 -68.500
3 0 86.781 18.031 -68.500 87.077 17.609 -68.949 87.029 20.448 -71.866
3 0 87.039 19.990 -72.373 87.029 20.448 -71.866 87.077 17.609 -68.949
3 0 87.077 17.609 -68.949 87.115 17.140 -69.443 87.039 19.990 -72.373
3 0 86.787 19.563 -72.841 87.039 19.990 -72.373 87.115 17.140 -69.443
3 0 87.115 17.140 -69.443 86.889 16.695 -69.909 86.787 19.563 -72.841
3 0 86.311 19.231 -73.201 86.787 19.563 -72.841 86.889 16.695 -69.909
3 0 86.889 16.695 -69.909 86.433 16.342 -70.275 86.311 19.231 -73.201
3 0 85.684 19.045 -73.398 86.311 19.231 -73.201 86.433 16.342 -70.275
3 0 86.433 16.342 -70.275 85.818 16.134 -70.486 85.684 19.045 -73.398
3 0 85.001 19.033 -73.400 85.684 19.045 -73.398 85.818 16.134 -70.486
3 0 85.818 16.134 -70.486 85.136 16.103 -70.509 85.001 19.033 -73.400
3 0 84.367 19.197 -73.209 85.001 19.033 -73.400 85.136 16.103 -70.509
3 0 85.136 16.103 -70.509 84.492 16.254 -70.341 84.367 19.197 -73.209
3 0 83.877 19.513 -72.853 84.367 19.197 -73.209 84.492 16.254 -70.341
3 0 84.492 16.254 -70.341 83.983 16.564 -70.007 83.877 19.513 -72.853
3 0 82.496 18.684 -67.753 82.518 21.617 -70.505 81.891 21.430 -70.702
3 0 81.891 21.430 -70.702 81.881 18.476 -67.963 82.496 18.684 -67.753
3 0 83.178 18.715 -67.730 83.201 21.628 -70.503 82.518 21.617 -70.505
3 0 82.518 21.617 -70.505 82.496 18.684 -67.753 83.178 18.715 -67.730
3 0 83.822 18.563 -67.898 83.835 21.464 -70.694 83.201 21.628 -70.503
3 0 83.201 21.628 -70.503 83.178 18.715 -67.730 83.822 18.563 -67.898
3 0 84.331 18.253 -68.232 84.325 21.148 -71.050 83.835 21.464 -70.694
3 0 83.835 21.464 -70.694 83.822 18.563 -67.898 84.331 18.253 -68.232
3 0 83.368 16.357 -70.217 83.250 19.326 -73.049 83.877 19.513 -72.853
3 0 83.877 19.513 -72.853 83.983 16.564 -70.007 83.368 16.357 -70.217
3 0 82.686 16.326 -70.240 82.567 19.315 -73.052 83.250 19.326 -73.049
3 0 83.250 19.326 -73.049 83.368 16.357 -70.217 82.686 16.326 -70.240
3 0 82.042 16.477 -70.072 81.933 19.479 -72.860 82.567 19.315 -73.052
3 0 82.567 19.315 -73.052 82.686 16.326 -70.240 82.042 16.477 -70.072
3 0 81.533 16.787 -69.738 81.443 19.795 -72.504 81.933 19.479 -72.860
3 0 81.933 19.479 -72.860 82.042 16.477 -70.072 81.533 16.787 -69.738
3 0 80.047 18.907 -67.484 80.085 21.898 -70.157 79.458 21.712 -70.353
3 0 79.458 21.712 -70.353 79.432 18.699 -67.695 80.047 18.907 -67.484
3 0 80.729 18.937 -67.461 80.768 21.910 -70.154 80.085 21.898 -70.157
3 0 80.085 21.898 -70.157 80.047 18.907 -67.484 80.729 18.937 -67.461
3 0 81.373 18.786 -67.630 81.402 21.746 -70.346 80.768 21.910 -70.154
3 0 80.768 21.910 -70.154 80.729 18.937 -67.461 81.373 18.786 -67.630
3 0 81.881 18.476 -67.963 81.891 21.430 -70.702 81.402 21.746 -70.346
3 0 81.402 21.746 -70.346 81.373 18.786 -67.630 81.881 18.476 -67.963
3 0 80.918 16.579 -69.949 80.817 19.608 -72.700 81.443 19.795 -72.504
3 0 81.443 19.795 -72.504 81.533 16.787 -69.738 80.918 16.579 -69.949
3 0 80.237 16.549 -69.972 80.134 19.597 -72.703 80.817 19.608 -72.700
3 0 80.817 19.608 -72.700 80.918 16.579 -69.949 80.237 16.549 -69.972
3 0 79.592 16.700 -69.804 79.500 19.761 -72.512 80.134 19.597 -72.703
3 0 80.134 19.597 -72.703 80.237 16.549 -69.972 79.592 16.700 -69.804
3 0 79.084 17.010 -69.470 79.010 20.076 -72.155 79.500 19.761 -72.512
3 0 79.500 19.761 -72.512 79.592 16.700 -69.804 79.084 17.010 -69.470
3 0 78.383 19.890 -72.351 79.010 20.076 -72.155 79.084 17.010 -69.470
3 0 79.084 17.010 -69.470 78.468 16.802 -69.680 78.383 19.890 -72.351
3 0 77.700 19.879 -72.354 78.383 19.890 -72.351 78.468 16.802 -69.680
3 0 78.468 16.802 -69.680 77.786 16.771 -69.703 77.700 19.879 -72.354
3 0 77.066 20.043 -72.163 77.700 19.879 -72.354 77.786 16.771 -69.703
3 0 77.786 16.771 -69.703 77.142 16.922 -69.535 77.066 20.043 -72.163
3 0 76.576 20.358 -71.806 77.066 20.043 -72.163 77.142 16.922 -69.535
3 0 77.142 16.922 -69.535 76.633 17.232 -69.201 76.576 20.358 -71.806
3 0 76.306 20.777 -71.340 76.576 20.358 -71.806 76.633 17.232 -69.201
3 0 76.633 17.232 -69.201 76.338 17.654 -68.753 76.306 20.777 -71.340
3 0 76.296 21.235 -70.833 76.306 20.777 -71.340 76.338 17.654 -68.753
3 0 76.338 17.654 -68.753 76.300 18.123 -68.258 76.296 21.235 -70.833
3 0 76.548 21.662 -70.364 76.296 21.235 -70.833 76.300 18.123 -68.258
3 0 76.300 18.123 -68.258 76.526 18.568 -67.792 76.548 21.662 -70.364
3 0 77.024 21.994 -70.004 76.548 21.662 -70.364 76.526 18.568 -67.792
3 0 76.526 18.568 -67.792 76.981 18.921 -67.426 77.024 21.994 -70.004
3 0 77.651 22.180 -69.808 77.024 21.994 -70.004 76.981 18.921 -67.426
3 0 76.981 18.921 -67.426 77.597 19.129 -67.216 77.651 22.180 -69.808
3 0 78.334 22.192 -69.805 77.651 22.180 -69.808 77.597 19.129 -67.216
3 0 77.597 19.129 -67.216 78.278 19.160 -67.193 78.334 22.192 -69.805
3 0 78.968 22.028 -69.997 78.334 22.192 -69.805 78.278 19.160 -67.193
3 0 78.278 19.160 -67.193 78.923 19.009 -67.361 78.968 22.028 -69.997
3 0 79.458 21.712 -70.353 78.968 22.028 -69.997 78.923 19.009 -67.361
3 0 78.923 19.009 -67.361 79.432 18.699 -67.695 79.458 21.712 -70.353
3 0 84.946 24.276 -73.624 84.310 24.109 -73.806 84.325 21.148 -71.050
3 0 84.325 21.148 -71.050 84.952 21.335 -70.854 84.946 24.276 -73.624
3 0 85.629 24.272 -73.640 84.946 24.276 -73.624 84.952 21.335 -70.854
3 0 84.952 21.335 -70.854 85.635 21.346 -70.852 85.629 24.272 -73.640
3 0 86.253 24.096 -73.853 85.629 24.272 -73.640 85.635 21.346 -70.852
3 0 85.635 21.346 -70.852 86.269 21.182 -71.043 86.253 24.096 -73.853
3 0 86.725 23.777 -74.230 86.253 24.096 -73.853 86.269 21.182 -71.043
3 0 86.269 21.182 -71.043 86.759 20.867 -71.399 86.725 23.777 -74.230
3 0 86.972 23.362 -74.713 86.725 23.777 -74.230 86.759 20.867 -71.399
3 0 86.759 20.867 -71.399 87.029 20.448 -71.866 86.972 23.362 -74.713
3 0 86.956 22.915 -75.229 86.972 23.362 -74.713 87.029 20.448 -71.866
3 0 87.029 20.448 -71.866 87.039 19.990 -72.373 86.956 22.915 -75.229
3 0 86.680 22.504 -75.699 86.956 22.915 -75.229 87.039 19.990 -72.373
3 0 87.039 19.990 -72.373 86.787 19.563 -72.841 86.680 22.504 -75.699
3 0 86.187 22.192 -76.052 86.680 22.504 -75.699 86.787 19.563 -72.841
3 0 86.787 19.563 -72.841 86.311 19.231 -73.201 86.187 22.192 -76.052
3 0 85.550 22.025 -76.235 86.187 22.192 -76.052 86.311 19.231 -73.201
3 0 86.311 19.231 -73.201 85.684 19.045 -73.398 85.550 22.025 -76.235
3 0 84.867 22.030 -76.218 85.550 22.025 -76.235 85.684 19.045 -73.398
3 0 85.684 19.045 -73.398 85.001 19.033 -73.400 84.867 22.030 -76.218
3 0 84.243 22.205 -76.005 84.867 22.030 -76.218 85.001 19.033 -73.400
3 0 85.001 19.033 -73.400 84.367 19.197 -73.209 84.243 22.205 -76.005
3 0 83.771 22.524 -75.628 84.243 22.205 -76.005 84.367 19.197 -73.209
3 0 84.367 19.197 -73.209 83.877 19.513 -72.853 83.771 22.524 -75.628
3 0 82.518 21.617 -70.505 82.531 24.609 -73.199 81.894 24.442 -73.382
3 0 81.894 24.442 -73.382 81.891 21.430 -70.702 82.518 21.617 -70.505
3 0 83.201 21.628 -70.503 83.213 24.604 -73.216 82.531 24.609 -73.199
3 0 82.531 24.609 -73.199 82.518 21.617 -70.505 83.201 21.628 -70.503
3 0 83.835 21.464 -70.694 83.838 24.429 -73.429 83.213 24.604 -73.216
3 0 83.213 24.604 -73.216 83.201 21.628 -70.503 83.835 21.464 -70.694
3 0 84.325 21.148 -71.050 84.310 24.109 -73.806 83.838 24.429 -73.429
3 0 83.838 24.429 -73.429 83.835 21.464 -70.694 84.325 21.148 -71.050
3 0 83.250 19.326 -73.049 83.134 22.357 -75.810 83.771 22.524 -75.628
3 0 83.771 22.524 -75.628 83.877 19.513 -72.853 83.250 19.326 -73.049
3 0 82.567 19.315 -73.052 82.452 22.362 -75.794 83.134 22.357 -75.810
3 0 83.134 22.357 -75.810 83.250 19.326 -73.049 82.567 19.315 -73.052
3 0 81.933 19.479 -72.860 81.827 22.537 -75.581 82.452 22.362 -75.794
3 0 82.452 22.362 -75.794 82.567 19.315 -73.052 81.933 19.479 -72.860
3 0 81.443 19.795 -72.504 81.356 22.857 -75.204 81.827 22.537 -75.581
3 0 81.827 22.537 -75.581 81.933 19.479 -72.860 81.443 19.795 -72.504
3 0 80.085 21.898 -70.157 80.116 24.941 -72.775 79.480 24.775 -72.957
3 0 79.480 24.775 -72.957 79.458 21.712 -70.353 80.085 21.898 -70.157
3 0 80.768 21.910 -70.154 80.799 24.937 -72.792 80.116 24.941 -72.775
3 0 80.116 24.941 -72.775 80.085 21.898 -70.157 80.768 21.910 -70.154
3 0 81.402 21.746 -70.346 81.423 24.761 -73.005 80.799 24.937 -72.792
3 0 80.799 24.937 -72.792 80.768 21.910 -70.154 81.402 21.746 -70.346
3 0 81.891 21.430 -70.702 81.894 24.442 -73.382 81.423 24.761 -73.005
3 0 81.423 24.761 -73.005 81.402 21.746 -70.346 81.891 21.430 -70.702
3 0 80.817 19.608 -72.700 80.720 22.690 -75.386 81.356 22.857 -75.204
3 0 81.356 22.857 -75.204 81.443 19.795 -72.504 80.817 19.608 -72.700
3 0 80.134 19.597 -72.703 80.037 22.695 -75.369 80.720 22.690 -75.386
3 0 80.720 22.690 -75.386 80.817 19.608 -72.700 80.134 19.597 -72.703
3 0 79.500 19.761 -72.512 79.413 22.870 -75.157 80.037 22.695 -75.369
3 0 80.037 22.695 -75.369 80.134 19.597 -72.703 79.500 19.761 -72.512
3 0 79.010 20.076 -72.155 78.941 23.189 -74.780 79.413 22.870 -75.157
3 0 79.413 22.870 -75.157 79.500 19.761 -72.512 79.010 20.076 -72.155
3 0 78.304 23.023 -74.962 78.941 23.189 -74.780 79.010 20.076 -72.155
3 0 79.010 20.076 -72.155 78.383 19.890 -72.351 78.304 23.023 -74.962
3 0 77.622 23.027 -74.945 78.304 23.023 -74.962 78.383 19.890 -72.351
3 0 78.383 19.890 -72.351 77.700 19.879 -72.354 77.622 23.027 -74.945
3 0 76.997 23.203 -74.732 77.622 23.027 -74.945 77.700 19.879 -72.354
3 0 77.700 19.879 -72.354 77.066 20.043 -72.163 76.997 23.203 -74.732
3 0 76.526 23.522 -74.356 76.997 23.203 -74.732 77.066 20.043 -72.163
3 0 77.066 20.043 -72.163 76.576 20.358 -71.806 76.526 23.522 -74.356
3 0 76.279 23.937 -73.872 76.526 23.522 -74.356 76.576 20.358 -71.806
3 0 76.576 20.358 -71.806 76.306 20.777 -71.340 76.279 23.937 -73.872
3 0 76.295 24.383 -73.356 76.279 23.937 -73.872 76.306 20.777 -71.340
3 0 76.306 20.777 -71.340 76.296 21.235 -70.833 76.295 24.383 -73.356
3 0 76.570 24.795 -72.886 76.295 24.383 -73.356 76.296 21.235 -70.833
3 0 76.296 21.235 -70.833 76.548 21.662 -70.364 76.570 24.795 -72.886
3 0 77.064 25.107 -72.533 76.570 24.795 -72.886 76.548 21.662 -70.364
3 0 76.548 21.662 -70.364 77.024 21.994 -70.004 77.064 25.107 -72.533
3 0 77.701 25.274 -72.351 77.064 25.107 -72.533 77.024 21.994 -70.004
3 0 77.024 21.994 -70.004 77.651 22.180 -69.808 77.701 25.274 -72.351
3 0 78.383 25.269 -72.368 77.701 25.274 -72.351 77.651 22.180 -69.808
3 0 77.651 22.180 -69.808 78.334 22.192 -69.805 78.383 25.269 -72.368
3 0 79.008 25.094 -72.581 78.383 25.269 -72.368 78.334 22.192 -69.805
3 0 78.334 22.192 -69.805 78.968 22.028 -69.997 79.008 25.094 -72.581
3 0 79.480 24.775 -72.957 79.008 25.094 -72.581 78.968 22.028 -69.997
3 0 78.968 22.028 -69.997 79.458 21.712 -70.353 79.480 24.775 -72.957
3 0 84.940 27.261 -76.350 84.293 27.117 -76.513 84.310 24.109 -73.806
3 0 84.310 24.109 -73.806 84.946 24.276 -73.624 84.940 27.261 -76.350
3 0 85.621 27.237 -76.391 84.940 27.261 -76.350 84.946 24.276 -73.624
3 0 84.946 24.276 -73.624 85.629 24.272 -73.640 85.621 27.237 -76.391
3 0 86.233 27.049 -76.631 85.621 27.237 -76.391 85.629 24.272 -73.640
3 0 85.629 24.272 -73.640 86.253 24.096 -73.853 86.233 27.049 -76.631
3 0 86.681 26.725 -77.032 86.233 27.049 -76.631 86.253 24.096 -73.853
3 0 86.253 24.096 -73.853 86.725 23.777 -74.230 86.681 26.725 -77.032
3 0 86.898 26.315 -77.533 86.681 26.725 -77.032 86.725 23.777 -74.230
3 0 86.725 23.777 -74.230 86.972 23.362 -74.713 86.898 26.315 -77.533
3 0 86.850 25.882 -78.058 86.898 26.315 -77.533 86.972 23.362 -74.713
3 0 86.972 23.362 -74.713 86.956 22.915 -75.229 86.850 25.882 -78.058
3 0 86.546 25.491 -78.528 86.850 25.882 -78.058 86.956 22.915 -75.229
3 0 86.956 22.915 -75.229 86.680 22.504 -75.699 86.546 25.491 -78.528
3 0 86.031 25.201 -78.870 86.546 25.491 -78.528 86.680 22.504 -75.699
3 0 86.680 22.504 -75.699 86.187 22.192 -76.052 86.031 25.201 -78.870
3 0 85.384 25.057 -79.033 86.031 25.201 -78.870 86.187 22.192 -76.052
3 0 86.187 22.192 -76.052 85.550 22.025 -76.235 85.384 25.057 -79.033
3 0 84.703 25.081 -78.991 85.384 25.057 -79.033 85.550 22.025 -76.235
3 0 85.550 22.025 -76.235 84.867 22.030 -76.218 84.703 25.081 -78.991
3 0 84.091 25.269 -78.752 84.703 25.081 -78.991 84.867 22.030 -76.218
3 0 84.867 22.030 -76.218 84.243 22.205 -76.005 84.091 25.269 -78.752
3 0 83.643 25.593 -78.351 84.091 25.269 -78.752 84.243 22.205 -76.005
3 0 84.243 22.205 -76.005 83.771 22.524 -75.628 83.643 25.593 -78.351
3 0 82.531 24.609 -73.199 82.552 27.653 -75.831 81.905 27.509 -75.994
3 0 81.905 27.509 -75.994 81.894 24.442 -73.382 82.531 24.609 -73.199
3 0 83.213 24.604 -73.216 83.233 27.629 -75.872 82.552 27.653 -75.831
3 0 82.552 27.653 -75.831 82.531 24.609 -73.199 83.213 24.604 -73.216
3 0 83.838 24.429 -73.429 83.845 27.440 -76.112 83.233 27.629 -75.872
3 0 83.233 27.629 -75.872 83.213 24.604 -73.216 83.838 24.429 -73.429
3 0 84.310 24.109 -73.806 84.293 27.117 -76.513 83.845 27.440 -76.112
3 0 83.845 27.440 -76.112 83.838 24.429 -73.429 84.310 24.109 -73.806
3 0 83.134 22.357 -75.810 82.996 25.449 -78.514 83.643 25.593 -78.351
3 0 83.643 25.593 -78.351 83.771 22.524 -75.628 83.134 22.357 -75.810
3 0 82.452 22.362 -75.794 82.315 25.473 -78.472 82.996 25.449 -78.514
3 0 82.996 25.449 -78.514 83.134 22.357 -75.810 82.452 22.362 -75.794
3 0 81.827 22.537 -75.581 81.703 25.661 -78.233 82.315 25.473 -78.472
3 0 82.315 25.473 -78.472 82.452 22.362 -75.794 81.827 22.537 -75.581
3 0 81.356 22.857 -75.204 81.255 25.985 -77.832 81.703 25.661 -78.233
3 0 81.703 25.661 -78.233 81.827 22.537 -75.581 81.356 22.857 -75.204
3 0 80.116 24.941 -72.775 80.165 28.044 -75.312 79.518 27.900 -75.475
3 0 79.518 27.900 -75.475 79.480 24.775 -72.957 80.116 24.941 -72.775
3 0 80.799 24.937 -72.792 80.846 28.020 -75.354 80.165 28.044 -75.312
3 0 80.165 28.044 -75.312 80.116 24.941 -72.775 80.799 24.937 -72.792
3 0 81.423 24.761 -73.005 81.458 27.832 -75.593 80.846 28.020 -75.354
3 0 80.846 28.020 -75.354 80.799 24.937 -72.792 81.423 24.761 -73.005
3 0 81.894 24.442 -73.382 81.905 27.509 -75.994 81.458 27.832 -75.593
3 0 81.458 27.832 -75.593 81.423 24.761 -73.005 81.894 24.442 -73.382
3 0 80.720 22.690 -75.386 80.609 25.841 -77.995 81.255 25.985 -77.832
3 0 81.255 25.985 -77.832 81.356 22.857 -75.204 80.720 22.690 -75.386
3 0 80.037 22.695 -75.369 79.928 25.865 -77.953 80.609 25.841 -77.995
3 0 80.609 25.841 -77.995 80.720 22.690 -75.386 80.037 22.695 -75.369
3 0 79.413 22.870 -75.157 79.316 26.053 -77.714 79.928 25.865 -77.953
3 0 79.928 25.865 -77.953 80.037 22.695 -75.369 79.413 22.870 -75.157
3 0 78.941 23.189 -74.780 78.868 26.376 -77.313 79.316 26.053 -77.714
3 0 79.316 26.053 -77.714 79.413 22.870 -75.157 78.941 23.189 -74.780
3 0 78.221 26.233 -77.476 78.868 26.376 -77.313 78.941 23.189 -74.780
3 0 78.941 23.189 -74.780 78.304 23.023 -74.962 78.221 26.233 -77.476
3 0 77.540 26.257 -77.434 78.221 26.233 -77.476 78.304 23.023 -74.962
3 0 78.304 23.023 -74.962 77.622 23.027 -74.945 77.540 26.257 -77.434
3 0 76.928 26.445 -77.195 77.540 26.257 -77.434 77.622 23.027 -74.945
3 0 77.622 23.027 -74.945 76.997 23.203 -74.732 76.928 26.445 -77.195
3 0 76.480 26.768 -76.794 76.928 26.445 -77.195 76.997 23.203 -74.732
3 0 76.997 23.203 -74.732 76.526 23.522 -74.356 76.480 26.768 -76.794
3 0 76.263 27.178 -76.293 76.480 26.768 -76.794 76.526 23.522 -74.356
3 0 76.526 23.522 -74.356 76.279 23.937 -73.872 76.263 27.178 -76.293
3 0 76.310 27.611 -75.768 76.263 27.178 -76.293 76.279 23.937 -73.872
3 0 76.279 23.937 -73.872 76.295 24.383 -73.356 76.310 27.611 -75.768
3 0 76.615 28.003 -75.298 76.310 27.611 -75.768 76.295 24.383 -73.356
3 0 76.295 24.383 -73.356 76.570 24.795 -72.886 76.615 28.003 -75.298
3 0 77.130 28.292 -74.956 76.615 28.003 -75.298 76.570 24.795 -72.886
3 0 76.570 24.795 -72.886 77.064 25.107 -72.533 77.130 28.292 -74.956
3 0 77.777 28.436 -74.793 77.130 28.292 -74.956 77.064 25.107 -72.533
3 0 77.064 25.107 -72.533 77.701 25.274 -72.351 77.777 28.436 -74.793
3 0 78.458 28.412 -74.835 77.777 28.436 -74.793 77.701 25.274 -72.351
3 0 77.701 25.274 -72.351 78.383 25.269 -72.368 78.458 28.412 -74.835
3 0 79.069 28.224 -75.074 78.458 28.412 -74.835 78.383 25.269 -72.368
3 0 78.383 25.269 -72.368 79.008 25.094 -72.581 79.069 28.224 -75.074
3 0 79.518 27.900 -75.475 79.069 28.224 -75.074 79.008 25.094 -72.581
3 0 79.008 25.094 -72.581 79.480 24.775 -72.957 79.518 27.900 -75.475
3 0 84.272 30.175 -79.167 84.293 27.117 -76.513 84.940 27.261 -76.350
3 0 84.940 27.261 -76.350 84.931 30.291 -79.031 84.272 30.175 -79.167
3 0 84.931 30.291 -79.031 84.940 27.261 -76.350 85.621 27.237 -76.391
3 0 85.621 27.237 -76.391 85.609 30.244 -79.105 84.931 30.291 -79.031
3 0 85.609 30.244 -79.105 85.621 27.237 -76.391 86.233 27.049 -76.631
3 0 86.233 27.049 -76.631 86.201 30.042 -79.377 85.609 30.244 -79.105
3 0 86.201 30.042 -79.377 86.233 27.049 -76.631 86.681 26.725 -77.032
3 0 86.681 26.725 -77.032 86.618 29.714 -79.807 86.201 30.042 -79.377
3 0 86.618 29.714 -79.807 86.681 26.725 -77.032 86.898 26.315 -77.533
3 0 86.898 26.315 -77.533 86.797 29.311 -80.328 86.618 29.714 -79.807
3 0 86.797 29.311 -80.328 86.898 26.315 -77.533 86.850 25.882 -78.058
3 0 86.850 25.882 -78.058 86.711 28.895 -80.862 86.797 29.311 -80.328
3 0 86.711 28.895 -80.862 86.850 25.882 -78.058 86.546 25.491 -78.528
3 0 86.546 25.491 -78.528 86.371 28.528 -81.328 86.711 28.895 -80.862
3 0 86.371 28.528 -81.328 86.546 25.491 -78.528 86.031 25.201 -78.870
3 0 86.031 25.201 -78.870 85.831 28.266 -81.653 86.371 28.528 -81.328
3 0 85.831 28.266 -81.653 86.031 25.201 -78.870 85.384 25.057 -79.033
3 0 85.384 25.057 -79.033 85.172 28.150 -81.790 85.831 28.266 -81.653
3 0 85.172 28.150 -81.790 85.384 25.057 -79.033 84.703 25.081 -78.991
3 0 84.703 25.081 -78.991 84.495 28.197 -81.716 85.172 28.150 -81.790
3 0 84.495 28.197 -81.716 84.703 25.081 -78.991 84.091 25.269 -78.752
3 0 84.091 25.269 -78.752 83.903 28.399 -81.444 84.495 28.197 -81.716
3 0 83.903 28.399 -81.444 84.091 25.269 -78.752 83.643 25.593 -78.351
3 0 83.643 25.593 -78.351 83.485 28.727 -81.014 83.903 28.399 -81.444
3 0 82.585 30.751 -78.392 81.926 30.635 -78.528 81.905 27.509 -75.994
3 0 81.905 27.509 -75.994 82.552 27.653 -75.831 82.585 30.751 -78.392
3 0 83.262 30.705 -78.465 82.585 30.751 -78.392 82.552 27.653 -75.831
3 0 82.552 27.653 -75.831 83.233 27.629 -75.872 83.262 30.705 -78.465
3 0 83.855 30.502 -78.738 83.262 30.705 -78.465 83.233 27.629 -75.872
3 0 83.233 27.629 -75.872 83.845 27.440 -76.112 83.855 30.502 -78.738
3 0 84.272 30.175 -79.167 83.855 30.502 -78.738 83.845 27.440 -76.112
3 0 83.845 27.440 -76.112 84.293 27.117 -76.513 84.272 30.175 -79.167
3 0 82.826 28.611 -81.150 83.485 28.727 -81.014 83.643 25.593 -78.351
3 0 83.643 25.593 -78.351 82.996 25.449 -78.514 82.826 28.611 -81.150
3 0 82.149 28.658 -81.076 82.826 28.611 -81.150 82.996 25.449 -78.514
3 0 82.996 25.449 -78.514 82.315 25.473 -78.472 82.149 28.658 -81.076
3 0 81.556 28.860 -80.804 82.149 28.658 -81.076 82.315 25.473 -78.472
3 0 82.315 25.473 -78.472 81.703 25.661 -78.233 81.556 28.860 -80.804
3 0 81.139 29.188 -80.374 81.556 28.860 -80.804 81.703 25.661 -78.233
3 0 81.703 25.661 -78.233 81.255 25.985 -77.832 81.139 29.188 -80.374
3 0 80.240 31.212 -77.752 79.581 31.096 -77.889 79.518 27.900 -75.475
3 0 79.518 27.900 -75.475 80.165 28.044 -75.312 80.240 31.212 -77.752
3 0 80.917 31.165 -77.826 80.240 31.212 -77.752 80.165 28.044 -75.312
3 0 80.165 28.044 -75.312 80.846 28.020 -75.354 80.917 31.165 -77.826
3 0 81.510 30.963 -78.098 80.917 31.165 -77.826 80.846 28.020 -75.354
3 0 80.846 28.020 -75.354 81.458 27.832 -75.593 81.510 30.963 -78.098
3 0 81.926 30.635 -78.528 81.510 30.963 -78.098 81.458 27.832 -75.593
3 0 81.458 27.832 -75.593 81.905 27.509 -75.994 81.926 30.635 -78.528
3 0 80.481 29.071 -80.511 81.139 29.188 -80.374 81.255 25.985 -77.832
3 0 81.255 25.985 -77.832 80.609 25.841 -77.995 80.481 29.071 -80.511
3 0 79.804 29.118 -80.437 80.481 29.071 -80.511 80.609 25.841 -77.995
3 0 80.609 25.841 -77.995 79.928 25.865 -77.953 79.804 29.118 -80.437
3 0 79.211 29.320 -80.165 79.804 29.118 -80.437 79.928 25.865 -77.953
3 0 79.928 25.865 -77.953 79.316 26.053 -77.714 79.211 29.320 -80.165
3 0 78.794 29.648 -79.735 79.211 29.320 -80.165 79.316 26.053 -77.714
3 0 79.316 26.053 -77.714 78.868 26.376 -77.313 78.794 29.648 -79.735
3 0 78.794 29.648 -79.735 78.868 26.376 -77.313 78.221 26.233 -77.476
3 0 78.221 26.233 -77.476 78.135 29.532 -79.871 78.794 29.648 -79.735
3 0 78.135 29.532 -79.871 78.221 26.233 -77.476 77.540 26.257 -77.434
3 0 77.540 26.257 -77.434 77.457 29.578 -79.798 78.135 29.532 -79.871
3 0 77.457 29.578 -79.798 77.540 26.257 -77.434 76.928 26.445 -77.195
3 0 76.928 26.445 -77.195 76.865 29.781 -79.525 77.457 29.578 -79.798
3 0 76.865 29.781 -79.525 76.928 26.445 -77.195 76.480 26.768 -76.794
3 0 76.480 26.768 -76.794 76.447 30.109 -79.096 76.865 29.781 -79.525
3 0 76.447 30.109 -79.096 76.480 26.768 -76.794 76.263 27.178 -76.293
3 0 76.263 27.178 -76.293 76.268 30.511 -78.574 76.447 30.109 -79.096
3 0 76.268 30.511 -78.574 76.263 27.178 -76.293 76.310 27.611 -75.768
3 0 76.310 27.611 -75.768 76.355 30.928 -78.040 76.268 30.511 -78.574
3 0 76.355 30.928 -78.040 76.310 27.611 -75.768 76.615 28.003 -75.298
3 0 76.615 28.003 -75.298 76.695 31.295 -77.575 76.355 30.928 -78.040
3 0 76.695 31.295 -77.575 76.615 28.003 -75.298 77.130 28.292 -74.956
3 0 77.130 28.292 -74.956 77.235 31.556 -77.249 76.695 31.295 -77.575
3 0 77.235 31.556 -77.249 77.130 28.292 -74.956 77.777 28.436 -74.793
3 0 77.777 28.436 -74.793 77.894 31.672 -77.113 77.235 31.556 -77.249
3 0 77.894 31.672 -77.113 77.777 28.436 -74.793 78.458 28.412 -74.835
3 0 78.458 28.412 -74.835 78.571 31.626 -77.187 77.894 31.672 -77.113
3 0 78.571 31.626 -77.187 78.458 28.412 -74.835 79.069 28.224 -75.074
3 0 79.069 28.224 -75.074 79.163 31.423 -77.459 78.571 31.626 -77.187
3 0 79.163 31.423 -77.459 79.069 28.224 -75.074 79.518 27.900 -75.475
3 0 79.518 27.900 -75.475 79.581 31.096 -77.889 79.163 31.423 -77.459
3 0 84.243 33.286 -81.768 84.272 30.175 -79.167 84.931 30.291 -79.031
3 0 84.931 30.291 -79.031 84.914 33.369 -81.669 84.243 33.286 -81.768
3 0 84.914 33.369 -81.669 84.931 30.291 -79.031 85.609 30.244 -79.105
3 0 85.609 30.244 -79.105 85.582 33.296 -81.785 84.914 33.369 -81.669
3 0 85.582 33.296 -81.785 85.609 30.244 -79.105 86.201 30.042 -79.377
3 0 86.201 30.042 -79.377 86.148 33.078 -82.100 85.582 33.296 -81.785
3 0 86.148 33.078 -82.100 86.201 30.042 -79.377 86.618 29.714 -79.807
3 0 86.618 29.714 -79.807 86.524 32.747 -82.565 86.148 33.078 -82.100
3 0 86.524 32.747 -82.565 86.618 29.714 -79.807 86.797 29.311 -80.328
3 0 86.797 29.311 -80.328 86.653 32.356 -83.109 86.524 32.747 -82.565
3 0 86.653 32.356 -83.109 86.797 29.311 -80.328 86.711 28.895 -80.862
3 0 86.711 28.895 -80.862 86.515 31.963 -83.650 86.653 32.356 -83.109
3 0 86.515 31.963 -83.650 86.711 28.895 -80.862 86.371 28.528 -81.328
3 0 86.371 28.528 -81.328 86.133 31.627 -84.105 86.515 31.963 -83.650
3 0 86.133 31.627 -84.105 86.371 28.528 -81.328 85.831 28.266 -81.653
3 0 85.831 28.266 -81.653 85.563 31.401 -84.406 86.133 31.627 -84.105
3 0 85.563 31.401 -84.406 85.831 28.266 -81.653 85.172 28.150 -81.790
3 0 85.172 28.150 -81.790 84.892 31.318 -84.505 85.563 31.401 -84.406
3 0 84.892 31.318 -84.505 85.172 28.150 -81.790 84.495 28.197 -81.716
3 0 84.495 28.197 -81.716 84.223 31.391 -84.388 84.892 31.318 -84.505
3 0 84.223 31.391 -84.388 84.495 28.197 -81.716 83.903 28.399 -81.444
3 0 83.903 28.399 -81.444 83.658 31.610 -84.074 84.223 31.391 -84.388
3 0 83.658 31.610 -84.074 83.903 28.399 -81.444 83.485 28.727 -81.014
3 0 83.485 28.727 -81.014 83.282 31.940 -83.609 83.658 31.610 -84.074
3 0 82.633 33.908 -80.872 81.963 33.825 -80.972 81.926 30.635 -78.528
3 0 81.926 30.635 -78.528 82.585 30.751 -78.392 82.633 33.908 -80.872
3 0 83.302 33.834 -80.989 82.633 33.908 -80.872 82.585 30.751 -78.392
3 0 82.585 30.751 -78.392 83.262 30.705 -78.465 83.302 33.834 -80.989
3 0 83.867 33.616 -81.303 83.302 33.834 -80.989 83.262 30.705 -78.465
3 0 83.262 30.705 -78.465 83.855 30.502 -78.738 83.867 33.616 -81.303
3 0 84.243 33.286 -81.768 83.867 33.616 -81.303 83.855 30.502 -78.738
3 0 83.855 30.502 -78.738 84.272 30.175 -79.167 84.243 33.286 -81.768
3 0 82.612 31.857 -83.708 83.282 31.940 -83.609 83.485 28.727 -81.014
3 0 83.485 28.727 -81.014 82.826 28.611 -81.150 82.612 31.857 -83.708
3 0 81.943 31.930 -83.592 82.612 31.857 -83.708 82.826 28.611 -81.150
3 0 82.826 28.611 -81.150 82.149 28.658 -81.076 81.943 31.930 -83.592
3 0 81.377 32.148 -83.277 81.943 31.930 -83.592 82.149 28.658 -81.076
3 0 82.149 28.658 -81.076 81.556 28.860 -80.804 81.377 32.148 -83.277
3 0 81.002 32.478 -82.812 81.377 32.148 -83.277 81.556 28.860 -80.804
3 0 81.556 28.860 -80.804 81.139 29.188 -80.374 81.002 32.478 -82.812
3 0 80.354 34.446 -80.076 79.683 34.364 -80.175 79.581 31.096 -77.889
3 0 79.581 31.096 -77.889 80.240 31.212 -77.752 80.354 34.446 -80.076
3 0 81.022 34.373 -80.193 80.354 34.446 -80.076 80.240 31.212 -77.752
3 0 80.240 31.212 -77.752 80.917 31.165 -77.826 81.022 34.373 -80.193
3 0 81.588 34.155 -80.507 81.022 34.373 -80.193 80.917 31.165 -77.826
3 0 80.917 31.165 -77.826 81.510 30.963 -78.098 81.588 34.155 -80.507
3 0 81.963 33.825 -80.972 81.588 34.155 -80.507 81.510 30.963 -78.098
3 0 81.510 30.963 -78.098 81.926 30.635 -78.528 81.963 33.825 -80.972
3 0 80.332 32.395 -82.912 81.002 32.478 -82.812 81.139 29.188 -80.374
3 0 81.139 29.188 -80.374 80.481 29.071 -80.511 80.332 32.395 -82.912
3 0 79.663 32.469 -82.795 80.332 32.395 -82.912 80.481 29.071 -80.511
3 0 80.481 29.071 -80.511 79.804 29.118 -80.437 79.663 32.469 -82.795
3 0 79.098 32.687 -82.481 79.663 32.469 -82.795 79.804 29.118 -80.437
3 0 79.804 29.118 -80.437 79.211 29.320 -80.165 79.098 32.687 -82.481
3 0 78.722 33.017 -82.016 79.098 32.687 -82.481 79.211 29.320 -80.165
3 0 79.211 29.320 -80.165 78.794 29.648 -79.735 78.722 33.017 -82.016
3 0 78.722 33.017 -82.016 78.794 29.648 -79.735 78.135 29.532 -79.871
3 0 78.135 29.532 -79.871 78.051 32.934 -82.115 78.722 33.017 -82.016
3 0 78.051 32.934 -82.115 78.135 29.532 -79.871 77.457 29.578 -79.798
3 0 77.457 29.578 -79.798 77.383 33.008 -81.999 78.051 32.934 -82.115
3 0 77.383 33.008 -81.999 77.457 29.578 -79.798 76.865 29.781 -79.525
3 0 76.865 29.781 -79.525 76.817 33.226 -81.684 77.383 33.008 -81.999
3 0 76.817 33.226 -81.684 76.865 29.781 -79.525 76.447 30.109 -79.096
3 0 76.447 30.109 -79.096 76.442 33.556 -81.219 76.817 33.226 -81.684
3 0 76.442 33.556 -81.219 76.447 30.109 -79.096 76.268 30.511 -78.574
3 0 76.268 30.511 -78.574 76.313 33.947 -80.675 76.442 33.556 -81.219
3 0 76.313 33.947 -80.675 76.268 30.511 -78.574 76.355 30.928 -78.040
3 0 76.355 30.928 -78.040 76.450 34.341 -80.134 76.313 33.947 -80.675
3 0 76.450 34.341 -80.134 76.355 30.928 -78.040 76.695 31.295 -77.575
3 0 76.695 31.295 -77.575 76.833 34.676 -79.679 76.450 34.341 -80.134
3 0 76.833 34.676 -79.679 76.695 31.295 -77.575 77.235 31.556 -77.249
3 0 77.235 31.556 -77.249 77.403 34.902 -79.379 76.833 34.676 -79.679
3 0 77.403 34.902 -79.379 77.235 31.556 -77.249 77.894 31.672 -77.113
3 0 77.894 31.672 -77.113 78.073 34.985 -79.279 77.403 34.902 -79.379
3 0 78.073 34.985 -79.279 77.894 31.672 -77.113 78.571 31.626 -77.187
3 0 78.571 31.626 -77.187 78.742 34.912 -79.396 78.073 34.985 -79.279
3 0 78.742 34.912 -79.396 78.571 31.626 -77.187 79.163 31.423 -77.459
3 0 79.163 31.423 -77.459 79.307 34.694 -79.710 78.742 34.912 -79.396
3 0 79.307 34.694 -79.710 79.163 31.423 -77.459 79.581 31.096 -77.889
3 0 79.581 31.096 -77.889 79.683 34.364 -80.175 79.307 34.694 -79.710
3 0 84.194 36.469 -84.301 84.243 33.286 -81.768 84.914 33.369 -81.669
3 0 84.914 33.369 -81.669 84.874 36.512 -84.253 84.194 36.469 -84.301
3 0 84.874 36.512 -84.253 84.914 33.369 -81.669 85.582 33.296 -81.785
3 0 85.582 33.296 -81.785 85.526 36.409 -84.426 84.874 36.512 -84.253
3 0 85.526 36.409 -84.426 85.582 33.296 -81.785 86.148 33.078 -82.100
3 0 86.148 33.078 -82.100 86.052 36.175 -84.794 85.526 36.409 -84.426
3 0 86.052 36.175 -84.794 86.148 33.078 -82.100 86.524 32.747 -82.565
3 0 86.524 32.747 -82.565 86.370 35.847 -85.301 86.052 36.175 -84.794
3 0 86.370 35.847 -85.301 86.524 32.747 -82.565 86.653 32.356 -83.109
3 0 86.653 32.356 -83.109 86.434 35.473 -85.869 86.370 35.847 -85.301
3 0 86.434 35.473 -85.869 86.653 32.356 -83.109 86.515 31.963 -83.650
3 0 86.515 31.963 -83.650 86.232 35.112 -86.412 86.434 35.473 -85.869
3 0 86.232 35.112 -86.412 86.515 31.963 -83.650 86.133 31.627 -84.105
3 0 86.133 31.627 -84.105 85.797 34.817 -86.848 86.232 35.112 -86.412
3 0 85.797 34.817 -86.848 86.133 31.627 -84.105 85.563 31.401 -84.406
3 0 85.563 31.401 -84.406 85.193 34.635 -87.109 85.797 34.817 -86.848
3 0 85.193 34.635 -87.109 85.563 31.401 -84.406 84.892 31.318 -84.505
3 0 84.892 31.318 -84.505 84.513 34.592 -87.157 85.193 34.635 -87.109
3 0 84.513 34.592 -87.157 84.892 31.318 -84.505 84.223 31.391 -84.388
3 0 84.223 31.391 -84.388 83.861 34.695 -86.983 84.513 34.592 -87.157
3 0 83.861 34.695 -86.983 84.223 31.391 -84.388 83.658 31.610 -84.074
3 0 83.658 31.610 -84.074 83.335 34.928 -86.615 83.861 34.695 -86.983
3 0 83.335 34.928 -86.615 83.658 31.610 -84.074 83.282 31.940 -83.609
3 0 83.282 31.940 -83.609 83.016 35.257 -86.109 83.335 34.928 -86.615
3 0 82.697 37.134 -83.252 82.017 37.091 -83.300 81.963 33.825 -80.972
3 0 81.963 33.825 -80.972 82.633 33.908 -80.872 82.697 37.134 -83.252
3 0 83.349 37.031 -83.426 82.697 37.134 -83.252 82.633 33.908 -80.872
3 0 82.633 33.908 -80.872 83.302 33.834 -80.989 83.349 37.031 -83.426
3 0 83.875 36.797 -83.794 83.349 37.031 -83.426 83.302 33.834 -80.989
3 0 83.302 33.834 -80.989 83.867 33.616 -81.303 83.875 36.797 -83.794
3 0 84.194 36.469 -84.301 83.875 36.797 -83.794 83.867 33.616 -81.303
3 0 83.867 33.616 -81.303 84.243 33.286 -81.768 84.194 36.469 -84.301
3 0 82.336 35.214 -86.156 83.016 35.257 -86.109 83.282 31.940 -83.609
3 0 83.282 31.940 -83.609 82.612 31.857 -83.708 82.336 35.214 -86.156
3 0 81.684 35.317 -85.983 82.336 35.214 -86.156 82.612 31.857 -83.708
3 0 82.612 31.857 -83.708 81.943 31.930 -83.592 81.684 35.317 -85.983
3 0 81.159 35.551 -85.615 81.684 35.317 -85.983 81.943 31.930 -83.592
3 0 81.943 31.930 -83.592 81.377 32.148 -83.277 81.159 35.551 -85.615
3 0 80.840 35.879 -85.108 81.159 35.551 -85.615 81.377 32.148 -83.277
3 0 81.377 32.148 -83.277 81.002 32.478 -82.812 80.840 35.879 -85.108
3 0 80.521 37.756 -82.252 79.842 37.713 -82.300 79.683 34.364 -80.175
3 0 79.683 34.364 -80.175 80.354 34.446 -80.076 80.521 37.756 -82.252
3 0 81.174 37.653 -82.426 80.521 37.756 -82.252 80.354 34.446 -80.076
3 0 80.354 34.446 -80.076 81.022 34.373 -80.193 81.174 37.653 -82.426
3 0 81.699 37.419 -82.794 81.174 37.653 -82.426 81.022 34.373 -80.193
3 0 81.022 34.373 -80.193 81.588 34.155 -80.507 81.699 37.419 -82.794
3 0 82.017 37.091 -83.300 81.699 37.419 -82.794 81.588 34.155 -80.507
3 0 81.588 34.155 -80.507 81.963 33.825 -80.972 82.017 37.091 -83.300
3 0 80.161 35.836 -85.156 80.840 35.879 -85.108 81.002 32.478 -82.812
3 0 81.002 32.478 -82.812 80.332 32.395 -82.912 80.161 35.836 -85.156
3 0 79.508 35.939 -84.983 80.161 35.836 -85.156 80.332 32.395 -82.912
3 0 80.332 32.395 -82.912 79.663 32.469 -82.795 79.508 35.939 -84.983
3 0 78.983 36.172 -84.615 79.508 35.939 -84.983 79.663 32.469 -82.795
3 0 79.663 32.469 -82.795 79.098 32.687 -82.481 78.983 36.172 -84.615
3 0 78.664 36.501 -84.108 78.983 36.172 -84.615 79.098 32.687 -82.481
3 0 79.098 32.687 -82.481 78.722 33.017 -82.016 78.664 36.501 -84.108
3 0 78.664 36.501 -84.108 78.722 33.017 -82.016 78.051 32.934 -82.115
3 0 78.051 32.934 -82.115 77.984 36.458 -84.156 78.664 36.501 -84.108
3 0 77.984 36.458 -84.156 78.051 32.934 -82.115 77.383 33.008 -81.999
3 0 77.383 33.008 -81.999 77.332 36.561 -83.982 77.984 36.458 -84.156
3 0 77.332 36.561 -83.982 77.383 33.008 -81.999 76.817 33.226 -81.684
3 0 76.817 33.226 -81.684 76.806 36.795 -83.614 77.332 36.561 -83.982
3 0 76.806 36.795 -83.614 76.817 33.226 -81.684 76.442 33.556 -81.219
3 0 76.442 33.556 -81.219 76.488 37.123 -83.108 76.806 36.795 -83.614
3 0 76.488 37.123 -83.108 76.442 33.556 -81.219 76.313 33.947 -80.675
3 0 76.313 33.947 -80.675 76.424 37.497 -82.539 76.488 37.123 -83.108
3 0 76.424 37.497 -82.539 76.313 33.947 -80.675 76.450 34.341 -80.134
3 0 76.450 34.341 -80.134 76.626 37.858 -81.996 76.424 37.497 -82.539
3 0 76.626 37.858 -81.996 76.450 34.341 -80.134 76.833 34.676 -79.679
3 0 76.833 34.676 -79.679 77.061 38.152 -81.561 76.626 37.858 -81.996
3 0 77.061 38.152 -81.561 76.833 34.676 -79.679 77.403 34.902 -79.379
3 0 77.403 34.902 -79.379 77.665 38.335 -81.299 77.061 38.152 -81.561
3 0 77.665 38.335 -81.299 77.403 34.902 -79.379 78.073 34.985 -79.279
3 0 78.073 34.985 -79.279 78.345 38.378 -81.252 77.665 38.335 -81.299
3 0 78.345 38.378 -81.252 78.073 34.985 -79.279 78.742 34.912 -79.396
3 0 78.742 34.912 -79.396 78.997 38.275 -81.425 78.345 38.378 -81.252
3 0 78.997 38.275 -81.425 78.742 34.912 -79.396 79.307 34.694 -79.710
3 0 79.307 34.694 -79.710 79.523 38.041 -81.793 78.997 38.275 -81.425
3 0 79.523 38.041 -81.793 79.307 34.694 -79.710 79.683 34.364 -80.175
3 0 79.683 34.364 -80.175 79.842 37.713 -82.300 79.523 38.041 -81.793
3 0 84.104 39.743 -86.752 84.194 36.469 -84.301 84.874 36.512 -84.253
3 0 84.874 36.512 -84.253 84.786 39.741 -86.776 84.104 39.743 -86.752
3 0 84.786 39.741 -86.776 84.874 36.512 -84.253 85.526 36.409 -84.426
3 0 85.526 36.409 -84.426 85.408 39.608 -87.024 84.786 39.741 -86.776
3 0 85.408 39.608 -87.024 85.526 36.409 -84.426 86.052 36.175 -84.794
3 0 86.052 36.175 -84.794 85.875 39.363 -87.458 85.408 39.608 -87.024
3 0 85.875 39.363 -87.458 86.052 36.175 -84.794 86.370 35.847 -85.301
3 0 86.370 35.847 -85.301 86.116 39.045 -88.012 85.875 39.363 -87.458
3 0 86.116 39.045 -88.012 86.370 35.847 -85.301 86.434 35.473 -85.869
3 0 86.434 35.473 -85.869 86.095 38.701 -88.602 86.116 39.045 -88.012
3 0 86.095 38.701 -88.602 86.434 35.473 -85.869 86.232 35.112 -86.412
3 0 86.232 35.112 -86.412 85.813 38.384 -89.137 86.095 38.701 -88.602
3 0 85.813 38.384 -89.137 86.232 35.112 -86.412 85.797 34.817 -86.848
3 0 85.797 34.817 -86.848 85.315 38.143 -89.537 85.813 38.384 -89.137
3 0 85.315 38.143 -89.537 85.797 34.817 -86.848 85.193 34.635 -87.109
3 0 85.193 34.635 -87.109 84.676 38.013 -89.740 85.315 38.143 -89.537
3 0 84.676 38.013 -89.740 85.193 34.635 -87.109 84.513 34.592 -87.157
3 0 84.513 34.592 -87.157 83.994 38.014 -89.716 84.676 38.013 -89.740
3 0 83.994 38.014 -89.716 84.513 34.592 -87.157 83.861 34.695 -86.983
3 0 83.861 34.695 -86.983 83.372 38.148 -89.468 83.994 38.014 -89.716
3 0 83.372 38.148 -89.468 83.861 34.695 -86.983 83.335 34.928 -86.615
3 0 83.335 34.928 -86.615 82.905 38.392 -89.034 83.372 38.148 -89.468
3 0 82.905 38.392 -89.034 83.335 34.928 -86.615 83.016 35.257 -86.109
3 0 83.016 35.257 -86.109 82.664 38.710 -88.480 82.905 38.392 -89.034
3 0 82.774 40.438 -85.516 82.091 40.440 -85.491 82.017 37.091 -83.300
3 0 82.017 37.091 -83.300 82.697 37.134 -83.252 82.774 40.438 -85.516
3 0 83.396 40.305 -85.764 82.774 40.438 -85.516 82.697 37.134 -83.252
3 0 82.697 37.134 -83.252 83.349 37.031 -83.426 83.396 40.305 -85.764
3 0 83.863 40.061 -86.198 83.396 40.305 -85.764 83.349 37.031 -83.426
3 0 83.349 37.031 -83.426 83.875 36.797 -83.794 83.863 40.061 -86.198
3 0 84.104 39.743 -86.752 83.863 40.061 -86.198 83.875 36.797 -83.794
3 0 83.875 36.797 -83.794 84.194 36.469 -84.301 84.104 39.743 -86.752
3 0 81.982 38.712 -88.455 82.664 38.710 -88.480 83.016 35.257 -86.109
3 0 83.016 35.257 -86.109 82.336 35.214 -86.156 81.982 38.712 -88.455
3 0 81.359 38.845 -88.207 81.982 38.712 -88.455 82.336 35.214 -86.156
3 0 82.336 35.214 -86.156 81.684 35.317 -85.983 81.359 38.845 -88.207
3 0 80.892 39.089 -87.773 81.359 38.845 -88.207 81.684 35.317 -85.983
3 0 81.684 35.317 -85.983 81.159 35.551 -85.615 80.892 39.089 -87.773
3 0 80.651 39.408 -87.219 80.892 39.089 -87.773 81.159 35.551 -85.615
3 0 81.159 35.551 -85.615 80.840 35.879 -85.108 80.651 39.408 -87.219
3 0 80.762 41.136 -84.256 80.080 41.137 -84.232 79.842 37.713 -82.300
3 0 79.842 37.713 -82.300 80.521 37.756 -82.252 80.762 41.136 -84.256
3 0 81.384 41.003 -84.504 80.762 41.136 -84.256 80.521 37.756 -82.252
3 0 80.521 37.756 -82.252 81.174 37.653 -82.426 81.384 41.003 -84.504
3 0 81.851 40.758 -84.938 81.384 41.003 -84.504 81.174 37.653 -82.426
3 0 81.174 37.653 -82.426 81.699 37.419 -82.794 81.851 40.758 -84.938
3 0 82.091 40.440 -85.491 81.851 40.758 -84.938 81.699 37.419 -82.794
3 0 81.699 37.419 -82.794 82.017 37.091 -83.300 82.091 40.440 -85.491
3 0 79.970 39.409 -87.195 80.651 39.408 -87.219 80.840 35.879 -85.108
3 0 80.840 35.879 -85.108 80.161 35.836 -85.156 79.970 39.409 -87.195
3 0 79.348 39.542 -86.947 79.970 39.409 -87.195 80.161 35.836 -85.156
3 0 80.161 35.836 -85.156 79.508 35.939 -84.983 79.348 39.542 -86.947
3 0 78.881 39.787 -86.513 79.348 39.542 -86.947 79.508 35.939 -84.983
3 0 79.508 35.939 -84.983 78.983 36.172 -84.615 78.881 39.787 -86.513
3 0 78.640 40.105 -85.959 78.881 39.787 -86.513 78.983 36.172 -84.615
3 0 78.983 36.172 -84.615 78.664 36.501 -84.108 78.640 40.105 -85.959
3 0 78.640 40.105 -85.959 78.664 36.501 -84.108 77.984 36.458 -84.156
3 0 77.984 36.458 -84.156 77.957 40.107 -85.935 78.640 40.105 -85.959
3 0 77.957 40.107 -85.935 77.984 36.458 -84.156 77.332 36.561 -83.982
3 0 77.332 36.561 -83.982 77.335 40.240 -85.687 77.957 40.107 -85.935
3 0 77.335 40.240 -85.687 77.332 36.561 -83.982 76.806 36.795 -83.614
3 0 76.806 36.795 -83.614 76.868 40.484 -85.253 77.335 40.240 -85.687
3 0 76.868 40.484 -85.253 76.806 36.795 -83.614 76.488 37.123 -83.108
3 0 76.488 37.123 -83.108 76.627 40.802 -84.699 76.868 40.484 -85.253
3 0 76.627 40.802 -84.699 76.488 37.123 -83.108 76.424 37.497 -82.539
3 0 76.424 37.497 -82.539 76.649 41.146 -84.109 76.627 40.802 -84.699
3 0 76.649 41.146 -84.109 76.424 37.497 -82.539 76.626 37.858 -81.996
3 0 76.626 37.858 -81.996 76.930 41.463 -83.574 76.649 41.146 -84.109
3 0 76.930 41.463 -83.574 76.626 37.858 -81.996 77.061 38.152 -81.561
3 0 77.061 38.152 -81.561 77.428 41.705 -83.174 76.930 41.463 -83.574
3 0 77.428 41.705 -83.174 77.061 38.152 -81.561 77.665 38.335 -81.299
3 0 77.665 38.335 -81.299 78.067 41.835 -82.971 77.428 41.705 -83.174
3 0 78.067 41.835 -82.971 77.665 38.335 -81.299 78.345 38.378 -81.252
3 0 78.345 38.378 -81.252 78.749 41.833 -82.995 78.067 41.835 -82.971
3 0 78.749 41.833 -82.995 78.345 38.378 -81.252 78.997 38.275 -81.425
3 0 78.997 38.275 -81.425 79.372 41.700 -83.244 78.749 41.833 -82.995
3 0 79.372 41.700 -83.244 78.997 38.275 -81.425 79.523 38.041 -81.793
3 0 79.523 38.041 -81.793 79.839 41.456 -83.678 79.372 41.700 -83.244
3 0 79.839 41.456 -83.678 79.523 38.041 -81.793 79.842 37.713 -82.300
3 0 79.842 37.713 -82.300 80.080 41.137 -84.232 79.839 41.456 -83.678
3 0 83.939 43.157 -89.080 84.104 39.743 -86.752 84.786 39.741 -86.776
3 0 84.786 39.741 -86.776 84.610 43.111 -89.202 83.939 43.157 -89.080
3 0 84.610 43.111 -89.202 84.786 39.741 -86.776 85.408 39.608 -87.024
3 0 85.408 39.608 -87.024 85.179 42.956 -89.546 84.610 43.111 -89.202
3 0 85.179 42.956 -89.546 85.408 39.608 -87.024 85.875 39.363 -87.458
3 0 85.875 39.363 -87.458 85.561 42.716 -90.058 85.179 42.956 -89.546
3 0 85.561 42.716 -90.058 85.875 39.363 -87.458 86.116 39.045 -88.012
3 0 86.116 39.045 -88.012 85.698 42.426 -90.661 85.561 42.716 -90.058
3 0 85.698 42.426 -90.661 86.116 39.045 -88.012 86.095 38.701 -88.602
3 0 86.095 38.701 -88.602 85.568 42.131 -91.263 85.698 42.426 -90.661
3 0 85.568 42.131 -91.263 86.095 38.701 -88.602 85.813 38.384 -89.137
3 0 85.813 38.384 -89.137 85.192 41.877 -91.773 85.568 42.131 -91.263
3 0 85.192 41.877 -91.773 85.813 38.384 -89.137 85.315 38.143 -89.537
3 0 85.315 38.143 -89.537 84.626 41.701 -92.112 85.192 41.877 -91.773
3 0 84.626 41.701 -92.112 85.315 38.143 -89.537 84.676 38.013 -89.740
3 0 84.676 38.013 -89.740 83.957 41.631 -92.230 84.626 41.701 -92.112
3 0 83.957 41.631 -92.230 84.676 38.013 -89.740 83.994 38.014 -89.716
3 0 83.994 38.014 -89.716 83.287 41.677 -92.108 83.957 41.631 -92.230
3 0 83.287 41.677 -92.108 83.994 38.014 -89.716 83.372 38.148 -89.468
3 0 83.372 38.148 -89.468 82.717 41.832 -91.765 83.287 41.677 -92.108
3 0 82.717 41.832 -91.765 83.372 38.148 -89.468 82.905 38.392 -89.034
3 0 82.905 38.392 -89.034 82.335 42.073 -91.253 82.717 41.832 -91.765
3 0 82.335 42.073 -91.253 82.905 38.392 -89.034 82.664 38.710 -88.480
3 0 82.664 38.710 -88.480 82.199 42.363 -90.650 82.335 42.073 -91.253
3 0 82.851 43.843 -87.622 82.181 43.889 -87.500 82.091 40.440 -85.491
3 0 82.091 40.440 -85.491 82.774 40.438 -85.516 82.851 43.843 -87.622
3 0 83.420 43.688 -87.965 82.851 43.843 -87.622 82.774 40.438 -85.516
3 0 82.774 40.438 -85.516 83.396 40.305 -85.764 83.420 43.688 -87.965
3 0 83.803 43.447 -88.477 83.420 43.688 -87.965 83.396 40.305 -85.764
3 0 83.396 40.305 -85.764 83.863 40.061 -86.198 83.803 43.447 -88.477
3 0 83.939 43.157 -89.080 83.803 43.447 -88.477 83.863 40.061 -86.198
3 0 83.863 40.061 -86.198 84.104 39.743 -86.752 83.939 43.157 -89.080
3 0 81.528 42.409 -90.528 82.199 42.363 -90.650 82.664 38.710 -88.480
3 0 82.664 38.710 -88.480 81.982 38.712 -88.455 81.528 42.409 -90.528
3 0 80.959 42.564 -90.185 81.528 42.409 -90.528 81.982 38.712 -88.455
3 0 81.982 38.712 -88.455 81.359 38.845 -88.207 80.959 42.564 -90.185
3 0 80.576 42.804 -89.673 80.959 42.564 -90.185 81.359 38.845 -88.207
3 0 81.359 38.845 -88.207 80.892 39.089 -87.773 80.576 42.804 -89.673
3 0 80.440 43.094 -89.069 80.576 42.804 -89.673 80.892 39.089 -87.773
3 0 80.892 39.089 -87.773 80.651 39.408 -87.219 80.440 43.094 -89.069
3 0 81.093 44.574 -86.042 80.423 44.620 -85.920 80.080 41.137 -84.232
3 0 80.080 41.137 -84.232 80.762 41.136 -84.256 81.093 44.574 -86.042
3 0 81.662 44.419 -86.386 81.093 44.574 -86.042 80.762 41.136 -84.256
3 0 80.762 41.136 -84.256 81.384 41.003 -84.504 81.662 44.419 -86.386
3 0 82.045 44.178 -86.898 81.662 44.419 -86.386 81.384 41.003 -84.504
3 0 81.384 41.003 -84.504 81.851 40.758 -84.938 82.045 44.178 -86.898
3 0 82.181 43.889 -87.500 82.045 44.178 -86.898 81.851 40.758 -84.938
3 0 81.851 40.758 -84.938 82.091 40.440 -85.491 82.181 43.889 -87.500
3 0 79.770 43.140 -88.948 80.440 43.094 -89.069 80.651 39.408 -87.219
3 0 80.651 39.408 -87.219 79.970 39.409 -87.195 79.770 43.140 -88.948
3 0 79.201 43.295 -88.605 79.770 43.140 -88.948 79.970 39.409 -87.195
3 0 79.970 39.409 -87.195 79.348 39.542 -86.947 79.201 43.295 -88.605
3 0 78.818 43.536 -88.093 79.201 43.295 -88.605 79.348 39.542 -86.947
3 0 79.348 39.542 -86.947 78.881 39.787 -86.513 78.818 43.536 -88.093
3 0 78.682 43.825 -87.490 78.818 43.536 -88.093 78.881 39.787 -86.513
3 0 78.881 39.787 -86.513 78.640 40.105 -85.959 78.682 43.825 -87.490
3 0 78.682 43.825 -87.490 78.640 40.105 -85.959 77.957 40.107 -85.935
3 0 77.957 40.107 -85.935 78.012 43.871 -87.368 78.682 43.825 -87.490
3 0 78.012 43.871 -87.368 77.957 40.107 -85.935 77.335 40.240 -85.687
3 0 77.335 40.240 -85.687 77.442 44.026 -87.025 78.012 43.871 -87.368
3 0 77.442 44.026 -87.025 77.335 40.240 -85.687 76.868 40.484 -85.253
3 0 76.868 40.484 -85.253 77.060 44.267 -86.512 77.442 44.026 -87.025
3 0 77.060 44.267 -86.512 76.868 40.484 -85.253 76.627 40.802 -84.699
3 0 76.627 40.802 -84.699 76.923 44.557 -85.909 77.060 44.267 -86.512
3 0 76.923 44.557 -85.909 76.627 40.802 -84.699 76.649 41.146 -84.109
3 0 76.649 41.146 -84.109 77.053 44.851 -85.307 76.923 44.557 -85.909
3 0 77.053 44.851 -85.307 76.649 41.146 -84.109 76.930 41.463 -83.574
3 0 76.930 41.463 -83.574 77.429 45.106 -84.797 77.053 44.851 -85.307
3 0 77.429 45.106 -84.797 76.930 41.463 -83.574 77.428 41.705 -83.174
3 0 77.428 41.705 -83.174 77.995 45.281 -84.458 77.429 45.106 -84.797
3 0 77.995 45.281 -84.458 77.428 41.705 -83.174 78.067 41.835 -82.971
3 0 78.067 41.835 -82.971 78.664 45.352 -84.340 77.995 45.281 -84.458
3 0 78.664 45.352 -84.340 78.067 41.835 -82.971 78.749 41.833 -82.995
3 0 78.749 41.833 -82.995 79.334 45.306 -84.462 78.664 45.352 -84.340
3 0 79.334 45.306 -84.462 78.749 41.833 -82.995 79.372 41.700 -83.244
3 0 79.372 41.700 -83.244 79.904 45.150 -84.805 79.334 45.306 -84.462
3 0 79.904 45.150 -84.805 79.372 41.700 -83.244 79.839 41.456 -83.678
3 0 79.839 41.456 -83.678 80.286 44.910 -85.317 79.904 45.150 -84.805
3 0 80.286 44.910 -85.317 79.839 41.456 -83.678 80.080 41.137 -84.232
3 0 80.080 41.137 -84.232 80.423 44.620 -85.920 80.286 44.910 -85.317
3 0 83.669 46.355 -90.979 83.939 43.157 -89.080 84.610 43.111 -89.202
3 0 84.610 43.111 -89.202 84.302 46.283 -91.224 83.669 46.355 -90.979
3 0 84.302 46.283 -91.224 84.610 43.111 -89.202 85.179 42.956 -89.546
3 0 85.179 42.956 -89.546 84.789 46.133 -91.678 84.302 46.283 -91.224
3 0 84.789 46.133 -91.678 85.179 42.956 -89.546 85.561 42.716 -90.058
3 0 85.561 42.716 -90.058 85.057 45.930 -92.273 84.789 46.133 -91.678
3 0 85.057 45.930 -92.273 85.561 42.716 -90.058 85.698 42.426 -90.661
3 0 85.698 42.426 -90.661 85.063 45.703 -92.917 85.057 45.930 -92.273
3 0 85.063 45.703 -92.917 85.698 42.426 -90.661 85.568 42.131 -91.263
3 0 85.568 42.131 -91.263 84.808 45.487 -93.512 85.063 45.703 -92.917
3 0 84.808 45.487 -93.512 85.568 42.131 -91.263 85.192 41.877 -91.773
3 0 85.192 41.877 -91.773 84.330 45.316 -93.969 84.808 45.487 -93.512
3 0 84.330 45.316 -93.969 85.192 41.877 -91.773 84.626 41.701 -92.112
3 0 84.626 41.701 -92.112 83.702 45.215 -94.217 84.330 45.316 -93.969
3 0 83.702 45.215 -94.217 84.626 41.701 -92.112 83.957 41.631 -92.230
3 0 83.957 41.631 -92.230 83.019 45.200 -94.218 83.702 45.215 -94.217
3 0 83.019 45.200 -94.218 83.957 41.631 -92.230 83.287 41.677 -92.108
3 0 83.287 41.677 -92.108 82.386 45.273 -93.973 83.019 45.200 -94.218
3 0 82.386 45.273 -93.973 83.287 41.677 -92.108 82.717 41.832 -91.765
3 0 82.717 41.832 -91.765 81.899 45.422 -93.519 82.386 45.273 -93.973
3 0 81.899 45.422 -93.519 82.717 41.832 -91.765 82.335 42.073 -91.253
3 0 82.335 42.073 -91.253 81.631 45.626 -92.924 81.899 45.422 -93.519
3 0 81.631 45.626 -92.924 82.335 42.073 -91.253 82.199 42.363 -90.650
3 0 82.199 42.363 -90.650 81.625 45.853 -92.280 81.631 45.626 -92.924
3 0 82.908 46.935 -89.286 82.275 47.008 -89.041 82.181 43.889 -87.500
3 0 82.181 43.889 -87.500 82.851 43.843 -87.622 82.908 46.935 -89.286
3 0 83.395 46.786 -89.740 82.908 46.935 -89.286 82.851 43.843 -87.622
3 0 82.851 43.843 -87.622 83.420 43.688 -87.965 83.395 46.786 -89.740
3 0 83.662 46.582 -90.335 83.395 46.786 -89.740 83.420 43.688 -87.965
3 0 83.420 43.688 -87.965 83.803 43.447 -88.477 83.662 46.582 -90.335
3 0 83.669 46.355 -90.979 83.662 46.582 -90.335 83.803 43.447 -88.477
3 0 83.803 43.447 -88.477 83.939 43.157 -89.080 83.669 46.355 -90.979
3 0 80.991 45.925 -92.035 81.625 45.853 -92.280 82.199 42.363 -90.650
3 0 82.199 42.363 -90.650 81.528 42.409 -90.528 80.991 45.925 -92.035
3 0 80.504 46.075 -91.581 80.991 45.925 -92.035 81.528 42.409 -90.528
3 0 81.528 42.409 -90.528 80.959 42.564 -90.185 80.504 46.075 -91.581
3 0 80.237 46.278 -90.986 80.504 46.075 -91.581 80.959 42.564 -90.185
3 0 80.959 42.564 -90.185 80.576 42.804 -89.673 80.237 46.278 -90.986
3 0 80.230 46.505 -90.342 80.237 46.278 -90.986 80.576 42.804 -89.673
3 0 80.576 42.804 -89.673 80.440 43.094 -89.069 80.230 46.505 -90.342
3 0 81.514 47.588 -87.349 80.881 47.660 -87.104 80.423 44.620 -85.920
3 0 80.423 44.620 -85.920 81.093 44.574 -86.042 81.514 47.588 -87.349
3 0 82.001 47.438 -87.803 81.514 47.588 -87.349 81.093 44.574 -86.042
3 0 81.093 44.574 -86.042 81.662 44.419 -86.386 82.001 47.438 -87.803
3 0 82.269 47.234 -88.397 82.001 47.438 -87.803 81.662 44.419 -86.386
3 0 81.662 44.419 -86.386 82.045 44.178 -86.898 82.269 47.234 -88.397
3 0 82.275 47.008 -89.041 82.269 47.234 -88.397 82.045 44.178 -86.898
3 0 82.045 44.178 -86.898 82.181 43.889 -87.500 82.275 47.008 -89.041
3 0 79.598 46.578 -90.098 80.230 46.505 -90.342 80.440 43.094 -89.069
3 0 80.440 43.094 -89.069 79.770 43.140 -88.948 79.598 46.578 -90.098
3 0 79.111 46.727 -89.643 79.598 46.578 -90.098 79.770 43.140 -88.948
3 0 79.770 43.140 -88.948 79.201 43.295 -88.605 79.111 46.727 -89.643
3 0 78.843 46.931 -89.049 79.111 46.727 -89.643 79.201 43.295 -88.605
3 0 79.201 43.295 -88.605 78.818 43.536 -88.093 78.843 46.931 -89.049
3 0 78.837 47.157 -88.405 78.843 46.931 -89.049 78.818 43.536 -88.093
3 0 78.818 43.536 -88.093 78.682 43.825 -87.490 78.837 47.157 -88.405
3 0 78.837 47.157 -88.405 78.682 43.825 -87.490 78.012 43.871 -87.368
3 0 78.012 43.871 -87.368 78.203 47.230 -88.160 78.837 47.157 -88.405
3 0 78.203 47.230 -88.160 78.012 43.871 -87.368 77.442 44.026 -87.025
3 0 77.442 44.026 -87.025 77.716 47.380 -87.705 78.203 47.230 -88.160
3 0 77.716 47.380 -87.705 77.442 44.026 -87.025 77.060 44.267 -86.512
3 0 77.060 44.267 -86.512 77.449 47.583 -87.111 77.716 47.380 -87.705
3 0 77.449 47.583 -87.111 77.060 44.267 -86.512 76.923 44.557 -85.909
3 0 76.923 44.557 -85.909 77.443 47.810 -86.467 77.449 47.583 -87.111
3 0 77.443 47.810 -86.467 76.923 44.557 -85.909 77.053 44.851 -85.307
3 0 77.053 44.851 -85.307 77.698 48.025 -85.871 77.443 47.810 -86.467
3 0 77.698 48.025 -85.871 77.053 44.851 -85.307 77.429 45.106 -84.797
3 0 77.429 45.106 -84.797 78.176 48.196 -85.415 77.698 48.025 -85.871
3 0 78.176 48.196 -85.415 77.429 45.106 -84.797 77.995 45.281 -84.458
3 0 77.995 45.281 -84.458 78.804 48.297 -85.167 78.176 48.196 -85.415
3 0 78.804 48.297 -85.167 77.995 45.281 -84.458 78.664 45.352 -84.340
3 0 78.664 45.352 -84.340 79.487 48.313 -85.166 78.804 48.297 -85.167
3 0 79.487 48.313 -85.166 78.664 45.352 -84.340 79.334 45.306 -84.462
3 0 79.334 45.306 -84.462 80.120 48.240 -85.411 79.487 48.313 -85.166
3 0 80.120 48.240 -85.411 79.334 45.306 -84.462 79.904 45.150 -84.805
3 0 79.904 45.150 -84.805 80.607 48.091 -85.865 80.120 48.240 -85.411
3 0 80.607 48.091 -85.865 79.904 45.150 -84.805 80.286 44.910 -85.317
3 0 80.286 44.910 -85.317 80.874 47.887 -86.459 80.607 48.091 -85.865
3 0 80.874 47.887 -86.459 80.286 44.910 -85.317 80.423 44.620 -85.920
3 0 80.423 44.620 -85.920 80.881 47.660 -87.104 80.874 47.887 -86.459
3 0 83.249 50.477 -92.604 83.669 46.355 -90.979 84.302 46.283 -91.224
3 0 84.302 46.283 -91.224 83.811 50.442 -92.989 83.249 50.477 -92.604
3 0 83.811 50.442 -92.989 84.302 46.283 -91.224 84.789 46.133 -91.678
3 0 84.789 46.133 -91.678 84.184 50.379 -93.558 83.811 50.442 -92.989
3 0 84.184 50.379 -93.558 84.789 46.133 -91.678 85.057 45.930 -92.273
3 0 85.057 45.930 -92.273 84.309 50.296 -94.224 84.184 50.379 -93.558
3 0 84.309 50.296 -94.224 85.057 45.930 -92.273 85.063 45.703 -92.917
3 0 85.063 45.703 -92.917 84.167 50.206 -94.886 84.309 50.296 -94.224
3 0 84.167 50.206 -94.886 85.063 45.703 -92.917 84.808 45.487 -93.512
3 0 84.808 45.487 -93.512 83.781 50.124 -95.443 84.167 50.206 -94.886
3 0 83.781 50.124 -95.443 84.808 45.487 -93.512 84.330 45.316 -93.969
3 0 84.330 45.316 -93.969 83.209 50.061 -95.811 83.781 50.124 -95.443
3 0 83.209 50.061 -95.811 84.330 45.316 -93.969 83.702 45.215 -94.217
3 0 83.702 45.215 -94.217 82.538 50.027 -95.932 83.209 50.061 -95.811
3 0 82.538 50.027 -95.932 83.702 45.215 -94.217 83.019 45.200 -94.218
3 0 83.019 45.200 -94.218 81.870 50.028 -95.790 82.538 50.027 -95.932
3 0 81.870 50.028 -95.790 83.019 45.200 -94.218 82.386 45.273 -93.973
3 0 82.386 45.273 -93.973 81.307 50.063 -95.405 81.870 50.028 -95.790
3 0 81.307 50.063 -95.405 82.386 45.273 -93.973 81.899 45.422 -93.519
3 0 81.899 45.422 -93.519 80.935 50.127 -94.836 81.307 50.063 -95.405
3 0 80.935 50.127 -94.836 81.899 45.422 -93.519 81.631 45.626 -92.924
3 0 81.631 45.626 -92.924 80.810 50.210 -94.170 80.935 50.127 -94.836
3 0 80.810 50.210 -94.170 81.631 45.626 -92.924 81.625 45.853 -92.280
3 0 81.625 45.853 -92.280 80.951 50.299 -93.508 80.810 50.210 -94.170
3 0 82.893 50.714 -90.707 82.330 50.748 -90.322 82.275 47.008 -89.041
3 0 82.275 47.008 -89.041 82.908 46.935 -89.286 82.893 50.714 -90.707
3 0 83.265 50.650 -91.276 82.893 50.714 -90.707 82.908 46.935 -89.286
3 0 82.908 46.935 -89.286 83.395 46.786 -89.740 83.265 50.650 -91.276
3 0 83.390 50.567 -91.942 83.265 50.650 -91.276 83.395 46.786 -89.740
3 0 83.395 46.786 -89.740 83.662 46.582 -90.335 83.390 50.567 -91.942
3 0 83.249 50.477 -92.604 83.390 50.567 -91.942 83.662 46.582 -90.335
3 0 83.662 46.582 -90.335 83.669 46.355 -90.979 83.249 50.477 -92.604
3 0 80.389 50.334 -93.123 80.951 50.299 -93.508 81.625 45.853 -92.280
3 0 81.625 45.853 -92.280 80.991 45.925 -92.035 80.389 50.334 -93.123
3 0 80.016 50.398 -92.554 80.389 50.334 -93.123 80.991 45.925 -92.035
3 0 80.991 45.925 -92.035 80.504 46.075 -91.581 80.016 50.398 -92.554
3 0 79.891 50.481 -91.888 80.016 50.398 -92.554 80.504 46.075 -91.581
3 0 80.504 46.075 -91.581 80.237 46.278 -90.986 79.891 50.481 -91.888
3 0 80.033 50.570 -91.226 79.891 50.481 -91.888 80.237 46.278 -90.986
3 0 80.237 46.278 -90.986 80.230 46.505 -90.342 80.033 50.570 -91.226
3 0 81.975 50.985 -88.426 81.412 51.019 -88.041 80.881 47.660 -87.104
3 0 80.881 47.660 -87.104 81.514 47.588 -87.349 81.975 50.985 -88.426
3 0 82.347 50.921 -88.995 81.975 50.985 -88.426 81.514 47.588 -87.349
3 0 81.514 47.588 -87.349 82.001 47.438 -87.803 82.347 50.921 -88.995
3 0 82.472 50.838 -89.661 82.347 50.921 -88.995 82.001 47.438 -87.803
3 0 82.001 47.438 -87.803 82.269 47.234 -88.397 82.472 50.838 -89.661
3 0 82.330 50.748 -90.322 82.472 50.838 -89.661 82.269 47.234 -88.397
3 0 82.269 47.234 -88.397 82.275 47.008 -89.041 82.330 50.748 -90.322
3 0 79.470 50.605 -90.841 80.033 50.570 -91.226 80.230 46.505 -90.342
3 0 80.230 46.505 -90.342 79.598 46.578 -90.098 79.470 50.605 -90.841
3 0 79.098 50.669 -90.273 79.470 50.605 -90.841 79.598 46.578 -90.098
3 0 79.598 46.578 -90.098 79.111 46.727 -89.643 79.098 50.669 -90.273
3 0 78.973 50.752 -89.606 79.098 50.669 -90.273 79.111 46.727 -89.643
3 0 79.111 46.727 -89.643 78.843 46.931 -89.049 78.973 50.752 -89.606
3 0 79.115 50.841 -88.944 78.973 50.752 -89.606 78.843 46.931 -89.049
3 0 78.843 46.931 -89.049 78.837 47.157 -88.405 79.115 50.841 -88.944
3 0 79.115 50.841 -88.944 78.837 47.157 -88.405 78.203 47.230 -88.160
3 0 78.203 47.230 -88.160 78.552 50.876 -88.559 79.115 50.841 -88.944
3 0 78.552 50.876 -88.559 78.203 47.230 -88.160 77.716 47.380 -87.705
3 0 77.716 47.380 -87.705 78.180 50.940 -87.990 78.552 50.876 -88.559
3 0 78.180 50.940 -87.990 77.716 47.380 -87.705 77.449 47.583 -87.111
3 0 77.449 47.583 -87.111 78.055 51.023 -87.324 78.180 50.940 -87.990
3 0 78.055 51.023 -87.324 77.449 47.583 -87.111 77.443 47.810 -86.467
3 0 77.443 47.810 -86.467 78.196 51.112 -86.662 78.055 51.023 -87.324
3 0 78.196 51.112 -86.662 77.443 47.810 -86.467 77.698 48.025 -85.871
3 0 77.698 48.025 -85.871 78.582 51.195 -86.105 78.196 51.112 -86.662
3 0 78.582 51.195 -86.105 77.698 48.025 -85.871 78.176 48.196 -85.415
3 0 78.176 48.196 -85.415 79.154 51.258 -85.738 78.582 51.195 -86.105
3 0 79.154 51.258 -85.738 78.176 48.196 -85.415 78.804 48.297 -85.167
3 0 78.804 48.297 -85.167 79.825 51.291 -85.616 79.154 51.258 -85.738
3 0 79.825 51.291 -85.616 78.804 48.297 -85.167 79.487 48.313 -85.166
3 0 79.487 48.313 -85.166 80.493 51.291 -85.759 79.825 51.291 -85.616
3 0 80.493 51.291 -85.759 79.487 48.313 -85.166 80.120 48.240 -85.411
3 0 80.120 48.240 -85.411 81.056 51.256 -86.144 80.493 51.291 -85.759
3 0 81.056 51.256 -86.144 80.120 48.240 -85.411 80.607 48.091 -85.865
3 0 80.607 48.091 -85.865 81.428 51.192 -86.713 81.056 51.256 -86.144
3 0 81.428 51.192 -86.713 80.607 48.091 -85.865 80.874 47.887 -86.459
3 0 80.874 47.887 -86.459 81.553 51.109 -87.379 81.428 51.192 -86.713
3 0 81.553 51.109 -87.379 80.874 47.887 -86.459 80.881 47.660 -87.104
3 0 80.881 47.660 -87.104 81.412 51.019 -88.041 81.553 51.109 -87.379
3 0 82.759 55.371 -92.833 83.249 50.477 -92.604 83.811 50.442 -92.989
3 0 83.811 50.442 -92.989 83.232 55.525 -93.300 82.759 55.371 -92.833
3 0 83.232 55.525 -93.300 83.811 50.442 -92.989 84.184 50.379 -93.558
3 0 84.184 50.379 -93.558 83.481 55.715 -93.907 83.232 55.525 -93.300
3 0 83.481 55.715 -93.907 84.184 50.379 -93.558 84.309 50.296 -94.224
3 0 84.309 50.296 -94.224 83.468 55.910 -94.561 83.481 55.715 -93.907
3 0 83.468 55.910 -94.561 84.309 50.296 -94.224 84.167 50.206 -94.886
3 0 84.167 50.206 -94.886 83.195 56.081 -95.163 83.468 55.910 -94.561
3 0 83.195 56.081 -95.163 84.167 50.206 -94.886 83.781 50.124 -95.443
3 0 83.781 50.124 -95.443 82.703 56.203 -95.621 83.195 56.081 -95.163
3 0 82.703 56.203 -95.621 83.781 50.124 -95.443 83.209 50.061 -95.811
3 0 83.209 50.061 -95.811 82.067 56.256 -95.865 82.703 56.203 -95.621
3 0 82.067 56.256 -95.865 83.209 50.061 -95.811 82.538 50.027 -95.932
3 0 82.538 50.027 -95.932 81.385 56.232 -95.858 82.067 56.256 -95.865
3 0 81.385 56.232 -95.858 82.538 50.027 -95.932 81.870 50.028 -95.790
3 0 81.870 50.028 -95.790 80.760 56.136 -95.601 81.385 56.232 -95.858
3 0 80.760 56.136 -95.601 81.870 50.028 -95.790 81.307 50.063 -95.405
3 0 81.307 50.063 -95.405 80.286 55.982 -95.134 80.760 56.136 -95.601
3 0 80.286 55.982 -95.134 81.307 50.063 -95.405 80.935 50.127 -94.836
3 0 80.935 50.127 -94.836 80.037 55.792 -94.527 80.286 55.982 -95.134
3 0 80.037 55.792 -94.527 80.935 50.127 -94.836 80.810 50.210 -94.170
3 0 80.810 50.210 -94.170 80.050 55.597 -93.873 80.037 55.792 -94.527
3 0 80.050 55.597 -93.873 80.810 50.210 -94.170 80.951 50.299 -93.508
3 0 80.951 50.299 -93.508 80.324 55.426 -93.271 80.050 55.597 -93.873
3 0 82.796 54.815 -90.969 82.323 54.660 -90.502 82.330 50.748 -90.322
3 0 82.330 50.748 -90.322 82.893 50.714 -90.707 82.796 54.815 -90.969
3 0 83.045 55.004 -91.576 82.796 54.815 -90.969 82.893 50.714 -90.707
3 0 82.893 50.714 -90.707 83.265 50.650 -91.276 83.045 55.004 -91.576
3 0 83.032 55.199 -92.231 83.045 55.004 -91.576 83.265 50.650 -91.276
3 0 83.265 50.650 -91.276 83.390 50.567 -91.942 83.032 55.199 -92.231
3 0 82.759 55.371 -92.833 83.032 55.199 -92.231 83.390 50.567 -91.942
3 0 83.390 50.567 -91.942 83.249 50.477 -92.604 82.759 55.371 -92.833
3 0 79.850 55.271 -92.804 80.324 55.426 -93.271 80.951 50.299 -93.508
3 0 80.951 50.299 -93.508 80.389 50.334 -93.123 79.850 55.271 -92.804
3 0 79.601 55.082 -92.197 79.850 55.271 -92.804 80.389 50.334 -93.123
3 0 80.389 50.334 -93.123 80.016 50.398 -92.554 79.601 55.082 -92.197
3 0 79.615 54.887 -91.543 79.601 55.082 -92.197 80.016 50.398 -92.554
3 0 80.016 50.398 -92.554 79.891 50.481 -91.888 79.615 54.887 -91.543
3 0 79.888 54.715 -90.941 79.615 54.887 -91.543 79.891 50.481 -91.888
3 0 79.891 50.481 -91.888 80.033 50.570 -91.226 79.888 54.715 -90.941
3 0 82.360 54.105 -88.640 81.887 53.950 -88.173 81.412 51.019 -88.041
3 0 81.412 51.019 -88.041 81.975 50.985 -88.426 82.360 54.105 -88.640
3 0 82.609 54.294 -89.247 82.360 54.105 -88.640 81.975 50.985 -88.426
3 0 81.975 50.985 -88.426 82.347 50.921 -88.995 82.609 54.294 -89.247
3 0 82.596 54.489 -89.901 82.609 54.294 -89.247 82.347 50.921 -88.995
3 0 82.347 50.921 -88.995 82.472 50.838 -89.661 82.596 54.489 -89.901
3 0 82.323 54.660 -90.502 82.596 54.489 -89.901 82.472 50.838 -89.661
3 0 82.472 50.838 -89.661 82.330 50.748 -90.322 82.323 54.660 -90.502
3 0 79.415 54.561 -90.474 79.888 54.715 -90.941 80.033 50.570 -91.226
3 0 80.033 50.570 -91.226 79.470 50.605 -90.841 79.415 54.561 -90.474
3 0 79.166 54.372 -89.867 79.415 54.561 -90.474 79.470 50.605 -90.841
3 0 79.470 50.605 -90.841 79.098 50.669 -90.273 79.166 54.372 -89.867
3 0 79.179 54.176 -89.213 79.166 54.372 -89.867 79.098 50.669 -90.273
3 0 79.098 50.669 -90.273 78.973 50.752 -89.606 79.179 54.176 -89.213
3 0 79.452 54.005 -88.611 79.179 54.176 -89.213 78.973 50.752 -89.606
3 0 78.973 50.752 -89.606 79.115 50.841 -88.944 79.452 54.005 -88.611
3 0 79.452 54.005 -88.611 79.115 50.841 -88.944 78.552 50.876 -88.559
3 0 78.552 50.876 -88.559 78.979 53.850 -88.144 79.452 54.005 -88.611
3 0 78.979 53.850 -88.144 78.552 50.876 -88.559 78.180 50.940 -87.990
3 0 78.180 50.940 -87.990 78.730 53.661 -87.537 78.979 53.850 -88.144
3 0 78.730 53.661 -87.537 78.180 50.940 -87.990 78.055 51.023 -87.324
3 0 78.055 51.023 -87.324 78.743 53.466 -86.883 78.730 53.661 -87.537
3 0 78.743 53.466 -86.883 78.055 51.023 -87.324 78.196 51.112 -86.662
3 0 78.196 51.112 -86.662 79.016 53.295 -86.281 78.743 53.466 -86.883
3 0 79.016 53.295 -86.281 78.196 51.112 -86.662 78.582 51.195 -86.105
3 0 78.582 51.195 -86.105 79.508 53.173 -85.823 79.016 53.295 -86.281
3 0 79.508 53.173 -85.823 78.582 51.195 -86.105 79.154 51.258 -85.738
3 0 79.154 51.258 -85.738 80.144 53.120 -85.579 79.508 53.173 -85.823
3 0 80.144 53.120 -85.579 79.154 51.258 -85.738 79.825 51.291 -85.616
3 0 79.825 51.291 -85.616 80.826 53.143 -85.586 80.144 53.120 -85.579
3 0 80.826 53.143 -85.586 79.825 51.291 -85.616 80.493 51.291 -85.759
3 0 80.493 51.291 -85.759 81.451 53.240 -85.842 80.826 53.143 -85.586
3 0 81.451 53.240 -85.842 80.493 51.291 -85.759 81.056 51.256 -86.144
3 0 81.056 51.256 -86.144 81.925 53.394 -86.310 81.451 53.240 -85.842
3 0 81.925 53.394 -86.310 81.056 51.256 -86.144 81.428 51.192 -86.713
3 0 81.428 51.192 -86.713 82.174 53.584 -86.917 81.925 53.394 -86.310
3 0 82.174 53.584 -86.917 81.428 51.192 -86.713 81.553 51.109 -87.379
3 0 81.553 51.109 -87.379 82.160 53.779 -87.571 82.174 53.584 -86.917
3 0 82.160 53.779 -87.571 81.553 51.109 -87.379 81.412 51.019 -88.041
3 0 81.412 51.019 -88.041 81.887 53.950 -88.173 82.160 53.779 -87.571
3 0 82.409 59.888 -90.121 82.759 55.371 -92.833 83.232 55.525 -93.300
3 0 83.232 55.525 -93.300 82.818 60.309 -90.469 82.409 59.888 -90.121
3 0 82.818 60.309 -90.469 83.232 55.525 -93.300 83.481 55.715 -93.907
3 0 83.481 55.715 -93.907 82.988 60.815 -90.895 82.818 60.309 -90.469
3 0 82.988 60.815 -90.895 83.481 55.715 -93.907 83.468 55.910 -94.561
3 0 83.468 55.910 -94.561 82.891 61.329 -91.334 82.988 60.815 -90.895
3 0 82.891 61.329 -91.334 83.468 55.910 -94.561 83.195 56.081 -95.163
3 0 83.195 56.081 -95.163 82.543 61.773 -91.719 82.891 61.329 -91.334
3 0 82.543 61.773 -91.719 83.195 56.081 -95.163 82.703 56.203 -95.621
3 0 82.703 56.203 -95.621 81.996 62.079 -91.992 82.543 61.773 -91.719
3 0 81.996 62.079 -91.992 82.703 56.203 -95.621 82.067 56.256 -95.865
3 0 82.067 56.256 -95.865 81.335 62.200 -92.110 81.996 62.079 -91.992
3 0 81.335 62.200 -92.110 82.067 56.256 -95.865 81.385 56.232 -95.858
3 0 81.385 56.232 -95.858 80.659 62.119 -92.056 81.335 62.200 -92.110
3 0 80.659 62.119 -92.056 81.385 56.232 -95.858 80.760 56.136 -95.601
3 0 80.760 56.136 -95.601 80.072 61.847 -91.839 80.659 62.119 -92.056
3 0 80.072 61.847 -91.839 80.760 56.136 -95.601 80.286 55.982 -95.134
3 0 80.286 55.982 -95.134 79.662 61.426 -91.490 80.072 61.847 -91.839
3 0 79.662 61.426 -91.490 80.286 55.982 -95.134 80.037 55.792 -94.527
3 0 80.037 55.792 -94.527 79.493 60.920 -91.064 79.662 61.426 -91.490
3 0 79.493 60.920 -91.064 80.037 55.792 -94.527 80.050 55.597 -93.873
3 0 80.050 55.597 -93.873 79.590 60.406 -90.625 79.493 60.920 -91.064
3 0 79.590 60.406 -90.625 80.050 55.597 -93.873 80.324 55.426 -93.271
3 0 80.324 55.426 -93.271 79.938 59.962 -90.241 79.590 60.406 -90.625
3 0 82.685 58.424 -88.871 82.275 58.003 -88.523 82.323 54.660 -90.502
3 0 82.323 54.660 -90.502 82.796 54.815 -90.969 82.685 58.424 -88.871
3 0 82.854 58.930 -89.297 82.685 58.424 -88.871 82.796 54.815 -90.969
3 0 82.796 54.815 -90.969 83.045 55.004 -91.576 82.854 58.930 -89.297
3 0 82.757 59.444 -89.736 82.854 58.930 -89.297 83.045 55.004 -91.576
3 0 83.045 55.004 -91.576 83.032 55.199 -92.231 82.757 59.444 -89.736
3 0 82.409 59.888 -90.121 82.757 59.444 -89.736 83.032 55.199 -92.231
3 0 83.032 55.199 -92.231 82.759 55.371 -92.833 82.409 59.888 -90.121
3 0 79.529 59.541 -89.892 79.938 59.962 -90.241 80.324 55.426 -93.271
3 0 80.324 55.426 -93.271 79.850 55.271 -92.804 79.529 59.541 -89.892
3 0 79.360 59.035 -89.466 79.529 59.541 -89.892 79.850 55.271 -92.804
3 0 79.850 55.271 -92.804 79.601 55.082 -92.197 79.360 59.035 -89.466
3 0 79.456 58.521 -89.027 79.360 59.035 -89.466 79.601 55.082 -92.197
3 0 79.601 55.082 -92.197 79.615 54.887 -91.543 79.456 58.521 -89.027
3 0 79.804 58.077 -88.642 79.456 58.521 -89.027 79.615 54.887 -91.543
3 0 79.615 54.887 -91.543 79.888 54.715 -90.941 79.804 58.077 -88.642
3 0 82.551 56.540 -87.274 82.141 56.118 -86.925 81.887 53.950 -88.173
3 0 81.887 53.950 -88.173 82.360 54.105 -88.640 82.551 56.540 -87.274
3 0 82.720 57.046 -87.700 82.551 56.540 -87.274 82.360 54.105 -88.640
3 0 82.360 54.105 -88.640 82.609 54.294 -89.247 82.720 57.046 -87.700
3 0 82.623 57.560 -88.138 82.720 57.046 -87.700 82.609 54.294 -89.247
3 0 82.609 54.294 -89.247 82.596 54.489 -89.901 82.623 57.560 -88.138
3 0 82.275 58.003 -88.523 82.623 57.560 -88.138 82.596 54.489 -89.901
3 0 82.596 54.489 -89.901 82.323 54.660 -90.502 82.275 58.003 -88.523
3 0 79.395 57.656 -88.294 79.804 58.077 -88.642 79.888 54.715 -90.941
3 0 79.888 54.715 -90.941 79.415 54.561 -90.474 79.395 57.656 -88.294
3 0 79.226 57.150 -87.868 79.395 57.656 -88.294 79.415 54.561 -90.474
3 0 79.415 54.561 -90.474 79.166 54.372 -89.867 79.226 57.150 -87.868
3 0 79.322 56.636 -87.430 79.226 57.150 -87.868 79.166 54.372 -89.867
3 0 79.166 54.372 -89.867 79.179 54.176 -89.213 79.322 56.636 -87.430
3 0 79.671 56.193 -87.045 79.322 56.636 -87.430 79.179 54.176 -89.213
3 0 79.179 54.176 -89.213 79.452 54.005 -88.611 79.671 56.193 -87.045
3 0 79.671 56.193 -87.045 79.452 54.005 -88.611 78.979 53.850 -88.144
3 0 78.979 53.850 -88.144 79.261 55.771 -86.696 79.671 56.193 -87.045
3 0 79.261 55.771 -86.696 78.979 53.850 -88.144 78.730 53.661 -87.537
3 0 78.730 53.661 -87.537 79.092 55.265 -86.270 79.261 55.771 -86.696
3 0 79.092 55.265 -86.270 78.730 53.661 -87.537 78.743 53.466 -86.883
3 0 78.743 53.466 -86.883 79.189 54.751 -85.831 79.092 55.265 -86.270
3 0 79.189 54.751 -85.831 78.743 53.466 -86.883 79.016 53.295 -86.281
3 0 79.016 53.295 -86.281 79.537 54.308 -85.446 79.189 54.751 -85.831
3 0 79.537 54.308 -85.446 79.016 53.295 -86.281 79.508 53.173 -85.823
3 0 79.508 53.173 -85.823 80.083 54.002 -85.174 79.537 54.308 -85.446
3 0 80.083 54.002 -85.174 79.508 53.173 -85.823 80.144 53.120 -85.579
3 0 80.144 53.120 -85.579 80.744 53.880 -85.056 80.083 54.002 -85.174
3 0 80.744 53.880 -85.056 80.144 53.120 -85.579 80.826 53.143 -85.586
3 0 80.826 53.143 -85.586 81.420 53.962 -85.109 80.744 53.880 -85.056
3 0 81.420 53.962 -85.109 80.826 53.143 -85.586 81.451 53.240 -85.842
3 0 81.451 53.240 -85.842 82.008 54.233 -85.327 81.420 53.962 -85.109
3 0 82.008 54.233 -85.327 81.451 53.240 -85.842 81.925 53.394 -86.310
3 0 81.925 53.394 -86.310 82.417 54.654 -85.675 82.008 54.233 -85.327
3 0 82.417 54.654 -85.675 81.925 53.394 -86.310 82.174 53.584 -86.917
3 0 82.174 53.584 -86.917 82.586 55.161 -86.101 82.417 54.654 -85.675
3 0 82.586 55.161 -86.101 82.174 53.584 -86.917 82.160 53.779 -87.571
3 0 82.160 53.779 -87.571 82.489 55.675 -86.540 82.586 55.161 -86.101
3 0 82.489 55.675 -86.540 82.160 53.779 -87.571 81.887 53.950 -88.173
3 0 81.887 53.950 -88.173 82.141 56.118 -86.925 82.489 55.675 -86.540
3 0 82.661 62.558 -85.627 82.275 62.012 -85.489 82.409 59.888 -90.121
3 0 82.409 59.888 -90.121 82.818 60.309 -90.469 82.661 62.558 -85.627
3 0 82.803 63.206 -85.792 82.661 62.558 -85.627 82.818 60.309 -90.469
3 0 82.818 60.309 -90.469 82.988 60.815 -90.895 82.803 63.206 -85.792
3 0 82.678 63.856 -85.959 82.803 63.206 -85.792 82.988 60.815 -90.895
3 0 82.988 60.815 -90.895 82.891 61.329 -91.334 82.678 63.856 -85.959
3 0 82.305 64.410 -86.103 82.678 63.856 -85.959 82.891 61.329 -91.334
3 0 82.891 61.329 -91.334 82.543 61.773 -91.719 82.305 64.410 -86.103
3 0 81.742 64.783 -86.202 82.305 64.410 -86.103 82.543 61.773 -91.719
3 0 82.543 61.773 -91.719 81.996 62.079 -91.992 81.742 64.783 -86.202
3 0 81.074 64.919 -86.240 81.742 64.783 -86.202 81.996 62.079 -91.992
3 0 81.996 62.079 -91.992 81.335 62.200 -92.110 81.074 64.919 -86.240
3 0 80.403 64.797 -86.213 81.074 64.919 -86.240 81.335 62.200 -92.110
3 0 81.335 62.200 -92.110 80.659 62.119 -92.056 80.403 64.797 -86.213
3 0 79.831 64.435 -86.124 80.403 64.797 -86.213 80.659 62.119 -92.056
3 0 80.659 62.119 -92.056 80.072 61.847 -91.839 79.831 64.435 -86.124
3 0 79.445 63.889 -85.986 79.831 64.435 -86.124 80.072 61.847 -91.839
3 0 80.072 61.847 -91.839 79.662 61.426 -91.490 79.445 63.889 -85.986
3 0 79.303 63.242 -85.821 79.445 63.889 -85.986 79.662 61.426 -91.490
3 0 79.662 61.426 -91.490 79.493 60.920 -91.064 79.303 63.242 -85.821
3 0 79.428 62.592 -85.654 79.303 63.242 -85.821 79.493 60.920 -91.064
3 0 79.493 60.920 -91.064 79.590 60.406 -90.625 79.428 62.592 -85.654
3 0 79.801 62.038 -85.510 79.428 62.592 -85.654 79.590 60.406 -90.625
3 0 79.590 60.406 -90.625 79.938 59.962 -90.241 79.801 62.038 -85.510
3 0 82.685 58.424 -88.871 82.631 60.161 -85.013 82.245 59.615 -84.876
3 0 82.245 59.615 -84.876 82.275 58.003 -88.523 82.685 58.424 -88.871
3 0 82.854 58.930 -89.297 82.773 60.808 -85.178 82.631 60.161 -85.013
3 0 82.631 60.161 -85.013 82.685 58.424 -88.871 82.854 58.930 -89.297
3 0 82.757 59.444 -89.736 82.648 61.458 -85.345 82.773 60.808 -85.178
3 0 82.773 60.808 -85.178 82.854 58.930 -89.297 82.757 59.444 -89.736
3 0 82.409 59.888 -90.121 82.275 62.012 -85.489 82.648 61.458 -85.345
3 0 82.648 61.458 -85.345 82.757 59.444 -89.736 82.409 59.888 -90.121
3 0 79.529 59.541 -89.892 79.414 61.492 -85.373 79.801 62.038 -85.510
3 0 79.801 62.038 -85.510 79.938 59.962 -90.241 79.529 59.541 -89.892
3 0 79.360 59.035 -89.466 79.273 60.845 -85.208 79.414 61.492 -85.373
3 0 79.414 61.492 -85.373 79.529 59.541 -89.892 79.360 59.035 -89.466
3 0 79.456 58.521 -89.027 79.398 60.194 -85.041 79.273 60.845 -85.208
3 0 79.273 60.845 -85.208 79.360 59.035 -89.466 79.456 58.521 -89.027
3 0 79.804 58.077 -88.642 79.770 59.640 -84.897 79.398 60.194 -85.041
3 0 79.398 60.194 -85.041 79.456 58.521 -89.027 79.804 58.077 -88.642
3 0 82.601 57.764 -84.400 82.215 57.218 -84.263 82.141 56.118 -86.925
3 0 82.141 56.118 -86.925 82.551 56.540 -87.274 82.601 57.764 -84.400
3 0 82.742 58.411 -84.565 82.601 57.764 -84.400 82.551 56.540 -87.274
3 0 82.551 56.540 -87.274 82.720 57.046 -87.700 82.742 58.411 -84.565
3 0 82.623 57.560 -88.138 82.617 59.061 -84.732 82.742 58.411 -84.565
3 0 82.742 58.411 -84.565 82.720 57.046 -87.700 82.623 57.560 -88.138
3 0 82.275 58.003 -88.523 82.245 59.615 -84.876 82.617 59.061 -84.732
3 0 82.617 59.061 -84.732 82.623 57.560 -88.138 82.275 58.003 -88.523
3 0 79.384 59.095 -84.759 79.770 59.640 -84.897 79.804 58.077 -88.642
3 0 79.804 58.077 -88.642 79.395 57.656 -88.294 79.384 59.095 -84.759
3 0 79.226 57.150 -87.868 79.243 58.448 -84.595 79.384 59.095 -84.759
3 0 79.384 59.095 -84.759 79.395 57.656 -88.294 79.226 57.150 -87.868
3 0 79.322 56.636 -87.430 79.368 57.798 -84.427 79.243 58.448 -84.595
3 0 79.243 58.448 -84.595 79.226 57.150 -87.868 79.322 56.636 -87.430
3 0 79.671 56.193 -87.045 79.740 57.244 -84.284 79.368 57.798 -84.427
3 0 79.368 57.798 -84.427 79.322 56.636 -87.430 79.671 56.193 -87.045
3 0 79.740 57.244 -84.284 79.671 56.193 -87.045 79.261 55.771 -86.696
3 0 79.261 55.771 -86.696 79.354 56.698 -84.146 79.740 57.244 -84.284
3 0 79.354 56.698 -84.146 79.261 55.771 -86.696 79.092 55.265 -86.270
3 0 79.092 55.265 -86.270 79.213 56.050 -83.981 79.354 56.698 -84.146
3 0 79.213 56.050 -83.981 79.092 55.265 -86.270 79.189 54.751 -85.831
3 0 79.189 54.751 -85.831 79.338 55.400 -83.814 79.213 56.050 -83.981
3 0 79.710 54.846 -83.670 79.338 55.400 -83.814 79.189 54.751 -85.831
3 0 79.189 54.751 -85.831 79.537 54.308 -85.446 79.710 54.846 -83.670
3 0 80.273 54.473 -83.571 79.710 54.846 -83.670 79.537 54.308 -85.446
3 0 79.537 54.308 -85.446 80.083 54.002 -85.174 80.273 54.473 -83.571
3 0 80.941 54.337 -83.533 80.273 54.473 -83.571 80.083 54.002 -85.174
3 0 80.083 54.002 -85.174 80.744 53.880 -85.056 80.941 54.337 -83.533
3 0 81.612 54.459 -83.560 80.941 54.337 -83.533 80.744 53.880 -85.056
3 0 80.744 53.880 -85.056 81.420 53.962 -85.109 81.612 54.459 -83.560
3 0 81.612 54.459 -83.560 81.420 53.962 -85.109 82.008 54.233 -85.327
3 0 82.008 54.233 -85.327 82.185 54.820 -83.649 81.612 54.459 -83.560
3 0 82.185 54.820 -83.649 82.008 54.233 -85.327 82.417 54.654 -85.675
3 0 82.417 54.654 -85.675 82.571 55.366 -83.787 82.185 54.820 -83.649
3 0 82.571 55.366 -83.787 82.417 54.654 -85.675 82.586 55.161 -86.101
3 0 82.586 55.161 -86.101 82.712 56.014 -83.952 82.571 55.366 -83.787
3 0 82.712 56.014 -83.952 82.586 55.161 -86.101 82.489 55.675 -86.540
3 0 82.489 55.675 -86.540 82.587 56.664 -84.119 82.712 56.014 -83.952
3 0 82.215 57.218 -84.263 82.587 56.664 -84.119 82.489 55.675 -86.540
3 0 82.489 55.675 -86.540 82.141 56.118 -86.925 82.215 57.218 -84.263
3 0 82.617 63.042 -81.000 82.237 62.475 -81.000 82.275 62.012 -85.489
3 0 82.275 62.012 -85.489 82.661 62.558 -85.627 82.617 63.042 -81.000
3 0 82.750 63.712 -81.000 82.617 63.042 -81.000 82.661 62.558 -85.627
3 0 82.661 62.558 -85.627 82.803 63.206 -85.792 82.750 63.712 -81.000
3 0 82.617 64.382 -81.000 82.750 63.712 -81.000 82.803 63.206 -85.792
3 0 82.803 63.206 -85.792 82.678 63.856 -85.959 82.617 64.382 -81.000
3 0 82.237 64.949 -81.000 82.617 64.382 -81.000 82.678 63.856 -85.959
3 0 82.678 63.856 -85.959 82.305 64.410 -86.103 82.237 64.949 -81.000
3 0 81.670 65.329 -81.000 82.237 64.949 -81.000 82.305 64.410 -86.103
3 0 82.305 64.410 -86.103 81.742 64.783 -86.202 81.670 65.329 -81.000
3 0 81.000 65.462 -81.000 81.670 65.329 -81.000 81.742 64.783 -86.202
3 0 81.742 64.783 -86.202 81.074 64.919 -86.240 81.000 65.462 -81.000
3 0 80.330 65.329 -81.000 81.000 65.462 -81.000 81.074 64.919 -86.240
3 0 81.074 64.919 -86.240 80.403 64.797 -86.213 80.330 65.329 -81.000
3 0 79.763 64.949 -81.000 80.330 65.329 -81.000 80.403 64.797 -86.213
3 0 80.403 64.797 -86.213 79.831 64.435 -86.124 79.763 64.949 -81.000
3 0 79.383 64.382 -81.000 79.763 64.949 -81.000 79.831 64.435 -86.124
3 0 79.831 64.435 -86.124 79.445 63.889 -85.986 79.383 64.382 -81.000
3 0 79.250 63.712 -81.000 79.383 64.382 -81.000 79.445 63.889 -85.986
3 0 79.445 63.889 -85.986 79.303 63.242 -85.821 79.250 63.712 -81.000
3 0 79.383 63.042 -81.000 79.250 63.712 -81.000 79.303 63.242 -85.821
3 0 79.303 63.242 -85.821 79.428 62.592 -85.654 79.383 63.042 -81.000
3 0 79.763 62.475 -81.000 79.383 63.042 -81.000 79.428 62.592 -85.654
3 0 79.428 62.592 -85.654 79.801 62.038 -85.510 79.763 62.475 -81.000
3 0 82.631 60.161 -85.013 82.617 60.567 -81.000 82.237 60.000 -81.000
3 0 82.237 60.000 -81.000 82.245 59.615 -84.876 82.631 60.161 -85.013
3 0 82.773 60.808 -85.178 82.750 61.237 -81.000 82.617 60.567 -81.000
3 0 82.617 60.567 -81.000 82.631 60.161 -85.013 82.773 60.808 -85.178
3 0 82.648 61.458 -85.345 82.617 61.907 -81.000 82.750 61.237 -81.000
3 0 82.750 61.237 -81.000 82.773 60.808 -85.178 82.648 61.458 -85.345
3 0 82.275 62.012 -85.489 82.237 62.475 -81.000 82.617 61.907 -81.000
3 0 82.617 61.907 -81.000 82.648 61.458 -85.345 82.275 62.012 -85.489
3 0 79.414 61.492 -85.373 79.383 61.907 -81.000 79.763 62.475 -81.000
3 0 79.763 62.475 -81.000 79.801 62.038 -85.510 79.414 61.492 -85.373
3 0 79.273 60.845 -85.208 79.250 61.237 -81.000 79.383 61.907 -81.000
3 0 79.383 61.907 -81.000 79.414 61.492 -85.373 79.273 60.845 -85.208
3 0 79.398 60.194 -85.041 79.383 60.567 -81.000 79.250 61.237 -81.000
3 0 79.250 61.237 -81.000 79.273 60.845 -85.208 79.398 60.194 -85.041
3 0 79.770 59.640 -84.897 79.763 60.000 -81.000 79.383 60.567 -81.000
3 0 79.383 60.567 -81.000 79.398 60.194 -85.041 79.770 59.640 -84.897
3 0 82.601 57.764 -84.400 82.617 58.093 -81.000 82.237 57.526 -81.000
3 0 82.237 57.526 -81.000 82.215 57.218 -84.263 82.601 57.764 -84.400
3 0 82.742 58.411 -84.565 82.750 58.763 -81.000 82.617 58.093 -81.000
3 0 82.617 58.093 -81.000 82.601 57.764 -84.400 82.742 58.411 -84.565
3 0 82.617 59.061 -84.732 82.617 59.433 -81.000 82.750 58.763 -81.000
3 0 82.750 58.763 -81.000 82.742 58.411 -84.565 82.617 59.061 -84.732
3 0 82.245 59.615 -84.876 82.237 60.000 -81.000 82.617 59.433 -81.000
3 0 82.617 59.433 -81.000 82.617 59.061 -84.732 82.245 59.615 -84.876
3 0 79.384 59.095 -84.759 79.383 59.433 -81.000 79.763 60.000 -81.000
3 0 79.763 60.000 -81.000 79.770 59.640 -84.897 79.384 59.095 -84.759
3 0 79.243 58.448 -84.595 79.250 58.763 -81.000 79.383 59.433 -81.000
3 0 79.383 59.433 -81.000 79.384 59.095 -84.759 79.243 58.448 -84.595
3 0 79.368 57.798 -84.427 79.383 58.093 -81.000 79.250 58.763 -81.000
3 0 79.250 58.763 -81.000 79.243 58.448 -84.595 79.368 57.798 -84.427
3 0 79.740 57.244 -84.284 79.763 57.526 -81.000 79.383 58.093 -81.000
3 0 79.383 58.093 -81.000 79.368 57.798 -84.427 79.740 57.244 -84.284
3 0 79.383 56.958 -81.000 79.763 57.526 -81.000 79.740 57.244 -84.284
3 0 79.740 57.244 -84.284 79.354 56.698 -84.146 79.383 56.958 -81.000
3 0 79.250 56.288 -81.000 79.383 56.958 -81.000 79.354 56.698 -84.146
3 0 79.354 56.698 -84.146 79.213 56.050 -83.981 79.250 56.288 -81.000
3 0 79.383 55.618 -81.000 79.250 56.288 -81.000 79.213 56.050 -83.981
3 0 79.213 56.050 -83.981 79.338 55.400 -83.814 79.383 55.618 -81.000
3 0 79.763 55.051 -81.000 79.383 55.618 -81.000 79.338 55.400 -83.814
3 0 79.338 55.400 -83.814 79.710 54.846 -83.670 79.763 55.051 -81.000
3 0 80.330 54.671 -81.000 79.763 55.051 -81.000 79.710 54.846 -83.670
3 0 79.710 54.846 -83.670 80.273 54.473 -83.571 80.330 54.671 -81.000
3 0 81.000 54.538 -81.000 80.330 54.671 -81.000 80.273 54.473 -83.571
3 0 80.273 54.473 -83.571 80.941 54.337 -83.533 81.000 54.538 -81.000
3 0 81.670 54.671 -81.000 81.000 54.538 -81.000 80.941 54.337 -83.533
3 0 80.941 54.337 -83.533 81.612 54.459 -83.560 81.670 54.671 -81.000
3 0 82.237 55.051 -81.000 81.670 54.671 -81.000 81.612 54.459 -83.560
3 0 81.612 54.459 -83.560 82.185 54.820 -83.649 82.237 55.051 -81.000
3 0 82.617 55.618 -81.000 82.237 55.051 -81.000 82.185 54.820 -83.649
3 0 82.185 54.820 -83.649 82.571 55.366 -83.787 82.617 55.618 -81.000
3 0 82.750 56.288 -81.000 82.617 55.618 -81.000 82.571 55.366 -83.787
3 0 82.571 55.366 -83.787 82.712 56.014 -83.952 82.750 56.288 -81.000
3 0 82.617 56.958 -81.000 82.750 56.288 -81.000 82.712 56.014 -83.952
3 0 82.712 56.014 -83.952 82.587 56.664 -84.119 82.617 56.958 -81.000
3 0 82.237 57.526 -81.000 82.617 56.958 -81.000 82.587 56.664 -84.119
3 0 82.587 56.664 -84.119 82.215 57.218 -84.263 82.237 57.526 -81.000
