0 FILE tsjdj.dat
0 tsjdj
0 Name:  tsjdj.dat
0 Author:  
0 BL_Item_No tsjdj
0 BFC CERTIFY CCW
1 71 90.0000 -112.0000 97.0000 0.0000 0.0000 1.0000 0.0000 1.0000 0.0000 -1.0000 0.0000 0.0000 58120.dat
1 72 40.0000 -40.0000 -100.0000 0.0000 0.0000 -1.0000 -1.0000 0.0000 0.0000 0.0000 1.0000 0.0000 58124c01.dat
3 0 212.712 -142.168 93.854 212.992 -141.913 94.422 207.127 -135.918 94.525
3 0 207.127 -135.918 94.525 206.859 -136.186 93.958 212.712 -142.168 93.854
3 0 212.608 -142.251 93.184 212.712 -142.168 93.854 206.859 -136.186 93.958
3 0 206.859 -136.186 93.958 206.765 -136.280 93.288 212.608 -142.251 93.184
3 0 212.696 -142.149 92.515 212.608 -142.251 93.184 206.765 -136.280 93.288
3 0 206.765 -136.280 93.288 206.859 -136.186 92.618 212.696 -142.149 92.515
3 0 212.962 -141.878 91.947 212.696 -142.149 92.515 206.859 -136.186 92.618
3 0 206.859 -136.186 92.618 207.127 -135.918 92.051 212.962 -141.878 91.947
3 0 213.365 -141.478 91.569 212.962 -141.878 91.947 207.127 -135.918 92.051
3 0 207.127 -135.918 92.051 207.528 -135.517 91.671 213.365 -141.478 91.569
3 0 213.846 -141.011 91.436 213.365 -141.478 91.569 207.528 -135.517 91.671
3 0 207.528 -135.517 91.671 208.002 -135.043 91.538 213.846 -141.011 91.436
3 0 214.329 -140.547 91.570 213.846 -141.011 91.436 208.002 -135.043 91.538
3 0 208.002 -135.043 91.538 208.476 -134.570 91.671 214.329 -140.547 91.570
3 0 214.742 -140.158 91.950 214.329 -140.547 91.570 208.476 -134.570 91.671
3 0 208.476 -134.570 91.671 208.877 -134.168 92.051 214.742 -140.158 91.950
3 0 215.021 -139.903 92.518 214.742 -140.158 91.950 208.877 -134.168 92.051
3 0 208.877 -134.168 92.051 209.145 -133.900 92.618 215.021 -139.903 92.518
3 0 215.125 -139.820 93.188 215.021 -139.903 92.518 209.145 -133.900 92.618
3 0 209.145 -133.900 92.618 209.240 -133.806 93.288 215.125 -139.820 93.188
3 0 215.038 -139.922 93.857 215.125 -139.820 93.188 209.240 -133.806 93.288
3 0 209.240 -133.806 93.288 209.145 -133.900 93.958 215.038 -139.922 93.857
3 0 214.772 -140.193 94.425 215.038 -139.922 93.857 209.145 -133.900 93.958
3 0 209.145 -133.900 93.958 208.877 -134.168 94.525 214.772 -140.193 94.425
3 0 206.859 -136.186 96.433 212.742 -142.203 96.328 213.022 -141.948 96.896
3 0 213.022 -141.948 96.896 207.127 -135.918 97.000 206.859 -136.186 96.433
3 0 206.765 -136.280 95.763 212.638 -142.286 95.659 212.742 -142.203 96.328
3 0 212.742 -142.203 96.328 206.859 -136.186 96.433 206.765 -136.280 95.763
3 0 206.859 -136.186 95.093 212.726 -142.184 94.989 212.638 -142.286 95.659
3 0 212.638 -142.286 95.659 206.765 -136.280 95.763 206.859 -136.186 95.093
3 0 207.127 -135.918 94.525 212.992 -141.913 94.422 212.726 -142.184 94.989
3 0 212.726 -142.184 94.989 206.859 -136.186 95.093 207.127 -135.918 94.525
3 0 209.145 -133.900 95.093 215.051 -139.938 94.993 214.772 -140.193 94.425
3 0 214.772 -140.193 94.425 208.877 -134.168 94.525 209.145 -133.900 95.093
3 0 209.240 -133.806 95.763 215.155 -139.855 95.662 215.051 -139.938 94.993
3 0 215.051 -139.938 94.993 209.145 -133.900 95.093 209.240 -133.806 95.763
3 0 209.145 -133.900 96.433 215.068 -139.957 96.332 215.155 -139.855 95.662
3 0 215.155 -139.855 95.662 209.240 -133.806 95.763 209.145 -133.900 96.433
3 0 208.877 -134.168 97.000 214.802 -140.228 96.899 215.068 -139.957 96.332
3 0 215.068 -139.957 96.332 209.145 -133.900 96.433 208.877 -134.168 97.000
3 0 206.859 -136.186 98.907 212.772 -142.238 98.802 213.052 -141.983 99.370
3 0 213.052 -141.983 99.370 207.127 -135.918 99.474 206.859 -136.186 98.907
3 0 206.765 -136.280 98.237 212.668 -142.321 98.132 212.772 -142.238 98.802
3 0 212.772 -142.238 98.802 206.859 -136.186 98.907 206.765 -136.280 98.237
3 0 206.859 -136.186 97.567 212.756 -142.219 97.463 212.668 -142.321 98.132
3 0 212.668 -142.321 98.132 206.765 -136.280 98.237 206.859 -136.186 97.567
3 0 207.127 -135.918 97.000 213.022 -141.948 96.896 212.756 -142.219 97.463
3 0 212.756 -142.219 97.463 206.859 -136.186 97.567 207.127 -135.918 97.000
3 0 209.145 -133.900 97.567 215.081 -139.973 97.466 214.802 -140.228 96.899
3 0 214.802 -140.228 96.899 208.877 -134.168 97.000 209.145 -133.900 97.567
3 0 209.240 -133.806 98.237 215.185 -139.890 98.136 215.081 -139.973 97.466
3 0 215.081 -139.973 97.466 209.145 -133.900 97.567 209.240 -133.806 98.237
3 0 209.145 -133.900 98.907 215.098 -139.992 98.805 215.185 -139.890 98.136
3 0 215.185 -139.890 98.136 209.240 -133.806 98.237 209.145 -133.900 98.907
3 0 208.877 -134.168 99.474 214.832 -140.263 99.373 215.098 -139.992 98.805
3 0 215.098 -139.992 98.805 209.145 -133.900 98.907 208.877 -134.168 99.474
3 0 215.111 -140.008 99.941 214.832 -140.263 99.373 208.877 -134.168 99.474
3 0 208.877 -134.168 99.474 209.145 -133.900 100.042 215.111 -140.008 99.941
3 0 215.215 -139.925 100.611 215.111 -140.008 99.941 209.145 -133.900 100.042
3 0 209.145 -133.900 100.042 209.240 -133.806 100.712 215.215 -139.925 100.611
3 0 215.128 -140.027 101.280 215.215 -139.925 100.611 209.240 -133.806 100.712
3 0 209.240 -133.806 100.712 209.145 -133.900 101.382 215.128 -140.027 101.280
3 0 214.862 -140.298 101.847 215.128 -140.027 101.280 209.145 -133.900 101.382
3 0 209.145 -133.900 101.382 208.877 -134.168 101.949 214.862 -140.298 101.847
3 0 214.458 -140.698 102.226 214.862 -140.298 101.847 208.877 -134.168 101.949
3 0 208.877 -134.168 101.949 208.476 -134.570 102.329 214.458 -140.698 102.226
3 0 213.978 -141.165 102.358 214.458 -140.698 102.226 208.476 -134.570 102.329
3 0 208.476 -134.570 102.329 208.002 -135.043 102.462 213.978 -141.165 102.358
3 0 213.494 -141.629 102.224 213.978 -141.165 102.358 208.002 -135.043 102.462
3 0 208.002 -135.043 102.462 207.528 -135.517 102.329 213.494 -141.629 102.224
3 0 213.082 -142.018 101.845 213.494 -141.629 102.224 207.528 -135.517 102.329
3 0 207.528 -135.517 102.329 207.127 -135.918 101.949 213.082 -142.018 101.845
3 0 212.802 -142.273 101.277 213.082 -142.018 101.845 207.127 -135.918 101.949
3 0 207.127 -135.918 101.949 206.859 -136.186 101.382 212.802 -142.273 101.277
3 0 212.698 -142.356 100.607 212.802 -142.273 101.277 206.859 -136.186 101.382
3 0 206.859 -136.186 101.382 206.765 -136.280 100.712 212.698 -142.356 100.607
3 0 212.786 -142.254 99.937 212.698 -142.356 100.607 206.765 -136.280 100.712
3 0 206.765 -136.280 100.712 206.859 -136.186 100.042 212.786 -142.254 99.937
3 0 213.052 -141.983 99.370 212.786 -142.254 99.937 206.859 -136.186 100.042
3 0 206.859 -136.186 100.042 207.127 -135.918 99.474 213.052 -141.983 99.370
3 0 215.409 -144.985 93.753 215.698 -144.742 94.322 212.992 -141.913 94.422
3 0 212.992 -141.913 94.422 212.712 -142.168 93.854 215.409 -144.985 93.753
3 0 215.296 -145.058 93.084 215.409 -144.985 93.753 212.712 -142.168 93.854
3 0 212.712 -142.168 93.854 212.608 -142.251 93.184 215.296 -145.058 93.084
3 0 215.379 -144.948 92.415 215.296 -145.058 93.084 212.608 -142.251 93.184
3 0 212.608 -142.251 93.184 212.696 -142.149 92.515 215.379 -144.948 92.415
3 0 215.643 -144.674 91.848 215.379 -144.948 92.415 212.696 -142.149 92.515
3 0 212.696 -142.149 92.515 212.962 -141.878 91.947 215.643 -144.674 91.848
3 0 216.049 -144.275 91.471 215.643 -144.674 91.848 212.962 -141.878 91.947
3 0 212.962 -141.878 91.947 213.365 -141.478 91.569 216.049 -144.275 91.471
3 0 216.535 -143.814 91.339 216.049 -144.275 91.471 213.365 -141.478 91.569
3 0 213.365 -141.478 91.569 213.846 -141.011 91.436 216.535 -143.814 91.339
3 0 217.027 -143.360 91.474 216.535 -143.814 91.339 213.846 -141.011 91.436
3 0 213.846 -141.011 91.436 214.329 -140.547 91.570 217.027 -143.360 91.474
3 0 217.450 -142.982 91.855 217.027 -143.360 91.474 214.329 -140.547 91.570
3 0 214.329 -140.547 91.570 214.742 -140.158 91.950 217.450 -142.982 91.855
3 0 217.739 -142.739 92.423 217.450 -142.982 91.855 214.742 -140.158 91.950
3 0 214.742 -140.158 91.950 215.021 -139.903 92.518 217.739 -142.739 92.423
3 0 217.852 -142.666 93.093 217.739 -142.739 92.423 215.021 -139.903 92.518
3 0 215.021 -139.903 92.518 215.125 -139.820 93.188 217.852 -142.666 93.093
3 0 217.769 -142.776 93.762 217.852 -142.666 93.093 215.125 -139.820 93.188
3 0 215.125 -139.820 93.188 215.038 -139.922 93.857 217.769 -142.776 93.762
3 0 217.505 -143.050 94.328 217.769 -142.776 93.762 215.038 -139.922 93.857
3 0 215.038 -139.922 93.857 214.772 -140.193 94.425 217.505 -143.050 94.328
3 0 212.742 -142.203 96.328 215.464 -145.054 96.227 215.754 -144.810 96.795
3 0 215.754 -144.810 96.795 213.022 -141.948 96.896 212.742 -142.203 96.328
3 0 212.638 -142.286 95.659 215.352 -145.126 95.557 215.464 -145.054 96.227
3 0 215.464 -145.054 96.227 212.742 -142.203 96.328 212.638 -142.286 95.659
3 0 212.726 -142.184 94.989 215.434 -145.017 94.888 215.352 -145.126 95.557
3 0 215.352 -145.126 95.557 212.638 -142.286 95.659 212.726 -142.184 94.989
3 0 212.992 -141.913 94.422 215.698 -144.742 94.322 215.434 -145.017 94.888
3 0 215.434 -145.017 94.888 212.726 -142.184 94.989 212.992 -141.913 94.422
3 0 215.051 -139.938 94.993 217.795 -142.807 94.896 217.505 -143.050 94.328
3 0 217.505 -143.050 94.328 214.772 -140.193 94.425 215.051 -139.938 94.993
3 0 215.155 -139.855 95.662 217.907 -142.734 95.566 217.795 -142.807 94.896
3 0 217.795 -142.807 94.896 215.051 -139.938 94.993 215.155 -139.855 95.662
3 0 215.068 -139.957 96.332 217.825 -142.844 96.235 217.907 -142.734 95.566
3 0 217.907 -142.734 95.566 215.155 -139.855 95.662 215.068 -139.957 96.332
3 0 214.802 -140.228 96.899 217.560 -143.119 96.801 217.825 -142.844 96.235
3 0 217.825 -142.844 96.235 215.068 -139.957 96.332 214.802 -140.228 96.899
3 0 212.772 -142.238 98.802 215.519 -145.122 98.699 215.809 -144.878 99.268
3 0 215.809 -144.878 99.268 213.052 -141.983 99.370 212.772 -142.238 98.802
3 0 212.668 -142.321 98.132 215.407 -145.194 98.030 215.519 -145.122 98.699
3 0 215.519 -145.122 98.699 212.772 -142.238 98.802 212.668 -142.321 98.132
3 0 212.756 -142.219 97.463 215.489 -145.085 97.361 215.407 -145.194 98.030
3 0 215.407 -145.194 98.030 212.668 -142.321 98.132 212.756 -142.219 97.463
3 0 213.022 -141.948 96.896 215.754 -144.810 96.795 215.489 -145.085 97.361
3 0 215.489 -145.085 97.361 212.756 -142.219 97.463 213.022 -141.948 96.896
3 0 215.081 -139.973 97.466 217.850 -142.875 97.369 217.560 -143.119 96.801
3 0 217.560 -143.119 96.801 214.802 -140.228 96.899 215.081 -139.973 97.466
3 0 215.185 -139.890 98.136 217.962 -142.802 98.038 217.850 -142.875 97.369
3 0 217.850 -142.875 97.369 215.081 -139.973 97.466 215.185 -139.890 98.136
3 0 215.098 -139.992 98.805 217.880 -142.912 98.707 217.962 -142.802 98.038
3 0 217.962 -142.802 98.038 215.185 -139.890 98.136 215.098 -139.992 98.805
3 0 214.832 -140.263 99.373 217.616 -143.187 99.274 217.880 -142.912 98.707
3 0 217.880 -142.912 98.707 215.098 -139.992 98.805 214.832 -140.263 99.373
3 0 217.905 -142.943 99.842 217.616 -143.187 99.274 214.832 -140.263 99.373
3 0 214.832 -140.263 99.373 215.111 -140.008 99.941 217.905 -142.943 99.842
3 0 218.017 -142.871 100.512 217.905 -142.943 99.842 215.111 -140.008 99.941
3 0 215.111 -140.008 99.941 215.215 -139.925 100.611 218.017 -142.871 100.512
3 0 217.935 -142.980 101.181 218.017 -142.871 100.512 215.215 -139.925 100.611
3 0 215.215 -139.925 100.611 215.128 -140.027 101.280 217.935 -142.980 101.181
3 0 217.671 -143.255 101.747 217.935 -142.980 101.181 215.128 -140.027 101.280
3 0 215.128 -140.027 101.280 214.862 -140.298 101.847 217.671 -143.255 101.747
3 0 217.265 -143.653 102.125 217.671 -143.255 101.747 214.862 -140.298 101.847
3 0 214.862 -140.298 101.847 214.458 -140.698 102.226 217.265 -143.653 102.125
3 0 216.779 -144.115 102.256 217.265 -143.653 102.125 214.458 -140.698 102.226
3 0 214.458 -140.698 102.226 213.978 -141.165 102.358 216.779 -144.115 102.256
3 0 216.287 -144.569 102.122 216.779 -144.115 102.256 213.978 -141.165 102.358
3 0 213.978 -141.165 102.358 213.494 -141.629 102.224 216.287 -144.569 102.122
3 0 215.864 -144.946 101.741 216.287 -144.569 102.122 213.494 -141.629 102.224
3 0 213.494 -141.629 102.224 213.082 -142.018 101.845 215.864 -144.946 101.741
3 0 215.575 -145.190 101.173 215.864 -144.946 101.741 213.082 -142.018 101.845
3 0 213.082 -142.018 101.845 212.802 -142.273 101.277 215.575 -145.190 101.173
3 0 215.462 -145.262 100.503 215.575 -145.190 101.173 212.802 -142.273 101.277
3 0 212.802 -142.273 101.277 212.698 -142.356 100.607 215.462 -145.262 100.503
3 0 215.545 -145.153 99.834 215.462 -145.262 100.503 212.698 -142.356 100.607
3 0 212.698 -142.356 100.607 212.786 -142.254 99.937 215.545 -145.153 99.834
3 0 215.809 -144.878 99.268 215.545 -145.153 99.834 212.786 -142.254 99.937
3 0 212.786 -142.254 99.937 213.052 -141.983 99.370 215.809 -144.878 99.268
3 0 220.728 -150.770 93.391 221.029 -150.540 93.959 215.698 -144.742 94.322
3 0 215.698 -144.742 94.322 215.409 -144.985 93.753 220.728 -150.770 93.391
3 0 220.607 -150.831 92.721 220.728 -150.770 93.391 215.409 -144.985 93.753
3 0 215.409 -144.985 93.753 215.296 -145.058 93.084 220.607 -150.831 92.721
3 0 220.683 -150.713 92.053 220.607 -150.831 92.721 215.296 -145.058 93.084
3 0 215.296 -145.058 93.084 215.379 -144.948 92.415 220.683 -150.713 92.053
3 0 220.945 -150.434 91.488 220.683 -150.713 92.053 215.379 -144.948 92.415
3 0 215.379 -144.948 92.415 215.643 -144.674 91.848 220.945 -150.434 91.488
3 0 221.354 -150.038 91.111 220.945 -150.434 91.488 215.643 -144.674 91.848
3 0 215.643 -144.674 91.848 216.049 -144.275 91.471 221.354 -150.038 91.111
3 0 221.846 -149.583 90.980 221.354 -150.038 91.111 216.049 -144.275 91.471
3 0 216.049 -144.275 91.471 216.535 -143.814 91.339 221.846 -149.583 90.980
3 0 222.347 -149.140 91.115 221.846 -149.583 90.980 216.535 -143.814 91.339
3 0 216.535 -143.814 91.339 217.027 -143.360 91.474 222.347 -149.140 91.115
3 0 222.782 -148.776 91.496 222.347 -149.140 91.115 217.027 -143.360 91.474
3 0 217.027 -143.360 91.474 217.450 -142.982 91.855 222.782 -148.776 91.496
3 0 223.082 -148.546 92.064 222.782 -148.776 91.496 217.450 -142.982 91.855
3 0 217.450 -142.982 91.855 217.739 -142.739 92.423 223.082 -148.546 92.064
3 0 223.204 -148.485 92.733 223.082 -148.546 92.064 217.739 -142.739 92.423
3 0 217.739 -142.739 92.423 217.852 -142.666 93.093 223.204 -148.485 92.733
3 0 223.128 -148.603 93.402 223.204 -148.485 92.733 217.852 -142.666 93.093
3 0 217.852 -142.666 93.093 217.769 -142.776 93.762 223.128 -148.603 93.402
3 0 222.866 -148.881 93.967 223.128 -148.603 93.402 217.769 -142.776 93.762
3 0 217.769 -142.776 93.762 217.505 -143.050 94.328 222.866 -148.881 93.967
3 0 215.464 -145.054 96.227 220.813 -150.876 95.862 221.113 -150.646 96.430
3 0 221.113 -150.646 96.430 215.754 -144.810 96.795 215.464 -145.054 96.227
3 0 215.352 -145.126 95.557 220.691 -150.937 95.193 220.813 -150.876 95.862
3 0 220.813 -150.876 95.862 215.464 -145.054 96.227 215.352 -145.126 95.557
3 0 215.434 -145.017 94.888 220.767 -150.819 94.525 220.691 -150.937 95.193
3 0 220.691 -150.937 95.193 215.352 -145.126 95.557 215.434 -145.017 94.888
3 0 215.698 -144.742 94.322 221.029 -150.540 93.959 220.767 -150.819 94.525
3 0 220.767 -150.819 94.525 215.434 -145.017 94.888 215.698 -144.742 94.322
3 0 217.795 -142.807 94.896 223.167 -148.651 94.536 222.866 -148.881 93.967
3 0 222.866 -148.881 93.967 217.505 -143.050 94.328 217.795 -142.807 94.896
3 0 217.907 -142.734 95.566 223.288 -148.591 95.205 223.167 -148.651 94.536
3 0 223.167 -148.651 94.536 217.795 -142.807 94.896 217.907 -142.734 95.566
3 0 217.825 -142.844 96.235 223.212 -148.708 95.873 223.288 -148.591 95.205
3 0 223.288 -148.591 95.205 217.907 -142.734 95.566 217.825 -142.844 96.235
3 0 217.560 -143.119 96.801 222.950 -148.987 96.439 223.212 -148.708 95.873
3 0 223.212 -148.708 95.873 217.825 -142.844 96.235 217.560 -143.119 96.801
3 0 215.519 -145.122 98.699 220.897 -150.982 98.332 221.198 -150.752 98.900
3 0 221.198 -150.752 98.900 215.809 -144.878 99.268 215.519 -145.122 98.699
3 0 215.407 -145.194 98.030 220.775 -151.042 97.663 220.897 -150.982 98.332
3 0 220.897 -150.982 98.332 215.519 -145.122 98.699 215.407 -145.194 98.030
3 0 215.489 -145.085 97.361 220.851 -150.924 96.995 220.775 -151.042 97.663
3 0 220.775 -151.042 97.663 215.407 -145.194 98.030 215.489 -145.085 97.361
3 0 215.754 -144.810 96.795 221.113 -150.646 96.430 220.851 -150.924 96.995
3 0 220.851 -150.924 96.995 215.489 -145.085 97.361 215.754 -144.810 96.795
3 0 217.850 -142.875 97.369 223.251 -148.757 97.006 222.950 -148.987 96.439
3 0 222.950 -148.987 96.439 217.560 -143.119 96.801 217.850 -142.875 97.369
3 0 217.962 -142.802 98.038 223.372 -148.696 97.675 223.251 -148.757 97.006
3 0 223.251 -148.757 97.006 217.850 -142.875 97.369 217.962 -142.802 98.038
3 0 217.880 -142.912 98.707 223.296 -148.814 98.343 223.372 -148.696 97.675
3 0 223.372 -148.696 97.675 217.962 -142.802 98.038 217.880 -142.912 98.707
3 0 217.616 -143.187 99.274 223.034 -149.093 98.909 223.296 -148.814 98.343
3 0 223.296 -148.814 98.343 217.880 -142.912 98.707 217.616 -143.187 99.274
3 0 223.335 -148.863 99.477 223.034 -149.093 98.909 217.616 -143.187 99.274
3 0 217.616 -143.187 99.274 217.905 -142.943 99.842 223.335 -148.863 99.477
3 0 223.456 -148.802 100.146 223.335 -148.863 99.477 217.905 -142.943 99.842
3 0 217.905 -142.943 99.842 218.017 -142.871 100.512 223.456 -148.802 100.146
3 0 223.380 -148.920 100.815 223.456 -148.802 100.146 218.017 -142.871 100.512
3 0 218.017 -142.871 100.512 217.935 -142.980 101.181 223.380 -148.920 100.815
3 0 223.118 -149.198 101.380 223.380 -148.920 100.815 217.935 -142.980 101.181
3 0 217.935 -142.980 101.181 217.671 -143.255 101.747 223.118 -149.198 101.380
3 0 222.710 -149.595 101.757 223.118 -149.198 101.380 217.671 -143.255 101.747
3 0 217.671 -143.255 101.747 217.265 -143.653 102.125 222.710 -149.595 101.757
3 0 222.217 -150.050 101.888 222.710 -149.595 101.757 217.265 -143.653 102.125
3 0 217.265 -143.653 102.125 216.779 -144.115 102.256 222.217 -150.050 101.888
3 0 221.716 -150.493 101.753 222.217 -150.050 101.888 216.779 -144.115 102.256
3 0 216.779 -144.115 102.256 216.287 -144.569 102.122 221.716 -150.493 101.753
3 0 221.282 -150.857 101.372 221.716 -150.493 101.753 216.287 -144.569 102.122
3 0 216.287 -144.569 102.122 215.864 -144.946 101.741 221.282 -150.857 101.372
3 0 220.981 -151.087 100.804 221.282 -150.857 101.372 215.864 -144.946 101.741
3 0 215.864 -144.946 101.741 215.575 -145.190 101.173 220.981 -151.087 100.804
3 0 220.859 -151.148 100.134 220.981 -151.087 100.804 215.575 -145.190 101.173
3 0 215.575 -145.190 101.173 215.462 -145.262 100.503 220.859 -151.148 100.134
3 0 220.935 -151.030 99.466 220.859 -151.148 100.134 215.462 -145.262 100.503
3 0 215.462 -145.262 100.503 215.545 -145.153 99.834 220.935 -151.030 99.466
3 0 221.198 -150.752 98.900 220.935 -151.030 99.466 215.545 -145.153 99.834
3 0 215.545 -145.153 99.834 215.809 -144.878 99.268 221.198 -150.752 98.900
3 0 223.307 -153.663 93.143 223.620 -153.448 93.710 221.029 -150.540 93.959
3 0 221.029 -150.540 93.959 220.728 -150.770 93.391 223.307 -153.663 93.143
3 0 223.175 -153.710 92.475 223.307 -153.663 93.143 220.728 -150.770 93.391
3 0 220.728 -150.770 93.391 220.607 -150.831 92.721 223.175 -153.710 92.475
3 0 223.244 -153.583 91.807 223.175 -153.710 92.475 220.607 -150.831 92.721
3 0 220.607 -150.831 92.721 220.683 -150.713 92.053 223.244 -153.583 91.807
3 0 223.504 -153.301 91.243 223.244 -153.583 91.807 220.683 -150.713 92.053
3 0 220.683 -150.713 92.053 220.945 -150.434 91.488 223.504 -153.301 91.243
3 0 223.915 -152.906 90.866 223.504 -153.301 91.243 220.945 -150.434 91.488
3 0 220.945 -150.434 91.488 221.354 -150.038 91.111 223.915 -152.906 90.866
3 0 224.414 -152.459 90.736 223.915 -152.906 90.866 221.354 -150.038 91.111
3 0 221.354 -150.038 91.111 221.846 -149.583 90.980 224.414 -152.459 90.736
3 0 224.926 -152.028 90.871 224.414 -152.459 90.736 221.846 -149.583 90.980
3 0 221.846 -149.583 90.980 222.347 -149.140 91.115 224.926 -152.028 90.871
3 0 225.372 -151.678 91.252 224.926 -152.028 90.871 222.347 -149.140 91.115
3 0 222.347 -149.140 91.115 222.782 -148.776 91.496 225.372 -151.678 91.252
3 0 225.685 -151.463 91.819 225.372 -151.678 91.252 222.782 -148.776 91.496
3 0 222.782 -148.776 91.496 223.082 -148.546 92.064 225.685 -151.463 91.819
3 0 225.817 -151.415 92.488 225.685 -151.463 91.819 223.082 -148.546 92.064
3 0 223.082 -148.546 92.064 223.204 -148.485 92.733 225.817 -151.415 92.488
3 0 225.748 -151.542 93.155 225.817 -151.415 92.488 223.204 -148.485 92.733
3 0 223.204 -148.485 92.733 223.128 -148.603 93.402 225.748 -151.542 93.155
3 0 225.488 -151.825 93.720 225.748 -151.542 93.155 223.128 -148.603 93.402
3 0 223.128 -148.603 93.402 222.866 -148.881 93.967 225.488 -151.825 93.720
3 0 220.813 -150.876 95.862 223.422 -153.810 95.611 223.735 -153.594 96.178
3 0 223.735 -153.594 96.178 221.113 -150.646 96.430 220.813 -150.876 95.862
3 0 220.691 -150.937 95.193 223.290 -153.857 94.943 223.422 -153.810 95.611
3 0 223.422 -153.810 95.611 220.813 -150.876 95.862 220.691 -150.937 95.193
3 0 220.767 -150.819 94.525 223.360 -153.730 94.275 223.290 -153.857 94.943
3 0 223.290 -153.857 94.943 220.691 -150.937 95.193 220.767 -150.819 94.525
3 0 221.029 -150.540 93.959 223.620 -153.448 93.710 223.360 -153.730 94.275
3 0 223.360 -153.730 94.275 220.767 -150.819 94.525 221.029 -150.540 93.959
3 0 223.167 -148.651 94.536 225.801 -151.609 94.287 225.488 -151.825 93.720
3 0 225.488 -151.825 93.720 222.866 -148.881 93.967 223.167 -148.651 94.536
3 0 223.288 -148.591 95.205 225.932 -151.562 94.955 225.801 -151.609 94.287
3 0 225.801 -151.609 94.287 223.167 -148.651 94.536 223.288 -148.591 95.205
3 0 223.212 -148.708 95.873 225.863 -151.689 95.623 225.932 -151.562 94.955
3 0 225.932 -151.562 94.955 223.288 -148.591 95.205 223.212 -148.708 95.873
3 0 222.950 -148.987 96.439 225.603 -151.971 96.187 225.863 -151.689 95.623
3 0 225.863 -151.689 95.623 223.212 -148.708 95.873 222.950 -148.987 96.439
3 0 220.897 -150.982 98.332 223.538 -153.956 98.078 223.850 -153.741 98.645
3 0 223.850 -153.741 98.645 221.198 -150.752 98.900 220.897 -150.982 98.332
3 0 220.775 -151.042 97.663 223.406 -154.004 97.410 223.538 -153.956 98.078
3 0 223.538 -153.956 98.078 220.897 -150.982 98.332 220.775 -151.042 97.663
3 0 220.851 -150.924 96.995 223.475 -153.877 96.742 223.406 -154.004 97.410
3 0 223.406 -154.004 97.410 220.775 -151.042 97.663 220.851 -150.924 96.995
3 0 221.113 -150.646 96.430 223.735 -153.594 96.178 223.475 -153.877 96.742
3 0 223.475 -153.877 96.742 220.851 -150.924 96.995 221.113 -150.646 96.430
3 0 223.251 -148.757 97.006 225.916 -151.756 96.754 225.603 -151.971 96.187
3 0 225.603 -151.971 96.187 222.950 -148.987 96.439 223.251 -148.757 97.006
3 0 223.372 -148.696 97.675 226.048 -151.708 97.422 225.916 -151.756 96.754
3 0 225.916 -151.756 96.754 223.251 -148.757 97.006 223.372 -148.696 97.675
3 0 223.296 -148.814 98.343 225.979 -151.835 98.090 226.048 -151.708 97.422
3 0 226.048 -151.708 97.422 223.372 -148.696 97.675 223.296 -148.814 98.343
3 0 223.034 -149.093 98.909 225.719 -152.118 98.654 225.979 -151.835 98.090
3 0 225.979 -151.835 98.090 223.296 -148.814 98.343 223.034 -149.093 98.909
3 0 226.032 -151.903 99.222 225.719 -152.118 98.654 223.034 -149.093 98.909
3 0 223.034 -149.093 98.909 223.335 -148.863 99.477 226.032 -151.903 99.222
3 0 226.163 -151.855 99.890 226.032 -151.903 99.222 223.335 -148.863 99.477
3 0 223.335 -148.863 99.477 223.456 -148.802 100.146 226.163 -151.855 99.890
3 0 226.094 -151.982 100.558 226.163 -151.855 99.890 223.456 -148.802 100.146
3 0 223.456 -148.802 100.146 223.380 -148.920 100.815 226.094 -151.982 100.558
3 0 225.834 -152.265 101.122 226.094 -151.982 100.558 223.380 -148.920 100.815
3 0 223.380 -148.920 100.815 223.118 -149.198 101.380 225.834 -152.265 101.122
3 0 225.423 -152.659 101.499 225.834 -152.265 101.122 223.118 -149.198 101.380
3 0 223.118 -149.198 101.380 222.710 -149.595 101.757 225.423 -152.659 101.499
3 0 224.924 -153.107 101.629 225.423 -152.659 101.499 222.710 -149.595 101.757
3 0 222.710 -149.595 101.757 222.217 -150.050 101.888 224.924 -153.107 101.629
3 0 224.412 -153.538 101.494 224.924 -153.107 101.629 222.217 -150.050 101.888
3 0 222.217 -150.050 101.888 221.716 -150.493 101.753 224.412 -153.538 101.494
3 0 223.966 -153.888 101.113 224.412 -153.538 101.494 221.716 -150.493 101.753
3 0 221.716 -150.493 101.753 221.282 -150.857 101.372 223.966 -153.888 101.113
3 0 223.653 -154.103 100.546 223.966 -153.888 101.113 221.282 -150.857 101.372
3 0 221.282 -150.857 101.372 220.981 -151.087 100.804 223.653 -154.103 100.546
3 0 223.521 -154.151 99.878 223.653 -154.103 100.546 220.981 -151.087 100.804
3 0 220.981 -151.087 100.804 220.859 -151.148 100.134 223.521 -154.151 99.878
3 0 223.591 -154.024 99.210 223.521 -154.151 99.878 220.859 -151.148 100.134
3 0 220.859 -151.148 100.134 220.935 -151.030 99.466 223.591 -154.024 99.210
3 0 223.850 -153.741 98.645 223.591 -154.024 99.210 220.935 -151.030 99.466
3 0 220.935 -151.030 99.466 221.198 -150.752 98.900 223.850 -153.741 98.645
3 0 228.372 -159.617 92.454 228.698 -159.419 93.021 223.620 -153.448 93.710
3 0 223.620 -153.448 93.710 223.307 -153.663 93.143 228.372 -159.617 92.454
3 0 228.229 -159.650 91.788 228.372 -159.617 92.454 223.307 -153.663 93.143
3 0 223.307 -153.663 93.143 223.175 -153.710 92.475 228.229 -159.650 91.788
3 0 228.291 -159.513 91.122 228.229 -159.650 91.788 223.175 -153.710 92.475
3 0 223.175 -153.710 92.475 223.244 -153.583 91.807 228.291 -159.513 91.122
3 0 228.548 -159.226 90.558 228.291 -159.513 91.122 223.244 -153.583 91.807
3 0 223.244 -153.583 91.807 223.504 -153.301 91.243 228.548 -159.226 90.558
3 0 228.961 -158.834 90.182 228.548 -159.226 90.558 223.504 -153.301 91.243
3 0 223.504 -153.301 91.243 223.915 -152.906 90.866 228.961 -158.834 90.182
3 0 229.468 -158.395 90.052 228.961 -158.834 90.182 223.915 -152.906 90.866
3 0 223.915 -152.906 90.866 224.414 -152.459 90.736 229.468 -158.395 90.052
3 0 229.991 -157.977 90.186 229.468 -158.395 90.052 224.414 -152.459 90.736
3 0 224.414 -152.459 90.736 224.926 -152.028 90.871 229.991 -157.977 90.186
3 0 230.451 -157.644 90.566 229.991 -157.977 90.186 224.926 -152.028 90.871
3 0 224.926 -152.028 90.871 225.372 -151.678 91.252 230.451 -157.644 90.566
3 0 230.777 -157.446 91.132 230.451 -157.644 90.566 225.372 -151.678 91.252
3 0 225.372 -151.678 91.252 225.685 -151.463 91.819 230.777 -157.446 91.132
3 0 230.920 -157.413 91.798 230.777 -157.446 91.132 225.685 -151.463 91.819
3 0 225.685 -151.463 91.819 225.817 -151.415 92.488 230.920 -157.413 91.798
3 0 230.858 -157.550 92.464 230.920 -157.413 91.798 225.817 -151.415 92.488
3 0 225.817 -151.415 92.488 225.748 -151.542 93.155 230.858 -157.550 92.464
3 0 230.601 -157.837 93.028 230.858 -157.550 92.464 225.748 -151.542 93.155
3 0 225.748 -151.542 93.155 225.488 -151.825 93.720 230.601 -157.837 93.028
3 0 223.422 -153.810 95.611 228.522 -159.810 94.917 228.849 -159.612 95.483
3 0 228.849 -159.612 95.483 223.735 -153.594 96.178 223.422 -153.810 95.611
3 0 223.290 -153.857 94.943 228.379 -159.843 94.251 228.522 -159.810 94.917
3 0 228.522 -159.810 94.917 223.422 -153.810 95.611 223.290 -153.857 94.943
3 0 223.360 -153.730 94.275 228.441 -159.706 93.585 228.379 -159.843 94.251
3 0 228.379 -159.843 94.251 223.290 -153.857 94.943 223.360 -153.730 94.275
3 0 223.620 -153.448 93.710 228.698 -159.419 93.021 228.441 -159.706 93.585
3 0 228.441 -159.706 93.585 223.360 -153.730 94.275 223.620 -153.448 93.710
3 0 225.801 -151.609 94.287 230.927 -157.638 93.595 230.601 -157.837 93.028
3 0 230.601 -157.837 93.028 225.488 -151.825 93.720 225.801 -151.609 94.287
3 0 225.932 -151.562 94.955 231.070 -157.605 94.261 230.927 -157.638 93.595
3 0 230.927 -157.638 93.595 225.801 -151.609 94.287 225.932 -151.562 94.955
3 0 225.863 -151.689 95.623 231.009 -157.743 94.927 231.070 -157.605 94.261
3 0 231.070 -157.605 94.261 225.932 -151.562 94.955 225.863 -151.689 95.623
3 0 225.603 -151.971 96.187 230.751 -158.029 95.491 231.009 -157.743 94.927
3 0 231.009 -157.743 94.927 225.863 -151.689 95.623 225.603 -151.971 96.187
3 0 223.538 -153.956 98.078 228.673 -160.003 97.379 228.999 -159.804 97.945
3 0 228.999 -159.804 97.945 223.850 -153.741 98.645 223.538 -153.956 98.078
3 0 223.406 -154.004 97.410 228.530 -160.036 96.712 228.673 -160.003 97.379
3 0 228.673 -160.003 97.379 223.538 -153.956 98.078 223.406 -154.004 97.410
3 0 223.475 -153.877 96.742 228.591 -159.898 96.046 228.530 -160.036 96.712
3 0 228.530 -160.036 96.712 223.406 -154.004 97.410 223.475 -153.877 96.742
3 0 223.735 -153.594 96.178 228.849 -159.612 95.483 228.591 -159.898 96.046
3 0 228.591 -159.898 96.046 223.475 -153.877 96.742 223.735 -153.594 96.178
3 0 225.916 -151.756 96.754 231.078 -157.831 96.056 230.751 -158.029 95.491
3 0 230.751 -158.029 95.491 225.603 -151.971 96.187 225.916 -151.756 96.754
3 0 226.048 -151.708 97.422 231.221 -157.798 96.723 231.078 -157.831 96.056
3 0 231.078 -157.831 96.056 225.916 -151.756 96.754 226.048 -151.708 97.422
3 0 225.979 -151.835 98.090 231.159 -157.935 97.389 231.221 -157.798 96.723
3 0 231.221 -157.798 96.723 226.048 -151.708 97.422 225.979 -151.835 98.090
3 0 225.719 -152.118 98.654 230.902 -158.222 97.953 231.159 -157.935 97.389
3 0 231.159 -157.935 97.389 225.979 -151.835 98.090 225.719 -152.118 98.654
3 0 231.228 -158.024 98.519 230.902 -158.222 97.953 225.719 -152.118 98.654
3 0 225.719 -152.118 98.654 226.032 -151.903 99.222 231.228 -158.024 98.519
3 0 231.371 -157.991 99.186 231.228 -158.024 98.519 226.032 -151.903 99.222
3 0 226.032 -151.903 99.222 226.163 -151.855 99.890 231.371 -157.991 99.186
3 0 231.309 -158.128 99.852 231.371 -157.991 99.186 226.163 -151.855 99.890
3 0 226.163 -151.855 99.890 226.094 -151.982 100.558 231.309 -158.128 99.852
3 0 231.052 -158.415 100.416 231.309 -158.128 99.852 226.094 -151.982 100.558
3 0 226.094 -151.982 100.558 225.834 -152.265 101.122 231.052 -158.415 100.416
3 0 230.639 -158.807 100.792 231.052 -158.415 100.416 225.834 -152.265 101.122
3 0 225.834 -152.265 101.122 225.423 -152.659 101.499 230.639 -158.807 100.792
3 0 230.132 -159.246 100.922 230.639 -158.807 100.792 225.423 -152.659 101.499
3 0 225.423 -152.659 101.499 224.924 -153.107 101.629 230.132 -159.246 100.922
3 0 229.609 -159.664 100.788 230.132 -159.246 100.922 224.924 -153.107 101.629
3 0 224.924 -153.107 101.629 224.412 -153.538 101.494 229.609 -159.664 100.788
3 0 229.149 -159.997 100.408 229.609 -159.664 100.788 224.412 -153.538 101.494
3 0 224.412 -153.538 101.494 223.966 -153.888 101.113 229.149 -159.997 100.408
3 0 228.823 -160.195 99.842 229.149 -159.997 100.408 223.966 -153.888 101.113
3 0 223.966 -153.888 101.113 223.653 -154.103 100.546 228.823 -160.195 99.842
3 0 228.680 -160.228 99.175 228.823 -160.195 99.842 223.653 -154.103 100.546
3 0 223.653 -154.103 100.546 223.521 -154.151 99.878 228.680 -160.228 99.175
3 0 228.742 -160.091 98.509 228.680 -160.228 99.175 223.521 -154.151 99.878
3 0 223.521 -154.151 99.878 223.591 -154.024 99.210 228.742 -160.091 98.509
3 0 228.999 -159.804 97.945 228.742 -160.091 98.509 223.591 -154.024 99.210
3 0 223.591 -154.024 99.210 223.850 -153.741 98.645 228.999 -159.804 97.945
3 0 230.803 -162.596 92.027 231.142 -162.415 92.591 228.698 -159.419 93.021
3 0 228.698 -159.419 93.021 228.372 -159.617 92.454 230.803 -162.596 92.027
3 0 230.648 -162.614 91.363 230.803 -162.596 92.027 228.372 -159.617 92.454
3 0 228.372 -159.617 92.454 228.229 -159.650 91.788 230.648 -162.614 91.363
3 0 230.702 -162.466 90.698 230.648 -162.614 91.363 228.229 -159.650 91.788
3 0 228.229 -159.650 91.788 228.291 -159.513 91.122 230.702 -162.466 90.698
3 0 230.956 -162.175 90.135 230.702 -162.466 90.698 228.291 -159.513 91.122
3 0 228.291 -159.513 91.122 228.548 -159.226 90.558 230.956 -162.175 90.135
3 0 231.372 -161.785 89.760 230.956 -162.175 90.135 228.548 -159.226 90.558
3 0 228.548 -159.226 90.558 228.961 -158.834 90.182 231.372 -161.785 89.760
3 0 231.887 -161.355 89.629 231.372 -161.785 89.760 228.961 -158.834 90.182
3 0 228.961 -158.834 90.182 229.468 -158.395 90.052 231.887 -161.355 89.629
3 0 232.421 -160.951 89.762 231.887 -161.355 89.629 229.468 -158.395 90.052
3 0 229.468 -158.395 90.052 229.991 -157.977 90.186 232.421 -160.951 89.762
3 0 232.894 -160.635 90.140 232.421 -160.951 89.762 229.991 -157.977 90.186
3 0 229.991 -157.977 90.186 230.451 -157.644 90.566 232.894 -160.635 90.140
3 0 233.234 -160.454 90.704 232.894 -160.635 90.140 230.451 -157.644 90.566
3 0 230.451 -157.644 90.566 230.777 -157.446 91.132 233.234 -160.454 90.704
3 0 233.388 -160.436 91.369 233.234 -160.454 90.704 230.777 -157.446 91.132
3 0 230.777 -157.446 91.132 230.920 -157.413 91.798 233.388 -160.436 91.369
3 0 233.334 -160.584 92.033 233.388 -160.436 91.369 230.920 -157.413 91.798
3 0 230.920 -157.413 91.798 230.858 -157.550 92.464 233.334 -160.584 92.033
3 0 233.080 -160.875 92.596 233.334 -160.584 92.033 230.858 -157.550 92.464
3 0 230.858 -157.550 92.464 230.601 -157.837 93.028 233.080 -160.875 92.596
3 0 228.522 -159.810 94.917 230.988 -162.836 94.484 231.328 -162.656 95.048
3 0 231.328 -162.656 95.048 228.849 -159.612 95.483 228.522 -159.810 94.917
3 0 228.379 -159.843 94.251 230.834 -162.854 93.819 230.988 -162.836 94.484
3 0 230.988 -162.836 94.484 228.522 -159.810 94.917 228.379 -159.843 94.251
3 0 228.441 -159.706 93.585 230.888 -162.706 93.154 230.834 -162.854 93.819
3 0 230.834 -162.854 93.819 228.379 -159.843 94.251 228.441 -159.706 93.585
3 0 228.698 -159.419 93.021 231.142 -162.415 92.591 230.888 -162.706 93.154
3 0 230.888 -162.706 93.154 228.441 -159.706 93.585 228.698 -159.419 93.021
3 0 230.927 -157.638 93.595 233.419 -160.695 93.160 233.080 -160.875 92.596
3 0 233.080 -160.875 92.596 230.601 -157.837 93.028 230.927 -157.638 93.595
3 0 231.070 -157.605 94.261 233.574 -160.677 93.825 233.419 -160.695 93.160
3 0 233.419 -160.695 93.160 230.927 -157.638 93.595 231.070 -157.605 94.261
3 0 231.009 -157.743 94.927 233.520 -160.825 94.489 233.574 -160.677 93.825
3 0 233.574 -160.677 93.825 231.070 -157.605 94.261 231.009 -157.743 94.927
3 0 230.751 -158.029 95.491 233.265 -161.116 95.052 233.520 -160.825 94.489
3 0 233.520 -160.825 94.489 231.009 -157.743 94.927 230.751 -158.029 95.491
3 0 228.673 -160.003 97.379 231.174 -163.077 96.939 231.513 -162.896 97.503
3 0 231.513 -162.896 97.503 228.999 -159.804 97.945 228.673 -160.003 97.379
3 0 228.530 -160.036 96.712 231.019 -163.095 96.274 231.174 -163.077 96.939
3 0 231.174 -163.077 96.939 228.673 -160.003 97.379 228.530 -160.036 96.712
3 0 228.591 -159.898 96.046 231.073 -162.947 95.610 231.019 -163.095 96.274
3 0 231.019 -163.095 96.274 228.530 -160.036 96.712 228.591 -159.898 96.046
3 0 228.849 -159.612 95.483 231.328 -162.656 95.048 231.073 -162.947 95.610
3 0 231.073 -162.947 95.610 228.591 -159.898 96.046 228.849 -159.612 95.483
3 0 231.078 -157.831 96.056 233.605 -160.935 95.615 233.265 -161.116 95.052
3 0 233.265 -161.116 95.052 230.751 -158.029 95.491 231.078 -157.831 96.056
3 0 231.221 -157.798 96.723 233.759 -160.917 96.280 233.605 -160.935 95.615
3 0 233.605 -160.935 95.615 231.078 -157.831 96.056 231.221 -157.798 96.723
3 0 231.159 -157.935 97.389 233.705 -161.065 96.944 233.759 -160.917 96.280
3 0 233.759 -160.917 96.280 231.221 -157.798 96.723 231.159 -157.935 97.389
3 0 230.902 -158.222 97.953 233.451 -161.356 97.507 233.705 -161.065 96.944
3 0 233.705 -161.065 96.944 231.159 -157.935 97.389 230.902 -158.222 97.953
3 0 233.790 -161.175 98.072 233.451 -161.356 97.507 230.902 -158.222 97.953
3 0 230.902 -158.222 97.953 231.228 -158.024 98.519 233.790 -161.175 98.072
3 0 233.945 -161.157 98.736 233.790 -161.175 98.072 231.228 -158.024 98.519
3 0 231.228 -158.024 98.519 231.371 -157.991 99.186 233.945 -161.157 98.736
3 0 233.891 -161.305 99.401 233.945 -161.157 98.736 231.371 -157.991 99.186
3 0 231.371 -157.991 99.186 231.309 -158.128 99.852 233.891 -161.305 99.401
3 0 233.637 -161.596 99.964 233.891 -161.305 99.401 231.309 -158.128 99.852
3 0 231.309 -158.128 99.852 231.052 -158.415 100.416 233.637 -161.596 99.964
3 0 233.221 -161.987 100.339 233.637 -161.596 99.964 231.052 -158.415 100.416
3 0 231.052 -158.415 100.416 230.639 -158.807 100.792 233.221 -161.987 100.339
3 0 232.706 -162.416 100.470 233.221 -161.987 100.339 230.639 -158.807 100.792
3 0 230.639 -158.807 100.792 230.132 -159.246 100.922 232.706 -162.416 100.470
3 0 232.172 -162.820 100.337 232.706 -162.416 100.470 230.132 -159.246 100.922
3 0 230.132 -159.246 100.922 229.609 -159.664 100.788 232.172 -162.820 100.337
3 0 231.699 -163.136 99.959 232.172 -162.820 100.337 229.609 -159.664 100.788
3 0 229.609 -159.664 100.788 229.149 -159.997 100.408 231.699 -163.136 99.959
3 0 231.359 -163.317 99.395 231.699 -163.136 99.959 229.149 -159.997 100.408
3 0 229.149 -159.997 100.408 228.823 -160.195 99.842 231.359 -163.317 99.395
3 0 231.205 -163.335 98.730 231.359 -163.317 99.395 228.823 -160.195 99.842
3 0 228.823 -160.195 99.842 228.680 -160.228 99.175 231.205 -163.335 98.730
3 0 231.259 -163.187 98.066 231.205 -163.335 98.730 228.680 -160.228 99.175
3 0 228.680 -160.228 99.175 228.742 -160.091 98.509 231.259 -163.187 98.066
3 0 231.513 -162.896 97.503 231.259 -163.187 98.066 228.742 -160.091 98.509
3 0 228.742 -160.091 98.509 228.999 -159.804 97.945 231.513 -162.896 97.503
3 0 233.156 -165.628 91.502 233.509 -165.464 92.063 231.142 -162.415 92.591
3 0 231.142 -162.415 92.591 230.803 -162.596 92.027 233.156 -165.628 91.502
3 0 232.991 -165.631 90.840 233.156 -165.628 91.502 230.803 -162.596 92.027
3 0 230.803 -162.596 92.027 230.648 -162.614 91.363 232.991 -165.631 90.840
3 0 233.038 -165.474 90.177 232.991 -165.631 90.840 230.648 -162.614 91.363
3 0 230.648 -162.614 91.363 230.702 -162.466 90.698 233.038 -165.474 90.177
3 0 233.289 -165.178 89.615 233.038 -165.474 90.177 230.702 -162.466 90.698
3 0 230.702 -162.466 90.698 230.956 -162.175 90.135 233.289 -165.178 89.615
3 0 233.707 -164.791 89.239 233.289 -165.178 89.615 230.956 -162.175 90.135
3 0 230.956 -162.175 90.135 231.372 -161.785 89.760 233.707 -164.791 89.239
3 0 234.228 -164.370 89.107 233.707 -164.791 89.239 231.372 -161.785 89.760
3 0 231.372 -161.785 89.760 231.887 -161.355 89.629 234.228 -164.370 89.107
3 0 234.773 -163.980 89.238 234.228 -164.370 89.107 231.887 -161.355 89.629
3 0 231.887 -161.355 89.629 232.421 -160.951 89.762 234.773 -163.980 89.238
3 0 235.258 -163.679 89.613 234.773 -163.980 89.238 232.421 -160.951 89.762
3 0 232.421 -160.951 89.762 232.894 -160.635 90.140 235.258 -163.679 89.613
3 0 235.611 -163.515 90.175 235.258 -163.679 89.613 232.894 -160.635 90.140
3 0 232.894 -160.635 90.140 233.234 -160.454 90.704 235.611 -163.515 90.175
3 0 235.776 -163.511 90.837 235.611 -163.515 90.175 233.234 -160.454 90.704
3 0 233.234 -160.454 90.704 233.388 -160.436 91.369 235.776 -163.511 90.837
3 0 235.729 -163.669 91.500 235.776 -163.511 90.837 233.388 -160.436 91.369
3 0 233.388 -160.436 91.369 233.334 -160.584 92.033 235.729 -163.669 91.500
3 0 235.478 -163.964 92.062 235.729 -163.669 91.500 233.334 -160.584 92.033
3 0 233.334 -160.584 92.033 233.080 -160.875 92.596 235.478 -163.964 92.062
3 0 230.988 -162.836 94.484 233.376 -165.913 93.951 233.728 -165.749 94.512
3 0 233.728 -165.749 94.512 231.328 -162.656 95.048 230.988 -162.836 94.484
3 0 230.834 -162.854 93.819 233.210 -165.917 93.288 233.376 -165.913 93.951
3 0 233.376 -165.913 93.951 230.988 -162.836 94.484 230.834 -162.854 93.819
3 0 230.888 -162.706 93.154 233.257 -165.759 92.626 233.210 -165.917 93.288
3 0 233.210 -165.917 93.288 230.834 -162.854 93.819 230.888 -162.706 93.154
3 0 231.142 -162.415 92.591 233.509 -165.464 92.063 233.257 -165.759 92.626
3 0 233.257 -165.759 92.626 230.888 -162.706 93.154 231.142 -162.415 92.591
3 0 233.419 -160.695 93.160 235.830 -163.800 92.623 235.478 -163.964 92.062
3 0 235.478 -163.964 92.062 233.080 -160.875 92.596 233.419 -160.695 93.160
3 0 233.574 -160.677 93.825 235.995 -163.797 93.286 235.830 -163.800 92.623
3 0 235.830 -163.800 92.623 233.419 -160.695 93.160 233.574 -160.677 93.825
3 0 233.520 -160.825 94.489 235.949 -163.954 93.948 235.995 -163.797 93.286
3 0 235.995 -163.797 93.286 233.574 -160.677 93.825 233.520 -160.825 94.489
3 0 233.265 -161.116 95.052 235.697 -164.250 94.510 235.949 -163.954 93.948
3 0 235.949 -163.954 93.948 233.520 -160.825 94.489 233.265 -161.116 95.052
3 0 231.174 -163.077 96.939 233.595 -166.198 96.398 233.947 -166.034 96.960
3 0 233.947 -166.034 96.960 231.513 -162.896 97.503 231.174 -163.077 96.939
3 0 231.019 -163.095 96.274 233.430 -166.202 95.736 233.595 -166.198 96.398
3 0 233.595 -166.198 96.398 231.174 -163.077 96.939 231.019 -163.095 96.274
3 0 231.073 -162.947 95.610 233.476 -166.044 95.073 233.430 -166.202 95.736
3 0 233.430 -166.202 95.736 231.019 -163.095 96.274 231.073 -162.947 95.610
3 0 231.328 -162.656 95.048 233.728 -165.749 94.512 233.476 -166.044 95.073
3 0 233.476 -166.044 95.073 231.073 -162.947 95.610 231.328 -162.656 95.048
3 0 233.605 -160.935 95.615 236.049 -164.085 95.071 235.697 -164.250 94.510
3 0 235.697 -164.250 94.510 233.265 -161.116 95.052 233.605 -160.935 95.615
3 0 233.759 -160.917 96.280 236.214 -164.082 95.734 236.049 -164.085 95.071
3 0 236.049 -164.085 95.071 233.605 -160.935 95.615 233.759 -160.917 96.280
3 0 233.705 -161.065 96.944 236.168 -164.239 96.396 236.214 -164.082 95.734
3 0 236.214 -164.082 95.734 233.759 -160.917 96.280 233.705 -161.065 96.944
3 0 233.451 -161.356 97.507 235.916 -164.535 96.958 236.168 -164.239 96.396
3 0 236.168 -164.239 96.396 233.705 -161.065 96.944 233.451 -161.356 97.507
3 0 236.268 -164.370 97.520 235.916 -164.535 96.958 233.451 -161.356 97.507
3 0 233.451 -161.356 97.507 233.790 -161.175 98.072 236.268 -164.370 97.520
3 0 236.434 -164.367 98.182 236.268 -164.370 97.520 233.790 -161.175 98.072
3 0 233.790 -161.175 98.072 233.945 -161.157 98.736 236.434 -164.367 98.182
3 0 236.387 -164.525 98.845 236.434 -164.367 98.182 233.945 -161.157 98.736
3 0 233.945 -161.157 98.736 233.891 -161.305 99.401 236.387 -164.525 98.845
3 0 236.135 -164.820 99.407 236.387 -164.525 98.845 233.891 -161.305 99.401
3 0 233.891 -161.305 99.401 233.637 -161.596 99.964 236.135 -164.820 99.407
3 0 235.717 -165.207 99.783 236.135 -164.820 99.407 233.637 -161.596 99.964
3 0 233.637 -161.596 99.964 233.221 -161.987 100.339 235.717 -165.207 99.783
3 0 235.196 -165.629 99.915 235.717 -165.207 99.783 233.221 -161.987 100.339
3 0 233.221 -161.987 100.339 232.706 -162.416 100.470 235.196 -165.629 99.915
3 0 234.652 -166.019 99.784 235.196 -165.629 99.915 232.706 -162.416 100.470
3 0 232.706 -162.416 100.470 232.172 -162.820 100.337 234.652 -166.019 99.784
3 0 234.166 -166.319 99.409 234.652 -166.019 99.784 232.172 -162.820 100.337
3 0 232.172 -162.820 100.337 231.699 -163.136 99.959 234.166 -166.319 99.409
3 0 233.814 -166.483 98.847 234.166 -166.319 99.409 231.699 -163.136 99.959
3 0 231.699 -163.136 99.959 231.359 -163.317 99.395 233.814 -166.483 98.847
3 0 233.649 -166.487 98.185 233.814 -166.483 98.847 231.359 -163.317 99.395
3 0 231.359 -163.317 99.395 231.205 -163.335 98.730 233.649 -166.487 98.185
3 0 233.696 -166.329 97.522 233.649 -166.487 98.185 231.205 -163.335 98.730
3 0 231.205 -163.335 98.730 231.259 -163.187 98.066 233.696 -166.329 97.522
3 0 233.947 -166.034 96.960 233.696 -166.329 97.522 231.259 -163.187 98.066
3 0 231.259 -163.187 98.066 231.513 -162.896 97.503 233.947 -166.034 96.960
3 0 235.451 -168.700 90.899 235.815 -168.551 91.457 233.509 -165.464 92.063
3 0 233.509 -165.464 92.063 233.156 -165.628 91.502 235.451 -168.700 90.899
3 0 235.276 -168.691 90.239 235.451 -168.700 90.899 233.156 -165.628 91.502
3 0 233.156 -165.628 91.502 232.991 -165.631 90.840 235.276 -168.691 90.239
3 0 235.316 -168.523 89.578 235.276 -168.691 90.239 232.991 -165.631 90.840
3 0 232.991 -165.631 90.840 233.038 -165.474 90.177 235.316 -168.523 89.578
3 0 235.565 -168.224 89.017 235.316 -168.523 89.578 233.038 -165.474 90.177
3 0 233.038 -165.474 90.177 233.289 -165.178 89.615 235.565 -168.224 89.017
3 0 235.985 -167.839 88.641 235.565 -168.224 89.017 233.289 -165.178 89.615
3 0 233.289 -165.178 89.615 233.707 -164.791 89.239 235.985 -167.839 88.641
3 0 236.512 -167.426 88.507 235.985 -167.839 88.641 233.707 -164.791 89.239
3 0 233.707 -164.791 89.239 234.228 -164.370 89.107 236.512 -167.426 88.507
3 0 237.066 -167.048 88.636 236.512 -167.426 88.507 234.228 -164.370 89.107
3 0 234.228 -164.370 89.107 234.773 -163.980 89.238 237.066 -167.048 88.636
3 0 237.562 -166.763 89.009 237.066 -167.048 88.636 234.773 -163.980 89.238
3 0 234.773 -163.980 89.238 235.258 -163.679 89.613 237.562 -166.763 89.009
3 0 237.926 -166.614 89.567 237.562 -166.763 89.009 235.258 -163.679 89.613
3 0 235.258 -163.679 89.613 235.611 -163.515 90.175 237.926 -166.614 89.567
3 0 238.101 -166.624 90.227 237.926 -166.614 89.567 235.611 -163.515 90.175
3 0 235.611 -163.515 90.175 235.776 -163.511 90.837 238.101 -166.624 90.227
3 0 238.061 -166.791 90.888 238.101 -166.624 90.227 235.776 -163.511 90.837
3 0 235.776 -163.511 90.837 235.729 -163.669 91.500 238.061 -166.791 90.888
3 0 237.812 -167.090 91.449 238.061 -166.791 90.888 235.729 -163.669 91.500
3 0 235.729 -163.669 91.500 235.478 -163.964 92.062 237.812 -167.090 91.449
3 0 233.376 -165.913 93.951 235.701 -169.027 93.339 236.064 -168.878 93.898
3 0 236.064 -168.878 93.898 233.728 -165.749 94.512 233.376 -165.913 93.951
3 0 233.210 -165.917 93.288 235.526 -169.017 92.680 235.701 -169.027 93.339
3 0 235.701 -169.027 93.339 233.376 -165.913 93.951 233.210 -165.917 93.288
3 0 233.257 -165.759 92.626 235.566 -168.850 92.019 235.526 -169.017 92.680
3 0 235.526 -169.017 92.680 233.210 -165.917 93.288 233.257 -165.759 92.626
3 0 233.509 -165.464 92.063 235.815 -168.551 91.457 235.566 -168.850 92.019
3 0 235.566 -168.850 92.019 233.257 -165.759 92.626 233.509 -165.464 92.063
3 0 235.830 -163.800 92.623 238.175 -166.941 92.008 237.812 -167.090 91.449
3 0 237.812 -167.090 91.449 235.478 -163.964 92.062 235.830 -163.800 92.623
3 0 235.995 -163.797 93.286 238.350 -166.951 92.668 238.175 -166.941 92.008
3 0 238.175 -166.941 92.008 235.830 -163.800 92.623 235.995 -163.797 93.286
3 0 235.949 -163.954 93.948 238.310 -167.118 93.328 238.350 -166.951 92.668
3 0 238.350 -166.951 92.668 235.995 -163.797 93.286 235.949 -163.954 93.948
3 0 235.697 -164.250 94.510 238.061 -167.417 93.890 238.310 -167.118 93.328
3 0 238.310 -167.118 93.328 235.949 -163.954 93.948 235.697 -164.250 94.510
3 0 233.595 -166.198 96.398 235.950 -169.354 95.779 236.314 -169.205 96.338
3 0 236.314 -169.205 96.338 233.947 -166.034 96.960 233.595 -166.198 96.398
3 0 233.430 -166.202 95.736 235.775 -169.344 95.119 235.950 -169.354 95.779
3 0 235.950 -169.354 95.779 233.595 -166.198 96.398 233.430 -166.202 95.736
3 0 233.476 -166.044 95.073 235.815 -169.177 94.458 235.775 -169.344 95.119
3 0 235.775 -169.344 95.119 233.430 -166.202 95.736 233.476 -166.044 95.073
3 0 233.728 -165.749 94.512 236.064 -168.878 93.898 235.815 -169.177 94.458
3 0 235.815 -169.177 94.458 233.476 -166.044 95.073 233.728 -165.749 94.512
3 0 236.049 -164.085 95.071 238.425 -167.267 94.447 238.061 -167.417 93.890
3 0 238.061 -167.417 93.890 235.697 -164.250 94.510 236.049 -164.085 95.071
3 0 236.214 -164.082 95.734 238.600 -167.277 95.107 238.425 -167.267 94.447
3 0 238.425 -167.267 94.447 236.049 -164.085 95.071 236.214 -164.082 95.734
3 0 236.168 -164.239 96.396 238.560 -167.444 95.768 238.600 -167.277 95.107
3 0 238.600 -167.277 95.107 236.214 -164.082 95.734 236.168 -164.239 96.396
3 0 235.916 -164.535 96.958 238.311 -167.743 96.329 238.560 -167.444 95.768
3 0 238.560 -167.444 95.768 236.168 -164.239 96.396 235.916 -164.535 96.958
3 0 238.674 -167.594 96.888 238.311 -167.743 96.329 235.916 -164.535 96.958
3 0 235.916 -164.535 96.958 236.268 -164.370 97.520 238.674 -167.594 96.888
3 0 238.849 -167.604 97.548 238.674 -167.594 96.888 236.268 -164.370 97.520
3 0 236.268 -164.370 97.520 236.434 -164.367 98.182 238.849 -167.604 97.548
3 0 238.809 -167.771 98.209 238.849 -167.604 97.548 236.434 -164.367 98.182
3 0 236.434 -164.367 98.182 236.387 -164.525 98.845 238.809 -167.771 98.209
3 0 238.560 -168.070 98.770 238.809 -167.771 98.209 236.387 -164.525 98.845
3 0 236.387 -164.525 98.845 236.135 -164.820 99.407 238.560 -168.070 98.770
3 0 238.140 -168.456 99.146 238.560 -168.070 98.770 236.135 -164.820 99.407
3 0 236.135 -164.820 99.407 235.717 -165.207 99.783 238.140 -168.456 99.146
3 0 237.613 -168.869 99.279 238.140 -168.456 99.146 235.717 -165.207 99.783
3 0 235.717 -165.207 99.783 235.196 -165.629 99.915 237.613 -168.869 99.279
3 0 237.059 -169.246 99.150 237.613 -168.869 99.279 235.196 -165.629 99.915
3 0 235.196 -165.629 99.915 234.652 -166.019 99.784 237.059 -169.246 99.150
3 0 236.563 -169.532 98.778 237.059 -169.246 99.150 234.652 -166.019 99.784
3 0 234.652 -166.019 99.784 234.166 -166.319 99.409 236.563 -169.532 98.778
3 0 236.200 -169.681 98.220 236.563 -169.532 98.778 234.166 -166.319 99.409
3 0 234.166 -166.319 99.409 233.814 -166.483 98.847 236.200 -169.681 98.220
3 0 236.025 -169.671 97.560 236.200 -169.681 98.220 233.814 -166.483 98.847
3 0 233.814 -166.483 98.847 233.649 -166.487 98.185 236.025 -169.671 97.560
3 0 236.065 -169.504 96.899 236.025 -169.671 97.560 233.649 -166.487 98.185
3 0 233.649 -166.487 98.185 233.696 -166.329 97.522 236.065 -169.504 96.899
3 0 236.314 -169.205 96.338 236.065 -169.504 96.899 233.696 -166.329 97.522
3 0 233.696 -166.329 97.522 233.947 -166.034 96.960 236.314 -169.205 96.338
3 0 237.665 -171.795 90.215 238.041 -171.664 90.770 235.815 -168.551 91.457
3 0 235.815 -168.551 91.457 235.451 -168.700 90.899 237.665 -171.795 90.215
3 0 237.479 -171.770 89.559 237.665 -171.795 90.215 235.451 -168.700 90.899
3 0 235.451 -168.700 90.899 235.276 -168.691 90.239 237.479 -171.770 89.559
3 0 237.512 -171.592 88.900 237.479 -171.770 89.559 235.276 -168.691 90.239
3 0 235.276 -168.691 90.239 235.316 -168.523 89.578 237.512 -171.592 88.900
3 0 237.757 -171.289 88.340 237.512 -171.592 88.900 235.316 -168.523 89.578
3 0 235.316 -168.523 89.578 235.565 -168.224 89.017 237.757 -171.289 88.340
3 0 238.179 -170.906 87.963 237.757 -171.289 88.340 235.565 -168.224 89.017
3 0 235.565 -168.224 89.017 235.985 -167.839 88.641 238.179 -170.906 87.963
3 0 238.713 -170.502 87.828 238.179 -170.906 87.963 235.985 -167.839 88.641
3 0 235.985 -167.839 88.641 236.512 -167.426 88.507 238.713 -170.502 87.828
3 0 239.277 -170.139 87.954 238.713 -170.502 87.828 236.512 -167.426 88.507
3 0 236.512 -167.426 88.507 237.066 -167.048 88.636 239.277 -170.139 87.954
3 0 239.786 -169.871 88.322 239.277 -170.139 87.954 237.066 -167.048 88.636
3 0 237.066 -167.048 88.636 237.562 -166.763 89.009 239.786 -169.871 88.322
3 0 240.162 -169.740 88.876 239.786 -169.871 88.322 237.562 -166.763 89.009
3 0 237.562 -166.763 89.009 237.926 -166.614 89.567 240.162 -169.740 88.876
3 0 240.348 -169.765 89.533 240.162 -169.740 88.876 237.926 -166.614 89.567
3 0 237.926 -166.614 89.567 238.101 -166.624 90.227 240.348 -169.765 89.533
3 0 240.316 -169.943 90.191 240.348 -169.765 89.533 238.101 -166.624 90.227
3 0 238.101 -166.624 90.227 238.061 -166.791 90.888 240.316 -169.943 90.191
3 0 240.070 -170.247 90.752 240.316 -169.943 90.191 238.061 -166.791 90.888
3 0 238.061 -166.791 90.888 237.812 -167.090 91.449 240.070 -170.247 90.752
3 0 235.701 -169.027 93.339 237.949 -172.171 92.645 238.326 -172.039 93.200
3 0 238.326 -172.039 93.200 236.064 -168.878 93.898 235.701 -169.027 93.339
3 0 235.526 -169.017 92.680 237.763 -172.145 91.989 237.949 -172.171 92.645
3 0 237.949 -172.171 92.645 235.701 -169.027 93.339 235.526 -169.017 92.680
3 0 235.566 -168.850 92.019 237.796 -171.967 91.330 237.763 -172.145 91.989
3 0 237.763 -172.145 91.989 235.526 -169.017 92.680 235.566 -168.850 92.019
3 0 235.815 -168.551 91.457 238.041 -171.664 90.770 237.796 -171.967 91.330
3 0 237.796 -171.967 91.330 235.566 -168.850 92.019 235.815 -168.551 91.457
3 0 238.175 -166.941 92.008 240.446 -170.115 91.306 240.070 -170.247 90.752
3 0 240.070 -170.247 90.752 237.812 -167.090 91.449 238.175 -166.941 92.008
3 0 238.350 -166.951 92.668 240.632 -170.141 91.963 240.446 -170.115 91.306
3 0 240.446 -170.115 91.306 238.175 -166.941 92.008 238.350 -166.951 92.668
3 0 238.310 -167.118 93.328 240.600 -170.319 92.621 240.632 -170.141 91.963
3 0 240.632 -170.141 91.963 238.350 -166.951 92.668 238.310 -167.118 93.328
3 0 238.061 -167.417 93.890 240.354 -170.622 93.181 240.600 -170.319 92.621
3 0 240.600 -170.319 92.621 238.310 -167.118 93.328 238.061 -167.417 93.890
3 0 235.950 -169.354 95.779 238.233 -172.546 95.074 238.609 -172.414 95.628
3 0 238.609 -172.414 95.628 236.314 -169.205 96.338 235.950 -169.354 95.779
3 0 235.775 -169.344 95.119 238.047 -172.520 94.417 238.233 -172.546 95.074
3 0 238.233 -172.546 95.074 235.950 -169.354 95.779 235.775 -169.344 95.119
3 0 235.815 -169.177 94.458 238.080 -172.343 93.759 238.047 -172.520 94.417
3 0 238.047 -172.520 94.417 235.775 -169.344 95.119 235.815 -169.177 94.458
3 0 236.064 -168.878 93.898 238.326 -172.039 93.200 238.080 -172.343 93.759
3 0 238.080 -172.343 93.759 235.815 -169.177 94.458 236.064 -168.878 93.898
3 0 238.425 -167.267 94.447 240.730 -170.491 93.735 240.354 -170.622 93.181
3 0 240.354 -170.622 93.181 238.061 -167.417 93.890 238.425 -167.267 94.447
3 0 238.600 -167.277 95.107 240.916 -170.516 94.392 240.730 -170.491 93.735
3 0 240.730 -170.491 93.735 238.425 -167.267 94.447 238.600 -167.277 95.107
3 0 238.560 -167.444 95.768 240.884 -170.694 95.050 240.916 -170.516 94.392
3 0 240.916 -170.516 94.392 238.600 -167.277 95.107 238.560 -167.444 95.768
3 0 238.311 -167.743 96.329 240.638 -170.997 95.610 240.884 -170.694 95.050
3 0 240.884 -170.694 95.050 238.560 -167.444 95.768 238.311 -167.743 96.329
3 0 241.014 -170.866 96.165 240.638 -170.997 95.610 238.311 -167.743 96.329
3 0 238.311 -167.743 96.329 238.674 -167.594 96.888 241.014 -170.866 96.165
3 0 241.200 -170.891 96.821 241.014 -170.866 96.165 238.674 -167.594 96.888
3 0 238.674 -167.594 96.888 238.849 -167.604 97.548 241.200 -170.891 96.821
3 0 241.168 -171.069 97.480 241.200 -170.891 96.821 238.849 -167.604 97.548
3 0 238.849 -167.604 97.548 238.809 -167.771 98.209 241.168 -171.069 97.480
3 0 240.922 -171.372 98.040 241.168 -171.069 97.480 238.809 -167.771 98.209
3 0 238.809 -167.771 98.209 238.560 -168.070 98.770 240.922 -171.372 98.040
3 0 240.500 -171.755 98.417 240.922 -171.372 98.040 238.560 -168.070 98.770
3 0 238.560 -168.070 98.770 238.140 -168.456 99.146 240.500 -171.755 98.417
3 0 239.967 -172.159 98.552 240.500 -171.755 98.417 238.140 -168.456 99.146
3 0 238.140 -168.456 99.146 237.613 -168.869 99.279 239.967 -172.159 98.552
3 0 239.402 -172.522 98.427 239.967 -172.159 98.552 237.613 -168.869 99.279
3 0 237.613 -168.869 99.279 237.059 -169.246 99.150 239.402 -172.522 98.427
3 0 238.894 -172.790 98.058 239.402 -172.522 98.427 237.059 -169.246 99.150
3 0 237.059 -169.246 99.150 236.563 -169.532 98.778 238.894 -172.790 98.058
3 0 238.517 -172.921 97.504 238.894 -172.790 98.058 236.563 -169.532 98.778
3 0 236.563 -169.532 98.778 236.200 -169.681 98.220 238.517 -172.921 97.504
3 0 238.331 -172.896 96.847 238.517 -172.921 97.504 236.200 -169.681 98.220
3 0 236.200 -169.681 98.220 236.025 -169.671 97.560 238.331 -172.896 96.847
3 0 238.364 -172.718 96.189 238.331 -172.896 96.847 236.025 -169.671 97.560
3 0 236.025 -169.671 97.560 236.065 -169.504 96.899 238.364 -172.718 96.189
3 0 238.609 -172.414 95.628 238.364 -172.718 96.189 236.065 -169.504 96.899
3 0 236.065 -169.504 96.899 236.314 -169.205 96.338 238.609 -172.414 95.628
3 0 239.781 -174.917 89.433 240.171 -174.806 89.983 238.041 -171.664 90.770
3 0 238.041 -171.664 90.770 237.665 -171.795 90.215 239.781 -174.917 89.433
3 0 239.582 -174.874 88.782 239.781 -174.917 89.433 237.665 -171.795 90.215
3 0 237.665 -171.795 90.215 237.479 -171.770 89.559 239.582 -174.874 88.782
3 0 239.606 -174.684 88.126 239.582 -174.874 88.782 237.479 -171.770 89.559
3 0 237.479 -171.770 89.559 237.512 -171.592 88.900 239.606 -174.684 88.126
3 0 239.848 -174.375 87.567 239.606 -174.684 88.126 237.512 -171.592 88.900
3 0 237.512 -171.592 88.900 237.757 -171.289 88.340 239.848 -174.375 87.567
3 0 240.272 -173.996 87.190 239.848 -174.375 87.567 237.757 -171.289 88.340
3 0 237.757 -171.289 88.340 238.179 -170.906 87.963 240.272 -173.996 87.190
3 0 240.813 -173.603 87.051 240.272 -173.996 87.190 238.179 -170.906 87.963
3 0 238.179 -170.906 87.963 238.713 -170.502 87.828 240.813 -173.603 87.051
3 0 241.388 -173.256 87.172 240.813 -173.603 87.051 238.713 -170.502 87.828
3 0 238.713 -170.502 87.828 239.277 -170.139 87.954 241.388 -173.256 87.172
3 0 241.911 -173.008 87.535 241.388 -173.256 87.172 239.277 -170.139 87.954
3 0 239.277 -170.139 87.954 239.786 -169.871 88.322 241.911 -173.008 87.535
3 0 242.301 -172.898 88.085 241.911 -173.008 87.535 239.786 -169.871 88.322
3 0 239.786 -169.871 88.322 240.162 -169.740 88.876 242.301 -172.898 88.085
3 0 242.500 -172.941 88.737 242.301 -172.898 88.085 240.162 -169.740 88.876
3 0 240.162 -169.740 88.876 240.348 -169.765 89.533 242.500 -172.941 88.737
3 0 242.476 -173.131 89.392 242.500 -172.941 88.737 240.348 -169.765 89.533
3 0 240.348 -169.765 89.533 240.316 -169.943 90.191 242.476 -173.131 89.392
3 0 242.234 -173.439 89.951 242.476 -173.131 89.392 240.316 -169.943 90.191
3 0 240.316 -169.943 90.191 240.070 -170.247 90.752 242.234 -173.439 89.951
3 0 237.949 -172.171 92.645 240.103 -175.348 91.849 240.493 -175.237 92.399
3 0 240.493 -175.237 92.399 238.326 -172.039 93.200 237.949 -172.171 92.645
3 0 237.763 -172.145 91.989 239.905 -175.305 91.197 240.103 -175.348 91.849
3 0 240.103 -175.348 91.849 237.949 -172.171 92.645 237.763 -172.145 91.989
3 0 237.796 -171.967 91.330 239.929 -175.114 90.542 239.905 -175.305 91.197
3 0 239.905 -175.305 91.197 237.763 -172.145 91.989 237.796 -171.967 91.330
3 0 238.041 -171.664 90.770 240.171 -174.806 89.983 239.929 -175.114 90.542
3 0 239.929 -175.114 90.542 237.796 -171.967 91.330 238.041 -171.664 90.770
3 0 240.446 -170.115 91.306 242.624 -173.328 90.500 242.234 -173.439 89.951
3 0 242.234 -173.439 89.951 240.070 -170.247 90.752 240.446 -170.115 91.306
3 0 240.632 -170.141 91.963 242.822 -173.371 91.152 242.624 -173.328 90.500
3 0 242.624 -173.328 90.500 240.446 -170.115 91.306 240.632 -170.141 91.963
3 0 240.600 -170.319 92.621 242.798 -173.561 91.808 242.822 -173.371 91.152
3 0 242.822 -173.371 91.152 240.632 -170.141 91.963 240.600 -170.319 92.621
3 0 240.354 -170.622 93.181 242.556 -173.870 92.367 242.798 -173.561 91.808
3 0 242.798 -173.561 91.808 240.600 -170.319 92.621 240.354 -170.622 93.181
3 0 238.233 -172.546 95.074 240.426 -175.778 94.264 240.816 -175.667 94.813
3 0 240.816 -175.667 94.813 238.609 -172.414 95.628 238.233 -172.546 95.074
3 0 238.047 -172.520 94.417 240.227 -175.735 93.612 240.426 -175.778 94.264
3 0 240.426 -175.778 94.264 238.233 -172.546 95.074 238.047 -172.520 94.417
3 0 238.080 -172.343 93.759 240.251 -175.545 92.957 240.227 -175.735 93.612
3 0 240.227 -175.735 93.612 238.047 -172.520 94.417 238.080 -172.343 93.759
3 0 238.326 -172.039 93.200 240.493 -175.237 92.399 240.251 -175.545 92.957
3 0 240.251 -175.545 92.957 238.080 -172.343 93.759 238.326 -172.039 93.200
3 0 240.730 -170.491 93.735 242.946 -173.759 92.915 242.556 -173.870 92.367
3 0 242.556 -173.870 92.367 240.354 -170.622 93.181 240.730 -170.491 93.735
3 0 240.916 -170.516 94.392 243.145 -173.802 93.567 242.946 -173.759 92.915
3 0 242.946 -173.759 92.915 240.730 -170.491 93.735 240.916 -170.516 94.392
3 0 240.884 -170.694 95.050 243.121 -173.992 94.223 243.145 -173.802 93.567
3 0 243.145 -173.802 93.567 240.916 -170.516 94.392 240.884 -170.694 95.050
3 0 240.638 -170.997 95.610 242.879 -174.300 94.782 243.121 -173.992 94.223
3 0 243.121 -173.992 94.223 240.884 -170.694 95.050 240.638 -170.997 95.610
3 0 243.269 -174.190 95.331 242.879 -174.300 94.782 240.638 -170.997 95.610
3 0 240.638 -170.997 95.610 241.014 -170.866 96.165 243.269 -174.190 95.331
3 0 243.467 -174.233 95.983 243.269 -174.190 95.331 241.014 -170.866 96.165
3 0 241.014 -170.866 96.165 241.200 -170.891 96.821 243.467 -174.233 95.983
3 0 243.444 -174.423 96.638 243.467 -174.233 95.983 241.200 -170.891 96.821
3 0 241.200 -170.891 96.821 241.168 -171.069 97.480 243.444 -174.423 96.638
3 0 243.201 -174.731 97.197 243.444 -174.423 96.638 241.168 -171.069 97.480
3 0 241.168 -171.069 97.480 240.922 -171.372 98.040 243.201 -174.731 97.197
3 0 242.778 -175.111 97.575 243.201 -174.731 97.197 240.922 -171.372 98.040
3 0 240.922 -171.372 98.040 240.500 -171.755 98.417 242.778 -175.111 97.575
3 0 242.237 -175.504 97.714 242.778 -175.111 97.575 240.500 -171.755 98.417
3 0 240.500 -171.755 98.417 239.967 -172.159 98.552 242.237 -175.504 97.714
3 0 241.661 -175.850 97.592 242.237 -175.504 97.714 239.967 -172.159 98.552
3 0 239.967 -172.159 98.552 239.402 -172.522 98.427 241.661 -175.850 97.592
3 0 241.139 -176.098 97.229 241.661 -175.850 97.592 239.402 -172.522 98.427
3 0 239.402 -172.522 98.427 238.894 -172.790 98.058 241.139 -176.098 97.229
3 0 240.748 -176.209 96.680 241.139 -176.098 97.229 238.894 -172.790 98.058
3 0 238.894 -172.790 98.058 238.517 -172.921 97.504 240.748 -176.209 96.680
3 0 240.550 -176.166 96.028 240.748 -176.209 96.680 238.517 -172.921 97.504
3 0 238.517 -172.921 97.504 238.331 -172.896 96.847 240.550 -176.166 96.028
3 0 240.574 -175.976 95.373 240.550 -176.166 96.028 238.331 -172.896 96.847
3 0 238.331 -172.896 96.847 238.364 -172.718 96.189 240.574 -175.976 95.373
3 0 240.816 -175.667 94.813 240.574 -175.976 95.373 238.364 -172.718 96.189
3 0 238.364 -172.718 96.189 238.609 -172.414 95.628 240.816 -175.667 94.813
3 0 241.787 -178.059 88.551 242.193 -177.972 89.093 240.171 -174.806 89.983
3 0 240.171 -174.806 89.983 239.781 -174.917 89.433 241.787 -178.059 88.551
3 0 241.575 -177.995 87.905 241.787 -178.059 88.551 239.781 -174.917 89.433
3 0 239.781 -174.917 89.433 239.582 -174.874 88.782 241.575 -177.995 87.905
3 0 241.589 -177.791 87.253 241.575 -177.995 87.905 239.582 -174.874 88.782
3 0 239.582 -174.874 88.782 239.606 -174.684 88.126 241.589 -177.791 87.253
3 0 241.827 -177.477 86.696 241.589 -177.791 87.253 239.606 -174.684 88.126
3 0 239.606 -174.684 88.126 239.848 -174.375 87.567 241.827 -177.477 86.696
3 0 242.253 -177.100 86.317 241.827 -177.477 86.696 239.848 -174.375 87.567
3 0 239.848 -174.375 87.567 240.272 -173.996 87.190 242.253 -177.100 86.317
3 0 242.801 -176.720 86.174 242.253 -177.100 86.317 240.272 -173.996 87.190
3 0 240.272 -173.996 87.190 240.813 -173.603 87.051 242.801 -176.720 86.174
3 0 243.389 -176.392 86.290 242.801 -176.720 86.174 240.813 -173.603 87.051
3 0 240.813 -173.603 87.051 241.388 -173.256 87.172 243.389 -176.392 86.290
3 0 243.927 -176.168 86.645 243.389 -176.392 86.290 241.388 -173.256 87.172
3 0 241.388 -173.256 87.172 241.911 -173.008 87.535 243.927 -176.168 86.645
3 0 244.333 -176.081 87.188 243.927 -176.168 86.645 241.911 -173.008 87.535
3 0 241.911 -173.008 87.535 242.301 -172.898 88.085 244.333 -176.081 87.188
3 0 244.545 -176.145 87.833 244.333 -176.081 87.188 242.301 -172.898 88.085
3 0 242.301 -172.898 88.085 242.500 -172.941 88.737 244.545 -176.145 87.833
3 0 244.531 -176.349 88.485 244.545 -176.145 87.833 242.500 -172.941 88.737
3 0 242.500 -172.941 88.737 242.476 -173.131 89.392 244.531 -176.349 88.485
3 0 244.293 -176.663 89.042 244.531 -176.349 88.485 242.476 -173.131 89.392
3 0 242.476 -173.131 89.392 242.234 -173.439 89.951 244.293 -176.663 89.042
3 0 240.103 -175.348 91.849 242.153 -178.554 90.948 242.559 -178.467 91.490
3 0 242.559 -178.467 91.490 240.493 -175.237 92.399 240.103 -175.348 91.849
3 0 239.905 -175.305 91.197 241.941 -178.490 90.302 242.153 -178.554 90.948
3 0 242.153 -178.554 90.948 240.103 -175.348 91.849 239.905 -175.305 91.197
3 0 239.929 -175.114 90.542 241.955 -178.286 89.651 241.941 -178.490 90.302
3 0 241.941 -178.490 90.302 239.905 -175.305 91.197 239.929 -175.114 90.542
3 0 240.171 -174.806 89.983 242.193 -177.972 89.093 241.955 -178.286 89.651
3 0 241.955 -178.286 89.651 239.929 -175.114 90.542 240.171 -174.806 89.983
3 0 242.624 -173.328 90.500 244.699 -176.577 89.585 244.293 -176.663 89.042
3 0 244.293 -176.663 89.042 242.234 -173.439 89.951 242.624 -173.328 90.500
3 0 242.822 -173.371 91.152 244.911 -176.640 90.231 244.699 -176.577 89.585
3 0 244.699 -176.577 89.585 242.624 -173.328 90.500 242.822 -173.371 91.152
3 0 242.798 -173.561 91.808 244.897 -176.845 90.882 244.911 -176.640 90.231
3 0 244.911 -176.640 90.231 242.822 -173.371 91.152 242.798 -173.561 91.808
3 0 242.556 -173.870 92.367 244.659 -177.159 91.439 244.897 -176.845 90.882
3 0 244.897 -176.845 90.882 242.798 -173.561 91.808 242.556 -173.870 92.367
3 0 240.426 -175.778 94.264 242.519 -179.049 93.344 242.925 -178.962 93.886
3 0 242.925 -178.962 93.886 240.816 -175.667 94.813 240.426 -175.778 94.264
3 0 240.227 -175.735 93.612 242.307 -178.986 92.698 242.519 -179.049 93.344
3 0 242.519 -179.049 93.344 240.426 -175.778 94.264 240.227 -175.735 93.612
3 0 240.251 -175.545 92.957 242.321 -178.781 92.047 242.307 -178.986 92.698
3 0 242.307 -178.986 92.698 240.227 -175.735 93.612 240.251 -175.545 92.957
3 0 240.493 -175.237 92.399 242.559 -178.467 91.490 242.321 -178.781 92.047
3 0 242.321 -178.781 92.047 240.251 -175.545 92.957 240.493 -175.237 92.399
3 0 242.946 -173.759 92.915 245.065 -177.072 91.981 244.659 -177.159 91.439
3 0 244.659 -177.159 91.439 242.556 -173.870 92.367 242.946 -173.759 92.915
3 0 243.145 -173.802 93.567 245.277 -177.135 92.627 245.065 -177.072 91.981
3 0 245.065 -177.072 91.981 242.946 -173.759 92.915 243.145 -173.802 93.567
3 0 243.121 -173.992 94.223 245.263 -177.340 93.278 245.277 -177.135 92.627
3 0 245.277 -177.135 92.627 243.145 -173.802 93.567 243.121 -173.992 94.223
3 0 242.879 -174.300 94.782 245.025 -177.654 93.836 245.263 -177.340 93.278
3 0 245.263 -177.340 93.278 243.121 -173.992 94.223 242.879 -174.300 94.782
3 0 245.431 -177.567 94.378 245.025 -177.654 93.836 242.879 -174.300 94.782
3 0 242.879 -174.300 94.782 243.269 -174.190 95.331 245.431 -177.567 94.378
3 0 245.643 -177.631 95.024 245.431 -177.567 94.378 243.269 -174.190 95.331
3 0 243.269 -174.190 95.331 243.467 -174.233 95.983 245.643 -177.631 95.024
3 0 245.629 -177.835 95.675 245.643 -177.631 95.024 243.467 -174.233 95.983
3 0 243.467 -174.233 95.983 243.444 -174.423 96.638 245.629 -177.835 95.675
3 0 245.391 -178.149 96.233 245.629 -177.835 95.675 243.444 -174.423 96.638
3 0 243.444 -174.423 96.638 243.201 -174.731 97.197 245.391 -178.149 96.233
3 0 244.965 -178.525 96.612 245.391 -178.149 96.233 243.201 -174.731 97.197
3 0 243.201 -174.731 97.197 242.778 -175.111 97.575 244.965 -178.525 96.612
3 0 244.417 -178.906 96.754 244.965 -178.525 96.612 242.778 -175.111 97.575
3 0 242.778 -175.111 97.575 242.237 -175.504 97.714 244.417 -178.906 96.754
3 0 243.829 -179.233 96.639 244.417 -178.906 96.754 242.237 -175.504 97.714
3 0 242.237 -175.504 97.714 241.661 -175.850 97.592 243.829 -179.233 96.639
3 0 243.291 -179.457 96.283 243.829 -179.233 96.639 241.661 -175.850 97.592
3 0 241.661 -175.850 97.592 241.139 -176.098 97.229 243.291 -179.457 96.283
3 0 242.885 -179.544 95.741 243.291 -179.457 96.283 241.139 -176.098 97.229
3 0 241.139 -176.098 97.229 240.748 -176.209 96.680 242.885 -179.544 95.741
3 0 242.673 -179.481 95.095 242.885 -179.544 95.741 240.748 -176.209 96.680
3 0 240.748 -176.209 96.680 240.550 -176.166 96.028 242.673 -179.481 95.095
3 0 242.687 -179.276 94.444 242.673 -179.481 95.095 240.550 -176.166 96.028
3 0 240.550 -176.166 96.028 240.574 -175.976 95.373 242.687 -179.276 94.444
3 0 242.925 -178.962 93.886 242.687 -179.276 94.444 240.574 -175.976 95.373
3 0 240.574 -175.976 95.373 240.816 -175.667 94.813 242.925 -178.962 93.886
3 0 243.657 -181.223 87.543 244.080 -181.163 88.076 242.193 -177.972 89.093
3 0 242.193 -177.972 89.093 241.787 -178.059 88.551 243.657 -181.223 87.543
3 0 243.430 -181.135 86.905 243.657 -181.223 87.543 241.787 -178.059 88.551
3 0 241.787 -178.059 88.551 241.575 -177.995 87.905 243.430 -181.135 86.905
3 0 243.433 -180.914 86.259 243.430 -181.135 86.905 241.575 -177.995 87.905
3 0 241.575 -177.995 87.905 241.589 -177.791 87.253 243.433 -180.914 86.259
3 0 243.666 -180.593 85.703 243.433 -180.914 86.259 241.589 -177.791 87.253
3 0 241.589 -177.791 87.253 241.827 -177.477 86.696 243.666 -180.593 85.703
3 0 244.094 -180.221 85.322 243.666 -180.593 85.703 241.827 -177.477 86.696
3 0 241.827 -177.477 86.696 242.253 -177.100 86.317 244.094 -180.221 85.322
3 0 244.650 -179.855 85.174 244.094 -180.221 85.322 242.253 -177.100 86.317
3 0 242.253 -177.100 86.317 242.801 -176.720 86.174 244.650 -179.855 85.174
3 0 245.251 -179.550 85.281 244.650 -179.855 85.174 242.801 -176.720 86.174
3 0 242.801 -176.720 86.174 243.389 -176.392 86.290 245.251 -179.550 85.281
3 0 245.806 -179.352 85.628 245.251 -179.550 85.281 243.389 -176.392 86.290
3 0 243.389 -176.392 86.290 243.927 -176.168 86.645 245.806 -179.352 85.628
3 0 246.229 -179.292 86.161 245.806 -179.352 85.628 243.927 -176.168 86.645
3 0 243.927 -176.168 86.645 244.333 -176.081 87.188 246.229 -179.292 86.161
3 0 246.456 -179.380 86.799 246.229 -179.292 86.161 244.333 -176.081 87.188
3 0 244.333 -176.081 87.188 244.545 -176.145 87.833 246.456 -179.380 86.799
3 0 246.453 -179.600 87.445 246.456 -179.380 86.799 244.545 -176.145 87.833
3 0 244.545 -176.145 87.833 244.531 -176.349 88.485 246.453 -179.600 87.445
3 0 246.219 -179.921 88.000 246.453 -179.600 87.445 244.531 -176.349 88.485
3 0 244.531 -176.349 88.485 244.293 -176.663 89.042 246.219 -179.921 88.000
3 0 242.153 -178.554 90.948 244.071 -181.792 89.916 244.494 -181.732 90.448
3 0 244.494 -181.732 90.448 242.559 -178.467 91.490 242.153 -178.554 90.948
3 0 241.941 -178.490 90.302 243.844 -181.705 89.278 244.071 -181.792 89.916
3 0 244.071 -181.792 89.916 242.153 -178.554 90.948 241.941 -178.490 90.302
3 0 241.955 -178.286 89.651 243.847 -181.484 88.632 243.844 -181.705 89.278
3 0 243.844 -181.705 89.278 241.941 -178.490 90.302 241.955 -178.286 89.651
3 0 242.193 -177.972 89.093 244.080 -181.163 88.076 243.847 -181.484 88.632
3 0 243.847 -181.484 88.632 241.955 -178.286 89.651 242.193 -177.972 89.093
3 0 244.699 -176.577 89.585 246.642 -179.862 88.533 246.219 -179.921 88.000
3 0 246.219 -179.921 88.000 244.293 -176.663 89.042 244.699 -176.577 89.585
3 0 244.911 -176.640 90.231 246.869 -179.949 89.171 246.642 -179.862 88.533
3 0 246.642 -179.862 88.533 244.699 -176.577 89.585 244.911 -176.640 90.231
3 0 244.897 -176.845 90.882 246.866 -180.170 89.817 246.869 -179.949 89.171
3 0 246.869 -179.949 89.171 244.911 -176.640 90.231 244.897 -176.845 90.882
3 0 244.659 -177.159 91.439 246.633 -180.491 90.373 246.866 -180.170 89.817
3 0 246.866 -180.170 89.817 244.897 -176.845 90.882 244.659 -177.159 91.439
3 0 242.519 -179.049 93.344 244.484 -182.361 92.288 244.907 -182.302 92.820
3 0 244.907 -182.302 92.820 242.925 -178.962 93.886 242.519 -179.049 93.344
3 0 242.307 -178.986 92.698 244.257 -182.274 91.650 244.484 -182.361 92.288
3 0 244.484 -182.361 92.288 242.519 -179.049 93.344 242.307 -178.986 92.698
3 0 242.321 -178.781 92.047 244.260 -182.053 91.003 244.257 -182.274 91.650
3 0 244.257 -182.274 91.650 242.307 -178.986 92.698 242.321 -178.781 92.047
3 0 242.559 -178.467 91.490 244.494 -181.732 90.448 244.260 -182.053 91.003
3 0 244.260 -182.053 91.003 242.321 -178.781 92.047 242.559 -178.467 91.490
3 0 245.065 -177.072 91.981 247.056 -180.431 90.905 246.633 -180.491 90.373
3 0 246.633 -180.491 90.373 244.659 -177.159 91.439 245.065 -177.072 91.981
3 0 245.277 -177.135 92.627 247.283 -180.518 91.543 247.056 -180.431 90.905
3 0 247.056 -180.431 90.905 245.065 -177.072 91.981 245.277 -177.135 92.627
3 0 245.263 -177.340 93.278 247.280 -180.739 92.189 247.283 -180.518 91.543
3 0 247.283 -180.518 91.543 245.277 -177.135 92.627 245.263 -177.340 93.278
3 0 245.025 -177.654 93.836 247.047 -181.060 92.745 247.280 -180.739 92.189
3 0 247.280 -180.739 92.189 245.263 -177.340 93.278 245.025 -177.654 93.836
3 0 247.470 -181.000 93.278 247.047 -181.060 92.745 245.025 -177.654 93.836
3 0 245.025 -177.654 93.836 245.431 -177.567 94.378 247.470 -181.000 93.278
3 0 247.697 -181.088 93.916 247.470 -181.000 93.278 245.431 -177.567 94.378
3 0 245.431 -177.567 94.378 245.643 -177.631 95.024 247.697 -181.088 93.916
3 0 247.694 -181.309 94.562 247.697 -181.088 93.916 245.643 -177.631 95.024
3 0 245.643 -177.631 95.024 245.629 -177.835 95.675 247.694 -181.309 94.562
3 0 247.461 -181.630 95.118 247.694 -181.309 94.562 245.629 -177.835 95.675
3 0 245.629 -177.835 95.675 245.391 -178.149 96.233 247.461 -181.630 95.118
3 0 247.033 -182.002 95.499 247.461 -181.630 95.118 245.391 -178.149 96.233
3 0 245.391 -178.149 96.233 244.965 -178.525 96.612 247.033 -182.002 95.499
3 0 246.477 -182.368 95.647 247.033 -182.002 95.499 244.965 -178.525 96.612
3 0 244.965 -178.525 96.612 244.417 -178.906 96.754 246.477 -182.368 95.647
3 0 245.875 -182.674 95.540 246.477 -182.368 95.647 244.417 -178.906 96.754
3 0 244.417 -178.906 96.754 243.829 -179.233 96.639 245.875 -182.674 95.540
3 0 245.321 -182.871 95.193 245.875 -182.674 95.540 243.829 -179.233 96.639
3 0 243.829 -179.233 96.639 243.291 -179.457 96.283 245.321 -182.871 95.193
3 0 244.898 -182.931 94.660 245.321 -182.871 95.193 243.291 -179.457 96.283
3 0 243.291 -179.457 96.283 242.885 -179.544 95.741 244.898 -182.931 94.660
3 0 244.671 -182.843 94.022 244.898 -182.931 94.660 242.885 -179.544 95.741
3 0 242.885 -179.544 95.741 242.673 -179.481 95.095 244.671 -182.843 94.022
3 0 244.674 -182.623 93.376 244.671 -182.843 94.022 242.673 -179.481 95.095
3 0 242.673 -179.481 95.095 242.687 -179.276 94.444 244.674 -182.623 93.376
3 0 244.907 -182.302 92.820 244.674 -182.623 93.376 242.687 -179.276 94.444
3 0 242.687 -179.276 94.444 242.925 -178.962 93.886 244.907 -182.302 92.820
3 0 245.383 -184.406 86.406 245.824 -184.376 86.927 244.080 -181.163 88.076
3 0 244.080 -181.163 88.076 243.657 -181.223 87.543 245.383 -184.406 86.406
3 0 245.141 -184.292 85.778 245.383 -184.406 86.406 243.657 -181.223 87.543
3 0 243.657 -181.223 87.543 243.430 -181.135 86.905 245.141 -184.292 85.778
3 0 245.133 -184.053 85.139 245.141 -184.292 85.778 243.430 -181.135 86.905
3 0 243.430 -181.135 86.905 243.433 -180.914 86.259 245.133 -184.053 85.139
3 0 245.360 -183.725 84.585 245.133 -184.053 85.139 243.433 -180.914 86.259
3 0 243.433 -180.914 86.259 243.666 -180.593 85.703 245.360 -183.725 84.585
3 0 245.789 -183.357 84.202 245.360 -183.725 84.585 243.666 -180.593 85.703
3 0 243.666 -180.593 85.703 244.094 -180.221 85.322 245.789 -183.357 84.202
3 0 246.354 -183.006 84.047 245.789 -183.357 84.202 244.094 -180.221 85.322
3 0 244.094 -180.221 85.322 244.650 -179.855 85.174 246.354 -183.006 84.047
3 0 246.968 -182.724 84.144 246.354 -183.006 84.047 244.650 -179.855 85.174
3 0 244.650 -179.855 85.174 245.251 -179.550 85.281 246.968 -182.724 84.144
3 0 247.539 -182.556 84.479 246.968 -182.724 84.144 245.251 -179.550 85.281
3 0 245.251 -179.550 85.281 245.806 -179.352 85.628 247.539 -182.556 84.479
3 0 247.980 -182.526 85.000 247.539 -182.556 84.479 245.806 -179.352 85.628
3 0 245.806 -179.352 85.628 246.229 -179.292 86.161 247.980 -182.526 85.000
3 0 248.222 -182.640 85.628 247.980 -182.526 85.000 246.229 -179.292 86.161
3 0 246.229 -179.292 86.161 246.456 -179.380 86.799 248.222 -182.640 85.628
3 0 248.231 -182.879 86.267 248.222 -182.640 85.628 246.456 -179.380 86.799
3 0 246.456 -179.380 86.799 246.453 -179.600 87.445 248.231 -182.879 86.267
3 0 248.003 -183.207 86.821 248.231 -182.879 86.267 246.453 -179.600 87.445
3 0 246.453 -179.600 87.445 246.219 -179.921 88.000 248.003 -183.207 86.821
3 0 244.071 -181.792 89.916 245.847 -185.057 88.749 246.287 -185.027 89.270
3 0 246.287 -185.027 89.270 244.494 -181.732 90.448 244.071 -181.792 89.916
3 0 243.844 -181.705 89.278 245.604 -184.943 88.121 245.847 -185.057 88.749
3 0 245.847 -185.057 88.749 244.071 -181.792 89.916 243.844 -181.705 89.278
3 0 243.847 -181.484 88.632 245.596 -184.704 87.481 245.604 -184.943 88.121
3 0 245.604 -184.943 88.121 243.844 -181.705 89.278 243.847 -181.484 88.632
3 0 244.080 -181.163 88.076 245.824 -184.376 86.927 245.596 -184.704 87.481
3 0 245.596 -184.704 87.481 243.847 -181.484 88.632 244.080 -181.163 88.076
3 0 246.642 -179.862 88.533 248.443 -183.178 87.342 248.003 -183.207 86.821
3 0 248.003 -183.207 86.821 246.219 -179.921 88.000 246.642 -179.862 88.533
3 0 246.869 -179.949 89.171 248.686 -183.291 87.970 248.443 -183.178 87.342
3 0 248.443 -183.178 87.342 246.642 -179.862 88.533 246.869 -179.949 89.171
3 0 246.866 -180.170 89.817 248.694 -183.530 88.610 248.686 -183.291 87.970
3 0 248.686 -183.291 87.970 246.869 -179.949 89.171 246.866 -180.170 89.817
3 0 246.633 -180.491 90.373 248.466 -183.858 89.163 248.694 -183.530 88.610
3 0 248.694 -183.530 88.610 246.866 -180.170 89.817 246.633 -180.491 90.373
3 0 244.484 -182.361 92.288 246.310 -185.707 91.090 246.751 -185.678 91.611
3 0 246.751 -185.678 91.611 244.907 -182.302 92.820 244.484 -182.361 92.288
3 0 244.257 -182.274 91.650 246.068 -185.594 90.462 246.310 -185.707 91.090
3 0 246.310 -185.707 91.090 244.484 -182.361 92.288 244.257 -182.274 91.650
3 0 244.260 -182.053 91.003 246.059 -185.355 89.823 246.068 -185.594 90.462
3 0 246.068 -185.594 90.462 244.257 -182.274 91.650 244.260 -182.053 91.003
3 0 244.494 -181.732 90.448 246.287 -185.027 89.270 246.059 -185.355 89.823
3 0 246.059 -185.355 89.823 244.260 -182.053 91.003 244.494 -181.732 90.448
3 0 247.056 -180.431 90.905 248.906 -183.828 89.684 248.466 -183.858 89.163
3 0 248.466 -183.858 89.163 246.633 -180.491 90.373 247.056 -180.431 90.905
3 0 247.283 -180.518 91.543 249.149 -183.942 90.312 248.906 -183.828 89.684
3 0 248.906 -183.828 89.684 247.056 -180.431 90.905 247.283 -180.518 91.543
3 0 247.280 -180.739 92.189 249.157 -184.181 90.951 249.149 -183.942 90.312
3 0 249.149 -183.942 90.312 247.283 -180.518 91.543 247.280 -180.739 92.189
3 0 247.047 -181.060 92.745 248.930 -184.509 91.505 249.157 -184.181 90.951
3 0 249.157 -184.181 90.951 247.280 -180.739 92.189 247.047 -181.060 92.745
3 0 249.370 -184.479 92.026 248.930 -184.509 91.505 247.047 -181.060 92.745
3 0 247.047 -181.060 92.745 247.470 -181.000 93.278 249.370 -184.479 92.026
3 0 249.613 -184.593 92.654 249.370 -184.479 92.026 247.470 -181.000 93.278
3 0 247.470 -181.000 93.278 247.697 -181.088 93.916 249.613 -184.593 92.654
3 0 249.621 -184.832 93.294 249.613 -184.593 92.654 247.697 -181.088 93.916
3 0 247.697 -181.088 93.916 247.694 -181.309 94.562 249.621 -184.832 93.294
3 0 249.393 -185.160 93.847 249.621 -184.832 93.294 247.694 -181.309 94.562
3 0 247.694 -181.309 94.562 247.461 -181.630 95.118 249.393 -185.160 93.847
3 0 248.964 -185.528 94.231 249.393 -185.160 93.847 247.461 -181.630 95.118
3 0 247.461 -181.630 95.118 247.033 -182.002 95.499 248.964 -185.528 94.231
3 0 248.399 -185.879 94.386 248.964 -185.528 94.231 247.033 -182.002 95.499
3 0 247.033 -182.002 95.499 246.477 -182.368 95.647 248.399 -185.879 94.386
3 0 247.785 -186.160 94.288 248.399 -185.879 94.386 246.477 -182.368 95.647
3 0 246.477 -182.368 95.647 245.875 -182.674 95.540 247.785 -186.160 94.288
3 0 247.214 -186.329 93.954 247.785 -186.160 94.288 245.875 -182.674 95.540
3 0 245.875 -182.674 95.540 245.321 -182.871 95.193 247.214 -186.329 93.954
3 0 246.774 -186.358 93.433 247.214 -186.329 93.954 245.321 -182.871 95.193
3 0 245.321 -182.871 95.193 244.898 -182.931 94.660 246.774 -186.358 93.433
3 0 246.531 -186.245 92.805 246.774 -186.358 93.433 244.898 -182.931 94.660
3 0 244.898 -182.931 94.660 244.671 -182.843 94.022 246.531 -186.245 92.805
3 0 246.523 -186.006 92.165 246.531 -186.245 92.805 244.671 -182.843 94.022
3 0 244.671 -182.843 94.022 244.674 -182.623 93.376 246.523 -186.006 92.165
3 0 246.751 -185.678 91.611 246.523 -186.006 92.165 244.674 -182.623 93.376
3 0 244.674 -182.623 93.376 244.907 -182.302 92.820 246.751 -185.678 91.611
3 0 246.937 -187.586 85.135 247.396 -187.592 85.640 245.824 -184.376 86.927
3 0 245.824 -184.376 86.927 245.383 -184.406 86.406 246.937 -187.586 85.135
3 0 246.677 -187.442 84.520 246.937 -187.586 85.135 245.383 -184.406 86.406
3 0 245.383 -184.406 86.406 245.141 -184.292 85.778 246.677 -187.442 84.520
3 0 246.656 -187.181 83.890 246.677 -187.442 84.520 245.141 -184.292 85.778
3 0 245.141 -184.292 85.778 245.133 -184.053 85.139 246.656 -187.181 83.890
3 0 246.878 -186.844 83.339 246.656 -187.181 83.890 245.133 -184.053 85.139
3 0 245.133 -184.053 85.139 245.360 -183.725 84.585 246.878 -186.844 83.339
3 0 247.307 -186.481 82.952 246.878 -186.844 83.339 245.360 -183.725 84.585
3 0 245.360 -183.725 84.585 245.789 -183.357 84.202 247.307 -186.481 82.952
3 0 247.880 -186.147 82.788 247.307 -186.481 82.952 245.789 -183.357 84.202
3 0 245.789 -183.357 84.202 246.354 -183.006 84.047 247.880 -186.147 82.788
3 0 248.509 -185.895 82.872 247.880 -186.147 82.788 246.354 -183.006 84.047
3 0 246.354 -183.006 84.047 246.968 -182.724 84.144 248.509 -185.895 82.872
3 0 249.098 -185.761 83.190 248.509 -185.895 82.872 246.968 -182.724 84.144
3 0 246.968 -182.724 84.144 247.539 -182.556 84.479 249.098 -185.761 83.190
3 0 249.557 -185.767 83.695 249.098 -185.761 83.190 247.539 -182.556 84.479
3 0 247.539 -182.556 84.479 247.980 -182.526 85.000 249.557 -185.767 83.695
3 0 249.817 -185.911 84.310 249.557 -185.767 83.695 247.980 -182.526 85.000
3 0 247.980 -182.526 85.000 248.222 -182.640 85.628 249.817 -185.911 84.310
3 0 249.838 -186.172 84.941 249.817 -185.911 84.310 248.222 -182.640 85.628
3 0 248.222 -182.640 85.628 248.231 -182.879 86.267 249.838 -186.172 84.941
3 0 249.617 -186.510 85.492 249.838 -186.172 84.941 248.231 -182.879 86.267
3 0 248.231 -182.879 86.267 248.003 -183.207 86.821 249.617 -186.510 85.492
3 0 245.847 -185.057 88.749 247.456 -188.335 87.436 247.915 -188.341 87.941
3 0 247.915 -188.341 87.941 246.287 -185.027 89.270 245.847 -185.057 88.749
3 0 245.604 -184.943 88.121 247.196 -188.191 86.822 247.456 -188.335 87.436
3 0 247.456 -188.335 87.436 245.847 -185.057 88.749 245.604 -184.943 88.121
3 0 245.596 -184.704 87.481 247.175 -187.930 86.191 247.196 -188.191 86.822
3 0 247.196 -188.191 86.822 245.604 -184.943 88.121 245.596 -184.704 87.481
3 0 245.824 -184.376 86.927 247.396 -187.592 85.640 247.175 -187.930 86.191
3 0 247.175 -187.930 86.191 245.596 -184.704 87.481 245.824 -184.376 86.927
3 0 248.443 -183.178 87.342 250.076 -186.515 85.997 249.617 -186.510 85.492
3 0 249.617 -186.510 85.492 248.003 -183.207 86.821 248.443 -183.178 87.342
3 0 248.686 -183.291 87.970 250.336 -186.660 86.612 250.076 -186.515 85.997
3 0 250.076 -186.515 85.997 248.443 -183.178 87.342 248.686 -183.291 87.970
3 0 248.694 -183.530 88.610 250.357 -186.920 87.242 250.336 -186.660 86.612
3 0 250.336 -186.660 86.612 248.686 -183.291 87.970 248.694 -183.530 88.610
3 0 248.466 -183.858 89.163 250.136 -187.258 87.793 250.357 -186.920 87.242
3 0 250.357 -186.920 87.242 248.694 -183.530 88.610 248.466 -183.858 89.163
3 0 246.310 -185.707 91.090 247.974 -189.083 89.737 248.434 -189.089 90.242
3 0 248.434 -189.089 90.242 246.751 -185.678 91.611 246.310 -185.707 91.090
3 0 246.068 -185.594 90.462 247.715 -188.939 89.122 247.974 -189.083 89.737
3 0 247.974 -189.083 89.737 246.310 -185.707 91.090 246.068 -185.594 90.462
3 0 246.059 -185.355 89.823 247.694 -188.678 88.491 247.715 -188.939 89.122
3 0 247.715 -188.939 89.122 246.068 -185.594 90.462 246.059 -185.355 89.823
3 0 246.287 -185.027 89.270 247.915 -188.341 87.941 247.694 -188.678 88.491
3 0 247.694 -188.678 88.491 246.059 -185.355 89.823 246.287 -185.027 89.270
3 0 248.906 -183.828 89.684 250.595 -187.264 88.297 250.136 -187.258 87.793
3 0 250.136 -187.258 87.793 248.466 -183.858 89.163 248.906 -183.828 89.684
3 0 249.149 -183.942 90.312 250.855 -187.408 88.912 250.595 -187.264 88.297
3 0 250.595 -187.264 88.297 248.906 -183.828 89.684 249.149 -183.942 90.312
3 0 249.157 -184.181 90.951 250.876 -187.669 89.543 250.855 -187.408 88.912
3 0 250.855 -187.408 88.912 249.149 -183.942 90.312 249.157 -184.181 90.951
3 0 248.930 -184.509 91.505 250.654 -188.006 90.093 250.876 -187.669 89.543
3 0 250.876 -187.669 89.543 249.157 -184.181 90.951 248.930 -184.509 91.505
3 0 251.114 -188.012 90.599 250.654 -188.006 90.093 248.930 -184.509 91.505
3 0 248.930 -184.509 91.505 249.370 -184.479 92.026 251.114 -188.012 90.599
3 0 251.374 -188.156 91.213 251.114 -188.012 90.599 249.370 -184.479 92.026
3 0 249.370 -184.479 92.026 249.613 -184.593 92.654 251.374 -188.156 91.213
3 0 251.395 -188.417 91.844 251.374 -188.156 91.213 249.613 -184.593 92.654
3 0 249.613 -184.593 92.654 249.621 -184.832 93.294 251.395 -188.417 91.844
3 0 251.173 -188.755 92.395 251.395 -188.417 91.844 249.621 -184.832 93.294
3 0 249.621 -184.832 93.294 249.393 -185.160 93.847 251.173 -188.755 92.395
3 0 250.743 -189.118 92.781 251.173 -188.755 92.395 249.393 -185.160 93.847
3 0 249.393 -185.160 93.847 248.964 -185.528 94.231 250.743 -189.118 92.781
3 0 250.170 -189.451 92.945 250.743 -189.118 92.781 248.964 -185.528 94.231
3 0 248.964 -185.528 94.231 248.399 -185.879 94.386 250.170 -189.451 92.945
3 0 249.542 -189.704 92.862 250.170 -189.451 92.945 248.399 -185.879 94.386
3 0 248.399 -185.879 94.386 247.785 -186.160 94.288 249.542 -189.704 92.862
3 0 248.953 -189.837 92.543 249.542 -189.704 92.862 247.785 -186.160 94.288
3 0 247.785 -186.160 94.288 247.214 -186.329 93.954 248.953 -189.837 92.543
3 0 248.493 -189.832 92.038 248.953 -189.837 92.543 247.214 -186.329 93.954
3 0 247.214 -186.329 93.954 246.774 -186.358 93.433 248.493 -189.832 92.038
3 0 248.233 -189.687 91.423 248.493 -189.832 92.038 246.774 -186.358 93.433
3 0 246.774 -186.358 93.433 246.531 -186.245 92.805 248.233 -189.687 91.423
3 0 248.213 -189.426 90.793 248.233 -189.687 91.423 246.531 -186.245 92.805
3 0 246.531 -186.245 92.805 246.523 -186.006 92.165 248.213 -189.426 90.793
3 0 248.434 -189.089 90.242 248.213 -189.426 90.793 246.523 -186.006 92.165
3 0 246.523 -186.006 92.165 246.751 -185.678 91.611 248.434 -189.089 90.242
3 0 248.279 -190.760 83.700 248.757 -190.806 84.185 247.396 -187.592 85.640
3 0 247.396 -187.592 85.640 246.937 -187.586 85.135 248.279 -190.760 83.700
3 0 248.001 -190.581 83.103 248.279 -190.760 83.700 246.937 -187.586 85.135
3 0 246.937 -187.586 85.135 246.677 -187.442 84.520 248.001 -190.581 83.103
3 0 247.967 -190.295 82.484 248.001 -190.581 83.103 246.677 -187.442 84.520
3 0 246.677 -187.442 84.520 246.656 -187.181 83.890 247.967 -190.295 82.484
3 0 248.181 -189.946 81.937 247.967 -190.295 82.484 246.656 -187.181 83.890
3 0 246.656 -187.181 83.890 246.878 -186.844 83.339 248.181 -189.946 81.937
3 0 248.611 -189.588 81.546 248.181 -189.946 81.937 246.878 -186.844 83.339
3 0 246.878 -186.844 83.339 247.307 -186.481 82.952 248.611 -189.588 81.546
3 0 249.192 -189.275 81.370 248.611 -189.588 81.546 247.307 -186.481 82.952
3 0 247.307 -186.481 82.952 247.880 -186.147 82.788 249.192 -189.275 81.370
3 0 249.835 -189.055 81.436 249.192 -189.275 81.370 247.880 -186.147 82.788
3 0 247.880 -186.147 82.788 248.509 -185.895 82.872 249.835 -189.055 81.436
3 0 250.442 -188.960 81.734 249.835 -189.055 81.436 248.509 -185.895 82.872
3 0 248.509 -185.895 82.872 249.098 -185.761 83.190 250.442 -188.960 81.734
3 0 250.920 -189.006 82.219 250.442 -188.960 81.734 249.098 -185.761 83.190
3 0 249.098 -185.761 83.190 249.557 -185.767 83.695 250.920 -189.006 82.219
3 0 251.198 -189.186 82.816 250.920 -189.006 82.219 249.557 -185.767 83.695
3 0 249.557 -185.767 83.695 249.817 -185.911 84.310 251.198 -189.186 82.816
3 0 251.232 -189.471 83.436 251.198 -189.186 82.816 249.817 -185.911 84.310
3 0 249.817 -185.911 84.310 249.838 -186.172 84.941 251.232 -189.471 83.436
3 0 251.018 -189.820 83.982 251.232 -189.471 83.436 249.838 -186.172 84.941
3 0 249.838 -186.172 84.941 249.617 -186.510 85.492 251.018 -189.820 83.982
3 0 247.456 -188.335 87.436 248.855 -191.620 85.949 249.334 -191.665 86.433
3 0 249.334 -191.665 86.433 247.915 -188.341 87.941 247.456 -188.335 87.436
3 0 247.196 -188.191 86.822 248.578 -191.440 85.351 248.855 -191.620 85.949
3 0 248.855 -191.620 85.949 247.456 -188.335 87.436 247.196 -188.191 86.822
3 0 247.175 -187.930 86.191 248.543 -191.154 84.732 248.578 -191.440 85.351
3 0 248.578 -191.440 85.351 247.196 -188.191 86.822 247.175 -187.930 86.191
3 0 247.396 -187.592 85.640 248.757 -190.806 84.185 248.543 -191.154 84.732
3 0 248.543 -191.154 84.732 247.175 -187.930 86.191 247.396 -187.592 85.640
3 0 250.076 -186.515 85.997 251.497 -189.866 84.467 251.018 -189.820 83.982
3 0 251.018 -189.820 83.982 249.617 -186.510 85.492 250.076 -186.515 85.997
3 0 250.336 -186.660 86.612 251.775 -190.045 85.064 251.497 -189.866 84.467
3 0 251.497 -189.866 84.467 250.076 -186.515 85.997 250.336 -186.660 86.612
3 0 250.357 -186.920 87.242 251.809 -190.331 85.684 251.775 -190.045 85.064
3 0 251.775 -190.045 85.064 250.336 -186.660 86.612 250.357 -186.920 87.242
3 0 250.136 -187.258 87.793 251.595 -190.679 86.230 251.809 -190.331 85.684
3 0 251.809 -190.331 85.684 250.357 -186.920 87.242 250.136 -187.258 87.793
3 0 247.974 -189.083 89.737 249.432 -192.479 88.196 249.910 -192.525 88.680
3 0 249.910 -192.525 88.680 248.434 -189.089 90.242 247.974 -189.083 89.737
3 0 247.715 -188.939 89.122 249.154 -192.299 87.598 249.432 -192.479 88.196
3 0 249.432 -192.479 88.196 247.974 -189.083 89.737 247.715 -188.939 89.122
3 0 247.694 -188.678 88.491 249.120 -192.014 86.979 249.154 -192.299 87.598
3 0 249.154 -192.299 87.598 247.715 -188.939 89.122 247.694 -188.678 88.491
3 0 247.915 -188.341 87.941 249.334 -191.665 86.433 249.120 -192.014 86.979
3 0 249.120 -192.014 86.979 247.694 -188.678 88.491 247.915 -188.341 87.941
3 0 250.595 -187.264 88.297 252.073 -190.725 86.714 251.595 -190.679 86.230
3 0 251.595 -190.679 86.230 250.136 -187.258 87.793 250.595 -187.264 88.297
3 0 250.855 -187.408 88.912 252.351 -190.904 87.312 252.073 -190.725 86.714
3 0 252.073 -190.725 86.714 250.595 -187.264 88.297 250.855 -187.408 88.912
3 0 250.876 -187.669 89.543 252.385 -191.190 87.931 252.351 -190.904 87.312
3 0 252.351 -190.904 87.312 250.855 -187.408 88.912 250.876 -187.669 89.543
3 0 250.654 -188.006 90.093 252.171 -191.538 88.478 252.385 -191.190 87.931
3 0 252.385 -191.190 87.931 250.876 -187.669 89.543 250.654 -188.006 90.093
3 0 252.650 -191.584 88.963 252.171 -191.538 88.478 250.654 -188.006 90.093
3 0 250.654 -188.006 90.093 251.114 -188.012 90.599 252.650 -191.584 88.963
3 0 252.928 -191.764 89.560 252.650 -191.584 88.963 251.114 -188.012 90.599
3 0 251.114 -188.012 90.599 251.374 -188.156 91.213 252.928 -191.764 89.560
3 0 252.962 -192.049 90.179 252.928 -191.764 89.560 251.374 -188.156 91.213
3 0 251.374 -188.156 91.213 251.395 -188.417 91.844 252.962 -192.049 90.179
3 0 252.748 -192.398 90.726 252.962 -192.049 90.179 251.395 -188.417 91.844
3 0 251.395 -188.417 91.844 251.173 -188.755 92.395 252.748 -192.398 90.726
3 0 252.317 -192.756 91.117 252.748 -192.398 90.726 251.173 -188.755 92.395
3 0 251.173 -188.755 92.395 250.743 -189.118 92.781 252.317 -192.756 91.117
3 0 251.737 -193.069 91.293 252.317 -192.756 91.117 250.743 -189.118 92.781
3 0 250.743 -189.118 92.781 250.170 -189.451 92.945 251.737 -193.069 91.293
3 0 251.094 -193.290 91.227 251.737 -193.069 91.293 250.170 -189.451 92.945
3 0 250.170 -189.451 92.945 249.542 -189.704 92.862 251.094 -193.290 91.227
3 0 250.487 -193.384 90.929 251.094 -193.290 91.227 249.542 -189.704 92.862
3 0 249.542 -189.704 92.862 248.953 -189.837 92.543 250.487 -193.384 90.929
3 0 250.008 -193.338 90.444 250.487 -193.384 90.929 248.953 -189.837 92.543
3 0 248.953 -189.837 92.543 248.493 -189.832 92.038 250.008 -193.338 90.444
3 0 249.731 -193.159 89.847 250.008 -193.338 90.444 248.493 -189.832 92.038
3 0 248.493 -189.832 92.038 248.233 -189.687 91.423 249.731 -193.159 89.847
3 0 249.696 -192.873 89.227 249.731 -193.159 89.847 248.233 -189.687 91.423
3 0 248.233 -189.687 91.423 248.213 -189.426 90.793 249.696 -192.873 89.227
3 0 249.910 -192.525 88.680 249.696 -192.873 89.227 248.213 -189.426 90.793
3 0 248.213 -189.426 90.793 248.434 -189.089 90.242 249.910 -192.525 88.680
3 0 249.397 -193.913 82.103 249.894 -194.003 82.562 248.757 -190.806 84.185
3 0 248.757 -190.806 84.185 248.279 -190.760 83.700 249.397 -193.913 82.103
3 0 249.102 -193.695 81.527 249.397 -193.913 82.103 248.279 -190.760 83.700
3 0 248.279 -190.760 83.700 248.001 -190.581 83.103 249.102 -193.695 81.527
3 0 249.054 -193.382 80.923 249.102 -193.695 81.527 248.001 -190.581 83.103
3 0 248.001 -190.581 83.103 247.967 -190.295 82.484 249.054 -193.382 80.923
3 0 249.260 -193.021 80.381 249.054 -193.382 80.923 247.967 -190.295 82.484
3 0 247.967 -190.295 82.484 248.181 -189.946 81.937 249.260 -193.021 80.381
3 0 249.690 -192.668 79.985 249.260 -193.021 80.381 248.181 -189.946 81.937
3 0 248.181 -189.946 81.937 248.611 -189.588 81.546 249.690 -192.668 79.985
3 0 250.277 -192.376 79.794 249.690 -192.668 79.985 248.611 -189.588 81.546
3 0 248.611 -189.588 81.546 249.192 -189.275 81.370 250.277 -192.376 79.794
3 0 250.933 -192.190 79.839 250.277 -192.376 79.794 249.192 -189.275 81.370
3 0 249.192 -189.275 81.370 249.835 -189.055 81.436 250.933 -192.190 79.839
3 0 251.556 -192.138 80.111 250.933 -192.190 79.839 249.835 -189.055 81.436
3 0 249.835 -189.055 81.436 250.442 -188.960 81.734 251.556 -192.138 80.111
3 0 252.054 -192.228 80.570 251.556 -192.138 80.111 250.442 -188.960 81.734
3 0 250.442 -188.960 81.734 250.920 -189.006 82.219 252.054 -192.228 80.570
3 0 252.349 -192.446 81.146 252.054 -192.228 80.570 250.920 -189.006 82.219
3 0 250.920 -189.006 82.219 251.198 -189.186 82.816 252.349 -192.446 81.146
3 0 252.397 -192.759 81.751 252.349 -192.446 81.146 251.198 -189.186 82.816
3 0 251.198 -189.186 82.816 251.232 -189.471 83.436 252.397 -192.759 81.751
3 0 252.190 -193.120 82.293 252.397 -192.759 81.751 251.232 -189.471 83.436
3 0 251.232 -189.471 83.436 251.018 -189.820 83.982 252.190 -193.120 82.293
3 0 248.855 -191.620 85.949 250.030 -194.895 84.285 250.528 -194.985 84.744
3 0 250.528 -194.985 84.744 249.334 -191.665 86.433 248.855 -191.620 85.949
3 0 248.578 -191.440 85.351 249.735 -194.677 83.709 250.030 -194.895 84.285
3 0 250.030 -194.895 84.285 248.855 -191.620 85.949 248.578 -191.440 85.351
3 0 248.543 -191.154 84.732 249.687 -194.364 83.104 249.735 -194.677 83.709
3 0 249.735 -194.677 83.709 248.578 -191.440 85.351 248.543 -191.154 84.732
3 0 248.757 -190.806 84.185 249.894 -194.003 82.562 249.687 -194.364 83.104
3 0 249.687 -194.364 83.104 248.543 -191.154 84.732 248.757 -190.806 84.185
3 0 251.497 -189.866 84.467 252.688 -193.210 82.752 252.190 -193.120 82.293
3 0 252.190 -193.120 82.293 251.018 -189.820 83.982 251.497 -189.866 84.467
3 0 251.775 -190.045 85.064 252.983 -193.428 83.328 252.688 -193.210 82.752
3 0 252.688 -193.210 82.752 251.497 -189.866 84.467 251.775 -190.045 85.064
3 0 251.809 -190.331 85.684 253.031 -193.741 83.933 252.983 -193.428 83.328
3 0 252.983 -193.428 83.328 251.775 -190.045 85.064 251.809 -190.331 85.684
3 0 251.595 -190.679 86.230 252.824 -194.102 84.474 253.031 -193.741 83.933
3 0 253.031 -193.741 83.933 251.809 -190.331 85.684 251.595 -190.679 86.230
3 0 249.432 -192.479 88.196 250.664 -195.877 86.466 251.161 -195.967 86.925
3 0 251.161 -195.967 86.925 249.910 -192.525 88.680 249.432 -192.479 88.196
3 0 249.154 -192.299 87.598 250.369 -195.659 85.890 250.664 -195.877 86.466
3 0 250.664 -195.877 86.466 249.432 -192.479 88.196 249.154 -192.299 87.598
3 0 249.120 -192.014 86.979 250.321 -195.345 85.285 250.369 -195.659 85.890
3 0 250.369 -195.659 85.890 249.154 -192.299 87.598 249.120 -192.014 86.979
3 0 249.334 -191.665 86.433 250.528 -194.985 84.744 250.321 -195.345 85.285
3 0 250.321 -195.345 85.285 249.120 -192.014 86.979 249.334 -191.665 86.433
3 0 252.073 -190.725 86.714 253.321 -194.192 84.933 252.824 -194.102 84.474
3 0 252.824 -194.102 84.474 251.595 -190.679 86.230 252.073 -190.725 86.714
3 0 252.351 -190.904 87.312 253.616 -194.410 85.509 253.321 -194.192 84.933
3 0 253.321 -194.192 84.933 252.073 -190.725 86.714 252.351 -190.904 87.312
3 0 252.385 -191.190 87.931 253.664 -194.723 86.113 253.616 -194.410 85.509
3 0 253.616 -194.410 85.509 252.351 -190.904 87.312 252.385 -191.190 87.931
3 0 252.171 -191.538 88.478 253.457 -195.084 86.655 253.664 -194.723 86.113
3 0 253.664 -194.723 86.113 252.385 -191.190 87.931 252.171 -191.538 88.478
3 0 253.955 -195.174 87.115 253.457 -195.084 86.655 252.171 -191.538 88.478
3 0 252.171 -191.538 88.478 252.650 -191.584 88.963 253.955 -195.174 87.115
3 0 254.250 -195.392 87.690 253.955 -195.174 87.115 252.650 -191.584 88.963
3 0 252.650 -191.584 88.963 252.928 -191.764 89.560 254.250 -195.392 87.690
3 0 254.298 -195.705 88.295 254.250 -195.392 87.690 252.928 -191.764 89.560
3 0 252.928 -191.764 89.560 252.962 -192.049 90.179 254.298 -195.705 88.295
3 0 254.091 -196.066 88.837 254.298 -195.705 88.295 252.962 -192.049 90.179
3 0 252.962 -192.049 90.179 252.748 -192.398 90.726 254.091 -196.066 88.837
3 0 253.662 -196.419 89.233 254.091 -196.066 88.837 252.748 -192.398 90.726
3 0 252.748 -192.398 90.726 252.317 -192.756 91.117 253.662 -196.419 89.233
3 0 253.074 -196.710 89.423 253.662 -196.419 89.233 252.317 -192.756 91.117
3 0 252.317 -192.756 91.117 251.737 -193.069 91.293 253.074 -196.710 89.423
3 0 252.419 -196.897 89.379 253.074 -196.710 89.423 251.737 -193.069 91.293
3 0 251.737 -193.069 91.293 251.094 -193.290 91.227 252.419 -196.897 89.379
3 0 251.795 -196.949 89.106 252.419 -196.897 89.379 251.094 -193.290 91.227
3 0 251.094 -193.290 91.227 250.487 -193.384 90.929 251.795 -196.949 89.106
3 0 251.298 -196.859 88.647 251.795 -196.949 89.106 250.487 -193.384 90.929
3 0 250.487 -193.384 90.929 250.008 -193.338 90.444 251.298 -196.859 88.647
3 0 251.003 -196.641 88.072 251.298 -196.859 88.647 250.008 -193.338 90.444
3 0 250.008 -193.338 90.444 249.731 -193.159 89.847 251.003 -196.641 88.072
3 0 250.955 -196.327 87.467 251.003 -196.641 88.072 249.731 -193.159 89.847
3 0 249.731 -193.159 89.847 249.696 -192.873 89.227 250.955 -196.327 87.467
3 0 251.161 -195.967 86.925 250.955 -196.327 87.467 249.696 -192.873 89.227
3 0 249.696 -192.873 89.227 249.910 -192.525 88.680 251.161 -195.967 86.925
3 0 250.249 -197.008 80.342 250.765 -197.149 80.767 249.894 -194.003 82.562
3 0 249.894 -194.003 82.562 249.397 -193.913 82.103 250.249 -197.008 80.342
3 0 249.937 -196.745 79.795 250.249 -197.008 80.342 249.397 -193.913 82.103
3 0 249.397 -193.913 82.103 249.102 -193.695 81.527 249.937 -196.745 79.795
3 0 249.875 -196.399 79.209 249.937 -196.745 79.795 249.102 -193.695 81.527
3 0 249.102 -193.695 81.527 249.054 -193.382 80.923 249.875 -196.399 79.209
3 0 250.073 -196.024 78.674 249.875 -196.399 79.209 249.054 -193.382 80.923
3 0 249.054 -193.382 80.923 249.260 -193.021 80.381 250.073 -196.024 78.674
3 0 250.500 -195.675 78.272 250.073 -196.024 78.674 249.260 -193.021 80.381
3 0 249.260 -193.021 80.381 249.690 -192.668 79.985 250.500 -195.675 78.272
3 0 251.093 -195.407 78.063 250.500 -195.675 78.272 249.690 -192.668 79.985
3 0 249.690 -192.668 79.985 250.277 -192.376 79.794 251.093 -195.407 78.063
3 0 251.759 -195.261 78.079 251.093 -195.407 78.063 250.277 -192.376 79.794
3 0 250.277 -192.376 79.794 250.933 -192.190 79.839 251.759 -195.261 78.079
3 0 252.399 -195.257 78.318 251.759 -195.261 78.079 250.933 -192.190 79.839
3 0 250.933 -192.190 79.839 251.556 -192.138 80.111 252.399 -195.257 78.318
3 0 252.914 -195.398 78.743 252.399 -195.257 78.318 251.556 -192.138 80.111
3 0 251.556 -192.138 80.111 252.054 -192.228 80.570 252.914 -195.398 78.743
3 0 253.226 -195.661 79.290 252.914 -195.398 78.743 252.054 -192.228 80.570
3 0 252.054 -192.228 80.570 252.349 -192.446 81.146 253.226 -195.661 79.290
3 0 253.288 -196.007 79.876 253.226 -195.661 79.290 252.349 -192.446 81.146
3 0 252.349 -192.446 81.146 252.397 -192.759 81.751 253.288 -196.007 79.876
3 0 253.090 -196.382 80.411 253.288 -196.007 79.876 252.397 -192.759 81.751
3 0 252.397 -192.759 81.751 252.190 -193.120 82.293 253.090 -196.382 80.411
3 0 250.030 -194.895 84.285 250.941 -198.133 82.435 251.456 -198.274 82.860
3 0 251.456 -198.274 82.860 250.528 -194.985 84.744 250.030 -194.895 84.285
3 0 249.735 -194.677 83.709 250.629 -197.870 81.888 250.941 -198.133 82.435
3 0 250.941 -198.133 82.435 250.030 -194.895 84.285 249.735 -194.677 83.709
3 0 249.687 -194.364 83.104 250.567 -197.524 81.302 250.629 -197.870 81.888
3 0 250.629 -197.870 81.888 249.735 -194.677 83.709 249.687 -194.364 83.104
3 0 249.894 -194.003 82.562 250.765 -197.149 80.767 250.567 -197.524 81.302
3 0 250.567 -197.524 81.302 249.687 -194.364 83.104 249.894 -194.003 82.562
3 0 252.688 -193.210 82.752 253.606 -196.523 80.836 253.090 -196.382 80.411
3 0 253.090 -196.382 80.411 252.190 -193.120 82.293 252.688 -193.210 82.752
3 0 252.983 -193.428 83.328 253.918 -196.786 81.383 253.606 -196.523 80.836
3 0 253.606 -196.523 80.836 252.688 -193.210 82.752 252.983 -193.428 83.328
3 0 253.031 -193.741 83.933 253.980 -197.132 81.969 253.918 -196.786 81.383
3 0 253.918 -196.786 81.383 252.983 -193.428 83.328 253.031 -193.741 83.933
3 0 252.824 -194.102 84.474 253.782 -197.507 82.504 253.980 -197.132 81.969
3 0 253.980 -197.132 81.969 253.031 -193.741 83.933 252.824 -194.102 84.474
3 0 250.664 -195.877 86.466 251.632 -199.258 84.527 252.148 -199.399 84.953
3 0 252.148 -199.399 84.953 251.161 -195.967 86.925 250.664 -195.877 86.466
3 0 250.369 -195.659 85.890 251.320 -198.995 83.980 251.632 -199.258 84.527
3 0 251.632 -199.258 84.527 250.664 -195.877 86.466 250.369 -195.659 85.890
3 0 250.321 -195.345 85.285 251.258 -198.649 83.395 251.320 -198.995 83.980
3 0 251.320 -198.995 83.980 250.369 -195.659 85.890 250.321 -195.345 85.285
3 0 250.528 -194.985 84.744 251.456 -198.274 82.860 251.258 -198.649 83.395
3 0 251.258 -198.649 83.395 250.321 -195.345 85.285 250.528 -194.985 84.744
3 0 253.321 -194.192 84.933 254.297 -197.647 82.929 253.782 -197.507 82.504
3 0 253.782 -197.507 82.504 252.824 -194.102 84.474 253.321 -194.192 84.933
3 0 253.616 -194.410 85.509 254.610 -197.911 83.476 254.297 -197.647 82.929
3 0 254.297 -197.647 82.929 253.321 -194.192 84.933 253.616 -194.410 85.509
3 0 253.664 -194.723 86.113 254.672 -198.256 84.061 254.610 -197.911 83.476
3 0 254.610 -197.911 83.476 253.616 -194.410 85.509 253.664 -194.723 86.113
3 0 253.457 -195.084 86.655 254.474 -198.632 84.596 254.672 -198.256 84.061
3 0 254.672 -198.256 84.061 253.664 -194.723 86.113 253.457 -195.084 86.655
3 0 254.989 -198.773 85.022 254.474 -198.632 84.596 253.457 -195.084 86.655
3 0 253.457 -195.084 86.655 253.955 -195.174 87.115 254.989 -198.773 85.022
3 0 255.301 -199.036 85.569 254.989 -198.773 85.022 253.955 -195.174 87.115
3 0 253.955 -195.174 87.115 254.250 -195.392 87.690 255.301 -199.036 85.569
3 0 255.363 -199.381 86.154 255.301 -199.036 85.569 254.250 -195.392 87.690
3 0 254.250 -195.392 87.690 254.298 -195.705 88.295 255.363 -199.381 86.154
3 0 255.165 -199.757 86.689 255.363 -199.381 86.154 254.298 -195.705 88.295
3 0 254.298 -195.705 88.295 254.091 -196.066 88.837 255.165 -199.757 86.689
3 0 254.738 -200.105 87.092 255.165 -199.757 86.689 254.091 -196.066 88.837
3 0 254.091 -196.066 88.837 253.662 -196.419 89.233 254.738 -200.105 87.092
3 0 254.146 -200.373 87.301 254.738 -200.105 87.092 253.662 -196.419 89.233
3 0 253.662 -196.419 89.233 253.074 -196.710 89.423 254.146 -200.373 87.301
3 0 253.479 -200.520 87.285 254.146 -200.373 87.301 253.074 -196.710 89.423
3 0 253.074 -196.710 89.423 252.419 -196.897 89.379 253.479 -200.520 87.285
3 0 252.839 -200.524 87.046 253.479 -200.520 87.285 252.419 -196.897 89.379
3 0 252.419 -196.897 89.379 251.795 -196.949 89.106 252.839 -200.524 87.046
3 0 252.324 -200.383 86.620 252.839 -200.524 87.046 251.795 -196.949 89.106
3 0 251.795 -196.949 89.106 251.298 -196.859 88.647 252.324 -200.383 86.620
3 0 252.012 -200.120 86.073 252.324 -200.383 86.620 251.298 -196.859 88.647
3 0 251.298 -196.859 88.647 251.003 -196.641 88.072 252.012 -200.120 86.073
3 0 251.950 -199.774 85.488 252.012 -200.120 86.073 251.003 -196.641 88.072
3 0 251.003 -196.641 88.072 250.955 -196.327 87.467 251.950 -199.774 85.488
3 0 252.148 -199.399 84.953 251.950 -199.774 85.488 250.955 -196.327 87.467
3 0 250.955 -196.327 87.467 251.161 -195.967 86.925 252.148 -199.399 84.953
3 0 250.786 -200.009 78.405 251.317 -200.206 78.787 250.765 -197.149 80.767
3 0 250.765 -197.149 80.767 250.249 -197.008 80.342 250.786 -200.009 78.405
3 0 250.458 -199.694 77.896 250.786 -200.009 78.405 250.249 -197.008 80.342
3 0 250.249 -197.008 80.342 249.937 -196.745 79.795 250.458 -199.694 77.896
3 0 250.383 -199.311 77.336 250.458 -199.694 77.896 249.937 -196.745 79.795
3 0 249.937 -196.745 79.795 249.875 -196.399 79.209 250.383 -199.311 77.336
3 0 250.571 -198.917 76.811 250.383 -199.311 77.336 249.875 -196.399 79.209
3 0 249.875 -196.399 79.209 250.073 -196.024 78.674 250.571 -198.917 76.811
3 0 250.994 -198.573 76.400 250.571 -198.917 76.811 250.073 -196.024 78.674
3 0 250.073 -196.024 78.674 250.500 -195.675 78.272 250.994 -198.573 76.400
3 0 251.589 -198.330 76.167 250.994 -198.573 76.400 250.500 -195.675 78.272
3 0 250.500 -195.675 78.272 251.093 -195.407 78.063 251.589 -198.330 76.167
3 0 252.263 -198.227 76.147 251.589 -198.330 76.167 251.093 -195.407 78.063
3 0 251.093 -195.407 78.063 251.759 -195.261 78.079 252.263 -198.227 76.147
3 0 252.915 -198.278 76.343 252.263 -198.227 76.147 251.759 -195.261 78.079
3 0 251.759 -195.261 78.079 252.399 -195.257 78.318 252.915 -198.278 76.343
3 0 253.446 -198.475 76.724 252.915 -198.278 76.343 252.399 -195.257 78.318
3 0 252.399 -195.257 78.318 252.914 -195.398 78.743 253.446 -198.475 76.724
3 0 253.774 -198.790 77.234 253.446 -198.475 76.724 252.914 -195.398 78.743
3 0 252.914 -195.398 78.743 253.226 -195.661 79.290 253.774 -198.790 77.234
3 0 253.850 -199.173 77.794 253.774 -198.790 77.234 253.226 -195.661 79.290
3 0 253.226 -195.661 79.290 253.288 -196.007 79.876 253.850 -199.173 77.794
3 0 253.662 -199.567 78.319 253.850 -199.173 77.794 253.288 -196.007 79.876
3 0 253.288 -196.007 79.876 253.090 -196.382 80.411 253.662 -199.567 78.319
3 0 250.941 -198.133 82.435 251.533 -201.298 80.382 252.063 -201.496 80.763
3 0 252.063 -201.496 80.763 251.456 -198.274 82.860 250.941 -198.133 82.435
3 0 250.629 -197.870 81.888 251.205 -200.983 79.872 251.533 -201.298 80.382
3 0 251.533 -201.298 80.382 250.941 -198.133 82.435 250.629 -197.870 81.888
3 0 250.567 -197.524 81.302 251.129 -200.600 79.312 251.205 -200.983 79.872
3 0 251.205 -200.983 79.872 250.629 -197.870 81.888 250.567 -197.524 81.302
3 0 250.765 -197.149 80.767 251.317 -200.206 78.787 251.129 -200.600 79.312
3 0 251.129 -200.600 79.312 250.567 -197.524 81.302 250.765 -197.149 80.767
3 0 253.606 -196.523 80.836 254.192 -199.764 78.701 253.662 -199.567 78.319
3 0 253.662 -199.567 78.319 253.090 -196.382 80.411 253.606 -196.523 80.836
3 0 253.918 -196.786 81.383 254.520 -200.079 79.210 254.192 -199.764 78.701
3 0 254.192 -199.764 78.701 253.606 -196.523 80.836 253.918 -196.786 81.383
3 0 253.980 -197.132 81.969 254.596 -200.462 79.770 254.520 -200.079 79.210
3 0 254.520 -200.079 79.210 253.918 -196.786 81.383 253.980 -197.132 81.969
3 0 253.782 -197.507 82.504 254.408 -200.856 80.295 254.596 -200.462 79.770
3 0 254.596 -200.462 79.770 253.980 -197.132 81.969 253.782 -197.507 82.504
3 0 251.632 -199.258 84.527 252.279 -202.587 82.358 252.809 -202.784 82.739
3 0 252.809 -202.784 82.739 252.148 -199.399 84.953 251.632 -199.258 84.527
3 0 251.320 -198.995 83.980 251.951 -202.272 81.848 252.279 -202.587 82.358
3 0 252.279 -202.587 82.358 251.632 -199.258 84.527 251.320 -198.995 83.980
3 0 251.258 -198.649 83.395 251.875 -201.889 81.288 251.951 -202.272 81.848
3 0 251.951 -202.272 81.848 251.320 -198.995 83.980 251.258 -198.649 83.395
3 0 251.456 -198.274 82.860 252.063 -201.496 80.763 251.875 -201.889 81.288
3 0 251.875 -201.889 81.288 251.258 -198.649 83.395 251.456 -198.274 82.860
3 0 254.297 -197.647 82.929 254.938 -201.053 80.676 254.408 -200.856 80.295
3 0 254.408 -200.856 80.295 253.782 -197.507 82.504 254.297 -197.647 82.929
3 0 254.610 -197.911 83.476 255.266 -201.368 81.186 254.938 -201.053 80.676
3 0 254.938 -201.053 80.676 254.297 -197.647 82.929 254.610 -197.911 83.476
3 0 254.672 -198.256 84.061 255.342 -201.751 81.746 255.266 -201.368 81.186
3 0 255.266 -201.368 81.186 254.610 -197.911 83.476 254.672 -198.256 84.061
3 0 254.474 -198.632 84.596 255.154 -202.145 82.271 255.342 -201.751 81.746
3 0 255.342 -201.751 81.746 254.672 -198.256 84.061 254.474 -198.632 84.596
3 0 255.684 -202.342 82.653 255.154 -202.145 82.271 254.474 -198.632 84.596
3 0 254.474 -198.632 84.596 254.989 -198.773 85.022 255.684 -202.342 82.653
3 0 256.012 -202.657 83.163 255.684 -202.342 82.653 254.989 -198.773 85.022
3 0 254.989 -198.773 85.022 255.301 -199.036 85.569 256.012 -202.657 83.163
3 0 256.088 -203.040 83.723 256.012 -202.657 83.163 255.301 -199.036 85.569
3 0 255.301 -199.036 85.569 255.363 -199.381 86.154 256.088 -203.040 83.723
3 0 255.900 -203.434 84.248 256.088 -203.040 83.723 255.363 -199.381 86.154
3 0 255.363 -199.381 86.154 255.165 -199.757 86.689 255.900 -203.434 84.248
3 0 255.477 -203.778 84.658 255.900 -203.434 84.248 255.165 -199.757 86.689
3 0 255.165 -199.757 86.689 254.738 -200.105 87.092 255.477 -203.778 84.658
3 0 254.882 -204.021 84.891 255.477 -203.778 84.658 254.738 -200.105 87.092
3 0 254.738 -200.105 87.092 254.146 -200.373 87.301 254.882 -204.021 84.891
3 0 254.208 -204.124 84.911 254.882 -204.021 84.891 254.146 -200.373 87.301
3 0 254.146 -200.373 87.301 253.479 -200.520 87.285 254.208 -204.124 84.911
3 0 253.556 -204.073 84.716 254.208 -204.124 84.911 253.479 -200.520 87.285
3 0 253.479 -200.520 87.285 252.839 -200.524 87.046 253.556 -204.073 84.716
3 0 253.025 -203.876 84.334 253.556 -204.073 84.716 252.839 -200.524 87.046
3 0 252.839 -200.524 87.046 252.324 -200.383 86.620 253.025 -203.876 84.334
3 0 252.697 -203.561 83.824 253.025 -203.876 84.334 252.324 -200.383 86.620
3 0 252.324 -200.383 86.620 252.012 -200.120 86.073 252.697 -203.561 83.824
3 0 252.621 -203.178 83.264 252.697 -203.561 83.824 252.012 -200.120 86.073
3 0 252.012 -200.120 86.073 251.950 -199.774 85.488 252.621 -203.178 83.264
3 0 252.809 -202.784 82.739 252.621 -203.178 83.264 251.950 -199.774 85.488
3 0 251.950 -199.774 85.488 252.148 -199.399 84.953 252.809 -202.784 82.739
3 0 250.975 -202.910 76.263 251.515 -203.162 76.596 251.317 -200.206 78.787
3 0 251.317 -200.206 78.787 250.786 -200.009 78.405 250.975 -202.910 76.263
3 0 250.636 -202.547 75.795 250.975 -202.910 76.263 250.786 -200.009 78.405
3 0 250.786 -200.009 78.405 250.458 -199.694 77.896 250.636 -202.547 75.795
3 0 250.549 -202.126 75.264 250.636 -202.547 75.795 250.458 -199.694 77.896
3 0 250.458 -199.694 77.896 250.383 -199.311 77.336 250.549 -202.126 75.264
3 0 250.728 -201.714 74.750 250.549 -202.126 75.264 250.383 -199.311 77.336
3 0 250.383 -199.311 77.336 250.571 -198.917 76.811 250.728 -201.714 74.750
3 0 251.146 -201.371 74.332 250.728 -201.714 74.750 250.571 -198.917 76.811
3 0 250.571 -198.917 76.811 250.994 -198.573 76.400 251.146 -201.371 74.332
3 0 251.738 -201.151 74.074 251.146 -201.371 74.332 250.994 -198.573 76.400
3 0 250.994 -198.573 76.400 251.589 -198.330 76.167 251.738 -201.151 74.074
3 0 252.415 -201.087 74.014 251.738 -201.151 74.074 251.589 -198.330 76.167
3 0 251.589 -198.330 76.167 252.263 -198.227 76.147 252.415 -201.087 74.014
3 0 253.074 -201.189 74.162 252.415 -201.087 74.014 252.263 -198.227 76.147
3 0 252.263 -198.227 76.147 252.915 -198.278 76.343 253.074 -201.189 74.162
3 0 253.614 -201.441 74.495 253.074 -201.189 74.162 252.915 -198.278 76.343
3 0 252.915 -198.278 76.343 253.446 -198.475 76.724 253.614 -201.441 74.495
3 0 253.953 -201.805 74.963 253.614 -201.441 74.495 253.446 -198.475 76.724
3 0 253.446 -198.475 76.724 253.774 -198.790 77.234 253.953 -201.805 74.963
3 0 254.040 -202.225 75.494 253.953 -201.805 74.963 253.774 -198.790 77.234
3 0 253.774 -198.790 77.234 253.850 -199.173 77.794 254.040 -202.225 75.494
3 0 253.861 -202.638 76.007 254.040 -202.225 75.494 253.850 -199.173 77.794
3 0 253.850 -199.173 77.794 253.662 -199.567 78.319 253.861 -202.638 76.007
3 0 251.533 -201.298 80.382 251.762 -204.359 78.109 252.302 -204.611 78.442
3 0 252.302 -204.611 78.442 252.063 -201.496 80.763 251.533 -201.298 80.382
3 0 251.205 -200.983 79.872 251.423 -203.995 77.641 251.762 -204.359 78.109
3 0 251.762 -204.359 78.109 251.533 -201.298 80.382 251.205 -200.983 79.872
3 0 251.129 -200.600 79.312 251.336 -203.575 77.110 251.423 -203.995 77.641
3 0 251.423 -203.995 77.641 251.205 -200.983 79.872 251.129 -200.600 79.312
3 0 251.317 -200.206 78.787 251.515 -203.162 76.596 251.336 -203.575 77.110
3 0 251.336 -203.575 77.110 251.129 -200.600 79.312 251.317 -200.206 78.787
3 0 254.192 -199.764 78.701 254.401 -202.890 76.341 253.861 -202.638 76.007
3 0 253.861 -202.638 76.007 253.662 -199.567 78.319 254.192 -199.764 78.701
3 0 254.520 -200.079 79.210 254.740 -203.254 76.808 254.401 -202.890 76.341
3 0 254.401 -202.890 76.341 254.192 -199.764 78.701 254.520 -200.079 79.210
3 0 254.596 -200.462 79.770 254.827 -203.674 77.340 254.740 -203.254 76.808
3 0 254.740 -203.254 76.808 254.520 -200.079 79.210 254.596 -200.462 79.770
3 0 254.408 -200.856 80.295 254.648 -204.087 77.853 254.827 -203.674 77.340
3 0 254.827 -203.674 77.340 254.596 -200.462 79.770 254.408 -200.856 80.295
3 0 252.279 -202.587 82.358 252.549 -205.807 79.954 253.089 -206.059 80.287
3 0 253.089 -206.059 80.287 252.809 -202.784 82.739 252.279 -202.587 82.358
3 0 251.951 -202.272 81.848 252.210 -205.444 79.486 252.549 -205.807 79.954
3 0 252.549 -205.807 79.954 252.279 -202.587 82.358 251.951 -202.272 81.848
3 0 251.875 -201.889 81.288 252.123 -205.023 78.955 252.210 -205.444 79.486
3 0 252.210 -205.444 79.486 251.951 -202.272 81.848 251.875 -201.889 81.288
3 0 252.063 -201.496 80.763 252.302 -204.611 78.442 252.123 -205.023 78.955
3 0 252.123 -205.023 78.955 251.875 -201.889 81.288 252.063 -201.496 80.763
3 0 254.938 -201.053 80.676 255.188 -204.338 78.186 254.648 -204.087 77.853
3 0 254.648 -204.087 77.853 254.408 -200.856 80.295 254.938 -201.053 80.676
3 0 255.266 -201.368 81.186 255.527 -204.702 78.654 255.188 -204.338 78.186
3 0 255.188 -204.338 78.186 254.938 -201.053 80.676 255.266 -201.368 81.186
3 0 255.342 -201.751 81.746 255.614 -205.122 79.185 255.527 -204.702 78.654
3 0 255.527 -204.702 78.654 255.266 -201.368 81.186 255.342 -201.751 81.746
3 0 255.154 -202.145 82.271 255.435 -205.535 79.698 255.614 -205.122 79.185
3 0 255.614 -205.122 79.185 255.342 -201.751 81.746 255.154 -202.145 82.271
3 0 255.975 -205.787 80.032 255.435 -205.535 79.698 255.154 -202.145 82.271
3 0 255.154 -202.145 82.271 255.684 -202.342 82.653 255.975 -205.787 80.032
3 0 256.314 -206.151 80.499 255.975 -205.787 80.032 255.684 -202.342 82.653
3 0 255.684 -202.342 82.653 256.012 -202.657 83.163 256.314 -206.151 80.499
3 0 256.401 -206.571 81.031 256.314 -206.151 80.499 256.012 -202.657 83.163
3 0 256.012 -202.657 83.163 256.088 -203.040 83.723 256.401 -206.571 81.031
3 0 256.222 -206.983 81.544 256.401 -206.571 81.031 256.088 -203.040 83.723
3 0 256.088 -203.040 83.723 255.900 -203.434 84.248 256.222 -206.983 81.544
3 0 255.804 -207.326 81.962 256.222 -206.983 81.544 255.900 -203.434 84.248
3 0 255.900 -203.434 84.248 255.477 -203.778 84.658 255.804 -207.326 81.962
3 0 255.212 -207.546 82.221 255.804 -207.326 81.962 255.477 -203.778 84.658
3 0 255.477 -203.778 84.658 254.882 -204.021 84.891 255.212 -207.546 82.221
3 0 254.535 -207.610 82.281 255.212 -207.546 82.221 254.882 -204.021 84.891
3 0 254.882 -204.021 84.891 254.208 -204.124 84.911 254.535 -207.610 82.281
3 0 253.876 -207.508 82.133 254.535 -207.610 82.281 254.208 -204.124 84.911
3 0 254.208 -204.124 84.911 253.556 -204.073 84.716 253.876 -207.508 82.133
3 0 253.336 -207.256 81.800 253.876 -207.508 82.133 253.556 -204.073 84.716
3 0 253.556 -204.073 84.716 253.025 -203.876 84.334 253.336 -207.256 81.800
3 0 252.997 -206.892 81.332 253.336 -207.256 81.800 253.025 -203.876 84.334
3 0 253.025 -203.876 84.334 252.697 -203.561 83.824 252.997 -206.892 81.332
3 0 252.910 -206.472 80.801 252.997 -206.892 81.332 252.697 -203.561 83.824
3 0 252.697 -203.561 83.824 252.621 -203.178 83.264 252.910 -206.472 80.801
3 0 253.089 -206.059 80.287 252.910 -206.472 80.801 252.621 -203.178 83.264
3 0 252.621 -203.178 83.264 252.809 -202.784 82.739 253.089 -206.059 80.287
3 0 250.859 -205.668 74.000 251.403 -205.976 74.274 251.515 -203.162 76.596
3 0 251.515 -203.162 76.596 250.975 -202.910 76.263 250.859 -205.668 74.000
3 0 250.512 -205.251 73.585 250.859 -205.668 74.000 250.975 -202.910 76.263
3 0 250.975 -202.910 76.263 250.636 -202.547 75.795 250.512 -205.251 73.585
3 0 250.416 -204.791 73.090 250.512 -205.251 73.585 250.636 -202.547 75.795
3 0 250.636 -202.547 75.795 250.549 -202.126 75.264 250.416 -204.791 73.090
3 0 250.585 -204.355 72.592 250.416 -204.791 73.090 250.549 -202.126 75.264
3 0 250.549 -202.126 75.264 250.728 -201.714 74.750 250.585 -204.355 72.592
3 0 250.994 -204.012 72.166 250.585 -204.355 72.592 250.728 -201.714 74.750
3 0 250.728 -201.714 74.750 251.146 -201.371 74.332 250.994 -204.012 72.166
3 0 251.580 -203.813 71.877 250.994 -204.012 72.166 251.146 -201.371 74.332
3 0 251.146 -201.371 74.332 251.738 -201.151 74.074 251.580 -203.813 71.877
3 0 252.253 -203.788 71.769 251.580 -203.813 71.877 251.738 -201.151 74.074
3 0 251.738 -201.151 74.074 252.415 -201.087 74.014 252.253 -203.788 71.769
3 0 252.913 -203.942 71.859 252.253 -203.788 71.769 252.415 -201.087 74.014
3 0 252.415 -201.087 74.014 253.074 -201.189 74.162 252.913 -203.942 71.859
3 0 253.457 -204.250 72.132 252.913 -203.942 71.859 253.074 -201.189 74.162
3 0 253.074 -201.189 74.162 253.614 -201.441 74.495 253.457 -204.250 72.132
3 0 253.803 -204.666 72.548 253.457 -204.250 72.132 253.614 -201.441 74.495
3 0 253.614 -201.441 74.495 253.953 -201.805 74.963 253.803 -204.666 72.548
3 0 253.900 -205.127 73.043 253.803 -204.666 72.548 253.953 -201.805 74.963
3 0 253.953 -201.805 74.963 254.040 -202.225 75.494 253.900 -205.127 73.043
3 0 253.730 -205.562 73.541 253.900 -205.127 73.043 254.040 -202.225 75.494
3 0 254.040 -202.225 75.494 253.861 -202.638 76.007 253.730 -205.562 73.541
3 0 251.762 -204.359 78.109 251.677 -207.288 75.683 252.221 -207.597 75.956
3 0 252.221 -207.597 75.956 252.302 -204.611 78.442 251.762 -204.359 78.109
3 0 251.423 -203.995 77.641 251.330 -206.872 75.267 251.677 -207.288 75.683
3 0 251.677 -207.288 75.683 251.762 -204.359 78.109 251.423 -203.995 77.641
3 0 251.336 -203.575 77.110 251.234 -206.411 74.772 251.330 -206.872 75.267
3 0 251.330 -206.872 75.267 251.423 -203.995 77.641 251.336 -203.575 77.110
3 0 251.515 -203.162 76.596 251.403 -205.976 74.274 251.234 -206.411 74.772
3 0 251.234 -206.411 74.772 251.336 -203.575 77.110 251.515 -203.162 76.596
3 0 254.401 -202.890 76.341 254.275 -205.871 73.815 253.730 -205.562 73.541
3 0 253.730 -205.562 73.541 253.861 -202.638 76.007 254.401 -202.890 76.341
3 0 254.740 -203.254 76.808 254.621 -206.287 74.230 254.275 -205.871 73.815
3 0 254.275 -205.871 73.815 254.401 -202.890 76.341 254.740 -203.254 76.808
3 0 254.827 -203.674 77.340 254.717 -206.748 74.725 254.621 -206.287 74.230
3 0 254.621 -206.287 74.230 254.740 -203.254 76.808 254.827 -203.674 77.340
3 0 254.648 -204.087 77.853 254.548 -207.183 75.223 254.717 -206.748 74.725
3 0 254.717 -206.748 74.725 254.827 -203.674 77.340 254.648 -204.087 77.853
3 0 252.549 -205.807 79.954 252.494 -208.908 77.364 253.038 -209.217 77.638
3 0 253.038 -209.217 77.638 253.089 -206.059 80.287 252.549 -205.807 79.954
3 0 252.210 -205.444 79.486 252.147 -208.492 76.949 252.494 -208.908 77.364
3 0 252.494 -208.908 77.364 252.549 -205.807 79.954 252.210 -205.444 79.486
3 0 252.123 -205.023 78.955 252.051 -208.031 76.454 252.147 -208.492 76.949
3 0 252.147 -208.492 76.949 252.210 -205.444 79.486 252.123 -205.023 78.955
3 0 252.302 -204.611 78.442 252.221 -207.597 75.956 252.051 -208.031 76.454
3 0 252.051 -208.031 76.454 252.123 -205.023 78.955 252.302 -204.611 78.442
3 0 255.188 -204.338 78.186 255.092 -207.491 75.496 254.548 -207.183 75.223
3 0 254.548 -207.183 75.223 254.648 -204.087 77.853 255.188 -204.338 78.186
3 0 255.527 -204.702 78.654 255.439 -207.907 75.912 255.092 -207.491 75.496
3 0 255.092 -207.491 75.496 255.188 -204.338 78.186 255.527 -204.702 78.654
3 0 255.614 -205.122 79.185 255.535 -208.368 76.407 255.439 -207.907 75.912
3 0 255.439 -207.907 75.912 255.527 -204.702 78.654 255.614 -205.122 79.185
3 0 255.435 -205.535 79.698 255.366 -208.803 76.905 255.535 -208.368 76.407
3 0 255.535 -208.368 76.407 255.614 -205.122 79.185 255.435 -205.535 79.698
3 0 255.910 -209.111 77.179 255.366 -208.803 76.905 255.435 -205.535 79.698
3 0 255.435 -205.535 79.698 255.975 -205.787 80.032 255.910 -209.111 77.179
3 0 256.257 -209.528 77.594 255.910 -209.111 77.179 255.975 -205.787 80.032
3 0 255.975 -205.787 80.032 256.314 -206.151 80.499 256.257 -209.528 77.594
3 0 256.353 -209.988 78.089 256.257 -209.528 77.594 256.314 -206.151 80.499
3 0 256.314 -206.151 80.499 256.401 -206.571 81.031 256.353 -209.988 78.089
3 0 256.184 -210.424 78.587 256.353 -209.988 78.089 256.401 -206.571 81.031
3 0 256.401 -206.571 81.031 256.222 -206.983 81.544 256.184 -210.424 78.587
3 0 255.775 -210.767 79.013 256.184 -210.424 78.587 256.222 -206.983 81.544
3 0 256.222 -206.983 81.544 255.804 -207.326 81.962 255.775 -210.767 79.013
3 0 255.189 -210.966 79.302 255.775 -210.767 79.013 255.804 -207.326 81.962
3 0 255.804 -207.326 81.962 255.212 -207.546 82.221 255.189 -210.966 79.302
3 0 254.515 -210.991 79.410 255.189 -210.966 79.302 255.212 -207.546 82.221
3 0 255.212 -207.546 82.221 254.535 -207.610 82.281 254.515 -210.991 79.410
3 0 253.856 -210.837 79.320 254.515 -210.991 79.410 254.535 -207.610 82.281
3 0 254.535 -207.610 82.281 253.876 -207.508 82.133 253.856 -210.837 79.320
3 0 253.312 -210.529 79.047 253.856 -210.837 79.320 253.876 -207.508 82.133
3 0 253.876 -207.508 82.133 253.336 -207.256 81.800 253.312 -210.529 79.047
3 0 252.965 -210.113 78.631 253.312 -210.529 79.047 253.336 -207.256 81.800
3 0 253.336 -207.256 81.800 252.997 -206.892 81.332 252.965 -210.113 78.631
3 0 252.869 -209.652 78.136 252.965 -210.113 78.631 252.997 -206.892 81.332
3 0 252.997 -206.892 81.332 252.910 -206.472 80.801 252.869 -209.652 78.136
3 0 253.038 -209.217 77.638 252.869 -209.652 78.136 252.910 -206.472 80.801
3 0 252.910 -206.472 80.801 253.089 -206.059 80.287 253.038 -209.217 77.638
3 0 250.319 -208.211 71.566 250.860 -208.571 71.773 251.403 -205.976 74.274
3 0 251.403 -205.976 74.274 250.859 -205.668 74.000 250.319 -208.211 71.566
3 0 249.970 -207.745 71.208 250.319 -208.211 71.566 250.859 -205.668 74.000
3 0 250.859 -205.668 74.000 250.512 -205.251 73.585 249.970 -207.745 71.208
3 0 249.868 -207.245 70.755 249.970 -207.745 71.208 250.512 -205.251 73.585
3 0 250.512 -205.251 73.585 250.416 -204.791 73.090 249.868 -207.245 70.755
3 0 250.028 -206.786 70.275 249.868 -207.245 70.755 250.416 -204.791 73.090
3 0 250.416 -204.791 73.090 250.585 -204.355 72.592 250.028 -206.786 70.275
3 0 250.425 -206.438 69.842 250.028 -206.786 70.275 250.585 -204.355 72.592
3 0 250.585 -204.355 72.592 250.994 -204.012 72.166 250.425 -206.438 69.842
3 0 250.999 -206.255 69.522 250.425 -206.438 69.842 250.994 -204.012 72.166
3 0 250.994 -204.012 72.166 251.580 -203.813 71.877 250.999 -206.255 69.522
3 0 251.663 -206.263 69.362 250.999 -206.255 69.522 251.580 -203.813 71.877
3 0 251.580 -203.813 71.877 252.253 -203.788 71.769 251.663 -206.263 69.362
3 0 252.316 -206.463 69.389 251.663 -206.263 69.362 252.253 -203.788 71.769
3 0 252.253 -203.788 71.769 252.913 -203.942 71.859 252.316 -206.463 69.389
3 0 252.857 -206.823 69.596 252.316 -206.463 69.389 252.913 -203.942 71.859
3 0 252.913 -203.942 71.859 253.457 -204.250 72.132 252.857 -206.823 69.596
3 0 253.206 -207.289 69.954 252.857 -206.823 69.596 253.457 -204.250 72.132
3 0 253.457 -204.250 72.132 253.803 -204.666 72.548 253.206 -207.289 69.954
3 0 253.308 -207.789 70.407 253.206 -207.289 69.954 253.803 -204.666 72.548
3 0 253.803 -204.666 72.548 253.900 -205.127 73.043 253.308 -207.789 70.407
3 0 253.148 -208.248 70.887 253.308 -207.789 70.407 253.900 -205.127 73.043
3 0 253.900 -205.127 73.043 253.730 -205.562 73.541 253.148 -208.248 70.887
3 0 251.677 -207.288 75.683 251.151 -209.997 73.064 251.693 -210.357 73.271
3 0 251.693 -210.357 73.271 252.221 -207.597 75.956 251.677 -207.288 75.683
3 0 251.330 -206.872 75.267 250.803 -209.531 72.706 251.151 -209.997 73.064
3 0 251.151 -209.997 73.064 251.677 -207.288 75.683 251.330 -206.872 75.267
3 0 251.234 -206.411 74.772 250.701 -209.030 72.253 250.803 -209.531 72.706
3 0 250.803 -209.531 72.706 251.330 -206.872 75.267 251.234 -206.411 74.772
3 0 251.403 -205.976 74.274 250.860 -208.571 71.773 250.701 -209.030 72.253
3 0 250.701 -209.030 72.253 251.234 -206.411 74.772 251.403 -205.976 74.274
3 0 254.275 -205.871 73.815 253.690 -208.608 71.094 253.148 -208.248 70.887
3 0 253.148 -208.248 70.887 253.730 -205.562 73.541 254.275 -205.871 73.815
3 0 254.621 -206.287 74.230 254.038 -209.074 71.452 253.690 -208.608 71.094
3 0 253.690 -208.608 71.094 254.275 -205.871 73.815 254.621 -206.287 74.230
3 0 254.717 -206.748 74.725 254.141 -209.575 71.905 254.038 -209.074 71.452
3 0 254.038 -209.074 71.452 254.621 -206.287 74.230 254.717 -206.748 74.725
3 0 254.548 -207.183 75.223 253.981 -210.034 72.385 254.141 -209.575 71.905
3 0 254.141 -209.575 71.905 254.717 -206.748 74.725 254.548 -207.183 75.223
3 0 252.494 -208.908 77.364 251.984 -211.781 74.561 252.525 -212.141 74.769
3 0 252.525 -212.141 74.769 253.038 -209.217 77.638 252.494 -208.908 77.364
3 0 252.147 -208.492 76.949 251.635 -211.316 74.204 251.984 -211.781 74.561
3 0 251.984 -211.781 74.561 252.494 -208.908 77.364 252.147 -208.492 76.949
3 0 252.051 -208.031 76.454 251.533 -210.815 73.751 251.635 -211.316 74.204
3 0 251.635 -211.316 74.204 252.147 -208.492 76.949 252.051 -208.031 76.454
3 0 252.221 -207.597 75.956 251.693 -210.357 73.271 251.533 -210.815 73.751
3 0 251.533 -210.815 73.751 252.051 -208.031 76.454 252.221 -207.597 75.956
3 0 255.092 -207.491 75.496 254.522 -210.393 72.592 253.981 -210.034 72.385
3 0 253.981 -210.034 72.385 254.548 -207.183 75.223 255.092 -207.491 75.496
3 0 255.439 -207.907 75.912 254.871 -210.859 72.950 254.522 -210.393 72.592
3 0 254.522 -210.393 72.592 255.092 -207.491 75.496 255.439 -207.907 75.912
3 0 255.535 -208.368 76.407 254.973 -211.359 73.403 254.871 -210.859 72.950
3 0 254.871 -210.859 72.950 255.439 -207.907 75.912 255.535 -208.368 76.407
3 0 255.366 -208.803 76.905 254.813 -211.818 73.882 254.973 -211.359 73.403
3 0 254.973 -211.359 73.403 255.535 -208.368 76.407 255.366 -208.803 76.905
3 0 255.355 -212.179 74.090 254.813 -211.818 73.882 255.366 -208.803 76.905
3 0 255.366 -208.803 76.905 255.910 -209.111 77.179 255.355 -212.179 74.090
3 0 255.703 -212.644 74.448 255.355 -212.179 74.090 255.910 -209.111 77.179
3 0 255.910 -209.111 77.179 256.257 -209.528 77.594 255.703 -212.644 74.448
3 0 255.806 -213.145 74.901 255.703 -212.644 74.448 256.257 -209.528 77.594
3 0 256.257 -209.528 77.594 256.353 -209.988 78.089 255.806 -213.145 74.901
3 0 255.646 -213.604 75.381 255.806 -213.145 74.901 256.353 -209.988 78.089
3 0 256.353 -209.988 78.089 256.184 -210.424 78.587 255.646 -213.604 75.381
3 0 255.249 -213.952 75.814 255.646 -213.604 75.381 256.184 -210.424 78.587
3 0 256.184 -210.424 78.587 255.775 -210.767 79.013 255.249 -213.952 75.814
3 0 254.674 -214.135 76.134 255.249 -213.952 75.814 255.775 -210.767 79.013
3 0 255.775 -210.767 79.013 255.189 -210.966 79.302 254.674 -214.135 76.134
3 0 254.011 -214.126 76.293 254.674 -214.135 76.134 255.189 -210.966 79.302
3 0 255.189 -210.966 79.302 254.515 -210.991 79.410 254.011 -214.126 76.293
3 0 253.358 -213.927 76.267 254.011 -214.126 76.293 254.515 -210.991 79.410
3 0 254.515 -210.991 79.410 253.856 -210.837 79.320 253.358 -213.927 76.267
3 0 252.816 -213.567 76.059 253.358 -213.927 76.267 253.856 -210.837 79.320
3 0 253.856 -210.837 79.320 253.312 -210.529 79.047 252.816 -213.567 76.059
3 0 252.468 -213.101 75.702 252.816 -213.567 76.059 253.312 -210.529 79.047
3 0 253.312 -210.529 79.047 252.965 -210.113 78.631 252.468 -213.101 75.702
3 0 252.366 -212.601 75.249 252.468 -213.101 75.702 252.965 -210.113 78.631
3 0 252.965 -210.113 78.631 252.869 -209.652 78.136 252.366 -212.601 75.249
3 0 252.525 -212.141 74.769 252.366 -212.601 75.249 252.869 -209.652 78.136
3 0 252.869 -209.652 78.136 253.038 -209.217 77.638 252.525 -212.141 74.769
3 0 249.473 -210.591 69.023 250.007 -210.993 69.163 250.860 -208.571 71.773
3 0 250.860 -208.571 71.773 250.319 -208.211 71.566 249.473 -210.591 69.023
3 0 249.127 -210.083 68.725 249.473 -210.591 69.023 250.319 -208.211 71.566
3 0 250.319 -208.211 71.566 249.970 -207.745 71.208 249.127 -210.083 68.725
3 0 249.020 -209.547 68.317 249.127 -210.083 68.725 249.970 -207.745 71.208
3 0 249.970 -207.745 71.208 249.868 -207.245 70.755 249.020 -209.547 68.317
3 0 249.170 -209.063 67.858 249.020 -209.547 68.317 249.868 -207.245 70.755
3 0 249.868 -207.245 70.755 250.028 -206.786 70.275 249.170 -209.063 67.858
3 0 249.554 -208.706 67.421 249.170 -209.063 67.858 250.028 -206.786 70.275
3 0 250.028 -206.786 70.275 250.425 -206.438 69.842 249.554 -208.706 67.421
3 0 250.113 -208.531 67.070 249.554 -208.706 67.421 250.425 -206.438 69.842
3 0 250.425 -206.438 69.842 250.999 -206.255 69.522 250.113 -208.531 67.070
3 0 250.762 -208.562 66.859 250.113 -208.531 67.070 250.999 -206.255 69.522
3 0 250.999 -206.255 69.522 251.663 -206.263 69.362 250.762 -208.562 66.859
3 0 251.402 -208.797 66.821 250.762 -208.562 66.859 251.663 -206.263 69.362
3 0 251.663 -206.263 69.362 252.316 -206.463 69.389 251.402 -208.797 66.821
3 0 251.936 -209.199 66.962 251.402 -208.797 66.821 252.316 -206.463 69.389
3 0 252.316 -206.463 69.389 252.857 -206.823 69.596 251.936 -209.199 66.962
3 0 252.282 -209.707 67.259 251.936 -209.199 66.962 252.857 -206.823 69.596
3 0 252.857 -206.823 69.596 253.206 -207.289 69.954 252.282 -209.707 67.259
3 0 252.388 -210.243 67.668 252.282 -209.707 67.259 253.206 -207.289 69.954
3 0 253.206 -207.289 69.954 253.308 -207.789 70.407 252.388 -210.243 67.668
3 0 252.238 -210.727 68.126 252.388 -210.243 67.668 253.308 -207.789 70.407
3 0 253.308 -207.789 70.407 253.148 -208.248 70.887 252.238 -210.727 68.126
3 0 251.151 -209.997 73.064 250.309 -212.521 70.327 250.843 -212.923 70.468
3 0 250.843 -212.923 70.468 251.693 -210.357 73.271 251.151 -209.997 73.064
3 0 250.803 -209.531 72.706 249.963 -212.013 70.030 250.309 -212.521 70.327
3 0 250.309 -212.521 70.327 251.151 -209.997 73.064 250.803 -209.531 72.706
3 0 250.701 -209.030 72.253 249.857 -211.476 69.621 249.963 -212.013 70.030
3 0 249.963 -212.013 70.030 250.803 -209.531 72.706 250.701 -209.030 72.253
3 0 250.860 -208.571 71.773 250.007 -210.993 69.163 249.857 -211.476 69.621
3 0 249.857 -211.476 69.621 250.701 -209.030 72.253 250.860 -208.571 71.773
3 0 253.690 -208.608 71.094 252.772 -211.129 68.266 252.238 -210.727 68.126
3 0 252.238 -210.727 68.126 253.148 -208.248 70.887 253.690 -208.608 71.094
3 0 254.038 -209.074 71.452 253.118 -211.637 68.564 252.772 -211.129 68.266
3 0 252.772 -211.129 68.266 253.690 -208.608 71.094 254.038 -209.074 71.452
3 0 254.141 -209.575 71.905 253.225 -212.173 68.972 253.118 -211.637 68.564
3 0 253.118 -211.637 68.564 254.038 -209.074 71.452 254.141 -209.575 71.905
3 0 253.981 -210.034 72.385 253.075 -212.657 69.431 253.225 -212.173 68.972
3 0 253.225 -212.173 68.972 254.141 -209.575 71.905 253.981 -210.034 72.385
3 0 251.984 -211.781 74.561 251.145 -214.450 71.631 251.679 -214.852 71.772
3 0 251.679 -214.852 71.772 252.525 -212.141 74.769 251.984 -211.781 74.561
3 0 251.635 -211.316 74.204 250.799 -213.942 71.334 251.145 -214.450 71.631
3 0 251.145 -214.450 71.631 251.984 -211.781 74.561 251.635 -211.316 74.204
3 0 251.533 -210.815 73.751 250.693 -213.405 70.925 250.799 -213.942 71.334
3 0 250.799 -213.942 71.334 251.635 -211.316 74.204 251.533 -210.815 73.751
3 0 251.693 -210.357 73.271 250.843 -212.923 70.468 250.693 -213.405 70.925
3 0 250.693 -213.405 70.925 251.533 -210.815 73.751 251.693 -210.357 73.271
3 0 254.522 -210.393 72.592 253.608 -213.058 69.570 253.075 -212.657 69.431
3 0 253.075 -212.657 69.431 253.981 -210.034 72.385 254.522 -210.393 72.592
3 0 254.871 -210.859 72.950 253.955 -213.566 69.868 253.608 -213.058 69.570
3 0 253.608 -213.058 69.570 254.522 -210.393 72.592 254.871 -210.859 72.950
3 0 254.973 -211.359 73.403 254.061 -214.102 70.276 253.955 -213.566 69.868
3 0 253.955 -213.566 69.868 254.871 -210.859 72.950 254.973 -211.359 73.403
3 0 254.813 -211.818 73.882 253.911 -214.585 70.735 254.061 -214.102 70.276
3 0 254.061 -214.102 70.276 254.973 -211.359 73.403 254.813 -211.818 73.882
3 0 254.445 -214.987 70.875 253.911 -214.585 70.735 254.813 -211.818 73.882
3 0 254.813 -211.818 73.882 255.355 -212.179 74.090 254.445 -214.987 70.875
3 0 254.791 -215.495 71.172 254.445 -214.987 70.875 255.355 -212.179 74.090
3 0 255.355 -212.179 74.090 255.703 -212.644 74.448 254.791 -215.495 71.172
3 0 254.897 -216.032 71.581 254.791 -215.495 71.172 255.703 -212.644 74.448
3 0 255.703 -212.644 74.448 255.806 -213.145 74.901 254.897 -216.032 71.581
3 0 254.747 -216.515 72.039 254.897 -216.032 71.581 255.806 -213.145 74.901
3 0 255.806 -213.145 74.901 255.646 -213.604 75.381 254.747 -216.515 72.039
3 0 254.363 -216.872 72.477 254.747 -216.515 72.039 255.646 -213.604 75.381
3 0 255.646 -213.604 75.381 255.249 -213.952 75.814 254.363 -216.872 72.477
3 0 253.805 -217.048 72.828 254.363 -216.872 72.477 255.249 -213.952 75.814
3 0 255.249 -213.952 75.814 254.674 -214.135 76.134 253.805 -217.048 72.828
3 0 253.156 -217.016 73.038 253.805 -217.048 72.828 254.674 -214.135 76.134
3 0 254.674 -214.135 76.134 254.011 -214.126 76.293 253.156 -217.016 73.038
3 0 252.516 -216.781 73.076 253.156 -217.016 73.038 254.011 -214.126 76.293
3 0 254.011 -214.126 76.293 253.358 -213.927 76.267 252.516 -216.781 73.076
3 0 251.982 -216.379 72.936 252.516 -216.781 73.076 253.358 -213.927 76.267
3 0 253.358 -213.927 76.267 252.816 -213.567 76.059 251.982 -216.379 72.936
3 0 251.636 -215.872 72.639 251.982 -216.379 72.936 252.816 -213.567 76.059
3 0 252.816 -213.567 76.059 252.468 -213.101 75.702 251.636 -215.872 72.639
3 0 251.529 -215.335 72.230 251.636 -215.872 72.639 252.468 -213.101 75.702
3 0 252.468 -213.101 75.702 252.366 -212.601 75.249 251.529 -215.335 72.230
3 0 251.679 -214.852 71.772 251.529 -215.335 72.230 252.366 -212.601 75.249
3 0 252.366 -212.601 75.249 252.525 -212.141 74.769 251.679 -214.852 71.772
3 0 248.261 -212.717 66.398 248.782 -213.152 66.467 250.007 -210.993 69.163
3 0 250.007 -210.993 69.163 249.473 -210.591 69.023 248.261 -212.717 66.398
3 0 247.920 -212.172 66.166 248.261 -212.717 66.398 249.473 -210.591 69.023
3 0 249.473 -210.591 69.023 249.127 -210.083 68.725 247.920 -212.172 66.166
3 0 247.811 -211.602 65.806 247.920 -212.172 66.166 249.127 -210.083 68.725
3 0 249.127 -210.083 68.725 249.020 -209.547 68.317 247.811 -211.602 65.806
3 0 247.951 -211.093 65.374 247.811 -211.602 65.806 249.020 -209.547 68.317
3 0 249.020 -209.547 68.317 249.170 -209.063 67.858 247.951 -211.093 65.374
3 0 248.319 -210.722 64.934 247.951 -211.093 65.374 249.170 -209.063 67.858
3 0 249.170 -209.063 67.858 249.554 -208.706 67.421 248.319 -210.722 64.934
3 0 248.858 -210.546 64.554 248.319 -210.722 64.934 249.554 -208.706 67.421
3 0 249.554 -208.706 67.421 250.113 -208.531 67.070 248.858 -210.546 64.554
3 0 249.487 -210.592 64.291 248.858 -210.546 64.554 250.113 -208.531 67.070
3 0 250.113 -208.531 67.070 250.762 -208.562 66.859 249.487 -210.592 64.291
3 0 250.109 -210.852 64.187 249.487 -210.592 64.291 250.762 -208.562 66.859
3 0 250.762 -208.562 66.859 251.402 -208.797 66.821 250.109 -210.852 64.187
3 0 250.631 -211.287 64.255 250.109 -210.852 64.187 251.402 -208.797 66.821
3 0 251.402 -208.797 66.821 251.936 -209.199 66.962 250.631 -211.287 64.255
3 0 250.972 -211.831 64.487 250.631 -211.287 64.255 251.936 -209.199 66.962
3 0 251.936 -209.199 66.962 252.282 -209.707 67.259 250.972 -211.831 64.487
3 0 251.081 -212.402 64.847 250.972 -211.831 64.487 252.282 -209.707 67.259
3 0 252.282 -209.707 67.259 252.388 -210.243 67.668 251.081 -212.402 64.847
3 0 250.940 -212.911 65.279 251.081 -212.402 64.847 252.388 -210.243 67.668
3 0 252.388 -210.243 67.668 252.238 -210.727 68.126 250.940 -212.911 65.279
3 0 250.309 -212.521 70.327 249.092 -214.776 67.491 249.614 -215.211 67.559
3 0 249.614 -215.211 67.559 250.843 -212.923 70.468 250.309 -212.521 70.327
3 0 249.963 -212.013 70.030 248.751 -214.232 67.259 249.092 -214.776 67.491
3 0 249.092 -214.776 67.491 250.309 -212.521 70.327 249.963 -212.013 70.030
3 0 249.857 -211.476 69.621 248.642 -213.661 66.899 248.751 -214.232 67.259
3 0 248.751 -214.232 67.259 249.963 -212.013 70.030 249.857 -211.476 69.621
3 0 250.007 -210.993 69.163 248.782 -213.152 66.467 248.642 -213.661 66.899
3 0 248.642 -213.661 66.899 249.857 -211.476 69.621 250.007 -210.993 69.163
3 0 252.772 -211.129 68.266 251.462 -213.346 65.348 250.940 -212.911 65.279
3 0 250.940 -212.911 65.279 252.238 -210.727 68.126 252.772 -211.129 68.266
3 0 253.118 -211.637 68.564 251.803 -213.891 65.580 251.462 -213.346 65.348
3 0 251.462 -213.346 65.348 252.772 -211.129 68.266 253.118 -211.637 68.564
3 0 253.225 -212.173 68.972 251.912 -214.461 65.939 251.803 -213.891 65.580
3 0 251.803 -213.891 65.580 253.118 -211.637 68.564 253.225 -212.173 68.972
3 0 253.075 -212.657 69.431 251.772 -214.970 66.372 251.912 -214.461 65.939
3 0 251.912 -214.461 65.939 253.225 -212.173 68.972 253.075 -212.657 69.431
3 0 251.145 -214.450 71.631 249.923 -216.834 68.583 250.445 -217.270 68.652
3 0 250.445 -217.270 68.652 251.679 -214.852 71.772 251.145 -214.450 71.631
3 0 250.799 -213.942 71.334 249.582 -216.290 68.351 249.923 -216.834 68.583
3 0 249.923 -216.834 68.583 251.145 -214.450 71.631 250.799 -213.942 71.334
3 0 250.693 -213.405 70.925 249.473 -215.720 67.992 249.582 -216.290 68.351
3 0 249.582 -216.290 68.351 250.799 -213.942 71.334 250.693 -213.405 70.925
3 0 250.843 -212.923 70.468 249.614 -215.211 67.559 249.473 -215.720 67.992
3 0 249.473 -215.720 67.992 250.693 -213.405 70.925 250.843 -212.923 70.468
3 0 253.608 -213.058 69.570 252.293 -215.405 66.440 251.772 -214.970 66.372
3 0 251.772 -214.970 66.372 253.075 -212.657 69.431 253.608 -213.058 69.570
3 0 253.955 -213.566 69.868 252.634 -215.949 66.672 252.293 -215.405 66.440
3 0 252.293 -215.405 66.440 253.608 -213.058 69.570 253.955 -213.566 69.868
3 0 254.061 -214.102 70.276 252.743 -216.519 67.032 252.634 -215.949 66.672
3 0 252.634 -215.949 66.672 253.955 -213.566 69.868 254.061 -214.102 70.276
3 0 253.911 -214.585 70.735 252.603 -217.028 67.464 252.743 -216.519 67.032
3 0 252.743 -216.519 67.032 254.061 -214.102 70.276 253.911 -214.585 70.735
3 0 253.124 -217.464 67.533 252.603 -217.028 67.464 253.911 -214.585 70.735
3 0 253.911 -214.585 70.735 254.445 -214.987 70.875 253.124 -217.464 67.533
3 0 253.465 -218.008 67.765 253.124 -217.464 67.533 254.445 -214.987 70.875
3 0 254.445 -214.987 70.875 254.791 -215.495 71.172 253.465 -218.008 67.765
3 0 253.574 -218.578 68.125 253.465 -218.008 67.765 254.791 -215.495 71.172
3 0 254.791 -215.495 71.172 254.897 -216.032 71.581 253.574 -218.578 68.125
3 0 253.434 -219.088 68.557 253.574 -218.578 68.125 254.897 -216.032 71.581
3 0 254.897 -216.032 71.581 254.747 -216.515 72.039 253.434 -219.088 68.557
3 0 253.066 -219.459 68.997 253.434 -219.088 68.557 254.747 -216.515 72.039
3 0 254.747 -216.515 72.039 254.363 -216.872 72.477 253.066 -219.459 68.997
3 0 252.527 -219.635 69.377 253.066 -219.459 68.997 254.363 -216.872 72.477
3 0 254.363 -216.872 72.477 253.805 -217.048 72.828 252.527 -219.635 69.377
3 0 251.898 -219.589 69.640 252.527 -219.635 69.377 253.805 -217.048 72.828
3 0 253.805 -217.048 72.828 253.156 -217.016 73.038 251.898 -219.589 69.640
3 0 251.276 -219.329 69.744 251.898 -219.589 69.640 253.156 -217.016 73.038
3 0 253.156 -217.016 73.038 252.516 -216.781 73.076 251.276 -219.329 69.744
3 0 250.754 -218.893 69.676 251.276 -219.329 69.744 252.516 -216.781 73.076
3 0 252.516 -216.781 73.076 251.982 -216.379 72.936 250.754 -218.893 69.676
3 0 250.413 -218.349 69.444 250.754 -218.893 69.676 251.982 -216.379 72.936
3 0 251.982 -216.379 72.936 251.636 -215.872 72.639 250.413 -218.349 69.444
3 0 250.305 -217.779 69.084 250.413 -218.349 69.444 251.636 -215.872 72.639
3 0 251.636 -215.872 72.639 251.529 -215.335 72.230 250.305 -217.779 69.084
3 0 250.445 -217.270 68.652 250.305 -217.779 69.084 251.529 -215.335 72.230
3 0 251.529 -215.335 72.230 251.679 -214.852 71.772 250.445 -217.270 68.652
3 0 246.755 -214.640 63.708 247.264 -215.096 63.708 248.782 -213.152 66.467
3 0 248.782 -213.152 66.467 248.261 -212.717 66.398 246.755 -214.640 63.708
3 0 246.420 -214.070 63.540 246.755 -214.640 63.708 248.261 -212.717 66.398
3 0 248.261 -212.717 66.398 247.920 -212.172 66.166 246.420 -214.070 63.540
3 0 246.308 -213.472 63.230 246.420 -214.070 63.540 247.920 -212.172 66.166
3 0 247.920 -212.172 66.166 247.811 -211.602 65.806 246.308 -213.472 63.230
3 0 246.437 -212.937 62.826 246.308 -213.472 63.230 247.811 -211.602 65.806
3 0 247.811 -211.602 65.806 247.951 -211.093 65.374 246.437 -212.937 62.826
3 0 246.787 -212.547 62.388 246.437 -212.937 62.826 247.951 -211.093 65.374
3 0 247.951 -211.093 65.374 248.319 -210.722 64.934 246.787 -212.547 62.388
3 0 247.305 -212.361 61.984 246.787 -212.547 62.388 248.319 -210.722 64.934
3 0 248.319 -210.722 64.934 248.858 -210.546 64.554 247.305 -212.361 61.984
3 0 247.912 -212.408 61.674 247.305 -212.361 61.984 248.858 -210.546 64.554
3 0 248.858 -210.546 64.554 249.487 -210.592 64.291 247.912 -212.408 61.674
3 0 248.515 -212.680 61.507 247.912 -212.408 61.674 249.487 -210.592 64.291
3 0 249.487 -210.592 64.291 250.109 -210.852 64.187 248.515 -212.680 61.507
3 0 249.024 -213.136 61.507 248.515 -212.680 61.507 250.109 -210.852 64.187
3 0 250.109 -210.852 64.187 250.631 -211.287 64.255 249.024 -213.136 61.507
3 0 249.359 -213.707 61.675 249.024 -213.136 61.507 250.631 -211.287 64.255
3 0 250.631 -211.287 64.255 250.972 -211.831 64.487 249.359 -213.707 61.675
3 0 249.471 -214.305 61.985 249.359 -213.707 61.675 250.972 -211.831 64.487
3 0 250.972 -211.831 64.487 251.081 -212.402 64.847 249.471 -214.305 61.985
3 0 249.342 -214.839 62.390 249.471 -214.305 61.985 251.081 -212.402 64.847
3 0 251.081 -212.402 64.847 250.940 -212.911 65.279 249.342 -214.839 62.390
3 0 249.092 -214.776 67.491 247.582 -216.799 64.591 248.090 -217.255 64.591
3 0 248.090 -217.255 64.591 249.614 -215.211 67.559 249.092 -214.776 67.491
3 0 248.751 -214.232 67.259 247.247 -216.229 64.423 247.582 -216.799 64.591
3 0 247.582 -216.799 64.591 249.092 -214.776 67.491 248.751 -214.232 67.259
3 0 248.642 -213.661 66.899 247.135 -215.631 64.113 247.247 -216.229 64.423
3 0 247.247 -216.229 64.423 248.751 -214.232 67.259 248.642 -213.661 66.899
3 0 248.782 -213.152 66.467 247.264 -215.096 63.708 247.135 -215.631 64.113
3 0 247.135 -215.631 64.113 248.642 -213.661 66.899 248.782 -213.152 66.467
3 0 251.462 -213.346 65.348 249.850 -215.296 62.390 249.342 -214.839 62.390
3 0 249.342 -214.839 62.390 250.940 -212.911 65.279 251.462 -213.346 65.348
3 0 251.803 -213.891 65.580 250.186 -215.866 62.558 249.850 -215.296 62.390
3 0 249.850 -215.296 62.390 251.462 -213.346 65.348 251.803 -213.891 65.580
3 0 251.912 -214.461 65.939 250.298 -216.464 62.868 250.186 -215.866 62.558
3 0 250.186 -215.866 62.558 251.803 -213.891 65.580 251.912 -214.461 65.939
3 0 251.772 -214.970 66.372 250.169 -216.999 63.272 250.298 -216.464 62.868
3 0 250.298 -216.464 62.868 251.912 -214.461 65.939 251.772 -214.970 66.372
3 0 249.923 -216.834 68.583 248.409 -218.958 65.473 248.917 -219.414 65.474
3 0 248.917 -219.414 65.474 250.445 -217.270 68.652 249.923 -216.834 68.583
3 0 249.582 -216.290 68.351 248.073 -218.387 65.305 248.409 -218.958 65.473
3 0 248.409 -218.958 65.473 249.923 -216.834 68.583 249.582 -216.290 68.351
3 0 249.473 -215.720 67.992 247.961 -217.789 64.996 248.073 -218.387 65.305
3 0 248.073 -218.387 65.305 249.582 -216.290 68.351 249.473 -215.720 67.992
3 0 249.614 -215.211 67.559 248.090 -217.255 64.591 247.961 -217.789 64.996
3 0 247.961 -217.789 64.996 249.473 -215.720 67.992 249.614 -215.211 67.559
3 0 252.293 -215.405 66.440 250.677 -217.454 63.272 250.169 -216.999 63.272
3 0 250.169 -216.999 63.272 251.772 -214.970 66.372 252.293 -215.405 66.440
3 0 252.634 -215.949 66.672 251.012 -218.025 63.440 250.677 -217.454 63.272
3 0 250.677 -217.454 63.272 252.293 -215.405 66.440 252.634 -215.949 66.672
3 0 252.743 -216.519 67.032 251.124 -218.623 63.750 251.012 -218.025 63.440
3 0 251.012 -218.025 63.440 252.634 -215.949 66.672 252.743 -216.519 67.032
3 0 252.603 -217.028 67.464 250.995 -219.157 64.155 251.124 -218.623 63.750
3 0 251.124 -218.623 63.750 252.743 -216.519 67.032 252.603 -217.028 67.464
3 0 251.503 -219.614 64.155 250.995 -219.157 64.155 252.603 -217.028 67.464
3 0 252.603 -217.028 67.464 253.124 -217.464 67.533 251.503 -219.614 64.155
3 0 251.839 -220.184 64.323 251.503 -219.614 64.155 253.124 -217.464 67.533
3 0 253.124 -217.464 67.533 253.465 -218.008 67.765 251.839 -220.184 64.323
3 0 251.951 -220.782 64.633 251.839 -220.184 64.323 253.465 -218.008 67.765
3 0 253.465 -218.008 67.765 253.574 -218.578 68.125 251.951 -220.782 64.633
3 0 251.822 -221.317 65.037 251.951 -220.782 64.633 253.574 -218.578 68.125
3 0 253.574 -218.578 68.125 253.434 -219.088 68.557 251.822 -221.317 65.037
3 0 251.472 -221.707 65.475 251.822 -221.317 65.037 253.434 -219.088 68.557
3 0 253.434 -219.088 68.557 253.066 -219.459 68.997 251.472 -221.707 65.475
3 0 250.954 -221.892 65.880 251.472 -221.707 65.475 253.066 -219.459 68.997
3 0 253.066 -219.459 68.997 252.527 -219.635 69.377 250.954 -221.892 65.880
3 0 250.347 -221.845 66.189 250.954 -221.892 65.880 252.527 -219.635 69.377
3 0 252.527 -219.635 69.377 251.898 -219.589 69.640 250.347 -221.845 66.189
3 0 249.744 -221.573 66.356 250.347 -221.845 66.189 251.898 -219.589 69.640
3 0 251.898 -219.589 69.640 251.276 -219.329 69.744 249.744 -221.573 66.356
3 0 249.235 -221.117 66.356 249.744 -221.573 66.356 251.276 -219.329 69.744
3 0 251.276 -219.329 69.744 250.754 -218.893 69.676 249.235 -221.117 66.356
3 0 248.900 -220.547 66.188 249.235 -221.117 66.356 250.754 -218.893 69.676
3 0 250.754 -218.893 69.676 250.413 -218.349 69.444 248.900 -220.547 66.188
3 0 248.788 -219.949 65.878 248.900 -220.547 66.188 250.413 -218.349 69.444
3 0 250.413 -218.349 69.444 250.305 -217.779 69.084 248.788 -219.949 65.878
3 0 248.917 -219.414 65.474 248.788 -219.949 65.878 250.305 -217.779 69.084
3 0 250.305 -217.779 69.084 250.445 -217.270 68.652 248.917 -219.414 65.474
3 0 244.975 -216.338 61.004 245.470 -216.803 60.935 247.264 -215.096 63.708
3 0 247.264 -215.096 63.708 246.755 -214.640 63.708 244.975 -216.338 61.004
3 0 244.644 -215.749 60.903 244.975 -216.338 61.004 246.755 -214.640 63.708
3 0 246.755 -214.640 63.708 246.420 -214.070 63.540 244.644 -215.749 60.903
3 0 244.527 -215.127 60.648 244.644 -215.749 60.903 246.420 -214.070 63.540
3 0 246.420 -214.070 63.540 246.308 -213.472 63.230 244.527 -215.127 60.648
3 0 244.642 -214.566 60.276 244.527 -215.127 60.648 246.308 -213.472 63.230
3 0 246.308 -213.472 63.230 246.437 -212.937 62.826 244.642 -214.566 60.276
3 0 244.972 -214.151 59.845 244.642 -214.566 60.276 246.437 -212.937 62.826
3 0 246.437 -212.937 62.826 246.787 -212.547 62.388 244.972 -214.151 59.845
3 0 245.466 -213.946 59.421 244.972 -214.151 59.845 246.787 -212.547 62.388
3 0 246.787 -212.547 62.388 247.305 -212.361 61.984 245.466 -213.946 59.421
3 0 246.049 -213.982 59.067 245.466 -213.946 59.421 247.305 -212.361 61.984
3 0 247.305 -212.361 61.984 247.912 -212.408 61.674 246.049 -213.982 59.067
3 0 246.632 -214.253 58.839 246.049 -213.982 59.067 247.912 -212.408 61.674
3 0 247.912 -212.408 61.674 248.515 -212.680 61.507 246.632 -214.253 58.839
3 0 247.127 -214.719 58.769 246.632 -214.253 58.839 248.515 -212.680 61.507
3 0 248.515 -212.680 61.507 249.024 -213.136 61.507 247.127 -214.719 58.769
3 0 247.458 -215.307 58.870 247.127 -214.719 58.769 249.024 -213.136 61.507
3 0 249.024 -213.136 61.507 249.359 -213.707 61.675 247.458 -215.307 58.870
3 0 247.575 -215.930 59.126 247.458 -215.307 58.870 249.359 -213.707 61.675
3 0 249.359 -213.707 61.675 249.471 -214.305 61.985 247.575 -215.930 59.126
3 0 247.460 -216.491 59.498 247.575 -215.930 59.126 249.471 -214.305 61.985
3 0 249.471 -214.305 61.985 249.342 -214.839 62.390 247.460 -216.491 59.498
3 0 247.582 -216.799 64.591 245.802 -218.575 61.663 246.297 -219.041 61.594
3 0 246.297 -219.041 61.594 248.090 -217.255 64.591 247.582 -216.799 64.591
3 0 247.247 -216.229 64.423 245.471 -217.987 61.562 245.802 -218.575 61.663
3 0 245.802 -218.575 61.663 247.582 -216.799 64.591 247.247 -216.229 64.423
3 0 247.135 -215.631 64.113 245.354 -217.364 61.307 245.471 -217.987 61.562
3 0 245.471 -217.987 61.562 247.247 -216.229 64.423 247.135 -215.631 64.113
3 0 247.264 -215.096 63.708 245.470 -216.803 60.935 245.354 -217.364 61.307
3 0 245.354 -217.364 61.307 247.135 -215.631 64.113 247.264 -215.096 63.708
3 0 249.850 -215.296 62.390 247.955 -216.956 59.429 247.460 -216.491 59.498
3 0 247.460 -216.491 59.498 249.342 -214.839 62.390 249.850 -215.296 62.390
3 0 250.186 -215.866 62.558 248.286 -217.545 59.530 247.955 -216.956 59.429
3 0 247.955 -216.956 59.429 249.850 -215.296 62.390 250.186 -215.866 62.558
3 0 250.298 -216.464 62.868 248.402 -218.167 59.785 248.286 -217.545 59.530
3 0 248.286 -217.545 59.530 250.186 -215.866 62.558 250.298 -216.464 62.868
3 0 250.169 -216.999 63.272 248.287 -218.728 60.157 248.402 -218.167 59.785
3 0 248.402 -218.167 59.785 250.298 -216.464 62.868 250.169 -216.999 63.272
3 0 248.409 -218.958 65.473 246.629 -220.812 62.322 247.124 -221.277 62.253
3 0 247.124 -221.277 62.253 248.917 -219.414 65.474 248.409 -218.958 65.473
3 0 248.073 -218.387 65.305 246.298 -220.223 62.221 246.629 -220.812 62.322
3 0 246.629 -220.812 62.322 248.409 -218.958 65.473 248.073 -218.387 65.305
3 0 247.961 -217.789 64.996 246.181 -219.601 61.966 246.298 -220.223 62.221
3 0 246.298 -220.223 62.221 248.073 -218.387 65.305 247.961 -217.789 64.996
3 0 248.090 -217.255 64.591 246.297 -219.041 61.594 246.181 -219.601 61.966
3 0 246.181 -219.601 61.966 247.961 -217.789 64.996 248.090 -217.255 64.591
3 0 250.677 -217.454 63.272 248.782 -219.193 60.088 248.287 -218.728 60.157
3 0 248.287 -218.728 60.157 250.169 -216.999 63.272 250.677 -217.454 63.272
3 0 251.012 -218.025 63.440 249.113 -219.781 60.189 248.782 -219.193 60.088
3 0 248.782 -219.193 60.088 250.677 -217.454 63.272 251.012 -218.025 63.440
3 0 251.124 -218.623 63.750 249.229 -220.404 60.444 249.113 -219.781 60.189
3 0 249.113 -219.781 60.189 251.012 -218.025 63.440 251.124 -218.623 63.750
3 0 250.995 -219.157 64.155 249.114 -220.965 60.816 249.229 -220.404 60.444
3 0 249.229 -220.404 60.444 251.124 -218.623 63.750 250.995 -219.157 64.155
3 0 249.609 -221.430 60.747 249.114 -220.965 60.816 250.995 -219.157 64.155
3 0 250.995 -219.157 64.155 251.503 -219.614 64.155 249.609 -221.430 60.747
3 0 249.940 -222.019 60.848 249.609 -221.430 60.747 251.503 -219.614 64.155
3 0 251.503 -219.614 64.155 251.839 -220.184 64.323 249.940 -222.019 60.848
3 0 250.057 -222.641 61.103 249.940 -222.019 60.848 251.839 -220.184 64.323
3 0 251.839 -220.184 64.323 251.951 -220.782 64.633 250.057 -222.641 61.103
3 0 249.941 -223.202 61.475 250.057 -222.641 61.103 251.951 -220.782 64.633
3 0 251.951 -220.782 64.633 251.822 -221.317 65.037 249.941 -223.202 61.475
3 0 249.612 -223.617 61.906 249.941 -223.202 61.475 251.822 -221.317 65.037
3 0 251.822 -221.317 65.037 251.472 -221.707 65.475 249.612 -223.617 61.906
3 0 249.118 -223.822 62.330 249.612 -223.617 61.906 251.472 -221.707 65.475
3 0 251.472 -221.707 65.475 250.954 -221.892 65.880 249.118 -223.822 62.330
3 0 248.534 -223.786 62.684 249.118 -223.822 62.330 250.954 -221.892 65.880
3 0 250.954 -221.892 65.880 250.347 -221.845 66.189 248.534 -223.786 62.684
3 0 247.951 -223.515 62.912 248.534 -223.786 62.684 250.347 -221.845 66.189
3 0 250.347 -221.845 66.189 249.744 -221.573 66.356 247.951 -223.515 62.912
3 0 247.456 -223.049 62.982 247.951 -223.515 62.912 249.744 -221.573 66.356
3 0 249.744 -221.573 66.356 249.235 -221.117 66.356 247.456 -223.049 62.982
3 0 247.125 -222.461 62.881 247.456 -223.049 62.982 249.235 -221.117 66.356
3 0 249.235 -221.117 66.356 248.900 -220.547 66.188 247.125 -222.461 62.881
3 0 247.009 -221.839 62.625 247.125 -222.461 62.881 248.900 -220.547 66.188
3 0 248.900 -220.547 66.188 248.788 -219.949 65.878 247.009 -221.839 62.625
3 0 247.124 -221.277 62.253 247.009 -221.839 62.625 248.788 -219.949 65.878
3 0 248.788 -219.949 65.878 248.917 -219.414 65.474 247.124 -221.277 62.253
3 0 243.432 -218.289 58.152 245.470 -216.803 60.935 244.975 -216.338 61.004
3 0 244.975 -216.338 61.004 242.948 -217.827 58.287 243.432 -218.289 58.152
3 0 242.948 -217.827 58.287 244.975 -216.338 61.004 244.644 -215.749 60.903
3 0 244.644 -215.749 60.903 242.618 -217.230 58.251 242.948 -217.827 58.287
3 0 242.618 -217.230 58.251 244.644 -215.749 60.903 244.527 -215.127 60.648
3 0 244.527 -215.127 60.648 242.493 -216.590 58.050 242.618 -217.230 58.251
3 0 242.493 -216.590 58.050 244.527 -215.127 60.648 244.642 -214.566 60.276
3 0 244.642 -214.566 60.276 242.592 -216.003 57.715 242.493 -216.590 58.050
3 0 242.592 -216.003 57.715 244.642 -214.566 60.276 244.972 -214.151 59.845
3 0 244.972 -214.151 59.845 242.899 -215.559 57.297 242.592 -216.003 57.715
3 0 242.899 -215.559 57.297 244.972 -214.151 59.845 245.466 -213.946 59.421
3 0 245.466 -213.946 59.421 243.369 -215.326 56.859 242.899 -215.559 57.297
3 0 243.369 -215.326 56.859 245.466 -213.946 59.421 246.049 -213.982 59.067
3 0 246.049 -213.982 59.067 243.929 -215.340 56.469 243.369 -215.326 56.859
3 0 243.929 -215.340 56.469 246.049 -213.982 59.067 246.632 -214.253 58.839
3 0 246.632 -214.253 58.839 244.494 -215.597 56.185 243.929 -215.340 56.469
3 0 244.494 -215.597 56.185 246.632 -214.253 58.839 247.127 -214.719 58.769
3 0 247.127 -214.719 58.769 244.978 -216.059 56.050 244.494 -215.597 56.185
3 0 244.978 -216.059 56.050 247.127 -214.719 58.769 247.458 -215.307 58.870
3 0 247.458 -215.307 58.870 245.308 -216.656 56.086 244.978 -216.059 56.050
3 0 245.308 -216.656 56.086 247.458 -215.307 58.870 247.575 -215.930 59.126
3 0 247.575 -215.930 59.126 245.433 -217.297 56.287 245.308 -216.656 56.086
3 0 245.433 -217.297 56.287 247.575 -215.930 59.126 247.460 -216.491 59.498
3 0 247.460 -216.491 59.498 245.334 -217.883 56.622 245.433 -217.297 56.287
3 0 243.788 -220.114 58.724 244.272 -220.576 58.590 246.297 -219.041 61.594
3 0 246.297 -219.041 61.594 245.802 -218.575 61.663 243.788 -220.114 58.724
3 0 243.458 -219.517 58.688 243.788 -220.114 58.724 245.802 -218.575 61.663
3 0 245.802 -218.575 61.663 245.471 -217.987 61.562 243.458 -219.517 58.688
3 0 243.333 -218.876 58.487 243.458 -219.517 58.688 245.471 -217.987 61.562
3 0 245.471 -217.987 61.562 245.354 -217.364 61.307 243.333 -218.876 58.487
3 0 243.432 -218.289 58.152 243.333 -218.876 58.487 245.354 -217.364 61.307
3 0 245.354 -217.364 61.307 245.470 -216.803 60.935 243.432 -218.289 58.152
3 0 245.818 -218.346 56.488 245.334 -217.883 56.622 247.460 -216.491 59.498
3 0 247.460 -216.491 59.498 247.955 -216.956 59.429 245.818 -218.346 56.488
3 0 246.148 -218.943 56.523 245.818 -218.346 56.488 247.955 -216.956 59.429
3 0 247.955 -216.956 59.429 248.286 -217.545 59.530 246.148 -218.943 56.523
3 0 246.273 -219.583 56.724 246.148 -218.943 56.523 248.286 -217.545 59.530
3 0 248.286 -217.545 59.530 248.402 -218.167 59.785 246.273 -219.583 56.724
3 0 246.174 -220.170 57.059 246.273 -219.583 56.724 248.402 -218.167 59.785
3 0 248.402 -218.167 59.785 248.287 -218.728 60.157 246.174 -220.170 57.059
3 0 244.628 -222.399 59.161 245.112 -222.862 59.027 247.124 -221.277 62.253
3 0 247.124 -221.277 62.253 246.629 -220.812 62.322 244.628 -222.399 59.161
3 0 244.298 -221.803 59.125 244.628 -222.399 59.161 246.629 -220.812 62.322
3 0 246.629 -220.812 62.322 246.298 -220.223 62.221 244.298 -221.803 59.125
3 0 244.173 -221.162 58.924 244.298 -221.803 59.125 246.298 -220.223 62.221
3 0 246.298 -220.223 62.221 246.181 -219.601 61.966 244.173 -221.162 58.924
3 0 244.272 -220.576 58.590 244.173 -221.162 58.924 246.181 -219.601 61.966
3 0 246.181 -219.601 61.966 246.297 -219.041 61.594 244.272 -220.576 58.590
3 0 246.658 -220.631 56.925 246.174 -220.170 57.059 248.287 -218.728 60.157
3 0 248.287 -218.728 60.157 248.782 -219.193 60.088 246.658 -220.631 56.925
3 0 246.988 -221.228 56.961 246.658 -220.631 56.925 248.782 -219.193 60.088
3 0 248.782 -219.193 60.088 249.113 -219.781 60.189 246.988 -221.228 56.961
3 0 247.113 -221.869 57.161 246.988 -221.228 56.961 249.113 -219.781 60.189
3 0 249.113 -219.781 60.189 249.229 -220.404 60.444 247.113 -221.869 57.161
3 0 247.014 -222.456 57.496 247.113 -221.869 57.161 249.229 -220.404 60.444
3 0 249.229 -220.404 60.444 249.114 -220.965 60.816 247.014 -222.456 57.496
3 0 247.498 -222.918 57.362 247.014 -222.456 57.496 249.114 -220.965 60.816
3 0 249.114 -220.965 60.816 249.609 -221.430 60.747 247.498 -222.918 57.362
3 0 247.828 -223.515 57.398 247.498 -222.918 57.362 249.609 -221.430 60.747
3 0 249.609 -221.430 60.747 249.940 -222.019 60.848 247.828 -223.515 57.398
3 0 247.953 -224.156 57.598 247.828 -223.515 57.398 249.940 -222.019 60.848
3 0 249.940 -222.019 60.848 250.057 -222.641 61.103 247.953 -224.156 57.598
3 0 247.854 -224.742 57.933 247.953 -224.156 57.598 250.057 -222.641 61.103
3 0 250.057 -222.641 61.103 249.941 -223.202 61.475 247.854 -224.742 57.933
3 0 247.854 -224.742 57.933 249.941 -223.202 61.475 249.612 -223.617 61.906
3 0 249.612 -223.617 61.906 247.546 -225.186 58.351 247.854 -224.742 57.933
3 0 247.546 -225.186 58.351 249.612 -223.617 61.906 249.118 -223.822 62.330
3 0 249.118 -223.822 62.330 247.077 -225.419 58.789 247.546 -225.186 58.351
3 0 246.517 -225.406 59.180 247.077 -225.419 58.789 249.118 -223.822 62.330
3 0 249.118 -223.822 62.330 248.534 -223.786 62.684 246.517 -225.406 59.180
3 0 245.952 -225.148 59.464 246.517 -225.406 59.180 248.534 -223.786 62.684
3 0 248.534 -223.786 62.684 247.951 -223.515 62.912 245.952 -225.148 59.464
3 0 245.468 -224.686 59.598 245.952 -225.148 59.464 247.951 -223.515 62.912
3 0 247.951 -223.515 62.912 247.456 -223.049 62.982 245.468 -224.686 59.598
3 0 245.138 -224.089 59.562 245.468 -224.686 59.598 247.456 -223.049 62.982
3 0 247.456 -223.049 62.982 247.125 -222.461 62.881 245.138 -224.089 59.562
3 0 245.013 -223.449 59.362 245.138 -224.089 59.562 247.125 -222.461 62.881
3 0 247.125 -222.461 62.881 247.009 -221.839 62.625 245.013 -223.449 59.362
3 0 245.112 -222.862 59.027 245.013 -223.449 59.362 247.009 -221.839 62.625
3 0 247.009 -221.839 62.625 247.124 -221.277 62.253 245.112 -222.862 59.027
3 0 241.202 -219.594 55.375 243.432 -218.289 58.152 242.948 -217.827 58.287
3 0 242.948 -217.827 58.287 240.725 -219.146 55.570 241.202 -219.594 55.375
3 0 240.725 -219.146 55.570 242.948 -217.827 58.287 242.618 -217.230 58.251
3 0 242.618 -217.230 58.251 240.392 -218.551 55.597 240.725 -219.146 55.570
3 0 240.392 -218.551 55.597 242.618 -217.230 58.251 242.493 -216.590 58.050
3 0 242.493 -216.590 58.050 240.254 -217.898 55.453 240.392 -218.551 55.597
3 0 240.254 -217.898 55.453 242.493 -216.590 58.050 242.592 -216.003 57.715
3 0 242.592 -216.003 57.715 240.332 -217.287 55.158 240.254 -217.898 55.453
3 0 240.332 -217.287 55.158 242.592 -216.003 57.715 242.899 -215.559 57.297
3 0 242.899 -215.559 57.297 240.615 -216.811 54.759 240.332 -217.287 55.158
3 0 240.615 -216.811 54.759 242.899 -215.559 57.297 243.369 -215.326 56.859
3 0 243.369 -215.326 56.859 241.059 -216.542 54.315 240.615 -216.811 54.759
3 0 241.059 -216.542 54.315 243.369 -215.326 56.859 243.929 -215.340 56.469
3 0 243.929 -215.340 56.469 241.597 -216.522 53.895 241.059 -216.542 54.315
3 0 241.597 -216.522 53.895 243.929 -215.340 56.469 244.494 -215.597 56.185
3 0 244.494 -215.597 56.185 242.147 -216.753 53.562 241.597 -216.522 53.895
3 0 242.147 -216.753 53.562 244.494 -215.597 56.185 244.978 -216.059 56.050
3 0 244.978 -216.059 56.050 242.624 -217.200 53.367 242.147 -216.753 53.562
3 0 242.624 -217.200 53.367 244.978 -216.059 56.050 245.308 -216.656 56.086
3 0 245.308 -216.656 56.086 242.957 -217.796 53.340 242.624 -217.200 53.367
3 0 242.957 -217.796 53.340 245.308 -216.656 56.086 245.433 -217.297 56.287
3 0 245.433 -217.297 56.287 243.095 -218.448 53.484 242.957 -217.796 53.340
3 0 243.095 -218.448 53.484 245.433 -217.297 56.287 245.334 -217.883 56.622
3 0 245.334 -217.883 56.622 243.016 -219.059 53.779 243.095 -218.448 53.484
3 0 241.594 -221.453 55.787 242.072 -221.900 55.592 244.272 -220.576 58.590
3 0 244.272 -220.576 58.590 243.788 -220.114 58.724 241.594 -221.453 55.787
3 0 241.261 -220.858 55.814 241.594 -221.453 55.787 243.788 -220.114 58.724
3 0 243.788 -220.114 58.724 243.458 -219.517 58.688 241.261 -220.858 55.814
3 0 241.124 -220.205 55.670 241.261 -220.858 55.814 243.458 -219.517 58.688
3 0 243.458 -219.517 58.688 243.333 -218.876 58.487 241.124 -220.205 55.670
3 0 241.202 -219.594 55.375 241.124 -220.205 55.670 243.333 -218.876 58.487
3 0 243.333 -218.876 58.487 243.432 -218.289 58.152 241.202 -219.594 55.375
3 0 243.494 -219.507 53.584 243.016 -219.059 53.779 245.334 -217.883 56.622
3 0 245.334 -217.883 56.622 245.818 -218.346 56.488 243.494 -219.507 53.584
3 0 243.827 -220.102 53.557 243.494 -219.507 53.584 245.818 -218.346 56.488
3 0 245.818 -218.346 56.488 246.148 -218.943 56.523 243.827 -220.102 53.557
3 0 243.965 -220.755 53.701 243.827 -220.102 53.557 246.148 -218.943 56.523
3 0 246.148 -218.943 56.523 246.273 -219.583 56.724 243.965 -220.755 53.701
3 0 243.886 -221.366 53.996 243.965 -220.755 53.701 246.273 -219.583 56.724
3 0 246.273 -219.583 56.724 246.174 -220.170 57.059 243.886 -221.366 53.996
3 0 242.464 -223.759 56.004 242.942 -224.206 55.809 245.112 -222.862 59.027
3 0 245.112 -222.862 59.027 244.628 -222.399 59.161 242.464 -223.759 56.004
3 0 242.131 -223.164 56.031 242.464 -223.759 56.004 244.628 -222.399 59.161
3 0 244.628 -222.399 59.161 244.298 -221.803 59.125 242.131 -223.164 56.031
3 0 241.993 -222.511 55.886 242.131 -223.164 56.031 244.298 -221.803 59.125
3 0 244.298 -221.803 59.125 244.173 -221.162 58.924 241.993 -222.511 55.886
3 0 242.072 -221.900 55.592 241.993 -222.511 55.886 244.173 -221.162 58.924
3 0 244.173 -221.162 58.924 244.272 -220.576 58.590 242.072 -221.900 55.592
3 0 244.364 -221.813 53.801 243.886 -221.366 53.996 246.174 -220.170 57.059
3 0 246.174 -220.170 57.059 246.658 -220.631 56.925 244.364 -221.813 53.801
3 0 244.697 -222.408 53.773 244.364 -221.813 53.801 246.658 -220.631 56.925
3 0 246.658 -220.631 56.925 246.988 -221.228 56.961 244.697 -222.408 53.773
3 0 244.834 -223.061 53.918 244.697 -222.408 53.773 246.988 -221.228 56.961
3 0 246.988 -221.228 56.961 247.113 -221.869 57.161 244.834 -223.061 53.918
3 0 244.756 -223.672 54.212 244.834 -223.061 53.918 247.113 -221.869 57.161
3 0 247.113 -221.869 57.161 247.014 -222.456 57.496 244.756 -223.672 54.212
3 0 244.756 -223.672 54.212 247.014 -222.456 57.496 247.498 -222.918 57.362
3 0 247.498 -222.918 57.362 245.234 -224.120 54.017 244.756 -223.672 54.212
3 0 245.234 -224.120 54.017 247.498 -222.918 57.362 247.828 -223.515 57.398
3 0 247.828 -223.515 57.398 245.566 -224.715 53.990 245.234 -224.120 54.017
3 0 245.566 -224.715 53.990 247.828 -223.515 57.398 247.953 -224.156 57.598
3 0 247.953 -224.156 57.598 245.704 -225.368 54.135 245.566 -224.715 53.990
3 0 245.704 -225.368 54.135 247.953 -224.156 57.598 247.854 -224.742 57.933
3 0 247.854 -224.742 57.933 245.626 -225.979 54.429 245.704 -225.368 54.135
3 0 245.626 -225.979 54.429 247.854 -224.742 57.933 247.546 -225.186 58.351
3 0 247.546 -225.186 58.351 245.343 -226.455 54.829 245.626 -225.979 54.429
3 0 245.343 -226.455 54.829 247.546 -225.186 58.351 247.077 -225.419 58.789
3 0 247.077 -225.419 58.789 244.899 -226.724 55.272 245.343 -226.455 54.829
3 0 244.899 -226.724 55.272 247.077 -225.419 58.789 246.517 -225.406 59.180
3 0 246.517 -225.406 59.180 244.361 -226.745 55.693 244.899 -226.724 55.272
3 0 244.361 -226.745 55.693 246.517 -225.406 59.180 245.952 -225.148 59.464
3 0 245.952 -225.148 59.464 243.811 -226.513 56.025 244.361 -226.745 55.693
3 0 243.811 -226.513 56.025 245.952 -225.148 59.464 245.468 -224.686 59.598
3 0 245.468 -224.686 59.598 243.334 -226.066 56.220 243.811 -226.513 56.025
3 0 243.334 -226.066 56.220 245.468 -224.686 59.598 245.138 -224.089 59.562
3 0 245.138 -224.089 59.562 243.001 -225.471 56.248 243.334 -226.066 56.220
3 0 243.001 -225.471 56.248 245.138 -224.089 59.562 245.013 -223.449 59.362
3 0 245.013 -223.449 59.362 242.863 -224.818 56.103 243.001 -225.471 56.248
3 0 242.863 -224.818 56.103 245.013 -223.449 59.362 245.112 -222.862 59.027
3 0 245.112 -222.862 59.027 242.942 -224.206 55.809 242.863 -224.818 56.103
3 0 238.813 -220.744 52.639 241.202 -219.594 55.375 240.725 -219.146 55.570
3 0 240.725 -219.146 55.570 238.338 -220.326 52.897 238.813 -220.744 52.639
3 0 238.338 -220.326 52.897 240.725 -219.146 55.570 240.392 -218.551 55.597
3 0 240.392 -218.551 55.597 237.997 -219.743 52.992 238.338 -220.326 52.897
3 0 237.997 -219.743 52.992 240.392 -218.551 55.597 240.254 -217.898 55.453
3 0 240.254 -217.898 55.453 237.840 -219.083 52.912 237.997 -219.743 52.992
3 0 237.840 -219.083 52.912 240.254 -217.898 55.453 240.332 -217.287 55.158
3 0 240.332 -217.287 55.158 237.892 -218.448 52.667 237.840 -219.083 52.912
3 0 237.892 -218.448 52.667 240.332 -217.287 55.158 240.615 -216.811 54.759
3 0 240.615 -216.811 54.759 238.144 -217.933 52.296 237.892 -218.448 52.667
3 0 238.144 -217.933 52.296 240.615 -216.811 54.759 241.059 -216.542 54.315
3 0 241.059 -216.542 54.315 238.559 -217.618 51.855 238.144 -217.933 52.296
3 0 238.559 -217.618 51.855 241.059 -216.542 54.315 241.597 -216.522 53.895
3 0 241.597 -216.522 53.895 239.073 -217.550 51.411 238.559 -217.618 51.855
3 0 239.073 -217.550 51.411 241.597 -216.522 53.895 242.147 -216.753 53.562
3 0 242.147 -216.753 53.562 239.608 -217.739 51.031 239.073 -217.550 51.411
3 0 239.608 -217.739 51.031 242.147 -216.753 53.562 242.624 -217.200 53.367
3 0 242.624 -217.200 53.367 240.083 -218.158 50.774 239.608 -217.739 51.031
3 0 240.083 -218.158 50.774 242.624 -217.200 53.367 242.957 -217.796 53.340
3 0 242.957 -217.796 53.340 240.424 -218.741 50.678 240.083 -218.158 50.774
3 0 240.424 -218.741 50.678 242.957 -217.796 53.340 243.095 -218.448 53.484
3 0 243.095 -218.448 53.484 240.581 -219.401 50.759 240.424 -218.741 50.678
3 0 240.581 -219.401 50.759 243.095 -218.448 53.484 243.016 -219.059 53.779
3 0 243.016 -219.059 53.779 240.529 -220.036 51.003 240.581 -219.401 50.759
3 0 239.260 -222.623 52.869 239.734 -223.041 52.612 242.072 -221.900 55.592
3 0 242.072 -221.900 55.592 241.594 -221.453 55.787 239.260 -222.623 52.869
3 0 238.918 -222.040 52.964 239.260 -222.623 52.869 241.594 -221.453 55.787
3 0 241.594 -221.453 55.787 241.261 -220.858 55.814 238.918 -222.040 52.964
3 0 238.761 -221.380 52.884 238.918 -222.040 52.964 241.261 -220.858 55.814
3 0 241.261 -220.858 55.814 241.124 -220.205 55.670 238.761 -221.380 52.884
3 0 238.813 -220.744 52.639 238.761 -221.380 52.884 241.124 -220.205 55.670
3 0 241.124 -220.205 55.670 241.202 -219.594 55.375 238.813 -220.744 52.639
3 0 241.004 -220.455 50.746 240.529 -220.036 51.003 243.016 -219.059 53.779
3 0 243.016 -219.059 53.779 243.494 -219.507 53.584 241.004 -220.455 50.746
3 0 241.346 -221.038 50.651 241.004 -220.455 50.746 243.494 -219.507 53.584
3 0 243.494 -219.507 53.584 243.827 -220.102 53.557 241.346 -221.038 50.651
3 0 241.502 -221.698 50.731 241.346 -221.038 50.651 243.827 -220.102 53.557
3 0 243.827 -220.102 53.557 243.965 -220.755 53.701 241.502 -221.698 50.731
3 0 241.451 -222.333 50.976 241.502 -221.698 50.731 243.965 -220.755 53.701
3 0 243.965 -220.755 53.701 243.886 -221.366 53.996 241.451 -222.333 50.976
3 0 240.181 -224.919 52.841 240.655 -225.338 52.584 242.942 -224.206 55.809
3 0 242.942 -224.206 55.809 242.464 -223.759 56.004 240.181 -224.919 52.841
3 0 239.839 -224.336 52.937 240.181 -224.919 52.841 242.464 -223.759 56.004
3 0 242.464 -223.759 56.004 242.131 -223.164 56.031 239.839 -224.336 52.937
3 0 239.682 -223.676 52.856 239.839 -224.336 52.937 242.131 -223.164 56.031
3 0 242.131 -223.164 56.031 241.993 -222.511 55.886 239.682 -223.676 52.856
3 0 239.734 -223.041 52.612 239.682 -223.676 52.856 241.993 -222.511 55.886
3 0 241.993 -222.511 55.886 242.072 -221.900 55.592 239.734 -223.041 52.612
3 0 241.925 -222.751 50.718 241.451 -222.333 50.976 243.886 -221.366 53.996
3 0 243.886 -221.366 53.996 244.364 -221.813 53.801 241.925 -222.751 50.718
3 0 242.266 -223.334 50.623 241.925 -222.751 50.718 244.364 -221.813 53.801
3 0 244.364 -221.813 53.801 244.697 -222.408 53.773 242.266 -223.334 50.623
3 0 242.423 -223.994 50.703 242.266 -223.334 50.623 244.697 -222.408 53.773
3 0 244.697 -222.408 53.773 244.834 -223.061 53.918 242.423 -223.994 50.703
3 0 242.372 -224.629 50.948 242.423 -223.994 50.703 244.834 -223.061 53.918
3 0 244.834 -223.061 53.918 244.756 -223.672 54.212 242.372 -224.629 50.948
3 0 242.372 -224.629 50.948 244.756 -223.672 54.212 245.234 -224.120 54.017
3 0 245.234 -224.120 54.017 242.846 -225.048 50.691 242.372 -224.629 50.948
3 0 242.846 -225.048 50.691 245.234 -224.120 54.017 245.566 -224.715 53.990
3 0 245.566 -224.715 53.990 243.188 -225.631 50.595 242.846 -225.048 50.691
3 0 243.188 -225.631 50.595 245.566 -224.715 53.990 245.704 -225.368 54.135
3 0 245.704 -225.368 54.135 243.345 -226.291 50.675 243.188 -225.631 50.595
3 0 243.345 -226.291 50.675 245.704 -225.368 54.135 245.626 -225.979 54.429
3 0 245.626 -225.979 54.429 243.293 -226.926 50.920 243.345 -226.291 50.675
3 0 243.293 -226.926 50.920 245.626 -225.979 54.429 245.343 -226.455 54.829
3 0 245.343 -226.455 54.829 243.040 -227.441 51.291 243.293 -226.926 50.920
3 0 243.040 -227.441 51.291 245.343 -226.455 54.829 244.899 -226.724 55.272
3 0 244.899 -226.724 55.272 242.625 -227.756 51.732 243.040 -227.441 51.291
3 0 242.625 -227.756 51.732 244.899 -226.724 55.272 244.361 -226.745 55.693
3 0 244.361 -226.745 55.693 242.111 -227.824 52.176 242.625 -227.756 51.732
3 0 242.111 -227.824 52.176 244.361 -226.745 55.693 243.811 -226.513 56.025
3 0 243.811 -226.513 56.025 241.576 -227.634 52.556 242.111 -227.824 52.176
3 0 241.576 -227.634 52.556 243.811 -226.513 56.025 243.334 -226.066 56.220
3 0 243.334 -226.066 56.220 241.102 -227.216 52.813 241.576 -227.634 52.556
3 0 241.102 -227.216 52.813 243.334 -226.066 56.220 243.001 -225.471 56.248
3 0 243.001 -225.471 56.248 240.760 -226.633 52.909 241.102 -227.216 52.813
3 0 240.760 -226.633 52.909 243.001 -225.471 56.248 242.863 -224.818 56.103
3 0 242.863 -224.818 56.103 240.603 -225.973 52.828 240.760 -226.633 52.909
3 0 240.603 -225.973 52.828 242.863 -224.818 56.103 242.942 -224.206 55.809
3 0 242.942 -224.206 55.809 240.655 -225.338 52.584 240.603 -225.973 52.828
3 0 236.274 -221.750 49.952 238.813 -220.744 52.639 238.338 -220.326 52.897
3 0 238.338 -220.326 52.897 235.800 -221.377 50.271 236.274 -221.750 49.952
3 0 235.800 -221.377 50.271 238.338 -220.326 52.897 237.997 -219.743 52.992
3 0 237.997 -219.743 52.992 235.444 -220.819 50.440 235.800 -221.377 50.271
3 0 235.444 -220.819 50.440 237.997 -219.743 52.992 237.840 -219.083 52.912
3 0 237.840 -219.083 52.912 235.260 -220.162 50.433 235.444 -220.819 50.440
3 0 235.260 -220.162 50.433 237.840 -219.083 52.912 237.892 -218.448 52.667
3 0 237.892 -218.448 52.667 235.278 -219.504 50.250 235.260 -220.162 50.433
3 0 235.278 -219.504 50.250 237.892 -218.448 52.667 238.144 -217.933 52.296
3 0 238.144 -217.933 52.296 235.493 -218.947 49.920 235.278 -219.504 50.250
3 0 235.493 -218.947 49.920 238.144 -217.933 52.296 238.559 -217.618 51.855
3 0 238.559 -217.618 51.855 235.873 -218.574 49.492 235.493 -218.947 49.920
3 0 235.873 -218.574 49.492 238.559 -217.618 51.855 239.073 -217.550 51.411
3 0 239.073 -217.550 51.411 236.361 -218.443 49.032 235.873 -218.574 49.492
3 0 236.361 -218.443 49.032 239.073 -217.550 51.411 239.608 -217.739 51.031
3 0 239.608 -217.739 51.031 236.882 -218.574 48.611 236.361 -218.443 49.032
3 0 236.882 -218.574 48.611 239.608 -217.739 51.031 240.083 -218.158 50.774
3 0 240.083 -218.158 50.774 237.356 -218.947 48.291 236.882 -218.574 48.611
3 0 237.356 -218.947 48.291 240.083 -218.158 50.774 240.424 -218.741 50.678
3 0 240.424 -218.741 50.678 237.712 -219.505 48.122 237.356 -218.947 48.291
3 0 237.712 -219.505 48.122 240.424 -218.741 50.678 240.581 -219.401 50.759
3 0 240.581 -219.401 50.759 237.896 -220.162 48.130 237.712 -219.505 48.122
3 0 237.896 -220.162 48.130 240.581 -219.401 50.759 240.529 -220.036 51.003
3 0 240.529 -220.036 51.003 237.879 -220.820 48.313 237.896 -220.162 48.130
3 0 236.797 -223.623 49.973 237.271 -223.995 49.654 239.734 -223.041 52.612
3 0 239.734 -223.041 52.612 239.260 -222.623 52.869 236.797 -223.623 49.973
3 0 236.441 -223.065 50.142 236.797 -223.623 49.973 239.260 -222.623 52.869
3 0 239.260 -222.623 52.869 238.918 -222.040 52.964 236.441 -223.065 50.142
3 0 236.257 -222.407 50.135 236.441 -223.065 50.142 238.918 -222.040 52.964
3 0 238.918 -222.040 52.964 238.761 -221.380 52.884 236.257 -222.407 50.135
3 0 236.274 -221.750 49.952 236.257 -222.407 50.135 238.761 -221.380 52.884
3 0 238.761 -221.380 52.884 238.813 -220.744 52.639 236.274 -221.750 49.952
3 0 238.353 -221.193 47.993 237.879 -220.820 48.313 240.529 -220.036 51.003
3 0 240.529 -220.036 51.003 241.004 -220.455 50.746 238.353 -221.193 47.993
3 0 238.709 -221.750 47.824 238.353 -221.193 47.993 241.004 -220.455 50.746
3 0 241.004 -220.455 50.746 241.346 -221.038 50.651 238.709 -221.750 47.824
3 0 238.893 -222.408 47.832 238.709 -221.750 47.824 241.346 -221.038 50.651
3 0 241.346 -221.038 50.651 241.502 -221.698 50.731 238.893 -222.408 47.832
3 0 238.875 -223.065 48.014 238.893 -222.408 47.832 241.502 -221.698 50.731
3 0 241.502 -221.698 50.731 241.451 -222.333 50.976 238.875 -223.065 48.014
3 0 237.793 -225.867 49.675 238.268 -226.240 49.356 240.655 -225.338 52.584
3 0 240.655 -225.338 52.584 240.181 -224.919 52.841 237.793 -225.867 49.675
3 0 237.437 -225.310 49.844 237.793 -225.867 49.675 240.181 -224.919 52.841
3 0 240.181 -224.919 52.841 239.839 -224.336 52.937 237.437 -225.310 49.844
3 0 237.254 -224.652 49.837 237.437 -225.310 49.844 239.839 -224.336 52.937
3 0 239.839 -224.336 52.937 239.682 -223.676 52.856 237.254 -224.652 49.837
3 0 237.271 -223.995 49.654 237.254 -224.652 49.837 239.682 -223.676 52.856
3 0 239.682 -223.676 52.856 239.734 -223.041 52.612 237.271 -223.995 49.654
3 0 239.350 -223.437 47.695 238.875 -223.065 48.014 241.451 -222.333 50.976
3 0 241.451 -222.333 50.976 241.925 -222.751 50.718 239.350 -223.437 47.695
3 0 239.706 -223.995 47.526 239.350 -223.437 47.695 241.925 -222.751 50.718
3 0 241.925 -222.751 50.718 242.266 -223.334 50.623 239.706 -223.995 47.526
3 0 239.889 -224.653 47.534 239.706 -223.995 47.526 242.266 -223.334 50.623
3 0 242.266 -223.334 50.623 242.423 -223.994 50.703 239.889 -224.653 47.534
3 0 239.872 -225.310 47.716 239.889 -224.653 47.534 242.423 -223.994 50.703
3 0 242.423 -223.994 50.703 242.372 -224.629 50.948 239.872 -225.310 47.716
3 0 239.872 -225.310 47.716 242.372 -224.629 50.948 242.846 -225.048 50.691
3 0 242.846 -225.048 50.691 240.347 -225.683 47.397 239.872 -225.310 47.716
3 0 240.347 -225.683 47.397 242.846 -225.048 50.691 243.188 -225.631 50.595
3 0 243.188 -225.631 50.595 240.703 -226.241 47.228 240.347 -225.683 47.397
3 0 240.703 -226.241 47.228 243.188 -225.631 50.595 243.345 -226.291 50.675
3 0 243.345 -226.291 50.675 240.886 -226.898 47.235 240.703 -226.241 47.228
3 0 240.886 -226.898 47.235 243.345 -226.291 50.675 243.293 -226.926 50.920
3 0 243.293 -226.926 50.920 240.869 -227.556 47.418 240.886 -226.898 47.235
3 0 240.869 -227.556 47.418 243.293 -226.926 50.920 243.040 -227.441 51.291
3 0 243.040 -227.441 51.291 240.654 -228.113 47.749 240.869 -227.556 47.418
3 0 240.654 -228.113 47.749 243.040 -227.441 51.291 242.625 -227.756 51.732
3 0 242.625 -227.756 51.732 240.273 -228.486 48.176 240.654 -228.113 47.749
3 0 240.273 -228.486 48.176 242.625 -227.756 51.732 242.111 -227.824 52.176
3 0 242.111 -227.824 52.176 239.785 -228.617 48.636 240.273 -228.486 48.176
3 0 239.785 -228.617 48.636 242.111 -227.824 52.176 241.576 -227.634 52.556
3 0 241.576 -227.634 52.556 239.265 -228.486 49.057 239.785 -228.617 48.636
3 0 239.265 -228.486 49.057 241.576 -227.634 52.556 241.102 -227.216 52.813
3 0 241.102 -227.216 52.813 238.790 -228.113 49.377 239.265 -228.486 49.057
3 0 238.790 -228.113 49.377 241.102 -227.216 52.813 240.760 -226.633 52.909
3 0 240.760 -226.633 52.909 238.434 -227.555 49.546 238.790 -228.113 49.377
3 0 238.434 -227.555 49.546 240.760 -226.633 52.909 240.603 -225.973 52.828
3 0 240.603 -225.973 52.828 238.251 -226.898 49.538 238.434 -227.555 49.546
3 0 238.251 -226.898 49.538 240.603 -225.973 52.828 240.655 -225.338 52.584
3 0 240.655 -225.338 52.584 238.268 -226.240 49.356 238.251 -226.898 49.538
3 0 233.617 -222.640 47.293 236.274 -221.750 49.952 235.800 -221.377 50.271
3 0 235.800 -221.377 50.271 233.140 -222.331 47.670 233.617 -222.640 47.293
3 0 233.140 -222.331 47.670 235.800 -221.377 50.271 235.444 -220.819 50.440
3 0 235.444 -220.819 50.440 232.764 -221.815 47.913 233.140 -222.331 47.670
3 0 232.764 -221.815 47.913 235.444 -220.819 50.440 235.260 -220.162 50.433
3 0 235.260 -220.162 50.433 232.547 -221.171 47.984 232.764 -221.815 47.913
3 0 232.547 -221.171 47.984 235.260 -220.162 50.433 235.278 -219.504 50.250
3 0 235.278 -219.504 50.250 232.522 -220.498 47.872 232.547 -221.171 47.984
3 0 232.522 -220.498 47.872 235.278 -219.504 50.250 235.493 -218.947 49.920
3 0 235.493 -218.947 49.920 232.693 -219.898 47.595 232.522 -220.498 47.872
3 0 232.693 -219.898 47.595 235.493 -218.947 49.920 235.873 -218.574 49.492
3 0 235.873 -218.574 49.492 233.034 -219.462 47.195 232.693 -219.898 47.595
3 0 233.034 -219.462 47.195 235.873 -218.574 49.492 236.361 -218.443 49.032
3 0 236.361 -218.443 49.032 233.492 -219.256 46.733 233.034 -219.462 47.195
3 0 233.492 -219.256 46.733 236.361 -218.443 49.032 236.882 -218.574 48.611
3 0 236.882 -218.574 48.611 233.999 -219.313 46.278 233.492 -219.256 46.733
3 0 233.999 -219.313 46.278 236.882 -218.574 48.611 237.356 -218.947 48.291
3 0 237.356 -218.947 48.291 234.476 -219.622 45.901 233.999 -219.313 46.278
3 0 234.476 -219.622 45.901 237.356 -218.947 48.291 237.712 -219.505 48.122
3 0 237.712 -219.505 48.122 234.852 -220.138 45.659 234.476 -219.622 45.901
3 0 234.852 -220.138 45.659 237.712 -219.505 48.122 237.896 -220.162 48.130
3 0 237.896 -220.162 48.130 235.069 -220.782 45.588 234.852 -220.138 45.659
3 0 235.069 -220.782 45.588 237.896 -220.162 48.130 237.879 -220.820 48.313
3 0 237.879 -220.820 48.313 235.094 -221.455 45.700 235.069 -220.782 45.588
3 0 234.235 -224.473 47.092 234.713 -224.783 46.715 237.271 -223.995 49.654
3 0 237.271 -223.995 49.654 236.797 -223.623 49.973 234.235 -224.473 47.092
3 0 233.859 -223.957 47.334 234.235 -224.473 47.092 236.797 -223.623 49.973
3 0 236.797 -223.623 49.973 236.441 -223.065 50.142 233.859 -223.957 47.334
3 0 233.642 -223.314 47.405 233.859 -223.957 47.334 236.441 -223.065 50.142
3 0 236.441 -223.065 50.142 236.257 -222.407 50.135 233.642 -223.314 47.405
3 0 233.617 -222.640 47.293 233.642 -223.314 47.405 236.257 -222.407 50.135
3 0 236.257 -222.407 50.135 236.274 -221.750 49.952 233.617 -222.640 47.293
3 0 235.572 -221.765 45.323 235.094 -221.455 45.700 237.879 -220.820 48.313
3 0 237.879 -220.820 48.313 238.353 -221.193 47.993 235.572 -221.765 45.323
3 0 235.947 -222.281 45.080 235.572 -221.765 45.323 238.353 -221.193 47.993
3 0 238.353 -221.193 47.993 238.709 -221.750 47.824 235.947 -222.281 45.080
3 0 236.164 -222.925 45.010 235.947 -222.281 45.080 238.709 -221.750 47.824
3 0 238.709 -221.750 47.824 238.893 -222.408 47.832 236.164 -222.925 45.010
3 0 236.189 -223.598 45.121 236.164 -222.925 45.010 238.893 -222.408 47.832
3 0 238.893 -222.408 47.832 238.875 -223.065 48.014 236.189 -223.598 45.121
3 0 235.330 -226.615 46.513 235.808 -226.925 46.136 238.268 -226.240 49.356
3 0 238.268 -226.240 49.356 237.793 -225.867 49.675 235.330 -226.615 46.513
3 0 234.954 -226.099 46.756 235.330 -226.615 46.513 237.793 -225.867 49.675
3 0 237.793 -225.867 49.675 237.437 -225.310 49.844 234.954 -226.099 46.756
3 0 234.737 -225.455 46.827 234.954 -226.099 46.756 237.437 -225.310 49.844
3 0 237.437 -225.310 49.844 237.254 -224.652 49.837 234.737 -225.455 46.827
3 0 234.713 -224.783 46.715 234.737 -225.455 46.827 237.254 -224.652 49.837
3 0 237.254 -224.652 49.837 237.271 -223.995 49.654 234.713 -224.783 46.715
3 0 236.667 -223.907 44.744 236.189 -223.598 45.121 238.875 -223.065 48.014
3 0 238.875 -223.065 48.014 239.350 -223.437 47.695 236.667 -223.907 44.744
3 0 237.042 -224.423 44.502 236.667 -223.907 44.744 239.350 -223.437 47.695
3 0 239.350 -223.437 47.695 239.706 -223.995 47.526 237.042 -224.423 44.502
3 0 237.259 -225.066 44.431 237.042 -224.423 44.502 239.706 -223.995 47.526
3 0 239.706 -223.995 47.526 239.889 -224.653 47.534 237.259 -225.066 44.431
3 0 237.284 -225.740 44.543 237.259 -225.066 44.431 239.889 -224.653 47.534
3 0 239.889 -224.653 47.534 239.872 -225.310 47.716 237.284 -225.740 44.543
3 0 237.284 -225.740 44.543 239.872 -225.310 47.716 240.347 -225.683 47.397
3 0 240.347 -225.683 47.397 237.762 -226.050 44.166 237.284 -225.740 44.543
3 0 237.762 -226.050 44.166 240.347 -225.683 47.397 240.703 -226.241 47.228
3 0 240.703 -226.241 47.228 238.138 -226.566 43.923 237.762 -226.050 44.166
3 0 238.138 -226.566 43.923 240.703 -226.241 47.228 240.886 -226.898 47.235
3 0 240.886 -226.898 47.235 238.355 -227.209 43.853 238.138 -226.566 43.923
3 0 238.355 -227.209 43.853 240.886 -226.898 47.235 240.869 -227.556 47.418
3 0 240.869 -227.556 47.418 238.380 -227.882 43.964 238.355 -227.209 43.853
3 0 238.380 -227.882 43.964 240.869 -227.556 47.418 240.654 -228.113 47.749
3 0 240.654 -228.113 47.749 238.209 -228.483 44.241 238.380 -227.882 43.964
3 0 238.209 -228.483 44.241 240.654 -228.113 47.749 240.273 -228.486 48.176
3 0 240.273 -228.486 48.176 237.868 -228.919 44.641 238.209 -228.483 44.241
3 0 237.868 -228.919 44.641 240.273 -228.486 48.176 239.785 -228.617 48.636
3 0 239.785 -228.617 48.636 237.410 -229.124 45.104 237.868 -228.919 44.641
3 0 237.410 -229.124 45.104 239.785 -228.617 48.636 239.265 -228.486 49.057
3 0 239.265 -228.486 49.057 236.903 -229.067 45.558 237.410 -229.124 45.104
3 0 236.903 -229.067 45.558 239.265 -228.486 49.057 238.790 -228.113 49.377
3 0 238.790 -228.113 49.377 236.426 -228.758 45.935 236.903 -229.067 45.558
3 0 236.426 -228.758 45.935 238.790 -228.113 49.377 238.434 -227.555 49.546
3 0 238.434 -227.555 49.546 236.050 -228.242 46.177 236.426 -228.758 45.935
3 0 236.050 -228.242 46.177 238.434 -227.555 49.546 238.251 -226.898 49.538
3 0 238.251 -226.898 49.538 235.833 -227.598 46.248 236.050 -228.242 46.177
3 0 235.833 -227.598 46.248 238.251 -226.898 49.538 238.268 -226.240 49.356
3 0 238.268 -226.240 49.356 235.808 -226.925 46.136 235.833 -227.598 46.248
3 0 230.872 -223.448 44.658 233.617 -222.640 47.293 233.140 -222.331 47.670
3 0 233.140 -222.331 47.670 230.391 -223.220 45.085 230.872 -223.448 44.658
3 0 230.391 -223.220 45.085 233.140 -222.331 47.670 232.764 -221.815 47.913
3 0 232.764 -221.815 47.913 229.992 -222.765 45.400 230.391 -223.220 45.085
3 0 229.992 -222.765 45.400 232.764 -221.815 47.913 232.547 -221.171 47.984
3 0 232.547 -221.171 47.984 229.735 -222.151 45.555 229.992 -222.765 45.400
3 0 229.735 -222.151 45.555 232.547 -221.171 47.984 232.522 -220.498 47.872
3 0 232.522 -220.498 47.872 229.660 -221.473 45.526 229.735 -222.151 45.555
3 0 229.660 -221.473 45.526 232.522 -220.498 47.872 232.693 -219.898 47.595
3 0 232.693 -219.898 47.595 229.778 -220.834 45.317 229.660 -221.473 45.526
3 0 229.778 -220.834 45.317 232.693 -219.898 47.595 233.034 -219.462 47.195
3 0 233.034 -219.462 47.195 230.071 -220.330 44.961 229.778 -220.834 45.317
3 0 230.071 -220.330 44.961 233.034 -219.462 47.195 233.492 -219.256 46.733
3 0 233.492 -219.256 46.733 230.495 -220.040 44.511 230.071 -220.330 44.961
3 0 230.495 -220.040 44.511 233.492 -219.256 46.733 233.999 -219.313 46.278
3 0 233.999 -219.313 46.278 230.984 -220.006 44.037 230.495 -220.040 44.511
3 0 230.984 -220.006 44.037 233.999 -219.313 46.278 234.476 -219.622 45.901
3 0 234.476 -219.622 45.901 231.465 -220.234 43.609 230.984 -220.006 44.037
3 0 231.465 -220.234 43.609 234.476 -219.622 45.901 234.852 -220.138 45.659
3 0 234.852 -220.138 45.659 231.865 -220.690 43.294 231.465 -220.234 43.609
3 0 231.865 -220.690 43.294 234.852 -220.138 45.659 235.069 -220.782 45.588
3 0 235.069 -220.782 45.588 232.122 -221.303 43.139 231.865 -220.690 43.294
3 0 232.122 -221.303 43.139 235.069 -220.782 45.588 235.094 -221.455 45.700
3 0 235.094 -221.455 45.700 232.197 -221.981 43.169 232.122 -221.303 43.139
3 0 231.604 -225.196 44.217 232.085 -225.424 43.790 234.713 -224.783 46.715
3 0 234.713 -224.783 46.715 234.235 -224.473 47.092 231.604 -225.196 44.217
3 0 231.204 -224.740 44.532 231.604 -225.196 44.217 234.235 -224.473 47.092
3 0 234.235 -224.473 47.092 233.859 -223.957 47.334 231.204 -224.740 44.532
3 0 230.947 -224.127 44.687 231.204 -224.740 44.532 233.859 -223.957 47.334
3 0 233.859 -223.957 47.334 233.642 -223.314 47.405 230.947 -224.127 44.687
3 0 230.872 -223.448 44.658 230.947 -224.127 44.687 233.642 -223.314 47.405
3 0 233.642 -223.314 47.405 233.617 -222.640 47.293 230.872 -223.448 44.658
3 0 232.678 -222.210 42.741 232.197 -221.981 43.169 235.094 -221.455 45.700
3 0 235.094 -221.455 45.700 235.572 -221.765 45.323 232.678 -222.210 42.741
3 0 233.077 -222.665 42.426 232.678 -222.210 42.741 235.572 -221.765 45.323
3 0 235.572 -221.765 45.323 235.947 -222.281 45.080 233.077 -222.665 42.426
3 0 233.334 -223.279 42.271 233.077 -222.665 42.426 235.947 -222.281 45.080
3 0 235.947 -222.281 45.080 236.164 -222.925 45.010 233.334 -223.279 42.271
3 0 233.409 -223.957 42.301 233.334 -223.279 42.271 236.164 -222.925 45.010
3 0 236.164 -222.925 45.010 236.189 -223.598 45.121 233.409 -223.957 42.301
3 0 232.815 -227.170 43.350 233.297 -227.398 42.922 235.808 -226.925 46.136
3 0 235.808 -226.925 46.136 235.330 -226.615 46.513 232.815 -227.170 43.350
3 0 232.416 -226.715 43.665 232.815 -227.170 43.350 235.330 -226.615 46.513
3 0 235.330 -226.615 46.513 234.954 -226.099 46.756 232.416 -226.715 43.665
3 0 232.159 -226.101 43.820 232.416 -226.715 43.665 234.954 -226.099 46.756
3 0 234.954 -226.099 46.756 234.737 -225.455 46.827 232.159 -226.101 43.820
3 0 232.085 -225.424 43.790 232.159 -226.101 43.820 234.737 -225.455 46.827
3 0 234.737 -225.455 46.827 234.713 -224.783 46.715 232.085 -225.424 43.790
3 0 233.890 -224.184 41.874 233.409 -223.957 42.301 236.189 -223.598 45.121
3 0 236.189 -223.598 45.121 236.667 -223.907 44.744 233.890 -224.184 41.874
3 0 234.289 -224.640 41.559 233.890 -224.184 41.874 236.667 -223.907 44.744
3 0 236.667 -223.907 44.744 237.042 -224.423 44.502 234.289 -224.640 41.559
3 0 234.546 -225.253 41.404 234.289 -224.640 41.559 237.042 -224.423 44.502
3 0 237.042 -224.423 44.502 237.259 -225.066 44.431 234.546 -225.253 41.404
3 0 234.621 -225.931 41.433 234.546 -225.253 41.404 237.259 -225.066 44.431
3 0 237.259 -225.066 44.431 237.284 -225.740 44.543 234.621 -225.931 41.433
3 0 234.621 -225.931 41.433 237.284 -225.740 44.543 237.762 -226.050 44.166
3 0 237.762 -226.050 44.166 235.102 -226.160 41.006 234.621 -225.931 41.433
3 0 235.102 -226.160 41.006 237.762 -226.050 44.166 238.138 -226.566 43.923
3 0 238.138 -226.566 43.923 235.501 -226.615 40.691 235.102 -226.160 41.006
3 0 235.501 -226.615 40.691 238.138 -226.566 43.923 238.355 -227.209 43.853
3 0 238.355 -227.209 43.853 235.758 -227.229 40.536 235.501 -226.615 40.691
3 0 235.758 -227.229 40.536 238.355 -227.209 43.853 238.380 -227.882 43.964
3 0 238.380 -227.882 43.964 235.833 -227.907 40.565 235.758 -227.229 40.536
3 0 235.833 -227.907 40.565 238.380 -227.882 43.964 238.209 -228.483 44.241
3 0 238.209 -228.483 44.241 235.715 -228.546 40.774 235.833 -227.907 40.565
3 0 235.715 -228.546 40.774 238.209 -228.483 44.241 237.868 -228.919 44.641
3 0 237.868 -228.919 44.641 235.422 -229.049 41.130 235.715 -228.546 40.774
3 0 235.422 -229.049 41.130 237.868 -228.919 44.641 237.410 -229.124 45.104
3 0 237.410 -229.124 45.104 234.999 -229.340 41.580 235.422 -229.049 41.130
3 0 234.999 -229.340 41.580 237.410 -229.124 45.104 236.903 -229.067 45.558
3 0 236.903 -229.067 45.558 234.509 -229.374 42.054 234.999 -229.340 41.580
3 0 234.509 -229.374 42.054 236.903 -229.067 45.558 236.426 -228.758 45.935
3 0 236.426 -228.758 45.935 234.028 -229.146 42.482 234.509 -229.374 42.054
3 0 234.028 -229.146 42.482 236.426 -228.758 45.935 236.050 -228.242 46.177
3 0 236.050 -228.242 46.177 233.629 -228.690 42.797 234.028 -229.146 42.482
3 0 233.629 -228.690 42.797 236.050 -228.242 46.177 235.833 -227.598 46.248
3 0 235.833 -227.598 46.248 233.372 -228.077 42.952 233.629 -228.690 42.797
3 0 233.372 -228.077 42.952 235.833 -227.598 46.248 235.808 -226.925 46.136
3 0 235.808 -226.925 46.136 233.297 -227.398 42.922 233.372 -228.077 42.952
3 0 228.067 -224.182 42.025 230.872 -223.448 44.658 230.391 -223.220 45.085
3 0 230.391 -223.220 45.085 227.585 -224.052 42.491 228.067 -224.182 42.025
3 0 227.585 -224.052 42.491 230.391 -223.220 45.085 229.992 -222.765 45.400
3 0 229.992 -222.765 45.400 227.162 -223.676 42.873 227.585 -224.052 42.491
3 0 227.162 -223.676 42.873 229.992 -222.765 45.400 229.735 -222.151 45.555
3 0 229.735 -222.151 45.555 226.862 -223.111 43.112 227.162 -223.676 42.873
3 0 226.862 -223.111 43.112 229.735 -222.151 45.555 229.660 -221.473 45.526
3 0 229.660 -221.473 45.526 226.731 -222.444 43.173 226.862 -223.111 43.112
3 0 226.731 -222.444 43.173 229.660 -221.473 45.526 229.778 -220.834 45.317
3 0 229.778 -220.834 45.317 226.789 -221.776 43.047 226.731 -222.444 43.173
3 0 226.789 -221.776 43.047 229.778 -220.834 45.317 230.071 -220.330 44.961
3 0 230.071 -220.330 44.961 227.027 -221.208 42.751 226.789 -221.776 43.047
3 0 227.027 -221.208 42.751 230.071 -220.330 44.961 230.495 -220.040 44.511
3 0 230.495 -220.040 44.511 227.409 -220.827 42.332 227.027 -221.208 42.751
3 0 227.409 -220.827 42.332 230.495 -220.040 44.511 230.984 -220.006 44.037
3 0 230.984 -220.006 44.037 227.876 -220.692 41.853 227.409 -220.827 42.332
3 0 227.876 -220.692 41.853 230.984 -220.006 44.037 231.465 -220.234 43.609
3 0 231.465 -220.234 43.609 228.358 -220.822 41.387 227.876 -220.692 41.853
3 0 228.358 -220.822 41.387 231.465 -220.234 43.609 231.865 -220.690 43.294
3 0 231.865 -220.690 43.294 228.781 -221.198 41.005 228.358 -220.822 41.387
3 0 228.781 -221.198 41.005 231.865 -220.690 43.294 232.122 -221.303 43.139
3 0 232.122 -221.303 43.139 229.081 -221.763 40.765 228.781 -221.198 41.005
3 0 229.081 -221.763 40.765 232.122 -221.303 43.139 232.197 -221.981 43.169
3 0 232.197 -221.981 43.169 229.212 -222.430 40.704 229.081 -221.763 40.765
3 0 228.921 -225.791 41.342 229.402 -225.921 40.876 232.085 -225.424 43.790
3 0 232.085 -225.424 43.790 231.604 -225.196 44.217 228.921 -225.791 41.342
3 0 228.498 -225.415 41.724 228.921 -225.791 41.342 231.604 -225.196 44.217
3 0 231.604 -225.196 44.217 231.204 -224.740 44.532 228.498 -225.415 41.724
3 0 228.198 -224.850 41.964 228.498 -225.415 41.724 231.204 -224.740 44.532
3 0 231.204 -224.740 44.532 230.947 -224.127 44.687 228.198 -224.850 41.964
3 0 228.067 -224.182 42.025 228.198 -224.850 41.964 230.947 -224.127 44.687
3 0 230.947 -224.127 44.687 230.872 -223.448 44.658 228.067 -224.182 42.025
3 0 229.694 -222.561 40.238 229.212 -222.430 40.704 232.197 -221.981 43.169
3 0 232.197 -221.981 43.169 232.678 -222.210 42.741 229.694 -222.561 40.238
3 0 230.117 -222.937 39.856 229.694 -222.561 40.238 232.678 -222.210 42.741
3 0 232.678 -222.210 42.741 233.077 -222.665 42.426 230.117 -222.937 39.856
3 0 230.416 -223.502 39.617 230.117 -222.937 39.856 233.077 -222.665 42.426
3 0 233.077 -222.665 42.426 233.334 -223.279 42.271 230.416 -223.502 39.617
3 0 230.547 -224.169 39.556 230.416 -223.502 39.617 233.334 -223.279 42.271
3 0 233.334 -223.279 42.271 233.409 -223.957 42.301 230.547 -224.169 39.556
3 0 230.256 -227.529 40.194 230.738 -227.659 39.728 233.297 -227.398 42.922
3 0 233.297 -227.398 42.922 232.815 -227.170 43.350 230.256 -227.529 40.194
3 0 229.833 -227.152 40.576 230.256 -227.529 40.194 232.815 -227.170 43.350
3 0 232.815 -227.170 43.350 232.416 -226.715 43.665 229.833 -227.152 40.576
3 0 229.533 -226.588 40.816 229.833 -227.152 40.576 232.416 -226.715 43.665
3 0 232.416 -226.715 43.665 232.159 -226.101 43.820 229.533 -226.588 40.816
3 0 229.402 -225.921 40.876 229.533 -226.588 40.816 232.159 -226.101 43.820
3 0 232.159 -226.101 43.820 232.085 -225.424 43.790 229.402 -225.921 40.876
3 0 231.029 -224.299 39.090 230.547 -224.169 39.556 233.409 -223.957 42.301
3 0 233.409 -223.957 42.301 233.890 -224.184 41.874 231.029 -224.299 39.090
3 0 231.452 -224.675 38.708 231.029 -224.299 39.090 233.890 -224.184 41.874
3 0 233.890 -224.184 41.874 234.289 -224.640 41.559 231.452 -224.675 38.708
3 0 231.751 -225.239 38.469 231.452 -224.675 38.708 234.289 -224.640 41.559
3 0 234.289 -224.640 41.559 234.546 -225.253 41.404 231.751 -225.239 38.469
3 0 231.882 -225.907 38.408 231.751 -225.239 38.469 234.546 -225.253 41.404
3 0 234.546 -225.253 41.404 234.621 -225.931 41.433 231.882 -225.907 38.408
3 0 231.882 -225.907 38.408 234.621 -225.931 41.433 235.102 -226.160 41.006
3 0 235.102 -226.160 41.006 232.364 -226.037 37.942 231.882 -225.907 38.408
3 0 232.364 -226.037 37.942 235.102 -226.160 41.006 235.501 -226.615 40.691
3 0 235.501 -226.615 40.691 232.787 -226.413 37.560 232.364 -226.037 37.942
3 0 232.787 -226.413 37.560 235.501 -226.615 40.691 235.758 -227.229 40.536
3 0 235.758 -227.229 40.536 233.087 -226.978 37.320 232.787 -226.413 37.560
3 0 233.087 -226.978 37.320 235.758 -227.229 40.536 235.833 -227.907 40.565
3 0 235.833 -227.907 40.565 233.218 -227.645 37.259 233.087 -226.978 37.320
3 0 233.218 -227.645 37.259 235.833 -227.907 40.565 235.715 -228.546 40.774
3 0 235.715 -228.546 40.774 233.160 -228.314 37.386 233.218 -227.645 37.259
3 0 233.160 -228.314 37.386 235.715 -228.546 40.774 235.422 -229.049 41.130
3 0 235.422 -229.049 41.130 232.922 -228.881 37.682 233.160 -228.314 37.386
3 0 232.922 -228.881 37.682 235.422 -229.049 41.130 234.999 -229.340 41.580
3 0 234.999 -229.340 41.580 232.540 -229.262 38.101 232.922 -228.881 37.682
3 0 232.540 -229.262 38.101 234.999 -229.340 41.580 234.509 -229.374 42.054
3 0 234.509 -229.374 42.054 232.073 -229.397 38.580 232.540 -229.262 38.101
3 0 232.073 -229.397 38.580 234.509 -229.374 42.054 234.028 -229.146 42.482
3 0 234.028 -229.146 42.482 231.591 -229.267 39.046 232.073 -229.397 38.580
3 0 231.591 -229.267 39.046 234.028 -229.146 42.482 233.629 -228.690 42.797
3 0 233.629 -228.690 42.797 231.168 -228.891 39.428 231.591 -229.267 39.046
3 0 231.168 -228.891 39.428 233.629 -228.690 42.797 233.372 -228.077 42.952
3 0 233.372 -228.077 42.952 230.868 -228.326 39.667 231.168 -228.891 39.428
3 0 230.868 -228.326 39.667 233.372 -228.077 42.952 233.297 -227.398 42.922
3 0 233.297 -227.398 42.922 230.738 -227.659 39.728 230.868 -228.326 39.667
3 0 225.230 -224.870 39.378 228.067 -224.182 42.025 227.585 -224.052 42.491
3 0 227.585 -224.052 42.491 224.753 -224.856 39.867 225.230 -224.870 39.378
3 0 224.753 -224.856 39.867 227.585 -224.052 42.491 227.162 -223.676 42.873
3 0 227.162 -223.676 42.873 224.310 -224.581 40.307 224.753 -224.856 39.867
3 0 224.310 -224.581 40.307 227.162 -223.676 42.873 226.862 -223.111 43.112
3 0 226.862 -223.111 43.112 223.966 -224.088 40.631 224.310 -224.581 40.307
3 0 223.966 -224.088 40.631 226.862 -223.111 43.112 226.731 -222.444 43.173
3 0 226.731 -222.444 43.173 223.774 -223.453 40.790 223.966 -224.088 40.631
3 0 223.774 -223.453 40.790 226.731 -222.444 43.173 226.789 -221.776 43.047
3 0 226.789 -221.776 43.047 223.764 -222.770 40.760 223.774 -223.453 40.790
3 0 223.764 -222.770 40.760 226.789 -221.776 43.047 227.027 -221.208 42.751
3 0 227.027 -221.208 42.751 223.938 -222.146 40.545 223.764 -222.770 40.760
3 0 223.938 -222.146 40.545 227.027 -221.208 42.751 227.409 -220.827 42.332
3 0 227.409 -220.827 42.332 224.267 -221.674 40.178 223.938 -222.146 40.545
3 0 224.267 -221.674 40.178 227.409 -220.827 42.332 227.876 -220.692 41.853
3 0 227.876 -220.692 41.853 224.704 -221.427 39.714 224.267 -221.674 40.178
3 0 224.704 -221.427 39.714 227.876 -220.692 41.853 228.358 -220.822 41.387
3 0 228.358 -220.822 41.387 225.180 -221.442 39.225 224.704 -221.427 39.714
3 0 225.180 -221.442 39.225 228.358 -220.822 41.387 228.781 -221.198 41.005
3 0 228.781 -221.198 41.005 225.624 -221.716 38.785 225.180 -221.442 39.225
3 0 225.624 -221.716 38.785 228.781 -221.198 41.005 229.081 -221.763 40.765
3 0 229.081 -221.763 40.765 225.968 -222.209 38.461 225.624 -221.716 38.785
3 0 225.968 -222.209 38.461 229.081 -221.763 40.765 229.212 -222.430 40.704
3 0 229.212 -222.430 40.704 226.159 -222.845 38.302 225.968 -222.209 38.461
3 0 226.209 -226.274 38.454 226.685 -226.289 37.965 229.402 -225.921 40.876
3 0 229.402 -225.921 40.876 228.921 -225.791 41.342 226.209 -226.274 38.454
3 0 225.765 -225.999 38.894 226.209 -226.274 38.454 228.921 -225.791 41.342
3 0 228.921 -225.791 41.342 228.498 -225.415 41.724 225.765 -225.999 38.894
3 0 225.421 -225.506 39.218 225.765 -225.999 38.894 228.498 -225.415 41.724
3 0 228.498 -225.415 41.724 228.198 -224.850 41.964 225.421 -225.506 39.218
3 0 225.230 -224.870 39.378 225.421 -225.506 39.218 228.198 -224.850 41.964
3 0 228.198 -224.850 41.964 228.067 -224.182 42.025 225.230 -224.870 39.378
3 0 226.635 -222.860 37.812 226.159 -222.845 38.302 229.212 -222.430 40.704
3 0 229.212 -222.430 40.704 229.694 -222.561 40.238 226.635 -222.860 37.812
3 0 227.079 -223.134 37.372 226.635 -222.860 37.812 229.694 -222.561 40.238
3 0 229.694 -222.561 40.238 230.117 -222.937 39.856 227.079 -223.134 37.372
3 0 227.423 -223.627 37.048 227.079 -223.134 37.372 230.117 -222.937 39.856
3 0 230.117 -222.937 39.856 230.416 -223.502 39.617 227.423 -223.627 37.048
3 0 227.614 -224.263 36.889 227.423 -223.627 37.048 230.416 -223.502 39.617
3 0 230.416 -223.502 39.617 230.547 -224.169 39.556 227.614 -224.263 36.889
3 0 227.664 -227.691 37.041 228.140 -227.706 36.552 230.738 -227.659 39.728
3 0 230.738 -227.659 39.728 230.256 -227.529 40.194 227.664 -227.691 37.041
3 0 227.220 -227.417 37.482 227.664 -227.691 37.041 230.256 -227.529 40.194
3 0 230.256 -227.529 40.194 229.833 -227.152 40.576 227.220 -227.417 37.482
3 0 226.876 -226.924 37.806 227.220 -227.417 37.482 229.833 -227.152 40.576
3 0 229.833 -227.152 40.576 229.533 -226.588 40.816 226.876 -226.924 37.806
3 0 226.685 -226.289 37.965 226.876 -226.924 37.806 229.533 -226.588 40.816
3 0 229.533 -226.588 40.816 229.402 -225.921 40.876 226.685 -226.289 37.965
3 0 228.090 -224.277 36.400 227.614 -224.263 36.889 230.547 -224.169 39.556
3 0 230.547 -224.169 39.556 231.029 -224.299 39.090 228.090 -224.277 36.400
3 0 228.534 -224.552 35.960 228.090 -224.277 36.400 231.029 -224.299 39.090
3 0 231.029 -224.299 39.090 231.452 -224.675 38.708 228.534 -224.552 35.960
3 0 228.878 -225.045 35.636 228.534 -224.552 35.960 231.452 -224.675 38.708
3 0 231.452 -224.675 38.708 231.751 -225.239 38.469 228.878 -225.045 35.636
3 0 229.069 -225.680 35.476 228.878 -225.045 35.636 231.751 -225.239 38.469
3 0 231.751 -225.239 38.469 231.882 -225.907 38.408 229.069 -225.680 35.476
3 0 229.069 -225.680 35.476 231.882 -225.907 38.408 232.364 -226.037 37.942
3 0 232.364 -226.037 37.942 229.546 -225.695 34.987 229.069 -225.680 35.476
3 0 229.546 -225.695 34.987 232.364 -226.037 37.942 232.787 -226.413 37.560
3 0 232.787 -226.413 37.560 229.990 -225.970 34.547 229.546 -225.695 34.987
3 0 229.990 -225.970 34.547 232.787 -226.413 37.560 233.087 -226.978 37.320
3 0 233.087 -226.978 37.320 230.334 -226.463 34.223 229.990 -225.970 34.547
3 0 230.334 -226.463 34.223 233.087 -226.978 37.320 233.218 -227.645 37.259
3 0 233.218 -227.645 37.259 230.525 -227.098 34.064 230.334 -226.463 34.223
3 0 230.525 -227.098 34.064 233.218 -227.645 37.259 233.160 -228.314 37.386
3 0 233.160 -228.314 37.386 230.535 -227.781 34.094 230.525 -227.098 34.064
3 0 230.535 -227.781 34.094 233.160 -228.314 37.386 232.922 -228.881 37.682
3 0 232.922 -228.881 37.682 230.362 -228.405 34.309 230.535 -227.781 34.094
3 0 230.362 -228.405 34.309 232.922 -228.881 37.682 232.540 -229.262 38.101
3 0 232.540 -229.262 38.101 230.032 -228.877 34.676 230.362 -228.405 34.309
3 0 230.032 -228.877 34.676 232.540 -229.262 38.101 232.073 -229.397 38.580
3 0 232.073 -229.397 38.580 229.596 -229.124 35.140 230.032 -228.877 34.676
3 0 229.596 -229.124 35.140 232.073 -229.397 38.580 231.591 -229.267 39.046
3 0 231.591 -229.267 39.046 229.119 -229.109 35.629 229.596 -229.124 35.140
3 0 229.119 -229.109 35.629 231.591 -229.267 39.046 231.168 -228.891 39.428
3 0 231.168 -228.891 39.428 228.676 -228.835 36.069 229.119 -229.109 35.629
3 0 228.676 -228.835 36.069 231.168 -228.891 39.428 230.868 -228.326 39.667
3 0 230.868 -228.326 39.667 228.332 -228.342 36.393 228.676 -228.835 36.069
3 0 228.332 -228.342 36.393 230.868 -228.326 39.667 230.738 -227.659 39.728
3 0 230.738 -227.659 39.728 228.140 -227.706 36.552 228.332 -228.342 36.393
3 0 222.377 -225.463 36.695 225.230 -224.870 39.378 224.753 -224.856 39.867
3 0 224.753 -224.856 39.867 221.916 -225.570 37.186 222.377 -225.463 36.695
3 0 221.916 -225.570 37.186 224.753 -224.856 39.867 224.310 -224.581 40.307
3 0 224.310 -224.581 40.307 221.459 -225.411 37.668 221.916 -225.570 37.186
3 0 221.459 -225.411 37.668 224.310 -224.581 40.307 223.966 -224.088 40.631
3 0 223.966 -224.088 40.631 221.076 -225.009 38.066 221.459 -225.411 37.668
3 0 221.076 -225.009 38.066 223.966 -224.088 40.631 223.774 -223.453 40.790
3 0 223.774 -223.453 40.790 220.827 -224.427 38.321 221.076 -225.009 38.066
3 0 220.827 -224.427 38.321 223.774 -223.453 40.790 223.764 -222.770 40.760
3 0 223.764 -222.770 40.760 220.748 -223.753 38.393 220.827 -224.427 38.321
3 0 220.748 -223.753 38.393 223.764 -222.770 40.760 223.938 -222.146 40.545
3 0 223.938 -222.146 40.545 220.851 -223.089 38.272 220.748 -223.753 38.393
3 0 220.851 -223.089 38.272 223.938 -222.146 40.545 224.267 -221.674 40.178
3 0 224.267 -221.674 40.178 221.122 -222.536 37.975 220.851 -223.089 38.272
3 0 221.122 -222.536 37.975 224.267 -221.674 40.178 224.704 -221.427 39.714
3 0 224.704 -221.427 39.714 221.518 -222.180 37.548 221.122 -222.536 37.975
3 0 221.518 -222.180 37.548 224.704 -221.427 39.714 225.180 -221.442 39.225
3 0 225.180 -221.442 39.225 221.980 -222.073 37.057 221.518 -222.180 37.548
3 0 221.980 -222.073 37.057 225.180 -221.442 39.225 225.624 -221.716 38.785
3 0 225.624 -221.716 38.785 222.437 -222.233 36.575 221.980 -222.073 37.057
3 0 222.437 -222.233 36.575 225.624 -221.716 38.785 225.968 -222.209 38.461
3 0 225.968 -222.209 38.461 222.819 -222.634 36.177 222.437 -222.233 36.575
3 0 222.819 -222.634 36.177 225.968 -222.209 38.461 226.159 -222.845 38.302
3 0 226.159 -222.845 38.302 223.069 -223.216 35.922 222.819 -222.634 36.177
3 0 223.466 -226.607 35.559 223.928 -226.500 35.068 226.685 -226.289 37.965
3 0 226.685 -226.289 37.965 226.209 -226.274 38.454 223.466 -226.607 35.559
3 0 223.010 -226.447 36.041 223.466 -226.607 35.559 226.209 -226.274 38.454
3 0 226.209 -226.274 38.454 225.765 -225.999 38.894 223.010 -226.447 36.041
3 0 222.627 -226.046 36.440 223.010 -226.447 36.041 225.765 -225.999 38.894
3 0 225.765 -225.999 38.894 225.421 -225.506 39.218 222.627 -226.046 36.440
3 0 222.377 -225.463 36.695 222.627 -226.046 36.440 225.421 -225.506 39.218
3 0 225.421 -225.506 39.218 225.230 -224.870 39.378 222.377 -225.463 36.695
3 0 223.531 -223.110 35.430 223.069 -223.216 35.922 226.159 -222.845 38.302
3 0 226.159 -222.845 38.302 226.635 -222.860 37.812 223.531 -223.110 35.430
3 0 223.988 -223.269 34.949 223.531 -223.110 35.430 226.635 -222.860 37.812
3 0 226.635 -222.860 37.812 227.079 -223.134 37.372 223.988 -223.269 34.949
3 0 224.370 -223.671 34.550 223.988 -223.269 34.949 227.079 -223.134 37.372
3 0 227.079 -223.134 37.372 227.423 -223.627 37.048 224.370 -223.671 34.550
3 0 224.620 -224.253 34.295 224.370 -223.671 34.550 227.423 -223.627 37.048
3 0 227.423 -223.627 37.048 227.614 -224.263 36.889 224.620 -224.253 34.295
3 0 225.017 -227.643 33.933 225.478 -227.536 33.442 228.140 -227.706 36.552
3 0 228.140 -227.706 36.552 227.664 -227.691 37.041 225.017 -227.643 33.933
3 0 224.560 -227.483 34.415 225.017 -227.643 33.933 227.664 -227.691 37.041
3 0 227.664 -227.691 37.041 227.220 -227.417 37.482 224.560 -227.483 34.415
3 0 224.177 -227.082 34.814 224.560 -227.483 34.415 227.220 -227.417 37.482
3 0 227.220 -227.417 37.482 226.876 -226.924 37.806 224.177 -227.082 34.814
3 0 223.928 -226.500 35.068 224.177 -227.082 34.814 226.876 -226.924 37.806
3 0 226.876 -226.924 37.806 226.685 -226.289 37.965 223.928 -226.500 35.068
3 0 225.081 -224.146 33.804 224.620 -224.253 34.295 227.614 -224.263 36.889
3 0 227.614 -224.263 36.889 228.090 -224.277 36.400 225.081 -224.146 33.804
3 0 225.538 -224.306 33.323 225.081 -224.146 33.804 228.090 -224.277 36.400
3 0 228.090 -224.277 36.400 228.534 -224.552 35.960 225.538 -224.306 33.323
3 0 225.920 -224.707 32.924 225.538 -224.306 33.323 228.534 -224.552 35.960
3 0 228.534 -224.552 35.960 228.878 -225.045 35.636 225.920 -224.707 32.924
3 0 226.170 -225.289 32.669 225.920 -224.707 32.924 228.878 -225.045 35.636
3 0 228.878 -225.045 35.636 229.069 -225.680 35.476 226.170 -225.289 32.669
3 0 226.170 -225.289 32.669 229.069 -225.680 35.476 229.546 -225.695 34.987
3 0 229.546 -225.695 34.987 226.632 -225.183 32.178 226.170 -225.289 32.669
3 0 226.632 -225.183 32.178 229.546 -225.695 34.987 229.990 -225.970 34.547
3 0 229.990 -225.970 34.547 227.089 -225.342 31.696 226.632 -225.183 32.178
3 0 227.089 -225.342 31.696 229.990 -225.970 34.547 230.334 -226.463 34.223
3 0 230.334 -226.463 34.223 227.471 -225.744 31.297 227.089 -225.342 31.696
3 0 227.471 -225.744 31.297 230.334 -226.463 34.223 230.525 -227.098 34.064
3 0 230.525 -227.098 34.064 227.721 -226.326 31.043 227.471 -225.744 31.297
3 0 227.721 -226.326 31.043 230.525 -227.098 34.064 230.535 -227.781 34.094
3 0 230.535 -227.781 34.094 227.800 -227.000 30.971 227.721 -226.326 31.043
3 0 227.800 -227.000 30.971 230.535 -227.781 34.094 230.362 -228.405 34.309
3 0 230.362 -228.405 34.309 227.696 -227.664 31.092 227.800 -227.000 30.971
3 0 227.696 -227.664 31.092 230.362 -228.405 34.309 230.032 -228.877 34.676
3 0 230.032 -228.877 34.676 227.426 -228.216 31.389 227.696 -227.664 31.092
3 0 227.426 -228.216 31.389 230.032 -228.877 34.676 229.596 -229.124 35.140
3 0 229.596 -229.124 35.140 227.029 -228.573 31.815 227.426 -228.216 31.389
3 0 227.029 -228.573 31.815 229.596 -229.124 35.140 229.119 -229.109 35.629
3 0 229.119 -229.109 35.629 226.567 -228.680 32.307 227.029 -228.573 31.815
3 0 226.567 -228.680 32.307 229.119 -229.109 35.629 228.676 -228.835 36.069
3 0 228.676 -228.835 36.069 226.111 -228.520 32.788 226.567 -228.680 32.307
3 0 226.111 -228.520 32.788 228.676 -228.835 36.069 228.332 -228.342 36.393
3 0 228.332 -228.342 36.393 225.728 -228.119 33.187 226.111 -228.520 32.788
3 0 225.728 -228.119 33.187 228.332 -228.342 36.393 228.140 -227.706 36.552
3 0 228.140 -227.706 36.552 225.478 -227.536 33.442 225.728 -228.119 33.187
3 0 219.521 -225.928 33.965 222.377 -225.463 36.695 221.916 -225.570 37.186
3 0 221.916 -225.570 37.186 219.082 -226.148 34.439 219.521 -225.928 33.965
3 0 219.082 -226.148 34.439 221.916 -225.570 37.186 221.459 -225.411 37.668
3 0 221.459 -225.411 37.668 218.621 -226.103 34.941 219.082 -226.148 34.439
3 0 218.621 -226.103 34.941 221.459 -225.411 37.668 221.076 -225.009 38.066
3 0 221.076 -225.009 38.066 218.210 -225.801 35.395 218.621 -226.103 34.941
3 0 218.210 -225.801 35.395 221.076 -225.009 38.066 220.827 -224.427 38.321
3 0 220.827 -224.427 38.321 217.911 -225.288 35.732 218.210 -225.801 35.395
3 0 217.911 -225.288 35.732 220.827 -224.427 38.321 220.748 -223.753 38.393
3 0 220.748 -223.753 38.393 217.769 -224.642 35.900 217.911 -225.288 35.732
3 0 217.769 -224.642 35.900 220.748 -223.753 38.393 220.851 -223.089 38.272
3 0 220.851 -223.089 38.272 217.806 -223.960 35.874 217.769 -224.642 35.900
3 0 217.806 -223.960 35.874 220.851 -223.089 38.272 221.122 -222.536 37.975
3 0 221.122 -222.536 37.975 218.017 -223.348 35.658 217.806 -223.960 35.874
3 0 218.017 -223.348 35.658 221.122 -222.536 37.975 221.518 -222.180 37.548
3 0 221.518 -222.180 37.548 218.369 -222.898 35.284 218.017 -223.348 35.658
3 0 218.369 -222.898 35.284 221.518 -222.180 37.548 221.980 -222.073 37.057
3 0 221.980 -222.073 37.057 218.808 -222.678 34.810 218.369 -222.898 35.284
3 0 218.808 -222.678 34.810 221.980 -222.073 37.057 222.437 -222.233 36.575
3 0 222.437 -222.233 36.575 219.269 -222.723 34.308 218.808 -222.678 34.810
3 0 219.269 -222.723 34.308 222.437 -222.233 36.575 222.819 -222.634 36.177
3 0 222.819 -222.634 36.177 219.680 -223.024 33.854 219.269 -222.723 34.308
3 0 219.680 -223.024 33.854 222.819 -222.634 36.177 223.069 -223.216 35.922
3 0 223.069 -223.216 35.922 219.979 -223.537 33.517 219.680 -223.024 33.854
3 0 220.692 -226.787 32.672 221.132 -226.568 32.198 223.928 -226.500 35.068
3 0 223.928 -226.500 35.068 223.466 -226.607 35.559 220.692 -226.787 32.672
3 0 220.232 -226.743 33.174 220.692 -226.787 32.672 223.466 -226.607 35.559
3 0 223.466 -226.607 35.559 223.010 -226.447 36.041 220.232 -226.743 33.174
3 0 219.821 -226.441 33.628 220.232 -226.743 33.174 223.010 -226.447 36.041
3 0 223.010 -226.447 36.041 222.627 -226.046 36.440 219.821 -226.441 33.628
3 0 219.521 -225.928 33.965 219.821 -226.441 33.628 222.627 -226.046 36.440
3 0 222.627 -226.046 36.440 222.377 -225.463 36.695 219.521 -225.928 33.965
3 0 220.419 -223.318 33.043 219.979 -223.537 33.517 223.069 -223.216 35.922
3 0 223.069 -223.216 35.922 223.531 -223.110 35.430 220.419 -223.318 33.043
3 0 220.879 -223.362 32.541 220.419 -223.318 33.043 223.531 -223.110 35.430
3 0 223.531 -223.110 35.430 223.988 -223.269 34.949 220.879 -223.362 32.541
3 0 221.291 -223.664 32.087 220.879 -223.362 32.541 223.988 -223.269 34.949
3 0 223.988 -223.269 34.949 224.370 -223.671 34.550 221.291 -223.664 32.087
3 0 221.590 -224.177 31.750 221.291 -223.664 32.087 224.370 -223.671 34.550
3 0 224.370 -223.671 34.550 224.620 -224.253 34.295 221.590 -224.177 31.750
3 0 222.302 -227.427 30.906 222.742 -227.207 30.432 225.478 -227.536 33.442
3 0 225.478 -227.536 33.442 225.017 -227.643 33.933 222.302 -227.427 30.906
3 0 221.842 -227.382 31.408 222.302 -227.427 30.906 225.017 -227.643 33.933
3 0 225.017 -227.643 33.933 224.560 -227.483 34.415 221.842 -227.382 31.408
3 0 221.431 -227.081 31.862 221.842 -227.382 31.408 224.560 -227.483 34.415
3 0 224.560 -227.483 34.415 224.177 -227.082 34.814 221.431 -227.081 31.862
3 0 221.132 -226.568 32.198 221.431 -227.081 31.862 224.177 -227.082 34.814
3 0 224.177 -227.082 34.814 223.928 -226.500 35.068 221.132 -226.568 32.198
3 0 222.029 -223.957 31.277 221.590 -224.177 31.750 224.620 -224.253 34.295
3 0 224.620 -224.253 34.295 225.081 -224.146 33.804 222.029 -223.957 31.277
3 0 222.489 -224.002 30.775 222.029 -223.957 31.277 225.081 -224.146 33.804
3 0 225.081 -224.146 33.804 225.538 -224.306 33.323 222.489 -224.002 30.775
3 0 222.901 -224.303 30.321 222.489 -224.002 30.775 225.538 -224.306 33.323
3 0 225.538 -224.306 33.323 225.920 -224.707 32.924 222.901 -224.303 30.321
3 0 223.200 -224.817 29.984 222.901 -224.303 30.321 225.920 -224.707 32.924
3 0 225.920 -224.707 32.924 226.170 -225.289 32.669 223.200 -224.817 29.984
3 0 223.200 -224.817 29.984 226.170 -225.289 32.669 226.632 -225.183 32.178
3 0 226.632 -225.183 32.178 223.640 -224.597 29.510 223.200 -224.817 29.984
3 0 223.640 -224.597 29.510 226.632 -225.183 32.178 227.089 -225.342 31.696
3 0 227.089 -225.342 31.696 224.100 -224.641 29.008 223.640 -224.597 29.510
3 0 224.100 -224.641 29.008 227.089 -225.342 31.696 227.471 -225.744 31.297
3 0 227.471 -225.744 31.297 224.511 -224.943 28.554 224.100 -224.641 29.008
3 0 224.511 -224.943 28.554 227.471 -225.744 31.297 227.721 -226.326 31.043
3 0 227.721 -226.326 31.043 224.811 -225.456 28.217 224.511 -224.943 28.554
3 0 224.811 -225.456 28.217 227.721 -226.326 31.043 227.800 -227.000 30.971
3 0 227.800 -227.000 30.971 224.952 -226.103 28.049 224.811 -225.456 28.217
3 0 224.952 -226.103 28.049 227.800 -227.000 30.971 227.696 -227.664 31.092
3 0 227.696 -227.664 31.092 224.915 -226.784 28.075 224.952 -226.103 28.049
3 0 224.915 -226.784 28.075 227.696 -227.664 31.092 227.426 -228.216 31.389
3 0 227.426 -228.216 31.389 224.705 -227.397 28.291 224.915 -226.784 28.075
3 0 224.705 -227.397 28.291 227.426 -228.216 31.389 227.029 -228.573 31.815
3 0 227.029 -228.573 31.815 224.353 -227.847 28.665 224.705 -227.397 28.291
3 0 224.353 -227.847 28.665 227.029 -228.573 31.815 226.567 -228.680 32.307
3 0 226.567 -228.680 32.307 223.913 -228.067 29.139 224.353 -227.847 28.665
3 0 223.913 -228.067 29.139 226.567 -228.680 32.307 226.111 -228.520 32.788
3 0 226.111 -228.520 32.788 223.453 -228.022 29.641 223.913 -228.067 29.139
3 0 223.453 -228.022 29.641 226.111 -228.520 32.788 225.728 -228.119 33.187
3 0 225.728 -228.119 33.187 223.041 -227.720 30.095 223.453 -228.022 29.641
3 0 223.041 -227.720 30.095 225.728 -228.119 33.187 225.478 -227.536 33.442
3 0 225.478 -227.536 33.442 222.742 -227.207 30.432 223.041 -227.720 30.095
3 0 216.660 -226.249 31.205 219.521 -225.928 33.965 219.082 -226.148 34.439
3 0 219.082 -226.148 34.439 216.248 -226.569 31.646 216.660 -226.249 31.205
3 0 216.248 -226.569 31.646 219.082 -226.148 34.439 218.621 -226.103 34.941
3 0 218.621 -226.103 34.941 215.793 -226.635 32.150 216.248 -226.569 31.646
3 0 215.793 -226.635 32.150 218.621 -226.103 34.941 218.210 -225.801 35.395
3 0 218.210 -225.801 35.395 215.363 -226.436 32.642 215.793 -226.635 32.150
3 0 215.363 -226.436 32.642 218.210 -225.801 35.395 217.911 -225.288 35.732
3 0 217.911 -225.288 35.732 215.024 -226.002 33.046 215.363 -226.436 32.642
3 0 215.024 -226.002 33.046 217.911 -225.288 35.732 217.769 -224.642 35.900
3 0 217.769 -224.642 35.900 214.827 -225.400 33.300 215.024 -226.002 33.046
3 0 214.827 -225.400 33.300 217.769 -224.642 35.900 217.806 -223.960 35.874
3 0 217.806 -223.960 35.874 214.803 -224.720 33.367 214.827 -225.400 33.300
3 0 214.803 -224.720 33.367 217.806 -223.960 35.874 218.017 -223.348 35.658
3 0 218.017 -223.348 35.658 214.955 -224.068 33.236 214.803 -224.720 33.367
3 0 214.955 -224.068 33.236 218.017 -223.348 35.658 218.369 -222.898 35.284
3 0 218.369 -222.898 35.284 215.260 -223.541 32.926 214.955 -224.068 33.236
3 0 215.260 -223.541 32.926 218.369 -222.898 35.284 218.808 -222.678 34.810
3 0 218.808 -222.678 34.810 215.672 -223.221 32.486 215.260 -223.541 32.926
3 0 215.672 -223.221 32.486 218.808 -222.678 34.810 219.269 -222.723 34.308
3 0 219.269 -222.723 34.308 216.128 -223.155 31.981 215.672 -223.221 32.486
3 0 216.128 -223.155 31.981 219.269 -222.723 34.308 219.680 -223.024 33.854
3 0 219.680 -223.024 33.854 216.558 -223.354 31.490 216.128 -223.155 31.981
3 0 216.558 -223.354 31.490 219.680 -223.024 33.854 219.979 -223.537 33.517
3 0 219.979 -223.537 33.517 216.897 -223.788 31.086 216.558 -223.354 31.490
3 0 217.885 -226.816 29.806 218.296 -226.496 29.365 221.132 -226.568 32.198
3 0 221.132 -226.568 32.198 220.692 -226.787 32.672 217.885 -226.816 29.806
3 0 217.429 -226.882 30.310 217.885 -226.816 29.806 220.692 -226.787 32.672
3 0 220.692 -226.787 32.672 220.232 -226.743 33.174 217.429 -226.882 30.310
3 0 216.999 -226.683 30.801 217.429 -226.882 30.310 220.232 -226.743 33.174
3 0 220.232 -226.743 33.174 219.821 -226.441 33.628 216.999 -226.683 30.801
3 0 216.660 -226.249 31.205 216.999 -226.683 30.801 219.821 -226.441 33.628
3 0 219.821 -226.441 33.628 219.521 -225.928 33.965 216.660 -226.249 31.205
3 0 217.308 -223.468 30.645 216.897 -223.788 31.086 219.979 -223.537 33.517
3 0 219.979 -223.537 33.517 220.419 -223.318 33.043 217.308 -223.468 30.645
3 0 217.764 -223.402 30.141 217.308 -223.468 30.645 220.419 -223.318 33.043
3 0 220.419 -223.318 33.043 220.879 -223.362 32.541 217.764 -223.402 30.141
3 0 218.194 -223.601 29.649 217.764 -223.402 30.141 220.879 -223.362 32.541
3 0 220.879 -223.362 32.541 221.291 -223.664 32.087 218.194 -223.601 29.649
3 0 218.533 -224.035 29.245 218.194 -223.601 29.649 221.291 -223.664 32.087
3 0 221.291 -223.664 32.087 221.590 -224.177 31.750 218.533 -224.035 29.245
3 0 219.520 -227.063 27.966 219.932 -226.742 27.525 222.742 -227.207 30.432
3 0 222.742 -227.207 30.432 222.302 -227.427 30.906 219.520 -227.063 27.966
3 0 219.065 -227.129 28.470 219.520 -227.063 27.966 222.302 -227.427 30.906
3 0 222.302 -227.427 30.906 221.842 -227.382 31.408 219.065 -227.129 28.470
3 0 218.635 -226.929 28.962 219.065 -227.129 28.470 221.842 -227.382 31.408
3 0 221.842 -227.382 31.408 221.431 -227.081 31.862 218.635 -226.929 28.962
3 0 218.296 -226.496 29.365 218.635 -226.929 28.962 221.431 -227.081 31.862
3 0 221.431 -227.081 31.862 221.132 -226.568 32.198 218.296 -226.496 29.365
3 0 218.944 -223.714 28.805 218.533 -224.035 29.245 221.590 -224.177 31.750
3 0 221.590 -224.177 31.750 222.029 -223.957 31.277 218.944 -223.714 28.805
3 0 219.400 -223.649 28.301 218.944 -223.714 28.805 222.029 -223.957 31.277
3 0 222.029 -223.957 31.277 222.489 -224.002 30.775 219.400 -223.649 28.301
3 0 219.830 -223.848 27.810 219.400 -223.649 28.301 222.489 -224.002 30.775
3 0 222.489 -224.002 30.775 222.901 -224.303 30.321 219.830 -223.848 27.810
3 0 220.169 -224.282 27.406 219.830 -223.848 27.810 222.901 -224.303 30.321
3 0 222.901 -224.303 30.321 223.200 -224.817 29.984 220.169 -224.282 27.406
3 0 220.169 -224.282 27.406 223.200 -224.817 29.984 223.640 -224.597 29.510
3 0 223.640 -224.597 29.510 220.580 -223.961 26.965 220.169 -224.282 27.406
3 0 220.580 -223.961 26.965 223.640 -224.597 29.510 224.100 -224.641 29.008
3 0 224.100 -224.641 29.008 221.036 -223.896 26.461 220.580 -223.961 26.965
3 0 221.036 -223.896 26.461 224.100 -224.641 29.008 224.511 -224.943 28.554
3 0 224.511 -224.943 28.554 221.466 -224.095 25.969 221.036 -223.896 26.461
3 0 221.466 -224.095 25.969 224.511 -224.943 28.554 224.811 -225.456 28.217
3 0 224.811 -225.456 28.217 221.805 -224.529 25.565 221.466 -224.095 25.969
3 0 221.805 -224.529 25.565 224.811 -225.456 28.217 224.952 -226.103 28.049
3 0 224.952 -226.103 28.049 222.001 -225.131 25.311 221.805 -224.529 25.565
3 0 222.001 -225.131 25.311 224.952 -226.103 28.049 224.915 -226.784 28.075
3 0 224.915 -226.784 28.075 222.025 -225.810 25.244 222.001 -225.131 25.311
3 0 222.025 -225.810 25.244 224.915 -226.784 28.075 224.705 -227.397 28.291
3 0 224.705 -227.397 28.291 221.873 -226.463 25.375 222.025 -225.810 25.244
3 0 221.873 -226.463 25.375 224.705 -227.397 28.291 224.353 -227.847 28.665
3 0 224.353 -227.847 28.665 221.568 -226.989 25.685 221.873 -226.463 25.375
3 0 221.568 -226.989 25.685 224.353 -227.847 28.665 223.913 -228.067 29.139
3 0 223.913 -228.067 29.139 221.157 -227.310 26.125 221.568 -226.989 25.685
3 0 221.157 -227.310 26.125 223.913 -228.067 29.139 223.453 -228.022 29.641
3 0 223.453 -228.022 29.641 220.701 -227.376 26.630 221.157 -227.310 26.125
3 0 220.701 -227.376 26.630 223.453 -228.022 29.641 223.041 -227.720 30.095
3 0 223.041 -227.720 30.095 220.271 -227.176 27.121 220.701 -227.376 26.630
3 0 220.271 -227.176 27.121 223.041 -227.720 30.095 222.742 -227.207 30.432
3 0 222.742 -227.207 30.432 219.932 -226.742 27.525 220.271 -227.176 27.121
3 0 213.780 -226.395 28.442 216.660 -226.249 31.205 216.248 -226.569 31.646
3 0 216.248 -226.569 31.646 213.398 -226.795 28.841 213.780 -226.395 28.442
3 0 213.398 -226.795 28.841 216.248 -226.569 31.646 215.793 -226.635 32.150
3 0 215.793 -226.635 32.150 212.953 -226.955 29.333 213.398 -226.795 28.841
3 0 212.953 -226.955 29.333 215.793 -226.635 32.150 215.363 -226.436 32.642
3 0 215.363 -226.436 32.642 212.513 -226.848 29.845 212.953 -226.955 29.333
3 0 212.513 -226.848 29.845 215.363 -226.436 32.642 215.024 -226.002 33.046
3 0 215.024 -226.002 33.046 212.146 -226.492 30.297 212.513 -226.848 29.845
3 0 212.146 -226.492 30.297 215.024 -226.002 33.046 214.827 -225.400 33.300
3 0 214.827 -225.400 33.300 211.906 -225.941 30.621 212.146 -226.492 30.297
3 0 211.906 -225.941 30.621 214.827 -225.400 33.300 214.803 -224.720 33.367
3 0 214.803 -224.720 33.367 211.832 -225.279 30.768 211.906 -225.941 30.621
3 0 211.832 -225.279 30.768 214.803 -224.720 33.367 214.955 -224.068 33.236
3 0 214.955 -224.068 33.236 211.933 -224.605 30.715 211.832 -225.279 30.768
3 0 211.933 -224.605 30.715 214.955 -224.068 33.236 215.260 -223.541 32.926
3 0 215.260 -223.541 32.926 212.195 -224.024 30.471 211.933 -224.605 30.715
3 0 212.195 -224.024 30.471 215.260 -223.541 32.926 215.672 -223.221 32.486
3 0 215.672 -223.221 32.486 212.578 -223.623 30.072 212.195 -224.024 30.471
3 0 212.578 -223.623 30.072 215.672 -223.221 32.486 216.128 -223.155 31.981
3 0 216.128 -223.155 31.981 213.023 -223.464 29.579 212.578 -223.623 30.072
3 0 213.023 -223.464 29.579 216.128 -223.155 31.981 216.558 -223.354 31.490
3 0 216.558 -223.354 31.490 213.462 -223.570 29.068 213.023 -223.464 29.579
3 0 213.462 -223.570 29.068 216.558 -223.354 31.490 216.897 -223.788 31.086
3 0 216.897 -223.788 31.086 213.830 -223.926 28.615 213.462 -223.570 29.068
3 0 215.033 -226.698 26.985 215.415 -226.297 26.586 218.296 -226.496 29.365
3 0 218.296 -226.496 29.365 217.885 -226.816 29.806 215.033 -226.698 26.985
3 0 214.588 -226.857 27.478 215.033 -226.698 26.985 217.885 -226.816 29.806
3 0 217.885 -226.816 29.806 217.429 -226.882 30.310 214.588 -226.857 27.478
3 0 214.148 -226.751 27.989 214.588 -226.857 27.478 217.429 -226.882 30.310
3 0 217.429 -226.882 30.310 216.999 -226.683 30.801 214.148 -226.751 27.989
3 0 213.780 -226.395 28.442 214.148 -226.751 27.989 216.999 -226.683 30.801
3 0 216.999 -226.683 30.801 216.660 -226.249 31.205 213.780 -226.395 28.442
3 0 214.213 -223.526 28.216 213.830 -223.926 28.615 216.897 -223.788 31.086
3 0 216.897 -223.788 31.086 217.308 -223.468 30.645 214.213 -223.526 28.216
3 0 214.658 -223.366 27.724 214.213 -223.526 28.216 217.308 -223.468 30.645
3 0 217.308 -223.468 30.645 217.764 -223.402 30.141 214.658 -223.366 27.724
3 0 215.097 -223.473 27.212 214.658 -223.366 27.724 217.764 -223.402 30.141
3 0 217.764 -223.402 30.141 218.194 -223.601 29.649 215.097 -223.473 27.212
3 0 215.465 -223.829 26.760 215.097 -223.473 27.212 218.194 -223.601 29.649
3 0 218.194 -223.601 29.649 218.533 -224.035 29.245 215.465 -223.829 26.760
3 0 216.667 -226.600 25.130 217.050 -226.199 24.731 219.932 -226.742 27.525
3 0 219.932 -226.742 27.525 219.520 -227.063 27.966 216.667 -226.600 25.130
3 0 216.222 -226.759 25.623 216.667 -226.600 25.130 219.520 -227.063 27.966
3 0 219.520 -227.063 27.966 219.065 -227.129 28.470 216.222 -226.759 25.623
3 0 215.782 -226.653 26.134 216.222 -226.759 25.623 219.065 -227.129 28.470
3 0 219.065 -227.129 28.470 218.635 -226.929 28.962 215.782 -226.653 26.134
3 0 215.415 -226.297 26.586 215.782 -226.653 26.134 218.635 -226.929 28.962
3 0 218.635 -226.929 28.962 218.296 -226.496 29.365 215.415 -226.297 26.586
3 0 215.847 -223.428 26.362 215.465 -223.829 26.760 218.533 -224.035 29.245
3 0 218.533 -224.035 29.245 218.944 -223.714 28.805 215.847 -223.428 26.362
3 0 216.292 -223.268 25.869 215.847 -223.428 26.362 218.944 -223.714 28.805
3 0 218.944 -223.714 28.805 219.400 -223.649 28.301 216.292 -223.268 25.869
3 0 216.732 -223.375 25.357 216.292 -223.268 25.869 219.400 -223.649 28.301
3 0 219.400 -223.649 28.301 219.830 -223.848 27.810 216.732 -223.375 25.357
3 0 217.099 -223.731 24.905 216.732 -223.375 25.357 219.830 -223.848 27.810
3 0 219.830 -223.848 27.810 220.169 -224.282 27.406 217.099 -223.731 24.905
3 0 217.099 -223.731 24.905 220.169 -224.282 27.406 220.580 -223.961 26.965
3 0 220.580 -223.961 26.965 217.482 -223.330 24.506 217.099 -223.731 24.905
3 0 217.482 -223.330 24.506 220.580 -223.961 26.965 221.036 -223.896 26.461
3 0 221.036 -223.896 26.461 217.927 -223.171 24.013 217.482 -223.330 24.506
3 0 217.927 -223.171 24.013 221.036 -223.896 26.461 221.466 -224.095 25.969
3 0 221.466 -224.095 25.969 218.367 -223.277 23.502 217.927 -223.171 24.013
3 0 218.367 -223.277 23.502 221.466 -224.095 25.969 221.805 -224.529 25.565
3 0 221.805 -224.529 25.565 218.734 -223.633 23.050 218.367 -223.277 23.502
3 0 218.734 -223.633 23.050 221.805 -224.529 25.565 222.001 -225.131 25.311
3 0 222.001 -225.131 25.311 218.973 -224.184 22.725 218.734 -223.633 23.050
3 0 218.973 -224.184 22.725 222.001 -225.131 25.311 222.025 -225.810 25.244
3 0 222.025 -225.810 25.244 219.048 -224.847 22.579 218.973 -224.184 22.725
3 0 219.048 -224.847 22.579 222.025 -225.810 25.244 221.873 -226.463 25.375
3 0 221.873 -226.463 25.375 218.947 -225.520 22.631 219.048 -224.847 22.579
3 0 218.947 -225.520 22.631 221.873 -226.463 25.375 221.568 -226.989 25.685
3 0 221.568 -226.989 25.685 218.685 -226.101 22.876 218.947 -225.520 22.631
3 0 218.685 -226.101 22.876 221.568 -226.989 25.685 221.157 -227.310 26.125
3 0 221.157 -227.310 26.125 218.302 -226.502 23.275 218.685 -226.101 22.876
3 0 218.302 -226.502 23.275 221.157 -227.310 26.125 220.701 -227.376 26.630
3 0 220.701 -227.376 26.630 217.857 -226.661 23.768 218.302 -226.502 23.275
3 0 217.857 -226.661 23.768 220.701 -227.376 26.630 220.271 -227.176 27.121
3 0 220.271 -227.176 27.121 217.417 -226.555 24.279 217.857 -226.661 23.768
3 0 217.417 -226.555 24.279 220.271 -227.176 27.121 219.932 -226.742 27.525
3 0 219.932 -226.742 27.525 217.050 -226.199 24.731 217.417 -226.555 24.279
3 0 210.880 -226.393 25.687 213.780 -226.395 28.442 213.398 -226.795 28.841
3 0 213.398 -226.795 28.841 210.526 -226.857 26.041 210.880 -226.393 25.687
3 0 210.526 -226.857 26.041 213.398 -226.795 28.841 212.953 -226.955 29.333
3 0 212.953 -226.955 29.333 210.094 -227.095 26.513 210.526 -226.857 26.041
3 0 210.094 -227.095 26.513 212.953 -226.955 29.333 212.513 -226.848 29.845
3 0 212.513 -226.848 29.845 209.651 -227.072 27.032 210.094 -227.095 26.513
3 0 209.651 -227.072 27.032 212.513 -226.848 29.845 212.146 -226.492 30.297
3 0 212.146 -226.492 30.297 209.263 -226.790 27.518 209.651 -227.072 27.032
3 0 209.263 -226.790 27.518 212.146 -226.492 30.297 211.906 -225.941 30.621
3 0 211.906 -225.941 30.621 208.991 -226.293 27.899 209.263 -226.790 27.518
3 0 208.991 -226.293 27.899 211.906 -225.941 30.621 211.832 -225.279 30.768
3 0 211.832 -225.279 30.768 208.875 -225.655 28.115 208.991 -226.293 27.899
3 0 208.875 -225.655 28.115 211.832 -225.279 30.768 211.933 -224.605 30.715
3 0 211.933 -224.605 30.715 208.934 -224.975 28.134 208.875 -225.655 28.115
3 0 208.934 -224.975 28.134 211.933 -224.605 30.715 212.195 -224.024 30.471
3 0 212.195 -224.024 30.471 209.157 -224.356 27.953 208.934 -224.975 28.134
3 0 209.157 -224.356 27.953 212.195 -224.024 30.471 212.578 -223.623 30.072
3 0 212.578 -223.623 30.072 209.512 -223.892 27.600 209.157 -224.356 27.953
3 0 209.512 -223.892 27.600 212.578 -223.623 30.072 213.023 -223.464 29.579
3 0 213.023 -223.464 29.579 209.944 -223.653 27.128 209.512 -223.892 27.600
3 0 209.944 -223.653 27.128 213.023 -223.464 29.579 213.462 -223.570 29.068
3 0 213.462 -223.570 29.068 210.387 -223.677 26.609 209.944 -223.653 27.128
3 0 210.387 -223.677 26.609 213.462 -223.570 29.068 213.830 -223.926 28.615
3 0 213.830 -223.926 28.615 210.774 -223.959 26.122 210.387 -223.677 26.609
3 0 212.142 -226.459 24.209 212.497 -225.995 23.856 215.415 -226.297 26.586
3 0 215.415 -226.297 26.586 215.033 -226.698 26.985 212.142 -226.459 24.209
3 0 211.711 -226.698 24.682 212.142 -226.459 24.209 215.033 -226.698 26.985
3 0 215.033 -226.698 26.985 214.588 -226.857 27.478 211.711 -226.698 24.682
3 0 211.267 -226.674 25.200 211.711 -226.698 24.682 214.588 -226.857 27.478
3 0 214.588 -226.857 27.478 214.148 -226.751 27.989 211.267 -226.674 25.200
3 0 210.880 -226.393 25.687 211.267 -226.674 25.200 214.148 -226.751 27.989
3 0 214.148 -226.751 27.989 213.780 -226.395 28.442 210.880 -226.393 25.687
3 0 211.129 -223.494 25.768 210.774 -223.959 26.122 213.830 -223.926 28.615
3 0 213.830 -223.926 28.615 214.213 -223.526 28.216 211.129 -223.494 25.768
3 0 211.560 -223.256 25.296 211.129 -223.494 25.768 214.213 -223.526 28.216
3 0 214.213 -223.526 28.216 214.658 -223.366 27.724 211.560 -223.256 25.296
3 0 212.004 -223.279 24.777 211.560 -223.256 25.296 214.658 -223.366 27.724
3 0 214.658 -223.366 27.724 215.097 -223.473 27.212 212.004 -223.279 24.777
3 0 212.391 -223.561 24.291 212.004 -223.279 24.777 215.097 -223.473 27.212
3 0 215.097 -223.473 27.212 215.465 -223.829 26.760 212.391 -223.561 24.291
3 0 213.759 -226.062 22.379 214.113 -225.598 22.026 217.050 -226.199 24.731
3 0 217.050 -226.199 24.731 216.667 -226.600 25.130 213.759 -226.062 22.379
3 0 213.327 -226.300 22.851 213.759 -226.062 22.379 216.667 -226.600 25.130
3 0 216.667 -226.600 25.130 216.222 -226.759 25.623 213.327 -226.300 22.851
3 0 212.884 -226.277 23.370 213.327 -226.300 22.851 216.222 -226.759 25.623
3 0 216.222 -226.759 25.623 215.782 -226.653 26.134 212.884 -226.277 23.370
3 0 212.497 -225.995 23.856 212.884 -226.277 23.370 215.782 -226.653 26.134
3 0 215.782 -226.653 26.134 215.415 -226.297 26.586 212.497 -225.995 23.856
3 0 212.745 -223.097 23.938 212.391 -223.561 24.291 215.465 -223.829 26.760
3 0 215.465 -223.829 26.760 215.847 -223.428 26.362 212.745 -223.097 23.938
3 0 213.177 -222.858 23.466 212.745 -223.097 23.938 215.847 -223.428 26.362
3 0 215.847 -223.428 26.362 216.292 -223.268 25.869 213.177 -222.858 23.466
3 0 213.620 -222.882 22.947 213.177 -222.858 23.466 216.292 -223.268 25.869
3 0 216.292 -223.268 25.869 216.732 -223.375 25.357 213.620 -222.882 22.947
3 0 214.007 -223.164 22.460 213.620 -222.882 22.947 216.732 -223.375 25.357
3 0 216.732 -223.375 25.357 217.099 -223.731 24.905 214.007 -223.164 22.460
3 0 214.007 -223.164 22.460 217.099 -223.731 24.905 217.482 -223.330 24.506
3 0 217.482 -223.330 24.506 214.362 -222.699 22.107 214.007 -223.164 22.460
3 0 214.362 -222.699 22.107 217.482 -223.330 24.506 217.927 -223.171 24.013
3 0 217.927 -223.171 24.013 214.794 -222.461 21.635 214.362 -222.699 22.107
3 0 214.794 -222.461 21.635 217.927 -223.171 24.013 218.367 -223.277 23.502
3 0 218.367 -223.277 23.502 215.237 -222.484 21.116 214.794 -222.461 21.635
3 0 215.237 -222.484 21.116 218.367 -223.277 23.502 218.734 -223.633 23.050
3 0 218.734 -223.633 23.050 215.624 -222.766 20.629 215.237 -222.484 21.116
3 0 215.624 -222.766 20.629 218.734 -223.633 23.050 218.973 -224.184 22.725
3 0 218.973 -224.184 22.725 215.896 -223.263 20.249 215.624 -222.766 20.629
3 0 215.896 -223.263 20.249 218.973 -224.184 22.725 219.048 -224.847 22.579
3 0 219.048 -224.847 22.579 216.012 -223.901 20.032 215.896 -223.263 20.249
3 0 216.012 -223.901 20.032 219.048 -224.847 22.579 218.947 -225.520 22.631
3 0 218.947 -225.520 22.631 215.954 -224.581 20.013 216.012 -223.901 20.032
3 0 215.954 -224.581 20.013 218.947 -225.520 22.631 218.685 -226.101 22.876
3 0 218.685 -226.101 22.876 215.730 -225.200 20.194 215.954 -224.581 20.013
3 0 215.730 -225.200 20.194 218.685 -226.101 22.876 218.302 -226.502 23.275
3 0 218.302 -226.502 23.275 215.375 -225.664 20.548 215.730 -225.200 20.194
3 0 215.375 -225.664 20.548 218.302 -226.502 23.275 217.857 -226.661 23.768
3 0 217.857 -226.661 23.768 214.944 -225.903 21.020 215.375 -225.664 20.548
3 0 214.944 -225.903 21.020 217.857 -226.661 23.768 217.417 -226.555 24.279
3 0 217.417 -226.555 24.279 214.500 -225.879 21.539 214.944 -225.903 21.020
3 0 214.500 -225.879 21.539 217.417 -226.555 24.279 217.050 -226.199 24.731
3 0 217.050 -226.199 24.731 214.113 -225.598 22.026 214.500 -225.879 21.539
3 0 207.951 -226.238 22.965 210.880 -226.393 25.687 210.526 -226.857 26.041
3 0 210.526 -226.857 26.041 207.622 -226.750 23.274 207.951 -226.238 22.965
3 0 207.622 -226.750 23.274 210.526 -226.857 26.041 210.094 -227.095 26.513
3 0 210.094 -227.095 26.513 207.204 -227.053 23.721 207.622 -226.750 23.274
3 0 207.204 -227.053 23.721 210.094 -227.095 26.513 209.651 -227.072 27.032
3 0 209.651 -227.072 27.032 206.761 -227.100 24.238 207.204 -227.053 23.721
3 0 206.761 -227.100 24.238 209.651 -227.072 27.032 209.263 -226.790 27.518
3 0 209.263 -226.790 27.518 206.361 -226.884 24.748 206.761 -227.100 24.238
3 0 206.361 -226.884 24.748 209.263 -226.790 27.518 208.991 -226.293 27.899
3 0 208.991 -226.293 27.899 206.064 -226.438 25.171 206.361 -226.884 24.748
3 0 206.064 -226.438 25.171 208.991 -226.293 27.899 208.875 -225.655 28.115
3 0 208.875 -225.655 28.115 205.916 -225.830 25.445 206.064 -226.438 25.171
3 0 205.916 -225.830 25.445 208.875 -225.655 28.115 208.934 -224.975 28.134
3 0 208.934 -224.975 28.134 205.939 -225.153 25.526 205.916 -225.830 25.445
3 0 205.939 -225.153 25.526 208.934 -224.975 28.134 209.157 -224.356 27.953
3 0 209.157 -224.356 27.953 206.130 -224.509 25.403 205.939 -225.153 25.526
3 0 206.130 -224.509 25.403 209.157 -224.356 27.953 209.512 -223.892 27.600
3 0 209.512 -223.892 27.600 206.460 -223.996 25.095 206.130 -224.509 25.403
3 0 206.460 -223.996 25.095 209.512 -223.892 27.600 209.944 -223.653 27.128
3 0 209.944 -223.653 27.128 206.878 -223.694 24.648 206.460 -223.996 25.095
3 0 206.878 -223.694 24.648 209.944 -223.653 27.128 210.387 -223.677 26.609
3 0 210.387 -223.677 26.609 207.320 -223.646 24.130 206.878 -223.694 24.648
3 0 207.320 -223.646 24.130 210.387 -223.677 26.609 210.774 -223.959 26.122
3 0 210.774 -223.959 26.122 207.721 -223.862 23.621 207.320 -223.646 24.130
3 0 209.212 -226.104 21.491 209.541 -225.591 21.182 212.497 -225.995 23.856
3 0 212.497 -225.995 23.856 212.142 -226.459 24.209 209.212 -226.104 21.491
3 0 208.794 -226.406 21.938 209.212 -226.104 21.491 212.142 -226.459 24.209
3 0 212.142 -226.459 24.209 211.711 -226.698 24.682 208.794 -226.406 21.938
3 0 208.351 -226.453 22.455 208.794 -226.406 21.938 211.711 -226.698 24.682
3 0 211.711 -226.698 24.682 211.267 -226.674 25.200 208.351 -226.453 22.455
3 0 207.951 -226.238 22.965 208.351 -226.453 22.455 211.267 -226.674 25.200
3 0 211.267 -226.674 25.200 210.880 -226.393 25.687 207.951 -226.238 22.965
3 0 208.050 -223.350 23.312 207.721 -223.862 23.621 210.774 -223.959 26.122
3 0 210.774 -223.959 26.122 211.129 -223.494 25.768 208.050 -223.350 23.312
3 0 208.468 -223.047 22.865 208.050 -223.350 23.312 211.129 -223.494 25.768
3 0 211.129 -223.494 25.768 211.560 -223.256 25.296 208.468 -223.047 22.865
3 0 208.911 -223.000 22.347 208.468 -223.047 22.865 211.560 -223.256 25.296
3 0 211.560 -223.256 25.296 212.004 -223.279 24.777 208.911 -223.000 22.347
3 0 209.311 -223.216 21.838 208.911 -223.000 22.347 212.004 -223.279 24.777
3 0 212.004 -223.279 24.777 212.391 -223.561 24.291 209.311 -223.216 21.838
3 0 210.802 -225.457 19.709 211.131 -224.945 19.400 214.113 -225.598 22.026
3 0 214.113 -225.598 22.026 213.759 -226.062 22.379 210.802 -225.457 19.709
3 0 210.384 -225.760 20.156 210.802 -225.457 19.709 213.759 -226.062 22.379
3 0 213.759 -226.062 22.379 213.327 -226.300 22.851 210.384 -225.760 20.156
3 0 209.941 -225.807 20.673 210.384 -225.760 20.156 213.327 -226.300 22.851
3 0 213.327 -226.300 22.851 212.884 -226.277 23.370 209.941 -225.807 20.673
3 0 209.541 -225.591 21.182 209.941 -225.807 20.673 212.884 -226.277 23.370
3 0 212.884 -226.277 23.370 212.497 -225.995 23.856 209.541 -225.591 21.182
3 0 209.640 -222.704 21.530 209.311 -223.216 21.838 212.391 -223.561 24.291
3 0 212.391 -223.561 24.291 212.745 -223.097 23.938 209.640 -222.704 21.530
3 0 210.058 -222.401 21.083 209.640 -222.704 21.530 212.745 -223.097 23.938
3 0 212.745 -223.097 23.938 213.177 -222.858 23.466 210.058 -222.401 21.083
3 0 210.501 -222.354 20.565 210.058 -222.401 21.083 213.177 -222.858 23.466
3 0 213.177 -222.858 23.466 213.620 -222.882 22.947 210.501 -222.354 20.565
3 0 210.901 -222.570 20.056 210.501 -222.354 20.565 213.620 -222.882 22.947
3 0 213.620 -222.882 22.947 214.007 -223.164 22.460 210.901 -222.570 20.056
3 0 210.901 -222.570 20.056 214.007 -223.164 22.460 214.362 -222.699 22.107
3 0 214.362 -222.699 22.107 211.230 -222.057 19.747 210.901 -222.570 20.056
3 0 211.230 -222.057 19.747 214.362 -222.699 22.107 214.794 -222.461 21.635
3 0 214.794 -222.461 21.635 211.648 -221.755 19.300 211.230 -222.057 19.747
3 0 211.648 -221.755 19.300 214.794 -222.461 21.635 215.237 -222.484 21.116
3 0 215.237 -222.484 21.116 212.091 -221.708 18.782 211.648 -221.755 19.300
3 0 212.091 -221.708 18.782 215.237 -222.484 21.116 215.624 -222.766 20.629
3 0 215.624 -222.766 20.629 212.491 -221.923 18.273 212.091 -221.708 18.782
3 0 212.491 -221.923 18.273 215.624 -222.766 20.629 215.896 -223.263 20.249
3 0 215.896 -223.263 20.249 212.788 -222.369 17.849 212.491 -221.923 18.273
3 0 212.788 -222.369 17.849 215.896 -223.263 20.249 216.012 -223.901 20.032
3 0 216.012 -223.901 20.032 212.936 -222.977 17.576 212.788 -222.369 17.849
3 0 212.936 -222.977 17.576 216.012 -223.901 20.032 215.954 -224.581 20.013
3 0 215.954 -224.581 20.013 212.912 -223.655 17.494 212.936 -222.977 17.576
3 0 212.912 -223.655 17.494 215.954 -224.581 20.013 215.730 -225.200 20.194
3 0 215.730 -225.200 20.194 212.721 -224.299 17.617 212.912 -223.655 17.494
3 0 212.721 -224.299 17.617 215.730 -225.200 20.194 215.375 -225.664 20.548
3 0 215.375 -225.664 20.548 212.392 -224.811 17.926 212.721 -224.299 17.617
3 0 212.392 -224.811 17.926 215.375 -225.664 20.548 214.944 -225.903 21.020
3 0 214.944 -225.903 21.020 211.974 -225.114 18.373 212.392 -224.811 17.926
3 0 211.974 -225.114 18.373 214.944 -225.903 21.020 214.500 -225.879 21.539
3 0 214.500 -225.879 21.539 211.531 -225.161 18.890 211.974 -225.114 18.373
3 0 211.531 -225.161 18.890 214.500 -225.879 21.539 214.113 -225.598 22.026
3 0 214.113 -225.598 22.026 211.131 -224.945 19.400 211.531 -225.161 18.890
3 0 204.992 -225.954 20.284 207.951 -226.238 22.965 207.622 -226.750 23.274
3 0 207.622 -226.750 23.274 204.683 -226.500 20.552 204.992 -225.954 20.284
3 0 204.683 -226.500 20.552 207.622 -226.750 23.274 207.204 -227.053 23.721
3 0 207.204 -227.053 23.721 204.278 -226.852 20.974 204.683 -226.500 20.552
3 0 204.278 -226.852 20.974 207.204 -227.053 23.721 206.761 -227.100 24.238
3 0 206.761 -227.100 24.238 203.838 -226.956 21.486 204.278 -226.852 20.974
3 0 203.838 -226.956 21.486 206.761 -227.100 24.238 206.361 -226.884 24.748
3 0 206.361 -226.884 24.748 203.429 -226.795 22.009 203.838 -226.956 21.486
3 0 203.429 -226.795 22.009 206.361 -226.884 24.748 206.064 -226.438 25.171
3 0 206.064 -226.438 25.171 203.115 -226.394 22.464 203.429 -226.795 22.009
3 0 203.115 -226.394 22.464 206.064 -226.438 25.171 205.916 -225.830 25.445
3 0 205.916 -225.830 25.445 202.944 -225.815 22.782 203.115 -226.394 22.464
3 0 202.944 -225.815 22.782 205.916 -225.830 25.445 205.939 -225.153 25.526
3 0 205.939 -225.153 25.526 202.940 -225.145 22.914 202.944 -225.815 22.782
3 0 202.940 -225.145 22.914 205.939 -225.153 25.526 206.130 -224.509 25.403
3 0 206.130 -224.509 25.403 203.105 -224.487 22.841 202.940 -225.145 22.914
3 0 203.105 -224.487 22.841 206.130 -224.509 25.403 206.460 -223.996 25.095
3 0 206.460 -223.996 25.095 203.414 -223.940 22.573 203.105 -224.487 22.841
3 0 203.414 -223.940 22.573 206.460 -223.996 25.095 206.878 -223.694 24.648
3 0 206.878 -223.694 24.648 203.820 -223.588 22.151 203.414 -223.940 22.573
3 0 203.820 -223.588 22.151 206.878 -223.694 24.648 207.320 -223.646 24.130
3 0 207.320 -223.646 24.130 204.260 -223.485 21.640 203.820 -223.588 22.151
3 0 204.260 -223.485 21.640 207.320 -223.646 24.130 207.721 -223.862 23.621
3 0 207.721 -223.862 23.621 204.668 -223.645 21.117 204.260 -223.485 21.640
3 0 206.247 -225.659 18.828 206.556 -225.112 18.560 209.541 -225.591 21.182
3 0 209.541 -225.591 21.182 209.212 -226.104 21.491 206.247 -225.659 18.828
3 0 205.841 -226.011 19.250 206.247 -225.659 18.828 209.212 -226.104 21.491
3 0 209.212 -226.104 21.491 208.794 -226.406 21.938 205.841 -226.011 19.250
3 0 205.401 -226.114 19.761 205.841 -226.011 19.250 208.794 -226.406 21.938
3 0 208.794 -226.406 21.938 208.351 -226.453 22.455 205.401 -226.114 19.761
3 0 204.992 -225.954 20.284 205.401 -226.114 19.761 208.351 -226.453 22.455
3 0 208.351 -226.453 22.455 207.951 -226.238 22.965 204.992 -225.954 20.284
3 0 204.977 -223.099 20.848 204.668 -223.645 21.117 207.721 -223.862 23.621
3 0 207.721 -223.862 23.621 208.050 -223.350 23.312 204.977 -223.099 20.848
3 0 205.383 -222.747 20.427 204.977 -223.099 20.848 208.050 -223.350 23.312
3 0 208.050 -223.350 23.312 208.468 -223.047 22.865 205.383 -222.747 20.427
3 0 205.823 -222.643 19.915 205.383 -222.747 20.427 208.468 -223.047 22.865
3 0 208.468 -223.047 22.865 208.911 -223.000 22.347 205.823 -222.643 19.915
3 0 206.231 -222.804 19.392 205.823 -222.643 19.915 208.911 -223.000 22.347
3 0 208.911 -223.000 22.347 209.311 -223.216 21.838 206.231 -222.804 19.392
3 0 207.809 -224.818 17.104 208.118 -224.271 16.836 211.131 -224.945 19.400
3 0 211.131 -224.945 19.400 210.802 -225.457 19.709 207.809 -224.818 17.104
3 0 207.404 -225.170 17.526 207.809 -224.818 17.104 210.802 -225.457 19.709
3 0 210.802 -225.457 19.709 210.384 -225.760 20.156 207.404 -225.170 17.526
3 0 206.963 -225.273 18.037 207.404 -225.170 17.526 210.384 -225.760 20.156
3 0 210.384 -225.760 20.156 209.941 -225.807 20.673 206.963 -225.273 18.037
3 0 206.556 -225.112 18.560 206.963 -225.273 18.037 209.941 -225.807 20.673
3 0 209.941 -225.807 20.673 209.541 -225.591 21.182 206.556 -225.112 18.560
3 0 206.540 -222.258 19.124 206.231 -222.804 19.392 209.311 -223.216 21.838
3 0 209.311 -223.216 21.838 209.640 -222.704 21.530 206.540 -222.258 19.124
3 0 206.945 -221.906 18.703 206.540 -222.258 19.124 209.640 -222.704 21.530
3 0 209.640 -222.704 21.530 210.058 -222.401 21.083 206.945 -221.906 18.703
3 0 207.386 -221.802 18.191 206.945 -221.906 18.703 210.058 -222.401 21.083
3 0 210.058 -222.401 21.083 210.501 -222.354 20.565 207.386 -221.802 18.191
3 0 207.794 -221.963 17.668 207.386 -221.802 18.191 210.501 -222.354 20.565
3 0 210.501 -222.354 20.565 210.901 -222.570 20.056 207.794 -221.963 17.668
3 0 207.794 -221.963 17.668 210.901 -222.570 20.056 211.230 -222.057 19.747
3 0 211.230 -222.057 19.747 208.103 -221.416 17.400 207.794 -221.963 17.668
3 0 208.103 -221.416 17.400 211.230 -222.057 19.747 211.648 -221.755 19.300
3 0 211.648 -221.755 19.300 208.509 -221.065 16.978 208.103 -221.416 17.400
3 0 208.509 -221.065 16.978 211.648 -221.755 19.300 212.091 -221.708 18.782
3 0 212.091 -221.708 18.782 208.949 -220.961 16.467 208.509 -221.065 16.978
3 0 208.949 -220.961 16.467 212.091 -221.708 18.782 212.491 -221.923 18.273
3 0 212.491 -221.923 18.273 209.357 -221.122 15.943 208.949 -220.961 16.467
3 0 209.357 -221.122 15.943 212.491 -221.923 18.273 212.788 -222.369 17.849
3 0 212.788 -222.369 17.849 209.671 -221.522 15.488 209.357 -221.122 15.943
3 0 209.671 -221.522 15.488 212.788 -222.369 17.849 212.936 -222.977 17.576
3 0 212.936 -222.977 17.576 209.843 -222.102 15.170 209.671 -221.522 15.488
3 0 209.843 -222.102 15.170 212.936 -222.977 17.576 212.912 -223.655 17.494
3 0 212.912 -223.655 17.494 209.846 -222.772 15.038 209.843 -222.102 15.170
3 0 209.846 -222.772 15.038 212.912 -223.655 17.494 212.721 -224.299 17.617
3 0 212.721 -224.299 17.617 209.681 -223.430 15.111 209.846 -222.772 15.038
3 0 209.681 -223.430 15.111 212.721 -224.299 17.617 212.392 -224.811 17.926
3 0 212.392 -224.811 17.926 209.372 -223.977 15.379 209.681 -223.430 15.111
3 0 209.372 -223.977 15.379 212.392 -224.811 17.926 211.974 -225.114 18.373
3 0 211.974 -225.114 18.373 208.967 -224.329 15.801 209.372 -223.977 15.379
3 0 208.967 -224.329 15.801 211.974 -225.114 18.373 211.531 -225.161 18.890
3 0 211.531 -225.161 18.890 208.526 -224.432 16.312 208.967 -224.329 15.801
3 0 208.526 -224.432 16.312 211.531 -225.161 18.890 211.131 -224.945 19.400
3 0 211.131 -224.945 19.400 208.118 -224.271 16.836 208.526 -224.432 16.312
3 0 202.010 -225.563 17.640 204.992 -225.954 20.284 204.683 -226.500 20.552
3 0 204.683 -226.500 20.552 201.719 -226.136 17.870 202.010 -225.563 17.640
3 0 201.719 -226.136 17.870 204.683 -226.500 20.552 204.278 -226.852 20.974
3 0 204.278 -226.852 20.974 201.324 -226.528 18.266 201.719 -226.136 17.870
3 0 201.324 -226.528 18.266 204.278 -226.852 20.974 203.838 -226.956 21.486
3 0 203.838 -226.956 21.486 200.887 -226.680 18.768 201.324 -226.528 18.266
3 0 200.887 -226.680 18.768 203.838 -226.956 21.486 203.429 -226.795 22.009
3 0 203.429 -226.795 22.009 200.474 -226.568 19.300 200.887 -226.680 18.768
3 0 200.474 -226.568 19.300 203.429 -226.795 22.009 203.115 -226.394 22.464
3 0 203.115 -226.394 22.464 200.147 -226.209 19.780 200.474 -226.568 19.300
3 0 200.147 -226.209 19.780 203.115 -226.394 22.464 202.944 -225.815 22.782
3 0 202.944 -225.815 22.782 199.956 -225.658 20.136 200.147 -226.209 19.780
3 0 199.956 -225.658 20.136 202.944 -225.815 22.782 202.940 -225.145 22.914
3 0 202.940 -225.145 22.914 199.931 -224.999 20.313 199.956 -225.658 20.136
3 0 199.931 -224.999 20.313 202.940 -225.145 22.914 203.105 -224.487 22.841
3 0 203.105 -224.487 22.841 200.075 -224.332 20.284 199.931 -224.999 20.313
3 0 200.075 -224.332 20.284 203.105 -224.487 22.841 203.414 -223.940 22.573
3 0 203.414 -223.940 22.573 200.367 -223.759 20.054 200.075 -224.332 20.284
3 0 200.367 -223.759 20.054 203.414 -223.940 22.573 203.820 -223.588 22.151
3 0 203.820 -223.588 22.151 200.761 -223.367 19.658 200.367 -223.759 20.054
3 0 200.761 -223.367 19.658 203.820 -223.588 22.151 204.260 -223.485 21.640
3 0 204.260 -223.485 21.640 201.198 -223.215 19.156 200.761 -223.367 19.658
3 0 201.198 -223.215 19.156 204.260 -223.485 21.640 204.668 -223.645 21.117
3 0 204.668 -223.645 21.117 201.612 -223.328 18.624 201.198 -223.215 19.156
3 0 203.255 -225.132 16.210 203.546 -224.558 15.980 206.556 -225.112 18.560
3 0 206.556 -225.112 18.560 206.247 -225.659 18.828 203.255 -225.132 16.210
3 0 202.861 -225.524 16.606 203.255 -225.132 16.210 206.247 -225.659 18.828
3 0 206.247 -225.659 18.828 205.841 -226.011 19.250 202.861 -225.524 16.606
3 0 202.423 -225.675 17.108 202.861 -225.524 16.606 205.841 -226.011 19.250
3 0 205.841 -226.011 19.250 205.401 -226.114 19.761 202.423 -225.675 17.108
3 0 202.010 -225.563 17.640 202.423 -225.675 17.108 205.401 -226.114 19.761
3 0 205.401 -226.114 19.761 204.992 -225.954 20.284 202.010 -225.563 17.640
3 0 201.903 -222.754 18.394 201.612 -223.328 18.624 204.668 -223.645 21.117
3 0 204.668 -223.645 21.117 204.977 -223.099 20.848 201.903 -222.754 18.394
3 0 202.297 -222.362 17.998 201.903 -222.754 18.394 204.977 -223.099 20.848
3 0 204.977 -223.099 20.848 205.383 -222.747 20.427 202.297 -222.362 17.998
3 0 202.734 -222.211 17.496 202.297 -222.362 17.998 205.383 -222.747 20.427
3 0 205.383 -222.747 20.427 205.823 -222.643 19.915 202.734 -222.211 17.496
3 0 203.148 -222.323 16.964 202.734 -222.211 17.496 205.823 -222.643 19.915
3 0 205.823 -222.643 19.915 206.231 -222.804 19.392 203.148 -222.323 16.964
3 0 204.790 -224.127 14.550 205.082 -223.554 14.320 208.118 -224.271 16.836
3 0 208.118 -224.271 16.836 207.809 -224.818 17.104 204.790 -224.127 14.550
3 0 204.396 -224.519 14.946 204.790 -224.127 14.550 207.809 -224.818 17.104
3 0 207.809 -224.818 17.104 207.404 -225.170 17.526 204.396 -224.519 14.946
3 0 203.959 -224.671 15.449 204.396 -224.519 14.946 207.404 -225.170 17.526
3 0 207.404 -225.170 17.526 206.963 -225.273 18.037 203.959 -224.671 15.449
3 0 203.546 -224.558 15.980 203.959 -224.671 15.449 206.963 -225.273 18.037
3 0 206.963 -225.273 18.037 206.556 -225.112 18.560 203.546 -224.558 15.980
3 0 203.439 -221.750 16.735 203.148 -222.323 16.964 206.231 -222.804 19.392
3 0 206.231 -222.804 19.392 206.540 -222.258 19.124 203.439 -221.750 16.735
3 0 203.833 -221.358 16.338 203.439 -221.750 16.735 206.540 -222.258 19.124
3 0 206.540 -222.258 19.124 206.945 -221.906 18.703 203.833 -221.358 16.338
3 0 204.270 -221.206 15.836 203.833 -221.358 16.338 206.945 -221.906 18.703
3 0 206.945 -221.906 18.703 207.386 -221.802 18.191 204.270 -221.206 15.836
3 0 204.684 -221.319 15.304 204.270 -221.206 15.836 207.386 -221.802 18.191
3 0 207.386 -221.802 18.191 207.794 -221.963 17.668 204.684 -221.319 15.304
3 0 204.684 -221.319 15.304 207.794 -221.963 17.668 208.103 -221.416 17.400
3 0 208.103 -221.416 17.400 204.975 -220.745 15.074 204.684 -221.319 15.304
3 0 204.975 -220.745 15.074 208.103 -221.416 17.400 208.509 -221.065 16.978
3 0 208.509 -221.065 16.978 205.369 -220.353 14.678 204.975 -220.745 15.074
3 0 205.369 -220.353 14.678 208.509 -221.065 16.978 208.949 -220.961 16.467
3 0 208.949 -220.961 16.467 205.806 -220.202 14.176 205.369 -220.353 14.678
3 0 205.806 -220.202 14.176 208.949 -220.961 16.467 209.357 -221.122 15.943
3 0 209.357 -221.122 15.943 206.220 -220.314 13.644 205.806 -220.202 14.176
3 0 206.220 -220.314 13.644 209.357 -221.122 15.943 209.671 -221.522 15.488
3 0 209.671 -221.522 15.488 206.547 -220.673 13.164 206.220 -220.314 13.644
3 0 206.547 -220.673 13.164 209.671 -221.522 15.488 209.843 -222.102 15.170
3 0 209.843 -222.102 15.170 206.737 -221.224 12.808 206.547 -220.673 13.164
3 0 206.737 -221.224 12.808 209.843 -222.102 15.170 209.846 -222.772 15.038
3 0 209.846 -222.772 15.038 206.762 -221.883 12.631 206.737 -221.224 12.808
3 0 206.762 -221.883 12.631 209.846 -222.772 15.038 209.681 -223.430 15.111
3 0 209.681 -223.430 15.111 206.618 -222.550 12.660 206.762 -221.883 12.631
3 0 206.618 -222.550 12.660 209.681 -223.430 15.111 209.372 -223.977 15.379
3 0 209.372 -223.977 15.379 206.327 -223.123 12.890 206.618 -222.550 12.660
3 0 206.327 -223.123 12.890 209.372 -223.977 15.379 208.967 -224.329 15.801
3 0 208.967 -224.329 15.801 205.932 -223.515 13.286 206.327 -223.123 12.890
3 0 205.932 -223.515 13.286 208.967 -224.329 15.801 208.526 -224.432 16.312
3 0 208.526 -224.432 16.312 205.495 -223.666 13.788 205.932 -223.515 13.286
3 0 205.495 -223.666 13.788 208.526 -224.432 16.312 208.118 -224.271 16.836
3 0 208.118 -224.271 16.836 205.082 -223.554 14.320 205.495 -223.666 13.788
3 0 198.626 -225.016 14.697 202.010 -225.563 17.640 201.719 -226.136 17.870
3 0 201.719 -226.136 17.870 198.351 -225.612 14.884 198.626 -225.016 14.697
3 0 198.351 -225.612 14.884 201.719 -226.136 17.870 201.324 -226.528 18.266
3 0 201.324 -226.528 18.266 197.967 -226.042 15.251 198.351 -225.612 14.884
3 0 197.967 -226.042 15.251 201.324 -226.528 18.266 200.887 -226.680 18.768
3 0 200.887 -226.680 18.768 197.534 -226.241 15.740 197.967 -226.042 15.251
3 0 197.534 -226.241 15.740 200.887 -226.680 18.768 200.474 -226.568 19.300
3 0 200.474 -226.568 19.300 197.118 -226.179 16.277 197.534 -226.241 15.740
3 0 197.118 -226.179 16.277 200.474 -226.568 19.300 200.147 -226.209 19.780
3 0 200.147 -226.209 19.780 196.781 -225.864 16.781 197.118 -226.179 16.277
3 0 196.781 -225.864 16.781 200.147 -226.209 19.780 199.956 -225.658 20.136
3 0 199.956 -225.658 20.136 196.575 -225.346 17.175 196.781 -225.864 16.781
3 0 196.575 -225.346 17.175 199.956 -225.658 20.136 199.931 -224.999 20.313
3 0 199.931 -224.999 20.313 196.532 -224.702 17.398 196.575 -225.346 17.175
3 0 196.532 -224.702 17.398 199.931 -224.999 20.313 200.075 -224.332 20.284
3 0 200.075 -224.332 20.284 196.658 -224.031 17.418 196.532 -224.702 17.398
3 0 196.658 -224.031 17.418 200.075 -224.332 20.284 200.367 -223.759 20.054
3 0 200.367 -223.759 20.054 196.933 -223.435 17.230 196.658 -224.031 17.418
3 0 196.933 -223.435 17.230 200.367 -223.759 20.054 200.761 -223.367 19.658
3 0 200.761 -223.367 19.658 197.316 -223.005 16.863 196.933 -223.435 17.230
3 0 197.316 -223.005 16.863 200.761 -223.367 19.658 201.198 -223.215 19.156
3 0 201.198 -223.215 19.156 197.749 -222.806 16.374 197.316 -223.005 16.863
3 0 197.749 -222.806 16.374 201.198 -223.215 19.156 201.612 -223.328 18.624
3 0 201.612 -223.328 18.624 198.166 -222.869 15.837 197.749 -222.806 16.374
3 0 199.859 -224.450 13.304 200.135 -223.854 13.116 203.546 -224.558 15.980
3 0 203.546 -224.558 15.980 203.255 -225.132 16.210 199.859 -224.450 13.304
3 0 199.476 -224.880 13.670 199.859 -224.450 13.304 203.255 -225.132 16.210
3 0 203.255 -225.132 16.210 202.861 -225.524 16.606 199.476 -224.880 13.670
3 0 199.043 -225.079 14.159 199.476 -224.880 13.670 202.861 -225.524 16.606
3 0 202.861 -225.524 16.606 202.423 -225.675 17.108 199.043 -225.079 14.159
3 0 198.626 -225.016 14.697 199.043 -225.079 14.159 202.423 -225.675 17.108
3 0 202.423 -225.675 17.108 202.010 -225.563 17.640 198.626 -225.016 14.697
3 0 198.442 -222.273 15.649 198.166 -222.869 15.837 201.612 -223.328 18.624
3 0 201.612 -223.328 18.624 201.903 -222.754 18.394 198.442 -222.273 15.649
3 0 198.825 -221.842 15.283 198.442 -222.273 15.649 201.903 -222.754 18.394
3 0 201.903 -222.754 18.394 202.297 -222.362 17.998 198.825 -221.842 15.283
3 0 199.258 -221.643 14.794 198.825 -221.842 15.283 202.297 -222.362 17.998
3 0 202.297 -222.362 17.998 202.734 -222.211 17.496 199.258 -221.643 14.794
3 0 199.675 -221.706 14.256 199.258 -221.643 14.794 202.734 -222.211 17.496
3 0 202.734 -222.211 17.496 203.148 -222.323 16.964 199.675 -221.706 14.256
3 0 201.367 -223.288 11.724 201.643 -222.692 11.536 205.082 -223.554 14.320
3 0 205.082 -223.554 14.320 204.790 -224.127 14.550 201.367 -223.288 11.724
3 0 200.984 -223.718 12.090 201.367 -223.288 11.724 204.790 -224.127 14.550
3 0 204.790 -224.127 14.550 204.396 -224.519 14.946 200.984 -223.718 12.090
3 0 200.551 -223.917 12.579 200.984 -223.718 12.090 204.396 -224.519 14.946
3 0 204.396 -224.519 14.946 203.959 -224.671 15.449 200.551 -223.917 12.579
3 0 200.135 -223.854 13.116 200.551 -223.917 12.579 203.959 -224.671 15.449
3 0 203.959 -224.671 15.449 203.546 -224.558 15.980 200.135 -223.854 13.116
3 0 199.950 -221.111 14.069 199.675 -221.706 14.256 203.148 -222.323 16.964
3 0 203.148 -222.323 16.964 203.439 -221.750 16.735 199.950 -221.111 14.069
3 0 200.333 -220.680 13.703 199.950 -221.111 14.069 203.439 -221.750 16.735
3 0 203.439 -221.750 16.735 203.833 -221.358 16.338 200.333 -220.680 13.703
3 0 200.766 -220.481 13.214 200.333 -220.680 13.703 203.833 -221.358 16.338
3 0 203.833 -221.358 16.338 204.270 -221.206 15.836 200.766 -220.481 13.214
3 0 201.182 -220.544 12.676 200.766 -220.481 13.214 204.270 -221.206 15.836
3 0 204.270 -221.206 15.836 204.684 -221.319 15.304 201.182 -220.544 12.676
3 0 201.182 -220.544 12.676 204.684 -221.319 15.304 204.975 -220.745 15.074
3 0 204.975 -220.745 15.074 201.458 -219.948 12.488 201.182 -220.544 12.676
3 0 201.458 -219.948 12.488 204.975 -220.745 15.074 205.369 -220.353 14.678
3 0 205.369 -220.353 14.678 201.842 -219.518 12.122 201.458 -219.948 12.488
3 0 201.842 -219.518 12.122 205.369 -220.353 14.678 205.806 -220.202 14.176
3 0 205.806 -220.202 14.176 202.274 -219.319 11.633 201.842 -219.518 12.122
3 0 202.274 -219.319 11.633 205.806 -220.202 14.176 206.220 -220.314 13.644
3 0 206.220 -220.314 13.644 202.691 -219.382 11.096 202.274 -219.319 11.633
3 0 202.691 -219.382 11.096 206.220 -220.314 13.644 206.547 -220.673 13.164
3 0 206.547 -220.673 13.164 203.028 -219.696 10.592 202.691 -219.382 11.096
3 0 203.028 -219.696 10.592 206.547 -220.673 13.164 206.737 -221.224 12.808
3 0 206.737 -221.224 12.808 203.234 -220.215 10.198 203.028 -219.696 10.592
3 0 203.234 -220.215 10.198 206.737 -221.224 12.808 206.762 -221.883 12.631
3 0 206.762 -221.883 12.631 203.277 -220.858 9.975 203.234 -220.215 10.198
3 0 203.277 -220.858 9.975 206.762 -221.883 12.631 206.618 -222.550 12.660
3 0 206.618 -222.550 12.660 203.151 -221.529 9.955 203.277 -220.858 9.975
3 0 203.151 -221.529 9.955 206.618 -222.550 12.660 206.327 -223.123 12.890
3 0 206.327 -223.123 12.890 202.876 -222.125 10.143 203.151 -221.529 9.955
3 0 202.876 -222.125 10.143 206.327 -223.123 12.890 205.932 -223.515 13.286
3 0 205.932 -223.515 13.286 202.492 -222.555 10.509 202.876 -222.125 10.143
3 0 202.492 -222.555 10.509 205.932 -223.515 13.286 205.495 -223.666 13.788
3 0 205.495 -223.666 13.788 202.059 -222.754 10.998 202.492 -222.555 10.509
3 0 202.059 -222.754 10.998 205.495 -223.666 13.788 205.082 -223.554 14.320
3 0 205.082 -223.554 14.320 201.643 -222.692 11.536 202.059 -222.754 10.998
3 0 192.539 -223.721 9.657 198.626 -225.016 14.697 198.351 -225.612 14.884
3 0 198.351 -225.612 14.884 192.279 -224.337 9.795 192.539 -223.721 9.657
3 0 192.279 -224.337 9.795 198.351 -225.612 14.884 197.967 -226.042 15.251
3 0 197.967 -226.042 15.251 191.907 -224.806 10.124 192.279 -224.337 9.795
3 0 191.907 -224.806 10.124 197.967 -226.042 15.251 197.534 -226.241 15.740
3 0 197.534 -226.241 15.740 191.479 -225.055 10.594 191.907 -224.806 10.124
3 0 191.479 -225.055 10.594 197.534 -226.241 15.740 197.118 -226.179 16.277
3 0 197.118 -226.179 16.277 191.060 -225.047 11.133 191.479 -225.055 10.594
3 0 191.060 -225.047 11.133 197.118 -226.179 16.277 196.781 -225.864 16.781
3 0 196.781 -225.864 16.781 190.714 -224.784 11.659 191.060 -225.047 11.133
3 0 190.714 -224.784 11.659 196.781 -225.864 16.781 196.575 -225.346 17.175
3 0 196.575 -225.346 17.175 190.494 -224.304 12.093 190.714 -224.784 11.659
3 0 190.494 -224.304 12.093 196.575 -225.346 17.175 196.532 -224.702 17.398
3 0 196.532 -224.702 17.398 190.433 -223.682 12.368 190.494 -224.304 12.093
3 0 190.433 -223.682 12.368 196.532 -224.702 17.398 196.658 -224.031 17.418
3 0 196.658 -224.031 17.418 190.541 -223.012 12.442 190.433 -223.682 12.368
3 0 190.541 -223.012 12.442 196.658 -224.031 17.418 196.933 -223.435 17.230
3 0 196.933 -223.435 17.230 190.801 -222.396 12.304 190.541 -223.012 12.442
3 0 190.801 -222.396 12.304 196.933 -223.435 17.230 197.316 -223.005 16.863
3 0 197.316 -223.005 16.863 191.173 -221.927 11.975 190.801 -222.396 12.304
3 0 191.173 -221.927 11.975 197.316 -223.005 16.863 197.749 -222.806 16.374
3 0 197.749 -222.806 16.374 191.601 -221.678 11.505 191.173 -221.927 11.975
3 0 191.601 -221.678 11.505 197.749 -222.806 16.374 198.166 -222.869 15.837
3 0 198.166 -222.869 15.837 192.020 -221.686 10.966 191.601 -221.678 11.505
3 0 193.758 -223.011 8.319 194.018 -222.395 8.181 200.135 -223.854 13.116
3 0 200.135 -223.854 13.116 199.859 -224.450 13.304 193.758 -223.011 8.319
3 0 193.386 -223.479 8.648 193.758 -223.011 8.319 199.859 -224.450 13.304
3 0 199.859 -224.450 13.304 199.476 -224.880 13.670 193.386 -223.479 8.648
3 0 192.958 -223.729 9.118 193.386 -223.479 8.648 199.476 -224.880 13.670
3 0 199.476 -224.880 13.670 199.043 -225.079 14.159 192.958 -223.729 9.118
3 0 192.539 -223.721 9.657 192.958 -223.729 9.118 199.043 -225.079 14.159
3 0 199.043 -225.079 14.159 198.626 -225.016 14.697 192.539 -223.721 9.657
3 0 192.280 -221.069 10.828 192.020 -221.686 10.966 198.166 -222.869 15.837
3 0 198.166 -222.869 15.837 198.442 -222.273 15.649 192.280 -221.069 10.828
3 0 192.652 -220.601 10.499 192.280 -221.069 10.828 198.442 -222.273 15.649
3 0 198.442 -222.273 15.649 198.825 -221.842 15.283 192.652 -220.601 10.499
3 0 193.080 -220.352 10.029 192.652 -220.601 10.499 198.825 -221.842 15.283
3 0 198.825 -221.842 15.283 199.258 -221.643 14.794 193.080 -220.352 10.029
3 0 193.499 -220.359 9.490 193.080 -220.352 10.029 199.258 -221.643 14.794
3 0 199.258 -221.643 14.794 199.675 -221.706 14.256 193.499 -220.359 9.490
3 0 195.237 -221.685 6.843 195.496 -221.069 6.705 201.643 -222.692 11.536
3 0 201.643 -222.692 11.536 201.367 -223.288 11.724 195.237 -221.685 6.843
3 0 194.864 -222.153 7.172 195.237 -221.685 6.843 201.367 -223.288 11.724
3 0 201.367 -223.288 11.724 200.984 -223.718 12.090 194.864 -222.153 7.172
3 0 194.436 -222.403 7.642 194.864 -222.153 7.172 200.984 -223.718 12.090
3 0 200.984 -223.718 12.090 200.551 -223.917 12.579 194.436 -222.403 7.642
3 0 194.018 -222.395 8.181 194.436 -222.403 7.642 200.551 -223.917 12.579
3 0 200.551 -223.917 12.579 200.135 -223.854 13.116 194.018 -222.395 8.181
3 0 193.758 -219.744 9.352 193.499 -220.359 9.490 199.675 -221.706 14.256
3 0 199.675 -221.706 14.256 199.950 -221.111 14.069 193.758 -219.744 9.352
3 0 194.131 -219.275 9.023 193.758 -219.744 9.352 199.950 -221.111 14.069
3 0 199.950 -221.111 14.069 200.333 -220.680 13.703 194.131 -219.275 9.023
3 0 194.559 -219.026 8.554 194.131 -219.275 9.023 200.333 -220.680 13.703
3 0 200.333 -220.680 13.703 200.766 -220.481 13.214 194.559 -219.026 8.554
3 0 194.977 -219.034 8.014 194.559 -219.026 8.554 200.766 -220.481 13.214
3 0 200.766 -220.481 13.214 201.182 -220.544 12.676 194.977 -219.034 8.014
3 0 194.977 -219.034 8.014 201.182 -220.544 12.676 201.458 -219.948 12.488
3 0 201.458 -219.948 12.488 195.237 -218.417 7.876 194.977 -219.034 8.014
3 0 195.237 -218.417 7.876 201.458 -219.948 12.488 201.842 -219.518 12.122
3 0 201.842 -219.518 12.122 195.610 -217.949 7.547 195.237 -218.417 7.876
3 0 195.610 -217.949 7.547 201.842 -219.518 12.122 202.274 -219.319 11.633
3 0 202.274 -219.319 11.633 196.038 -217.699 7.077 195.610 -217.949 7.547
3 0 196.038 -217.699 7.077 202.274 -219.319 11.633 202.691 -219.382 11.096
3 0 202.691 -219.382 11.096 196.457 -217.707 6.538 196.038 -217.699 7.077
3 0 196.457 -217.707 6.538 202.691 -219.382 11.096 203.028 -219.696 10.592
3 0 203.028 -219.696 10.592 196.802 -217.971 6.012 196.457 -217.707 6.538
3 0 196.802 -217.971 6.012 203.028 -219.696 10.592 203.234 -220.215 10.198
3 0 203.234 -220.215 10.198 197.022 -218.450 5.578 196.802 -217.971 6.012
3 0 197.022 -218.450 5.578 203.234 -220.215 10.198 203.277 -220.858 9.975
3 0 203.277 -220.858 9.975 197.083 -219.072 5.303 197.022 -218.450 5.578
3 0 197.083 -219.072 5.303 203.277 -220.858 9.975 203.151 -221.529 9.955
3 0 203.151 -221.529 9.955 196.975 -219.742 5.229 197.083 -219.072 5.303
3 0 196.975 -219.742 5.229 203.151 -221.529 9.955 202.876 -222.125 10.143
3 0 202.876 -222.125 10.143 196.716 -220.359 5.367 196.975 -219.742 5.229
3 0 196.716 -220.359 5.367 202.876 -222.125 10.143 202.492 -222.555 10.509
3 0 202.492 -222.555 10.509 196.343 -220.827 5.696 196.716 -220.359 5.367
3 0 196.343 -220.827 5.696 202.492 -222.555 10.509 202.059 -222.754 10.998
3 0 202.059 -222.754 10.998 195.915 -221.076 6.166 196.343 -220.827 5.696
3 0 195.915 -221.076 6.166 202.059 -222.754 10.998 201.643 -222.692 11.536
3 0 201.643 -222.692 11.536 195.496 -221.069 6.705 195.915 -221.076 6.166
3 0 186.419 -222.166 4.726 192.539 -223.721 9.657 192.279 -224.337 9.795
3 0 192.279 -224.337 9.795 186.171 -222.796 4.817 186.419 -222.166 4.726
3 0 186.171 -222.796 4.817 192.279 -224.337 9.795 191.907 -224.806 10.124
3 0 191.907 -224.806 10.124 185.808 -223.295 5.109 186.171 -222.796 4.817
3 0 185.808 -223.295 5.109 191.907 -224.806 10.124 191.479 -225.055 10.594
3 0 191.479 -225.055 10.594 185.384 -223.587 5.558 185.808 -223.295 5.109
3 0 185.384 -223.587 5.558 191.479 -225.055 10.594 191.060 -225.047 11.133
3 0 191.060 -225.047 11.133 184.963 -223.627 6.094 185.384 -223.587 5.558
3 0 184.963 -223.627 6.094 191.060 -225.047 11.133 190.714 -224.784 11.659
3 0 190.714 -224.784 11.659 184.611 -223.411 6.637 184.963 -223.627 6.094
3 0 184.611 -223.411 6.637 190.714 -224.784 11.659 190.494 -224.304 12.093
3 0 190.494 -224.304 12.093 184.379 -222.969 7.104 184.611 -223.411 6.637
3 0 184.379 -222.969 7.104 190.494 -224.304 12.093 190.433 -223.682 12.368
3 0 190.433 -223.682 12.368 184.305 -222.370 7.423 184.379 -222.969 7.104
3 0 184.305 -222.370 7.423 190.433 -223.682 12.368 190.541 -223.012 12.442
3 0 190.541 -223.012 12.442 184.398 -221.705 7.547 184.305 -222.370 7.423
3 0 184.398 -221.705 7.547 190.541 -223.012 12.442 190.801 -222.396 12.304
3 0 190.801 -222.396 12.304 184.646 -221.075 7.456 184.398 -221.705 7.547
3 0 184.646 -221.075 7.456 190.801 -222.396 12.304 191.173 -221.927 11.975
3 0 191.173 -221.927 11.975 185.009 -220.576 7.164 184.646 -221.075 7.456
3 0 185.009 -220.576 7.164 191.173 -221.927 11.975 191.601 -221.678 11.505
3 0 191.601 -221.678 11.505 185.433 -220.284 6.716 185.009 -220.576 7.164
3 0 185.433 -220.284 6.716 191.601 -221.678 11.505 192.020 -221.686 10.966
3 0 192.020 -221.686 10.966 185.854 -220.244 6.179 185.433 -220.284 6.716
3 0 187.627 -221.334 3.449 187.874 -220.704 3.358 194.018 -222.395 8.181
3 0 194.018 -222.395 8.181 193.758 -223.011 8.319 187.627 -221.334 3.449
3 0 187.263 -221.833 3.741 187.627 -221.334 3.449 193.758 -223.011 8.319
3 0 193.758 -223.011 8.319 193.386 -223.479 8.648 187.263 -221.833 3.741
3 0 186.839 -222.125 4.190 187.263 -221.833 3.741 193.386 -223.479 8.648
3 0 193.386 -223.479 8.648 192.958 -223.729 9.118 186.839 -222.125 4.190
3 0 186.419 -222.166 4.726 186.839 -222.125 4.190 192.958 -223.729 9.118
3 0 192.958 -223.729 9.118 192.539 -223.721 9.657 186.419 -222.166 4.726
3 0 186.101 -219.614 6.088 185.854 -220.244 6.179 192.020 -221.686 10.966
3 0 192.020 -221.686 10.966 192.280 -221.069 10.828 186.101 -219.614 6.088
3 0 186.464 -219.115 5.796 186.101 -219.614 6.088 192.280 -221.069 10.828
3 0 192.280 -221.069 10.828 192.652 -220.601 10.499 186.464 -219.115 5.796
3 0 186.889 -218.823 5.348 186.464 -219.115 5.796 192.652 -220.601 10.499
3 0 192.652 -220.601 10.499 193.080 -220.352 10.029 186.889 -218.823 5.348
3 0 187.309 -218.782 4.811 186.889 -218.823 5.348 193.080 -220.352 10.029
3 0 193.080 -220.352 10.029 193.499 -220.359 9.490 187.309 -218.782 4.811
3 0 189.082 -219.873 2.082 189.329 -219.243 1.991 195.496 -221.069 6.705
3 0 195.496 -221.069 6.705 195.237 -221.685 6.843 189.082 -219.873 2.082
3 0 188.718 -220.372 2.374 189.082 -219.873 2.082 195.237 -221.685 6.843
3 0 195.237 -221.685 6.843 194.864 -222.153 7.172 188.718 -220.372 2.374
3 0 188.294 -220.664 2.822 188.718 -220.372 2.374 194.864 -222.153 7.172
3 0 194.864 -222.153 7.172 194.436 -222.403 7.642 188.294 -220.664 2.822
3 0 187.874 -220.704 3.358 188.294 -220.664 2.822 194.436 -222.403 7.642
3 0 194.436 -222.403 7.642 194.018 -222.395 8.181 187.874 -220.704 3.358
3 0 187.556 -218.153 4.721 187.309 -218.782 4.811 193.499 -220.359 9.490
3 0 193.499 -220.359 9.490 193.758 -219.744 9.352 187.556 -218.153 4.721
3 0 187.919 -217.654 4.429 187.556 -218.153 4.721 193.758 -219.744 9.352
3 0 193.758 -219.744 9.352 194.131 -219.275 9.023 187.919 -217.654 4.429
3 0 188.343 -217.362 3.980 187.919 -217.654 4.429 194.131 -219.275 9.023
3 0 194.131 -219.275 9.023 194.559 -219.026 8.554 188.343 -217.362 3.980
3 0 188.764 -217.321 3.444 188.343 -217.362 3.980 194.559 -219.026 8.554
3 0 194.559 -219.026 8.554 194.977 -219.034 8.014 188.764 -217.321 3.444
3 0 188.764 -217.321 3.444 194.977 -219.034 8.014 195.237 -218.417 7.876
3 0 195.237 -218.417 7.876 189.011 -216.691 3.353 188.764 -217.321 3.444
3 0 189.011 -216.691 3.353 195.237 -218.417 7.876 195.610 -217.949 7.547
3 0 195.610 -217.949 7.547 189.374 -216.192 3.061 189.011 -216.691 3.353
3 0 189.374 -216.192 3.061 195.610 -217.949 7.547 196.038 -217.699 7.077
3 0 196.038 -217.699 7.077 189.799 -215.900 2.612 189.374 -216.192 3.061
3 0 189.799 -215.900 2.612 196.038 -217.699 7.077 196.457 -217.707 6.538
3 0 196.457 -217.707 6.538 190.219 -215.859 2.076 189.799 -215.900 2.612
3 0 190.219 -215.859 2.076 196.457 -217.707 6.538 196.802 -217.971 6.012
3 0 196.802 -217.971 6.012 190.572 -216.076 1.533 190.219 -215.859 2.076
3 0 190.572 -216.076 1.533 196.802 -217.971 6.012 197.022 -218.450 5.578
3 0 197.022 -218.450 5.578 190.803 -216.518 1.066 190.572 -216.076 1.533
3 0 190.803 -216.518 1.066 197.022 -218.450 5.578 197.083 -219.072 5.303
3 0 197.083 -219.072 5.303 190.878 -217.117 0.747 190.803 -216.518 1.066
3 0 190.878 -217.117 0.747 197.083 -219.072 5.303 196.975 -219.742 5.229
3 0 196.975 -219.742 5.229 190.784 -217.782 0.623 190.878 -217.117 0.747
3 0 190.784 -217.782 0.623 196.975 -219.742 5.229 196.716 -220.359 5.367
3 0 196.716 -220.359 5.367 190.537 -218.412 0.714 190.784 -217.782 0.623
3 0 190.537 -218.412 0.714 196.716 -220.359 5.367 196.343 -220.827 5.696
3 0 196.343 -220.827 5.696 190.173 -218.910 1.006 190.537 -218.412 0.714
3 0 190.173 -218.910 1.006 196.343 -220.827 5.696 195.915 -221.076 6.166
3 0 195.915 -221.076 6.166 189.749 -219.203 1.454 190.173 -218.910 1.006
3 0 189.749 -219.203 1.454 195.915 -221.076 6.166 195.496 -221.069 6.705
3 0 195.496 -221.069 6.705 189.329 -219.243 1.991 189.749 -219.203 1.454
3 0 180.026 -221.002 -0.031 180.266 -220.365 -0.082 186.419 -222.166 4.726
3 0 186.419 -222.166 4.726 186.171 -222.796 4.817 180.026 -221.002 -0.031
3 0 179.668 -221.522 0.229 180.026 -221.002 -0.031 186.171 -222.796 4.817
3 0 186.171 -222.796 4.817 185.808 -223.295 5.109 179.668 -221.522 0.229
3 0 179.246 -221.845 0.658 179.668 -221.522 0.229 185.808 -223.295 5.109
3 0 185.808 -223.295 5.109 185.384 -223.587 5.558 179.246 -221.845 0.658
3 0 178.824 -221.923 1.189 179.246 -221.845 0.658 185.384 -223.587 5.558
3 0 185.384 -223.587 5.558 184.963 -223.627 6.094 178.824 -221.923 1.189
3 0 178.824 -221.923 1.189 184.963 -223.627 6.094 184.611 -223.411 6.637
3 0 184.611 -223.411 6.637 178.468 -221.743 1.743 178.824 -221.923 1.189
3 0 178.230 -221.334 2.235 178.468 -221.743 1.743 184.611 -223.411 6.637
3 0 184.611 -223.411 6.637 184.379 -222.969 7.104 178.230 -221.334 2.235
3 0 178.148 -220.756 2.590 178.230 -221.334 2.235 184.379 -222.969 7.104
3 0 184.379 -222.969 7.104 184.305 -222.370 7.423 178.148 -220.756 2.590
3 0 178.234 -220.099 2.754 178.148 -220.756 2.590 184.305 -222.370 7.423
3 0 184.305 -222.370 7.423 184.398 -221.705 7.547 178.234 -220.099 2.754
3 0 178.474 -219.462 2.702 178.234 -220.099 2.754 184.398 -221.705 7.547
3 0 184.398 -221.705 7.547 184.646 -221.075 7.456 178.474 -219.462 2.702
3 0 178.832 -218.942 2.442 178.474 -219.462 2.702 184.646 -221.075 7.456
3 0 184.646 -221.075 7.456 185.009 -220.576 7.164 178.832 -218.942 2.442
3 0 179.254 -218.619 2.014 178.832 -218.942 2.442 185.009 -220.576 7.164
3 0 185.009 -220.576 7.164 185.433 -220.284 6.716 179.254 -218.619 2.014
3 0 179.254 -218.619 2.014 185.433 -220.284 6.716 185.854 -220.244 6.179
3 0 185.854 -220.244 6.179 179.676 -218.541 1.483 179.254 -218.619 2.014
3 0 187.627 -221.334 3.449 181.468 -219.444 -1.302 181.709 -218.807 -1.354
3 0 181.709 -218.807 -1.354 187.874 -220.704 3.358 187.627 -221.334 3.449
3 0 187.263 -221.833 3.741 181.110 -219.963 -1.042 181.468 -219.444 -1.302
3 0 181.468 -219.444 -1.302 187.627 -221.334 3.449 187.263 -221.833 3.741
3 0 186.839 -222.125 4.190 180.688 -220.287 -0.614 181.110 -219.963 -1.042
3 0 181.110 -219.963 -1.042 187.263 -221.833 3.741 186.839 -222.125 4.190
3 0 180.266 -220.365 -0.082 180.688 -220.287 -0.614 186.839 -222.125 4.190
3 0 186.839 -222.125 4.190 186.419 -222.166 4.726 180.266 -220.365 -0.082
3 0 186.101 -219.614 6.088 179.916 -217.904 1.431 179.676 -218.541 1.483
3 0 179.676 -218.541 1.483 185.854 -220.244 6.179 186.101 -219.614 6.088
3 0 186.464 -219.115 5.796 180.275 -217.384 1.171 179.916 -217.904 1.431
3 0 179.916 -217.904 1.431 186.101 -219.614 6.088 186.464 -219.115 5.796
3 0 186.889 -218.823 5.348 180.697 -217.060 0.742 180.275 -217.384 1.171
3 0 180.275 -217.384 1.171 186.464 -219.115 5.796 186.889 -218.823 5.348
3 0 181.118 -216.983 0.211 180.697 -217.060 0.742 186.889 -218.823 5.348
3 0 186.889 -218.823 5.348 187.309 -218.782 4.811 181.118 -216.983 0.211
3 0 182.910 -217.886 -2.574 183.150 -217.249 -2.625 189.329 -219.243 1.991
3 0 189.329 -219.243 1.991 189.082 -219.873 2.082 182.910 -217.886 -2.574
3 0 182.552 -218.406 -2.314 182.910 -217.886 -2.574 189.082 -219.873 2.082
3 0 189.082 -219.873 2.082 188.718 -220.372 2.374 182.552 -218.406 -2.314
3 0 182.130 -218.729 -1.885 182.552 -218.406 -2.314 188.718 -220.372 2.374
3 0 188.718 -220.372 2.374 188.294 -220.664 2.822 182.130 -218.729 -1.885
3 0 187.874 -220.704 3.358 181.709 -218.807 -1.354 182.130 -218.729 -1.885
3 0 182.130 -218.729 -1.885 188.294 -220.664 2.822 187.874 -220.704 3.358
3 0 181.358 -216.346 0.159 181.118 -216.983 0.211 187.309 -218.782 4.811
3 0 187.309 -218.782 4.811 187.556 -218.153 4.721 181.358 -216.346 0.159
3 0 181.716 -215.826 -0.101 181.358 -216.346 0.159 187.556 -218.153 4.721
3 0 187.556 -218.153 4.721 187.919 -217.654 4.429 181.716 -215.826 -0.101
3 0 182.138 -215.503 -0.529 181.716 -215.826 -0.101 187.919 -217.654 4.429
3 0 187.919 -217.654 4.429 188.343 -217.362 3.980 182.138 -215.503 -0.529
3 0 188.764 -217.321 3.444 182.560 -215.425 -1.061 182.138 -215.503 -0.529
3 0 182.138 -215.503 -0.529 188.343 -217.362 3.980 188.764 -217.321 3.444
3 0 182.560 -215.425 -1.061 188.764 -217.321 3.444 189.011 -216.691 3.353
3 0 189.011 -216.691 3.353 182.800 -214.788 -1.112 182.560 -215.425 -1.061
3 0 182.800 -214.788 -1.112 189.011 -216.691 3.353 189.374 -216.192 3.061
3 0 189.374 -216.192 3.061 183.158 -214.268 -1.372 182.800 -214.788 -1.112
3 0 183.580 -213.945 -1.801 183.158 -214.268 -1.372 189.374 -216.192 3.061
3 0 189.374 -216.192 3.061 189.799 -215.900 2.612 183.580 -213.945 -1.801
3 0 184.002 -213.867 -2.332 183.580 -213.945 -1.801 189.799 -215.900 2.612
3 0 189.799 -215.900 2.612 190.219 -215.859 2.076 184.002 -213.867 -2.332
3 0 184.358 -214.046 -2.886 184.002 -213.867 -2.332 190.219 -215.859 2.076
3 0 190.219 -215.859 2.076 190.572 -216.076 1.533 184.358 -214.046 -2.886
3 0 184.596 -214.456 -3.378 184.358 -214.046 -2.886 190.572 -216.076 1.533
3 0 190.572 -216.076 1.533 190.803 -216.518 1.066 184.596 -214.456 -3.378
3 0 184.678 -215.033 -3.733 184.596 -214.456 -3.378 190.803 -216.518 1.066
3 0 190.803 -216.518 1.066 190.878 -217.117 0.747 184.678 -215.033 -3.733
3 0 184.678 -215.033 -3.733 190.878 -217.117 0.747 190.784 -217.782 0.623
3 0 190.784 -217.782 0.623 184.593 -215.691 -3.897 184.678 -215.033 -3.733
3 0 184.593 -215.691 -3.897 190.784 -217.782 0.623 190.537 -218.412 0.714
3 0 190.537 -218.412 0.714 184.352 -216.328 -3.845 184.593 -215.691 -3.897
3 0 184.352 -216.328 -3.845 190.537 -218.412 0.714 190.173 -218.910 1.006
3 0 190.173 -218.910 1.006 183.994 -216.847 -3.586 184.352 -216.328 -3.845
3 0 183.572 -217.171 -3.157 183.994 -216.847 -3.586 190.173 -218.910 1.006
3 0 190.173 -218.910 1.006 189.749 -219.203 1.454 183.572 -217.171 -3.157
3 0 183.150 -217.249 -2.625 183.572 -217.171 -3.157 189.749 -219.203 1.454
3 0 189.749 -219.203 1.454 189.329 -219.243 1.991 183.150 -217.249 -2.625
3 0 173.859 -218.971 -4.758 174.097 -218.331 -4.776 180.266 -220.365 -0.082
3 0 180.266 -220.365 -0.082 180.026 -221.002 -0.031 173.859 -218.971 -4.758
3 0 173.503 -219.505 -4.525 173.859 -218.971 -4.758 180.026 -221.002 -0.031
3 0 180.026 -221.002 -0.031 179.668 -221.522 0.229 173.503 -219.505 -4.525
3 0 173.081 -219.852 -4.115 173.503 -219.505 -4.525 179.668 -221.522 0.229
3 0 179.668 -221.522 0.229 179.246 -221.845 0.658 173.081 -219.852 -4.115
3 0 172.659 -219.959 -3.590 173.081 -219.852 -4.115 179.246 -221.845 0.658
3 0 179.246 -221.845 0.658 178.824 -221.923 1.189 172.659 -219.959 -3.590
3 0 172.300 -219.810 -3.028 172.659 -219.959 -3.590 178.824 -221.923 1.189
3 0 178.824 -221.923 1.189 178.468 -221.743 1.743 172.300 -219.810 -3.028
3 0 172.060 -219.427 -2.516 172.300 -219.810 -3.028 178.468 -221.743 1.743
3 0 178.468 -221.743 1.743 178.230 -221.334 2.235 172.060 -219.427 -2.516
3 0 171.974 -218.869 -2.132 172.060 -219.427 -2.516 178.230 -221.334 2.235
3 0 178.230 -221.334 2.235 178.148 -220.756 2.590 171.974 -218.869 -2.132
3 0 172.056 -218.221 -1.935 171.974 -218.869 -2.132 178.148 -220.756 2.590
3 0 178.148 -220.756 2.590 178.234 -220.099 2.754 172.056 -218.221 -1.935
3 0 172.293 -217.581 -1.953 172.056 -218.221 -1.935 178.234 -220.099 2.754
3 0 178.234 -220.099 2.754 178.474 -219.462 2.702 172.293 -217.581 -1.953
3 0 172.650 -217.047 -2.185 172.293 -217.581 -1.953 178.474 -219.462 2.702
3 0 178.474 -219.462 2.702 178.832 -218.942 2.442 172.650 -217.047 -2.185
3 0 173.071 -216.700 -2.595 172.650 -217.047 -2.185 178.832 -218.942 2.442
3 0 178.832 -218.942 2.442 179.254 -218.619 2.014 173.071 -216.700 -2.595
3 0 173.493 -216.593 -3.121 173.071 -216.700 -2.595 179.254 -218.619 2.014
3 0 179.254 -218.619 2.014 179.676 -218.541 1.483 173.493 -216.593 -3.121
3 0 181.468 -219.444 -1.302 175.297 -217.343 -5.944 175.534 -216.703 -5.962
3 0 175.534 -216.703 -5.962 181.709 -218.807 -1.354 181.468 -219.444 -1.302
3 0 181.110 -219.963 -1.042 174.940 -217.877 -5.712 175.297 -217.343 -5.944
3 0 175.297 -217.343 -5.944 181.468 -219.444 -1.302 181.110 -219.963 -1.042
3 0 180.688 -220.287 -0.614 174.519 -218.224 -5.302 174.940 -217.877 -5.712
3 0 174.940 -217.877 -5.712 181.110 -219.963 -1.042 180.688 -220.287 -0.614
3 0 180.266 -220.365 -0.082 174.097 -218.331 -4.776 174.519 -218.224 -5.302
3 0 174.519 -218.224 -5.302 180.688 -220.287 -0.614 180.266 -220.365 -0.082
3 0 179.916 -217.904 1.431 173.731 -215.953 -3.140 173.493 -216.593 -3.121
3 0 173.493 -216.593 -3.121 179.676 -218.541 1.483 179.916 -217.904 1.431
3 0 180.275 -217.384 1.171 174.087 -215.418 -3.372 173.731 -215.953 -3.140
3 0 173.731 -215.953 -3.140 179.916 -217.904 1.431 180.275 -217.384 1.171
3 0 180.697 -217.060 0.742 174.509 -215.071 -3.782 174.087 -215.418 -3.372
3 0 174.087 -215.418 -3.372 180.275 -217.384 1.171 180.697 -217.060 0.742
3 0 181.118 -216.983 0.211 174.931 -214.964 -4.308 174.509 -215.071 -3.782
3 0 174.509 -215.071 -3.782 180.697 -217.060 0.742 181.118 -216.983 0.211
3 0 182.910 -217.886 -2.574 176.734 -215.715 -7.130 176.971 -215.075 -7.149
3 0 176.971 -215.075 -7.149 183.150 -217.249 -2.625 182.910 -217.886 -2.574
3 0 182.552 -218.406 -2.314 176.377 -216.250 -6.898 176.734 -215.715 -7.130
3 0 176.734 -215.715 -7.130 182.910 -217.886 -2.574 182.552 -218.406 -2.314
3 0 182.130 -218.729 -1.885 175.956 -216.597 -6.488 176.377 -216.250 -6.898
3 0 176.377 -216.250 -6.898 182.552 -218.406 -2.314 182.130 -218.729 -1.885
3 0 181.709 -218.807 -1.354 175.534 -216.703 -5.962 175.956 -216.597 -6.488
3 0 175.956 -216.597 -6.488 182.130 -218.729 -1.885 181.709 -218.807 -1.354
3 0 181.358 -216.346 0.159 175.168 -214.325 -4.326 174.931 -214.964 -4.308
3 0 174.931 -214.964 -4.308 181.118 -216.983 0.211 181.358 -216.346 0.159
3 0 181.716 -215.826 -0.101 175.524 -213.791 -4.558 175.168 -214.325 -4.326
3 0 175.168 -214.325 -4.326 181.358 -216.346 0.159 181.716 -215.826 -0.101
3 0 182.138 -215.503 -0.529 175.946 -213.444 -4.968 175.524 -213.791 -4.558
3 0 175.524 -213.791 -4.558 181.716 -215.826 -0.101 182.138 -215.503 -0.529
3 0 182.560 -215.425 -1.061 176.368 -213.337 -5.494 175.946 -213.444 -4.968
3 0 175.946 -213.444 -4.968 182.138 -215.503 -0.529 182.560 -215.425 -1.061
3 0 176.606 -212.697 -5.512 176.368 -213.337 -5.494 182.560 -215.425 -1.061
3 0 182.560 -215.425 -1.061 182.800 -214.788 -1.112 176.606 -212.697 -5.512
3 0 176.962 -212.163 -5.744 176.606 -212.697 -5.512 182.800 -214.788 -1.112
3 0 182.800 -214.788 -1.112 183.158 -214.268 -1.372 176.962 -212.163 -5.744
3 0 177.384 -211.816 -6.154 176.962 -212.163 -5.744 183.158 -214.268 -1.372
3 0 183.158 -214.268 -1.372 183.580 -213.945 -1.801 177.384 -211.816 -6.154
3 0 177.806 -211.709 -6.680 177.384 -211.816 -6.154 183.580 -213.945 -1.801
3 0 183.580 -213.945 -1.801 184.002 -213.867 -2.332 177.806 -211.709 -6.680
3 0 178.165 -211.858 -7.242 177.806 -211.709 -6.680 184.002 -213.867 -2.332
3 0 184.002 -213.867 -2.332 184.358 -214.046 -2.886 178.165 -211.858 -7.242
3 0 178.405 -212.241 -7.753 178.165 -211.858 -7.242 184.358 -214.046 -2.886
3 0 184.358 -214.046 -2.886 184.596 -214.456 -3.378 178.405 -212.241 -7.753
3 0 178.491 -212.799 -8.137 178.405 -212.241 -7.753 184.596 -214.456 -3.378
3 0 184.596 -214.456 -3.378 184.678 -215.033 -3.733 178.491 -212.799 -8.137
3 0 178.409 -213.447 -8.335 178.491 -212.799 -8.137 184.678 -215.033 -3.733
3 0 184.678 -215.033 -3.733 184.593 -215.691 -3.897 178.409 -213.447 -8.335
3 0 178.172 -214.087 -8.317 178.409 -213.447 -8.335 184.593 -215.691 -3.897
3 0 184.593 -215.691 -3.897 184.352 -216.328 -3.845 178.172 -214.087 -8.317
3 0 177.815 -214.621 -8.085 178.172 -214.087 -8.317 184.352 -216.328 -3.845
3 0 184.352 -216.328 -3.845 183.994 -216.847 -3.586 177.815 -214.621 -8.085
3 0 177.394 -214.968 -7.674 177.815 -214.621 -8.085 183.994 -216.847 -3.586
3 0 183.994 -216.847 -3.586 183.572 -217.171 -3.157 177.394 -214.968 -7.674
3 0 176.971 -215.075 -7.149 177.394 -214.968 -7.674 183.572 -217.171 -3.157
3 0 183.572 -217.171 -3.157 183.150 -217.249 -2.625 176.971 -215.075 -7.149
3 0 167.685 -216.726 -9.372 167.922 -216.086 -9.362 174.097 -218.331 -4.776
3 0 174.097 -218.331 -4.776 173.859 -218.971 -4.758 167.685 -216.726 -9.372
3 0 167.328 -217.270 -9.164 167.685 -216.726 -9.372 173.859 -218.971 -4.758
3 0 173.859 -218.971 -4.758 173.503 -219.505 -4.525 167.328 -217.270 -9.164
3 0 166.906 -217.634 -8.770 167.328 -217.270 -9.164 173.503 -219.505 -4.525
3 0 173.503 -219.505 -4.525 173.081 -219.852 -4.115 166.906 -217.634 -8.770
3 0 166.482 -217.764 -8.250 166.906 -217.634 -8.770 173.081 -219.852 -4.115
3 0 173.081 -219.852 -4.115 172.659 -219.959 -3.590 166.482 -217.764 -8.250
3 0 166.122 -217.639 -7.683 166.482 -217.764 -8.250 172.659 -219.959 -3.590
3 0 172.659 -219.959 -3.590 172.300 -219.810 -3.028 166.122 -217.639 -7.683
3 0 165.881 -217.278 -7.156 166.122 -217.639 -7.683 172.300 -219.810 -3.028
3 0 172.300 -219.810 -3.028 172.060 -219.427 -2.516 165.881 -217.278 -7.156
3 0 165.794 -216.737 -6.749 165.881 -217.278 -7.156 172.060 -219.427 -2.516
3 0 172.060 -219.427 -2.516 171.974 -218.869 -2.132 165.794 -216.737 -6.749
3 0 165.875 -216.098 -6.523 165.794 -216.737 -6.749 171.974 -218.869 -2.132
3 0 171.974 -218.869 -2.132 172.056 -218.221 -1.935 165.875 -216.098 -6.523
3 0 166.112 -215.458 -6.514 165.875 -216.098 -6.523 172.056 -218.221 -1.935
3 0 172.056 -218.221 -1.935 172.293 -217.581 -1.953 166.112 -215.458 -6.514
3 0 166.469 -214.914 -6.722 166.112 -215.458 -6.514 172.293 -217.581 -1.953
3 0 172.293 -217.581 -1.953 172.650 -217.047 -2.185 166.469 -214.914 -6.722
3 0 166.891 -214.550 -7.116 166.469 -214.914 -6.722 172.650 -217.047 -2.185
3 0 172.650 -217.047 -2.185 173.071 -216.700 -2.595 166.891 -214.550 -7.116
3 0 167.314 -214.420 -7.636 166.891 -214.550 -7.116 173.071 -216.700 -2.595
3 0 173.071 -216.700 -2.595 173.493 -216.593 -3.121 167.314 -214.420 -7.636
3 0 175.297 -217.343 -5.944 169.124 -215.048 -10.484 169.361 -214.408 -10.475
3 0 169.361 -214.408 -10.475 175.534 -216.703 -5.962 175.297 -217.343 -5.944
3 0 174.940 -217.877 -5.712 168.767 -215.592 -10.276 169.124 -215.048 -10.484
3 0 169.124 -215.048 -10.484 175.297 -217.343 -5.944 174.940 -217.877 -5.712
3 0 174.519 -218.224 -5.302 168.345 -215.956 -9.882 168.767 -215.592 -10.276
3 0 168.767 -215.592 -10.276 174.940 -217.877 -5.712 174.519 -218.224 -5.302
3 0 174.097 -218.331 -4.776 167.922 -216.086 -9.362 168.345 -215.956 -9.882
3 0 168.345 -215.956 -9.882 174.519 -218.224 -5.302 174.097 -218.331 -4.776
3 0 173.731 -215.953 -3.140 167.552 -213.780 -7.626 167.314 -214.420 -7.636
3 0 167.314 -214.420 -7.636 173.493 -216.593 -3.121 173.731 -215.953 -3.140
3 0 174.087 -215.418 -3.372 167.908 -213.236 -7.834 167.552 -213.780 -7.626
3 0 167.552 -213.780 -7.626 173.731 -215.953 -3.140 174.087 -215.418 -3.372
3 0 174.509 -215.071 -3.782 168.331 -212.872 -8.228 167.908 -213.236 -7.834
3 0 167.908 -213.236 -7.834 174.087 -215.418 -3.372 174.509 -215.071 -3.782
3 0 174.931 -214.964 -4.308 168.754 -212.742 -8.748 168.331 -212.872 -8.228
3 0 168.331 -212.872 -8.228 174.509 -215.071 -3.782 174.931 -214.964 -4.308
3 0 176.734 -215.715 -7.130 170.563 -213.371 -11.596 170.800 -212.731 -11.587
3 0 170.800 -212.731 -11.587 176.971 -215.075 -7.149 176.734 -215.715 -7.130
3 0 176.377 -216.250 -6.898 170.206 -213.914 -11.388 170.563 -213.371 -11.596
3 0 170.563 -213.371 -11.596 176.734 -215.715 -7.130 176.377 -216.250 -6.898
3 0 175.956 -216.597 -6.488 169.784 -214.279 -10.994 170.206 -213.914 -11.388
3 0 170.206 -213.914 -11.388 176.377 -216.250 -6.898 175.956 -216.597 -6.488
3 0 175.534 -216.703 -5.962 169.361 -214.408 -10.475 169.784 -214.279 -10.994
3 0 169.784 -214.279 -10.994 175.956 -216.597 -6.488 175.534 -216.703 -5.962
3 0 175.168 -214.325 -4.326 168.991 -212.102 -8.738 168.754 -212.742 -8.748
3 0 168.754 -212.742 -8.748 174.931 -214.964 -4.308 175.168 -214.325 -4.326
3 0 175.524 -213.791 -4.558 169.347 -211.559 -8.946 168.991 -212.102 -8.738
3 0 168.991 -212.102 -8.738 175.168 -214.325 -4.326 175.524 -213.791 -4.558
3 0 175.946 -213.444 -4.968 169.770 -211.194 -9.340 169.347 -211.559 -8.946
3 0 169.347 -211.559 -8.946 175.524 -213.791 -4.558 175.946 -213.444 -4.968
3 0 176.368 -213.337 -5.494 170.193 -211.065 -9.860 169.770 -211.194 -9.340
3 0 169.770 -211.194 -9.340 175.946 -213.444 -4.968 176.368 -213.337 -5.494
3 0 170.430 -210.424 -9.851 170.193 -211.065 -9.860 176.368 -213.337 -5.494
3 0 176.368 -213.337 -5.494 176.606 -212.697 -5.512 170.430 -210.424 -9.851
3 0 170.787 -209.881 -10.059 170.430 -210.424 -9.851 176.606 -212.697 -5.512
3 0 176.606 -212.697 -5.512 176.962 -212.163 -5.744 170.787 -209.881 -10.059
3 0 171.209 -209.516 -10.453 170.787 -209.881 -10.059 176.962 -212.163 -5.744
3 0 176.962 -212.163 -5.744 177.384 -211.816 -6.154 171.209 -209.516 -10.453
3 0 171.632 -209.387 -10.973 171.209 -209.516 -10.453 177.384 -211.816 -6.154
3 0 177.384 -211.816 -6.154 177.806 -211.709 -6.680 171.632 -209.387 -10.973
3 0 171.992 -209.512 -11.540 171.632 -209.387 -10.973 177.806 -211.709 -6.680
3 0 177.806 -211.709 -6.680 178.165 -211.858 -7.242 171.992 -209.512 -11.540
3 0 172.234 -209.872 -12.067 171.992 -209.512 -11.540 178.165 -211.858 -7.242
3 0 178.165 -211.858 -7.242 178.405 -212.241 -7.753 172.234 -209.872 -12.067
3 0 172.321 -210.413 -12.474 172.234 -209.872 -12.067 178.405 -212.241 -7.753
3 0 178.405 -212.241 -7.753 178.491 -212.799 -8.137 172.321 -210.413 -12.474
3 0 172.240 -211.053 -12.699 172.321 -210.413 -12.474 178.491 -212.799 -8.137
3 0 178.491 -212.799 -8.137 178.409 -213.447 -8.335 172.240 -211.053 -12.699
3 0 172.003 -211.693 -12.709 172.240 -211.053 -12.699 178.409 -213.447 -8.335
3 0 178.409 -213.447 -8.335 178.172 -214.087 -8.317 172.003 -211.693 -12.709
3 0 171.646 -212.236 -12.501 172.003 -211.693 -12.709 178.172 -214.087 -8.317
3 0 178.172 -214.087 -8.317 177.815 -214.621 -8.085 171.646 -212.236 -12.501
3 0 171.224 -212.601 -12.107 171.646 -212.236 -12.501 177.815 -214.621 -8.085
3 0 177.815 -214.621 -8.085 177.394 -214.968 -7.674 171.224 -212.601 -12.107
3 0 170.800 -212.731 -11.587 171.224 -212.601 -12.107 177.394 -214.968 -7.674
3 0 177.394 -214.968 -7.674 176.971 -215.075 -7.149 170.800 -212.731 -11.587
3 0 161.511 -214.288 -13.891 161.750 -213.649 -13.856 167.922 -216.086 -9.362
3 0 167.922 -216.086 -9.362 167.685 -216.726 -9.372 161.511 -214.288 -13.891
3 0 161.152 -214.838 -13.704 161.511 -214.288 -13.891 167.685 -216.726 -9.372
3 0 167.685 -216.726 -9.372 167.328 -217.270 -9.164 161.152 -214.838 -13.704
3 0 160.728 -215.215 -13.325 161.152 -214.838 -13.704 167.328 -217.270 -9.164
3 0 167.328 -217.270 -9.164 166.906 -217.634 -8.770 160.728 -215.215 -13.325
3 0 160.303 -215.363 -12.811 160.728 -215.215 -13.325 166.906 -217.634 -8.770
3 0 166.906 -217.634 -8.770 166.482 -217.764 -8.250 160.303 -215.363 -12.811
3 0 159.942 -215.259 -12.241 160.303 -215.363 -12.811 166.482 -217.764 -8.250
3 0 166.482 -217.764 -8.250 166.122 -217.639 -7.683 159.942 -215.259 -12.241
3 0 159.701 -214.918 -11.701 159.942 -215.259 -12.241 166.122 -217.639 -7.683
3 0 166.122 -217.639 -7.683 165.881 -217.278 -7.156 159.701 -214.918 -11.701
3 0 159.615 -214.392 -11.273 159.701 -214.918 -11.701 165.881 -217.278 -7.156
3 0 165.881 -217.278 -7.156 165.794 -216.737 -6.749 159.615 -214.392 -11.273
3 0 159.698 -213.762 -11.023 159.615 -214.392 -11.273 165.794 -216.737 -6.749
3 0 165.794 -216.737 -6.749 165.875 -216.098 -6.523 159.698 -213.762 -11.023
3 0 159.937 -213.124 -10.989 159.698 -213.762 -11.023 165.875 -216.098 -6.523
3 0 165.875 -216.098 -6.523 166.112 -215.458 -6.514 159.937 -213.124 -10.989
3 0 160.296 -212.574 -11.176 159.937 -213.124 -10.989 166.112 -215.458 -6.514
3 0 166.112 -215.458 -6.514 166.469 -214.914 -6.722 160.296 -212.574 -11.176
3 0 160.720 -212.196 -11.555 160.296 -212.574 -11.176 166.469 -214.914 -6.722
3 0 166.469 -214.914 -6.722 166.891 -214.550 -7.116 160.720 -212.196 -11.555
3 0 161.145 -212.048 -12.069 160.720 -212.196 -11.555 166.891 -214.550 -7.116
3 0 166.891 -214.550 -7.116 167.314 -214.420 -7.636 161.145 -212.048 -12.069
3 0 169.124 -215.048 -10.484 162.958 -212.573 -14.936 163.197 -211.935 -14.902
3 0 163.197 -211.935 -14.902 169.361 -214.408 -10.475 169.124 -215.048 -10.484
3 0 168.767 -215.592 -10.276 162.599 -213.123 -14.749 162.958 -212.573 -14.936
3 0 162.958 -212.573 -14.936 169.124 -215.048 -10.484 168.767 -215.592 -10.276
3 0 168.345 -215.956 -9.882 162.175 -213.501 -14.370 162.599 -213.123 -14.749
3 0 162.599 -213.123 -14.749 168.767 -215.592 -10.276 168.345 -215.956 -9.882
3 0 167.922 -216.086 -9.362 161.750 -213.649 -13.856 162.175 -213.501 -14.370
3 0 162.175 -213.501 -14.370 168.345 -215.956 -9.882 167.922 -216.086 -9.362
3 0 167.552 -213.780 -7.626 161.384 -211.409 -12.034 161.145 -212.048 -12.069
3 0 161.145 -212.048 -12.069 167.314 -214.420 -7.636 167.552 -213.780 -7.626
3 0 167.908 -213.236 -7.834 161.743 -210.859 -12.221 161.384 -211.409 -12.034
3 0 161.384 -211.409 -12.034 167.552 -213.780 -7.626 167.908 -213.236 -7.834
3 0 168.331 -212.872 -8.228 162.167 -210.482 -12.600 161.743 -210.859 -12.221
3 0 161.743 -210.859 -12.221 167.908 -213.236 -7.834 168.331 -212.872 -8.228
3 0 168.754 -212.742 -8.748 162.592 -210.334 -13.114 162.167 -210.482 -12.600
3 0 162.167 -210.482 -12.600 168.331 -212.872 -8.228 168.754 -212.742 -8.748
3 0 170.563 -213.371 -11.596 164.404 -210.860 -15.981 164.643 -210.221 -15.947
3 0 164.643 -210.221 -15.947 170.800 -212.731 -11.587 170.563 -213.371 -11.596
3 0 170.206 -213.914 -11.388 164.045 -211.410 -15.794 164.404 -210.860 -15.981
3 0 164.404 -210.860 -15.981 170.563 -213.371 -11.596 170.206 -213.914 -11.388
3 0 169.784 -214.279 -10.994 163.621 -211.787 -15.415 164.045 -211.410 -15.794
3 0 164.045 -211.410 -15.794 170.206 -213.914 -11.388 169.784 -214.279 -10.994
3 0 169.361 -214.408 -10.475 163.197 -211.935 -14.902 163.621 -211.787 -15.415
3 0 163.621 -211.787 -15.415 169.784 -214.279 -10.994 169.361 -214.408 -10.475
3 0 168.991 -212.102 -8.738 162.830 -209.696 -13.080 162.592 -210.334 -13.114
3 0 162.592 -210.334 -13.114 168.754 -212.742 -8.748 168.991 -212.102 -8.738
3 0 169.347 -211.559 -8.946 163.189 -209.146 -13.266 162.830 -209.696 -13.080
3 0 162.830 -209.696 -13.080 168.991 -212.102 -8.738 169.347 -211.559 -8.946
3 0 169.770 -211.194 -9.340 163.613 -208.768 -13.645 163.189 -209.146 -13.266
3 0 163.189 -209.146 -13.266 169.347 -211.559 -8.946 169.770 -211.194 -9.340
3 0 170.193 -211.065 -9.860 164.038 -208.620 -14.159 163.613 -208.768 -13.645
3 0 163.613 -208.768 -13.645 169.770 -211.194 -9.340 170.193 -211.065 -9.860
3 0 164.277 -207.981 -14.125 164.038 -208.620 -14.159 170.193 -211.065 -9.860
3 0 170.193 -211.065 -9.860 170.430 -210.424 -9.851 164.277 -207.981 -14.125
3 0 164.636 -207.431 -14.312 164.277 -207.981 -14.125 170.430 -210.424 -9.851
3 0 170.430 -210.424 -9.851 170.787 -209.881 -10.059 164.636 -207.431 -14.312
3 0 165.060 -207.054 -14.691 164.636 -207.431 -14.312 170.787 -209.881 -10.059
3 0 170.787 -209.881 -10.059 171.209 -209.516 -10.453 165.060 -207.054 -14.691
3 0 165.485 -206.906 -15.205 165.060 -207.054 -14.691 171.209 -209.516 -10.453
3 0 171.209 -209.516 -10.453 171.632 -209.387 -10.973 165.485 -206.906 -15.205
3 0 165.846 -207.010 -15.775 165.485 -206.906 -15.205 171.632 -209.387 -10.973
3 0 171.632 -209.387 -10.973 171.992 -209.512 -11.540 165.846 -207.010 -15.775
3 0 166.087 -207.351 -16.315 165.846 -207.010 -15.775 171.992 -209.512 -11.540
3 0 171.992 -209.512 -11.540 172.234 -209.872 -12.067 166.087 -207.351 -16.315
3 0 166.173 -207.877 -16.742 166.087 -207.351 -16.315 172.234 -209.872 -12.067
3 0 172.234 -209.872 -12.067 172.321 -210.413 -12.474 166.173 -207.877 -16.742
3 0 166.090 -208.507 -16.992 166.173 -207.877 -16.742 172.321 -210.413 -12.474
3 0 172.321 -210.413 -12.474 172.240 -211.053 -12.699 166.090 -208.507 -16.992
3 0 165.851 -209.145 -17.027 166.090 -208.507 -16.992 172.240 -211.053 -12.699
3 0 172.240 -211.053 -12.699 172.003 -211.693 -12.709 165.851 -209.145 -17.027
3 0 165.492 -209.695 -16.840 165.851 -209.145 -17.027 172.003 -211.693 -12.709
3 0 172.003 -211.693 -12.709 171.646 -212.236 -12.501 165.492 -209.695 -16.840
3 0 165.068 -210.073 -16.461 165.492 -209.695 -16.840 171.646 -212.236 -12.501
3 0 171.646 -212.236 -12.501 171.224 -212.601 -12.107 165.068 -210.073 -16.461
3 0 164.643 -210.221 -15.947 165.068 -210.073 -16.461 171.224 -212.601 -12.107
3 0 171.224 -212.601 -12.107 170.800 -212.731 -11.587 164.643 -210.221 -15.947
3 0 155.349 -211.648 -18.311 155.592 -211.012 -18.255 161.750 -213.649 -13.856
3 0 161.750 -213.649 -13.856 161.511 -214.288 -13.891 155.349 -211.648 -18.311
3 0 154.987 -212.202 -18.143 155.349 -211.648 -18.311 161.511 -214.288 -13.891
3 0 161.511 -214.288 -13.891 161.152 -214.838 -13.704 154.987 -212.202 -18.143
3 0 154.560 -212.590 -17.778 154.987 -212.202 -18.143 161.152 -214.838 -13.704
3 0 161.152 -214.838 -13.704 160.728 -215.215 -13.325 154.560 -212.590 -17.778
3 0 154.134 -212.752 -17.270 154.560 -212.590 -17.778 160.728 -215.215 -13.325
3 0 160.728 -215.215 -13.325 160.303 -215.363 -12.811 154.134 -212.752 -17.270
3 0 153.773 -212.665 -16.697 154.134 -212.752 -17.270 160.303 -215.363 -12.811
3 0 160.303 -215.363 -12.811 159.942 -215.259 -12.241 153.773 -212.665 -16.697
3 0 153.532 -212.341 -16.146 153.773 -212.665 -16.697 159.942 -215.259 -12.241
3 0 159.942 -215.259 -12.241 159.701 -214.918 -11.701 153.532 -212.341 -16.146
3 0 153.449 -211.830 -15.701 153.532 -212.341 -16.146 159.701 -214.918 -11.701
3 0 159.701 -214.918 -11.701 159.615 -214.392 -11.273 153.449 -211.830 -15.701
3 0 153.535 -211.209 -15.430 153.449 -211.830 -15.701 159.615 -214.392 -11.273
3 0 159.615 -214.392 -11.273 159.698 -213.762 -11.023 153.535 -211.209 -15.430
3 0 153.778 -210.573 -15.374 153.535 -211.209 -15.430 159.698 -213.762 -11.023
3 0 159.698 -213.762 -11.023 159.937 -213.124 -10.989 153.778 -210.573 -15.374
3 0 154.140 -210.020 -15.542 153.778 -210.573 -15.374 159.937 -213.124 -10.989
3 0 159.937 -213.124 -10.989 160.296 -212.574 -11.176 154.140 -210.020 -15.542
3 0 154.567 -209.632 -15.907 154.140 -210.020 -15.542 160.296 -212.574 -11.176
3 0 160.296 -212.574 -11.176 160.720 -212.196 -11.555 154.567 -209.632 -15.907
3 0 154.993 -209.469 -16.415 154.567 -209.632 -15.907 160.720 -212.196 -11.555
3 0 160.720 -212.196 -11.555 161.145 -212.048 -12.069 154.993 -209.469 -16.415
3 0 162.958 -212.573 -14.936 156.808 -209.908 -19.296 157.050 -209.272 -19.240
3 0 157.050 -209.272 -19.240 163.197 -211.935 -14.902 162.958 -212.573 -14.936
3 0 162.599 -213.123 -14.749 156.445 -210.462 -19.128 156.808 -209.908 -19.296
3 0 156.808 -209.908 -19.296 162.958 -212.573 -14.936 162.599 -213.123 -14.749
3 0 162.175 -213.501 -14.370 156.018 -210.850 -18.763 156.445 -210.462 -19.128
3 0 156.445 -210.462 -19.128 162.599 -213.123 -14.749 162.175 -213.501 -14.370
3 0 161.750 -213.649 -13.856 155.592 -211.012 -18.255 156.018 -210.850 -18.763
3 0 156.018 -210.850 -18.763 162.175 -213.501 -14.370 161.750 -213.649 -13.856
3 0 161.384 -211.409 -12.034 155.236 -208.833 -16.359 154.993 -209.469 -16.415
3 0 154.993 -209.469 -16.415 161.145 -212.048 -12.069 161.384 -211.409 -12.034
3 0 161.743 -210.859 -12.221 155.598 -208.279 -16.527 155.236 -208.833 -16.359
3 0 155.236 -208.833 -16.359 161.384 -211.409 -12.034 161.743 -210.859 -12.221
3 0 162.167 -210.482 -12.600 156.025 -207.891 -16.892 155.598 -208.279 -16.527
3 0 155.598 -208.279 -16.527 161.743 -210.859 -12.221 162.167 -210.482 -12.600
3 0 162.592 -210.334 -13.114 156.451 -207.729 -17.400 156.025 -207.891 -16.892
3 0 156.025 -207.891 -16.892 162.167 -210.482 -12.600 162.592 -210.334 -13.114
3 0 164.404 -210.860 -15.981 158.265 -208.168 -20.281 158.508 -207.532 -20.225
3 0 158.508 -207.532 -20.225 164.643 -210.221 -15.947 164.404 -210.860 -15.981
3 0 164.045 -211.410 -15.794 157.903 -208.722 -20.113 158.265 -208.168 -20.281
3 0 158.265 -208.168 -20.281 164.404 -210.860 -15.981 164.045 -211.410 -15.794
3 0 163.621 -211.787 -15.415 157.476 -209.110 -19.747 157.903 -208.722 -20.113
3 0 157.903 -208.722 -20.113 164.045 -211.410 -15.794 163.621 -211.787 -15.415
3 0 163.197 -211.935 -14.902 157.050 -209.272 -19.240 157.476 -209.110 -19.747
3 0 157.476 -209.110 -19.747 163.621 -211.787 -15.415 163.197 -211.935 -14.902
3 0 162.830 -209.696 -13.080 156.693 -207.094 -17.344 156.451 -207.729 -17.400
3 0 156.451 -207.729 -17.400 162.592 -210.334 -13.114 162.830 -209.696 -13.080
3 0 163.189 -209.146 -13.266 157.056 -206.540 -17.511 156.693 -207.094 -17.344
3 0 156.693 -207.094 -17.344 162.830 -209.696 -13.080 163.189 -209.146 -13.266
3 0 163.613 -208.768 -13.645 157.483 -206.152 -17.877 157.056 -206.540 -17.511
3 0 157.056 -206.540 -17.511 163.189 -209.146 -13.266 163.613 -208.768 -13.645
3 0 164.038 -208.620 -14.159 157.909 -205.989 -18.385 157.483 -206.152 -17.877
3 0 157.483 -206.152 -17.877 163.613 -208.768 -13.645 164.038 -208.620 -14.159
3 0 158.152 -205.353 -18.329 157.909 -205.989 -18.385 164.038 -208.620 -14.159
3 0 164.038 -208.620 -14.159 164.277 -207.981 -14.125 158.152 -205.353 -18.329
3 0 158.514 -204.799 -18.497 158.152 -205.353 -18.329 164.277 -207.981 -14.125
3 0 164.277 -207.981 -14.125 164.636 -207.431 -14.312 158.514 -204.799 -18.497
3 0 158.941 -204.411 -18.862 158.514 -204.799 -18.497 164.636 -207.431 -14.312
3 0 164.636 -207.431 -14.312 165.060 -207.054 -14.691 158.941 -204.411 -18.862
3 0 159.367 -204.249 -19.370 158.941 -204.411 -18.862 165.060 -207.054 -14.691
3 0 165.060 -207.054 -14.691 165.485 -206.906 -15.205 159.367 -204.249 -19.370
3 0 159.728 -204.336 -19.943 159.367 -204.249 -19.370 165.485 -206.906 -15.205
3 0 165.485 -206.906 -15.205 165.846 -207.010 -15.775 159.728 -204.336 -19.943
3 0 159.969 -204.660 -20.494 159.728 -204.336 -19.943 165.846 -207.010 -15.775
3 0 165.846 -207.010 -15.775 166.087 -207.351 -16.315 159.969 -204.660 -20.494
3 0 160.052 -205.171 -20.939 159.969 -204.660 -20.494 166.087 -207.351 -16.315
3 0 166.087 -207.351 -16.315 166.173 -207.877 -16.742 160.052 -205.171 -20.939
3 0 159.966 -205.792 -21.210 160.052 -205.171 -20.939 166.173 -207.877 -16.742
3 0 166.173 -207.877 -16.742 166.090 -208.507 -16.992 159.966 -205.792 -21.210
3 0 159.723 -206.428 -21.266 159.966 -205.792 -21.210 166.090 -208.507 -16.992
3 0 166.090 -208.507 -16.992 165.851 -209.145 -17.027 159.723 -206.428 -21.266
3 0 159.361 -206.982 -21.098 159.723 -206.428 -21.266 165.851 -209.145 -17.027
3 0 165.851 -209.145 -17.027 165.492 -209.695 -16.840 159.361 -206.982 -21.098
3 0 158.934 -207.370 -20.733 159.361 -206.982 -21.098 165.492 -209.695 -16.840
3 0 165.492 -209.695 -16.840 165.068 -210.073 -16.461 158.934 -207.370 -20.733
3 0 158.508 -207.532 -20.225 158.934 -207.370 -20.733 165.068 -210.073 -16.461
3 0 165.068 -210.073 -16.461 164.643 -210.221 -15.947 158.508 -207.532 -20.225
3 0 149.204 -208.835 -22.648 149.451 -208.203 -22.573 155.592 -211.012 -18.255
3 0 155.592 -211.012 -18.255 155.349 -211.648 -18.311 149.204 -208.835 -22.648
3 0 148.837 -209.391 -22.498 149.204 -208.835 -22.648 155.349 -211.648 -18.311
3 0 155.349 -211.648 -18.311 154.987 -212.202 -18.143 148.837 -209.391 -22.498
3 0 148.406 -209.786 -22.145 148.837 -209.391 -22.498 154.987 -212.202 -18.143
3 0 154.987 -212.202 -18.143 154.560 -212.590 -17.778 148.406 -209.786 -22.145
3 0 147.978 -209.961 -21.643 148.406 -209.786 -22.145 154.560 -212.590 -17.778
3 0 154.560 -212.590 -17.778 154.134 -212.752 -17.270 147.978 -209.961 -21.643
3 0 147.617 -209.888 -21.068 147.978 -209.961 -21.643 154.134 -212.752 -17.270
3 0 154.134 -212.752 -17.270 153.773 -212.665 -16.697 147.617 -209.888 -21.068
3 0 147.378 -209.580 -20.508 147.617 -209.888 -21.068 153.773 -212.665 -16.697
3 0 153.773 -212.665 -16.697 153.532 -212.341 -16.146 147.378 -209.580 -20.508
3 0 147.298 -209.082 -20.048 147.378 -209.580 -20.508 153.532 -212.341 -16.146
3 0 153.532 -212.341 -16.146 153.449 -211.830 -15.701 147.298 -209.082 -20.048
3 0 147.389 -208.470 -19.758 147.298 -209.082 -20.048 153.449 -211.830 -15.701
3 0 153.449 -211.830 -15.701 153.535 -211.209 -15.430 147.389 -208.470 -19.758
3 0 147.636 -207.838 -19.682 147.389 -208.470 -19.758 153.535 -211.209 -15.430
3 0 153.535 -211.209 -15.430 153.778 -210.573 -15.374 147.636 -207.838 -19.682
3 0 148.003 -207.282 -19.832 147.636 -207.838 -19.682 153.778 -210.573 -15.374
3 0 153.778 -210.573 -15.374 154.140 -210.020 -15.542 148.003 -207.282 -19.832
3 0 148.434 -206.887 -20.185 148.003 -207.282 -19.832 154.140 -210.020 -15.542
3 0 154.140 -210.020 -15.542 154.567 -209.632 -15.907 148.434 -206.887 -20.185
3 0 148.862 -206.712 -20.687 148.434 -206.887 -20.185 154.567 -209.632 -15.907
3 0 154.567 -209.632 -15.907 154.993 -209.469 -16.415 148.862 -206.712 -20.687
3 0 156.808 -209.908 -19.296 150.677 -207.077 -23.578 150.925 -206.445 -23.502
3 0 150.925 -206.445 -23.502 157.050 -209.272 -19.240 156.808 -209.908 -19.296
3 0 156.445 -210.462 -19.128 150.310 -207.633 -23.428 150.677 -207.077 -23.578
3 0 150.677 -207.077 -23.578 156.808 -209.908 -19.296 156.445 -210.462 -19.128
3 0 156.018 -210.850 -18.763 149.880 -208.028 -23.075 150.310 -207.633 -23.428
3 0 150.310 -207.633 -23.428 156.445 -210.462 -19.128 156.018 -210.850 -18.763
3 0 155.592 -211.012 -18.255 149.451 -208.203 -22.573 149.880 -208.028 -23.075
3 0 149.880 -208.028 -23.075 156.018 -210.850 -18.763 155.592 -211.012 -18.255
3 0 155.236 -208.833 -16.359 149.110 -206.080 -20.611 148.862 -206.712 -20.687
3 0 148.862 -206.712 -20.687 154.993 -209.469 -16.415 155.236 -208.833 -16.359
3 0 155.598 -208.279 -16.527 149.477 -205.525 -20.761 149.110 -206.080 -20.611
3 0 149.110 -206.080 -20.611 155.236 -208.833 -16.359 155.598 -208.279 -16.527
3 0 156.025 -207.891 -16.892 149.907 -205.129 -21.114 149.477 -205.525 -20.761
3 0 149.477 -205.525 -20.761 155.598 -208.279 -16.527 156.025 -207.891 -16.892
3 0 156.451 -207.729 -17.400 150.336 -204.954 -21.617 149.907 -205.129 -21.114
3 0 149.907 -205.129 -21.114 156.025 -207.891 -16.892 156.451 -207.729 -17.400
3 0 158.265 -208.168 -20.281 152.150 -205.320 -24.507 152.398 -204.688 -24.431
3 0 152.398 -204.688 -24.431 158.508 -207.532 -20.225 158.265 -208.168 -20.281
3 0 157.903 -208.722 -20.113 151.783 -205.876 -24.357 152.150 -205.320 -24.507
3 0 152.150 -205.320 -24.507 158.265 -208.168 -20.281 157.903 -208.722 -20.113
3 0 157.476 -209.110 -19.747 151.353 -206.271 -24.004 151.783 -205.876 -24.357
3 0 151.783 -205.876 -24.357 157.903 -208.722 -20.113 157.476 -209.110 -19.747
3 0 157.050 -209.272 -19.240 150.925 -206.445 -23.502 151.353 -206.271 -24.004
3 0 151.353 -206.271 -24.004 157.476 -209.110 -19.747 157.050 -209.272 -19.240
3 0 156.693 -207.094 -17.344 150.583 -204.323 -21.540 150.336 -204.954 -21.617
3 0 150.336 -204.954 -21.617 156.451 -207.729 -17.400 156.693 -207.094 -17.344
3 0 157.056 -206.540 -17.511 150.950 -203.767 -21.690 150.583 -204.323 -21.540
3 0 150.583 -204.323 -21.540 156.693 -207.094 -17.344 157.056 -206.540 -17.511
3 0 157.483 -206.152 -17.877 151.380 -203.372 -22.043 150.950 -203.767 -21.690
3 0 150.950 -203.767 -21.690 157.056 -206.540 -17.511 157.483 -206.152 -17.877
3 0 157.909 -205.989 -18.385 151.809 -203.197 -22.546 151.380 -203.372 -22.043
3 0 151.380 -203.372 -22.043 157.483 -206.152 -17.877 157.909 -205.989 -18.385
3 0 152.056 -202.565 -22.470 151.809 -203.197 -22.546 157.909 -205.989 -18.385
3 0 157.909 -205.989 -18.385 158.152 -205.353 -18.329 152.056 -202.565 -22.470
3 0 152.423 -202.009 -22.620 152.056 -202.565 -22.470 158.152 -205.353 -18.329
3 0 158.152 -205.353 -18.329 158.514 -204.799 -18.497 152.423 -202.009 -22.620
3 0 152.854 -201.614 -22.973 152.423 -202.009 -22.620 158.514 -204.799 -18.497
3 0 158.514 -204.799 -18.497 158.941 -204.411 -18.862 152.854 -201.614 -22.973
3 0 153.282 -201.439 -23.475 152.854 -201.614 -22.973 158.941 -204.411 -18.862
3 0 158.941 -204.411 -18.862 159.367 -204.249 -19.370 153.282 -201.439 -23.475
3 0 153.643 -201.512 -24.050 153.282 -201.439 -23.475 159.367 -204.249 -19.370
3 0 159.367 -204.249 -19.370 159.728 -204.336 -19.943 153.643 -201.512 -24.050
3 0 153.882 -201.821 -24.610 153.643 -201.512 -24.050 159.728 -204.336 -19.943
3 0 159.728 -204.336 -19.943 159.969 -204.660 -20.494 153.882 -201.821 -24.610
3 0 153.962 -202.319 -25.070 153.882 -201.821 -24.610 159.969 -204.660 -20.494
3 0 159.969 -204.660 -20.494 160.052 -205.171 -20.939 153.962 -202.319 -25.070
3 0 153.872 -202.930 -25.360 153.962 -202.319 -25.070 160.052 -205.171 -20.939
3 0 160.052 -205.171 -20.939 159.966 -205.792 -21.210 153.872 -202.930 -25.360
3 0 153.624 -203.562 -25.436 153.872 -202.930 -25.360 159.966 -205.792 -21.210
3 0 159.966 -205.792 -21.210 159.723 -206.428 -21.266 153.624 -203.562 -25.436
3 0 153.257 -204.118 -25.286 153.624 -203.562 -25.436 159.723 -206.428 -21.266
3 0 159.723 -206.428 -21.266 159.361 -206.982 -21.098 153.257 -204.118 -25.286
3 0 152.826 -204.513 -24.933 153.257 -204.118 -25.286 159.361 -206.982 -21.098
3 0 159.361 -206.982 -21.098 158.934 -207.370 -20.733 152.826 -204.513 -24.933
3 0 152.398 -204.688 -24.431 152.826 -204.513 -24.933 158.934 -207.370 -20.733
3 0 158.934 -207.370 -20.733 158.508 -207.532 -20.225 152.398 -204.688 -24.431
3 0 143.088 -205.826 -26.894 143.341 -205.199 -26.800 149.451 -208.203 -22.573
3 0 149.451 -208.203 -22.573 149.204 -208.835 -22.648 143.088 -205.826 -26.894
3 0 142.715 -206.382 -26.759 143.088 -205.826 -26.894 149.204 -208.835 -22.648
3 0 149.204 -208.835 -22.648 148.837 -209.391 -22.498 142.715 -206.382 -26.759
3 0 142.281 -206.783 -26.418 142.715 -206.382 -26.759 148.837 -209.391 -22.498
3 0 148.837 -209.391 -22.498 148.406 -209.786 -22.145 142.281 -206.783 -26.418
3 0 141.850 -206.968 -25.922 142.281 -206.783 -26.418 148.406 -209.786 -22.145
3 0 148.406 -209.786 -22.145 147.978 -209.961 -21.643 141.850 -206.968 -25.922
3 0 141.489 -206.908 -25.345 141.850 -206.968 -25.922 147.978 -209.961 -21.643
3 0 147.978 -209.961 -21.643 147.617 -209.888 -21.068 141.489 -206.908 -25.345
3 0 141.252 -206.612 -24.777 141.489 -206.908 -25.345 147.617 -209.888 -21.068
3 0 147.617 -209.888 -21.068 147.378 -209.580 -20.508 141.252 -206.612 -24.777
3 0 141.176 -206.127 -24.303 141.252 -206.612 -24.777 147.378 -209.580 -20.508
3 0 147.378 -209.580 -20.508 147.298 -209.082 -20.048 141.176 -206.127 -24.303
3 0 141.272 -205.525 -23.996 141.176 -206.127 -24.303 147.298 -209.082 -20.048
3 0 147.298 -209.082 -20.048 147.389 -208.470 -19.758 141.272 -205.525 -23.996
3 0 141.526 -204.897 -23.902 141.272 -205.525 -23.996 147.389 -208.470 -19.758
3 0 147.389 -208.470 -19.758 147.636 -207.838 -19.682 141.526 -204.897 -23.902
3 0 141.898 -204.341 -24.036 141.526 -204.897 -23.902 147.636 -207.838 -19.682
3 0 147.636 -207.838 -19.682 148.003 -207.282 -19.832 141.898 -204.341 -24.036
3 0 142.333 -203.940 -24.377 141.898 -204.341 -24.036 148.003 -207.282 -19.832
3 0 148.003 -207.282 -19.832 148.434 -206.887 -20.185 142.333 -203.940 -24.377
3 0 142.763 -203.755 -24.874 142.333 -203.940 -24.377 148.434 -206.887 -20.185
3 0 148.434 -206.887 -20.185 148.862 -206.712 -20.687 142.763 -203.755 -24.874
3 0 150.677 -207.077 -23.578 144.579 -204.056 -27.772 144.832 -203.429 -27.678
3 0 144.832 -203.429 -27.678 150.925 -206.445 -23.502 150.677 -207.077 -23.578
3 0 150.310 -207.633 -23.428 144.207 -204.613 -27.638 144.579 -204.056 -27.772
3 0 144.579 -204.056 -27.772 150.677 -207.077 -23.578 150.310 -207.633 -23.428
3 0 149.880 -208.028 -23.075 143.772 -205.014 -27.297 144.207 -204.613 -27.638
3 0 144.207 -204.613 -27.638 150.310 -207.633 -23.428 149.880 -208.028 -23.075
3 0 149.451 -208.203 -22.573 143.341 -205.199 -26.800 143.772 -205.014 -27.297
3 0 143.772 -205.014 -27.297 149.880 -208.028 -23.075 149.451 -208.203 -22.573
3 0 149.110 -206.080 -20.611 143.017 -203.128 -24.781 142.763 -203.755 -24.874
3 0 142.763 -203.755 -24.874 148.862 -206.712 -20.687 149.110 -206.080 -20.611
3 0 149.477 -205.525 -20.761 143.389 -202.572 -24.915 143.017 -203.128 -24.781
3 0 143.017 -203.128 -24.781 149.110 -206.080 -20.611 149.477 -205.525 -20.761
3 0 149.907 -205.129 -21.114 143.824 -202.171 -25.256 143.389 -202.572 -24.915
3 0 143.389 -202.572 -24.915 149.477 -205.525 -20.761 149.907 -205.129 -21.114
3 0 150.336 -204.954 -21.617 144.255 -201.986 -25.753 143.824 -202.171 -25.256
3 0 143.824 -202.171 -25.256 149.907 -205.129 -21.114 150.336 -204.954 -21.617
3 0 152.150 -205.320 -24.507 146.070 -202.288 -28.650 146.323 -201.661 -28.556
3 0 146.323 -201.661 -28.556 152.398 -204.688 -24.431 152.150 -205.320 -24.507
3 0 151.783 -205.876 -24.357 145.697 -202.844 -28.516 146.070 -202.288 -28.650
3 0 146.070 -202.288 -28.650 152.150 -205.320 -24.507 151.783 -205.876 -24.357
3 0 151.353 -206.271 -24.004 145.263 -203.245 -28.175 145.697 -202.844 -28.516
3 0 145.697 -202.844 -28.516 151.783 -205.876 -24.357 151.353 -206.271 -24.004
3 0 150.925 -206.445 -23.502 144.832 -203.429 -27.678 145.263 -203.245 -28.175
3 0 145.263 -203.245 -28.175 151.353 -206.271 -24.004 150.925 -206.445 -23.502
3 0 150.583 -204.323 -21.540 144.508 -201.360 -25.659 144.255 -201.986 -25.753
3 0 144.255 -201.986 -25.753 150.336 -204.954 -21.617 150.583 -204.323 -21.540
3 0 150.950 -203.767 -21.690 144.880 -200.803 -25.793 144.508 -201.360 -25.659
3 0 144.508 -201.360 -25.659 150.583 -204.323 -21.540 150.950 -203.767 -21.690
3 0 151.380 -203.372 -22.043 145.315 -200.402 -26.134 144.880 -200.803 -25.793
3 0 144.880 -200.803 -25.793 150.950 -203.767 -21.690 151.380 -203.372 -22.043
3 0 151.809 -203.197 -22.546 145.745 -200.218 -26.630 145.315 -200.402 -26.134
3 0 145.315 -200.402 -26.134 151.380 -203.372 -22.043 151.809 -203.197 -22.546
3 0 145.999 -199.591 -26.537 145.745 -200.218 -26.630 151.809 -203.197 -22.546
3 0 151.809 -203.197 -22.546 152.056 -202.565 -22.470 145.999 -199.591 -26.537
3 0 146.371 -199.034 -26.671 145.999 -199.591 -26.537 152.056 -202.565 -22.470
3 0 152.056 -202.565 -22.470 152.423 -202.009 -22.620 146.371 -199.034 -26.671
3 0 146.806 -198.633 -27.012 146.371 -199.034 -26.671 152.423 -202.009 -22.620
3 0 152.423 -202.009 -22.620 152.854 -201.614 -22.973 146.806 -198.633 -27.012
3 0 147.237 -198.449 -27.509 146.806 -198.633 -27.012 152.854 -201.614 -22.973
3 0 152.854 -201.614 -22.973 153.282 -201.439 -23.475 147.237 -198.449 -27.509
3 0 147.598 -198.508 -28.085 147.237 -198.449 -27.509 153.282 -201.439 -23.475
3 0 153.282 -201.439 -23.475 153.643 -201.512 -24.050 147.598 -198.508 -28.085
3 0 147.834 -198.804 -28.654 147.598 -198.508 -28.085 153.643 -201.512 -24.050
3 0 153.643 -201.512 -24.050 153.882 -201.821 -24.610 147.834 -198.804 -28.654
3 0 147.911 -199.289 -29.127 147.834 -198.804 -28.654 153.882 -201.821 -24.610
3 0 153.882 -201.821 -24.610 153.962 -202.319 -25.070 147.911 -199.289 -29.127
3 0 147.815 -199.892 -29.434 147.911 -199.289 -29.127 153.962 -202.319 -25.070
3 0 153.962 -202.319 -25.070 153.872 -202.930 -25.360 147.815 -199.892 -29.434
3 0 147.561 -200.519 -29.528 147.815 -199.892 -29.434 153.872 -202.930 -25.360
3 0 153.872 -202.930 -25.360 153.624 -203.562 -25.436 147.561 -200.519 -29.528
3 0 147.189 -201.075 -29.394 147.561 -200.519 -29.528 153.624 -203.562 -25.436
3 0 153.624 -203.562 -25.436 153.257 -204.118 -25.286 147.189 -201.075 -29.394
3 0 146.754 -201.476 -29.053 147.189 -201.075 -29.394 153.257 -204.118 -25.286
3 0 153.257 -204.118 -25.286 152.826 -204.513 -24.933 146.754 -201.476 -29.053
3 0 146.323 -201.661 -28.556 146.754 -201.476 -29.053 152.826 -204.513 -24.933
3 0 152.826 -204.513 -24.933 152.398 -204.688 -24.431 146.323 -201.661 -28.556
3 0 136.999 -202.655 -31.065 137.259 -202.034 -30.955 143.341 -205.199 -26.800
3 0 143.341 -205.199 -26.800 143.088 -205.826 -26.894 136.999 -202.655 -31.065
3 0 136.620 -203.210 -30.946 136.999 -202.655 -31.065 143.088 -205.826 -26.894
3 0 143.088 -205.826 -26.894 142.715 -206.382 -26.759 136.620 -203.210 -30.946
3 0 136.180 -203.615 -30.616 136.620 -203.210 -30.946 142.715 -206.382 -26.759
3 0 142.715 -206.382 -26.759 142.281 -206.783 -26.418 136.180 -203.615 -30.616
3 0 135.747 -203.808 -30.125 136.180 -203.615 -30.616 142.281 -206.783 -26.418
3 0 142.281 -206.783 -26.418 141.850 -206.968 -25.922 135.747 -203.808 -30.125
3 0 135.386 -203.759 -29.547 135.747 -203.808 -30.125 141.850 -206.968 -25.922
3 0 141.850 -206.968 -25.922 141.489 -206.908 -25.345 135.386 -203.759 -29.547
3 0 135.152 -203.476 -28.972 135.386 -203.759 -29.547 141.489 -206.908 -25.345
3 0 141.489 -206.908 -25.345 141.252 -206.612 -24.777 135.152 -203.476 -28.972
3 0 135.081 -203.002 -28.485 135.152 -203.476 -28.972 141.252 -206.612 -24.777
3 0 141.252 -206.612 -24.777 141.176 -206.127 -24.303 135.081 -203.002 -28.485
3 0 135.183 -202.410 -28.162 135.081 -203.002 -28.485 141.176 -206.127 -24.303
3 0 141.176 -206.127 -24.303 141.272 -205.525 -23.996 135.183 -202.410 -28.162
3 0 135.444 -201.788 -28.052 135.183 -202.410 -28.162 141.272 -205.525 -23.996
3 0 141.272 -205.525 -23.996 141.526 -204.897 -23.902 135.444 -201.788 -28.052
3 0 135.822 -201.233 -28.171 135.444 -201.788 -28.052 141.526 -204.897 -23.902
3 0 141.526 -204.897 -23.902 141.898 -204.341 -24.036 135.822 -201.233 -28.171
3 0 136.262 -200.828 -28.501 135.822 -201.233 -28.171 141.898 -204.341 -24.036
3 0 141.898 -204.341 -24.036 142.333 -203.940 -24.377 136.262 -200.828 -28.501
3 0 136.695 -200.635 -28.992 136.262 -200.828 -28.501 142.333 -203.940 -24.377
3 0 142.333 -203.940 -24.377 142.763 -203.755 -24.874 136.695 -200.635 -28.992
3 0 144.579 -204.056 -27.772 138.511 -200.880 -31.895 138.772 -200.259 -31.785
3 0 138.772 -200.259 -31.785 144.832 -203.429 -27.678 144.579 -204.056 -27.772
3 0 144.207 -204.613 -27.638 138.132 -201.436 -31.776 138.511 -200.880 -31.895
3 0 138.511 -200.880 -31.895 144.579 -204.056 -27.772 144.207 -204.613 -27.638
3 0 143.772 -205.014 -27.297 137.693 -201.841 -31.446 138.132 -201.436 -31.776
3 0 138.132 -201.436 -31.776 144.207 -204.613 -27.638 143.772 -205.014 -27.297
3 0 143.341 -205.199 -26.800 137.259 -202.034 -30.955 137.693 -201.841 -31.446
3 0 137.693 -201.841 -31.446 143.772 -205.014 -27.297 143.341 -205.199 -26.800
3 0 143.017 -203.128 -24.781 136.956 -200.013 -28.882 136.695 -200.635 -28.992
3 0 136.695 -200.635 -28.992 142.763 -203.755 -24.874 143.017 -203.128 -24.781
3 0 143.389 -202.572 -24.915 137.335 -199.458 -29.001 136.956 -200.013 -28.882
3 0 136.956 -200.013 -28.882 143.017 -203.128 -24.781 143.389 -202.572 -24.915
3 0 143.824 -202.171 -25.256 137.774 -199.053 -29.331 137.335 -199.458 -29.001
3 0 137.335 -199.458 -29.001 143.389 -202.572 -24.915 143.824 -202.171 -25.256
3 0 144.255 -201.986 -25.753 138.208 -198.860 -29.823 137.774 -199.053 -29.331
3 0 137.774 -199.053 -29.331 143.824 -202.171 -25.256 144.255 -201.986 -25.753
3 0 146.070 -202.288 -28.650 140.023 -199.107 -32.725 140.283 -198.485 -32.615
3 0 140.283 -198.485 -32.615 146.323 -201.661 -28.556 146.070 -202.288 -28.650
3 0 145.697 -202.844 -28.516 139.644 -199.662 -32.606 140.023 -199.107 -32.725
3 0 140.023 -199.107 -32.725 146.070 -202.288 -28.650 145.697 -202.844 -28.516
3 0 145.263 -203.245 -28.175 139.205 -200.067 -32.276 139.644 -199.662 -32.606
3 0 139.644 -199.662 -32.606 145.697 -202.844 -28.516 145.263 -203.245 -28.175
3 0 144.832 -203.429 -27.678 138.772 -200.259 -31.785 139.205 -200.067 -32.276
3 0 139.205 -200.067 -32.276 145.263 -203.245 -28.175 144.832 -203.429 -27.678
3 0 144.508 -201.360 -25.659 138.468 -198.240 -29.712 138.208 -198.860 -29.823
3 0 138.208 -198.860 -29.823 144.255 -201.986 -25.753 144.508 -201.360 -25.659
3 0 144.880 -200.803 -25.793 138.847 -197.684 -29.831 138.468 -198.240 -29.712
3 0 138.468 -198.240 -29.712 144.508 -201.360 -25.659 144.880 -200.803 -25.793
3 0 145.315 -200.402 -26.134 139.286 -197.279 -30.161 138.847 -197.684 -29.831
3 0 138.847 -197.684 -29.831 144.880 -200.803 -25.793 145.315 -200.402 -26.134
3 0 145.745 -200.218 -26.630 139.719 -197.087 -30.652 139.286 -197.279 -30.161
3 0 139.286 -197.279 -30.161 145.315 -200.402 -26.134 145.745 -200.218 -26.630
3 0 139.980 -196.465 -30.542 139.719 -197.087 -30.652 145.745 -200.218 -26.630
3 0 145.745 -200.218 -26.630 145.999 -199.591 -26.537 139.980 -196.465 -30.542
3 0 140.359 -195.910 -30.661 139.980 -196.465 -30.542 145.999 -199.591 -26.537
3 0 145.999 -199.591 -26.537 146.371 -199.034 -26.671 140.359 -195.910 -30.661
3 0 140.798 -195.505 -30.991 140.359 -195.910 -30.661 146.371 -199.034 -26.671
3 0 146.371 -199.034 -26.671 146.806 -198.633 -27.012 140.798 -195.505 -30.991
3 0 141.232 -195.312 -31.482 140.798 -195.505 -30.991 146.806 -198.633 -27.012
3 0 146.806 -198.633 -27.012 147.237 -198.449 -27.509 141.232 -195.312 -31.482
3 0 141.593 -195.361 -32.060 141.232 -195.312 -31.482 147.237 -198.449 -27.509
3 0 147.237 -198.449 -27.509 147.598 -198.508 -28.085 141.593 -195.361 -32.060
3 0 141.827 -195.644 -32.635 141.593 -195.361 -32.060 147.598 -198.508 -28.085
3 0 147.598 -198.508 -28.085 147.834 -198.804 -28.654 141.827 -195.644 -32.635
3 0 141.898 -196.118 -33.122 141.827 -195.644 -32.635 147.834 -198.804 -28.654
3 0 147.834 -198.804 -28.654 147.911 -199.289 -29.127 141.898 -196.118 -33.122
3 0 141.796 -196.710 -33.445 141.898 -196.118 -33.122 147.911 -199.289 -29.127
3 0 147.911 -199.289 -29.127 147.815 -199.892 -29.434 141.796 -196.710 -33.445
3 0 141.535 -197.332 -33.555 141.796 -196.710 -33.445 147.815 -199.892 -29.434
3 0 147.815 -199.892 -29.434 147.561 -200.519 -29.528 141.535 -197.332 -33.555
3 0 141.157 -197.887 -33.436 141.535 -197.332 -33.555 147.561 -200.519 -29.528
3 0 147.561 -200.519 -29.528 147.189 -201.075 -29.394 141.157 -197.887 -33.436
3 0 140.717 -198.292 -33.106 141.157 -197.887 -33.436 147.189 -201.075 -29.394
3 0 147.189 -201.075 -29.394 146.754 -201.476 -29.053 140.717 -198.292 -33.106
3 0 140.283 -198.485 -32.615 140.717 -198.292 -33.106 146.754 -201.476 -29.053
3 0 146.754 -201.476 -29.053 146.323 -201.661 -28.556 140.283 -198.485 -32.615
3 0 130.955 -199.285 -35.147 131.223 -198.670 -35.021 137.259 -202.034 -30.955
3 0 137.259 -202.034 -30.955 136.999 -202.655 -31.065 130.955 -199.285 -35.147
3 0 130.569 -199.839 -35.042 130.955 -199.285 -35.147 136.999 -202.655 -31.065
3 0 136.999 -202.655 -31.065 136.620 -203.210 -30.946 130.569 -199.839 -35.042
3 0 130.124 -200.246 -34.723 130.569 -199.839 -35.042 136.620 -203.210 -30.946
3 0 136.620 -203.210 -30.946 136.180 -203.615 -30.616 130.124 -200.246 -34.723
3 0 129.687 -200.445 -34.237 130.124 -200.246 -34.723 136.180 -203.615 -30.616
3 0 136.180 -203.615 -30.616 135.747 -203.808 -30.125 129.687 -200.445 -34.237
3 0 129.326 -200.406 -33.659 129.687 -200.445 -34.237 135.747 -203.808 -30.125
3 0 135.747 -203.808 -30.125 135.386 -203.759 -29.547 129.326 -200.406 -33.659
3 0 129.095 -200.135 -33.077 129.326 -200.406 -33.659 135.386 -203.759 -29.547
3 0 135.386 -203.759 -29.547 135.152 -203.476 -28.972 129.095 -200.135 -33.077
3 0 129.029 -199.672 -32.579 129.095 -200.135 -33.077 135.152 -203.476 -28.972
3 0 135.152 -203.476 -28.972 135.081 -203.002 -28.485 129.029 -199.672 -32.579
3 0 129.138 -199.089 -32.241 129.029 -199.672 -32.579 135.081 -203.002 -28.485
3 0 135.081 -203.002 -28.485 135.183 -202.410 -28.162 129.138 -199.089 -32.241
3 0 129.407 -198.474 -32.115 129.138 -199.089 -32.241 135.183 -202.410 -28.162
3 0 135.183 -202.410 -28.162 135.444 -201.788 -28.052 129.407 -198.474 -32.115
3 0 129.793 -197.921 -32.220 129.407 -198.474 -32.115 135.444 -201.788 -28.052
3 0 135.444 -201.788 -28.052 135.822 -201.233 -28.171 129.793 -197.921 -32.220
3 0 130.238 -197.513 -32.539 129.793 -197.921 -32.220 135.822 -201.233 -28.171
3 0 135.822 -201.233 -28.171 136.262 -200.828 -28.501 130.238 -197.513 -32.539
3 0 130.674 -197.314 -33.025 130.238 -197.513 -32.539 136.262 -200.828 -28.501
3 0 136.262 -200.828 -28.501 136.695 -200.635 -28.992 130.674 -197.314 -33.025
3 0 138.511 -200.880 -31.895 132.490 -197.510 -35.932 132.758 -196.895 -35.805
3 0 132.758 -196.895 -35.805 138.772 -200.259 -31.785 138.511 -200.880 -31.895
3 0 138.132 -201.436 -31.776 132.104 -198.063 -35.827 132.490 -197.510 -35.932
3 0 132.490 -197.510 -35.932 138.511 -200.880 -31.895 138.132 -201.436 -31.776
3 0 137.693 -201.841 -31.446 131.659 -198.471 -35.507 132.104 -198.063 -35.827
3 0 132.104 -198.063 -35.827 138.132 -201.436 -31.776 137.693 -201.841 -31.446
3 0 137.259 -202.034 -30.955 131.223 -198.670 -35.021 131.659 -198.471 -35.507
3 0 131.659 -198.471 -35.507 137.693 -201.841 -31.446 137.259 -202.034 -30.955
3 0 136.956 -200.013 -28.882 130.942 -196.699 -32.899 130.674 -197.314 -33.025
3 0 130.674 -197.314 -33.025 136.695 -200.635 -28.992 136.956 -200.013 -28.882
3 0 137.335 -199.458 -29.001 131.328 -196.145 -33.004 130.942 -196.699 -32.899
3 0 130.942 -196.699 -32.899 136.956 -200.013 -28.882 137.335 -199.458 -29.001
3 0 137.774 -199.053 -29.331 131.773 -195.738 -33.324 131.328 -196.145 -33.004
3 0 131.328 -196.145 -33.004 137.335 -199.458 -29.001 137.774 -199.053 -29.331
3 0 138.208 -198.860 -29.823 132.210 -195.538 -33.810 131.773 -195.738 -33.324
3 0 131.773 -195.738 -33.324 137.774 -199.053 -29.331 138.208 -198.860 -29.823
3 0 140.023 -199.107 -32.725 134.025 -195.735 -36.716 134.294 -195.120 -36.589
3 0 134.294 -195.120 -36.589 140.283 -198.485 -32.615 140.023 -199.107 -32.725
3 0 139.644 -199.662 -32.606 133.639 -196.289 -36.611 134.025 -195.735 -36.716
3 0 134.025 -195.735 -36.716 140.023 -199.107 -32.725 139.644 -199.662 -32.606
3 0 139.205 -200.067 -32.276 133.194 -196.696 -36.291 133.639 -196.289 -36.611
3 0 133.639 -196.289 -36.611 139.644 -199.662 -32.606 139.205 -200.067 -32.276
3 0 138.772 -200.259 -31.785 132.758 -196.895 -35.805 133.194 -196.696 -36.291
3 0 133.194 -196.696 -36.291 139.205 -200.067 -32.276 138.772 -200.259 -31.785
3 0 138.468 -198.240 -29.712 132.477 -194.924 -33.683 132.210 -195.538 -33.810
3 0 132.210 -195.538 -33.810 138.208 -198.860 -29.823 138.468 -198.240 -29.712
3 0 138.847 -197.684 -29.831 132.863 -194.370 -33.788 132.477 -194.924 -33.683
3 0 132.477 -194.924 -33.683 138.468 -198.240 -29.712 138.847 -197.684 -29.831
3 0 139.286 -197.279 -30.161 133.308 -193.963 -34.108 132.863 -194.370 -33.788
3 0 132.863 -194.370 -33.788 138.847 -197.684 -29.831 139.286 -197.279 -30.161
3 0 139.719 -197.087 -30.652 133.745 -193.764 -34.594 133.308 -193.963 -34.108
3 0 133.308 -193.963 -34.108 139.286 -197.279 -30.161 139.719 -197.087 -30.652
3 0 134.013 -193.148 -34.467 133.745 -193.764 -34.594 139.719 -197.087 -30.652
3 0 139.719 -197.087 -30.652 139.980 -196.465 -30.542 134.013 -193.148 -34.467
3 0 134.399 -192.595 -34.572 134.013 -193.148 -34.467 139.980 -196.465 -30.542
3 0 139.980 -196.465 -30.542 140.359 -195.910 -30.661 134.399 -192.595 -34.572
3 0 134.844 -192.188 -34.892 134.399 -192.595 -34.572 140.359 -195.910 -30.661
3 0 140.359 -195.910 -30.661 140.798 -195.505 -30.991 134.844 -192.188 -34.892
3 0 135.281 -191.988 -35.378 134.844 -192.188 -34.892 140.798 -195.505 -30.991
3 0 140.798 -195.505 -30.991 141.232 -195.312 -31.482 135.281 -191.988 -35.378
3 0 135.642 -192.027 -35.956 135.281 -191.988 -35.378 141.232 -195.312 -31.482
3 0 141.232 -195.312 -31.482 141.593 -195.361 -32.060 135.642 -192.027 -35.956
3 0 135.873 -192.299 -36.538 135.642 -192.027 -35.956 141.593 -195.361 -32.060
3 0 141.593 -195.361 -32.060 141.827 -195.644 -32.635 135.873 -192.299 -36.538
3 0 135.939 -192.761 -37.036 135.873 -192.299 -36.538 141.827 -195.644 -32.635
3 0 141.827 -195.644 -32.635 141.898 -196.118 -33.122 135.939 -192.761 -37.036
3 0 135.829 -193.345 -37.374 135.939 -192.761 -37.036 141.898 -196.118 -33.122
3 0 141.898 -196.118 -33.122 141.796 -196.710 -33.445 135.829 -193.345 -37.374
3 0 135.561 -193.960 -37.500 135.829 -193.345 -37.374 141.796 -196.710 -33.445
3 0 141.796 -196.710 -33.445 141.535 -197.332 -33.555 135.561 -193.960 -37.500
3 0 135.175 -194.513 -37.395 135.561 -193.960 -37.500 141.535 -197.332 -33.555
3 0 141.535 -197.332 -33.555 141.157 -197.887 -33.436 135.175 -194.513 -37.395
3 0 134.730 -194.921 -37.075 135.175 -194.513 -37.395 141.157 -197.887 -33.436
3 0 141.157 -197.887 -33.436 140.717 -198.292 -33.106 134.730 -194.921 -37.075
3 0 134.294 -195.120 -36.589 134.730 -194.921 -37.075 140.717 -198.292 -33.106
3 0 140.717 -198.292 -33.106 140.283 -198.485 -32.615 134.294 -195.120 -36.589
3 0 124.952 -195.756 -39.155 125.229 -195.147 -39.015 131.223 -198.670 -35.021
3 0 131.223 -198.670 -35.021 130.955 -199.285 -35.147 124.952 -195.756 -39.155
3 0 124.559 -196.306 -39.064 124.952 -195.756 -39.155 130.955 -199.285 -35.147
3 0 130.955 -199.285 -35.147 130.569 -199.839 -35.042 124.559 -196.306 -39.064
3 0 124.108 -196.714 -38.754 124.559 -196.306 -39.064 130.569 -199.839 -35.042
3 0 130.569 -199.839 -35.042 130.124 -200.246 -34.723 124.108 -196.714 -38.754
3 0 123.668 -196.919 -38.273 124.108 -196.714 -38.754 130.124 -200.246 -34.723
3 0 130.124 -200.246 -34.723 129.687 -200.445 -34.237 123.668 -196.919 -38.273
3 0 123.307 -196.888 -37.695 123.668 -196.919 -38.273 129.687 -200.445 -34.237
3 0 129.687 -200.445 -34.237 129.326 -200.406 -33.659 123.307 -196.888 -37.695
3 0 123.079 -196.627 -37.107 123.307 -196.888 -37.695 129.326 -200.406 -33.659
3 0 129.326 -200.406 -33.659 129.095 -200.135 -33.077 123.079 -196.627 -37.107
3 0 123.018 -196.176 -36.598 123.079 -196.627 -37.107 129.095 -200.135 -33.077
3 0 129.095 -200.135 -33.077 129.029 -199.672 -32.579 123.018 -196.176 -36.598
3 0 123.135 -195.602 -36.247 123.018 -196.176 -36.598 129.029 -199.672 -32.579
3 0 129.029 -199.672 -32.579 129.138 -199.089 -32.241 123.135 -195.602 -36.247
3 0 123.412 -194.993 -36.107 123.135 -195.602 -36.247 129.138 -199.089 -32.241
3 0 129.138 -199.089 -32.241 129.407 -198.474 -32.115 123.412 -194.993 -36.107
3 0 123.806 -194.443 -36.198 123.412 -194.993 -36.107 129.407 -198.474 -32.115
3 0 129.407 -198.474 -32.115 129.793 -197.921 -32.220 123.806 -194.443 -36.198
3 0 124.256 -194.034 -36.508 123.806 -194.443 -36.198 129.793 -197.921 -32.220
3 0 129.793 -197.921 -32.220 130.238 -197.513 -32.539 124.256 -194.034 -36.508
3 0 124.696 -193.830 -36.989 124.256 -194.034 -36.508 130.238 -197.513 -32.539
3 0 130.238 -197.513 -32.539 130.674 -197.314 -33.025 124.696 -193.830 -36.989
3 0 132.490 -197.510 -35.932 126.513 -193.984 -39.897 126.790 -193.375 -39.756
3 0 126.790 -193.375 -39.756 132.758 -196.895 -35.805 132.490 -197.510 -35.932
3 0 132.104 -198.063 -35.827 126.120 -194.534 -39.805 126.513 -193.984 -39.897
3 0 126.513 -193.984 -39.897 132.490 -197.510 -35.932 132.104 -198.063 -35.827
3 0 131.659 -198.471 -35.507 125.669 -194.943 -39.496 126.120 -194.534 -39.805
3 0 126.120 -194.534 -39.805 132.104 -198.063 -35.827 131.659 -198.471 -35.507
3 0 131.223 -198.670 -35.021 125.229 -195.147 -39.015 125.669 -194.943 -39.496
3 0 125.669 -194.943 -39.496 131.659 -198.471 -35.507 131.223 -198.670 -35.021
3 0 130.942 -196.699 -32.899 124.973 -193.221 -36.848 124.696 -193.830 -36.989
3 0 124.696 -193.830 -36.989 130.674 -197.314 -33.025 130.942 -196.699 -32.899
3 0 131.328 -196.145 -33.004 125.366 -192.671 -36.940 124.973 -193.221 -36.848
3 0 124.973 -193.221 -36.848 130.942 -196.699 -32.899 131.328 -196.145 -33.004
3 0 131.773 -195.738 -33.324 125.817 -192.263 -37.249 125.366 -192.671 -36.940
3 0 125.366 -192.671 -36.940 131.328 -196.145 -33.004 131.773 -195.738 -33.324
3 0 132.210 -195.538 -33.810 126.257 -192.058 -37.730 125.817 -192.263 -37.249
3 0 125.817 -192.263 -37.249 131.773 -195.738 -33.324 132.210 -195.538 -33.810
3 0 134.025 -195.735 -36.716 128.073 -192.212 -40.638 128.350 -191.604 -40.498
3 0 128.350 -191.604 -40.498 134.294 -195.120 -36.589 134.025 -195.735 -36.716
3 0 133.639 -196.289 -36.611 127.680 -192.763 -40.547 128.073 -192.212 -40.638
3 0 128.073 -192.212 -40.638 134.025 -195.735 -36.716 133.639 -196.289 -36.611
3 0 133.194 -196.696 -36.291 127.229 -193.171 -40.237 127.680 -192.763 -40.547
3 0 127.680 -192.763 -40.547 133.639 -196.289 -36.611 133.194 -196.696 -36.291
3 0 132.758 -196.895 -35.805 126.790 -193.375 -39.756 127.229 -193.171 -40.237
3 0 127.229 -193.171 -40.237 133.194 -196.696 -36.291 132.758 -196.895 -35.805
3 0 132.477 -194.924 -33.683 126.533 -191.450 -37.589 126.257 -192.058 -37.730
3 0 126.257 -192.058 -37.730 132.210 -195.538 -33.810 132.477 -194.924 -33.683
3 0 132.863 -194.370 -33.788 126.926 -190.900 -37.681 126.533 -191.450 -37.589
3 0 126.533 -191.450 -37.589 132.477 -194.924 -33.683 132.863 -194.370 -33.788
3 0 133.308 -193.963 -34.108 127.377 -190.491 -37.991 126.926 -190.900 -37.681
3 0 126.926 -190.900 -37.681 132.863 -194.370 -33.788 133.308 -193.963 -34.108
3 0 133.745 -193.764 -34.594 127.817 -190.287 -38.471 127.377 -190.491 -37.991
3 0 127.377 -190.491 -37.991 133.308 -193.963 -34.108 133.745 -193.764 -34.594
3 0 128.094 -189.678 -38.331 127.817 -190.287 -38.471 133.745 -193.764 -34.594
3 0 133.745 -193.764 -34.594 134.013 -193.148 -34.467 128.094 -189.678 -38.331
3 0 128.487 -189.128 -38.423 128.094 -189.678 -38.331 134.013 -193.148 -34.467
3 0 134.013 -193.148 -34.467 134.399 -192.595 -34.572 128.487 -189.128 -38.423
3 0 128.938 -188.720 -38.732 128.487 -189.128 -38.423 134.399 -192.595 -34.572
3 0 134.399 -192.595 -34.572 134.844 -192.188 -34.892 128.938 -188.720 -38.732
3 0 129.378 -188.515 -39.213 128.938 -188.720 -38.732 134.844 -192.188 -34.892
3 0 134.844 -192.188 -34.892 135.281 -191.988 -35.378 129.378 -188.515 -39.213
3 0 129.739 -188.546 -39.791 129.378 -188.515 -39.213 135.281 -191.988 -35.378
3 0 135.281 -191.988 -35.378 135.642 -192.027 -35.956 129.739 -188.546 -39.791
3 0 129.967 -188.807 -40.380 129.739 -188.546 -39.791 135.642 -192.027 -35.956
3 0 135.642 -192.027 -35.956 135.873 -192.299 -36.538 129.967 -188.807 -40.380
3 0 130.028 -189.258 -40.888 129.967 -188.807 -40.380 135.873 -192.299 -36.538
3 0 135.873 -192.299 -36.538 135.939 -192.761 -37.036 130.028 -189.258 -40.888
3 0 129.911 -189.832 -41.239 130.028 -189.258 -40.888 135.939 -192.761 -37.036
3 0 135.939 -192.761 -37.036 135.829 -193.345 -37.374 129.911 -189.832 -41.239
3 0 129.634 -190.441 -41.380 129.911 -189.832 -41.239 135.829 -193.345 -37.374
3 0 135.829 -193.345 -37.374 135.561 -193.960 -37.500 129.634 -190.441 -41.380
3 0 129.240 -190.991 -41.288 129.634 -190.441 -41.380 135.561 -193.960 -37.500
3 0 135.561 -193.960 -37.500 135.175 -194.513 -37.395 129.240 -190.991 -41.288
3 0 128.790 -191.399 -40.979 129.240 -190.991 -41.288 135.175 -194.513 -37.395
3 0 135.175 -194.513 -37.395 134.730 -194.921 -37.075 128.790 -191.399 -40.979
3 0 128.350 -191.604 -40.498 128.790 -191.399 -40.979 134.730 -194.921 -37.075
3 0 134.730 -194.921 -37.075 134.294 -195.120 -36.589 128.350 -191.604 -40.498
3 0 119.006 -192.033 -43.080 119.291 -191.433 -42.925 125.229 -195.147 -39.015
3 0 125.229 -195.147 -39.015 124.952 -195.756 -39.155 119.006 -192.033 -43.080
3 0 118.604 -192.580 -43.001 119.006 -192.033 -43.080 124.952 -195.756 -39.155
3 0 124.952 -195.756 -39.155 124.559 -196.306 -39.064 118.604 -192.580 -43.001
3 0 118.146 -192.988 -42.701 118.604 -192.580 -43.001 124.559 -196.306 -39.064
3 0 124.559 -196.306 -39.064 124.108 -196.714 -38.754 118.146 -192.988 -42.701
3 0 117.703 -193.197 -42.225 118.146 -192.988 -42.701 124.108 -196.714 -38.754
3 0 124.108 -196.714 -38.754 123.668 -196.919 -38.273 117.703 -193.197 -42.225
3 0 117.342 -193.174 -41.647 117.703 -193.197 -42.225 123.668 -196.919 -38.273
3 0 123.668 -196.919 -38.273 123.307 -196.888 -37.695 117.342 -193.174 -41.647
3 0 117.117 -192.923 -41.053 117.342 -193.174 -41.647 123.307 -196.888 -37.695
3 0 123.307 -196.888 -37.695 123.079 -196.627 -37.107 117.117 -192.923 -41.053
3 0 117.063 -192.482 -40.534 117.117 -192.923 -41.053 123.079 -196.627 -37.107
3 0 123.079 -196.627 -37.107 123.018 -196.176 -36.598 117.063 -192.482 -40.534
3 0 117.188 -191.918 -40.170 117.063 -192.482 -40.534 123.018 -196.176 -36.598
3 0 123.018 -196.176 -36.598 123.135 -195.602 -36.247 117.188 -191.918 -40.170
3 0 117.474 -191.317 -40.016 117.188 -191.918 -40.170 123.135 -195.602 -36.247
3 0 123.135 -195.602 -36.247 123.412 -194.993 -36.107 117.474 -191.317 -40.016
3 0 117.876 -190.771 -40.094 117.474 -191.317 -40.016 123.412 -194.993 -36.107
3 0 123.412 -194.993 -36.107 123.806 -194.443 -36.198 117.876 -190.771 -40.094
3 0 118.333 -190.362 -40.394 117.876 -190.771 -40.094 123.806 -194.443 -36.198
3 0 123.806 -194.443 -36.198 124.256 -194.034 -36.508 118.333 -190.362 -40.394
3 0 118.777 -190.154 -40.870 118.333 -190.362 -40.394 124.256 -194.034 -36.508
3 0 124.256 -194.034 -36.508 124.696 -193.830 -36.989 118.777 -190.154 -40.870
3 0 126.513 -193.984 -39.897 120.595 -190.269 -43.779 120.880 -189.668 -43.625
3 0 120.880 -189.668 -43.625 126.790 -193.375 -39.756 126.513 -193.984 -39.897
3 0 126.120 -194.534 -39.805 120.192 -190.815 -43.701 120.595 -190.269 -43.779
3 0 120.595 -190.269 -43.779 126.513 -193.984 -39.897 126.120 -194.534 -39.805
3 0 125.669 -194.943 -39.496 119.735 -191.224 -43.401 120.192 -190.815 -43.701
3 0 120.192 -190.815 -43.701 126.120 -194.534 -39.805 125.669 -194.943 -39.496
3 0 125.229 -195.147 -39.015 119.291 -191.433 -42.925 119.735 -191.224 -43.401
3 0 119.735 -191.224 -43.401 125.669 -194.943 -39.496 125.229 -195.147 -39.015
3 0 124.973 -193.221 -36.848 119.062 -189.553 -40.715 118.777 -190.154 -40.870
3 0 118.777 -190.154 -40.870 124.696 -193.830 -36.989 124.973 -193.221 -36.848
3 0 125.366 -192.671 -36.940 119.464 -189.007 -40.794 119.062 -189.553 -40.715
3 0 119.062 -189.553 -40.715 124.973 -193.221 -36.848 125.366 -192.671 -36.940
3 0 125.817 -192.263 -37.249 119.922 -188.598 -41.094 119.464 -189.007 -40.794
3 0 119.464 -189.007 -40.794 125.366 -192.671 -36.940 125.817 -192.263 -37.249
3 0 126.257 -192.058 -37.730 120.365 -188.389 -41.570 119.922 -188.598 -41.094
3 0 119.922 -188.598 -41.094 125.817 -192.263 -37.249 126.257 -192.058 -37.730
3 0 128.073 -192.212 -40.638 122.182 -188.505 -44.479 122.468 -187.905 -44.324
3 0 122.468 -187.905 -44.324 128.350 -191.604 -40.498 128.073 -192.212 -40.638
3 0 127.680 -192.763 -40.547 121.780 -189.052 -44.400 122.182 -188.505 -44.479
3 0 122.182 -188.505 -44.479 128.073 -192.212 -40.638 127.680 -192.763 -40.547
3 0 127.229 -193.171 -40.237 121.323 -189.460 -44.100 121.780 -189.052 -44.400
3 0 121.780 -189.052 -44.400 127.680 -192.763 -40.547 127.229 -193.171 -40.237
3 0 126.790 -193.375 -39.756 120.880 -189.668 -43.625 121.323 -189.460 -44.100
3 0 121.323 -189.460 -44.100 127.229 -193.171 -40.237 126.790 -193.375 -39.756
3 0 126.533 -191.450 -37.589 120.650 -187.789 -41.415 120.365 -188.389 -41.570
3 0 120.365 -188.389 -41.570 126.257 -192.058 -37.730 126.533 -191.450 -37.589
3 0 126.926 -190.900 -37.681 121.052 -187.243 -41.494 120.650 -187.789 -41.415
3 0 120.650 -187.789 -41.415 126.533 -191.450 -37.589 126.926 -190.900 -37.681
3 0 127.377 -190.491 -37.991 121.509 -186.835 -41.794 121.052 -187.243 -41.494
3 0 121.052 -187.243 -41.494 126.926 -190.900 -37.681 127.377 -190.491 -37.991
3 0 127.817 -190.287 -38.471 121.953 -186.626 -42.269 121.509 -186.835 -41.794
3 0 121.509 -186.835 -41.794 127.377 -190.491 -37.991 127.817 -190.287 -38.471
3 0 122.238 -186.025 -42.115 121.953 -186.626 -42.269 127.817 -190.287 -38.471
3 0 127.817 -190.287 -38.471 128.094 -189.678 -38.331 122.238 -186.025 -42.115
3 0 122.640 -185.479 -42.194 122.238 -186.025 -42.115 128.094 -189.678 -38.331
3 0 128.094 -189.678 -38.331 128.487 -189.128 -38.423 122.640 -185.479 -42.194
3 0 123.098 -185.070 -42.493 122.640 -185.479 -42.194 128.487 -189.128 -38.423
3 0 128.487 -189.128 -38.423 128.938 -188.720 -38.732 123.098 -185.070 -42.493
3 0 123.541 -184.862 -42.969 123.098 -185.070 -42.493 128.938 -188.720 -38.732
3 0 128.938 -188.720 -38.732 129.378 -188.515 -39.213 123.541 -184.862 -42.969
3 0 123.903 -184.884 -43.548 123.541 -184.862 -42.969 129.378 -188.515 -39.213
3 0 129.378 -188.515 -39.213 129.739 -188.546 -39.791 123.903 -184.884 -43.548
3 0 124.128 -185.136 -44.142 123.903 -184.884 -43.548 129.739 -188.546 -39.791
3 0 129.739 -188.546 -39.791 129.967 -188.807 -40.380 124.128 -185.136 -44.142
3 0 124.181 -185.577 -44.660 124.128 -185.136 -44.142 129.967 -188.807 -40.380
3 0 129.967 -188.807 -40.380 130.028 -189.258 -40.888 124.181 -185.577 -44.660
3 0 124.056 -186.140 -45.024 124.181 -185.577 -44.660 130.028 -189.258 -40.888
3 0 130.028 -189.258 -40.888 129.911 -189.832 -41.239 124.056 -186.140 -45.024
3 0 123.771 -186.741 -45.179 124.056 -186.140 -45.024 129.911 -189.832 -41.239
3 0 129.911 -189.832 -41.239 129.634 -190.441 -41.380 123.771 -186.741 -45.179
3 0 123.369 -187.287 -45.100 123.771 -186.741 -45.179 129.634 -190.441 -41.380
3 0 129.634 -190.441 -41.380 129.240 -190.991 -41.288 123.369 -187.287 -45.100
3 0 122.911 -187.696 -44.800 123.369 -187.287 -45.100 129.240 -190.991 -41.288
3 0 129.240 -190.991 -41.288 128.790 -191.399 -40.979 122.911 -187.696 -44.800
3 0 122.468 -187.905 -44.324 122.911 -187.696 -44.800 128.790 -191.399 -40.979
3 0 128.790 -191.399 -40.979 128.350 -191.604 -40.498 122.468 -187.905 -44.324
3 0 113.115 -188.139 -46.929 113.410 -187.547 -46.761 119.291 -191.433 -42.925
3 0 119.291 -191.433 -42.925 119.006 -192.033 -43.080 113.115 -188.139 -46.929
3 0 112.704 -188.680 -46.863 113.115 -188.139 -46.929 119.006 -192.033 -43.080
3 0 119.006 -192.033 -43.080 118.604 -192.580 -43.001 112.704 -188.680 -46.863
3 0 112.239 -189.088 -46.572 112.704 -188.680 -46.863 118.604 -192.580 -43.001
3 0 118.604 -192.580 -43.001 118.146 -192.988 -42.701 112.239 -189.088 -46.572
3 0 111.792 -189.299 -46.102 112.239 -189.088 -46.572 118.146 -192.988 -42.701
3 0 118.146 -192.988 -42.701 117.703 -193.197 -42.225 111.792 -189.299 -46.102
3 0 111.430 -189.283 -45.523 111.792 -189.299 -46.102 117.703 -193.197 -42.225
3 0 117.703 -193.197 -42.225 117.342 -193.174 -41.647 111.430 -189.283 -45.523
3 0 111.209 -189.042 -44.924 111.430 -189.283 -45.523 117.342 -193.174 -41.647
3 0 117.342 -193.174 -41.647 117.117 -192.923 -41.053 111.209 -189.042 -44.924
3 0 111.162 -188.612 -44.396 111.209 -189.042 -44.924 117.117 -192.923 -41.053
3 0 117.117 -192.923 -41.053 117.063 -192.482 -40.534 111.162 -188.612 -44.396
3 0 111.296 -188.058 -44.019 111.162 -188.612 -44.396 117.063 -192.482 -40.534
3 0 117.063 -192.482 -40.534 117.188 -191.918 -40.170 111.296 -188.058 -44.019
3 0 111.591 -187.466 -43.851 111.296 -188.058 -44.019 117.188 -191.918 -40.170
3 0 117.188 -191.918 -40.170 117.474 -191.317 -40.016 111.591 -187.466 -43.851
3 0 112.003 -186.925 -43.917 111.591 -187.466 -43.851 117.474 -191.317 -40.016
3 0 117.474 -191.317 -40.016 117.876 -190.771 -40.094 112.003 -186.925 -43.917
3 0 112.467 -186.518 -44.207 112.003 -186.925 -43.917 117.876 -190.771 -40.094
3 0 117.876 -190.771 -40.094 118.333 -190.362 -40.394 112.467 -186.518 -44.207
3 0 112.915 -186.306 -44.678 112.467 -186.518 -44.207 118.333 -190.362 -40.394
3 0 118.333 -190.362 -40.394 118.777 -190.154 -40.870 112.915 -186.306 -44.678
3 0 120.595 -190.269 -43.779 114.734 -186.387 -47.588 115.029 -185.795 -47.420
3 0 115.029 -185.795 -47.420 120.880 -189.668 -43.625 120.595 -190.269 -43.779
3 0 120.192 -190.815 -43.701 114.323 -186.928 -47.522 114.734 -186.387 -47.588
3 0 114.734 -186.387 -47.588 120.595 -190.269 -43.779 120.192 -190.815 -43.701
3 0 119.735 -191.224 -43.401 113.858 -187.335 -47.231 114.323 -186.928 -47.522
3 0 114.323 -186.928 -47.522 120.192 -190.815 -43.701 119.735 -191.224 -43.401
3 0 119.291 -191.433 -42.925 113.410 -187.547 -46.761 113.858 -187.335 -47.231
3 0 113.858 -187.335 -47.231 119.735 -191.224 -43.401 119.291 -191.433 -42.925
3 0 119.062 -189.553 -40.715 113.210 -185.714 -44.510 112.915 -186.306 -44.678
3 0 112.915 -186.306 -44.678 118.777 -190.154 -40.870 119.062 -189.553 -40.715
3 0 119.464 -189.007 -40.794 113.621 -185.173 -44.576 113.210 -185.714 -44.510
3 0 113.210 -185.714 -44.510 119.062 -189.553 -40.715 119.464 -189.007 -40.794
3 0 119.922 -188.598 -41.094 114.086 -184.765 -44.866 113.621 -185.173 -44.576
3 0 113.621 -185.173 -44.576 119.464 -189.007 -40.794 119.922 -188.598 -41.094
3 0 120.365 -188.389 -41.570 114.533 -184.554 -45.337 114.086 -184.765 -44.866
3 0 114.086 -184.765 -44.866 119.922 -188.598 -41.094 120.365 -188.389 -41.570
3 0 122.182 -188.505 -44.479 116.352 -184.635 -48.246 116.647 -184.043 -48.078
3 0 116.647 -184.043 -48.078 122.468 -187.905 -44.324 122.182 -188.505 -44.479
3 0 121.780 -189.052 -44.400 115.941 -185.176 -48.180 116.352 -184.635 -48.246
3 0 116.352 -184.635 -48.246 122.182 -188.505 -44.479 121.780 -189.052 -44.400
3 0 121.323 -189.460 -44.100 115.476 -185.583 -47.890 115.941 -185.176 -48.180
3 0 115.941 -185.176 -48.180 121.780 -189.052 -44.400 121.323 -189.460 -44.100
3 0 120.880 -189.668 -43.625 115.029 -185.795 -47.420 115.476 -185.583 -47.890
3 0 115.476 -185.583 -47.890 121.323 -189.460 -44.100 120.880 -189.668 -43.625
3 0 120.650 -187.789 -41.415 114.828 -183.962 -45.168 114.533 -184.554 -45.337
3 0 114.533 -184.554 -45.337 120.365 -188.389 -41.570 120.650 -187.789 -41.415
3 0 121.052 -187.243 -41.494 115.240 -183.421 -45.235 114.828 -183.962 -45.168
3 0 114.828 -183.962 -45.168 120.650 -187.789 -41.415 121.052 -187.243 -41.494
3 0 121.509 -186.835 -41.794 115.704 -183.014 -45.525 115.240 -183.421 -45.235
3 0 115.240 -183.421 -45.235 121.052 -187.243 -41.494 121.509 -186.835 -41.794
3 0 121.953 -186.626 -42.269 116.152 -182.802 -45.995 115.704 -183.014 -45.525
3 0 115.704 -183.014 -45.525 121.509 -186.835 -41.794 121.953 -186.626 -42.269
3 0 116.447 -182.209 -45.827 116.152 -182.802 -45.995 121.953 -186.626 -42.269
3 0 121.953 -186.626 -42.269 122.238 -186.025 -42.115 116.447 -182.209 -45.827
3 0 116.858 -181.669 -45.893 116.447 -182.209 -45.827 122.238 -186.025 -42.115
3 0 122.238 -186.025 -42.115 122.640 -185.479 -42.194 116.858 -181.669 -45.893
3 0 117.323 -181.261 -46.184 116.858 -181.669 -45.893 122.640 -185.479 -42.194
3 0 122.640 -185.479 -42.194 123.098 -185.070 -42.493 117.323 -181.261 -46.184
3 0 117.770 -181.049 -46.654 117.323 -181.261 -46.184 123.098 -185.070 -42.493
3 0 123.098 -185.070 -42.493 123.541 -184.862 -42.969 117.770 -181.049 -46.654
3 0 118.132 -181.066 -47.233 117.770 -181.049 -46.654 123.541 -184.862 -42.969
3 0 123.541 -184.862 -42.969 123.903 -184.884 -43.548 118.132 -181.066 -47.233
3 0 118.354 -181.307 -47.832 118.132 -181.066 -47.233 123.903 -184.884 -43.548
3 0 123.903 -184.884 -43.548 124.128 -185.136 -44.142 118.354 -181.307 -47.832
3 0 118.401 -181.737 -48.360 118.354 -181.307 -47.832 124.128 -185.136 -44.142
3 0 124.128 -185.136 -44.142 124.181 -185.577 -44.660 118.401 -181.737 -48.360
3 0 118.266 -182.291 -48.737 118.401 -181.737 -48.360 124.181 -185.577 -44.660
3 0 124.181 -185.577 -44.660 124.056 -186.140 -45.024 118.266 -182.291 -48.737
3 0 117.971 -182.883 -48.905 118.266 -182.291 -48.737 124.056 -186.140 -45.024
3 0 124.056 -186.140 -45.024 123.771 -186.741 -45.179 117.971 -182.883 -48.905
3 0 117.560 -183.424 -48.839 117.971 -182.883 -48.905 123.771 -186.741 -45.179
3 0 123.771 -186.741 -45.179 123.369 -187.287 -45.100 117.560 -183.424 -48.839
3 0 117.095 -183.831 -48.549 117.560 -183.424 -48.839 123.369 -187.287 -45.100
3 0 123.369 -187.287 -45.100 122.911 -187.696 -44.800 117.095 -183.831 -48.549
3 0 116.647 -184.043 -48.078 117.095 -183.831 -48.549 122.911 -187.696 -44.800
3 0 122.911 -187.696 -44.800 122.468 -187.905 -44.324 116.647 -184.043 -48.078
3 0 107.300 -184.042 -50.688 107.606 -183.459 -50.507 113.410 -187.547 -46.761
3 0 113.410 -187.547 -46.761 113.115 -188.139 -46.929 107.300 -184.042 -50.688
3 0 106.879 -184.576 -50.634 107.300 -184.042 -50.688 113.115 -188.139 -46.929
3 0 113.115 -188.139 -46.929 112.704 -188.680 -46.863 106.879 -184.576 -50.634
3 0 106.406 -184.982 -50.353 106.879 -184.576 -50.634 112.704 -188.680 -46.863
3 0 112.704 -188.680 -46.863 112.239 -189.088 -46.572 106.406 -184.982 -50.353
3 0 105.954 -185.195 -49.888 106.406 -184.982 -50.353 112.239 -189.088 -46.572
3 0 112.239 -189.088 -46.572 111.792 -189.299 -46.102 105.954 -185.195 -49.888
3 0 105.592 -185.185 -49.309 105.954 -185.195 -49.888 111.792 -189.299 -46.102
3 0 111.792 -189.299 -46.102 111.430 -189.283 -45.523 105.592 -185.185 -49.309
3 0 105.375 -184.953 -48.705 105.592 -185.185 -49.309 111.430 -189.283 -45.523
3 0 111.430 -189.283 -45.523 111.209 -189.042 -44.924 105.375 -184.953 -48.705
3 0 105.335 -184.534 -48.168 105.375 -184.953 -48.705 111.209 -189.042 -44.924
3 0 111.209 -189.042 -44.924 111.162 -188.612 -44.396 105.335 -184.534 -48.168
3 0 105.479 -183.992 -47.779 105.335 -184.534 -48.168 111.162 -188.612 -44.396
3 0 111.162 -188.612 -44.396 111.296 -188.058 -44.019 105.479 -183.992 -47.779
3 0 105.785 -183.409 -47.597 105.479 -183.992 -47.779 111.296 -188.058 -44.019
3 0 111.296 -188.058 -44.019 111.591 -187.466 -43.851 105.785 -183.409 -47.597
3 0 106.206 -182.874 -47.651 105.785 -183.409 -47.597 111.591 -187.466 -43.851
3 0 111.591 -187.466 -43.851 112.003 -186.925 -43.917 106.206 -182.874 -47.651
3 0 106.678 -182.469 -47.932 106.206 -182.874 -47.651 112.003 -186.925 -43.917
3 0 112.003 -186.925 -43.917 112.467 -186.518 -44.207 106.678 -182.469 -47.932
3 0 107.130 -182.255 -48.398 106.678 -182.469 -47.932 112.467 -186.518 -44.207
3 0 112.467 -186.518 -44.207 112.915 -186.306 -44.678 107.130 -182.255 -48.398
3 0 114.734 -186.387 -47.588 108.951 -182.305 -51.307 109.257 -181.722 -51.126
3 0 109.257 -181.722 -51.126 115.029 -185.795 -47.420 114.734 -186.387 -47.588
3 0 114.323 -186.928 -47.522 108.530 -182.840 -51.253 108.951 -182.305 -51.307
3 0 108.951 -182.305 -51.307 114.734 -186.387 -47.588 114.323 -186.928 -47.522
3 0 113.858 -187.335 -47.231 108.057 -183.245 -50.972 108.530 -182.840 -51.253
3 0 108.530 -182.840 -51.253 114.323 -186.928 -47.522 113.858 -187.335 -47.231
3 0 113.410 -187.547 -46.761 107.606 -183.459 -50.507 108.057 -183.245 -50.972
3 0 108.057 -183.245 -50.972 113.858 -187.335 -47.231 113.410 -187.547 -46.761
3 0 113.210 -185.714 -44.510 107.436 -181.672 -48.216 107.130 -182.255 -48.398
3 0 107.130 -182.255 -48.398 112.915 -186.306 -44.678 113.210 -185.714 -44.510
3 0 113.621 -185.173 -44.576 107.857 -181.137 -48.270 107.436 -181.672 -48.216
3 0 107.436 -181.672 -48.216 113.210 -185.714 -44.510 113.621 -185.173 -44.576
3 0 114.086 -184.765 -44.866 108.330 -180.732 -48.551 107.857 -181.137 -48.270
3 0 107.857 -181.137 -48.270 113.621 -185.173 -44.576 114.086 -184.765 -44.866
3 0 114.533 -184.554 -45.337 108.781 -180.518 -49.016 108.330 -180.732 -48.551
3 0 108.330 -180.732 -48.551 114.086 -184.765 -44.866 114.533 -184.554 -45.337
3 0 116.352 -184.635 -48.246 110.602 -180.569 -51.926 110.908 -179.986 -51.744
3 0 110.908 -179.986 -51.744 116.647 -184.043 -48.078 116.352 -184.635 -48.246
3 0 115.941 -185.176 -48.180 110.181 -181.104 -51.872 110.602 -180.569 -51.926
3 0 110.602 -180.569 -51.926 116.352 -184.635 -48.246 115.941 -185.176 -48.180
3 0 115.476 -185.583 -47.890 109.708 -181.509 -51.591 110.181 -181.104 -51.872
3 0 110.181 -181.104 -51.872 115.941 -185.176 -48.180 115.476 -185.583 -47.890
3 0 115.029 -185.795 -47.420 109.257 -181.722 -51.126 109.708 -181.509 -51.591
3 0 109.708 -181.509 -51.591 115.476 -185.583 -47.890 115.029 -185.795 -47.420
3 0 114.828 -183.962 -45.168 109.087 -179.936 -48.835 108.781 -180.518 -49.016
3 0 108.781 -180.518 -49.016 114.533 -184.554 -45.337 114.828 -183.962 -45.168
3 0 115.240 -183.421 -45.235 109.508 -179.401 -48.889 109.087 -179.936 -48.835
3 0 109.087 -179.936 -48.835 114.828 -183.962 -45.168 115.240 -183.421 -45.235
3 0 115.704 -183.014 -45.525 109.980 -178.996 -49.170 109.508 -179.401 -48.889
3 0 109.508 -179.401 -48.889 115.240 -183.421 -45.235 115.704 -183.014 -45.525
3 0 116.152 -182.802 -45.995 110.432 -178.783 -49.635 109.980 -178.996 -49.170
3 0 109.980 -178.996 -49.170 115.704 -183.014 -45.525 116.152 -182.802 -45.995
3 0 110.738 -178.200 -49.454 110.432 -178.783 -49.635 116.152 -182.802 -45.995
3 0 116.152 -182.802 -45.995 116.447 -182.209 -45.827 110.738 -178.200 -49.454
3 0 111.159 -177.665 -49.508 110.738 -178.200 -49.454 116.447 -182.209 -45.827
3 0 116.447 -182.209 -45.827 116.858 -181.669 -45.893 111.159 -177.665 -49.508
3 0 111.632 -177.260 -49.789 111.159 -177.665 -49.508 116.858 -181.669 -45.893
3 0 116.858 -181.669 -45.893 117.323 -181.261 -46.184 111.632 -177.260 -49.789
3 0 112.083 -177.046 -50.254 111.632 -177.260 -49.789 117.323 -181.261 -46.184
3 0 117.323 -181.261 -46.184 117.770 -181.049 -46.654 112.083 -177.046 -50.254
3 0 112.446 -177.056 -50.833 112.083 -177.046 -50.254 117.770 -181.049 -46.654
3 0 117.770 -181.049 -46.654 118.132 -181.066 -47.233 112.446 -177.056 -50.833
3 0 112.663 -177.288 -51.437 112.446 -177.056 -50.833 118.132 -181.066 -47.233
3 0 118.132 -181.066 -47.233 118.354 -181.307 -47.832 112.663 -177.288 -51.437
3 0 112.703 -177.707 -51.974 112.663 -177.288 -51.437 118.354 -181.307 -47.832
3 0 118.354 -181.307 -47.832 118.401 -181.737 -48.360 112.703 -177.707 -51.974
3 0 112.559 -178.250 -52.363 112.703 -177.707 -51.974 118.401 -181.737 -48.360
3 0 118.401 -181.737 -48.360 118.266 -182.291 -48.737 112.559 -178.250 -52.363
3 0 112.253 -178.833 -52.545 112.559 -178.250 -52.363 118.266 -182.291 -48.737
3 0 118.266 -182.291 -48.737 117.971 -182.883 -48.905 112.253 -178.833 -52.545
3 0 111.832 -179.367 -52.491 112.253 -178.833 -52.545 117.971 -182.883 -48.905
3 0 117.971 -182.883 -48.905 117.560 -183.424 -48.839 111.832 -179.367 -52.491
3 0 111.359 -179.772 -52.210 111.832 -179.367 -52.491 117.560 -183.424 -48.839
3 0 117.560 -183.424 -48.839 117.095 -183.831 -48.549 111.359 -179.772 -52.210
3 0 110.908 -179.986 -51.744 111.359 -179.772 -52.210 117.095 -183.831 -48.549
3 0 117.095 -183.831 -48.549 116.647 -184.043 -48.078 110.908 -179.986 -51.744
3 0 101.558 -179.766 -54.367 101.875 -179.193 -54.173 107.606 -183.459 -50.507
3 0 107.606 -183.459 -50.507 107.300 -184.042 -50.688 101.558 -179.766 -54.367
3 0 101.127 -180.294 -54.325 101.558 -179.766 -54.367 107.300 -184.042 -50.688
3 0 107.300 -184.042 -50.688 106.879 -184.576 -50.634 101.127 -180.294 -54.325
3 0 100.646 -180.695 -54.053 101.127 -180.294 -54.325 106.879 -184.576 -50.634
3 0 106.879 -184.576 -50.634 106.406 -184.982 -50.353 100.646 -180.695 -54.053
3 0 100.190 -180.910 -53.593 100.646 -180.695 -54.053 106.406 -184.982 -50.353
3 0 106.406 -184.982 -50.353 105.954 -185.195 -49.888 100.190 -180.910 -53.593
3 0 99.827 -180.906 -53.014 100.190 -180.910 -53.593 105.954 -185.195 -49.888
3 0 105.954 -185.195 -49.888 105.592 -185.185 -49.309 99.827 -180.906 -53.014
3 0 99.613 -180.682 -52.406 99.827 -180.906 -53.014 105.592 -185.185 -49.309
3 0 105.592 -185.185 -49.309 105.375 -184.953 -48.705 99.613 -180.682 -52.406
3 0 99.581 -180.274 -51.859 99.613 -180.682 -52.406 105.375 -184.953 -48.705
3 0 105.375 -184.953 -48.705 105.335 -184.534 -48.168 99.581 -180.274 -51.859
3 0 99.735 -179.743 -51.459 99.581 -180.274 -51.859 105.335 -184.534 -48.168
3 0 105.335 -184.534 -48.168 105.479 -183.992 -47.779 99.735 -179.743 -51.459
3 0 100.052 -179.170 -51.265 99.735 -179.743 -51.459 105.479 -183.992 -47.779
3 0 105.479 -183.992 -47.779 105.785 -183.409 -47.597 100.052 -179.170 -51.265
3 0 100.484 -178.643 -51.307 100.052 -179.170 -51.265 105.785 -183.409 -47.597
3 0 105.785 -183.409 -47.597 106.206 -182.874 -47.651 100.484 -178.643 -51.307
3 0 100.964 -178.241 -51.578 100.484 -178.643 -51.307 106.206 -182.874 -47.651
3 0 106.206 -182.874 -47.651 106.678 -182.469 -47.932 100.964 -178.241 -51.578
3 0 101.420 -178.026 -52.039 100.964 -178.241 -51.578 106.678 -182.469 -47.932
3 0 106.678 -182.469 -47.932 107.130 -182.255 -48.398 101.420 -178.026 -52.039
3 0 108.951 -182.305 -51.307 103.244 -178.049 -54.947 103.561 -177.476 -54.753
3 0 103.561 -177.476 -54.753 109.257 -181.722 -51.126 108.951 -182.305 -51.307
3 0 108.530 -182.840 -51.253 102.812 -178.576 -54.905 103.244 -178.049 -54.947
3 0 103.244 -178.049 -54.947 108.951 -182.305 -51.307 108.530 -182.840 -51.253
3 0 108.057 -183.245 -50.972 102.332 -178.978 -54.633 102.812 -178.576 -54.905
3 0 102.812 -178.576 -54.905 108.530 -182.840 -51.253 108.057 -183.245 -50.972
3 0 107.606 -183.459 -50.507 101.875 -179.193 -54.173 102.332 -178.978 -54.633
3 0 102.332 -178.978 -54.633 108.057 -183.245 -50.972 107.606 -183.459 -50.507
3 0 107.436 -181.672 -48.216 101.737 -177.453 -51.845 101.420 -178.026 -52.039
3 0 101.420 -178.026 -52.039 107.130 -182.255 -48.398 107.436 -181.672 -48.216
3 0 107.857 -181.137 -48.270 102.169 -176.926 -51.887 101.737 -177.453 -51.845
3 0 101.737 -177.453 -51.845 107.436 -181.672 -48.216 107.857 -181.137 -48.270
3 0 108.330 -180.732 -48.551 102.650 -176.524 -52.158 102.169 -176.926 -51.887
3 0 102.169 -176.926 -51.887 107.857 -181.137 -48.270 108.330 -180.732 -48.551
3 0 108.781 -180.518 -49.016 103.106 -176.309 -52.619 102.650 -176.524 -52.158
3 0 102.650 -176.524 -52.158 108.330 -180.732 -48.551 108.781 -180.518 -49.016
3 0 110.602 -180.569 -51.926 104.929 -176.333 -55.527 105.246 -175.760 -55.333
3 0 105.246 -175.760 -55.333 110.908 -179.986 -51.744 110.602 -180.569 -51.926
3 0 110.181 -181.104 -51.872 104.497 -176.860 -55.485 104.929 -176.333 -55.527
3 0 104.929 -176.333 -55.527 110.602 -180.569 -51.926 110.181 -181.104 -51.872
3 0 109.708 -181.509 -51.591 104.017 -177.262 -55.213 104.497 -176.860 -55.485
3 0 104.497 -176.860 -55.485 110.181 -181.104 -51.872 109.708 -181.509 -51.591
3 0 109.257 -181.722 -51.126 103.561 -177.476 -54.753 104.017 -177.262 -55.213
3 0 104.017 -177.262 -55.213 109.708 -181.509 -51.591 109.257 -181.722 -51.126
3 0 109.087 -179.936 -48.835 103.422 -175.737 -52.424 103.106 -176.309 -52.619
3 0 103.106 -176.309 -52.619 108.781 -180.518 -49.016 109.087 -179.936 -48.835
3 0 109.508 -179.401 -48.889 103.854 -175.209 -52.466 103.422 -175.737 -52.424
3 0 103.422 -175.737 -52.424 109.087 -179.936 -48.835 109.508 -179.401 -48.889
3 0 109.980 -178.996 -49.170 104.334 -174.807 -52.738 103.854 -175.209 -52.466
3 0 103.854 -175.209 -52.466 109.508 -179.401 -48.889 109.980 -178.996 -49.170
3 0 110.432 -178.783 -49.635 104.791 -174.592 -53.198 104.334 -174.807 -52.738
3 0 104.334 -174.807 -52.738 109.980 -178.996 -49.170 110.432 -178.783 -49.635
3 0 105.108 -174.019 -53.004 104.791 -174.592 -53.198 110.432 -178.783 -49.635
3 0 110.432 -178.783 -49.635 110.738 -178.200 -49.454 105.108 -174.019 -53.004
3 0 105.539 -173.492 -53.047 105.108 -174.019 -53.004 110.738 -178.200 -49.454
3 0 110.738 -178.200 -49.454 111.159 -177.665 -49.508 105.539 -173.492 -53.047
3 0 106.020 -173.090 -53.318 105.539 -173.492 -53.047 111.159 -177.665 -49.508
3 0 111.159 -177.665 -49.508 111.632 -177.260 -49.789 106.020 -173.090 -53.318
3 0 106.476 -172.875 -53.779 106.020 -173.090 -53.318 111.632 -177.260 -49.789
3 0 111.632 -177.260 -49.789 112.083 -177.046 -50.254 106.476 -172.875 -53.779
3 0 106.839 -172.880 -54.357 106.476 -172.875 -53.779 112.083 -177.046 -50.254
3 0 112.083 -177.046 -50.254 112.446 -177.056 -50.833 106.839 -172.880 -54.357
3 0 107.053 -173.103 -54.966 106.839 -172.880 -54.357 112.446 -177.056 -50.833
3 0 112.446 -177.056 -50.833 112.663 -177.288 -51.437 107.053 -173.103 -54.966
3 0 107.085 -173.512 -55.512 107.053 -173.103 -54.966 112.663 -177.288 -51.437
3 0 112.663 -177.288 -51.437 112.703 -177.707 -51.974 107.085 -173.512 -55.512
3 0 106.931 -174.043 -55.913 107.085 -173.512 -55.512 112.703 -177.707 -51.974
3 0 112.703 -177.707 -51.974 112.559 -178.250 -52.363 106.931 -174.043 -55.913
3 0 106.614 -174.616 -56.107 106.931 -174.043 -55.913 112.559 -178.250 -52.363
3 0 112.559 -178.250 -52.363 112.253 -178.833 -52.545 106.614 -174.616 -56.107
3 0 106.183 -175.143 -56.065 106.614 -174.616 -56.107 112.253 -178.833 -52.545
3 0 112.253 -178.833 -52.545 111.832 -179.367 -52.491 106.183 -175.143 -56.065
3 0 105.702 -175.545 -55.793 106.183 -175.143 -56.065 111.832 -179.367 -52.491
3 0 111.832 -179.367 -52.491 111.359 -179.772 -52.210 105.702 -175.545 -55.793
3 0 105.246 -175.760 -55.333 105.702 -175.545 -55.793 111.359 -179.772 -52.210
3 0 111.359 -179.772 -52.210 110.908 -179.986 -51.744 105.246 -175.760 -55.333
3 0 95.907 -175.282 -57.955 96.236 -174.721 -57.748 101.875 -179.193 -54.173
3 0 101.875 -179.193 -54.173 101.558 -179.766 -54.367 95.907 -175.282 -57.955
3 0 95.464 -175.801 -57.925 95.907 -175.282 -57.955 101.558 -179.766 -54.367
3 0 101.558 -179.766 -54.367 101.127 -180.294 -54.325 95.464 -175.801 -57.925
3 0 94.975 -176.198 -57.663 95.464 -175.801 -57.925 101.127 -180.294 -54.325
3 0 101.127 -180.294 -54.325 100.646 -180.695 -54.053 94.975 -176.198 -57.663
3 0 94.513 -176.413 -57.208 94.975 -176.198 -57.663 100.646 -180.695 -54.053
3 0 100.646 -180.695 -54.053 100.190 -180.910 -53.593 94.513 -176.413 -57.208
3 0 94.150 -176.414 -56.629 94.513 -176.413 -57.208 100.190 -180.910 -53.593
3 0 100.190 -180.910 -53.593 99.827 -180.906 -53.014 94.150 -176.414 -56.629
3 0 93.941 -176.199 -56.016 94.150 -176.414 -56.629 99.827 -180.906 -53.014
3 0 99.827 -180.906 -53.014 99.613 -180.682 -52.406 93.941 -176.199 -56.016
3 0 93.916 -175.802 -55.461 93.941 -176.199 -56.016 99.613 -180.682 -52.406
3 0 99.613 -180.682 -52.406 99.581 -180.274 -51.859 93.916 -175.802 -55.461
3 0 94.081 -175.284 -55.048 93.916 -175.802 -55.461 99.581 -180.274 -51.859
3 0 99.581 -180.274 -51.859 99.735 -179.743 -51.459 94.081 -175.284 -55.048
3 0 94.410 -174.722 -54.841 94.081 -175.284 -55.048 99.735 -179.743 -51.459
3 0 99.735 -179.743 -51.459 100.052 -179.170 -51.265 94.410 -174.722 -54.841
3 0 94.853 -174.204 -54.871 94.410 -174.722 -54.841 100.052 -179.170 -51.265
3 0 100.052 -179.170 -51.265 100.484 -178.643 -51.307 94.853 -174.204 -54.871
3 0 95.343 -173.807 -55.134 94.853 -174.204 -54.871 100.484 -178.643 -51.307
3 0 100.484 -178.643 -51.307 100.964 -178.241 -51.578 95.343 -173.807 -55.134
3 0 95.804 -173.591 -55.589 95.343 -173.807 -55.134 100.964 -178.241 -51.578
3 0 100.964 -178.241 -51.578 101.420 -178.026 -52.039 95.804 -173.591 -55.589
3 0 103.244 -178.049 -54.947 97.631 -173.590 -58.495 97.960 -173.029 -58.288
3 0 97.960 -173.029 -58.288 103.561 -177.476 -54.753 103.244 -178.049 -54.947
3 0 102.812 -178.576 -54.905 97.188 -174.109 -58.465 97.631 -173.590 -58.495
3 0 97.631 -173.590 -58.495 103.244 -178.049 -54.947 102.812 -178.576 -54.905
3 0 102.332 -178.978 -54.633 96.698 -174.506 -58.203 97.188 -174.109 -58.465
3 0 97.188 -174.109 -58.465 102.812 -178.576 -54.905 102.332 -178.978 -54.633
3 0 101.875 -179.193 -54.173 96.236 -174.721 -57.748 96.698 -174.506 -58.203
3 0 96.698 -174.506 -58.203 102.332 -178.978 -54.633 101.875 -179.193 -54.173
3 0 101.737 -177.453 -51.845 96.133 -173.030 -55.382 95.804 -173.591 -55.589
3 0 95.804 -173.591 -55.589 101.420 -178.026 -52.039 101.737 -177.453 -51.845
3 0 102.169 -176.926 -51.887 96.576 -172.511 -55.412 96.133 -173.030 -55.382
3 0 96.133 -173.030 -55.382 101.737 -177.453 -51.845 102.169 -176.926 -51.887
3 0 102.650 -176.524 -52.158 97.066 -172.114 -55.674 96.576 -172.511 -55.412
3 0 96.576 -172.511 -55.412 102.169 -176.926 -51.887 102.650 -176.524 -52.158
3 0 103.106 -176.309 -52.619 97.527 -171.899 -56.129 97.066 -172.114 -55.674
3 0 97.066 -172.114 -55.674 102.650 -176.524 -52.158 103.106 -176.309 -52.619
3 0 104.929 -176.333 -55.527 99.353 -171.898 -59.036 99.682 -171.337 -58.829
3 0 99.682 -171.337 -58.829 105.246 -175.760 -55.333 104.929 -176.333 -55.527
3 0 104.497 -176.860 -55.485 98.910 -172.417 -59.006 99.353 -171.898 -59.036
3 0 99.353 -171.898 -59.036 104.929 -176.333 -55.527 104.497 -176.860 -55.485
3 0 104.017 -177.262 -55.213 98.421 -172.814 -58.743 98.910 -172.417 -59.006
3 0 98.910 -172.417 -59.006 104.497 -176.860 -55.485 104.017 -177.262 -55.213
3 0 103.561 -177.476 -54.753 97.960 -173.029 -58.288 98.421 -172.814 -58.743
3 0 98.421 -172.814 -58.743 104.017 -177.262 -55.213 103.561 -177.476 -54.753
3 0 103.422 -175.737 -52.424 97.856 -171.338 -55.922 97.527 -171.899 -56.129
3 0 97.527 -171.899 -56.129 103.106 -176.309 -52.619 103.422 -175.737 -52.424
3 0 103.854 -175.209 -52.466 98.299 -170.820 -55.952 97.856 -171.338 -55.922
3 0 97.856 -171.338 -55.922 103.422 -175.737 -52.424 103.854 -175.209 -52.466
3 0 104.334 -174.807 -52.738 98.788 -170.422 -56.215 98.299 -170.820 -55.952
3 0 98.299 -170.820 -55.952 103.854 -175.209 -52.466 104.334 -174.807 -52.738
3 0 104.791 -174.592 -53.198 99.250 -170.207 -56.669 98.788 -170.422 -56.215
3 0 98.788 -170.422 -56.215 104.334 -174.807 -52.738 104.791 -174.592 -53.198
3 0 99.579 -169.646 -56.462 99.250 -170.207 -56.669 104.791 -174.592 -53.198
3 0 104.791 -174.592 -53.198 105.108 -174.019 -53.004 99.579 -169.646 -56.462
3 0 100.022 -169.127 -56.493 99.579 -169.646 -56.462 105.108 -174.019 -53.004
3 0 105.108 -174.019 -53.004 105.539 -173.492 -53.047 100.022 -169.127 -56.493
3 0 100.512 -168.730 -56.755 100.022 -169.127 -56.493 105.539 -173.492 -53.047
3 0 105.539 -173.492 -53.047 106.020 -173.090 -53.318 100.512 -168.730 -56.755
3 0 100.973 -168.515 -57.210 100.512 -168.730 -56.755 106.020 -173.090 -53.318
3 0 106.020 -173.090 -53.318 106.476 -172.875 -53.779 100.973 -168.515 -57.210
3 0 101.336 -168.515 -57.788 100.973 -168.515 -57.210 106.476 -172.875 -53.779
3 0 106.476 -172.875 -53.779 106.839 -172.880 -54.357 101.336 -168.515 -57.788
3 0 101.546 -168.729 -58.401 101.336 -168.515 -57.788 106.839 -172.880 -54.357
3 0 106.839 -172.880 -54.357 107.053 -173.103 -54.966 101.546 -168.729 -58.401
3 0 101.570 -169.126 -58.957 101.546 -168.729 -58.401 107.053 -173.103 -54.966
3 0 107.053 -173.103 -54.966 107.085 -173.512 -55.512 101.570 -169.126 -58.957
3 0 101.405 -169.644 -59.369 101.570 -169.126 -58.957 107.085 -173.512 -55.512
3 0 107.085 -173.512 -55.512 106.931 -174.043 -55.913 101.405 -169.644 -59.369
3 0 101.076 -170.206 -59.576 101.405 -169.644 -59.369 106.931 -174.043 -55.913
3 0 106.931 -174.043 -55.913 106.614 -174.616 -56.107 101.076 -170.206 -59.576
3 0 100.633 -170.724 -59.546 101.076 -170.206 -59.576 106.614 -174.616 -56.107
3 0 106.614 -174.616 -56.107 106.183 -175.143 -56.065 100.633 -170.724 -59.546
3 0 100.144 -171.122 -59.284 100.633 -170.724 -59.546 106.183 -175.143 -56.065
3 0 106.183 -175.143 -56.065 105.702 -175.545 -55.793 100.144 -171.122 -59.284
3 0 99.682 -171.337 -58.829 100.144 -171.122 -59.284 105.702 -175.545 -55.793
3 0 105.702 -175.545 -55.793 105.246 -175.760 -55.333 99.682 -171.337 -58.829
3 0 90.369 -170.605 -61.440 90.708 -170.054 -61.222 96.236 -174.721 -57.748
3 0 96.236 -174.721 -57.748 95.907 -175.282 -57.955 90.369 -170.605 -61.440
3 0 89.916 -171.115 -61.420 90.369 -170.605 -61.440 95.907 -175.282 -57.955
3 0 95.907 -175.282 -57.955 95.464 -175.801 -57.925 89.916 -171.115 -61.420
3 0 89.418 -171.508 -61.166 89.916 -171.115 -61.420 95.464 -175.801 -57.925
3 0 95.464 -175.801 -57.925 94.975 -176.198 -57.663 89.418 -171.508 -61.166
3 0 88.952 -171.722 -60.715 89.418 -171.508 -61.166 94.975 -176.198 -57.663
3 0 94.975 -176.198 -57.663 94.513 -176.413 -57.208 88.952 -171.722 -60.715
3 0 88.588 -171.727 -60.138 88.952 -171.722 -60.715 94.513 -176.413 -57.208
3 0 94.513 -176.413 -57.208 94.150 -176.414 -56.629 88.588 -171.727 -60.138
3 0 88.382 -171.520 -59.521 88.588 -171.727 -60.138 94.150 -176.414 -56.629
3 0 94.150 -176.414 -56.629 93.941 -176.199 -56.016 88.382 -171.520 -59.521
3 0 88.365 -171.133 -58.958 88.382 -171.520 -59.521 93.941 -176.199 -56.016
3 0 93.941 -176.199 -56.016 93.916 -175.802 -55.461 88.365 -171.133 -58.958
3 0 88.539 -170.626 -58.536 88.365 -171.133 -58.958 93.916 -175.802 -55.461
3 0 93.916 -175.802 -55.461 94.081 -175.284 -55.048 88.539 -170.626 -58.536
3 0 88.879 -170.075 -58.318 88.539 -170.626 -58.536 94.081 -175.284 -55.048
3 0 94.081 -175.284 -55.048 94.410 -174.722 -54.841 88.879 -170.075 -58.318
3 0 89.332 -169.564 -58.338 88.879 -170.075 -58.318 94.410 -174.722 -54.841
3 0 94.410 -174.722 -54.841 94.853 -174.204 -54.871 89.332 -169.564 -58.338
3 0 89.829 -169.172 -58.592 89.332 -169.564 -58.338 94.853 -174.204 -54.871
3 0 94.853 -174.204 -54.871 95.343 -173.807 -55.134 89.829 -169.172 -58.592
3 0 90.295 -168.957 -59.042 89.829 -169.172 -58.592 95.343 -173.807 -55.134
3 0 95.343 -173.807 -55.134 95.804 -173.591 -55.589 90.295 -168.957 -59.042
3 0 97.631 -173.590 -58.495 92.125 -168.936 -61.947 92.464 -168.385 -61.729
3 0 92.464 -168.385 -61.729 97.960 -173.029 -58.288 97.631 -173.590 -58.495
3 0 97.188 -174.109 -58.465 91.672 -169.447 -61.927 92.125 -168.936 -61.947
3 0 92.125 -168.936 -61.947 97.631 -173.590 -58.495 97.188 -174.109 -58.465
3 0 96.698 -174.506 -58.203 91.175 -169.839 -61.673 91.672 -169.447 -61.927
3 0 91.672 -169.447 -61.927 97.188 -174.109 -58.465 96.698 -174.506 -58.203
3 0 96.236 -174.721 -57.748 90.708 -170.054 -61.222 91.175 -169.839 -61.673
3 0 91.175 -169.839 -61.673 96.698 -174.506 -58.203 96.236 -174.721 -57.748
3 0 96.133 -173.030 -55.382 90.635 -168.406 -58.825 90.295 -168.957 -59.042
3 0 90.295 -168.957 -59.042 95.804 -173.591 -55.589 96.133 -173.030 -55.382
3 0 96.576 -172.511 -55.412 91.088 -167.896 -58.844 90.635 -168.406 -58.825
3 0 90.635 -168.406 -58.825 96.133 -173.030 -55.382 96.576 -172.511 -55.412
3 0 97.066 -172.114 -55.674 91.585 -167.503 -59.099 91.088 -167.896 -58.844
3 0 91.088 -167.896 -58.844 96.576 -172.511 -55.412 97.066 -172.114 -55.674
3 0 97.527 -171.899 -56.129 92.051 -167.288 -59.549 91.585 -167.503 -59.099
3 0 91.585 -167.503 -59.099 97.066 -172.114 -55.674 97.527 -171.899 -56.129
3 0 99.353 -171.898 -59.036 93.880 -167.268 -62.454 94.220 -166.717 -62.236
3 0 94.220 -166.717 -62.236 99.682 -171.337 -58.829 99.353 -171.898 -59.036
3 0 98.910 -172.417 -59.006 93.427 -167.778 -62.434 93.880 -167.268 -62.454
3 0 93.880 -167.268 -62.454 99.353 -171.898 -59.036 98.910 -172.417 -59.006
3 0 98.421 -172.814 -58.743 92.930 -168.171 -62.179 93.427 -167.778 -62.434
3 0 93.427 -167.778 -62.434 98.910 -172.417 -59.006 98.421 -172.814 -58.743
3 0 97.960 -173.029 -58.288 92.464 -168.385 -61.729 92.930 -168.171 -62.179
3 0 92.930 -168.171 -62.179 98.421 -172.814 -58.743 97.960 -173.029 -58.288
3 0 97.856 -171.338 -55.922 92.390 -166.738 -59.331 92.051 -167.288 -59.549
3 0 92.051 -167.288 -59.549 97.527 -171.899 -56.129 97.856 -171.338 -55.922
3 0 98.299 -170.820 -55.952 92.843 -166.228 -59.351 92.390 -166.738 -59.331
3 0 92.390 -166.738 -59.331 97.856 -171.338 -55.922 98.299 -170.820 -55.952
3 0 98.788 -170.422 -56.215 93.341 -165.835 -59.605 92.843 -166.228 -59.351
3 0 92.843 -166.228 -59.351 98.299 -170.820 -55.952 98.788 -170.422 -56.215
3 0 99.250 -170.207 -56.669 93.807 -165.620 -60.056 93.341 -165.835 -59.605
3 0 93.341 -165.835 -59.605 98.788 -170.422 -56.215 99.250 -170.207 -56.669
3 0 94.146 -165.069 -59.838 93.807 -165.620 -60.056 99.250 -170.207 -56.669
3 0 99.250 -170.207 -56.669 99.579 -169.646 -56.462 94.146 -165.069 -59.838
3 0 94.599 -164.559 -59.858 94.146 -165.069 -59.838 99.579 -169.646 -56.462
3 0 99.579 -169.646 -56.462 100.022 -169.127 -56.493 94.599 -164.559 -59.858
3 0 95.097 -164.166 -60.112 94.599 -164.559 -59.858 100.022 -169.127 -56.493
3 0 100.022 -169.127 -56.493 100.512 -168.730 -56.755 95.097 -164.166 -60.112
3 0 95.563 -163.952 -60.563 95.097 -164.166 -60.112 100.512 -168.730 -56.755
3 0 100.512 -168.730 -56.755 100.973 -168.515 -57.210 95.563 -163.952 -60.563
3 0 95.927 -163.947 -61.140 95.563 -163.952 -60.563 100.973 -168.515 -57.210
3 0 100.973 -168.515 -57.210 101.336 -168.515 -57.788 95.927 -163.947 -61.140
3 0 96.133 -164.154 -61.757 95.927 -163.947 -61.140 101.336 -168.515 -57.788
3 0 101.336 -168.515 -57.788 101.546 -168.729 -58.401 96.133 -164.154 -61.757
3 0 96.150 -164.541 -62.320 96.133 -164.154 -61.757 101.546 -168.729 -58.401
3 0 101.546 -168.729 -58.401 101.570 -169.126 -58.957 96.150 -164.541 -62.320
3 0 95.976 -165.048 -62.742 96.150 -164.541 -62.320 101.570 -169.126 -58.957
3 0 101.570 -169.126 -58.957 101.405 -169.644 -59.369 95.976 -165.048 -62.742
3 0 95.637 -165.599 -62.960 95.976 -165.048 -62.742 101.405 -169.644 -59.369
3 0 101.405 -169.644 -59.369 101.076 -170.206 -59.576 95.637 -165.599 -62.960
3 0 95.184 -166.110 -62.940 95.637 -165.599 -62.960 101.076 -170.206 -59.576
3 0 101.076 -170.206 -59.576 100.633 -170.724 -59.546 95.184 -166.110 -62.940
3 0 94.686 -166.502 -62.686 95.184 -166.110 -62.940 100.633 -170.724 -59.546
3 0 100.633 -170.724 -59.546 100.144 -171.122 -59.284 94.686 -166.502 -62.686
3 0 94.220 -166.717 -62.236 94.686 -166.502 -62.686 100.144 -171.122 -59.284
3 0 100.144 -171.122 -59.284 99.682 -171.337 -58.829 94.220 -166.717 -62.236
3 0 87.615 -168.168 -63.170 87.964 -167.628 -62.942 90.708 -170.054 -61.222
3 0 90.708 -170.054 -61.222 90.369 -170.605 -61.440 87.615 -168.168 -63.170
3 0 87.152 -168.671 -63.159 87.615 -168.168 -63.170 90.369 -170.605 -61.440
3 0 90.369 -170.605 -61.440 89.916 -171.115 -61.420 87.152 -168.671 -63.159
3 0 86.647 -169.058 -62.912 87.152 -168.671 -63.159 89.916 -171.115 -61.420
3 0 89.916 -171.115 -61.420 89.418 -171.508 -61.166 86.647 -169.058 -62.912
3 0 86.176 -169.271 -62.465 86.647 -169.058 -62.912 89.418 -171.508 -61.166
3 0 89.418 -171.508 -61.166 88.952 -171.722 -60.715 86.176 -169.271 -62.465
3 0 85.812 -169.278 -61.888 86.176 -169.271 -62.465 88.952 -171.722 -60.715
3 0 88.952 -171.722 -60.715 88.588 -171.727 -60.138 85.812 -169.278 -61.888
3 0 85.609 -169.078 -61.268 85.812 -169.278 -61.888 88.588 -171.727 -60.138
3 0 88.588 -171.727 -60.138 88.382 -171.520 -59.521 85.609 -169.078 -61.268
3 0 85.599 -168.701 -60.698 85.609 -169.078 -61.268 88.382 -171.520 -59.521
3 0 88.382 -171.520 -59.521 88.365 -171.133 -58.958 85.599 -168.701 -60.698
3 0 85.782 -168.205 -60.267 85.599 -168.701 -60.698 88.365 -171.133 -58.958
3 0 88.365 -171.133 -58.958 88.539 -170.626 -58.536 85.782 -168.205 -60.267
3 0 86.132 -167.664 -60.040 85.782 -168.205 -60.267 88.539 -170.626 -58.536
3 0 88.539 -170.626 -58.536 88.879 -170.075 -58.318 86.132 -167.664 -60.040
3 0 86.595 -167.162 -60.050 86.132 -167.664 -60.040 88.879 -170.075 -58.318
3 0 88.879 -170.075 -58.318 89.332 -169.564 -58.338 86.595 -167.162 -60.050
3 0 87.100 -166.775 -60.298 86.595 -167.162 -60.050 89.332 -169.564 -58.338
3 0 89.332 -169.564 -58.338 89.829 -169.172 -58.592 87.100 -166.775 -60.298
3 0 87.570 -166.561 -60.744 87.100 -166.775 -60.298 89.829 -169.172 -58.592
3 0 89.829 -169.172 -58.592 90.295 -168.957 -59.042 87.570 -166.561 -60.744
3 0 92.125 -168.936 -61.947 89.403 -166.525 -63.647 89.753 -165.985 -63.419
3 0 89.753 -165.985 -63.419 92.464 -168.385 -61.729 92.125 -168.936 -61.947
3 0 91.672 -169.447 -61.927 88.940 -167.027 -63.636 89.403 -166.525 -63.647
3 0 89.403 -166.525 -63.647 92.125 -168.936 -61.947 91.672 -169.447 -61.927
3 0 91.175 -169.839 -61.673 88.435 -167.414 -63.388 88.940 -167.027 -63.636
3 0 88.940 -167.027 -63.636 91.672 -169.447 -61.927 91.175 -169.839 -61.673
3 0 90.708 -170.054 -61.222 87.964 -167.628 -62.942 88.435 -167.414 -63.388
3 0 88.435 -167.414 -63.388 91.175 -169.839 -61.673 90.708 -170.054 -61.222
3 0 90.635 -168.406 -58.825 87.920 -166.021 -60.517 87.570 -166.561 -60.744
3 0 87.570 -166.561 -60.744 90.295 -168.957 -59.042 90.635 -168.406 -58.825
3 0 91.088 -167.896 -58.844 88.383 -165.519 -60.527 87.920 -166.021 -60.517
3 0 87.920 -166.021 -60.517 90.635 -168.406 -58.825 91.088 -167.896 -58.844
3 0 91.585 -167.503 -59.099 88.888 -165.131 -60.775 88.383 -165.519 -60.527
3 0 88.383 -165.519 -60.527 91.088 -167.896 -58.844 91.585 -167.503 -59.099
3 0 92.051 -167.288 -59.549 89.358 -164.918 -61.221 88.888 -165.131 -60.775
3 0 88.888 -165.131 -60.775 91.585 -167.503 -59.099 92.051 -167.288 -59.549
3 0 93.880 -167.268 -62.454 91.190 -164.882 -64.123 91.540 -164.342 -63.896
3 0 91.540 -164.342 -63.896 94.220 -166.717 -62.236 93.880 -167.268 -62.454
3 0 93.427 -167.778 -62.434 90.728 -165.384 -64.112 91.190 -164.882 -64.123
3 0 91.190 -164.882 -64.123 93.880 -167.268 -62.454 93.427 -167.778 -62.434
3 0 92.930 -168.171 -62.179 90.223 -165.772 -63.865 90.728 -165.384 -64.112
3 0 90.728 -165.384 -64.112 93.427 -167.778 -62.434 92.930 -168.171 -62.179
3 0 92.464 -168.385 -61.729 89.753 -165.985 -63.419 90.223 -165.772 -63.865
3 0 90.223 -165.772 -63.865 92.930 -168.171 -62.179 92.464 -168.385 -61.729
3 0 92.390 -166.738 -59.331 89.707 -164.378 -60.993 89.358 -164.918 -61.221
3 0 89.358 -164.918 -61.221 92.051 -167.288 -59.549 92.390 -166.738 -59.331
3 0 92.843 -166.228 -59.351 90.170 -163.876 -61.004 89.707 -164.378 -60.993
3 0 89.707 -164.378 -60.993 92.390 -166.738 -59.331 92.843 -166.228 -59.351
3 0 93.341 -165.835 -59.605 90.675 -163.489 -61.251 90.170 -163.876 -61.004
3 0 90.170 -163.876 -61.004 92.843 -166.228 -59.351 93.341 -165.835 -59.605
3 0 93.807 -165.620 -60.056 91.146 -163.275 -61.698 90.675 -163.489 -61.251
3 0 90.675 -163.489 -61.251 93.341 -165.835 -59.605 93.807 -165.620 -60.056
3 0 91.496 -162.735 -61.470 91.146 -163.275 -61.698 93.807 -165.620 -60.056
3 0 93.807 -165.620 -60.056 94.146 -165.069 -59.838 91.496 -162.735 -61.470
3 0 91.958 -162.232 -61.481 91.496 -162.735 -61.470 94.146 -165.069 -59.838
3 0 94.146 -165.069 -59.838 94.599 -164.559 -59.858 91.958 -162.232 -61.481
3 0 92.463 -161.845 -61.728 91.958 -162.232 -61.481 94.599 -164.559 -59.858
3 0 94.599 -164.559 -59.858 95.097 -164.166 -60.112 92.463 -161.845 -61.728
3 0 92.934 -161.632 -62.174 92.463 -161.845 -61.728 95.097 -164.166 -60.112
3 0 95.097 -164.166 -60.112 95.563 -163.952 -60.563 92.934 -161.632 -62.174
3 0 93.298 -161.624 -62.752 92.934 -161.632 -62.174 95.563 -163.952 -60.563
3 0 95.563 -163.952 -60.563 95.927 -163.947 -61.140 93.298 -161.624 -62.752
3 0 93.501 -161.825 -63.372 93.298 -161.624 -62.752 95.927 -163.947 -61.140
3 0 95.927 -163.947 -61.140 96.133 -164.154 -61.757 93.501 -161.825 -63.372
3 0 93.512 -162.202 -63.941 93.501 -161.825 -63.372 96.133 -164.154 -61.757
3 0 96.133 -164.154 -61.757 96.150 -164.541 -62.320 93.512 -162.202 -63.941
3 0 93.328 -162.698 -64.372 93.512 -162.202 -63.941 96.150 -164.541 -62.320
3 0 96.150 -164.541 -62.320 95.976 -165.048 -62.742 93.328 -162.698 -64.372
3 0 92.978 -163.239 -64.600 93.328 -162.698 -64.372 95.976 -165.048 -62.742
3 0 95.976 -165.048 -62.742 95.637 -165.599 -62.960 92.978 -163.239 -64.600
3 0 92.516 -163.741 -64.589 92.978 -163.239 -64.600 95.637 -165.599 -62.960
3 0 95.637 -165.599 -62.960 95.184 -166.110 -62.940 92.516 -163.741 -64.589
3 0 92.011 -164.128 -64.342 92.516 -163.741 -64.589 95.184 -166.110 -62.940
3 0 95.184 -166.110 -62.940 94.686 -166.502 -62.686 92.011 -164.128 -64.342
3 0 91.540 -164.342 -63.896 92.011 -164.128 -64.342 94.686 -166.502 -62.686
3 0 94.686 -166.502 -62.686 94.220 -166.717 -62.236 91.540 -164.342 -63.896
3 0 82.254 -163.155 -66.500 82.616 -162.628 -66.262 87.964 -167.628 -62.942
3 0 87.964 -167.628 -62.942 87.615 -168.168 -63.170 82.254 -163.155 -66.500
3 0 81.779 -163.646 -66.500 82.254 -163.155 -66.500 87.615 -168.168 -63.170
3 0 87.615 -168.168 -63.170 87.152 -168.671 -63.159 81.779 -163.646 -66.500
3 0 81.265 -164.026 -66.261 81.779 -163.646 -66.500 87.152 -168.671 -63.159
3 0 87.152 -168.671 -63.159 86.647 -169.058 -62.912 81.265 -164.026 -66.261
3 0 80.789 -164.237 -65.819 81.265 -164.026 -66.261 86.647 -169.058 -62.912
3 0 86.647 -169.058 -62.912 86.176 -169.271 -62.465 80.789 -164.237 -65.819
3 0 80.423 -164.248 -65.243 80.789 -164.237 -65.819 86.176 -169.271 -62.465
3 0 86.176 -169.271 -62.465 85.812 -169.278 -61.888 80.423 -164.248 -65.243
3 0 80.225 -164.055 -64.618 80.423 -164.248 -65.243 85.812 -169.278 -61.888
3 0 85.812 -169.278 -61.888 85.609 -169.078 -61.268 80.225 -164.055 -64.618
3 0 80.223 -163.690 -64.042 80.225 -164.055 -64.618 85.609 -169.078 -61.268
3 0 85.609 -169.078 -61.268 85.599 -168.701 -60.698 80.223 -163.690 -64.042
3 0 80.418 -163.206 -63.600 80.223 -163.690 -64.042 85.599 -168.701 -60.698
3 0 85.599 -168.701 -60.698 85.782 -168.205 -60.267 80.418 -163.206 -63.600
3 0 80.780 -162.679 -63.362 80.418 -163.206 -63.600 85.782 -168.205 -60.267
3 0 85.782 -168.205 -60.267 86.132 -167.664 -60.040 80.780 -162.679 -63.362
3 0 81.254 -162.188 -63.362 80.780 -162.679 -63.362 86.132 -167.664 -60.040
3 0 86.132 -167.664 -60.040 86.595 -167.162 -60.050 81.254 -162.188 -63.362
3 0 81.769 -161.808 -63.601 81.254 -162.188 -63.362 86.595 -167.162 -60.050
3 0 86.595 -167.162 -60.050 87.100 -166.775 -60.298 81.769 -161.808 -63.601
3 0 82.245 -161.597 -64.043 81.769 -161.808 -63.601 87.100 -166.775 -60.298
3 0 87.100 -166.775 -60.298 87.570 -166.561 -60.744 82.245 -161.597 -64.043
3 0 89.403 -166.525 -63.647 84.081 -161.546 -66.943 84.443 -161.019 -66.704
3 0 84.443 -161.019 -66.704 89.753 -165.985 -63.419 89.403 -166.525 -63.647
3 0 88.940 -167.027 -63.636 83.607 -162.037 -66.942 84.081 -161.546 -66.943
3 0 84.081 -161.546 -66.943 89.403 -166.525 -63.647 88.940 -167.027 -63.636
3 0 88.435 -167.414 -63.388 83.092 -162.417 -66.703 83.607 -162.037 -66.942
3 0 83.607 -162.037 -66.942 88.940 -167.027 -63.636 88.435 -167.414 -63.388
3 0 87.964 -167.628 -62.942 82.616 -162.628 -66.262 83.092 -162.417 -66.703
3 0 83.092 -162.417 -66.703 88.435 -167.414 -63.388 87.964 -167.628 -62.942
3 0 87.920 -166.021 -60.517 82.607 -161.070 -63.804 82.245 -161.597 -64.043
3 0 82.245 -161.597 -64.043 87.570 -166.561 -60.744 87.920 -166.021 -60.517
3 0 88.383 -165.519 -60.527 83.082 -160.579 -63.804 82.607 -161.070 -63.804
3 0 82.607 -161.070 -63.804 87.920 -166.021 -60.517 88.383 -165.519 -60.527
3 0 88.888 -165.131 -60.775 83.596 -160.199 -64.043 83.082 -160.579 -63.804
3 0 83.082 -160.579 -63.804 88.383 -165.519 -60.527 88.888 -165.131 -60.775
3 0 89.358 -164.918 -61.221 84.072 -159.988 -64.485 83.596 -160.199 -64.043
3 0 83.596 -160.199 -64.043 88.888 -165.131 -60.775 89.358 -164.918 -61.221
3 0 91.190 -164.882 -64.123 85.908 -159.937 -67.385 86.270 -159.410 -67.146
3 0 86.270 -159.410 -67.146 91.540 -164.342 -63.896 91.190 -164.882 -64.123
3 0 90.728 -165.384 -64.112 85.433 -160.428 -67.384 85.908 -159.937 -67.385
3 0 85.908 -159.937 -67.385 91.190 -164.882 -64.123 90.728 -165.384 -64.112
3 0 90.223 -165.772 -63.865 84.919 -160.808 -67.145 85.433 -160.428 -67.384
3 0 85.433 -160.428 -67.384 90.728 -165.384 -64.112 90.223 -165.772 -63.865
3 0 89.753 -165.985 -63.419 84.443 -161.019 -66.704 84.919 -160.808 -67.145
3 0 84.919 -160.808 -67.145 90.223 -165.772 -63.865 89.753 -165.985 -63.419
3 0 89.707 -164.378 -60.993 84.434 -159.461 -64.246 84.072 -159.988 -64.485
3 0 84.072 -159.988 -64.485 89.358 -164.918 -61.221 89.707 -164.378 -60.993
3 0 90.170 -163.876 -61.004 84.909 -158.970 -64.246 84.434 -159.461 -64.246
3 0 84.434 -159.461 -64.246 89.707 -164.378 -60.993 90.170 -163.876 -61.004
3 0 90.675 -163.489 -61.251 85.423 -158.590 -64.485 84.909 -158.970 -64.246
3 0 84.909 -158.970 -64.246 90.170 -163.876 -61.004 90.675 -163.489 -61.251
3 0 91.146 -163.275 -61.698 85.899 -158.379 -64.927 85.423 -158.590 -64.485
3 0 85.423 -158.590 -64.485 90.675 -163.489 -61.251 91.146 -163.275 -61.698
3 0 86.262 -157.852 -64.688 85.899 -158.379 -64.927 91.146 -163.275 -61.698
3 0 91.146 -163.275 -61.698 91.496 -162.735 -61.470 86.262 -157.852 -64.688
3 0 86.736 -157.361 -64.689 86.262 -157.852 -64.688 91.496 -162.735 -61.470
3 0 91.496 -162.735 -61.470 91.958 -162.232 -61.481 86.736 -157.361 -64.689
3 0 87.251 -156.981 -64.928 86.736 -157.361 -64.689 91.958 -162.232 -61.481
3 0 91.958 -162.232 -61.481 92.463 -161.845 -61.728 87.251 -156.981 -64.928
3 0 87.727 -156.769 -65.369 87.251 -156.981 -64.928 92.463 -161.845 -61.728
3 0 92.463 -161.845 -61.728 92.934 -161.632 -62.174 87.727 -156.769 -65.369
3 0 88.092 -156.759 -65.946 87.727 -156.769 -65.369 92.934 -161.632 -62.174
3 0 92.934 -161.632 -62.174 93.298 -161.624 -62.752 88.092 -156.759 -65.946
3 0 88.291 -156.952 -66.570 88.092 -156.759 -65.946 93.298 -161.624 -62.752
3 0 93.298 -161.624 -62.752 93.501 -161.825 -63.372 88.291 -156.952 -66.570
3 0 88.293 -157.317 -67.147 88.291 -156.952 -66.570 93.501 -161.825 -63.372
3 0 93.501 -161.825 -63.372 93.512 -162.202 -63.941 88.293 -157.317 -67.147
3 0 88.098 -157.800 -67.588 88.293 -157.317 -67.147 93.512 -162.202 -63.941
3 0 93.512 -162.202 -63.941 93.328 -162.698 -64.372 88.098 -157.800 -67.588
3 0 87.735 -158.328 -67.827 88.098 -157.800 -67.588 93.328 -162.698 -64.372
3 0 93.328 -162.698 -64.372 92.978 -163.239 -64.600 87.735 -158.328 -67.827
3 0 87.261 -158.819 -67.827 87.735 -158.328 -67.827 92.978 -163.239 -64.600
3 0 92.978 -163.239 -64.600 92.516 -163.741 -64.589 87.261 -158.819 -67.827
3 0 86.746 -159.199 -67.588 87.261 -158.819 -67.827 92.516 -163.741 -64.589
3 0 92.516 -163.741 -64.589 92.011 -164.128 -64.342 86.746 -159.199 -67.588
3 0 86.270 -159.410 -67.146 86.746 -159.199 -67.588 92.011 -164.128 -64.342
3 0 92.011 -164.128 -64.342 91.540 -164.342 -63.896 86.270 -159.410 -67.146
3 0 77.029 -157.929 -69.725 77.404 -157.416 -69.475 82.616 -162.628 -66.262
3 0 82.616 -162.628 -66.262 82.254 -163.155 -66.500 77.029 -157.929 -69.725
3 0 76.543 -158.408 -69.735 77.029 -157.929 -69.725 82.254 -163.155 -66.500
3 0 82.254 -163.155 -66.500 81.779 -163.646 -66.500 76.543 -158.408 -69.735
3 0 76.019 -158.780 -69.504 76.543 -158.408 -69.735 81.779 -163.646 -66.500
3 0 81.779 -163.646 -66.500 81.265 -164.026 -66.261 76.019 -158.780 -69.504
3 0 75.537 -158.989 -69.067 76.019 -158.780 -69.504 81.265 -164.026 -66.261
3 0 81.265 -164.026 -66.261 80.789 -164.237 -65.819 75.537 -158.989 -69.067
3 0 75.171 -159.002 -68.491 75.537 -158.989 -69.067 80.789 -164.237 -65.819
3 0 80.789 -164.237 -65.819 80.423 -164.248 -65.243 75.171 -159.002 -68.491
3 0 74.976 -158.817 -67.863 75.171 -159.002 -68.491 80.423 -164.248 -65.243
3 0 80.423 -164.248 -65.243 80.225 -164.055 -64.618 74.976 -158.817 -67.863
3 0 74.982 -158.464 -67.279 74.976 -158.817 -67.863 80.225 -164.055 -64.618
3 0 80.225 -164.055 -64.618 80.223 -163.690 -64.042 74.982 -158.464 -67.279
3 0 75.189 -157.994 -66.828 74.982 -158.464 -67.279 80.223 -163.690 -64.042
3 0 80.223 -163.690 -64.042 80.418 -163.206 -63.600 75.189 -157.994 -66.828
3 0 75.563 -157.481 -66.578 75.189 -157.994 -66.828 80.418 -163.206 -63.600
3 0 80.418 -163.206 -63.600 80.780 -162.679 -63.362 75.563 -157.481 -66.578
3 0 76.050 -157.002 -66.568 75.563 -157.481 -66.578 80.780 -162.679 -63.362
3 0 80.780 -162.679 -63.362 81.254 -162.188 -63.362 76.050 -157.002 -66.568
3 0 76.574 -156.630 -66.799 76.050 -157.002 -66.568 81.254 -162.188 -63.362
3 0 81.254 -162.188 -63.362 81.769 -161.808 -63.601 76.574 -156.630 -66.799
3 0 77.056 -156.422 -67.236 76.574 -156.630 -66.799 81.769 -161.808 -63.601
3 0 81.769 -161.808 -63.601 82.245 -161.597 -64.043 77.056 -156.422 -67.236
3 0 84.081 -161.546 -66.943 78.896 -156.357 -70.132 79.271 -155.844 -69.883
3 0 79.271 -155.844 -69.883 84.443 -161.019 -66.704 84.081 -161.546 -66.943
3 0 83.607 -162.037 -66.942 78.410 -156.836 -70.143 78.896 -156.357 -70.132
3 0 78.896 -156.357 -70.132 84.081 -161.546 -66.943 83.607 -162.037 -66.942
3 0 83.092 -162.417 -66.703 77.886 -157.208 -69.912 78.410 -156.836 -70.143
3 0 78.410 -156.836 -70.143 83.607 -162.037 -66.942 83.092 -162.417 -66.703
3 0 82.616 -162.628 -66.262 77.404 -157.416 -69.475 77.886 -157.208 -69.912
3 0 77.886 -157.208 -69.912 83.092 -162.417 -66.703 82.616 -162.628 -66.262
3 0 82.607 -161.070 -63.804 77.431 -155.909 -66.986 77.056 -156.422 -67.236
3 0 77.056 -156.422 -67.236 82.245 -161.597 -64.043 82.607 -161.070 -63.804
3 0 83.082 -160.579 -63.804 77.917 -155.430 -66.976 77.431 -155.909 -66.986
3 0 77.431 -155.909 -66.986 82.607 -161.070 -63.804 83.082 -160.579 -63.804
3 0 83.596 -160.199 -64.043 78.441 -155.058 -67.206 77.917 -155.430 -66.976
3 0 77.917 -155.430 -66.976 83.082 -160.579 -63.804 83.596 -160.199 -64.043
3 0 84.072 -159.988 -64.485 78.923 -154.849 -67.643 78.441 -155.058 -67.206
3 0 78.441 -155.058 -67.206 83.596 -160.199 -64.043 84.072 -159.988 -64.485
3 0 85.908 -159.937 -67.385 80.763 -154.785 -70.540 81.138 -154.272 -70.290
3 0 81.138 -154.272 -70.290 86.270 -159.410 -67.146 85.908 -159.937 -67.385
3 0 85.433 -160.428 -67.384 80.276 -155.264 -70.550 80.763 -154.785 -70.540
3 0 80.763 -154.785 -70.540 85.908 -159.937 -67.385 85.433 -160.428 -67.384
3 0 84.919 -160.808 -67.145 79.752 -155.636 -70.319 80.276 -155.264 -70.550
3 0 80.276 -155.264 -70.550 85.433 -160.428 -67.384 84.919 -160.808 -67.145
3 0 84.443 -161.019 -66.704 79.271 -155.844 -69.883 79.752 -155.636 -70.319
3 0 79.752 -155.636 -70.319 84.919 -160.808 -67.145 84.443 -161.019 -66.704
3 0 84.434 -159.461 -64.246 79.297 -154.337 -67.393 78.923 -154.849 -67.643
3 0 78.923 -154.849 -67.643 84.072 -159.988 -64.485 84.434 -159.461 -64.246
3 0 84.909 -158.970 -64.246 79.783 -153.858 -67.383 79.297 -154.337 -67.393
3 0 79.297 -154.337 -67.393 84.434 -159.461 -64.246 84.909 -158.970 -64.246
3 0 85.423 -158.590 -64.485 80.307 -153.486 -67.614 79.783 -153.858 -67.383
3 0 79.783 -153.858 -67.383 84.909 -158.970 -64.246 85.423 -158.590 -64.485
3 0 85.899 -158.379 -64.927 80.789 -153.277 -68.051 80.307 -153.486 -67.614
3 0 80.307 -153.486 -67.614 85.423 -158.590 -64.485 85.899 -158.379 -64.927
3 0 81.164 -152.764 -67.801 80.789 -153.277 -68.051 85.899 -158.379 -64.927
3 0 85.899 -158.379 -64.927 86.262 -157.852 -64.688 81.164 -152.764 -67.801
3 0 81.651 -152.285 -67.791 81.164 -152.764 -67.801 86.262 -157.852 -64.688
3 0 86.262 -157.852 -64.688 86.736 -157.361 -64.689 81.651 -152.285 -67.791
3 0 82.175 -151.913 -68.021 81.651 -152.285 -67.791 86.736 -157.361 -64.689
3 0 86.736 -157.361 -64.689 87.251 -156.981 -64.928 82.175 -151.913 -68.021
3 0 82.656 -151.705 -68.458 82.175 -151.913 -68.021 87.251 -156.981 -64.928
3 0 87.251 -156.981 -64.928 87.727 -156.769 -65.369 82.656 -151.705 -68.458
3 0 83.022 -151.692 -69.034 82.656 -151.705 -68.458 87.727 -156.769 -65.369
3 0 87.727 -156.769 -65.369 88.092 -156.759 -65.946 83.022 -151.692 -69.034
3 0 83.217 -151.876 -69.662 83.022 -151.692 -69.034 88.092 -156.759 -65.946
3 0 88.092 -156.759 -65.946 88.291 -156.952 -66.570 83.217 -151.876 -69.662
3 0 83.211 -152.230 -70.246 83.217 -151.876 -69.662 88.291 -156.952 -66.570
3 0 88.291 -156.952 -66.570 88.293 -157.317 -67.147 83.211 -152.230 -70.246
3 0 83.005 -152.699 -70.698 83.211 -152.230 -70.246 88.293 -157.317 -67.147
3 0 88.293 -157.317 -67.147 88.098 -157.800 -67.588 83.005 -152.699 -70.698
3 0 82.630 -153.212 -70.947 83.005 -152.699 -70.698 88.098 -157.800 -67.588
3 0 88.098 -157.800 -67.588 87.735 -158.328 -67.827 82.630 -153.212 -70.947
3 0 82.144 -153.691 -70.958 82.630 -153.212 -70.947 87.735 -158.328 -67.827
3 0 87.735 -158.328 -67.827 87.261 -158.819 -67.827 82.144 -153.691 -70.958
3 0 81.620 -154.063 -70.727 82.144 -153.691 -70.958 87.261 -158.819 -67.827
3 0 87.261 -158.819 -67.827 86.746 -159.199 -67.588 81.620 -154.063 -70.727
3 0 81.138 -154.272 -70.290 81.620 -154.063 -70.727 86.746 -159.199 -67.588
3 0 86.746 -159.199 -67.588 86.270 -159.410 -67.146 81.138 -154.272 -70.290
3 0 74.459 -155.204 -71.306 74.844 -154.703 -71.048 77.404 -157.416 -69.475
3 0 77.404 -157.416 -69.475 77.029 -157.929 -69.725 74.459 -155.204 -71.306
3 0 73.963 -155.673 -71.324 74.459 -155.204 -71.306 77.029 -157.929 -69.725
3 0 77.029 -157.929 -69.725 76.543 -158.408 -69.735 73.963 -155.673 -71.324
3 0 73.432 -156.038 -71.100 73.963 -155.673 -71.324 76.543 -158.408 -69.735
3 0 76.543 -158.408 -69.735 76.019 -158.780 -69.504 73.432 -156.038 -71.100
3 0 72.945 -156.244 -70.667 73.432 -156.038 -71.100 76.019 -158.780 -69.504
3 0 76.019 -158.780 -69.504 75.537 -158.989 -69.067 72.945 -156.244 -70.667
3 0 72.578 -156.258 -70.091 72.945 -156.244 -70.667 75.537 -158.989 -69.067
3 0 75.537 -158.989 -69.067 75.171 -159.002 -68.491 72.578 -156.258 -70.091
3 0 72.387 -156.080 -69.461 72.578 -156.258 -70.091 75.171 -159.002 -68.491
3 0 75.171 -159.002 -68.491 74.976 -158.817 -67.863 72.387 -156.080 -69.461
3 0 72.399 -155.736 -68.871 72.387 -156.080 -69.461 74.976 -158.817 -67.863
3 0 74.976 -158.817 -67.863 74.982 -158.464 -67.279 72.399 -155.736 -68.871
3 0 72.615 -155.279 -68.412 72.399 -155.736 -68.871 74.982 -158.464 -67.279
3 0 74.982 -158.464 -67.279 75.189 -157.994 -66.828 72.615 -155.279 -68.412
3 0 73.000 -154.778 -68.154 72.615 -155.279 -68.412 75.189 -157.994 -66.828
3 0 75.189 -157.994 -66.828 75.563 -157.481 -66.578 73.000 -154.778 -68.154
3 0 73.496 -154.309 -68.135 73.000 -154.778 -68.154 75.563 -157.481 -66.578
3 0 75.563 -157.481 -66.578 76.050 -157.002 -66.568 73.496 -154.309 -68.135
3 0 74.027 -153.944 -68.360 73.496 -154.309 -68.135 76.050 -157.002 -66.568
3 0 76.050 -157.002 -66.568 76.574 -156.630 -66.799 74.027 -153.944 -68.360
3 0 74.514 -153.738 -68.793 74.027 -153.944 -68.360 76.574 -156.630 -66.799
3 0 76.574 -156.630 -66.799 77.056 -156.422 -67.236 74.514 -153.738 -68.793
3 0 78.896 -156.357 -70.132 76.359 -153.664 -71.687 76.744 -153.162 -71.428
3 0 76.744 -153.162 -71.428 79.271 -155.844 -69.883 78.896 -156.357 -70.132
3 0 78.410 -156.836 -70.143 75.862 -154.132 -71.705 76.359 -153.664 -71.687
3 0 76.359 -153.664 -71.687 78.896 -156.357 -70.132 78.410 -156.836 -70.143
3 0 77.886 -157.208 -69.912 75.331 -154.497 -71.481 75.862 -154.132 -71.705
3 0 75.862 -154.132 -71.705 78.410 -156.836 -70.143 77.886 -157.208 -69.912
3 0 77.404 -157.416 -69.475 74.844 -154.703 -71.048 75.331 -154.497 -71.481
3 0 75.331 -154.497 -71.481 77.886 -157.208 -69.912 77.404 -157.416 -69.475
3 0 77.431 -155.909 -66.986 74.899 -153.237 -68.534 74.514 -153.738 -68.793
3 0 74.514 -153.738 -68.793 77.056 -156.422 -67.236 77.431 -155.909 -66.986
3 0 77.917 -155.430 -66.976 75.395 -152.768 -68.516 74.899 -153.237 -68.534
3 0 74.899 -153.237 -68.534 77.431 -155.909 -66.986 77.917 -155.430 -66.976
3 0 78.441 -155.058 -67.206 75.927 -152.403 -68.740 75.395 -152.768 -68.516
3 0 75.395 -152.768 -68.516 77.917 -155.430 -66.976 78.441 -155.058 -67.206
3 0 78.923 -154.849 -67.643 76.413 -152.198 -69.173 75.927 -152.403 -68.740
3 0 75.927 -152.403 -68.740 78.441 -155.058 -67.206 78.923 -154.849 -67.643
3 0 80.763 -154.785 -70.540 78.257 -152.123 -72.067 78.642 -151.622 -71.809
3 0 78.642 -151.622 -71.809 81.138 -154.272 -70.290 80.763 -154.785 -70.540
3 0 80.276 -155.264 -70.550 77.761 -152.592 -72.085 78.257 -152.123 -72.067
3 0 78.257 -152.123 -72.067 80.763 -154.785 -70.540 80.276 -155.264 -70.550
3 0 79.752 -155.636 -70.319 77.229 -152.957 -71.861 77.761 -152.592 -72.085
3 0 77.761 -152.592 -72.085 80.276 -155.264 -70.550 79.752 -155.636 -70.319
3 0 79.271 -155.844 -69.883 76.744 -153.162 -71.428 77.229 -152.957 -71.861
3 0 77.229 -152.957 -71.861 79.752 -155.636 -70.319 79.271 -155.844 -69.883
3 0 79.297 -154.337 -67.393 76.797 -151.697 -68.915 76.413 -152.198 -69.173
3 0 76.413 -152.198 -69.173 78.923 -154.849 -67.643 79.297 -154.337 -67.393
3 0 79.783 -153.858 -67.383 77.293 -151.228 -68.897 76.797 -151.697 -68.915
3 0 76.797 -151.697 -68.915 79.297 -154.337 -67.393 79.783 -153.858 -67.383
3 0 80.307 -153.486 -67.614 77.825 -150.863 -69.121 77.293 -151.228 -68.897
3 0 77.293 -151.228 -68.897 79.783 -153.858 -67.383 80.307 -153.486 -67.614
3 0 80.789 -153.277 -68.051 78.311 -150.658 -69.554 77.825 -150.863 -69.121
3 0 77.825 -150.863 -69.121 80.307 -153.486 -67.614 80.789 -153.277 -68.051
3 0 78.697 -150.156 -69.296 78.311 -150.658 -69.554 80.789 -153.277 -68.051
3 0 80.789 -153.277 -68.051 81.164 -152.764 -67.801 78.697 -150.156 -69.296
3 0 79.193 -149.687 -69.277 78.697 -150.156 -69.296 81.164 -152.764 -67.801
3 0 81.164 -152.764 -67.801 81.651 -152.285 -67.791 79.193 -149.687 -69.277
3 0 79.724 -149.322 -69.502 79.193 -149.687 -69.277 81.651 -152.285 -67.791
3 0 81.651 -152.285 -67.791 82.175 -151.913 -68.021 79.724 -149.322 -69.502
3 0 80.211 -149.117 -69.935 79.724 -149.322 -69.502 82.175 -151.913 -68.021
3 0 82.175 -151.913 -68.021 82.656 -151.705 -68.458 80.211 -149.117 -69.935
3 0 80.578 -149.102 -70.510 80.211 -149.117 -69.935 82.656 -151.705 -68.458
3 0 82.656 -151.705 -68.458 83.022 -151.692 -69.034 80.578 -149.102 -70.510
3 0 80.769 -149.280 -71.141 80.578 -149.102 -70.510 83.022 -151.692 -69.034
3 0 83.022 -151.692 -69.034 83.217 -151.876 -69.662 80.769 -149.280 -71.141
3 0 80.756 -149.624 -71.731 80.769 -149.280 -71.141 83.217 -151.876 -69.662
3 0 83.217 -151.876 -69.662 83.211 -152.230 -70.246 80.756 -149.624 -71.731
3 0 80.541 -150.082 -72.190 80.756 -149.624 -71.731 83.211 -152.230 -70.246
3 0 83.211 -152.230 -70.246 83.005 -152.699 -70.698 80.541 -150.082 -72.190
3 0 80.156 -150.583 -72.448 80.541 -150.082 -72.190 83.005 -152.699 -70.698
3 0 83.005 -152.699 -70.698 82.630 -153.212 -70.947 80.156 -150.583 -72.448
3 0 79.660 -151.052 -72.466 80.156 -150.583 -72.448 82.630 -153.212 -70.947
3 0 82.630 -153.212 -70.947 82.144 -153.691 -70.958 79.660 -151.052 -72.466
3 0 79.128 -151.417 -72.242 79.660 -151.052 -72.466 82.144 -153.691 -70.958
3 0 82.144 -153.691 -70.958 81.620 -154.063 -70.727 79.128 -151.417 -72.242
3 0 78.642 -151.622 -71.809 79.128 -151.417 -72.242 81.620 -154.063 -70.727
3 0 81.620 -154.063 -70.727 81.138 -154.272 -70.290 78.642 -151.622 -71.809
3 0 71.946 -152.421 -72.843 72.340 -151.930 -72.578 74.844 -154.703 -71.048
3 0 74.844 -154.703 -71.048 74.459 -155.204 -71.306 71.946 -152.421 -72.843
3 0 71.442 -152.881 -72.868 71.946 -152.421 -72.843 74.459 -155.204 -71.306
3 0 74.459 -155.204 -71.306 73.963 -155.673 -71.324 71.442 -152.881 -72.868
3 0 70.904 -153.239 -72.649 71.442 -152.881 -72.868 73.963 -155.673 -71.324
3 0 73.963 -155.673 -71.324 73.432 -156.038 -71.100 70.904 -153.239 -72.649
3 0 70.414 -153.442 -72.219 70.904 -153.239 -72.649 73.432 -156.038 -71.100
3 0 73.432 -156.038 -71.100 72.945 -156.244 -70.667 70.414 -153.442 -72.219
3 0 70.046 -153.458 -71.644 70.414 -153.442 -72.219 72.945 -156.244 -70.667
3 0 72.945 -156.244 -70.667 72.578 -156.258 -70.091 70.046 -153.458 -71.644
3 0 69.857 -153.285 -71.011 70.046 -153.458 -71.644 72.578 -156.258 -70.091
3 0 72.578 -156.258 -70.091 72.387 -156.080 -69.461 69.857 -153.285 -71.011
3 0 69.875 -152.950 -70.417 69.857 -153.285 -71.011 72.387 -156.080 -69.461
3 0 72.387 -156.080 -69.461 72.399 -155.736 -68.871 69.875 -152.950 -70.417
3 0 70.098 -152.502 -69.951 69.875 -152.950 -70.417 72.399 -155.736 -68.871
3 0 72.399 -155.736 -68.871 72.615 -155.279 -68.412 70.098 -152.502 -69.951
3 0 70.492 -152.011 -69.686 70.098 -152.502 -69.951 72.615 -155.279 -68.412
3 0 72.615 -155.279 -68.412 73.000 -154.778 -68.154 70.492 -152.011 -69.686
3 0 70.996 -151.552 -69.661 70.492 -152.011 -69.686 73.000 -154.778 -68.154
3 0 73.000 -154.778 -68.154 73.496 -154.309 -68.135 70.996 -151.552 -69.661
3 0 71.534 -151.193 -69.880 70.996 -151.552 -69.661 73.496 -154.309 -68.135
3 0 73.496 -154.309 -68.135 74.027 -153.944 -68.360 71.534 -151.193 -69.880
3 0 72.025 -150.990 -70.310 71.534 -151.193 -69.880 74.027 -153.944 -68.360
3 0 74.027 -153.944 -68.360 74.514 -153.738 -68.793 72.025 -150.990 -70.310
3 0 76.359 -153.664 -71.687 73.873 -150.909 -73.202 74.266 -150.418 -72.937
3 0 74.266 -150.418 -72.937 76.744 -153.162 -71.428 76.359 -153.664 -71.687
3 0 75.862 -154.132 -71.705 73.368 -151.369 -73.227 73.873 -150.909 -73.202
3 0 73.873 -150.909 -73.202 76.359 -153.664 -71.687 75.862 -154.132 -71.705
3 0 75.331 -154.497 -71.481 72.830 -151.727 -73.008 73.368 -151.369 -73.227
3 0 73.368 -151.369 -73.227 75.862 -154.132 -71.705 75.331 -154.497 -71.481
3 0 74.844 -154.703 -71.048 72.340 -151.930 -72.578 72.830 -151.727 -73.008
3 0 72.830 -151.727 -73.008 75.331 -154.497 -71.481 74.844 -154.703 -71.048
3 0 74.899 -153.237 -68.534 72.418 -150.499 -70.045 72.025 -150.990 -70.310
3 0 72.025 -150.990 -70.310 74.514 -153.738 -68.793 74.899 -153.237 -68.534
3 0 75.395 -152.768 -68.516 72.923 -150.040 -70.020 72.418 -150.499 -70.045
3 0 72.418 -150.499 -70.045 74.899 -153.237 -68.534 75.395 -152.768 -68.516
3 0 75.927 -152.403 -68.740 73.461 -149.681 -70.239 72.923 -150.040 -70.020
3 0 72.923 -150.040 -70.020 75.395 -152.768 -68.516 75.927 -152.403 -68.740
3 0 76.413 -152.198 -69.173 73.951 -149.478 -70.669 73.461 -149.681 -70.239
3 0 73.461 -149.681 -70.239 75.927 -152.403 -68.740 76.413 -152.198 -69.173
3 0 78.257 -152.123 -72.067 75.798 -149.398 -73.561 76.192 -148.907 -73.296
3 0 76.192 -148.907 -73.296 78.642 -151.622 -71.809 78.257 -152.123 -72.067
3 0 77.761 -152.592 -72.085 75.294 -149.858 -73.586 75.798 -149.398 -73.561
3 0 75.798 -149.398 -73.561 78.257 -152.123 -72.067 77.761 -152.592 -72.085
3 0 77.229 -152.957 -71.861 74.756 -150.216 -73.367 75.294 -149.858 -73.586
3 0 75.294 -149.858 -73.586 77.761 -152.592 -72.085 77.229 -152.957 -71.861
3 0 76.744 -153.162 -71.428 74.266 -150.418 -72.937 74.756 -150.216 -73.367
3 0 74.756 -150.216 -73.367 77.229 -152.957 -71.861 76.744 -153.162 -71.428
3 0 76.797 -151.697 -68.915 74.344 -148.988 -70.404 73.951 -149.478 -70.669
3 0 73.951 -149.478 -70.669 76.413 -152.198 -69.173 76.797 -151.697 -68.915
3 0 77.293 -151.228 -68.897 74.848 -148.528 -70.379 74.344 -148.988 -70.404
3 0 74.344 -148.988 -70.404 76.797 -151.697 -68.915 77.293 -151.228 -68.897
3 0 77.825 -150.863 -69.121 75.386 -148.170 -70.598 74.848 -148.528 -70.379
3 0 74.848 -148.528 -70.379 77.293 -151.228 -68.897 77.825 -150.863 -69.121
3 0 78.311 -150.658 -69.554 75.877 -147.967 -71.028 75.386 -148.170 -70.598
3 0 75.386 -148.170 -70.598 77.825 -150.863 -69.121 78.311 -150.658 -69.554
3 0 76.270 -147.476 -70.763 75.877 -147.967 -71.028 78.311 -150.658 -69.554
3 0 78.311 -150.658 -69.554 78.697 -150.156 -69.296 76.270 -147.476 -70.763
3 0 76.774 -147.016 -70.738 76.270 -147.476 -70.763 78.697 -150.156 -69.296
3 0 78.697 -150.156 -69.296 79.193 -149.687 -69.277 76.774 -147.016 -70.738
3 0 77.313 -146.658 -70.957 76.774 -147.016 -70.738 79.193 -149.687 -69.277
3 0 79.193 -149.687 -69.277 79.724 -149.322 -69.502 77.313 -146.658 -70.957
3 0 77.803 -146.455 -71.387 77.313 -146.658 -70.957 79.724 -149.322 -69.502
3 0 79.724 -149.322 -69.502 80.211 -149.117 -69.935 77.803 -146.455 -71.387
3 0 78.170 -146.439 -71.962 77.803 -146.455 -71.387 80.211 -149.117 -69.935
3 0 80.211 -149.117 -69.935 80.578 -149.102 -70.510 78.170 -146.439 -71.962
3 0 78.359 -146.612 -72.595 78.170 -146.439 -71.962 80.578 -149.102 -70.510
3 0 80.578 -149.102 -70.510 80.769 -149.280 -71.141 78.359 -146.612 -72.595
3 0 78.341 -146.948 -73.190 78.359 -146.612 -72.595 80.769 -149.280 -71.141
3 0 80.769 -149.280 -71.141 80.756 -149.624 -71.731 78.341 -146.948 -73.190
3 0 78.118 -147.395 -73.655 78.341 -146.948 -73.190 80.756 -149.624 -71.731
3 0 80.756 -149.624 -71.731 80.541 -150.082 -72.190 78.118 -147.395 -73.655
3 0 77.724 -147.886 -73.920 78.118 -147.395 -73.655 80.541 -150.082 -72.190
3 0 80.541 -150.082 -72.190 80.156 -150.583 -72.448 77.724 -147.886 -73.920
3 0 77.220 -148.346 -73.945 77.724 -147.886 -73.920 80.156 -150.583 -72.448
3 0 80.156 -150.583 -72.448 79.660 -151.052 -72.466 77.220 -148.346 -73.945
3 0 76.682 -148.704 -73.726 77.220 -148.346 -73.945 79.660 -151.052 -72.466
3 0 79.660 -151.052 -72.466 79.128 -151.417 -72.242 76.682 -148.704 -73.726
3 0 76.192 -148.907 -73.296 76.682 -148.704 -73.726 79.128 -151.417 -72.242
3 0 79.128 -151.417 -72.242 78.642 -151.622 -71.809 76.192 -148.907 -73.296
3 0 69.178 -149.223 -74.529 69.580 -148.743 -74.257 72.340 -151.930 -72.578
3 0 72.340 -151.930 -72.578 71.946 -152.421 -72.843 69.178 -149.223 -74.529
3 0 68.666 -149.673 -74.560 69.178 -149.223 -74.529 71.946 -152.421 -72.843
3 0 71.946 -152.421 -72.843 71.442 -152.881 -72.868 68.666 -149.673 -74.560
3 0 68.121 -150.025 -74.346 68.666 -149.673 -74.560 71.442 -152.881 -72.868
3 0 71.442 -152.881 -72.868 70.904 -153.239 -72.649 68.121 -150.025 -74.346
3 0 67.627 -150.225 -73.919 68.121 -150.025 -74.346 70.904 -153.239 -72.649
3 0 70.904 -153.239 -72.649 70.414 -153.442 -72.219 67.627 -150.225 -73.919
3 0 67.259 -150.242 -73.344 67.627 -150.225 -73.919 70.414 -153.442 -72.219
3 0 70.414 -153.442 -72.219 70.046 -153.458 -71.644 67.259 -150.242 -73.344
3 0 67.073 -150.074 -72.709 67.259 -150.242 -73.344 70.046 -153.458 -71.644
3 0 70.046 -153.458 -71.644 69.857 -153.285 -71.011 67.073 -150.074 -72.709
3 0 67.097 -149.747 -72.111 67.073 -150.074 -72.709 69.857 -153.285 -71.011
3 0 69.857 -153.285 -71.011 69.875 -152.950 -70.417 67.097 -149.747 -72.111
3 0 67.327 -149.310 -71.639 67.097 -149.747 -72.111 69.875 -152.950 -70.417
3 0 69.875 -152.950 -70.417 70.098 -152.502 -69.951 67.327 -149.310 -71.639
3 0 67.729 -148.830 -71.367 67.327 -149.310 -71.639 70.098 -152.502 -69.951
3 0 70.098 -152.502 -69.951 70.492 -152.011 -69.686 67.729 -148.830 -71.367
3 0 68.242 -148.379 -71.336 67.729 -148.830 -71.367 70.492 -152.011 -69.686
3 0 70.492 -152.011 -69.686 70.996 -151.552 -69.661 68.242 -148.379 -71.336
3 0 68.786 -148.028 -71.550 68.242 -148.379 -71.336 70.996 -151.552 -69.661
3 0 70.996 -151.552 -69.661 71.534 -151.193 -69.880 68.786 -148.028 -71.550
3 0 69.280 -147.828 -71.977 68.786 -148.028 -71.550 71.534 -151.193 -69.880
3 0 71.534 -151.193 -69.880 72.025 -150.990 -70.310 69.280 -147.828 -71.977
3 0 73.873 -150.909 -73.202 71.132 -147.741 -74.867 71.534 -147.261 -74.595
3 0 71.534 -147.261 -74.595 74.266 -150.418 -72.937 73.873 -150.909 -73.202
3 0 73.368 -151.369 -73.227 70.619 -148.191 -74.898 71.132 -147.741 -74.867
3 0 71.132 -147.741 -74.867 73.873 -150.909 -73.202 73.368 -151.369 -73.227
3 0 72.830 -151.727 -73.008 70.075 -148.543 -74.684 70.619 -148.191 -74.898
3 0 70.619 -148.191 -74.898 73.368 -151.369 -73.227 72.830 -151.727 -73.008
3 0 72.340 -151.930 -72.578 69.580 -148.743 -74.257 70.075 -148.543 -74.684
3 0 70.075 -148.543 -74.684 72.830 -151.727 -73.008 72.340 -151.930 -72.578
3 0 72.418 -150.499 -70.045 69.683 -147.348 -71.705 69.280 -147.828 -71.977
3 0 69.280 -147.828 -71.977 72.025 -150.990 -70.310 72.418 -150.499 -70.045
3 0 72.923 -150.040 -70.020 70.195 -146.897 -71.674 69.683 -147.348 -71.705
3 0 69.683 -147.348 -71.705 72.418 -150.499 -70.045 72.923 -150.040 -70.020
3 0 73.461 -149.681 -70.239 70.740 -146.545 -71.888 70.195 -146.897 -71.674
3 0 70.195 -146.897 -71.674 72.923 -150.040 -70.020 73.461 -149.681 -70.239
3 0 73.951 -149.478 -70.669 71.234 -146.346 -72.315 70.740 -146.545 -71.888
3 0 70.740 -146.545 -71.888 73.461 -149.681 -70.239 73.951 -149.478 -70.669
3 0 75.798 -149.398 -73.561 73.084 -146.260 -75.205 73.486 -145.779 -74.933
3 0 73.486 -145.779 -74.933 76.192 -148.907 -73.296 75.798 -149.398 -73.561
3 0 75.294 -149.858 -73.586 72.572 -146.710 -75.236 73.084 -146.260 -75.205
3 0 73.084 -146.260 -75.205 75.798 -149.398 -73.561 75.294 -149.858 -73.586
3 0 74.756 -150.216 -73.367 72.027 -147.062 -75.022 72.572 -146.710 -75.236
3 0 72.572 -146.710 -75.236 75.294 -149.858 -73.586 74.756 -150.216 -73.367
3 0 74.266 -150.418 -72.937 71.534 -147.261 -74.595 72.027 -147.062 -75.022
3 0 72.027 -147.062 -75.022 74.756 -150.216 -73.367 74.266 -150.418 -72.937
3 0 74.344 -148.988 -70.404 71.635 -145.866 -72.043 71.234 -146.346 -72.315
3 0 71.234 -146.346 -72.315 73.951 -149.478 -70.669 74.344 -148.988 -70.404
3 0 74.848 -148.528 -70.379 72.147 -145.416 -72.012 71.635 -145.866 -72.043
3 0 71.635 -145.866 -72.043 74.344 -148.988 -70.404 74.848 -148.528 -70.379
3 0 75.386 -148.170 -70.598 72.692 -145.064 -72.226 72.147 -145.416 -72.012
3 0 72.147 -145.416 -72.012 74.848 -148.528 -70.379 75.386 -148.170 -70.598
3 0 75.877 -147.967 -71.028 73.186 -144.864 -72.653 72.692 -145.064 -72.226
3 0 72.692 -145.064 -72.226 75.386 -148.170 -70.598 75.877 -147.967 -71.028
3 0 73.588 -144.384 -72.381 73.186 -144.864 -72.653 75.877 -147.967 -71.028
3 0 75.877 -147.967 -71.028 76.270 -147.476 -70.763 73.588 -144.384 -72.381
3 0 74.101 -143.934 -72.350 73.588 -144.384 -72.381 76.270 -147.476 -70.763
3 0 76.270 -147.476 -70.763 76.774 -147.016 -70.738 74.101 -143.934 -72.350
3 0 74.645 -143.582 -72.564 74.101 -143.934 -72.350 76.774 -147.016 -70.738
3 0 76.774 -147.016 -70.738 77.313 -146.658 -70.957 74.645 -143.582 -72.564
3 0 75.139 -143.382 -72.991 74.645 -143.582 -72.564 77.313 -146.658 -70.957
3 0 77.313 -146.658 -70.957 77.803 -146.455 -71.387 75.139 -143.382 -72.991
3 0 75.507 -143.365 -73.566 75.139 -143.382 -72.991 77.803 -146.455 -71.387
3 0 77.803 -146.455 -71.387 78.170 -146.439 -71.962 75.507 -143.365 -73.566
3 0 75.694 -143.533 -74.201 75.507 -143.365 -73.566 78.170 -146.439 -71.962
3 0 78.170 -146.439 -71.962 78.359 -146.612 -72.595 75.694 -143.533 -74.201
3 0 75.670 -143.860 -74.799 75.694 -143.533 -74.201 78.359 -146.612 -72.595
3 0 78.359 -146.612 -72.595 78.341 -146.948 -73.190 75.670 -143.860 -74.799
3 0 75.439 -144.297 -75.271 75.670 -143.860 -74.799 78.341 -146.948 -73.190
3 0 78.341 -146.948 -73.190 78.118 -147.395 -73.655 75.439 -144.297 -75.271
3 0 75.037 -144.778 -75.542 75.439 -144.297 -75.271 78.118 -147.395 -73.655
3 0 78.118 -147.395 -73.655 77.724 -147.886 -73.920 75.037 -144.778 -75.542
3 0 74.525 -145.228 -75.574 75.037 -144.778 -75.542 77.724 -147.886 -73.920
3 0 77.724 -147.886 -73.920 77.220 -148.346 -73.945 74.525 -145.228 -75.574
3 0 73.980 -145.580 -75.360 74.525 -145.228 -75.574 77.220 -148.346 -73.945
3 0 77.220 -148.346 -73.945 76.682 -148.704 -73.726 73.980 -145.580 -75.360
3 0 73.486 -145.779 -74.933 73.980 -145.580 -75.360 76.682 -148.704 -73.726
3 0 76.682 -148.704 -73.726 76.192 -148.907 -73.296 73.486 -145.779 -74.933
3 0 66.768 -146.313 -75.992 67.179 -145.844 -75.714 69.580 -148.743 -74.257
3 0 69.580 -148.743 -74.257 69.178 -149.223 -74.529 66.768 -146.313 -75.992
3 0 66.248 -146.754 -76.029 66.768 -146.313 -75.992 69.178 -149.223 -74.529
3 0 69.178 -149.223 -74.529 68.666 -149.673 -74.560 66.248 -146.754 -76.029
3 0 65.697 -147.099 -75.820 66.248 -146.754 -76.029 68.666 -149.673 -74.560
3 0 68.666 -149.673 -74.560 68.121 -150.025 -74.346 65.697 -147.099 -75.820
3 0 65.200 -147.295 -75.396 65.697 -147.099 -75.820 68.121 -150.025 -74.346
3 0 68.121 -150.025 -74.346 67.627 -150.225 -73.919 65.200 -147.295 -75.396
3 0 64.831 -147.313 -74.822 65.200 -147.295 -75.396 67.627 -150.225 -73.919
3 0 67.627 -150.225 -73.919 67.259 -150.242 -73.344 64.831 -147.313 -74.822
3 0 64.647 -147.150 -74.185 64.831 -147.313 -74.822 67.259 -150.242 -73.344
3 0 67.259 -150.242 -73.344 67.073 -150.074 -72.709 64.647 -147.150 -74.185
3 0 64.676 -146.831 -73.582 64.647 -147.150 -74.185 67.073 -150.074 -72.709
3 0 67.073 -150.074 -72.709 67.097 -149.747 -72.111 64.676 -146.831 -73.582
3 0 64.914 -146.404 -73.105 64.676 -146.831 -73.582 67.097 -149.747 -72.111
3 0 67.097 -149.747 -72.111 67.327 -149.310 -71.639 64.914 -146.404 -73.105
3 0 65.324 -145.935 -72.826 64.914 -146.404 -73.105 67.327 -149.310 -71.639
3 0 67.327 -149.310 -71.639 67.729 -148.830 -71.367 65.324 -145.935 -72.826
3 0 65.845 -145.494 -72.789 65.324 -145.935 -72.826 67.729 -148.830 -71.367
3 0 67.729 -148.830 -71.367 68.242 -148.379 -71.336 65.845 -145.494 -72.789
3 0 66.396 -145.149 -72.998 65.845 -145.494 -72.789 68.242 -148.379 -71.336
3 0 68.242 -148.379 -71.336 68.786 -148.028 -71.550 66.396 -145.149 -72.998
3 0 66.893 -144.953 -73.423 66.396 -145.149 -72.998 68.786 -148.028 -71.550
3 0 68.786 -148.028 -71.550 69.280 -147.828 -71.977 66.893 -144.953 -73.423
3 0 71.132 -147.741 -74.867 68.748 -144.862 -76.310 69.158 -144.392 -76.031
3 0 69.158 -144.392 -76.031 71.534 -147.261 -74.595 71.132 -147.741 -74.867
3 0 70.619 -148.191 -74.898 68.228 -145.302 -76.347 68.748 -144.862 -76.310
3 0 68.748 -144.862 -76.310 71.132 -147.741 -74.867 70.619 -148.191 -74.898
3 0 70.075 -148.543 -74.684 67.677 -145.647 -76.138 68.228 -145.302 -76.347
3 0 68.228 -145.302 -76.347 70.619 -148.191 -74.898 70.075 -148.543 -74.684
3 0 69.580 -148.743 -74.257 67.179 -145.844 -75.714 67.677 -145.647 -76.138
3 0 67.677 -145.647 -76.138 70.075 -148.543 -74.684 69.580 -148.743 -74.257
3 0 69.683 -147.348 -71.705 67.304 -144.483 -73.144 66.893 -144.953 -73.423
3 0 66.893 -144.953 -73.423 69.280 -147.828 -71.977 69.683 -147.348 -71.705
3 0 70.195 -146.897 -71.674 67.824 -144.043 -73.107 67.304 -144.483 -73.144
3 0 67.304 -144.483 -73.144 69.683 -147.348 -71.705 70.195 -146.897 -71.674
3 0 70.740 -146.545 -71.888 68.375 -143.698 -73.316 67.824 -144.043 -73.107
3 0 67.824 -144.043 -73.107 70.195 -146.897 -71.674 70.740 -146.545 -71.888
3 0 71.234 -146.346 -72.315 68.873 -143.501 -73.740 68.375 -143.698 -73.316
3 0 68.375 -143.698 -73.316 70.740 -146.545 -71.888 71.234 -146.346 -72.315
3 0 73.084 -146.260 -75.205 70.726 -143.411 -76.627 71.137 -142.941 -76.349
3 0 71.137 -142.941 -76.349 73.486 -145.779 -74.933 73.084 -146.260 -75.205
3 0 72.572 -146.710 -75.236 70.206 -143.851 -76.665 70.726 -143.411 -76.627
3 0 70.726 -143.411 -76.627 73.084 -146.260 -75.205 72.572 -146.710 -75.236
3 0 72.027 -147.062 -75.022 69.655 -144.196 -76.456 70.206 -143.851 -76.665
3 0 70.206 -143.851 -76.665 72.572 -146.710 -75.236 72.027 -147.062 -75.022
3 0 71.534 -147.261 -74.595 69.158 -144.392 -76.031 69.655 -144.196 -76.456
3 0 69.655 -144.196 -76.456 72.027 -147.062 -75.022 71.534 -147.261 -74.595
3 0 71.635 -145.866 -72.043 69.282 -143.032 -73.462 68.873 -143.501 -73.740
3 0 68.873 -143.501 -73.740 71.234 -146.346 -72.315 71.635 -145.866 -72.043
3 0 72.147 -145.416 -72.012 69.802 -142.592 -73.424 69.282 -143.032 -73.462
3 0 69.282 -143.032 -73.462 71.635 -145.866 -72.043 72.147 -145.416 -72.012
3 0 72.692 -145.064 -72.226 70.353 -142.247 -73.634 69.802 -142.592 -73.424
3 0 69.802 -142.592 -73.424 72.147 -145.416 -72.012 72.692 -145.064 -72.226
3 0 73.186 -144.864 -72.653 70.851 -142.050 -74.058 70.353 -142.247 -73.634
3 0 70.353 -142.247 -73.634 72.692 -145.064 -72.226 73.186 -144.864 -72.653
3 0 71.262 -141.581 -73.779 70.851 -142.050 -74.058 73.186 -144.864 -72.653
3 0 73.186 -144.864 -72.653 73.588 -144.384 -72.381 71.262 -141.581 -73.779
3 0 71.782 -141.140 -73.742 71.262 -141.581 -73.779 73.588 -144.384 -72.381
3 0 73.588 -144.384 -72.381 74.101 -143.934 -72.350 71.782 -141.140 -73.742
3 0 72.333 -140.795 -73.951 71.782 -141.140 -73.742 74.101 -143.934 -72.350
3 0 74.101 -143.934 -72.350 74.645 -143.582 -72.564 72.333 -140.795 -73.951
3 0 72.830 -140.599 -74.375 72.333 -140.795 -73.951 74.645 -143.582 -72.564
3 0 74.645 -143.582 -72.564 75.139 -143.382 -72.991 72.830 -140.599 -74.375
3 0 73.199 -140.581 -74.950 72.830 -140.599 -74.375 75.139 -143.382 -72.991
3 0 75.139 -143.382 -72.991 75.507 -143.365 -73.566 73.199 -140.581 -74.950
3 0 73.383 -140.744 -75.587 73.199 -140.581 -74.950 75.507 -143.365 -73.566
3 0 75.507 -143.365 -73.566 75.694 -143.533 -74.201 73.383 -140.744 -75.587
3 0 73.354 -141.063 -76.190 73.383 -140.744 -75.587 75.694 -143.533 -74.201
3 0 75.694 -143.533 -74.201 75.670 -143.860 -74.799 73.354 -141.063 -76.190
3 0 73.116 -141.490 -76.667 73.354 -141.063 -76.190 75.670 -143.860 -74.799
3 0 75.670 -143.860 -74.799 75.439 -144.297 -75.271 73.116 -141.490 -76.667
3 0 72.706 -141.959 -76.945 73.116 -141.490 -76.667 75.439 -144.297 -75.271
3 0 75.439 -144.297 -75.271 75.037 -144.778 -75.542 72.706 -141.959 -76.945
3 0 72.185 -142.400 -76.982 72.706 -141.959 -76.945 75.037 -144.778 -75.542
3 0 75.037 -144.778 -75.542 74.525 -145.228 -75.574 72.185 -142.400 -76.982
3 0 71.634 -142.745 -76.773 72.185 -142.400 -76.982 74.525 -145.228 -75.574
3 0 74.525 -145.228 -75.574 73.980 -145.580 -75.360 71.634 -142.745 -76.773
3 0 71.137 -142.941 -76.349 71.634 -142.745 -76.773 73.980 -145.580 -75.360
3 0 73.980 -145.580 -75.360 73.486 -145.779 -74.933 71.137 -142.941 -76.349
3 0 64.407 -143.340 -77.421 64.826 -142.883 -77.137 67.179 -145.844 -75.714
3 0 67.179 -145.844 -75.714 66.768 -146.313 -75.992 64.407 -143.340 -77.421
3 0 63.879 -143.771 -77.465 64.407 -143.340 -77.421 66.768 -146.313 -75.992
3 0 66.768 -146.313 -75.992 66.248 -146.754 -76.029 63.879 -143.771 -77.465
3 0 63.321 -144.108 -77.261 63.879 -143.771 -77.465 66.248 -146.754 -76.029
3 0 66.248 -146.754 -76.029 65.697 -147.099 -75.820 63.321 -144.108 -77.261
3 0 62.819 -144.300 -76.840 63.321 -144.108 -77.261 65.697 -147.099 -75.820
3 0 65.697 -147.099 -75.820 65.200 -147.295 -75.396 62.819 -144.300 -76.840
3 0 62.450 -144.319 -76.266 62.819 -144.300 -76.840 65.200 -147.295 -75.396
3 0 65.200 -147.295 -75.396 64.831 -147.313 -74.822 62.450 -144.319 -76.266
3 0 62.269 -144.162 -75.627 62.450 -144.319 -76.266 64.831 -147.313 -74.822
3 0 64.831 -147.313 -74.822 64.647 -147.150 -74.185 62.269 -144.162 -75.627
3 0 62.304 -143.852 -75.019 62.269 -144.162 -75.627 64.647 -147.150 -74.185
3 0 64.647 -147.150 -74.185 64.676 -146.831 -73.582 62.304 -143.852 -75.019
3 0 62.549 -143.436 -74.537 62.304 -143.852 -75.019 64.676 -146.831 -73.582
3 0 64.676 -146.831 -73.582 64.914 -146.404 -73.105 62.549 -143.436 -74.537
3 0 62.968 -142.978 -74.252 62.549 -143.436 -74.537 64.914 -146.404 -73.105
3 0 64.914 -146.404 -73.105 65.324 -145.935 -72.826 62.968 -142.978 -74.252
3 0 63.497 -142.548 -74.208 62.968 -142.978 -74.252 65.324 -145.935 -72.826
3 0 65.324 -145.935 -72.826 65.845 -145.494 -72.789 63.497 -142.548 -74.208
3 0 64.054 -142.211 -74.412 63.497 -142.548 -74.208 65.845 -145.494 -72.789
3 0 65.845 -145.494 -72.789 66.396 -145.149 -72.998 64.054 -142.211 -74.412
3 0 64.556 -142.018 -74.834 64.054 -142.211 -74.412 66.396 -145.149 -72.998
3 0 66.396 -145.149 -72.998 66.893 -144.953 -73.423 64.556 -142.018 -74.834
3 0 68.748 -144.862 -76.310 66.414 -141.922 -77.718 66.833 -141.465 -77.434
3 0 66.833 -141.465 -77.434 69.158 -144.392 -76.031 68.748 -144.862 -76.310
3 0 68.228 -145.302 -76.347 65.885 -142.353 -77.762 66.414 -141.922 -77.718
3 0 66.414 -141.922 -77.718 68.748 -144.862 -76.310 68.228 -145.302 -76.347
3 0 67.677 -145.647 -76.138 65.328 -142.690 -77.558 65.885 -142.353 -77.762
3 0 65.885 -142.353 -77.762 68.228 -145.302 -76.347 67.677 -145.647 -76.138
3 0 67.179 -145.844 -75.714 64.826 -142.883 -77.137 65.328 -142.690 -77.558
3 0 65.328 -142.690 -77.558 67.677 -145.647 -76.138 67.179 -145.844 -75.714
3 0 67.304 -144.483 -73.144 64.975 -141.560 -74.549 64.556 -142.018 -74.834
3 0 64.556 -142.018 -74.834 66.893 -144.953 -73.423 67.304 -144.483 -73.144
3 0 67.824 -144.043 -73.107 65.503 -141.130 -74.505 64.975 -141.560 -74.549
3 0 64.975 -141.560 -74.549 67.304 -144.483 -73.144 67.824 -144.043 -73.107
3 0 68.375 -143.698 -73.316 66.061 -140.793 -74.709 65.503 -141.130 -74.505
3 0 65.503 -141.130 -74.505 67.824 -144.043 -73.107 68.375 -143.698 -73.316
3 0 68.873 -143.501 -73.740 66.562 -140.600 -75.130 66.061 -140.793 -74.709
3 0 66.061 -140.793 -74.709 68.375 -143.698 -73.316 68.873 -143.501 -73.740
3 0 70.726 -143.411 -76.627 68.420 -140.505 -78.015 68.838 -140.047 -77.730
3 0 68.838 -140.047 -77.730 71.137 -142.941 -76.349 70.726 -143.411 -76.627
3 0 70.206 -143.851 -76.665 67.891 -140.935 -78.059 68.420 -140.505 -78.015
3 0 68.420 -140.505 -78.015 70.726 -143.411 -76.627 70.206 -143.851 -76.665
3 0 69.655 -144.196 -76.456 67.334 -141.272 -77.855 67.891 -140.935 -78.059
3 0 67.891 -140.935 -78.059 70.206 -143.851 -76.665 69.655 -144.196 -76.456
3 0 69.158 -144.392 -76.031 66.833 -141.465 -77.434 67.334 -141.272 -77.855
3 0 67.334 -141.272 -77.855 69.655 -144.196 -76.456 69.158 -144.392 -76.031
3 0 69.282 -143.032 -73.462 66.981 -140.143 -74.845 66.562 -140.600 -75.130
3 0 66.562 -140.600 -75.130 68.873 -143.501 -73.740 69.282 -143.032 -73.462
3 0 69.802 -142.592 -73.424 67.509 -139.712 -74.802 66.981 -140.143 -74.845
3 0 66.981 -140.143 -74.845 69.282 -143.032 -73.462 69.802 -142.592 -73.424
3 0 70.353 -142.247 -73.634 68.067 -139.375 -75.006 67.509 -139.712 -74.802
3 0 67.509 -139.712 -74.802 69.802 -142.592 -73.424 70.353 -142.247 -73.634
3 0 70.851 -142.050 -74.058 68.568 -139.182 -75.427 68.067 -139.375 -75.006
3 0 68.067 -139.375 -75.006 70.353 -142.247 -73.634 70.851 -142.050 -74.058
3 0 68.987 -138.724 -75.142 68.568 -139.182 -75.427 70.851 -142.050 -74.058
3 0 70.851 -142.050 -74.058 71.262 -141.581 -73.779 68.987 -138.724 -75.142
3 0 69.516 -138.294 -75.099 68.987 -138.724 -75.142 71.262 -141.581 -73.779
3 0 71.262 -141.581 -73.779 71.782 -141.140 -73.742 69.516 -138.294 -75.099
3 0 70.073 -137.957 -75.303 69.516 -138.294 -75.099 71.782 -141.140 -73.742
3 0 71.782 -141.140 -73.742 72.333 -140.795 -73.951 70.073 -137.957 -75.303
3 0 70.575 -137.764 -75.724 70.073 -137.957 -75.303 72.333 -140.795 -73.951
3 0 72.333 -140.795 -73.951 72.830 -140.599 -74.375 70.575 -137.764 -75.724
3 0 70.944 -137.745 -76.298 70.575 -137.764 -75.724 72.830 -140.599 -74.375
3 0 72.830 -140.599 -74.375 73.199 -140.581 -74.950 70.944 -137.745 -76.298
3 0 71.126 -137.903 -76.937 70.944 -137.745 -76.298 73.199 -140.581 -74.950
3 0 73.199 -140.581 -74.950 73.383 -140.744 -75.587 71.126 -137.903 -76.937
3 0 71.091 -138.213 -77.545 71.126 -137.903 -76.937 73.383 -140.744 -75.587
3 0 73.383 -140.744 -75.587 73.354 -141.063 -76.190 71.091 -138.213 -77.545
3 0 70.845 -138.629 -78.027 71.091 -138.213 -77.545 73.354 -141.063 -76.190
3 0 73.354 -141.063 -76.190 73.116 -141.490 -76.667 70.845 -138.629 -78.027
3 0 70.426 -139.087 -78.312 70.845 -138.629 -78.027 73.116 -141.490 -76.667
3 0 73.116 -141.490 -76.667 72.706 -141.959 -76.945 70.426 -139.087 -78.312
3 0 69.898 -139.517 -78.356 70.426 -139.087 -78.312 72.706 -141.959 -76.945
3 0 72.706 -141.959 -76.945 72.185 -142.400 -76.982 69.898 -139.517 -78.356
3 0 69.340 -139.854 -78.152 69.898 -139.517 -78.356 72.185 -142.400 -76.982
3 0 72.185 -142.400 -76.982 71.634 -142.745 -76.773 69.340 -139.854 -78.152
3 0 68.838 -140.047 -77.730 69.340 -139.854 -78.152 71.634 -142.745 -76.773
3 0 71.634 -142.745 -76.773 71.137 -142.941 -76.349 68.838 -140.047 -77.730
3 0 62.108 -140.298 -78.808 62.535 -139.853 -78.517 64.826 -142.883 -77.137
3 0 64.826 -142.883 -77.137 64.407 -143.340 -77.421 62.108 -140.298 -78.808
3 0 61.571 -140.718 -78.858 62.108 -140.298 -78.808 64.407 -143.340 -77.421
3 0 64.407 -143.340 -77.421 63.879 -143.771 -77.465 61.571 -140.718 -78.858
3 0 61.007 -141.047 -78.658 61.571 -140.718 -78.858 63.879 -143.771 -77.465
3 0 63.879 -143.771 -77.465 63.321 -144.108 -77.261 61.007 -141.047 -78.658
3 0 60.502 -141.236 -78.240 61.007 -141.047 -78.658 63.321 -144.108 -77.261
3 0 63.321 -144.108 -77.261 62.819 -144.300 -76.840 60.502 -141.236 -78.240
3 0 60.131 -141.255 -77.667 60.502 -141.236 -78.240 62.819 -144.300 -76.840
3 0 62.819 -144.300 -76.840 62.450 -144.319 -76.266 60.131 -141.255 -77.667
3 0 59.953 -141.103 -77.025 60.131 -141.255 -77.667 62.450 -144.319 -76.266
3 0 62.450 -144.319 -76.266 62.269 -144.162 -75.627 59.953 -141.103 -77.025
3 0 59.993 -140.801 -76.414 59.953 -141.103 -77.025 62.269 -144.162 -75.627
3 0 62.269 -144.162 -75.627 62.304 -143.852 -75.019 59.993 -140.801 -76.414
3 0 60.246 -140.397 -75.926 59.993 -140.801 -76.414 62.304 -143.852 -75.019
3 0 62.304 -143.852 -75.019 62.549 -143.436 -74.537 60.246 -140.397 -75.926
3 0 60.674 -139.951 -75.634 60.246 -140.397 -75.926 62.549 -143.436 -74.537
3 0 62.549 -143.436 -74.537 62.968 -142.978 -74.252 60.674 -139.951 -75.634
3 0 61.210 -139.532 -75.585 60.674 -139.951 -75.634 62.968 -142.978 -74.252
3 0 62.968 -142.978 -74.252 63.497 -142.548 -74.208 61.210 -139.532 -75.585
3 0 61.774 -139.203 -75.784 61.210 -139.532 -75.585 63.497 -142.548 -74.208
3 0 63.497 -142.548 -74.208 64.054 -142.211 -74.412 61.774 -139.203 -75.784
3 0 62.280 -139.014 -76.202 61.774 -139.203 -75.784 64.054 -142.211 -74.412
3 0 64.054 -142.211 -74.412 64.556 -142.018 -74.834 62.280 -139.014 -76.202
3 0 66.414 -141.922 -77.718 64.142 -138.915 -79.085 64.569 -138.469 -78.794
3 0 64.569 -138.469 -78.794 66.833 -141.465 -77.434 66.414 -141.922 -77.718
3 0 65.885 -142.353 -77.762 63.605 -139.335 -79.135 64.142 -138.915 -79.085
3 0 64.142 -138.915 -79.085 66.414 -141.922 -77.718 65.885 -142.353 -77.762
3 0 65.328 -142.690 -77.558 63.041 -139.664 -78.935 63.605 -139.335 -79.135
3 0 63.605 -139.335 -79.135 65.885 -142.353 -77.762 65.328 -142.690 -77.558
3 0 64.826 -142.883 -77.137 62.535 -139.853 -78.517 63.041 -139.664 -78.935
3 0 63.041 -139.664 -78.935 65.328 -142.690 -77.558 64.826 -142.883 -77.137
3 0 64.975 -141.560 -74.549 62.708 -138.568 -75.911 62.280 -139.014 -76.202
3 0 62.280 -139.014 -76.202 64.556 -142.018 -74.834 64.975 -141.560 -74.549
3 0 65.503 -141.130 -74.505 63.244 -138.149 -75.861 62.708 -138.568 -75.911
3 0 62.708 -138.568 -75.911 64.975 -141.560 -74.549 65.503 -141.130 -74.505
3 0 66.061 -140.793 -74.709 63.808 -137.820 -76.061 63.244 -138.149 -75.861
3 0 63.244 -138.149 -75.861 65.503 -141.130 -74.505 66.061 -140.793 -74.709
3 0 66.562 -140.600 -75.130 64.314 -137.631 -76.479 63.808 -137.820 -76.061
3 0 63.808 -137.820 -76.061 66.061 -140.793 -74.709 66.562 -140.600 -75.130
3 0 68.420 -140.505 -78.015 66.174 -137.533 -79.362 66.602 -137.087 -79.070
3 0 66.602 -137.087 -79.070 68.838 -140.047 -77.730 68.420 -140.505 -78.015
3 0 67.891 -140.935 -78.059 65.638 -137.952 -79.411 66.174 -137.533 -79.362
3 0 66.174 -137.533 -79.362 68.420 -140.505 -78.015 67.891 -140.935 -78.059
3 0 67.334 -141.272 -77.855 65.074 -138.281 -79.212 65.638 -137.952 -79.411
3 0 65.638 -137.952 -79.411 67.891 -140.935 -78.059 67.334 -141.272 -77.855
3 0 66.833 -141.465 -77.434 64.569 -138.469 -78.794 65.074 -138.281 -79.212
3 0 65.074 -138.281 -79.212 67.334 -141.272 -77.855 66.833 -141.465 -77.434
3 0 66.981 -140.143 -74.845 64.740 -137.186 -76.188 64.314 -137.631 -76.479
3 0 64.314 -137.631 -76.479 66.562 -140.600 -75.130 66.981 -140.143 -74.845
3 0 67.509 -139.712 -74.802 65.277 -136.766 -76.138 64.740 -137.186 -76.188
3 0 64.740 -137.186 -76.188 66.981 -140.143 -74.845 67.509 -139.712 -74.802
3 0 68.067 -139.375 -75.006 65.841 -136.437 -76.338 65.277 -136.766 -76.138
3 0 65.277 -136.766 -76.138 67.509 -139.712 -74.802 68.067 -139.375 -75.006
3 0 68.568 -139.182 -75.427 66.347 -136.248 -76.756 65.841 -136.437 -76.338
3 0 65.841 -136.437 -76.338 68.067 -139.375 -75.006 68.568 -139.182 -75.427
3 0 66.774 -135.802 -76.465 66.347 -136.248 -76.756 68.568 -139.182 -75.427
3 0 68.568 -139.182 -75.427 68.987 -138.724 -75.142 66.774 -135.802 -76.465
3 0 67.311 -135.383 -76.415 66.774 -135.802 -76.465 68.987 -138.724 -75.142
3 0 68.987 -138.724 -75.142 69.516 -138.294 -75.099 67.311 -135.383 -76.415
3 0 67.875 -135.054 -76.614 67.311 -135.383 -76.415 69.516 -138.294 -75.099
3 0 69.516 -138.294 -75.099 70.073 -137.957 -75.303 67.875 -135.054 -76.614
3 0 68.380 -134.865 -77.033 67.875 -135.054 -76.614 70.073 -137.957 -75.303
3 0 70.073 -137.957 -75.303 70.575 -137.764 -75.724 68.380 -134.865 -77.033
3 0 68.751 -134.846 -77.606 68.380 -134.865 -77.033 70.575 -137.764 -75.724
3 0 70.575 -137.764 -75.724 70.944 -137.745 -76.298 68.751 -134.846 -77.606
3 0 68.929 -134.998 -78.247 68.751 -134.846 -77.606 70.944 -137.745 -76.298
3 0 70.944 -137.745 -76.298 71.126 -137.903 -76.937 68.929 -134.998 -78.247
3 0 68.889 -135.299 -78.859 68.929 -134.998 -78.247 71.126 -137.903 -76.937
3 0 71.126 -137.903 -76.937 71.091 -138.213 -77.545 68.889 -135.299 -78.859
3 0 68.636 -135.704 -79.347 68.889 -135.299 -78.859 71.091 -138.213 -77.545
3 0 71.091 -138.213 -77.545 70.845 -138.629 -78.027 68.636 -135.704 -79.347
3 0 68.208 -136.150 -79.638 68.636 -135.704 -79.347 70.845 -138.629 -78.027
3 0 70.845 -138.629 -78.027 70.426 -139.087 -78.312 68.208 -136.150 -79.638
3 0 67.672 -136.569 -79.688 68.208 -136.150 -79.638 70.426 -139.087 -78.312
3 0 70.426 -139.087 -78.312 69.898 -139.517 -78.356 67.672 -136.569 -79.688
3 0 67.108 -136.898 -79.489 67.672 -136.569 -79.688 69.898 -139.517 -78.356
3 0 69.898 -139.517 -78.356 69.340 -139.854 -78.152 67.108 -136.898 -79.489
3 0 66.602 -137.087 -79.070 67.108 -136.898 -79.489 69.340 -139.854 -78.152
3 0 69.340 -139.854 -78.152 68.838 -140.047 -77.730 66.602 -137.087 -79.070
3 0 59.858 -137.190 -80.161 60.295 -136.758 -79.863 62.535 -139.853 -78.517
3 0 62.535 -139.853 -78.517 62.108 -140.298 -78.808 59.858 -137.190 -80.161
3 0 59.312 -137.597 -80.218 59.858 -137.190 -80.161 62.108 -140.298 -78.808
3 0 62.108 -140.298 -78.808 61.571 -140.718 -78.858 59.312 -137.597 -80.218
3 0 58.741 -137.916 -80.023 59.312 -137.597 -80.218 61.571 -140.718 -78.858
3 0 61.571 -140.718 -78.858 61.007 -141.047 -78.658 58.741 -137.916 -80.023
3 0 58.231 -138.100 -79.608 58.741 -137.916 -80.023 61.007 -141.047 -78.658
3 0 61.007 -141.047 -78.658 60.502 -141.236 -78.240 58.231 -138.100 -79.608
3 0 57.860 -138.121 -79.035 58.231 -138.100 -79.608 60.502 -141.236 -78.240
3 0 60.502 -141.236 -78.240 60.131 -141.255 -77.667 57.860 -138.121 -79.035
3 0 57.684 -137.974 -78.392 57.860 -138.121 -79.035 60.131 -141.255 -77.667
3 0 60.131 -141.255 -77.667 59.953 -141.103 -77.025 57.684 -137.974 -78.392
3 0 57.731 -137.683 -77.776 57.684 -137.974 -78.392 59.953 -141.103 -77.025
3 0 59.953 -141.103 -77.025 59.993 -140.801 -76.414 57.731 -137.683 -77.776
3 0 57.992 -137.292 -77.282 57.731 -137.683 -77.776 59.993 -140.801 -76.414
3 0 59.993 -140.801 -76.414 60.246 -140.397 -75.926 57.992 -137.292 -77.282
3 0 58.429 -136.860 -76.983 57.992 -137.292 -77.282 60.246 -140.397 -75.926
3 0 60.246 -140.397 -75.926 60.674 -139.951 -75.634 58.429 -136.860 -76.983
3 0 58.975 -136.453 -76.927 58.429 -136.860 -76.983 60.674 -139.951 -75.634
3 0 60.674 -139.951 -75.634 61.210 -139.532 -75.585 58.975 -136.453 -76.927
3 0 59.546 -136.133 -77.121 58.975 -136.453 -76.927 61.210 -139.532 -75.585
3 0 61.210 -139.532 -75.585 61.774 -139.203 -75.784 59.546 -136.133 -77.121
3 0 60.056 -135.950 -77.536 59.546 -136.133 -77.121 61.774 -139.203 -75.784
3 0 61.774 -139.203 -75.784 62.280 -139.014 -76.202 60.056 -135.950 -77.536
3 0 64.142 -138.915 -79.085 61.922 -135.848 -80.416 62.358 -135.416 -80.118
3 0 62.358 -135.416 -80.118 64.569 -138.469 -78.794 64.142 -138.915 -79.085
3 0 63.605 -139.335 -79.135 61.376 -136.255 -80.472 61.922 -135.848 -80.416
3 0 61.922 -135.848 -80.416 64.142 -138.915 -79.085 63.605 -139.335 -79.135
3 0 63.041 -139.664 -78.935 60.805 -136.574 -80.278 61.376 -136.255 -80.472
3 0 61.376 -136.255 -80.472 63.605 -139.335 -79.135 63.041 -139.664 -78.935
3 0 62.535 -139.853 -78.517 60.295 -136.758 -79.863 60.805 -136.574 -80.278
3 0 60.805 -136.574 -80.278 63.041 -139.664 -78.935 62.535 -139.853 -78.517
3 0 62.708 -138.568 -75.911 60.493 -135.518 -77.238 60.056 -135.950 -77.536
3 0 60.056 -135.950 -77.536 62.280 -139.014 -76.202 62.708 -138.568 -75.911
3 0 63.244 -138.149 -75.861 61.039 -135.111 -77.182 60.493 -135.518 -77.238
3 0 60.493 -135.518 -77.238 62.708 -138.568 -75.911 63.244 -138.149 -75.861
3 0 63.808 -137.820 -76.061 61.610 -134.791 -77.376 61.039 -135.111 -77.182
3 0 61.039 -135.111 -77.182 63.244 -138.149 -75.861 63.808 -137.820 -76.061
3 0 64.314 -137.631 -76.479 62.120 -134.607 -77.791 61.610 -134.791 -77.376
3 0 61.610 -134.791 -77.376 63.808 -137.820 -76.061 64.314 -137.631 -76.479
3 0 66.174 -137.533 -79.362 63.985 -134.506 -80.671 64.421 -134.075 -80.373
3 0 64.421 -134.075 -80.373 66.602 -137.087 -79.070 66.174 -137.533 -79.362
3 0 65.638 -137.952 -79.411 63.439 -134.913 -80.727 63.985 -134.506 -80.671
3 0 63.985 -134.506 -80.671 66.174 -137.533 -79.362 65.638 -137.952 -79.411
3 0 65.074 -138.281 -79.212 62.868 -135.233 -80.533 63.439 -134.913 -80.727
3 0 63.439 -134.913 -80.727 65.638 -137.952 -79.411 65.074 -138.281 -79.212
3 0 64.569 -138.469 -78.794 62.358 -135.416 -80.118 62.868 -135.233 -80.533
3 0 62.868 -135.233 -80.533 65.074 -138.281 -79.212 64.569 -138.469 -78.794
3 0 64.740 -137.186 -76.188 62.556 -134.176 -77.493 62.120 -134.607 -77.791
3 0 62.120 -134.607 -77.791 64.314 -137.631 -76.479 64.740 -137.186 -76.188
3 0 65.277 -136.766 -76.138 63.102 -133.769 -77.437 62.556 -134.176 -77.493
3 0 62.556 -134.176 -77.493 64.740 -137.186 -76.188 65.277 -136.766 -76.138
3 0 65.841 -136.437 -76.338 63.673 -133.450 -77.631 63.102 -133.769 -77.437
3 0 63.102 -133.769 -77.437 65.277 -136.766 -76.138 65.841 -136.437 -76.338
3 0 66.347 -136.248 -76.756 64.183 -133.266 -78.046 63.673 -133.450 -77.631
3 0 63.673 -133.450 -77.631 65.841 -136.437 -76.338 66.347 -136.248 -76.756
3 0 64.620 -132.834 -77.748 64.183 -133.266 -78.046 66.347 -136.248 -76.756
3 0 66.347 -136.248 -76.756 66.774 -135.802 -76.465 64.620 -132.834 -77.748
3 0 65.165 -132.427 -77.692 64.620 -132.834 -77.748 66.774 -135.802 -76.465
3 0 66.774 -135.802 -76.465 67.311 -135.383 -76.415 65.165 -132.427 -77.692
3 0 65.737 -132.108 -77.886 65.165 -132.427 -77.692 67.311 -135.383 -76.415
3 0 67.311 -135.383 -76.415 67.875 -135.054 -76.614 65.737 -132.108 -77.886
3 0 66.247 -131.924 -78.301 65.737 -132.108 -77.886 67.875 -135.054 -76.614
3 0 67.875 -135.054 -76.614 68.380 -134.865 -77.033 66.247 -131.924 -78.301
3 0 66.618 -131.903 -78.874 66.247 -131.924 -78.301 68.380 -134.865 -77.033
3 0 68.380 -134.865 -77.033 68.751 -134.846 -77.606 66.618 -131.903 -78.874
3 0 66.793 -132.050 -79.517 66.618 -131.903 -78.874 68.751 -134.846 -77.606
3 0 68.751 -134.846 -77.606 68.929 -134.998 -78.247 66.793 -132.050 -79.517
3 0 66.747 -132.341 -80.133 66.793 -132.050 -79.517 68.929 -134.998 -78.247
3 0 68.929 -134.998 -78.247 68.889 -135.299 -78.859 66.747 -132.341 -80.133
3 0 66.485 -132.732 -80.628 66.747 -132.341 -80.133 68.889 -135.299 -78.859
3 0 68.889 -135.299 -78.859 68.636 -135.704 -79.347 66.485 -132.732 -80.628
3 0 66.048 -133.164 -80.926 66.485 -132.732 -80.628 68.636 -135.704 -79.347
3 0 68.636 -135.704 -79.347 68.208 -136.150 -79.638 66.048 -133.164 -80.926
3 0 65.503 -133.571 -80.982 66.048 -133.164 -80.926 68.208 -136.150 -79.638
3 0 68.208 -136.150 -79.638 67.672 -136.569 -79.688 65.503 -133.571 -80.982
3 0 64.932 -133.891 -80.788 65.503 -133.571 -80.982 67.672 -136.569 -79.688
3 0 67.672 -136.569 -79.688 67.108 -136.898 -79.489 64.932 -133.891 -80.788
3 0 64.421 -134.075 -80.373 64.932 -133.891 -80.788 67.108 -136.898 -79.489
3 0 67.108 -136.898 -79.489 66.602 -137.087 -79.070 64.421 -134.075 -80.373
3 0 57.686 -133.993 -81.463 58.133 -133.577 -81.158 60.295 -136.758 -79.863
3 0 60.295 -136.758 -79.863 59.858 -137.190 -80.161 57.686 -133.993 -81.463
3 0 57.131 -134.385 -81.526 57.686 -133.993 -81.463 59.858 -137.190 -80.161
3 0 59.858 -137.190 -80.161 59.312 -137.597 -80.218 57.131 -134.385 -81.526
3 0 56.552 -134.694 -81.338 57.131 -134.385 -81.526 59.312 -137.597 -80.218
3 0 59.312 -137.597 -80.218 58.741 -137.916 -80.023 56.552 -134.694 -81.338
3 0 56.037 -134.872 -80.926 56.552 -134.694 -81.338 58.741 -137.916 -80.023
3 0 58.741 -137.916 -80.023 58.231 -138.100 -79.608 56.037 -134.872 -80.926
3 0 55.665 -134.893 -80.354 56.037 -134.872 -80.926 58.231 -138.100 -79.608
3 0 58.231 -138.100 -79.608 57.860 -138.121 -79.035 55.665 -134.893 -80.354
3 0 55.492 -134.753 -79.708 55.665 -134.893 -80.354 57.860 -138.121 -79.035
3 0 57.860 -138.121 -79.035 57.684 -137.974 -78.392 55.492 -134.753 -79.708
3 0 55.545 -134.473 -79.087 55.492 -134.753 -79.708 57.684 -137.974 -78.392
3 0 57.684 -137.974 -78.392 57.731 -137.683 -77.776 55.545 -134.473 -79.087
3 0 55.816 -134.097 -78.586 55.545 -134.473 -79.087 57.731 -137.683 -77.776
3 0 57.731 -137.683 -77.776 57.992 -137.292 -77.282 55.816 -134.097 -78.586
3 0 56.263 -133.681 -78.281 55.816 -134.097 -78.586 57.992 -137.292 -77.282
3 0 57.992 -137.292 -77.282 58.429 -136.860 -76.983 56.263 -133.681 -78.281
3 0 56.818 -133.288 -78.217 56.263 -133.681 -78.281 58.429 -136.860 -76.983
3 0 58.429 -136.860 -76.983 58.975 -136.453 -76.927 56.818 -133.288 -78.217
3 0 57.397 -132.980 -78.406 56.818 -133.288 -78.217 58.975 -136.453 -76.927
3 0 58.975 -136.453 -76.927 59.546 -136.133 -77.121 57.397 -132.980 -78.406
3 0 57.912 -132.801 -78.818 57.397 -132.980 -78.406 59.546 -136.133 -77.121
3 0 59.546 -136.133 -77.121 60.056 -135.950 -77.536 57.912 -132.801 -78.818
3 0 61.922 -135.848 -80.416 59.782 -132.698 -81.695 60.229 -132.282 -81.389
3 0 60.229 -132.282 -81.389 62.358 -135.416 -80.118 61.922 -135.848 -80.416
3 0 61.376 -136.255 -80.472 59.227 -133.090 -81.758 59.782 -132.698 -81.695
3 0 59.782 -132.698 -81.695 61.922 -135.848 -80.416 61.376 -136.255 -80.472
3 0 60.805 -136.574 -80.278 58.648 -133.399 -81.569 59.227 -133.090 -81.758
3 0 59.227 -133.090 -81.758 61.376 -136.255 -80.472 60.805 -136.574 -80.278
3 0 60.295 -136.758 -79.863 58.133 -133.577 -81.158 58.648 -133.399 -81.569
3 0 58.648 -133.399 -81.569 60.805 -136.574 -80.278 60.295 -136.758 -79.863
3 0 60.493 -135.518 -77.238 58.359 -132.385 -78.512 57.912 -132.801 -78.818
3 0 57.912 -132.801 -78.818 60.056 -135.950 -77.536 60.493 -135.518 -77.238
3 0 61.039 -135.111 -77.182 58.914 -131.993 -78.449 58.359 -132.385 -78.512
3 0 58.359 -132.385 -78.512 60.493 -135.518 -77.238 61.039 -135.111 -77.182
3 0 61.610 -134.791 -77.376 59.494 -131.684 -78.638 58.914 -131.993 -78.449
3 0 58.914 -131.993 -78.449 61.039 -135.111 -77.182 61.610 -134.791 -77.376
3 0 62.120 -134.607 -77.791 60.008 -131.506 -79.050 59.494 -131.684 -78.638
3 0 59.494 -131.684 -78.638 61.610 -134.791 -77.376 62.120 -134.607 -77.791
3 0 63.985 -134.506 -80.671 61.877 -131.403 -81.926 62.324 -130.987 -81.621
3 0 62.324 -130.987 -81.621 64.421 -134.075 -80.373 63.985 -134.506 -80.671
3 0 63.439 -134.913 -80.727 61.322 -131.795 -81.990 61.877 -131.403 -81.926
3 0 61.877 -131.403 -81.926 63.985 -134.506 -80.671 63.439 -134.913 -80.727
3 0 62.868 -135.233 -80.533 60.743 -132.104 -81.801 61.322 -131.795 -81.990
3 0 61.322 -131.795 -81.990 63.439 -134.913 -80.727 62.868 -135.233 -80.533
3 0 62.358 -135.416 -80.118 60.229 -132.282 -81.389 60.743 -132.104 -81.801
3 0 60.743 -132.104 -81.801 62.868 -135.233 -80.533 62.358 -135.416 -80.118
3 0 62.556 -134.176 -77.493 60.454 -131.090 -78.744 60.008 -131.506 -79.050
3 0 60.008 -131.506 -79.050 62.120 -134.607 -77.791 62.556 -134.176 -77.493
3 0 63.102 -133.769 -77.437 61.010 -130.698 -78.681 60.454 -131.090 -78.744
3 0 60.454 -131.090 -78.744 62.556 -134.176 -77.493 63.102 -133.769 -77.437
3 0 63.673 -133.450 -77.631 61.589 -130.389 -78.869 61.010 -130.698 -78.681
3 0 61.010 -130.698 -78.681 63.102 -133.769 -77.437 63.673 -133.450 -77.631
3 0 64.183 -133.266 -78.046 62.103 -130.211 -79.281 61.589 -130.389 -78.869
3 0 61.589 -130.389 -78.869 63.673 -133.450 -77.631 64.183 -133.266 -78.046
3 0 62.551 -129.795 -78.976 62.103 -130.211 -79.281 64.183 -133.266 -78.046
3 0 64.183 -133.266 -78.046 64.620 -132.834 -77.748 62.551 -129.795 -78.976
3 0 63.106 -129.402 -78.913 62.551 -129.795 -78.976 64.620 -132.834 -77.748
3 0 64.620 -132.834 -77.748 65.165 -132.427 -77.692 63.106 -129.402 -78.913
3 0 63.685 -129.094 -79.101 63.106 -129.402 -78.913 65.165 -132.427 -77.692
3 0 65.165 -132.427 -77.692 65.737 -132.108 -77.886 63.685 -129.094 -79.101
3 0 64.200 -128.915 -79.513 63.685 -129.094 -79.101 65.737 -132.108 -77.886
3 0 65.737 -132.108 -77.886 66.247 -131.924 -78.301 64.200 -128.915 -79.513
3 0 64.571 -128.895 -80.085 64.200 -128.915 -79.513 66.247 -131.924 -78.301
3 0 66.247 -131.924 -78.301 66.618 -131.903 -78.874 64.571 -128.895 -80.085
3 0 64.744 -129.035 -80.731 64.571 -128.895 -80.085 66.618 -131.903 -78.874
3 0 66.618 -131.903 -78.874 66.793 -132.050 -79.517 64.744 -129.035 -80.731
3 0 64.691 -129.315 -81.351 64.744 -129.035 -80.731 66.793 -132.050 -79.517
3 0 66.793 -132.050 -79.517 66.747 -132.341 -80.133 64.691 -129.315 -81.351
3 0 64.420 -129.691 -81.853 64.691 -129.315 -81.351 66.747 -132.341 -80.133
3 0 66.747 -132.341 -80.133 66.485 -132.732 -80.628 64.420 -129.691 -81.853
3 0 63.973 -130.107 -82.158 64.420 -129.691 -81.853 66.485 -132.732 -80.628
3 0 66.485 -132.732 -80.628 66.048 -133.164 -80.926 63.973 -130.107 -82.158
3 0 63.418 -130.500 -82.221 63.973 -130.107 -82.158 66.048 -133.164 -80.926
3 0 66.048 -133.164 -80.926 65.503 -133.571 -80.982 63.418 -130.500 -82.221
3 0 62.839 -130.808 -82.033 63.418 -130.500 -82.221 65.503 -133.571 -80.982
3 0 65.503 -133.571 -80.982 64.932 -133.891 -80.788 62.839 -130.808 -82.033
3 0 62.324 -130.987 -81.621 62.839 -130.808 -82.033 64.932 -133.891 -80.788
3 0 64.932 -133.891 -80.788 64.421 -134.075 -80.373 62.324 -130.987 -81.621
3 0 55.590 -130.733 -82.714 56.047 -130.332 -82.402 58.133 -133.577 -81.158
3 0 58.133 -133.577 -81.158 57.686 -133.993 -81.463 55.590 -130.733 -82.714
3 0 55.026 -131.112 -82.784 55.590 -130.733 -82.714 57.686 -133.993 -81.463
3 0 57.686 -133.993 -81.463 57.131 -134.385 -81.526 55.026 -131.112 -82.784
3 0 54.440 -131.410 -82.600 55.026 -131.112 -82.784 57.131 -134.385 -81.526
3 0 57.131 -134.385 -81.526 56.552 -134.694 -81.338 54.440 -131.410 -82.600
3 0 53.921 -131.583 -82.191 54.440 -131.410 -82.600 56.552 -134.694 -81.338
3 0 56.552 -134.694 -81.338 56.037 -134.872 -80.926 53.921 -131.583 -82.191
3 0 53.548 -131.603 -81.620 53.921 -131.583 -82.191 56.037 -134.872 -80.926
3 0 56.037 -134.872 -80.926 55.665 -134.893 -80.354 53.548 -131.603 -81.620
3 0 53.379 -131.469 -80.972 53.548 -131.603 -81.620 55.665 -134.893 -80.354
3 0 55.665 -134.893 -80.354 55.492 -134.753 -79.708 53.379 -131.469 -80.972
3 0 53.438 -131.200 -80.347 53.379 -131.469 -80.972 55.492 -134.753 -79.708
3 0 55.492 -134.753 -79.708 55.545 -134.473 -79.087 53.438 -131.200 -80.347
3 0 53.717 -130.838 -79.840 53.438 -131.200 -80.347 55.545 -134.473 -79.087
3 0 55.545 -134.473 -79.087 55.816 -134.097 -78.586 53.717 -130.838 -79.840
3 0 54.173 -130.437 -79.528 53.717 -130.838 -79.840 55.816 -134.097 -78.586
3 0 55.816 -134.097 -78.586 56.263 -133.681 -78.281 54.173 -130.437 -79.528
3 0 54.737 -130.059 -79.459 54.173 -130.437 -79.528 56.263 -133.681 -78.281
3 0 56.263 -133.681 -78.281 56.818 -133.288 -78.217 54.737 -130.059 -79.459
3 0 55.323 -129.760 -79.642 54.737 -130.059 -79.459 56.818 -133.288 -78.217
3 0 56.818 -133.288 -78.217 57.397 -132.980 -78.406 55.323 -129.760 -79.642
3 0 55.842 -129.588 -80.051 55.323 -129.760 -79.642 57.397 -132.980 -78.406
3 0 57.397 -132.980 -78.406 57.912 -132.801 -78.818 55.842 -129.588 -80.051
3 0 59.782 -132.698 -81.695 57.716 -129.483 -82.925 58.172 -129.082 -82.613
3 0 58.172 -129.082 -82.613 60.229 -132.282 -81.389 59.782 -132.698 -81.695
3 0 59.227 -133.090 -81.758 57.152 -129.862 -82.995 57.716 -129.483 -82.925
3 0 57.716 -129.483 -82.925 59.782 -132.698 -81.695 59.227 -133.090 -81.758
3 0 58.648 -133.399 -81.569 56.566 -130.160 -82.811 57.152 -129.862 -82.995
3 0 57.152 -129.862 -82.995 59.227 -133.090 -81.758 58.648 -133.399 -81.569
3 0 58.133 -133.577 -81.158 56.047 -130.332 -82.402 56.566 -130.160 -82.811
3 0 56.566 -130.160 -82.811 58.648 -133.399 -81.569 58.133 -133.577 -81.158
3 0 58.359 -132.385 -78.512 56.298 -129.187 -79.739 55.842 -129.588 -80.051
3 0 55.842 -129.588 -80.051 57.912 -132.801 -78.818 58.359 -132.385 -78.512
3 0 58.914 -131.993 -78.449 56.862 -128.808 -79.670 56.298 -129.187 -79.739
3 0 56.298 -129.187 -79.739 58.359 -132.385 -78.512 58.914 -131.993 -78.449
3 0 59.494 -131.684 -78.638 57.449 -128.510 -79.853 56.862 -128.808 -79.670
3 0 56.862 -128.808 -79.670 58.914 -131.993 -78.449 59.494 -131.684 -78.638
3 0 60.008 -131.506 -79.050 57.968 -128.338 -80.262 57.449 -128.510 -79.853
3 0 57.449 -128.510 -79.853 59.494 -131.684 -78.638 60.008 -131.506 -79.050
3 0 61.877 -131.403 -81.926 59.841 -128.233 -83.136 60.297 -127.833 -82.824
3 0 60.297 -127.833 -82.824 62.324 -130.987 -81.621 61.877 -131.403 -81.926
3 0 61.322 -131.795 -81.990 59.277 -128.612 -83.205 59.841 -128.233 -83.136
3 0 59.841 -128.233 -83.136 61.877 -131.403 -81.926 61.322 -131.795 -81.990
3 0 60.743 -132.104 -81.801 58.691 -128.910 -83.022 59.277 -128.612 -83.205
3 0 59.277 -128.612 -83.205 61.322 -131.795 -81.990 60.743 -132.104 -81.801
3 0 60.229 -132.282 -81.389 58.172 -129.082 -82.613 58.691 -128.910 -83.022
3 0 58.691 -128.910 -83.022 60.743 -132.104 -81.801 60.229 -132.282 -81.389
3 0 60.454 -131.090 -78.744 58.423 -127.937 -79.950 57.968 -128.338 -80.262
3 0 57.968 -128.338 -80.262 60.008 -131.506 -79.050 60.454 -131.090 -78.744
3 0 61.010 -130.698 -78.681 58.987 -127.559 -79.880 58.423 -127.937 -79.950
3 0 58.423 -127.937 -79.950 60.454 -131.090 -78.744 61.010 -130.698 -78.681
3 0 61.589 -130.389 -78.869 59.573 -127.261 -80.064 58.987 -127.559 -79.880
3 0 58.987 -127.559 -79.880 61.010 -130.698 -78.681 61.589 -130.389 -78.869
3 0 62.103 -130.211 -79.281 60.092 -127.088 -80.473 59.573 -127.261 -80.064
3 0 59.573 -127.261 -80.064 61.589 -130.389 -78.869 62.103 -130.211 -79.281
3 0 60.549 -126.687 -80.161 60.092 -127.088 -80.473 62.103 -130.211 -79.281
3 0 62.103 -130.211 -79.281 62.551 -129.795 -78.976 60.549 -126.687 -80.161
3 0 61.113 -126.309 -80.091 60.549 -126.687 -80.161 62.551 -129.795 -78.976
3 0 62.551 -129.795 -78.976 63.106 -129.402 -78.913 61.113 -126.309 -80.091
3 0 61.699 -126.010 -80.275 61.113 -126.309 -80.091 63.106 -129.402 -78.913
3 0 63.106 -129.402 -78.913 63.685 -129.094 -79.101 61.699 -126.010 -80.275
3 0 62.218 -125.838 -80.684 61.699 -126.010 -80.275 63.685 -129.094 -79.101
3 0 63.685 -129.094 -79.101 64.200 -128.915 -79.513 62.218 -125.838 -80.684
3 0 62.591 -125.817 -81.255 62.218 -125.838 -80.684 64.200 -128.915 -79.513
3 0 64.200 -128.915 -79.513 64.571 -128.895 -80.085 62.591 -125.817 -81.255
3 0 62.760 -125.951 -81.903 62.591 -125.817 -81.255 64.571 -128.895 -80.085
3 0 64.571 -128.895 -80.085 64.744 -129.035 -80.731 62.760 -125.951 -81.903
3 0 62.701 -126.220 -82.528 62.760 -125.951 -81.903 64.744 -129.035 -80.731
3 0 64.744 -129.035 -80.731 64.691 -129.315 -81.351 62.701 -126.220 -82.528
3 0 62.423 -126.582 -83.035 62.701 -126.220 -82.528 64.691 -129.315 -81.351
3 0 64.691 -129.315 -81.351 64.420 -129.691 -81.853 62.423 -126.582 -83.035
3 0 61.966 -126.983 -83.347 62.423 -126.582 -83.035 64.420 -129.691 -81.853
3 0 64.420 -129.691 -81.853 63.973 -130.107 -82.158 61.966 -126.983 -83.347
3 0 61.402 -127.362 -83.416 61.966 -126.983 -83.347 63.973 -130.107 -82.158
3 0 63.973 -130.107 -82.158 63.418 -130.500 -82.221 61.402 -127.362 -83.416
3 0 60.816 -127.660 -83.233 61.402 -127.362 -83.416 63.418 -130.500 -82.221
3 0 63.418 -130.500 -82.221 62.839 -130.808 -82.033 60.816 -127.660 -83.233
3 0 60.297 -127.833 -82.824 60.816 -127.660 -83.233 62.839 -130.808 -82.033
3 0 62.839 -130.808 -82.033 62.324 -130.987 -81.621 60.297 -127.833 -82.824
3 0 53.573 -127.407 -83.915 54.038 -127.021 -83.597 56.047 -130.332 -82.402
3 0 56.047 -130.332 -82.402 55.590 -130.733 -82.714 53.573 -127.407 -83.915
3 0 53.001 -127.771 -83.990 53.573 -127.407 -83.915 55.590 -130.733 -82.714
3 0 55.590 -130.733 -82.714 55.026 -131.112 -82.784 53.001 -127.771 -83.990
3 0 52.408 -128.058 -83.811 53.001 -127.771 -83.990 55.026 -131.112 -82.784
3 0 55.026 -131.112 -82.784 54.440 -131.410 -82.600 52.408 -128.058 -83.811
3 0 51.885 -128.225 -83.406 52.408 -128.058 -83.811 54.440 -131.410 -82.600
3 0 54.440 -131.410 -82.600 53.921 -131.583 -82.191 51.885 -128.225 -83.406
3 0 51.511 -128.246 -82.834 51.885 -128.225 -83.406 53.921 -131.583 -82.191
3 0 53.921 -131.583 -82.191 53.548 -131.603 -81.620 51.511 -128.246 -82.834
3 0 51.344 -128.117 -82.185 51.511 -128.246 -82.834 53.548 -131.603 -81.620
3 0 53.548 -131.603 -81.620 53.379 -131.469 -80.972 51.344 -128.117 -82.185
3 0 51.409 -127.860 -81.556 51.344 -128.117 -82.185 53.379 -131.469 -80.972
3 0 53.379 -131.469 -80.972 53.438 -131.200 -80.347 51.409 -127.860 -81.556
3 0 51.695 -127.511 -81.043 51.409 -127.860 -81.556 53.438 -131.200 -80.347
3 0 53.438 -131.200 -80.347 53.717 -130.838 -79.840 51.695 -127.511 -81.043
3 0 52.161 -127.126 -80.725 51.695 -127.511 -81.043 53.717 -130.838 -79.840
3 0 53.717 -130.838 -79.840 54.173 -130.437 -79.528 52.161 -127.126 -80.725
3 0 52.733 -126.762 -80.650 52.161 -127.126 -80.725 54.173 -130.437 -79.528
3 0 54.173 -130.437 -79.528 54.737 -130.059 -79.459 52.733 -126.762 -80.650
3 0 53.326 -126.474 -80.829 52.733 -126.762 -80.650 54.737 -130.059 -79.459
3 0 54.737 -130.059 -79.459 55.323 -129.760 -79.642 53.326 -126.474 -80.829
3 0 53.849 -126.308 -81.235 53.326 -126.474 -80.829 55.323 -129.760 -79.642
3 0 55.323 -129.760 -79.642 55.842 -129.588 -80.051 53.849 -126.308 -81.235
3 0 57.716 -129.483 -82.925 55.727 -126.203 -84.106 56.192 -125.817 -83.788
3 0 56.192 -125.817 -83.788 58.172 -129.082 -82.613 57.716 -129.483 -82.925
3 0 57.152 -129.862 -82.995 55.155 -126.567 -84.181 55.727 -126.203 -84.106
3 0 55.727 -126.203 -84.106 57.716 -129.483 -82.925 57.152 -129.862 -82.995
3 0 56.566 -130.160 -82.811 54.562 -126.854 -84.003 55.155 -126.567 -84.181
3 0 55.155 -126.567 -84.181 57.152 -129.862 -82.995 56.566 -130.160 -82.811
3 0 56.047 -130.332 -82.402 54.038 -127.021 -83.597 54.562 -126.854 -84.003
3 0 54.562 -126.854 -84.003 56.566 -130.160 -82.811 56.047 -130.332 -82.402
3 0 56.298 -129.187 -79.739 54.315 -125.922 -80.916 53.849 -126.308 -81.235
3 0 53.849 -126.308 -81.235 55.842 -129.588 -80.051 56.298 -129.187 -79.739
3 0 56.862 -128.808 -79.670 54.887 -125.558 -80.841 54.315 -125.922 -80.916
3 0 54.315 -125.922 -80.916 56.298 -129.187 -79.739 56.862 -128.808 -79.670
3 0 57.449 -128.510 -79.853 55.480 -125.270 -81.020 54.887 -125.558 -80.841
3 0 54.887 -125.558 -80.841 56.862 -128.808 -79.670 57.449 -128.510 -79.853
3 0 57.968 -128.338 -80.262 56.003 -125.104 -81.426 55.480 -125.270 -81.020
3 0 55.480 -125.270 -81.020 57.449 -128.510 -79.853 57.968 -128.338 -80.262
3 0 59.841 -128.233 -83.136 57.880 -124.999 -84.297 58.346 -124.614 -83.979
3 0 58.346 -124.614 -83.979 60.297 -127.833 -82.824 59.841 -128.233 -83.136
3 0 59.277 -128.612 -83.205 57.308 -125.363 -84.373 57.880 -124.999 -84.297
3 0 57.880 -124.999 -84.297 59.841 -128.233 -83.136 59.277 -128.612 -83.205
3 0 58.691 -128.910 -83.022 56.715 -125.651 -84.194 57.308 -125.363 -84.373
3 0 57.308 -125.363 -84.373 59.277 -128.612 -83.205 58.691 -128.910 -83.022
3 0 58.172 -129.082 -82.613 56.192 -125.817 -83.788 56.715 -125.651 -84.194
3 0 56.715 -125.651 -84.194 58.691 -128.910 -83.022 58.172 -129.082 -82.613
3 0 58.423 -127.937 -79.950 56.468 -124.718 -81.107 56.003 -125.104 -81.426
3 0 56.003 -125.104 -81.426 57.968 -128.338 -80.262 58.423 -127.937 -79.950
3 0 58.987 -127.559 -79.880 57.040 -124.354 -81.032 56.468 -124.718 -81.107
3 0 56.468 -124.718 -81.107 58.423 -127.937 -79.950 58.987 -127.559 -79.880
3 0 59.573 -127.261 -80.064 57.633 -124.067 -81.211 57.040 -124.354 -81.032
3 0 57.040 -124.354 -81.032 58.987 -127.559 -79.880 59.573 -127.261 -80.064
3 0 60.092 -127.088 -80.473 58.156 -123.900 -81.617 57.633 -124.067 -81.211
3 0 57.633 -124.067 -81.211 59.573 -127.261 -80.064 60.092 -127.088 -80.473
3 0 58.622 -123.514 -81.298 58.156 -123.900 -81.617 60.092 -127.088 -80.473
3 0 60.092 -127.088 -80.473 60.549 -126.687 -80.161 58.622 -123.514 -81.298
3 0 59.194 -123.150 -81.223 58.622 -123.514 -81.298 60.549 -126.687 -80.161
3 0 60.549 -126.687 -80.161 61.113 -126.309 -80.091 59.194 -123.150 -81.223
3 0 59.787 -122.863 -81.402 59.194 -123.150 -81.223 61.113 -126.309 -80.091
3 0 61.113 -126.309 -80.091 61.699 -126.010 -80.275 59.787 -122.863 -81.402
3 0 60.310 -122.696 -81.808 59.787 -122.863 -81.402 61.699 -126.010 -80.275
3 0 61.699 -126.010 -80.275 62.218 -125.838 -80.684 60.310 -122.696 -81.808
3 0 60.684 -122.675 -82.379 60.310 -122.696 -81.808 62.218 -125.838 -80.684
3 0 62.218 -125.838 -80.684 62.591 -125.817 -81.255 60.684 -122.675 -82.379
3 0 60.851 -122.804 -83.029 60.684 -122.675 -82.379 62.591 -125.817 -81.255
3 0 62.591 -125.817 -81.255 62.760 -125.951 -81.903 60.851 -122.804 -83.029
3 0 60.786 -123.061 -83.657 60.851 -122.804 -83.029 62.760 -125.951 -81.903
3 0 62.760 -125.951 -81.903 62.701 -126.220 -82.528 60.786 -123.061 -83.657
3 0 60.500 -123.410 -84.170 60.786 -123.061 -83.657 62.701 -126.220 -82.528
3 0 62.701 -126.220 -82.528 62.423 -126.582 -83.035 60.500 -123.410 -84.170
3 0 60.034 -123.795 -84.488 60.500 -123.410 -84.170 62.423 -126.582 -83.035
3 0 62.423 -126.582 -83.035 61.966 -126.983 -83.347 60.034 -123.795 -84.488
3 0 59.462 -124.159 -84.564 60.034 -123.795 -84.488 61.966 -126.983 -83.347
3 0 61.966 -126.983 -83.347 61.402 -127.362 -83.416 59.462 -124.159 -84.564
3 0 58.869 -124.447 -84.385 59.462 -124.159 -84.564 61.402 -127.362 -83.416
3 0 61.402 -127.362 -83.416 60.816 -127.660 -83.233 58.869 -124.447 -84.385
3 0 58.346 -124.614 -83.979 58.869 -124.447 -84.385 60.816 -127.660 -83.233
3 0 60.816 -127.660 -83.233 60.297 -127.833 -82.824 58.346 -124.614 -83.979
3 0 51.629 -124.012 -85.069 52.103 -123.643 -84.745 54.038 -127.021 -83.597
3 0 54.038 -127.021 -83.597 53.573 -127.407 -83.915 51.629 -124.012 -85.069
3 0 51.047 -124.360 -85.151 51.629 -124.012 -85.069 53.573 -127.407 -83.915
3 0 53.573 -127.407 -83.915 53.001 -127.771 -83.990 51.047 -124.360 -85.151
3 0 50.447 -124.636 -84.977 51.047 -124.360 -85.151 53.001 -127.771 -83.990
3 0 53.001 -127.771 -83.990 52.408 -128.058 -83.811 50.447 -124.636 -84.977
3 0 49.920 -124.796 -84.574 50.447 -124.636 -84.977 52.408 -128.058 -83.811
3 0 52.408 -128.058 -83.811 51.885 -128.225 -83.406 49.920 -124.796 -84.574
3 0 49.546 -124.817 -84.003 49.920 -124.796 -84.574 51.885 -128.225 -83.406
3 0 51.885 -128.225 -83.406 51.511 -128.246 -82.834 49.546 -124.817 -84.003
3 0 49.381 -124.695 -83.352 49.546 -124.817 -84.003 51.511 -128.246 -82.834
3 0 51.511 -128.246 -82.834 51.344 -128.117 -82.185 49.381 -124.695 -83.352
3 0 49.452 -124.449 -82.719 49.381 -124.695 -83.352 51.344 -128.117 -82.185
3 0 51.344 -128.117 -82.185 51.409 -127.860 -81.556 49.452 -124.449 -82.719
3 0 49.747 -124.116 -82.200 49.452 -124.449 -82.719 51.409 -127.860 -81.556
3 0 51.409 -127.860 -81.556 51.695 -127.511 -81.043 49.747 -124.116 -82.200
3 0 50.221 -123.747 -81.876 49.747 -124.116 -82.200 51.695 -127.511 -81.043
3 0 51.695 -127.511 -81.043 52.161 -127.126 -80.725 50.221 -123.747 -81.876
3 0 50.803 -123.399 -81.794 50.221 -123.747 -81.876 52.161 -127.126 -80.725
3 0 52.161 -127.126 -80.725 52.733 -126.762 -80.650 50.803 -123.399 -81.794
3 0 51.403 -123.124 -81.968 50.803 -123.399 -81.794 52.733 -126.762 -80.650
3 0 52.733 -126.762 -80.650 53.326 -126.474 -80.829 51.403 -123.124 -81.968
3 0 51.930 -122.963 -82.371 51.403 -123.124 -81.968 53.326 -126.474 -80.829
3 0 53.326 -126.474 -80.829 53.849 -126.308 -81.235 51.930 -122.963 -82.371
3 0 55.727 -126.203 -84.106 53.812 -122.859 -85.240 54.287 -122.491 -84.915
3 0 54.287 -122.491 -84.915 56.192 -125.817 -83.788 55.727 -126.203 -84.106
3 0 55.155 -126.567 -84.181 53.231 -123.208 -85.322 53.812 -122.859 -85.240
3 0 53.812 -122.859 -85.240 55.727 -126.203 -84.106 55.155 -126.567 -84.181
3 0 54.562 -126.854 -84.003 52.631 -123.483 -85.148 53.231 -123.208 -85.322
3 0 53.231 -123.208 -85.322 55.155 -126.567 -84.181 54.562 -126.854 -84.003
3 0 54.038 -127.021 -83.597 52.103 -123.643 -84.745 52.631 -123.483 -85.148
3 0 52.631 -123.483 -85.148 54.562 -126.854 -84.003 54.038 -127.021 -83.597
3 0 54.315 -125.922 -80.916 52.405 -122.595 -82.047 51.930 -122.963 -82.371
3 0 51.930 -122.963 -82.371 53.849 -126.308 -81.235 54.315 -125.922 -80.916
3 0 54.887 -125.558 -80.841 52.986 -122.246 -81.965 52.405 -122.595 -82.047
3 0 52.405 -122.595 -82.047 54.315 -125.922 -80.916 54.887 -125.558 -80.841
3 0 55.480 -125.270 -81.020 53.586 -121.971 -82.139 52.986 -122.246 -81.965
3 0 52.986 -122.246 -81.965 54.887 -125.558 -80.841 55.480 -125.270 -81.020
3 0 56.003 -125.104 -81.426 54.114 -121.811 -82.542 53.586 -121.971 -82.139
3 0 53.586 -121.971 -82.139 55.480 -125.270 -81.020 56.003 -125.104 -81.426
3 0 57.880 -124.999 -84.297 55.995 -121.707 -85.411 56.469 -121.338 -85.086
3 0 56.469 -121.338 -85.086 58.346 -124.614 -83.979 57.880 -124.999 -84.297
3 0 57.308 -125.363 -84.373 55.414 -122.055 -85.492 55.995 -121.707 -85.411
3 0 55.995 -121.707 -85.411 57.880 -124.999 -84.297 57.308 -125.363 -84.373
3 0 56.715 -125.651 -84.194 54.814 -122.331 -85.318 55.414 -122.055 -85.492
3 0 55.414 -122.055 -85.492 57.308 -125.363 -84.373 56.715 -125.651 -84.194
3 0 56.192 -125.817 -83.788 54.287 -122.491 -84.915 54.814 -122.331 -85.318
3 0 54.814 -122.331 -85.318 56.715 -125.651 -84.194 56.192 -125.817 -83.788
3 0 56.468 -124.718 -81.107 54.587 -121.443 -82.217 54.114 -121.811 -82.542
3 0 54.114 -121.811 -82.542 56.003 -125.104 -81.426 56.468 -124.718 -81.107
3 0 57.040 -124.354 -81.032 55.169 -121.094 -82.136 54.587 -121.443 -82.217
3 0 54.587 -121.443 -82.217 56.468 -124.718 -81.107 57.040 -124.354 -81.032
3 0 57.633 -124.067 -81.211 55.769 -120.819 -82.310 55.169 -121.094 -82.136
3 0 55.169 -121.094 -82.136 57.040 -124.354 -81.032 57.633 -124.067 -81.211
3 0 58.156 -123.900 -81.617 56.296 -120.659 -82.713 55.769 -120.819 -82.310
3 0 55.769 -120.819 -82.310 57.633 -124.067 -81.211 58.156 -123.900 -81.617
3 0 56.771 -120.290 -82.388 56.296 -120.659 -82.713 58.156 -123.900 -81.617
3 0 58.156 -123.900 -81.617 58.622 -123.514 -81.298 56.771 -120.290 -82.388
3 0 57.352 -119.941 -82.307 56.771 -120.290 -82.388 58.622 -123.514 -81.298
3 0 58.622 -123.514 -81.298 59.194 -123.150 -81.223 57.352 -119.941 -82.307
3 0 57.953 -119.666 -82.481 57.352 -119.941 -82.307 59.194 -123.150 -81.223
3 0 59.194 -123.150 -81.223 59.787 -122.863 -81.402 57.953 -119.666 -82.481
3 0 58.480 -119.506 -82.884 57.953 -119.666 -82.481 59.787 -122.863 -81.402
3 0 59.787 -122.863 -81.402 60.310 -122.696 -81.808 58.480 -119.506 -82.884
3 0 58.854 -119.485 -83.455 58.480 -119.506 -82.884 60.310 -122.696 -81.808
3 0 60.310 -122.696 -81.808 60.684 -122.675 -82.379 58.854 -119.485 -83.455
3 0 59.019 -119.607 -84.106 58.854 -119.485 -83.455 60.684 -122.675 -82.379
3 0 60.684 -122.675 -82.379 60.851 -122.804 -83.029 59.019 -119.607 -84.106
3 0 58.948 -119.853 -84.739 59.019 -119.607 -84.106 60.851 -122.804 -83.029
3 0 60.851 -122.804 -83.029 60.786 -123.061 -83.657 58.948 -119.853 -84.739
3 0 58.653 -120.186 -85.257 58.948 -119.853 -84.739 60.786 -123.061 -83.657
3 0 60.786 -123.061 -83.657 60.500 -123.410 -84.170 58.653 -120.186 -85.257
3 0 58.179 -120.554 -85.582 58.653 -120.186 -85.257 60.500 -123.410 -84.170
3 0 60.500 -123.410 -84.170 60.034 -123.795 -84.488 58.179 -120.554 -85.582
3 0 57.597 -120.903 -85.663 58.179 -120.554 -85.582 60.034 -123.795 -84.488
3 0 60.034 -123.795 -84.488 59.462 -124.159 -84.564 57.597 -120.903 -85.663
3 0 56.997 -121.178 -85.489 57.597 -120.903 -85.663 59.462 -124.159 -84.564
3 0 59.462 -124.159 -84.564 58.869 -124.447 -84.385 56.997 -121.178 -85.489
3 0 56.469 -121.338 -85.086 56.997 -121.178 -85.489 58.869 -124.447 -84.385
3 0 58.869 -124.447 -84.385 58.346 -124.614 -83.979 56.469 -121.338 -85.086
3 0 49.775 -120.537 -86.166 50.259 -120.188 -85.835 52.103 -123.643 -84.745
3 0 52.103 -123.643 -84.745 51.629 -124.012 -85.069 49.775 -120.537 -86.166
3 0 49.184 -120.868 -86.254 49.775 -120.537 -86.166 51.629 -124.012 -85.069
3 0 51.629 -124.012 -85.069 51.047 -124.360 -85.151 49.184 -120.868 -86.254
3 0 48.577 -121.130 -86.085 49.184 -120.868 -86.254 51.047 -124.360 -85.151
3 0 51.047 -124.360 -85.151 50.447 -124.636 -84.977 48.577 -121.130 -86.085
3 0 48.045 -121.283 -85.685 48.577 -121.130 -86.085 50.447 -124.636 -84.977
3 0 50.447 -124.636 -84.977 49.920 -124.796 -84.574 48.045 -121.283 -85.685
3 0 47.670 -121.303 -85.115 48.045 -121.283 -85.685 49.920 -124.796 -84.574
3 0 49.920 -124.796 -84.574 49.546 -124.817 -84.003 47.670 -121.303 -85.115
3 0 47.508 -121.188 -84.461 47.670 -121.303 -85.115 49.546 -124.817 -84.003
3 0 49.546 -124.817 -84.003 49.381 -124.695 -83.352 47.508 -121.188 -84.461
3 0 47.585 -120.955 -83.824 47.508 -121.188 -84.461 49.381 -124.695 -83.352
3 0 49.381 -124.695 -83.352 49.452 -124.449 -82.719 47.585 -120.955 -83.824
3 0 47.889 -120.640 -83.300 47.585 -120.955 -83.824 49.452 -124.449 -82.719
3 0 49.452 -124.449 -82.719 49.747 -124.116 -82.200 47.889 -120.640 -83.300
3 0 48.373 -120.290 -82.969 47.889 -120.640 -83.300 49.747 -124.116 -82.200
3 0 49.747 -124.116 -82.200 50.221 -123.747 -81.876 48.373 -120.290 -82.969
3 0 48.963 -119.959 -82.881 48.373 -120.290 -82.969 50.221 -123.747 -81.876
3 0 50.221 -123.747 -81.876 50.803 -123.399 -81.794 48.963 -119.959 -82.881
3 0 49.571 -119.697 -83.050 48.963 -119.959 -82.881 50.803 -123.399 -81.794
3 0 50.803 -123.399 -81.794 51.403 -123.124 -81.968 49.571 -119.697 -83.050
3 0 50.103 -119.545 -83.450 49.571 -119.697 -83.050 51.403 -123.124 -81.968
3 0 51.403 -123.124 -81.968 51.930 -122.963 -82.371 50.103 -119.545 -83.450
3 0 53.812 -122.859 -85.240 51.989 -119.442 -86.316 52.473 -119.092 -85.985
3 0 52.473 -119.092 -85.985 54.287 -122.491 -84.915 53.812 -122.859 -85.240
3 0 53.231 -123.208 -85.322 51.399 -119.773 -86.404 51.989 -119.442 -86.316
3 0 51.989 -119.442 -86.316 53.812 -122.859 -85.240 53.231 -123.208 -85.322
3 0 52.631 -123.483 -85.148 50.791 -120.035 -86.235 51.399 -119.773 -86.404
3 0 51.399 -119.773 -86.404 53.231 -123.208 -85.322 52.631 -123.483 -85.148
3 0 52.103 -123.643 -84.745 50.259 -120.188 -85.835 50.791 -120.035 -86.235
3 0 50.791 -120.035 -86.235 52.631 -123.483 -85.148 52.103 -123.643 -84.745
3 0 52.405 -122.595 -82.047 50.587 -119.195 -83.119 50.103 -119.545 -83.450
3 0 50.103 -119.545 -83.450 51.930 -122.963 -82.371 52.405 -122.595 -82.047
3 0 52.986 -122.246 -81.965 51.178 -118.864 -83.032 50.587 -119.195 -83.119
3 0 50.587 -119.195 -83.119 52.405 -122.595 -82.047 52.986 -122.246 -81.965
3 0 53.586 -121.971 -82.139 51.785 -118.602 -83.200 51.178 -118.864 -83.032
3 0 51.178 -118.864 -83.032 52.986 -122.246 -81.965 53.586 -121.971 -82.139
3 0 54.114 -121.811 -82.542 52.317 -118.449 -83.600 51.785 -118.602 -83.200
3 0 51.785 -118.602 -83.200 53.586 -121.971 -82.139 54.114 -121.811 -82.542
3 0 55.995 -121.707 -85.411 54.203 -118.347 -86.466 54.687 -117.997 -86.135
3 0 54.687 -117.997 -86.135 56.469 -121.338 -85.086 55.995 -121.707 -85.411
3 0 55.414 -122.055 -85.492 53.612 -118.678 -86.554 54.203 -118.347 -86.466
3 0 54.203 -118.347 -86.466 55.995 -121.707 -85.411 55.414 -122.055 -85.492
3 0 54.814 -122.331 -85.318 53.005 -118.940 -86.385 53.612 -118.678 -86.554
3 0 53.612 -118.678 -86.554 55.414 -122.055 -85.492 54.814 -122.331 -85.318
3 0 54.287 -122.491 -84.915 52.473 -119.092 -85.985 53.005 -118.940 -86.385
3 0 53.005 -118.940 -86.385 54.814 -122.331 -85.318 54.287 -122.491 -84.915
3 0 54.587 -121.443 -82.217 52.800 -118.100 -83.269 52.317 -118.449 -83.600
3 0 52.317 -118.449 -83.600 54.114 -121.811 -82.542 54.587 -121.443 -82.217
3 0 55.169 -121.094 -82.136 53.391 -117.769 -83.182 52.800 -118.100 -83.269
3 0 52.800 -118.100 -83.269 54.587 -121.443 -82.217 55.169 -121.094 -82.136
3 0 55.769 -120.819 -82.310 53.999 -117.507 -83.351 53.391 -117.769 -83.182
3 0 53.391 -117.769 -83.182 55.169 -121.094 -82.136 55.769 -120.819 -82.310
3 0 56.296 -120.659 -82.713 54.530 -117.354 -83.751 53.999 -117.507 -83.351
3 0 53.999 -117.507 -83.351 55.769 -120.819 -82.310 56.296 -120.659 -82.713
3 0 55.015 -117.004 -83.419 54.530 -117.354 -83.751 56.296 -120.659 -82.713
3 0 56.296 -120.659 -82.713 56.771 -120.290 -82.388 55.015 -117.004 -83.419
3 0 55.605 -116.673 -83.332 55.015 -117.004 -83.419 56.771 -120.290 -82.388
3 0 56.771 -120.290 -82.388 57.352 -119.941 -82.307 55.605 -116.673 -83.332
3 0 56.213 -116.412 -83.501 55.605 -116.673 -83.332 57.352 -119.941 -82.307
3 0 57.352 -119.941 -82.307 57.953 -119.666 -82.481 56.213 -116.412 -83.501
3 0 56.745 -116.259 -83.901 56.213 -116.412 -83.501 57.953 -119.666 -82.481
3 0 57.953 -119.666 -82.481 58.480 -119.506 -82.884 56.745 -116.259 -83.901
3 0 57.120 -116.238 -84.471 56.745 -116.259 -83.901 58.480 -119.506 -82.884
3 0 58.480 -119.506 -82.884 58.854 -119.485 -83.455 57.120 -116.238 -84.471
3 0 57.281 -116.353 -85.124 57.120 -116.238 -84.471 58.854 -119.485 -83.455
3 0 58.854 -119.485 -83.455 59.019 -119.607 -84.106 57.281 -116.353 -85.124
3 0 57.205 -116.586 -85.761 57.281 -116.353 -85.124 59.019 -119.607 -84.106
3 0 59.019 -119.607 -84.106 58.948 -119.853 -84.739 57.205 -116.586 -85.761
3 0 56.901 -116.902 -86.285 57.205 -116.586 -85.761 58.948 -119.853 -84.739
3 0 58.948 -119.853 -84.739 58.653 -120.186 -85.257 56.901 -116.902 -86.285
3 0 56.417 -117.252 -86.617 56.901 -116.902 -86.285 58.653 -120.186 -85.257
3 0 58.653 -120.186 -85.257 58.179 -120.554 -85.582 56.417 -117.252 -86.617
3 0 55.826 -117.583 -86.704 56.417 -117.252 -86.617 58.179 -120.554 -85.582
3 0 58.179 -120.554 -85.582 57.597 -120.903 -85.663 55.826 -117.583 -86.704
3 0 55.219 -117.844 -86.535 55.826 -117.583 -86.704 57.597 -120.903 -85.663
3 0 57.597 -120.903 -85.663 56.997 -121.178 -85.489 55.219 -117.844 -86.535
3 0 54.687 -117.997 -86.135 55.219 -117.844 -86.535 56.997 -121.178 -85.489
3 0 56.997 -121.178 -85.489 56.469 -121.338 -85.086 54.687 -117.997 -86.135
3 0 48.018 -116.998 -87.203 48.511 -116.667 -86.866 50.259 -120.188 -85.835
3 0 50.259 -120.188 -85.835 49.775 -120.537 -86.166 48.018 -116.998 -87.203
3 0 47.418 -117.311 -87.296 48.018 -116.998 -87.203 49.775 -120.537 -86.166
3 0 49.775 -120.537 -86.166 49.184 -120.868 -86.254 47.418 -117.311 -87.296
3 0 46.804 -117.560 -87.132 47.418 -117.311 -87.296 49.184 -120.868 -86.254
3 0 49.184 -120.868 -86.254 48.577 -121.130 -86.085 46.804 -117.560 -87.132
3 0 46.268 -117.705 -86.734 46.804 -117.560 -87.132 48.577 -121.130 -86.085
3 0 48.577 -121.130 -86.085 48.045 -121.283 -85.685 46.268 -117.705 -86.734
3 0 45.892 -117.725 -86.165 46.268 -117.705 -86.734 48.045 -121.283 -85.685
3 0 48.045 -121.283 -85.685 47.670 -121.303 -85.115 45.892 -117.725 -86.165
3 0 45.733 -117.616 -85.510 45.892 -117.725 -86.165 47.670 -121.303 -85.115
3 0 47.670 -121.303 -85.115 47.508 -121.188 -84.461 45.733 -117.616 -85.510
3 0 45.816 -117.396 -84.869 45.733 -117.616 -85.510 47.508 -121.188 -84.461
3 0 47.508 -121.188 -84.461 47.585 -120.955 -83.824 45.816 -117.396 -84.869
3 0 46.127 -117.098 -84.339 45.816 -117.396 -84.869 47.585 -120.955 -83.824
3 0 47.585 -120.955 -83.824 47.889 -120.640 -83.300 46.127 -117.098 -84.339
3 0 46.620 -116.767 -84.002 46.127 -117.098 -84.339 47.889 -120.640 -83.300
3 0 47.889 -120.640 -83.300 48.373 -120.290 -82.969 46.620 -116.767 -84.002
3 0 47.219 -116.453 -83.909 46.620 -116.767 -84.002 48.373 -120.290 -82.969
3 0 48.373 -120.290 -82.969 48.963 -119.959 -82.881 47.219 -116.453 -83.909
3 0 47.834 -116.205 -84.073 47.219 -116.453 -83.909 48.963 -119.959 -82.881
3 0 48.963 -119.959 -82.881 49.571 -119.697 -83.050 47.834 -116.205 -84.073
3 0 48.370 -116.060 -84.470 47.834 -116.205 -84.073 49.571 -119.697 -83.050
3 0 49.571 -119.697 -83.050 50.103 -119.545 -83.450 48.370 -116.060 -84.470
3 0 51.989 -119.442 -86.316 50.261 -115.960 -87.334 50.754 -115.628 -86.997
3 0 50.754 -115.628 -86.997 52.473 -119.092 -85.985 51.989 -119.442 -86.316
3 0 51.399 -119.773 -86.404 49.661 -116.273 -87.427 50.261 -115.960 -87.334
3 0 50.261 -115.960 -87.334 51.989 -119.442 -86.316 51.399 -119.773 -86.404
3 0 50.791 -120.035 -86.235 49.047 -116.521 -87.263 49.661 -116.273 -87.427
3 0 49.661 -116.273 -87.427 51.399 -119.773 -86.404 50.791 -120.035 -86.235
3 0 50.259 -120.188 -85.835 48.511 -116.667 -86.866 49.047 -116.521 -87.263
3 0 49.047 -116.521 -87.263 50.791 -120.035 -86.235 50.259 -120.188 -85.835
3 0 50.587 -119.195 -83.119 48.863 -115.729 -84.133 48.370 -116.060 -84.470
3 0 48.370 -116.060 -84.470 50.103 -119.545 -83.450 50.587 -119.195 -83.119
3 0 51.178 -118.864 -83.032 49.462 -115.415 -84.040 48.863 -115.729 -84.133
3 0 48.863 -115.729 -84.133 50.587 -119.195 -83.119 51.178 -118.864 -83.032
3 0 51.785 -118.602 -83.200 50.077 -115.167 -84.204 49.462 -115.415 -84.040
3 0 49.462 -115.415 -84.040 51.178 -118.864 -83.032 51.785 -118.602 -83.200
3 0 52.317 -118.449 -83.600 50.613 -115.022 -84.602 50.077 -115.167 -84.204
3 0 50.077 -115.167 -84.204 51.785 -118.602 -83.200 52.317 -118.449 -83.600
3 0 54.203 -118.347 -86.466 52.503 -114.922 -87.465 52.996 -114.591 -87.128
3 0 52.996 -114.591 -87.128 54.687 -117.997 -86.135 54.203 -118.347 -86.466
3 0 53.612 -118.678 -86.554 51.903 -115.235 -87.558 52.503 -114.922 -87.465
3 0 52.503 -114.922 -87.465 54.203 -118.347 -86.466 53.612 -118.678 -86.554
3 0 53.005 -118.940 -86.385 51.289 -115.484 -87.394 51.903 -115.235 -87.558
3 0 51.903 -115.235 -87.558 53.612 -118.678 -86.554 53.005 -118.940 -86.385
3 0 52.473 -119.092 -85.985 50.754 -115.628 -86.997 51.289 -115.484 -87.394
3 0 51.289 -115.484 -87.394 53.005 -118.940 -86.385 52.473 -119.092 -85.985
3 0 52.800 -118.100 -83.269 51.105 -114.691 -84.264 50.613 -115.022 -84.602
3 0 50.613 -115.022 -84.602 52.317 -118.449 -83.600 52.800 -118.100 -83.269
3 0 53.391 -117.769 -83.182 51.704 -114.377 -84.171 51.105 -114.691 -84.264
3 0 51.105 -114.691 -84.264 52.800 -118.100 -83.269 53.391 -117.769 -83.182
3 0 53.999 -117.507 -83.351 52.319 -114.129 -84.335 51.704 -114.377 -84.171
3 0 51.704 -114.377 -84.171 53.391 -117.769 -83.182 53.999 -117.507 -83.351
3 0 54.530 -117.354 -83.751 52.855 -113.984 -84.733 52.319 -114.129 -84.335
3 0 52.319 -114.129 -84.335 53.999 -117.507 -83.351 54.530 -117.354 -83.751
3 0 53.348 -113.653 -84.396 52.855 -113.984 -84.733 54.530 -117.354 -83.751
3 0 54.530 -117.354 -83.751 55.015 -117.004 -83.419 53.348 -113.653 -84.396
3 0 53.947 -113.339 -84.302 53.348 -113.653 -84.396 55.015 -117.004 -83.419
3 0 55.015 -117.004 -83.419 55.605 -116.673 -83.332 53.947 -113.339 -84.302
3 0 54.562 -113.091 -84.467 53.947 -113.339 -84.302 55.605 -116.673 -83.332
3 0 55.605 -116.673 -83.332 56.213 -116.412 -83.501 54.562 -113.091 -84.467
3 0 55.098 -112.946 -84.864 54.562 -113.091 -84.467 56.213 -116.412 -83.501
3 0 56.213 -116.412 -83.501 56.745 -116.259 -83.901 55.098 -112.946 -84.864
3 0 55.474 -112.926 -85.434 55.098 -112.946 -84.864 56.745 -116.259 -83.901
3 0 56.745 -116.259 -83.901 57.120 -116.238 -84.471 55.474 -112.926 -85.434
3 0 55.633 -113.034 -86.089 55.474 -112.926 -85.434 57.120 -116.238 -84.471
3 0 57.120 -116.238 -84.471 57.281 -116.353 -85.124 55.633 -113.034 -86.089
3 0 55.550 -113.254 -86.730 55.633 -113.034 -86.089 57.281 -116.353 -85.124
3 0 57.281 -116.353 -85.124 57.205 -116.586 -85.761 55.550 -113.254 -86.730
3 0 55.238 -113.552 -87.259 55.550 -113.254 -86.730 57.205 -116.586 -85.761
3 0 57.205 -116.586 -85.761 56.901 -116.902 -86.285 55.238 -113.552 -87.259
3 0 54.746 -113.884 -87.596 55.238 -113.552 -87.259 56.901 -116.902 -86.285
3 0 56.901 -116.902 -86.285 56.417 -117.252 -86.617 54.746 -113.884 -87.596
3 0 54.146 -114.197 -87.690 54.746 -113.884 -87.596 56.417 -117.252 -86.617
3 0 56.417 -117.252 -86.617 55.826 -117.583 -86.704 54.146 -114.197 -87.690
3 0 53.532 -114.445 -87.525 54.146 -114.197 -87.690 55.826 -117.583 -86.704
3 0 55.826 -117.583 -86.704 55.219 -117.844 -86.535 53.532 -114.445 -87.525
3 0 52.996 -114.591 -87.128 53.532 -114.445 -87.525 55.219 -117.844 -86.535
3 0 55.219 -117.844 -86.535 54.687 -117.997 -86.135 52.996 -114.591 -87.128
3 0 46.348 -113.380 -88.185 46.850 -113.071 -87.842 48.511 -116.667 -86.866
3 0 48.511 -116.667 -86.866 48.018 -116.998 -87.203 46.348 -113.380 -88.185
3 0 45.739 -113.673 -88.285 46.348 -113.380 -88.185 48.018 -116.998 -87.203
3 0 48.018 -116.998 -87.203 47.418 -117.311 -87.296 45.739 -113.673 -88.285
3 0 45.117 -113.905 -88.126 45.739 -113.673 -88.285 47.418 -117.311 -87.296
3 0 47.418 -117.311 -87.296 46.804 -117.560 -87.132 45.117 -113.905 -88.126
3 0 44.576 -114.041 -87.731 45.117 -113.905 -88.126 46.804 -117.560 -87.132
3 0 46.804 -117.560 -87.132 46.268 -117.705 -86.734 44.576 -114.041 -87.731
3 0 44.199 -114.060 -87.162 44.576 -114.041 -87.731 46.268 -117.705 -86.734
3 0 46.268 -117.705 -86.734 45.892 -117.725 -86.165 44.199 -114.060 -87.162
3 0 44.043 -113.959 -86.505 44.199 -114.060 -87.162 45.892 -117.725 -86.165
3 0 45.892 -117.725 -86.165 45.733 -117.616 -85.510 44.043 -113.959 -86.505
3 0 44.132 -113.755 -85.860 44.043 -113.959 -86.505 45.733 -117.616 -85.510
3 0 45.733 -117.616 -85.510 45.816 -117.396 -84.869 44.132 -113.755 -85.860
3 0 44.453 -113.477 -85.325 44.132 -113.755 -85.860 45.816 -117.396 -84.869
3 0 45.816 -117.396 -84.869 46.127 -117.098 -84.339 44.453 -113.477 -85.325
3 0 44.955 -113.168 -84.981 44.453 -113.477 -85.325 46.127 -117.098 -84.339
3 0 46.127 -117.098 -84.339 46.620 -116.767 -84.002 44.955 -113.168 -84.981
3 0 45.564 -112.875 -84.882 44.955 -113.168 -84.981 46.620 -116.767 -84.002
3 0 46.620 -116.767 -84.002 47.219 -116.453 -83.909 45.564 -112.875 -84.882
3 0 46.186 -112.643 -85.041 45.564 -112.875 -84.882 47.219 -116.453 -83.909
3 0 47.219 -116.453 -83.909 47.834 -116.205 -84.073 46.186 -112.643 -85.041
3 0 46.727 -112.507 -85.435 46.186 -112.643 -85.041 47.834 -116.205 -84.073
3 0 47.834 -116.205 -84.073 48.370 -116.060 -84.470 46.727 -112.507 -85.435
3 0 50.261 -115.960 -87.334 48.622 -112.410 -88.296 49.125 -112.101 -87.952
3 0 49.125 -112.101 -87.952 50.754 -115.628 -86.997 50.261 -115.960 -87.334
3 0 49.661 -116.273 -87.427 48.013 -112.703 -88.395 48.622 -112.410 -88.296
3 0 48.622 -112.410 -88.296 50.261 -115.960 -87.334 49.661 -116.273 -87.427
3 0 49.047 -116.521 -87.263 47.391 -112.935 -88.236 48.013 -112.703 -88.395
3 0 48.013 -112.703 -88.395 49.661 -116.273 -87.427 49.047 -116.521 -87.263
3 0 48.511 -116.667 -86.866 46.850 -113.071 -87.842 47.391 -112.935 -88.236
3 0 47.391 -112.935 -88.236 49.047 -116.521 -87.263 48.511 -116.667 -86.866
3 0 48.863 -115.729 -84.133 47.230 -112.198 -85.092 46.727 -112.507 -85.435
3 0 46.727 -112.507 -85.435 48.370 -116.060 -84.470 48.863 -115.729 -84.133
3 0 49.462 -115.415 -84.040 47.839 -111.905 -84.992 47.230 -112.198 -85.092
3 0 47.230 -112.198 -85.092 48.863 -115.729 -84.133 49.462 -115.415 -84.040
3 0 50.077 -115.167 -84.204 48.461 -111.673 -85.152 47.839 -111.905 -84.992
3 0 47.839 -111.905 -84.992 49.462 -115.415 -84.040 50.077 -115.167 -84.204
3 0 50.613 -115.022 -84.602 49.001 -111.537 -85.546 48.461 -111.673 -85.152
3 0 48.461 -111.673 -85.152 50.077 -115.167 -84.204 50.613 -115.022 -84.602
3 0 52.503 -114.922 -87.465 50.896 -111.441 -88.406 51.398 -111.132 -88.063
3 0 51.398 -111.132 -88.063 52.996 -114.591 -87.128 52.503 -114.922 -87.465
3 0 51.903 -115.235 -87.558 50.287 -111.733 -88.506 50.896 -111.441 -88.406
3 0 50.896 -111.441 -88.406 52.503 -114.922 -87.465 51.903 -115.235 -87.558
3 0 51.289 -115.484 -87.394 49.665 -111.965 -88.347 50.287 -111.733 -88.506
3 0 50.287 -111.733 -88.506 51.903 -115.235 -87.558 51.289 -115.484 -87.394
3 0 50.754 -115.628 -86.997 49.125 -112.101 -87.952 49.665 -111.965 -88.347
3 0 49.665 -111.965 -88.347 51.289 -115.484 -87.394 50.754 -115.628 -86.997
3 0 51.105 -114.691 -84.264 49.503 -111.229 -85.202 49.001 -111.537 -85.546
3 0 49.001 -111.537 -85.546 50.613 -115.022 -84.602 51.105 -114.691 -84.264
3 0 51.704 -114.377 -84.171 50.112 -110.936 -85.103 49.503 -111.229 -85.202
3 0 49.503 -111.229 -85.202 51.105 -114.691 -84.264 51.704 -114.377 -84.171
3 0 52.319 -114.129 -84.335 50.734 -110.704 -85.262 50.112 -110.936 -85.103
3 0 50.112 -110.936 -85.103 51.704 -114.377 -84.171 52.319 -114.129 -84.335
3 0 52.855 -113.984 -84.733 51.275 -110.568 -85.656 50.734 -110.704 -85.262
3 0 50.734 -110.704 -85.262 52.319 -114.129 -84.335 52.855 -113.984 -84.733
3 0 51.778 -110.259 -85.313 51.275 -110.568 -85.656 52.855 -113.984 -84.733
3 0 52.855 -113.984 -84.733 53.348 -113.653 -84.396 51.778 -110.259 -85.313
3 0 52.387 -109.966 -85.213 51.778 -110.259 -85.313 53.348 -113.653 -84.396
3 0 53.348 -113.653 -84.396 53.947 -113.339 -84.302 52.387 -109.966 -85.213
3 0 53.009 -109.734 -85.373 52.387 -109.966 -85.213 53.947 -113.339 -84.302
3 0 53.947 -113.339 -84.302 54.562 -113.091 -84.467 53.009 -109.734 -85.373
3 0 53.549 -109.598 -85.767 53.009 -109.734 -85.373 54.562 -113.091 -84.467
3 0 54.562 -113.091 -84.467 55.098 -112.946 -84.864 53.549 -109.598 -85.767
3 0 53.926 -109.579 -86.336 53.549 -109.598 -85.767 55.098 -112.946 -84.864
3 0 55.098 -112.946 -84.864 55.474 -112.926 -85.434 53.926 -109.579 -86.336
3 0 54.082 -109.679 -86.993 53.926 -109.579 -86.336 55.474 -112.926 -85.434
3 0 55.474 -112.926 -85.434 55.633 -113.034 -86.089 54.082 -109.679 -86.993
3 0 53.993 -109.884 -87.638 54.082 -109.679 -86.993 55.633 -113.034 -86.089
3 0 55.633 -113.034 -86.089 55.550 -113.254 -86.730 53.993 -109.884 -87.638
3 0 53.673 -110.162 -88.173 53.993 -109.884 -87.638 55.550 -113.254 -86.730
3 0 55.550 -113.254 -86.730 55.238 -113.552 -87.259 53.673 -110.162 -88.173
3 0 53.170 -110.471 -88.517 53.673 -110.162 -88.173 55.238 -113.552 -87.259
3 0 55.238 -113.552 -87.259 54.746 -113.884 -87.596 53.170 -110.471 -88.517
3 0 52.561 -110.764 -88.617 53.170 -110.471 -88.517 54.746 -113.884 -87.596
3 0 54.746 -113.884 -87.596 54.146 -114.197 -87.690 52.561 -110.764 -88.617
3 0 51.939 -110.996 -88.457 52.561 -110.764 -88.617 54.146 -114.197 -87.690
3 0 54.146 -114.197 -87.690 53.532 -114.445 -87.525 51.939 -110.996 -88.457
3 0 51.398 -111.132 -88.063 51.939 -110.996 -88.457 53.532 -114.445 -87.525
3 0 53.532 -114.445 -87.525 52.996 -114.591 -87.128 51.398 -111.132 -88.063
3 0 44.806 -109.672 -89.089 45.319 -109.388 -88.739 46.850 -113.071 -87.842
3 0 46.850 -113.071 -87.842 46.348 -113.380 -88.185 44.806 -109.672 -89.089
3 0 44.188 -109.942 -89.195 44.806 -109.672 -89.089 46.348 -113.380 -88.185
3 0 46.348 -113.380 -88.185 45.739 -113.673 -88.285 44.188 -109.942 -89.195
3 0 43.558 -110.156 -89.041 44.188 -109.942 -89.195 45.739 -113.673 -88.285
3 0 45.739 -113.673 -88.285 45.117 -113.905 -88.126 43.558 -110.156 -89.041
3 0 43.013 -110.281 -88.649 43.558 -110.156 -89.041 45.117 -113.905 -88.126
3 0 45.117 -113.905 -88.126 44.576 -114.041 -87.731 43.013 -110.281 -88.649
3 0 42.635 -110.300 -88.081 43.013 -110.281 -88.649 44.576 -114.041 -87.731
3 0 44.576 -114.041 -87.731 44.199 -114.060 -87.162 42.635 -110.300 -88.081
3 0 42.482 -110.208 -87.422 42.635 -110.300 -88.081 44.199 -114.060 -87.162
3 0 44.199 -114.060 -87.162 44.043 -113.959 -86.505 42.482 -110.208 -87.422
3 0 42.577 -110.020 -86.772 42.482 -110.208 -87.422 44.043 -113.959 -86.505
3 0 44.043 -113.959 -86.505 44.132 -113.755 -85.860 42.577 -110.020 -86.772
3 0 42.906 -109.764 -86.232 42.577 -110.020 -86.772 44.132 -113.755 -85.860
3 0 44.132 -113.755 -85.860 44.453 -113.477 -85.325 42.906 -109.764 -86.232
3 0 43.419 -109.480 -85.881 42.906 -109.764 -86.232 44.453 -113.477 -85.325
3 0 44.453 -113.477 -85.325 44.955 -113.168 -84.981 43.419 -109.480 -85.881
3 0 44.038 -109.210 -85.776 43.419 -109.480 -85.881 44.955 -113.168 -84.981
3 0 44.955 -113.168 -84.981 45.564 -112.875 -84.882 44.038 -109.210 -85.776
3 0 44.667 -108.996 -85.930 44.038 -109.210 -85.776 45.564 -112.875 -84.882
3 0 45.564 -112.875 -84.882 46.186 -112.643 -85.041 44.667 -108.996 -85.930
3 0 45.213 -108.871 -86.321 44.667 -108.996 -85.930 46.186 -112.643 -85.041
3 0 46.186 -112.643 -85.041 46.727 -112.507 -85.435 45.213 -108.871 -86.321
3 0 48.622 -112.410 -88.296 47.112 -108.779 -89.179 47.625 -108.495 -88.829
3 0 47.625 -108.495 -88.829 49.125 -112.101 -87.952 48.622 -112.410 -88.296
3 0 48.013 -112.703 -88.395 46.494 -109.048 -89.285 47.112 -108.779 -89.179
3 0 47.112 -108.779 -89.179 48.622 -112.410 -88.296 48.013 -112.703 -88.395
3 0 47.391 -112.935 -88.236 45.864 -109.262 -89.131 46.494 -109.048 -89.285
3 0 46.494 -109.048 -89.285 48.013 -112.703 -88.395 47.391 -112.935 -88.236
3 0 46.850 -113.071 -87.842 45.319 -109.388 -88.739 45.864 -109.262 -89.131
3 0 45.864 -109.262 -89.131 47.391 -112.935 -88.236 46.850 -113.071 -87.842
3 0 47.230 -112.198 -85.092 45.726 -108.586 -85.971 45.213 -108.871 -86.321
3 0 45.213 -108.871 -86.321 46.727 -112.507 -85.435 47.230 -112.198 -85.092
3 0 47.839 -111.905 -84.992 46.344 -108.317 -85.866 45.726 -108.586 -85.971
3 0 45.726 -108.586 -85.971 47.230 -112.198 -85.092 47.839 -111.905 -84.992
3 0 48.461 -111.673 -85.152 46.974 -108.103 -86.020 46.344 -108.317 -85.866
3 0 46.344 -108.317 -85.866 47.839 -111.905 -84.992 48.461 -111.673 -85.152
3 0 49.001 -111.537 -85.546 47.519 -107.977 -86.411 46.974 -108.103 -86.020
3 0 46.974 -108.103 -86.020 48.461 -111.673 -85.152 49.001 -111.537 -85.546
3 0 50.896 -111.441 -88.406 49.418 -107.886 -89.269 49.931 -107.602 -88.919
3 0 49.931 -107.602 -88.919 51.398 -111.132 -88.063 50.896 -111.441 -88.406
3 0 50.287 -111.733 -88.506 48.799 -108.155 -89.375 49.418 -107.886 -89.269
3 0 49.418 -107.886 -89.269 50.896 -111.441 -88.406 50.287 -111.733 -88.506
3 0 49.665 -111.965 -88.347 48.170 -108.369 -89.220 48.799 -108.155 -89.375
3 0 48.799 -108.155 -89.375 50.287 -111.733 -88.506 49.665 -111.965 -88.347
3 0 49.125 -112.101 -87.952 47.625 -108.495 -88.829 48.170 -108.369 -89.220
3 0 48.170 -108.369 -89.220 49.665 -111.965 -88.347 49.125 -112.101 -87.952
3 0 49.503 -111.229 -85.202 48.031 -107.693 -86.061 47.519 -107.977 -86.411
3 0 47.519 -107.977 -86.411 49.001 -111.537 -85.546 49.503 -111.229 -85.202
3 0 50.112 -110.936 -85.103 48.649 -107.424 -85.956 48.031 -107.693 -86.061
3 0 48.031 -107.693 -86.061 49.503 -111.229 -85.202 50.112 -110.936 -85.103
3 0 50.734 -110.704 -85.262 49.279 -107.210 -86.110 48.649 -107.424 -85.956
3 0 48.649 -107.424 -85.956 50.112 -110.936 -85.103 50.734 -110.704 -85.262
3 0 51.275 -110.568 -85.656 49.825 -107.084 -86.501 49.279 -107.210 -86.110
3 0 49.279 -107.210 -86.110 50.734 -110.704 -85.262 51.275 -110.568 -85.656
3 0 50.337 -106.800 -86.151 49.825 -107.084 -86.501 51.275 -110.568 -85.656
3 0 51.275 -110.568 -85.656 51.778 -110.259 -85.313 50.337 -106.800 -86.151
3 0 50.956 -106.530 -86.045 50.337 -106.800 -86.151 51.778 -110.259 -85.313
3 0 51.778 -110.259 -85.313 52.387 -109.966 -85.213 50.956 -106.530 -86.045
3 0 51.586 -106.317 -86.200 50.956 -106.530 -86.045 52.387 -109.966 -85.213
3 0 52.387 -109.966 -85.213 53.009 -109.734 -85.373 51.586 -106.317 -86.200
3 0 52.131 -106.191 -86.591 51.586 -106.317 -86.200 53.009 -109.734 -85.373
3 0 53.009 -109.734 -85.373 53.549 -109.598 -85.767 52.131 -106.191 -86.591
3 0 52.509 -106.173 -87.160 52.131 -106.191 -86.591 53.549 -109.598 -85.767
3 0 53.549 -109.598 -85.767 53.926 -109.579 -86.336 52.509 -106.173 -87.160
3 0 52.662 -106.265 -87.819 52.509 -106.173 -87.160 53.926 -109.579 -86.336
3 0 53.926 -109.579 -86.336 54.082 -109.679 -86.993 52.662 -106.265 -87.819
3 0 52.566 -106.453 -88.468 52.662 -106.265 -87.819 54.082 -109.679 -86.993
3 0 54.082 -109.679 -86.993 53.993 -109.884 -87.638 52.566 -106.453 -88.468
3 0 52.237 -106.708 -89.009 52.566 -106.453 -88.468 53.993 -109.884 -87.638
3 0 53.993 -109.884 -87.638 53.673 -110.162 -88.173 52.237 -106.708 -89.009
3 0 51.724 -106.992 -89.359 52.237 -106.708 -89.009 53.673 -110.162 -88.173
3 0 53.673 -110.162 -88.173 53.170 -110.471 -88.517 51.724 -106.992 -89.359
3 0 51.106 -107.262 -89.465 51.724 -106.992 -89.359 53.170 -110.471 -88.517
3 0 53.170 -110.471 -88.517 52.561 -110.764 -88.617 51.106 -107.262 -89.465
3 0 50.476 -107.476 -89.310 51.106 -107.262 -89.465 52.561 -110.764 -88.617
3 0 52.561 -110.764 -88.617 51.939 -110.996 -88.457 50.476 -107.476 -89.310
3 0 49.931 -107.602 -88.919 50.476 -107.476 -89.310 51.939 -110.996 -88.457
3 0 51.939 -110.996 -88.457 51.398 -111.132 -88.063 49.931 -107.602 -88.919
3 0 43.387 -105.907 -89.918 43.909 -105.647 -89.563 45.319 -109.388 -88.739
3 0 45.319 -109.388 -88.739 44.806 -109.672 -89.089 43.387 -105.907 -89.918
3 0 42.761 -106.154 -90.029 43.387 -105.907 -89.918 44.806 -109.672 -89.089
3 0 44.806 -109.672 -89.089 44.188 -109.942 -89.195 42.761 -106.154 -90.029
3 0 42.124 -106.351 -89.879 42.761 -106.154 -90.029 44.188 -109.942 -89.195
3 0 44.188 -109.942 -89.195 43.558 -110.156 -89.041 42.124 -106.351 -89.879
3 0 41.575 -106.466 -89.490 42.124 -106.351 -89.879 43.558 -110.156 -89.041
3 0 43.558 -110.156 -89.041 43.013 -110.281 -88.649 41.575 -106.466 -89.490
3 0 41.196 -106.483 -88.922 41.575 -106.466 -89.490 43.013 -110.281 -88.649
3 0 43.013 -110.281 -88.649 42.635 -110.300 -88.081 41.196 -106.483 -88.922
3 0 41.046 -106.400 -88.261 41.196 -106.483 -88.922 42.635 -110.300 -88.081
3 0 42.635 -110.300 -88.081 42.482 -110.208 -87.422 41.046 -106.400 -88.261
3 0 41.147 -106.228 -87.608 41.046 -106.400 -88.261 42.482 -110.208 -87.422
3 0 42.482 -110.208 -87.422 42.577 -110.020 -86.772 41.147 -106.228 -87.608
3 0 41.484 -105.993 -87.063 41.147 -106.228 -87.608 42.577 -110.020 -86.772
3 0 42.577 -110.020 -86.772 42.906 -109.764 -86.232 41.484 -105.993 -87.063
3 0 42.006 -105.733 -86.707 41.484 -105.993 -87.063 42.906 -109.764 -86.232
3 0 42.906 -109.764 -86.232 43.419 -109.480 -85.881 42.006 -105.733 -86.707
3 0 42.632 -105.486 -86.596 42.006 -105.733 -86.707 43.419 -109.480 -85.881
3 0 43.419 -109.480 -85.881 44.038 -109.210 -85.776 42.632 -105.486 -86.596
3 0 43.269 -105.289 -86.746 42.632 -105.486 -86.596 44.038 -109.210 -85.776
3 0 44.038 -109.210 -85.776 44.667 -108.996 -85.930 43.269 -105.289 -86.746
3 0 43.818 -105.174 -87.135 43.269 -105.289 -86.746 44.667 -108.996 -85.930
3 0 44.667 -108.996 -85.930 45.213 -108.871 -86.321 43.818 -105.174 -87.135
3 0 47.112 -108.779 -89.179 45.722 -105.087 -89.990 46.243 -104.827 -89.635
3 0 46.243 -104.827 -89.635 47.625 -108.495 -88.829 47.112 -108.779 -89.179
3 0 46.494 -109.048 -89.285 45.095 -105.335 -90.101 45.722 -105.087 -89.990
3 0 45.722 -105.087 -89.990 47.112 -108.779 -89.179 46.494 -109.048 -89.285
3 0 45.864 -109.262 -89.131 44.458 -105.531 -89.951 45.095 -105.335 -90.101
3 0 45.095 -105.335 -90.101 46.494 -109.048 -89.285 45.864 -109.262 -89.131
3 0 45.319 -109.388 -88.739 43.909 -105.647 -89.563 44.458 -105.531 -89.951
3 0 44.458 -105.531 -89.951 45.864 -109.262 -89.131 45.319 -109.388 -88.739
3 0 45.726 -108.586 -85.971 44.340 -104.913 -86.779 43.818 -105.174 -87.135
3 0 43.818 -105.174 -87.135 45.213 -108.871 -86.321 45.726 -108.586 -85.971
3 0 46.344 -108.317 -85.866 44.967 -104.666 -86.668 44.340 -104.913 -86.779
3 0 44.340 -104.913 -86.779 45.726 -108.586 -85.971 46.344 -108.317 -85.866
3 0 46.974 -108.103 -86.020 45.603 -104.470 -86.819 44.967 -104.666 -86.668
3 0 44.967 -104.666 -86.668 46.344 -108.317 -85.866 46.974 -108.103 -86.020
3 0 47.519 -107.977 -86.411 46.152 -104.354 -87.207 45.603 -104.470 -86.819
3 0 45.603 -104.470 -86.819 46.974 -108.103 -86.020 47.519 -107.977 -86.411
3 0 49.418 -107.886 -89.269 48.055 -104.268 -90.063 48.576 -104.007 -89.707
3 0 48.576 -104.007 -89.707 49.931 -107.602 -88.919 49.418 -107.886 -89.269
3 0 48.799 -108.155 -89.375 47.428 -104.515 -90.174 48.055 -104.268 -90.063
3 0 48.055 -104.268 -90.063 49.418 -107.886 -89.269 48.799 -108.155 -89.375
3 0 48.170 -108.369 -89.220 46.792 -104.712 -90.024 47.428 -104.515 -90.174
3 0 47.428 -104.515 -90.174 48.799 -108.155 -89.375 48.170 -108.369 -89.220
3 0 47.625 -108.495 -88.829 46.243 -104.827 -89.635 46.792 -104.712 -90.024
3 0 46.792 -104.712 -90.024 48.170 -108.369 -89.220 47.625 -108.495 -88.829
3 0 48.031 -107.693 -86.061 46.673 -104.094 -86.852 46.152 -104.354 -87.207
3 0 46.152 -104.354 -87.207 47.519 -107.977 -86.411 48.031 -107.693 -86.061
3 0 48.649 -107.424 -85.956 47.300 -103.846 -86.741 46.673 -104.094 -86.852
3 0 46.673 -104.094 -86.852 48.031 -107.693 -86.061 48.649 -107.424 -85.956
3 0 49.279 -107.210 -86.110 47.936 -103.650 -86.891 47.300 -103.846 -86.741
3 0 47.300 -103.846 -86.741 48.649 -107.424 -85.956 49.279 -107.210 -86.110
3 0 49.825 -107.084 -86.501 48.486 -103.535 -87.280 47.936 -103.650 -86.891
3 0 47.936 -103.650 -86.891 49.279 -107.210 -86.110 49.825 -107.084 -86.501
3 0 49.007 -103.274 -86.924 48.486 -103.535 -87.280 49.825 -107.084 -86.501
3 0 49.825 -107.084 -86.501 50.337 -106.800 -86.151 49.007 -103.274 -86.924
3 0 49.634 -103.027 -86.813 49.007 -103.274 -86.924 50.337 -106.800 -86.151
3 0 50.337 -106.800 -86.151 50.956 -106.530 -86.045 49.634 -103.027 -86.813
3 0 50.270 -102.830 -86.963 49.634 -103.027 -86.813 50.956 -106.530 -86.045
3 0 50.956 -106.530 -86.045 51.586 -106.317 -86.200 50.270 -102.830 -86.963
3 0 50.820 -102.715 -87.352 50.270 -102.830 -86.963 51.586 -106.317 -86.200
3 0 51.586 -106.317 -86.200 52.131 -106.191 -86.591 50.820 -102.715 -87.352
3 0 51.198 -102.698 -87.920 50.820 -102.715 -87.352 52.131 -106.191 -86.591
3 0 52.131 -106.191 -86.591 52.509 -106.173 -87.160 51.198 -102.698 -87.920
3 0 51.348 -102.781 -88.581 51.198 -102.698 -87.920 52.509 -106.173 -87.160
3 0 52.509 -106.173 -87.160 52.662 -106.265 -87.819 51.348 -102.781 -88.581
3 0 51.247 -102.954 -89.234 51.348 -102.781 -88.581 52.662 -106.265 -87.819
3 0 52.662 -106.265 -87.819 52.566 -106.453 -88.468 51.247 -102.954 -89.234
3 0 50.911 -103.188 -89.780 51.247 -102.954 -89.234 52.566 -106.453 -88.468
3 0 52.566 -106.453 -88.468 52.237 -106.708 -89.009 50.911 -103.188 -89.780
3 0 50.389 -103.448 -90.135 50.911 -103.188 -89.780 52.237 -106.708 -89.009
3 0 52.237 -106.708 -89.009 51.724 -106.992 -89.359 50.389 -103.448 -90.135
3 0 49.762 -103.695 -90.246 50.389 -103.448 -90.135 51.724 -106.992 -89.359
3 0 51.724 -106.992 -89.359 51.106 -107.262 -89.465 49.762 -103.695 -90.246
3 0 49.126 -103.892 -90.096 49.762 -103.695 -90.246 51.106 -107.262 -89.465
3 0 51.106 -107.262 -89.465 50.476 -107.476 -89.310 49.126 -103.892 -90.096
3 0 48.576 -104.007 -89.707 49.126 -103.892 -90.096 50.476 -107.476 -89.310
3 0 50.476 -107.476 -89.310 49.931 -107.602 -88.919 48.576 -104.007 -89.707
3 0 42.092 -102.079 -90.673 42.622 -101.843 -90.312 43.909 -105.647 -89.563
3 0 43.909 -105.647 -89.563 43.387 -105.907 -89.918 42.092 -102.079 -90.673
3 0 41.457 -102.303 -90.788 42.092 -102.079 -90.673 43.387 -105.907 -89.918
3 0 43.387 -105.907 -89.918 42.761 -106.154 -90.029 41.457 -102.303 -90.788
3 0 40.815 -102.481 -90.642 41.457 -102.303 -90.788 42.761 -106.154 -90.029
3 0 42.761 -106.154 -90.029 42.124 -106.351 -89.879 40.815 -102.481 -90.642
3 0 40.262 -102.586 -90.256 40.815 -102.481 -90.642 42.124 -106.351 -89.879
3 0 42.124 -106.351 -89.879 41.575 -106.466 -89.490 40.262 -102.586 -90.256
3 0 39.882 -102.602 -89.688 40.262 -102.586 -90.256 41.575 -106.466 -89.490
3 0 41.575 -106.466 -89.490 41.196 -106.483 -88.922 39.882 -102.602 -89.688
3 0 39.735 -102.526 -89.026 39.882 -102.602 -89.688 41.196 -106.483 -88.922
3 0 41.196 -106.483 -88.922 41.046 -106.400 -88.261 39.735 -102.526 -89.026
3 0 39.841 -102.371 -88.370 39.735 -102.526 -89.026 41.046 -106.400 -88.261
3 0 41.046 -106.400 -88.261 41.147 -106.228 -87.608 39.841 -102.371 -88.370
3 0 40.185 -102.159 -87.819 39.841 -102.371 -88.370 41.147 -106.228 -87.608
3 0 41.147 -106.228 -87.608 41.484 -105.993 -87.063 40.185 -102.159 -87.819
3 0 40.715 -101.923 -87.459 40.185 -102.159 -87.819 41.484 -105.993 -87.063
3 0 41.484 -105.993 -87.063 42.006 -105.733 -86.707 40.715 -101.923 -87.459
3 0 41.350 -101.699 -87.343 40.715 -101.923 -87.459 42.006 -105.733 -86.707
3 0 42.006 -105.733 -86.707 42.632 -105.486 -86.596 41.350 -101.699 -87.343
3 0 41.992 -101.521 -87.489 41.350 -101.699 -87.343 42.632 -105.486 -86.596
3 0 42.632 -105.486 -86.596 43.269 -105.289 -86.746 41.992 -101.521 -87.489
3 0 42.545 -101.416 -87.875 41.992 -101.521 -87.489 43.269 -105.289 -86.746
3 0 43.269 -105.289 -86.746 43.818 -105.174 -87.135 42.545 -101.416 -87.875
3 0 45.722 -105.087 -89.990 44.452 -101.337 -90.729 44.982 -101.101 -90.368
3 0 44.982 -101.101 -90.368 46.243 -104.827 -89.635 45.722 -105.087 -89.990
3 0 45.095 -105.335 -90.101 43.818 -101.560 -90.845 44.452 -101.337 -90.729
3 0 44.452 -101.337 -90.729 45.722 -105.087 -89.990 45.095 -105.335 -90.101
3 0 44.458 -105.531 -89.951 43.175 -101.738 -90.698 43.818 -101.560 -90.845
3 0 43.818 -101.560 -90.845 45.095 -105.335 -90.101 44.458 -105.531 -89.951
3 0 43.909 -105.647 -89.563 42.622 -101.843 -90.312 43.175 -101.738 -90.698
3 0 43.175 -101.738 -90.698 44.458 -105.531 -89.951 43.909 -105.647 -89.563
3 0 44.340 -104.913 -86.779 43.075 -101.181 -87.515 42.545 -101.416 -87.875
3 0 42.545 -101.416 -87.875 43.818 -105.174 -87.135 44.340 -104.913 -86.779
3 0 44.967 -104.666 -86.668 43.710 -100.957 -87.399 43.075 -101.181 -87.515
3 0 43.075 -101.181 -87.515 44.340 -104.913 -86.779 44.967 -104.666 -86.668
3 0 45.603 -104.470 -86.819 44.353 -100.779 -87.545 43.710 -100.957 -87.399
3 0 43.710 -100.957 -87.399 44.967 -104.666 -86.668 45.603 -104.470 -86.819
3 0 46.152 -104.354 -87.207 44.906 -100.674 -87.932 44.353 -100.779 -87.545
3 0 44.353 -100.779 -87.545 45.603 -104.470 -86.819 46.152 -104.354 -87.207
3 0 48.055 -104.268 -90.063 46.812 -100.594 -90.785 47.341 -100.358 -90.424
3 0 47.341 -100.358 -90.424 48.576 -104.007 -89.707 48.055 -104.268 -90.063
3 0 47.428 -104.515 -90.174 46.177 -100.818 -90.901 46.812 -100.594 -90.785
3 0 46.812 -100.594 -90.785 48.055 -104.268 -90.063 47.428 -104.515 -90.174
3 0 46.792 -104.712 -90.024 45.534 -100.996 -90.755 46.177 -100.818 -90.901
3 0 46.177 -100.818 -90.901 47.428 -104.515 -90.174 46.792 -104.712 -90.024
3 0 46.243 -104.827 -89.635 44.982 -101.101 -90.368 45.534 -100.996 -90.755
3 0 45.534 -100.996 -90.755 46.792 -104.712 -90.024 46.243 -104.827 -89.635
3 0 46.673 -104.094 -86.852 45.435 -100.438 -87.571 44.906 -100.674 -87.932
3 0 44.906 -100.674 -87.932 46.152 -104.354 -87.207 46.673 -104.094 -86.852
3 0 47.300 -103.846 -86.741 46.069 -100.214 -87.455 45.435 -100.438 -87.571
3 0 45.435 -100.438 -87.571 46.673 -104.094 -86.852 47.300 -103.846 -86.741
3 0 47.936 -103.650 -86.891 46.712 -100.036 -87.602 46.069 -100.214 -87.455
3 0 46.069 -100.214 -87.455 47.300 -103.846 -86.741 47.936 -103.650 -86.891
3 0 48.486 -103.535 -87.280 47.265 -99.931 -87.988 46.712 -100.036 -87.602
3 0 46.712 -100.036 -87.602 47.936 -103.650 -86.891 48.486 -103.535 -87.280
3 0 47.795 -99.695 -87.627 47.265 -99.931 -87.988 48.486 -103.535 -87.280
3 0 48.486 -103.535 -87.280 49.007 -103.274 -86.924 47.795 -99.695 -87.627
3 0 48.429 -99.472 -87.511 47.795 -99.695 -87.627 49.007 -103.274 -86.924
3 0 49.007 -103.274 -86.924 49.634 -103.027 -86.813 48.429 -99.472 -87.511
3 0 49.072 -99.294 -87.658 48.429 -99.472 -87.511 49.634 -103.027 -86.813
3 0 49.634 -103.027 -86.813 50.270 -102.830 -86.963 49.072 -99.294 -87.658
3 0 49.625 -99.189 -88.044 49.072 -99.294 -87.658 50.270 -102.830 -86.963
3 0 50.270 -102.830 -86.963 50.820 -102.715 -87.352 49.625 -99.189 -88.044
3 0 50.005 -99.173 -88.612 49.625 -99.189 -88.044 50.820 -102.715 -87.352
3 0 50.820 -102.715 -87.352 51.198 -102.698 -87.920 50.005 -99.173 -88.612
3 0 50.152 -99.248 -89.274 50.005 -99.173 -88.612 51.198 -102.698 -87.920
3 0 51.198 -102.698 -87.920 51.348 -102.781 -88.581 50.152 -99.248 -89.274
3 0 50.046 -99.404 -89.930 50.152 -99.248 -89.274 51.348 -102.781 -88.581
3 0 51.348 -102.781 -88.581 51.247 -102.954 -89.234 50.046 -99.404 -89.930
3 0 49.702 -99.616 -90.481 50.046 -99.404 -89.930 51.247 -102.954 -89.234
3 0 51.247 -102.954 -89.234 50.911 -103.188 -89.780 49.702 -99.616 -90.481
3 0 49.172 -99.851 -90.841 49.702 -99.616 -90.481 50.911 -103.188 -89.780
3 0 50.911 -103.188 -89.780 50.389 -103.448 -90.135 49.172 -99.851 -90.841
3 0 48.537 -100.075 -90.957 49.172 -99.851 -90.841 50.389 -103.448 -90.135
3 0 50.389 -103.448 -90.135 49.762 -103.695 -90.246 48.537 -100.075 -90.957
3 0 47.895 -100.253 -90.811 48.537 -100.075 -90.957 49.762 -103.695 -90.246
3 0 49.762 -103.695 -90.246 49.126 -103.892 -90.096 47.895 -100.253 -90.811
3 0 47.341 -100.358 -90.424 47.895 -100.253 -90.811 49.126 -103.892 -90.096
3 0 49.126 -103.892 -90.096 48.576 -104.007 -89.707 47.341 -100.358 -90.424
3 0 40.926 -98.190 -91.349 41.464 -97.981 -90.984 42.622 -101.843 -90.312
3 0 42.622 -101.843 -90.312 42.092 -102.079 -90.673 40.926 -98.190 -91.349
3 0 40.285 -98.390 -91.469 40.926 -98.190 -91.349 42.092 -102.079 -90.673
3 0 42.092 -102.079 -90.673 41.457 -102.303 -90.788 40.285 -98.390 -91.469
3 0 39.636 -98.548 -91.327 40.285 -98.390 -91.469 41.457 -102.303 -90.788
3 0 41.457 -102.303 -90.788 40.815 -102.481 -90.642 39.636 -98.548 -91.327
3 0 39.079 -98.642 -90.942 39.636 -98.548 -91.327 40.815 -102.481 -90.642
3 0 40.815 -102.481 -90.642 40.262 -102.586 -90.256 39.079 -98.642 -90.942
3 0 38.699 -98.656 -90.375 39.079 -98.642 -90.942 40.262 -102.586 -90.256
3 0 40.262 -102.586 -90.256 39.882 -102.602 -89.688 38.699 -98.656 -90.375
3 0 38.554 -98.589 -89.711 38.699 -98.656 -90.375 39.882 -102.602 -89.688
3 0 39.882 -102.602 -89.688 39.735 -102.526 -89.026 38.554 -98.589 -89.711
3 0 38.666 -98.451 -89.052 38.554 -98.589 -89.711 39.735 -102.526 -89.026
3 0 39.735 -102.526 -89.026 39.841 -102.371 -88.370 38.666 -98.451 -89.052
3 0 39.017 -98.263 -88.498 38.666 -98.451 -89.052 39.841 -102.371 -88.370
3 0 39.841 -102.371 -88.370 40.185 -102.159 -87.819 39.017 -98.263 -88.498
3 0 39.554 -98.053 -88.132 39.017 -98.263 -88.498 40.185 -102.159 -87.819
3 0 40.185 -102.159 -87.819 40.715 -101.923 -87.459 39.554 -98.053 -88.132
3 0 40.196 -97.854 -88.012 39.554 -98.053 -88.132 40.715 -101.923 -87.459
3 0 40.715 -101.923 -87.459 41.350 -101.699 -87.343 40.196 -97.854 -88.012
3 0 40.845 -97.695 -88.155 40.196 -97.854 -88.012 41.350 -101.699 -87.343
3 0 41.350 -101.699 -87.343 41.992 -101.521 -87.489 40.845 -97.695 -88.155
3 0 41.401 -97.602 -88.539 40.845 -97.695 -88.155 41.992 -101.521 -87.489
3 0 41.992 -101.521 -87.489 42.545 -101.416 -87.875 41.401 -97.602 -88.539
3 0 44.452 -101.337 -90.729 43.311 -97.529 -91.391 43.849 -97.319 -91.025
3 0 43.849 -97.319 -91.025 44.982 -101.101 -90.368 44.452 -101.337 -90.729
3 0 43.818 -101.560 -90.845 42.669 -97.728 -91.511 43.311 -97.529 -91.391
3 0 43.311 -97.529 -91.391 44.452 -101.337 -90.729 43.818 -101.560 -90.845
3 0 43.175 -101.738 -90.698 42.021 -97.887 -91.368 42.669 -97.728 -91.511
3 0 42.669 -97.728 -91.511 43.818 -101.560 -90.845 43.175 -101.738 -90.698
3 0 42.622 -101.843 -90.312 41.464 -97.981 -90.984 42.021 -97.887 -91.368
3 0 42.021 -97.887 -91.368 43.175 -101.738 -90.698 42.622 -101.843 -90.312
3 0 43.075 -101.181 -87.515 41.939 -97.392 -88.174 41.401 -97.602 -88.539
3 0 41.401 -97.602 -88.539 42.545 -101.416 -87.875 43.075 -101.181 -87.515
3 0 43.710 -100.957 -87.399 42.581 -97.192 -88.054 41.939 -97.392 -88.174
3 0 41.939 -97.392 -88.174 43.075 -101.181 -87.515 43.710 -100.957 -87.399
3 0 44.353 -100.779 -87.545 43.229 -97.034 -88.196 42.581 -97.192 -88.054
3 0 42.581 -97.192 -88.054 43.710 -100.957 -87.399 44.353 -100.779 -87.545
3 0 44.906 -100.674 -87.932 43.786 -96.940 -88.581 43.229 -97.034 -88.196
3 0 43.229 -97.034 -88.196 44.353 -100.779 -87.545 44.906 -100.674 -87.932
3 0 46.812 -100.594 -90.785 45.695 -96.868 -91.432 46.232 -96.658 -91.067
3 0 46.232 -96.658 -91.067 47.341 -100.358 -90.424 46.812 -100.594 -90.785
3 0 46.177 -100.818 -90.901 45.053 -97.067 -91.553 45.695 -96.868 -91.432
3 0 45.695 -96.868 -91.432 46.812 -100.594 -90.785 46.177 -100.818 -90.901
3 0 45.534 -100.996 -90.755 44.404 -97.226 -91.410 45.053 -97.067 -91.553
3 0 45.053 -97.067 -91.553 46.177 -100.818 -90.901 45.534 -100.996 -90.755
3 0 44.982 -101.101 -90.368 43.849 -97.319 -91.025 44.404 -97.226 -91.410
3 0 44.404 -97.226 -91.410 45.534 -100.996 -90.755 44.982 -101.101 -90.368
3 0 45.435 -100.438 -87.571 44.323 -96.731 -88.215 43.786 -96.940 -88.581
3 0 43.786 -96.940 -88.581 44.906 -100.674 -87.932 45.435 -100.438 -87.571
3 0 46.069 -100.214 -87.455 44.964 -96.531 -88.095 44.323 -96.731 -88.215
3 0 44.323 -96.731 -88.215 45.435 -100.438 -87.571 46.069 -100.214 -87.455
3 0 46.712 -100.036 -87.602 45.613 -96.373 -88.238 44.964 -96.531 -88.095
3 0 44.964 -96.531 -88.095 46.069 -100.214 -87.455 46.712 -100.036 -87.602
3 0 47.265 -99.931 -87.988 46.170 -96.279 -88.622 45.613 -96.373 -88.238
3 0 45.613 -96.373 -88.238 46.712 -100.036 -87.602 47.265 -99.931 -87.988
3 0 46.707 -96.069 -88.257 46.170 -96.279 -88.622 47.265 -99.931 -87.988
3 0 47.265 -99.931 -87.988 47.795 -99.695 -87.627 46.707 -96.069 -88.257
3 0 47.349 -95.870 -88.137 46.707 -96.069 -88.257 47.795 -99.695 -87.627
3 0 47.795 -99.695 -87.627 48.429 -99.472 -87.511 47.349 -95.870 -88.137
3 0 47.998 -95.712 -88.279 47.349 -95.870 -88.137 48.429 -99.472 -87.511
3 0 48.429 -99.472 -87.511 49.072 -99.294 -87.658 47.998 -95.712 -88.279
3 0 48.554 -95.618 -88.664 47.998 -95.712 -88.279 49.072 -99.294 -87.658
3 0 49.072 -99.294 -87.658 49.625 -99.189 -88.044 48.554 -95.618 -88.664
3 0 48.934 -95.604 -89.231 48.554 -95.618 -88.664 49.625 -99.189 -88.044
3 0 49.625 -99.189 -88.044 50.005 -99.173 -88.612 48.934 -95.604 -89.231
3 0 49.079 -95.671 -89.895 48.934 -95.604 -89.231 50.005 -99.173 -88.612
3 0 50.005 -99.173 -88.612 50.152 -99.248 -89.274 49.079 -95.671 -89.895
3 0 48.968 -95.809 -90.554 49.079 -95.671 -89.895 50.152 -99.248 -89.274
3 0 50.152 -99.248 -89.274 50.046 -99.404 -89.930 48.968 -95.809 -90.554
3 0 48.617 -95.997 -91.108 48.968 -95.809 -90.554 50.046 -99.404 -89.930
3 0 50.046 -99.404 -89.930 49.702 -99.616 -90.481 48.617 -95.997 -91.108
3 0 48.079 -96.207 -91.474 48.617 -95.997 -91.108 49.702 -99.616 -90.481
3 0 49.702 -99.616 -90.481 49.172 -99.851 -90.841 48.079 -96.207 -91.474
3 0 47.438 -96.406 -91.594 48.079 -96.207 -91.474 49.172 -99.851 -90.841
3 0 49.172 -99.851 -90.841 48.537 -100.075 -90.957 47.438 -96.406 -91.594
3 0 46.789 -96.565 -91.451 47.438 -96.406 -91.594 48.537 -100.075 -90.957
3 0 48.537 -100.075 -90.957 47.895 -100.253 -90.811 46.789 -96.565 -91.451
3 0 46.232 -96.658 -91.067 46.789 -96.565 -91.451 47.895 -100.253 -90.811
3 0 47.895 -100.253 -90.811 47.341 -100.358 -90.424 46.232 -96.658 -91.067
3 0 39.897 -94.241 -91.945 40.442 -94.059 -91.575 41.464 -97.981 -90.984
3 0 41.464 -97.981 -90.984 40.926 -98.190 -91.349 39.897 -94.241 -91.945
3 0 39.248 -94.413 -92.069 39.897 -94.241 -91.945 40.926 -98.190 -91.349
3 0 40.926 -98.190 -91.349 40.285 -98.390 -91.469 39.248 -94.413 -92.069
3 0 38.594 -94.551 -91.930 39.248 -94.413 -92.069 40.285 -98.390 -91.469
3 0 40.285 -98.390 -91.469 39.636 -98.548 -91.327 38.594 -94.551 -91.930
3 0 38.034 -94.632 -91.547 38.594 -94.551 -91.930 39.636 -98.548 -91.327
3 0 39.636 -98.548 -91.327 39.079 -98.642 -90.942 38.034 -94.632 -91.547
3 0 37.654 -94.645 -90.980 38.034 -94.632 -91.547 39.079 -98.642 -90.942
3 0 39.079 -98.642 -90.942 38.699 -98.656 -90.375 37.654 -94.645 -90.980
3 0 37.511 -94.587 -90.315 37.654 -94.645 -90.980 38.699 -98.656 -90.375
3 0 38.699 -98.656 -90.375 38.554 -98.589 -89.711 37.511 -94.587 -90.315
3 0 37.627 -94.467 -89.653 37.511 -94.587 -90.315 38.554 -98.589 -89.711
3 0 38.554 -98.589 -89.711 38.666 -98.451 -89.052 37.627 -94.467 -89.653
3 0 37.985 -94.304 -89.095 37.627 -94.467 -89.653 38.666 -98.451 -89.052
3 0 38.666 -98.451 -89.052 39.017 -98.263 -88.498 37.985 -94.304 -89.095
3 0 38.530 -94.123 -88.725 37.985 -94.304 -89.095 39.017 -98.263 -88.498
3 0 39.017 -98.263 -88.498 39.554 -98.053 -88.132 38.530 -94.123 -88.725
3 0 39.178 -93.950 -88.601 38.530 -94.123 -88.725 39.554 -98.053 -88.132
3 0 39.554 -98.053 -88.132 40.196 -97.854 -88.012 39.178 -93.950 -88.601
3 0 39.832 -93.813 -88.740 39.178 -93.950 -88.601 40.196 -97.854 -88.012
3 0 40.196 -97.854 -88.012 40.845 -97.695 -88.155 39.832 -93.813 -88.740
3 0 40.392 -93.732 -89.123 39.832 -93.813 -88.740 40.845 -97.695 -88.155
3 0 40.845 -97.695 -88.155 41.401 -97.602 -88.539 40.392 -93.732 -89.123
3 0 43.311 -97.529 -91.391 42.305 -93.668 -91.973 42.849 -93.486 -91.603
3 0 42.849 -93.486 -91.603 43.849 -97.319 -91.025 43.311 -97.529 -91.391
3 0 42.669 -97.728 -91.511 41.656 -93.840 -92.097 42.305 -93.668 -91.973
3 0 42.305 -93.668 -91.973 43.311 -97.529 -91.391 42.669 -97.728 -91.511
3 0 42.021 -97.887 -91.368 41.002 -93.978 -91.958 41.656 -93.840 -92.097
3 0 41.656 -93.840 -92.097 42.669 -97.728 -91.511 42.021 -97.887 -91.368
3 0 41.464 -97.981 -90.984 40.442 -94.059 -91.575 41.002 -93.978 -91.958
3 0 41.002 -93.978 -91.958 42.021 -97.887 -91.368 41.464 -97.981 -90.984
3 0 41.939 -97.392 -88.174 40.937 -93.550 -88.753 40.392 -93.732 -89.123
3 0 40.392 -93.732 -89.123 41.401 -97.602 -88.539 41.939 -97.392 -88.174
3 0 42.581 -97.192 -88.054 41.586 -93.377 -88.629 40.937 -93.550 -88.753
3 0 40.937 -93.550 -88.753 41.939 -97.392 -88.174 42.581 -97.192 -88.054
3 0 43.229 -97.034 -88.196 42.240 -93.240 -88.768 41.586 -93.377 -88.629
3 0 41.586 -93.377 -88.629 42.581 -97.192 -88.054 43.229 -97.034 -88.196
3 0 43.786 -96.940 -88.581 42.800 -93.159 -89.151 42.240 -93.240 -88.768
3 0 42.240 -93.240 -88.768 43.229 -97.034 -88.196 43.786 -96.940 -88.581
3 0 45.695 -96.868 -91.432 44.711 -93.095 -92.001 45.256 -92.913 -91.631
3 0 45.256 -92.913 -91.631 46.232 -96.658 -91.067 45.695 -96.868 -91.432
3 0 45.053 -97.067 -91.553 44.062 -93.268 -92.125 44.711 -93.095 -92.001
3 0 44.711 -93.095 -92.001 45.695 -96.868 -91.432 45.053 -97.067 -91.553
3 0 44.404 -97.226 -91.410 43.408 -93.405 -91.986 44.062 -93.268 -92.125
3 0 44.062 -93.268 -92.125 45.053 -97.067 -91.553 44.404 -97.226 -91.410
3 0 43.849 -97.319 -91.025 42.849 -93.486 -91.603 43.408 -93.405 -91.986
3 0 43.408 -93.405 -91.986 44.404 -97.226 -91.410 43.849 -97.319 -91.025
3 0 44.323 -96.731 -88.215 43.344 -92.977 -88.781 42.800 -93.159 -89.151
3 0 42.800 -93.159 -89.151 43.786 -96.940 -88.581 44.323 -96.731 -88.215
3 0 44.964 -96.531 -88.095 43.993 -92.804 -88.657 43.344 -92.977 -88.781
3 0 43.344 -92.977 -88.781 44.323 -96.731 -88.215 44.964 -96.531 -88.095
3 0 45.613 -96.373 -88.238 44.647 -92.667 -88.796 43.993 -92.804 -88.657
3 0 43.993 -92.804 -88.657 44.964 -96.531 -88.095 45.613 -96.373 -88.238
3 0 46.170 -96.279 -88.622 45.207 -92.586 -89.179 44.647 -92.667 -88.796
3 0 44.647 -92.667 -88.796 45.613 -96.373 -88.238 46.170 -96.279 -88.622
3 0 45.751 -92.404 -88.809 45.207 -92.586 -89.179 46.170 -96.279 -88.622
3 0 46.170 -96.279 -88.622 46.707 -96.069 -88.257 45.751 -92.404 -88.809
3 0 46.400 -92.232 -88.685 45.751 -92.404 -88.809 46.707 -96.069 -88.257
3 0 46.707 -96.069 -88.257 47.349 -95.870 -88.137 46.400 -92.232 -88.685
3 0 47.054 -92.094 -88.824 46.400 -92.232 -88.685 47.349 -95.870 -88.137
3 0 47.349 -95.870 -88.137 47.998 -95.712 -88.279 47.054 -92.094 -88.824
3 0 47.614 -92.013 -89.207 47.054 -92.094 -88.824 47.998 -95.712 -88.279
3 0 47.998 -95.712 -88.279 48.554 -95.618 -88.664 47.614 -92.013 -89.207
3 0 47.995 -92.000 -89.774 47.614 -92.013 -89.207 48.554 -95.618 -88.664
3 0 48.554 -95.618 -88.664 48.934 -95.604 -89.231 47.995 -92.000 -89.774
3 0 48.137 -92.058 -90.439 47.995 -92.000 -89.774 48.934 -95.604 -89.231
3 0 48.934 -95.604 -89.231 49.079 -95.671 -89.895 48.137 -92.058 -90.439
3 0 48.021 -92.177 -91.101 48.137 -92.058 -90.439 49.079 -95.671 -89.895
3 0 49.079 -95.671 -89.895 48.968 -95.809 -90.554 48.021 -92.177 -91.101
3 0 47.664 -92.340 -91.659 48.021 -92.177 -91.101 48.968 -95.809 -90.554
3 0 48.968 -95.809 -90.554 48.617 -95.997 -91.108 47.664 -92.340 -91.659
3 0 47.119 -92.522 -92.029 47.664 -92.340 -91.659 48.617 -95.997 -91.108
3 0 48.617 -95.997 -91.108 48.079 -96.207 -91.474 47.119 -92.522 -92.029
3 0 46.470 -92.695 -92.153 47.119 -92.522 -92.029 48.079 -96.207 -91.474
3 0 48.079 -96.207 -91.474 47.438 -96.406 -91.594 46.470 -92.695 -92.153
3 0 45.816 -92.832 -92.014 46.470 -92.695 -92.153 47.438 -96.406 -91.594
3 0 47.438 -96.406 -91.594 46.789 -96.565 -91.451 45.816 -92.832 -92.014
3 0 45.256 -92.913 -91.631 45.816 -92.832 -92.014 46.789 -96.565 -91.451
3 0 46.789 -96.565 -91.451 46.232 -96.658 -91.067 45.256 -92.913 -91.631
3 0 39.022 -90.241 -92.449 39.573 -90.088 -92.076 40.442 -94.059 -91.575
3 0 40.442 -94.059 -91.575 39.897 -94.241 -91.945 39.022 -90.241 -92.449
3 0 38.367 -90.386 -92.577 39.022 -90.241 -92.449 39.897 -94.241 -91.945
3 0 39.897 -94.241 -91.945 39.248 -94.413 -92.069 38.367 -90.386 -92.577
3 0 37.708 -90.502 -92.440 38.367 -90.386 -92.577 39.248 -94.413 -92.069
3 0 39.248 -94.413 -92.069 38.594 -94.551 -91.930 37.708 -90.502 -92.440
3 0 37.146 -90.570 -92.059 37.708 -90.502 -92.440 38.594 -94.551 -91.930
3 0 38.594 -94.551 -91.930 38.034 -94.632 -91.547 37.146 -90.570 -92.059
3 0 36.765 -90.581 -91.492 37.146 -90.570 -92.059 38.034 -94.632 -91.547
3 0 38.034 -94.632 -91.547 37.654 -94.645 -90.980 36.765 -90.581 -91.492
3 0 36.624 -90.533 -90.826 36.765 -90.581 -91.492 37.654 -94.645 -90.980
3 0 37.654 -94.645 -90.980 37.511 -94.587 -90.315 36.624 -90.533 -90.826
3 0 36.744 -90.432 -90.162 36.624 -90.533 -90.826 37.511 -94.587 -90.315
3 0 37.511 -94.587 -90.315 37.627 -94.467 -89.653 36.744 -90.432 -90.162
3 0 37.108 -90.295 -89.600 36.744 -90.432 -90.162 37.627 -94.467 -89.653
3 0 37.627 -94.467 -89.653 37.985 -94.304 -89.095 37.108 -90.295 -89.600
3 0 37.659 -90.142 -89.227 37.108 -90.295 -89.600 37.985 -94.304 -89.095
3 0 37.985 -94.304 -89.095 38.530 -94.123 -88.725 37.659 -90.142 -89.227
3 0 38.314 -89.996 -89.099 37.659 -90.142 -89.227 38.530 -94.123 -88.725
3 0 38.530 -94.123 -88.725 39.178 -93.950 -88.601 38.314 -89.996 -89.099
3 0 38.972 -89.881 -89.236 38.314 -89.996 -89.099 39.178 -93.950 -88.601
3 0 39.178 -93.950 -88.601 39.832 -93.813 -88.740 38.972 -89.881 -89.236
3 0 39.535 -89.812 -89.617 38.972 -89.881 -89.236 39.832 -93.813 -88.740
3 0 39.832 -93.813 -88.740 40.392 -93.732 -89.123 39.535 -89.812 -89.617
3 0 42.305 -93.668 -91.973 41.449 -89.758 -92.466 42.000 -89.605 -92.093
3 0 42.000 -89.605 -92.093 42.849 -93.486 -91.603 42.305 -93.668 -91.973
3 0 41.656 -93.840 -92.097 40.794 -89.903 -92.594 41.449 -89.758 -92.466
3 0 41.449 -89.758 -92.466 42.305 -93.668 -91.973 41.656 -93.840 -92.097
3 0 41.002 -93.978 -91.958 40.136 -90.019 -92.457 40.794 -89.903 -92.594
3 0 40.794 -89.903 -92.594 41.656 -93.840 -92.097 41.002 -93.978 -91.958
3 0 40.442 -94.059 -91.575 39.573 -90.088 -92.076 40.136 -90.019 -92.457
3 0 40.136 -90.019 -92.457 41.002 -93.978 -91.958 40.442 -94.059 -91.575
3 0 40.937 -93.550 -88.753 40.086 -89.659 -89.244 39.535 -89.812 -89.617
3 0 39.535 -89.812 -89.617 40.392 -93.732 -89.123 40.937 -93.550 -88.753
3 0 41.586 -93.377 -88.629 40.741 -89.514 -89.116 40.086 -89.659 -89.244
3 0 40.086 -89.659 -89.244 40.937 -93.550 -88.753 41.586 -93.377 -88.629
3 0 42.240 -93.240 -88.768 41.400 -89.398 -89.253 40.741 -89.514 -89.116
3 0 40.741 -89.514 -89.116 41.586 -93.377 -88.629 42.240 -93.240 -88.768
3 0 42.800 -93.159 -89.151 41.962 -89.329 -89.634 41.400 -89.398 -89.253
3 0 41.400 -89.398 -89.253 42.240 -93.240 -88.768 42.800 -93.159 -89.151
3 0 44.711 -93.095 -92.001 43.876 -89.275 -92.483 44.427 -89.122 -92.110
3 0 44.427 -89.122 -92.110 45.256 -92.913 -91.631 44.711 -93.095 -92.001
3 0 44.062 -93.268 -92.125 43.221 -89.420 -92.611 43.876 -89.275 -92.483
3 0 43.876 -89.275 -92.483 44.711 -93.095 -92.001 44.062 -93.268 -92.125
3 0 43.408 -93.405 -91.986 42.562 -89.536 -92.474 43.221 -89.420 -92.611
3 0 43.221 -89.420 -92.611 44.062 -93.268 -92.125 43.408 -93.405 -91.986
3 0 42.849 -93.486 -91.603 42.000 -89.605 -92.093 42.562 -89.536 -92.474
3 0 42.562 -89.536 -92.474 43.408 -93.405 -91.986 42.849 -93.486 -91.603
3 0 43.344 -92.977 -88.781 42.513 -89.176 -89.261 41.962 -89.329 -89.634
3 0 41.962 -89.329 -89.634 42.800 -93.159 -89.151 43.344 -92.977 -88.781
3 0 43.993 -92.804 -88.657 43.167 -89.031 -89.133 42.513 -89.176 -89.261
3 0 42.513 -89.176 -89.261 43.344 -92.977 -88.781 43.993 -92.804 -88.657
3 0 44.647 -92.667 -88.796 43.826 -88.915 -89.270 43.167 -89.031 -89.133
3 0 43.167 -89.031 -89.133 43.993 -92.804 -88.657 44.647 -92.667 -88.796
3 0 45.207 -92.586 -89.179 44.389 -88.846 -89.651 43.826 -88.915 -89.270
3 0 43.826 -88.915 -89.270 44.647 -92.667 -88.796 45.207 -92.586 -89.179
3 0 44.940 -88.693 -89.278 44.389 -88.846 -89.651 45.207 -92.586 -89.179
3 0 45.207 -92.586 -89.179 45.751 -92.404 -88.809 44.940 -88.693 -89.278
3 0 45.595 -88.548 -89.150 44.940 -88.693 -89.278 45.751 -92.404 -88.809
3 0 45.751 -92.404 -88.809 46.400 -92.232 -88.685 45.595 -88.548 -89.150
3 0 46.254 -88.432 -89.287 45.595 -88.548 -89.150 46.400 -92.232 -88.685
3 0 46.400 -92.232 -88.685 47.054 -92.094 -88.824 46.254 -88.432 -89.287
3 0 46.816 -88.364 -89.668 46.254 -88.432 -89.287 47.054 -92.094 -88.824
3 0 47.054 -92.094 -88.824 47.614 -92.013 -89.207 46.816 -88.364 -89.668
3 0 47.197 -88.353 -90.234 46.816 -88.364 -89.668 47.614 -92.013 -89.207
3 0 47.614 -92.013 -89.207 47.995 -92.000 -89.774 47.197 -88.353 -90.234
3 0 47.338 -88.401 -90.901 47.197 -88.353 -90.234 47.995 -92.000 -89.774
3 0 47.995 -92.000 -89.774 48.137 -92.058 -90.439 47.338 -88.401 -90.901
3 0 47.217 -88.502 -91.565 47.338 -88.401 -90.901 48.137 -92.058 -90.439
3 0 48.137 -92.058 -90.439 48.021 -92.177 -91.101 47.217 -88.502 -91.565
3 0 46.854 -88.639 -92.127 47.217 -88.502 -91.565 48.021 -92.177 -91.101
3 0 48.021 -92.177 -91.101 47.664 -92.340 -91.659 46.854 -88.639 -92.127
3 0 46.303 -88.792 -92.500 46.854 -88.639 -92.127 47.664 -92.340 -91.659
3 0 47.664 -92.340 -91.659 47.119 -92.522 -92.029 46.303 -88.792 -92.500
3 0 45.648 -88.937 -92.628 46.303 -88.792 -92.500 47.119 -92.522 -92.029
3 0 47.119 -92.522 -92.029 46.470 -92.695 -92.153 45.648 -88.937 -92.628
3 0 44.989 -89.053 -92.491 45.648 -88.937 -92.628 46.470 -92.695 -92.153
3 0 46.470 -92.695 -92.153 45.816 -92.832 -92.014 44.989 -89.053 -92.491
3 0 44.427 -89.122 -92.110 44.989 -89.053 -92.491 45.816 -92.832 -92.014
3 0 45.816 -92.832 -92.014 45.256 -92.913 -91.631 44.427 -89.122 -92.110
3 0 38.291 -86.204 -92.868 38.847 -86.079 -92.493 39.573 -90.088 -92.076
3 0 39.573 -90.088 -92.076 39.022 -90.241 -92.449 38.291 -86.204 -92.868
3 0 37.631 -86.322 -92.999 38.291 -86.204 -92.868 39.022 -90.241 -92.449
3 0 39.022 -90.241 -92.449 38.367 -90.386 -92.577 37.631 -86.322 -92.999
3 0 36.969 -86.416 -92.864 37.631 -86.322 -92.999 38.367 -90.386 -92.577
3 0 38.367 -90.386 -92.577 37.708 -90.502 -92.440 36.969 -86.416 -92.864
3 0 36.404 -86.472 -92.484 36.969 -86.416 -92.864 37.708 -90.502 -92.440
3 0 37.708 -90.502 -92.440 37.146 -90.570 -92.059 36.404 -86.472 -92.484
3 0 36.023 -86.481 -91.918 36.404 -86.472 -92.484 37.146 -90.570 -92.059
3 0 37.146 -90.570 -92.059 36.765 -90.581 -91.492 36.023 -86.481 -91.918
3 0 35.884 -86.442 -91.250 36.023 -86.481 -91.918 36.765 -90.581 -91.492
3 0 36.765 -90.581 -91.492 36.624 -90.533 -90.826 35.884 -86.442 -91.250
3 0 36.008 -86.360 -90.584 35.884 -86.442 -91.250 36.624 -90.533 -90.826
3 0 36.624 -90.533 -90.826 36.744 -90.432 -90.162 36.008 -86.360 -90.584
3 0 36.376 -86.248 -90.020 36.008 -86.360 -90.584 36.744 -90.432 -90.162
3 0 36.744 -90.432 -90.162 37.108 -90.295 -89.600 36.376 -86.248 -90.020
3 0 36.933 -86.124 -89.644 36.376 -86.248 -90.020 37.108 -90.295 -89.600
3 0 37.108 -90.295 -89.600 37.659 -90.142 -89.227 36.933 -86.124 -89.644
3 0 37.592 -86.006 -89.513 36.933 -86.124 -89.644 37.659 -90.142 -89.227
3 0 37.659 -90.142 -89.227 38.314 -89.996 -89.099 37.592 -86.006 -89.513
3 0 38.255 -85.911 -89.648 37.592 -86.006 -89.513 38.314 -89.996 -89.099
3 0 38.314 -89.996 -89.099 38.972 -89.881 -89.236 38.255 -85.911 -89.648
3 0 38.820 -85.856 -90.028 38.255 -85.911 -89.648 38.972 -89.881 -89.236
3 0 38.972 -89.881 -89.236 39.535 -89.812 -89.617 38.820 -85.856 -90.028
3 0 41.449 -89.758 -92.466 40.735 -85.811 -92.877 41.291 -85.687 -92.501
3 0 41.291 -85.687 -92.501 42.000 -89.605 -92.093 41.449 -89.758 -92.466
3 0 40.794 -89.903 -92.594 40.075 -85.929 -93.007 40.735 -85.811 -92.877
3 0 40.735 -85.811 -92.877 41.449 -89.758 -92.466 40.794 -89.903 -92.594
3 0 40.136 -90.019 -92.457 39.412 -86.024 -92.872 40.075 -85.929 -93.007
3 0 40.075 -85.929 -93.007 40.794 -89.903 -92.594 40.136 -90.019 -92.457
3 0 39.573 -90.088 -92.076 38.847 -86.079 -92.493 39.412 -86.024 -92.872
3 0 39.412 -86.024 -92.872 40.136 -90.019 -92.457 39.573 -90.088 -92.076
3 0 40.086 -89.659 -89.244 39.376 -85.731 -89.652 38.820 -85.856 -90.028
3 0 38.820 -85.856 -90.028 39.535 -89.812 -89.617 40.086 -89.659 -89.244
3 0 40.741 -89.514 -89.116 40.036 -85.613 -89.522 39.376 -85.731 -89.652
3 0 39.376 -85.731 -89.652 40.086 -89.659 -89.244 40.741 -89.514 -89.116
3 0 41.400 -89.398 -89.253 40.699 -85.519 -89.657 40.036 -85.613 -89.522
3 0 40.036 -85.613 -89.522 40.741 -89.514 -89.116 41.400 -89.398 -89.253
3 0 41.962 -89.329 -89.634 41.263 -85.463 -90.036 40.699 -85.519 -89.657
3 0 40.699 -85.519 -89.657 41.400 -89.398 -89.253 41.962 -89.329 -89.634
3 0 43.876 -89.275 -92.483 43.177 -85.418 -92.885 43.733 -85.294 -92.509
3 0 43.733 -85.294 -92.509 44.427 -89.122 -92.110 43.876 -89.275 -92.483
3 0 43.221 -89.420 -92.611 42.517 -85.537 -93.015 43.177 -85.418 -92.885
3 0 43.177 -85.418 -92.885 43.876 -89.275 -92.483 43.221 -89.420 -92.611
3 0 42.562 -89.536 -92.474 41.855 -85.631 -92.881 42.517 -85.537 -93.015
3 0 42.517 -85.537 -93.015 43.221 -89.420 -92.611 42.562 -89.536 -92.474
3 0 42.000 -89.605 -92.093 41.291 -85.687 -92.501 41.855 -85.631 -92.881
3 0 41.855 -85.631 -92.881 42.562 -89.536 -92.474 42.000 -89.605 -92.093
3 0 42.513 -89.176 -89.261 41.819 -85.339 -89.660 41.263 -85.463 -90.036
3 0 41.263 -85.463 -90.036 41.962 -89.329 -89.634 42.513 -89.176 -89.261
3 0 43.167 -89.031 -89.133 42.478 -85.220 -89.530 41.819 -85.339 -89.660
3 0 41.819 -85.339 -89.660 42.513 -89.176 -89.261 43.167 -89.031 -89.133
3 0 43.826 -88.915 -89.270 43.141 -85.126 -89.665 42.478 -85.220 -89.530
3 0 42.478 -85.220 -89.530 43.167 -89.031 -89.133 43.826 -88.915 -89.270
3 0 44.389 -88.846 -89.651 43.706 -85.070 -90.045 43.141 -85.126 -89.665
3 0 43.141 -85.126 -89.665 43.826 -88.915 -89.270 44.389 -88.846 -89.651
3 0 44.262 -84.946 -89.669 43.706 -85.070 -90.045 44.389 -88.846 -89.651
3 0 44.389 -88.846 -89.651 44.940 -88.693 -89.278 44.262 -84.946 -89.669
3 0 44.922 -84.827 -89.538 44.262 -84.946 -89.669 44.940 -88.693 -89.278
3 0 44.940 -88.693 -89.278 45.595 -88.548 -89.150 44.922 -84.827 -89.538
3 0 45.585 -84.733 -89.673 44.922 -84.827 -89.538 45.595 -88.548 -89.150
3 0 45.595 -88.548 -89.150 46.254 -88.432 -89.287 45.585 -84.733 -89.673
3 0 46.150 -84.677 -90.053 45.585 -84.733 -89.673 46.254 -88.432 -89.287
3 0 46.254 -88.432 -89.287 46.816 -88.364 -89.668 46.150 -84.677 -90.053
3 0 46.530 -84.668 -90.620 46.150 -84.677 -90.053 46.816 -88.364 -89.668
3 0 46.816 -88.364 -89.668 47.197 -88.353 -90.234 46.530 -84.668 -90.620
3 0 46.669 -84.708 -91.287 46.530 -84.668 -90.620 47.197 -88.353 -90.234
3 0 47.197 -88.353 -90.234 47.338 -88.401 -90.901 46.669 -84.708 -91.287
3 0 46.545 -84.790 -91.953 46.669 -84.708 -91.287 47.338 -88.401 -90.901
3 0 47.338 -88.401 -90.901 47.217 -88.502 -91.565 46.545 -84.790 -91.953
3 0 46.177 -84.901 -92.518 46.545 -84.790 -91.953 47.217 -88.502 -91.565
3 0 47.217 -88.502 -91.565 46.854 -88.639 -92.127 46.177 -84.901 -92.518
3 0 45.621 -85.025 -92.893 46.177 -84.901 -92.518 46.854 -88.639 -92.127
3 0 46.854 -88.639 -92.127 46.303 -88.792 -92.500 45.621 -85.025 -92.893
3 0 44.961 -85.144 -93.024 45.621 -85.025 -92.893 46.303 -88.792 -92.500
3 0 46.303 -88.792 -92.500 45.648 -88.937 -92.628 44.961 -85.144 -93.024
3 0 44.298 -85.238 -92.889 44.961 -85.144 -93.024 45.648 -88.937 -92.628
3 0 45.648 -88.937 -92.628 44.989 -89.053 -92.491 44.298 -85.238 -92.889
3 0 43.733 -85.294 -92.509 44.298 -85.238 -92.889 44.989 -89.053 -92.491
3 0 44.989 -89.053 -92.491 44.427 -89.122 -92.110 43.733 -85.294 -92.509
3 0 37.713 -82.120 -93.198 38.274 -82.027 -92.820 38.847 -86.079 -92.493
3 0 38.847 -86.079 -92.493 38.291 -86.204 -92.868 37.713 -82.120 -93.198
3 0 37.049 -82.208 -93.331 37.713 -82.120 -93.198 38.291 -86.204 -92.868
3 0 38.291 -86.204 -92.868 37.631 -86.322 -92.999 37.049 -82.208 -93.331
3 0 36.383 -82.278 -93.198 37.049 -82.208 -93.331 37.631 -86.322 -92.999
3 0 37.631 -86.322 -92.999 36.969 -86.416 -92.864 36.383 -82.278 -93.198
3 0 35.817 -82.320 -92.819 36.383 -82.278 -93.198 36.969 -86.416 -92.864
3 0 36.969 -86.416 -92.864 36.404 -86.472 -92.484 35.817 -82.320 -92.819
3 0 35.436 -82.327 -92.252 35.817 -82.320 -92.819 36.404 -86.472 -92.484
3 0 36.404 -86.472 -92.484 36.023 -86.481 -91.918 35.436 -82.327 -92.252
3 0 35.298 -82.297 -91.584 35.436 -82.327 -92.252 36.023 -86.481 -91.918
3 0 36.023 -86.481 -91.918 35.884 -86.442 -91.250 35.298 -82.297 -91.584
3 0 35.426 -82.236 -90.916 35.298 -82.297 -91.584 35.884 -86.442 -91.250
3 0 35.884 -86.442 -91.250 36.008 -86.360 -90.584 35.426 -82.236 -90.916
3 0 35.798 -82.153 -90.350 35.426 -82.236 -90.916 36.008 -86.360 -90.584
3 0 36.008 -86.360 -90.584 36.376 -86.248 -90.020 35.798 -82.153 -90.350
3 0 36.359 -82.060 -89.971 35.798 -82.153 -90.350 36.376 -86.248 -90.020
3 0 36.376 -86.248 -90.020 36.933 -86.124 -89.644 36.359 -82.060 -89.971
3 0 37.023 -81.972 -89.839 36.359 -82.060 -89.971 36.933 -86.124 -89.644
3 0 36.933 -86.124 -89.644 37.592 -86.006 -89.513 37.023 -81.972 -89.839
3 0 37.689 -81.902 -89.972 37.023 -81.972 -89.839 37.592 -86.006 -89.513
3 0 37.592 -86.006 -89.513 38.255 -85.911 -89.648 37.689 -81.902 -89.972
3 0 38.256 -81.860 -90.351 37.689 -81.902 -89.972 38.255 -85.911 -89.648
3 0 38.255 -85.911 -89.648 38.820 -85.856 -90.028 38.256 -81.860 -90.351
3 0 40.735 -85.811 -92.877 40.171 -81.827 -93.200 40.732 -81.734 -92.822
3 0 40.732 -81.734 -92.822 41.291 -85.687 -92.501 40.735 -85.811 -92.877
3 0 40.075 -85.929 -93.007 39.507 -81.915 -93.332 40.171 -81.827 -93.200
3 0 40.171 -81.827 -93.200 40.735 -85.811 -92.877 40.075 -85.929 -93.007
3 0 39.412 -86.024 -92.872 38.841 -81.985 -93.199 39.507 -81.915 -93.332
3 0 39.507 -81.915 -93.332 40.075 -85.929 -93.007 39.412 -86.024 -92.872
3 0 38.847 -86.079 -92.493 38.274 -82.027 -92.820 38.841 -81.985 -93.199
3 0 38.841 -81.985 -93.199 39.412 -86.024 -92.872 38.847 -86.079 -92.493
3 0 39.376 -85.731 -89.652 38.817 -81.767 -89.973 38.256 -81.860 -90.351
3 0 38.256 -81.860 -90.351 38.820 -85.856 -90.028 39.376 -85.731 -89.652
3 0 40.036 -85.613 -89.522 39.481 -81.679 -89.840 38.817 -81.767 -89.973
3 0 38.817 -81.767 -89.973 39.376 -85.731 -89.652 40.036 -85.613 -89.522
3 0 40.699 -85.519 -89.657 40.147 -81.609 -89.974 39.481 -81.679 -89.840
3 0 39.481 -81.679 -89.840 40.036 -85.613 -89.522 40.699 -85.519 -89.657
3 0 41.263 -85.463 -90.036 40.713 -81.567 -90.353 40.147 -81.609 -89.974
3 0 40.147 -81.609 -89.974 40.699 -85.519 -89.657 41.263 -85.463 -90.036
3 0 43.177 -85.418 -92.885 42.627 -81.534 -93.201 43.188 -81.441 -92.823
3 0 43.188 -81.441 -92.823 43.733 -85.294 -92.509 43.177 -85.418 -92.885
3 0 42.517 -85.537 -93.015 41.963 -81.622 -93.334 42.627 -81.534 -93.201
3 0 42.627 -81.534 -93.201 43.177 -85.418 -92.885 42.517 -85.537 -93.015
3 0 41.855 -85.631 -92.881 41.297 -81.692 -93.201 41.963 -81.622 -93.334
3 0 41.963 -81.622 -93.334 42.517 -85.537 -93.015 41.855 -85.631 -92.881
3 0 41.291 -85.687 -92.501 40.732 -81.734 -92.822 41.297 -81.692 -93.201
3 0 41.297 -81.692 -93.201 41.855 -85.631 -92.881 41.291 -85.687 -92.501
3 0 41.819 -85.339 -89.660 41.273 -81.474 -89.974 40.713 -81.567 -90.353
3 0 40.713 -81.567 -90.353 41.263 -85.463 -90.036 41.819 -85.339 -89.660
3 0 42.478 -85.220 -89.530 41.937 -81.386 -89.842 41.273 -81.474 -89.974
3 0 41.273 -81.474 -89.974 41.819 -85.339 -89.660 42.478 -85.220 -89.530
3 0 43.141 -85.126 -89.665 42.603 -81.316 -89.975 41.937 -81.386 -89.842
3 0 41.937 -81.386 -89.842 42.478 -85.220 -89.530 43.141 -85.126 -89.665
3 0 43.706 -85.070 -90.045 43.170 -81.274 -90.354 42.603 -81.316 -89.975
3 0 42.603 -81.316 -89.975 43.141 -85.126 -89.665 43.706 -85.070 -90.045
3 0 43.731 -81.181 -89.976 43.170 -81.274 -90.354 43.706 -85.070 -90.045
3 0 43.706 -85.070 -90.045 44.262 -84.946 -89.669 43.731 -81.181 -89.976
3 0 44.395 -81.093 -89.843 43.731 -81.181 -89.976 44.262 -84.946 -89.669
3 0 44.262 -84.946 -89.669 44.922 -84.827 -89.538 44.395 -81.093 -89.843
3 0 45.061 -81.023 -89.977 44.395 -81.093 -89.843 44.922 -84.827 -89.538
3 0 44.922 -84.827 -89.538 45.585 -84.733 -89.673 45.061 -81.023 -89.977
3 0 45.627 -80.981 -90.355 45.061 -81.023 -89.977 45.585 -84.733 -89.673
3 0 45.585 -84.733 -89.673 46.150 -84.677 -90.053 45.627 -80.981 -90.355
3 0 46.008 -80.974 -90.922 45.627 -80.981 -90.355 46.150 -84.677 -90.053
3 0 46.150 -84.677 -90.053 46.530 -84.668 -90.620 46.008 -80.974 -90.922
3 0 46.145 -81.004 -91.590 46.008 -80.974 -90.922 46.530 -84.668 -90.620
3 0 46.530 -84.668 -90.620 46.669 -84.708 -91.287 46.145 -81.004 -91.590
3 0 46.018 -81.064 -92.258 46.145 -81.004 -91.590 46.669 -84.708 -91.287
3 0 46.669 -84.708 -91.287 46.545 -84.790 -91.953 46.018 -81.064 -92.258
3 0 45.646 -81.148 -92.825 46.018 -81.064 -92.258 46.545 -84.790 -91.953
3 0 46.545 -84.790 -91.953 46.177 -84.901 -92.518 45.646 -81.148 -92.825
3 0 45.085 -81.240 -93.203 45.646 -81.148 -92.825 46.177 -84.901 -92.518
3 0 46.177 -84.901 -92.518 45.621 -85.025 -92.893 45.085 -81.240 -93.203
3 0 44.421 -81.329 -93.335 45.085 -81.240 -93.203 45.621 -85.025 -92.893
3 0 45.621 -85.025 -92.893 44.961 -85.144 -93.024 44.421 -81.329 -93.335
3 0 43.755 -81.399 -93.202 44.421 -81.329 -93.335 44.961 -85.144 -93.024
3 0 44.961 -85.144 -93.024 44.298 -85.238 -92.889 43.755 -81.399 -93.202
3 0 43.188 -81.441 -92.823 43.755 -81.399 -93.202 44.298 -85.238 -92.889
3 0 44.298 -85.238 -92.889 43.733 -85.294 -92.509 43.188 -81.441 -92.823
3 0 37.311 -78.011 -93.426 37.876 -77.949 -93.046 38.274 -82.027 -92.820
3 0 38.274 -82.027 -92.820 37.713 -82.120 -93.198 37.311 -78.011 -93.426
3 0 36.644 -78.069 -93.559 37.311 -78.011 -93.426 37.713 -82.120 -93.198
3 0 37.713 -82.120 -93.198 37.049 -82.208 -93.331 36.644 -78.069 -93.559
3 0 35.976 -78.116 -93.427 36.644 -78.069 -93.559 37.049 -82.208 -93.331
3 0 37.049 -82.208 -93.331 36.383 -82.278 -93.198 35.976 -78.116 -93.427
3 0 35.408 -78.144 -93.048 35.976 -78.116 -93.427 36.383 -82.278 -93.198
3 0 36.383 -82.278 -93.198 35.817 -82.320 -92.819 35.408 -78.144 -93.048
3 0 35.028 -78.148 -92.482 35.408 -78.144 -93.048 35.817 -82.320 -92.819
3 0 35.817 -82.320 -92.819 35.436 -82.327 -92.252 35.028 -78.148 -92.482
3 0 34.892 -78.129 -91.813 35.028 -78.148 -92.482 35.436 -82.327 -92.252
3 0 35.436 -82.327 -92.252 35.298 -82.297 -91.584 34.892 -78.129 -91.813
3 0 35.022 -78.088 -91.144 34.892 -78.129 -91.813 35.298 -82.297 -91.584
3 0 35.298 -82.297 -91.584 35.426 -82.236 -90.916 35.022 -78.088 -91.144
3 0 35.397 -78.033 -90.576 35.022 -78.088 -91.144 35.426 -82.236 -90.916
3 0 35.426 -82.236 -90.916 35.798 -82.153 -90.350 35.397 -78.033 -90.576
3 0 35.962 -77.971 -90.197 35.397 -78.033 -90.576 35.798 -82.153 -90.350
3 0 35.798 -82.153 -90.350 36.359 -82.060 -89.971 35.962 -77.971 -90.197
3 0 36.629 -77.913 -90.063 35.962 -77.971 -90.197 36.359 -82.060 -89.971
3 0 36.359 -82.060 -89.971 37.023 -81.972 -89.839 36.629 -77.913 -90.063
3 0 37.297 -77.866 -90.195 36.629 -77.913 -90.063 37.023 -81.972 -89.839
3 0 37.023 -81.972 -89.839 37.689 -81.902 -89.972 37.297 -77.866 -90.195
3 0 37.864 -77.838 -90.574 37.297 -77.866 -90.195 37.689 -81.902 -89.972
3 0 37.689 -81.902 -89.972 38.256 -81.860 -90.351 37.864 -77.838 -90.574
3 0 40.171 -81.827 -93.200 39.779 -77.816 -93.423 40.343 -77.754 -93.044
3 0 40.343 -77.754 -93.044 40.732 -81.734 -92.822 40.171 -81.827 -93.200
3 0 39.507 -81.915 -93.332 39.112 -77.875 -93.557 39.779 -77.816 -93.423
3 0 39.779 -77.816 -93.423 40.171 -81.827 -93.200 39.507 -81.915 -93.332
3 0 38.841 -81.985 -93.199 38.443 -77.921 -93.425 39.112 -77.875 -93.557
3 0 39.112 -77.875 -93.557 39.507 -81.915 -93.332 38.841 -81.985 -93.199
3 0 38.274 -82.027 -92.820 37.876 -77.949 -93.046 38.443 -77.921 -93.425
3 0 38.443 -77.921 -93.425 38.841 -81.985 -93.199 38.274 -82.027 -92.820
3 0 38.817 -81.767 -89.973 38.429 -77.777 -90.194 37.864 -77.838 -90.574
3 0 37.864 -77.838 -90.574 38.256 -81.860 -90.351 38.817 -81.767 -89.973
3 0 39.481 -81.679 -89.840 39.096 -77.718 -90.061 38.429 -77.777 -90.194
3 0 38.429 -77.777 -90.194 38.817 -81.767 -89.973 39.481 -81.679 -89.840
3 0 40.147 -81.609 -89.974 39.764 -77.671 -90.193 39.096 -77.718 -90.061
3 0 39.096 -77.718 -90.061 39.481 -81.679 -89.840 40.147 -81.609 -89.974
3 0 40.713 -81.567 -90.353 40.332 -77.644 -90.571 39.764 -77.671 -90.193
3 0 39.764 -77.671 -90.193 40.147 -81.609 -89.974 40.713 -81.567 -90.353
3 0 42.627 -81.534 -93.201 42.245 -77.621 -93.421 42.809 -77.560 -93.041
3 0 42.809 -77.560 -93.041 43.188 -81.441 -92.823 42.627 -81.534 -93.201
3 0 41.963 -81.622 -93.334 41.578 -77.680 -93.554 42.245 -77.621 -93.421
3 0 42.245 -77.621 -93.421 42.627 -81.534 -93.201 41.963 -81.622 -93.334
3 0 41.297 -81.692 -93.201 40.910 -77.727 -93.422 41.578 -77.680 -93.554
3 0 41.578 -77.680 -93.554 41.963 -81.622 -93.334 41.297 -81.692 -93.201
3 0 40.732 -81.734 -92.822 40.343 -77.754 -93.044 40.910 -77.727 -93.422
3 0 40.910 -77.727 -93.422 41.297 -81.692 -93.201 40.732 -81.734 -92.822
3 0 41.273 -81.474 -89.974 40.895 -77.582 -90.192 40.332 -77.644 -90.571
3 0 40.332 -77.644 -90.571 40.713 -81.567 -90.353 41.273 -81.474 -89.974
3 0 41.937 -81.386 -89.842 41.562 -77.523 -90.058 40.895 -77.582 -90.192
3 0 40.895 -77.582 -90.192 41.273 -81.474 -89.974 41.937 -81.386 -89.842
3 0 42.603 -81.316 -89.975 42.230 -77.477 -90.191 41.562 -77.523 -90.058
3 0 41.562 -77.523 -90.058 41.937 -81.386 -89.842 42.603 -81.316 -89.975
3 0 43.170 -81.274 -90.354 42.798 -77.449 -90.569 42.230 -77.477 -90.191
3 0 42.230 -77.477 -90.191 42.603 -81.316 -89.975 43.170 -81.274 -90.354
3 0 43.363 -77.387 -90.189 42.798 -77.449 -90.569 43.170 -81.274 -90.354
3 0 43.170 -81.274 -90.354 43.731 -81.181 -89.976 43.363 -77.387 -90.189
3 0 44.030 -77.329 -90.056 43.363 -77.387 -90.189 43.731 -81.181 -89.976
3 0 43.731 -81.181 -89.976 44.395 -81.093 -89.843 44.030 -77.329 -90.056
3 0 44.698 -77.282 -90.188 44.030 -77.329 -90.056 44.395 -81.093 -89.843
3 0 44.395 -81.093 -89.843 45.061 -81.023 -89.977 44.698 -77.282 -90.188
3 0 45.265 -77.254 -90.567 44.698 -77.282 -90.188 45.061 -81.023 -89.977
3 0 45.061 -81.023 -89.977 45.627 -80.981 -90.355 45.265 -77.254 -90.567
3 0 45.646 -77.250 -91.133 45.265 -77.254 -90.567 45.627 -80.981 -90.355
3 0 45.627 -80.981 -90.355 46.008 -80.974 -90.922 45.646 -77.250 -91.133
3 0 45.782 -77.269 -91.802 45.646 -77.250 -91.133 46.008 -80.974 -90.922
3 0 46.008 -80.974 -90.922 46.145 -81.004 -91.590 45.782 -77.269 -91.802
3 0 45.652 -77.310 -92.471 45.782 -77.269 -91.802 46.145 -81.004 -91.590
3 0 46.145 -81.004 -91.590 46.018 -81.064 -92.258 45.652 -77.310 -92.471
3 0 45.277 -77.365 -93.039 45.652 -77.310 -92.471 46.018 -81.064 -92.258
3 0 46.018 -81.064 -92.258 45.646 -81.148 -92.825 45.277 -77.365 -93.039
3 0 44.712 -77.427 -93.418 45.277 -77.365 -93.039 45.646 -81.148 -92.825
3 0 45.646 -81.148 -92.825 45.085 -81.240 -93.203 44.712 -77.427 -93.418
3 0 44.045 -77.485 -93.552 44.712 -77.427 -93.418 45.085 -81.240 -93.203
3 0 45.085 -81.240 -93.203 44.421 -81.329 -93.335 44.045 -77.485 -93.552
3 0 43.377 -77.532 -93.420 44.045 -77.485 -93.552 44.421 -81.329 -93.335
3 0 44.421 -81.329 -93.335 43.755 -81.399 -93.202 43.377 -77.532 -93.420
3 0 42.809 -77.560 -93.041 43.377 -77.532 -93.420 43.755 -81.399 -93.202
3 0 43.755 -81.399 -93.202 43.188 -81.441 -92.823 42.809 -77.560 -93.041
3 0 37.062 -73.903 -93.564 37.628 -73.870 -93.184 37.876 -77.949 -93.046
3 0 37.876 -77.949 -93.046 37.311 -78.011 -93.426 37.062 -73.903 -93.564
3 0 36.393 -73.936 -93.698 37.062 -73.903 -93.564 37.311 -78.011 -93.426
3 0 37.311 -78.011 -93.426 36.644 -78.069 -93.559 36.393 -73.936 -93.698
3 0 35.724 -73.961 -93.566 36.393 -73.936 -93.698 36.644 -78.069 -93.559
3 0 36.644 -78.069 -93.559 35.976 -78.116 -93.427 35.724 -73.961 -93.566
3 0 35.156 -73.977 -93.187 35.724 -73.961 -93.566 35.976 -78.116 -93.427
3 0 35.976 -78.116 -93.427 35.408 -78.144 -93.048 35.156 -73.977 -93.187
3 0 34.775 -73.979 -92.620 35.156 -73.977 -93.187 35.408 -78.144 -93.048
3 0 35.408 -78.144 -93.048 35.028 -78.148 -92.482 34.775 -73.979 -92.620
3 0 34.641 -73.968 -91.951 34.775 -73.979 -92.620 35.028 -78.148 -92.482
3 0 35.028 -78.148 -92.482 34.892 -78.129 -91.813 34.641 -73.968 -91.951
3 0 34.772 -73.946 -91.281 34.641 -73.968 -91.951 34.892 -78.129 -91.813
3 0 34.892 -78.129 -91.813 35.022 -78.088 -91.144 34.772 -73.946 -91.281
3 0 35.150 -73.916 -90.713 34.772 -73.946 -91.281 35.022 -78.088 -91.144
3 0 35.022 -78.088 -91.144 35.397 -78.033 -90.576 35.150 -73.916 -90.713
3 0 35.716 -73.882 -90.333 35.150 -73.916 -90.713 35.397 -78.033 -90.576
3 0 35.397 -78.033 -90.576 35.962 -77.971 -90.197 35.716 -73.882 -90.333
3 0 36.385 -73.850 -90.200 35.716 -73.882 -90.333 35.962 -77.971 -90.197
3 0 35.962 -77.971 -90.197 36.629 -77.913 -90.063 36.385 -73.850 -90.200
3 0 37.054 -73.824 -90.332 36.385 -73.850 -90.200 36.629 -77.913 -90.063
3 0 36.629 -77.913 -90.063 37.297 -77.866 -90.195 37.054 -73.824 -90.332
3 0 37.623 -73.809 -90.710 37.054 -73.824 -90.332 37.297 -77.866 -90.195
3 0 37.297 -77.866 -90.195 37.864 -77.838 -90.574 37.623 -73.809 -90.710
3 0 39.779 -77.816 -93.423 39.535 -73.797 -93.561 40.101 -73.763 -93.181
3 0 40.101 -73.763 -93.181 40.343 -77.754 -93.044 39.779 -77.816 -93.423
3 0 39.112 -77.875 -93.557 38.866 -73.829 -93.695 39.535 -73.797 -93.561
3 0 39.535 -73.797 -93.561 39.779 -77.816 -93.423 39.112 -77.875 -93.557
3 0 38.443 -77.921 -93.425 38.196 -73.854 -93.563 38.866 -73.829 -93.695
3 0 38.866 -73.829 -93.695 39.112 -77.875 -93.557 38.443 -77.921 -93.425
3 0 37.876 -77.949 -93.046 37.628 -73.870 -93.184 38.196 -73.854 -93.563
3 0 38.196 -73.854 -93.563 38.443 -77.921 -93.425 37.876 -77.949 -93.046
3 0 38.429 -77.777 -90.194 38.189 -73.775 -90.330 37.623 -73.809 -90.710
3 0 37.623 -73.809 -90.710 37.864 -77.838 -90.574 38.429 -77.777 -90.194
3 0 39.096 -77.718 -90.061 38.858 -73.743 -90.196 38.189 -73.775 -90.330
3 0 38.189 -73.775 -90.330 38.429 -77.777 -90.194 39.096 -77.718 -90.061
3 0 39.764 -77.671 -90.193 39.527 -73.717 -90.329 38.858 -73.743 -90.196
3 0 38.858 -73.743 -90.196 39.096 -77.718 -90.061 39.764 -77.671 -90.193
3 0 40.332 -77.644 -90.571 40.095 -73.702 -90.707 39.527 -73.717 -90.329
3 0 39.527 -73.717 -90.329 39.764 -77.671 -90.193 40.332 -77.644 -90.571
3 0 42.245 -77.621 -93.421 42.006 -73.690 -93.558 42.573 -73.656 -93.178
3 0 42.573 -73.656 -93.178 42.809 -77.560 -93.041 42.245 -77.621 -93.421
3 0 41.578 -77.680 -93.554 41.338 -73.722 -93.692 42.006 -73.690 -93.558
3 0 42.006 -73.690 -93.558 42.245 -77.621 -93.421 41.578 -77.680 -93.554
3 0 40.910 -77.727 -93.422 40.668 -73.747 -93.560 41.338 -73.722 -93.692
3 0 41.338 -73.722 -93.692 41.578 -77.680 -93.554 40.910 -77.727 -93.422
3 0 40.343 -77.754 -93.044 40.101 -73.763 -93.181 40.668 -73.747 -93.560
3 0 40.668 -73.747 -93.560 40.910 -77.727 -93.422 40.343 -77.754 -93.044
3 0 40.895 -77.582 -90.192 40.661 -73.668 -90.327 40.095 -73.702 -90.707
3 0 40.095 -73.702 -90.707 40.332 -77.644 -90.571 40.895 -77.582 -90.192
3 0 41.562 -77.523 -90.058 41.329 -73.636 -90.193 40.661 -73.668 -90.327
3 0 40.661 -73.668 -90.327 40.895 -77.582 -90.192 41.562 -77.523 -90.058
3 0 42.230 -77.477 -90.191 41.999 -73.610 -90.326 41.329 -73.636 -90.193
3 0 41.329 -73.636 -90.193 41.562 -77.523 -90.058 42.230 -77.477 -90.191
3 0 42.798 -77.449 -90.569 42.567 -73.595 -90.704 41.999 -73.610 -90.326
3 0 41.999 -73.610 -90.326 42.230 -77.477 -90.191 42.798 -77.449 -90.569
3 0 43.133 -73.561 -90.324 42.567 -73.595 -90.704 42.798 -77.449 -90.569
3 0 42.798 -77.449 -90.569 43.363 -77.387 -90.189 43.133 -73.561 -90.324
3 0 43.802 -73.529 -90.190 43.133 -73.561 -90.324 43.363 -77.387 -90.189
3 0 43.363 -77.387 -90.189 44.030 -77.329 -90.056 43.802 -73.529 -90.190
3 0 44.471 -73.503 -90.323 43.802 -73.529 -90.190 44.030 -77.329 -90.056
3 0 44.030 -77.329 -90.056 44.698 -77.282 -90.188 44.471 -73.503 -90.323
3 0 45.040 -73.488 -90.701 44.471 -73.503 -90.323 44.698 -77.282 -90.188
3 0 44.698 -77.282 -90.188 45.265 -77.254 -90.567 45.040 -73.488 -90.701
3 0 45.420 -73.485 -91.268 45.040 -73.488 -90.701 45.265 -77.254 -90.567
3 0 45.265 -77.254 -90.567 45.646 -77.250 -91.133 45.420 -73.485 -91.268
3 0 45.554 -73.496 -91.938 45.420 -73.485 -91.268 45.646 -77.250 -91.133
3 0 45.646 -77.250 -91.133 45.782 -77.269 -91.802 45.554 -73.496 -91.938
3 0 45.423 -73.518 -92.607 45.554 -73.496 -91.938 45.782 -77.269 -91.802
3 0 45.782 -77.269 -91.802 45.652 -77.310 -92.471 45.423 -73.518 -92.607
3 0 45.045 -73.549 -93.175 45.423 -73.518 -92.607 45.652 -77.310 -92.471
3 0 45.652 -77.310 -92.471 45.277 -77.365 -93.039 45.045 -73.549 -93.175
3 0 44.479 -73.583 -93.555 45.045 -73.549 -93.175 45.277 -77.365 -93.039
3 0 45.277 -77.365 -93.039 44.712 -77.427 -93.418 44.479 -73.583 -93.555
3 0 43.810 -73.615 -93.689 44.479 -73.583 -93.555 44.712 -77.427 -93.418
3 0 44.712 -77.427 -93.418 44.045 -77.485 -93.552 43.810 -73.615 -93.689
3 0 43.141 -73.640 -93.557 43.810 -73.615 -93.689 44.045 -77.485 -93.552
3 0 44.045 -77.485 -93.552 43.377 -77.532 -93.420 43.141 -73.640 -93.557
3 0 42.573 -73.656 -93.178 43.141 -73.640 -93.557 43.377 -77.532 -93.420
3 0 43.377 -77.532 -93.420 42.809 -77.560 -93.041 42.573 -73.656 -93.178
3 0 36.958 -70.000 -93.617 37.525 -70.000 -93.237 37.628 -73.870 -93.184
3 0 37.628 -73.870 -93.184 37.062 -73.903 -93.564 36.958 -70.000 -93.617
3 0 36.288 -70.000 -93.750 36.958 -70.000 -93.617 37.062 -73.903 -93.564
3 0 37.062 -73.903 -93.564 36.393 -73.936 -93.698 36.288 -70.000 -93.750
3 0 35.618 -70.000 -93.617 36.288 -70.000 -93.750 36.393 -73.936 -93.698
3 0 36.393 -73.936 -93.698 35.724 -73.961 -93.566 35.618 -70.000 -93.617
3 0 35.051 -70.000 -93.237 35.618 -70.000 -93.617 35.724 -73.961 -93.566
3 0 35.724 -73.961 -93.566 35.156 -73.977 -93.187 35.051 -70.000 -93.237
3 0 34.671 -70.000 -92.670 35.051 -70.000 -93.237 35.156 -73.977 -93.187
3 0 35.156 -73.977 -93.187 34.775 -73.979 -92.620 34.671 -70.000 -92.670
3 0 34.538 -70.000 -92.000 34.671 -70.000 -92.670 34.775 -73.979 -92.620
3 0 34.775 -73.979 -92.620 34.641 -73.968 -91.951 34.538 -70.000 -92.000
3 0 34.671 -70.000 -91.330 34.538 -70.000 -92.000 34.641 -73.968 -91.951
3 0 34.641 -73.968 -91.951 34.772 -73.946 -91.281 34.671 -70.000 -91.330
3 0 35.051 -70.000 -90.763 34.671 -70.000 -91.330 34.772 -73.946 -91.281
3 0 34.772 -73.946 -91.281 35.150 -73.916 -90.713 35.051 -70.000 -90.763
3 0 35.618 -70.000 -90.383 35.051 -70.000 -90.763 35.150 -73.916 -90.713
3 0 35.150 -73.916 -90.713 35.716 -73.882 -90.333 35.618 -70.000 -90.383
3 0 36.288 -70.000 -90.250 35.618 -70.000 -90.383 35.716 -73.882 -90.333
3 0 35.716 -73.882 -90.333 36.385 -73.850 -90.200 36.288 -70.000 -90.250
3 0 36.958 -70.000 -90.383 36.288 -70.000 -90.250 36.385 -73.850 -90.200
3 0 36.385 -73.850 -90.200 37.054 -73.824 -90.332 36.958 -70.000 -90.383
3 0 37.525 -70.000 -90.763 36.958 -70.000 -90.383 37.054 -73.824 -90.332
3 0 37.054 -73.824 -90.332 37.623 -73.809 -90.710 37.525 -70.000 -90.763
3 0 39.535 -73.797 -93.561 39.433 -70.000 -93.617 40.000 -70.000 -93.237
3 0 40.000 -70.000 -93.237 40.101 -73.763 -93.181 39.535 -73.797 -93.561
3 0 38.866 -73.829 -93.695 38.763 -70.000 -93.750 39.433 -70.000 -93.617
3 0 39.433 -70.000 -93.617 39.535 -73.797 -93.561 38.866 -73.829 -93.695
3 0 38.196 -73.854 -93.563 38.093 -70.000 -93.617 38.763 -70.000 -93.750
3 0 38.763 -70.000 -93.750 38.866 -73.829 -93.695 38.196 -73.854 -93.563
3 0 37.628 -73.870 -93.184 37.525 -70.000 -93.237 38.093 -70.000 -93.617
3 0 38.093 -70.000 -93.617 38.196 -73.854 -93.563 37.628 -73.870 -93.184
3 0 38.189 -73.775 -90.330 38.093 -70.000 -90.383 37.525 -70.000 -90.763
3 0 37.525 -70.000 -90.763 37.623 -73.809 -90.710 38.189 -73.775 -90.330
3 0 38.858 -73.743 -90.196 38.763 -70.000 -90.250 38.093 -70.000 -90.383
3 0 38.093 -70.000 -90.383 38.189 -73.775 -90.330 38.858 -73.743 -90.196
3 0 39.527 -73.717 -90.329 39.433 -70.000 -90.383 38.763 -70.000 -90.250
3 0 38.763 -70.000 -90.250 38.858 -73.743 -90.196 39.527 -73.717 -90.329
3 0 40.095 -73.702 -90.707 40.000 -70.000 -90.763 39.433 -70.000 -90.383
3 0 39.433 -70.000 -90.383 39.527 -73.717 -90.329 40.095 -73.702 -90.707
3 0 42.006 -73.690 -93.558 41.907 -70.000 -93.617 42.474 -70.000 -93.237
3 0 42.474 -70.000 -93.237 42.573 -73.656 -93.178 42.006 -73.690 -93.558
3 0 41.338 -73.722 -93.692 41.237 -70.000 -93.750 41.907 -70.000 -93.617
3 0 41.907 -70.000 -93.617 42.006 -73.690 -93.558 41.338 -73.722 -93.692
3 0 40.668 -73.747 -93.560 40.567 -70.000 -93.617 41.237 -70.000 -93.750
3 0 41.237 -70.000 -93.750 41.338 -73.722 -93.692 40.668 -73.747 -93.560
3 0 40.101 -73.763 -93.181 40.000 -70.000 -93.237 40.567 -70.000 -93.617
3 0 40.567 -70.000 -93.617 40.668 -73.747 -93.560 40.101 -73.763 -93.181
3 0 40.661 -73.668 -90.327 40.567 -70.000 -90.383 40.000 -70.000 -90.763
3 0 40.000 -70.000 -90.763 40.095 -73.702 -90.707 40.661 -73.668 -90.327
3 0 41.329 -73.636 -90.193 41.237 -70.000 -90.250 40.567 -70.000 -90.383
3 0 40.567 -70.000 -90.383 40.661 -73.668 -90.327 41.329 -73.636 -90.193
3 0 41.999 -73.610 -90.326 41.907 -70.000 -90.383 41.237 -70.000 -90.250
3 0 41.237 -70.000 -90.250 41.329 -73.636 -90.193 41.999 -73.610 -90.326
3 0 42.567 -73.595 -90.704 42.474 -70.000 -90.763 41.907 -70.000 -90.383
3 0 41.907 -70.000 -90.383 41.999 -73.610 -90.326 42.567 -73.595 -90.704
3 0 43.042 -70.000 -90.383 42.474 -70.000 -90.763 42.567 -73.595 -90.704
3 0 42.567 -73.595 -90.704 43.133 -73.561 -90.324 43.042 -70.000 -90.383
3 0 43.712 -70.000 -90.250 43.042 -70.000 -90.383 43.133 -73.561 -90.324
3 0 43.133 -73.561 -90.324 43.802 -73.529 -90.190 43.712 -70.000 -90.250
3 0 44.382 -70.000 -90.383 43.712 -70.000 -90.250 43.802 -73.529 -90.190
3 0 43.802 -73.529 -90.190 44.471 -73.503 -90.323 44.382 -70.000 -90.383
3 0 44.949 -70.000 -90.763 44.382 -70.000 -90.383 44.471 -73.503 -90.323
3 0 44.471 -73.503 -90.323 45.040 -73.488 -90.701 44.949 -70.000 -90.763
3 0 45.329 -70.000 -91.330 44.949 -70.000 -90.763 45.040 -73.488 -90.701
3 0 45.040 -73.488 -90.701 45.420 -73.485 -91.268 45.329 -70.000 -91.330
3 0 45.462 -70.000 -92.000 45.329 -70.000 -91.330 45.420 -73.485 -91.268
3 0 45.420 -73.485 -91.268 45.554 -73.496 -91.938 45.462 -70.000 -92.000
3 0 45.329 -70.000 -92.670 45.462 -70.000 -92.000 45.554 -73.496 -91.938
3 0 45.554 -73.496 -91.938 45.423 -73.518 -92.607 45.329 -70.000 -92.670
3 0 44.949 -70.000 -93.237 45.329 -70.000 -92.670 45.423 -73.518 -92.607
3 0 45.423 -73.518 -92.607 45.045 -73.549 -93.175 44.949 -70.000 -93.237
3 0 44.382 -70.000 -93.617 44.949 -70.000 -93.237 45.045 -73.549 -93.175
3 0 45.045 -73.549 -93.175 44.479 -73.583 -93.555 44.382 -70.000 -93.617
3 0 43.712 -70.000 -93.750 44.382 -70.000 -93.617 44.479 -73.583 -93.555
3 0 44.479 -73.583 -93.555 43.810 -73.615 -93.689 43.712 -70.000 -93.750
3 0 43.042 -70.000 -93.617 43.712 -70.000 -93.750 43.810 -73.615 -93.689
3 0 43.810 -73.615 -93.689 43.141 -73.640 -93.557 43.042 -70.000 -93.617
3 0 42.474 -70.000 -93.237 43.042 -70.000 -93.617 43.141 -73.640 -93.557
3 0 43.141 -73.640 -93.557 42.573 -73.656 -93.178 42.474 -70.000 -93.237
