0 FILE xt0018.dat
0 xt0018
0 Name:  Untitled_7
0 Author:  
0 BL_Item_No xt0018.dat
0 BFC CERTIFY CCW
1 71 0.0000 0.0000 0.0000 1.0000 0.0000 0.0000 0.0000 1.0001 0.0000 0.0000 0.0000 1.0001 58120.dat
1 72 1.0000 112.3851 45.7287 0.9998 0.0175 0.0000 -0.0103 0.5878 0.8091 0.0141 -0.8090 0.5879 58124c01.dat
3 0 3.158 -27.251 120.004 2.590 -26.998 120.285 2.475 -23.921 117.140
3 0 2.475 -23.921 117.140 3.042 -24.189 116.872 3.158 -27.251 120.004
3 0 3.828 -27.323 119.891 3.158 -27.251 120.004 3.042 -24.189 116.872
3 0 3.042 -24.189 116.872 3.712 -24.283 116.778 3.828 -27.323 119.891
3 0 4.496 -27.204 119.964 3.828 -27.323 119.891 3.712 -24.283 116.778
3 0 3.712 -24.283 116.778 4.382 -24.189 116.872 4.496 -27.204 119.964
3 0 5.062 -26.912 120.211 4.496 -27.204 119.964 4.382 -24.189 116.872
3 0 4.382 -24.189 116.872 4.949 -23.921 117.140 5.062 -26.912 120.211
3 0 5.438 -26.491 120.595 5.062 -26.912 120.211 4.949 -23.921 117.140
3 0 4.949 -23.921 117.140 5.329 -23.519 117.542 5.438 -26.491 120.595
3 0 5.568 -26.005 121.057 5.438 -26.491 120.595 5.329 -23.519 117.542
3 0 5.329 -23.519 117.542 5.462 -23.046 118.015 5.568 -26.005 121.057
3 0 5.432 -25.529 121.528 5.568 -26.005 121.057 5.462 -23.046 118.015
3 0 5.462 -23.046 118.015 5.329 -22.572 118.489 5.432 -25.529 121.528
3 0 5.051 -25.135 121.934 5.432 -25.529 121.528 5.329 -22.572 118.489
3 0 5.329 -22.572 118.489 4.949 -22.171 118.890 5.051 -25.135 121.934
3 0 4.482 -24.883 122.215 5.051 -25.135 121.934 4.949 -22.171 118.890
3 0 4.949 -22.171 118.890 4.382 -21.902 119.159 4.482 -24.883 122.215
3 0 3.812 -24.810 122.328 4.482 -24.883 122.215 4.382 -21.902 119.159
3 0 4.382 -21.902 119.159 3.712 -21.808 119.253 3.812 -24.810 122.328
3 0 3.144 -24.929 122.255 3.812 -24.810 122.328 3.712 -21.808 119.253
3 0 3.712 -21.808 119.253 3.042 -21.902 119.159 3.144 -24.929 122.255
3 0 2.579 -25.222 122.008 3.144 -24.929 122.255 3.042 -21.902 119.159
3 0 3.042 -21.902 119.159 2.475 -22.171 118.890 2.579 -25.222 122.008
3 0 0.567 -24.189 116.872 0.686 -27.337 120.077 0.117 -27.085 120.358
3 0 0.117 -27.085 120.358 0.000 -23.921 117.140 0.567 -24.189 116.872
3 0 1.237 -24.283 116.778 1.356 -27.410 119.965 0.686 -27.337 120.077
3 0 0.686 -27.337 120.077 0.567 -24.189 116.872 1.237 -24.283 116.778
3 0 1.907 -24.189 116.872 2.024 -27.291 120.037 1.356 -27.410 119.965
3 0 1.356 -27.410 119.965 1.237 -24.283 116.778 1.907 -24.189 116.872
3 0 2.475 -23.921 117.140 2.590 -26.998 120.285 2.024 -27.291 120.037
3 0 2.024 -27.291 120.037 1.907 -24.189 116.872 2.475 -23.921 117.140
3 0 1.907 -21.902 119.159 2.010 -24.969 122.289 2.579 -25.222 122.008
3 0 2.579 -25.222 122.008 2.475 -22.171 118.890 1.907 -21.902 119.159
3 0 1.237 -21.808 119.253 1.340 -24.897 122.402 2.010 -24.969 122.289
3 0 2.010 -24.969 122.289 1.907 -21.902 119.159 1.237 -21.808 119.253
3 0 0.567 -21.902 119.159 0.672 -25.016 122.329 1.340 -24.897 122.402
3 0 1.340 -24.897 122.402 1.237 -21.808 119.253 0.567 -21.902 119.159
3 0 0.000 -22.171 118.890 0.106 -25.308 122.081 0.672 -25.016 122.329
3 0 0.672 -25.016 122.329 0.567 -21.902 119.159 0.000 -22.171 118.890
3 0 -1.907 -24.189 116.872 -1.785 -27.424 120.151 -2.354 -27.171 120.432
3 0 -2.354 -27.171 120.432 -2.474 -23.921 117.140 -1.907 -24.189 116.872
3 0 -1.237 -24.283 116.778 -1.116 -27.496 120.038 -1.785 -27.424 120.151
3 0 -1.785 -27.424 120.151 -1.907 -24.189 116.872 -1.237 -24.283 116.778
3 0 -0.567 -24.189 116.872 -0.447 -27.377 120.111 -1.116 -27.496 120.038
3 0 -1.116 -27.496 120.038 -1.237 -24.283 116.778 -0.567 -24.189 116.872
3 0 0.000 -23.921 117.140 0.117 -27.085 120.358 -0.447 -27.377 120.111
3 0 -0.447 -27.377 120.111 -0.567 -24.189 116.872 0.000 -23.921 117.140
3 0 -0.567 -21.902 119.159 -0.462 -25.056 122.362 0.106 -25.308 122.081
3 0 0.106 -25.308 122.081 0.000 -22.171 118.890 -0.567 -21.902 119.159
3 0 -1.237 -21.808 119.253 -1.131 -24.984 122.475 -0.462 -25.056 122.362
3 0 -0.462 -25.056 122.362 -0.567 -21.902 119.159 -1.237 -21.808 119.253
3 0 -1.907 -21.902 119.159 -1.800 -25.103 122.402 -1.131 -24.984 122.475
3 0 -1.131 -24.984 122.475 -1.237 -21.808 119.253 -1.907 -21.902 119.159
3 0 -2.474 -22.171 118.890 -2.365 -25.395 122.155 -1.800 -25.103 122.402
3 0 -1.800 -25.103 122.402 -1.907 -21.902 119.159 -2.474 -22.171 118.890
3 0 -2.934 -25.142 122.436 -2.365 -25.395 122.155 -2.474 -22.171 118.890
3 0 -2.474 -22.171 118.890 -3.042 -21.902 119.159 -2.934 -25.142 122.436
3 0 -3.604 -25.070 122.549 -2.934 -25.142 122.436 -3.042 -21.902 119.159
3 0 -3.042 -21.902 119.159 -3.712 -21.808 119.253 -3.604 -25.070 122.549
3 0 -4.272 -25.189 122.476 -3.604 -25.070 122.549 -3.712 -21.808 119.253
3 0 -3.712 -21.808 119.253 -4.382 -21.902 119.159 -4.272 -25.189 122.476
3 0 -4.838 -25.481 122.229 -4.272 -25.189 122.476 -4.382 -21.902 119.159
3 0 -4.382 -21.902 119.159 -4.949 -22.171 118.890 -4.838 -25.481 122.229
3 0 -5.214 -25.902 121.845 -4.838 -25.481 122.229 -4.949 -22.171 118.890
3 0 -4.949 -22.171 118.890 -5.329 -22.572 118.489 -5.214 -25.902 121.845
3 0 -5.344 -26.388 121.382 -5.214 -25.902 121.845 -5.329 -22.572 118.489
3 0 -5.329 -22.572 118.489 -5.462 -23.046 118.015 -5.344 -26.388 121.382
3 0 -5.208 -26.864 120.912 -5.344 -26.388 121.382 -5.462 -23.046 118.015
3 0 -5.462 -23.046 118.015 -5.329 -23.519 117.542 -5.208 -26.864 120.912
3 0 -4.827 -27.258 120.505 -5.208 -26.864 120.912 -5.329 -23.519 117.542
3 0 -5.329 -23.519 117.542 -4.949 -23.921 117.140 -4.827 -27.258 120.505
3 0 -4.258 -27.510 120.224 -4.827 -27.258 120.505 -4.949 -23.921 117.140
3 0 -4.949 -23.921 117.140 -4.382 -24.189 116.872 -4.258 -27.510 120.224
3 0 -3.588 -27.583 120.112 -4.258 -27.510 120.224 -4.382 -24.189 116.872
3 0 -4.382 -24.189 116.872 -3.712 -24.283 116.778 -3.588 -27.583 120.112
3 0 -2.920 -27.464 120.184 -3.588 -27.583 120.112 -3.712 -24.283 116.778
3 0 -3.712 -24.283 116.778 -3.042 -24.189 116.872 -2.920 -27.464 120.184
3 0 -2.354 -27.171 120.432 -2.920 -27.464 120.184 -3.042 -24.189 116.872
3 0 -3.042 -24.189 116.872 -2.474 -23.921 117.140 -2.354 -27.171 120.432
3 0 3.425 -29.887 122.794 2.855 -29.655 123.091 2.590 -26.998 120.285
3 0 2.590 -26.998 120.285 3.158 -27.251 120.004 3.425 -29.887 122.794
3 0 4.092 -29.930 122.659 3.425 -29.887 122.794 3.158 -27.251 120.004
3 0 3.158 -27.251 120.004 3.828 -27.323 119.891 4.092 -29.930 122.659
3 0 4.757 -29.778 122.705 4.092 -29.930 122.659 3.828 -27.323 119.891
3 0 3.828 -27.323 119.891 4.496 -27.204 119.964 4.757 -29.778 122.705
3 0 5.316 -29.455 122.926 4.757 -29.778 122.705 4.496 -27.204 119.964
3 0 4.496 -27.204 119.964 5.062 -26.912 120.211 5.316 -29.455 122.926
3 0 5.686 -29.009 123.288 5.316 -29.455 122.926 5.062 -26.912 120.211
3 0 5.062 -26.912 120.211 5.438 -26.491 120.595 5.686 -29.009 123.288
3 0 5.809 -28.509 123.736 5.686 -29.009 123.288 5.438 -26.491 120.595
3 0 5.438 -26.491 120.595 5.568 -26.005 121.057 5.809 -28.509 123.736
3 0 5.668 -28.030 124.202 5.809 -28.509 123.736 5.568 -26.005 121.057
3 0 5.568 -26.005 121.057 5.432 -25.529 121.528 5.668 -28.030 124.202
3 0 5.283 -27.646 124.615 5.668 -28.030 124.202 5.432 -25.529 121.528
3 0 5.432 -25.529 121.528 5.051 -25.135 121.934 5.283 -27.646 124.615
3 0 4.713 -27.415 124.912 5.283 -27.646 124.615 5.051 -25.135 121.934
3 0 5.051 -25.135 121.934 4.482 -24.883 122.215 4.713 -27.415 124.912
3 0 4.045 -27.372 125.047 4.713 -27.415 124.912 4.482 -24.883 122.215
3 0 4.482 -24.883 122.215 3.812 -24.810 122.328 4.045 -27.372 125.047
3 0 3.381 -27.523 125.001 4.045 -27.372 125.047 3.812 -24.810 122.328
3 0 3.812 -24.810 122.328 3.144 -24.929 122.255 3.381 -27.523 125.001
3 0 2.822 -27.846 124.780 3.381 -27.523 125.001 3.144 -24.929 122.255
3 0 3.144 -24.929 122.255 2.579 -25.222 122.008 2.822 -27.846 124.780
3 0 0.686 -27.337 120.077 0.963 -30.087 122.960 0.394 -29.856 123.257
3 0 0.394 -29.856 123.257 0.117 -27.085 120.358 0.686 -27.337 120.077
3 0 1.356 -27.410 119.965 1.631 -30.130 122.824 0.963 -30.087 122.960
3 0 0.963 -30.087 122.960 0.686 -27.337 120.077 1.356 -27.410 119.965
3 0 2.024 -27.291 120.037 2.295 -29.978 122.870 1.631 -30.130 122.824
3 0 1.631 -30.130 122.824 1.356 -27.410 119.965 2.024 -27.291 120.037
3 0 2.590 -26.998 120.285 2.855 -29.655 123.091 2.295 -29.978 122.870
3 0 2.295 -29.978 122.870 2.024 -27.291 120.037 2.590 -26.998 120.285
3 0 2.010 -24.969 122.289 2.252 -27.615 125.077 2.822 -27.846 124.780
3 0 2.822 -27.846 124.780 2.579 -25.222 122.008 2.010 -24.969 122.289
3 0 1.340 -24.897 122.402 1.584 -27.572 125.213 2.252 -27.615 125.077
3 0 2.252 -27.615 125.077 2.010 -24.969 122.289 1.340 -24.897 122.402
3 0 0.672 -25.016 122.329 0.920 -27.723 125.167 1.584 -27.572 125.213
3 0 1.584 -27.572 125.213 1.340 -24.897 122.402 0.672 -25.016 122.329
3 0 0.106 -25.308 122.081 0.360 -28.047 124.946 0.920 -27.723 125.167
3 0 0.920 -27.723 125.167 0.672 -25.016 122.329 0.106 -25.308 122.081
3 0 -1.785 -27.424 120.151 -1.497 -30.287 123.126 -2.067 -30.056 123.423
3 0 -2.067 -30.056 123.423 -2.354 -27.171 120.432 -1.785 -27.424 120.151
3 0 -1.116 -27.496 120.038 -0.829 -30.330 122.990 -1.497 -30.287 123.126
3 0 -1.497 -30.287 123.126 -1.785 -27.424 120.151 -1.116 -27.496 120.038
3 0 -0.447 -27.377 120.111 -0.165 -30.179 123.036 -0.829 -30.330 122.990
3 0 -0.829 -30.330 122.990 -1.116 -27.496 120.038 -0.447 -27.377 120.111
3 0 0.117 -27.085 120.358 0.394 -29.856 123.257 -0.165 -30.179 123.036
3 0 -0.165 -30.179 123.036 -0.447 -27.377 120.111 0.117 -27.085 120.358
3 0 -0.462 -25.056 122.362 -0.209 -27.815 125.243 0.360 -28.047 124.946
3 0 0.360 -28.047 124.946 0.106 -25.308 122.081 -0.462 -25.056 122.362
3 0 -1.131 -24.984 122.475 -0.876 -27.772 125.379 -0.209 -27.815 125.243
3 0 -0.209 -27.815 125.243 -0.462 -25.056 122.362 -1.131 -24.984 122.475
3 0 -1.800 -25.103 122.402 -1.541 -27.924 125.333 -0.876 -27.772 125.379
3 0 -0.876 -27.772 125.379 -1.131 -24.984 122.475 -1.800 -25.103 122.402
3 0 -2.365 -25.395 122.155 -2.100 -28.247 125.112 -1.541 -27.924 125.333
3 0 -1.541 -27.924 125.333 -1.800 -25.103 122.402 -2.365 -25.395 122.155
3 0 -2.670 -28.016 125.409 -2.100 -28.247 125.112 -2.365 -25.395 122.155
3 0 -2.365 -25.395 122.155 -2.934 -25.142 122.436 -2.670 -28.016 125.409
3 0 -3.338 -27.972 125.545 -2.670 -28.016 125.409 -2.934 -25.142 122.436
3 0 -2.934 -25.142 122.436 -3.604 -25.070 122.549 -3.338 -27.972 125.545
3 0 -4.002 -28.124 125.499 -3.338 -27.972 125.545 -3.604 -25.070 122.549
3 0 -3.604 -25.070 122.549 -4.272 -25.189 122.476 -4.002 -28.124 125.499
3 0 -4.561 -28.447 125.278 -4.002 -28.124 125.499 -4.272 -25.189 122.476
3 0 -4.272 -25.189 122.476 -4.838 -25.481 122.229 -4.561 -28.447 125.278
3 0 -4.931 -28.893 124.916 -4.561 -28.447 125.278 -4.838 -25.481 122.229
3 0 -4.838 -25.481 122.229 -5.214 -25.902 121.845 -4.931 -28.893 124.916
3 0 -5.054 -29.393 124.467 -4.931 -28.893 124.916 -5.214 -25.902 121.845
3 0 -5.214 -25.902 121.845 -5.344 -26.388 121.382 -5.054 -29.393 124.467
3 0 -4.913 -29.872 124.001 -5.054 -29.393 124.467 -5.344 -26.388 121.382
3 0 -5.344 -26.388 121.382 -5.208 -26.864 120.912 -4.913 -29.872 124.001
3 0 -4.528 -30.256 123.589 -4.913 -29.872 124.001 -5.208 -26.864 120.912
3 0 -5.208 -26.864 120.912 -4.827 -27.258 120.505 -4.528 -30.256 123.589
3 0 -3.958 -30.487 123.292 -4.528 -30.256 123.589 -4.827 -27.258 120.505
3 0 -4.827 -27.258 120.505 -4.258 -27.510 120.224 -3.958 -30.487 123.292
3 0 -3.290 -30.531 123.156 -3.958 -30.487 123.292 -4.258 -27.510 120.224
3 0 -4.258 -27.510 120.224 -3.588 -27.583 120.112 -3.290 -30.531 123.156
3 0 -2.626 -30.379 123.202 -3.290 -30.531 123.156 -3.588 -27.583 120.112
3 0 -3.588 -27.583 120.112 -2.920 -27.464 120.184 -2.626 -30.379 123.202
3 0 -2.067 -30.056 123.423 -2.626 -30.379 123.202 -2.920 -27.464 120.184
3 0 -2.920 -27.464 120.184 -2.354 -27.171 120.432 -2.067 -30.056 123.423
3 0 3.969 -32.384 125.578 3.403 -32.181 125.900 2.855 -29.655 123.091
3 0 2.855 -29.655 123.091 3.425 -29.887 122.794 3.969 -32.384 125.578
3 0 4.630 -32.387 125.405 3.969 -32.384 125.578 3.425 -29.887 122.794
3 0 3.425 -29.887 122.794 4.092 -29.930 122.659 4.630 -32.387 125.405
3 0 5.284 -32.192 125.408 4.630 -32.387 125.405 4.092 -29.930 122.659
3 0 4.092 -29.930 122.659 4.757 -29.778 122.705 5.284 -32.192 125.408
3 0 5.832 -31.826 125.588 5.284 -32.192 125.408 4.757 -29.778 122.705
3 0 4.757 -29.778 122.705 5.316 -29.455 122.926 5.832 -31.826 125.588
3 0 6.191 -31.347 125.916 5.832 -31.826 125.588 5.316 -29.455 122.926
3 0 5.316 -29.455 122.926 5.686 -29.009 123.288 6.191 -31.347 125.916
3 0 6.305 -30.826 126.343 6.191 -31.347 125.916 5.686 -29.009 123.288
3 0 5.686 -29.009 123.288 5.809 -28.509 123.736 6.305 -30.826 126.343
3 0 6.158 -30.343 126.803 6.305 -30.826 126.343 5.809 -28.509 123.736
3 0 5.809 -28.509 123.736 5.668 -28.030 124.202 6.158 -30.343 126.803
3 0 5.772 -29.972 127.227 6.158 -30.343 126.803 5.668 -28.030 124.202
3 0 5.668 -28.030 124.202 5.283 -27.646 124.615 5.772 -29.972 127.227
3 0 5.206 -29.769 127.550 5.772 -29.972 127.227 5.283 -27.646 124.615
3 0 5.283 -27.646 124.615 4.713 -27.415 124.912 5.206 -29.769 127.550
3 0 4.545 -29.766 127.722 5.206 -29.769 127.550 4.713 -27.415 124.912
3 0 4.713 -27.415 124.912 4.045 -27.372 125.047 4.545 -29.766 127.722
3 0 3.891 -29.961 127.719 4.545 -29.766 127.722 4.045 -27.372 125.047
3 0 4.045 -27.372 125.047 3.381 -27.523 125.001 3.891 -29.961 127.719
3 0 3.343 -30.327 127.539 3.891 -29.961 127.719 3.381 -27.523 125.001
3 0 3.381 -27.523 125.001 2.822 -27.846 124.780 3.343 -30.327 127.539
3 0 0.963 -30.087 122.960 1.539 -32.738 125.890 0.973 -32.535 126.213
3 0 0.973 -32.535 126.213 0.394 -29.856 123.257 0.963 -30.087 122.960
3 0 1.631 -30.130 122.824 2.200 -32.742 125.717 1.539 -32.738 125.890
3 0 1.539 -32.738 125.890 0.963 -30.087 122.960 1.631 -30.130 122.824
3 0 2.295 -29.978 122.870 2.854 -32.546 125.721 2.200 -32.742 125.717
3 0 2.200 -32.742 125.717 1.631 -30.130 122.824 2.295 -29.978 122.870
3 0 2.855 -29.655 123.091 3.403 -32.181 125.900 2.854 -32.546 125.721
3 0 2.854 -32.546 125.721 2.295 -29.978 122.870 2.855 -29.655 123.091
3 0 2.252 -27.615 125.077 2.776 -30.124 127.862 3.343 -30.327 127.539
3 0 3.343 -30.327 127.539 2.822 -27.846 124.780 2.252 -27.615 125.077
3 0 1.584 -27.572 125.213 2.116 -30.120 128.035 2.776 -30.124 127.862
3 0 2.776 -30.124 127.862 2.252 -27.615 125.077 1.584 -27.572 125.213
3 0 0.920 -27.723 125.167 1.462 -30.316 128.031 2.116 -30.120 128.035
3 0 2.116 -30.120 128.035 1.584 -27.572 125.213 0.920 -27.723 125.167
3 0 0.360 -28.047 124.946 0.913 -30.681 127.852 1.462 -30.316 128.031
3 0 1.462 -30.316 128.031 0.920 -27.723 125.167 0.360 -28.047 124.946
3 0 -1.497 -30.287 123.126 -0.889 -33.092 126.202 -1.455 -32.889 126.525
3 0 -1.455 -32.889 126.525 -2.067 -30.056 123.423 -1.497 -30.287 123.126
3 0 -0.829 -30.330 122.990 -0.228 -33.096 126.030 -0.889 -33.092 126.202
3 0 -0.889 -33.092 126.202 -1.497 -30.287 123.126 -0.829 -30.330 122.990
3 0 -0.165 -30.179 123.036 0.426 -32.900 126.033 -0.228 -33.096 126.030
3 0 -0.228 -33.096 126.030 -0.829 -30.330 122.990 -0.165 -30.179 123.036
3 0 0.394 -29.856 123.257 0.973 -32.535 126.213 0.426 -32.900 126.033
3 0 0.426 -32.900 126.033 -0.165 -30.179 123.036 0.394 -29.856 123.257
3 0 -0.209 -27.815 125.243 0.348 -30.478 128.174 0.913 -30.681 127.852
3 0 0.913 -30.681 127.852 0.360 -28.047 124.946 -0.209 -27.815 125.243
3 0 -0.876 -27.772 125.379 -0.313 -30.474 128.347 0.348 -30.478 128.174
3 0 0.348 -30.478 128.174 -0.209 -27.815 125.243 -0.876 -27.772 125.379
3 0 -1.541 -27.924 125.333 -0.967 -30.670 128.344 -0.313 -30.474 128.347
3 0 -0.313 -30.474 128.347 -0.876 -27.772 125.379 -1.541 -27.924 125.333
3 0 -2.100 -28.247 125.112 -1.515 -31.035 128.164 -0.967 -30.670 128.344
3 0 -0.967 -30.670 128.344 -1.541 -27.924 125.333 -2.100 -28.247 125.112
3 0 -2.082 -30.832 128.487 -1.515 -31.035 128.164 -2.100 -28.247 125.112
3 0 -2.100 -28.247 125.112 -2.670 -28.016 125.409 -2.082 -30.832 128.487
3 0 -2.742 -30.828 128.660 -2.082 -30.832 128.487 -2.670 -28.016 125.409
3 0 -2.670 -28.016 125.409 -3.338 -27.972 125.545 -2.742 -30.828 128.660
3 0 -3.396 -31.024 128.656 -2.742 -30.828 128.660 -3.338 -27.972 125.545
3 0 -3.338 -27.972 125.545 -4.002 -28.124 125.499 -3.396 -31.024 128.656
3 0 -3.945 -31.390 128.477 -3.396 -31.024 128.656 -4.002 -28.124 125.499
3 0 -4.002 -28.124 125.499 -4.561 -28.447 125.278 -3.945 -31.390 128.477
3 0 -4.303 -31.869 128.149 -3.945 -31.390 128.477 -4.561 -28.447 125.278
3 0 -4.561 -28.447 125.278 -4.931 -28.893 124.916 -4.303 -31.869 128.149
3 0 -4.418 -32.390 127.722 -4.303 -31.869 128.149 -4.931 -28.893 124.916
3 0 -4.931 -28.893 124.916 -5.054 -29.393 124.467 -4.418 -32.390 127.722
3 0 -4.271 -32.873 127.262 -4.418 -32.390 127.722 -5.054 -29.393 124.467
3 0 -5.054 -29.393 124.467 -4.913 -29.872 124.001 -4.271 -32.873 127.262
3 0 -3.885 -33.244 126.838 -4.271 -32.873 127.262 -4.913 -29.872 124.001
3 0 -4.913 -29.872 124.001 -4.528 -30.256 123.589 -3.885 -33.244 126.838
3 0 -3.319 -33.447 126.515 -3.885 -33.244 126.838 -4.528 -30.256 123.589
3 0 -4.528 -30.256 123.589 -3.958 -30.487 123.292 -3.319 -33.447 126.515
3 0 -2.658 -33.450 126.342 -3.319 -33.447 126.515 -3.958 -30.487 123.292
3 0 -3.958 -30.487 123.292 -3.290 -30.531 123.156 -2.658 -33.450 126.342
3 0 -2.004 -33.255 126.346 -2.658 -33.450 126.342 -3.290 -30.531 123.156
3 0 -3.290 -30.531 123.156 -2.626 -30.379 123.202 -2.004 -33.255 126.346
3 0 -1.455 -32.889 126.525 -2.004 -33.255 126.346 -2.626 -30.379 123.202
3 0 -2.626 -30.379 123.202 -2.067 -30.056 123.423 -1.455 -32.889 126.525
3 0 4.826 -34.659 128.282 4.274 -34.497 128.651 3.403 -32.181 125.900
3 0 3.403 -32.181 125.900 3.969 -32.384 125.578 4.826 -34.659 128.282
3 0 5.463 -34.605 128.044 4.826 -34.659 128.282 3.969 -32.384 125.578
3 0 3.969 -32.384 125.578 4.630 -32.387 125.405 5.463 -34.605 128.044
3 0 6.091 -34.345 127.973 5.463 -34.605 128.044 4.630 -32.387 125.405
3 0 4.630 -32.387 125.405 5.284 -32.192 125.408 6.091 -34.345 127.973
3 0 6.612 -33.917 128.081 6.091 -34.345 127.973 5.284 -32.192 125.408
3 0 5.284 -32.192 125.408 5.832 -31.826 125.588 6.612 -33.917 128.081
3 0 6.948 -33.387 128.350 6.612 -33.917 128.081 5.832 -31.826 125.588
3 0 5.832 -31.826 125.588 6.191 -31.347 125.916 6.948 -33.387 128.350
3 0 7.047 -32.835 128.739 6.948 -33.387 128.350 6.191 -31.347 125.916
3 0 6.191 -31.347 125.916 6.305 -30.826 126.343 7.047 -32.835 128.739
3 0 6.895 -32.345 129.190 7.047 -32.835 128.739 6.305 -30.826 126.343
3 0 6.305 -30.826 126.343 6.158 -30.343 126.803 6.895 -32.345 129.190
3 0 6.514 -31.993 129.634 6.895 -32.345 129.190 6.158 -30.343 126.803
3 0 6.158 -30.343 126.803 5.772 -29.972 127.227 6.514 -31.993 129.634
3 0 5.963 -31.831 130.003 6.514 -31.993 129.634 5.772 -29.972 127.227
3 0 5.772 -29.972 127.227 5.206 -29.769 127.550 5.963 -31.831 130.003
3 0 5.325 -31.884 130.241 5.963 -31.831 130.003 5.206 -29.769 127.550
3 0 5.206 -29.769 127.550 4.545 -29.766 127.722 5.325 -31.884 130.241
3 0 4.698 -32.144 130.312 5.325 -31.884 130.241 4.545 -29.766 127.722
3 0 4.545 -29.766 127.722 3.891 -29.961 127.719 4.698 -32.144 130.312
3 0 4.177 -32.572 130.204 4.698 -32.144 130.312 3.891 -29.961 127.719
3 0 3.891 -29.961 127.719 3.343 -30.327 127.539 4.177 -32.572 130.204
3 0 1.539 -32.738 125.890 2.488 -35.238 128.853 1.937 -35.076 129.222
3 0 1.937 -35.076 129.222 0.973 -32.535 126.213 1.539 -32.738 125.890
3 0 2.200 -32.742 125.717 3.126 -35.185 128.615 2.488 -35.238 128.853
3 0 2.488 -35.238 128.853 1.539 -32.738 125.890 2.200 -32.742 125.717
3 0 2.854 -32.546 125.721 3.753 -34.924 128.544 3.126 -35.185 128.615
3 0 3.126 -35.185 128.615 2.200 -32.742 125.717 2.854 -32.546 125.721
3 0 3.403 -32.181 125.900 4.274 -34.497 128.651 3.753 -34.924 128.544
3 0 3.753 -34.924 128.544 2.854 -32.546 125.721 3.403 -32.181 125.900
3 0 2.776 -30.124 127.862 3.625 -32.410 130.573 4.177 -32.572 130.204
3 0 4.177 -32.572 130.204 3.343 -30.327 127.539 2.776 -30.124 127.862
3 0 2.116 -30.120 128.035 2.987 -32.463 130.811 3.625 -32.410 130.573
3 0 3.625 -32.410 130.573 2.776 -30.124 127.862 2.116 -30.120 128.035
3 0 1.462 -30.316 128.031 2.360 -32.723 130.882 2.987 -32.463 130.811
3 0 2.987 -32.463 130.811 2.116 -30.120 128.035 1.462 -30.316 128.031
3 0 0.913 -30.681 127.852 1.839 -33.151 130.775 2.360 -32.723 130.882
3 0 2.360 -32.723 130.882 1.462 -30.316 128.031 0.913 -30.681 127.852
3 0 -0.889 -33.092 126.202 0.151 -35.817 129.423 -0.400 -35.655 129.792
3 0 -0.400 -35.655 129.792 -1.455 -32.889 126.525 -0.889 -33.092 126.202
3 0 -0.228 -33.096 126.030 0.789 -35.764 129.185 0.151 -35.817 129.423
3 0 0.151 -35.817 129.423 -0.889 -33.092 126.202 -0.228 -33.096 126.030
3 0 0.426 -32.900 126.033 1.416 -35.503 129.114 0.789 -35.764 129.185
3 0 0.789 -35.764 129.185 -0.228 -33.096 126.030 0.426 -32.900 126.033
3 0 0.973 -32.535 126.213 1.937 -35.076 129.222 1.416 -35.503 129.114
3 0 1.416 -35.503 129.114 0.426 -32.900 126.033 0.973 -32.535 126.213
3 0 0.348 -30.478 128.174 1.288 -32.989 131.144 1.839 -33.151 130.775
3 0 1.839 -33.151 130.775 0.913 -30.681 127.852 0.348 -30.478 128.174
3 0 -0.313 -30.474 128.347 0.651 -33.042 131.381 1.288 -32.989 131.144
3 0 1.288 -32.989 131.144 0.348 -30.478 128.174 -0.313 -30.474 128.347
3 0 -0.967 -30.670 128.344 0.023 -33.302 131.452 0.651 -33.042 131.381
3 0 0.651 -33.042 131.381 -0.313 -30.474 128.347 -0.967 -30.670 128.344
3 0 -1.515 -31.035 128.164 -0.498 -33.730 131.345 0.023 -33.302 131.452
3 0 0.023 -33.302 131.452 -0.967 -30.670 128.344 -1.515 -31.035 128.164
3 0 -1.049 -33.568 131.714 -0.498 -33.730 131.345 -1.515 -31.035 128.164
3 0 -1.515 -31.035 128.164 -2.082 -30.832 128.487 -1.049 -33.568 131.714
3 0 -1.687 -33.621 131.952 -1.049 -33.568 131.714 -2.082 -30.832 128.487
3 0 -2.082 -30.832 128.487 -2.742 -30.828 128.660 -1.687 -33.621 131.952
3 0 -2.314 -33.882 132.023 -1.687 -33.621 131.952 -2.742 -30.828 128.660
3 0 -2.742 -30.828 128.660 -3.396 -31.024 128.656 -2.314 -33.882 132.023
3 0 -2.836 -34.309 131.915 -2.314 -33.882 132.023 -3.396 -31.024 128.656
3 0 -3.396 -31.024 128.656 -3.945 -31.390 128.477 -2.836 -34.309 131.915
3 0 -3.171 -34.840 131.647 -2.836 -34.309 131.915 -3.945 -31.390 128.477
3 0 -3.945 -31.390 128.477 -4.303 -31.869 128.149 -3.171 -34.840 131.647
3 0 -3.271 -35.392 131.257 -3.171 -34.840 131.647 -4.303 -31.869 128.149
3 0 -4.303 -31.869 128.149 -4.418 -32.390 127.722 -3.271 -35.392 131.257
3 0 -3.119 -35.881 130.806 -3.271 -35.392 131.257 -4.418 -32.390 127.722
3 0 -4.418 -32.390 127.722 -4.271 -32.873 127.262 -3.119 -35.881 130.806
3 0 -2.738 -36.234 130.362 -3.119 -35.881 130.806 -4.271 -32.873 127.262
3 0 -4.271 -32.873 127.262 -3.885 -33.244 126.838 -2.738 -36.234 130.362
3 0 -2.186 -36.396 129.993 -2.738 -36.234 130.362 -3.885 -33.244 126.838
3 0 -3.885 -33.244 126.838 -3.319 -33.447 126.515 -2.186 -36.396 129.993
3 0 -1.549 -36.343 129.755 -2.186 -36.396 129.993 -3.319 -33.447 126.515
3 0 -3.319 -33.447 126.515 -2.658 -33.450 126.342 -1.549 -36.343 129.755
3 0 -0.921 -36.083 129.685 -1.549 -36.343 129.755 -2.658 -33.450 126.342
3 0 -2.658 -33.450 126.342 -2.004 -33.255 126.346 -0.921 -36.083 129.685
3 0 -0.400 -35.655 129.792 -0.921 -36.083 129.685 -2.004 -33.255 126.346
3 0 -2.004 -33.255 126.346 -1.455 -32.889 126.525 -0.400 -35.655 129.792
3 0 6.161 -36.460 130.723 5.664 -36.356 131.181 4.274 -34.497 128.651
3 0 4.274 -34.497 128.651 4.826 -34.659 128.282 6.161 -36.460 130.723
3 0 6.722 -36.323 130.359 6.161 -36.460 130.723 4.826 -34.659 128.282
3 0 4.826 -34.659 128.282 5.463 -34.605 128.044 6.722 -36.323 130.359
3 0 7.262 -35.966 130.143 6.722 -36.323 130.359 5.463 -34.605 128.044
3 0 5.463 -34.605 128.044 6.091 -34.345 127.973 7.262 -35.966 130.143
3 0 7.700 -35.443 130.109 7.262 -35.966 130.143 6.091 -34.345 127.973
3 0 6.091 -34.345 127.973 6.612 -33.917 128.081 7.700 -35.443 130.109
3 0 7.969 -34.834 130.262 7.700 -35.443 130.109 6.612 -33.917 128.081
3 0 6.612 -33.917 128.081 6.948 -33.387 128.350 7.969 -34.834 130.262
3 0 8.027 -34.232 130.579 7.969 -34.834 130.262 6.948 -33.387 128.350
3 0 6.948 -33.387 128.350 7.047 -32.835 128.739 8.027 -34.232 130.579
3 0 7.867 -33.728 131.010 8.027 -34.232 130.579 7.047 -32.835 128.739
3 0 7.047 -32.835 128.739 6.895 -32.345 129.190 7.867 -33.728 131.010
3 0 7.511 -33.399 131.492 7.867 -33.728 131.010 6.895 -32.345 129.190
3 0 6.895 -32.345 129.190 6.514 -31.993 129.634 7.511 -33.399 131.492
3 0 7.015 -33.295 131.949 7.511 -33.399 131.492 6.514 -31.993 129.634
3 0 6.514 -31.993 129.634 5.963 -31.831 130.003 7.015 -33.295 131.949
3 0 6.454 -33.432 132.313 7.015 -33.295 131.949 5.963 -31.831 130.003
3 0 5.963 -31.831 130.003 5.325 -31.884 130.241 6.454 -33.432 132.313
3 0 5.913 -33.789 132.529 6.454 -33.432 132.313 5.325 -31.884 130.241
3 0 5.325 -31.884 130.241 4.698 -32.144 130.312 5.913 -33.789 132.529
3 0 5.475 -34.312 132.563 5.913 -33.789 132.529 4.698 -32.144 130.312
3 0 4.698 -32.144 130.312 4.177 -32.572 130.204 5.475 -34.312 132.563
3 0 2.488 -35.238 128.853 4.125 -37.373 131.794 3.629 -37.269 132.252
3 0 3.629 -37.269 132.252 1.937 -35.076 129.222 2.488 -35.238 128.853
3 0 3.126 -35.185 128.615 4.686 -37.236 131.430 4.125 -37.373 131.794
3 0 4.125 -37.373 131.794 2.488 -35.238 128.853 3.126 -35.185 128.615
3 0 3.753 -34.924 128.544 5.226 -36.879 131.215 4.686 -37.236 131.430
3 0 4.686 -37.236 131.430 3.126 -35.185 128.615 3.753 -34.924 128.544
3 0 4.274 -34.497 128.651 5.664 -36.356 131.181 5.226 -36.879 131.215
3 0 5.226 -36.879 131.215 3.753 -34.924 128.544 4.274 -34.497 128.651
3 0 3.625 -32.410 130.573 4.979 -34.208 133.021 5.475 -34.312 132.563
3 0 5.475 -34.312 132.563 4.177 -32.572 130.204 3.625 -32.410 130.573
3 0 2.987 -32.463 130.811 4.418 -34.345 133.385 4.979 -34.208 133.021
3 0 4.979 -34.208 133.021 3.625 -32.410 130.573 2.987 -32.463 130.811
3 0 2.360 -32.723 130.882 3.877 -34.702 133.600 4.418 -34.345 133.385
3 0 4.418 -34.345 133.385 2.987 -32.463 130.811 2.360 -32.723 130.882
3 0 1.839 -33.151 130.775 3.439 -35.224 133.634 3.877 -34.702 133.600
3 0 3.877 -34.702 133.600 2.360 -32.723 130.882 1.839 -33.151 130.775
3 0 0.151 -35.817 129.423 2.089 -38.285 132.865 1.593 -38.181 133.323
3 0 1.593 -38.181 133.323 -0.400 -35.655 129.792 0.151 -35.817 129.423
3 0 0.789 -35.764 129.185 2.651 -38.148 132.501 2.089 -38.285 132.865
3 0 2.089 -38.285 132.865 0.151 -35.817 129.423 0.789 -35.764 129.185
3 0 1.416 -35.503 129.114 3.191 -37.791 132.286 2.651 -38.148 132.501
3 0 2.651 -38.148 132.501 0.789 -35.764 129.185 1.416 -35.503 129.114
3 0 1.937 -35.076 129.222 3.629 -37.269 132.252 3.191 -37.791 132.286
3 0 3.191 -37.791 132.286 1.416 -35.503 129.114 1.937 -35.076 129.222
3 0 1.288 -32.989 131.144 2.944 -35.120 134.091 3.439 -35.224 133.634
3 0 3.439 -35.224 133.634 1.839 -33.151 130.775 1.288 -32.989 131.144
3 0 0.651 -33.042 131.381 2.383 -35.257 134.456 2.944 -35.120 134.091
3 0 2.944 -35.120 134.091 1.288 -32.989 131.144 0.651 -33.042 131.381
3 0 0.023 -33.302 131.452 1.842 -35.614 134.671 2.383 -35.257 134.456
3 0 2.383 -35.257 134.456 0.651 -33.042 131.381 0.023 -33.302 131.452
3 0 -0.498 -33.730 131.345 1.404 -36.137 134.705 1.842 -35.614 134.671
3 0 1.842 -35.614 134.671 0.023 -33.302 131.452 -0.498 -33.730 131.345
3 0 0.908 -36.033 135.163 1.404 -36.137 134.705 -0.498 -33.730 131.345
3 0 -0.498 -33.730 131.345 -1.049 -33.568 131.714 0.908 -36.033 135.163
3 0 0.347 -36.170 135.527 0.908 -36.033 135.163 -1.049 -33.568 131.714
3 0 -1.049 -33.568 131.714 -1.687 -33.621 131.952 0.347 -36.170 135.527
3 0 -0.194 -36.527 135.743 0.347 -36.170 135.527 -1.687 -33.621 131.952
3 0 -1.687 -33.621 131.952 -2.314 -33.882 132.023 -0.194 -36.527 135.743
3 0 -0.632 -37.049 135.777 -0.194 -36.527 135.743 -2.314 -33.882 132.023
3 0 -2.314 -33.882 132.023 -2.836 -34.309 131.915 -0.632 -37.049 135.777
3 0 -0.900 -37.658 135.624 -0.632 -37.049 135.777 -2.836 -34.309 131.915
3 0 -2.836 -34.309 131.915 -3.171 -34.840 131.647 -0.900 -37.658 135.624
3 0 -0.959 -38.261 135.307 -0.900 -37.658 135.624 -3.171 -34.840 131.647
3 0 -3.171 -34.840 131.647 -3.271 -35.392 131.257 -0.959 -38.261 135.307
3 0 -0.798 -38.765 134.876 -0.959 -38.261 135.307 -3.271 -35.392 131.257
3 0 -3.271 -35.392 131.257 -3.119 -35.881 130.806 -0.798 -38.765 134.876
3 0 -0.443 -39.094 134.394 -0.798 -38.765 134.876 -3.119 -35.881 130.806
3 0 -3.119 -35.881 130.806 -2.738 -36.234 130.362 -0.443 -39.094 134.394
3 0 0.054 -39.198 133.937 -0.443 -39.094 134.394 -2.738 -36.234 130.362
3 0 -2.738 -36.234 130.362 -2.186 -36.396 129.993 0.054 -39.198 133.937
3 0 0.615 -39.061 133.573 0.054 -39.198 133.937 -2.186 -36.396 129.993
3 0 -2.186 -36.396 129.993 -1.549 -36.343 129.755 0.615 -39.061 133.573
3 0 1.155 -38.704 133.357 0.615 -39.061 133.573 -1.549 -36.343 129.755
3 0 -1.549 -36.343 129.755 -0.921 -36.083 129.685 1.155 -38.704 133.357
3 0 1.593 -38.181 133.323 1.155 -38.704 133.357 -0.921 -36.083 129.685
3 0 -0.921 -36.083 129.685 -0.400 -35.655 129.792 1.593 -38.181 133.323
3 0 8.124 -37.449 132.609 7.767 -37.380 133.187 5.664 -36.356 131.181
3 0 5.664 -36.356 131.181 6.161 -36.460 130.723 8.124 -37.449 132.609
3 0 8.491 -37.253 132.067 8.124 -37.449 132.609 6.161 -36.460 130.723
3 0 6.161 -36.460 130.723 6.722 -36.323 130.359 8.491 -37.253 132.067
3 0 8.811 -36.824 131.644 8.491 -37.253 132.067 6.722 -36.323 130.359
3 0 6.722 -36.323 130.359 7.262 -35.966 130.143 8.811 -36.824 131.644
3 0 9.036 -36.225 131.403 8.811 -36.824 131.644 7.262 -35.966 130.143
3 0 7.262 -35.966 130.143 7.700 -35.443 130.109 9.036 -36.225 131.403
3 0 9.131 -35.549 131.382 9.036 -36.225 131.403 7.700 -35.443 130.109
3 0 7.700 -35.443 130.109 7.969 -34.834 130.262 9.131 -35.549 131.382
3 0 9.082 -34.899 131.584 9.131 -35.549 131.382 7.969 -34.834 130.262
3 0 7.969 -34.834 130.262 8.027 -34.232 130.579 9.082 -34.899 131.584
3 0 8.897 -34.373 131.978 9.082 -34.899 131.584 8.027 -34.232 130.579
3 0 8.027 -34.232 130.579 7.867 -33.728 131.010 8.897 -34.373 131.978
3 0 8.604 -34.051 132.504 8.897 -34.373 131.978 7.867 -33.728 131.010
3 0 7.867 -33.728 131.010 7.511 -33.399 131.492 8.604 -34.051 132.504
3 0 8.604 -34.051 132.504 7.511 -33.399 131.492 7.015 -33.295 131.949
3 0 7.015 -33.295 131.949 8.246 -33.982 133.082 8.604 -34.051 132.504
3 0 8.246 -33.982 133.082 7.015 -33.295 131.949 6.454 -33.432 132.313
3 0 6.454 -33.432 132.313 7.880 -34.178 133.624 8.246 -33.982 133.082
3 0 7.560 -34.607 134.047 7.880 -34.178 133.624 6.454 -33.432 132.313
3 0 6.454 -33.432 132.313 5.913 -33.789 132.529 7.560 -34.607 134.047
3 0 7.335 -35.206 134.288 7.560 -34.607 134.047 5.913 -33.789 132.529
3 0 5.913 -33.789 132.529 5.475 -34.312 132.563 7.335 -35.206 134.288
3 0 4.125 -37.373 131.794 6.855 -38.603 134.393 6.498 -38.535 134.971
3 0 6.498 -38.535 134.971 3.629 -37.269 132.252 4.125 -37.373 131.794
3 0 4.686 -37.236 131.430 7.222 -38.408 133.851 6.855 -38.603 134.393
3 0 6.855 -38.603 134.393 4.125 -37.373 131.794 4.686 -37.236 131.430
3 0 5.226 -36.879 131.215 7.542 -37.978 133.428 7.222 -38.408 133.851
3 0 7.222 -38.408 133.851 4.686 -37.236 131.430 5.226 -36.879 131.215
3 0 5.664 -36.356 131.181 7.767 -37.380 133.187 7.542 -37.978 133.428
3 0 7.542 -37.978 133.428 5.226 -36.879 131.215 5.664 -36.356 131.181
3 0 4.979 -34.208 133.021 6.978 -35.137 134.866 7.335 -35.206 134.288
3 0 7.335 -35.206 134.288 5.475 -34.312 132.563 4.979 -34.208 133.021
3 0 4.418 -34.345 133.385 6.611 -35.333 135.408 6.978 -35.137 134.866
3 0 6.978 -35.137 134.866 4.979 -34.208 133.021 4.418 -34.345 133.385
3 0 3.877 -34.702 133.600 6.291 -35.762 135.831 6.611 -35.333 135.408
3 0 6.611 -35.333 135.408 4.418 -34.345 133.385 3.877 -34.702 133.600
3 0 3.439 -35.224 133.634 6.066 -36.361 136.072 6.291 -35.762 135.831
3 0 6.291 -35.762 135.831 3.877 -34.702 133.600 3.439 -35.224 133.634
3 0 2.089 -38.285 132.865 5.587 -39.758 136.177 5.230 -39.690 136.755
3 0 5.230 -39.690 136.755 1.593 -38.181 133.323 2.089 -38.285 132.865
3 0 2.651 -38.148 132.501 5.954 -39.562 135.635 5.587 -39.758 136.177
3 0 5.587 -39.758 136.177 2.089 -38.285 132.865 2.651 -38.148 132.501
3 0 3.191 -37.791 132.286 6.274 -39.133 135.211 5.954 -39.562 135.635
3 0 5.954 -39.562 135.635 2.651 -38.148 132.501 3.191 -37.791 132.286
3 0 3.629 -37.269 132.252 6.498 -38.535 134.971 6.274 -39.133 135.211
3 0 6.274 -39.133 135.211 3.191 -37.791 132.286 3.629 -37.269 132.252
3 0 2.944 -35.120 134.091 5.709 -36.292 136.649 6.066 -36.361 136.072
3 0 6.066 -36.361 136.072 3.439 -35.224 133.634 2.944 -35.120 134.091
3 0 2.383 -35.257 134.456 5.343 -36.487 137.191 5.709 -36.292 136.649
3 0 5.709 -36.292 136.649 2.944 -35.120 134.091 2.383 -35.257 134.456
3 0 1.842 -35.614 134.671 5.023 -36.917 137.615 5.343 -36.487 137.191
3 0 5.343 -36.487 137.191 2.383 -35.257 134.456 1.842 -35.614 134.671
3 0 1.404 -36.137 134.705 4.798 -37.515 137.855 5.023 -36.917 137.615
3 0 5.023 -36.917 137.615 1.842 -35.614 134.671 1.404 -36.137 134.705
3 0 4.441 -37.447 138.433 4.798 -37.515 137.855 1.404 -36.137 134.705
3 0 1.404 -36.137 134.705 0.908 -36.033 135.163 4.441 -37.447 138.433
3 0 4.074 -37.642 138.975 4.441 -37.447 138.433 0.908 -36.033 135.163
3 0 0.908 -36.033 135.163 0.347 -36.170 135.527 4.074 -37.642 138.975
3 0 3.754 -38.072 139.399 4.074 -37.642 138.975 0.347 -36.170 135.527
3 0 0.347 -36.170 135.527 -0.194 -36.527 135.743 3.754 -38.072 139.399
3 0 3.529 -38.670 139.639 3.754 -38.072 139.399 -0.194 -36.527 135.743
3 0 -0.194 -36.527 135.743 -0.632 -37.049 135.777 3.529 -38.670 139.639
3 0 3.434 -39.346 139.660 3.529 -38.670 139.639 -0.632 -37.049 135.777
3 0 -0.632 -37.049 135.777 -0.900 -37.658 135.624 3.434 -39.346 139.660
3 0 3.482 -39.996 139.458 3.434 -39.346 139.660 -0.900 -37.658 135.624
3 0 -0.900 -37.658 135.624 -0.959 -38.261 135.307 3.482 -39.996 139.458
3 0 3.667 -40.523 139.065 3.482 -39.996 139.458 -0.959 -38.261 135.307
3 0 -0.959 -38.261 135.307 -0.798 -38.765 134.876 3.667 -40.523 139.065
3 0 3.961 -40.844 138.539 3.667 -40.523 139.065 -0.798 -38.765 134.876
3 0 -0.798 -38.765 134.876 -0.443 -39.094 134.394 3.961 -40.844 138.539
3 0 4.318 -40.913 137.961 3.961 -40.844 138.539 -0.443 -39.094 134.394
3 0 -0.443 -39.094 134.394 0.054 -39.198 133.937 4.318 -40.913 137.961
3 0 4.685 -40.717 137.419 4.318 -40.913 137.961 0.054 -39.198 133.937
3 0 0.054 -39.198 133.937 0.615 -39.061 133.573 4.685 -40.717 137.419
3 0 5.005 -40.288 136.995 4.685 -40.717 137.419 0.615 -39.061 133.573
3 0 0.615 -39.061 133.573 1.155 -38.704 133.357 5.005 -40.288 136.995
3 0 5.230 -39.690 136.755 5.005 -40.288 136.995 1.155 -38.704 133.357
3 0 1.155 -38.704 133.357 1.593 -38.181 133.323 5.230 -39.690 136.755
3 0 10.561 -37.207 134.285 7.767 -37.380 133.187 8.124 -37.449 132.609
3 0 8.124 -37.449 132.609 10.739 -37.330 133.637 10.561 -37.207 134.285
3 0 10.739 -37.330 133.637 8.124 -37.449 132.609 8.491 -37.253 132.067
3 0 8.491 -37.253 132.067 10.840 -37.198 132.975 10.739 -37.330 133.637
3 0 10.840 -37.198 132.975 8.491 -37.253 132.067 8.811 -36.824 131.644
3 0 8.811 -36.824 131.644 10.851 -36.831 132.399 10.840 -37.198 132.975
3 0 10.851 -36.831 132.399 8.811 -36.824 131.644 9.036 -36.225 131.403
3 0 9.036 -36.225 131.403 10.769 -36.285 131.997 10.851 -36.831 132.399
3 0 10.769 -36.285 131.997 9.036 -36.225 131.403 9.131 -35.549 131.382
3 0 9.131 -35.549 131.382 10.606 -35.643 131.831 10.769 -36.285 131.997
3 0 10.606 -35.643 131.831 9.131 -35.549 131.382 9.082 -34.899 131.584
3 0 9.082 -34.899 131.584 10.388 -35.002 131.925 10.606 -35.643 131.831
3 0 10.388 -35.002 131.925 9.082 -34.899 131.584 8.897 -34.373 131.978
3 0 8.897 -34.373 131.978 10.148 -34.461 132.266 10.388 -35.002 131.925
3 0 10.148 -34.461 132.266 8.897 -34.373 131.978 8.604 -34.051 132.504
3 0 8.604 -34.051 132.504 9.922 -34.102 132.801 10.148 -34.461 132.266
3 0 9.922 -34.102 132.801 8.604 -34.051 132.504 8.246 -33.982 133.082
3 0 8.246 -33.982 133.082 9.745 -33.979 133.448 9.922 -34.102 132.801
3 0 9.745 -33.979 133.448 8.246 -33.982 133.082 7.880 -34.178 133.624
3 0 7.880 -34.178 133.624 9.643 -34.111 134.111 9.745 -33.979 133.448
3 0 9.643 -34.111 134.111 7.880 -34.178 133.624 7.560 -34.607 134.047
3 0 7.560 -34.607 134.047 9.633 -34.478 134.686 9.643 -34.111 134.111
3 0 9.633 -34.478 134.686 7.560 -34.607 134.047 7.335 -35.206 134.288
3 0 7.335 -35.206 134.288 9.715 -35.024 135.088 9.633 -34.478 134.686
3 0 10.531 -38.252 135.925 10.354 -38.129 136.573 6.498 -38.535 134.971
3 0 6.498 -38.535 134.971 6.855 -38.603 134.393 10.531 -38.252 135.925
3 0 10.633 -38.120 135.263 10.531 -38.252 135.925 6.855 -38.603 134.393
3 0 6.855 -38.603 134.393 7.222 -38.408 133.851 10.633 -38.120 135.263
3 0 10.644 -37.753 134.687 10.633 -38.120 135.263 7.222 -38.408 133.851
3 0 7.222 -38.408 133.851 7.542 -37.978 133.428 10.644 -37.753 134.687
3 0 10.561 -37.207 134.285 10.644 -37.753 134.687 7.542 -37.978 133.428
3 0 7.542 -37.978 133.428 7.767 -37.380 133.187 10.561 -37.207 134.285
3 0 9.538 -34.901 135.736 9.715 -35.024 135.088 7.335 -35.206 134.288
3 0 7.335 -35.206 134.288 6.978 -35.137 134.866 9.538 -34.901 135.736
3 0 9.436 -35.033 136.398 9.538 -34.901 135.736 6.978 -35.137 134.866
3 0 6.978 -35.137 134.866 6.611 -35.333 135.408 9.436 -35.033 136.398
3 0 9.425 -35.400 136.974 9.436 -35.033 136.398 6.611 -35.333 135.408
3 0 6.611 -35.333 135.408 6.291 -35.762 135.831 9.425 -35.400 136.974
3 0 9.508 -35.946 137.376 9.425 -35.400 136.974 6.291 -35.762 135.831
3 0 6.291 -35.762 135.831 6.066 -36.361 136.072 9.508 -35.946 137.376
3 0 5.587 -39.758 136.177 10.324 -39.174 138.212 10.147 -39.051 138.859
3 0 10.147 -39.051 138.859 5.230 -39.690 136.755 5.587 -39.758 136.177
3 0 5.954 -39.562 135.635 10.426 -39.042 137.549 10.324 -39.174 138.212
3 0 10.324 -39.174 138.212 5.587 -39.758 136.177 5.954 -39.562 135.635
3 0 6.274 -39.133 135.211 10.436 -38.675 136.974 10.426 -39.042 137.549
3 0 10.426 -39.042 137.549 5.954 -39.562 135.635 6.274 -39.133 135.211
3 0 6.498 -38.535 134.971 10.354 -38.129 136.573 10.436 -38.675 136.974
3 0 10.436 -38.675 136.974 6.274 -39.133 135.211 6.498 -38.535 134.971
3 0 5.709 -36.292 136.649 9.330 -35.823 138.023 9.508 -35.946 137.376
3 0 9.508 -35.946 137.376 6.066 -36.361 136.072 5.709 -36.292 136.649
3 0 5.343 -36.487 137.191 9.229 -35.955 138.685 9.330 -35.823 138.023
3 0 9.330 -35.823 138.023 5.709 -36.292 136.649 5.343 -36.487 137.191
3 0 5.023 -36.917 137.615 9.218 -36.322 139.261 9.229 -35.955 138.685
3 0 9.229 -35.955 138.685 5.343 -36.487 137.191 5.023 -36.917 137.615
3 0 4.798 -37.515 137.855 9.300 -36.868 139.663 9.218 -36.322 139.261
3 0 9.218 -36.322 139.261 5.023 -36.917 137.615 4.798 -37.515 137.855
3 0 9.123 -36.745 140.311 9.300 -36.868 139.663 4.798 -37.515 137.855
3 0 4.798 -37.515 137.855 4.441 -37.447 138.433 9.123 -36.745 140.311
3 0 9.021 -36.877 140.973 9.123 -36.745 140.311 4.441 -37.447 138.433
3 0 4.441 -37.447 138.433 4.074 -37.642 138.975 9.021 -36.877 140.973
3 0 9.011 -37.244 141.549 9.021 -36.877 140.973 4.074 -37.642 138.975
3 0 4.074 -37.642 138.975 3.754 -38.072 139.399 9.011 -37.244 141.549
3 0 9.093 -37.790 141.950 9.011 -37.244 141.549 3.754 -38.072 139.399
3 0 3.754 -38.072 139.399 3.529 -38.670 139.639 9.093 -37.790 141.950
3 0 9.255 -38.432 142.117 9.093 -37.790 141.950 3.529 -38.670 139.639
3 0 3.529 -38.670 139.639 3.434 -39.346 139.660 9.255 -38.432 142.117
3 0 9.473 -39.072 142.022 9.255 -38.432 142.117 3.434 -39.346 139.660
3 0 3.434 -39.346 139.660 3.482 -39.996 139.458 9.473 -39.072 142.022
3 0 9.713 -39.614 141.682 9.473 -39.072 142.022 3.482 -39.996 139.458
3 0 3.482 -39.996 139.458 3.667 -40.523 139.065 9.713 -39.614 141.682
3 0 9.939 -39.973 141.147 9.713 -39.614 141.682 3.667 -40.523 139.065
3 0 3.667 -40.523 139.065 3.961 -40.844 138.539 9.939 -39.973 141.147
3 0 10.117 -40.096 140.499 9.939 -39.973 141.147 3.961 -40.844 138.539
3 0 3.961 -40.844 138.539 4.318 -40.913 137.961 10.117 -40.096 140.499
3 0 10.218 -39.964 139.837 10.117 -40.096 140.499 4.318 -40.913 137.961
3 0 4.318 -40.913 137.961 4.685 -40.717 137.419 10.218 -39.964 139.837
3 0 10.229 -39.597 139.261 10.218 -39.964 139.837 4.685 -40.717 137.419
3 0 4.685 -40.717 137.419 5.005 -40.288 136.995 10.229 -39.597 139.261
3 0 10.147 -39.051 138.859 10.229 -39.597 139.261 5.005 -40.288 136.995
3 0 5.005 -40.288 136.995 5.230 -39.690 136.755 10.147 -39.051 138.859
3 0 13.650 -35.841 134.342 10.561 -37.207 134.285 10.739 -37.330 133.637
3 0 10.739 -37.330 133.637 13.733 -36.059 133.700 13.650 -35.841 134.342
3 0 13.733 -36.059 133.700 10.739 -37.330 133.637 10.840 -37.198 132.975
3 0 10.840 -37.198 132.975 13.676 -36.053 133.019 13.733 -36.059 133.700
3 0 13.676 -36.053 133.019 10.840 -37.198 132.975 10.851 -36.831 132.399
3 0 10.851 -36.831 132.399 13.489 -35.824 132.404 13.676 -36.053 133.019
3 0 13.489 -35.824 132.404 10.851 -36.831 132.399 10.769 -36.285 131.997
3 0 10.769 -36.285 131.997 13.199 -35.406 131.947 13.489 -35.824 132.404
3 0 13.199 -35.406 131.947 10.769 -36.285 131.997 10.606 -35.643 131.831
3 0 10.606 -35.643 131.831 12.852 -34.865 131.719 13.199 -35.406 131.947
3 0 12.852 -34.865 131.719 10.606 -35.643 131.831 10.388 -35.002 131.925
3 0 10.388 -35.002 131.925 12.499 -34.281 131.754 12.852 -34.865 131.719
3 0 12.499 -34.281 131.754 10.388 -35.002 131.925 10.148 -34.461 132.266
3 0 10.148 -34.461 132.266 12.195 -33.744 132.046 12.499 -34.281 131.754
3 0 12.195 -33.744 132.046 10.148 -34.461 132.266 9.922 -34.102 132.801
3 0 9.922 -34.102 132.801 11.986 -33.336 132.552 12.195 -33.744 132.046
3 0 11.986 -33.336 132.552 9.922 -34.102 132.801 9.745 -33.979 133.448
3 0 9.745 -33.979 133.448 11.904 -33.118 133.194 11.986 -33.336 132.552
3 0 11.904 -33.118 133.194 9.745 -33.979 133.448 9.643 -34.111 134.111
3 0 9.643 -34.111 134.111 11.960 -33.124 133.874 11.904 -33.118 133.194
3 0 11.960 -33.124 133.874 9.643 -34.111 134.111 9.633 -34.478 134.686
3 0 9.633 -34.478 134.686 12.148 -33.353 134.490 11.960 -33.124 133.874
3 0 12.148 -33.353 134.490 9.633 -34.478 134.686 9.715 -35.024 135.088
3 0 9.715 -35.024 135.088 12.437 -33.770 134.946 12.148 -33.353 134.490
3 0 14.184 -36.494 136.094 14.101 -36.276 136.736 10.354 -38.129 136.573
3 0 10.354 -38.129 136.573 10.531 -38.252 135.925 14.184 -36.494 136.094
3 0 14.127 -36.488 135.414 14.184 -36.494 136.094 10.531 -38.252 135.925
3 0 10.531 -38.252 135.925 10.633 -38.120 135.263 14.127 -36.488 135.414
3 0 13.940 -36.259 134.798 14.127 -36.488 135.414 10.633 -38.120 135.263
3 0 10.633 -38.120 135.263 10.644 -37.753 134.687 13.940 -36.259 134.798
3 0 13.650 -35.841 134.342 13.940 -36.259 134.798 10.644 -37.753 134.687
3 0 10.644 -37.753 134.687 10.561 -37.207 134.285 13.650 -35.841 134.342
3 0 12.354 -33.553 135.588 12.437 -33.770 134.946 9.715 -35.024 135.088
3 0 9.715 -35.024 135.088 9.538 -34.901 135.736 12.354 -33.553 135.588
3 0 12.411 -33.559 136.269 12.354 -33.553 135.588 9.538 -34.901 135.736
3 0 9.538 -34.901 135.736 9.436 -35.033 136.398 12.411 -33.559 136.269
3 0 12.599 -33.788 136.884 12.411 -33.559 136.269 9.436 -35.033 136.398
3 0 9.436 -35.033 136.398 9.425 -35.400 136.974 12.599 -33.788 136.884
3 0 12.888 -34.205 137.341 12.599 -33.788 136.884 9.425 -35.400 136.974
3 0 9.425 -35.400 136.974 9.508 -35.946 137.376 12.888 -34.205 137.341
3 0 14.634 -36.929 138.488 14.552 -36.711 139.130 10.147 -39.051 138.859
3 0 10.147 -39.051 138.859 10.324 -39.174 138.212 14.634 -36.929 138.488
3 0 14.578 -36.922 137.808 14.634 -36.929 138.488 10.324 -39.174 138.212
3 0 10.324 -39.174 138.212 10.426 -39.042 137.549 14.578 -36.922 137.808
3 0 14.390 -36.693 137.192 14.578 -36.922 137.808 10.426 -39.042 137.549
3 0 10.426 -39.042 137.549 10.436 -38.675 136.974 14.390 -36.693 137.192
3 0 14.101 -36.276 136.736 14.390 -36.693 137.192 10.436 -38.675 136.974
3 0 10.436 -38.675 136.974 10.354 -38.129 136.573 14.101 -36.276 136.736
3 0 12.805 -33.987 137.982 12.888 -34.205 137.341 9.508 -35.946 137.376
3 0 9.508 -35.946 137.376 9.330 -35.823 138.023 12.805 -33.987 137.982
3 0 12.862 -33.994 138.663 12.805 -33.987 137.982 9.330 -35.823 138.023
3 0 9.330 -35.823 138.023 9.229 -35.955 138.685 12.862 -33.994 138.663
3 0 13.049 -34.223 139.278 12.862 -33.994 138.663 9.229 -35.955 138.685
3 0 9.229 -35.955 138.685 9.218 -36.322 139.261 13.049 -34.223 139.278
3 0 13.339 -34.640 139.735 13.049 -34.223 139.278 9.218 -36.322 139.261
3 0 9.218 -36.322 139.261 9.300 -36.868 139.663 13.339 -34.640 139.735
3 0 13.339 -34.640 139.735 9.300 -36.868 139.663 9.123 -36.745 140.311
3 0 9.123 -36.745 140.311 13.256 -34.422 140.377 13.339 -34.640 139.735
3 0 13.313 -34.429 141.057 13.256 -34.422 140.377 9.123 -36.745 140.311
3 0 9.123 -36.745 140.311 9.021 -36.877 140.973 13.313 -34.429 141.057
3 0 13.500 -34.658 141.673 13.313 -34.429 141.057 9.021 -36.877 140.973
3 0 9.021 -36.877 140.973 9.011 -37.244 141.549 13.500 -34.658 141.673
3 0 13.500 -34.658 141.673 9.011 -37.244 141.549 9.093 -37.790 141.950
3 0 9.093 -37.790 141.950 13.790 -35.075 142.129 13.500 -34.658 141.673
3 0 13.790 -35.075 142.129 9.093 -37.790 141.950 9.255 -38.432 142.117
3 0 9.255 -38.432 142.117 14.137 -35.617 142.358 13.790 -35.075 142.129
3 0 14.137 -35.617 142.358 9.255 -38.432 142.117 9.473 -39.072 142.022
3 0 9.473 -39.072 142.022 14.490 -36.200 142.323 14.137 -35.617 142.358
3 0 14.490 -36.200 142.323 9.473 -39.072 142.022 9.713 -39.614 141.682
3 0 9.713 -39.614 141.682 14.794 -36.737 142.031 14.490 -36.200 142.323
3 0 14.794 -36.737 142.031 9.713 -39.614 141.682 9.939 -39.973 141.147
3 0 9.939 -39.973 141.147 15.003 -37.146 141.525 14.794 -36.737 142.031
3 0 15.003 -37.146 141.525 9.939 -39.973 141.147 10.117 -40.096 140.499
3 0 10.117 -40.096 140.499 15.085 -37.363 140.883 15.003 -37.146 141.525
3 0 15.029 -37.357 140.202 15.085 -37.363 140.883 10.117 -40.096 140.499
3 0 10.117 -40.096 140.499 10.218 -39.964 139.837 15.029 -37.357 140.202
3 0 14.841 -37.128 139.587 15.029 -37.357 140.202 10.218 -39.964 139.837
3 0 10.218 -39.964 139.837 10.229 -39.597 139.261 14.841 -37.128 139.587
3 0 14.841 -37.128 139.587 10.229 -39.597 139.261 10.147 -39.051 138.859
3 0 10.147 -39.051 138.859 14.552 -36.711 139.130 14.841 -37.128 139.587
3 0 16.753 -33.843 133.823 13.650 -35.841 134.342 13.733 -36.059 133.700
3 0 13.733 -36.059 133.700 16.821 -34.127 133.206 16.753 -33.843 133.823
3 0 16.821 -34.127 133.206 13.733 -36.059 133.700 13.676 -36.053 133.019
3 0 13.676 -36.053 133.019 16.719 -34.213 132.536 16.821 -34.127 133.206
3 0 16.719 -34.213 132.536 13.676 -36.053 133.019 13.489 -35.824 132.404
3 0 13.489 -35.824 132.404 16.463 -34.088 131.916 16.719 -34.213 132.536
3 0 16.463 -34.088 131.916 13.489 -35.824 132.404 13.199 -35.406 131.947
3 0 13.199 -35.406 131.947 16.091 -33.771 131.440 16.463 -34.088 131.916
3 0 16.091 -33.771 131.440 13.199 -35.406 131.947 12.852 -34.865 131.719
3 0 12.852 -34.865 131.719 15.659 -33.310 131.179 16.091 -33.771 131.440
3 0 15.659 -33.310 131.179 12.852 -34.865 131.719 12.499 -34.281 131.754
3 0 12.499 -34.281 131.754 15.234 -32.775 131.175 15.659 -33.310 131.179
3 0 15.234 -32.775 131.175 12.499 -34.281 131.754 12.195 -33.744 132.046
3 0 12.195 -33.744 132.046 14.881 -32.248 131.428 15.234 -32.775 131.175
3 0 14.881 -32.248 131.428 12.195 -33.744 132.046 11.986 -33.336 132.552
3 0 11.986 -33.336 132.552 14.652 -31.810 131.898 14.881 -32.248 131.428
3 0 14.652 -31.810 131.898 11.986 -33.336 132.552 11.904 -33.118 133.194
3 0 11.904 -33.118 133.194 14.584 -31.526 132.516 14.652 -31.810 131.898
3 0 14.584 -31.526 132.516 11.904 -33.118 133.194 11.960 -33.124 133.874
3 0 11.960 -33.124 133.874 14.685 -31.440 133.185 14.584 -31.526 132.516
3 0 14.685 -31.440 133.185 11.960 -33.124 133.874 12.148 -33.353 134.490
3 0 12.148 -33.353 134.490 14.942 -31.565 133.806 14.685 -31.440 133.185
3 0 14.942 -31.565 133.806 12.148 -33.353 134.490 12.437 -33.770 134.946
3 0 12.437 -33.770 134.946 15.314 -31.882 134.282 14.942 -31.565 133.806
3 0 17.483 -34.199 135.590 17.415 -33.915 136.207 14.101 -36.276 136.736
3 0 14.101 -36.276 136.736 14.184 -36.494 136.094 17.483 -34.199 135.590
3 0 17.381 -34.285 134.920 17.483 -34.199 135.590 14.184 -36.494 136.094
3 0 14.184 -36.494 136.094 14.127 -36.488 135.414 17.381 -34.285 134.920
3 0 17.125 -34.160 134.300 17.381 -34.285 134.920 14.127 -36.488 135.414
3 0 14.127 -36.488 135.414 13.940 -36.259 134.798 17.125 -34.160 134.300
3 0 16.753 -33.843 133.823 17.125 -34.160 134.300 13.940 -36.259 134.798
3 0 13.940 -36.259 134.798 13.650 -35.841 134.342 16.753 -33.843 133.823
3 0 15.246 -31.598 134.900 15.314 -31.882 134.282 12.437 -33.770 134.946
3 0 12.437 -33.770 134.946 12.354 -33.553 135.588 15.246 -31.598 134.900
3 0 15.347 -31.512 135.569 15.246 -31.598 134.900 12.354 -33.553 135.588
3 0 12.354 -33.553 135.588 12.411 -33.559 136.269 15.347 -31.512 135.569
3 0 15.604 -31.637 136.190 15.347 -31.512 135.569 12.411 -33.559 136.269
3 0 12.411 -33.559 136.269 12.599 -33.788 136.884 15.604 -31.637 136.190
3 0 15.976 -31.954 136.666 15.604 -31.637 136.190 12.599 -33.788 136.884
3 0 12.599 -33.788 136.884 12.888 -34.205 137.341 15.976 -31.954 136.666
3 0 18.145 -34.272 137.973 18.076 -33.987 138.590 14.552 -36.711 139.130
3 0 14.552 -36.711 139.130 14.634 -36.929 138.488 18.145 -34.272 137.973
3 0 18.043 -34.357 137.303 18.145 -34.272 137.973 14.634 -36.929 138.488
3 0 14.634 -36.929 138.488 14.578 -36.922 137.808 18.043 -34.357 137.303
3 0 17.787 -34.232 136.683 18.043 -34.357 137.303 14.578 -36.922 137.808
3 0 14.578 -36.922 137.808 14.390 -36.693 137.192 17.787 -34.232 136.683
3 0 17.415 -33.915 136.207 17.787 -34.232 136.683 14.390 -36.693 137.192
3 0 14.390 -36.693 137.192 14.101 -36.276 136.736 17.415 -33.915 136.207
3 0 15.908 -31.670 137.283 15.976 -31.954 136.666 12.888 -34.205 137.341
3 0 12.888 -34.205 137.341 12.805 -33.987 137.982 15.908 -31.670 137.283
3 0 16.009 -31.584 137.952 15.908 -31.670 137.283 12.805 -33.987 137.982
3 0 12.805 -33.987 137.982 12.862 -33.994 138.663 16.009 -31.584 137.952
3 0 16.266 -31.709 138.573 16.009 -31.584 137.952 12.862 -33.994 138.663
3 0 12.862 -33.994 138.663 13.049 -34.223 139.278 16.266 -31.709 138.573
3 0 16.638 -32.026 139.049 16.266 -31.709 138.573 13.049 -34.223 139.278
3 0 13.049 -34.223 139.278 13.339 -34.640 139.735 16.638 -32.026 139.049
3 0 16.638 -32.026 139.049 13.339 -34.640 139.735 13.256 -34.422 140.377
3 0 13.256 -34.422 140.377 16.570 -31.742 139.667 16.638 -32.026 139.049
3 0 16.570 -31.742 139.667 13.256 -34.422 140.377 13.313 -34.429 141.057
3 0 13.313 -34.429 141.057 16.671 -31.656 140.336 16.570 -31.742 139.667
3 0 16.671 -31.656 140.336 13.313 -34.429 141.057 13.500 -34.658 141.673
3 0 13.500 -34.658 141.673 16.928 -31.781 140.957 16.671 -31.656 140.336
3 0 16.928 -31.781 140.957 13.500 -34.658 141.673 13.790 -35.075 142.129
3 0 13.790 -35.075 142.129 17.300 -32.098 141.433 16.928 -31.781 140.957
3 0 17.300 -32.098 141.433 13.790 -35.075 142.129 14.137 -35.617 142.358
3 0 14.137 -35.617 142.358 17.732 -32.559 141.693 17.300 -32.098 141.433
3 0 17.732 -32.559 141.693 14.137 -35.617 142.358 14.490 -36.200 142.323
3 0 14.490 -36.200 142.323 18.156 -33.094 141.697 17.732 -32.559 141.693
3 0 18.156 -33.094 141.697 14.490 -36.200 142.323 14.794 -36.737 142.031
3 0 14.794 -36.737 142.031 18.510 -33.621 141.445 18.156 -33.094 141.697
3 0 18.510 -33.621 141.445 14.794 -36.737 142.031 15.003 -37.146 141.525
3 0 15.003 -37.146 141.525 18.738 -34.060 140.974 18.510 -33.621 141.445
3 0 18.738 -34.060 140.974 15.003 -37.146 141.525 15.085 -37.363 140.883
3 0 15.085 -37.363 140.883 18.807 -34.344 140.357 18.738 -34.060 140.974
3 0 18.807 -34.344 140.357 15.085 -37.363 140.883 15.029 -37.357 140.202
3 0 15.029 -37.357 140.202 18.705 -34.430 139.687 18.807 -34.344 140.357
3 0 18.705 -34.430 139.687 15.029 -37.357 140.202 14.841 -37.128 139.587
3 0 14.841 -37.128 139.587 18.449 -34.305 139.067 18.705 -34.430 139.687
3 0 18.449 -34.305 139.067 14.841 -37.128 139.587 14.552 -36.711 139.130
3 0 14.552 -36.711 139.130 18.076 -33.987 138.590 18.449 -34.305 139.067
3 0 19.725 -31.536 132.961 16.753 -33.843 133.823 16.821 -34.127 133.206
3 0 16.821 -34.127 133.206 19.811 -31.871 132.372 19.725 -31.536 132.961
3 0 19.811 -31.871 132.372 16.821 -34.127 133.206 16.719 -34.213 132.536
3 0 16.719 -34.213 132.536 19.708 -32.029 131.715 19.811 -31.871 132.372
3 0 19.708 -32.029 131.715 16.719 -34.213 132.536 16.463 -34.088 131.916
3 0 16.463 -34.088 131.916 19.432 -31.988 131.092 19.708 -32.029 131.715
3 0 19.432 -31.988 131.092 16.463 -34.088 131.916 16.091 -33.771 131.440
3 0 16.091 -33.771 131.440 19.025 -31.753 130.597 19.432 -31.988 131.092
3 0 19.025 -31.753 130.597 16.091 -33.771 131.440 15.659 -33.310 131.179
3 0 15.659 -33.310 131.179 18.549 -31.360 130.304 19.025 -31.753 130.597
3 0 18.549 -31.360 130.304 15.659 -33.310 131.179 15.234 -32.775 131.175
3 0 15.234 -32.775 131.175 18.076 -30.869 130.260 18.549 -31.360 130.304
3 0 18.076 -30.869 130.260 15.234 -32.775 131.175 14.881 -32.248 131.428
3 0 14.881 -32.248 131.428 17.679 -30.355 130.470 18.076 -30.869 130.260
3 0 17.679 -30.355 130.470 14.881 -32.248 131.428 14.652 -31.810 131.898
3 0 14.652 -31.810 131.898 17.417 -29.896 130.903 17.679 -30.355 130.470
3 0 17.417 -29.896 130.903 14.652 -31.810 131.898 14.584 -31.526 132.516
3 0 14.584 -31.526 132.516 17.331 -29.562 131.492 17.417 -29.896 130.903
3 0 17.331 -29.562 131.492 14.584 -31.526 132.516 14.685 -31.440 133.185
3 0 14.685 -31.440 133.185 17.434 -29.404 132.148 17.331 -29.562 131.492
3 0 17.434 -29.404 132.148 14.685 -31.440 133.185 14.942 -31.565 133.806
3 0 14.942 -31.565 133.806 17.710 -29.445 132.772 17.434 -29.404 132.148
3 0 17.710 -29.445 132.772 14.942 -31.565 133.806 15.314 -31.882 134.282
3 0 15.314 -31.882 134.282 18.117 -29.680 133.267 17.710 -29.445 132.772
3 0 20.511 -31.654 134.736 20.425 -31.320 135.325 17.415 -33.915 136.207
3 0 17.415 -33.915 136.207 17.483 -34.199 135.590 20.511 -31.654 134.736
3 0 20.408 -31.813 134.080 20.511 -31.654 134.736 17.483 -34.199 135.590
3 0 17.483 -34.199 135.590 17.381 -34.285 134.920 20.408 -31.813 134.080
3 0 20.132 -31.771 133.457 20.408 -31.813 134.080 17.381 -34.285 134.920
3 0 17.381 -34.285 134.920 17.125 -34.160 134.300 20.132 -31.771 133.457
3 0 19.725 -31.536 132.961 20.132 -31.771 133.457 17.125 -34.160 134.300
3 0 17.125 -34.160 134.300 16.753 -33.843 133.823 19.725 -31.536 132.961
3 0 18.031 -29.346 133.856 18.117 -29.680 133.267 15.314 -31.882 134.282
3 0 15.314 -31.882 134.282 15.246 -31.598 134.900 18.031 -29.346 133.856
3 0 18.134 -29.187 134.513 18.031 -29.346 133.856 15.246 -31.598 134.900
3 0 15.246 -31.598 134.900 15.347 -31.512 135.569 18.134 -29.187 134.513
3 0 18.410 -29.229 135.136 18.134 -29.187 134.513 15.347 -31.512 135.569
3 0 15.347 -31.512 135.569 15.604 -31.637 136.190 18.410 -29.229 135.136
3 0 18.817 -29.464 135.631 18.410 -29.229 135.136 15.604 -31.637 136.190
3 0 15.604 -31.637 136.190 15.976 -31.954 136.666 18.817 -29.464 135.631
3 0 21.210 -31.438 137.099 21.124 -31.104 137.689 18.076 -33.987 138.590
3 0 18.076 -33.987 138.590 18.145 -34.272 137.973 21.210 -31.438 137.099
3 0 21.107 -31.596 136.443 21.210 -31.438 137.099 18.145 -34.272 137.973
3 0 18.145 -34.272 137.973 18.043 -34.357 137.303 21.107 -31.596 136.443
3 0 20.831 -31.555 135.820 21.107 -31.596 136.443 18.043 -34.357 137.303
3 0 18.043 -34.357 137.303 17.787 -34.232 136.683 20.831 -31.555 135.820
3 0 20.425 -31.320 135.325 20.831 -31.555 135.820 17.787 -34.232 136.683
3 0 17.787 -34.232 136.683 17.415 -33.915 136.207 20.425 -31.320 135.325
3 0 18.730 -29.129 136.220 18.817 -29.464 135.631 15.976 -31.954 136.666
3 0 15.976 -31.954 136.666 15.908 -31.670 137.283 18.730 -29.129 136.220
3 0 18.833 -28.971 136.876 18.730 -29.129 136.220 15.908 -31.670 137.283
3 0 15.908 -31.670 137.283 16.009 -31.584 137.952 18.833 -28.971 136.876
3 0 19.109 -29.012 137.499 18.833 -28.971 136.876 16.009 -31.584 137.952
3 0 16.009 -31.584 137.952 16.266 -31.709 138.573 19.109 -29.012 137.499
3 0 19.516 -29.247 137.995 19.109 -29.012 137.499 16.266 -31.709 138.573
3 0 16.266 -31.709 138.573 16.638 -32.026 139.049 19.516 -29.247 137.995
3 0 19.516 -29.247 137.995 16.638 -32.026 139.049 16.570 -31.742 139.667
3 0 16.570 -31.742 139.667 19.430 -28.913 138.584 19.516 -29.247 137.995
3 0 19.430 -28.913 138.584 16.570 -31.742 139.667 16.671 -31.656 140.336
3 0 16.671 -31.656 140.336 19.533 -28.755 139.241 19.430 -28.913 138.584
3 0 19.533 -28.755 139.241 16.671 -31.656 140.336 16.928 -31.781 140.957
3 0 16.928 -31.781 140.957 19.809 -28.796 139.864 19.533 -28.755 139.241
3 0 19.809 -28.796 139.864 16.928 -31.781 140.957 17.300 -32.098 141.433
3 0 17.300 -32.098 141.433 20.216 -29.031 140.359 19.809 -28.796 139.864
3 0 20.216 -29.031 140.359 17.300 -32.098 141.433 17.732 -32.559 141.693
3 0 17.732 -32.559 141.693 20.692 -29.423 140.651 20.216 -29.031 140.359
3 0 20.692 -29.423 140.651 17.732 -32.559 141.693 18.156 -33.094 141.697
3 0 18.156 -33.094 141.697 21.165 -29.914 140.696 20.692 -29.423 140.651
3 0 21.165 -29.914 140.696 18.156 -33.094 141.697 18.510 -33.621 141.445
3 0 18.510 -33.621 141.445 21.562 -30.428 140.486 21.165 -29.914 140.696
3 0 21.562 -30.428 140.486 18.510 -33.621 141.445 18.738 -34.060 140.974
3 0 18.738 -34.060 140.974 21.824 -30.887 140.053 21.562 -30.428 140.486
3 0 21.824 -30.887 140.053 18.738 -34.060 140.974 18.807 -34.344 140.357
3 0 18.807 -34.344 140.357 21.910 -31.221 139.464 21.824 -30.887 140.053
3 0 21.910 -31.221 139.464 18.807 -34.344 140.357 18.705 -34.430 139.687
3 0 18.705 -34.430 139.687 21.807 -31.380 138.808 21.910 -31.221 139.464
3 0 21.807 -31.380 138.808 18.705 -34.430 139.687 18.449 -34.305 139.067
3 0 18.449 -34.305 139.067 21.531 -31.338 138.184 21.807 -31.380 138.808
3 0 21.531 -31.338 138.184 18.449 -34.305 139.067 18.076 -33.987 138.590
3 0 18.076 -33.987 138.590 21.124 -31.104 137.689 21.531 -31.338 138.184
3 0 22.584 -29.067 131.889 19.725 -31.536 132.961 19.811 -31.871 132.372
3 0 19.811 -31.871 132.372 22.711 -29.446 131.336 22.584 -29.067 131.889
3 0 22.711 -29.446 131.336 19.811 -31.871 132.372 19.708 -32.029 131.715
3 0 19.708 -32.029 131.715 22.637 -29.673 130.696 22.711 -29.446 131.336
3 0 22.637 -29.673 130.696 19.708 -32.029 131.715 19.432 -31.988 131.092
3 0 19.432 -31.988 131.092 22.374 -29.712 130.067 22.637 -29.673 130.696
3 0 22.374 -29.712 130.067 19.432 -31.988 131.092 19.025 -31.753 130.597
3 0 19.025 -31.753 130.597 21.961 -29.559 129.545 22.374 -29.712 130.067
3 0 21.961 -29.559 129.545 19.025 -31.753 130.597 18.549 -31.360 130.304
3 0 18.549 -31.360 130.304 21.462 -29.235 129.210 21.961 -29.559 129.545
3 0 21.462 -29.235 129.210 18.549 -31.360 130.304 18.076 -30.869 130.260
3 0 18.076 -30.869 130.260 20.952 -28.792 129.112 21.462 -29.235 129.210
3 0 20.952 -28.792 129.112 18.076 -30.869 130.260 17.679 -30.355 130.470
3 0 17.679 -30.355 130.470 20.509 -28.295 129.266 20.952 -28.792 129.112
3 0 20.509 -28.295 129.266 17.679 -30.355 130.470 17.417 -29.896 130.903
3 0 17.417 -29.896 130.903 20.201 -27.821 129.649 20.509 -28.295 129.266
3 0 20.201 -27.821 129.649 17.417 -29.896 130.903 17.331 -29.562 131.492
3 0 17.331 -29.562 131.492 20.075 -27.442 130.203 20.201 -27.821 129.649
3 0 20.075 -27.442 130.203 17.331 -29.562 131.492 17.434 -29.404 132.148
3 0 17.434 -29.404 132.148 20.149 -27.216 130.843 20.075 -27.442 130.203
3 0 20.149 -27.216 130.843 17.434 -29.404 132.148 17.710 -29.445 132.772
3 0 17.710 -29.445 132.772 20.412 -27.176 131.472 20.149 -27.216 130.843
3 0 20.412 -27.176 131.472 17.710 -29.445 132.772 18.117 -29.680 133.267
3 0 18.117 -29.680 133.267 20.825 -27.330 131.993 20.412 -27.176 131.472
3 0 23.334 -28.955 133.680 23.208 -28.576 134.234 20.425 -31.320 135.325
3 0 20.425 -31.320 135.325 20.511 -31.654 134.736 23.334 -28.955 133.680
3 0 23.260 -29.182 133.040 23.334 -28.955 133.680 20.511 -31.654 134.736
3 0 20.511 -31.654 134.736 20.408 -31.813 134.080 23.260 -29.182 133.040
3 0 22.997 -29.221 132.412 23.260 -29.182 133.040 20.408 -31.813 134.080
3 0 20.408 -31.813 134.080 20.132 -31.771 133.457 22.997 -29.221 132.412
3 0 22.584 -29.067 131.889 22.997 -29.221 132.412 20.132 -31.771 133.457
3 0 20.132 -31.771 133.457 19.725 -31.536 132.961 22.584 -29.067 131.889
3 0 20.698 -26.951 132.547 20.825 -27.330 131.993 18.117 -29.680 133.267
3 0 18.117 -29.680 133.267 18.031 -29.346 133.856 20.698 -26.951 132.547
3 0 20.772 -26.725 133.187 20.698 -26.951 132.547 18.031 -29.346 133.856
3 0 18.031 -29.346 133.856 18.134 -29.187 134.513 20.772 -26.725 133.187
3 0 21.035 -26.685 133.816 20.772 -26.725 133.187 18.134 -29.187 134.513
3 0 18.134 -29.187 134.513 18.410 -29.229 135.136 21.035 -26.685 133.816
3 0 21.448 -26.839 134.338 21.035 -26.685 133.816 18.410 -29.229 135.136
3 0 18.410 -29.229 135.136 18.817 -29.464 135.631 21.448 -26.839 134.338
3 0 23.958 -28.464 136.024 23.831 -28.085 136.578 21.124 -31.104 137.689
3 0 21.124 -31.104 137.689 21.210 -31.438 137.099 23.958 -28.464 136.024
3 0 23.884 -28.691 135.384 23.958 -28.464 136.024 21.210 -31.438 137.099
3 0 21.210 -31.438 137.099 21.107 -31.596 136.443 23.884 -28.691 135.384
3 0 23.620 -28.730 134.755 23.884 -28.691 135.384 21.107 -31.596 136.443
3 0 21.107 -31.596 136.443 20.831 -31.555 135.820 23.620 -28.730 134.755
3 0 23.208 -28.576 134.234 23.620 -28.730 134.755 20.831 -31.555 135.820
3 0 20.831 -31.555 135.820 20.425 -31.320 135.325 23.208 -28.576 134.234
3 0 21.321 -26.460 134.891 21.448 -26.839 134.338 18.817 -29.464 135.631
3 0 18.817 -29.464 135.631 18.730 -29.129 136.220 21.321 -26.460 134.891
3 0 21.395 -26.234 135.531 21.321 -26.460 134.891 18.730 -29.129 136.220
3 0 18.730 -29.129 136.220 18.833 -28.971 136.876 21.395 -26.234 135.531
3 0 21.659 -26.194 136.160 21.395 -26.234 135.531 18.833 -28.971 136.876
3 0 18.833 -28.971 136.876 19.109 -29.012 137.499 21.659 -26.194 136.160
3 0 22.071 -26.348 136.682 21.659 -26.194 136.160 19.109 -29.012 137.499
3 0 19.109 -29.012 137.499 19.516 -29.247 137.995 22.071 -26.348 136.682
3 0 22.071 -26.348 136.682 19.516 -29.247 137.995 19.430 -28.913 138.584
3 0 19.430 -28.913 138.584 21.945 -25.969 137.236 22.071 -26.348 136.682
3 0 21.945 -25.969 137.236 19.430 -28.913 138.584 19.533 -28.755 139.241
3 0 19.533 -28.755 139.241 22.019 -25.742 137.876 21.945 -25.969 137.236
3 0 22.019 -25.742 137.876 19.533 -28.755 139.241 19.809 -28.796 139.864
3 0 19.809 -28.796 139.864 22.282 -25.703 138.504 22.019 -25.742 137.876
3 0 22.282 -25.703 138.504 19.809 -28.796 139.864 20.216 -29.031 140.359
3 0 20.216 -29.031 140.359 22.695 -25.857 139.026 22.282 -25.703 138.504
3 0 22.695 -25.857 139.026 20.216 -29.031 140.359 20.692 -29.423 140.651
3 0 20.692 -29.423 140.651 23.194 -26.180 139.362 22.695 -25.857 139.026
3 0 23.194 -26.180 139.362 20.692 -29.423 140.651 21.165 -29.914 140.696
3 0 21.165 -29.914 140.696 23.704 -26.624 139.460 23.194 -26.180 139.362
3 0 23.704 -26.624 139.460 21.165 -29.914 140.696 21.562 -30.428 140.486
3 0 21.562 -30.428 140.486 24.146 -27.120 139.305 23.704 -26.624 139.460
3 0 24.146 -27.120 139.305 21.562 -30.428 140.486 21.824 -30.887 140.053
3 0 21.824 -30.887 140.053 24.454 -27.594 138.922 24.146 -27.120 139.305
3 0 24.454 -27.594 138.922 21.824 -30.887 140.053 21.910 -31.221 139.464
3 0 21.910 -31.221 139.464 24.581 -27.973 138.368 24.454 -27.594 138.922
3 0 24.581 -27.973 138.368 21.910 -31.221 139.464 21.807 -31.380 138.808
3 0 21.807 -31.380 138.808 24.507 -28.199 137.729 24.581 -27.973 138.368
3 0 24.507 -28.199 137.729 21.807 -31.380 138.808 21.531 -31.338 138.184
3 0 21.531 -31.338 138.184 24.244 -28.239 137.100 24.507 -28.199 137.729
3 0 24.244 -28.239 137.100 21.531 -31.338 138.184 21.124 -31.104 137.689
3 0 21.124 -31.104 137.689 23.831 -28.085 136.578 24.244 -28.239 137.100
3 0 25.427 -26.525 130.741 22.584 -29.067 131.889 22.711 -29.446 131.336
3 0 22.711 -29.446 131.336 25.630 -26.951 130.247 25.427 -26.525 130.741
3 0 25.630 -26.951 130.247 22.711 -29.446 131.336 22.637 -29.673 130.696
3 0 22.637 -29.673 130.696 25.626 -27.254 129.635 25.630 -26.951 130.247
3 0 25.626 -27.254 129.635 22.637 -29.673 130.696 22.374 -29.712 130.067
3 0 22.374 -29.712 130.067 25.418 -27.389 128.999 25.626 -27.254 129.635
3 0 25.418 -27.389 128.999 22.374 -29.712 130.067 21.961 -29.559 129.545
3 0 21.961 -29.559 129.545 25.037 -27.335 128.435 25.418 -27.389 128.999
3 0 25.037 -27.335 128.435 21.961 -29.559 129.545 21.462 -29.235 129.210
3 0 21.462 -29.235 129.210 24.540 -27.100 128.030 25.037 -27.335 128.435
3 0 24.540 -27.100 128.030 21.462 -29.235 129.210 20.952 -28.792 129.112
3 0 20.952 -28.792 129.112 24.004 -26.721 127.845 24.540 -27.100 128.030
3 0 24.004 -26.721 127.845 20.952 -28.792 129.112 20.509 -28.295 129.266
3 0 20.509 -28.295 129.266 23.509 -26.254 127.907 24.004 -26.721 127.845
3 0 23.509 -26.254 127.907 20.509 -28.295 129.266 20.201 -27.821 129.649
3 0 20.201 -27.821 129.649 23.132 -25.771 128.209 23.509 -26.254 127.907
3 0 23.132 -25.771 128.209 20.201 -27.821 129.649 20.075 -27.442 130.203
3 0 20.075 -27.442 130.203 22.930 -25.346 128.703 23.132 -25.771 128.209
3 0 22.930 -25.346 128.703 20.075 -27.442 130.203 20.149 -27.216 130.843
3 0 20.149 -27.216 130.843 22.933 -25.042 129.315 22.930 -25.346 128.703
3 0 22.933 -25.042 129.315 20.149 -27.216 130.843 20.412 -27.176 131.472
3 0 20.412 -27.176 131.472 23.141 -24.907 129.951 22.933 -25.042 129.315
3 0 23.141 -24.907 129.951 20.412 -27.176 131.472 20.825 -27.330 131.993
3 0 20.825 -27.330 131.993 23.523 -24.961 130.515 23.141 -24.907 129.951
3 0 26.020 -26.141 132.553 25.818 -25.716 133.048 23.208 -28.576 134.234
3 0 23.208 -28.576 134.234 23.334 -28.955 133.680 26.020 -26.141 132.553
3 0 26.017 -26.444 131.942 26.020 -26.141 132.553 23.334 -28.955 133.680
3 0 23.334 -28.955 133.680 23.260 -29.182 133.040 26.017 -26.444 131.942
3 0 25.809 -26.579 131.305 26.017 -26.444 131.942 23.260 -29.182 133.040
3 0 23.260 -29.182 133.040 22.997 -29.221 132.412 25.809 -26.579 131.305
3 0 25.427 -26.525 130.741 25.809 -26.579 131.305 22.997 -29.221 132.412
3 0 22.997 -29.221 132.412 22.584 -29.067 131.889 25.427 -26.525 130.741
3 0 23.320 -24.536 131.009 23.523 -24.961 130.515 20.825 -27.330 131.993
3 0 20.825 -27.330 131.993 20.698 -26.951 132.547 23.320 -24.536 131.009
3 0 23.323 -24.233 131.621 23.320 -24.536 131.009 20.698 -26.951 132.547
3 0 20.698 -26.951 132.547 20.772 -26.725 133.187 23.323 -24.233 131.621
3 0 23.531 -24.098 132.257 23.323 -24.233 131.621 20.772 -26.725 133.187
3 0 20.772 -26.725 133.187 21.035 -26.685 133.816 23.531 -24.098 132.257
3 0 23.913 -24.152 132.821 23.531 -24.098 132.257 21.035 -26.685 133.816
3 0 21.035 -26.685 133.816 21.448 -26.839 134.338 23.913 -24.152 132.821
3 0 26.411 -25.332 134.859 26.208 -24.906 135.353 23.831 -28.085 136.578
3 0 23.831 -28.085 136.578 23.958 -28.464 136.024 26.411 -25.332 134.859
3 0 26.407 -25.635 134.247 26.411 -25.332 134.859 23.958 -28.464 136.024
3 0 23.958 -28.464 136.024 23.884 -28.691 135.384 26.407 -25.635 134.247
3 0 26.199 -25.770 133.611 26.407 -25.635 134.247 23.884 -28.691 135.384
3 0 23.884 -28.691 135.384 23.620 -28.730 134.755 26.199 -25.770 133.611
3 0 25.818 -25.716 133.048 26.199 -25.770 133.611 23.620 -28.730 134.755
3 0 23.620 -28.730 134.755 23.208 -28.576 134.234 25.818 -25.716 133.048
3 0 23.711 -23.726 133.315 23.913 -24.152 132.821 21.448 -26.839 134.338
3 0 21.448 -26.839 134.338 21.321 -26.460 134.891 23.711 -23.726 133.315
3 0 23.714 -23.423 133.927 23.711 -23.726 133.315 21.321 -26.460 134.891
3 0 21.321 -26.460 134.891 21.395 -26.234 135.531 23.714 -23.423 133.927
3 0 23.922 -23.288 134.563 23.714 -23.423 133.927 21.395 -26.234 135.531
3 0 21.395 -26.234 135.531 21.659 -26.194 136.160 23.922 -23.288 134.563
3 0 24.303 -23.342 135.127 23.922 -23.288 134.563 21.659 -26.194 136.160
3 0 21.659 -26.194 136.160 22.071 -26.348 136.682 24.303 -23.342 135.127
3 0 24.303 -23.342 135.127 22.071 -26.348 136.682 21.945 -25.969 137.236
3 0 21.945 -25.969 137.236 24.101 -22.917 135.621 24.303 -23.342 135.127
3 0 24.101 -22.917 135.621 21.945 -25.969 137.236 22.019 -25.742 137.876
3 0 22.019 -25.742 137.876 24.104 -22.613 136.233 24.101 -22.917 135.621
3 0 24.104 -22.613 136.233 22.019 -25.742 137.876 22.282 -25.703 138.504
3 0 22.282 -25.703 138.504 24.312 -22.478 136.869 24.104 -22.613 136.233
3 0 24.312 -22.478 136.869 22.282 -25.703 138.504 22.695 -25.857 139.026
3 0 22.695 -25.857 139.026 24.694 -22.532 137.433 24.312 -22.478 136.869
3 0 24.694 -22.532 137.433 22.695 -25.857 139.026 23.194 -26.180 139.362
3 0 23.194 -26.180 139.362 25.191 -22.767 137.838 24.694 -22.532 137.433
3 0 25.191 -22.767 137.838 23.194 -26.180 139.362 23.704 -26.624 139.460
3 0 23.704 -26.624 139.460 25.727 -23.147 138.024 25.191 -22.767 137.838
3 0 25.727 -23.147 138.024 23.704 -26.624 139.460 24.146 -27.120 139.305
3 0 24.146 -27.120 139.305 26.222 -23.613 137.961 25.727 -23.147 138.024
3 0 26.222 -23.613 137.961 24.146 -27.120 139.305 24.454 -27.594 138.922
3 0 24.454 -27.594 138.922 26.599 -24.096 137.659 26.222 -23.613 137.961
3 0 26.599 -24.096 137.659 24.454 -27.594 138.922 24.581 -27.973 138.368
3 0 24.581 -27.973 138.368 26.801 -24.522 137.165 26.599 -24.096 137.659
3 0 26.801 -24.522 137.165 24.581 -27.973 138.368 24.507 -28.199 137.729
3 0 24.507 -28.199 137.729 26.798 -24.825 136.553 26.801 -24.522 137.165
3 0 26.798 -24.825 136.553 24.507 -28.199 137.729 24.244 -28.239 137.100
3 0 24.244 -28.239 137.100 26.590 -24.960 135.917 26.798 -24.825 136.553
3 0 26.590 -24.960 135.917 24.244 -28.239 137.100 23.831 -28.085 136.578
3 0 23.831 -28.085 136.578 26.208 -24.906 135.353 26.590 -24.960 135.917
3 0 28.585 -23.986 129.929 25.427 -26.525 130.741 25.630 -26.951 130.247
3 0 25.630 -26.951 130.247 28.962 -24.460 129.615 28.585 -23.986 129.929
3 0 28.962 -24.460 129.615 25.630 -26.951 130.247 25.626 -27.254 129.635
3 0 25.626 -27.254 129.635 29.157 -24.882 129.114 28.962 -24.460 129.615
3 0 29.157 -24.882 129.114 25.626 -27.254 129.635 25.418 -27.389 128.999
3 0 25.418 -27.389 128.999 29.139 -25.186 128.504 29.157 -24.882 129.114
3 0 29.139 -25.186 128.504 25.418 -27.389 128.999 25.037 -27.335 128.435
3 0 25.037 -27.335 128.435 28.911 -25.328 127.876 29.139 -25.186 128.504
3 0 28.911 -25.328 127.876 25.037 -27.335 128.435 24.540 -27.100 128.030
3 0 24.540 -27.100 128.030 28.508 -25.284 127.326 28.911 -25.328 127.876
3 0 28.508 -25.284 127.326 24.540 -27.100 128.030 24.004 -26.721 127.845
3 0 24.004 -26.721 127.845 27.991 -25.063 126.939 28.508 -25.284 127.326
3 0 27.991 -25.063 126.939 24.004 -26.721 127.845 23.509 -26.254 127.907
3 0 23.509 -26.254 127.907 27.439 -24.696 126.772 27.991 -25.063 126.939
3 0 27.439 -24.696 126.772 23.509 -26.254 127.907 23.132 -25.771 128.209
3 0 23.132 -25.771 128.209 26.936 -24.241 126.852 27.439 -24.696 126.772
3 0 26.936 -24.241 126.852 23.132 -25.771 128.209 22.930 -25.346 128.703
3 0 22.930 -25.346 128.703 26.559 -23.767 127.167 26.936 -24.241 126.852
3 0 26.559 -23.767 127.167 22.930 -25.346 128.703 22.933 -25.042 129.315
3 0 22.933 -25.042 129.315 26.365 -23.345 127.667 26.559 -23.767 127.167
3 0 26.365 -23.345 127.667 22.933 -25.042 129.315 23.141 -24.907 129.951
3 0 23.141 -24.907 129.951 26.383 -23.040 128.278 26.365 -23.345 127.667
3 0 26.383 -23.040 128.278 23.141 -24.907 129.951 23.523 -24.961 130.515
3 0 23.523 -24.961 130.515 26.611 -22.899 128.906 26.383 -23.040 128.278
3 0 28.637 -23.118 131.669 28.259 -22.643 131.983 25.818 -25.716 133.048
3 0 25.818 -25.716 133.048 26.020 -26.141 132.553 28.637 -23.118 131.669
3 0 28.831 -23.539 131.168 28.637 -23.118 131.669 26.020 -26.141 132.553
3 0 26.020 -26.141 132.553 26.017 -26.444 131.942 28.831 -23.539 131.168
3 0 28.813 -23.844 130.558 28.831 -23.539 131.168 26.017 -26.444 131.942
3 0 26.017 -26.444 131.942 25.809 -26.579 131.305 28.813 -23.844 130.558
3 0 28.585 -23.986 129.929 28.813 -23.844 130.558 25.809 -26.579 131.305
3 0 25.809 -26.579 131.305 25.427 -26.525 130.741 28.585 -23.986 129.929
3 0 26.233 -22.424 129.221 26.611 -22.899 128.906 23.523 -24.961 130.515
3 0 23.523 -24.961 130.515 23.320 -24.536 131.009 26.233 -22.424 129.221
3 0 26.039 -22.003 129.721 26.233 -22.424 129.221 23.320 -24.536 131.009
3 0 23.320 -24.536 131.009 23.323 -24.233 131.621 26.039 -22.003 129.721
3 0 26.057 -21.698 130.332 26.039 -22.003 129.721 23.323 -24.233 131.621
3 0 23.323 -24.233 131.621 23.531 -24.098 132.257 26.057 -21.698 130.332
3 0 26.285 -21.557 130.960 26.057 -21.698 130.332 23.531 -24.098 132.257
3 0 23.531 -24.098 132.257 23.913 -24.152 132.821 26.285 -21.557 130.960
3 0 28.311 -21.776 133.722 27.934 -21.301 134.037 26.208 -24.906 135.353
3 0 26.208 -24.906 135.353 26.411 -25.332 134.859 28.311 -21.776 133.722
3 0 28.505 -22.198 133.222 28.311 -21.776 133.722 26.411 -25.332 134.859
3 0 26.411 -25.332 134.859 26.407 -25.635 134.247 28.505 -22.198 133.222
3 0 28.487 -22.502 132.611 28.505 -22.198 133.222 26.407 -25.635 134.247
3 0 26.407 -25.635 134.247 26.199 -25.770 133.611 28.487 -22.502 132.611
3 0 28.259 -22.643 131.983 28.487 -22.502 132.611 26.199 -25.770 133.611
3 0 26.199 -25.770 133.611 25.818 -25.716 133.048 28.259 -22.643 131.983
3 0 25.908 -21.083 131.274 26.285 -21.557 130.960 23.913 -24.152 132.821
3 0 23.913 -24.152 132.821 23.711 -23.726 133.315 25.908 -21.083 131.274
3 0 25.713 -20.661 131.774 25.908 -21.083 131.274 23.711 -23.726 133.315
3 0 23.711 -23.726 133.315 23.714 -23.423 133.927 25.713 -20.661 131.774
3 0 25.731 -20.356 132.385 25.713 -20.661 131.774 23.714 -23.423 133.927
3 0 23.714 -23.423 133.927 23.922 -23.288 134.563 25.731 -20.356 132.385
3 0 25.959 -20.215 133.013 25.731 -20.356 132.385 23.922 -23.288 134.563
3 0 23.922 -23.288 134.563 24.303 -23.342 135.127 25.959 -20.215 133.013
3 0 25.959 -20.215 133.013 24.303 -23.342 135.127 24.101 -22.917 135.621
3 0 24.101 -22.917 135.621 25.582 -19.740 133.328 25.959 -20.215 133.013
3 0 25.582 -19.740 133.328 24.101 -22.917 135.621 24.104 -22.613 136.233
3 0 24.104 -22.613 136.233 25.388 -19.319 133.828 25.582 -19.740 133.328
3 0 25.388 -19.319 133.828 24.104 -22.613 136.233 24.312 -22.478 136.869
3 0 24.312 -22.478 136.869 25.406 -19.014 134.439 25.388 -19.319 133.828
3 0 25.406 -19.014 134.439 24.312 -22.478 136.869 24.694 -22.532 137.433
3 0 24.694 -22.532 137.433 25.634 -18.872 135.067 25.406 -19.014 134.439
3 0 25.634 -18.872 135.067 24.694 -22.532 137.433 25.191 -22.767 137.838
3 0 25.191 -22.767 137.838 26.037 -18.916 135.617 25.634 -18.872 135.067
3 0 26.037 -18.916 135.617 25.191 -22.767 137.838 25.727 -23.147 138.024
3 0 25.727 -23.147 138.024 26.553 -19.138 136.004 26.037 -18.916 135.617
3 0 26.553 -19.138 136.004 25.727 -23.147 138.024 26.222 -23.613 137.961
3 0 26.222 -23.613 137.961 27.105 -19.504 136.171 26.553 -19.138 136.004
3 0 27.105 -19.504 136.171 26.222 -23.613 137.961 26.599 -24.096 137.659
3 0 26.599 -24.096 137.659 27.608 -19.959 136.091 27.105 -19.504 136.171
3 0 27.608 -19.959 136.091 26.599 -24.096 137.659 26.801 -24.522 137.165
3 0 26.801 -24.522 137.165 27.985 -20.433 135.776 27.608 -19.959 136.091
3 0 27.985 -20.433 135.776 26.801 -24.522 137.165 26.798 -24.825 136.553
3 0 26.798 -24.825 136.553 28.180 -20.855 135.276 27.985 -20.433 135.776
3 0 28.180 -20.855 135.276 26.798 -24.825 136.553 26.590 -24.960 135.917
3 0 26.590 -24.960 135.917 28.161 -21.160 134.665 28.180 -20.855 135.276
3 0 28.161 -21.160 134.665 26.590 -24.960 135.917 26.208 -24.906 135.353
3 0 26.208 -24.906 135.353 27.934 -21.301 134.037 28.161 -21.160 134.665
3 0 31.862 -20.555 130.725 28.585 -23.986 129.929 28.962 -24.460 129.615
3 0 28.962 -24.460 129.615 32.421 -20.839 130.995 31.862 -20.555 130.725
3 0 32.421 -20.839 130.995 28.962 -24.460 129.615 29.157 -24.882 129.114
3 0 29.157 -24.882 129.114 32.970 -21.244 131.028 32.421 -20.839 130.995
3 0 32.970 -21.244 131.028 29.157 -24.882 129.114 29.139 -25.186 128.504
3 0 29.139 -25.186 128.504 33.426 -21.707 130.818 32.970 -21.244 131.028
3 0 33.426 -21.707 130.818 29.139 -25.186 128.504 28.911 -25.328 127.876
3 0 28.911 -25.328 127.876 33.718 -22.159 130.398 33.426 -21.707 130.818
3 0 33.718 -22.159 130.398 28.911 -25.328 127.876 28.508 -25.284 127.326
3 0 28.508 -25.284 127.326 33.804 -22.530 129.831 33.718 -22.159 130.398
3 0 33.804 -22.530 129.831 28.508 -25.284 127.326 27.991 -25.063 126.939
3 0 27.991 -25.063 126.939 33.669 -22.763 129.203 33.804 -22.530 129.831
3 0 33.669 -22.763 129.203 27.991 -25.063 126.939 27.439 -24.696 126.772
3 0 27.439 -24.696 126.772 33.334 -22.824 128.611 33.669 -22.763 129.203
3 0 33.334 -22.824 128.611 27.439 -24.696 126.772 26.936 -24.241 126.852
3 0 26.936 -24.241 126.852 32.851 -22.703 128.144 33.334 -22.824 128.611
3 0 32.851 -22.703 128.144 26.936 -24.241 126.852 26.559 -23.767 127.167
3 0 26.559 -23.767 127.167 32.292 -22.419 127.874 32.851 -22.703 128.144
3 0 32.292 -22.419 127.874 26.559 -23.767 127.167 26.365 -23.345 127.667
3 0 26.365 -23.345 127.667 31.743 -22.014 127.841 32.292 -22.419 127.874
3 0 31.743 -22.014 127.841 26.365 -23.345 127.667 26.383 -23.040 128.278
3 0 26.383 -23.040 128.278 31.288 -21.551 128.051 31.743 -22.014 127.841
3 0 31.288 -21.551 128.051 26.383 -23.040 128.278 26.611 -22.899 128.906
3 0 26.611 -22.899 128.906 30.995 -21.099 128.471 31.288 -21.551 128.051
3 0 30.565 -19.235 131.322 30.006 -18.950 131.052 28.259 -22.643 131.983
3 0 28.259 -22.643 131.983 28.637 -23.118 131.669 30.565 -19.235 131.322
3 0 31.114 -19.640 131.355 30.565 -19.235 131.322 28.637 -23.118 131.669
3 0 28.637 -23.118 131.669 28.831 -23.539 131.168 31.114 -19.640 131.355
3 0 31.569 -20.103 131.145 31.114 -19.640 131.355 28.831 -23.539 131.168
3 0 28.831 -23.539 131.168 28.813 -23.844 130.558 31.569 -20.103 131.145
3 0 31.862 -20.555 130.725 31.569 -20.103 131.145 28.813 -23.844 130.558
3 0 28.813 -23.844 130.558 28.585 -23.986 129.929 31.862 -20.555 130.725
3 0 30.436 -20.814 128.201 30.995 -21.099 128.471 26.611 -22.899 128.906
3 0 26.611 -22.899 128.906 26.233 -22.424 129.221 30.436 -20.814 128.201
3 0 29.887 -20.410 128.168 30.436 -20.814 128.201 26.233 -22.424 129.221
3 0 26.233 -22.424 129.221 26.039 -22.003 129.721 29.887 -20.410 128.168
3 0 29.432 -19.946 128.378 29.887 -20.410 128.168 26.039 -22.003 129.721
3 0 26.039 -22.003 129.721 26.057 -21.698 130.332 29.432 -19.946 128.378
3 0 29.139 -19.495 128.798 29.432 -19.946 128.378 26.057 -21.698 130.332
3 0 26.057 -21.698 130.332 26.285 -21.557 130.960 29.139 -19.495 128.798
3 0 28.710 -17.631 131.649 28.151 -17.346 131.379 27.934 -21.301 134.037
3 0 27.934 -21.301 134.037 28.311 -21.776 133.722 28.710 -17.631 131.649
3 0 29.259 -18.036 131.682 28.710 -17.631 131.649 28.311 -21.776 133.722
3 0 28.311 -21.776 133.722 28.505 -22.198 133.222 29.259 -18.036 131.682
3 0 29.714 -18.499 131.472 29.259 -18.036 131.682 28.505 -22.198 133.222
3 0 28.505 -22.198 133.222 28.487 -22.502 132.611 29.714 -18.499 131.472
3 0 30.006 -18.950 131.052 29.714 -18.499 131.472 28.487 -22.502 132.611
3 0 28.487 -22.502 132.611 28.259 -22.643 131.983 30.006 -18.950 131.052
3 0 28.581 -19.211 128.528 29.139 -19.495 128.798 26.285 -21.557 130.960
3 0 26.285 -21.557 130.960 25.908 -21.083 131.274 28.581 -19.211 128.528
3 0 28.032 -18.806 128.495 28.581 -19.211 128.528 25.908 -21.083 131.274
3 0 25.908 -21.083 131.274 25.713 -20.661 131.774 28.032 -18.806 128.495
3 0 27.576 -18.342 128.705 28.032 -18.806 128.495 25.713 -20.661 131.774
3 0 25.713 -20.661 131.774 25.731 -20.356 132.385 27.576 -18.342 128.705
3 0 27.283 -17.891 129.125 27.576 -18.342 128.705 25.731 -20.356 132.385
3 0 25.731 -20.356 132.385 25.959 -20.215 133.013 27.283 -17.891 129.125
3 0 27.283 -17.891 129.125 25.959 -20.215 133.013 25.582 -19.740 133.328
3 0 25.582 -19.740 133.328 26.725 -17.606 128.855 27.283 -17.891 129.125
3 0 26.725 -17.606 128.855 25.582 -19.740 133.328 25.388 -19.319 133.828
3 0 25.388 -19.319 133.828 26.176 -17.201 128.822 26.725 -17.606 128.855
3 0 26.176 -17.201 128.822 25.388 -19.319 133.828 25.406 -19.014 134.439
3 0 25.406 -19.014 134.439 25.720 -16.738 129.032 26.176 -17.201 128.822
3 0 25.720 -16.738 129.032 25.406 -19.014 134.439 25.634 -18.872 135.067
3 0 25.634 -18.872 135.067 25.427 -16.287 129.452 25.720 -16.738 129.032
3 0 25.427 -16.287 129.452 25.634 -18.872 135.067 26.037 -18.916 135.617
3 0 26.037 -18.916 135.617 25.342 -15.916 130.019 25.427 -16.287 129.452
3 0 25.342 -15.916 130.019 26.037 -18.916 135.617 26.553 -19.138 136.004
3 0 26.553 -19.138 136.004 25.477 -15.682 130.647 25.342 -15.916 130.019
3 0 25.477 -15.682 130.647 26.553 -19.138 136.004 27.105 -19.504 136.171
3 0 27.105 -19.504 136.171 25.811 -15.621 131.239 25.477 -15.682 130.647
3 0 25.811 -15.621 131.239 27.105 -19.504 136.171 27.608 -19.959 136.091
3 0 27.608 -19.959 136.091 26.295 -15.742 131.706 25.811 -15.621 131.239
3 0 26.295 -15.742 131.706 27.608 -19.959 136.091 27.985 -20.433 135.776
3 0 27.985 -20.433 135.776 26.854 -16.027 131.976 26.295 -15.742 131.706
3 0 26.854 -16.027 131.976 27.985 -20.433 135.776 28.180 -20.855 135.276
3 0 28.180 -20.855 135.276 27.402 -16.431 132.009 26.854 -16.027 131.976
3 0 27.402 -16.431 132.009 28.180 -20.855 135.276 28.161 -21.160 134.665
3 0 28.161 -21.160 134.665 27.858 -16.895 131.799 27.402 -16.431 132.009
3 0 27.858 -16.895 131.799 28.161 -21.160 134.665 27.934 -21.301 134.037
3 0 27.934 -21.301 134.037 28.151 -17.346 131.379 27.858 -16.895 131.799
3 0 33.147 -15.987 130.679 31.862 -20.555 130.725 32.421 -20.839 130.995
3 0 32.421 -20.839 130.995 33.427 -15.851 131.288 33.147 -15.987 130.679
3 0 33.427 -15.851 131.288 32.421 -20.839 130.995 32.970 -21.244 131.028
3 0 32.970 -21.244 131.028 33.878 -15.896 131.799 33.427 -15.851 131.288
3 0 33.878 -15.896 131.799 32.970 -21.244 131.028 33.426 -21.707 130.818
3 0 33.426 -21.707 130.818 34.430 -16.114 132.135 33.878 -15.896 131.799
3 0 34.430 -16.114 132.135 33.426 -21.707 130.818 33.718 -22.159 130.398
3 0 33.718 -22.159 130.398 35.001 -16.472 132.246 34.430 -16.114 132.135
3 0 35.001 -16.472 132.246 33.718 -22.159 130.398 33.804 -22.530 129.831
3 0 33.804 -22.530 129.831 35.503 -16.915 132.113 35.001 -16.472 132.246
3 0 35.503 -16.915 132.113 33.804 -22.530 129.831 33.669 -22.763 129.203
3 0 33.669 -22.763 129.203 35.860 -17.377 131.758 35.503 -16.915 132.113
3 0 35.860 -17.377 131.758 33.669 -22.763 129.203 33.334 -22.824 128.611
3 0 33.334 -22.824 128.611 36.017 -17.786 131.235 35.860 -17.377 131.758
3 0 36.017 -17.786 131.235 33.334 -22.824 128.611 32.851 -22.703 128.144
3 0 32.851 -22.703 128.144 35.951 -18.081 130.623 36.017 -17.786 131.235
3 0 35.951 -18.081 130.623 32.851 -22.703 128.144 32.292 -22.419 127.874
3 0 32.292 -22.419 127.874 35.672 -18.216 130.014 35.951 -18.081 130.623
3 0 35.672 -18.216 130.014 32.292 -22.419 127.874 31.743 -22.014 127.841
3 0 31.743 -22.014 127.841 35.221 -18.171 129.503 35.672 -18.216 130.014
3 0 35.221 -18.171 129.503 31.743 -22.014 127.841 31.288 -21.551 128.051
3 0 31.288 -21.551 128.051 34.668 -17.954 129.167 35.221 -18.171 129.503
3 0 34.668 -17.954 129.167 31.288 -21.551 128.051 30.995 -21.099 128.471
3 0 30.995 -21.099 128.471 34.097 -17.596 129.056 34.668 -17.954 129.167
3 0 31.573 -15.366 129.721 31.293 -15.501 129.113 30.006 -18.950 131.052
3 0 30.006 -18.950 131.052 30.565 -19.235 131.322 31.573 -15.366 129.721
3 0 32.024 -15.411 130.232 31.573 -15.366 129.721 30.565 -19.235 131.322
3 0 30.565 -19.235 131.322 31.114 -19.640 131.355 32.024 -15.411 130.232
3 0 32.576 -15.629 130.569 32.024 -15.411 130.232 31.114 -19.640 131.355
3 0 31.114 -19.640 131.355 31.569 -20.103 131.145 32.576 -15.629 130.569
3 0 33.147 -15.987 130.679 32.576 -15.629 130.569 31.569 -20.103 131.145
3 0 31.569 -20.103 131.145 31.862 -20.555 130.725 33.147 -15.987 130.679
3 0 33.818 -17.731 128.448 34.097 -17.596 129.056 30.995 -21.099 128.471
3 0 30.995 -21.099 128.471 30.436 -20.814 128.201 33.818 -17.731 128.448
3 0 33.367 -17.686 127.937 33.818 -17.731 128.448 30.436 -20.814 128.201
3 0 30.436 -20.814 128.201 29.887 -20.410 128.168 33.367 -17.686 127.937
3 0 32.814 -17.468 127.600 33.367 -17.686 127.937 29.887 -20.410 128.168
3 0 29.887 -20.410 128.168 29.432 -19.946 128.378 32.814 -17.468 127.600
3 0 32.243 -17.110 127.490 32.814 -17.468 127.600 29.432 -19.946 128.378
3 0 29.432 -19.946 128.378 29.139 -19.495 128.798 32.243 -17.110 127.490
3 0 29.720 -14.881 128.156 29.440 -15.016 127.547 28.151 -17.346 131.379
3 0 28.151 -17.346 131.379 28.710 -17.631 131.649 29.720 -14.881 128.156
3 0 30.170 -14.926 128.667 29.720 -14.881 128.156 28.710 -17.631 131.649
3 0 28.710 -17.631 131.649 29.259 -18.036 131.682 30.170 -14.926 128.667
3 0 30.723 -15.143 129.003 30.170 -14.926 128.667 29.259 -18.036 131.682
3 0 29.259 -18.036 131.682 29.714 -18.499 131.472 30.723 -15.143 129.003
3 0 31.293 -15.501 129.113 30.723 -15.143 129.003 29.714 -18.499 131.472
3 0 29.714 -18.499 131.472 30.006 -18.950 131.052 31.293 -15.501 129.113
3 0 31.964 -17.246 126.882 32.243 -17.110 127.490 29.139 -19.495 128.798
3 0 29.139 -19.495 128.798 28.581 -19.211 128.528 31.964 -17.246 126.882
3 0 31.514 -17.201 126.371 31.964 -17.246 126.882 28.581 -19.211 128.528
3 0 28.581 -19.211 128.528 28.032 -18.806 128.495 31.514 -17.201 126.371
3 0 30.961 -16.983 126.035 31.514 -17.201 126.371 28.032 -18.806 128.495
3 0 28.032 -18.806 128.495 27.576 -18.342 128.705 30.961 -16.983 126.035
3 0 30.390 -16.625 125.924 30.961 -16.983 126.035 27.576 -18.342 128.705
3 0 27.576 -18.342 128.705 27.283 -17.891 129.125 30.390 -16.625 125.924
3 0 30.390 -16.625 125.924 27.283 -17.891 129.125 26.725 -17.606 128.855
3 0 26.725 -17.606 128.855 30.110 -16.760 125.316 30.390 -16.625 125.924
3 0 30.110 -16.760 125.316 26.725 -17.606 128.855 26.176 -17.201 128.822
3 0 26.176 -17.201 128.822 29.660 -16.716 124.805 30.110 -16.760 125.316
3 0 29.660 -16.716 124.805 26.176 -17.201 128.822 25.720 -16.738 129.032
3 0 25.720 -16.738 129.032 29.107 -16.498 124.468 29.660 -16.716 124.805
3 0 29.107 -16.498 124.468 25.720 -16.738 129.032 25.427 -16.287 129.452
3 0 25.427 -16.287 129.452 28.536 -16.140 124.358 29.107 -16.498 124.468
3 0 28.536 -16.140 124.358 25.427 -16.287 129.452 25.342 -15.916 130.019
3 0 25.342 -15.916 130.019 28.034 -15.696 124.490 28.536 -16.140 124.358
3 0 28.034 -15.696 124.490 25.342 -15.916 130.019 25.477 -15.682 130.647
3 0 25.477 -15.682 130.647 27.677 -15.235 124.845 28.034 -15.696 124.490
3 0 27.677 -15.235 124.845 25.477 -15.682 130.647 25.811 -15.621 131.239
3 0 25.811 -15.621 131.239 27.520 -14.826 125.369 27.677 -15.235 124.845
3 0 27.520 -14.826 125.369 25.811 -15.621 131.239 26.295 -15.742 131.706
3 0 26.295 -15.742 131.706 27.586 -14.531 125.981 27.520 -14.826 125.369
3 0 27.586 -14.531 125.981 26.295 -15.742 131.706 26.854 -16.027 131.976
3 0 26.854 -16.027 131.976 27.866 -14.395 126.589 27.586 -14.531 125.981
3 0 27.866 -14.395 126.589 26.854 -16.027 131.976 27.402 -16.431 132.009
3 0 27.402 -16.431 132.009 28.316 -14.440 127.100 27.866 -14.395 126.589
3 0 28.316 -14.440 127.100 27.402 -16.431 132.009 27.858 -16.895 131.799
3 0 27.858 -16.895 131.799 28.869 -14.658 127.437 28.316 -14.440 127.100
3 0 28.869 -14.658 127.437 27.858 -16.895 131.799 28.151 -17.346 131.379
3 0 28.151 -17.346 131.379 29.440 -15.016 127.547 28.869 -14.658 127.437
3 0 34.663 -12.468 129.129 33.147 -15.987 130.679 33.427 -15.851 131.288
3 0 33.427 -15.851 131.288 34.783 -12.198 129.745 34.663 -12.468 129.129
3 0 34.783 -12.198 129.745 33.427 -15.851 131.288 33.878 -15.896 131.799
3 0 33.878 -15.896 131.799 35.112 -12.091 130.333 34.783 -12.198 129.745
3 0 35.112 -12.091 130.333 33.878 -15.896 131.799 34.430 -16.114 132.135
3 0 34.430 -16.114 132.135 35.601 -12.163 130.805 35.112 -12.091 130.333
3 0 35.601 -12.163 130.805 34.430 -16.114 132.135 35.001 -16.472 132.246
3 0 35.001 -16.472 132.246 36.174 -12.403 131.088 35.601 -12.163 130.805
3 0 36.174 -12.403 131.088 35.001 -16.472 132.246 35.503 -16.915 132.113
3 0 35.503 -16.915 132.113 36.745 -12.775 131.139 36.174 -12.403 131.088
3 0 36.745 -12.775 131.139 35.503 -16.915 132.113 35.860 -17.377 131.758
3 0 35.860 -17.377 131.758 37.226 -13.221 130.950 36.745 -12.775 131.139
3 0 37.226 -13.221 130.950 35.860 -17.377 131.758 36.017 -17.786 131.235
3 0 36.017 -17.786 131.235 37.545 -13.674 130.551 37.226 -13.221 130.950
3 0 37.545 -13.674 130.551 36.017 -17.786 131.235 35.951 -18.081 130.623
3 0 35.951 -18.081 130.623 37.652 -14.065 130.002 37.545 -13.674 130.551
3 0 37.652 -14.065 130.002 35.951 -18.081 130.623 35.672 -18.216 130.014
3 0 35.672 -18.216 130.014 37.532 -14.335 129.386 37.652 -14.065 130.002
3 0 37.532 -14.335 129.386 35.672 -18.216 130.014 35.221 -18.171 129.503
3 0 35.221 -18.171 129.503 37.202 -14.442 128.797 37.532 -14.335 129.386
3 0 37.202 -14.442 128.797 35.221 -18.171 129.503 34.668 -17.954 129.167
3 0 34.668 -17.954 129.167 36.714 -14.370 128.326 37.202 -14.442 128.797
3 0 36.714 -14.370 128.326 34.668 -17.954 129.167 34.097 -17.596 129.056
3 0 34.097 -17.596 129.056 36.140 -14.130 128.043 36.714 -14.370 128.326
3 0 33.271 -12.262 127.786 33.151 -12.532 127.170 31.293 -15.501 129.113
3 0 31.293 -15.501 129.113 31.573 -15.366 129.721 33.271 -12.262 127.786
3 0 33.601 -12.155 128.374 33.271 -12.262 127.786 31.573 -15.366 129.721
3 0 31.573 -15.366 129.721 32.024 -15.411 130.232 33.601 -12.155 128.374
3 0 34.089 -12.227 128.846 33.601 -12.155 128.374 32.024 -15.411 130.232
3 0 32.024 -15.411 130.232 32.576 -15.629 130.569 34.089 -12.227 128.846
3 0 34.663 -12.468 129.129 34.089 -12.227 128.846 32.576 -15.629 130.569
3 0 32.576 -15.629 130.569 33.147 -15.987 130.679 34.663 -12.468 129.129
3 0 36.020 -14.399 127.427 36.140 -14.130 128.043 34.097 -17.596 129.056
3 0 34.097 -17.596 129.056 33.818 -17.731 128.448 36.020 -14.399 127.427
3 0 35.690 -14.506 126.838 36.020 -14.399 127.427 33.818 -17.731 128.448
3 0 33.818 -17.731 128.448 33.367 -17.686 127.937 35.690 -14.506 126.838
3 0 35.202 -14.434 126.367 35.690 -14.506 126.838 33.367 -17.686 127.937
3 0 33.367 -17.686 127.937 32.814 -17.468 127.600 35.202 -14.434 126.367
3 0 34.629 -14.194 126.084 35.202 -14.434 126.367 32.814 -17.468 127.600
3 0 32.814 -17.468 127.600 32.243 -17.110 127.490 34.629 -14.194 126.084
3 0 31.760 -12.326 125.828 31.640 -12.596 125.212 29.440 -15.016 127.547
3 0 29.440 -15.016 127.547 29.720 -14.881 128.156 31.760 -12.326 125.828
3 0 32.090 -12.220 126.416 31.760 -12.326 125.828 29.720 -14.881 128.156
3 0 29.720 -14.881 128.156 30.170 -14.926 128.667 32.090 -12.220 126.416
3 0 32.578 -12.292 126.888 32.090 -12.220 126.416 30.170 -14.926 128.667
3 0 30.170 -14.926 128.667 30.723 -15.143 129.003 32.578 -12.292 126.888
3 0 33.151 -12.532 127.170 32.578 -12.292 126.888 30.723 -15.143 129.003
3 0 30.723 -15.143 129.003 31.293 -15.501 129.113 33.151 -12.532 127.170
3 0 34.509 -14.464 125.469 34.629 -14.194 126.084 32.243 -17.110 127.490
3 0 32.243 -17.110 127.490 31.964 -17.246 126.882 34.509 -14.464 125.469
3 0 34.179 -14.570 124.880 34.509 -14.464 125.469 31.964 -17.246 126.882
3 0 31.964 -17.246 126.882 31.514 -17.201 126.371 34.179 -14.570 124.880
3 0 33.691 -14.498 124.409 34.179 -14.570 124.880 31.514 -17.201 126.371
3 0 31.514 -17.201 126.371 30.961 -16.983 126.035 33.691 -14.498 124.409
3 0 33.118 -14.258 124.126 33.691 -14.498 124.409 30.961 -16.983 126.035
3 0 30.961 -16.983 126.035 30.390 -16.625 125.924 33.118 -14.258 124.126
3 0 33.118 -14.258 124.126 30.390 -16.625 125.924 30.110 -16.760 125.316
3 0 30.110 -16.760 125.316 32.997 -14.528 123.510 33.118 -14.258 124.126
3 0 32.997 -14.528 123.510 30.110 -16.760 125.316 29.660 -16.716 124.805
3 0 29.660 -16.716 124.805 32.668 -14.635 122.921 32.997 -14.528 123.510
3 0 32.668 -14.635 122.921 29.660 -16.716 124.805 29.107 -16.498 124.468
3 0 29.107 -16.498 124.468 32.179 -14.563 122.450 32.668 -14.635 122.921
3 0 32.179 -14.563 122.450 29.107 -16.498 124.468 28.536 -16.140 124.358
3 0 28.536 -16.140 124.358 31.606 -14.322 122.167 32.179 -14.563 122.450
3 0 31.606 -14.322 122.167 28.536 -16.140 124.358 28.034 -15.696 124.490
3 0 28.034 -15.696 124.490 31.035 -13.951 122.116 31.606 -14.322 122.167
3 0 31.035 -13.951 122.116 28.034 -15.696 124.490 27.677 -15.235 124.845
3 0 27.677 -15.235 124.845 30.554 -13.505 122.304 31.035 -13.951 122.116
3 0 30.554 -13.505 122.304 27.677 -15.235 124.845 27.520 -14.826 125.369
3 0 27.520 -14.826 125.369 30.236 -13.051 122.704 30.554 -13.505 122.304
3 0 30.236 -13.051 122.704 27.520 -14.826 125.369 27.586 -14.531 125.981
3 0 27.586 -14.531 125.981 30.128 -12.660 123.253 30.236 -13.051 122.704
3 0 30.128 -12.660 123.253 27.586 -14.531 125.981 27.866 -14.395 126.589
3 0 27.866 -14.395 126.589 30.249 -12.391 123.869 30.128 -12.660 123.253
3 0 30.249 -12.391 123.869 27.866 -14.395 126.589 28.316 -14.440 127.100
3 0 28.316 -14.440 127.100 30.578 -12.284 124.457 30.249 -12.391 123.869
3 0 30.578 -12.284 124.457 28.316 -14.440 127.100 28.869 -14.658 127.437
3 0 28.869 -14.658 127.437 31.067 -12.356 124.929 30.578 -12.284 124.457
3 0 31.067 -12.356 124.929 28.869 -14.658 127.437 29.440 -15.016 127.547
3 0 29.440 -15.016 127.547 31.640 -12.596 125.212 31.067 -12.356 124.929
3 0 36.428 -9.275 127.378 34.663 -12.468 129.129 34.783 -12.198 129.745
3 0 34.783 -12.198 129.745 36.479 -8.956 127.980 36.428 -9.275 127.378
3 0 36.479 -8.956 127.980 34.783 -12.198 129.745 35.112 -12.091 130.333
3 0 35.112 -12.091 130.333 36.751 -8.786 128.583 36.479 -8.956 127.980
3 0 36.751 -8.786 128.583 35.112 -12.091 130.333 35.601 -12.163 130.805
3 0 35.601 -12.163 130.805 37.203 -8.790 129.095 36.751 -8.786 128.583
3 0 37.203 -8.790 129.095 35.601 -12.163 130.805 36.174 -12.403 131.088
3 0 36.174 -12.403 131.088 37.766 -8.967 129.437 37.203 -8.790 129.095
3 0 37.766 -8.967 129.437 36.174 -12.403 131.088 36.745 -12.775 131.139
3 0 36.745 -12.775 131.139 38.355 -9.292 129.559 37.766 -8.967 129.437
3 0 38.355 -9.292 129.559 36.745 -12.775 131.139 37.226 -13.221 130.950
3 0 37.226 -13.221 130.950 38.879 -9.713 129.442 38.355 -9.292 129.559
3 0 38.879 -9.713 129.442 37.226 -13.221 130.950 37.545 -13.674 130.551
3 0 37.545 -13.674 130.551 39.259 -10.168 129.102 38.879 -9.713 129.442
3 0 39.259 -10.168 129.102 37.545 -13.674 130.551 37.652 -14.065 130.002
3 0 37.652 -14.065 130.002 39.437 -10.586 128.593 39.259 -10.168 129.102
3 0 39.437 -10.586 128.593 37.652 -14.065 130.002 37.532 -14.335 129.386
3 0 37.532 -14.335 129.386 39.386 -10.905 127.991 39.437 -10.586 128.593
3 0 39.386 -10.905 127.991 37.532 -14.335 129.386 37.202 -14.442 128.797
3 0 37.202 -14.442 128.797 39.114 -11.075 127.389 39.386 -10.905 127.991
3 0 39.114 -11.075 127.389 37.202 -14.442 128.797 36.714 -14.370 128.326
3 0 36.714 -14.370 128.326 38.662 -11.071 126.877 39.114 -11.075 127.389
3 0 38.662 -11.071 126.877 36.714 -14.370 128.326 36.140 -14.130 128.043
3 0 36.140 -14.130 128.043 38.099 -10.894 126.534 38.662 -11.071 126.877
3 0 35.141 -9.263 125.921 35.090 -9.582 125.319 33.151 -12.532 127.170
3 0 33.151 -12.532 127.170 33.271 -12.262 127.786 35.141 -9.263 125.921
3 0 35.413 -9.093 126.523 35.141 -9.263 125.921 33.271 -12.262 127.786
3 0 33.271 -12.262 127.786 33.601 -12.155 128.374 35.413 -9.093 126.523
3 0 35.865 -9.097 127.035 35.413 -9.093 126.523 33.601 -12.155 128.374
3 0 33.601 -12.155 128.374 34.089 -12.227 128.846 35.865 -9.097 127.035
3 0 36.428 -9.275 127.378 35.865 -9.097 127.035 34.089 -12.227 128.846
3 0 34.089 -12.227 128.846 34.663 -12.468 129.129 36.428 -9.275 127.378
3 0 38.048 -11.212 125.932 38.099 -10.894 126.534 36.140 -14.130 128.043
3 0 36.140 -14.130 128.043 36.020 -14.399 127.427 38.048 -11.212 125.932
3 0 37.776 -11.383 125.329 38.048 -11.212 125.932 36.020 -14.399 127.427
3 0 36.020 -14.399 127.427 35.690 -14.506 126.838 37.776 -11.383 125.329
3 0 37.324 -11.379 124.817 37.776 -11.383 125.329 35.690 -14.506 126.838
3 0 35.690 -14.506 126.838 35.202 -14.434 126.367 37.324 -11.379 124.817
3 0 36.761 -11.201 124.475 37.324 -11.379 124.817 35.202 -14.434 126.367
3 0 35.202 -14.434 126.367 34.629 -14.194 126.084 36.761 -11.201 124.475
3 0 33.803 -9.571 123.862 33.752 -9.889 123.260 31.640 -12.596 125.212
3 0 31.640 -12.596 125.212 31.760 -12.326 125.828 33.803 -9.571 123.862
3 0 34.075 -9.400 124.465 33.803 -9.571 123.862 31.760 -12.326 125.828
3 0 31.760 -12.326 125.828 32.090 -12.220 126.416 34.075 -9.400 124.465
3 0 34.527 -9.404 124.977 34.075 -9.400 124.465 32.090 -12.220 126.416
3 0 32.090 -12.220 126.416 32.578 -12.292 126.888 34.527 -9.404 124.977
3 0 35.090 -9.582 125.319 34.527 -9.404 124.977 32.578 -12.292 126.888
3 0 32.578 -12.292 126.888 33.151 -12.532 127.170 35.090 -9.582 125.319
3 0 36.710 -11.520 123.873 36.761 -11.201 124.475 34.629 -14.194 126.084
3 0 34.629 -14.194 126.084 34.509 -14.464 125.469 36.710 -11.520 123.873
3 0 36.438 -11.690 123.271 36.710 -11.520 123.873 34.509 -14.464 125.469
3 0 34.509 -14.464 125.469 34.179 -14.570 124.880 36.438 -11.690 123.271
3 0 35.986 -11.686 122.759 36.438 -11.690 123.271 34.179 -14.570 124.880
3 0 34.179 -14.570 124.880 33.691 -14.498 124.409 35.986 -11.686 122.759
3 0 35.423 -11.508 122.416 35.986 -11.686 122.759 33.691 -14.498 124.409
3 0 33.691 -14.498 124.409 33.118 -14.258 124.126 35.423 -11.508 122.416
3 0 35.423 -11.508 122.416 33.118 -14.258 124.126 32.997 -14.528 123.510
3 0 32.997 -14.528 123.510 35.372 -11.827 121.814 35.423 -11.508 122.416
3 0 35.372 -11.827 121.814 32.997 -14.528 123.510 32.668 -14.635 122.921
3 0 32.668 -14.635 122.921 35.099 -11.997 121.211 35.372 -11.827 121.814
3 0 35.099 -11.997 121.211 32.668 -14.635 122.921 32.179 -14.563 122.450
3 0 32.179 -14.563 122.450 34.647 -11.993 120.700 35.099 -11.997 121.211
3 0 34.647 -11.993 120.700 32.179 -14.563 122.450 31.606 -14.322 122.167
3 0 31.606 -14.322 122.167 34.084 -11.816 120.357 34.647 -11.993 120.700
3 0 34.084 -11.816 120.357 31.606 -14.322 122.167 31.035 -13.951 122.116
3 0 31.035 -13.951 122.116 33.496 -11.491 120.235 34.084 -11.816 120.357
3 0 33.496 -11.491 120.235 31.035 -13.951 122.116 30.554 -13.505 122.304
3 0 30.554 -13.505 122.304 32.972 -11.070 120.352 33.496 -11.491 120.235
3 0 32.972 -11.070 120.352 30.554 -13.505 122.304 30.236 -13.051 122.704
3 0 30.236 -13.051 122.704 32.592 -10.615 120.692 32.972 -11.070 120.352
3 0 32.592 -10.615 120.692 30.236 -13.051 122.704 30.128 -12.660 123.253
3 0 30.128 -12.660 123.253 32.414 -10.197 121.201 32.592 -10.615 120.692
3 0 32.414 -10.197 121.201 30.128 -12.660 123.253 30.249 -12.391 123.869
3 0 30.249 -12.391 123.869 32.464 -9.878 121.803 32.414 -10.197 121.201
3 0 32.464 -9.878 121.803 30.249 -12.391 123.869 30.578 -12.284 124.457
3 0 30.578 -12.284 124.457 32.737 -9.708 122.406 32.464 -9.878 121.803
3 0 32.737 -9.708 122.406 30.578 -12.284 124.457 31.067 -12.356 124.929
3 0 31.067 -12.356 124.929 33.189 -9.712 122.917 32.737 -9.708 122.406
3 0 33.189 -9.712 122.917 31.067 -12.356 124.929 31.640 -12.596 125.212
3 0 31.640 -12.596 125.212 33.752 -9.889 123.260 33.189 -9.712 122.917
3 0 38.257 -6.166 125.580 36.428 -9.275 127.378 36.479 -8.956 127.980
3 0 36.479 -8.956 127.980 38.271 -5.823 126.170 38.257 -6.166 125.580
3 0 38.271 -5.823 126.170 36.479 -8.956 127.980 36.751 -8.786 128.583
3 0 36.751 -8.786 128.583 38.512 -5.616 126.774 38.271 -5.823 126.170
3 0 38.512 -5.616 126.774 36.751 -8.786 128.583 37.203 -8.790 129.095
3 0 37.203 -8.790 129.095 38.945 -5.579 127.302 38.512 -5.616 126.774
3 0 38.945 -5.579 127.302 37.203 -8.790 129.095 37.766 -8.967 129.437
3 0 37.766 -8.967 129.437 39.503 -5.715 127.671 38.945 -5.579 127.302
3 0 39.503 -5.715 127.671 37.766 -8.967 129.437 38.355 -9.292 129.559
3 0 38.355 -9.292 129.559 40.101 -6.006 127.826 39.503 -5.715 127.671
3 0 40.101 -6.006 127.826 38.355 -9.292 129.559 38.879 -9.713 129.442
3 0 38.879 -9.713 129.442 40.648 -6.405 127.744 40.101 -6.006 127.826
3 0 40.648 -6.405 127.744 38.879 -9.713 129.442 39.259 -10.168 129.102
3 0 39.259 -10.168 129.102 41.062 -6.854 127.437 40.648 -6.405 127.744
3 0 41.062 -6.854 127.437 39.259 -10.168 129.102 39.437 -10.586 128.593
3 0 39.437 -10.586 128.593 41.278 -7.282 126.951 41.062 -6.854 127.437
3 0 41.278 -7.282 126.951 39.437 -10.586 128.593 39.386 -10.905 127.991
3 0 39.386 -10.905 127.991 41.265 -7.626 126.361 41.278 -7.282 126.951
3 0 41.265 -7.626 126.361 39.386 -10.905 127.991 39.114 -11.075 127.389
3 0 39.114 -11.075 127.389 41.023 -7.832 125.757 41.265 -7.626 126.361
3 0 41.023 -7.832 125.757 39.114 -11.075 127.389 38.662 -11.071 126.877
3 0 38.662 -11.071 126.877 40.591 -7.870 125.230 41.023 -7.832 125.757
3 0 40.591 -7.870 125.230 38.662 -11.071 126.877 38.099 -10.894 126.534
3 0 38.099 -10.894 126.534 40.033 -7.733 124.861 40.591 -7.870 125.230
3 0 37.025 -6.274 124.079 37.012 -6.618 123.489 35.090 -9.582 125.319
3 0 35.090 -9.582 125.319 35.141 -9.263 125.921 37.025 -6.274 124.079
3 0 37.267 -6.068 124.683 37.025 -6.274 124.079 35.141 -9.263 125.921
3 0 35.141 -9.263 125.921 35.413 -9.093 126.523 37.267 -6.068 124.683
3 0 37.699 -6.030 125.211 37.267 -6.068 124.683 35.413 -9.093 126.523
3 0 35.413 -9.093 126.523 35.865 -9.097 127.035 37.699 -6.030 125.211
3 0 38.257 -6.166 125.580 37.699 -6.030 125.211 35.865 -9.097 127.035
3 0 35.865 -9.097 127.035 36.428 -9.275 127.378 38.257 -6.166 125.580
3 0 40.019 -8.077 124.270 40.033 -7.733 124.861 38.099 -10.894 126.534
3 0 38.099 -10.894 126.534 38.048 -11.212 125.932 40.019 -8.077 124.270
3 0 39.778 -8.284 123.666 40.019 -8.077 124.270 38.048 -11.212 125.932
3 0 38.048 -11.212 125.932 37.776 -11.383 125.329 39.778 -8.284 123.666
3 0 39.345 -8.321 123.139 39.778 -8.284 123.666 37.776 -11.383 125.329
3 0 37.776 -11.383 125.329 37.324 -11.379 124.817 39.345 -8.321 123.139
3 0 38.787 -8.185 122.770 39.345 -8.321 123.139 37.324 -11.379 124.817
3 0 37.324 -11.379 124.817 36.761 -11.201 124.475 38.787 -8.185 122.770
3 0 35.781 -6.725 121.989 35.767 -7.069 121.399 33.752 -9.889 123.260
3 0 33.752 -9.889 123.260 33.803 -9.571 123.862 35.781 -6.725 121.989
3 0 36.022 -6.519 122.593 35.781 -6.725 121.989 33.803 -9.571 123.862
3 0 33.803 -9.571 123.862 34.075 -9.400 124.465 36.022 -6.519 122.593
3 0 36.455 -6.481 123.120 36.022 -6.519 122.593 34.075 -9.400 124.465
3 0 34.075 -9.400 124.465 34.527 -9.404 124.977 36.455 -6.481 123.120
3 0 37.012 -6.618 123.489 36.455 -6.481 123.120 34.527 -9.404 124.977
3 0 34.527 -9.404 124.977 35.090 -9.582 125.319 37.012 -6.618 123.489
3 0 38.774 -8.528 122.180 38.787 -8.185 122.770 36.761 -11.201 124.475
3 0 36.761 -11.201 124.475 36.710 -11.520 123.873 38.774 -8.528 122.180
3 0 38.533 -8.735 121.576 38.774 -8.528 122.180 36.710 -11.520 123.873
3 0 36.710 -11.520 123.873 36.438 -11.690 123.271 38.533 -8.735 121.576
3 0 38.100 -8.772 121.049 38.533 -8.735 121.576 36.438 -11.690 123.271
3 0 36.438 -11.690 123.271 35.986 -11.686 122.759 38.100 -8.772 121.049
3 0 37.543 -8.636 120.679 38.100 -8.772 121.049 35.986 -11.686 122.759
3 0 35.986 -11.686 122.759 35.423 -11.508 122.416 37.543 -8.636 120.679
3 0 37.543 -8.636 120.679 35.423 -11.508 122.416 35.372 -11.827 121.814
3 0 35.372 -11.827 121.814 37.529 -8.979 120.089 37.543 -8.636 120.679
3 0 37.529 -8.979 120.089 35.372 -11.827 121.814 35.099 -11.997 121.211
3 0 35.099 -11.997 121.211 37.288 -9.186 119.485 37.529 -8.979 120.089
3 0 37.288 -9.186 119.485 35.099 -11.997 121.211 34.647 -11.993 120.700
3 0 34.647 -11.993 120.700 36.855 -9.224 118.958 37.288 -9.186 119.485
3 0 36.855 -9.224 118.958 34.647 -11.993 120.700 34.084 -11.816 120.357
3 0 34.084 -11.816 120.357 36.297 -9.087 118.588 36.855 -9.224 118.958
3 0 36.297 -9.087 118.588 34.084 -11.816 120.357 33.496 -11.491 120.235
3 0 33.496 -11.491 120.235 35.699 -8.797 118.433 36.297 -9.087 118.588
3 0 35.699 -8.797 118.433 33.496 -11.491 120.235 32.972 -11.070 120.352
3 0 32.972 -11.070 120.352 35.152 -8.397 118.515 35.699 -8.797 118.433
3 0 35.152 -8.397 118.515 32.972 -11.070 120.352 32.592 -10.615 120.692
3 0 32.592 -10.615 120.692 34.738 -7.949 118.822 35.152 -8.397 118.515
3 0 34.738 -7.949 118.822 32.592 -10.615 120.692 32.414 -10.197 121.201
3 0 32.414 -10.197 121.201 34.522 -7.520 119.308 34.738 -7.949 118.822
3 0 34.522 -7.520 119.308 32.414 -10.197 121.201 32.464 -9.878 121.803
3 0 32.464 -9.878 121.803 34.535 -7.176 119.898 34.522 -7.520 119.308
3 0 34.535 -7.176 119.898 32.464 -9.878 121.803 32.737 -9.708 122.406
3 0 32.737 -9.708 122.406 34.777 -6.970 120.502 34.535 -7.176 119.898
3 0 34.777 -6.970 120.502 32.737 -9.708 122.406 33.189 -9.712 122.917
3 0 33.189 -9.712 122.917 35.209 -6.932 121.029 34.777 -6.970 120.502
3 0 35.209 -6.932 121.029 33.189 -9.712 122.917 33.752 -9.889 123.260
3 0 33.752 -9.889 123.260 35.767 -7.069 121.399 35.209 -6.932 121.029
3 0 41.877 -0.025 121.894 38.257 -6.166 125.580 38.271 -5.823 126.170
3 0 38.271 -5.823 126.170 41.857 0.339 122.471 41.877 -0.025 121.894
3 0 41.857 0.339 122.471 38.271 -5.823 126.170 38.512 -5.616 126.774
3 0 38.512 -5.616 126.774 42.071 0.578 123.074 41.857 0.339 122.471
3 0 42.071 0.578 123.074 38.512 -5.616 126.774 38.945 -5.579 127.302
3 0 38.945 -5.579 127.302 42.486 0.656 123.610 42.071 0.578 123.074
3 0 42.486 0.656 123.610 38.945 -5.579 127.302 39.503 -5.715 127.671
3 0 39.503 -5.715 127.671 43.040 0.561 123.999 42.486 0.656 123.610
3 0 43.040 0.561 123.999 39.503 -5.715 127.671 40.101 -6.006 127.826
3 0 40.101 -6.006 127.826 43.647 0.308 124.180 43.040 0.561 123.999
3 0 43.647 0.308 124.180 40.101 -6.006 127.826 40.648 -6.405 127.744
3 0 40.648 -6.405 127.744 44.216 -0.066 124.127 43.647 0.308 124.180
3 0 44.216 -0.066 124.127 40.648 -6.405 127.744 41.062 -6.854 127.437
3 0 41.062 -6.854 127.437 44.660 -0.503 123.847 44.216 -0.066 124.127
3 0 44.660 -0.503 123.847 41.062 -6.854 127.437 41.278 -7.282 126.951
3 0 41.278 -7.282 126.951 44.911 -0.937 123.383 44.660 -0.503 123.847
3 0 44.911 -0.937 123.383 41.278 -7.282 126.951 41.265 -7.626 126.361
3 0 41.265 -7.626 126.361 44.931 -1.301 122.805 44.911 -0.937 123.383
3 0 44.931 -1.301 122.805 41.265 -7.626 126.361 41.023 -7.832 125.757
3 0 41.023 -7.832 125.757 44.717 -1.540 122.203 44.931 -1.301 122.805
3 0 44.717 -1.540 122.203 41.023 -7.832 125.757 40.591 -7.870 125.230
3 0 40.591 -7.870 125.230 44.302 -1.619 121.666 44.717 -1.540 122.203
3 0 44.302 -1.619 121.666 40.591 -7.870 125.230 40.033 -7.733 124.861
3 0 40.033 -7.733 124.861 43.749 -1.524 121.278 44.302 -1.619 121.666
3 0 40.695 -0.248 120.366 40.715 -0.612 119.789 37.012 -6.618 123.489
3 0 37.012 -6.618 123.489 37.025 -6.274 124.079 40.695 -0.248 120.366
3 0 40.908 -0.009 120.969 40.695 -0.248 120.366 37.025 -6.274 124.079
3 0 37.025 -6.274 124.079 37.267 -6.068 124.683 40.908 -0.009 120.969
3 0 41.324 0.070 121.506 40.908 -0.009 120.969 37.267 -6.068 124.683
3 0 37.267 -6.068 124.683 37.699 -6.030 125.211 41.324 0.070 121.506
3 0 41.877 -0.025 121.894 41.324 0.070 121.506 37.699 -6.030 125.211
3 0 37.699 -6.030 125.211 38.257 -6.166 125.580 41.877 -0.025 121.894
3 0 43.769 -1.888 120.700 43.749 -1.524 121.278 40.033 -7.733 124.861
3 0 40.033 -7.733 124.861 40.019 -8.077 124.270 43.769 -1.888 120.700
3 0 43.555 -2.127 120.098 43.769 -1.888 120.700 40.019 -8.077 124.270
3 0 40.019 -8.077 124.270 39.778 -8.284 123.666 43.555 -2.127 120.098
3 0 43.139 -2.205 119.561 43.555 -2.127 120.098 39.778 -8.284 123.666
3 0 39.778 -8.284 123.666 39.345 -8.321 123.139 43.139 -2.205 119.561
3 0 42.586 -2.110 119.173 43.139 -2.205 119.561 39.345 -8.321 123.139
3 0 39.345 -8.321 123.139 38.787 -8.185 122.770 42.586 -2.110 119.173
3 0 39.532 -0.834 118.262 39.552 -1.199 117.685 35.767 -7.069 121.399
3 0 35.767 -7.069 121.399 35.781 -6.725 121.989 39.532 -0.834 118.262
3 0 39.746 -0.595 118.865 39.532 -0.834 118.262 35.781 -6.725 121.989
3 0 35.781 -6.725 121.989 36.022 -6.519 122.593 39.746 -0.595 118.865
3 0 40.162 -0.517 119.402 39.746 -0.595 118.865 36.022 -6.519 122.593
3 0 36.022 -6.519 122.593 36.455 -6.481 123.120 40.162 -0.517 119.402
3 0 40.715 -0.612 119.789 40.162 -0.517 119.402 36.455 -6.481 123.120
3 0 36.455 -6.481 123.120 37.012 -6.618 123.489 40.715 -0.612 119.789
3 0 42.606 -2.474 118.596 42.586 -2.110 119.173 38.787 -8.185 122.770
3 0 38.787 -8.185 122.770 38.774 -8.528 122.180 42.606 -2.474 118.596
3 0 42.392 -2.714 117.994 42.606 -2.474 118.596 38.774 -8.528 122.180
3 0 38.774 -8.528 122.180 38.533 -8.735 121.576 42.392 -2.714 117.994
3 0 41.977 -2.792 117.457 42.392 -2.714 117.994 38.533 -8.735 121.576
3 0 38.533 -8.735 121.576 38.100 -8.772 121.049 41.977 -2.792 117.457
3 0 41.424 -2.697 117.069 41.977 -2.792 117.457 38.100 -8.772 121.049
3 0 38.100 -8.772 121.049 37.543 -8.636 120.679 41.424 -2.697 117.069
3 0 41.424 -2.697 117.069 37.543 -8.636 120.679 37.529 -8.979 120.089
3 0 37.529 -8.979 120.089 41.444 -3.061 116.491 41.424 -2.697 117.069
3 0 41.444 -3.061 116.491 37.529 -8.979 120.089 37.288 -9.186 119.485
3 0 37.288 -9.186 119.485 41.230 -3.300 115.889 41.444 -3.061 116.491
3 0 41.230 -3.300 115.889 37.288 -9.186 119.485 36.855 -9.224 118.958
3 0 36.855 -9.224 118.958 40.815 -3.379 115.352 41.230 -3.300 115.889
3 0 40.815 -3.379 115.352 36.855 -9.224 118.958 36.297 -9.087 118.588
3 0 36.297 -9.087 118.588 40.261 -3.283 114.964 40.815 -3.379 115.352
3 0 40.261 -3.283 114.964 36.297 -9.087 118.588 35.699 -8.797 118.433
3 0 35.699 -8.797 118.433 39.653 -3.030 114.783 40.261 -3.283 114.964
3 0 39.653 -3.030 114.783 35.699 -8.797 118.433 35.152 -8.397 118.515
3 0 35.152 -8.397 118.515 39.085 -2.656 114.836 39.653 -3.030 114.783
3 0 39.085 -2.656 114.836 35.152 -8.397 118.515 34.738 -7.949 118.822
3 0 34.738 -7.949 118.822 38.641 -2.219 115.116 39.085 -2.656 114.836
3 0 38.641 -2.219 115.116 34.738 -7.949 118.822 34.522 -7.520 119.308
3 0 34.522 -7.520 119.308 38.390 -1.785 115.580 38.641 -2.219 115.116
3 0 38.390 -1.785 115.580 34.522 -7.520 119.308 34.535 -7.176 119.898
3 0 34.535 -7.176 119.898 38.370 -1.421 116.158 38.390 -1.785 115.580
3 0 38.370 -1.421 116.158 34.535 -7.176 119.898 34.777 -6.970 120.502
3 0 34.777 -6.970 120.502 38.584 -1.182 116.760 38.370 -1.421 116.158
3 0 38.584 -1.182 116.760 34.777 -6.970 120.502 35.209 -6.932 121.029
3 0 35.209 -6.932 121.029 38.999 -1.104 117.297 38.584 -1.182 116.760
3 0 38.999 -1.104 117.297 35.209 -6.932 121.029 35.767 -7.069 121.399
3 0 35.767 -7.069 121.399 39.552 -1.199 117.685 38.999 -1.104 117.297
3 0 45.284 6.160 118.091 41.877 -0.025 121.894 41.857 0.339 122.471
3 0 41.857 0.339 122.471 45.232 6.540 118.656 45.284 6.160 118.091
3 0 45.232 6.540 118.656 41.857 0.339 122.471 42.071 0.578 123.074
3 0 42.071 0.578 123.074 45.419 6.809 119.255 45.232 6.540 118.656
3 0 45.817 6.925 119.798 45.419 6.809 119.255 42.071 0.578 123.074
3 0 42.071 0.578 123.074 42.486 0.656 123.610 45.817 6.925 119.798
3 0 46.366 6.870 120.201 45.817 6.925 119.798 42.486 0.656 123.610
3 0 42.486 0.656 123.610 43.040 0.561 123.999 46.366 6.870 120.201
3 0 46.366 6.870 120.201 43.040 0.561 123.999 43.647 0.308 124.180
3 0 43.647 0.308 124.180 46.981 6.653 120.404 46.366 6.870 120.201
3 0 46.981 6.653 120.404 43.647 0.308 124.180 44.216 -0.066 124.127
3 0 44.216 -0.066 124.127 47.569 6.308 120.375 46.981 6.653 120.404
3 0 47.569 6.308 120.375 44.216 -0.066 124.127 44.660 -0.503 123.847
3 0 44.660 -0.503 123.847 48.040 5.886 120.119 47.569 6.308 120.375
3 0 48.040 5.886 120.119 44.660 -0.503 123.847 44.911 -0.937 123.383
3 0 44.911 -0.937 123.383 48.324 5.451 119.675 48.040 5.886 120.119
3 0 48.324 5.451 119.675 44.911 -0.937 123.383 44.931 -1.301 122.805
3 0 44.931 -1.301 122.805 48.376 5.071 119.110 48.324 5.451 119.675
3 0 48.376 5.071 119.110 44.931 -1.301 122.805 44.717 -1.540 122.203
3 0 44.717 -1.540 122.203 48.189 4.802 118.511 48.376 5.071 119.110
3 0 48.189 4.802 118.511 44.717 -1.540 122.203 44.302 -1.619 121.666
3 0 44.302 -1.619 121.666 47.791 4.686 117.968 48.189 4.802 118.511
3 0 47.791 4.686 117.968 44.302 -1.619 121.666 43.749 -1.524 121.278
3 0 43.749 -1.524 121.278 47.242 4.741 117.565 47.791 4.686 117.968
3 0 44.151 5.830 116.546 44.203 5.450 115.981 40.715 -0.612 119.789
3 0 40.715 -0.612 119.789 40.695 -0.248 120.366 44.151 5.830 116.546
3 0 44.338 6.099 117.145 44.151 5.830 116.546 40.695 -0.248 120.366
3 0 40.695 -0.248 120.366 40.908 -0.009 120.969 44.338 6.099 117.145
3 0 44.736 6.214 117.688 44.338 6.099 117.145 40.908 -0.009 120.969
3 0 40.908 -0.009 120.969 41.324 0.070 121.506 44.736 6.214 117.688
3 0 45.284 6.160 118.091 44.736 6.214 117.688 41.324 0.070 121.506
3 0 41.324 0.070 121.506 41.877 -0.025 121.894 45.284 6.160 118.091
3 0 47.295 4.360 117.000 47.242 4.741 117.565 43.749 -1.524 121.278
3 0 43.749 -1.524 121.278 43.769 -1.888 120.700 47.295 4.360 117.000
3 0 47.107 4.092 116.401 47.295 4.360 117.000 43.769 -1.888 120.700
3 0 43.769 -1.888 120.700 43.555 -2.127 120.098 47.107 4.092 116.401
3 0 46.709 3.976 115.858 47.107 4.092 116.401 43.555 -2.127 120.098
3 0 43.555 -2.127 120.098 43.139 -2.205 119.561 46.709 3.976 115.858
3 0 46.161 4.031 115.455 46.709 3.976 115.858 43.139 -2.205 119.561
3 0 43.139 -2.205 119.561 42.586 -2.110 119.173 46.161 4.031 115.455
3 0 43.069 5.120 114.437 43.122 4.740 113.872 39.552 -1.199 117.685
3 0 39.552 -1.199 117.685 39.532 -0.834 118.262 43.069 5.120 114.437
3 0 43.257 5.389 115.036 43.069 5.120 114.437 39.532 -0.834 118.262
3 0 39.532 -0.834 118.262 39.746 -0.595 118.865 43.257 5.389 115.036
3 0 43.655 5.504 115.579 43.257 5.389 115.036 39.746 -0.595 118.865
3 0 39.746 -0.595 118.865 40.162 -0.517 119.402 43.655 5.504 115.579
3 0 44.203 5.450 115.981 43.655 5.504 115.579 40.162 -0.517 119.402
3 0 40.162 -0.517 119.402 40.715 -0.612 119.789 44.203 5.450 115.981
3 0 46.213 3.651 114.891 46.161 4.031 115.455 42.586 -2.110 119.173
3 0 42.586 -2.110 119.173 42.606 -2.474 118.596 46.213 3.651 114.891
3 0 46.026 3.382 114.292 46.213 3.651 114.891 42.606 -2.474 118.596
3 0 42.606 -2.474 118.596 42.392 -2.714 117.994 46.026 3.382 114.292
3 0 45.628 3.266 113.749 46.026 3.382 114.292 42.392 -2.714 117.994
3 0 42.392 -2.714 117.994 41.977 -2.792 117.457 45.628 3.266 113.749
3 0 45.080 3.321 113.346 45.628 3.266 113.749 41.977 -2.792 117.457
3 0 41.977 -2.792 117.457 41.424 -2.697 117.069 45.080 3.321 113.346
3 0 45.080 3.321 113.346 41.424 -2.697 117.069 41.444 -3.061 116.491
3 0 41.444 -3.061 116.491 45.132 2.940 112.781 45.080 3.321 113.346
3 0 45.132 2.940 112.781 41.444 -3.061 116.491 41.230 -3.300 115.889
3 0 41.230 -3.300 115.889 44.945 2.672 112.181 45.132 2.940 112.781
3 0 44.945 2.672 112.181 41.230 -3.300 115.889 40.815 -3.379 115.352
3 0 40.815 -3.379 115.352 44.547 2.556 111.639 44.945 2.672 112.181
3 0 44.547 2.556 111.639 40.815 -3.379 115.352 40.261 -3.283 114.964
3 0 40.261 -3.283 114.964 43.998 2.610 111.236 44.547 2.556 111.639
3 0 43.998 2.610 111.236 40.261 -3.283 114.964 39.653 -3.030 114.783
3 0 39.653 -3.030 114.783 43.383 2.827 111.033 43.998 2.610 111.236
3 0 43.383 2.827 111.033 39.653 -3.030 114.783 39.085 -2.656 114.836
3 0 39.085 -2.656 114.836 42.795 3.173 111.062 43.383 2.827 111.033
3 0 42.795 3.173 111.062 39.085 -2.656 114.836 38.641 -2.219 115.116
3 0 38.641 -2.219 115.116 42.324 3.595 111.318 42.795 3.173 111.062
3 0 42.324 3.595 111.318 38.641 -2.219 115.116 38.390 -1.785 115.580
3 0 38.390 -1.785 115.580 42.040 4.029 111.762 42.324 3.595 111.318
3 0 42.040 4.029 111.762 38.390 -1.785 115.580 38.370 -1.421 116.158
3 0 38.370 -1.421 116.158 41.988 4.410 112.327 42.040 4.029 111.762
3 0 41.988 4.410 112.327 38.370 -1.421 116.158 38.584 -1.182 116.760
3 0 38.584 -1.182 116.760 42.175 4.678 112.926 41.988 4.410 112.327
3 0 42.175 4.678 112.926 38.584 -1.182 116.760 38.999 -1.104 117.297
3 0 38.999 -1.104 117.297 42.573 4.794 113.468 42.175 4.678 112.926
3 0 42.573 4.794 113.468 38.999 -1.104 117.297 39.552 -1.199 117.685
3 0 39.552 -1.199 117.685 43.122 4.740 113.872 42.573 4.794 113.468
3 0 48.430 12.764 114.746 48.503 12.374 114.190 45.284 6.160 118.091
3 0 45.284 6.160 118.091 45.232 6.540 118.656 48.430 12.764 114.746
3 0 48.599 13.052 115.342 48.430 12.764 114.746 45.232 6.540 118.656
3 0 45.232 6.540 118.656 45.419 6.809 119.255 48.599 13.052 115.342
3 0 48.986 13.196 115.886 48.599 13.052 115.342 45.419 6.809 119.255
3 0 45.419 6.809 119.255 45.817 6.925 119.798 48.986 13.196 115.886
3 0 49.532 13.172 116.295 48.986 13.196 115.886 45.817 6.925 119.798
3 0 45.817 6.925 119.798 46.366 6.870 120.201 49.532 13.172 116.295
3 0 50.153 12.985 116.509 49.532 13.172 116.295 46.366 6.870 120.201
3 0 46.366 6.870 120.201 46.981 6.653 120.404 50.153 12.985 116.509
3 0 50.755 12.664 116.493 50.153 12.985 116.509 46.981 6.653 120.404
3 0 46.981 6.653 120.404 47.569 6.308 120.375 50.755 12.664 116.493
3 0 51.247 12.256 116.251 50.755 12.664 116.493 47.569 6.308 120.375
3 0 47.569 6.308 120.375 48.040 5.886 120.119 51.247 12.256 116.251
3 0 51.552 11.824 115.819 51.247 12.256 116.251 48.040 5.886 120.119
3 0 48.040 5.886 120.119 48.324 5.451 119.675 51.552 11.824 115.819
3 0 51.626 11.435 115.263 51.552 11.824 115.819 48.324 5.451 119.675
3 0 48.324 5.451 119.675 48.376 5.071 119.110 51.626 11.435 115.263
3 0 51.456 11.146 114.668 51.626 11.435 115.263 48.376 5.071 119.110
3 0 48.376 5.071 119.110 48.189 4.802 118.511 51.456 11.146 114.668
3 0 51.069 11.003 114.124 51.456 11.146 114.668 48.189 4.802 118.511
3 0 48.189 4.802 118.511 47.791 4.686 117.968 51.069 11.003 114.124
3 0 50.524 11.026 113.714 51.069 11.003 114.124 47.791 4.686 117.968
3 0 47.791 4.686 117.968 47.242 4.741 117.565 50.524 11.026 113.714
3 0 44.151 5.830 116.546 47.401 11.966 112.641 47.475 11.576 112.085
3 0 47.475 11.576 112.085 44.203 5.450 115.981 44.151 5.830 116.546
3 0 44.338 6.099 117.145 47.571 12.254 113.236 47.401 11.966 112.641
3 0 47.401 11.966 112.641 44.151 5.830 116.546 44.338 6.099 117.145
3 0 44.736 6.214 117.688 47.958 12.398 113.780 47.571 12.254 113.236
3 0 47.571 12.254 113.236 44.338 6.099 117.145 44.736 6.214 117.688
3 0 45.284 6.160 118.091 48.503 12.374 114.190 47.958 12.398 113.780
3 0 47.958 12.398 113.780 44.736 6.214 117.688 45.284 6.160 118.091
3 0 47.295 4.360 117.000 50.597 10.636 113.158 50.524 11.026 113.714
3 0 50.524 11.026 113.714 47.242 4.741 117.565 47.295 4.360 117.000
3 0 47.107 4.092 116.401 50.428 10.348 112.563 50.597 10.636 113.158
3 0 50.597 10.636 113.158 47.295 4.360 117.000 47.107 4.092 116.401
3 0 46.709 3.976 115.858 50.041 10.205 112.019 50.428 10.348 112.563
3 0 50.428 10.348 112.563 47.107 4.092 116.401 46.709 3.976 115.858
3 0 46.161 4.031 115.455 49.495 10.228 111.609 50.041 10.205 112.019
3 0 50.041 10.205 112.019 46.709 3.976 115.858 46.161 4.031 115.455
3 0 43.069 5.120 114.437 46.373 11.168 110.537 46.446 10.778 109.981
3 0 46.446 10.778 109.981 43.122 4.740 113.872 43.069 5.120 114.437
3 0 43.257 5.389 115.036 46.542 11.456 111.132 46.373 11.168 110.537
3 0 46.373 11.168 110.537 43.069 5.120 114.437 43.257 5.389 115.036
3 0 43.655 5.504 115.579 46.929 11.600 111.676 46.542 11.456 111.132
3 0 46.542 11.456 111.132 43.257 5.389 115.036 43.655 5.504 115.579
3 0 44.203 5.450 115.981 47.475 11.576 112.085 46.929 11.600 111.676
3 0 46.929 11.600 111.676 43.655 5.504 115.579 44.203 5.450 115.981
3 0 46.213 3.651 114.891 49.569 9.839 111.054 49.495 10.228 111.609
3 0 49.495 10.228 111.609 46.161 4.031 115.455 46.213 3.651 114.891
3 0 46.026 3.382 114.292 49.399 9.550 110.458 49.569 9.839 111.054
3 0 49.569 9.839 111.054 46.213 3.651 114.891 46.026 3.382 114.292
3 0 45.628 3.266 113.749 49.012 9.407 109.914 49.399 9.550 110.458
3 0 49.399 9.550 110.458 46.026 3.382 114.292 45.628 3.266 113.749
3 0 45.080 3.321 113.346 48.467 9.430 109.505 49.012 9.407 109.914
3 0 49.012 9.407 109.914 45.628 3.266 113.749 45.080 3.321 113.346
3 0 48.540 9.040 108.949 48.467 9.430 109.505 45.080 3.321 113.346
3 0 45.080 3.321 113.346 45.132 2.940 112.781 48.540 9.040 108.949
3 0 48.371 8.752 108.353 48.540 9.040 108.949 45.132 2.940 112.781
3 0 45.132 2.940 112.781 44.945 2.672 112.181 48.371 8.752 108.353
3 0 47.983 8.609 107.809 48.371 8.752 108.353 44.945 2.672 112.181
3 0 44.945 2.672 112.181 44.547 2.556 111.639 47.983 8.609 107.809
3 0 47.438 8.632 107.400 47.983 8.609 107.809 44.547 2.556 111.639
3 0 44.547 2.556 111.639 43.998 2.610 111.236 47.438 8.632 107.400
3 0 46.817 8.819 107.186 47.438 8.632 107.400 43.998 2.610 111.236
3 0 43.998 2.610 111.236 43.383 2.827 111.033 46.817 8.819 107.186
3 0 46.215 9.141 107.202 46.817 8.819 107.186 43.383 2.827 111.033
3 0 43.383 2.827 111.033 42.795 3.173 111.062 46.215 9.141 107.202
3 0 45.723 9.548 107.444 46.215 9.141 107.202 42.795 3.173 111.062
3 0 42.795 3.173 111.062 42.324 3.595 111.318 45.723 9.548 107.444
3 0 45.418 9.980 107.876 45.723 9.548 107.444 42.324 3.595 111.318
3 0 42.324 3.595 111.318 42.040 4.029 111.762 45.418 9.980 107.876
3 0 45.344 10.370 108.432 45.418 9.980 107.876 42.040 4.029 111.762
3 0 42.040 4.029 111.762 41.988 4.410 112.327 45.344 10.370 108.432
3 0 45.513 10.658 109.027 45.344 10.370 108.432 41.988 4.410 112.327
3 0 41.988 4.410 112.327 42.175 4.678 112.926 45.513 10.658 109.027
3 0 45.901 10.802 109.571 45.513 10.658 109.027 42.175 4.678 112.926
3 0 42.175 4.678 112.926 42.573 4.794 113.468 45.901 10.802 109.571
3 0 46.446 10.778 109.981 45.901 10.802 109.571 42.573 4.794 113.468
3 0 42.573 4.794 113.468 43.122 4.740 113.872 46.446 10.778 109.981
3 0 51.458 19.015 110.763 51.548 18.620 110.213 48.503 12.374 114.190
3 0 48.503 12.374 114.190 48.430 12.764 114.746 51.458 19.015 110.763
3 0 51.616 19.318 111.354 51.458 19.015 110.763 48.430 12.764 114.746
3 0 48.430 12.764 114.746 48.599 13.052 115.342 51.616 19.318 111.354
3 0 51.995 19.484 111.897 51.616 19.318 111.354 48.599 13.052 115.342
3 0 48.599 13.052 115.342 48.986 13.196 115.886 51.995 19.484 111.897
3 0 52.540 19.486 112.309 51.995 19.484 111.897 48.986 13.196 115.886
3 0 48.986 13.196 115.886 49.532 13.172 116.295 52.540 19.486 112.309
3 0 53.166 19.324 112.528 52.540 19.486 112.309 49.532 13.172 116.295
3 0 49.532 13.172 116.295 50.153 12.985 116.509 53.166 19.324 112.528
3 0 53.779 19.024 112.519 53.166 19.324 112.528 50.153 12.985 116.509
3 0 50.153 12.985 116.509 50.755 12.664 116.493 53.779 19.024 112.519
3 0 54.286 18.630 112.284 53.779 19.024 112.519 50.755 12.664 116.493
3 0 50.755 12.664 116.493 51.247 12.256 116.251 54.286 18.630 112.284
3 0 54.608 18.203 111.860 54.286 18.630 112.284 51.247 12.256 116.251
3 0 51.247 12.256 116.251 51.552 11.824 115.819 54.608 18.203 111.860
3 0 54.698 17.808 111.310 54.608 18.203 111.860 51.552 11.824 115.819
3 0 51.552 11.824 115.819 51.626 11.435 115.263 54.698 17.808 111.310
3 0 54.541 17.505 110.719 54.698 17.808 111.310 51.626 11.435 115.263
3 0 51.626 11.435 115.263 51.456 11.146 114.668 54.541 17.505 110.719
3 0 54.161 17.340 110.176 54.541 17.505 110.719 51.456 11.146 114.668
3 0 51.456 11.146 114.668 51.069 11.003 114.124 54.161 17.340 110.176
3 0 53.617 17.338 109.764 54.161 17.340 110.176 51.069 11.003 114.124
3 0 51.069 11.003 114.124 50.524 11.026 113.714 53.617 17.338 109.764
3 0 47.401 11.966 112.641 50.467 18.149 108.667 50.556 17.754 108.117
3 0 50.556 17.754 108.117 47.475 11.576 112.085 47.401 11.966 112.641
3 0 47.571 12.254 113.236 50.624 18.453 109.258 50.467 18.149 108.667
3 0 50.467 18.149 108.667 47.401 11.966 112.641 47.571 12.254 113.236
3 0 47.958 12.398 113.780 51.003 18.618 109.801 50.624 18.453 109.258
3 0 50.624 18.453 109.258 47.571 12.254 113.236 47.958 12.398 113.780
3 0 48.503 12.374 114.190 51.548 18.620 110.213 51.003 18.618 109.801
3 0 51.003 18.618 109.801 47.958 12.398 113.780 48.503 12.374 114.190
3 0 50.597 10.636 113.158 53.706 16.942 109.214 53.617 17.338 109.764
3 0 53.617 17.338 109.764 50.524 11.026 113.714 50.597 10.636 113.158
3 0 50.428 10.348 112.563 53.549 16.639 108.623 53.706 16.942 109.214
3 0 53.706 16.942 109.214 50.597 10.636 113.158 50.428 10.348 112.563
3 0 50.041 10.205 112.019 53.170 16.474 108.080 53.549 16.639 108.623
3 0 53.549 16.639 108.623 50.428 10.348 112.563 50.041 10.205 112.019
3 0 49.495 10.228 111.609 52.625 16.472 107.668 53.170 16.474 108.080
3 0 53.170 16.474 108.080 50.041 10.205 112.019 49.495 10.228 111.609
3 0 46.373 11.168 110.537 49.475 17.284 106.572 49.565 16.889 106.022
3 0 49.565 16.889 106.022 46.446 10.778 109.981 46.373 11.168 110.537
3 0 46.542 11.456 111.132 49.633 17.587 107.163 49.475 17.284 106.572
3 0 49.475 17.284 106.572 46.373 11.168 110.537 46.542 11.456 111.132
3 0 46.929 11.600 111.676 50.012 17.752 107.706 49.633 17.587 107.163
3 0 49.633 17.587 107.163 46.542 11.456 111.132 46.929 11.600 111.676
3 0 47.475 11.576 112.085 50.556 17.754 108.117 50.012 17.752 107.706
3 0 50.012 17.752 107.706 46.929 11.600 111.676 47.475 11.576 112.085
3 0 49.569 9.839 111.054 52.715 16.077 107.119 52.625 16.472 107.668
3 0 52.625 16.472 107.668 49.495 10.228 111.609 49.569 9.839 111.054
3 0 49.399 9.550 110.458 52.558 15.774 106.528 52.715 16.077 107.119
3 0 52.715 16.077 107.119 49.569 9.839 111.054 49.399 9.550 110.458
3 0 49.012 9.407 109.914 52.178 15.608 105.985 52.558 15.774 106.528
3 0 52.558 15.774 106.528 49.399 9.550 110.458 49.012 9.407 109.914
3 0 48.467 9.430 109.505 51.634 15.606 105.573 52.178 15.608 105.985
3 0 52.178 15.608 105.985 49.012 9.407 109.914 48.467 9.430 109.505
3 0 51.723 15.211 105.023 51.634 15.606 105.573 48.467 9.430 109.505
3 0 48.467 9.430 109.505 48.540 9.040 108.949 51.723 15.211 105.023
3 0 51.566 14.908 104.432 51.723 15.211 105.023 48.540 9.040 108.949
3 0 48.540 9.040 108.949 48.371 8.752 108.353 51.566 14.908 104.432
3 0 51.187 14.743 103.889 51.566 14.908 104.432 48.371 8.752 108.353
3 0 48.371 8.752 108.353 47.983 8.609 107.809 51.187 14.743 103.889
3 0 50.642 14.741 103.477 51.187 14.743 103.889 47.983 8.609 107.809
3 0 47.983 8.609 107.809 47.438 8.632 107.400 50.642 14.741 103.477
3 0 50.015 14.902 103.258 50.642 14.741 103.477 47.438 8.632 107.400
3 0 47.438 8.632 107.400 46.817 8.819 107.186 50.015 14.902 103.258
3 0 49.402 15.202 103.267 50.015 14.902 103.258 46.817 8.819 107.186
3 0 46.817 8.819 107.186 46.215 9.141 107.202 49.402 15.202 103.267
3 0 48.896 15.596 103.502 49.402 15.202 103.267 46.215 9.141 107.202
3 0 46.215 9.141 107.202 45.723 9.548 107.444 48.896 15.596 103.502
3 0 48.573 16.023 103.926 48.896 15.596 103.502 45.723 9.548 107.444
3 0 45.723 9.548 107.444 45.418 9.980 107.876 48.573 16.023 103.926
3 0 48.484 16.418 104.476 48.573 16.023 103.926 45.418 9.980 107.876
3 0 45.418 9.980 107.876 45.344 10.370 108.432 48.484 16.418 104.476
3 0 48.641 16.721 105.067 48.484 16.418 104.476 45.344 10.370 108.432
3 0 45.344 10.370 108.432 45.513 10.658 109.027 48.641 16.721 105.067
3 0 49.020 16.887 105.610 48.641 16.721 105.067 45.513 10.658 109.027
3 0 45.513 10.658 109.027 45.901 10.802 109.571 49.020 16.887 105.610
3 0 49.565 16.889 106.022 49.020 16.887 105.610 45.901 10.802 109.571
3 0 45.901 10.802 109.571 46.446 10.778 109.981 49.565 16.889 106.022
3 0 54.291 25.305 106.705 54.392 24.906 106.159 51.548 18.620 110.213
3 0 51.548 18.620 110.213 51.458 19.015 110.763 54.291 25.305 106.705
3 0 54.438 25.620 107.292 54.291 25.305 106.705 51.458 19.015 110.763
3 0 51.458 19.015 110.763 51.616 19.318 111.354 54.438 25.620 107.292
3 0 54.813 25.804 107.833 54.438 25.620 107.292 51.616 19.318 111.354
3 0 51.616 19.318 111.354 51.995 19.484 111.897 54.813 25.804 107.833
3 0 55.358 25.828 108.244 54.813 25.804 107.833 51.995 19.484 111.897
3 0 51.995 19.484 111.897 52.540 19.486 112.309 55.358 25.828 108.244
3 0 55.990 25.690 108.463 55.358 25.828 108.244 52.540 19.486 112.309
3 0 52.540 19.486 112.309 53.166 19.324 112.528 55.990 25.690 108.463
3 0 56.612 25.409 108.456 55.990 25.690 108.463 53.166 19.324 112.528
3 0 53.166 19.324 112.528 53.779 19.024 112.519 56.612 25.409 108.456
3 0 57.131 25.030 108.226 56.612 25.409 108.456 53.779 19.024 112.519
3 0 53.779 19.024 112.519 54.286 18.630 112.284 57.131 25.030 108.226
3 0 57.467 24.609 107.806 57.131 25.030 108.226 54.286 18.630 112.284
3 0 54.286 18.630 112.284 54.608 18.203 111.860 57.467 24.609 107.806
3 0 57.568 24.211 107.261 57.467 24.609 107.806 54.608 18.203 111.860
3 0 54.608 18.203 111.860 54.698 17.808 111.310 57.568 24.211 107.261
3 0 57.421 23.896 106.673 57.568 24.211 107.261 54.698 17.808 111.310
3 0 54.698 17.808 111.310 54.541 17.505 110.719 57.421 23.896 106.673
3 0 57.046 23.712 106.133 57.421 23.896 106.673 54.541 17.505 110.719
3 0 54.541 17.505 110.719 54.161 17.340 110.176 57.046 23.712 106.133
3 0 56.501 23.687 105.721 57.046 23.712 106.133 54.161 17.340 110.176
3 0 54.161 17.340 110.176 53.617 17.338 109.764 56.501 23.687 105.721
3 0 50.467 18.149 108.667 53.325 24.383 104.620 53.427 23.985 104.075
3 0 53.427 23.985 104.075 50.556 17.754 108.117 50.467 18.149 108.667
3 0 50.624 18.453 109.258 53.473 24.698 105.208 53.325 24.383 104.620
3 0 53.325 24.383 104.620 50.467 18.149 108.667 50.624 18.453 109.258
3 0 51.003 18.618 109.801 53.848 24.882 105.748 53.473 24.698 105.208
3 0 53.473 24.698 105.208 50.624 18.453 109.258 51.003 18.618 109.801
3 0 51.548 18.620 110.213 54.392 24.906 106.159 53.848 24.882 105.748
3 0 53.848 24.882 105.748 51.003 18.618 109.801 51.548 18.620 110.213
3 0 53.706 16.942 109.214 56.603 23.289 105.176 56.501 23.687 105.721
3 0 56.501 23.687 105.721 53.617 17.338 109.764 53.706 16.942 109.214
3 0 53.549 16.639 108.623 56.455 22.974 104.589 56.603 23.289 105.176
3 0 56.603 23.289 105.176 53.706 16.942 109.214 53.549 16.639 108.623
3 0 53.170 16.474 108.080 56.080 22.790 104.048 56.455 22.974 104.589
3 0 56.455 22.974 104.589 53.549 16.639 108.623 53.170 16.474 108.080
3 0 52.625 16.472 107.668 55.536 22.765 103.637 56.080 22.790 104.048
3 0 56.080 22.790 104.048 53.170 16.474 108.080 52.625 16.472 107.668
3 0 49.475 17.284 106.572 52.360 23.462 102.537 52.462 23.063 101.991
3 0 52.462 23.063 101.991 49.565 16.889 106.022 49.475 17.284 106.572
3 0 49.633 17.587 107.163 52.508 23.777 103.124 52.360 23.462 102.537
3 0 52.360 23.462 102.537 49.475 17.284 106.572 49.633 17.587 107.163
3 0 50.012 17.752 107.706 52.882 23.960 103.665 52.508 23.777 103.124
3 0 52.508 23.777 103.124 49.633 17.587 107.163 50.012 17.752 107.706
3 0 50.556 17.754 108.117 53.427 23.985 104.075 52.882 23.960 103.665
3 0 52.882 23.960 103.665 50.012 17.752 107.706 50.556 17.754 108.117
3 0 52.715 16.077 107.119 55.638 22.367 103.093 55.536 22.765 103.637
3 0 55.536 22.765 103.637 52.625 16.472 107.668 52.715 16.077 107.119
3 0 52.558 15.774 106.528 55.490 22.052 102.505 55.638 22.367 103.093
3 0 55.638 22.367 103.093 52.715 16.077 107.119 52.558 15.774 106.528
3 0 52.178 15.608 105.985 55.115 21.868 101.964 55.490 22.052 102.505
3 0 55.490 22.052 102.505 52.558 15.774 106.528 52.178 15.608 105.985
3 0 51.634 15.606 105.573 54.570 21.844 101.553 55.115 21.868 101.964
3 0 55.115 21.868 101.964 52.178 15.608 105.985 51.634 15.606 105.573
3 0 54.672 21.445 101.008 54.570 21.844 101.553 51.634 15.606 105.573
3 0 51.634 15.606 105.573 51.723 15.211 105.023 54.672 21.445 101.008
3 0 54.524 21.130 100.421 54.672 21.445 101.008 51.723 15.211 105.023
3 0 51.723 15.211 105.023 51.566 14.908 104.432 54.524 21.130 100.421
3 0 54.150 20.947 99.880 54.524 21.130 100.421 51.566 14.908 104.432
3 0 51.566 14.908 104.432 51.187 14.743 103.889 54.150 20.947 99.880
3 0 53.605 20.922 99.469 54.150 20.947 99.880 51.187 14.743 103.889
3 0 51.187 14.743 103.889 50.642 14.741 103.477 53.605 20.922 99.469
3 0 52.973 21.061 99.250 53.605 20.922 99.469 50.642 14.741 103.477
3 0 50.642 14.741 103.477 50.015 14.902 103.258 52.973 21.061 99.250
3 0 52.351 21.341 99.256 52.973 21.061 99.250 50.015 14.902 103.258
3 0 50.015 14.902 103.258 49.402 15.202 103.267 52.351 21.341 99.256
3 0 51.832 21.720 99.487 52.351 21.341 99.256 49.402 15.202 103.267
3 0 49.402 15.202 103.267 48.896 15.596 103.502 51.832 21.720 99.487
3 0 51.496 22.141 99.907 51.832 21.720 99.487 48.896 15.596 103.502
3 0 48.896 15.596 103.502 48.573 16.023 103.926 51.496 22.141 99.907
3 0 51.394 22.540 100.452 51.496 22.141 99.907 48.573 16.023 103.926
3 0 48.573 16.023 103.926 48.484 16.418 104.476 51.394 22.540 100.452
3 0 51.542 22.855 101.040 51.394 22.540 100.452 48.484 16.418 104.476
3 0 48.484 16.418 104.476 48.641 16.721 105.067 51.542 22.855 101.040
3 0 51.917 23.039 101.580 51.542 22.855 101.040 48.641 16.721 105.067
3 0 48.641 16.721 105.067 49.020 16.887 105.610 51.917 23.039 101.580
3 0 52.462 23.063 101.991 51.917 23.039 101.580 49.020 16.887 105.610
3 0 49.020 16.887 105.610 49.565 16.889 106.022 52.462 23.063 101.991
3 0 56.929 31.631 102.582 57.041 31.231 102.040 54.392 24.906 106.159
3 0 54.392 24.906 106.159 54.291 25.305 106.705 56.929 31.631 102.582
3 0 57.070 31.956 103.166 56.929 31.631 102.582 54.291 25.305 106.705
3 0 54.291 25.305 106.705 54.438 25.620 107.292 57.070 31.956 103.166
3 0 57.441 32.156 103.703 57.070 31.956 103.166 54.438 25.620 107.292
3 0 54.438 25.620 107.292 54.813 25.804 107.833 57.441 32.156 103.703
3 0 57.987 32.201 104.111 57.441 32.156 103.703 54.813 25.804 107.833
3 0 54.813 25.804 107.833 55.358 25.828 108.244 57.987 32.201 104.111
3 0 58.624 32.084 104.328 57.987 32.201 104.111 55.358 25.828 108.244
3 0 55.358 25.828 108.244 55.990 25.690 108.463 58.624 32.084 104.328
3 0 59.255 31.823 104.321 58.624 32.084 104.328 55.990 25.690 108.463
3 0 55.990 25.690 108.463 56.612 25.409 108.456 59.255 31.823 104.321
3 0 59.784 31.458 104.092 59.255 31.823 104.321 56.612 25.409 108.456
3 0 56.612 25.409 108.456 57.131 25.030 108.226 59.784 31.458 104.092
3 0 60.130 31.043 103.674 59.784 31.458 104.092 57.131 25.030 108.226
3 0 57.131 25.030 108.226 57.467 24.609 107.806 60.130 31.043 103.674
3 0 60.242 30.644 103.132 60.130 31.043 103.674 57.467 24.609 107.806
3 0 57.467 24.609 107.806 57.568 24.211 107.261 60.242 30.644 103.132
3 0 60.101 30.319 102.548 60.242 30.644 103.132 57.568 24.211 107.261
3 0 57.568 24.211 107.261 57.421 23.896 106.673 60.101 30.319 102.548
3 0 59.730 30.119 102.011 60.101 30.319 102.548 57.421 23.896 106.673
3 0 57.421 23.896 106.673 57.046 23.712 106.133 59.730 30.119 102.011
3 0 59.184 30.074 101.603 59.730 30.119 102.011 57.046 23.712 106.133
3 0 57.046 23.712 106.133 56.501 23.687 105.721 59.184 30.074 101.603
3 0 53.325 24.383 104.620 55.984 30.661 100.510 56.095 30.261 99.968
3 0 56.095 30.261 99.968 53.427 23.985 104.075 53.325 24.383 104.620
3 0 53.473 24.698 105.208 56.124 30.986 101.094 55.984 30.661 100.510
3 0 55.984 30.661 100.510 53.325 24.383 104.620 53.473 24.698 105.208
3 0 53.848 24.882 105.748 56.495 31.186 101.631 56.124 30.986 101.094
3 0 56.124 30.986 101.094 53.473 24.698 105.208 53.848 24.882 105.748
3 0 54.392 24.906 106.159 57.041 31.231 102.040 56.495 31.186 101.631
3 0 56.495 31.186 101.631 53.848 24.882 105.748 54.392 24.906 106.159
3 0 56.603 23.289 105.176 59.296 29.674 101.060 59.184 30.074 101.603
3 0 59.184 30.074 101.603 56.501 23.687 105.721 56.603 23.289 105.176
3 0 56.455 22.974 104.589 59.155 29.349 100.476 59.296 29.674 101.060
3 0 59.296 29.674 101.060 56.603 23.289 105.176 56.455 22.974 104.589
3 0 56.080 22.790 104.048 58.784 29.149 99.939 59.155 29.349 100.476
3 0 59.155 29.349 100.476 56.455 22.974 104.589 56.080 22.790 104.048
3 0 55.536 22.765 103.637 58.239 29.104 99.531 58.784 29.149 99.939
3 0 58.784 29.149 99.939 56.080 22.790 104.048 55.536 22.765 103.637
3 0 52.360 23.462 102.537 55.038 29.692 98.439 55.150 29.292 97.897
3 0 55.150 29.292 97.897 52.462 23.063 101.991 52.360 23.462 102.537
3 0 52.508 23.777 103.124 55.179 30.016 99.023 55.038 29.692 98.439
3 0 55.038 29.692 98.439 52.360 23.462 102.537 52.508 23.777 103.124
3 0 52.882 23.960 103.665 55.550 30.217 99.560 55.179 30.016 99.023
3 0 55.179 30.016 99.023 52.508 23.777 103.124 52.882 23.960 103.665
3 0 53.427 23.985 104.075 56.095 30.261 99.968 55.550 30.217 99.560
3 0 55.550 30.217 99.560 52.882 23.960 103.665 53.427 23.985 104.075
3 0 55.638 22.367 103.093 58.350 28.704 98.989 58.239 29.104 99.531
3 0 58.239 29.104 99.531 55.536 22.765 103.637 55.638 22.367 103.093
3 0 55.490 22.052 102.505 58.210 28.379 98.405 58.350 28.704 98.989
3 0 58.350 28.704 98.989 55.638 22.367 103.093 55.490 22.052 102.505
3 0 55.115 21.868 101.964 57.839 28.179 97.868 58.210 28.379 98.405
3 0 58.210 28.379 98.405 55.490 22.052 102.505 55.115 21.868 101.964
3 0 54.570 21.844 101.553 57.293 28.134 97.460 57.839 28.179 97.868
3 0 57.839 28.179 97.868 55.115 21.868 101.964 54.570 21.844 101.553
3 0 57.405 27.734 96.918 57.293 28.134 97.460 54.570 21.844 101.553
3 0 54.570 21.844 101.553 54.672 21.445 101.008 57.405 27.734 96.918
3 0 57.264 27.409 96.334 57.405 27.734 96.918 54.672 21.445 101.008
3 0 54.672 21.445 101.008 54.524 21.130 100.421 57.264 27.409 96.334
3 0 56.893 27.209 95.797 57.264 27.409 96.334 54.524 21.130 100.421
3 0 54.524 21.130 100.421 54.150 20.947 99.880 56.893 27.209 95.797
3 0 56.347 27.164 95.389 56.893 27.209 95.797 54.150 20.947 99.880
3 0 54.150 20.947 99.880 53.605 20.922 99.469 56.347 27.164 95.389
3 0 55.710 27.281 95.171 56.347 27.164 95.389 53.605 20.922 99.469
3 0 53.605 20.922 99.469 52.973 21.061 99.250 55.710 27.281 95.171
3 0 55.080 27.542 95.178 55.710 27.281 95.171 52.973 21.061 99.250
3 0 52.973 21.061 99.250 52.351 21.341 99.256 55.080 27.542 95.178
3 0 54.550 27.908 95.408 55.080 27.542 95.178 52.351 21.341 99.256
3 0 52.351 21.341 99.256 51.832 21.720 99.487 54.550 27.908 95.408
3 0 54.204 28.322 95.826 54.550 27.908 95.408 51.832 21.720 99.487
3 0 51.832 21.720 99.487 51.496 22.141 99.907 54.204 28.322 95.826
3 0 54.092 28.722 96.368 54.204 28.322 95.826 51.496 22.141 99.907
3 0 51.496 22.141 99.907 51.394 22.540 100.452 54.092 28.722 96.368
3 0 54.233 29.047 96.952 54.092 28.722 96.368 51.394 22.540 100.452
3 0 51.394 22.540 100.452 51.542 22.855 101.040 54.233 29.047 96.952
3 0 54.604 29.247 97.489 54.233 29.047 96.952 51.542 22.855 101.040
3 0 51.542 22.855 101.040 51.917 23.039 101.580 54.604 29.247 97.489
3 0 55.150 29.292 97.897 54.604 29.247 97.489 51.917 23.039 101.580
3 0 51.917 23.039 101.580 52.462 23.063 101.991 55.150 29.292 97.897
3 0 59.354 37.998 98.395 59.474 37.597 97.855 57.041 31.231 102.040
3 0 57.041 31.231 102.040 56.929 31.631 102.582 59.354 37.998 98.395
3 0 59.489 38.331 98.976 59.354 37.998 98.395 56.929 31.631 102.582
3 0 56.929 31.631 102.582 57.070 31.956 103.166 59.489 38.331 98.976
3 0 59.858 38.546 99.509 59.489 38.331 98.976 57.070 31.956 103.166
3 0 57.070 31.956 103.166 57.441 32.156 103.703 59.858 38.546 99.509
3 0 60.405 38.611 99.912 59.858 38.546 99.509 57.441 32.156 103.703
3 0 57.441 32.156 103.703 57.987 32.201 104.111 60.405 38.611 99.912
3 0 61.047 38.515 100.125 60.405 38.611 99.912 57.987 32.201 104.111
3 0 57.987 32.201 104.111 58.624 32.084 104.328 61.047 38.515 100.125
3 0 61.685 38.274 100.116 61.047 38.515 100.125 58.624 32.084 104.328
3 0 58.624 32.084 104.328 59.255 31.823 104.321 61.685 38.274 100.116
3 0 62.224 37.923 99.885 61.685 38.274 100.116 59.255 31.823 104.321
3 0 59.255 31.823 104.321 59.784 31.458 104.092 62.224 37.923 99.885
3 0 62.580 37.517 99.467 62.224 37.923 99.885 59.784 31.458 104.092
3 0 59.784 31.458 104.092 60.130 31.043 103.674 62.580 37.517 99.467
3 0 62.699 37.116 98.927 62.580 37.517 99.467 60.130 31.043 103.674
3 0 60.130 31.043 103.674 60.242 30.644 103.132 62.699 37.116 98.927
3 0 62.565 36.783 98.346 62.699 37.116 98.927 60.242 30.644 103.132
3 0 60.242 30.644 103.132 60.101 30.319 102.548 62.565 36.783 98.346
3 0 62.196 36.568 97.814 62.565 36.783 98.346 60.101 30.319 102.548
3 0 60.101 30.319 102.548 59.730 30.119 102.011 62.196 36.568 97.814
3 0 61.649 36.503 97.410 62.196 36.568 97.814 59.730 30.119 102.011
3 0 59.730 30.119 102.011 59.184 30.074 101.603 61.649 36.503 97.410
3 0 55.984 30.661 100.510 58.423 36.984 96.338 58.543 36.583 95.798
3 0 58.543 36.583 95.798 56.095 30.261 99.968 55.984 30.661 100.510
3 0 56.124 30.986 101.094 58.558 37.317 96.919 58.423 36.984 96.338
3 0 58.423 36.984 96.338 55.984 30.661 100.510 56.124 30.986 101.094
3 0 56.495 31.186 101.631 58.927 37.532 97.451 58.558 37.317 96.919
3 0 58.558 37.317 96.919 56.124 30.986 101.094 56.495 31.186 101.631
3 0 57.041 31.231 102.040 59.474 37.597 97.855 58.927 37.532 97.451
3 0 58.927 37.532 97.451 56.495 31.186 101.631 57.041 31.231 102.040
3 0 59.296 29.674 101.060 61.768 36.103 96.870 61.649 36.503 97.410
3 0 61.649 36.503 97.410 59.184 30.074 101.603 59.296 29.674 101.060
3 0 59.155 29.349 100.476 61.634 35.769 96.289 61.768 36.103 96.870
3 0 61.768 36.103 96.870 59.296 29.674 101.060 59.155 29.349 100.476
3 0 58.784 29.149 99.939 61.265 35.554 95.757 61.634 35.769 96.289
3 0 61.634 35.769 96.289 59.155 29.349 100.476 58.784 29.149 99.939
3 0 58.239 29.104 99.531 60.718 35.489 95.353 61.265 35.554 95.757
3 0 61.265 35.554 95.757 58.784 29.149 99.939 58.239 29.104 99.531
3 0 55.038 29.692 98.439 57.493 35.970 94.282 57.612 35.570 93.742
3 0 57.612 35.570 93.742 55.150 29.292 97.897 55.038 29.692 98.439
3 0 55.179 30.016 99.023 57.627 36.303 94.862 57.493 35.970 94.282
3 0 57.493 35.970 94.282 55.038 29.692 98.439 55.179 30.016 99.023
3 0 55.550 30.217 99.560 57.996 36.519 95.395 57.627 36.303 94.862
3 0 57.627 36.303 94.862 55.179 30.016 99.023 55.550 30.217 99.560
3 0 56.095 30.261 99.968 58.543 36.583 95.798 57.996 36.519 95.395
3 0 57.996 36.519 95.395 55.550 30.217 99.560 56.095 30.261 99.968
3 0 58.350 28.704 98.989 60.838 35.089 94.813 60.718 35.489 95.353
3 0 60.718 35.489 95.353 58.239 29.104 99.531 58.350 28.704 98.989
3 0 58.210 28.379 98.405 60.703 34.756 94.233 60.838 35.089 94.813
3 0 60.838 35.089 94.813 58.350 28.704 98.989 58.210 28.379 98.405
3 0 57.839 28.179 97.868 60.334 34.540 93.700 60.703 34.756 94.233
3 0 60.703 34.756 94.233 58.210 28.379 98.405 57.839 28.179 97.868
3 0 57.293 28.134 97.460 59.787 34.476 93.296 60.334 34.540 93.700
3 0 60.334 34.540 93.700 57.839 28.179 97.868 57.293 28.134 97.460
3 0 59.907 34.075 92.756 59.787 34.476 93.296 57.293 28.134 97.460
3 0 57.293 28.134 97.460 57.405 27.734 96.918 59.907 34.075 92.756
3 0 59.772 33.742 92.176 59.907 34.075 92.756 57.405 27.734 96.918
3 0 57.405 27.734 96.918 57.264 27.409 96.334 59.772 33.742 92.176
3 0 59.403 33.527 91.643 59.772 33.742 92.176 57.264 27.409 96.334
3 0 57.264 27.409 96.334 56.893 27.209 95.797 59.403 33.527 91.643
3 0 58.856 33.462 91.239 59.403 33.527 91.643 56.893 27.209 95.797
3 0 56.893 27.209 95.797 56.347 27.164 95.389 58.856 33.462 91.239
3 0 58.214 33.557 91.026 58.856 33.462 91.239 56.347 27.164 95.389
3 0 56.347 27.164 95.389 55.710 27.281 95.171 58.214 33.557 91.026
3 0 57.576 33.799 91.036 58.214 33.557 91.026 55.710 27.281 95.171
3 0 55.710 27.281 95.171 55.080 27.542 95.178 57.576 33.799 91.036
3 0 57.037 34.150 91.267 57.576 33.799 91.036 55.080 27.542 95.178
3 0 55.080 27.542 95.178 54.550 27.908 95.408 57.037 34.150 91.267
3 0 56.681 34.556 91.684 57.037 34.150 91.267 54.550 27.908 95.408
3 0 54.550 27.908 95.408 54.204 28.322 95.826 56.681 34.556 91.684
3 0 56.561 34.956 92.225 56.681 34.556 91.684 54.204 28.322 95.826
3 0 54.204 28.322 95.826 54.092 28.722 96.368 56.561 34.956 92.225
3 0 56.696 35.290 92.805 56.561 34.956 92.225 54.092 28.722 96.368
3 0 54.092 28.722 96.368 54.233 29.047 96.952 56.696 35.290 92.805
3 0 57.065 35.505 93.338 56.696 35.290 92.805 54.233 29.047 96.952
3 0 54.233 29.047 96.952 54.604 29.247 97.489 57.065 35.505 93.338
3 0 57.612 35.570 93.742 57.065 35.505 93.338 54.604 29.247 97.489
3 0 54.604 29.247 97.489 55.150 29.292 97.897 57.612 35.570 93.742
3 0 61.551 44.404 94.150 61.678 44.004 93.611 59.474 37.597 97.855
3 0 59.474 37.597 97.855 59.354 37.998 98.395 61.551 44.404 94.150
3 0 61.681 44.744 94.727 61.551 44.404 94.150 59.354 37.998 98.395
3 0 59.354 37.998 98.395 59.489 38.331 98.976 61.681 44.744 94.727
3 0 62.048 44.975 95.255 61.681 44.744 94.727 59.489 38.331 98.976
3 0 59.489 38.331 98.976 59.858 38.546 99.509 62.048 44.975 95.255
3 0 62.597 45.059 95.653 62.048 44.975 95.255 59.858 38.546 99.509
3 0 59.858 38.546 99.509 60.405 38.611 99.912 62.597 45.059 95.653
3 0 63.243 44.985 95.860 62.597 45.059 95.653 60.405 38.611 99.912
3 0 60.405 38.611 99.912 61.047 38.515 100.125 63.243 44.985 95.860
3 0 63.889 44.763 95.845 63.243 44.985 95.860 61.047 38.515 100.125
3 0 61.047 38.515 100.125 61.685 38.274 100.116 63.889 44.763 95.845
3 0 64.436 44.428 95.611 63.889 44.763 95.845 61.685 38.274 100.116
3 0 61.685 38.274 100.116 62.224 37.923 99.885 64.436 44.428 95.611
3 0 64.800 44.031 95.193 64.436 44.428 95.611 62.224 37.923 99.885
3 0 62.224 37.923 99.885 62.580 37.517 99.467 64.800 44.031 95.193
3 0 64.927 43.631 94.654 64.800 44.031 95.193 62.580 37.517 99.467
3 0 62.580 37.517 99.467 62.699 37.116 98.927 64.927 43.631 94.654
3 0 64.797 43.290 94.077 64.927 43.631 94.654 62.699 37.116 98.927
3 0 62.699 37.116 98.927 62.565 36.783 98.346 64.797 43.290 94.077
3 0 64.430 43.060 93.549 64.797 43.290 94.077 62.565 36.783 98.346
3 0 62.565 36.783 98.346 62.196 36.568 97.814 64.430 43.060 93.549
3 0 63.882 42.975 93.151 64.430 43.060 93.549 62.196 36.568 97.814
3 0 62.196 36.568 97.814 61.649 36.503 97.410 63.882 42.975 93.151
3 0 58.423 36.984 96.338 60.633 43.348 92.108 60.760 42.949 91.569
3 0 60.760 42.949 91.569 58.543 36.583 95.798 58.423 36.984 96.338
3 0 58.558 37.317 96.919 60.763 43.689 92.685 60.633 43.348 92.108
3 0 60.633 43.348 92.108 58.423 36.984 96.338 58.558 37.317 96.919
3 0 58.927 37.532 97.451 61.130 43.919 93.213 60.763 43.689 92.685
3 0 60.763 43.689 92.685 58.558 37.317 96.919 58.927 37.532 97.451
3 0 59.474 37.597 97.855 61.678 44.004 93.611 61.130 43.919 93.213
3 0 61.130 43.919 93.213 58.927 37.532 97.451 59.474 37.597 97.855
3 0 61.768 36.103 96.870 64.009 42.576 92.612 63.882 42.975 93.151
3 0 63.882 42.975 93.151 61.649 36.503 97.410 61.768 36.103 96.870
3 0 61.634 35.769 96.289 63.879 42.235 92.035 64.009 42.576 92.612
3 0 64.009 42.576 92.612 61.768 36.103 96.870 61.634 35.769 96.289
3 0 61.265 35.554 95.757 63.512 42.004 91.507 63.879 42.235 92.035
3 0 63.879 42.235 92.035 61.634 35.769 96.289 61.265 35.554 95.757
3 0 60.718 35.489 95.353 62.963 41.920 91.109 63.512 42.004 91.507
3 0 63.512 42.004 91.507 61.265 35.554 95.757 60.718 35.489 95.353
3 0 57.493 35.970 94.282 59.714 42.293 90.067 59.841 41.894 89.528
3 0 59.841 41.894 89.528 57.612 35.570 93.742 57.493 35.970 94.282
3 0 57.627 36.303 94.862 59.844 42.634 90.644 59.714 42.293 90.067
3 0 59.714 42.293 90.067 57.493 35.970 94.282 57.627 36.303 94.862
3 0 57.996 36.519 95.395 60.211 42.864 91.172 59.844 42.634 90.644
3 0 59.844 42.634 90.644 57.627 36.303 94.862 57.996 36.519 95.395
3 0 58.543 36.583 95.798 60.760 42.949 91.569 60.211 42.864 91.172
3 0 60.211 42.864 91.172 57.996 36.519 95.395 58.543 36.583 95.798
3 0 60.838 35.089 94.813 63.091 41.521 90.571 62.963 41.920 91.109
3 0 62.963 41.920 91.109 60.718 35.489 95.353 60.838 35.089 94.813
3 0 60.703 34.756 94.233 62.961 41.180 89.994 63.091 41.521 90.571
3 0 63.091 41.521 90.571 60.838 35.089 94.813 60.703 34.756 94.233
3 0 60.334 34.540 93.700 62.593 40.950 89.466 62.961 41.180 89.994
3 0 62.961 41.180 89.994 60.703 34.756 94.233 60.334 34.540 93.700
3 0 59.787 34.476 93.296 62.045 40.865 89.068 62.593 40.950 89.466
3 0 62.593 40.950 89.466 60.334 34.540 93.700 59.787 34.476 93.296
3 0 62.172 40.465 88.529 62.045 40.865 89.068 59.787 34.476 93.296
3 0 59.787 34.476 93.296 59.907 34.075 92.756 62.172 40.465 88.529
3 0 62.042 40.124 87.952 62.172 40.465 88.529 59.907 34.075 92.756
3 0 59.907 34.075 92.756 59.772 33.742 92.176 62.042 40.124 87.952
3 0 61.675 39.894 87.424 62.042 40.124 87.952 59.772 33.742 92.176
3 0 59.772 33.742 92.176 59.403 33.527 91.643 61.675 39.894 87.424
3 0 61.126 39.810 87.026 61.675 39.894 87.424 59.403 33.527 91.643
3 0 59.403 33.527 91.643 58.856 33.462 91.239 61.126 39.810 87.026
3 0 60.480 39.884 86.819 61.126 39.810 87.026 58.856 33.462 91.239
3 0 58.856 33.462 91.239 58.214 33.557 91.026 60.480 39.884 86.819
3 0 59.834 40.106 86.833 60.480 39.884 86.819 58.214 33.557 91.026
3 0 58.214 33.557 91.026 57.576 33.799 91.036 59.834 40.106 86.833
3 0 59.287 40.441 87.068 59.834 40.106 86.833 57.576 33.799 91.036
3 0 57.576 33.799 91.036 57.037 34.150 91.267 59.287 40.441 87.068
3 0 58.923 40.838 87.486 59.287 40.441 87.068 57.037 34.150 91.267
3 0 57.037 34.150 91.267 56.681 34.556 91.684 58.923 40.838 87.486
3 0 58.796 41.238 88.025 58.923 40.838 87.486 56.681 34.556 91.684
3 0 56.681 34.556 91.684 56.561 34.956 92.225 58.796 41.238 88.025
3 0 58.926 41.579 88.602 58.796 41.238 88.025 56.561 34.956 92.225
3 0 56.561 34.956 92.225 56.696 35.290 92.805 58.926 41.579 88.602
3 0 59.293 41.809 89.130 58.926 41.579 88.602 56.696 35.290 92.805
3 0 56.696 35.290 92.805 57.065 35.505 93.338 59.293 41.809 89.130
3 0 59.841 41.894 89.528 59.293 41.809 89.130 57.065 35.505 93.338
3 0 57.065 35.505 93.338 57.612 35.570 93.742 59.841 41.894 89.528
3 0 63.499 50.849 89.848 63.633 50.451 89.310 61.678 44.004 93.611
3 0 61.678 44.004 93.611 61.551 44.404 94.150 63.499 50.849 89.848
3 0 63.625 51.197 90.422 63.499 50.849 89.848 61.551 44.404 94.150
3 0 61.551 44.404 94.150 61.681 44.744 94.727 63.625 51.197 90.422
3 0 63.990 51.441 90.945 63.625 51.197 90.422 61.681 44.744 94.727
3 0 61.681 44.744 94.727 62.048 44.975 95.255 63.990 51.441 90.945
3 0 64.539 51.544 91.337 63.990 51.441 90.945 62.048 44.975 95.255
3 0 62.048 44.975 95.255 62.597 45.059 95.653 64.539 51.544 91.337
3 0 65.190 51.490 91.538 64.539 51.544 91.337 62.597 45.059 95.653
3 0 62.597 45.059 95.653 63.243 44.985 95.860 65.190 51.490 91.538
3 0 65.842 51.288 91.518 65.190 51.490 91.538 63.243 44.985 95.860
3 0 63.243 44.985 95.860 63.889 44.763 95.845 65.842 51.288 91.518
3 0 66.396 50.969 91.280 65.842 51.288 91.518 63.889 44.763 95.845
3 0 63.889 44.763 95.845 64.436 44.428 95.611 66.396 50.969 91.280
3 0 66.768 50.580 90.860 66.396 50.969 91.280 64.436 44.428 95.611
3 0 64.436 44.428 95.611 64.800 44.031 95.193 66.768 50.580 90.860
3 0 66.902 50.182 90.322 66.768 50.580 90.860 64.800 44.031 95.193
3 0 64.800 44.031 95.193 64.927 43.631 94.654 66.902 50.182 90.322
3 0 66.777 49.834 89.747 66.902 50.182 90.322 64.927 43.631 94.654
3 0 64.927 43.631 94.654 64.797 43.290 94.077 66.777 49.834 89.747
3 0 66.412 49.590 89.225 66.777 49.834 89.747 64.797 43.290 94.077
3 0 64.797 43.290 94.077 64.430 43.060 93.549 66.412 49.590 89.225
3 0 65.862 49.487 88.833 66.412 49.590 89.225 64.430 43.060 93.549
3 0 64.430 43.060 93.549 63.882 42.975 93.151 65.862 49.487 88.833
3 0 60.633 43.348 92.108 62.593 49.756 87.821 62.727 49.357 87.282
3 0 62.727 49.357 87.282 60.760 42.949 91.569 60.633 43.348 92.108
3 0 60.763 43.689 92.685 62.718 50.104 88.395 62.593 49.756 87.821
3 0 62.593 49.756 87.821 60.633 43.348 92.108 60.763 43.689 92.685
3 0 61.130 43.919 93.213 63.083 50.348 88.918 62.718 50.104 88.395
3 0 62.718 50.104 88.395 60.763 43.689 92.685 61.130 43.919 93.213
3 0 61.678 44.004 93.611 63.633 50.451 89.310 63.083 50.348 88.918
3 0 63.083 50.348 88.918 61.130 43.919 93.213 61.678 44.004 93.611
3 0 64.009 42.576 92.612 65.996 49.089 88.294 65.862 49.487 88.833
3 0 65.862 49.487 88.833 63.882 42.975 93.151 64.009 42.576 92.612
3 0 63.879 42.235 92.035 65.871 48.741 87.720 65.996 49.089 88.294
3 0 65.996 49.089 88.294 64.009 42.576 92.612 63.879 42.235 92.035
3 0 63.512 42.004 91.507 65.505 48.497 87.197 65.871 48.741 87.720
3 0 65.871 48.741 87.720 63.879 42.235 92.035 63.512 42.004 91.507
3 0 62.963 41.920 91.109 64.956 48.394 86.805 65.505 48.497 87.197
3 0 65.505 48.497 87.197 63.512 42.004 91.507 62.963 41.920 91.109
3 0 59.714 42.293 90.067 61.687 48.663 85.794 61.821 48.265 85.256
3 0 61.821 48.265 85.256 59.841 41.894 89.528 59.714 42.293 90.067
3 0 59.844 42.634 90.644 61.812 49.011 86.368 61.687 48.663 85.794
3 0 61.687 48.663 85.794 59.714 42.293 90.067 59.844 42.634 90.644
3 0 60.211 42.864 91.172 62.177 49.255 86.891 61.812 49.011 86.368
3 0 61.812 49.011 86.368 59.844 42.634 90.644 60.211 42.864 91.172
3 0 60.760 42.949 91.569 62.727 49.357 87.282 62.177 49.255 86.891
3 0 62.177 49.255 86.891 60.211 42.864 91.172 60.760 42.949 91.569
3 0 63.091 41.521 90.571 65.090 47.996 86.268 64.956 48.394 86.805
3 0 64.956 48.394 86.805 62.963 41.920 91.109 63.091 41.521 90.571
3 0 62.961 41.180 89.994 64.965 47.648 85.694 65.090 47.996 86.268
3 0 65.090 47.996 86.268 63.091 41.521 90.571 62.961 41.180 89.994
3 0 62.593 40.950 89.466 64.599 47.404 85.171 64.965 47.648 85.694
3 0 64.965 47.648 85.694 62.961 41.180 89.994 62.593 40.950 89.466
3 0 62.045 40.865 89.068 64.050 47.301 84.779 64.599 47.404 85.171
3 0 64.599 47.404 85.171 62.593 40.950 89.466 62.045 40.865 89.068
3 0 64.184 46.902 84.240 64.050 47.301 84.779 62.045 40.865 89.068
3 0 62.045 40.865 89.068 62.172 40.465 88.529 64.184 46.902 84.240
3 0 64.058 46.555 83.666 64.184 46.902 84.240 62.172 40.465 88.529
3 0 62.172 40.465 88.529 62.042 40.124 87.952 64.058 46.555 83.666
3 0 63.693 46.311 83.143 64.058 46.555 83.666 62.042 40.124 87.952
3 0 62.042 40.124 87.952 61.675 39.894 87.424 63.693 46.311 83.143
3 0 63.143 46.208 82.751 63.693 46.311 83.143 61.675 39.894 87.424
3 0 61.675 39.894 87.424 61.126 39.810 87.026 63.143 46.208 82.751
3 0 62.493 46.261 82.550 63.143 46.208 82.751 61.126 39.810 87.026
3 0 61.126 39.810 87.026 60.480 39.884 86.819 62.493 46.261 82.550
3 0 61.841 46.463 82.570 62.493 46.261 82.550 60.480 39.884 86.819
3 0 60.480 39.884 86.819 59.834 40.106 86.833 61.841 46.463 82.570
3 0 61.287 46.783 82.808 61.841 46.463 82.570 59.834 40.106 86.833
3 0 59.834 40.106 86.833 59.287 40.441 87.068 61.287 46.783 82.808
3 0 60.914 47.171 83.229 61.287 46.783 82.808 59.287 40.441 87.068
3 0 59.287 40.441 87.068 58.923 40.838 87.486 60.914 47.171 83.229
3 0 60.781 47.570 83.767 60.914 47.171 83.229 58.923 40.838 87.486
3 0 58.923 40.838 87.486 58.796 41.238 88.025 60.781 47.570 83.767
3 0 60.906 47.918 84.341 60.781 47.570 83.767 58.796 41.238 88.025
3 0 58.796 41.238 88.025 58.926 41.579 88.602 60.906 47.918 84.341
3 0 61.271 48.162 84.864 60.906 47.918 84.341 58.926 41.579 88.602
3 0 58.926 41.579 88.602 59.293 41.809 89.130 61.271 48.162 84.864
3 0 61.821 48.265 85.256 61.271 48.162 84.864 59.293 41.809 89.130
3 0 59.293 41.809 89.130 59.841 41.894 89.528 61.821 48.265 85.256
3 0 64.354 54.088 87.674 64.493 53.691 87.136 63.633 50.451 89.310
3 0 63.633 50.451 89.310 63.499 50.849 89.848 64.354 54.088 87.674
3 0 64.476 54.441 88.246 64.354 54.088 87.674 63.499 50.849 89.848
3 0 63.499 50.849 89.848 63.625 51.197 90.422 64.476 54.441 88.246
3 0 64.839 54.695 88.765 64.476 54.441 88.246 63.625 51.197 90.422
3 0 63.625 51.197 90.422 63.990 51.441 90.945 64.839 54.695 88.765
3 0 65.389 54.812 89.152 64.839 54.695 88.765 63.990 51.441 90.945
3 0 63.990 51.441 90.945 64.539 51.544 91.337 65.389 54.812 89.152
3 0 66.042 54.774 89.348 65.389 54.812 89.152 64.539 51.544 91.337
3 0 64.539 51.544 91.337 65.190 51.490 91.538 66.042 54.774 89.348
3 0 66.699 54.587 89.324 66.042 54.774 89.348 65.190 51.490 91.538
3 0 65.190 51.490 91.538 65.842 51.288 91.518 66.699 54.587 89.324
3 0 67.258 54.279 89.082 66.699 54.587 89.324 65.842 51.288 91.518
3 0 65.842 51.288 91.518 66.396 50.969 91.280 67.258 54.279 89.082
3 0 67.636 53.898 88.660 67.258 54.279 89.082 66.396 50.969 91.280
3 0 66.396 50.969 91.280 66.768 50.580 90.860 67.636 53.898 88.660
3 0 67.775 53.501 88.122 67.636 53.898 88.660 66.768 50.580 90.860
3 0 66.768 50.580 90.860 66.902 50.182 90.322 67.775 53.501 88.122
3 0 67.653 53.148 87.550 67.775 53.501 88.122 66.902 50.182 90.322
3 0 66.902 50.182 90.322 66.777 49.834 89.747 67.653 53.148 87.550
3 0 67.289 52.894 87.031 67.653 53.148 87.550 66.777 49.834 89.747
3 0 66.777 49.834 89.747 66.412 49.590 89.225 67.289 52.894 87.031
3 0 66.739 52.777 86.644 67.289 52.894 87.031 66.412 49.590 89.225
3 0 66.412 49.590 89.225 65.862 49.487 88.833 66.739 52.777 86.644
3 0 62.593 49.756 87.821 63.457 52.968 85.657 63.595 52.571 85.119
3 0 63.595 52.571 85.119 62.727 49.357 87.282 62.593 49.756 87.821
3 0 62.718 50.104 88.395 63.579 53.320 86.229 63.457 52.968 85.657
3 0 63.457 52.968 85.657 62.593 49.756 87.821 62.718 50.104 88.395
3 0 63.083 50.348 88.918 63.942 53.574 86.748 63.579 53.320 86.229
3 0 63.579 53.320 86.229 62.718 50.104 88.395 63.083 50.348 88.918
3 0 63.633 50.451 89.310 64.493 53.691 87.136 63.942 53.574 86.748
3 0 63.942 53.574 86.748 63.083 50.348 88.918 63.633 50.451 89.310
3 0 65.996 49.089 88.294 66.878 52.380 86.106 66.739 52.777 86.644
3 0 66.739 52.777 86.644 65.862 49.487 88.833 65.996 49.089 88.294
3 0 65.871 48.741 87.720 66.756 52.028 85.534 66.878 52.380 86.106
3 0 66.878 52.380 86.106 65.996 49.089 88.294 65.871 48.741 87.720
3 0 65.505 48.497 87.197 66.392 51.774 85.015 66.756 52.028 85.534
3 0 66.756 52.028 85.534 65.871 48.741 87.720 65.505 48.497 87.197
3 0 64.956 48.394 86.805 65.842 51.657 84.627 66.392 51.774 85.015
3 0 66.392 51.774 85.015 65.505 48.497 87.197 64.956 48.394 86.805
3 0 61.687 48.663 85.794 62.560 51.848 83.641 62.699 51.450 83.103
3 0 62.699 51.450 83.103 61.821 48.265 85.256 61.687 48.663 85.794
3 0 61.812 49.011 86.368 62.682 52.200 84.213 62.560 51.848 83.641
3 0 62.560 51.848 83.641 61.687 48.663 85.794 61.812 49.011 86.368
3 0 62.177 49.255 86.891 63.046 52.454 84.733 62.682 52.200 84.213
3 0 62.682 52.200 84.213 61.812 49.011 86.368 62.177 49.255 86.891
3 0 62.727 49.357 87.282 63.595 52.571 85.119 63.046 52.454 84.733
3 0 63.046 52.454 84.733 62.177 49.255 86.891 62.727 49.357 87.282
3 0 65.090 47.996 86.268 65.981 51.260 84.090 65.842 51.657 84.627
3 0 65.842 51.657 84.627 64.956 48.394 86.805 65.090 47.996 86.268
3 0 64.965 47.648 85.694 65.859 50.907 83.518 65.981 51.260 84.090
3 0 65.981 51.260 84.090 65.090 47.996 86.268 64.965 47.648 85.694
3 0 64.599 47.404 85.171 65.496 50.653 82.999 65.859 50.907 83.518
3 0 65.859 50.907 83.518 64.965 47.648 85.694 64.599 47.404 85.171
3 0 64.050 47.301 84.779 64.945 50.536 82.612 65.496 50.653 82.999
3 0 65.496 50.653 82.999 64.599 47.404 85.171 64.050 47.301 84.779
3 0 65.084 50.139 82.074 64.945 50.536 82.612 64.050 47.301 84.779
3 0 64.050 47.301 84.779 64.184 46.902 84.240 65.084 50.139 82.074
3 0 64.962 49.787 81.501 65.084 50.139 82.074 64.184 46.902 84.240
3 0 64.184 46.902 84.240 64.058 46.555 83.666 64.962 49.787 81.501
3 0 64.599 49.533 80.982 64.962 49.787 81.501 64.058 46.555 83.666
3 0 64.058 46.555 83.666 63.693 46.311 83.143 64.599 49.533 80.982
3 0 64.048 49.416 80.595 64.599 49.533 80.982 63.693 46.311 83.143
3 0 63.693 46.311 83.143 63.143 46.208 82.751 64.048 49.416 80.595
3 0 63.395 49.454 80.399 64.048 49.416 80.595 63.143 46.208 82.751
3 0 63.143 46.208 82.751 62.493 46.261 82.550 63.395 49.454 80.399
3 0 62.739 49.641 80.423 63.395 49.454 80.399 62.493 46.261 82.550
3 0 62.493 46.261 82.550 61.841 46.463 82.570 62.739 49.641 80.423
3 0 62.180 49.948 80.665 62.739 49.641 80.423 61.841 46.463 82.570
3 0 61.841 46.463 82.570 61.287 46.783 82.808 62.180 49.948 80.665
3 0 61.802 50.330 81.087 62.180 49.948 80.665 61.287 46.783 82.808
3 0 61.287 46.783 82.808 60.914 47.171 83.229 61.802 50.330 81.087
3 0 61.663 50.727 81.625 61.802 50.330 81.087 60.914 47.171 83.229
3 0 60.914 47.171 83.229 60.781 47.570 83.767 61.663 50.727 81.625
3 0 61.785 51.079 82.197 61.663 50.727 81.625 60.781 47.570 83.767
3 0 60.781 47.570 83.767 60.906 47.918 84.341 61.785 51.079 82.197
3 0 62.148 51.333 82.716 61.785 51.079 82.197 60.906 47.918 84.341
3 0 60.906 47.918 84.341 61.271 48.162 84.864 62.148 51.333 82.716
3 0 62.699 51.450 83.103 62.148 51.333 82.716 61.271 48.162 84.864
3 0 61.271 48.162 84.864 61.821 48.265 85.256 62.699 51.450 83.103
3 0 65.146 57.335 85.489 65.288 56.939 84.951 64.493 53.691 87.136
3 0 64.493 53.691 87.136 64.354 54.088 87.674 65.146 57.335 85.489
3 0 65.266 57.691 86.059 65.146 57.335 85.489 64.354 54.088 87.674
3 0 64.354 54.088 87.674 64.476 54.441 88.246 65.266 57.691 86.059
3 0 65.629 57.953 86.575 65.266 57.691 86.059 64.476 54.441 88.246
3 0 64.476 54.441 88.246 64.839 54.695 88.765 65.629 57.953 86.575
3 0 66.180 58.081 86.958 65.629 57.953 86.575 64.839 54.695 88.765
3 0 64.839 54.695 88.765 65.389 54.812 89.152 66.180 58.081 86.958
3 0 66.835 58.055 87.149 66.180 58.081 86.958 65.389 54.812 89.152
3 0 65.389 54.812 89.152 66.042 54.774 89.348 66.835 58.055 87.149
3 0 67.494 57.880 87.120 66.835 58.055 87.149 66.042 54.774 89.348
3 0 66.042 54.774 89.348 66.699 54.587 89.324 67.494 57.880 87.120
3 0 68.058 57.582 86.875 67.494 57.880 87.120 66.699 54.587 89.324
3 0 66.699 54.587 89.324 67.258 54.279 89.082 68.058 57.582 86.875
3 0 68.439 57.207 86.451 68.058 57.582 86.875 67.258 54.279 89.082
3 0 67.258 54.279 89.082 67.636 53.898 88.660 68.439 57.207 86.451
3 0 68.581 56.811 85.913 68.439 57.207 86.451 67.636 53.898 88.660
3 0 67.636 53.898 88.660 67.775 53.501 88.122 68.581 56.811 85.913
3 0 68.461 56.455 85.342 68.581 56.811 85.913 67.775 53.501 88.122
3 0 67.775 53.501 88.122 67.653 53.148 87.550 68.461 56.455 85.342
3 0 68.098 56.194 84.826 68.461 56.455 85.342 67.653 53.148 87.550
3 0 67.653 53.148 87.550 67.289 52.894 87.031 68.098 56.194 84.826
3 0 67.548 56.066 84.444 68.098 56.194 84.826 67.289 52.894 87.031
3 0 67.289 52.894 87.031 66.739 52.777 86.644 67.548 56.066 84.444
3 0 63.457 52.968 85.657 64.255 56.194 83.481 64.397 55.798 82.943
3 0 64.397 55.798 82.943 63.595 52.571 85.119 63.457 52.968 85.657
3 0 63.579 53.320 86.229 64.375 56.550 84.052 64.255 56.194 83.481
3 0 64.255 56.194 83.481 63.457 52.968 85.657 63.579 53.320 86.229
3 0 63.942 53.574 86.748 64.737 56.812 84.568 64.375 56.550 84.052
3 0 64.375 56.550 84.052 63.579 53.320 86.229 63.942 53.574 86.748
3 0 64.493 53.691 87.136 65.288 56.939 84.951 64.737 56.812 84.568
3 0 64.737 56.812 84.568 63.942 53.574 86.748 64.493 53.691 87.136
3 0 66.878 52.380 86.106 67.689 55.670 83.905 67.548 56.066 84.444
3 0 67.548 56.066 84.444 66.739 52.777 86.644 66.878 52.380 86.106
3 0 66.756 52.028 85.534 67.570 55.314 83.335 67.689 55.670 83.905
3 0 67.689 55.670 83.905 66.878 52.380 86.106 66.756 52.028 85.534
3 0 66.392 51.774 85.015 67.207 55.052 82.819 67.570 55.314 83.335
3 0 67.570 55.314 83.335 66.756 52.028 85.534 66.392 51.774 85.015
3 0 65.842 51.657 84.627 66.656 54.924 82.436 67.207 55.052 82.819
3 0 67.207 55.052 82.819 66.392 51.774 85.015 65.842 51.657 84.627
3 0 62.560 51.848 83.641 63.364 55.053 81.475 63.505 54.657 80.937
3 0 63.505 54.657 80.937 62.699 51.450 83.103 62.560 51.848 83.641
3 0 62.682 52.200 84.213 63.483 55.409 82.045 63.364 55.053 81.475
3 0 63.364 55.053 81.475 62.560 51.848 83.641 62.682 52.200 84.213
3 0 63.046 52.454 84.733 63.846 55.671 82.561 63.483 55.409 82.045
3 0 63.483 55.409 82.045 62.682 52.200 84.213 63.046 52.454 84.733
3 0 63.595 52.571 85.119 64.397 55.798 82.943 63.846 55.671 82.561
3 0 63.846 55.671 82.561 63.046 52.454 84.733 63.595 52.571 85.119
3 0 65.981 51.260 84.090 66.798 54.529 81.899 66.656 54.924 82.436
3 0 66.656 54.924 82.436 65.842 51.657 84.627 65.981 51.260 84.090
3 0 65.859 50.907 83.518 66.678 54.173 81.329 66.798 54.529 81.899
3 0 66.798 54.529 81.899 65.981 51.260 84.090 65.859 50.907 83.518
3 0 65.496 50.653 82.999 66.316 53.911 80.813 66.678 54.173 81.329
3 0 66.678 54.173 81.329 65.859 50.907 83.518 65.496 50.653 82.999
3 0 64.945 50.536 82.612 65.765 53.783 80.430 66.316 53.911 80.813
3 0 66.316 53.911 80.813 65.496 50.653 82.999 64.945 50.536 82.612
3 0 65.906 53.387 79.892 65.765 53.783 80.430 64.945 50.536 82.612
3 0 64.945 50.536 82.612 65.084 50.139 82.074 65.906 53.387 79.892
3 0 65.787 53.032 79.321 65.906 53.387 79.892 65.084 50.139 82.074
3 0 65.084 50.139 82.074 64.962 49.787 81.501 65.787 53.032 79.321
3 0 65.424 52.770 78.805 65.787 53.032 79.321 64.962 49.787 81.501
3 0 64.962 49.787 81.501 64.599 49.533 80.982 65.424 52.770 78.805
3 0 64.873 52.642 78.423 65.424 52.770 78.805 64.599 49.533 80.982
3 0 64.599 49.533 80.982 64.048 49.416 80.595 64.873 52.642 78.423
3 0 64.218 52.667 78.231 64.873 52.642 78.423 64.048 49.416 80.595
3 0 64.048 49.416 80.595 63.395 49.454 80.399 64.218 52.667 78.231
3 0 63.559 52.842 78.260 64.218 52.667 78.231 63.395 49.454 80.399
3 0 63.395 49.454 80.399 62.739 49.641 80.423 63.559 52.842 78.260
3 0 62.995 53.140 78.506 63.559 52.842 78.260 62.739 49.641 80.423
3 0 62.739 49.641 80.423 62.180 49.948 80.665 62.995 53.140 78.506
3 0 62.614 53.516 78.930 62.995 53.140 78.506 62.180 49.948 80.665
3 0 62.180 49.948 80.665 61.802 50.330 81.087 62.614 53.516 78.930
3 0 62.472 53.911 79.468 62.614 53.516 78.930 61.802 50.330 81.087
3 0 61.802 50.330 81.087 61.663 50.727 81.625 62.472 53.911 79.468
3 0 62.592 54.267 80.038 62.472 53.911 79.468 61.663 50.727 81.625
3 0 61.663 50.727 81.625 61.785 51.079 82.197 62.592 54.267 80.038
3 0 62.954 54.529 80.554 62.592 54.267 80.038 61.785 51.079 82.197
3 0 61.785 51.079 82.197 62.148 51.333 82.716 62.954 54.529 80.554
3 0 63.505 54.657 80.937 62.954 54.529 80.554 62.148 51.333 82.716
3 0 62.148 51.333 82.716 62.699 51.450 83.103 63.505 54.657 80.937
3 0 65.857 60.591 83.291 66.002 60.197 82.752 65.288 56.939 84.951
3 0 65.288 56.939 84.951 65.146 57.335 85.489 65.857 60.591 83.291
3 0 65.975 60.951 83.859 65.857 60.591 83.291 65.146 57.335 85.489
3 0 65.146 57.335 85.489 65.266 57.691 86.059 65.975 60.951 83.859
3 0 66.336 61.221 84.372 65.975 60.951 83.859 65.266 57.691 86.059
3 0 65.266 57.691 86.059 65.629 57.953 86.575 66.336 61.221 84.372
3 0 66.888 61.360 84.750 66.336 61.221 84.372 65.629 57.953 86.575
3 0 65.629 57.953 86.575 66.180 58.081 86.958 66.888 61.360 84.750
3 0 67.545 61.347 84.936 66.888 61.360 84.750 66.180 58.081 86.958
3 0 66.180 58.081 86.958 66.835 58.055 87.149 67.545 61.347 84.936
3 0 68.207 61.185 84.901 67.545 61.347 84.936 66.835 58.055 87.149
3 0 66.835 58.055 87.149 67.494 57.880 87.120 68.207 61.185 84.901
3 0 68.774 60.898 84.652 68.207 61.185 84.901 67.494 57.880 87.120
3 0 67.494 57.880 87.120 68.058 57.582 86.875 68.774 60.898 84.652
3 0 69.159 60.529 84.226 68.774 60.898 84.652 68.058 57.582 86.875
3 0 68.058 57.582 86.875 68.439 57.207 86.451 69.159 60.529 84.226
3 0 69.304 60.135 83.687 69.159 60.529 84.226 68.439 57.207 86.451
3 0 68.439 57.207 86.451 68.581 56.811 85.913 69.304 60.135 83.687
3 0 69.187 59.775 83.118 69.304 60.135 83.687 68.581 56.811 85.913
3 0 68.581 56.811 85.913 68.461 56.455 85.342 69.187 59.775 83.118
3 0 68.825 59.505 82.606 69.187 59.775 83.118 68.461 56.455 85.342
3 0 68.461 56.455 85.342 68.098 56.194 84.826 68.825 59.505 82.606
3 0 68.273 59.366 82.228 68.825 59.505 82.606 68.098 56.194 84.826
3 0 68.098 56.194 84.826 67.548 56.066 84.444 68.273 59.366 82.228
3 0 64.255 56.194 83.481 64.971 59.429 81.293 65.116 59.034 80.755
3 0 65.116 59.034 80.755 64.397 55.798 82.943 64.255 56.194 83.481
3 0 64.375 56.550 84.052 65.089 59.788 81.862 64.971 59.429 81.293
3 0 64.971 59.429 81.293 64.255 56.194 83.481 64.375 56.550 84.052
3 0 64.737 56.812 84.568 65.450 60.058 82.374 65.089 59.788 81.862
3 0 65.089 59.788 81.862 64.375 56.550 84.052 64.737 56.812 84.568
3 0 65.288 56.939 84.951 66.002 60.197 82.752 65.450 60.058 82.374
3 0 65.450 60.058 82.374 64.737 56.812 84.568 65.288 56.939 84.951
3 0 67.689 55.670 83.905 68.418 58.972 81.690 68.273 59.366 82.228
3 0 68.273 59.366 82.228 67.548 56.066 84.444 67.689 55.670 83.905
3 0 67.570 55.314 83.335 68.301 58.613 81.121 68.418 58.972 81.690
3 0 68.418 58.972 81.690 67.689 55.670 83.905 67.570 55.314 83.335
3 0 67.207 55.052 82.819 67.939 58.343 80.609 68.301 58.613 81.121
3 0 68.301 58.613 81.121 67.570 55.314 83.335 67.207 55.052 82.819
3 0 66.656 54.924 82.436 67.387 58.203 80.231 67.939 58.343 80.609
3 0 67.939 58.343 80.609 67.207 55.052 82.819 66.656 54.924 82.436
3 0 63.364 55.053 81.475 64.085 58.266 79.297 64.230 57.872 78.758
3 0 64.230 57.872 78.758 63.505 54.657 80.937 63.364 55.053 81.475
3 0 63.483 55.409 82.045 64.203 58.626 79.865 64.085 58.266 79.297
3 0 64.085 58.266 79.297 63.364 55.053 81.475 63.483 55.409 82.045
3 0 63.846 55.671 82.561 64.565 58.895 80.378 64.203 58.626 79.865
3 0 64.203 58.626 79.865 63.483 55.409 82.045 63.846 55.671 82.561
3 0 64.397 55.798 82.943 65.116 59.034 80.755 64.565 58.895 80.378
3 0 64.565 58.895 80.378 63.846 55.671 82.561 64.397 55.798 82.943
3 0 66.798 54.529 81.899 67.533 57.810 79.693 67.387 58.203 80.231
3 0 67.387 58.203 80.231 66.656 54.924 82.436 66.798 54.529 81.899
3 0 66.678 54.173 81.329 67.415 57.450 79.124 67.533 57.810 79.693
3 0 67.533 57.810 79.693 66.798 54.529 81.899 66.678 54.173 81.329
3 0 66.316 53.911 80.813 67.053 57.180 78.612 67.415 57.450 79.124
3 0 67.415 57.450 79.124 66.678 54.173 81.329 66.316 53.911 80.813
3 0 65.765 53.783 80.430 66.502 57.041 78.234 67.053 57.180 78.612
3 0 67.053 57.180 78.612 66.316 53.911 80.813 65.765 53.783 80.430
3 0 66.647 56.647 77.696 66.502 57.041 78.234 65.765 53.783 80.430
3 0 65.765 53.783 80.430 65.906 53.387 79.892 66.647 56.647 77.696
3 0 66.529 56.288 77.127 66.647 56.647 77.696 65.906 53.387 79.892
3 0 65.906 53.387 79.892 65.787 53.032 79.321 66.529 56.288 77.127
3 0 66.167 56.018 76.615 66.529 56.288 77.127 65.787 53.032 79.321
3 0 65.787 53.032 79.321 65.424 52.770 78.805 66.167 56.018 76.615
3 0 65.616 55.878 76.237 66.167 56.018 76.615 65.424 52.770 78.805
3 0 65.424 52.770 78.805 64.873 52.642 78.423 65.616 55.878 76.237
3 0 64.959 55.891 76.051 65.616 55.878 76.237 64.873 52.642 78.423
3 0 64.873 52.642 78.423 64.218 52.667 78.231 64.959 55.891 76.051
3 0 64.297 56.053 76.085 64.959 55.891 76.051 64.218 52.667 78.231
3 0 64.218 52.667 78.231 63.559 52.842 78.260 64.297 56.053 76.085
3 0 63.730 56.341 76.334 64.297 56.053 76.085 63.559 52.842 78.260
3 0 63.559 52.842 78.260 62.995 53.140 78.506 63.730 56.341 76.334
3 0 63.344 56.709 76.761 63.730 56.341 76.334 62.995 53.140 78.506
3 0 62.995 53.140 78.506 62.614 53.516 78.930 63.344 56.709 76.761
3 0 63.199 57.104 77.299 63.344 56.709 76.761 62.614 53.516 78.930
3 0 62.614 53.516 78.930 62.472 53.911 79.468 63.199 57.104 77.299
3 0 63.317 57.463 77.868 63.199 57.104 77.299 62.472 53.911 79.468
3 0 62.472 53.911 79.468 62.592 54.267 80.038 63.317 57.463 77.868
3 0 63.679 57.733 78.380 63.317 57.463 77.868 62.592 54.267 80.038
3 0 62.592 54.267 80.038 62.954 54.529 80.554 63.679 57.733 78.380
3 0 64.230 57.872 78.758 63.679 57.733 78.380 62.954 54.529 80.554
3 0 62.954 54.529 80.554 63.505 54.657 80.937 64.230 57.872 78.758
3 0 66.487 63.855 81.082 66.635 63.463 80.543 66.002 60.197 82.752
3 0 66.002 60.197 82.752 65.857 60.591 83.291 66.487 63.855 81.082
3 0 66.602 64.218 81.649 66.487 63.855 81.082 65.857 60.591 83.291
3 0 65.857 60.591 83.291 65.975 60.951 83.859 66.602 64.218 81.649
3 0 66.963 64.497 82.157 66.602 64.218 81.649 65.975 60.951 83.859
3 0 65.975 60.951 83.859 66.336 61.221 84.372 66.963 64.497 82.157
3 0 67.515 64.649 82.529 66.963 64.497 82.157 66.336 61.221 84.372
3 0 66.336 61.221 84.372 66.888 61.360 84.750 67.515 64.649 82.529
3 0 68.174 64.651 82.708 67.515 64.649 82.529 66.888 61.360 84.750
3 0 66.888 61.360 84.750 67.545 61.347 84.936 68.174 64.651 82.708
3 0 68.839 64.503 82.668 68.174 64.651 82.708 67.545 61.347 84.936
3 0 67.545 61.347 84.936 68.207 61.185 84.901 68.839 64.503 82.668
3 0 69.410 64.227 82.413 68.839 64.503 82.668 68.207 61.185 84.901
3 0 68.207 61.185 84.901 68.774 60.898 84.652 69.410 64.227 82.413
3 0 69.799 63.866 81.984 69.410 64.227 82.413 68.774 60.898 84.652
3 0 68.774 60.898 84.652 69.159 60.529 84.226 69.799 63.866 81.984
3 0 69.947 63.474 81.445 69.799 63.866 81.984 69.159 60.529 84.226
3 0 69.159 60.529 84.226 69.304 60.135 83.687 69.947 63.474 81.445
3 0 69.832 63.111 80.878 69.947 63.474 81.445 69.304 60.135 83.687
3 0 69.304 60.135 83.687 69.187 59.775 83.118 69.832 63.111 80.878
3 0 69.471 62.832 80.370 69.832 63.111 80.878 69.187 59.775 83.118
3 0 69.187 59.775 83.118 68.825 59.505 82.606 69.471 62.832 80.370
3 0 68.919 62.680 79.998 69.471 62.832 80.370 68.825 59.505 82.606
3 0 68.825 59.505 82.606 68.273 59.366 82.228 68.919 62.680 79.998
3 0 64.971 59.429 81.293 65.607 62.669 79.096 65.755 62.277 78.556
3 0 65.755 62.277 78.556 65.116 59.034 80.755 64.971 59.429 81.293
3 0 65.089 59.788 81.862 65.722 63.032 79.662 65.607 62.669 79.096
3 0 65.607 62.669 79.096 64.971 59.429 81.293 65.089 59.788 81.862
3 0 65.450 60.058 82.374 66.083 63.311 80.170 65.722 63.032 79.662
3 0 65.722 63.032 79.662 65.089 59.788 81.862 65.450 60.058 82.374
3 0 66.002 60.197 82.752 66.635 63.463 80.543 66.083 63.311 80.170
3 0 66.083 63.311 80.170 65.450 60.058 82.374 66.002 60.197 82.752
3 0 68.418 58.972 81.690 69.067 62.288 79.458 68.919 62.680 79.998
3 0 68.919 62.680 79.998 68.273 59.366 82.228 68.418 58.972 81.690
3 0 68.301 58.613 81.121 68.952 61.925 78.892 69.067 62.288 79.458
3 0 69.067 62.288 79.458 68.418 58.972 81.690 68.301 58.613 81.121
3 0 67.939 58.343 80.609 68.591 61.646 78.383 68.952 61.925 78.892
3 0 68.952 61.925 78.892 68.301 58.613 81.121 67.939 58.343 80.609
3 0 67.387 58.203 80.231 68.039 61.494 78.011 68.591 61.646 78.383
3 0 68.591 61.646 78.383 67.939 58.343 80.609 67.387 58.203 80.231
3 0 64.085 58.266 79.297 64.727 61.483 77.110 64.875 61.091 76.571
3 0 64.875 61.091 76.571 64.230 57.872 78.758 64.085 58.266 79.297
3 0 64.203 58.626 79.865 64.842 61.846 77.677 64.727 61.483 77.110
3 0 64.727 61.483 77.110 64.085 58.266 79.297 64.203 58.626 79.865
3 0 64.565 58.895 80.378 65.203 62.125 78.185 64.842 61.846 77.677
3 0 64.842 61.846 77.677 64.203 58.626 79.865 64.565 58.895 80.378
3 0 65.116 59.034 80.755 65.755 62.277 78.556 65.203 62.125 78.185
3 0 65.203 62.125 78.185 64.565 58.895 80.378 65.116 59.034 80.755
3 0 67.533 57.810 79.693 68.187 61.103 77.473 68.039 61.494 78.011
3 0 68.039 61.494 78.011 67.387 58.203 80.231 67.533 57.810 79.693
3 0 67.415 57.450 79.124 68.072 60.740 76.906 68.187 61.103 77.473
3 0 68.187 61.103 77.473 67.533 57.810 79.693 67.415 57.450 79.124
3 0 67.053 57.180 78.612 67.711 60.461 76.398 68.072 60.740 76.906
3 0 68.072 60.740 76.906 67.415 57.450 79.124 67.053 57.180 78.612
3 0 66.502 57.041 78.234 67.159 60.309 76.026 67.711 60.461 76.398
3 0 67.711 60.461 76.398 67.053 57.180 78.612 66.502 57.041 78.234
3 0 67.307 59.917 75.487 67.159 60.309 76.026 66.502 57.041 78.234
3 0 66.502 57.041 78.234 66.647 56.647 77.696 67.307 59.917 75.487
3 0 67.192 59.554 74.920 67.307 59.917 75.487 66.647 56.647 77.696
3 0 66.647 56.647 77.696 66.529 56.288 77.127 67.192 59.554 74.920
3 0 66.831 59.275 74.412 67.192 59.554 74.920 66.529 56.288 77.127
3 0 66.529 56.288 77.127 66.167 56.018 76.615 66.831 59.275 74.412
3 0 66.279 59.123 74.040 66.831 59.275 74.412 66.167 56.018 76.615
3 0 66.167 56.018 76.615 65.616 55.878 76.237 66.279 59.123 74.040
3 0 65.620 59.120 73.860 66.279 59.123 74.040 65.616 55.878 76.237
3 0 65.616 55.878 76.237 64.959 55.891 76.051 65.620 59.120 73.860
3 0 64.954 59.268 73.901 65.620 59.120 73.860 64.959 55.891 76.051
3 0 64.959 55.891 76.051 64.297 56.053 76.085 64.954 59.268 73.901
3 0 64.384 59.544 74.155 64.954 59.268 73.901 64.297 56.053 76.085
3 0 64.297 56.053 76.085 63.730 56.341 76.334 64.384 59.544 74.155
3 0 63.995 59.905 74.585 64.384 59.544 74.155 63.730 56.341 76.334
3 0 63.730 56.341 76.334 63.344 56.709 76.761 63.995 59.905 74.585
3 0 63.847 60.297 75.124 63.995 59.905 74.585 63.344 56.709 76.761
3 0 63.344 56.709 76.761 63.199 57.104 77.299 63.847 60.297 75.124
3 0 63.962 60.660 75.691 63.847 60.297 75.124 63.199 57.104 77.299
3 0 63.199 57.104 77.299 63.317 57.463 77.868 63.962 60.660 75.691
3 0 64.323 60.939 76.199 63.962 60.660 75.691 63.317 57.463 77.868
3 0 63.317 57.463 77.868 63.679 57.733 78.380 64.323 60.939 76.199
3 0 64.875 61.091 76.571 64.323 60.939 76.199 63.679 57.733 78.380
3 0 63.679 57.733 78.380 64.230 57.872 78.758 64.875 61.091 76.571
3 0 67.011 67.127 78.860 67.162 66.737 78.320 66.635 63.463 80.543
3 0 66.635 63.463 80.543 66.487 63.855 81.082 67.011 67.127 78.860
3 0 67.124 67.493 79.425 67.011 67.127 78.860 66.487 63.855 81.082
3 0 66.487 63.855 81.082 66.602 64.218 81.649 67.124 67.493 79.425
3 0 67.484 67.782 79.928 67.124 67.493 79.425 66.602 64.218 81.649
3 0 66.602 64.218 81.649 66.963 64.497 82.157 67.484 67.782 79.928
3 0 68.036 67.947 80.294 67.484 67.782 79.928 66.963 64.497 82.157
3 0 66.963 64.497 82.157 67.515 64.649 82.529 68.036 67.947 80.294
3 0 68.697 67.965 80.466 68.036 67.947 80.294 67.515 64.649 82.529
3 0 67.515 64.649 82.529 68.174 64.651 82.708 68.697 67.965 80.466
3 0 69.365 67.832 80.419 68.697 67.965 80.466 68.174 64.651 82.708
3 0 68.174 64.651 82.708 68.839 64.503 82.668 69.365 67.832 80.419
3 0 69.939 67.570 80.159 69.365 67.832 80.419 68.839 64.503 82.668
3 0 68.839 64.503 82.668 69.410 64.227 82.413 69.939 67.570 80.159
3 0 70.331 67.217 79.726 69.939 67.570 80.159 69.410 64.227 82.413
3 0 69.410 64.227 82.413 69.799 63.866 81.984 70.331 67.217 79.726
3 0 70.483 66.827 79.186 70.331 67.217 79.726 69.799 63.866 81.984
3 0 69.799 63.866 81.984 69.947 63.474 81.445 70.483 66.827 79.186
3 0 70.370 66.460 78.621 70.483 66.827 79.186 69.947 63.474 81.445
3 0 69.947 63.474 81.445 69.832 63.111 80.878 70.370 66.460 78.621
3 0 70.010 66.172 78.117 70.370 66.460 78.621 69.832 63.111 80.878
3 0 69.832 63.111 80.878 69.471 62.832 80.370 70.010 66.172 78.117
3 0 69.457 66.007 77.751 70.010 66.172 78.117 69.471 62.832 80.370
3 0 69.471 62.832 80.370 68.919 62.680 79.998 69.457 66.007 77.751
3 0 65.607 62.669 79.096 66.137 65.917 76.885 66.288 65.527 76.345
3 0 66.288 65.527 76.345 65.755 62.277 78.556 65.607 62.669 79.096
3 0 65.722 63.032 79.662 66.250 66.283 77.450 66.137 65.917 76.885
3 0 66.137 65.917 76.885 65.607 62.669 79.096 65.722 63.032 79.662
3 0 66.083 63.311 80.170 66.610 66.571 77.954 66.250 66.283 77.450
3 0 66.250 66.283 77.450 65.722 63.032 79.662 66.083 63.311 80.170
3 0 66.635 63.463 80.543 67.162 66.737 78.320 66.610 66.571 77.954
3 0 66.610 66.571 77.954 66.083 63.311 80.170 66.635 63.463 80.543
3 0 69.067 62.288 79.458 69.609 65.617 77.211 69.457 66.007 77.751
3 0 69.457 66.007 77.751 68.919 62.680 79.998 69.067 62.288 79.458
3 0 68.952 61.925 78.892 69.496 65.250 76.646 69.609 65.617 77.211
3 0 69.609 65.617 77.211 69.067 62.288 79.458 68.952 61.925 78.892
3 0 68.591 61.646 78.383 69.136 64.962 76.143 69.496 65.250 76.646
3 0 69.496 65.250 76.646 68.952 61.925 78.892 68.591 61.646 78.383
3 0 68.039 61.494 78.011 68.583 64.797 75.777 69.136 64.962 76.143
3 0 69.136 64.962 76.143 68.591 61.646 78.383 68.039 61.494 78.011
3 0 64.727 61.483 77.110 65.263 64.707 74.912 65.415 64.317 74.372
3 0 65.415 64.317 74.372 64.875 61.091 76.571 64.727 61.483 77.110
3 0 64.842 61.846 77.677 65.376 65.074 75.477 65.263 64.707 74.912
3 0 65.263 64.707 74.912 64.727 61.483 77.110 64.842 61.846 77.677
3 0 65.203 62.125 78.185 65.736 65.362 75.980 65.376 65.074 75.477
3 0 65.376 65.074 75.477 64.842 61.846 77.677 65.203 62.125 78.185
3 0 65.755 62.277 78.556 66.288 65.527 76.345 65.736 65.362 75.980
3 0 65.736 65.362 75.980 65.203 62.125 78.185 65.755 62.277 78.556
3 0 68.187 61.103 77.473 68.735 64.407 75.237 68.583 64.797 75.777
3 0 68.583 64.797 75.777 68.039 61.494 78.011 68.187 61.103 77.473
3 0 68.072 60.740 76.906 68.622 64.041 74.673 68.735 64.407 75.237
3 0 68.735 64.407 75.237 68.187 61.103 77.473 68.072 60.740 76.906
3 0 67.711 60.461 76.398 68.262 63.753 74.169 68.622 64.041 74.673
3 0 68.622 64.041 74.673 68.072 60.740 76.906 67.711 60.461 76.398
3 0 67.159 60.309 76.026 67.710 63.587 73.803 68.262 63.753 74.169
3 0 68.262 63.753 74.169 67.711 60.461 76.398 67.159 60.309 76.026
3 0 67.861 63.197 73.263 67.710 63.587 73.803 67.159 60.309 76.026
3 0 67.159 60.309 76.026 67.307 59.917 75.487 67.861 63.197 73.263
3 0 67.748 62.831 72.698 67.861 63.197 73.263 67.307 59.917 75.487
3 0 67.307 59.917 75.487 67.192 59.554 74.920 67.748 62.831 72.698
3 0 67.388 62.542 72.194 67.748 62.831 72.698 67.192 59.554 74.920
3 0 67.192 59.554 74.920 66.831 59.275 74.412 67.388 62.542 72.194
3 0 66.836 62.377 71.829 67.388 62.542 72.194 66.831 59.275 74.412
3 0 66.831 59.275 74.412 66.279 59.123 74.040 66.836 62.377 71.829
3 0 66.175 62.359 71.656 66.836 62.377 71.829 66.279 59.123 74.040
3 0 66.279 59.123 74.040 65.620 59.120 73.860 66.175 62.359 71.656
3 0 65.507 62.492 71.704 66.175 62.359 71.656 65.620 59.120 73.860
3 0 65.620 59.120 73.860 64.954 59.268 73.901 65.507 62.492 71.704
3 0 64.933 62.754 71.964 65.507 62.492 71.704 64.954 59.268 73.901
3 0 64.954 59.268 73.901 64.384 59.544 74.155 64.933 62.754 71.964
3 0 64.541 63.107 72.397 64.933 62.754 71.964 64.384 59.544 74.155
3 0 64.384 59.544 74.155 63.995 59.905 74.585 64.541 63.107 72.397
3 0 64.389 63.497 72.937 64.541 63.107 72.397 63.995 59.905 74.585
3 0 63.995 59.905 74.585 63.847 60.297 75.124 64.389 63.497 72.937
3 0 64.502 63.864 73.502 64.389 63.497 72.937 63.847 60.297 75.124
3 0 63.847 60.297 75.124 63.962 60.660 75.691 64.502 63.864 73.502
3 0 64.862 64.152 74.006 64.502 63.864 73.502 63.962 60.660 75.691
3 0 63.962 60.660 75.691 64.323 60.939 76.199 64.862 64.152 74.006
3 0 65.415 64.317 74.372 64.862 64.152 74.006 64.323 60.939 76.199
3 0 64.323 60.939 76.199 64.875 61.091 76.571 65.415 64.317 74.372
3 0 67.440 70.404 76.628 67.595 70.018 76.087 67.162 66.737 78.320
3 0 67.162 66.737 78.320 67.011 67.127 78.860 67.440 70.404 76.628
3 0 67.551 70.775 77.191 67.440 70.404 76.628 67.011 67.127 78.860
3 0 67.011 67.127 78.860 67.124 67.493 79.425 67.551 70.775 77.191
3 0 67.910 71.072 77.690 67.551 70.775 77.191 67.124 67.493 79.425
3 0 67.124 67.493 79.425 67.484 67.782 79.928 67.910 71.072 77.690
3 0 68.462 71.252 78.050 67.910 71.072 77.690 67.484 67.782 79.928
3 0 67.484 67.782 79.928 68.036 67.947 80.294 68.462 71.252 78.050
3 0 69.124 71.286 78.214 68.462 71.252 78.050 68.036 67.947 80.294
3 0 68.036 67.947 80.294 68.697 67.965 80.466 69.124 71.286 78.214
3 0 69.794 71.169 78.159 69.124 71.286 78.214 68.697 67.965 80.466
3 0 68.697 67.965 80.466 69.365 67.832 80.419 69.794 71.169 78.159
3 0 70.372 70.920 77.893 69.794 71.169 78.159 69.365 67.832 80.419
3 0 69.365 67.832 80.419 69.939 67.570 80.159 70.372 70.920 77.893
3 0 70.767 70.575 77.456 70.372 70.920 77.893 69.939 67.570 80.159
3 0 69.939 67.570 80.159 70.331 67.217 79.726 70.767 70.575 77.456
3 0 70.922 70.188 76.915 70.767 70.575 77.456 70.331 67.217 79.726
3 0 70.331 67.217 79.726 70.483 66.827 79.186 70.922 70.188 76.915
3 0 70.811 69.818 76.352 70.922 70.188 76.915 70.483 66.827 79.186
3 0 70.483 66.827 79.186 70.370 66.460 78.621 70.811 69.818 76.352
3 0 70.453 69.520 75.853 70.811 69.818 76.352 70.370 66.460 78.621
3 0 70.370 66.460 78.621 70.010 66.172 78.117 70.453 69.520 75.853
3 0 69.900 69.341 75.494 70.453 69.520 75.853 70.010 66.172 78.117
3 0 70.010 66.172 78.117 69.457 66.007 77.751 69.900 69.341 75.494
3 0 66.137 65.917 76.885 66.573 69.170 74.666 66.728 68.783 74.125
3 0 66.728 68.783 74.125 66.288 65.527 76.345 66.137 65.917 76.885
3 0 66.250 66.283 77.450 66.684 69.541 75.229 66.573 69.170 74.666
3 0 66.573 69.170 74.666 66.137 65.917 76.885 66.250 66.283 77.450
3 0 66.610 66.571 77.954 67.043 69.838 75.728 66.684 69.541 75.229
3 0 66.684 69.541 75.229 66.250 66.283 77.450 66.610 66.571 77.954
3 0 67.162 66.737 78.320 67.595 70.018 76.087 67.043 69.838 75.728
3 0 67.043 69.838 75.728 66.610 66.571 77.954 67.162 66.737 78.320
3 0 69.609 65.617 77.211 70.055 68.954 74.953 69.900 69.341 75.494
3 0 69.900 69.341 75.494 69.457 66.007 77.751 69.609 65.617 77.211
3 0 69.496 65.250 76.646 69.944 68.584 74.390 70.055 68.954 74.953
3 0 70.055 68.954 74.953 69.609 65.617 77.211 69.496 65.250 76.646
3 0 69.136 64.962 76.143 69.586 68.286 73.891 69.944 68.584 74.390
3 0 69.944 68.584 74.390 69.496 65.250 76.646 69.136 64.962 76.143
3 0 68.583 64.797 75.777 69.033 68.107 73.531 69.586 68.286 73.891
3 0 69.586 68.286 73.891 69.136 64.962 76.143 68.583 64.797 75.777
3 0 65.263 64.707 74.912 65.707 67.936 72.704 65.861 67.550 72.163
3 0 65.861 67.550 72.163 65.415 64.317 74.372 65.263 64.707 74.912
3 0 65.376 65.074 75.477 65.817 68.307 73.267 65.707 67.936 72.704
3 0 65.707 67.936 72.704 65.263 64.707 74.912 65.376 65.074 75.477
3 0 65.736 65.362 75.980 66.176 68.604 73.766 65.817 68.307 73.267
3 0 65.817 68.307 73.267 65.376 65.074 75.477 65.736 65.362 75.980
3 0 66.288 65.527 76.345 66.728 68.783 74.125 66.176 68.604 73.766
3 0 66.176 68.604 73.766 65.736 65.362 75.980 66.288 65.527 76.345
3 0 68.735 64.407 75.237 69.188 67.720 72.991 69.033 68.107 73.531
3 0 69.033 68.107 73.531 68.583 64.797 75.777 68.735 64.407 75.237
3 0 68.622 64.041 74.673 69.078 67.350 72.428 69.188 67.720 72.991
3 0 69.188 67.720 72.991 68.735 64.407 75.237 68.622 64.041 74.673
3 0 68.262 63.753 74.169 68.719 67.053 71.929 69.078 67.350 72.428
3 0 69.078 67.350 72.428 68.622 64.041 74.673 68.262 63.753 74.169
3 0 67.710 63.587 73.803 68.167 66.873 71.570 68.719 67.053 71.929
3 0 68.719 67.053 71.929 68.262 63.753 74.169 67.710 63.587 73.803
3 0 68.321 66.486 71.028 68.167 66.873 71.570 67.710 63.587 73.803
3 0 67.710 63.587 73.803 67.861 63.197 73.263 68.321 66.486 71.028
3 0 68.211 66.116 70.465 68.321 66.486 71.028 67.861 63.197 73.263
3 0 67.861 63.197 73.263 67.748 62.831 72.698 68.211 66.116 70.465
3 0 67.852 65.818 69.966 68.211 66.116 70.465 67.748 62.831 72.698
3 0 67.748 62.831 72.698 67.388 62.542 72.194 67.852 65.818 69.966
3 0 67.300 65.639 69.607 67.852 65.818 69.966 67.388 62.542 72.194
3 0 67.388 62.542 72.194 66.836 62.377 71.829 67.300 65.639 69.607
3 0 66.638 65.605 69.442 67.300 65.639 69.607 66.836 62.377 71.829
3 0 66.836 62.377 71.829 66.175 62.359 71.656 66.638 65.605 69.442
3 0 65.967 65.722 69.497 66.638 65.605 69.442 66.175 62.359 71.656
3 0 66.175 62.359 71.656 65.507 62.492 71.704 65.967 65.722 69.497
3 0 65.390 65.971 69.763 65.967 65.722 69.497 65.507 62.492 71.704
3 0 65.507 62.492 71.704 64.933 62.754 71.964 65.390 65.971 69.763
3 0 64.994 66.315 70.200 65.390 65.971 69.763 64.933 62.754 71.964
3 0 64.933 62.754 71.964 64.541 63.107 72.397 64.994 66.315 70.200
3 0 64.840 66.702 70.741 64.994 66.315 70.200 64.541 63.107 72.397
3 0 64.541 63.107 72.397 64.389 63.497 72.937 64.840 66.702 70.741
3 0 64.950 67.073 71.304 64.840 66.702 70.741 64.389 63.497 72.937
3 0 64.389 63.497 72.937 64.502 63.864 73.502 64.950 67.073 71.304
3 0 65.309 67.370 71.804 64.950 67.073 71.304 64.502 63.864 73.502
3 0 64.502 63.864 73.502 64.862 64.152 74.006 65.309 67.370 71.804
3 0 65.861 67.550 72.163 65.309 67.370 71.804 64.862 64.152 74.006
3 0 64.862 64.152 74.006 65.415 64.317 74.372 65.861 67.550 72.163
3 0 67.757 73.687 74.387 67.914 73.303 73.845 67.595 70.018 76.087
3 0 67.595 70.018 76.087 67.440 70.404 76.628 67.757 73.687 74.387
3 0 67.865 74.061 74.948 67.757 73.687 74.387 67.440 70.404 76.628
3 0 67.440 70.404 76.628 67.551 70.775 77.191 67.865 74.061 74.948
3 0 68.222 74.368 75.442 67.865 74.061 74.948 67.551 70.775 77.191
3 0 67.551 70.775 77.191 67.910 71.072 77.690 68.222 74.368 75.442
3 0 68.774 74.563 75.794 68.222 74.368 75.442 67.910 71.072 77.690
3 0 67.910 71.072 77.690 68.462 71.252 78.050 68.774 74.563 75.794
3 0 69.437 74.614 75.951 68.774 74.563 75.794 68.462 71.252 78.050
3 0 68.462 71.252 78.050 69.124 71.286 78.214 69.437 74.614 75.951
3 0 70.109 74.515 75.887 69.437 74.614 75.951 69.124 71.286 78.214
3 0 69.124 71.286 78.214 69.794 71.169 78.159 70.109 74.515 75.887
3 0 70.689 74.280 75.614 70.109 74.515 75.887 69.794 71.169 78.159
3 0 69.794 71.169 78.159 70.372 70.920 77.893 70.689 74.280 75.614
3 0 71.088 73.945 75.173 70.689 74.280 75.614 70.372 70.920 77.893
3 0 70.372 70.920 77.893 70.767 70.575 77.456 71.088 73.945 75.173
3 0 71.246 73.562 74.630 71.088 73.945 75.173 70.767 70.575 77.456
3 0 70.767 70.575 77.456 70.922 70.188 76.915 71.246 73.562 74.630
3 0 71.138 73.188 74.069 71.246 73.562 74.630 70.922 70.188 76.915
3 0 70.922 70.188 76.915 70.811 69.818 76.352 71.138 73.188 74.069
3 0 70.781 72.880 73.575 71.138 73.188 74.069 70.811 69.818 76.352
3 0 70.811 69.818 76.352 70.453 69.520 75.853 70.781 72.880 73.575
3 0 70.229 72.686 73.223 70.781 72.880 73.575 70.453 69.520 75.853
3 0 70.453 69.520 75.853 69.900 69.341 75.494 70.229 72.686 73.223
3 0 66.573 69.170 74.666 66.897 72.427 72.438 67.055 72.043 71.895
3 0 67.055 72.043 71.895 66.728 68.783 74.125 66.573 69.170 74.666
3 0 66.684 69.541 75.229 67.005 72.801 72.999 66.897 72.427 72.438
3 0 66.897 72.427 72.438 66.573 69.170 74.666 66.684 69.541 75.229
3 0 67.043 69.838 75.728 67.362 73.109 73.493 67.005 72.801 72.999
3 0 67.005 72.801 72.999 66.684 69.541 75.229 67.043 69.838 75.728
3 0 67.595 70.018 76.087 67.914 73.303 73.845 67.362 73.109 73.493
3 0 67.362 73.109 73.493 67.043 69.838 75.728 67.595 70.018 76.087
3 0 70.055 68.954 74.953 70.387 72.302 72.680 70.229 72.686 73.223
3 0 70.229 72.686 73.223 69.900 69.341 75.494 70.055 68.954 74.953
3 0 69.944 68.584 74.390 70.278 71.928 72.119 70.387 72.302 72.680
3 0 70.387 72.302 72.680 70.055 68.954 74.953 69.944 68.584 74.390
3 0 69.586 68.286 73.891 69.921 71.620 71.625 70.278 71.928 72.119
3 0 70.278 71.928 72.119 69.944 68.584 74.390 69.586 68.286 73.891
3 0 69.033 68.107 73.531 69.369 71.426 71.274 69.921 71.620 71.625
3 0 69.921 71.620 71.625 69.586 68.286 73.891 69.033 68.107 73.531
3 0 65.707 67.936 72.704 66.038 71.168 70.489 66.196 70.784 69.946
3 0 66.196 70.784 69.946 65.861 67.550 72.163 65.707 67.936 72.704
3 0 65.817 68.307 73.267 66.146 71.542 71.050 66.038 71.168 70.489
3 0 66.038 71.168 70.489 65.707 67.936 72.704 65.817 68.307 73.267
3 0 66.176 68.604 73.766 66.503 71.849 71.544 66.146 71.542 71.050
3 0 66.146 71.542 71.050 65.817 68.307 73.267 66.176 68.604 73.766
3 0 66.728 68.783 74.125 67.055 72.043 71.895 66.503 71.849 71.544
3 0 66.503 71.849 71.544 66.176 68.604 73.766 66.728 68.783 74.125
3 0 69.188 67.720 72.991 69.527 71.043 70.732 69.369 71.426 71.274
3 0 69.369 71.426 71.274 69.033 68.107 73.531 69.188 67.720 72.991
3 0 69.078 67.350 72.428 69.419 70.669 70.171 69.527 71.043 70.732
3 0 69.527 71.043 70.732 69.188 67.720 72.991 69.078 67.350 72.428
3 0 68.719 67.053 71.929 69.062 70.361 69.677 69.419 70.669 70.171
3 0 69.419 70.669 70.171 69.078 67.350 72.428 68.719 67.053 71.929
3 0 68.167 66.873 71.570 68.510 70.167 69.325 69.062 70.361 69.677
3 0 69.062 70.361 69.677 68.719 67.053 71.929 68.167 66.873 71.570
3 0 68.668 69.783 68.782 68.510 70.167 69.325 68.167 66.873 71.570
3 0 68.167 66.873 71.570 68.321 66.486 71.028 68.668 69.783 68.782
3 0 68.560 69.409 68.221 68.668 69.783 68.782 68.321 66.486 71.028
3 0 68.321 66.486 71.028 68.211 66.116 70.465 68.560 69.409 68.221
3 0 68.203 69.101 67.727 68.560 69.409 68.221 68.211 66.116 70.465
3 0 68.211 66.116 70.465 67.852 65.818 69.966 68.203 69.101 67.727
3 0 67.651 68.907 67.375 68.203 69.101 67.727 67.852 65.818 69.966
3 0 67.852 65.818 69.966 67.300 65.639 69.607 67.651 68.907 67.375
3 0 66.988 68.856 67.219 67.651 68.907 67.375 67.300 65.639 69.607
3 0 67.300 65.639 69.607 66.638 65.605 69.442 66.988 68.856 67.219
3 0 66.315 68.955 67.282 66.988 68.856 67.219 66.638 65.605 69.442
3 0 66.638 65.605 69.442 65.967 65.722 69.497 66.315 68.955 67.282
3 0 65.735 69.190 67.555 66.315 68.955 67.282 65.967 65.722 69.497
3 0 65.967 65.722 69.497 65.390 65.971 69.763 65.735 69.190 67.555
3 0 65.336 69.524 67.997 65.735 69.190 67.555 65.390 65.971 69.763
3 0 65.390 65.971 69.763 64.994 66.315 70.200 65.336 69.524 67.997
3 0 65.178 69.908 68.539 65.336 69.524 67.997 64.994 66.315 70.200
3 0 64.994 66.315 70.200 64.840 66.702 70.741 65.178 69.908 68.539
3 0 65.287 70.282 69.100 65.178 69.908 68.539 64.840 66.702 70.741
3 0 64.840 66.702 70.741 64.950 67.073 71.304 65.287 70.282 69.100
3 0 65.644 70.590 69.594 65.287 70.282 69.100 64.950 67.073 71.304
3 0 64.950 67.073 71.304 65.309 67.370 71.804 65.644 70.590 69.594
3 0 66.196 70.784 69.946 65.644 70.590 69.594 65.309 67.370 71.804
3 0 65.309 67.370 71.804 65.861 67.550 72.163 66.196 70.784 69.946
3 0 67.958 76.970 72.140 68.119 76.591 71.595 67.914 73.303 73.845
3 0 67.914 73.303 73.845 67.757 73.687 74.387 67.958 76.970 72.140
3 0 68.063 77.348 72.699 67.958 76.970 72.140 67.757 73.687 74.387
3 0 67.757 73.687 74.387 67.865 74.061 74.948 68.063 77.348 72.699
3 0 68.419 77.668 73.186 68.063 77.348 72.699 67.865 74.061 74.948
3 0 67.865 74.061 74.948 68.222 74.368 75.442 68.419 77.668 73.186
3 0 68.970 77.880 73.529 68.419 77.668 73.186 68.222 74.368 75.442
3 0 68.222 74.368 75.442 68.774 74.563 75.794 68.970 77.880 73.529
3 0 69.633 77.953 73.674 68.970 77.880 73.529 68.774 74.563 75.794
3 0 68.774 74.563 75.794 69.437 74.614 75.951 69.633 77.953 73.674
3 0 70.307 77.875 73.600 69.633 77.953 73.674 69.437 74.614 75.951
3 0 69.437 74.614 75.951 70.109 74.515 75.887 70.307 77.875 73.600
3 0 70.890 77.658 73.317 70.307 77.875 73.600 70.109 74.515 75.887
3 0 70.109 74.515 75.887 70.689 74.280 75.614 70.890 77.658 73.317
3 0 71.292 77.335 72.870 70.890 77.658 73.317 70.689 74.280 75.614
3 0 70.689 74.280 75.614 71.088 73.945 75.173 71.292 77.335 72.870
3 0 71.453 76.956 72.325 71.292 77.335 72.870 71.088 73.945 75.173
3 0 71.088 73.945 75.173 71.246 73.562 74.630 71.453 76.956 72.325
3 0 71.348 76.578 71.767 71.453 76.956 72.325 71.246 73.562 74.630
3 0 71.246 73.562 74.630 71.138 73.188 74.069 71.348 76.578 71.767
3 0 70.992 76.258 71.279 71.348 76.578 71.767 71.138 73.188 74.069
3 0 71.138 73.188 74.069 70.781 72.880 73.575 70.992 76.258 71.279
3 0 70.441 76.046 70.936 70.992 76.258 71.279 70.781 72.880 73.575
3 0 70.781 72.880 73.575 70.229 72.686 73.223 70.441 76.046 70.936
3 0 66.897 72.427 72.438 67.107 75.680 70.206 67.268 75.301 69.662
3 0 67.268 75.301 69.662 67.055 72.043 71.895 66.897 72.427 72.438
3 0 67.005 72.801 72.999 67.212 76.058 70.765 67.107 75.680 70.206
3 0 67.107 75.680 70.206 66.897 72.427 72.438 67.005 72.801 72.999
3 0 67.362 73.109 73.493 67.567 76.378 71.253 67.212 76.058 70.765
3 0 67.212 76.058 70.765 67.005 72.801 72.999 67.362 73.109 73.493
3 0 67.914 73.303 73.845 68.119 76.591 71.595 67.567 76.378 71.253
3 0 67.567 76.378 71.253 67.362 73.109 73.493 67.914 73.303 73.845
3 0 70.387 72.302 72.680 70.602 75.666 70.392 70.441 76.046 70.936
3 0 70.441 76.046 70.936 70.229 72.686 73.223 70.387 72.302 72.680
3 0 70.278 71.928 72.119 70.497 75.288 69.833 70.602 75.666 70.392
3 0 70.602 75.666 70.392 70.387 72.302 72.680 70.278 71.928 72.119
3 0 69.921 71.620 71.625 70.141 74.968 69.345 70.497 75.288 69.833
3 0 70.497 75.288 69.833 70.278 71.928 72.119 69.921 71.620 71.625
3 0 69.369 71.426 71.274 69.590 74.756 69.003 70.141 74.968 69.345
3 0 70.141 74.968 69.345 69.921 71.620 71.625 69.369 71.426 71.274
3 0 66.038 71.168 70.489 66.256 74.391 68.274 66.417 74.011 67.729
3 0 66.417 74.011 67.729 66.196 70.784 69.946 66.038 71.168 70.489
3 0 66.146 71.542 71.050 66.361 74.769 68.832 66.256 74.391 68.274
3 0 66.256 74.391 68.274 66.038 71.168 70.489 66.146 71.542 71.050
3 0 66.503 71.849 71.544 66.717 75.089 69.320 66.361 74.769 68.832
3 0 66.361 74.769 68.832 66.146 71.542 71.050 66.503 71.849 71.544
3 0 67.055 72.043 71.895 67.268 75.301 69.662 66.717 75.089 69.320
3 0 66.717 75.089 69.320 66.503 71.849 71.544 67.055 72.043 71.895
3 0 69.527 71.043 70.732 69.751 74.377 68.459 69.590 74.756 69.003
3 0 69.590 74.756 69.003 69.369 71.426 71.274 69.527 71.043 70.732
3 0 69.419 70.669 70.171 69.646 73.998 67.900 69.751 74.377 68.459
3 0 69.751 74.377 68.459 69.527 71.043 70.732 69.419 70.669 70.171
3 0 69.062 70.361 69.677 69.290 73.679 67.413 69.646 73.998 67.900
3 0 69.646 73.998 67.900 69.419 70.669 70.171 69.062 70.361 69.677
3 0 68.510 70.167 69.325 68.739 73.466 67.070 69.290 73.679 67.413
3 0 69.290 73.679 67.413 69.062 70.361 69.677 68.510 70.167 69.325
3 0 68.900 73.087 66.525 68.739 73.466 67.070 68.510 70.167 69.325
3 0 68.510 70.167 69.325 68.668 69.783 68.782 68.900 73.087 66.525
3 0 68.795 72.709 65.967 68.900 73.087 66.525 68.668 69.783 68.782
3 0 68.668 69.783 68.782 68.560 69.409 68.221 68.795 72.709 65.967
3 0 68.439 72.389 65.479 68.795 72.709 65.967 68.560 69.409 68.221
3 0 68.560 69.409 68.221 68.203 69.101 67.727 68.439 72.389 65.479
3 0 67.888 72.177 65.137 68.439 72.389 65.479 68.203 69.101 67.727
3 0 68.203 69.101 67.727 67.651 68.907 67.375 67.888 72.177 65.137
3 0 67.225 72.104 64.991 67.888 72.177 65.137 67.651 68.907 67.375
3 0 67.651 68.907 67.375 66.988 68.856 67.219 67.225 72.104 64.991
3 0 66.551 72.182 65.066 67.225 72.104 64.991 66.988 68.856 67.219
3 0 66.988 68.856 67.219 66.315 68.955 67.282 66.551 72.182 65.066
3 0 65.968 72.399 65.348 66.551 72.182 65.066 66.315 68.955 67.282
3 0 66.315 68.955 67.282 65.735 69.190 67.555 65.968 72.399 65.348
3 0 65.566 72.722 65.796 65.968 72.399 65.348 65.735 69.190 67.555
3 0 65.735 69.190 67.555 65.336 69.524 67.997 65.566 72.722 65.796
3 0 65.405 73.101 66.340 65.566 72.722 65.796 65.336 69.524 67.997
3 0 65.336 69.524 67.997 65.178 69.908 68.539 65.405 73.101 66.340
3 0 65.510 73.479 66.899 65.405 73.101 66.340 65.178 69.908 68.539
3 0 65.178 69.908 68.539 65.287 70.282 69.100 65.510 73.479 66.899
3 0 65.865 73.799 67.386 65.510 73.479 66.899 65.287 70.282 69.100
3 0 65.287 70.282 69.100 65.644 70.590 69.594 65.865 73.799 67.386
3 0 66.417 74.011 67.729 65.865 73.799 67.386 65.644 70.590 69.594
3 0 65.644 70.590 69.594 66.196 70.784 69.946 66.417 74.011 67.729
3 0 67.992 80.253 69.886 68.156 79.878 69.339 68.119 76.591 71.595
3 0 68.119 76.591 71.595 67.958 76.970 72.140 67.992 80.253 69.886
3 0 68.095 80.635 70.442 67.992 80.253 69.886 67.958 76.970 72.140
3 0 67.958 76.970 72.140 68.063 77.348 72.699 68.095 80.635 70.442
3 0 68.447 80.967 70.923 68.095 80.635 70.442 68.063 77.348 72.699
3 0 68.063 77.348 72.699 68.419 77.668 73.186 68.447 80.967 70.923
3 0 68.997 81.198 71.256 68.447 80.967 70.923 68.419 77.668 73.186
3 0 68.419 77.668 73.186 68.970 77.880 73.529 68.997 81.198 71.256
3 0 69.660 81.293 71.390 68.997 81.198 71.256 68.970 77.880 73.529
3 0 68.970 77.880 73.529 69.633 77.953 73.674 69.660 81.293 71.390
3 0 70.335 81.236 71.304 69.660 81.293 71.390 69.633 77.953 73.674
3 0 69.633 77.953 73.674 70.307 77.875 73.600 70.335 81.236 71.304
3 0 70.920 81.038 71.012 70.335 81.236 71.304 70.307 77.875 73.600
3 0 70.307 77.875 73.600 70.890 77.658 73.317 70.920 81.038 71.012
3 0 71.325 80.728 70.557 70.920 81.038 71.012 70.890 77.658 73.317
3 0 70.890 77.658 73.317 71.292 77.335 72.870 71.325 80.728 70.557
3 0 71.488 80.353 70.011 71.325 80.728 70.557 71.292 77.335 72.870
3 0 71.292 77.335 72.870 71.453 76.956 72.325 71.488 80.353 70.011
3 0 71.386 79.971 69.454 71.488 80.353 70.011 71.453 76.956 72.325
3 0 71.453 76.956 72.325 71.348 76.578 71.767 71.386 79.971 69.454
3 0 71.033 79.639 68.973 71.386 79.971 69.454 71.348 76.578 71.767
3 0 71.348 76.578 71.767 70.992 76.258 71.279 71.033 79.639 68.973
3 0 70.483 79.408 68.640 71.033 79.639 68.973 70.992 76.258 71.279
3 0 70.992 76.258 71.279 70.441 76.046 70.936 70.483 79.408 68.640
3 0 67.107 75.680 70.206 67.150 78.933 67.968 67.314 78.558 67.421
3 0 67.314 78.558 67.421 67.268 75.301 69.662 67.107 75.680 70.206
3 0 67.212 76.058 70.765 67.253 79.315 68.525 67.150 78.933 67.968
3 0 67.150 78.933 67.968 67.107 75.680 70.206 67.212 76.058 70.765
3 0 67.567 76.378 71.253 67.606 79.647 69.006 67.253 79.315 68.525
3 0 67.253 79.315 68.525 67.212 76.058 70.765 67.567 76.378 71.253
3 0 68.119 76.591 71.595 68.156 79.878 69.339 67.606 79.647 69.006
3 0 67.606 79.647 69.006 67.567 76.378 71.253 68.119 76.591 71.595
3 0 70.602 75.666 70.392 70.647 79.033 68.093 70.483 79.408 68.640
3 0 70.483 79.408 68.640 70.441 76.046 70.936 70.602 75.666 70.392
3 0 70.497 75.288 69.833 70.544 78.651 67.537 70.647 79.033 68.093
3 0 70.647 79.033 68.093 70.602 75.666 70.392 70.497 75.288 69.833
3 0 70.141 74.968 69.345 70.191 78.319 67.056 70.544 78.651 67.537
3 0 70.544 78.651 67.537 70.497 75.288 69.833 70.141 74.968 69.345
3 0 69.590 74.756 69.003 69.641 78.088 66.723 70.191 78.319 67.056
3 0 70.191 78.319 67.056 70.141 74.968 69.345 69.590 74.756 69.003
3 0 66.256 74.391 68.274 66.309 77.613 66.052 66.473 77.238 65.505
3 0 66.473 77.238 65.505 66.417 74.011 67.729 66.256 74.391 68.274
3 0 66.361 74.769 68.832 66.412 77.996 66.608 66.309 77.613 66.052
3 0 66.309 77.613 66.052 66.256 74.391 68.274 66.361 74.769 68.832
3 0 66.717 75.089 69.320 66.764 78.328 67.089 66.412 77.996 66.608
3 0 66.412 77.996 66.608 66.361 74.769 68.832 66.717 75.089 69.320
3 0 67.268 75.301 69.662 67.314 78.558 67.421 66.764 78.328 67.089
3 0 66.764 78.328 67.089 66.717 75.089 69.320 67.268 75.301 69.662
3 0 69.751 74.377 68.459 69.805 77.714 66.177 69.641 78.088 66.723
3 0 69.641 78.088 66.723 69.590 74.756 69.003 69.751 74.377 68.459
3 0 69.646 73.998 67.900 69.703 77.331 65.621 69.805 77.714 66.177
3 0 69.805 77.714 66.177 69.751 74.377 68.459 69.646 73.998 67.900
3 0 69.290 73.679 67.413 69.350 76.999 65.139 69.703 77.331 65.621
3 0 69.703 77.331 65.621 69.646 73.998 67.900 69.290 73.679 67.413
3 0 68.739 73.466 67.070 68.800 76.769 64.807 69.350 76.999 65.139
3 0 69.350 76.999 65.139 69.290 73.679 67.413 68.739 73.466 67.070
3 0 68.964 76.394 64.260 68.800 76.769 64.807 68.739 73.466 67.070
3 0 68.739 73.466 67.070 68.900 73.087 66.525 68.964 76.394 64.260
3 0 68.861 76.011 63.703 68.964 76.394 64.260 68.900 73.087 66.525
3 0 68.900 73.087 66.525 68.795 72.709 65.967 68.861 76.011 63.703
3 0 68.508 75.679 63.222 68.861 76.011 63.703 68.795 72.709 65.967
3 0 68.795 72.709 65.967 68.439 72.389 65.479 68.508 75.679 63.222
3 0 67.958 75.449 62.889 68.508 75.679 63.222 68.439 72.389 65.479
3 0 68.439 72.389 65.479 67.888 72.177 65.137 67.958 75.449 62.889
3 0 67.295 75.354 62.756 67.958 75.449 62.889 67.888 72.177 65.137
3 0 67.888 72.177 65.137 67.225 72.104 64.991 67.295 75.354 62.756
3 0 66.620 75.410 62.841 67.295 75.354 62.756 67.225 72.104 64.991
3 0 67.225 72.104 64.991 66.551 72.182 65.066 66.620 75.410 62.841
3 0 66.036 75.608 63.134 66.620 75.410 62.841 66.551 72.182 65.066
3 0 66.551 72.182 65.066 65.968 72.399 65.348 66.036 75.608 63.134
3 0 65.631 75.918 63.588 66.036 75.608 63.134 65.968 72.399 65.348
3 0 65.968 72.399 65.348 65.566 72.722 65.796 65.631 75.918 63.588
3 0 65.467 76.293 64.135 65.631 75.918 63.588 65.566 72.722 65.796
3 0 65.566 72.722 65.796 65.405 73.101 66.340 65.467 76.293 64.135
3 0 65.570 76.676 64.691 65.467 76.293 64.135 65.405 73.101 66.340
3 0 65.405 73.101 66.340 65.510 73.479 66.899 65.570 76.676 64.691
3 0 65.923 77.008 65.172 65.570 76.676 64.691 65.510 73.479 66.899
3 0 65.510 73.479 66.899 65.865 73.799 67.386 65.923 77.008 65.172
3 0 66.473 77.238 65.505 65.923 77.008 65.172 65.865 73.799 67.386
3 0 65.865 73.799 67.386 66.417 74.011 67.729 66.473 77.238 65.505
3 0 67.901 83.530 67.630 68.068 83.161 67.080 68.156 79.878 69.339
3 0 68.156 79.878 69.339 67.992 80.253 69.886 67.901 83.530 67.630
3 0 68.001 83.917 68.184 67.901 83.530 67.630 67.992 80.253 69.886
3 0 67.992 80.253 69.886 68.095 80.635 70.442 68.001 83.917 68.184
3 0 68.351 84.262 68.658 68.001 83.917 68.184 68.095 80.635 70.442
3 0 68.095 80.635 70.442 68.447 80.967 70.923 68.351 84.262 68.658
3 0 68.899 84.513 68.980 68.351 84.262 68.658 68.447 80.967 70.923
3 0 68.447 80.967 70.923 68.997 81.198 71.256 68.899 84.513 68.980
3 0 69.560 84.631 69.101 68.899 84.513 68.980 68.997 81.198 71.256
3 0 68.997 81.198 71.256 69.660 81.293 71.390 69.560 84.631 69.101
3 0 70.235 84.599 69.002 69.560 84.631 69.101 69.660 81.293 71.390
3 0 69.660 81.293 71.390 70.335 81.236 71.304 70.235 84.599 69.002
3 0 70.820 84.421 68.699 70.235 84.599 69.002 70.335 81.236 71.304
3 0 70.335 81.236 71.304 70.920 81.038 71.012 70.820 84.421 68.699
3 0 71.227 84.125 68.237 70.820 84.421 68.699 70.920 81.038 71.012
3 0 70.920 81.038 71.012 71.325 80.728 70.557 71.227 84.125 68.237
3 0 71.394 83.755 67.688 71.227 84.125 68.237 71.325 80.728 70.557
3 0 71.325 80.728 70.557 71.488 80.353 70.011 71.394 83.755 67.688
3 0 71.294 83.368 67.134 71.394 83.755 67.688 71.488 80.353 70.011
3 0 71.488 80.353 70.011 71.386 79.971 69.454 71.294 83.368 67.134
3 0 70.944 83.024 66.660 71.294 83.368 67.134 71.386 79.971 69.454
3 0 71.386 79.971 69.454 71.033 79.639 68.973 70.944 83.024 66.660
3 0 70.397 82.773 66.338 70.944 83.024 66.660 71.033 79.639 68.973
3 0 71.033 79.639 68.973 70.483 79.408 68.640 70.397 82.773 66.338
3 0 67.150 78.933 67.968 67.071 82.178 65.730 67.237 81.809 65.181
3 0 67.237 81.809 65.181 67.314 78.558 67.421 67.150 78.933 67.968
3 0 67.253 79.315 68.525 67.170 82.565 66.284 67.071 82.178 65.730
3 0 67.071 82.178 65.730 67.150 78.933 67.968 67.253 79.315 68.525
3 0 67.606 79.647 69.006 67.520 82.910 66.758 67.170 82.565 66.284
3 0 67.170 82.565 66.284 67.253 79.315 68.525 67.606 79.647 69.006
3 0 68.156 79.878 69.339 68.068 83.161 67.080 67.520 82.910 66.758
3 0 67.520 82.910 66.758 67.606 79.647 69.006 68.156 79.878 69.339
3 0 70.647 79.033 68.093 70.563 82.403 65.788 70.397 82.773 66.338
3 0 70.397 82.773 66.338 70.483 79.408 68.640 70.647 79.033 68.093
3 0 70.544 78.651 67.537 70.464 82.017 65.234 70.563 82.403 65.788
3 0 70.563 82.403 65.788 70.647 79.033 68.093 70.544 78.651 67.537
3 0 70.191 78.319 67.056 70.113 81.672 64.760 70.464 82.017 65.234
3 0 70.464 82.017 65.234 70.544 78.651 67.537 70.191 78.319 67.056
3 0 69.641 78.088 66.723 69.566 81.421 64.438 70.113 81.672 64.760
3 0 70.113 81.672 64.760 70.191 78.319 67.056 69.641 78.088 66.723
3 0 66.309 77.613 66.052 66.240 80.827 63.831 66.407 80.458 63.282
3 0 66.407 80.458 63.282 66.473 77.238 65.505 66.309 77.613 66.052
3 0 66.412 77.996 66.608 66.340 81.214 64.385 66.240 80.827 63.831
3 0 66.240 80.827 63.831 66.309 77.613 66.052 66.412 77.996 66.608
3 0 66.764 78.328 67.089 66.690 81.559 64.859 66.340 81.214 64.385
3 0 66.340 81.214 64.385 66.412 77.996 66.608 66.764 78.328 67.089
3 0 67.314 78.558 67.421 67.237 81.809 65.181 66.690 81.559 64.859
3 0 66.690 81.559 64.859 66.764 78.328 67.089 67.314 78.558 67.421
3 0 69.805 77.714 66.177 69.733 81.052 63.889 69.566 81.421 64.438
3 0 69.566 81.421 64.438 69.641 78.088 66.723 69.805 77.714 66.177
3 0 69.703 77.331 65.621 69.633 80.665 63.335 69.733 81.052 63.889
3 0 69.733 81.052 63.889 69.805 77.714 66.177 69.703 77.331 65.621
3 0 69.350 76.999 65.139 69.283 80.320 62.861 69.633 80.665 63.335
3 0 69.633 80.665 63.335 69.703 77.331 65.621 69.350 76.999 65.139
3 0 68.800 76.769 64.807 68.735 80.070 62.539 69.283 80.320 62.861
3 0 69.283 80.320 62.861 69.350 76.999 65.139 68.800 76.769 64.807
3 0 68.902 79.700 61.989 68.735 80.070 62.539 68.800 76.769 64.807
3 0 68.800 76.769 64.807 68.964 76.394 64.260 68.902 79.700 61.989
3 0 68.802 79.313 61.435 68.902 79.700 61.989 68.964 76.394 64.260
3 0 68.964 76.394 64.260 68.861 76.011 63.703 68.802 79.313 61.435
3 0 68.452 78.969 60.961 68.802 79.313 61.435 68.861 76.011 63.703
3 0 68.861 76.011 63.703 68.508 75.679 63.222 68.452 78.969 60.961
3 0 67.905 78.718 60.639 68.452 78.969 60.961 68.508 75.679 63.222
3 0 68.508 75.679 63.222 67.958 75.449 62.889 67.905 78.718 60.639
3 0 67.243 78.600 60.518 67.905 78.718 60.639 67.958 75.449 62.889
3 0 67.958 75.449 62.889 67.295 75.354 62.756 67.243 78.600 60.518
3 0 66.568 78.632 60.617 67.243 78.600 60.518 67.295 75.354 62.756
3 0 67.295 75.354 62.756 66.620 75.410 62.841 66.568 78.632 60.617
3 0 65.983 78.810 60.920 66.568 78.632 60.617 66.620 75.410 62.841
3 0 66.620 75.410 62.841 66.036 75.608 63.134 65.983 78.810 60.920
3 0 65.576 79.106 61.382 65.983 78.810 60.920 66.036 75.608 63.134
3 0 66.036 75.608 63.134 65.631 75.918 63.588 65.576 79.106 61.382
3 0 65.410 79.475 61.931 65.576 79.106 61.382 65.631 75.918 63.588
3 0 65.631 75.918 63.588 65.467 76.293 64.135 65.410 79.475 61.931
3 0 65.509 79.862 62.485 65.410 79.475 61.931 65.467 76.293 64.135
3 0 65.467 76.293 64.135 65.570 76.676 64.691 65.509 79.862 62.485
3 0 65.859 80.207 62.959 65.509 79.862 62.485 65.570 76.676 64.691
3 0 65.570 76.676 64.691 65.923 77.008 65.172 65.859 80.207 62.959
3 0 66.407 80.458 63.282 65.859 80.207 62.959 65.923 77.008 65.172
3 0 65.923 77.008 65.172 66.473 77.238 65.505 66.407 80.458 63.282
3 0 67.616 86.794 65.377 67.785 86.431 64.824 68.068 83.161 67.080
3 0 68.068 83.161 67.080 67.901 83.530 67.630 67.616 86.794 65.377
3 0 67.712 87.185 65.928 67.616 86.794 65.377 67.901 83.530 67.630
3 0 67.901 83.530 67.630 68.001 83.917 68.184 67.712 87.185 65.928
3 0 68.059 87.545 66.394 67.712 87.185 65.928 68.001 83.917 68.184
3 0 68.001 83.917 68.184 68.351 84.262 68.658 68.059 87.545 66.394
3 0 68.603 87.818 66.703 68.059 87.545 66.394 68.351 84.262 68.658
3 0 68.351 84.262 68.658 68.899 84.513 68.980 68.603 87.818 66.703
3 0 69.262 87.963 66.809 68.603 87.818 66.703 68.899 84.513 68.980
3 0 68.899 84.513 68.980 69.560 84.631 69.101 69.262 87.963 66.809
3 0 69.935 87.958 66.695 69.262 87.963 66.809 69.560 84.631 69.101
3 0 69.560 84.631 69.101 70.235 84.599 69.002 69.935 87.958 66.695
3 0 70.520 87.804 66.379 69.935 87.958 66.695 70.235 84.599 69.002
3 0 70.235 84.599 69.002 70.820 84.421 68.699 70.520 87.804 66.379
3 0 70.928 87.524 65.908 70.520 87.804 66.379 70.820 84.421 68.699
3 0 70.820 84.421 68.699 71.227 84.125 68.237 70.928 87.524 65.908
3 0 71.097 87.161 65.355 70.928 87.524 65.908 71.227 84.125 68.237
3 0 71.227 84.125 68.237 71.394 83.755 67.688 71.097 87.161 65.355
3 0 71.001 86.770 64.804 71.097 87.161 65.355 71.394 83.755 67.688
3 0 71.394 83.755 67.688 71.294 83.368 67.134 71.001 86.770 64.804
3 0 70.654 86.410 64.338 71.001 86.770 64.804 71.294 83.368 67.134
3 0 71.294 83.368 67.134 70.944 83.024 66.660 70.654 86.410 64.338
3 0 70.110 86.137 64.029 70.654 86.410 64.338 70.944 83.024 66.660
3 0 70.944 83.024 66.660 70.397 82.773 66.338 70.110 86.137 64.029
3 0 67.071 82.178 65.730 66.798 85.407 63.497 66.967 85.044 62.944
3 0 66.967 85.044 62.944 67.237 81.809 65.181 67.071 82.178 65.730
3 0 67.170 82.565 66.284 66.894 85.798 64.049 66.798 85.407 63.497
3 0 66.798 85.407 63.497 67.071 82.178 65.730 67.170 82.565 66.284
3 0 67.520 82.910 66.758 67.241 86.157 64.514 66.894 85.798 64.049
3 0 66.894 85.798 64.049 67.170 82.565 66.284 67.520 82.910 66.758
3 0 68.068 83.161 67.080 67.785 86.431 64.824 67.241 86.157 64.514
3 0 67.241 86.157 64.514 67.520 82.910 66.758 68.068 83.161 67.080
3 0 70.563 82.403 65.788 70.279 85.774 63.475 70.110 86.137 64.029
3 0 70.110 86.137 64.029 70.397 82.773 66.338 70.563 82.403 65.788
3 0 70.464 82.017 65.234 70.183 85.382 62.924 70.279 85.774 63.475
3 0 70.279 85.774 63.475 70.563 82.403 65.788 70.464 82.017 65.234
3 0 70.113 81.672 64.760 69.836 85.023 62.458 70.183 85.382 62.924
3 0 70.183 85.382 62.924 70.464 82.017 65.234 70.113 81.672 64.760
3 0 69.566 81.421 64.438 69.292 84.750 62.149 69.836 85.023 62.458
3 0 69.836 85.023 62.458 70.113 81.672 64.760 69.566 81.421 64.438
3 0 66.240 80.827 63.831 65.981 84.020 61.618 66.149 83.657 61.065
3 0 66.149 83.657 61.065 66.407 80.458 63.282 66.240 80.827 63.831
3 0 66.340 81.214 64.385 66.077 84.411 62.170 65.981 84.020 61.618
3 0 65.981 84.020 61.618 66.240 80.827 63.831 66.340 81.214 64.385
3 0 66.690 81.559 64.859 66.423 84.771 62.635 66.077 84.411 62.170
3 0 66.077 84.411 62.170 66.340 81.214 64.385 66.690 81.559 64.859
3 0 67.237 81.809 65.181 66.967 85.044 62.944 66.423 84.771 62.635
3 0 66.423 84.771 62.635 66.690 81.559 64.859 67.237 81.809 65.181
3 0 69.733 81.052 63.889 69.461 84.387 61.597 69.292 84.750 62.149
3 0 69.292 84.750 62.149 69.566 81.421 64.438 69.733 81.052 63.889
3 0 69.633 80.665 63.335 69.365 83.996 61.045 69.461 84.387 61.597
3 0 69.461 84.387 61.597 69.733 81.052 63.889 69.633 80.665 63.335
3 0 69.283 80.320 62.861 69.019 83.636 60.579 69.365 83.996 61.045
3 0 69.365 83.996 61.045 69.633 80.665 63.335 69.283 80.320 62.861
3 0 68.735 80.070 62.539 68.474 83.363 60.270 69.019 83.636 60.579
3 0 69.019 83.636 60.579 69.283 80.320 62.861 68.735 80.070 62.539
3 0 68.643 83.000 59.717 68.474 83.363 60.270 68.735 80.070 62.539
3 0 68.735 80.070 62.539 68.902 79.700 61.989 68.643 83.000 59.717
3 0 68.547 82.608 59.165 68.643 83.000 59.717 68.902 79.700 61.989
3 0 68.902 79.700 61.989 68.802 79.313 61.435 68.547 82.608 59.165
3 0 68.201 82.249 58.700 68.547 82.608 59.165 68.802 79.313 61.435
3 0 68.802 79.313 61.435 68.452 78.969 60.961 68.201 82.249 58.700
3 0 67.657 81.976 58.390 68.201 82.249 58.700 68.452 78.969 60.961
3 0 68.452 78.969 60.961 67.905 78.718 60.639 67.657 81.976 58.390
3 0 66.998 81.830 58.285 67.657 81.976 58.390 67.905 78.718 60.639
3 0 67.905 78.718 60.639 67.243 78.600 60.518 66.998 81.830 58.285
3 0 66.325 81.835 58.399 66.998 81.830 58.285 67.243 78.600 60.518
3 0 67.243 78.600 60.518 66.568 78.632 60.617 66.325 81.835 58.399
3 0 65.739 81.989 58.715 66.325 81.835 58.399 66.568 78.632 60.617
3 0 66.568 78.632 60.617 65.983 78.810 60.920 65.739 81.989 58.715
3 0 65.331 82.270 59.185 65.739 81.989 58.715 65.983 78.810 60.920
3 0 65.983 78.810 60.920 65.576 79.106 61.382 65.331 82.270 59.185
3 0 65.163 82.633 59.739 65.331 82.270 59.185 65.576 79.106 61.382
3 0 65.576 79.106 61.382 65.410 79.475 61.931 65.163 82.633 59.739
3 0 65.259 83.024 60.290 65.163 82.633 59.739 65.410 79.475 61.931
3 0 65.410 79.475 61.931 65.509 79.862 62.485 65.259 83.024 60.290
3 0 65.605 83.384 60.756 65.259 83.024 60.290 65.509 79.862 62.485
3 0 65.509 79.862 62.485 65.859 80.207 62.959 65.605 83.384 60.756
3 0 66.149 83.657 61.065 65.605 83.384 60.756 65.859 80.207 62.959
3 0 65.859 80.207 62.959 66.407 80.458 63.282 66.149 83.657 61.065
3 0 67.158 90.038 63.132 67.329 89.682 62.575 67.785 86.431 64.824
3 0 67.785 86.431 64.824 67.616 86.794 65.377 67.158 90.038 63.132
3 0 67.251 90.434 63.681 67.158 90.038 63.132 67.616 86.794 65.377
3 0 67.616 86.794 65.377 67.712 87.185 65.928 67.251 90.434 63.681
3 0 67.592 90.810 64.137 67.251 90.434 63.681 67.712 87.185 65.928
3 0 67.712 87.185 65.928 68.059 87.545 66.394 67.592 90.810 64.137
3 0 68.131 91.108 64.432 67.592 90.810 64.137 68.059 87.545 66.394
3 0 68.059 87.545 66.394 68.603 87.818 66.703 68.131 91.108 64.432
3 0 68.785 91.284 64.520 68.131 91.108 64.432 68.603 87.818 66.703
3 0 68.603 87.818 66.703 69.262 87.963 66.809 68.785 91.284 64.520
3 0 69.455 91.310 64.388 68.785 91.284 64.520 69.262 87.963 66.809
3 0 69.262 87.963 66.809 69.935 87.958 66.695 69.455 91.310 64.388
3 0 70.038 91.182 64.057 69.455 91.310 64.388 69.935 87.958 66.695
3 0 69.935 87.958 66.695 70.520 87.804 66.379 70.038 91.182 64.057
3 0 70.446 90.921 63.575 70.038 91.182 64.057 70.520 87.804 66.379
3 0 70.520 87.804 66.379 70.928 87.524 65.908 70.446 90.921 63.575
3 0 70.616 90.565 63.018 70.446 90.921 63.575 70.928 87.524 65.908
3 0 70.928 87.524 65.908 71.097 87.161 65.355 70.616 90.565 63.018
3 0 70.524 90.169 62.470 70.616 90.565 63.018 71.097 87.161 65.355
3 0 71.097 87.161 65.355 71.001 86.770 64.804 70.524 90.169 62.470
3 0 70.182 89.793 62.013 70.524 90.169 62.470 71.001 86.770 64.804
3 0 71.001 86.770 64.804 70.654 86.410 64.338 70.182 89.793 62.013
3 0 69.643 89.495 61.718 70.182 89.793 62.013 70.654 86.410 64.338
3 0 70.654 86.410 64.338 70.110 86.137 64.029 69.643 89.495 61.718
3 0 66.798 85.407 63.497 66.356 88.612 61.275 66.526 88.256 60.717
3 0 66.526 88.256 60.717 66.967 85.044 62.944 66.798 85.407 63.497
3 0 66.894 85.798 64.049 66.448 89.008 61.823 66.356 88.612 61.275
3 0 66.356 88.612 61.275 66.798 85.407 63.497 66.894 85.798 64.049
3 0 67.241 86.157 64.514 66.790 89.384 62.280 66.448 89.008 61.823
3 0 66.448 89.008 61.823 66.894 85.798 64.049 67.241 86.157 64.514
3 0 67.785 86.431 64.824 67.329 89.682 62.575 66.790 89.384 62.280
3 0 66.790 89.384 62.280 67.241 86.157 64.514 67.785 86.431 64.824
3 0 70.279 85.774 63.475 69.814 89.139 61.161 69.643 89.495 61.718
3 0 69.643 89.495 61.718 70.110 86.137 64.029 70.279 85.774 63.475
3 0 70.183 85.382 62.924 69.721 88.743 60.612 69.814 89.139 61.161
3 0 69.814 89.139 61.161 70.279 85.774 63.475 70.183 85.382 62.924
3 0 69.836 85.023 62.458 69.380 88.367 60.156 69.721 88.743 60.612
3 0 69.721 88.743 60.612 70.183 85.382 62.924 69.836 85.023 62.458
3 0 69.292 84.750 62.149 68.841 88.069 59.861 69.380 88.367 60.156
3 0 69.380 88.367 60.156 69.836 85.023 62.458 69.292 84.750 62.149
3 0 65.981 84.020 61.618 65.553 87.187 59.418 65.724 86.831 58.861
3 0 65.724 86.831 58.861 66.149 83.657 61.065 65.981 84.020 61.618
3 0 66.077 84.411 62.170 65.646 87.583 59.967 65.553 87.187 59.418
3 0 65.553 87.187 59.418 65.981 84.020 61.618 66.077 84.411 62.170
3 0 66.423 84.771 62.635 65.988 87.958 60.423 65.646 87.583 59.967
3 0 65.646 87.583 59.967 66.077 84.411 62.170 66.423 84.771 62.635
3 0 66.967 85.044 62.944 66.526 88.256 60.717 65.988 87.958 60.423
3 0 65.988 87.958 60.423 66.423 84.771 62.635 66.967 85.044 62.944
3 0 69.461 84.387 61.597 69.012 87.713 59.304 68.841 88.069 59.861
3 0 68.841 88.069 59.861 69.292 84.750 62.149 69.461 84.387 61.597
3 0 69.365 83.996 61.045 68.919 87.318 58.756 69.012 87.713 59.304
3 0 69.012 87.713 59.304 69.461 84.387 61.597 69.365 83.996 61.045
3 0 69.019 83.636 60.579 68.577 86.942 58.299 68.919 87.318 58.756
3 0 68.919 87.318 58.756 69.365 83.996 61.045 69.019 83.636 60.579
3 0 68.474 83.363 60.270 68.039 86.643 58.005 68.577 86.942 58.299
3 0 68.577 86.942 58.299 69.019 83.636 60.579 68.474 83.363 60.270
3 0 68.209 86.287 57.447 68.039 86.643 58.005 68.474 83.363 60.270
3 0 68.474 83.363 60.270 68.643 83.000 59.717 68.209 86.287 57.447
3 0 68.117 85.892 56.899 68.209 86.287 57.447 68.643 83.000 59.717
3 0 68.643 83.000 59.717 68.547 82.608 59.165 68.117 85.892 56.899
3 0 67.775 85.516 56.442 68.117 85.892 56.899 68.547 82.608 59.165
3 0 68.547 82.608 59.165 68.201 82.249 58.700 67.775 85.516 56.442
3 0 67.236 85.217 56.147 67.775 85.516 56.442 68.201 82.249 58.700
3 0 68.201 82.249 58.700 67.657 81.976 58.390 67.236 85.217 56.147
3 0 66.582 85.042 56.059 67.236 85.217 56.147 67.657 81.976 58.390
3 0 67.657 81.976 58.390 66.998 81.830 58.285 66.582 85.042 56.059
3 0 65.913 85.016 56.191 66.582 85.042 56.059 66.998 81.830 58.285
3 0 66.998 81.830 58.285 66.325 81.835 58.399 65.913 85.016 56.191
3 0 65.330 85.143 56.523 65.913 85.016 56.191 66.325 81.835 58.399
3 0 66.325 81.835 58.399 65.739 81.989 58.715 65.330 85.143 56.523
3 0 64.922 85.405 57.004 65.330 85.143 56.523 65.739 81.989 58.715
3 0 65.739 81.989 58.715 65.331 82.270 59.185 64.922 85.405 57.004
3 0 64.751 85.761 57.561 64.922 85.405 57.004 65.331 82.270 59.185
3 0 65.331 82.270 59.185 65.163 82.633 59.739 64.751 85.761 57.561
3 0 64.844 86.157 58.110 64.751 85.761 57.561 65.163 82.633 59.739
3 0 65.163 82.633 59.739 65.259 83.024 60.290 64.844 86.157 58.110
3 0 65.185 86.532 58.566 64.844 86.157 58.110 65.259 83.024 60.290
3 0 65.259 83.024 60.290 65.605 83.384 60.756 65.185 86.532 58.566
3 0 65.724 86.831 58.861 65.185 86.532 58.566 65.605 83.384 60.756
3 0 65.605 83.384 60.756 66.149 83.657 61.065 65.724 86.831 58.861
3 0 66.457 93.246 60.905 66.629 92.899 60.343 67.329 89.682 62.575
3 0 67.329 89.682 62.575 67.158 90.038 63.132 66.457 93.246 60.905
3 0 66.545 93.647 61.451 66.457 93.246 60.905 67.158 90.038 63.132
3 0 67.158 90.038 63.132 67.251 90.434 63.681 66.545 93.647 61.451
3 0 66.881 94.040 61.897 66.545 93.647 61.451 67.251 90.434 63.681
3 0 67.251 90.434 63.681 67.592 90.810 64.137 66.881 94.040 61.897
3 0 67.412 94.366 62.175 66.881 94.040 61.897 67.592 90.810 64.137
3 0 67.592 90.810 64.137 68.131 91.108 64.432 67.412 94.366 62.175
3 0 68.059 94.576 62.244 67.412 94.366 62.175 68.131 91.108 64.432
3 0 68.131 91.108 64.432 68.785 91.284 64.520 68.059 94.576 62.244
3 0 68.722 94.636 62.092 68.059 94.576 62.244 68.785 91.284 64.520
3 0 68.785 91.284 64.520 69.455 91.310 64.388 68.722 94.636 62.092
3 0 69.300 94.538 61.742 68.722 94.636 62.092 69.455 91.310 64.388
3 0 69.455 91.310 64.388 70.038 91.182 64.057 69.300 94.538 61.742
3 0 69.706 94.297 61.249 69.300 94.538 61.742 70.038 91.182 64.057
3 0 70.038 91.182 64.057 70.446 90.921 63.575 69.706 94.297 61.249
3 0 69.878 93.950 60.687 69.706 94.297 61.249 70.446 90.921 63.575
3 0 70.446 90.921 63.575 70.616 90.565 63.018 69.878 93.950 60.687
3 0 69.790 93.549 60.141 69.878 93.950 60.687 70.616 90.565 63.018
3 0 70.616 90.565 63.018 70.524 90.169 62.470 69.790 93.549 60.141
3 0 69.454 93.156 59.695 69.790 93.549 60.141 70.524 90.169 62.470
3 0 70.524 90.169 62.470 70.182 89.793 62.013 69.454 93.156 59.695
3 0 68.923 92.830 59.417 69.454 93.156 59.695 70.182 89.793 62.013
3 0 70.182 89.793 62.013 69.643 89.495 61.718 68.923 92.830 59.417
3 0 66.356 88.612 61.275 65.673 91.778 59.073 65.845 91.431 58.511
3 0 65.845 91.431 58.511 66.526 88.256 60.717 66.356 88.612 61.275
3 0 66.448 89.008 61.823 65.762 92.179 59.619 65.673 91.778 59.073
3 0 65.673 91.778 59.073 66.356 88.612 61.275 66.448 89.008 61.823
3 0 66.790 89.384 62.280 66.097 92.572 60.065 65.762 92.179 59.619
3 0 65.762 92.179 59.619 66.448 89.008 61.823 66.790 89.384 62.280
3 0 67.329 89.682 62.575 66.629 92.899 60.343 66.097 92.572 60.065
3 0 66.097 92.572 60.065 66.790 89.384 62.280 67.329 89.682 62.575
3 0 69.814 89.139 61.161 69.094 92.482 58.854 68.923 92.830 59.417
3 0 68.923 92.830 59.417 69.643 89.495 61.718 69.814 89.139 61.161
3 0 69.721 88.743 60.612 69.006 92.081 58.309 69.094 92.482 58.854
3 0 69.094 92.482 58.854 69.814 89.139 61.161 69.721 88.743 60.612
3 0 69.380 88.367 60.156 68.670 91.688 57.863 69.006 92.081 58.309
3 0 69.006 92.081 58.309 69.721 88.743 60.612 69.380 88.367 60.156
3 0 68.841 88.069 59.861 68.139 91.362 57.584 68.670 91.688 57.863
3 0 68.670 91.688 57.863 69.380 88.367 60.156 68.841 88.069 59.861
3 0 65.553 87.187 59.418 64.889 90.311 57.241 65.061 89.963 56.679
3 0 65.061 89.963 56.679 65.724 86.831 58.861 65.553 87.187 59.418
3 0 65.646 87.583 59.967 64.978 90.712 57.787 64.889 90.311 57.241
3 0 64.889 90.311 57.241 65.553 87.187 59.418 65.646 87.583 59.967
3 0 65.988 87.958 60.423 65.314 91.105 58.233 64.978 90.712 57.787
3 0 64.978 90.712 57.787 65.646 87.583 59.967 65.988 87.958 60.423
3 0 66.526 88.256 60.717 65.845 91.431 58.511 65.314 91.105 58.233
3 0 65.314 91.105 58.233 65.988 87.958 60.423 66.526 88.256 60.717
3 0 69.012 87.713 59.304 68.311 91.015 57.023 68.139 91.362 57.584
3 0 68.139 91.362 57.584 68.841 88.069 59.861 69.012 87.713 59.304
3 0 68.919 87.318 58.756 68.222 90.614 56.477 68.311 91.015 57.023
3 0 68.311 91.015 57.023 69.012 87.713 59.304 68.919 87.318 58.756
3 0 68.577 86.942 58.299 67.887 90.221 56.031 68.222 90.614 56.477
3 0 68.222 90.614 56.477 68.919 87.318 58.756 68.577 86.942 58.299
3 0 68.039 86.643 58.005 67.355 89.894 55.753 67.887 90.221 56.031
3 0 67.887 90.221 56.031 68.577 86.942 58.299 68.039 86.643 58.005
3 0 67.527 89.547 55.190 67.355 89.894 55.753 68.039 86.643 58.005
3 0 68.039 86.643 58.005 68.209 86.287 57.447 67.527 89.547 55.190
3 0 67.438 89.146 54.645 67.527 89.547 55.190 68.209 86.287 57.447
3 0 68.209 86.287 57.447 68.117 85.892 56.899 67.438 89.146 54.645
3 0 67.103 88.753 54.199 67.438 89.146 54.645 68.117 85.892 56.899
3 0 68.117 85.892 56.899 67.775 85.516 56.442 67.103 88.753 54.199
3 0 66.571 88.426 53.920 67.103 88.753 54.199 67.775 85.516 56.442
3 0 67.775 85.516 56.442 67.236 85.217 56.147 66.571 88.426 53.920
3 0 65.925 88.217 53.852 66.571 88.426 53.920 67.236 85.217 56.147
3 0 67.236 85.217 56.147 66.582 85.042 56.059 65.925 88.217 53.852
3 0 65.262 88.157 54.004 65.925 88.217 53.852 66.582 85.042 56.059
3 0 66.582 85.042 56.059 65.913 85.016 56.191 65.262 88.157 54.004
3 0 64.684 88.255 54.353 65.262 88.157 54.004 65.913 85.016 56.191
3 0 65.913 85.016 56.191 65.330 85.143 56.523 64.684 88.255 54.353
3 0 64.277 88.495 54.847 64.684 88.255 54.353 65.330 85.143 56.523
3 0 65.330 85.143 56.523 64.922 85.405 57.004 64.277 88.495 54.847
3 0 64.106 88.843 55.409 64.277 88.495 54.847 64.922 85.405 57.004
3 0 64.922 85.405 57.004 64.751 85.761 57.561 64.106 88.843 55.409
3 0 64.194 89.244 55.955 64.106 88.843 55.409 64.751 85.761 57.561
3 0 64.751 85.761 57.561 64.844 86.157 58.110 64.194 89.244 55.955
3 0 64.530 89.637 56.401 64.194 89.244 55.955 64.844 86.157 58.110
3 0 64.844 86.157 58.110 65.185 86.532 58.566 64.530 89.637 56.401
3 0 65.061 89.963 56.679 64.530 89.637 56.401 65.185 86.532 58.566
3 0 65.185 86.532 58.566 65.724 86.831 58.861 65.061 89.963 56.679
3 0 65.535 96.407 58.705 65.707 96.070 58.137 66.629 92.899 60.343
3 0 66.629 92.899 60.343 66.457 93.246 60.905 65.535 96.407 58.705
3 0 65.619 96.813 59.248 65.535 96.407 58.705 66.457 93.246 60.905
3 0 66.457 93.246 60.905 66.545 93.647 61.451 65.619 96.813 59.248
3 0 65.946 97.227 59.682 65.619 96.813 59.248 66.545 93.647 61.451
3 0 66.545 93.647 61.451 66.881 94.040 61.897 65.946 97.227 59.682
3 0 66.467 97.585 59.940 65.946 97.227 59.682 66.881 94.040 61.897
3 0 66.881 94.040 61.897 67.412 94.366 62.175 66.467 97.585 59.940
3 0 67.101 97.833 59.985 66.467 97.585 59.940 67.412 94.366 62.175
3 0 67.412 94.366 62.175 68.059 94.576 62.244 67.101 97.833 59.985
3 0 67.753 97.933 59.809 67.101 97.833 59.985 68.059 94.576 62.244
3 0 68.059 94.576 62.244 68.722 94.636 62.092 67.753 97.933 59.809
3 0 68.324 97.871 59.439 67.753 97.933 59.809 68.722 94.636 62.092
3 0 68.722 94.636 62.092 69.300 94.538 61.742 68.324 97.871 59.439
3 0 68.725 97.654 58.931 68.324 97.871 59.439 69.300 94.538 61.742
3 0 69.300 94.538 61.742 69.706 94.297 61.249 68.725 97.654 58.931
3 0 68.897 97.317 58.362 68.725 97.654 58.931 69.706 94.297 61.249
3 0 69.706 94.297 61.249 69.878 93.950 60.687 68.897 97.317 58.362
3 0 68.813 96.911 57.820 68.897 97.317 58.362 69.878 93.950 60.687
3 0 69.878 93.950 60.687 69.790 93.549 60.141 68.813 96.911 57.820
3 0 68.486 96.497 57.386 68.813 96.911 57.820 69.790 93.549 60.141
3 0 69.790 93.549 60.141 69.454 93.156 59.695 68.486 96.497 57.386
3 0 67.965 96.139 57.127 68.486 96.497 57.386 69.454 93.156 59.695
3 0 69.454 93.156 59.695 68.923 92.830 59.417 67.965 96.139 57.127
3 0 65.673 91.778 59.073 64.775 94.892 56.902 64.947 94.555 56.333
3 0 64.947 94.555 56.333 65.845 91.431 58.511 65.673 91.778 59.073
3 0 65.762 92.179 59.619 64.859 95.298 57.444 64.775 94.892 56.902
3 0 64.775 94.892 56.902 65.673 91.778 59.073 65.762 92.179 59.619
3 0 66.097 92.572 60.065 65.186 95.712 57.878 64.859 95.298 57.444
3 0 64.859 95.298 57.444 65.762 92.179 59.619 66.097 92.572 60.065
3 0 66.629 92.899 60.343 65.707 96.070 58.137 65.186 95.712 57.878
3 0 65.186 95.712 57.878 66.097 92.572 60.065 66.629 92.899 60.343
3 0 69.094 92.482 58.854 68.137 95.802 56.559 67.965 96.139 57.127
3 0 67.965 96.139 57.127 68.923 92.830 59.417 69.094 92.482 58.854
3 0 69.006 92.081 58.309 68.053 95.396 56.016 68.137 95.802 56.559
3 0 68.137 95.802 56.559 69.094 92.482 58.854 69.006 92.081 58.309
3 0 68.670 91.688 57.863 67.726 94.982 55.582 68.053 95.396 56.016
3 0 68.053 95.396 56.016 69.006 92.081 58.309 68.670 91.688 57.863
3 0 68.139 91.362 57.584 67.205 94.624 55.323 67.726 94.982 55.582
3 0 67.726 94.982 55.582 68.670 91.688 57.863 68.139 91.362 57.584
3 0 64.889 90.311 57.241 64.015 93.377 55.099 64.187 93.040 54.530
3 0 64.187 93.040 54.530 65.061 89.963 56.679 64.889 90.311 57.241
3 0 64.978 90.712 57.787 64.099 93.784 55.641 64.015 93.377 55.099
3 0 64.015 93.377 55.099 64.889 90.311 57.241 64.978 90.712 57.787
3 0 65.314 91.105 58.233 64.426 94.197 56.075 64.099 93.784 55.641
3 0 64.099 93.784 55.641 64.978 90.712 57.787 65.314 91.105 58.233
3 0 65.845 91.431 58.511 64.947 94.555 56.333 64.426 94.197 56.075
3 0 64.426 94.197 56.075 65.314 91.105 58.233 65.845 91.431 58.511
3 0 68.311 91.015 57.023 67.377 94.287 54.755 67.205 94.624 55.323
3 0 67.205 94.624 55.323 68.139 91.362 57.584 68.311 91.015 57.023
3 0 68.222 90.614 56.477 67.293 93.881 54.213 67.377 94.287 54.755
3 0 67.377 94.287 54.755 68.311 91.015 57.023 68.222 90.614 56.477
3 0 67.887 90.221 56.031 66.966 93.467 53.779 67.293 93.881 54.213
3 0 67.293 93.881 54.213 68.222 90.614 56.477 67.887 90.221 56.031
3 0 67.355 89.894 55.753 66.445 93.109 53.520 66.966 93.467 53.779
3 0 66.966 93.467 53.779 67.887 90.221 56.031 67.355 89.894 55.753
3 0 66.617 92.772 52.952 66.445 93.109 53.520 67.355 89.894 55.753
3 0 67.355 89.894 55.753 67.527 89.547 55.190 66.617 92.772 52.952
3 0 66.533 92.366 52.409 66.617 92.772 52.952 67.527 89.547 55.190
3 0 67.527 89.547 55.190 67.438 89.146 54.645 66.533 92.366 52.409
3 0 66.206 91.952 51.976 66.533 92.366 52.409 67.438 89.146 54.645
3 0 67.438 89.146 54.645 67.103 88.753 54.199 66.206 91.952 51.976
3 0 65.685 91.594 51.717 66.206 91.952 51.976 67.103 88.753 54.199
3 0 67.103 88.753 54.199 66.571 88.426 53.920 65.685 91.594 51.717
3 0 65.051 91.346 51.672 65.685 91.594 51.717 66.571 88.426 53.920
3 0 66.571 88.426 53.920 65.925 88.217 53.852 65.051 91.346 51.672
3 0 64.399 91.246 51.848 65.051 91.346 51.672 65.925 88.217 53.852
3 0 65.925 88.217 53.852 65.262 88.157 54.004 64.399 91.246 51.848
3 0 63.829 91.309 52.218 64.399 91.246 51.848 65.262 88.157 54.004
3 0 65.262 88.157 54.004 64.684 88.255 54.353 63.829 91.309 52.218
3 0 63.427 91.525 52.726 63.829 91.309 52.218 64.684 88.255 54.353
3 0 64.684 88.255 54.353 64.277 88.495 54.847 63.427 91.525 52.726
3 0 63.255 91.862 53.295 63.427 91.525 52.726 64.277 88.495 54.847
3 0 64.277 88.495 54.847 64.106 88.843 55.409 63.255 91.862 53.295
3 0 63.339 92.269 53.837 63.255 91.862 53.295 64.106 88.843 55.409
3 0 64.106 88.843 55.409 64.194 89.244 55.955 63.339 92.269 53.837
3 0 63.666 92.682 54.271 63.339 92.269 53.837 64.194 89.244 55.955
3 0 64.194 89.244 55.955 64.530 89.637 56.401 63.666 92.682 54.271
3 0 64.187 93.040 54.530 63.666 92.682 54.271 64.530 89.637 56.401
3 0 64.530 89.637 56.401 65.061 89.963 56.679 64.187 93.040 54.530
3 0 64.295 99.484 56.557 64.465 99.159 55.981 65.707 96.070 58.137
3 0 65.707 96.070 58.137 65.535 96.407 58.705 64.295 99.484 56.557
3 0 64.374 99.896 57.096 64.295 99.484 56.557 65.535 96.407 58.705
3 0 65.535 96.407 58.705 65.619 96.813 59.248 64.374 99.896 57.096
3 0 64.689 100.333 57.515 64.374 99.896 57.096 65.619 96.813 59.248
3 0 65.619 96.813 59.248 65.946 97.227 59.682 64.689 100.333 57.515
3 0 65.194 100.728 57.751 64.689 100.333 57.515 65.946 97.227 59.682
3 0 65.946 97.227 59.682 66.467 97.585 59.940 65.194 100.728 57.751
3 0 65.810 101.021 57.768 65.194 100.728 57.751 66.467 97.585 59.940
3 0 66.467 97.585 59.940 67.101 97.833 59.985 65.810 101.021 57.768
3 0 66.445 101.167 57.563 65.810 101.021 57.768 67.101 97.833 59.985
3 0 67.101 97.833 59.985 67.753 97.933 59.809 66.445 101.167 57.563
3 0 67.001 101.145 57.168 66.445 101.167 57.563 67.753 97.933 59.809
3 0 67.753 97.933 59.809 68.324 97.871 59.439 67.001 101.145 57.168
3 0 67.394 100.957 56.642 67.001 101.145 57.168 68.324 97.871 59.439
3 0 68.324 97.871 59.439 68.725 97.654 58.931 67.394 100.957 56.642
3 0 67.564 100.633 56.066 67.394 100.957 56.642 68.725 97.654 58.931
3 0 68.725 97.654 58.931 68.897 97.317 58.362 67.564 100.633 56.066
3 0 67.485 100.221 55.527 67.564 100.633 56.066 68.897 97.317 58.362
3 0 68.897 97.317 58.362 68.813 96.911 57.820 67.485 100.221 55.527
3 0 67.170 99.784 55.108 67.485 100.221 55.527 68.813 96.911 57.820
3 0 68.813 96.911 57.820 68.486 96.497 57.386 67.170 99.784 55.108
3 0 66.666 99.389 54.872 67.170 99.784 55.108 68.486 96.497 57.386
3 0 68.486 96.497 57.386 67.965 96.139 57.127 66.666 99.389 54.872
3 0 64.775 94.892 56.902 63.566 97.915 54.787 63.737 97.590 54.211
3 0 63.737 97.590 54.211 64.947 94.555 56.333 64.775 94.892 56.902
3 0 64.859 95.298 57.444 63.645 98.327 55.325 63.566 97.915 54.787
3 0 63.566 97.915 54.787 64.775 94.892 56.902 64.859 95.298 57.444
3 0 65.186 95.712 57.878 63.961 98.764 55.745 63.645 98.327 55.325
3 0 63.645 98.327 55.325 64.859 95.298 57.444 65.186 95.712 57.878
3 0 65.707 96.070 58.137 64.465 99.159 55.981 63.961 98.764 55.745
3 0 63.961 98.764 55.745 65.186 95.712 57.878 65.707 96.070 58.137
3 0 68.137 95.802 56.559 66.836 99.064 54.295 66.666 99.389 54.872
3 0 66.666 99.389 54.872 67.965 96.139 57.127 68.137 95.802 56.559
3 0 68.053 95.396 56.016 66.757 98.652 53.757 66.836 99.064 54.295
3 0 66.836 99.064 54.295 68.137 95.802 56.559 68.053 95.396 56.016
3 0 67.726 94.982 55.582 66.441 98.215 53.337 66.757 98.652 53.757
3 0 66.757 98.652 53.757 68.053 95.396 56.016 67.726 94.982 55.582
3 0 67.205 94.624 55.323 65.937 97.820 53.101 66.441 98.215 53.337
3 0 66.441 98.215 53.337 67.726 94.982 55.582 67.205 94.624 55.323
3 0 64.015 93.377 55.099 62.838 96.346 53.017 63.008 96.022 52.441
3 0 63.008 96.022 52.441 64.187 93.040 54.530 64.015 93.377 55.099
3 0 64.099 93.784 55.641 62.917 96.759 53.556 62.838 96.346 53.017
3 0 62.838 96.346 53.017 64.015 93.377 55.099 64.099 93.784 55.641
3 0 64.426 94.197 56.075 63.232 97.195 53.975 62.917 96.759 53.556
3 0 62.917 96.759 53.556 64.099 93.784 55.641 64.426 94.197 56.075
3 0 64.947 94.555 56.333 63.737 97.590 54.211 63.232 97.195 53.975
3 0 63.232 97.195 53.975 64.426 94.197 56.075 64.947 94.555 56.333
3 0 67.377 94.287 54.755 66.107 97.496 52.526 65.937 97.820 53.101
3 0 65.937 97.820 53.101 67.205 94.624 55.323 67.377 94.287 54.755
3 0 67.293 93.881 54.213 66.029 97.084 51.987 66.107 97.496 52.526
3 0 66.107 97.496 52.526 67.377 94.287 54.755 67.293 93.881 54.213
3 0 66.966 93.467 53.779 65.713 96.647 51.567 66.029 97.084 51.987
3 0 66.029 97.084 51.987 67.293 93.881 54.213 66.966 93.467 53.779
3 0 66.445 93.109 53.520 65.209 96.252 51.331 65.713 96.647 51.567
3 0 65.713 96.647 51.567 66.966 93.467 53.779 66.445 93.109 53.520
3 0 65.379 95.927 50.755 65.209 96.252 51.331 66.445 93.109 53.520
3 0 66.445 93.109 53.520 66.617 92.772 52.952 65.379 95.927 50.755
3 0 65.300 95.515 50.216 65.379 95.927 50.755 66.617 92.772 52.952
3 0 66.617 92.772 52.952 66.533 92.366 52.409 65.300 95.515 50.216
3 0 64.985 95.078 49.797 65.300 95.515 50.216 66.533 92.366 52.409
3 0 66.533 92.366 52.409 66.206 91.952 51.976 64.985 95.078 49.797
3 0 64.480 94.683 49.561 64.985 95.078 49.797 66.206 91.952 51.976
3 0 66.206 91.952 51.976 65.685 91.594 51.717 64.480 94.683 49.561
3 0 63.864 94.390 49.544 64.480 94.683 49.561 65.685 91.594 51.717
3 0 65.685 91.594 51.717 65.051 91.346 51.672 63.864 94.390 49.544
3 0 63.229 94.243 49.749 63.864 94.390 49.544 65.051 91.346 51.672
3 0 65.051 91.346 51.672 64.399 91.246 51.848 63.229 94.243 49.749
3 0 62.673 94.265 50.144 63.229 94.243 49.749 64.399 91.246 51.848
3 0 64.399 91.246 51.848 63.829 91.309 52.218 62.673 94.265 50.144
3 0 62.280 94.453 50.670 62.673 94.265 50.144 63.829 91.309 52.218
3 0 63.829 91.309 52.218 63.427 91.525 52.726 62.280 94.453 50.670
3 0 62.110 94.778 51.246 62.280 94.453 50.670 63.427 91.525 52.726
3 0 63.427 91.525 52.726 63.255 91.862 53.295 62.110 94.778 51.246
3 0 62.188 95.190 51.785 62.110 94.778 51.246 63.255 91.862 53.295
3 0 63.255 91.862 53.295 63.339 92.269 53.837 62.188 95.190 51.785
3 0 62.504 95.627 52.204 62.188 95.190 51.785 63.339 92.269 53.837
3 0 63.339 92.269 53.837 63.666 92.682 54.271 62.504 95.627 52.204
3 0 63.008 96.022 52.441 62.504 95.627 52.204 63.666 92.682 54.271
3 0 63.666 92.682 54.271 64.187 93.040 54.530 63.008 96.022 52.441
3 0 62.744 102.454 54.477 62.910 102.142 53.892 64.465 99.159 55.981
3 0 64.465 99.159 55.981 64.295 99.484 56.557 62.744 102.454 54.477
3 0 62.817 102.872 55.012 62.744 102.454 54.477 64.295 99.484 56.557
3 0 64.295 99.484 56.557 64.374 99.896 57.096 62.817 102.872 55.012
3 0 63.118 103.332 55.416 62.817 102.872 55.012 64.374 99.896 57.096
3 0 64.374 99.896 57.096 64.689 100.333 57.515 63.118 103.332 55.416
3 0 63.601 103.766 55.629 63.118 103.332 55.416 64.689 100.333 57.515
3 0 64.689 100.333 57.515 65.194 100.728 57.751 63.601 103.766 55.629
3 0 64.193 104.106 55.616 63.601 103.766 55.629 65.194 100.728 57.751
3 0 65.194 100.728 57.751 65.810 101.021 57.768 64.193 104.106 55.616
3 0 64.804 104.301 55.381 64.193 104.106 55.616 65.810 101.021 57.768
3 0 65.810 101.021 57.768 66.445 101.167 57.563 64.804 104.301 55.381
3 0 65.340 104.321 54.958 64.804 104.301 55.381 66.445 101.167 57.563
3 0 66.445 101.167 57.563 67.001 101.145 57.168 65.340 104.321 54.958
3 0 65.720 104.163 54.414 65.340 104.321 54.958 67.001 101.145 57.168
3 0 67.001 101.145 57.168 67.394 100.957 56.642 65.720 104.163 54.414
3 0 65.887 103.852 53.829 65.720 104.163 54.414 67.394 100.957 56.642
3 0 67.394 100.957 56.642 67.564 100.633 56.066 65.887 103.852 53.829
3 0 65.814 103.434 53.294 65.887 103.852 53.829 67.564 100.633 56.066
3 0 67.564 100.633 56.066 67.485 100.221 55.527 65.814 103.434 53.294
3 0 65.513 102.973 52.889 65.814 103.434 53.294 67.485 100.221 55.527
3 0 67.485 100.221 55.527 67.170 99.784 55.108 65.513 102.973 52.889
3 0 65.029 102.540 52.677 65.513 102.973 52.889 67.170 99.784 55.108
3 0 67.170 99.784 55.108 66.666 99.389 54.872 65.029 102.540 52.677
3 0 63.566 97.915 54.787 62.053 100.831 52.740 62.220 100.519 52.156
3 0 62.220 100.519 52.156 63.737 97.590 54.211 63.566 97.915 54.787
3 0 63.645 98.327 55.325 62.126 101.248 53.276 62.053 100.831 52.740
3 0 62.053 100.831 52.740 63.566 97.915 54.787 63.645 98.327 55.325
3 0 63.961 98.764 55.745 62.427 101.709 53.680 62.126 101.248 53.276
3 0 62.126 101.248 53.276 63.645 98.327 55.325 63.961 98.764 55.745
3 0 64.465 99.159 55.981 62.910 102.142 53.892 62.427 101.709 53.680
3 0 62.427 101.709 53.680 63.961 98.764 55.745 64.465 99.159 55.981
3 0 66.836 99.064 54.295 65.196 102.229 52.093 65.029 102.540 52.677
3 0 65.029 102.540 52.677 66.666 99.389 54.872 66.836 99.064 54.295
3 0 66.757 98.652 53.757 65.123 101.811 51.557 65.196 102.229 52.093
3 0 65.196 102.229 52.093 66.836 99.064 54.295 66.757 98.652 53.757
3 0 66.441 98.215 53.337 64.822 101.350 51.153 65.123 101.811 51.557
3 0 65.123 101.811 51.557 66.757 98.652 53.757 66.441 98.215 53.337
3 0 65.937 97.820 53.101 64.339 100.917 50.941 64.822 101.350 51.153
3 0 64.822 101.350 51.153 66.441 98.215 53.337 65.937 97.820 53.101
3 0 62.838 96.346 53.017 61.363 99.208 51.005 61.529 98.897 50.420
3 0 61.529 98.897 50.420 63.008 96.022 52.441 62.838 96.346 53.017
3 0 62.917 96.759 53.556 61.436 99.626 51.540 61.363 99.208 51.005
3 0 61.363 99.208 51.005 62.838 96.346 53.017 62.917 96.759 53.556
3 0 63.232 97.195 53.975 61.736 100.086 51.944 61.436 99.626 51.540
3 0 61.436 99.626 51.540 62.917 96.759 53.556 63.232 97.195 53.975
3 0 63.737 97.590 54.211 62.220 100.519 52.156 61.736 100.086 51.944
3 0 61.736 100.086 51.944 63.232 97.195 53.975 63.737 97.590 54.211
3 0 66.107 97.496 52.526 64.505 100.606 50.357 64.339 100.917 50.941
3 0 64.339 100.917 50.941 65.937 97.820 53.101 66.107 97.496 52.526
3 0 66.029 97.084 51.987 64.432 100.188 49.822 64.505 100.606 50.357
3 0 64.505 100.606 50.357 66.107 97.496 52.526 66.029 97.084 51.987
3 0 65.713 96.647 51.567 64.132 99.728 49.417 64.432 100.188 49.822
3 0 64.432 100.188 49.822 66.029 97.084 51.987 65.713 96.647 51.567
3 0 65.209 96.252 51.331 63.648 99.294 49.205 64.132 99.728 49.417
3 0 64.132 99.728 49.417 65.713 96.647 51.567 65.209 96.252 51.331
3 0 63.815 98.983 48.621 63.648 99.294 49.205 65.209 96.252 51.331
3 0 65.209 96.252 51.331 65.379 95.927 50.755 63.815 98.983 48.621
3 0 63.742 98.565 48.085 63.815 98.983 48.621 65.379 95.927 50.755
3 0 65.379 95.927 50.755 65.300 95.515 50.216 63.742 98.565 48.085
3 0 63.441 98.104 47.681 63.742 98.565 48.085 65.300 95.515 50.216
3 0 65.300 95.515 50.216 64.985 95.078 49.797 63.441 98.104 47.681
3 0 62.958 97.671 47.469 63.441 98.104 47.681 64.985 95.078 49.797
3 0 64.985 95.078 49.797 64.480 94.683 49.561 62.958 97.671 47.469
3 0 62.366 97.331 47.482 62.958 97.671 47.469 64.480 94.683 49.561
3 0 64.480 94.683 49.561 63.864 94.390 49.544 62.366 97.331 47.482
3 0 61.755 97.136 47.717 62.366 97.331 47.482 63.864 94.390 49.544
3 0 63.864 94.390 49.544 63.229 94.243 49.749 61.755 97.136 47.717
3 0 61.219 97.116 48.139 61.755 97.136 47.717 63.229 94.243 49.749
3 0 63.229 94.243 49.749 62.673 94.265 50.144 61.219 97.116 48.139
3 0 60.838 97.273 48.684 61.219 97.116 48.139 62.673 94.265 50.144
3 0 62.673 94.265 50.144 62.280 94.453 50.670 60.838 97.273 48.684
3 0 60.672 97.585 49.269 60.838 97.273 48.684 62.280 94.453 50.670
3 0 62.280 94.453 50.670 62.110 94.778 51.246 60.672 97.585 49.269
3 0 60.745 98.003 49.804 60.672 97.585 49.269 62.110 94.778 51.246
3 0 62.110 94.778 51.246 62.188 95.190 51.785 60.745 98.003 49.804
3 0 61.046 98.463 50.208 60.745 98.003 49.804 62.188 95.190 51.785
3 0 62.188 95.190 51.785 62.504 95.627 52.204 61.046 98.463 50.208
3 0 61.529 98.897 50.420 61.046 98.463 50.208 62.504 95.627 52.204
3 0 62.504 95.627 52.204 63.008 96.022 52.441 61.529 98.897 50.420
3 0 60.851 105.277 52.493 61.011 104.980 51.899 62.910 102.142 53.892
3 0 62.910 102.142 53.892 62.744 102.454 54.477 60.851 105.277 52.493
3 0 60.918 105.701 53.024 60.851 105.277 52.493 62.744 102.454 54.477
3 0 62.744 102.454 54.477 62.817 102.872 55.012 60.918 105.701 53.024
3 0 61.200 106.186 53.413 60.918 105.701 53.024 62.817 102.872 55.012
3 0 62.817 102.872 55.012 63.118 103.332 55.416 61.200 106.186 53.413
3 0 61.655 106.660 53.599 61.200 106.186 53.413 63.118 103.332 55.416
3 0 63.118 103.332 55.416 63.601 103.766 55.629 61.655 106.660 53.599
3 0 62.215 107.049 53.555 61.655 106.660 53.599 63.601 103.766 55.629
3 0 63.601 103.766 55.629 64.193 104.106 55.616 62.215 107.049 53.555
3 0 62.792 107.295 53.287 62.215 107.049 53.555 64.193 104.106 55.616
3 0 64.193 104.106 55.616 64.804 104.301 55.381 62.792 107.295 53.287
3 0 63.301 107.360 52.836 62.792 107.295 53.287 64.804 104.301 55.381
3 0 64.804 104.301 55.381 65.340 104.321 54.958 63.301 107.360 52.836
3 0 63.663 107.235 52.271 63.301 107.360 52.836 65.340 104.321 54.958
3 0 65.340 104.321 54.958 65.720 104.163 54.414 63.663 107.235 52.271
3 0 63.822 106.938 51.677 63.663 107.235 52.271 65.720 104.163 54.414
3 0 65.720 104.163 54.414 65.887 103.852 53.829 63.822 106.938 51.677
3 0 63.756 106.514 51.145 63.822 106.938 51.677 65.887 103.852 53.829
3 0 65.887 103.852 53.829 65.814 103.434 53.294 63.756 106.514 51.145
3 0 63.474 106.029 50.757 63.756 106.514 51.145 65.814 103.434 53.294
3 0 65.814 103.434 53.294 65.513 102.973 52.889 63.474 106.029 50.757
3 0 63.018 105.555 50.570 63.474 106.029 50.757 65.513 102.973 52.889
3 0 65.513 102.973 52.889 65.029 102.540 52.677 63.018 105.555 50.570
3 0 62.053 100.831 52.740 60.207 103.598 50.792 60.367 103.301 50.199
3 0 60.367 103.301 50.199 62.220 100.519 52.156 62.053 100.831 52.740
3 0 62.126 101.248 53.276 60.273 104.021 51.324 60.207 103.598 50.792
3 0 60.207 103.598 50.792 62.053 100.831 52.740 62.126 101.248 53.276
3 0 62.427 101.709 53.680 60.556 104.507 51.713 60.273 104.021 51.324
3 0 60.273 104.021 51.324 62.126 101.248 53.276 62.427 101.709 53.680
3 0 62.910 102.142 53.892 61.011 104.980 51.899 60.556 104.507 51.713
3 0 60.556 104.507 51.713 62.427 101.709 53.680 62.910 102.142 53.892
3 0 65.196 102.229 52.093 63.178 105.258 49.976 63.018 105.555 50.570
3 0 63.018 105.555 50.570 65.029 102.540 52.677 65.196 102.229 52.093
3 0 65.123 101.811 51.557 63.112 104.835 49.445 63.178 105.258 49.976
3 0 63.178 105.258 49.976 65.196 102.229 52.093 65.123 101.811 51.557
3 0 64.822 101.350 51.153 62.830 104.349 49.056 63.112 104.835 49.445
3 0 63.112 104.835 49.445 65.123 101.811 51.557 64.822 101.350 51.153
3 0 64.339 100.917 50.941 62.374 103.876 48.870 62.830 104.349 49.056
3 0 62.830 104.349 49.056 64.822 101.350 51.153 64.339 100.917 50.941
3 0 61.363 99.208 51.005 59.563 101.919 49.093 59.723 101.622 48.499
3 0 59.723 101.622 48.499 61.529 98.897 50.420 61.363 99.208 51.005
3 0 61.436 99.626 51.540 59.630 102.343 49.624 59.563 101.919 49.093
3 0 59.563 101.919 49.093 61.363 99.208 51.005 61.436 99.626 51.540
3 0 61.736 100.086 51.944 59.912 102.828 50.013 59.630 102.343 49.624
3 0 59.630 102.343 49.624 61.436 99.626 51.540 61.736 100.086 51.944
3 0 62.220 100.519 52.156 60.367 103.301 50.199 59.912 102.828 50.013
3 0 59.912 102.828 50.013 61.736 100.086 51.944 62.220 100.519 52.156
3 0 64.505 100.606 50.357 62.534 103.580 48.277 62.374 103.876 48.870
3 0 62.374 103.876 48.870 64.339 100.917 50.941 64.505 100.606 50.357
3 0 64.432 100.188 49.822 62.468 103.156 47.745 62.534 103.580 48.277
3 0 62.534 103.580 48.277 64.505 100.606 50.357 64.432 100.188 49.822
3 0 64.132 99.728 49.417 62.186 102.671 47.357 62.468 103.156 47.745
3 0 62.468 103.156 47.745 64.432 100.188 49.822 64.132 99.728 49.417
3 0 63.648 99.294 49.205 61.730 102.197 47.170 62.186 102.671 47.357
3 0 62.186 102.671 47.357 64.132 99.728 49.417 63.648 99.294 49.205
3 0 61.890 101.900 46.576 61.730 102.197 47.170 63.648 99.294 49.205
3 0 63.648 99.294 49.205 63.815 98.983 48.621 61.890 101.900 46.576
3 0 61.824 101.477 46.045 61.890 101.900 46.576 63.815 98.983 48.621
3 0 63.815 98.983 48.621 63.742 98.565 48.085 61.824 101.477 46.045
3 0 61.542 100.991 45.656 61.824 101.477 46.045 63.742 98.565 48.085
3 0 63.742 98.565 48.085 63.441 98.104 47.681 61.542 100.991 45.656
3 0 61.086 100.518 45.470 61.542 100.991 45.656 63.441 98.104 47.681
3 0 63.441 98.104 47.681 62.958 97.671 47.469 61.086 100.518 45.470
3 0 60.527 100.128 45.514 61.086 100.518 45.470 62.958 97.671 47.469
3 0 62.958 97.671 47.469 62.366 97.331 47.482 60.527 100.128 45.514
3 0 59.949 99.882 45.782 60.527 100.128 45.514 62.366 97.331 47.482
3 0 62.366 97.331 47.482 61.755 97.136 47.717 59.949 99.882 45.782
3 0 59.441 99.817 46.233 59.949 99.882 45.782 61.755 97.136 47.717
3 0 61.755 97.136 47.717 61.219 97.116 48.139 59.441 99.817 46.233
3 0 59.079 99.943 46.799 59.441 99.817 46.233 61.219 97.116 48.139
3 0 61.219 97.116 48.139 60.838 97.273 48.684 59.079 99.943 46.799
3 0 58.919 100.240 47.392 59.079 99.943 46.799 60.838 97.273 48.684
3 0 60.838 97.273 48.684 60.672 97.585 49.269 58.919 100.240 47.392
3 0 58.985 100.663 47.924 58.919 100.240 47.392 60.672 97.585 49.269
3 0 60.672 97.585 49.269 60.745 98.003 49.804 58.985 100.663 47.924
3 0 59.268 101.148 48.312 58.985 100.663 47.924 60.745 98.003 49.804
3 0 60.745 98.003 49.804 61.046 98.463 50.208 59.268 101.148 48.312
3 0 59.723 101.622 48.499 59.268 101.148 48.312 61.046 98.463 50.208
3 0 61.046 98.463 50.208 61.529 98.897 50.420 59.723 101.622 48.499
3 0 58.612 107.911 50.636 58.761 107.630 50.031 61.011 104.980 51.899
3 0 61.011 104.980 51.899 60.851 105.277 52.493 58.612 107.911 50.636
3 0 58.671 108.340 51.163 58.612 107.911 50.636 60.851 105.277 52.493
3 0 60.851 105.277 52.493 60.918 105.701 53.024 58.671 108.340 51.163
3 0 58.928 108.852 51.535 58.671 108.340 51.163 60.918 105.701 53.024
3 0 60.918 105.701 53.024 61.200 106.186 53.413 58.928 108.852 51.535
3 0 59.345 109.369 51.693 58.928 108.852 51.535 61.200 106.186 53.413
3 0 61.200 106.186 53.413 61.655 106.660 53.599 59.345 109.369 51.693
3 0 59.858 109.813 51.613 59.345 109.369 51.693 61.655 106.660 53.599
3 0 61.655 106.660 53.599 62.215 107.049 53.555 59.858 109.813 51.613
3 0 60.390 110.114 51.309 59.858 109.813 51.613 62.215 107.049 53.555
3 0 62.215 107.049 53.555 62.792 107.295 53.287 60.390 110.114 51.309
3 0 60.859 110.229 50.826 60.390 110.114 51.309 62.792 107.295 53.287
3 0 62.792 107.295 53.287 63.301 107.360 52.836 60.859 110.229 50.826
3 0 61.193 110.139 50.237 60.859 110.229 50.826 63.301 107.360 52.836
3 0 63.301 107.360 52.836 63.663 107.235 52.271 61.193 110.139 50.237
3 0 61.342 109.858 49.633 61.193 110.139 50.237 63.663 107.235 52.271
3 0 63.663 107.235 52.271 63.822 106.938 51.677 61.342 109.858 49.633
3 0 61.284 109.429 49.105 61.342 109.858 49.633 63.822 106.938 51.677
3 0 63.822 106.938 51.677 63.756 106.514 51.145 61.284 109.429 49.105
3 0 61.027 108.916 48.734 61.284 109.429 49.105 63.756 106.514 51.145
3 0 63.756 106.514 51.145 63.474 106.029 50.757 61.027 108.916 48.734
3 0 60.609 108.399 48.576 61.027 108.916 48.734 63.474 106.029 50.757
3 0 63.474 106.029 50.757 63.018 105.555 50.570 60.609 108.399 48.576
3 0 60.207 103.598 50.792 58.028 106.171 48.974 58.178 105.890 48.370
3 0 58.178 105.890 48.370 60.367 103.301 50.199 60.207 103.598 50.792
3 0 60.273 104.021 51.324 58.087 106.601 49.502 58.028 106.171 48.974
3 0 58.028 106.171 48.974 60.207 103.598 50.792 60.273 104.021 51.324
3 0 60.556 104.507 51.713 58.344 107.113 49.873 58.087 106.601 49.502
3 0 58.087 106.601 49.502 60.273 104.021 51.324 60.556 104.507 51.713
3 0 61.011 104.980 51.899 58.761 107.630 50.031 58.344 107.113 49.873
3 0 58.344 107.113 49.873 60.556 104.507 51.713 61.011 104.980 51.899
3 0 63.178 105.258 49.976 60.759 108.118 47.972 60.609 108.399 48.576
3 0 60.609 108.399 48.576 63.018 105.555 50.570 63.178 105.258 49.976
3 0 63.112 104.835 49.445 60.700 107.689 47.444 60.759 108.118 47.972
3 0 60.759 108.118 47.972 63.178 105.258 49.976 63.112 104.835 49.445
3 0 62.830 104.349 49.056 60.443 107.177 47.073 60.700 107.689 47.444
3 0 60.700 107.689 47.444 63.112 104.835 49.445 62.830 104.349 49.056
3 0 62.374 103.876 48.870 60.026 106.660 46.915 60.443 107.177 47.073
3 0 60.443 107.177 47.073 62.830 104.349 49.056 62.374 103.876 48.870
3 0 59.563 101.919 49.093 57.445 104.432 47.314 57.594 104.151 46.709
3 0 57.594 104.151 46.709 59.723 101.622 48.499 59.563 101.919 49.093
3 0 59.630 102.343 49.624 57.503 104.862 47.841 57.445 104.432 47.314
3 0 57.445 104.432 47.314 59.563 101.919 49.093 59.630 102.343 49.624
3 0 59.912 102.828 50.013 57.761 105.374 48.213 57.503 104.862 47.841
3 0 57.503 104.862 47.841 59.630 102.343 49.624 59.912 102.828 50.013
3 0 60.367 103.301 50.199 58.178 105.890 48.370 57.761 105.374 48.213
3 0 57.761 105.374 48.213 59.912 102.828 50.013 60.367 103.301 50.199
3 0 62.534 103.580 48.277 60.175 106.379 46.311 60.026 106.660 46.915
3 0 60.026 106.660 46.915 62.374 103.876 48.870 62.534 103.580 48.277
3 0 62.468 103.156 47.745 60.117 105.950 45.783 60.175 106.379 46.311
3 0 60.175 106.379 46.311 62.534 103.580 48.277 62.468 103.156 47.745
3 0 62.186 102.671 47.357 59.859 105.438 45.412 60.117 105.950 45.783
3 0 60.117 105.950 45.783 62.468 103.156 47.745 62.186 102.671 47.357
3 0 61.730 102.197 47.170 59.442 104.921 45.254 59.859 105.438 45.412
3 0 59.859 105.438 45.412 62.186 102.671 47.357 61.730 102.197 47.170
3 0 59.591 104.640 44.650 59.442 104.921 45.254 61.730 102.197 47.170
3 0 61.730 102.197 47.170 61.890 101.900 46.576 59.591 104.640 44.650
3 0 59.533 104.210 44.122 59.591 104.640 44.650 61.890 101.900 46.576
3 0 61.890 101.900 46.576 61.824 101.477 46.045 59.533 104.210 44.122
3 0 59.276 103.698 43.751 59.533 104.210 44.122 61.824 101.477 46.045
3 0 61.824 101.477 46.045 61.542 100.991 45.656 59.276 103.698 43.751
3 0 58.858 103.181 43.593 59.276 103.698 43.751 61.542 100.991 45.656
3 0 61.542 100.991 45.656 61.086 100.518 45.470 58.858 103.181 43.593
3 0 58.345 102.738 43.672 58.858 103.181 43.593 61.086 100.518 45.470
3 0 61.086 100.518 45.470 60.527 100.128 45.514 58.345 102.738 43.672
3 0 57.814 102.436 43.976 58.345 102.738 43.672 60.527 100.128 45.514
3 0 60.527 100.128 45.514 59.949 99.882 45.782 57.814 102.436 43.976
3 0 57.345 102.322 44.460 57.814 102.436 43.976 59.949 99.882 45.782
3 0 59.949 99.882 45.782 59.441 99.817 46.233 57.345 102.322 44.460
3 0 57.010 102.412 45.048 57.345 102.322 44.460 59.441 99.817 46.233
3 0 59.441 99.817 46.233 59.079 99.943 46.799 57.010 102.412 45.048
3 0 56.861 102.693 45.652 57.010 102.412 45.048 59.079 99.943 46.799
3 0 59.079 99.943 46.799 58.919 100.240 47.392 56.861 102.693 45.652
3 0 56.920 103.122 46.180 56.861 102.693 45.652 58.919 100.240 47.392
3 0 58.919 100.240 47.392 58.985 100.663 47.924 56.920 103.122 46.180
3 0 57.177 103.634 46.551 56.920 103.122 46.180 58.985 100.663 47.924
3 0 58.985 100.663 47.924 59.268 101.148 48.312 57.177 103.634 46.551
3 0 57.594 104.151 46.709 57.177 103.634 46.551 59.268 101.148 48.312
3 0 59.268 101.148 48.312 59.723 101.622 48.499 57.594 104.151 46.709
3 0 55.971 110.269 48.965 56.105 110.004 48.350 58.761 107.630 50.031
3 0 58.761 107.630 50.031 58.612 107.911 50.636 55.971 110.269 48.965
3 0 56.020 110.704 49.489 55.971 110.269 48.965 58.612 107.911 50.636
3 0 58.612 107.911 50.636 58.671 108.340 51.163 56.020 110.704 49.489
3 0 56.246 111.242 49.843 56.020 110.704 49.489 58.671 108.340 51.163
3 0 58.671 108.340 51.163 58.928 108.852 51.535 56.246 111.242 49.843
3 0 56.614 111.803 49.972 56.246 111.242 49.843 58.928 108.852 51.535
3 0 58.928 108.852 51.535 59.345 109.369 51.693 56.614 111.803 49.972
3 0 57.068 112.300 49.857 56.614 111.803 49.972 59.345 109.369 51.693
3 0 59.345 109.369 51.693 59.858 109.813 51.613 57.068 112.300 49.857
3 0 57.539 112.658 49.516 57.068 112.300 49.857 59.858 109.813 51.613
3 0 59.858 109.813 51.613 60.390 110.114 51.309 57.539 112.658 49.516
3 0 57.955 112.822 49.000 57.539 112.658 49.516 60.390 110.114 51.309
3 0 60.390 110.114 51.309 60.859 110.229 50.826 57.955 112.822 49.000
3 0 58.253 112.768 48.388 57.955 112.822 49.000 60.859 110.229 50.826
3 0 60.859 110.229 50.826 61.193 110.139 50.237 58.253 112.768 48.388
3 0 58.387 112.503 47.773 58.253 112.768 48.388 61.193 110.139 50.237
3 0 61.193 110.139 50.237 61.342 109.858 49.633 58.387 112.503 47.773
3 0 58.337 112.068 47.249 58.387 112.503 47.773 61.342 109.858 49.633
3 0 61.342 109.858 49.633 61.284 109.429 49.105 58.337 112.068 47.249
3 0 58.111 111.529 46.895 58.337 112.068 47.249 61.284 109.429 49.105
3 0 61.284 109.429 49.105 61.027 108.916 48.734 58.111 111.529 46.895
3 0 57.743 110.969 46.766 58.111 111.529 46.895 61.027 108.916 48.734
3 0 61.027 108.916 48.734 60.609 108.399 48.576 57.743 110.969 46.766
3 0 58.028 106.171 48.974 55.461 108.470 47.343 55.596 108.205 46.728
3 0 55.596 108.205 46.728 58.178 105.890 48.370 58.028 106.171 48.974
3 0 58.087 106.601 49.502 55.511 108.905 47.867 55.461 108.470 47.343
3 0 55.461 108.470 47.343 58.028 106.171 48.974 58.087 106.601 49.502
3 0 58.344 107.113 49.873 55.737 109.443 48.221 55.511 108.905 47.867
3 0 55.511 108.905 47.867 58.087 106.601 49.502 58.344 107.113 49.873
3 0 58.761 107.630 50.031 56.105 110.004 48.350 55.737 109.443 48.221
3 0 55.737 109.443 48.221 58.344 107.113 49.873 58.761 107.630 50.031
3 0 60.759 108.118 47.972 57.878 110.704 46.151 57.743 110.969 46.766
3 0 57.743 110.969 46.766 60.609 108.399 48.576 60.759 108.118 47.972
3 0 60.700 107.689 47.444 57.828 110.269 45.627 57.878 110.704 46.151
3 0 57.878 110.704 46.151 60.759 108.118 47.972 60.700 107.689 47.444
3 0 60.443 107.177 47.073 57.602 109.730 45.273 57.828 110.269 45.627
3 0 57.828 110.269 45.627 60.700 107.689 47.444 60.443 107.177 47.073
3 0 60.026 106.660 46.915 57.234 109.170 45.144 57.602 109.730 45.273
3 0 57.602 109.730 45.273 60.443 107.177 47.073 60.026 106.660 46.915
3 0 57.445 104.432 47.314 54.952 106.671 45.722 55.087 106.407 45.107
3 0 55.087 106.407 45.107 57.594 104.151 46.709 57.445 104.432 47.314
3 0 57.503 104.862 47.841 55.002 107.106 46.246 54.952 106.671 45.722
3 0 54.952 106.671 45.722 57.445 104.432 47.314 57.503 104.862 47.841
3 0 57.761 105.374 48.213 55.228 107.645 46.600 55.002 107.106 46.246
3 0 55.002 107.106 46.246 57.503 104.862 47.841 57.761 105.374 48.213
3 0 58.178 105.890 48.370 55.596 108.205 46.728 55.228 107.645 46.600
3 0 55.228 107.645 46.600 57.761 105.374 48.213 58.178 105.890 48.370
3 0 60.175 106.379 46.311 57.369 108.905 44.529 57.234 109.170 45.144
3 0 57.234 109.170 45.144 60.026 106.660 46.915 60.175 106.379 46.311
3 0 60.117 105.950 45.783 57.319 108.470 44.005 57.369 108.905 44.529
3 0 57.369 108.905 44.529 60.175 106.379 46.311 60.117 105.950 45.783
3 0 59.859 105.438 45.412 57.093 107.932 43.652 57.319 108.470 44.005
3 0 57.319 108.470 44.005 60.117 105.950 45.783 59.859 105.438 45.412
3 0 59.442 104.921 45.254 56.725 107.371 43.523 57.093 107.932 43.652
3 0 57.093 107.932 43.652 59.859 105.438 45.412 59.442 104.921 45.254
3 0 56.859 107.106 42.907 56.725 107.371 43.523 59.442 104.921 45.254
3 0 59.442 104.921 45.254 59.591 104.640 44.650 56.859 107.106 42.907
3 0 56.809 106.671 42.383 56.859 107.106 42.907 59.591 104.640 44.650
3 0 59.591 104.640 44.650 59.533 104.210 44.122 56.809 106.671 42.383
3 0 56.584 106.133 42.030 56.809 106.671 42.383 59.533 104.210 44.122
3 0 59.533 104.210 44.122 59.276 103.698 43.751 56.584 106.133 42.030
3 0 56.216 105.572 41.901 56.584 106.133 42.030 59.276 103.698 43.751
3 0 59.276 103.698 43.751 58.858 103.181 43.593 56.216 105.572 41.901
3 0 55.762 105.075 42.015 56.216 105.572 41.901 58.858 103.181 43.593
3 0 58.858 103.181 43.593 58.345 102.738 43.672 55.762 105.075 42.015
3 0 55.291 104.717 42.357 55.762 105.075 42.015 58.345 102.738 43.672
3 0 58.345 102.738 43.672 57.814 102.436 43.976 55.291 104.717 42.357
3 0 54.875 104.553 42.873 55.291 104.717 42.357 57.814 102.436 43.976
3 0 57.814 102.436 43.976 57.345 102.322 44.460 54.875 104.553 42.873
3 0 54.577 104.608 43.485 54.875 104.553 42.873 57.345 102.322 44.460
3 0 57.345 102.322 44.460 57.010 102.412 45.048 54.577 104.608 43.485
3 0 54.443 104.872 44.100 54.577 104.608 43.485 57.010 102.412 45.048
3 0 57.010 102.412 45.048 56.861 102.693 45.652 54.443 104.872 44.100
3 0 54.493 105.307 44.624 54.443 104.872 44.100 56.861 102.693 45.652
3 0 56.861 102.693 45.652 56.920 103.122 46.180 54.493 105.307 44.624
3 0 54.718 105.846 44.978 54.493 105.307 44.624 56.920 103.122 46.180
3 0 56.920 103.122 46.180 57.177 103.634 46.551 54.718 105.846 44.978
3 0 55.087 106.407 45.107 54.718 105.846 44.978 57.177 103.634 46.551
3 0 57.177 103.634 46.551 57.594 104.151 46.709 55.087 106.407 45.107
3 0 52.973 112.317 47.508 53.089 112.066 46.883 56.105 110.004 48.350
3 0 56.105 110.004 48.350 55.971 110.269 48.965 52.973 112.317 47.508
3 0 53.014 112.757 48.029 52.973 112.317 47.508 55.971 110.269 48.965
3 0 55.971 110.269 48.965 56.020 110.704 49.489 53.014 112.757 48.029
3 0 53.205 113.318 48.367 53.014 112.757 48.029 56.020 110.704 49.489
3 0 56.020 110.704 49.489 56.246 111.242 49.843 53.205 113.318 48.367
3 0 53.519 113.916 48.471 53.205 113.318 48.367 56.246 111.242 49.843
3 0 56.246 111.242 49.843 56.614 111.803 49.972 53.519 113.916 48.471
3 0 53.906 114.459 48.325 53.519 113.916 48.471 56.614 111.803 49.972
3 0 56.614 111.803 49.972 57.068 112.300 49.857 53.906 114.459 48.325
3 0 54.309 114.864 47.951 53.906 114.459 48.325 57.068 112.300 49.857
3 0 57.068 112.300 49.857 57.539 112.658 49.516 54.309 114.864 47.951
3 0 54.665 115.071 47.406 54.309 114.864 47.951 57.539 112.658 49.516
3 0 57.539 112.658 49.516 57.955 112.822 49.000 54.665 115.071 47.406
3 0 54.921 115.047 46.773 54.665 115.071 47.406 57.955 112.822 49.000
3 0 57.955 112.822 49.000 58.253 112.768 48.388 54.921 115.047 46.773
3 0 55.037 114.796 46.149 54.921 115.047 46.773 58.253 112.768 48.388
3 0 58.253 112.768 48.388 58.387 112.503 47.773 55.037 114.796 46.149
3 0 54.996 114.356 45.628 55.037 114.796 46.149 58.387 112.503 47.773
3 0 58.387 112.503 47.773 58.337 112.068 47.249 54.996 114.356 45.628
3 0 54.804 113.795 45.290 54.996 114.356 45.628 58.337 112.068 47.249
3 0 58.337 112.068 47.249 58.111 111.529 46.895 54.804 113.795 45.290
3 0 54.490 113.197 45.186 54.804 113.795 45.290 58.111 111.529 46.895
3 0 58.111 111.529 46.895 57.743 110.969 46.766 54.490 113.197 45.186
3 0 55.461 108.470 47.343 52.542 110.467 45.920 52.659 110.216 45.296
3 0 52.659 110.216 45.296 55.596 108.205 46.728 55.461 108.470 47.343
3 0 55.511 108.905 47.867 52.583 110.907 46.441 52.542 110.467 45.920
3 0 52.542 110.467 45.920 55.461 108.470 47.343 55.511 108.905 47.867
3 0 55.737 109.443 48.221 52.775 111.468 46.779 52.583 110.907 46.441
3 0 52.583 110.907 46.441 55.511 108.905 47.867 55.737 109.443 48.221
3 0 56.105 110.004 48.350 53.089 112.066 46.883 52.775 111.468 46.779
3 0 52.775 111.468 46.779 55.737 109.443 48.221 56.105 110.004 48.350
3 0 57.878 110.704 46.151 54.607 112.946 44.561 54.490 113.197 45.186
3 0 54.490 113.197 45.186 57.743 110.969 46.766 57.878 110.704 46.151
3 0 57.828 110.269 45.627 54.566 112.506 44.040 54.607 112.946 44.561
3 0 54.607 112.946 44.561 57.878 110.704 46.151 57.828 110.269 45.627
3 0 57.602 109.730 45.273 54.374 111.945 43.702 54.566 112.506 44.040
3 0 54.566 112.506 44.040 57.828 110.269 45.627 57.602 109.730 45.273
3 0 57.234 109.170 45.144 54.060 111.347 43.598 54.374 111.945 43.702
3 0 54.374 111.945 43.702 57.602 109.730 45.273 57.234 109.170 45.144
3 0 54.952 106.671 45.722 52.113 108.618 44.334 52.229 108.367 43.709
3 0 52.229 108.367 43.709 55.087 106.407 45.107 54.952 106.671 45.722
3 0 55.002 107.106 46.246 52.154 109.058 44.854 52.113 108.618 44.334
3 0 52.113 108.618 44.334 54.952 106.671 45.722 55.002 107.106 46.246
3 0 55.228 107.645 46.600 52.345 109.619 45.193 52.154 109.058 44.854
3 0 52.154 109.058 44.854 55.002 107.106 46.246 55.228 107.645 46.600
3 0 55.596 108.205 46.728 52.659 110.216 45.296 52.345 109.619 45.193
3 0 52.345 109.619 45.193 55.228 107.645 46.600 55.596 108.205 46.728
3 0 57.369 108.905 44.529 54.177 111.097 42.974 54.060 111.347 43.598
3 0 54.060 111.347 43.598 57.234 109.170 45.144 57.369 108.905 44.529
3 0 57.319 108.470 44.005 54.136 110.657 42.454 54.177 111.097 42.974
3 0 54.177 111.097 42.974 57.369 108.905 44.529 57.319 108.470 44.005
3 0 57.093 107.932 43.652 53.944 110.096 42.115 54.136 110.657 42.454
3 0 54.136 110.657 42.454 57.319 108.470 44.005 57.093 107.932 43.652
3 0 56.725 107.371 43.523 53.630 109.498 42.012 53.944 110.096 42.115
3 0 53.944 110.096 42.115 57.093 107.932 43.652 56.725 107.371 43.523
3 0 53.747 109.247 41.387 53.630 109.498 42.012 56.725 107.371 43.523
3 0 56.725 107.371 43.523 56.859 107.106 42.907 53.747 109.247 41.387
3 0 53.706 108.807 40.866 53.747 109.247 41.387 56.859 107.106 42.907
3 0 56.859 107.106 42.907 56.809 106.671 42.383 53.706 108.807 40.866
3 0 53.514 108.246 40.528 53.706 108.807 40.866 56.809 106.671 42.383
3 0 56.809 106.671 42.383 56.584 106.133 42.030 53.514 108.246 40.528
3 0 53.200 107.648 40.424 53.514 108.246 40.528 56.584 106.133 42.030
3 0 56.584 106.133 42.030 56.216 105.572 41.901 53.200 107.648 40.424
3 0 52.813 107.105 40.570 53.200 107.648 40.424 56.216 105.572 41.901
3 0 56.216 105.572 41.901 55.762 105.075 42.015 52.813 107.105 40.570
3 0 52.410 106.700 40.944 52.813 107.105 40.570 55.762 105.075 42.015
3 0 55.762 105.075 42.015 55.291 104.717 42.357 52.410 106.700 40.944
3 0 52.054 106.493 41.489 52.410 106.700 40.944 55.291 104.717 42.357
3 0 55.291 104.717 42.357 54.875 104.553 42.873 52.054 106.493 41.489
3 0 51.799 106.517 42.122 52.054 106.493 41.489 54.875 104.553 42.873
3 0 54.875 104.553 42.873 54.577 104.608 43.485 51.799 106.517 42.122
3 0 51.682 106.768 42.746 51.799 106.517 42.122 54.577 104.608 43.485
3 0 54.577 104.608 43.485 54.443 104.872 44.100 51.682 106.768 42.746
3 0 51.723 107.208 43.267 51.682 106.768 42.746 54.443 104.872 44.100
3 0 54.443 104.872 44.100 54.493 105.307 44.624 51.723 107.208 43.267
3 0 51.915 107.769 43.605 51.723 107.208 43.267 54.493 105.307 44.624
3 0 54.493 105.307 44.624 54.718 105.846 44.978 51.915 107.769 43.605
3 0 52.229 108.367 43.709 51.915 107.769 43.605 54.718 105.846 44.978
3 0 54.718 105.846 44.978 55.087 106.407 45.107 52.229 108.367 43.709
3 0 49.674 114.032 46.281 49.771 113.792 45.649 53.089 112.066 46.883
3 0 53.089 112.066 46.883 52.973 112.317 47.508 49.674 114.032 46.281
3 0 49.707 114.476 46.799 49.674 114.032 46.281 52.973 112.317 47.508
3 0 52.973 112.317 47.508 53.014 112.757 48.029 49.707 114.476 46.799
3 0 49.864 115.055 47.124 49.707 114.476 46.799 53.014 112.757 48.029
3 0 53.014 112.757 48.029 53.205 113.318 48.367 49.864 115.055 47.124
3 0 50.123 115.682 47.208 49.864 115.055 47.124 53.205 113.318 48.367
3 0 53.205 113.318 48.367 53.519 113.916 48.471 50.123 115.682 47.208
3 0 50.442 116.261 47.036 50.123 115.682 47.208 53.519 113.916 48.471
3 0 53.519 113.916 48.471 53.906 114.459 48.325 50.442 116.261 47.036
3 0 50.775 116.703 46.636 50.442 116.261 47.036 53.906 114.459 48.325
3 0 53.906 114.459 48.325 54.309 114.864 47.951 50.775 116.703 46.636
3 0 51.069 116.942 46.068 50.775 116.703 46.636 54.309 114.864 47.951
3 0 54.309 114.864 47.951 54.665 115.071 47.406 51.069 116.942 46.068
3 0 51.281 116.941 45.419 51.069 116.942 46.068 54.665 115.071 47.406
3 0 54.665 115.071 47.406 54.921 115.047 46.773 51.281 116.941 45.419
3 0 51.378 116.700 44.787 51.281 116.941 45.419 54.921 115.047 46.773
3 0 54.921 115.047 46.773 55.037 114.796 46.149 51.378 116.700 44.787
3 0 51.345 116.256 44.269 51.378 116.700 44.787 55.037 114.796 46.149
3 0 55.037 114.796 46.149 54.996 114.356 45.628 51.345 116.256 44.269
3 0 51.187 115.677 43.944 51.345 116.256 44.269 54.996 114.356 45.628
3 0 54.996 114.356 45.628 54.804 113.795 45.290 51.187 115.677 43.944
3 0 50.929 115.050 43.861 51.187 115.677 43.944 54.804 113.795 45.290
3 0 54.804 113.795 45.290 54.490 113.197 45.186 50.929 115.050 43.861
3 0 52.542 110.467 45.920 49.322 112.142 44.723 49.419 111.901 44.091
3 0 49.419 111.901 44.091 52.659 110.216 45.296 52.542 110.467 45.920
3 0 52.583 110.907 46.441 49.355 112.585 45.240 49.322 112.142 44.723
3 0 49.322 112.142 44.723 52.542 110.467 45.920 52.583 110.907 46.441
3 0 52.775 111.468 46.779 49.513 113.165 45.566 49.355 112.585 45.240
3 0 49.355 112.585 45.240 52.583 110.907 46.441 52.775 111.468 46.779
3 0 53.089 112.066 46.883 49.771 113.792 45.649 49.513 113.165 45.566
3 0 49.513 113.165 45.566 52.775 111.468 46.779 53.089 112.066 46.883
3 0 54.607 112.946 44.561 51.026 114.810 43.229 50.929 115.050 43.861
3 0 50.929 115.050 43.861 54.490 113.197 45.186 54.607 112.946 44.561
3 0 54.566 112.506 44.040 50.993 114.366 42.711 51.026 114.810 43.229
3 0 51.026 114.810 43.229 54.607 112.946 44.561 54.566 112.506 44.040
3 0 54.374 111.945 43.702 50.835 113.786 42.385 50.993 114.366 42.711
3 0 50.993 114.366 42.711 54.566 112.506 44.040 54.374 111.945 43.702
3 0 54.060 111.347 43.598 50.577 113.160 42.302 50.835 113.786 42.385
3 0 50.835 113.786 42.385 54.374 111.945 43.702 54.060 111.347 43.598
3 0 52.113 108.618 44.334 48.970 110.252 43.165 49.067 110.011 42.533
3 0 49.067 110.011 42.533 52.229 108.367 43.709 52.113 108.618 44.334
3 0 52.154 109.058 44.854 49.003 110.696 43.683 48.970 110.252 43.165
3 0 48.970 110.252 43.165 52.113 108.618 44.334 52.154 109.058 44.854
3 0 52.345 109.619 45.193 49.161 111.275 44.008 49.003 110.696 43.683
3 0 49.003 110.696 43.683 52.154 109.058 44.854 52.345 109.619 45.193
3 0 52.659 110.216 45.296 49.419 111.901 44.091 49.161 111.275 44.008
3 0 49.161 111.275 44.008 52.345 109.619 45.193 52.659 110.216 45.296
3 0 54.177 111.097 42.974 50.674 112.920 41.671 50.577 113.160 42.302
3 0 50.577 113.160 42.302 54.060 111.347 43.598 54.177 111.097 42.974
3 0 54.136 110.657 42.454 50.641 112.476 41.153 50.674 112.920 41.671
3 0 50.674 112.920 41.671 54.177 111.097 42.974 54.136 110.657 42.454
3 0 53.944 110.096 42.115 50.484 111.897 40.828 50.641 112.476 41.153
3 0 50.641 112.476 41.153 54.136 110.657 42.454 53.944 110.096 42.115
3 0 53.630 109.498 42.012 50.225 111.270 40.744 50.484 111.897 40.828
3 0 50.484 111.897 40.828 53.944 110.096 42.115 53.630 109.498 42.012
3 0 50.322 111.029 40.112 50.225 111.270 40.744 53.630 109.498 42.012
3 0 53.630 109.498 42.012 53.747 109.247 41.387 50.322 111.029 40.112
3 0 50.289 110.585 39.595 50.322 111.029 40.112 53.747 109.247 41.387
3 0 53.747 109.247 41.387 53.706 108.807 40.866 50.289 110.585 39.595
3 0 50.132 110.006 39.269 50.289 110.585 39.595 53.706 108.807 40.866
3 0 53.706 108.807 40.866 53.514 108.246 40.528 50.132 110.006 39.269
3 0 49.874 109.379 39.186 50.132 110.006 39.269 53.514 108.246 40.528
3 0 53.514 108.246 40.528 53.200 107.648 40.424 49.874 109.379 39.186
3 0 49.554 108.801 39.357 49.874 109.379 39.186 53.200 107.648 40.424
3 0 53.200 107.648 40.424 52.813 107.105 40.570 49.554 108.801 39.357
3 0 49.222 108.358 39.757 49.554 108.801 39.357 52.813 107.105 40.570
3 0 52.813 107.105 40.570 52.410 106.700 40.944 49.222 108.358 39.757
3 0 48.927 108.119 40.325 49.222 108.358 39.757 52.410 106.700 40.944
3 0 52.410 106.700 40.944 52.054 106.493 41.489 48.927 108.119 40.325
3 0 48.715 108.120 40.975 48.927 108.119 40.325 52.054 106.493 41.489
3 0 52.054 106.493 41.489 51.799 106.517 42.122 48.715 108.120 40.975
3 0 48.619 108.361 41.606 48.715 108.120 40.975 51.799 106.517 42.122
3 0 51.799 106.517 42.122 51.682 106.768 42.746 48.619 108.361 41.606
3 0 48.652 108.805 42.124 48.619 108.361 41.606 51.682 106.768 42.746
3 0 51.682 106.768 42.746 51.723 107.208 43.267 48.652 108.805 42.124
3 0 48.809 109.384 42.450 48.652 108.805 42.124 51.723 107.208 43.267
3 0 51.723 107.208 43.267 51.915 107.769 43.605 48.809 109.384 42.450
3 0 49.067 110.011 42.533 48.809 109.384 42.450 51.915 107.769 43.605
3 0 51.915 107.769 43.605 52.229 108.367 43.709 49.067 110.011 42.533
3 0 46.156 115.426 45.278 46.231 115.193 44.640 49.771 113.792 45.649
3 0 49.771 113.792 45.649 49.674 114.032 46.281 46.156 115.426 45.278
3 0 46.180 115.874 45.793 46.156 115.426 45.278 49.674 114.032 46.281
3 0 49.674 114.032 46.281 49.707 114.476 46.799 46.180 115.874 45.793
3 0 46.300 116.468 46.107 46.180 115.874 45.793 49.707 114.476 46.799
3 0 49.707 114.476 46.799 49.864 115.055 47.124 46.300 116.468 46.107
3 0 46.498 117.119 46.172 46.300 116.468 46.107 49.864 115.055 47.124
3 0 49.864 115.055 47.124 50.123 115.682 47.208 46.498 117.119 46.172
3 0 46.742 117.726 45.979 46.498 117.119 46.172 50.123 115.682 47.208
3 0 50.123 115.682 47.208 50.442 116.261 47.036 46.742 117.726 45.979
3 0 46.997 118.199 45.557 46.742 117.726 45.979 50.442 116.261 47.036
3 0 50.442 116.261 47.036 50.775 116.703 46.636 46.997 118.199 45.557
3 0 47.223 118.463 44.969 46.997 118.199 45.557 50.775 116.703 46.636
3 0 50.775 116.703 46.636 51.069 116.942 46.068 47.223 118.463 44.969
3 0 47.386 118.481 44.306 47.223 118.463 44.969 51.069 116.942 46.068
3 0 51.069 116.942 46.068 51.281 116.941 45.419 47.386 118.481 44.306
3 0 47.461 118.248 43.669 47.386 118.481 44.306 51.281 116.941 45.419
3 0 51.281 116.941 45.419 51.378 116.700 44.787 47.461 118.248 43.669
3 0 47.437 117.800 43.154 47.461 118.248 43.669 51.378 116.700 44.787
3 0 51.378 116.700 44.787 51.345 116.256 44.269 47.437 117.800 43.154
3 0 47.317 117.206 42.839 47.437 117.800 43.154 51.345 116.256 44.269
3 0 51.345 116.256 44.269 51.187 115.677 43.944 47.317 117.206 42.839
3 0 47.119 116.555 42.774 47.317 117.206 42.839 51.187 115.677 43.944
3 0 51.187 115.677 43.944 50.929 115.050 43.861 47.119 116.555 42.774
3 0 49.322 112.142 44.723 45.889 113.501 43.745 45.964 113.268 43.108
3 0 45.964 113.268 43.108 49.419 111.901 44.091 49.322 112.142 44.723
3 0 49.355 112.585 45.240 45.914 113.949 44.260 45.889 113.501 43.745
3 0 45.889 113.501 43.745 49.322 112.142 44.723 49.355 112.585 45.240
3 0 49.513 113.165 45.566 46.034 114.543 44.575 45.914 113.949 44.260
3 0 45.914 113.949 44.260 49.355 112.585 45.240 49.513 113.165 45.566
3 0 49.771 113.792 45.649 46.231 115.193 44.640 46.034 114.543 44.575
3 0 46.034 114.543 44.575 49.513 113.165 45.566 49.771 113.792 45.649
3 0 51.026 114.810 43.229 47.194 116.322 42.136 47.119 116.555 42.774
3 0 47.119 116.555 42.774 50.929 115.050 43.861 51.026 114.810 43.229
3 0 50.993 114.366 42.711 47.170 115.875 41.621 47.194 116.322 42.136
3 0 47.194 116.322 42.136 51.026 114.810 43.229 50.993 114.366 42.711
3 0 50.835 113.786 42.385 47.050 115.280 41.307 47.170 115.875 41.621
3 0 47.170 115.875 41.621 50.993 114.366 42.711 50.835 113.786 42.385
3 0 50.577 113.160 42.302 46.852 114.630 41.242 47.050 115.280 41.307
3 0 47.050 115.280 41.307 50.835 113.786 42.385 50.577 113.160 42.302
3 0 48.970 110.252 43.165 45.622 111.576 42.214 45.697 111.343 41.576
3 0 45.697 111.343 41.576 49.067 110.011 42.533 48.970 110.252 43.165
3 0 49.003 110.696 43.683 45.647 112.024 42.729 45.622 111.576 42.214
3 0 45.622 111.576 42.214 48.970 110.252 43.165 49.003 110.696 43.683
3 0 49.161 111.275 44.008 45.767 112.618 43.043 45.647 112.024 42.729
3 0 45.647 112.024 42.729 49.003 110.696 43.683 49.161 111.275 44.008
3 0 49.419 111.901 44.091 45.964 113.268 43.108 45.767 112.618 43.043
3 0 45.767 112.618 43.043 49.161 111.275 44.008 49.419 111.901 44.091
3 0 50.674 112.920 41.671 46.927 114.397 40.605 46.852 114.630 41.242
3 0 46.852 114.630 41.242 50.577 113.160 42.302 50.674 112.920 41.671
3 0 50.641 112.476 41.153 46.903 113.950 40.090 46.927 114.397 40.605
3 0 46.927 114.397 40.605 50.674 112.920 41.671 50.641 112.476 41.153
3 0 50.484 111.897 40.828 46.783 113.355 39.775 46.903 113.950 40.090
3 0 46.903 113.950 40.090 50.641 112.476 41.153 50.484 111.897 40.828
3 0 50.225 111.270 40.744 46.586 112.705 39.710 46.783 113.355 39.775
3 0 46.783 113.355 39.775 50.484 111.897 40.828 50.225 111.270 40.744
3 0 46.661 112.472 39.072 46.586 112.705 39.710 50.225 111.270 40.744
3 0 50.225 111.270 40.744 50.322 111.029 40.112 46.661 112.472 39.072
3 0 46.636 112.024 38.557 46.661 112.472 39.072 50.322 111.029 40.112
3 0 50.322 111.029 40.112 50.289 110.585 39.595 46.636 112.024 38.557
3 0 46.516 111.430 38.243 46.636 112.024 38.557 50.289 110.585 39.595
3 0 50.289 110.585 39.595 50.132 110.006 39.269 46.516 111.430 38.243
3 0 46.319 110.779 38.178 46.516 111.430 38.243 50.132 110.006 39.269
3 0 50.132 110.006 39.269 49.874 109.379 39.186 46.319 110.779 38.178
3 0 46.074 110.172 38.371 46.319 110.779 38.178 49.874 109.379 39.186
3 0 49.874 109.379 39.186 49.554 108.801 39.357 46.074 110.172 38.371
3 0 45.819 109.700 38.793 46.074 110.172 38.371 49.554 108.801 39.357
3 0 49.554 108.801 39.357 49.222 108.358 39.757 45.819 109.700 38.793
3 0 45.593 109.435 39.381 45.819 109.700 38.793 49.222 108.358 39.757
3 0 49.222 108.358 39.757 48.927 108.119 40.325 45.593 109.435 39.381
3 0 45.431 109.418 40.044 45.593 109.435 39.381 48.927 108.119 40.325
3 0 48.927 108.119 40.325 48.715 108.120 40.975 45.431 109.418 40.044
3 0 45.356 109.650 40.681 45.431 109.418 40.044 48.715 108.120 40.975
3 0 48.715 108.120 40.975 48.619 108.361 41.606 45.356 109.650 40.681
3 0 45.380 110.098 41.196 45.356 109.650 40.681 48.619 108.361 41.606
3 0 48.619 108.361 41.606 48.652 108.805 42.124 45.380 110.098 41.196
3 0 45.500 110.692 41.511 45.380 110.098 41.196 48.652 108.805 42.124
3 0 48.652 108.805 42.124 48.809 109.384 42.450 45.500 110.692 41.511
3 0 45.697 111.343 41.576 45.500 110.692 41.511 48.809 109.384 42.450
3 0 48.809 109.384 42.450 49.067 110.011 42.533 45.697 111.343 41.576
3 0 42.430 116.415 44.558 42.483 116.186 43.917 46.231 115.193 44.640
3 0 46.231 115.193 44.640 46.156 115.426 45.278 42.430 116.415 44.558
3 0 42.446 116.866 45.070 42.430 116.415 44.558 46.156 115.426 45.278
3 0 46.156 115.426 45.278 46.180 115.874 45.793 42.446 116.866 45.070
3 0 42.529 117.472 45.375 42.446 116.866 45.070 46.180 115.874 45.793
3 0 46.180 115.874 45.793 46.300 116.468 46.107 42.529 117.472 45.375
3 0 42.666 118.139 45.427 42.529 117.472 45.375 46.300 116.468 46.107
3 0 46.300 116.468 46.107 46.498 117.119 46.172 42.666 118.139 45.427
3 0 42.837 118.766 45.217 42.666 118.139 45.427 46.498 117.119 46.172
3 0 46.498 117.119 46.172 46.742 117.726 45.979 42.837 118.766 45.217
3 0 43.015 119.258 44.778 42.837 118.766 45.217 46.742 117.726 45.979
3 0 46.742 117.726 45.979 46.997 118.199 45.557 43.015 119.258 44.778
3 0 43.173 119.539 44.177 43.015 119.258 44.778 46.997 118.199 45.557
3 0 46.997 118.199 45.557 47.223 118.463 44.969 43.173 119.539 44.177
3 0 43.287 119.568 43.504 43.173 119.539 44.177 47.223 118.463 44.969
3 0 47.223 118.463 44.969 47.386 118.481 44.306 43.287 119.568 43.504
3 0 43.340 119.339 42.863 43.287 119.568 43.504 47.386 118.481 44.306
3 0 47.386 118.481 44.306 47.461 118.248 43.669 43.340 119.339 42.863
3 0 43.324 118.888 42.351 43.340 119.339 42.863 47.461 118.248 43.669
3 0 47.461 118.248 43.669 47.437 117.800 43.154 43.324 118.888 42.351
3 0 43.241 118.283 42.045 43.324 118.888 42.351 47.437 117.800 43.154
3 0 47.437 117.800 43.154 47.317 117.206 42.839 43.241 118.283 42.045
3 0 43.104 117.616 41.994 43.241 118.283 42.045 47.317 117.206 42.839
3 0 47.317 117.206 42.839 47.119 116.555 42.774 43.104 117.616 41.994
3 0 45.889 113.501 43.745 42.246 114.463 43.047 42.300 114.234 42.406
3 0 42.300 114.234 42.406 45.964 113.268 43.108 45.889 113.501 43.745
3 0 45.914 113.949 44.260 42.263 114.914 43.559 42.246 114.463 43.047
3 0 42.246 114.463 43.047 45.889 113.501 43.745 45.914 113.949 44.260
3 0 46.034 114.543 44.575 42.346 115.519 43.865 42.263 114.914 43.559
3 0 42.263 114.914 43.559 45.914 113.949 44.260 46.034 114.543 44.575
3 0 46.231 115.193 44.640 42.483 116.186 43.917 42.346 115.519 43.865
3 0 42.346 115.519 43.865 46.034 114.543 44.575 46.231 115.193 44.640
3 0 47.194 116.322 42.136 43.157 117.387 41.352 43.104 117.616 41.994
3 0 43.104 117.616 41.994 47.119 116.555 42.774 47.194 116.322 42.136
3 0 47.170 115.875 41.621 43.141 116.936 40.840 43.157 117.387 41.352
3 0 43.157 117.387 41.352 47.194 116.322 42.136 47.170 115.875 41.621
3 0 47.050 115.280 41.307 43.058 116.330 40.535 43.141 116.936 40.840
3 0 43.141 116.936 40.840 47.170 115.875 41.621 47.050 115.280 41.307
3 0 46.852 114.630 41.242 42.920 115.663 40.483 43.058 116.330 40.535
3 0 43.058 116.330 40.535 47.050 115.280 41.307 46.852 114.630 41.242
3 0 45.622 111.576 42.214 42.063 112.511 41.537 42.116 112.283 40.896
3 0 42.116 112.283 40.896 45.697 111.343 41.576 45.622 111.576 42.214
3 0 45.647 112.024 42.729 42.079 112.963 42.049 42.063 112.511 41.537
3 0 42.063 112.511 41.537 45.622 111.576 42.214 45.647 112.024 42.729
3 0 45.767 112.618 43.043 42.162 113.568 42.355 42.079 112.963 42.049
3 0 42.079 112.963 42.049 45.647 112.024 42.729 45.767 112.618 43.043
3 0 45.964 113.268 43.108 42.300 114.234 42.406 42.162 113.568 42.355
3 0 42.162 113.568 42.355 45.767 112.618 43.043 45.964 113.268 43.108
3 0 46.927 114.397 40.605 42.973 115.435 39.842 42.920 115.663 40.483
3 0 42.920 115.663 40.483 46.852 114.630 41.242 46.927 114.397 40.605
3 0 46.903 113.950 40.090 42.957 114.984 39.330 42.973 115.435 39.842
3 0 42.973 115.435 39.842 46.927 114.397 40.605 46.903 113.950 40.090
3 0 46.783 113.355 39.775 42.874 114.379 39.025 42.957 114.984 39.330
3 0 42.957 114.984 39.330 46.903 113.950 40.090 46.783 113.355 39.775
3 0 46.586 112.705 39.710 42.737 113.712 38.973 42.874 114.379 39.025
3 0 42.874 114.379 39.025 46.783 113.355 39.775 46.586 112.705 39.710
3 0 42.790 113.483 38.332 42.737 113.712 38.973 46.586 112.705 39.710
3 0 46.586 112.705 39.710 46.661 112.472 39.072 42.790 113.483 38.332
3 0 42.774 113.032 37.820 42.790 113.483 38.332 46.661 112.472 39.072
3 0 46.661 112.472 39.072 46.636 112.024 38.557 42.774 113.032 37.820
3 0 42.691 112.427 37.514 42.774 113.032 37.820 46.636 112.024 38.557
3 0 46.636 112.024 38.557 46.516 111.430 38.243 42.691 112.427 37.514
3 0 42.554 111.760 37.463 42.691 112.427 37.514 46.516 111.430 38.243
3 0 46.516 111.430 38.243 46.319 110.779 38.178 42.554 111.760 37.463
3 0 42.383 111.132 37.672 42.554 111.760 37.463 46.319 110.779 38.178
3 0 46.319 110.779 38.178 46.074 110.172 38.371 42.383 111.132 37.672
3 0 42.205 110.641 38.111 42.383 111.132 37.672 46.074 110.172 38.371
3 0 46.074 110.172 38.371 45.819 109.700 38.793 42.205 110.641 38.111
3 0 42.047 110.359 38.713 42.205 110.641 38.111 45.819 109.700 38.793
3 0 45.819 109.700 38.793 45.593 109.435 39.381 42.047 110.359 38.713
3 0 41.933 110.330 39.385 42.047 110.359 38.713 45.593 109.435 39.381
3 0 45.593 109.435 39.381 45.431 109.418 40.044 41.933 110.330 39.385
3 0 41.880 110.559 40.027 41.933 110.330 39.385 45.431 109.418 40.044
3 0 45.431 109.418 40.044 45.356 109.650 40.681 41.880 110.559 40.027
3 0 41.896 111.010 40.539 41.880 110.559 40.027 45.356 109.650 40.681
3 0 45.356 109.650 40.681 45.380 110.098 41.196 41.896 111.010 40.539
3 0 41.979 111.615 40.844 41.896 111.010 40.539 45.380 110.098 41.196
3 0 45.380 110.098 41.196 45.500 110.692 41.511 41.979 111.615 40.844
3 0 42.116 112.283 40.896 41.979 111.615 40.844 45.500 110.692 41.511
3 0 45.500 110.692 41.511 45.697 111.343 41.576 42.116 112.283 40.896
3 0 38.586 117.100 44.052 38.621 116.871 43.410 42.483 116.186 43.917
3 0 42.483 116.186 43.917 42.430 116.415 44.558 38.586 117.100 44.052
3 0 38.595 117.555 44.561 38.586 117.100 44.052 42.430 116.415 44.558
3 0 42.430 116.415 44.558 42.446 116.866 45.070 38.595 117.555 44.561
3 0 38.649 118.166 44.860 38.595 117.555 44.561 42.446 116.866 45.070
3 0 42.446 116.866 45.070 42.529 117.472 45.375 38.649 118.166 44.860
3 0 38.739 118.842 44.902 38.649 118.166 44.860 42.529 117.472 45.375
3 0 42.529 117.472 45.375 42.666 118.139 45.427 38.739 118.842 44.902
3 0 38.850 119.479 44.682 38.739 118.842 44.902 42.666 118.139 45.427
3 0 42.666 118.139 45.427 42.837 118.766 45.217 38.850 119.479 44.682
3 0 38.967 119.979 44.233 38.850 119.479 44.682 42.837 118.766 45.217
3 0 42.837 118.766 45.217 43.015 119.258 44.778 38.967 119.979 44.233
3 0 39.071 120.268 43.623 38.967 119.979 44.233 43.015 119.258 44.778
3 0 43.015 119.258 44.778 43.173 119.539 44.177 39.071 120.268 43.623
3 0 39.147 120.301 42.945 39.071 120.268 43.623 43.173 119.539 44.177
3 0 43.173 119.539 44.177 43.287 119.568 43.504 39.147 120.301 42.945
3 0 39.182 120.072 42.302 39.147 120.301 42.945 43.287 119.568 43.504
3 0 43.287 119.568 43.504 43.340 119.339 42.863 39.182 120.072 42.302
3 0 39.173 119.617 41.793 39.182 120.072 42.302 43.340 119.339 42.863
3 0 43.340 119.339 42.863 43.324 118.888 42.351 39.173 119.617 41.793
3 0 39.119 119.006 41.494 39.173 119.617 41.793 43.324 118.888 42.351
3 0 43.324 118.888 42.351 43.241 118.283 42.045 39.119 119.006 41.494
3 0 39.030 118.330 41.452 39.119 119.006 41.494 43.241 118.283 42.045
3 0 43.241 118.283 42.045 43.104 117.616 41.994 39.030 118.330 41.452
3 0 42.246 114.463 43.047 38.468 115.129 42.559 38.504 114.900 41.917
3 0 38.504 114.900 41.917 42.300 114.234 42.406 42.246 114.463 43.047
3 0 42.263 114.914 43.559 38.478 115.584 43.068 38.468 115.129 42.559
3 0 38.468 115.129 42.559 42.246 114.463 43.047 42.263 114.914 43.559
3 0 42.346 115.519 43.865 38.532 116.195 43.367 38.478 115.584 43.068
3 0 38.478 115.584 43.068 42.263 114.914 43.559 42.346 115.519 43.865
3 0 42.483 116.186 43.917 38.621 116.871 43.410 38.532 116.195 43.367
3 0 38.532 116.195 43.367 42.346 115.519 43.865 42.483 116.186 43.917
3 0 43.157 117.387 41.352 39.065 118.101 40.809 39.030 118.330 41.452
3 0 39.030 118.330 41.452 43.104 117.616 41.994 43.157 117.387 41.352
3 0 43.141 116.936 40.840 39.055 117.646 40.300 39.065 118.101 40.809
3 0 39.065 118.101 40.809 43.157 117.387 41.352 43.141 116.936 40.840
3 0 43.058 116.330 40.535 39.002 117.035 40.001 39.055 117.646 40.300
3 0 39.055 117.646 40.300 43.141 116.936 40.840 43.058 116.330 40.535
3 0 42.920 115.663 40.483 38.912 116.359 39.959 39.002 117.035 40.001
3 0 39.002 117.035 40.001 43.058 116.330 40.535 42.920 115.663 40.483
3 0 42.063 112.511 41.537 38.351 113.159 41.067 38.387 112.930 40.424
3 0 38.387 112.930 40.424 42.116 112.283 40.896 42.063 112.511 41.537
3 0 42.079 112.963 42.049 38.361 113.614 41.576 38.351 113.159 41.067
3 0 38.351 113.159 41.067 42.063 112.511 41.537 42.079 112.963 42.049
3 0 42.162 113.568 42.355 38.415 114.225 41.875 38.361 113.614 41.576
3 0 38.361 113.614 41.576 42.079 112.963 42.049 42.162 113.568 42.355
3 0 42.300 114.234 42.406 38.504 114.900 41.917 38.415 114.225 41.875
3 0 38.415 114.225 41.875 42.162 113.568 42.355 42.300 114.234 42.406
3 0 42.973 115.435 39.842 38.948 116.131 39.317 38.912 116.359 39.959
3 0 38.912 116.359 39.959 42.920 115.663 40.483 42.973 115.435 39.842
3 0 42.957 114.984 39.330 38.938 115.676 38.808 38.948 116.131 39.317
3 0 38.948 116.131 39.317 42.973 115.435 39.842 42.957 114.984 39.330
3 0 42.874 114.379 39.025 38.884 115.065 38.509 38.938 115.676 38.808
3 0 38.938 115.676 38.808 42.957 114.984 39.330 42.874 114.379 39.025
3 0 42.737 113.712 38.973 38.795 114.389 38.467 38.884 115.065 38.509
3 0 38.884 115.065 38.509 42.874 114.379 39.025 42.737 113.712 38.973
3 0 38.831 114.160 37.824 38.795 114.389 38.467 42.737 113.712 38.973
3 0 42.737 113.712 38.973 42.790 113.483 38.332 38.831 114.160 37.824
3 0 38.821 113.706 37.315 38.831 114.160 37.824 42.790 113.483 38.332
3 0 42.790 113.483 38.332 42.774 113.032 37.820 38.821 113.706 37.315
3 0 38.767 113.094 37.016 38.821 113.706 37.315 42.774 113.032 37.820
3 0 42.774 113.032 37.820 42.691 112.427 37.514 38.767 113.094 37.016
3 0 38.678 112.418 36.974 38.767 113.094 37.016 42.691 112.427 37.514
3 0 42.691 112.427 37.514 42.554 111.760 37.463 38.678 112.418 36.974
3 0 38.566 111.781 37.194 38.678 112.418 36.974 42.554 111.760 37.463
3 0 42.554 111.760 37.463 42.383 111.132 37.672 38.566 111.781 37.194
3 0 38.449 111.281 37.643 38.566 111.781 37.194 42.383 111.132 37.672
3 0 42.383 111.132 37.672 42.205 110.641 38.111 38.449 111.281 37.643
3 0 38.345 110.992 38.253 38.449 111.281 37.643 42.205 110.641 38.111
3 0 42.205 110.641 38.111 42.047 110.359 38.713 38.345 110.992 38.253
3 0 38.270 110.960 38.931 38.345 110.992 38.253 42.047 110.359 38.713
3 0 42.047 110.359 38.713 41.933 110.330 39.385 38.270 110.960 38.931
3 0 38.234 111.188 39.574 38.270 110.960 38.931 41.933 110.330 39.385
3 0 41.933 110.330 39.385 41.880 110.559 40.027 38.234 111.188 39.574
3 0 38.244 111.643 40.083 38.234 111.188 39.574 41.880 110.559 40.027
3 0 41.880 110.559 40.027 41.896 111.010 40.539 38.244 111.643 40.083
3 0 38.297 112.255 40.382 38.244 111.643 40.083 41.896 111.010 40.539
3 0 41.896 111.010 40.539 41.979 111.615 40.844 38.297 112.255 40.382
3 0 38.387 112.930 40.424 38.297 112.255 40.382 41.979 111.615 40.844
3 0 41.979 111.615 40.844 42.116 112.283 40.896 38.387 112.930 40.424
3 0 34.676 117.524 43.730 34.696 117.294 43.087 38.621 116.871 43.410
3 0 38.621 116.871 43.410 38.586 117.100 44.052 34.676 117.524 43.730
3 0 34.680 117.982 44.236 34.676 117.524 43.730 38.586 117.100 44.052
3 0 38.586 117.100 44.052 38.595 117.555 44.561 34.680 117.982 44.236
3 0 34.707 118.599 44.529 34.680 117.982 44.236 38.595 117.555 44.561
3 0 38.595 117.555 44.561 38.649 118.166 44.860 34.707 118.599 44.529
3 0 34.754 119.279 44.564 34.707 118.599 44.529 38.649 118.166 44.860
3 0 38.649 118.166 44.860 38.739 118.842 44.902 34.754 119.279 44.564
3 0 34.814 119.920 44.336 34.754 119.279 44.564 38.739 118.842 44.902
3 0 38.739 118.842 44.902 38.850 119.479 44.682 34.814 119.920 44.336
3 0 34.877 120.424 43.880 34.814 119.920 44.336 38.850 119.479 44.682
3 0 38.850 119.479 44.682 38.967 119.979 44.233 34.877 120.424 43.880
3 0 34.934 120.714 43.264 34.877 120.424 43.880 38.967 119.979 44.233
3 0 38.967 119.979 44.233 39.071 120.268 43.623 34.934 120.714 43.264
3 0 34.976 120.746 42.583 34.934 120.714 43.264 39.071 120.268 43.623
3 0 39.071 120.268 43.623 39.147 120.301 42.945 34.976 120.746 42.583
3 0 34.996 120.516 41.941 34.976 120.746 42.583 39.147 120.301 42.945
3 0 39.147 120.301 42.945 39.182 120.072 42.302 34.996 120.516 41.941
3 0 34.993 120.057 41.435 34.996 120.516 41.941 39.182 120.072 42.302
3 0 39.182 120.072 42.302 39.173 119.617 41.793 34.993 120.057 41.435
3 0 34.965 119.441 41.141 34.993 120.057 41.435 39.173 119.617 41.793
3 0 39.173 119.617 41.793 39.119 119.006 41.494 34.965 119.441 41.141
3 0 34.918 118.761 41.106 34.965 119.441 41.141 39.119 119.006 41.494
3 0 39.119 119.006 41.494 39.030 118.330 41.452 34.918 118.761 41.106
3 0 38.468 115.129 42.559 34.618 115.539 42.253 34.638 115.308 41.610
3 0 34.638 115.308 41.610 38.504 114.900 41.917 38.468 115.129 42.559
3 0 38.478 115.584 43.068 34.621 115.997 42.759 34.618 115.539 42.253
3 0 34.618 115.539 42.253 38.468 115.129 42.559 38.478 115.584 43.068
3 0 38.532 116.195 43.367 34.649 116.613 43.052 34.621 115.997 42.759
3 0 34.621 115.997 42.759 38.478 115.584 43.068 38.532 116.195 43.367
3 0 38.621 116.871 43.410 34.696 117.294 43.087 34.649 116.613 43.052
3 0 34.649 116.613 43.052 38.532 116.195 43.367 38.621 116.871 43.410
3 0 39.065 118.101 40.809 34.938 118.530 40.464 34.918 118.761 41.106
3 0 34.918 118.761 41.106 39.030 118.330 41.452 39.065 118.101 40.809
3 0 39.055 117.646 40.300 34.935 118.072 39.958 34.938 118.530 40.464
3 0 34.938 118.530 40.464 39.065 118.101 40.809 39.055 117.646 40.300
3 0 39.002 117.035 40.001 34.907 117.456 39.664 34.935 118.072 39.958
3 0 34.935 118.072 39.958 39.055 117.646 40.300 39.002 117.035 40.001
3 0 38.912 116.359 39.959 34.860 116.775 39.629 34.907 117.456 39.664
3 0 34.907 117.456 39.664 39.002 117.035 40.001 38.912 116.359 39.959
3 0 38.351 113.159 41.067 34.560 113.554 40.776 34.580 113.324 40.134
3 0 34.580 113.324 40.134 38.387 112.930 40.424 38.351 113.159 41.067
3 0 38.361 113.614 41.576 34.563 114.012 41.283 34.560 113.554 40.776
3 0 34.560 113.554 40.776 38.351 113.159 41.067 38.361 113.614 41.576
3 0 38.415 114.225 41.875 34.591 114.629 41.576 34.563 114.012 41.283
3 0 34.563 114.012 41.283 38.361 113.614 41.576 38.415 114.225 41.875
3 0 38.504 114.900 41.917 34.638 115.308 41.610 34.591 114.629 41.576
3 0 34.591 114.629 41.576 38.415 114.225 41.875 38.504 114.900 41.917
3 0 38.948 116.131 39.317 34.880 116.546 38.987 34.860 116.775 39.629
3 0 34.860 116.775 39.629 38.912 116.359 39.959 38.948 116.131 39.317
3 0 38.938 115.676 38.808 34.877 116.087 38.481 34.880 116.546 38.987
3 0 34.880 116.546 38.987 38.948 116.131 39.317 38.938 115.676 38.808
3 0 38.884 115.065 38.509 34.849 115.471 38.188 34.877 116.087 38.481
3 0 34.877 116.087 38.481 38.938 115.676 38.808 38.884 115.065 38.509
3 0 38.795 114.389 38.467 34.802 114.791 38.153 34.849 115.471 38.188
3 0 34.849 115.471 38.188 38.884 115.065 38.509 38.795 114.389 38.467
3 0 34.822 114.560 37.510 34.802 114.791 38.153 38.795 114.389 38.467
3 0 38.795 114.389 38.467 38.831 114.160 37.824 34.822 114.560 37.510
3 0 34.818 114.102 37.004 34.822 114.560 37.510 38.831 114.160 37.824
3 0 38.831 114.160 37.824 38.821 113.706 37.315 34.818 114.102 37.004
3 0 34.791 113.486 36.711 34.818 114.102 37.004 38.821 113.706 37.315
3 0 38.821 113.706 37.315 38.767 113.094 37.016 34.791 113.486 36.711
3 0 34.743 112.805 36.676 34.791 113.486 36.711 38.767 113.094 37.016
3 0 38.767 113.094 37.016 38.678 112.418 36.974 34.743 112.805 36.676
3 0 34.684 112.164 36.904 34.743 112.805 36.676 38.678 112.418 36.974
3 0 38.678 112.418 36.974 38.566 111.781 37.194 34.684 112.164 36.904
3 0 34.621 111.661 37.360 34.684 112.164 36.904 38.566 111.781 37.194
3 0 38.566 111.781 37.194 38.449 111.281 37.643 34.621 111.661 37.360
3 0 34.564 111.370 37.976 34.621 111.661 37.360 38.449 111.281 37.643
3 0 38.449 111.281 37.643 38.345 110.992 38.253 34.564 111.370 37.976
3 0 34.522 111.338 38.657 34.564 111.370 37.976 38.345 110.992 38.253
3 0 38.345 110.992 38.253 38.270 110.960 38.931 34.522 111.338 38.657
3 0 34.501 111.569 39.299 34.522 111.338 38.657 38.270 110.960 38.931
3 0 38.270 110.960 38.931 38.234 111.188 39.574 34.501 111.569 39.299
3 0 34.505 112.027 39.806 34.501 111.569 39.299 38.234 111.188 39.574
3 0 38.234 111.188 39.574 38.244 111.643 40.083 34.505 112.027 39.806
3 0 34.533 112.643 40.099 34.505 112.027 39.806 38.244 111.643 40.083
3 0 38.244 111.643 40.083 38.297 112.255 40.382 34.533 112.643 40.099
3 0 34.580 113.324 40.134 34.533 112.643 40.099 38.297 112.255 40.382
3 0 38.297 112.255 40.382 38.387 112.930 40.424 34.580 113.324 40.134
3 0 31.089 117.703 43.586 31.096 117.467 42.945 34.696 117.294 43.087
3 0 34.696 117.294 43.087 34.676 117.524 43.730 31.089 117.703 43.586
3 0 31.087 118.167 44.087 31.089 117.703 43.586 34.676 117.524 43.730
3 0 34.676 117.524 43.730 34.680 117.982 44.236 31.087 118.167 44.087
3 0 31.089 118.787 44.373 31.087 118.167 44.087 34.680 117.982 44.236
3 0 34.680 117.982 44.236 34.707 118.599 44.529 31.089 118.787 44.373
3 0 31.096 119.469 44.400 31.089 118.787 44.373 34.707 118.599 44.529
3 0 34.707 118.599 44.529 34.754 119.279 44.564 31.096 119.469 44.400
3 0 31.106 120.110 44.164 31.096 119.469 44.400 34.754 119.279 44.564
3 0 34.754 119.279 44.564 34.814 119.920 44.336 31.106 120.110 44.164
3 0 31.118 120.611 43.700 31.106 120.110 44.164 34.814 119.920 44.336
3 0 34.814 119.920 44.336 34.877 120.424 43.880 31.118 120.611 43.700
3 0 31.129 120.897 43.080 31.118 120.611 43.700 34.877 120.424 43.880
3 0 34.877 120.424 43.880 34.934 120.714 43.264 31.129 120.897 43.080
3 0 31.139 120.924 42.398 31.129 120.897 43.080 34.934 120.714 43.264
3 0 34.934 120.714 43.264 34.976 120.746 42.583 31.139 120.924 42.398
3 0 31.146 120.687 41.757 31.139 120.924 42.398 34.976 120.746 42.583
3 0 34.976 120.746 42.583 34.996 120.516 41.941 31.146 120.687 41.757
3 0 31.148 120.224 41.256 31.146 120.687 41.757 34.996 120.516 41.941
3 0 34.996 120.516 41.941 34.993 120.057 41.435 31.148 120.224 41.256
3 0 31.146 119.604 40.970 31.148 120.224 41.256 34.993 120.057 41.435
3 0 34.993 120.057 41.435 34.965 119.441 41.141 31.146 119.604 40.970
3 0 31.139 118.921 40.943 31.146 119.604 40.970 34.965 119.441 41.141
3 0 34.965 119.441 41.141 34.918 118.761 41.106 31.139 118.921 40.943
3 0 34.618 115.539 42.253 31.089 115.700 42.131 31.096 115.464 41.490
3 0 31.096 115.464 41.490 34.638 115.308 41.610 34.618 115.539 42.253
3 0 34.621 115.997 42.759 31.087 116.164 42.632 31.089 115.700 42.131
3 0 31.089 115.700 42.131 34.618 115.539 42.253 34.621 115.997 42.759
3 0 34.649 116.613 43.052 31.089 116.784 42.918 31.087 116.164 42.632
3 0 31.087 116.164 42.632 34.621 115.997 42.759 34.649 116.613 43.052
3 0 34.696 117.294 43.087 31.096 117.467 42.945 31.089 116.784 42.918
3 0 31.089 116.784 42.918 34.649 116.613 43.052 34.696 117.294 43.087
3 0 34.938 118.530 40.464 31.146 118.685 40.302 31.139 118.921 40.943
3 0 31.139 118.921 40.943 34.918 118.761 41.106 34.938 118.530 40.464
3 0 34.935 118.072 39.958 31.148 118.221 39.801 31.146 118.685 40.302
3 0 31.146 118.685 40.302 34.938 118.530 40.464 34.935 118.072 39.958
3 0 34.907 117.456 39.664 31.146 117.601 39.515 31.148 118.221 39.801
3 0 31.148 118.221 39.801 34.935 118.072 39.958 34.907 117.456 39.664
3 0 34.860 116.775 39.629 31.139 116.919 39.488 31.146 117.601 39.515
3 0 31.146 117.601 39.515 34.907 117.456 39.664 34.860 116.775 39.629
3 0 34.560 113.554 40.776 31.089 113.699 40.677 31.096 113.462 40.036
3 0 31.096 113.462 40.036 34.580 113.324 40.134 34.560 113.554 40.776
3 0 34.563 114.012 41.283 31.087 114.162 41.178 31.089 113.699 40.677
3 0 31.089 113.699 40.677 34.560 113.554 40.776 34.563 114.012 41.283
3 0 34.591 114.629 41.576 31.089 114.782 41.464 31.087 114.162 41.178
3 0 31.087 114.162 41.178 34.563 114.012 41.283 34.591 114.629 41.576
3 0 34.638 115.308 41.610 31.096 115.464 41.490 31.089 114.782 41.464
3 0 31.089 114.782 41.464 34.591 114.629 41.576 34.638 115.308 41.610
3 0 34.880 116.546 38.987 31.146 116.683 38.848 31.139 116.919 39.488
3 0 31.139 116.919 39.488 34.860 116.775 39.629 34.880 116.546 38.987
3 0 34.877 116.087 38.481 31.148 116.219 38.347 31.146 116.683 38.848
3 0 31.146 116.683 38.848 34.880 116.546 38.987 34.877 116.087 38.481
3 0 34.849 115.471 38.188 31.146 115.599 38.061 31.148 116.219 38.347
3 0 31.148 116.219 38.347 34.877 116.087 38.481 34.849 115.471 38.188
3 0 34.802 114.791 38.153 31.139 114.917 38.034 31.146 115.599 38.061
3 0 31.146 115.599 38.061 34.849 115.471 38.188 34.802 114.791 38.153
3 0 31.146 114.680 37.393 31.139 114.917 38.034 34.802 114.791 38.153
3 0 34.802 114.791 38.153 34.822 114.560 37.510 31.146 114.680 37.393
3 0 31.148 114.217 36.892 31.146 114.680 37.393 34.822 114.560 37.510
3 0 34.822 114.560 37.510 34.818 114.102 37.004 31.148 114.217 36.892
3 0 31.146 113.597 36.606 31.148 114.217 36.892 34.818 114.102 37.004
3 0 34.818 114.102 37.004 34.791 113.486 36.711 31.146 113.597 36.606
3 0 31.139 112.914 36.579 31.146 113.597 36.606 34.791 113.486 36.711
3 0 34.791 113.486 36.711 34.743 112.805 36.676 31.139 112.914 36.579
3 0 31.129 112.274 36.815 31.139 112.914 36.579 34.743 112.805 36.676
3 0 34.743 112.805 36.676 34.684 112.164 36.904 31.129 112.274 36.815
3 0 31.118 111.772 37.279 31.129 112.274 36.815 34.684 112.164 36.904
3 0 34.684 112.164 36.904 34.621 111.661 37.360 31.118 111.772 37.279
3 0 31.106 111.487 37.899 31.118 111.772 37.279 34.621 111.661 37.360
3 0 34.621 111.661 37.360 34.564 111.370 37.976 31.106 111.487 37.899
3 0 31.096 111.460 38.581 31.106 111.487 37.899 34.564 111.370 37.976
3 0 34.564 111.370 37.976 34.522 111.338 38.657 31.096 111.460 38.581
3 0 31.089 111.696 39.222 31.096 111.460 38.581 34.522 111.338 38.657
3 0 34.522 111.338 38.657 34.501 111.569 39.299 31.089 111.696 39.222
3 0 31.087 112.160 39.723 31.089 111.696 39.222 34.501 111.569 39.299
3 0 34.501 111.569 39.299 34.505 112.027 39.806 31.087 112.160 39.723
3 0 31.089 112.780 40.009 31.087 112.160 39.723 34.505 112.027 39.806
3 0 34.505 112.027 39.806 34.533 112.643 40.099 31.089 112.780 40.009
3 0 31.096 113.462 40.036 31.089 112.780 40.009 34.533 112.643 40.099
3 0 34.533 112.643 40.099 34.580 113.324 40.134 31.096 113.462 40.036
