0 FILE xt0017.dat
0 xt0017
0 Name:  UntitledModel
0 Author:  
0 BL_Item_No xt0017.dat
0 BFC CERTIFY CCW
1 71 0.0000 0.0000 0.0000 1.0000 0.0000 0.0000 0.0000 1.0000 0.0000 0.0000 0.0000 1.0000 58120.dat
1 72 0.0000 348.0001 192.0003 -1.0000 0.0000 0.0000 0.0000 -1.0000 0.0000 0.0000 0.0000 1.0000 58124c01.dat
3 0 2.816 -27.464 120.682 2.251 -27.123 120.859 2.475 -23.918 117.127
3 0 2.475 -23.918 117.127 3.042 -24.186 116.859 2.816 -27.464 120.682
3 0 3.482 -27.612 120.658 2.816 -27.464 120.682 3.042 -24.186 116.859
3 0 3.042 -24.186 116.859 3.712 -24.280 116.765 3.482 -27.612 120.658
3 0 4.148 -27.544 120.791 3.482 -27.612 120.658 3.712 -24.280 116.765
3 0 3.712 -24.280 116.765 4.382 -24.186 116.859 4.148 -27.544 120.791
3 0 4.713 -27.271 121.060 4.148 -27.544 120.791 4.382 -24.186 116.859
3 0 4.382 -24.186 116.859 4.949 -23.918 117.127 4.713 -27.271 121.060
3 0 5.091 -26.835 121.425 4.713 -27.271 121.060 4.949 -23.918 117.127
3 0 4.949 -23.918 117.127 5.329 -23.516 117.528 5.091 -26.835 121.425
3 0 5.224 -26.301 121.830 5.091 -26.835 121.425 5.329 -23.516 117.528
3 0 5.329 -23.516 117.528 5.462 -23.043 118.002 5.224 -26.301 121.830
3 0 5.092 -25.752 122.213 5.224 -26.301 121.830 5.462 -23.043 118.002
3 0 5.462 -23.043 118.002 5.329 -22.570 118.476 5.092 -25.752 122.213
3 0 4.715 -25.270 122.516 5.092 -25.752 122.213 5.329 -22.570 118.476
3 0 5.329 -22.570 118.476 4.949 -22.168 118.877 4.715 -25.270 122.516
3 0 4.150 -24.929 122.693 4.715 -25.270 122.516 4.949 -22.168 118.877
3 0 4.949 -22.168 118.877 4.382 -21.900 119.145 4.150 -24.929 122.693
3 0 3.484 -24.781 122.717 4.150 -24.929 122.693 4.382 -21.900 119.145
3 0 4.382 -21.900 119.145 3.712 -21.806 119.240 3.484 -24.781 122.717
3 0 2.818 -24.849 122.584 3.484 -24.781 122.717 3.712 -21.806 119.240
3 0 3.712 -21.806 119.240 3.042 -21.900 119.145 2.818 -24.849 122.584
3 0 2.253 -25.122 122.315 2.818 -24.849 122.584 3.042 -21.900 119.145
3 0 3.042 -21.900 119.145 2.475 -22.168 118.877 2.253 -25.122 122.315
3 0 0.567 -24.186 116.859 0.354 -27.316 120.481 -0.211 -26.975 120.658
3 0 -0.211 -26.975 120.658 0.000 -23.918 117.127 0.567 -24.186 116.859
3 0 1.237 -24.280 116.765 1.020 -27.464 120.457 0.354 -27.316 120.481
3 0 0.354 -27.316 120.481 0.567 -24.186 116.859 1.237 -24.280 116.765
3 0 1.907 -24.186 116.859 1.686 -27.396 120.590 1.020 -27.464 120.457
3 0 1.020 -27.464 120.457 1.237 -24.280 116.765 1.907 -24.186 116.859
3 0 2.475 -23.918 117.127 2.251 -27.123 120.859 1.686 -27.396 120.590
3 0 1.686 -27.396 120.590 1.907 -24.186 116.859 2.475 -23.918 117.127
3 0 1.907 -21.900 119.145 1.688 -24.781 122.492 2.253 -25.122 122.315
3 0 2.253 -25.122 122.315 2.475 -22.168 118.877 1.907 -21.900 119.145
3 0 1.237 -21.806 119.240 1.022 -24.633 122.516 1.688 -24.781 122.492
3 0 1.688 -24.781 122.492 1.907 -21.900 119.145 1.237 -21.806 119.240
3 0 0.567 -21.900 119.145 0.355 -24.701 122.383 1.022 -24.633 122.516
3 0 1.022 -24.633 122.516 1.237 -21.806 119.240 0.567 -21.900 119.145
3 0 0.000 -22.168 118.877 -0.210 -24.974 122.114 0.355 -24.701 122.383
3 0 0.355 -24.701 122.383 0.567 -21.900 119.145 0.000 -22.168 118.877
3 0 -1.907 -24.186 116.859 -2.108 -27.168 120.280 -2.672 -26.827 120.457
3 0 -2.672 -26.827 120.457 -2.474 -23.918 117.127 -1.907 -24.186 116.859
3 0 -1.237 -24.280 116.765 -1.442 -27.316 120.256 -2.108 -27.168 120.280
3 0 -2.108 -27.168 120.280 -1.907 -24.186 116.859 -1.237 -24.280 116.765
3 0 -0.567 -24.186 116.859 -0.775 -27.248 120.389 -1.442 -27.316 120.256
3 0 -1.442 -27.316 120.256 -1.237 -24.280 116.765 -0.567 -24.186 116.859
3 0 0.000 -23.918 117.127 -0.211 -26.975 120.658 -0.775 -27.248 120.389
3 0 -0.775 -27.248 120.389 -0.567 -24.186 116.859 0.000 -23.918 117.127
3 0 -0.567 -21.900 119.145 -0.773 -24.633 122.291 -0.210 -24.974 122.114
3 0 -0.210 -24.974 122.114 0.000 -22.168 118.877 -0.567 -21.900 119.145
3 0 -1.237 -21.806 119.240 -1.440 -24.485 122.315 -0.773 -24.633 122.291
3 0 -0.773 -24.633 122.291 -0.567 -21.900 119.145 -1.237 -21.806 119.240
3 0 -1.907 -21.900 119.145 -2.106 -24.553 122.182 -1.440 -24.485 122.315
3 0 -1.440 -24.485 122.315 -1.237 -21.806 119.240 -1.907 -21.900 119.145
3 0 -2.474 -22.168 118.877 -2.671 -24.826 121.913 -2.106 -24.553 122.182
3 0 -2.106 -24.553 122.182 -1.907 -21.900 119.145 -2.474 -22.168 118.877
3 0 -3.236 -24.485 122.090 -2.671 -24.826 121.913 -2.474 -22.168 118.877
3 0 -2.474 -22.168 118.877 -3.042 -21.900 119.145 -3.236 -24.485 122.090
3 0 -3.902 -24.337 122.114 -3.236 -24.485 122.090 -3.042 -21.900 119.145
3 0 -3.042 -21.900 119.145 -3.712 -21.806 119.240 -3.902 -24.337 122.114
3 0 -4.568 -24.405 121.981 -3.902 -24.337 122.114 -3.712 -21.806 119.240
3 0 -3.712 -21.806 119.240 -4.382 -21.900 119.145 -4.568 -24.405 121.981
3 0 -5.133 -24.678 121.712 -4.568 -24.405 121.981 -4.382 -21.900 119.145
3 0 -4.382 -21.900 119.145 -4.949 -22.168 118.877 -5.133 -24.678 121.712
3 0 -5.511 -25.114 121.347 -5.133 -24.678 121.712 -4.949 -22.168 118.877
3 0 -4.949 -22.168 118.877 -5.329 -22.570 118.476 -5.511 -25.114 121.347
3 0 -5.644 -25.648 120.942 -5.511 -25.114 121.347 -5.329 -22.570 118.476
3 0 -5.329 -22.570 118.476 -5.462 -23.043 118.002 -5.644 -25.648 120.942
3 0 -5.512 -26.197 120.559 -5.644 -25.648 120.942 -5.462 -23.043 118.002
3 0 -5.462 -23.043 118.002 -5.329 -23.516 117.528 -5.512 -26.197 120.559
3 0 -5.135 -26.679 120.256 -5.512 -26.197 120.559 -5.329 -23.516 117.528
3 0 -5.329 -23.516 117.528 -4.949 -23.918 117.127 -5.135 -26.679 120.256
3 0 -4.570 -27.020 120.079 -5.135 -26.679 120.256 -4.949 -23.918 117.127
3 0 -4.949 -23.918 117.127 -4.382 -24.186 116.859 -4.570 -27.020 120.079
3 0 -3.904 -27.168 120.055 -4.570 -27.020 120.079 -4.382 -24.186 116.859
3 0 -4.382 -24.186 116.859 -3.712 -24.280 116.765 -3.904 -27.168 120.055
3 0 -3.238 -27.100 120.188 -3.904 -27.168 120.055 -3.712 -24.280 116.765
3 0 -3.712 -24.280 116.765 -3.042 -24.186 116.859 -3.238 -27.100 120.188
3 0 -2.672 -26.827 120.457 -3.238 -27.100 120.188 -3.042 -24.186 116.859
3 0 -3.042 -24.186 116.859 -2.474 -23.918 117.127 -2.672 -26.827 120.457
3 0 2.133 -29.773 124.654 1.581 -29.373 124.706 2.251 -27.123 120.859
3 0 2.251 -27.123 120.859 2.816 -27.464 120.682 2.133 -29.773 124.654
3 0 2.786 -29.959 124.726 2.133 -29.773 124.654 2.816 -27.464 120.682
3 0 2.816 -27.464 120.682 3.482 -27.612 120.658 2.786 -29.959 124.726
3 0 3.441 -29.904 124.911 2.786 -29.959 124.726 3.482 -27.612 120.658
3 0 3.482 -27.612 120.658 4.148 -27.544 120.791 3.441 -29.904 124.911
3 0 3.998 -29.617 125.181 3.441 -29.904 124.911 4.148 -27.544 120.791
3 0 4.148 -27.544 120.791 4.713 -27.271 121.060 3.998 -29.617 125.181
3 0 4.373 -29.140 125.494 3.998 -29.617 125.181 4.713 -27.271 121.060
3 0 4.713 -27.271 121.060 5.091 -26.835 121.425 4.373 -29.140 125.494
3 0 4.509 -28.546 125.803 4.373 -29.140 125.494 5.091 -26.835 121.425
3 0 5.091 -26.835 121.425 5.224 -26.301 121.830 4.509 -28.546 125.803
3 0 4.384 -27.926 126.061 4.509 -28.546 125.803 5.224 -26.301 121.830
3 0 5.224 -26.301 121.830 5.092 -25.752 122.213 4.384 -27.926 126.061
3 0 4.018 -27.375 126.229 4.384 -27.926 126.061 5.092 -25.752 122.213
3 0 5.092 -25.752 122.213 4.715 -25.270 122.516 4.018 -27.375 126.229
3 0 3.467 -26.975 126.281 4.018 -27.375 126.229 4.715 -25.270 122.516
3 0 4.715 -25.270 122.516 4.150 -24.929 122.693 3.467 -26.975 126.281
3 0 2.814 -26.789 126.209 3.467 -26.975 126.281 4.150 -24.929 122.693
3 0 4.150 -24.929 122.693 3.484 -24.781 122.717 2.814 -26.789 126.209
3 0 2.159 -26.844 126.024 2.814 -26.789 126.209 3.484 -24.781 122.717
3 0 3.484 -24.781 122.717 2.818 -24.849 122.584 2.159 -26.844 126.024
3 0 1.601 -27.131 125.754 2.159 -26.844 126.024 2.818 -24.849 122.584
3 0 2.818 -24.849 122.584 2.253 -25.122 122.315 1.601 -27.131 125.754
3 0 0.354 -27.316 120.481 -0.284 -29.529 124.179 -0.835 -29.130 124.231
3 0 -0.835 -29.130 124.231 -0.211 -26.975 120.658 0.354 -27.316 120.481
3 0 1.020 -27.464 120.457 0.369 -29.716 124.251 -0.284 -29.529 124.179
3 0 -0.284 -29.529 124.179 0.354 -27.316 120.481 1.020 -27.464 120.457
3 0 1.686 -27.396 120.590 1.024 -29.661 124.436 0.369 -29.716 124.251
3 0 0.369 -29.716 124.251 1.020 -27.464 120.457 1.686 -27.396 120.590
3 0 2.251 -27.123 120.859 1.581 -29.373 124.706 1.024 -29.661 124.436
3 0 1.024 -29.661 124.436 1.686 -27.396 120.590 2.251 -27.123 120.859
3 0 1.688 -24.781 122.492 1.050 -26.732 125.806 1.601 -27.131 125.754
3 0 1.601 -27.131 125.754 2.253 -25.122 122.315 1.688 -24.781 122.492
3 0 1.022 -24.633 122.516 0.397 -26.545 125.734 1.050 -26.732 125.806
3 0 1.050 -26.732 125.806 1.688 -24.781 122.492 1.022 -24.633 122.516
3 0 0.355 -24.701 122.383 -0.258 -26.600 125.549 0.397 -26.545 125.734
3 0 0.397 -26.545 125.734 1.022 -24.633 122.516 0.355 -24.701 122.383
3 0 -0.210 -24.974 122.114 -0.815 -26.888 125.279 -0.258 -26.600 125.549
3 0 -0.258 -26.600 125.549 0.355 -24.701 122.383 -0.210 -24.974 122.114
3 0 -2.108 -27.168 120.280 -2.700 -29.286 123.705 -3.251 -28.886 123.757
3 0 -3.251 -28.886 123.757 -2.672 -26.827 120.457 -2.108 -27.168 120.280
3 0 -1.442 -27.316 120.256 -2.047 -29.472 123.777 -2.700 -29.286 123.705
3 0 -2.700 -29.286 123.705 -2.108 -27.168 120.280 -1.442 -27.316 120.256
3 0 -0.775 -27.248 120.389 -1.392 -29.417 123.962 -2.047 -29.472 123.777
3 0 -2.047 -29.472 123.777 -1.442 -27.316 120.256 -0.775 -27.248 120.389
3 0 -0.211 -26.975 120.658 -0.835 -29.130 124.231 -1.392 -29.417 123.962
3 0 -1.392 -29.417 123.962 -0.775 -27.248 120.389 -0.211 -26.975 120.658
3 0 -0.773 -24.633 122.291 -1.366 -26.488 125.331 -0.815 -26.888 125.279
3 0 -0.815 -26.888 125.279 -0.210 -24.974 122.114 -0.773 -24.633 122.291
3 0 -1.440 -24.485 122.315 -2.019 -26.302 125.259 -1.366 -26.488 125.331
3 0 -1.366 -26.488 125.331 -0.773 -24.633 122.291 -1.440 -24.485 122.315
3 0 -2.106 -24.553 122.182 -2.674 -26.357 125.075 -2.019 -26.302 125.259
3 0 -2.019 -26.302 125.259 -1.440 -24.485 122.315 -2.106 -24.553 122.182
3 0 -2.671 -24.826 121.913 -3.231 -26.644 124.805 -2.674 -26.357 125.075
3 0 -2.674 -26.357 125.075 -2.106 -24.553 122.182 -2.671 -24.826 121.913
3 0 -3.783 -26.245 124.857 -3.231 -26.644 124.805 -2.671 -24.826 121.913
3 0 -2.671 -24.826 121.913 -3.236 -24.485 122.090 -3.783 -26.245 124.857
3 0 -4.436 -26.058 124.785 -3.783 -26.245 124.857 -3.236 -24.485 122.090
3 0 -3.236 -24.485 122.090 -3.902 -24.337 122.114 -4.436 -26.058 124.785
3 0 -5.091 -26.113 124.600 -4.436 -26.058 124.785 -3.902 -24.337 122.114
3 0 -3.902 -24.337 122.114 -4.568 -24.405 121.981 -5.091 -26.113 124.600
3 0 -5.648 -26.401 124.330 -5.091 -26.113 124.600 -4.568 -24.405 121.981
3 0 -4.568 -24.405 121.981 -5.133 -24.678 121.712 -5.648 -26.401 124.330
3 0 -6.023 -26.878 124.017 -5.648 -26.401 124.330 -5.133 -24.678 121.712
3 0 -5.133 -24.678 121.712 -5.511 -25.114 121.347 -6.023 -26.878 124.017
3 0 -6.158 -27.471 123.708 -6.023 -26.878 124.017 -5.511 -25.114 121.347
3 0 -5.511 -25.114 121.347 -5.644 -25.648 120.942 -6.158 -27.471 123.708
3 0 -6.034 -28.091 123.450 -6.158 -27.471 123.708 -5.644 -25.648 120.942
3 0 -5.644 -25.648 120.942 -5.512 -26.197 120.559 -6.034 -28.091 123.450
3 0 -5.668 -28.643 123.282 -6.034 -28.091 123.450 -5.512 -26.197 120.559
3 0 -5.512 -26.197 120.559 -5.135 -26.679 120.256 -5.668 -28.643 123.282
3 0 -5.117 -29.042 123.230 -5.668 -28.643 123.282 -5.135 -26.679 120.256
3 0 -5.135 -26.679 120.256 -4.570 -27.020 120.079 -5.117 -29.042 123.230
3 0 -4.464 -29.229 123.302 -5.117 -29.042 123.230 -4.570 -27.020 120.079
3 0 -4.570 -27.020 120.079 -3.904 -27.168 120.055 -4.464 -29.229 123.302
3 0 -3.809 -29.174 123.487 -4.464 -29.229 123.302 -3.904 -27.168 120.055
3 0 -3.904 -27.168 120.055 -3.238 -27.100 120.188 -3.809 -29.174 123.487
3 0 -3.251 -28.886 123.757 -3.809 -29.174 123.487 -3.238 -27.100 120.188
3 0 -3.238 -27.100 120.188 -2.672 -26.827 120.457 -3.251 -28.886 123.757
3 0 0.920 -31.096 128.970 0.391 -30.673 128.878 1.581 -29.373 124.706
3 0 1.581 -29.373 124.706 2.133 -29.773 124.654 0.920 -31.096 128.970
3 0 1.550 -31.289 129.149 0.920 -31.096 128.970 2.133 -29.773 124.654
3 0 2.133 -29.773 124.654 2.786 -29.959 124.726 1.550 -31.289 129.149
3 0 2.186 -31.222 129.388 1.550 -31.289 129.149 2.786 -29.959 124.726
3 0 2.786 -29.959 124.726 3.441 -29.904 124.911 2.186 -31.222 129.388
3 0 2.731 -30.905 129.649 2.186 -31.222 129.388 3.441 -29.904 124.911
3 0 3.441 -29.904 124.911 3.998 -29.617 125.181 2.731 -30.905 129.649
3 0 3.103 -30.388 129.894 2.731 -30.905 129.649 3.998 -29.617 125.181
3 0 3.998 -29.617 125.181 4.373 -29.140 125.494 3.103 -30.388 129.894
3 0 3.245 -29.747 130.085 3.103 -30.388 129.894 4.373 -29.140 125.494
3 0 4.373 -29.140 125.494 4.509 -28.546 125.803 3.245 -29.747 130.085
3 0 3.134 -29.082 130.193 3.245 -29.747 130.085 4.509 -28.546 125.803
3 0 4.509 -28.546 125.803 4.384 -27.926 126.061 3.134 -29.082 130.193
3 0 2.788 -28.493 130.201 3.134 -29.082 130.193 4.384 -27.926 126.061
3 0 4.384 -27.926 126.061 4.018 -27.375 126.229 2.788 -28.493 130.201
3 0 2.260 -28.071 130.109 2.788 -28.493 130.201 4.018 -27.375 126.229
3 0 4.018 -27.375 126.229 3.467 -26.975 126.281 2.260 -28.071 130.109
3 0 1.630 -27.878 129.930 2.260 -28.071 130.109 3.467 -26.975 126.281
3 0 3.467 -26.975 126.281 2.814 -26.789 126.209 1.630 -27.878 129.930
3 0 0.994 -27.945 129.691 1.630 -27.878 129.930 2.814 -26.789 126.209
3 0 2.814 -26.789 126.209 2.159 -26.844 126.024 0.994 -27.945 129.691
3 0 0.448 -28.262 129.430 0.994 -27.945 129.691 2.159 -26.844 126.024
3 0 2.159 -26.844 126.024 1.601 -27.131 125.754 0.448 -28.262 129.430
3 0 -0.284 -29.529 124.179 -1.421 -30.864 128.198 -1.949 -30.442 128.106
3 0 -1.949 -30.442 128.106 -0.835 -29.130 124.231 -0.284 -29.529 124.179
3 0 0.369 -29.716 124.251 -0.790 -31.057 128.377 -1.421 -30.864 128.198
3 0 -1.421 -30.864 128.198 -0.284 -29.529 124.179 0.369 -29.716 124.251
3 0 1.024 -29.661 124.436 -0.154 -30.990 128.616 -0.790 -31.057 128.377
3 0 -0.790 -31.057 128.377 0.369 -29.716 124.251 1.024 -29.661 124.436
3 0 1.581 -29.373 124.706 0.391 -30.673 128.878 -0.154 -30.990 128.616
3 0 -0.154 -30.990 128.616 1.024 -29.661 124.436 1.581 -29.373 124.706
3 0 1.050 -26.732 125.806 -0.080 -27.839 129.337 0.448 -28.262 129.430
3 0 0.448 -28.262 129.430 1.601 -27.131 125.754 1.050 -26.732 125.806
3 0 0.397 -26.545 125.734 -0.710 -27.646 129.158 -0.080 -27.839 129.337
3 0 -0.080 -27.839 129.337 1.050 -26.732 125.806 0.397 -26.545 125.734
3 0 -0.258 -26.600 125.549 -1.346 -27.713 128.920 -0.710 -27.646 129.158
3 0 -0.710 -27.646 129.158 0.397 -26.545 125.734 -0.258 -26.600 125.549
3 0 -0.815 -26.888 125.279 -1.892 -28.030 128.658 -1.346 -27.713 128.920
3 0 -1.346 -27.713 128.920 -0.258 -26.600 125.549 -0.815 -26.888 125.279
3 0 -2.700 -29.286 123.705 -3.760 -30.633 127.427 -4.288 -30.210 127.335
3 0 -4.288 -30.210 127.335 -3.251 -28.886 123.757 -2.700 -29.286 123.705
3 0 -2.047 -29.472 123.777 -3.130 -30.825 127.606 -3.760 -30.633 127.427
3 0 -3.760 -30.633 127.427 -2.700 -29.286 123.705 -2.047 -29.472 123.777
3 0 -1.392 -29.417 123.962 -2.493 -30.758 127.845 -3.130 -30.825 127.606
3 0 -3.130 -30.825 127.606 -2.047 -29.472 123.777 -1.392 -29.417 123.962
3 0 -0.835 -29.130 124.231 -1.949 -30.442 128.106 -2.493 -30.758 127.845
3 0 -2.493 -30.758 127.845 -1.392 -29.417 123.962 -0.835 -29.130 124.231
3 0 -1.366 -26.488 125.331 -2.419 -27.607 128.566 -1.892 -28.030 128.658
3 0 -1.892 -28.030 128.658 -0.815 -26.888 125.279 -1.366 -26.488 125.331
3 0 -2.019 -26.302 125.259 -3.049 -27.414 128.387 -2.419 -27.607 128.566
3 0 -2.419 -27.607 128.566 -1.366 -26.488 125.331 -2.019 -26.302 125.259
3 0 -2.674 -26.357 125.075 -3.685 -27.481 128.148 -3.049 -27.414 128.387
3 0 -3.049 -27.414 128.387 -2.019 -26.302 125.259 -2.674 -26.357 125.075
3 0 -3.231 -26.644 124.805 -4.231 -27.798 127.887 -3.685 -27.481 128.148
3 0 -3.685 -27.481 128.148 -2.674 -26.357 125.075 -3.231 -26.644 124.805
3 0 -4.759 -27.375 127.794 -4.231 -27.798 127.887 -3.231 -26.644 124.805
3 0 -3.231 -26.644 124.805 -3.783 -26.245 124.857 -4.759 -27.375 127.794
3 0 -5.389 -27.183 127.615 -4.759 -27.375 127.794 -3.783 -26.245 124.857
3 0 -3.783 -26.245 124.857 -4.436 -26.058 124.785 -5.389 -27.183 127.615
3 0 -6.026 -27.250 127.377 -5.389 -27.183 127.615 -4.436 -26.058 124.785
3 0 -4.436 -26.058 124.785 -5.091 -26.113 124.600 -6.026 -27.250 127.377
3 0 -6.571 -27.566 127.115 -6.026 -27.250 127.377 -5.091 -26.113 124.600
3 0 -5.091 -26.113 124.600 -5.648 -26.401 124.330 -6.571 -27.566 127.115
3 0 -6.943 -28.084 126.870 -6.571 -27.566 127.115 -5.648 -26.401 124.330
3 0 -5.648 -26.401 124.330 -6.023 -26.878 124.017 -6.943 -28.084 126.870
3 0 -7.084 -28.724 126.679 -6.943 -28.084 126.870 -6.023 -26.878 124.017
3 0 -6.023 -26.878 124.017 -6.158 -27.471 123.708 -7.084 -28.724 126.679
3 0 -6.974 -29.389 126.571 -7.084 -28.724 126.679 -6.158 -27.471 123.708
3 0 -6.158 -27.471 123.708 -6.034 -28.091 123.450 -6.974 -29.389 126.571
3 0 -6.628 -29.978 126.563 -6.974 -29.389 126.571 -6.034 -28.091 123.450
3 0 -6.034 -28.091 123.450 -5.668 -28.643 123.282 -6.628 -29.978 126.563
3 0 -6.100 -30.401 126.655 -6.628 -29.978 126.563 -5.668 -28.643 123.282
3 0 -5.668 -28.643 123.282 -5.117 -29.042 123.230 -6.100 -30.401 126.655
3 0 -5.470 -30.593 126.834 -6.100 -30.401 126.655 -5.117 -29.042 123.230
3 0 -5.117 -29.042 123.230 -4.464 -29.229 123.302 -5.470 -30.593 126.834
3 0 -4.834 -30.526 127.073 -5.470 -30.593 126.834 -4.464 -29.229 123.302
3 0 -4.464 -29.229 123.302 -3.809 -29.174 123.487 -4.834 -30.526 127.073
3 0 -4.288 -30.210 127.335 -4.834 -30.526 127.073 -3.809 -29.174 123.487
3 0 -3.809 -29.174 123.487 -3.251 -28.886 123.757 -4.288 -30.210 127.335
3 0 -0.697 -31.368 133.282 -1.199 -30.965 133.053 0.391 -30.673 128.878
3 0 0.391 -30.673 128.878 0.920 -31.096 128.970 -0.697 -31.368 133.282
3 0 -0.697 -31.368 133.282 0.920 -31.096 128.970 1.550 -31.289 129.149
3 0 1.550 -31.289 129.149 -0.092 -31.529 133.555 -0.697 -31.368 133.282
3 0 -0.092 -31.529 133.555 1.550 -31.289 129.149 2.186 -31.222 129.388
3 0 2.186 -31.222 129.388 0.523 -31.424 133.831 -0.092 -31.529 133.555
3 0 0.523 -31.424 133.831 2.186 -31.222 129.388 2.731 -30.905 129.649
3 0 2.731 -30.905 129.649 1.056 -31.069 134.068 0.523 -31.424 133.831
3 0 1.056 -31.069 134.068 2.731 -30.905 129.649 3.103 -30.388 129.894
3 0 3.103 -30.388 129.894 1.425 -30.518 134.230 1.056 -31.069 134.068
3 0 1.425 -30.518 134.230 3.103 -30.388 129.894 3.245 -29.747 130.085
3 0 3.245 -29.747 130.085 1.574 -29.854 134.292 1.425 -30.518 134.230
3 0 1.574 -29.854 134.292 3.245 -29.747 130.085 3.134 -29.082 130.193
3 0 3.134 -29.082 130.193 1.480 -29.180 134.245 1.574 -29.854 134.292
3 0 1.480 -29.180 134.245 3.134 -29.082 130.193 2.788 -28.493 130.201
3 0 2.788 -28.493 130.201 1.158 -28.596 134.096 1.480 -29.180 134.245
3 0 1.158 -28.596 134.096 2.788 -28.493 130.201 2.260 -28.071 130.109
3 0 2.260 -28.071 130.109 0.656 -28.194 133.867 1.158 -28.596 134.096
3 0 0.656 -28.194 133.867 2.260 -28.071 130.109 1.630 -27.878 129.930
3 0 1.630 -27.878 129.930 0.051 -28.032 133.594 0.656 -28.194 133.867
3 0 0.051 -28.032 133.594 1.630 -27.878 129.930 0.994 -27.945 129.691
3 0 0.994 -27.945 129.691 -0.564 -28.137 133.318 0.051 -28.032 133.594
3 0 -0.564 -28.137 133.318 0.994 -27.945 129.691 0.448 -28.262 129.430
3 0 0.448 -28.262 129.430 -1.097 -28.492 133.081 -0.564 -28.137 133.318
3 0 -2.952 -31.264 132.266 -3.453 -30.861 132.038 -1.949 -30.442 128.106
3 0 -1.949 -30.442 128.106 -1.421 -30.864 128.198 -2.952 -31.264 132.266
3 0 -2.347 -31.425 132.540 -2.952 -31.264 132.266 -1.421 -30.864 128.198
3 0 -1.421 -30.864 128.198 -0.790 -31.057 128.377 -2.347 -31.425 132.540
3 0 -1.732 -31.320 132.816 -2.347 -31.425 132.540 -0.790 -31.057 128.377
3 0 -0.790 -31.057 128.377 -0.154 -30.990 128.616 -1.732 -31.320 132.816
3 0 -1.199 -30.965 133.053 -1.732 -31.320 132.816 -0.154 -30.990 128.616
3 0 -0.154 -30.990 128.616 0.391 -30.673 128.878 -1.199 -30.965 133.053
3 0 -1.599 -28.090 132.852 -1.097 -28.492 133.081 0.448 -28.262 129.430
3 0 0.448 -28.262 129.430 -0.080 -27.839 129.337 -1.599 -28.090 132.852
3 0 -2.203 -27.928 132.579 -1.599 -28.090 132.852 -0.080 -27.839 129.337
3 0 -0.080 -27.839 129.337 -0.710 -27.646 129.158 -2.203 -27.928 132.579
3 0 -2.819 -28.033 132.302 -2.203 -27.928 132.579 -0.710 -27.646 129.158
3 0 -0.710 -27.646 129.158 -1.346 -27.713 128.920 -2.819 -28.033 132.302
3 0 -3.352 -28.388 132.065 -2.819 -28.033 132.302 -1.346 -27.713 128.920
3 0 -1.346 -27.713 128.920 -1.892 -28.030 128.658 -3.352 -28.388 132.065
3 0 -5.206 -31.160 131.251 -5.707 -30.757 131.023 -4.288 -30.210 127.335
3 0 -4.288 -30.210 127.335 -3.760 -30.633 127.427 -5.206 -31.160 131.251
3 0 -4.601 -31.321 131.525 -5.206 -31.160 131.251 -3.760 -30.633 127.427
3 0 -3.760 -30.633 127.427 -3.130 -30.825 127.606 -4.601 -31.321 131.525
3 0 -3.985 -31.216 131.801 -4.601 -31.321 131.525 -3.130 -30.825 127.606
3 0 -3.130 -30.825 127.606 -2.493 -30.758 127.845 -3.985 -31.216 131.801
3 0 -3.453 -30.861 132.038 -3.985 -31.216 131.801 -2.493 -30.758 127.845
3 0 -2.493 -30.758 127.845 -1.949 -30.442 128.106 -3.453 -30.861 132.038
3 0 -3.853 -27.986 131.837 -3.352 -28.388 132.065 -1.892 -28.030 128.658
3 0 -1.892 -28.030 128.658 -2.419 -27.607 128.566 -3.853 -27.986 131.837
3 0 -4.457 -27.824 131.564 -3.853 -27.986 131.837 -2.419 -27.607 128.566
3 0 -2.419 -27.607 128.566 -3.049 -27.414 128.387 -4.457 -27.824 131.564
3 0 -5.073 -27.929 131.288 -4.457 -27.824 131.564 -3.049 -27.414 128.387
3 0 -3.049 -27.414 128.387 -3.685 -27.481 128.148 -5.073 -27.929 131.288
3 0 -5.606 -28.285 131.050 -5.073 -27.929 131.288 -3.685 -27.481 128.148
3 0 -3.685 -27.481 128.148 -4.231 -27.798 127.887 -5.606 -28.285 131.050
3 0 -5.606 -28.285 131.050 -4.231 -27.798 127.887 -4.759 -27.375 127.794
3 0 -4.759 -27.375 127.794 -6.107 -27.882 130.822 -5.606 -28.285 131.050
3 0 -6.107 -27.882 130.822 -4.759 -27.375 127.794 -5.389 -27.183 127.615
3 0 -5.389 -27.183 127.615 -6.712 -27.721 130.548 -6.107 -27.882 130.822
3 0 -6.712 -27.721 130.548 -5.389 -27.183 127.615 -6.026 -27.250 127.377
3 0 -6.026 -27.250 127.377 -7.328 -27.825 130.272 -6.712 -27.721 130.548
3 0 -7.328 -27.825 130.272 -6.026 -27.250 127.377 -6.571 -27.566 127.115
3 0 -6.571 -27.566 127.115 -7.860 -28.181 130.035 -7.328 -27.825 130.272
3 0 -7.860 -28.181 130.035 -6.571 -27.566 127.115 -6.943 -28.084 126.870
3 0 -6.943 -28.084 126.870 -8.229 -28.732 129.873 -7.860 -28.181 130.035
3 0 -8.229 -28.732 129.873 -6.943 -28.084 126.870 -7.084 -28.724 126.679
3 0 -7.084 -28.724 126.679 -8.378 -29.395 129.811 -8.229 -28.732 129.873
3 0 -8.378 -29.395 129.811 -7.084 -28.724 126.679 -6.974 -29.389 126.571
3 0 -6.974 -29.389 126.571 -8.284 -30.070 129.858 -8.378 -29.395 129.811
3 0 -8.284 -30.070 129.858 -6.974 -29.389 126.571 -6.628 -29.978 126.563
3 0 -6.628 -29.978 126.563 -7.962 -30.653 130.007 -8.284 -30.070 129.858
3 0 -7.962 -30.653 130.007 -6.628 -29.978 126.563 -6.100 -30.401 126.655
3 0 -6.100 -30.401 126.655 -7.460 -31.056 130.236 -7.962 -30.653 130.007
3 0 -7.460 -31.056 130.236 -6.100 -30.401 126.655 -5.470 -30.593 126.834
3 0 -5.470 -30.593 126.834 -6.856 -31.217 130.509 -7.460 -31.056 130.236
3 0 -6.856 -31.217 130.509 -5.470 -30.593 126.834 -4.834 -30.526 127.073
3 0 -4.834 -30.526 127.073 -6.240 -31.112 130.786 -6.856 -31.217 130.509
3 0 -6.240 -31.112 130.786 -4.834 -30.526 127.073 -4.288 -30.210 127.335
3 0 -4.288 -30.210 127.335 -5.707 -30.757 131.023 -6.240 -31.112 130.786
3 0 -3.071 -30.299 136.995 -1.199 -30.965 133.053 -0.697 -31.368 133.282
3 0 -0.697 -31.368 133.282 -2.593 -30.648 137.336 -3.071 -30.299 136.995
3 0 -2.593 -30.648 137.336 -0.697 -31.368 133.282 -0.092 -31.529 133.555
3 0 -0.092 -31.529 133.555 -2.011 -30.751 137.677 -2.593 -30.648 137.336
3 0 -2.011 -30.751 137.677 -0.092 -31.529 133.555 0.523 -31.424 133.831
3 0 0.523 -31.424 133.831 -1.413 -30.593 137.967 -2.011 -30.751 137.677
3 0 -1.413 -30.593 137.967 0.523 -31.424 133.831 1.056 -31.069 134.068
3 0 1.056 -31.069 134.068 -0.890 -30.199 138.160 -1.413 -30.593 137.967
3 0 -0.890 -30.199 138.160 1.056 -31.069 134.068 1.425 -30.518 134.230
3 0 1.425 -30.518 134.230 -0.522 -29.628 138.228 -0.890 -30.199 138.160
3 0 -0.522 -29.628 138.228 1.425 -30.518 134.230 1.574 -29.854 134.292
3 0 1.574 -29.854 134.292 -0.366 -28.967 138.160 -0.522 -29.628 138.228
3 0 -0.366 -28.967 138.160 1.574 -29.854 134.292 1.480 -29.180 134.245
3 0 1.480 -29.180 134.245 -0.443 -28.316 137.967 -0.366 -28.967 138.160
3 0 -0.443 -28.316 137.967 1.480 -29.180 134.245 1.158 -28.596 134.096
3 0 1.158 -28.596 134.096 -0.744 -27.776 137.678 -0.443 -28.316 137.967
3 0 -0.744 -27.776 137.678 1.158 -28.596 134.096 0.656 -28.194 133.867
3 0 0.656 -28.194 133.867 -1.222 -27.427 137.337 -0.744 -27.776 137.678
3 0 -1.222 -27.427 137.337 0.656 -28.194 133.867 0.051 -28.032 133.594
3 0 0.051 -28.032 133.594 -1.805 -27.324 136.996 -1.222 -27.427 137.337
3 0 -1.805 -27.324 136.996 0.051 -28.032 133.594 -0.564 -28.137 133.318
3 0 -0.564 -28.137 133.318 -2.403 -27.482 136.707 -1.805 -27.324 136.996
3 0 -2.403 -27.482 136.707 -0.564 -28.137 133.318 -1.097 -28.492 133.081
3 0 -1.097 -28.492 133.081 -2.926 -27.876 136.513 -2.403 -27.482 136.707
3 0 -4.775 -30.748 136.171 -5.253 -30.400 135.830 -3.453 -30.861 132.038
3 0 -3.453 -30.861 132.038 -2.952 -31.264 132.266 -4.775 -30.748 136.171
3 0 -4.192 -30.851 136.512 -4.775 -30.748 136.171 -2.952 -31.264 132.266
3 0 -2.952 -31.264 132.266 -2.347 -31.425 132.540 -4.192 -30.851 136.512
3 0 -3.594 -30.694 136.802 -4.192 -30.851 136.512 -2.347 -31.425 132.540
3 0 -2.347 -31.425 132.540 -1.732 -31.320 132.816 -3.594 -30.694 136.802
3 0 -3.071 -30.299 136.995 -3.594 -30.694 136.802 -1.732 -31.320 132.816
3 0 -1.732 -31.320 132.816 -1.199 -30.965 133.053 -3.071 -30.299 136.995
3 0 -3.404 -27.528 136.172 -2.926 -27.876 136.513 -1.097 -28.492 133.081
3 0 -1.097 -28.492 133.081 -1.599 -28.090 132.852 -3.404 -27.528 136.172
3 0 -3.986 -27.425 135.831 -3.404 -27.528 136.172 -1.599 -28.090 132.852
3 0 -1.599 -28.090 132.852 -2.203 -27.928 132.579 -3.986 -27.425 135.831
3 0 -4.584 -27.582 135.541 -3.986 -27.425 135.831 -2.203 -27.928 132.579
3 0 -2.203 -27.928 132.579 -2.819 -28.033 132.302 -4.584 -27.582 135.541
3 0 -5.107 -27.977 135.348 -4.584 -27.582 135.541 -2.819 -28.033 132.302
3 0 -2.819 -28.033 132.302 -3.352 -28.388 132.065 -5.107 -27.977 135.348
3 0 -6.955 -30.848 135.006 -7.433 -30.500 134.665 -5.707 -30.757 131.023
3 0 -5.707 -30.757 131.023 -5.206 -31.160 131.251 -6.955 -30.848 135.006
3 0 -6.373 -30.952 135.348 -6.955 -30.848 135.006 -5.206 -31.160 131.251
3 0 -5.206 -31.160 131.251 -4.601 -31.321 131.525 -6.373 -30.952 135.348
3 0 -5.775 -30.794 135.637 -6.373 -30.952 135.348 -4.601 -31.321 131.525
3 0 -4.601 -31.321 131.525 -3.985 -31.216 131.801 -5.775 -30.794 135.637
3 0 -5.253 -30.400 135.830 -5.775 -30.794 135.637 -3.985 -31.216 131.801
3 0 -3.985 -31.216 131.801 -3.453 -30.861 132.038 -5.253 -30.400 135.830
3 0 -5.584 -27.628 135.007 -5.107 -27.977 135.348 -3.352 -28.388 132.065
3 0 -3.352 -28.388 132.065 -3.853 -27.986 131.837 -5.584 -27.628 135.007
3 0 -6.166 -27.525 134.666 -5.584 -27.628 135.007 -3.853 -27.986 131.837
3 0 -3.853 -27.986 131.837 -4.457 -27.824 131.564 -6.166 -27.525 134.666
3 0 -6.765 -27.683 134.377 -6.166 -27.525 134.666 -4.457 -27.824 131.564
3 0 -4.457 -27.824 131.564 -5.073 -27.929 131.288 -6.765 -27.683 134.377
3 0 -7.287 -28.077 134.183 -6.765 -27.683 134.377 -5.073 -27.929 131.288
3 0 -5.073 -27.929 131.288 -5.606 -28.285 131.050 -7.287 -28.077 134.183
3 0 -7.287 -28.077 134.183 -5.606 -28.285 131.050 -6.107 -27.882 130.822
3 0 -6.107 -27.882 130.822 -7.765 -27.729 133.842 -7.287 -28.077 134.183
3 0 -7.765 -27.729 133.842 -6.107 -27.882 130.822 -6.712 -27.721 130.548
3 0 -6.712 -27.721 130.548 -8.348 -27.625 133.501 -7.765 -27.729 133.842
3 0 -8.348 -27.625 133.501 -6.712 -27.721 130.548 -7.328 -27.825 130.272
3 0 -7.328 -27.825 130.272 -8.946 -27.783 133.212 -8.348 -27.625 133.501
3 0 -8.946 -27.783 133.212 -7.328 -27.825 130.272 -7.860 -28.181 130.035
3 0 -7.860 -28.181 130.035 -9.469 -28.177 133.018 -8.946 -27.783 133.212
3 0 -9.469 -28.177 133.018 -7.860 -28.181 130.035 -8.229 -28.732 129.873
3 0 -8.229 -28.732 129.873 -9.836 -28.749 132.950 -9.469 -28.177 133.018
3 0 -9.836 -28.749 132.950 -8.229 -28.732 129.873 -8.378 -29.395 129.811
3 0 -8.378 -29.395 129.811 -9.993 -29.410 133.018 -9.836 -28.749 132.950
3 0 -9.993 -29.410 133.018 -8.378 -29.395 129.811 -8.284 -30.070 129.858
3 0 -8.284 -30.070 129.858 -9.915 -30.060 133.211 -9.993 -29.410 133.018
3 0 -9.915 -30.060 133.211 -8.284 -30.070 129.858 -7.962 -30.653 130.007
3 0 -7.962 -30.653 130.007 -9.614 -30.601 133.500 -9.915 -30.060 133.211
3 0 -9.614 -30.601 133.500 -7.962 -30.653 130.007 -7.460 -31.056 130.236
3 0 -7.460 -31.056 130.236 -9.136 -30.949 133.841 -9.614 -30.601 133.500
3 0 -9.136 -30.949 133.841 -7.460 -31.056 130.236 -6.856 -31.217 130.509
3 0 -6.856 -31.217 130.509 -8.554 -31.052 134.182 -9.136 -30.949 133.841
3 0 -8.554 -31.052 134.182 -6.856 -31.217 130.509 -6.240 -31.112 130.786
3 0 -6.240 -31.112 130.786 -7.956 -30.895 134.472 -8.554 -31.052 134.182
3 0 -7.956 -30.895 134.472 -6.240 -31.112 130.786 -5.707 -30.757 131.023
3 0 -5.707 -30.757 131.023 -7.433 -30.500 134.665 -7.956 -30.895 134.472
3 0 -5.085 -28.910 140.519 -3.071 -30.299 136.995 -2.593 -30.648 137.336
3 0 -2.593 -30.648 137.336 -4.622 -29.196 140.931 -5.085 -28.910 140.519
3 0 -4.622 -29.196 140.931 -2.593 -30.648 137.336 -2.011 -30.751 137.677
3 0 -2.011 -30.751 137.677 -4.053 -29.241 141.306 -4.622 -29.196 140.931
3 0 -4.053 -29.241 141.306 -2.011 -30.751 137.677 -1.413 -30.593 137.967
3 0 -1.413 -30.593 137.967 -3.465 -29.037 141.587 -4.053 -29.241 141.306
3 0 -3.465 -29.037 141.587 -1.413 -30.593 137.967 -0.890 -30.199 138.160
3 0 -0.890 -30.199 138.160 -2.947 -28.615 141.731 -3.465 -29.037 141.587
3 0 -2.947 -28.615 141.731 -0.890 -30.199 138.160 -0.522 -29.628 138.228
3 0 -0.522 -29.628 138.228 -2.579 -28.040 141.717 -2.947 -28.615 141.731
3 0 -2.579 -28.040 141.717 -0.522 -29.628 138.228 -0.366 -28.967 138.160
3 0 -0.366 -28.967 138.160 -2.416 -27.400 141.546 -2.579 -28.040 141.717
3 0 -2.416 -27.400 141.546 -0.366 -28.967 138.160 -0.443 -28.316 137.967
3 0 -0.443 -28.316 137.967 -2.483 -26.791 141.244 -2.416 -27.400 141.546
3 0 -2.483 -26.791 141.244 -0.443 -28.316 137.967 -0.744 -27.776 137.678
3 0 -0.744 -27.776 137.678 -2.770 -26.306 140.858 -2.483 -26.791 141.244
3 0 -2.770 -26.306 140.858 -0.744 -27.776 137.678 -1.222 -27.427 137.337
3 0 -1.222 -27.427 137.337 -3.233 -26.020 140.446 -2.770 -26.306 140.858
3 0 -3.233 -26.020 140.446 -1.222 -27.427 137.337 -1.805 -27.324 136.996
3 0 -1.805 -27.324 136.996 -3.802 -25.975 140.071 -3.233 -26.020 140.446
3 0 -3.802 -25.975 140.071 -1.805 -27.324 136.996 -2.403 -27.482 136.707
3 0 -2.403 -27.482 136.707 -4.390 -26.179 139.790 -3.802 -25.975 140.071
3 0 -4.390 -26.179 139.790 -2.403 -27.482 136.707 -2.926 -27.876 136.513
3 0 -2.926 -27.876 136.513 -4.907 -26.601 139.646 -4.390 -26.179 139.790
3 0 -6.759 -29.490 139.718 -7.222 -29.204 139.306 -5.253 -30.400 135.830
3 0 -5.253 -30.400 135.830 -4.775 -30.748 136.171 -6.759 -29.490 139.718
3 0 -6.190 -29.535 140.093 -6.759 -29.490 139.718 -4.775 -30.748 136.171
3 0 -4.775 -30.748 136.171 -4.192 -30.851 136.512 -6.190 -29.535 140.093
3 0 -5.602 -29.331 140.374 -6.190 -29.535 140.093 -4.192 -30.851 136.512
3 0 -4.192 -30.851 136.512 -3.594 -30.694 136.802 -5.602 -29.331 140.374
3 0 -5.085 -28.910 140.519 -5.602 -29.331 140.374 -3.594 -30.694 136.802
3 0 -3.594 -30.694 136.802 -3.071 -30.299 136.995 -5.085 -28.910 140.519
3 0 -5.370 -26.314 139.234 -4.907 -26.601 139.646 -2.926 -27.876 136.513
3 0 -2.926 -27.876 136.513 -3.404 -27.528 136.172 -5.370 -26.314 139.234
3 0 -5.939 -26.270 138.858 -5.370 -26.314 139.234 -3.404 -27.528 136.172
3 0 -3.404 -27.528 136.172 -3.986 -27.425 135.831 -5.939 -26.270 138.858
3 0 -6.527 -26.473 138.577 -5.939 -26.270 138.858 -3.986 -27.425 135.831
3 0 -3.986 -27.425 135.831 -4.584 -27.582 135.541 -6.527 -26.473 138.577
3 0 -7.045 -26.895 138.433 -6.527 -26.473 138.577 -4.584 -27.582 135.541
3 0 -4.584 -27.582 135.541 -5.107 -27.977 135.348 -7.045 -26.895 138.433
3 0 -8.895 -29.784 138.505 -9.358 -29.498 138.093 -7.433 -30.500 134.665
3 0 -7.433 -30.500 134.665 -6.955 -30.848 135.006 -8.895 -29.784 138.505
3 0 -8.327 -29.829 138.881 -8.895 -29.784 138.505 -6.955 -30.848 135.006
3 0 -6.955 -30.848 135.006 -6.373 -30.952 135.348 -8.327 -29.829 138.881
3 0 -7.739 -29.625 139.162 -8.327 -29.829 138.881 -6.373 -30.952 135.348
3 0 -6.373 -30.952 135.348 -5.775 -30.794 135.637 -7.739 -29.625 139.162
3 0 -7.222 -29.204 139.306 -7.739 -29.625 139.162 -5.775 -30.794 135.637
3 0 -5.775 -30.794 135.637 -5.253 -30.400 135.830 -7.222 -29.204 139.306
3 0 -7.507 -26.608 138.021 -7.045 -26.895 138.433 -5.107 -27.977 135.348
3 0 -5.107 -27.977 135.348 -5.584 -27.628 135.007 -7.507 -26.608 138.021
3 0 -8.076 -26.564 137.646 -7.507 -26.608 138.021 -5.584 -27.628 135.007
3 0 -5.584 -27.628 135.007 -6.166 -27.525 134.666 -8.076 -26.564 137.646
3 0 -8.664 -26.768 137.365 -8.076 -26.564 137.646 -6.166 -27.525 134.666
3 0 -6.166 -27.525 134.666 -6.765 -27.683 134.377 -8.664 -26.768 137.365
3 0 -9.181 -27.189 137.221 -8.664 -26.768 137.365 -6.765 -27.683 134.377
3 0 -6.765 -27.683 134.377 -7.287 -28.077 134.183 -9.181 -27.189 137.221
3 0 -9.181 -27.189 137.221 -7.287 -28.077 134.183 -7.765 -27.729 133.842
3 0 -7.765 -27.729 133.842 -9.644 -26.903 136.808 -9.181 -27.189 137.221
3 0 -9.644 -26.903 136.808 -7.765 -27.729 133.842 -8.348 -27.625 133.501
3 0 -8.348 -27.625 133.501 -10.213 -26.858 136.433 -9.644 -26.903 136.808
3 0 -10.213 -26.858 136.433 -8.348 -27.625 133.501 -8.946 -27.783 133.212
3 0 -8.946 -27.783 133.212 -10.801 -27.062 136.152 -10.213 -26.858 136.433
3 0 -10.801 -27.062 136.152 -8.946 -27.783 133.212 -9.469 -28.177 133.018
3 0 -9.469 -28.177 133.018 -11.318 -27.483 136.008 -10.801 -27.062 136.152
3 0 -11.318 -27.483 136.008 -9.469 -28.177 133.018 -9.836 -28.749 132.950
3 0 -9.836 -28.749 132.950 -11.687 -28.058 136.022 -11.318 -27.483 136.008
3 0 -11.687 -28.058 136.022 -9.836 -28.749 132.950 -9.993 -29.410 133.018
3 0 -9.993 -29.410 133.018 -11.850 -28.699 136.193 -11.687 -28.058 136.022
3 0 -11.850 -28.699 136.193 -9.993 -29.410 133.018 -9.915 -30.060 133.211
3 0 -9.915 -30.060 133.211 -11.783 -29.308 136.495 -11.850 -28.699 136.193
3 0 -11.783 -29.308 136.495 -9.915 -30.060 133.211 -9.614 -30.601 133.500
3 0 -9.614 -30.601 133.500 -11.496 -29.792 136.881 -11.783 -29.308 136.495
3 0 -11.496 -29.792 136.881 -9.614 -30.601 133.500 -9.136 -30.949 133.841
3 0 -9.136 -30.949 133.841 -11.033 -30.079 137.293 -11.496 -29.792 136.881
3 0 -11.033 -30.079 137.293 -9.136 -30.949 133.841 -8.554 -31.052 134.182
3 0 -8.554 -31.052 134.182 -10.464 -30.123 137.668 -11.033 -30.079 137.293
3 0 -10.464 -30.123 137.668 -8.554 -31.052 134.182 -7.956 -30.895 134.472
3 0 -7.956 -30.895 134.472 -9.876 -29.919 137.949 -10.464 -30.123 137.668
3 0 -9.876 -29.919 137.949 -7.956 -30.895 134.472 -7.433 -30.500 134.665
3 0 -7.433 -30.500 134.665 -9.358 -29.498 138.093 -9.876 -29.919 137.949
3 0 -7.136 -27.125 143.708 -5.085 -28.910 140.519 -4.622 -29.196 140.931
3 0 -4.622 -29.196 140.931 -6.680 -27.356 144.161 -7.136 -27.125 143.708
3 0 -6.680 -27.356 144.161 -4.622 -29.196 140.931 -4.053 -29.241 141.306
3 0 -4.053 -29.241 141.306 -6.118 -27.350 144.548 -6.680 -27.356 144.161
3 0 -6.118 -27.350 144.548 -4.053 -29.241 141.306 -3.465 -29.037 141.587
3 0 -3.465 -29.037 141.587 -5.534 -27.111 144.810 -6.118 -27.350 144.548
3 0 -5.534 -27.111 144.810 -3.465 -29.037 141.587 -2.947 -28.615 141.731
3 0 -2.947 -28.615 141.731 -5.019 -26.674 144.907 -5.534 -27.111 144.810
3 0 -5.019 -26.674 144.907 -2.947 -28.615 141.731 -2.579 -28.040 141.717
3 0 -2.579 -28.040 141.717 -4.649 -26.106 144.824 -5.019 -26.674 144.907
3 0 -4.649 -26.106 144.824 -2.579 -28.040 141.717 -2.416 -27.400 141.546
3 0 -2.416 -27.400 141.546 -4.483 -25.493 144.574 -4.649 -26.106 144.824
3 0 -4.483 -25.493 144.574 -2.416 -27.400 141.546 -2.483 -26.791 141.244
3 0 -2.483 -26.791 141.244 -4.544 -24.929 144.195 -4.483 -25.493 144.574
3 0 -4.544 -24.929 144.195 -2.483 -26.791 141.244 -2.770 -26.306 140.858
3 0 -2.770 -26.306 140.858 -4.823 -24.499 143.744 -4.544 -24.929 144.195
3 0 -4.823 -24.499 143.744 -2.770 -26.306 140.858 -3.233 -26.020 140.446
3 0 -3.233 -26.020 140.446 -5.279 -24.269 143.291 -4.823 -24.499 143.744
3 0 -5.279 -24.269 143.291 -3.233 -26.020 140.446 -3.802 -25.975 140.071
3 0 -3.802 -25.975 140.071 -5.841 -24.274 142.903 -5.279 -24.269 143.291
3 0 -5.841 -24.274 142.903 -3.802 -25.975 140.071 -4.390 -26.179 139.790
3 0 -4.390 -26.179 139.790 -6.425 -24.513 142.641 -5.841 -24.274 142.903
3 0 -6.425 -24.513 142.641 -4.390 -26.179 139.790 -4.907 -26.601 139.646
3 0 -4.907 -26.601 139.646 -6.940 -24.950 142.544 -6.425 -24.513 142.641
3 0 -8.797 -27.807 142.961 -9.253 -27.577 142.508 -7.222 -29.204 139.306
3 0 -7.222 -29.204 139.306 -6.759 -29.490 139.718 -8.797 -27.807 142.961
3 0 -8.235 -27.802 143.349 -8.797 -27.807 142.961 -6.759 -29.490 139.718
3 0 -6.759 -29.490 139.718 -6.190 -29.535 140.093 -8.235 -27.802 143.349
3 0 -7.651 -27.563 143.611 -8.235 -27.802 143.349 -6.190 -29.535 140.093
3 0 -6.190 -29.535 140.093 -5.602 -29.331 140.374 -7.651 -27.563 143.611
3 0 -7.136 -27.125 143.708 -7.651 -27.563 143.611 -5.602 -29.331 140.374
3 0 -5.602 -29.331 140.374 -5.085 -28.910 140.519 -7.136 -27.125 143.708
3 0 -7.396 -24.720 142.091 -6.940 -24.950 142.544 -4.907 -26.601 139.646
3 0 -4.907 -26.601 139.646 -5.370 -26.314 139.234 -7.396 -24.720 142.091
3 0 -7.958 -24.725 141.704 -7.396 -24.720 142.091 -5.370 -26.314 139.234
3 0 -5.370 -26.314 139.234 -5.939 -26.270 138.858 -7.958 -24.725 141.704
3 0 -8.542 -24.964 141.442 -7.958 -24.725 141.704 -5.939 -26.270 138.858
3 0 -5.939 -26.270 138.858 -6.527 -26.473 138.577 -8.542 -24.964 141.442
3 0 -9.057 -25.401 141.345 -8.542 -24.964 141.442 -6.527 -26.473 138.577
3 0 -6.527 -26.473 138.577 -7.045 -26.895 138.433 -9.057 -25.401 141.345
3 0 -10.914 -28.258 141.762 -11.369 -28.028 141.308 -9.358 -29.498 138.093
3 0 -9.358 -29.498 138.093 -8.895 -29.784 138.505 -10.914 -28.258 141.762
3 0 -10.351 -28.253 142.149 -10.914 -28.258 141.762 -8.895 -29.784 138.505
3 0 -8.895 -29.784 138.505 -8.327 -29.829 138.881 -10.351 -28.253 142.149
3 0 -9.768 -28.014 142.411 -10.351 -28.253 142.149 -8.327 -29.829 138.881
3 0 -8.327 -29.829 138.881 -7.739 -29.625 139.162 -9.768 -28.014 142.411
3 0 -9.253 -27.577 142.508 -9.768 -28.014 142.411 -7.739 -29.625 139.162
3 0 -7.739 -29.625 139.162 -7.222 -29.204 139.306 -9.253 -27.577 142.508
3 0 -9.512 -25.171 140.892 -9.057 -25.401 141.345 -7.045 -26.895 138.433
3 0 -7.045 -26.895 138.433 -7.507 -26.608 138.021 -9.512 -25.171 140.892
3 0 -10.075 -25.176 140.504 -9.512 -25.171 140.892 -7.507 -26.608 138.021
3 0 -7.507 -26.608 138.021 -8.076 -26.564 137.646 -10.075 -25.176 140.504
3 0 -10.658 -25.415 140.242 -10.075 -25.176 140.504 -8.076 -26.564 137.646
3 0 -8.076 -26.564 137.646 -8.664 -26.768 137.365 -10.658 -25.415 140.242
3 0 -11.174 -25.852 140.145 -10.658 -25.415 140.242 -8.664 -26.768 137.365
3 0 -8.664 -26.768 137.365 -9.181 -27.189 137.221 -11.174 -25.852 140.145
3 0 -11.174 -25.852 140.145 -9.181 -27.189 137.221 -9.644 -26.903 136.808
3 0 -9.644 -26.903 136.808 -11.630 -25.622 139.692 -11.174 -25.852 140.145
3 0 -11.630 -25.622 139.692 -9.644 -26.903 136.808 -10.213 -26.858 136.433
3 0 -10.213 -26.858 136.433 -12.192 -25.627 139.305 -11.630 -25.622 139.692
3 0 -12.192 -25.627 139.305 -10.213 -26.858 136.433 -10.801 -27.062 136.152
3 0 -10.801 -27.062 136.152 -12.775 -25.866 139.042 -12.192 -25.627 139.305
3 0 -12.775 -25.866 139.042 -10.801 -27.062 136.152 -11.318 -27.483 136.008
3 0 -11.318 -27.483 136.008 -13.291 -26.303 138.946 -12.775 -25.866 139.042
3 0 -13.291 -26.303 138.946 -11.318 -27.483 136.008 -11.687 -28.058 136.022
3 0 -11.687 -28.058 136.022 -13.660 -26.872 139.028 -13.291 -26.303 138.946
3 0 -13.660 -26.872 139.028 -11.687 -28.058 136.022 -11.850 -28.699 136.193
3 0 -11.850 -28.699 136.193 -13.827 -27.485 139.279 -13.660 -26.872 139.028
3 0 -13.827 -27.485 139.279 -11.850 -28.699 136.193 -11.783 -29.308 136.495
3 0 -11.783 -29.308 136.495 -13.766 -28.049 139.658 -13.827 -27.485 139.279
3 0 -13.766 -28.049 139.658 -11.783 -29.308 136.495 -11.496 -29.792 136.881
3 0 -11.496 -29.792 136.881 -13.486 -28.479 140.109 -13.766 -28.049 139.658
3 0 -13.486 -28.479 140.109 -11.496 -29.792 136.881 -11.033 -30.079 137.293
3 0 -11.033 -30.079 137.293 -13.031 -28.709 140.562 -13.486 -28.479 140.109
3 0 -13.031 -28.709 140.562 -11.033 -30.079 137.293 -10.464 -30.123 137.668
3 0 -10.464 -30.123 137.668 -12.468 -28.704 140.949 -13.031 -28.709 140.562
3 0 -12.468 -28.704 140.949 -10.464 -30.123 137.668 -9.876 -29.919 137.949
3 0 -9.876 -29.919 137.949 -11.885 -28.465 141.211 -12.468 -28.704 140.949
3 0 -11.885 -28.465 141.211 -9.876 -29.919 137.949 -9.358 -29.498 138.093
3 0 -9.358 -29.498 138.093 -11.369 -28.028 141.308 -11.885 -28.465 141.211
3 0 -8.753 -25.173 147.067 -9.205 -24.993 146.589 -7.136 -27.125 143.708
3 0 -7.136 -27.125 143.708 -6.680 -27.356 144.161 -8.753 -25.173 147.067
3 0 -8.194 -25.127 147.456 -8.753 -25.173 147.067 -6.680 -27.356 144.161
3 0 -6.680 -27.356 144.161 -6.118 -27.350 144.548 -8.194 -25.127 147.456
3 0 -7.612 -24.862 147.695 -8.194 -25.127 147.456 -6.118 -27.350 144.548
3 0 -6.118 -27.350 144.548 -5.534 -27.111 144.810 -7.612 -24.862 147.695
3 0 -7.096 -24.417 147.748 -7.612 -24.862 147.695 -5.534 -27.111 144.810
3 0 -5.534 -27.111 144.810 -5.019 -26.674 144.907 -7.096 -24.417 147.748
3 0 -6.726 -23.861 147.608 -7.096 -24.417 147.748 -5.019 -26.674 144.907
3 0 -5.019 -26.674 144.907 -4.649 -26.106 144.824 -6.726 -23.861 147.608
3 0 -6.556 -23.278 147.295 -6.726 -23.861 147.608 -4.649 -26.106 144.824
3 0 -4.649 -26.106 144.824 -4.483 -25.493 144.574 -6.556 -23.278 147.295
3 0 -6.614 -22.758 146.857 -6.556 -23.278 147.295 -4.483 -25.493 144.574
3 0 -4.483 -25.493 144.574 -4.544 -24.929 144.195 -6.614 -22.758 146.857
3 0 -6.890 -22.378 146.361 -6.614 -22.758 146.857 -4.544 -24.929 144.195
3 0 -4.544 -24.929 144.195 -4.823 -24.499 143.744 -6.890 -22.378 146.361
3 0 -7.342 -22.198 145.882 -6.890 -22.378 146.361 -4.823 -24.499 143.744
3 0 -4.823 -24.499 143.744 -5.279 -24.269 143.291 -7.342 -22.198 145.882
3 0 -7.901 -22.244 145.494 -7.342 -22.198 145.882 -5.279 -24.269 143.291
3 0 -5.279 -24.269 143.291 -5.841 -24.274 142.903 -7.901 -22.244 145.494
3 0 -8.483 -22.509 145.255 -7.901 -22.244 145.494 -5.841 -24.274 142.903
3 0 -5.841 -24.274 142.903 -6.425 -24.513 142.641 -8.483 -22.509 145.255
3 0 -8.999 -22.954 145.201 -8.483 -22.509 145.255 -6.425 -24.513 142.641
3 0 -6.425 -24.513 142.641 -6.940 -24.950 142.544 -8.999 -22.954 145.201
3 0 -8.797 -27.807 142.961 -10.862 -25.749 145.907 -11.315 -25.568 145.429
3 0 -11.315 -25.568 145.429 -9.253 -27.577 142.508 -8.797 -27.807 142.961
3 0 -8.235 -27.802 143.349 -10.303 -25.703 146.296 -10.862 -25.749 145.907
3 0 -10.862 -25.749 145.907 -8.797 -27.807 142.961 -8.235 -27.802 143.349
3 0 -7.651 -27.563 143.611 -9.721 -25.437 146.535 -10.303 -25.703 146.296
3 0 -10.303 -25.703 146.296 -8.235 -27.802 143.349 -7.651 -27.563 143.611
3 0 -7.136 -27.125 143.708 -9.205 -24.993 146.589 -9.721 -25.437 146.535
3 0 -9.721 -25.437 146.535 -7.651 -27.563 143.611 -7.136 -27.125 143.708
3 0 -7.396 -24.720 142.091 -9.451 -22.773 144.722 -8.999 -22.954 145.201
3 0 -8.999 -22.954 145.201 -6.940 -24.950 142.544 -7.396 -24.720 142.091
3 0 -7.958 -24.725 141.704 -10.011 -22.819 144.334 -9.451 -22.773 144.722
3 0 -9.451 -22.773 144.722 -7.396 -24.720 142.091 -7.958 -24.725 141.704
3 0 -8.542 -24.964 141.442 -10.593 -23.085 144.095 -10.011 -22.819 144.334
3 0 -10.011 -22.819 144.334 -7.958 -24.725 141.704 -8.542 -24.964 141.442
3 0 -9.057 -25.401 141.345 -11.108 -23.529 144.041 -10.593 -23.085 144.095
3 0 -10.593 -23.085 144.095 -8.542 -24.964 141.442 -9.057 -25.401 141.345
3 0 -10.914 -28.258 141.762 -12.971 -26.324 144.748 -13.423 -26.143 144.269
3 0 -13.423 -26.143 144.269 -11.369 -28.028 141.308 -10.914 -28.258 141.762
3 0 -10.351 -28.253 142.149 -12.411 -26.278 145.136 -12.971 -26.324 144.748
3 0 -12.971 -26.324 144.748 -10.914 -28.258 141.762 -10.351 -28.253 142.149
3 0 -9.768 -28.014 142.411 -11.829 -26.012 145.376 -12.411 -26.278 145.136
3 0 -12.411 -26.278 145.136 -10.351 -28.253 142.149 -9.768 -28.014 142.411
3 0 -9.253 -27.577 142.508 -11.315 -25.568 145.429 -11.829 -26.012 145.376
3 0 -11.829 -26.012 145.376 -9.768 -28.014 142.411 -9.253 -27.577 142.508
3 0 -9.512 -25.171 140.892 -11.560 -23.348 143.563 -11.108 -23.529 144.041
3 0 -11.108 -23.529 144.041 -9.057 -25.401 141.345 -9.512 -25.171 140.892
3 0 -10.075 -25.176 140.504 -12.119 -23.394 143.174 -11.560 -23.348 143.563
3 0 -11.560 -23.348 143.563 -9.512 -25.171 140.892 -10.075 -25.176 140.504
3 0 -10.658 -25.415 140.242 -12.701 -23.660 142.935 -12.119 -23.394 143.174
3 0 -12.119 -23.394 143.174 -10.075 -25.176 140.504 -10.658 -25.415 140.242
3 0 -11.174 -25.852 140.145 -13.216 -24.104 142.882 -12.701 -23.660 142.935
3 0 -12.701 -23.660 142.935 -10.658 -25.415 140.242 -11.174 -25.852 140.145
3 0 -13.669 -23.924 142.403 -13.216 -24.104 142.882 -11.174 -25.852 140.145
3 0 -11.174 -25.852 140.145 -11.630 -25.622 139.692 -13.669 -23.924 142.403
3 0 -14.228 -23.970 142.015 -13.669 -23.924 142.403 -11.630 -25.622 139.692
3 0 -11.630 -25.622 139.692 -12.192 -25.627 139.305 -14.228 -23.970 142.015
3 0 -14.810 -24.235 141.775 -14.228 -23.970 142.015 -12.192 -25.627 139.305
3 0 -12.192 -25.627 139.305 -12.775 -25.866 139.042 -14.810 -24.235 141.775
3 0 -15.326 -24.680 141.722 -14.810 -24.235 141.775 -12.775 -25.866 139.042
3 0 -12.775 -25.866 139.042 -13.291 -26.303 138.946 -15.326 -24.680 141.722
3 0 -15.696 -25.236 141.862 -15.326 -24.680 141.722 -13.291 -26.303 138.946
3 0 -13.291 -26.303 138.946 -13.660 -26.872 139.028 -15.696 -25.236 141.862
3 0 -15.866 -25.819 142.175 -15.696 -25.236 141.862 -13.660 -26.872 139.028
3 0 -13.660 -26.872 139.028 -13.827 -27.485 139.279 -15.866 -25.819 142.175
3 0 -15.808 -26.339 142.613 -15.866 -25.819 142.175 -13.827 -27.485 139.279
3 0 -13.827 -27.485 139.279 -13.766 -28.049 139.658 -15.808 -26.339 142.613
3 0 -15.532 -26.719 143.109 -15.808 -26.339 142.613 -13.766 -28.049 139.658
3 0 -13.766 -28.049 139.658 -13.486 -28.479 140.109 -15.532 -26.719 143.109
3 0 -15.080 -26.899 143.588 -15.532 -26.719 143.109 -13.486 -28.479 140.109
3 0 -13.486 -28.479 140.109 -13.031 -28.709 140.562 -15.080 -26.899 143.588
3 0 -14.521 -26.853 143.977 -15.080 -26.899 143.588 -13.031 -28.709 140.562
3 0 -13.031 -28.709 140.562 -12.468 -28.704 140.949 -14.521 -26.853 143.977
3 0 -13.939 -26.588 144.216 -14.521 -26.853 143.977 -12.468 -28.704 140.949
3 0 -12.468 -28.704 140.949 -11.885 -28.465 141.211 -13.939 -26.588 144.216
3 0 -13.423 -26.143 144.269 -13.939 -26.588 144.216 -11.885 -28.465 141.211
3 0 -11.885 -28.465 141.211 -11.369 -28.028 141.308 -13.423 -26.143 144.269
3 0 -10.816 -22.803 149.741 -11.267 -22.663 149.248 -9.205 -24.993 146.589
3 0 -9.205 -24.993 146.589 -8.753 -25.173 147.067 -10.816 -22.803 149.741
3 0 -10.256 -22.726 150.125 -10.816 -22.803 149.741 -8.753 -25.173 147.067
3 0 -8.753 -25.173 147.067 -8.194 -25.127 147.456 -10.256 -22.726 150.125
3 0 -9.674 -22.443 150.341 -10.256 -22.726 150.125 -8.194 -25.127 147.456
3 0 -8.194 -25.127 147.456 -7.612 -24.862 147.695 -9.674 -22.443 150.341
3 0 -9.157 -21.996 150.357 -9.674 -22.443 150.341 -7.612 -24.862 147.695
3 0 -7.612 -24.862 147.695 -7.096 -24.417 147.748 -9.157 -21.996 150.357
3 0 -8.785 -21.455 150.170 -9.157 -21.996 150.357 -7.096 -24.417 147.748
3 0 -7.096 -24.417 147.748 -6.726 -23.861 147.608 -8.785 -21.455 150.170
3 0 -8.614 -20.901 149.809 -8.785 -21.455 150.170 -6.726 -23.861 147.608
3 0 -6.726 -23.861 147.608 -6.556 -23.278 147.295 -8.614 -20.901 149.809
3 0 -8.671 -20.419 149.329 -8.614 -20.901 149.809 -6.556 -23.278 147.295
3 0 -6.556 -23.278 147.295 -6.614 -22.758 146.857 -8.671 -20.419 149.329
3 0 -8.945 -20.083 148.802 -8.671 -20.419 149.329 -6.614 -22.758 146.857
3 0 -6.614 -22.758 146.857 -6.890 -22.378 146.361 -8.945 -20.083 148.802
3 0 -9.397 -19.942 148.309 -8.945 -20.083 148.802 -6.890 -22.378 146.361
3 0 -6.890 -22.378 146.361 -7.342 -22.198 145.882 -9.397 -19.942 148.309
3 0 -9.956 -20.020 147.926 -9.397 -19.942 148.309 -7.342 -22.198 145.882
3 0 -7.342 -22.198 145.882 -7.901 -22.244 145.494 -9.956 -20.020 147.926
3 0 -10.539 -20.303 147.710 -9.956 -20.020 147.926 -7.901 -22.244 145.494
3 0 -7.901 -22.244 145.494 -8.483 -22.509 145.255 -10.539 -20.303 147.710
3 0 -11.055 -20.749 147.694 -10.539 -20.303 147.710 -8.483 -22.509 145.255
3 0 -8.483 -22.509 145.255 -8.999 -22.954 145.201 -11.055 -20.749 147.694
3 0 -10.862 -25.749 145.907 -12.926 -23.470 148.633 -13.377 -23.330 148.140
3 0 -13.377 -23.330 148.140 -11.315 -25.568 145.429 -10.862 -25.749 145.907
3 0 -10.303 -25.703 146.296 -12.366 -23.393 149.016 -12.926 -23.470 148.633
3 0 -12.926 -23.470 148.633 -10.862 -25.749 145.907 -10.303 -25.703 146.296
3 0 -9.721 -25.437 146.535 -11.784 -23.109 149.233 -12.366 -23.393 149.016
3 0 -12.366 -23.393 149.016 -10.303 -25.703 146.296 -9.721 -25.437 146.535
3 0 -9.205 -24.993 146.589 -11.267 -22.663 149.248 -11.784 -23.109 149.233
3 0 -11.784 -23.109 149.233 -9.721 -25.437 146.535 -9.205 -24.993 146.589
3 0 -9.451 -22.773 144.722 -11.507 -20.609 147.201 -11.055 -20.749 147.694
3 0 -11.055 -20.749 147.694 -8.999 -22.954 145.201 -9.451 -22.773 144.722
3 0 -10.011 -22.819 144.334 -12.066 -20.686 146.817 -11.507 -20.609 147.201
3 0 -11.507 -20.609 147.201 -9.451 -22.773 144.722 -10.011 -22.819 144.334
3 0 -10.593 -23.085 144.095 -12.649 -20.970 146.601 -12.066 -20.686 146.817
3 0 -12.066 -20.686 146.817 -10.011 -22.819 144.334 -10.593 -23.085 144.095
3 0 -11.108 -23.529 144.041 -13.165 -21.416 146.585 -12.649 -20.970 146.601
3 0 -12.649 -20.970 146.601 -10.593 -23.085 144.095 -11.108 -23.529 144.041
3 0 -12.971 -26.324 144.748 -15.035 -24.137 147.525 -15.487 -23.996 147.032
3 0 -15.487 -23.996 147.032 -13.423 -26.143 144.269 -12.971 -26.324 144.748
3 0 -12.411 -26.278 145.136 -14.475 -24.059 147.908 -15.035 -24.137 147.525
3 0 -15.035 -24.137 147.525 -12.971 -26.324 144.748 -12.411 -26.278 145.136
3 0 -11.829 -26.012 145.376 -13.893 -23.776 148.125 -14.475 -24.059 147.908
3 0 -14.475 -24.059 147.908 -12.411 -26.278 145.136 -11.829 -26.012 145.376
3 0 -11.315 -25.568 145.429 -13.377 -23.330 148.140 -13.893 -23.776 148.125
3 0 -13.893 -23.776 148.125 -11.829 -26.012 145.376 -11.315 -25.568 145.429
3 0 -11.560 -23.348 143.563 -13.616 -21.276 146.093 -13.165 -21.416 146.585
3 0 -13.165 -21.416 146.585 -11.108 -23.529 144.041 -11.560 -23.348 143.563
3 0 -12.119 -23.394 143.174 -14.176 -21.353 145.709 -13.616 -21.276 146.093
3 0 -13.616 -21.276 146.093 -11.560 -23.348 143.563 -12.119 -23.394 143.174
3 0 -12.701 -23.660 142.935 -14.758 -21.636 145.493 -14.176 -21.353 145.709
3 0 -14.176 -21.353 145.709 -12.119 -23.394 143.174 -12.701 -23.660 142.935
3 0 -13.216 -24.104 142.882 -15.275 -22.083 145.477 -14.758 -21.636 145.493
3 0 -14.758 -21.636 145.493 -12.701 -23.660 142.935 -13.216 -24.104 142.882
3 0 -15.726 -21.942 144.985 -15.275 -22.083 145.477 -13.216 -24.104 142.882
3 0 -13.216 -24.104 142.882 -13.669 -23.924 142.403 -15.726 -21.942 144.985
3 0 -16.286 -22.020 144.601 -15.726 -21.942 144.985 -13.669 -23.924 142.403
3 0 -13.669 -23.924 142.403 -14.228 -23.970 142.015 -16.286 -22.020 144.601
3 0 -16.868 -22.303 144.385 -16.286 -22.020 144.601 -14.228 -23.970 142.015
3 0 -14.228 -23.970 142.015 -14.810 -24.235 141.775 -16.868 -22.303 144.385
3 0 -17.385 -22.750 144.369 -16.868 -22.303 144.385 -14.810 -24.235 141.775
3 0 -14.810 -24.235 141.775 -15.326 -24.680 141.722 -17.385 -22.750 144.369
3 0 -17.757 -23.291 144.556 -17.385 -22.750 144.369 -15.326 -24.680 141.722
3 0 -15.326 -24.680 141.722 -15.696 -25.236 141.862 -17.757 -23.291 144.556
3 0 -17.928 -23.845 144.917 -17.757 -23.291 144.556 -15.696 -25.236 141.862
3 0 -15.696 -25.236 141.862 -15.866 -25.819 142.175 -17.928 -23.845 144.917
3 0 -17.871 -24.327 145.397 -17.928 -23.845 144.917 -15.866 -25.819 142.175
3 0 -15.866 -25.819 142.175 -15.808 -26.339 142.613 -17.871 -24.327 145.397
3 0 -17.597 -24.663 145.924 -17.871 -24.327 145.397 -15.808 -26.339 142.613
3 0 -15.808 -26.339 142.613 -15.532 -26.719 143.109 -17.597 -24.663 145.924
3 0 -17.145 -24.804 146.416 -17.597 -24.663 145.924 -15.532 -26.719 143.109
3 0 -15.532 -26.719 143.109 -15.080 -26.899 143.588 -17.145 -24.804 146.416
3 0 -16.586 -24.726 146.800 -17.145 -24.804 146.416 -15.080 -26.899 143.588
3 0 -15.080 -26.899 143.588 -14.521 -26.853 143.977 -16.586 -24.726 146.800
3 0 -16.003 -24.443 147.016 -16.586 -24.726 146.800 -14.521 -26.853 143.977
3 0 -14.521 -26.853 143.977 -13.939 -26.588 144.216 -16.003 -24.443 147.016
3 0 -15.487 -23.996 147.032 -16.003 -24.443 147.016 -13.939 -26.588 144.216
3 0 -13.939 -26.588 144.216 -13.423 -26.143 144.269 -15.487 -23.996 147.032
3 0 -12.861 -20.250 152.198 -13.313 -20.143 151.698 -11.267 -22.663 149.248
3 0 -11.267 -22.663 149.248 -10.816 -22.803 149.741 -12.861 -20.250 152.198
3 0 -12.300 -20.148 152.574 -12.861 -20.250 152.198 -10.816 -22.803 149.741
3 0 -10.816 -22.803 149.741 -10.256 -22.726 150.125 -12.300 -20.148 152.574
3 0 -11.716 -19.853 152.769 -12.300 -20.148 152.574 -10.256 -22.726 150.125
3 0 -10.256 -22.726 150.125 -9.674 -22.443 150.341 -11.716 -19.853 152.769
3 0 -11.198 -19.408 152.753 -11.716 -19.853 152.769 -9.674 -22.443 150.341
3 0 -9.674 -22.443 150.341 -9.157 -21.996 150.357 -11.198 -19.408 152.753
3 0 -10.825 -18.882 152.529 -11.198 -19.408 152.753 -9.157 -21.996 150.357
3 0 -9.157 -21.996 150.357 -8.785 -21.455 150.170 -10.825 -18.882 152.529
3 0 -10.653 -18.355 152.130 -10.825 -18.882 152.529 -8.785 -21.455 150.170
3 0 -8.785 -21.455 150.170 -8.614 -20.901 149.809 -10.653 -18.355 152.130
3 0 -10.709 -17.908 151.617 -10.653 -18.355 152.130 -8.614 -20.901 149.809
3 0 -8.614 -20.901 149.809 -8.671 -20.419 149.329 -10.709 -17.908 151.617
3 0 -10.984 -17.607 151.069 -10.709 -17.908 151.617 -8.671 -20.419 149.329
3 0 -8.671 -20.419 149.329 -8.945 -20.083 148.802 -10.984 -17.607 151.069
3 0 -11.436 -17.500 150.569 -10.984 -17.607 151.069 -8.945 -20.083 148.802
3 0 -8.945 -20.083 148.802 -9.397 -19.942 148.309 -11.436 -17.500 150.569
3 0 -11.997 -17.602 150.193 -11.436 -17.500 150.569 -9.397 -19.942 148.309
3 0 -9.397 -19.942 148.309 -9.956 -20.020 147.926 -11.997 -17.602 150.193
3 0 -12.581 -17.897 149.998 -11.997 -17.602 150.193 -9.956 -20.020 147.926
3 0 -9.956 -20.020 147.926 -10.539 -20.303 147.710 -12.581 -17.897 149.998
3 0 -13.099 -18.342 150.014 -12.581 -17.897 149.998 -10.539 -20.303 147.710
3 0 -10.539 -20.303 147.710 -11.055 -20.749 147.694 -13.099 -18.342 150.014
3 0 -12.926 -23.470 148.633 -14.976 -20.985 151.143 -15.428 -20.878 150.643
3 0 -15.428 -20.878 150.643 -13.377 -23.330 148.140 -12.926 -23.470 148.633
3 0 -12.366 -23.393 149.016 -14.415 -20.883 151.519 -14.976 -20.985 151.143
3 0 -14.976 -20.985 151.143 -12.926 -23.470 148.633 -12.366 -23.393 149.016
3 0 -11.784 -23.109 149.233 -13.831 -20.588 151.714 -14.415 -20.883 151.519
3 0 -14.415 -20.883 151.519 -12.366 -23.393 149.016 -11.784 -23.109 149.233
3 0 -11.267 -22.663 149.248 -13.313 -20.143 151.698 -13.831 -20.588 151.714
3 0 -13.831 -20.588 151.714 -11.784 -23.109 149.233 -11.267 -22.663 149.248
3 0 -11.507 -20.609 147.201 -13.551 -18.235 149.514 -13.099 -18.342 150.014
3 0 -13.099 -18.342 150.014 -11.055 -20.749 147.694 -11.507 -20.609 147.201
3 0 -12.066 -20.686 146.817 -14.112 -18.337 149.138 -13.551 -18.235 149.514
3 0 -13.551 -18.235 149.514 -11.507 -20.609 147.201 -12.066 -20.686 146.817
3 0 -12.649 -20.970 146.601 -14.696 -18.632 148.943 -14.112 -18.337 149.138
3 0 -14.112 -18.337 149.138 -12.066 -20.686 146.817 -12.649 -20.970 146.601
3 0 -13.165 -21.416 146.585 -15.214 -19.077 148.959 -14.696 -18.632 148.943
3 0 -14.696 -18.632 148.943 -12.649 -20.970 146.601 -13.165 -21.416 146.585
3 0 -15.035 -24.137 147.525 -17.089 -21.720 150.089 -17.542 -21.613 149.588
3 0 -17.542 -21.613 149.588 -15.487 -23.996 147.032 -15.035 -24.137 147.525
3 0 -14.475 -24.059 147.908 -16.529 -21.618 150.465 -17.089 -21.720 150.089
3 0 -17.089 -21.720 150.089 -15.035 -24.137 147.525 -14.475 -24.059 147.908
3 0 -13.893 -23.776 148.125 -15.945 -21.322 150.660 -16.529 -21.618 150.465
3 0 -16.529 -21.618 150.465 -14.475 -24.059 147.908 -13.893 -23.776 148.125
3 0 -13.377 -23.330 148.140 -15.428 -20.878 150.643 -15.945 -21.322 150.660
3 0 -15.945 -21.322 150.660 -13.893 -23.776 148.125 -13.377 -23.330 148.140
3 0 -13.616 -21.276 146.093 -15.665 -18.969 148.459 -15.214 -19.077 148.959
3 0 -15.214 -19.077 148.959 -13.165 -21.416 146.585 -13.616 -21.276 146.093
3 0 -14.176 -21.353 145.709 -16.226 -19.071 148.083 -15.665 -18.969 148.459
3 0 -15.665 -18.969 148.459 -13.616 -21.276 146.093 -14.176 -21.353 145.709
3 0 -14.758 -21.636 145.493 -16.810 -19.367 147.888 -16.226 -19.071 148.083
3 0 -16.226 -19.071 148.083 -14.176 -21.353 145.709 -14.758 -21.636 145.493
3 0 -15.275 -22.083 145.477 -17.327 -19.812 147.904 -16.810 -19.367 147.888
3 0 -16.810 -19.367 147.888 -14.758 -21.636 145.493 -15.275 -22.083 145.477
3 0 -17.780 -19.704 147.404 -17.327 -19.812 147.904 -15.275 -22.083 145.477
3 0 -15.275 -22.083 145.477 -15.726 -21.942 144.985 -17.780 -19.704 147.404
3 0 -18.341 -19.806 147.028 -17.780 -19.704 147.404 -15.726 -21.942 144.985
3 0 -15.726 -21.942 144.985 -16.286 -22.020 144.601 -18.341 -19.806 147.028
3 0 -18.924 -20.102 146.833 -18.341 -19.806 147.028 -16.286 -22.020 144.601
3 0 -16.286 -22.020 144.601 -16.868 -22.303 144.385 -18.924 -20.102 146.833
3 0 -19.442 -20.547 146.849 -18.924 -20.102 146.833 -16.868 -22.303 144.385
3 0 -16.868 -22.303 144.385 -17.385 -22.750 144.369 -19.442 -20.547 146.849
3 0 -19.816 -21.073 147.074 -19.442 -20.547 146.849 -17.385 -22.750 144.369
3 0 -17.385 -22.750 144.369 -17.757 -23.291 144.556 -19.816 -21.073 147.074
3 0 -19.987 -21.599 147.473 -19.816 -21.073 147.074 -17.757 -23.291 144.556
3 0 -17.757 -23.291 144.556 -17.928 -23.845 144.917 -19.987 -21.599 147.473
3 0 -19.932 -22.047 147.985 -19.987 -21.599 147.473 -17.928 -23.845 144.917
3 0 -17.928 -23.845 144.917 -17.871 -24.327 145.397 -19.932 -22.047 147.985
3 0 -19.657 -22.348 148.533 -19.932 -22.047 147.985 -17.871 -24.327 145.397
3 0 -17.871 -24.327 145.397 -17.597 -24.663 145.924 -19.657 -22.348 148.533
3 0 -19.204 -22.455 149.034 -19.657 -22.348 148.533 -17.597 -24.663 145.924
3 0 -17.597 -24.663 145.924 -17.145 -24.804 146.416 -19.204 -22.455 149.034
3 0 -18.644 -22.353 149.410 -19.204 -22.455 149.034 -17.145 -24.804 146.416
3 0 -17.145 -24.804 146.416 -16.586 -24.726 146.800 -18.644 -22.353 149.410
3 0 -18.060 -22.057 149.605 -18.644 -22.353 149.410 -16.586 -24.726 146.800
3 0 -16.586 -24.726 146.800 -16.003 -24.443 147.016 -18.060 -22.057 149.605
3 0 -17.542 -21.613 149.588 -18.060 -22.057 149.605 -16.003 -24.443 147.016
3 0 -16.003 -24.443 147.016 -15.487 -23.996 147.032 -17.542 -21.613 149.588
3 0 -14.886 -17.600 154.511 -15.340 -17.518 154.007 -13.313 -20.143 151.698
3 0 -13.313 -20.143 151.698 -12.861 -20.250 152.198 -14.886 -17.600 154.511
3 0 -14.324 -17.480 154.879 -14.886 -17.600 154.511 -12.861 -20.250 152.198
3 0 -12.861 -20.250 152.198 -12.300 -20.148 152.574 -14.324 -17.480 154.879
3 0 -13.738 -17.177 155.055 -14.324 -17.480 154.879 -12.300 -20.148 152.574
3 0 -12.300 -20.148 152.574 -11.716 -19.853 152.769 -13.738 -17.177 155.055
3 0 -13.219 -16.736 155.013 -13.738 -17.177 155.055 -11.716 -19.853 152.769
3 0 -11.716 -19.853 152.769 -11.198 -19.408 152.753 -13.219 -16.736 155.013
3 0 -12.844 -16.224 154.760 -13.219 -16.736 155.013 -11.198 -19.408 152.753
3 0 -11.198 -19.408 152.753 -10.825 -18.882 152.529 -12.844 -16.224 154.760
3 0 -12.672 -15.720 154.332 -12.844 -16.224 154.760 -10.825 -18.882 152.529
3 0 -10.825 -18.882 152.529 -10.653 -18.355 152.130 -12.672 -15.720 154.332
3 0 -12.728 -15.300 153.797 -12.672 -15.720 154.332 -10.653 -18.355 152.130
3 0 -10.653 -18.355 152.130 -10.709 -17.908 151.617 -12.728 -15.300 153.797
3 0 -13.004 -15.028 153.235 -12.728 -15.300 153.797 -10.709 -17.908 151.617
3 0 -10.709 -17.908 151.617 -10.984 -17.607 151.069 -13.004 -15.028 153.235
3 0 -13.458 -14.946 152.731 -13.004 -15.028 153.235 -10.984 -17.607 151.069
3 0 -10.984 -17.607 151.069 -11.436 -17.500 150.569 -13.458 -14.946 152.731
3 0 -14.021 -15.066 152.363 -13.458 -14.946 152.731 -11.436 -17.500 150.569
3 0 -11.436 -17.500 150.569 -11.997 -17.602 150.193 -14.021 -15.066 152.363
3 0 -14.606 -15.369 152.187 -14.021 -15.066 152.363 -11.997 -17.602 150.193
3 0 -11.997 -17.602 150.193 -12.581 -17.897 149.998 -14.606 -15.369 152.187
3 0 -15.126 -15.811 152.228 -14.606 -15.369 152.187 -12.581 -17.897 149.998
3 0 -12.581 -17.897 149.998 -13.099 -18.342 150.014 -15.126 -15.811 152.228
3 0 -14.976 -20.985 151.143 -17.008 -18.382 153.504 -17.462 -18.300 153.001
3 0 -17.462 -18.300 153.001 -15.428 -20.878 150.643 -14.976 -20.985 151.143
3 0 -14.415 -20.883 151.519 -16.445 -18.262 153.872 -17.008 -18.382 153.504
3 0 -17.008 -18.382 153.504 -14.976 -20.985 151.143 -14.415 -20.883 151.519
3 0 -13.831 -20.588 151.714 -15.860 -17.959 154.049 -16.445 -18.262 153.872
3 0 -16.445 -18.262 153.872 -14.415 -20.883 151.519 -13.831 -20.588 151.714
3 0 -13.313 -20.143 151.698 -15.340 -17.518 154.007 -15.860 -17.959 154.049
3 0 -15.860 -17.959 154.049 -13.831 -20.588 151.714 -13.313 -20.143 151.698
3 0 -13.551 -18.235 149.514 -15.580 -15.728 151.725 -15.126 -15.811 152.228
3 0 -15.126 -15.811 152.228 -13.099 -18.342 150.014 -13.551 -18.235 149.514
3 0 -14.112 -18.337 149.138 -16.142 -15.848 151.357 -15.580 -15.728 151.725
3 0 -15.580 -15.728 151.725 -13.551 -18.235 149.514 -14.112 -18.337 149.138
3 0 -14.696 -18.632 148.943 -16.728 -16.152 151.180 -16.142 -15.848 151.357
3 0 -16.142 -15.848 151.357 -14.112 -18.337 149.138 -14.696 -18.632 148.943
3 0 -15.214 -19.077 148.959 -17.247 -16.593 151.222 -16.728 -16.152 151.180
3 0 -16.728 -16.152 151.180 -14.696 -18.632 148.943 -15.214 -19.077 148.959
3 0 -17.089 -21.720 150.089 -19.128 -19.164 152.499 -19.582 -19.082 151.995
3 0 -19.582 -19.082 151.995 -17.542 -21.613 149.588 -17.089 -21.720 150.089
3 0 -16.529 -21.618 150.465 -18.566 -19.044 152.867 -19.128 -19.164 152.499
3 0 -19.128 -19.164 152.499 -17.089 -21.720 150.089 -16.529 -21.618 150.465
3 0 -15.945 -21.322 150.660 -17.980 -18.741 153.043 -18.566 -19.044 152.867
3 0 -18.566 -19.044 152.867 -16.529 -21.618 150.465 -15.945 -21.322 150.660
3 0 -15.428 -20.878 150.643 -17.462 -18.300 153.001 -17.980 -18.741 153.043
3 0 -17.980 -18.741 153.043 -15.945 -21.322 150.660 -15.428 -20.878 150.643
3 0 -15.665 -18.969 148.459 -17.700 -16.510 150.719 -17.247 -16.593 151.222
3 0 -17.247 -16.593 151.222 -15.214 -19.077 148.959 -15.665 -18.969 148.459
3 0 -16.226 -19.071 148.083 -18.263 -16.630 150.351 -17.700 -16.510 150.719
3 0 -17.700 -16.510 150.719 -15.665 -18.969 148.459 -16.226 -19.071 148.083
3 0 -16.810 -19.367 147.888 -18.849 -16.933 150.174 -18.263 -16.630 150.351
3 0 -18.263 -16.630 150.351 -16.226 -19.071 148.083 -16.810 -19.367 147.888
3 0 -17.327 -19.812 147.904 -19.368 -17.375 150.216 -18.849 -16.933 150.174
3 0 -18.849 -16.933 150.174 -16.810 -19.367 147.888 -17.327 -19.812 147.904
3 0 -19.822 -17.292 149.713 -19.368 -17.375 150.216 -17.327 -19.812 147.904
3 0 -17.327 -19.812 147.904 -17.780 -19.704 147.404 -19.822 -17.292 149.713
3 0 -20.385 -17.412 149.345 -19.822 -17.292 149.713 -17.780 -19.704 147.404
3 0 -17.780 -19.704 147.404 -18.341 -19.806 147.028 -20.385 -17.412 149.345
3 0 -20.970 -17.716 149.168 -20.385 -17.412 149.345 -18.341 -19.806 147.028
3 0 -18.341 -19.806 147.028 -18.924 -20.102 146.833 -20.970 -17.716 149.168
3 0 -21.490 -18.157 149.210 -20.970 -17.716 149.168 -18.924 -20.102 146.833
3 0 -18.924 -20.102 146.833 -19.442 -20.547 146.849 -21.490 -18.157 149.210
3 0 -21.864 -18.668 149.464 -21.490 -18.157 149.210 -19.442 -20.547 146.849
3 0 -19.442 -20.547 146.849 -19.816 -21.073 147.074 -21.864 -18.668 149.464
3 0 -22.036 -19.172 149.891 -21.864 -18.668 149.464 -19.816 -21.073 147.074
3 0 -19.816 -21.073 147.074 -19.987 -21.599 147.473 -22.036 -19.172 149.891
3 0 -21.980 -19.592 150.426 -22.036 -19.172 149.891 -19.987 -21.599 147.473
3 0 -19.987 -21.599 147.473 -19.932 -22.047 147.985 -21.980 -19.592 150.426
3 0 -21.704 -19.864 150.989 -21.980 -19.592 150.426 -19.932 -22.047 147.985
3 0 -19.932 -22.047 147.985 -19.657 -22.348 148.533 -21.704 -19.864 150.989
3 0 -21.250 -19.946 151.492 -21.704 -19.864 150.989 -19.657 -22.348 148.533
3 0 -19.657 -22.348 148.533 -19.204 -22.455 149.034 -21.250 -19.946 151.492
3 0 -20.688 -19.827 151.860 -21.250 -19.946 151.492 -19.204 -22.455 149.034
3 0 -19.204 -22.455 149.034 -18.644 -22.353 149.410 -20.688 -19.827 151.860
3 0 -20.102 -19.523 152.037 -20.688 -19.827 151.860 -18.644 -22.353 149.410
3 0 -18.644 -22.353 149.410 -18.060 -22.057 149.605 -20.102 -19.523 152.037
3 0 -19.582 -19.082 151.995 -20.102 -19.523 152.037 -18.060 -22.057 149.605
3 0 -18.060 -22.057 149.605 -17.542 -21.613 149.588 -19.582 -19.082 151.995
3 0 -16.888 -14.838 156.687 -17.344 -14.777 156.182 -15.340 -17.518 154.007
3 0 -15.340 -17.518 154.007 -14.886 -17.600 154.511 -16.888 -14.838 156.687
3 0 -16.323 -14.703 157.046 -16.888 -14.838 156.687 -14.886 -17.600 154.511
3 0 -14.886 -17.600 154.511 -14.324 -17.480 154.879 -16.323 -14.703 157.046
3 0 -15.735 -14.394 157.205 -16.323 -14.703 157.046 -14.324 -17.480 154.879
3 0 -14.324 -17.480 154.879 -13.738 -17.177 155.055 -15.735 -14.394 157.205
3 0 -15.214 -13.958 157.140 -15.735 -14.394 157.205 -13.738 -17.177 155.055
3 0 -13.738 -17.177 155.055 -13.219 -16.736 155.013 -15.214 -13.958 157.140
3 0 -14.838 -13.461 156.860 -15.214 -13.958 157.140 -13.219 -16.736 155.013
3 0 -13.219 -16.736 155.013 -12.844 -16.224 154.760 -14.838 -13.461 156.860
3 0 -14.666 -12.979 156.408 -14.838 -13.461 156.860 -12.844 -16.224 154.760
3 0 -12.844 -16.224 154.760 -12.672 -15.720 154.332 -14.666 -12.979 156.408
3 0 -14.723 -12.585 155.854 -14.666 -12.979 156.408 -12.672 -15.720 154.332
3 0 -12.672 -15.720 154.332 -12.728 -15.300 153.797 -14.723 -12.585 155.854
3 0 -15.001 -12.339 155.280 -14.723 -12.585 155.854 -12.728 -15.300 153.797
3 0 -12.728 -15.300 153.797 -13.004 -15.028 153.235 -15.001 -12.339 155.280
3 0 -15.457 -12.279 154.776 -15.001 -12.339 155.280 -13.004 -15.028 153.235
3 0 -13.004 -15.028 153.235 -13.458 -14.946 152.731 -15.457 -12.279 154.776
3 0 -16.021 -12.413 154.416 -15.457 -12.279 154.776 -13.458 -14.946 152.731
3 0 -13.458 -14.946 152.731 -14.021 -15.066 152.363 -16.021 -12.413 154.416
3 0 -16.609 -12.722 154.257 -16.021 -12.413 154.416 -14.021 -15.066 152.363
3 0 -14.021 -15.066 152.363 -14.606 -15.369 152.187 -16.609 -12.722 154.257
3 0 -17.130 -13.158 154.323 -16.609 -12.722 154.257 -14.606 -15.369 152.187
3 0 -14.606 -15.369 152.187 -15.126 -15.811 152.228 -17.130 -13.158 154.323
3 0 -17.008 -18.382 153.504 -19.017 -15.657 155.729 -19.473 -15.597 155.224
3 0 -19.473 -15.597 155.224 -17.462 -18.300 153.001 -17.008 -18.382 153.504
3 0 -16.445 -18.262 153.872 -18.453 -15.523 156.088 -19.017 -15.657 155.729
3 0 -19.017 -15.657 155.729 -17.008 -18.382 153.504 -16.445 -18.262 153.872
3 0 -15.860 -17.959 154.049 -17.865 -15.214 156.247 -18.453 -15.523 156.088
3 0 -18.453 -15.523 156.088 -16.445 -18.262 153.872 -15.860 -17.959 154.049
3 0 -15.340 -17.518 154.007 -17.344 -14.777 156.182 -17.865 -15.214 156.247
3 0 -17.865 -15.214 156.247 -15.860 -17.959 154.049 -15.340 -17.518 154.007
3 0 -15.580 -15.728 151.725 -17.586 -13.098 153.818 -17.130 -13.158 154.323
3 0 -17.130 -13.158 154.323 -15.126 -15.811 152.228 -15.580 -15.728 151.725
3 0 -16.142 -15.848 151.357 -18.151 -13.233 153.459 -17.586 -13.098 153.818
3 0 -17.586 -13.098 153.818 -15.580 -15.728 151.725 -16.142 -15.848 151.357
3 0 -16.728 -16.152 151.180 -18.739 -13.542 153.299 -18.151 -13.233 153.459
3 0 -18.151 -13.233 153.459 -16.142 -15.848 151.357 -16.728 -16.152 151.180
3 0 -17.247 -16.593 151.222 -19.260 -13.978 153.365 -18.739 -13.542 153.299
3 0 -18.739 -13.542 153.299 -16.728 -16.152 151.180 -17.247 -16.593 151.222
3 0 -19.128 -19.164 152.499 -21.146 -16.477 154.772 -21.602 -16.417 154.267
3 0 -21.602 -16.417 154.267 -19.582 -19.082 151.995 -19.128 -19.164 152.499
3 0 -18.566 -19.044 152.867 -20.582 -16.342 155.131 -21.146 -16.477 154.772
3 0 -21.146 -16.477 154.772 -19.128 -19.164 152.499 -18.566 -19.044 152.867
3 0 -17.980 -18.741 153.043 -19.994 -16.033 155.290 -20.582 -16.342 155.131
3 0 -20.582 -16.342 155.131 -18.566 -19.044 152.867 -17.980 -18.741 153.043
3 0 -17.462 -18.300 153.001 -19.473 -15.597 155.224 -19.994 -16.033 155.290
3 0 -19.994 -16.033 155.290 -17.980 -18.741 153.043 -17.462 -18.300 153.001
3 0 -17.700 -16.510 150.719 -19.715 -13.918 152.860 -19.260 -13.978 153.365
3 0 -19.260 -13.978 153.365 -17.247 -16.593 151.222 -17.700 -16.510 150.719
3 0 -18.263 -16.630 150.351 -20.280 -14.053 152.501 -19.715 -13.918 152.860
3 0 -19.715 -13.918 152.860 -17.700 -16.510 150.719 -18.263 -16.630 150.351
3 0 -18.849 -16.933 150.174 -20.868 -14.361 152.342 -20.280 -14.053 152.501
3 0 -20.280 -14.053 152.501 -18.263 -16.630 150.351 -18.849 -16.933 150.174
3 0 -19.368 -17.375 150.216 -21.389 -14.798 152.407 -20.868 -14.361 152.342
3 0 -20.868 -14.361 152.342 -18.849 -16.933 150.174 -19.368 -17.375 150.216
3 0 -21.845 -14.738 151.903 -21.389 -14.798 152.407 -19.368 -17.375 150.216
3 0 -19.368 -17.375 150.216 -19.822 -17.292 149.713 -21.845 -14.738 151.903
3 0 -22.410 -14.872 151.543 -21.845 -14.738 151.903 -19.822 -17.292 149.713
3 0 -19.822 -17.292 149.713 -20.385 -17.412 149.345 -22.410 -14.872 151.543
3 0 -22.998 -15.181 151.384 -22.410 -14.872 151.543 -20.385 -17.412 149.345
3 0 -20.385 -17.412 149.345 -20.970 -17.716 149.168 -22.998 -15.181 151.384
3 0 -23.519 -15.617 151.450 -22.998 -15.181 151.384 -20.970 -17.716 149.168
3 0 -20.970 -17.716 149.168 -21.490 -18.157 149.210 -23.519 -15.617 151.450
3 0 -23.894 -16.114 151.729 -23.519 -15.617 151.450 -21.490 -18.157 149.210
3 0 -21.490 -18.157 149.210 -21.864 -18.668 149.464 -23.894 -16.114 151.729
3 0 -24.067 -16.597 152.181 -23.894 -16.114 151.729 -21.864 -18.668 149.464
3 0 -21.864 -18.668 149.464 -22.036 -19.172 149.891 -24.067 -16.597 152.181
3 0 -24.010 -16.991 152.736 -24.067 -16.597 152.181 -22.036 -19.172 149.891
3 0 -22.036 -19.172 149.891 -21.980 -19.592 150.426 -24.010 -16.991 152.736
3 0 -23.732 -17.236 153.309 -24.010 -16.991 152.736 -21.980 -19.592 150.426
3 0 -21.980 -19.592 150.426 -21.704 -19.864 150.989 -23.732 -17.236 153.309
3 0 -23.276 -17.297 153.814 -23.732 -17.236 153.309 -21.704 -19.864 150.989
3 0 -21.704 -19.864 150.989 -21.250 -19.946 151.492 -23.276 -17.297 153.814
3 0 -22.711 -17.162 154.173 -23.276 -17.297 153.814 -21.250 -19.946 151.492
3 0 -21.250 -19.946 151.492 -20.688 -19.827 151.860 -22.711 -17.162 154.173
3 0 -22.124 -16.853 154.332 -22.711 -17.162 154.173 -20.688 -19.827 151.860
3 0 -20.688 -19.827 151.860 -20.102 -19.523 152.037 -22.124 -16.853 154.332
3 0 -21.602 -16.417 154.267 -22.124 -16.853 154.332 -20.102 -19.523 152.037
3 0 -20.102 -19.523 152.037 -19.582 -19.082 151.995 -21.602 -16.417 154.267
3 0 -18.865 -11.993 158.750 -19.323 -11.951 158.246 -17.344 -14.777 156.182
3 0 -17.344 -14.777 156.182 -16.888 -14.838 156.687 -18.865 -11.993 158.750
3 0 -18.297 -11.847 159.101 -18.865 -11.993 158.750 -16.888 -14.838 156.687
3 0 -16.888 -14.838 156.687 -16.323 -14.703 157.046 -18.297 -11.847 159.101
3 0 -17.707 -11.534 159.244 -18.297 -11.847 159.101 -16.323 -14.703 157.046
3 0 -16.323 -14.703 157.046 -15.735 -14.394 157.205 -17.707 -11.534 159.244
3 0 -17.185 -11.104 159.159 -17.707 -11.534 159.244 -15.735 -14.394 157.205
3 0 -15.735 -14.394 157.205 -15.214 -13.958 157.140 -17.185 -11.104 159.159
3 0 -16.808 -10.620 158.857 -17.185 -11.104 159.159 -15.214 -13.958 157.140
3 0 -15.214 -13.958 157.140 -14.838 -13.461 156.860 -16.808 -10.620 158.857
3 0 -16.636 -10.158 158.386 -16.808 -10.620 158.857 -14.838 -13.461 156.860
3 0 -14.838 -13.461 156.860 -14.666 -12.979 156.408 -16.636 -10.158 158.386
3 0 -16.694 -9.786 157.816 -16.636 -10.158 158.386 -14.666 -12.979 156.408
3 0 -14.666 -12.979 156.408 -14.723 -12.585 155.854 -16.694 -9.786 157.816
3 0 -16.973 -9.562 157.234 -16.694 -9.786 157.816 -14.723 -12.585 155.854
3 0 -14.723 -12.585 155.854 -15.001 -12.339 155.280 -16.973 -9.562 157.234
3 0 -17.432 -9.520 156.730 -16.973 -9.562 157.234 -15.001 -12.339 155.280
3 0 -15.001 -12.339 155.280 -15.457 -12.279 154.776 -17.432 -9.520 156.730
3 0 -17.999 -9.667 156.379 -17.432 -9.520 156.730 -15.457 -12.279 154.776
3 0 -15.457 -12.279 154.776 -16.021 -12.413 154.416 -17.999 -9.667 156.379
3 0 -18.589 -9.979 156.236 -17.999 -9.667 156.379 -16.021 -12.413 154.416
3 0 -16.021 -12.413 154.416 -16.609 -12.722 154.257 -18.589 -9.979 156.236
3 0 -19.112 -10.410 156.321 -18.589 -9.979 156.236 -16.609 -12.722 154.257
3 0 -16.609 -12.722 154.257 -17.130 -13.158 154.323 -19.112 -10.410 156.321
3 0 -19.017 -15.657 155.729 -21.003 -12.840 157.837 -21.462 -12.798 157.333
3 0 -21.462 -12.798 157.333 -19.473 -15.597 155.224 -19.017 -15.657 155.729
3 0 -18.453 -15.523 156.088 -20.436 -12.694 158.188 -21.003 -12.840 157.837
3 0 -21.003 -12.840 157.837 -19.017 -15.657 155.729 -18.453 -15.523 156.088
3 0 -17.865 -15.214 156.247 -19.846 -12.382 158.331 -20.436 -12.694 158.188
3 0 -20.436 -12.694 158.188 -18.453 -15.523 156.088 -17.865 -15.214 156.247
3 0 -17.344 -14.777 156.182 -19.323 -11.951 158.246 -19.846 -12.382 158.331
3 0 -19.846 -12.382 158.331 -17.865 -15.214 156.247 -17.344 -14.777 156.182
3 0 -17.586 -13.098 153.818 -19.570 -10.368 155.817 -19.112 -10.410 156.321
3 0 -19.112 -10.410 156.321 -17.130 -13.158 154.323 -17.586 -13.098 153.818
3 0 -18.151 -13.233 153.459 -20.138 -10.514 155.466 -19.570 -10.368 155.817
3 0 -19.570 -10.368 155.817 -17.586 -13.098 153.818 -18.151 -13.233 153.459
3 0 -18.739 -13.542 153.299 -20.728 -10.827 155.322 -20.138 -10.514 155.466
3 0 -20.138 -10.514 155.466 -18.151 -13.233 153.459 -18.739 -13.542 153.299
3 0 -19.260 -13.978 153.365 -21.251 -11.257 155.408 -20.728 -10.827 155.322
3 0 -20.728 -10.827 155.322 -18.739 -13.542 153.299 -19.260 -13.978 153.365
3 0 -21.146 -16.477 154.772 -23.141 -13.687 156.925 -23.599 -13.646 156.420
3 0 -23.599 -13.646 156.420 -21.602 -16.417 154.267 -21.146 -16.477 154.772
3 0 -20.582 -16.342 155.131 -22.574 -13.541 157.275 -23.141 -13.687 156.925
3 0 -23.141 -13.687 156.925 -21.146 -16.477 154.772 -20.582 -16.342 155.131
3 0 -19.994 -16.033 155.290 -21.984 -13.229 157.419 -22.574 -13.541 157.275
3 0 -22.574 -13.541 157.275 -20.582 -16.342 155.131 -19.994 -16.033 155.290
3 0 -19.473 -15.597 155.224 -21.462 -12.798 157.333 -21.984 -13.229 157.419
3 0 -21.984 -13.229 157.419 -19.994 -16.033 155.290 -19.473 -15.597 155.224
3 0 -19.715 -13.918 152.860 -21.708 -11.215 154.904 -21.251 -11.257 155.408
3 0 -21.251 -11.257 155.408 -19.260 -13.978 153.365 -19.715 -13.918 152.860
3 0 -20.280 -14.053 152.501 -22.275 -11.361 154.553 -21.708 -11.215 154.904
3 0 -21.708 -11.215 154.904 -19.715 -13.918 152.860 -20.280 -14.053 152.501
3 0 -20.868 -14.361 152.342 -22.865 -11.674 154.410 -22.275 -11.361 154.553
3 0 -22.275 -11.361 154.553 -20.280 -14.053 152.501 -20.868 -14.361 152.342
3 0 -21.389 -14.798 152.407 -23.388 -12.104 154.495 -22.865 -11.674 154.410
3 0 -22.865 -11.674 154.410 -20.868 -14.361 152.342 -21.389 -14.798 152.407
3 0 -23.847 -12.062 153.991 -23.388 -12.104 154.495 -21.389 -14.798 152.407
3 0 -21.389 -14.798 152.407 -21.845 -14.738 151.903 -23.847 -12.062 153.991
3 0 -24.414 -12.209 153.640 -23.847 -12.062 153.991 -21.845 -14.738 151.903
3 0 -21.845 -14.738 151.903 -22.410 -14.872 151.543 -24.414 -12.209 153.640
3 0 -25.004 -12.521 153.497 -24.414 -12.209 153.640 -22.410 -14.872 151.543
3 0 -22.410 -14.872 151.543 -22.998 -15.181 151.384 -25.004 -12.521 153.497
3 0 -25.527 -12.952 153.582 -25.004 -12.521 153.497 -22.998 -15.181 151.384
3 0 -22.998 -15.181 151.384 -23.519 -15.617 151.450 -25.527 -12.952 153.582
3 0 -25.903 -13.435 153.884 -25.527 -12.952 153.582 -23.519 -15.617 151.450
3 0 -23.519 -15.617 151.450 -23.894 -16.114 151.729 -25.903 -13.435 153.884
3 0 -26.075 -13.898 154.356 -25.903 -13.435 153.884 -23.894 -16.114 151.729
3 0 -23.894 -16.114 151.729 -24.067 -16.597 152.181 -26.075 -13.898 154.356
3 0 -26.017 -14.269 154.926 -26.075 -13.898 154.356 -24.067 -16.597 152.181
3 0 -24.067 -16.597 152.181 -24.010 -16.991 152.736 -26.017 -14.269 154.926
3 0 -25.738 -14.493 155.507 -26.017 -14.269 154.926 -24.010 -16.991 152.736
3 0 -24.010 -16.991 152.736 -23.732 -17.236 153.309 -25.738 -14.493 155.507
3 0 -25.280 -14.535 156.012 -25.738 -14.493 155.507 -23.732 -17.236 153.309
3 0 -23.732 -17.236 153.309 -23.276 -17.297 153.814 -25.280 -14.535 156.012
3 0 -24.713 -14.388 156.362 -25.280 -14.535 156.012 -23.276 -17.297 153.814
3 0 -23.276 -17.297 153.814 -22.711 -17.162 154.173 -24.713 -14.388 156.362
3 0 -24.122 -14.076 156.506 -24.713 -14.388 156.362 -22.711 -17.162 154.173
3 0 -22.711 -17.162 154.173 -22.124 -16.853 154.332 -24.122 -14.076 156.506
3 0 -23.599 -13.646 156.420 -24.122 -14.076 156.506 -22.124 -16.853 154.332
3 0 -22.124 -16.853 154.332 -21.602 -16.417 154.267 -23.599 -13.646 156.420
3 0 -20.817 -9.076 160.715 -21.277 -9.049 160.212 -19.323 -11.951 158.246
3 0 -19.323 -11.951 158.246 -18.865 -11.993 158.750 -20.817 -9.076 160.715
3 0 -20.247 -8.920 161.057 -20.817 -9.076 160.715 -18.865 -11.993 158.750
3 0 -18.865 -11.993 158.750 -18.297 -11.847 159.101 -20.247 -8.920 161.057
3 0 -19.654 -8.606 161.187 -20.247 -8.920 161.057 -18.297 -11.847 159.101
3 0 -18.297 -11.847 159.101 -17.707 -11.534 159.244 -19.654 -8.606 161.187
3 0 -19.130 -8.181 161.083 -19.654 -8.606 161.187 -17.707 -11.534 159.244
3 0 -17.707 -11.534 159.244 -17.185 -11.104 159.159 -19.130 -8.181 161.083
3 0 -18.753 -7.710 160.763 -19.130 -8.181 161.083 -17.185 -11.104 159.159
3 0 -17.185 -11.104 159.159 -16.808 -10.620 158.857 -18.753 -7.710 160.763
3 0 -18.581 -7.265 160.274 -18.753 -7.710 160.763 -16.808 -10.620 158.857
3 0 -16.808 -10.620 158.857 -16.636 -10.158 158.386 -18.581 -7.265 160.274
3 0 -18.640 -6.914 159.692 -18.581 -7.265 160.274 -16.636 -10.158 158.386
3 0 -16.636 -10.158 158.386 -16.694 -9.786 157.816 -18.640 -6.914 159.692
3 0 -18.921 -6.709 159.104 -18.640 -6.914 159.692 -16.694 -9.786 157.816
3 0 -16.694 -9.786 157.816 -16.973 -9.562 157.234 -18.921 -6.709 159.104
3 0 -19.382 -6.683 158.601 -18.921 -6.709 159.104 -16.973 -9.562 157.234
3 0 -16.973 -9.562 157.234 -17.432 -9.520 156.730 -19.382 -6.683 158.601
3 0 -19.952 -6.839 158.259 -19.382 -6.683 158.601 -17.432 -9.520 156.730
3 0 -17.432 -9.520 156.730 -17.999 -9.667 156.379 -19.952 -6.839 158.259
3 0 -20.544 -7.153 158.129 -19.952 -6.839 158.259 -17.999 -9.667 156.379
3 0 -17.999 -9.667 156.379 -18.589 -9.979 156.236 -20.544 -7.153 158.129
3 0 -21.069 -7.577 158.233 -20.544 -7.153 158.129 -18.589 -9.979 156.236
3 0 -18.589 -9.979 156.236 -19.112 -10.410 156.321 -21.069 -7.577 158.233
3 0 -21.003 -12.840 157.837 -22.964 -9.944 159.843 -23.425 -9.917 159.340
3 0 -23.425 -9.917 159.340 -21.462 -12.798 157.333 -21.003 -12.840 157.837
3 0 -20.436 -12.694 158.188 -22.394 -9.788 160.186 -22.964 -9.944 159.843
3 0 -22.964 -9.944 159.843 -21.003 -12.840 157.837 -20.436 -12.694 158.188
3 0 -19.846 -12.382 158.331 -21.802 -9.474 160.315 -22.394 -9.788 160.186
3 0 -22.394 -9.788 160.186 -20.436 -12.694 158.188 -19.846 -12.382 158.331
3 0 -19.323 -11.951 158.246 -21.277 -9.049 160.212 -21.802 -9.474 160.315
3 0 -21.802 -9.474 160.315 -19.846 -12.382 158.331 -19.323 -11.951 158.246
3 0 -19.570 -10.368 155.817 -21.530 -7.551 157.730 -21.069 -7.577 158.233
3 0 -21.069 -7.577 158.233 -19.112 -10.410 156.321 -19.570 -10.368 155.817
3 0 -20.138 -10.514 155.466 -22.100 -7.707 157.387 -21.530 -7.551 157.730
3 0 -21.530 -7.551 157.730 -19.570 -10.368 155.817 -20.138 -10.514 155.466
3 0 -20.728 -10.827 155.322 -22.692 -8.021 157.258 -22.100 -7.707 157.387
3 0 -22.100 -7.707 157.387 -20.138 -10.514 155.466 -20.728 -10.827 155.322
3 0 -21.251 -11.257 155.408 -23.217 -8.445 157.361 -22.692 -8.021 157.258
3 0 -22.692 -8.021 157.258 -20.728 -10.827 155.322 -21.251 -11.257 155.408
3 0 -23.141 -13.687 156.925 -25.111 -10.811 158.972 -25.572 -10.785 158.469
3 0 -25.572 -10.785 158.469 -23.599 -13.646 156.420 -23.141 -13.687 156.925
3 0 -22.574 -13.541 157.275 -24.541 -10.656 159.314 -25.111 -10.811 158.972
3 0 -25.111 -10.811 158.972 -23.141 -13.687 156.925 -22.574 -13.541 157.275
3 0 -21.984 -13.229 157.419 -23.949 -10.341 159.444 -24.541 -10.656 159.314
3 0 -24.541 -10.656 159.314 -22.574 -13.541 157.275 -21.984 -13.229 157.419
3 0 -21.462 -12.798 157.333 -23.425 -9.917 159.340 -23.949 -10.341 159.444
3 0 -23.949 -10.341 159.444 -21.984 -13.229 157.419 -21.462 -12.798 157.333
3 0 -21.708 -11.215 154.904 -23.677 -8.418 156.858 -23.217 -8.445 157.361
3 0 -23.217 -8.445 157.361 -21.251 -11.257 155.408 -21.708 -11.215 154.904
3 0 -22.275 -11.361 154.553 -24.247 -8.574 156.516 -23.677 -8.418 156.858
3 0 -23.677 -8.418 156.858 -21.708 -11.215 154.904 -22.275 -11.361 154.553
3 0 -22.865 -11.674 154.410 -24.839 -8.888 156.387 -24.247 -8.574 156.516
3 0 -24.247 -8.574 156.516 -22.275 -11.361 154.553 -22.865 -11.674 154.410
3 0 -23.388 -12.104 154.495 -25.363 -9.313 156.490 -24.839 -8.888 156.387
3 0 -24.839 -8.888 156.387 -22.865 -11.674 154.410 -23.388 -12.104 154.495
3 0 -25.824 -9.286 155.987 -25.363 -9.313 156.490 -23.388 -12.104 154.495
3 0 -23.388 -12.104 154.495 -23.847 -12.062 153.991 -25.824 -9.286 155.987
3 0 -26.394 -9.442 155.644 -25.824 -9.286 155.987 -23.847 -12.062 153.991
3 0 -23.847 -12.062 153.991 -24.414 -12.209 153.640 -26.394 -9.442 155.644
3 0 -26.987 -9.756 155.515 -26.394 -9.442 155.644 -24.414 -12.209 153.640
3 0 -24.414 -12.209 153.640 -25.004 -12.521 153.497 -26.987 -9.756 155.515
3 0 -27.511 -10.181 155.618 -26.987 -9.756 155.515 -25.004 -12.521 153.497
3 0 -25.004 -12.521 153.497 -25.527 -12.952 153.582 -27.511 -10.181 155.618
3 0 -27.888 -10.652 155.939 -27.511 -10.181 155.618 -25.527 -12.952 153.582
3 0 -25.527 -12.952 153.582 -25.903 -13.435 153.884 -27.888 -10.652 155.939
3 0 -28.060 -11.097 156.427 -27.888 -10.652 155.939 -25.903 -13.435 153.884
3 0 -25.903 -13.435 153.884 -26.075 -13.898 154.356 -28.060 -11.097 156.427
3 0 -28.001 -11.448 157.009 -28.060 -11.097 156.427 -26.075 -13.898 154.356
3 0 -26.075 -13.898 154.356 -26.017 -14.269 154.926 -28.001 -11.448 157.009
3 0 -27.719 -11.653 157.597 -28.001 -11.448 157.009 -26.017 -14.269 154.926
3 0 -26.017 -14.269 154.926 -25.738 -14.493 155.507 -27.719 -11.653 157.597
3 0 -27.259 -11.679 158.100 -27.719 -11.653 157.597 -25.738 -14.493 155.507
3 0 -25.738 -14.493 155.507 -25.280 -14.535 156.012 -27.259 -11.679 158.100
3 0 -26.689 -11.524 158.443 -27.259 -11.679 158.100 -25.280 -14.535 156.012
3 0 -25.280 -14.535 156.012 -24.713 -14.388 156.362 -26.689 -11.524 158.443
3 0 -26.096 -11.209 158.572 -26.689 -11.524 158.443 -24.713 -14.388 156.362
3 0 -24.713 -14.388 156.362 -24.122 -14.076 156.506 -26.096 -11.209 158.572
3 0 -25.572 -10.785 158.469 -26.096 -11.209 158.572 -24.122 -14.076 156.506
3 0 -24.122 -14.076 156.506 -23.599 -13.646 156.420 -25.572 -10.785 158.469
3 0 -22.743 -6.096 162.594 -23.206 -6.083 162.093 -21.277 -9.049 160.212
3 0 -21.277 -9.049 160.212 -20.817 -9.076 160.715 -22.743 -6.096 162.594
3 0 -22.170 -5.933 162.929 -22.743 -6.096 162.594 -20.817 -9.076 160.715
3 0 -20.817 -9.076 160.715 -20.247 -8.920 161.057 -22.170 -5.933 162.929
3 0 -21.576 -5.618 163.045 -22.170 -5.933 162.929 -20.247 -8.920 161.057
3 0 -20.247 -8.920 161.057 -19.654 -8.606 161.187 -21.576 -5.618 163.045
3 0 -21.050 -5.200 162.926 -21.576 -5.618 163.045 -19.654 -8.606 161.187
3 0 -19.654 -8.606 161.187 -19.130 -8.181 161.083 -21.050 -5.200 162.926
3 0 -20.672 -4.741 162.589 -21.050 -5.200 162.926 -19.130 -8.181 161.083
3 0 -19.130 -8.181 161.083 -18.753 -7.710 160.763 -20.672 -4.741 162.589
3 0 -20.501 -4.313 162.086 -20.672 -4.741 162.589 -18.753 -7.710 160.763
3 0 -18.753 -7.710 160.763 -18.581 -7.265 160.274 -20.501 -4.313 162.086
3 0 -20.561 -3.979 161.493 -20.501 -4.313 162.086 -18.581 -7.265 160.274
3 0 -18.581 -7.265 160.274 -18.640 -6.914 159.692 -20.561 -3.979 161.493
3 0 -20.845 -3.791 160.901 -20.561 -3.979 161.493 -18.640 -6.914 159.692
3 0 -18.640 -6.914 159.692 -18.921 -6.709 159.104 -20.845 -3.791 160.901
3 0 -21.308 -3.778 160.400 -20.845 -3.791 160.901 -18.921 -6.709 159.104
3 0 -18.921 -6.709 159.104 -19.382 -6.683 158.601 -21.308 -3.778 160.400
3 0 -21.881 -3.941 160.065 -21.308 -3.778 160.400 -19.382 -6.683 158.601
3 0 -19.382 -6.683 158.601 -19.952 -6.839 158.259 -21.881 -3.941 160.065
3 0 -22.475 -4.256 159.949 -21.881 -3.941 160.065 -19.952 -6.839 158.259
3 0 -19.952 -6.839 158.259 -20.544 -7.153 158.129 -22.475 -4.256 159.949
3 0 -23.001 -4.675 160.068 -22.475 -4.256 159.949 -20.544 -7.153 158.129
3 0 -20.544 -7.153 158.129 -21.069 -7.577 158.233 -23.001 -4.675 160.068
3 0 -22.964 -9.944 159.843 -24.900 -6.980 161.762 -25.363 -6.966 161.260
3 0 -25.363 -6.966 161.260 -23.425 -9.917 159.340 -22.964 -9.944 159.843
3 0 -22.394 -9.788 160.186 -24.327 -6.816 162.096 -24.900 -6.980 161.762
3 0 -24.900 -6.980 161.762 -22.964 -9.944 159.843 -22.394 -9.788 160.186
3 0 -21.802 -9.474 160.315 -23.733 -6.502 162.212 -24.327 -6.816 162.096
3 0 -24.327 -6.816 162.096 -22.394 -9.788 160.186 -21.802 -9.474 160.315
3 0 -21.277 -9.049 160.212 -23.206 -6.083 162.093 -23.733 -6.502 162.212
3 0 -23.733 -6.502 162.212 -21.802 -9.474 160.315 -21.277 -9.049 160.212
3 0 -21.530 -7.551 157.730 -23.465 -4.661 159.567 -23.001 -4.675 160.068
3 0 -23.001 -4.675 160.068 -21.069 -7.577 158.233 -21.530 -7.551 157.730
3 0 -22.100 -7.707 157.387 -24.037 -4.825 159.233 -23.465 -4.661 159.567
3 0 -23.465 -4.661 159.567 -21.530 -7.551 157.730 -22.100 -7.707 157.387
3 0 -22.692 -8.021 157.258 -24.632 -5.139 159.116 -24.037 -4.825 159.233
3 0 -24.037 -4.825 159.233 -22.100 -7.707 157.387 -22.692 -8.021 157.258
3 0 -23.217 -8.445 157.361 -25.158 -5.558 159.236 -24.632 -5.139 159.116
3 0 -24.632 -5.139 159.116 -22.692 -8.021 157.258 -23.217 -8.445 157.361
3 0 -25.111 -10.811 158.972 -27.056 -7.863 160.929 -27.519 -7.849 160.428
3 0 -27.519 -7.849 160.428 -25.572 -10.785 158.469 -25.111 -10.811 158.972
3 0 -24.541 -10.656 159.314 -26.483 -7.699 161.263 -27.056 -7.863 160.929
3 0 -27.056 -7.863 160.929 -25.111 -10.811 158.972 -24.541 -10.656 159.314
3 0 -23.949 -10.341 159.444 -25.889 -7.385 161.380 -26.483 -7.699 161.263
3 0 -26.483 -7.699 161.263 -24.541 -10.656 159.314 -23.949 -10.341 159.444
3 0 -23.425 -9.917 159.340 -25.363 -6.966 161.260 -25.889 -7.385 161.380
3 0 -25.889 -7.385 161.380 -23.949 -10.341 159.444 -23.425 -9.917 159.340
3 0 -23.677 -8.418 156.858 -25.621 -5.544 158.735 -25.158 -5.558 159.236
3 0 -25.158 -5.558 159.236 -23.217 -8.445 157.361 -23.677 -8.418 156.858
3 0 -24.247 -8.574 156.516 -26.193 -5.708 158.400 -25.621 -5.544 158.735
3 0 -25.621 -5.544 158.735 -23.677 -8.418 156.858 -24.247 -8.574 156.516
3 0 -24.839 -8.888 156.387 -26.788 -6.022 158.284 -26.193 -5.708 158.400
3 0 -26.193 -5.708 158.400 -24.247 -8.574 156.516 -24.839 -8.888 156.387
3 0 -25.363 -9.313 156.490 -27.314 -6.441 158.403 -26.788 -6.022 158.284
3 0 -26.788 -6.022 158.284 -24.839 -8.888 156.387 -25.363 -9.313 156.490
3 0 -27.778 -6.428 157.902 -27.314 -6.441 158.403 -25.363 -9.313 156.490
3 0 -25.363 -9.313 156.490 -25.824 -9.286 155.987 -27.778 -6.428 157.902
3 0 -28.350 -6.591 157.568 -27.778 -6.428 157.902 -25.824 -9.286 155.987
3 0 -25.824 -9.286 155.987 -26.394 -9.442 155.644 -28.350 -6.591 157.568
3 0 -28.945 -6.906 157.451 -28.350 -6.591 157.568 -26.394 -9.442 155.644
3 0 -26.394 -9.442 155.644 -26.987 -9.756 155.515 -28.945 -6.906 157.451
3 0 -29.471 -7.324 157.570 -28.945 -6.906 157.451 -26.987 -9.756 155.515
3 0 -26.987 -9.756 155.515 -27.511 -10.181 155.618 -29.471 -7.324 157.570
3 0 -29.849 -7.783 157.907 -29.471 -7.324 157.570 -27.511 -10.181 155.618
3 0 -27.511 -10.181 155.618 -27.888 -10.652 155.939 -29.849 -7.783 157.907
3 0 -30.020 -8.211 158.410 -29.849 -7.783 157.907 -27.888 -10.652 155.939
3 0 -27.888 -10.652 155.939 -28.060 -11.097 156.427 -30.020 -8.211 158.410
3 0 -29.960 -8.545 159.003 -30.020 -8.211 158.410 -28.060 -11.097 156.427
3 0 -28.060 -11.097 156.427 -28.001 -11.448 157.009 -29.960 -8.545 159.003
3 0 -29.676 -8.733 159.595 -29.960 -8.545 159.003 -28.001 -11.448 157.009
3 0 -28.001 -11.448 157.009 -27.719 -11.653 157.597 -29.676 -8.733 159.595
3 0 -29.213 -8.746 160.096 -29.676 -8.733 159.595 -27.719 -11.653 157.597
3 0 -27.719 -11.653 157.597 -27.259 -11.679 158.100 -29.213 -8.746 160.096
3 0 -28.640 -8.583 160.431 -29.213 -8.746 160.096 -27.259 -11.679 158.100
3 0 -27.259 -11.679 158.100 -26.689 -11.524 158.443 -28.640 -8.583 160.431
3 0 -28.045 -8.268 160.547 -28.640 -8.583 160.431 -26.689 -11.524 158.443
3 0 -26.689 -11.524 158.443 -26.096 -11.209 158.572 -28.045 -8.268 160.547
3 0 -27.519 -7.849 160.428 -28.045 -8.268 160.547 -26.096 -11.209 158.572
3 0 -26.096 -11.209 158.572 -25.572 -10.785 158.469 -27.519 -7.849 160.428
3 0 -24.643 -3.060 164.395 -25.109 -3.058 163.896 -23.206 -6.083 162.093
3 0 -23.206 -6.083 162.093 -22.743 -6.096 162.594 -24.643 -3.060 164.395
3 0 -24.068 -2.891 164.722 -24.643 -3.060 164.395 -22.743 -6.096 162.594
3 0 -22.743 -6.096 162.594 -22.170 -5.933 162.929 -24.068 -2.891 164.722
3 0 -23.471 -2.576 164.826 -24.068 -2.891 164.722 -22.170 -5.933 162.929
3 0 -22.170 -5.933 162.929 -21.576 -5.618 163.045 -23.471 -2.576 164.826
3 0 -22.943 -2.164 164.693 -23.471 -2.576 164.826 -21.576 -5.618 163.045
3 0 -21.576 -5.618 163.045 -21.050 -5.200 162.926 -22.943 -2.164 164.693
3 0 -22.565 -1.717 164.341 -22.943 -2.164 164.693 -21.050 -5.200 162.926
3 0 -21.050 -5.200 162.926 -20.672 -4.741 162.589 -22.565 -1.717 164.341
3 0 -22.394 -1.303 163.826 -22.565 -1.717 164.341 -20.672 -4.741 162.589
3 0 -20.672 -4.741 162.589 -20.501 -4.313 162.086 -22.394 -1.303 163.826
3 0 -22.456 -0.986 163.225 -22.394 -1.303 163.826 -20.501 -4.313 162.086
3 0 -20.501 -4.313 162.086 -20.561 -3.979 161.493 -22.456 -0.986 163.225
3 0 -22.742 -0.813 162.629 -22.456 -0.986 163.225 -20.561 -3.979 161.493
3 0 -20.561 -3.979 161.493 -20.845 -3.791 160.901 -22.742 -0.813 162.629
3 0 -23.208 -0.811 162.130 -22.742 -0.813 162.629 -20.845 -3.791 160.901
3 0 -20.845 -3.791 160.901 -21.308 -3.778 160.400 -23.208 -0.811 162.130
3 0 -23.783 -0.980 161.803 -23.208 -0.811 162.130 -21.308 -3.778 160.400
3 0 -21.308 -3.778 160.400 -21.881 -3.941 160.065 -23.783 -0.980 161.803
3 0 -24.380 -1.295 161.699 -23.783 -0.980 161.803 -21.881 -3.941 160.065
3 0 -21.881 -3.941 160.065 -22.475 -4.256 159.949 -24.380 -1.295 161.699
3 0 -24.908 -1.707 161.833 -24.380 -1.295 161.699 -22.475 -4.256 159.949
3 0 -22.475 -4.256 159.949 -23.001 -4.675 160.068 -24.908 -1.707 161.833
3 0 -24.900 -6.980 161.762 -26.809 -3.955 163.599 -27.275 -3.953 163.100
3 0 -27.275 -3.953 163.100 -25.363 -6.966 161.260 -24.900 -6.980 161.762
3 0 -24.327 -6.816 162.096 -26.234 -3.785 163.925 -26.809 -3.955 163.599
3 0 -26.809 -3.955 163.599 -24.900 -6.980 161.762 -24.327 -6.816 162.096
3 0 -23.733 -6.502 162.212 -25.637 -3.471 164.030 -26.234 -3.785 163.925
3 0 -26.234 -3.785 163.925 -24.327 -6.816 162.096 -23.733 -6.502 162.212
3 0 -23.206 -6.083 162.093 -25.109 -3.058 163.896 -25.637 -3.471 164.030
3 0 -25.637 -3.471 164.030 -23.733 -6.502 162.212 -23.206 -6.083 162.093
3 0 -23.465 -4.661 159.567 -25.374 -1.705 161.333 -24.908 -1.707 161.833
3 0 -24.908 -1.707 161.833 -23.001 -4.675 160.068 -23.465 -4.661 159.567
3 0 -24.037 -4.825 159.233 -25.949 -1.875 161.007 -25.374 -1.705 161.333
3 0 -25.374 -1.705 161.333 -23.465 -4.661 159.567 -24.037 -4.825 159.233
3 0 -24.632 -5.139 159.116 -26.546 -2.189 160.902 -25.949 -1.875 161.007
3 0 -25.949 -1.875 161.007 -24.037 -4.825 159.233 -24.632 -5.139 159.116
3 0 -25.158 -5.558 159.236 -27.074 -2.601 161.036 -26.546 -2.189 160.902
3 0 -26.546 -2.189 160.902 -24.632 -5.139 159.116 -25.158 -5.558 159.236
3 0 -27.056 -7.863 160.929 -28.974 -4.849 162.802 -29.440 -4.847 162.303
3 0 -29.440 -4.847 162.303 -27.519 -7.849 160.428 -27.056 -7.863 160.929
3 0 -26.483 -7.699 161.263 -28.399 -4.679 163.129 -28.974 -4.849 162.802
3 0 -28.974 -4.849 162.802 -27.056 -7.863 160.929 -26.483 -7.699 161.263
3 0 -25.889 -7.385 161.380 -27.802 -4.365 163.233 -28.399 -4.679 163.129
3 0 -28.399 -4.679 163.129 -26.483 -7.699 161.263 -25.889 -7.385 161.380
3 0 -25.363 -6.966 161.260 -27.275 -3.953 163.100 -27.802 -4.365 163.233
3 0 -27.802 -4.365 163.233 -25.889 -7.385 161.380 -25.363 -6.966 161.260
3 0 -25.621 -5.544 158.735 -27.539 -2.599 160.537 -27.074 -2.601 161.036
3 0 -27.074 -2.601 161.036 -25.158 -5.558 159.236 -25.621 -5.544 158.735
3 0 -26.193 -5.708 158.400 -28.114 -2.768 160.211 -27.539 -2.599 160.537
3 0 -27.539 -2.599 160.537 -25.621 -5.544 158.735 -26.193 -5.708 158.400
3 0 -26.788 -6.022 158.284 -28.711 -3.083 160.106 -28.114 -2.768 160.211
3 0 -28.114 -2.768 160.211 -26.193 -5.708 158.400 -26.788 -6.022 158.284
3 0 -27.314 -6.441 158.403 -29.239 -3.495 160.240 -28.711 -3.083 160.106
3 0 -28.711 -3.083 160.106 -26.788 -6.022 158.284 -27.314 -6.441 158.403
3 0 -29.705 -3.494 159.740 -29.239 -3.495 160.240 -27.314 -6.441 158.403
3 0 -27.314 -6.441 158.403 -27.778 -6.428 157.902 -29.705 -3.494 159.740
3 0 -30.280 -3.663 159.414 -29.705 -3.494 159.740 -27.778 -6.428 157.902
3 0 -27.778 -6.428 157.902 -28.350 -6.591 157.568 -30.280 -3.663 159.414
3 0 -30.877 -3.978 159.309 -30.280 -3.663 159.414 -28.350 -6.591 157.568
3 0 -28.350 -6.591 157.568 -28.945 -6.906 157.451 -30.877 -3.978 159.309
3 0 -31.405 -4.390 159.443 -30.877 -3.978 159.309 -28.945 -6.906 157.451
3 0 -28.945 -6.906 157.451 -29.471 -7.324 157.570 -31.405 -4.390 159.443
3 0 -31.783 -4.837 159.794 -31.405 -4.390 159.443 -29.471 -7.324 157.570
3 0 -29.471 -7.324 157.570 -29.849 -7.783 157.907 -31.783 -4.837 159.794
3 0 -31.954 -5.251 160.310 -31.783 -4.837 159.794 -29.849 -7.783 157.907
3 0 -29.849 -7.783 157.907 -30.020 -8.211 158.410 -31.954 -5.251 160.310
3 0 -31.892 -5.568 160.911 -31.954 -5.251 160.310 -30.020 -8.211 158.410
3 0 -30.020 -8.211 158.410 -29.960 -8.545 159.003 -31.892 -5.568 160.911
3 0 -31.606 -5.741 161.507 -31.892 -5.568 160.911 -29.960 -8.545 159.003
3 0 -29.960 -8.545 159.003 -29.676 -8.733 159.595 -31.606 -5.741 161.507
3 0 -31.140 -5.743 162.006 -31.606 -5.741 161.507 -29.676 -8.733 159.595
3 0 -29.676 -8.733 159.595 -29.213 -8.746 160.096 -31.140 -5.743 162.006
3 0 -30.565 -5.574 162.332 -31.140 -5.743 162.006 -29.213 -8.746 160.096
3 0 -29.213 -8.746 160.096 -28.640 -8.583 160.431 -30.565 -5.574 162.332
3 0 -29.968 -5.259 162.437 -30.565 -5.574 162.332 -28.640 -8.583 160.431
3 0 -28.640 -8.583 160.431 -28.045 -8.268 160.547 -29.968 -5.259 162.437
3 0 -29.440 -4.847 162.303 -29.968 -5.259 162.437 -28.045 -8.268 160.547
3 0 -28.045 -8.268 160.547 -27.519 -7.849 160.428 -29.440 -4.847 162.303
3 0 -26.518 0.022 166.130 -26.987 0.014 165.634 -25.109 -3.058 163.896
3 0 -25.109 -3.058 163.896 -24.643 -3.060 164.395 -26.518 0.022 166.130
3 0 -25.940 0.196 166.450 -26.518 0.022 166.130 -24.643 -3.060 164.395
3 0 -24.643 -3.060 164.395 -24.068 -2.891 164.722 -25.940 0.196 166.450
3 0 -25.341 0.510 166.544 -25.940 0.196 166.450 -24.068 -2.891 164.722
3 0 -24.068 -2.891 164.722 -23.471 -2.576 164.826 -25.341 0.510 166.544
3 0 -24.812 0.916 166.397 -25.341 0.510 166.544 -23.471 -2.576 164.826
3 0 -23.471 -2.576 164.826 -22.943 -2.164 164.693 -24.812 0.916 166.397
3 0 -24.434 1.353 166.033 -24.812 0.916 166.397 -22.943 -2.164 164.693
3 0 -22.943 -2.164 164.693 -22.565 -1.717 164.341 -24.434 1.353 166.033
3 0 -24.264 1.753 165.507 -24.434 1.353 166.033 -22.565 -1.717 164.341
3 0 -22.565 -1.717 164.341 -22.394 -1.303 163.826 -24.264 1.753 165.507
3 0 -24.328 2.057 164.899 -24.264 1.753 165.507 -22.394 -1.303 163.826
3 0 -22.394 -1.303 163.826 -22.456 -0.986 163.225 -24.328 2.057 164.899
3 0 -24.616 2.217 164.301 -24.328 2.057 164.899 -22.456 -0.986 163.225
3 0 -22.456 -0.986 163.225 -22.742 -0.813 162.629 -24.616 2.217 164.301
3 0 -25.084 2.209 163.804 -24.616 2.217 164.301 -22.742 -0.813 162.629
3 0 -22.742 -0.813 162.629 -23.208 -0.811 162.130 -25.084 2.209 163.804
3 0 -25.662 2.035 163.485 -25.084 2.209 163.804 -23.208 -0.811 162.130
3 0 -23.208 -0.811 162.130 -23.783 -0.980 161.803 -25.662 2.035 163.485
3 0 -26.261 1.721 163.391 -25.662 2.035 163.485 -23.783 -0.980 161.803
3 0 -23.783 -0.980 161.803 -24.380 -1.295 161.699 -26.261 1.721 163.391
3 0 -26.790 1.315 163.537 -26.261 1.721 163.391 -24.380 -1.295 161.699
3 0 -24.380 -1.295 161.699 -24.908 -1.707 161.833 -26.790 1.315 163.537
3 0 -26.809 -3.955 163.599 -28.693 -0.880 165.367 -29.162 -0.888 164.870
3 0 -29.162 -0.888 164.870 -27.275 -3.953 163.100 -26.809 -3.955 163.599
3 0 -26.234 -3.785 163.925 -28.115 -0.706 165.686 -28.693 -0.880 165.367
3 0 -28.693 -0.880 165.367 -26.809 -3.955 163.599 -26.234 -3.785 163.925
3 0 -25.637 -3.471 164.030 -27.516 -0.392 165.780 -28.115 -0.706 165.686
3 0 -28.115 -0.706 165.686 -26.234 -3.785 163.925 -25.637 -3.471 164.030
3 0 -25.109 -3.058 163.896 -26.987 0.014 165.634 -27.516 -0.392 165.780
3 0 -27.516 -0.392 165.780 -25.637 -3.471 164.030 -25.109 -3.058 163.896
3 0 -25.374 -1.705 161.333 -27.259 1.307 163.041 -26.790 1.315 163.537
3 0 -26.790 1.315 163.537 -24.908 -1.707 161.833 -25.374 -1.705 161.333
3 0 -25.949 -1.875 161.007 -27.837 1.133 162.721 -27.259 1.307 163.041
3 0 -27.259 1.307 163.041 -25.374 -1.705 161.333 -25.949 -1.875 161.007
3 0 -26.546 -2.189 160.902 -28.436 0.819 162.628 -27.837 1.133 162.721
3 0 -27.837 1.133 162.721 -25.949 -1.875 161.007 -26.546 -2.189 160.902
3 0 -27.074 -2.601 161.036 -28.965 0.413 162.774 -28.436 0.819 162.628
3 0 -28.436 0.819 162.628 -26.546 -2.189 160.902 -27.074 -2.601 161.036
3 0 -28.974 -4.849 162.802 -30.867 -1.782 164.603 -31.335 -1.789 164.107
3 0 -31.335 -1.789 164.107 -29.440 -4.847 162.303 -28.974 -4.849 162.802
3 0 -28.399 -4.679 163.129 -30.289 -1.608 164.923 -30.867 -1.782 164.603
3 0 -30.867 -1.782 164.603 -28.974 -4.849 162.802 -28.399 -4.679 163.129
3 0 -27.802 -4.365 163.233 -29.690 -1.294 165.017 -30.289 -1.608 164.923
3 0 -30.289 -1.608 164.923 -28.399 -4.679 163.129 -27.802 -4.365 163.233
3 0 -27.275 -3.953 163.100 -29.162 -0.888 164.870 -29.690 -1.294 165.017
3 0 -29.690 -1.294 165.017 -27.802 -4.365 163.233 -27.275 -3.953 163.100
3 0 -27.539 -2.599 160.537 -29.433 0.405 162.278 -28.965 0.413 162.774
3 0 -28.965 0.413 162.774 -27.074 -2.601 161.036 -27.539 -2.599 160.537
3 0 -28.114 -2.768 160.211 -30.011 0.231 161.958 -29.433 0.405 162.278
3 0 -29.433 0.405 162.278 -27.539 -2.599 160.537 -28.114 -2.768 160.211
3 0 -28.711 -3.083 160.106 -30.610 -0.083 161.864 -30.011 0.231 161.958
3 0 -30.011 0.231 161.958 -28.114 -2.768 160.211 -28.711 -3.083 160.106
3 0 -29.239 -3.495 160.240 -31.139 -0.489 162.011 -30.610 -0.083 161.864
3 0 -30.610 -0.083 161.864 -28.711 -3.083 160.106 -29.239 -3.495 160.240
3 0 -31.607 -0.497 161.514 -31.139 -0.489 162.011 -29.239 -3.495 160.240
3 0 -29.239 -3.495 160.240 -29.705 -3.494 159.740 -31.607 -0.497 161.514
3 0 -32.185 -0.671 161.195 -31.607 -0.497 161.514 -29.705 -3.494 159.740
3 0 -29.705 -3.494 159.740 -30.280 -3.663 159.414 -32.185 -0.671 161.195
3 0 -32.784 -0.985 161.101 -32.185 -0.671 161.195 -30.280 -3.663 159.414
3 0 -30.280 -3.663 159.414 -30.877 -3.978 159.309 -32.784 -0.985 161.101
3 0 -33.313 -1.391 161.247 -32.784 -0.985 161.101 -30.877 -3.978 159.309
3 0 -30.877 -3.978 159.309 -31.405 -4.390 159.443 -33.313 -1.391 161.247
3 0 -33.692 -1.827 161.611 -33.313 -1.391 161.247 -31.405 -4.390 159.443
3 0 -31.405 -4.390 159.443 -31.783 -4.837 159.794 -33.692 -1.827 161.611
3 0 -33.862 -2.228 162.137 -33.692 -1.827 161.611 -31.783 -4.837 159.794
3 0 -31.783 -4.837 159.794 -31.954 -5.251 160.310 -33.862 -2.228 162.137
3 0 -33.798 -2.531 162.745 -33.862 -2.228 162.137 -31.954 -5.251 160.310
3 0 -31.954 -5.251 160.310 -31.892 -5.568 160.911 -33.798 -2.531 162.745
3 0 -33.510 -2.691 163.343 -33.798 -2.531 162.745 -31.892 -5.568 160.911
3 0 -31.892 -5.568 160.911 -31.606 -5.741 161.507 -33.510 -2.691 163.343
3 0 -33.041 -2.684 163.840 -33.510 -2.691 163.343 -31.606 -5.741 161.507
3 0 -31.606 -5.741 161.507 -31.140 -5.743 162.006 -33.041 -2.684 163.840
3 0 -32.463 -2.510 164.159 -33.041 -2.684 163.840 -31.140 -5.743 162.006
3 0 -31.140 -5.743 162.006 -30.565 -5.574 162.332 -32.463 -2.510 164.159
3 0 -31.864 -2.196 164.253 -32.463 -2.510 164.159 -30.565 -5.574 162.332
3 0 -30.565 -5.574 162.332 -29.968 -5.259 162.437 -31.864 -2.196 164.253
3 0 -31.335 -1.789 164.107 -31.864 -2.196 164.253 -29.968 -5.259 162.437
3 0 -29.968 -5.259 162.437 -29.440 -4.847 162.303 -31.335 -1.789 164.107
3 0 -28.365 3.156 167.800 -28.837 3.138 167.307 -26.987 0.014 165.634
3 0 -26.987 0.014 165.634 -26.518 0.022 166.130 -28.365 3.156 167.800
3 0 -27.784 3.335 168.111 -28.365 3.156 167.800 -26.518 0.022 166.130
3 0 -26.518 0.022 166.130 -25.940 0.196 166.450 -27.784 3.335 168.111
3 0 -27.182 3.647 168.192 -27.784 3.335 168.111 -25.940 0.196 166.450
3 0 -25.940 0.196 166.450 -25.341 0.510 166.544 -27.182 3.647 168.192
3 0 -26.652 4.045 168.031 -27.182 3.647 168.192 -25.341 0.510 166.544
3 0 -25.341 0.510 166.544 -24.812 0.916 166.397 -26.652 4.045 168.031
3 0 -26.273 4.469 167.653 -26.652 4.045 168.031 -24.812 0.916 166.397
3 0 -24.812 0.916 166.397 -24.434 1.353 166.033 -26.273 4.469 167.653
3 0 -26.103 4.853 167.115 -26.273 4.469 167.653 -24.434 1.353 166.033
3 0 -24.434 1.353 166.033 -24.264 1.753 165.507 -26.103 4.853 167.115
3 0 -26.169 5.140 166.499 -26.103 4.853 167.115 -24.264 1.753 165.507
3 0 -24.264 1.753 165.507 -24.328 2.057 164.899 -26.169 5.140 166.499
3 0 -26.460 5.286 165.899 -26.169 5.140 166.499 -24.328 2.057 164.899
3 0 -24.328 2.057 164.899 -24.616 2.217 164.301 -26.460 5.286 165.899
3 0 -26.932 5.268 165.406 -26.460 5.286 165.899 -24.616 2.217 164.301
3 0 -24.616 2.217 164.301 -25.084 2.209 163.804 -26.932 5.268 165.406
3 0 -27.513 5.089 165.095 -26.932 5.268 165.406 -25.084 2.209 163.804
3 0 -25.084 2.209 163.804 -25.662 2.035 163.485 -27.513 5.089 165.095
3 0 -28.115 4.777 165.014 -27.513 5.089 165.095 -25.662 2.035 163.485
3 0 -25.662 2.035 163.485 -26.261 1.721 163.391 -28.115 4.777 165.014
3 0 -28.646 4.379 165.174 -28.115 4.777 165.014 -26.261 1.721 163.391
3 0 -26.261 1.721 163.391 -26.790 1.315 163.537 -28.646 4.379 165.174
3 0 -28.693 -0.880 165.367 -30.551 2.249 167.076 -31.023 2.231 166.583
3 0 -31.023 2.231 166.583 -29.162 -0.888 164.870 -28.693 -0.880 165.367
3 0 -28.115 -0.706 165.686 -29.970 2.427 167.387 -30.551 2.249 167.076
3 0 -30.551 2.249 167.076 -28.693 -0.880 165.367 -28.115 -0.706 165.686
3 0 -27.516 -0.392 165.780 -29.368 2.740 167.468 -29.970 2.427 167.387
3 0 -29.970 2.427 167.387 -28.115 -0.706 165.686 -27.516 -0.392 165.780
3 0 -26.987 0.014 165.634 -28.837 3.138 167.307 -29.368 2.740 167.468
3 0 -29.368 2.740 167.468 -27.516 -0.392 165.780 -26.987 0.014 165.634
3 0 -27.259 1.307 163.041 -29.118 4.361 164.681 -28.646 4.379 165.174
3 0 -28.646 4.379 165.174 -26.790 1.315 163.537 -27.259 1.307 163.041
3 0 -27.837 1.133 162.721 -29.699 4.182 164.371 -29.118 4.361 164.681
3 0 -29.118 4.361 164.681 -27.259 1.307 163.041 -27.837 1.133 162.721
3 0 -28.436 0.819 162.628 -30.301 3.870 164.289 -29.699 4.182 164.371
3 0 -29.699 4.182 164.371 -27.837 1.133 162.721 -28.436 0.819 162.628
3 0 -28.965 0.413 162.774 -30.831 3.471 164.450 -30.301 3.870 164.289
3 0 -30.301 3.870 164.289 -28.436 0.819 162.628 -28.965 0.413 162.774
3 0 -30.867 -1.782 164.603 -32.736 1.342 166.352 -33.208 1.324 165.859
3 0 -33.208 1.324 165.859 -31.335 -1.789 164.107 -30.867 -1.782 164.603
3 0 -30.289 -1.608 164.923 -32.155 1.520 166.663 -32.736 1.342 166.352
3 0 -32.736 1.342 166.352 -30.867 -1.782 164.603 -30.289 -1.608 164.923
3 0 -29.690 -1.294 165.017 -31.553 1.833 166.744 -32.155 1.520 166.663
3 0 -32.155 1.520 166.663 -30.289 -1.608 164.923 -29.690 -1.294 165.017
3 0 -29.162 -0.888 164.870 -31.023 2.231 166.583 -31.553 1.833 166.744
3 0 -31.553 1.833 166.744 -29.690 -1.294 165.017 -29.162 -0.888 164.870
3 0 -29.433 0.405 162.278 -31.303 3.454 163.957 -30.831 3.471 164.450
3 0 -30.831 3.471 164.450 -28.965 0.413 162.774 -29.433 0.405 162.278
3 0 -30.011 0.231 161.958 -31.884 3.275 163.647 -31.303 3.454 163.957
3 0 -31.303 3.454 163.957 -29.433 0.405 162.278 -30.011 0.231 161.958
3 0 -30.610 -0.083 161.864 -32.486 2.963 163.565 -31.884 3.275 163.647
3 0 -31.884 3.275 163.647 -30.011 0.231 161.958 -30.610 -0.083 161.864
3 0 -31.139 -0.489 162.011 -33.016 2.564 163.726 -32.486 2.963 163.565
3 0 -32.486 2.963 163.565 -30.610 -0.083 161.864 -31.139 -0.489 162.011
3 0 -33.489 2.546 163.233 -33.016 2.564 163.726 -31.139 -0.489 162.011
3 0 -31.139 -0.489 162.011 -31.607 -0.497 161.514 -33.489 2.546 163.233
3 0 -34.070 2.368 162.922 -33.489 2.546 163.233 -31.607 -0.497 161.514
3 0 -31.607 -0.497 161.514 -32.185 -0.671 161.195 -34.070 2.368 162.922
3 0 -34.671 2.055 162.841 -34.070 2.368 162.922 -32.185 -0.671 161.195
3 0 -32.185 -0.671 161.195 -32.784 -0.985 161.101 -34.671 2.055 162.841
3 0 -35.202 1.657 163.002 -34.671 2.055 162.841 -32.784 -0.985 161.101
3 0 -32.784 -0.985 161.101 -33.313 -1.391 161.247 -35.202 1.657 163.002
3 0 -35.581 1.233 163.380 -35.202 1.657 163.002 -33.313 -1.391 161.247
3 0 -33.313 -1.391 161.247 -33.692 -1.827 161.611 -35.581 1.233 163.380
3 0 -35.751 0.849 163.918 -35.581 1.233 163.380 -33.692 -1.827 161.611
3 0 -33.692 -1.827 161.611 -33.862 -2.228 162.137 -35.751 0.849 163.918
3 0 -35.685 0.562 164.534 -35.751 0.849 163.918 -33.862 -2.228 162.137
3 0 -33.862 -2.228 162.137 -33.798 -2.531 162.745 -35.685 0.562 164.534
3 0 -35.394 0.416 165.135 -35.685 0.562 164.534 -33.798 -2.531 162.745
3 0 -33.798 -2.531 162.745 -33.510 -2.691 163.343 -35.394 0.416 165.135
3 0 -34.922 0.434 165.628 -35.394 0.416 165.135 -33.510 -2.691 163.343
3 0 -33.510 -2.691 163.343 -33.041 -2.684 163.840 -34.922 0.434 165.628
3 0 -34.341 0.613 165.938 -34.922 0.434 165.628 -33.041 -2.684 163.840
3 0 -33.041 -2.684 163.840 -32.463 -2.510 164.159 -34.341 0.613 165.938
3 0 -33.739 0.925 166.020 -34.341 0.613 165.938 -32.463 -2.510 164.159
3 0 -32.463 -2.510 164.159 -31.864 -2.196 164.253 -33.739 0.925 166.020
3 0 -33.208 1.324 165.859 -33.739 0.925 166.020 -31.864 -2.196 164.253
3 0 -31.864 -2.196 164.253 -31.335 -1.789 164.107 -33.208 1.324 165.859
3 0 -31.987 9.525 170.980 -32.464 9.495 170.492 -28.837 3.138 167.307
3 0 -28.837 3.138 167.307 -28.365 3.156 167.800 -31.987 9.525 170.980
3 0 -31.402 9.709 171.279 -31.987 9.525 170.980 -28.365 3.156 167.800
3 0 -28.365 3.156 167.800 -27.784 3.335 168.111 -31.402 9.709 171.279
3 0 -30.796 10.017 171.343 -31.402 9.709 171.279 -27.784 3.335 168.111
3 0 -27.784 3.335 168.111 -27.182 3.647 168.192 -30.796 10.017 171.343
3 0 -30.263 10.405 171.164 -30.796 10.017 171.343 -27.182 3.647 168.192
3 0 -27.182 3.647 168.192 -26.652 4.045 168.031 -30.263 10.405 171.164
3 0 -29.884 10.811 170.768 -30.263 10.405 171.164 -26.652 4.045 168.031
3 0 -26.652 4.045 168.031 -26.273 4.469 167.653 -29.884 10.811 170.768
3 0 -29.716 11.175 170.215 -29.884 10.811 170.768 -26.273 4.469 167.653
3 0 -26.273 4.469 167.653 -26.103 4.853 167.115 -29.716 11.175 170.215
3 0 -29.785 11.441 169.590 -29.716 11.175 170.215 -26.103 4.853 167.115
3 0 -26.103 4.853 167.115 -26.169 5.140 166.499 -29.785 11.441 169.590
3 0 -30.080 11.569 168.988 -29.785 11.441 169.590 -26.169 5.140 166.499
3 0 -26.169 5.140 166.499 -26.460 5.286 165.899 -30.080 11.569 168.988
3 0 -30.557 11.539 168.500 -30.080 11.569 168.988 -26.460 5.286 165.899
3 0 -26.460 5.286 165.899 -26.932 5.268 165.406 -30.557 11.539 168.500
3 0 -31.143 11.355 168.201 -30.557 11.539 168.500 -26.932 5.268 165.406
3 0 -26.932 5.268 165.406 -27.513 5.089 165.095 -31.143 11.355 168.201
3 0 -31.749 11.046 168.136 -31.143 11.355 168.201 -27.513 5.089 165.095
3 0 -27.513 5.089 165.095 -28.115 4.777 165.014 -31.749 11.046 168.136
3 0 -32.282 10.659 168.316 -31.749 11.046 168.136 -28.115 4.777 165.014
3 0 -28.115 4.777 165.014 -28.646 4.379 165.174 -32.282 10.659 168.316
3 0 -30.551 2.249 167.076 -34.189 8.615 170.308 -34.666 8.585 169.820
3 0 -34.666 8.585 169.820 -31.023 2.231 166.583 -30.551 2.249 167.076
3 0 -29.970 2.427 167.387 -33.603 8.799 170.607 -34.189 8.615 170.308
3 0 -34.189 8.615 170.308 -30.551 2.249 167.076 -29.970 2.427 167.387
3 0 -29.368 2.740 167.468 -32.998 9.107 170.672 -33.603 8.799 170.607
3 0 -33.603 8.799 170.607 -29.970 2.427 167.387 -29.368 2.740 167.468
3 0 -28.837 3.138 167.307 -32.464 9.495 170.492 -32.998 9.107 170.672
3 0 -32.998 9.107 170.672 -29.368 2.740 167.468 -28.837 3.138 167.307
3 0 -29.118 4.361 164.681 -32.759 10.629 167.828 -32.282 10.659 168.316
3 0 -32.282 10.659 168.316 -28.646 4.379 165.174 -29.118 4.361 164.681
3 0 -29.699 4.182 164.371 -33.345 10.445 167.529 -32.759 10.629 167.828
3 0 -32.759 10.629 167.828 -29.118 4.361 164.681 -29.699 4.182 164.371
3 0 -30.301 3.870 164.289 -33.950 10.136 167.465 -33.345 10.445 167.529
3 0 -33.345 10.445 167.529 -29.699 4.182 164.371 -30.301 3.870 164.289
3 0 -30.831 3.471 164.450 -34.483 9.749 167.644 -33.950 10.136 167.465
3 0 -33.950 10.136 167.465 -30.301 3.870 164.289 -30.831 3.471 164.450
3 0 -32.736 1.342 166.352 -36.389 7.706 169.637 -36.866 7.675 169.149
3 0 -36.866 7.675 169.149 -33.208 1.324 165.859 -32.736 1.342 166.352
3 0 -32.155 1.520 166.663 -35.804 7.889 169.936 -36.389 7.706 169.637
3 0 -36.389 7.706 169.637 -32.736 1.342 166.352 -32.155 1.520 166.663
3 0 -31.553 1.833 166.744 -35.198 8.198 170.000 -35.804 7.889 169.936
3 0 -35.804 7.889 169.936 -32.155 1.520 166.663 -31.553 1.833 166.744
3 0 -31.023 2.231 166.583 -34.666 8.585 169.820 -35.198 8.198 170.000
3 0 -35.198 8.198 170.000 -31.553 1.833 166.744 -31.023 2.231 166.583
3 0 -31.303 3.454 163.957 -34.959 9.719 167.157 -34.483 9.749 167.644
3 0 -34.483 9.749 167.644 -30.831 3.471 164.450 -31.303 3.454 163.957
3 0 -31.884 3.275 163.647 -35.545 9.536 166.858 -34.959 9.719 167.157
3 0 -34.959 9.719 167.157 -31.303 3.454 163.957 -31.884 3.275 163.647
3 0 -32.486 2.963 163.565 -36.151 9.227 166.793 -35.545 9.536 166.858
3 0 -35.545 9.536 166.858 -31.884 3.275 163.647 -32.486 2.963 163.565
3 0 -33.016 2.564 163.726 -36.684 8.840 166.973 -36.151 9.227 166.793
3 0 -36.151 9.227 166.793 -32.486 2.963 163.565 -33.016 2.564 163.726
3 0 -37.161 8.809 166.485 -36.684 8.840 166.973 -33.016 2.564 163.726
3 0 -33.016 2.564 163.726 -33.489 2.546 163.233 -37.161 8.809 166.485
3 0 -37.747 8.626 166.186 -37.161 8.809 166.485 -33.489 2.546 163.233
3 0 -33.489 2.546 163.233 -34.070 2.368 162.922 -37.747 8.626 166.186
3 0 -38.352 8.317 166.122 -37.747 8.626 166.186 -34.070 2.368 162.922
3 0 -34.070 2.368 162.922 -34.671 2.055 162.841 -38.352 8.317 166.122
3 0 -38.885 7.930 166.301 -38.352 8.317 166.122 -34.671 2.055 162.841
3 0 -34.671 2.055 162.841 -35.202 1.657 163.002 -38.885 7.930 166.301
3 0 -39.265 7.523 166.697 -38.885 7.930 166.301 -35.202 1.657 163.002
3 0 -35.202 1.657 163.002 -35.581 1.233 163.380 -39.265 7.523 166.697
3 0 -39.432 7.159 167.250 -39.265 7.523 166.697 -35.581 1.233 163.380
3 0 -35.581 1.233 163.380 -35.751 0.849 163.918 -39.432 7.159 167.250
3 0 -39.363 6.893 167.875 -39.432 7.159 167.250 -35.751 0.849 163.918
3 0 -35.751 0.849 163.918 -35.685 0.562 164.534 -39.363 6.893 167.875
3 0 -39.068 6.765 168.477 -39.363 6.893 167.875 -35.685 0.562 164.534
3 0 -35.685 0.562 164.534 -35.394 0.416 165.135 -39.068 6.765 168.477
3 0 -38.591 6.796 168.965 -39.068 6.765 168.477 -35.394 0.416 165.135
3 0 -35.394 0.416 165.135 -34.922 0.434 165.628 -38.591 6.796 168.965
3 0 -38.005 6.979 169.264 -38.591 6.796 168.965 -34.922 0.434 165.628
3 0 -34.922 0.434 165.628 -34.341 0.613 165.938 -38.005 6.979 169.264
3 0 -37.400 7.288 169.329 -38.005 6.979 169.264 -34.341 0.613 165.938
3 0 -34.341 0.613 165.938 -33.739 0.925 166.020 -37.400 7.288 169.329
3 0 -36.866 7.675 169.149 -37.400 7.288 169.329 -33.739 0.925 166.020
3 0 -33.739 0.925 166.020 -33.208 1.324 165.859 -36.866 7.675 169.149
3 0 -35.499 16.044 173.956 -35.982 16.003 173.476 -32.464 9.495 170.492
3 0 -32.464 9.495 170.492 -31.987 9.525 170.980 -35.499 16.044 173.956
3 0 -34.908 16.232 174.242 -35.499 16.044 173.956 -31.987 9.525 170.980
3 0 -31.987 9.525 170.980 -31.402 9.709 171.279 -34.908 16.232 174.242
3 0 -34.298 16.536 174.289 -34.908 16.232 174.242 -31.402 9.709 171.279
3 0 -31.402 9.709 171.279 -30.796 10.017 171.343 -34.298 16.536 174.289
3 0 -33.763 16.911 174.090 -34.298 16.536 174.289 -30.796 10.017 171.343
3 0 -30.796 10.017 171.343 -30.263 10.405 171.164 -33.763 16.911 174.090
3 0 -33.384 17.299 173.676 -33.763 16.911 174.090 -30.263 10.405 171.164
3 0 -30.263 10.405 171.164 -29.884 10.811 170.768 -33.384 17.299 173.676
3 0 -33.219 17.642 173.109 -33.384 17.299 173.676 -29.884 10.811 170.768
3 0 -29.884 10.811 170.768 -29.716 11.175 170.215 -33.219 17.642 173.109
3 0 -33.293 17.887 172.476 -33.219 17.642 173.109 -29.716 11.175 170.215
3 0 -29.716 11.175 170.215 -29.785 11.441 169.590 -33.293 17.887 172.476
3 0 -33.594 17.997 171.873 -33.293 17.887 172.476 -29.785 11.441 169.590
3 0 -29.785 11.441 169.590 -30.080 11.569 168.988 -33.594 17.997 171.873
3 0 -34.077 17.955 171.392 -33.594 17.997 171.873 -30.080 11.569 168.988
3 0 -30.080 11.569 168.988 -30.557 11.539 168.500 -34.077 17.955 171.392
3 0 -34.668 17.768 171.106 -34.077 17.955 171.392 -30.557 11.539 168.500
3 0 -30.557 11.539 168.500 -31.143 11.355 168.201 -34.668 17.768 171.106
3 0 -35.278 17.464 171.059 -34.668 17.768 171.106 -31.143 11.355 168.201
3 0 -31.143 11.355 168.201 -31.749 11.046 168.136 -35.278 17.464 171.059
3 0 -35.813 17.089 171.258 -35.278 17.464 171.059 -31.749 11.046 168.136
3 0 -31.749 11.046 168.136 -32.282 10.659 168.316 -35.813 17.089 171.258
3 0 -34.189 8.615 170.308 -37.718 15.136 173.342 -38.201 15.095 172.861
3 0 -38.201 15.095 172.861 -34.666 8.585 169.820 -34.189 8.615 170.308
3 0 -33.603 8.799 170.607 -37.127 15.324 173.628 -37.718 15.136 173.342
3 0 -37.718 15.136 173.342 -34.189 8.615 170.308 -33.603 8.799 170.607
3 0 -32.998 9.107 170.672 -36.517 15.628 173.675 -37.127 15.324 173.628
3 0 -37.127 15.324 173.628 -33.603 8.799 170.607 -32.998 9.107 170.672
3 0 -32.464 9.495 170.492 -35.982 16.003 173.476 -36.517 15.628 173.675
3 0 -36.517 15.628 173.675 -32.998 9.107 170.672 -32.464 9.495 170.492
3 0 -32.759 10.629 167.828 -36.296 17.047 170.778 -35.813 17.089 171.258
3 0 -35.813 17.089 171.258 -32.282 10.659 168.316 -32.759 10.629 167.828
3 0 -33.345 10.445 167.529 -36.887 16.860 170.492 -36.296 17.047 170.778
3 0 -36.296 17.047 170.778 -32.759 10.629 167.828 -33.345 10.445 167.529
3 0 -33.950 10.136 167.465 -37.496 16.556 170.445 -36.887 16.860 170.492
3 0 -36.887 16.860 170.492 -33.345 10.445 167.529 -33.950 10.136 167.465
3 0 -34.483 9.749 167.644 -38.031 16.181 170.644 -37.496 16.556 170.445
3 0 -37.496 16.556 170.445 -33.950 10.136 167.465 -34.483 9.749 167.644
3 0 -36.389 7.706 169.637 -39.936 14.229 172.728 -40.419 14.187 172.247
3 0 -40.419 14.187 172.247 -36.866 7.675 169.149 -36.389 7.706 169.637
3 0 -35.804 7.889 169.936 -39.345 14.416 173.013 -39.936 14.229 172.728
3 0 -39.936 14.229 172.728 -36.389 7.706 169.637 -35.804 7.889 169.936
3 0 -35.198 8.198 170.000 -38.735 14.720 173.060 -39.345 14.416 173.013
3 0 -39.345 14.416 173.013 -35.804 7.889 169.936 -35.198 8.198 170.000
3 0 -34.666 8.585 169.820 -38.201 15.095 172.861 -38.735 14.720 173.060
3 0 -38.735 14.720 173.060 -35.198 8.198 170.000 -34.666 8.585 169.820
3 0 -34.959 9.719 167.157 -38.514 16.139 170.163 -38.031 16.181 170.644
3 0 -38.031 16.181 170.644 -34.483 9.749 167.644 -34.959 9.719 167.157
3 0 -35.545 9.536 166.858 -39.105 15.952 169.878 -38.514 16.139 170.163
3 0 -38.514 16.139 170.163 -34.959 9.719 167.157 -35.545 9.536 166.858
3 0 -36.151 9.227 166.793 -39.714 15.648 169.831 -39.105 15.952 169.878
3 0 -39.105 15.952 169.878 -35.545 9.536 166.858 -36.151 9.227 166.793
3 0 -36.684 8.840 166.973 -40.249 15.273 170.030 -39.714 15.648 169.831
3 0 -39.714 15.648 169.831 -36.151 9.227 166.793 -36.684 8.840 166.973
3 0 -40.733 15.231 169.549 -40.249 15.273 170.030 -36.684 8.840 166.973
3 0 -36.684 8.840 166.973 -37.161 8.809 166.485 -40.733 15.231 169.549
3 0 -41.324 15.044 169.263 -40.733 15.231 169.549 -37.161 8.809 166.485
3 0 -37.161 8.809 166.485 -37.747 8.626 166.186 -41.324 15.044 169.263
3 0 -41.933 14.740 169.216 -41.324 15.044 169.263 -37.747 8.626 166.186
3 0 -37.747 8.626 166.186 -38.352 8.317 166.122 -41.933 14.740 169.216
3 0 -42.468 14.365 169.415 -41.933 14.740 169.216 -38.352 8.317 166.122
3 0 -38.352 8.317 166.122 -38.885 7.930 166.301 -42.468 14.365 169.415
3 0 -42.847 13.977 169.830 -42.468 14.365 169.415 -38.885 7.930 166.301
3 0 -38.885 7.930 166.301 -39.265 7.523 166.697 -42.847 13.977 169.830
3 0 -43.013 13.634 170.397 -42.847 13.977 169.830 -39.265 7.523 166.697
3 0 -39.265 7.523 166.697 -39.432 7.159 167.250 -43.013 13.634 170.397
3 0 -42.939 13.389 171.030 -43.013 13.634 170.397 -39.432 7.159 167.250
3 0 -39.432 7.159 167.250 -39.363 6.893 167.875 -42.939 13.389 171.030
3 0 -42.638 13.279 171.633 -42.939 13.389 171.030 -39.363 6.893 167.875
3 0 -39.363 6.893 167.875 -39.068 6.765 168.477 -42.638 13.279 171.633
3 0 -42.155 13.320 172.114 -42.638 13.279 171.633 -39.068 6.765 168.477
3 0 -39.068 6.765 168.477 -38.591 6.796 168.965 -42.155 13.320 172.114
3 0 -41.563 13.508 172.399 -42.155 13.320 172.114 -38.591 6.796 168.965
3 0 -38.591 6.796 168.965 -38.005 6.979 169.264 -41.563 13.508 172.399
3 0 -40.954 13.812 172.446 -41.563 13.508 172.399 -38.005 6.979 169.264
3 0 -38.005 6.979 169.264 -37.400 7.288 169.329 -40.954 13.812 172.446
3 0 -40.419 14.187 172.247 -40.954 13.812 172.446 -37.400 7.288 169.329
3 0 -37.400 7.288 169.329 -36.866 7.675 169.149 -40.419 14.187 172.247
3 0 -38.903 22.686 176.762 -39.392 22.635 176.288 -35.982 16.003 173.476
3 0 -35.982 16.003 173.476 -35.499 16.044 173.956 -38.903 22.686 176.762
3 0 -38.306 22.876 177.034 -38.903 22.686 176.762 -35.499 16.044 173.956
3 0 -35.499 16.044 173.956 -34.908 16.232 174.242 -38.306 22.876 177.034
3 0 -37.693 23.174 177.064 -38.306 22.876 177.034 -34.908 16.232 174.242
3 0 -34.908 16.232 174.242 -34.298 16.536 174.289 -37.693 23.174 177.064
3 0 -37.156 23.537 176.847 -37.693 23.174 177.064 -34.298 16.536 174.289
3 0 -34.298 16.536 174.289 -33.763 16.911 174.090 -37.156 23.537 176.847
3 0 -36.778 23.908 176.416 -37.156 23.537 176.847 -33.763 16.911 174.090
3 0 -33.763 16.911 174.090 -33.384 17.299 173.676 -36.778 23.908 176.416
3 0 -36.617 24.231 175.836 -36.778 23.908 176.416 -33.384 17.299 173.676
3 0 -33.384 17.299 173.676 -33.219 17.642 173.109 -36.617 24.231 175.836
3 0 -36.696 24.457 175.197 -36.617 24.231 175.836 -33.219 17.642 173.109
3 0 -33.219 17.642 173.109 -33.293 17.887 172.476 -36.696 24.457 175.197
3 0 -37.003 24.551 174.595 -36.696 24.457 175.197 -33.293 17.887 172.476
3 0 -33.293 17.887 172.476 -33.594 17.997 171.873 -37.003 24.551 174.595
3 0 -37.493 24.500 174.121 -37.003 24.551 174.595 -33.594 17.997 171.873
3 0 -33.594 17.997 171.873 -34.077 17.955 171.392 -37.493 24.500 174.121
3 0 -38.089 24.311 173.849 -37.493 24.500 174.121 -34.077 17.955 171.392
3 0 -34.077 17.955 171.392 -34.668 17.768 171.106 -38.089 24.311 173.849
3 0 -38.703 24.012 173.819 -38.089 24.311 173.849 -34.668 17.768 171.106
3 0 -34.668 17.768 171.106 -35.278 17.464 171.059 -38.703 24.012 173.819
3 0 -39.239 23.650 174.036 -38.703 24.012 173.819 -35.278 17.464 171.059
3 0 -35.278 17.464 171.059 -35.813 17.089 171.258 -39.239 23.650 174.036
3 0 -37.718 15.136 173.342 -41.139 21.785 176.203 -41.629 21.733 175.730
3 0 -41.629 21.733 175.730 -38.201 15.095 172.861 -37.718 15.136 173.342
3 0 -37.127 15.324 173.628 -40.542 21.974 176.475 -41.139 21.785 176.203
3 0 -41.139 21.785 176.203 -37.718 15.136 173.342 -37.127 15.324 173.628
3 0 -36.517 15.628 173.675 -39.929 22.273 176.505 -40.542 21.974 176.475
3 0 -40.542 21.974 176.475 -37.127 15.324 173.628 -36.517 15.628 173.675
3 0 -35.982 16.003 173.476 -39.392 22.635 176.288 -39.929 22.273 176.505
3 0 -39.929 22.273 176.505 -36.517 15.628 173.675 -35.982 16.003 173.476
3 0 -36.296 17.047 170.778 -39.729 23.599 173.563 -39.239 23.650 174.036
3 0 -39.239 23.650 174.036 -35.813 17.089 171.258 -36.296 17.047 170.778
3 0 -36.887 16.860 170.492 -40.326 23.409 173.291 -39.729 23.599 173.563
3 0 -39.729 23.599 173.563 -36.296 17.047 170.778 -36.887 16.860 170.492
3 0 -37.496 16.556 170.445 -40.939 23.111 173.261 -40.326 23.409 173.291
3 0 -40.326 23.409 173.291 -36.887 16.860 170.492 -37.496 16.556 170.445
3 0 -38.031 16.181 170.644 -41.475 22.748 173.478 -40.939 23.111 173.261
3 0 -40.939 23.111 173.261 -37.496 16.556 170.445 -38.031 16.181 170.644
3 0 -39.936 14.229 172.728 -43.375 20.883 175.645 -43.864 20.832 175.171
3 0 -43.864 20.832 175.171 -40.419 14.187 172.247 -39.936 14.229 172.728
3 0 -39.345 14.416 173.013 -42.778 21.073 175.917 -43.375 20.883 175.645
3 0 -43.375 20.883 175.645 -39.936 14.229 172.728 -39.345 14.416 173.013
3 0 -38.735 14.720 173.060 -42.164 21.371 175.947 -42.778 21.073 175.917
3 0 -42.778 21.073 175.917 -39.345 14.416 173.013 -38.735 14.720 173.060
3 0 -38.201 15.095 172.861 -41.629 21.733 175.730 -42.164 21.371 175.947
3 0 -42.164 21.371 175.947 -38.735 14.720 173.060 -38.201 15.095 172.861
3 0 -38.514 16.139 170.163 -41.964 22.697 173.005 -41.475 22.748 173.478
3 0 -41.475 22.748 173.478 -38.031 16.181 170.644 -38.514 16.139 170.163
3 0 -39.105 15.952 169.878 -42.561 22.508 172.732 -41.964 22.697 173.005
3 0 -41.964 22.697 173.005 -38.514 16.139 170.163 -39.105 15.952 169.878
3 0 -39.714 15.648 169.831 -43.174 22.209 172.702 -42.561 22.508 172.732
3 0 -42.561 22.508 172.732 -39.105 15.952 169.878 -39.714 15.648 169.831
3 0 -40.249 15.273 170.030 -43.711 21.847 172.919 -43.174 22.209 172.702
3 0 -43.174 22.209 172.702 -39.714 15.648 169.831 -40.249 15.273 170.030
3 0 -44.200 21.796 172.446 -43.711 21.847 172.919 -40.249 15.273 170.030
3 0 -40.249 15.273 170.030 -40.733 15.231 169.549 -44.200 21.796 172.446
3 0 -44.797 21.606 172.174 -44.200 21.796 172.446 -40.733 15.231 169.549
3 0 -40.733 15.231 169.549 -41.324 15.044 169.263 -44.797 21.606 172.174
3 0 -45.411 21.308 172.144 -44.797 21.606 172.174 -41.324 15.044 169.263
3 0 -41.324 15.044 169.263 -41.933 14.740 169.216 -45.411 21.308 172.144
3 0 -45.947 20.945 172.361 -45.411 21.308 172.144 -41.933 14.740 169.216
3 0 -41.933 14.740 169.216 -42.468 14.365 169.415 -45.947 20.945 172.361
3 0 -46.325 20.574 172.792 -45.947 20.945 172.361 -42.468 14.365 169.415
3 0 -42.468 14.365 169.415 -42.847 13.977 169.830 -46.325 20.574 172.792
3 0 -46.487 20.251 173.371 -46.325 20.574 172.792 -42.847 13.977 169.830
3 0 -42.847 13.977 169.830 -43.013 13.634 170.397 -46.487 20.251 173.371
3 0 -46.408 20.025 174.010 -46.487 20.251 173.371 -43.013 13.634 170.397
3 0 -43.013 13.634 170.397 -42.939 13.389 171.030 -46.408 20.025 174.010
3 0 -46.100 19.931 174.613 -46.408 20.025 174.010 -42.939 13.389 171.030
3 0 -42.939 13.389 171.030 -42.638 13.279 171.633 -46.100 19.931 174.613
3 0 -45.611 19.982 175.086 -46.100 19.931 174.613 -42.638 13.279 171.633
3 0 -42.638 13.279 171.633 -42.155 13.320 172.114 -45.611 19.982 175.086
3 0 -45.014 20.171 175.358 -45.611 19.982 175.086 -42.155 13.320 172.114
3 0 -42.155 13.320 172.114 -41.563 13.508 172.399 -45.014 20.171 175.358
3 0 -44.401 20.470 175.388 -45.014 20.171 175.358 -41.563 13.508 172.399
3 0 -41.563 13.508 172.399 -40.954 13.812 172.446 -44.401 20.470 175.388
3 0 -43.864 20.832 175.171 -44.401 20.470 175.388 -40.954 13.812 172.446
3 0 -40.954 13.812 172.446 -40.419 14.187 172.247 -43.864 20.832 175.171
3 0 -42.194 29.441 179.408 -42.690 29.382 178.943 -39.392 22.635 176.288
3 0 -39.392 22.635 176.288 -38.903 22.686 176.762 -42.194 29.441 179.408
3 0 -41.591 29.631 179.667 -42.194 29.441 179.408 -38.903 22.686 176.762
3 0 -38.903 22.686 176.762 -38.306 22.876 177.034 -41.591 29.631 179.667
3 0 -40.974 29.923 179.681 -41.591 29.631 179.667 -38.306 22.876 177.034
3 0 -38.306 22.876 177.034 -37.693 23.174 177.064 -40.974 29.923 179.681
3 0 -40.437 30.273 179.446 -40.974 29.923 179.681 -37.693 23.174 177.064
3 0 -37.693 23.174 177.064 -37.156 23.537 176.847 -40.437 30.273 179.446
3 0 -40.060 30.627 179.000 -40.437 30.273 179.446 -37.156 23.537 176.847
3 0 -37.156 23.537 176.847 -36.778 23.908 176.416 -40.060 30.627 179.000
3 0 -39.903 30.932 178.410 -40.060 30.627 179.000 -36.778 23.908 176.416
3 0 -36.778 23.908 176.416 -36.617 24.231 175.836 -39.903 30.932 178.410
3 0 -39.987 31.141 177.765 -39.903 30.932 178.410 -36.617 24.231 175.836
3 0 -36.617 24.231 175.836 -36.696 24.457 175.197 -39.987 31.141 177.765
3 0 -40.302 31.222 177.164 -39.987 31.141 177.765 -36.696 24.457 175.197
3 0 -36.696 24.457 175.197 -37.003 24.551 174.595 -40.302 31.222 177.164
3 0 -40.798 31.163 176.699 -40.302 31.222 177.164 -37.003 24.551 174.595
3 0 -37.003 24.551 174.595 -37.493 24.500 174.121 -40.798 31.163 176.699
3 0 -41.401 30.973 176.440 -40.798 31.163 176.699 -37.493 24.500 174.121
3 0 -37.493 24.500 174.121 -38.089 24.311 173.849 -41.401 30.973 176.440
3 0 -42.018 30.680 176.427 -41.401 30.973 176.440 -38.089 24.311 173.849
3 0 -38.089 24.311 173.849 -38.703 24.012 173.819 -42.018 30.680 176.427
3 0 -42.555 30.331 176.661 -42.018 30.680 176.427 -38.703 24.012 173.819
3 0 -38.703 24.012 173.819 -39.239 23.650 174.036 -42.555 30.331 176.661
3 0 -41.139 21.785 176.203 -44.447 28.550 178.905 -44.944 28.491 178.440
3 0 -44.944 28.491 178.440 -41.629 21.733 175.730 -41.139 21.785 176.203
3 0 -40.542 21.974 176.475 -43.845 28.740 179.164 -44.447 28.550 178.905
3 0 -44.447 28.550 178.905 -41.139 21.785 176.203 -40.542 21.974 176.475
3 0 -39.929 22.273 176.505 -43.228 29.033 179.177 -43.845 28.740 179.164
3 0 -43.845 28.740 179.164 -40.542 21.974 176.475 -39.929 22.273 176.505
3 0 -39.392 22.635 176.288 -42.690 29.382 178.943 -43.228 29.033 179.177
3 0 -43.228 29.033 179.177 -39.929 22.273 176.505 -39.392 22.635 176.288
3 0 -39.729 23.599 173.563 -43.052 30.272 176.196 -42.555 30.331 176.661
3 0 -42.555 30.331 176.661 -39.239 23.650 174.036 -39.729 23.599 173.563
3 0 -40.326 23.409 173.291 -43.654 30.082 175.937 -43.052 30.272 176.196
3 0 -43.052 30.272 176.196 -39.729 23.599 173.563 -40.326 23.409 173.291
3 0 -40.939 23.111 173.261 -44.271 29.790 175.923 -43.654 30.082 175.937
3 0 -43.654 30.082 175.937 -40.326 23.409 173.291 -40.939 23.111 173.261
3 0 -41.475 22.748 173.478 -44.809 29.440 176.158 -44.271 29.790 175.923
3 0 -44.271 29.790 175.923 -40.939 23.111 173.261 -41.475 22.748 173.478
3 0 -43.375 20.883 175.645 -46.700 27.660 178.402 -47.196 27.601 177.937
3 0 -47.196 27.601 177.937 -43.864 20.832 175.171 -43.375 20.883 175.645
3 0 -42.778 21.073 175.917 -46.097 27.850 178.661 -46.700 27.660 178.402
3 0 -46.700 27.660 178.402 -43.375 20.883 175.645 -42.778 21.073 175.917
3 0 -42.164 21.371 175.947 -45.480 28.142 178.674 -46.097 27.850 178.661
3 0 -46.097 27.850 178.661 -42.778 21.073 175.917 -42.164 21.371 175.947
3 0 -41.629 21.733 175.730 -44.944 28.491 178.440 -45.480 28.142 178.674
3 0 -45.480 28.142 178.674 -42.164 21.371 175.947 -41.629 21.733 175.730
3 0 -41.964 22.697 173.005 -45.304 29.381 175.693 -44.809 29.440 176.158
3 0 -44.809 29.440 176.158 -41.475 22.748 173.478 -41.964 22.697 173.005
3 0 -42.561 22.508 172.732 -45.907 29.191 175.434 -45.304 29.381 175.693
3 0 -45.304 29.381 175.693 -41.964 22.697 173.005 -42.561 22.508 172.732
3 0 -43.174 22.209 172.702 -46.524 28.899 175.420 -45.907 29.191 175.434
3 0 -45.907 29.191 175.434 -42.561 22.508 172.732 -43.174 22.209 172.702
3 0 -43.711 21.847 172.919 -47.062 28.549 175.655 -46.524 28.899 175.420
3 0 -46.524 28.899 175.420 -43.174 22.209 172.702 -43.711 21.847 172.919
3 0 -47.558 28.490 175.189 -47.062 28.549 175.655 -43.711 21.847 172.919
3 0 -43.711 21.847 172.919 -44.200 21.796 172.446 -47.558 28.490 175.189
3 0 -48.161 28.300 174.930 -47.558 28.490 175.189 -44.200 21.796 172.446
3 0 -44.200 21.796 172.446 -44.797 21.606 172.174 -48.161 28.300 174.930
3 0 -48.778 28.008 174.917 -48.161 28.300 174.930 -44.797 21.606 172.174
3 0 -44.797 21.606 172.174 -45.411 21.308 172.144 -48.778 28.008 174.917
3 0 -49.315 27.659 175.151 -48.778 28.008 174.917 -45.411 21.308 172.144
3 0 -45.411 21.308 172.144 -45.947 20.945 172.361 -49.315 27.659 175.151
3 0 -49.691 27.304 175.598 -49.315 27.659 175.151 -45.947 20.945 172.361
3 0 -45.947 20.945 172.361 -46.325 20.574 172.792 -49.691 27.304 175.598
3 0 -49.849 27.000 176.188 -49.691 27.304 175.598 -46.325 20.574 172.792
3 0 -46.325 20.574 172.792 -46.487 20.251 173.371 -49.849 27.000 176.188
3 0 -49.764 26.791 176.833 -49.849 27.000 176.188 -46.487 20.251 173.371
3 0 -46.487 20.251 173.371 -46.408 20.025 174.010 -49.764 26.791 176.833
3 0 -49.450 26.710 177.433 -49.764 26.791 176.833 -46.408 20.025 174.010
3 0 -46.408 20.025 174.010 -46.100 19.931 174.613 -49.450 26.710 177.433
3 0 -48.954 26.769 177.899 -49.450 26.710 177.433 -46.100 19.931 174.613
3 0 -46.100 19.931 174.613 -45.611 19.982 175.086 -48.954 26.769 177.899
3 0 -48.351 26.959 178.157 -48.954 26.769 177.899 -45.611 19.982 175.086
3 0 -45.611 19.982 175.086 -45.014 20.171 175.358 -48.351 26.959 178.157
3 0 -47.734 27.251 178.171 -48.351 26.959 178.157 -45.014 20.171 175.358
3 0 -45.014 20.171 175.358 -44.401 20.470 175.388 -47.734 27.251 178.171
3 0 -47.196 27.601 177.937 -47.734 27.251 178.171 -44.401 20.470 175.388
3 0 -44.401 20.470 175.388 -43.864 20.832 175.171 -47.196 27.601 177.937
3 0 -45.369 36.298 181.913 -45.872 36.233 181.456 -42.690 29.382 178.943
3 0 -42.690 29.382 178.943 -42.194 29.441 179.408 -45.369 36.298 181.913
3 0 -44.760 36.487 182.159 -45.369 36.298 181.913 -42.194 29.441 179.408
3 0 -42.194 29.441 179.408 -41.591 29.631 179.667 -44.760 36.487 182.159
3 0 -44.140 36.772 182.156 -44.760 36.487 182.159 -41.591 29.631 179.667
3 0 -41.591 29.631 179.667 -40.974 29.923 179.681 -44.140 36.772 182.156
3 0 -43.601 37.109 181.905 -44.140 36.772 182.156 -40.974 29.923 179.681
3 0 -40.974 29.923 179.681 -40.437 30.273 179.446 -43.601 37.109 181.905
3 0 -43.227 37.446 181.445 -43.601 37.109 181.905 -40.437 30.273 179.446
3 0 -40.437 30.273 179.446 -40.060 30.627 179.000 -43.227 37.446 181.445
3 0 -43.074 37.733 180.844 -43.227 37.446 181.445 -40.060 30.627 179.000
3 0 -40.060 30.627 179.000 -39.903 30.932 178.410 -43.074 37.733 180.844
3 0 -43.165 37.926 180.196 -43.074 37.733 180.844 -39.903 30.932 178.410
3 0 -39.903 30.932 178.410 -39.987 31.141 177.765 -43.165 37.926 180.196
3 0 -43.487 37.995 179.598 -43.165 37.926 180.196 -39.987 31.141 177.765
3 0 -39.987 31.141 177.765 -40.302 31.222 177.164 -43.487 37.995 179.598
3 0 -43.990 37.930 179.141 -43.487 37.995 179.598 -40.302 31.222 177.164
3 0 -40.302 31.222 177.164 -40.798 31.163 176.699 -43.990 37.930 179.141
3 0 -44.598 37.741 178.895 -43.990 37.930 179.141 -40.798 31.163 176.699
3 0 -40.798 31.163 176.699 -41.401 30.973 176.440 -44.598 37.741 178.895
3 0 -45.219 37.456 178.898 -44.598 37.741 178.895 -41.401 30.973 176.440
3 0 -41.401 30.973 176.440 -42.018 30.680 176.427 -45.219 37.456 178.898
3 0 -45.757 37.120 179.148 -45.219 37.456 178.898 -42.018 30.680 176.427
3 0 -42.018 30.680 176.427 -42.555 30.331 176.661 -45.757 37.120 179.148
3 0 -44.447 28.550 178.905 -47.639 35.422 181.464 -48.143 35.357 181.007
3 0 -48.143 35.357 181.007 -44.944 28.491 178.440 -44.447 28.550 178.905
3 0 -43.845 28.740 179.164 -47.031 35.612 181.710 -47.639 35.422 181.464
3 0 -47.639 35.422 181.464 -44.447 28.550 178.905 -43.845 28.740 179.164
3 0 -43.228 29.033 179.177 -46.411 35.896 181.707 -47.031 35.612 181.710
3 0 -47.031 35.612 181.710 -43.845 28.740 179.164 -43.228 29.033 179.177
3 0 -42.690 29.382 178.943 -45.872 36.233 181.456 -46.411 35.896 181.707
3 0 -46.411 35.896 181.707 -43.228 29.033 179.177 -42.690 29.382 178.943
3 0 -43.052 30.272 176.196 -46.261 37.054 178.692 -45.757 37.120 179.148
3 0 -45.757 37.120 179.148 -42.555 30.331 176.661 -43.052 30.272 176.196
3 0 -43.654 30.082 175.937 -46.869 36.865 178.446 -46.261 37.054 178.692
3 0 -46.261 37.054 178.692 -43.052 30.272 176.196 -43.654 30.082 175.937
3 0 -44.271 29.790 175.923 -47.490 36.580 178.449 -46.869 36.865 178.446
3 0 -46.869 36.865 178.446 -43.654 30.082 175.937 -44.271 29.790 175.923
3 0 -44.809 29.440 176.158 -48.028 36.244 178.699 -47.490 36.580 178.449
3 0 -47.490 36.580 178.449 -44.271 29.790 175.923 -44.809 29.440 176.158
3 0 -46.700 27.660 178.402 -49.909 34.547 181.015 -50.413 34.482 180.558
3 0 -50.413 34.482 180.558 -47.196 27.601 177.937 -46.700 27.660 178.402
3 0 -46.097 27.850 178.661 -49.301 34.736 181.261 -49.909 34.547 181.015
3 0 -49.909 34.547 181.015 -46.700 27.660 178.402 -46.097 27.850 178.661
3 0 -45.480 28.142 178.674 -48.680 35.021 181.258 -49.301 34.736 181.261
3 0 -49.301 34.736 181.261 -46.097 27.850 178.661 -45.480 28.142 178.674
3 0 -44.944 28.491 178.440 -48.143 35.357 181.007 -48.680 35.021 181.258
3 0 -48.680 35.021 181.258 -45.480 28.142 178.674 -44.944 28.491 178.440
3 0 -45.304 29.381 175.693 -48.531 36.179 178.243 -48.028 36.244 178.699
3 0 -48.028 36.244 178.699 -44.809 29.440 176.158 -45.304 29.381 175.693
3 0 -45.907 29.191 175.434 -49.139 35.990 177.997 -48.531 36.179 178.243
3 0 -48.531 36.179 178.243 -45.304 29.381 175.693 -45.907 29.191 175.434
3 0 -46.524 28.899 175.420 -49.760 35.705 178.000 -49.139 35.990 177.997
3 0 -49.139 35.990 177.997 -45.907 29.191 175.434 -46.524 28.899 175.420
3 0 -47.062 28.549 175.655 -50.298 35.368 178.250 -49.760 35.705 178.000
3 0 -49.760 35.705 178.000 -46.524 28.899 175.420 -47.062 28.549 175.655
3 0 -50.802 35.303 177.794 -50.298 35.368 178.250 -47.062 28.549 175.655
3 0 -47.062 28.549 175.655 -47.558 28.490 175.189 -50.802 35.303 177.794
3 0 -51.410 35.114 177.548 -50.802 35.303 177.794 -47.558 28.490 175.189
3 0 -47.558 28.490 175.189 -48.161 28.300 174.930 -51.410 35.114 177.548
3 0 -52.031 34.829 177.550 -51.410 35.114 177.548 -48.161 28.300 174.930
3 0 -48.161 28.300 174.930 -48.778 28.008 174.917 -52.031 34.829 177.550
3 0 -52.569 34.492 177.801 -52.031 34.829 177.550 -48.778 28.008 174.917
3 0 -48.778 28.008 174.917 -49.315 27.659 175.151 -52.569 34.492 177.801
3 0 -52.943 34.155 178.262 -52.569 34.492 177.801 -49.315 27.659 175.151
3 0 -49.315 27.659 175.151 -49.691 27.304 175.598 -52.943 34.155 178.262
3 0 -53.097 33.868 178.862 -52.943 34.155 178.262 -49.691 27.304 175.598
3 0 -49.691 27.304 175.598 -49.849 27.000 176.188 -53.097 33.868 178.862
3 0 -53.005 33.675 179.511 -53.097 33.868 178.862 -49.849 27.000 176.188
3 0 -49.849 27.000 176.188 -49.764 26.791 176.833 -53.005 33.675 179.511
3 0 -52.684 33.606 180.109 -53.005 33.675 179.511 -49.764 26.791 176.833
3 0 -49.764 26.791 176.833 -49.450 26.710 177.433 -52.684 33.606 180.109
3 0 -52.180 33.671 180.566 -52.684 33.606 180.109 -49.450 26.710 177.433
3 0 -49.450 26.710 177.433 -48.954 26.769 177.899 -52.180 33.671 180.566
3 0 -51.572 33.860 180.811 -52.180 33.671 180.566 -48.954 26.769 177.899
3 0 -48.954 26.769 177.899 -48.351 26.959 178.157 -51.572 33.860 180.811
3 0 -50.951 34.145 180.809 -51.572 33.860 180.811 -48.351 26.959 178.157
3 0 -48.351 26.959 178.157 -47.734 27.251 178.171 -50.951 34.145 180.809
3 0 -50.413 34.482 180.558 -50.951 34.145 180.809 -47.734 27.251 178.171
3 0 -47.734 27.251 178.171 -47.196 27.601 177.937 -50.413 34.482 180.558
3 0 -48.422 43.250 184.286 -48.932 43.180 183.838 -45.872 36.233 181.456
3 0 -45.872 36.233 181.456 -45.369 36.298 181.913 -48.422 43.250 184.286
3 0 -47.808 43.437 184.518 -48.422 43.250 184.286 -45.369 36.298 181.913
3 0 -45.369 36.298 181.913 -44.760 36.487 182.159 -47.808 43.437 184.518
3 0 -47.184 43.713 184.500 -47.808 43.437 184.518 -44.760 36.487 182.159
3 0 -44.760 36.487 182.159 -44.140 36.772 182.156 -47.184 43.713 184.500
3 0 -46.644 44.036 184.234 -47.184 43.713 184.500 -44.140 36.772 182.156
3 0 -44.140 36.772 182.156 -43.601 37.109 181.905 -46.644 44.036 184.234
3 0 -46.272 44.358 183.760 -46.644 44.036 184.234 -43.601 37.109 181.905
3 0 -43.601 37.109 181.905 -43.227 37.446 181.445 -46.272 44.358 183.760
3 0 -46.124 44.628 183.151 -46.272 44.358 183.760 -43.227 37.446 181.445
3 0 -43.227 37.446 181.445 -43.074 37.733 180.844 -46.124 44.628 183.151
3 0 -46.221 44.806 182.499 -46.124 44.628 183.151 -43.074 37.733 180.844
3 0 -43.074 37.733 180.844 -43.165 37.926 180.196 -46.221 44.806 182.499
3 0 -46.550 44.864 181.904 -46.221 44.806 182.499 -43.165 37.926 180.196
3 0 -43.165 37.926 180.196 -43.487 37.995 179.598 -46.550 44.864 181.904
3 0 -47.061 44.795 181.456 -46.550 44.864 181.904 -43.487 37.995 179.598
3 0 -43.487 37.995 179.598 -43.990 37.930 179.141 -47.061 44.795 181.456
3 0 -47.675 44.608 181.223 -47.061 44.795 181.456 -43.990 37.930 179.141
3 0 -43.990 37.930 179.141 -44.598 37.741 178.895 -47.675 44.608 181.223
3 0 -48.299 44.332 181.241 -47.675 44.608 181.223 -44.598 37.741 178.895
3 0 -44.598 37.741 178.895 -45.219 37.456 178.898 -48.299 44.332 181.241
3 0 -48.838 44.008 181.507 -48.299 44.332 181.241 -45.219 37.456 178.898
3 0 -45.219 37.456 178.898 -45.757 37.120 179.148 -48.838 44.008 181.507
3 0 -47.639 35.422 181.464 -50.710 42.394 183.889 -51.220 42.324 183.441
3 0 -51.220 42.324 183.441 -48.143 35.357 181.007 -47.639 35.422 181.464
3 0 -47.031 35.612 181.710 -50.096 42.581 184.122 -50.710 42.394 183.889
3 0 -50.710 42.394 183.889 -47.639 35.422 181.464 -47.031 35.612 181.710
3 0 -46.411 35.896 181.707 -49.472 42.857 184.104 -50.096 42.581 184.122
3 0 -50.096 42.581 184.122 -47.031 35.612 181.710 -46.411 35.896 181.707
3 0 -45.872 36.233 181.456 -48.932 43.180 183.838 -49.472 42.857 184.104
3 0 -49.472 42.857 184.104 -46.411 35.896 181.707 -45.872 36.233 181.456
3 0 -46.261 37.054 178.692 -49.349 43.939 181.059 -48.838 44.008 181.507
3 0 -48.838 44.008 181.507 -45.757 37.120 179.148 -46.261 37.054 178.692
3 0 -46.869 36.865 178.446 -49.963 43.752 180.826 -49.349 43.939 181.059
3 0 -49.349 43.939 181.059 -46.261 37.054 178.692 -46.869 36.865 178.446
3 0 -47.490 36.580 178.449 -50.587 43.476 180.845 -49.963 43.752 180.826
3 0 -49.963 43.752 180.826 -46.869 36.865 178.446 -47.490 36.580 178.449
3 0 -48.028 36.244 178.699 -51.126 43.152 181.111 -50.587 43.476 180.845
3 0 -50.587 43.476 180.845 -47.490 36.580 178.449 -48.028 36.244 178.699
3 0 -49.909 34.547 181.015 -52.997 41.538 183.493 -53.508 41.468 183.045
3 0 -53.508 41.468 183.045 -50.413 34.482 180.558 -49.909 34.547 181.015
3 0 -49.301 34.736 181.261 -52.383 41.725 183.726 -52.997 41.538 183.493
3 0 -52.997 41.538 183.493 -49.909 34.547 181.015 -49.301 34.736 181.261
3 0 -48.680 35.021 181.258 -51.759 42.001 183.707 -52.383 41.725 183.726
3 0 -52.383 41.725 183.726 -49.301 34.736 181.261 -48.680 35.021 181.258
3 0 -48.143 35.357 181.007 -51.220 42.324 183.441 -51.759 42.001 183.707
3 0 -51.759 42.001 183.707 -48.680 35.021 181.258 -48.143 35.357 181.007
3 0 -48.531 36.179 178.243 -51.636 43.083 180.663 -51.126 43.152 181.111
3 0 -51.126 43.152 181.111 -48.028 36.244 178.699 -48.531 36.179 178.243
3 0 -49.139 35.990 177.997 -52.250 42.896 180.430 -51.636 43.083 180.663
3 0 -51.636 43.083 180.663 -48.531 36.179 178.243 -49.139 35.990 177.997
3 0 -49.760 35.705 178.000 -52.874 42.620 180.448 -52.250 42.896 180.430
3 0 -52.250 42.896 180.430 -49.139 35.990 177.997 -49.760 35.705 178.000
3 0 -50.298 35.368 178.250 -53.414 42.296 180.714 -52.874 42.620 180.448
3 0 -52.874 42.620 180.448 -49.760 35.705 178.000 -50.298 35.368 178.250
3 0 -53.924 42.227 180.266 -53.414 42.296 180.714 -50.298 35.368 178.250
3 0 -50.298 35.368 178.250 -50.802 35.303 177.794 -53.924 42.227 180.266
3 0 -54.538 42.040 180.034 -53.924 42.227 180.266 -50.802 35.303 177.794
3 0 -50.802 35.303 177.794 -51.410 35.114 177.548 -54.538 42.040 180.034
3 0 -55.162 41.764 180.052 -54.538 42.040 180.034 -51.410 35.114 177.548
3 0 -51.410 35.114 177.548 -52.031 34.829 177.550 -55.162 41.764 180.052
3 0 -55.702 41.440 180.318 -55.162 41.764 180.052 -52.031 34.829 177.550
3 0 -52.031 34.829 177.550 -52.569 34.492 177.801 -55.702 41.440 180.318
3 0 -56.074 41.119 180.792 -55.702 41.440 180.318 -52.569 34.492 177.801
3 0 -52.569 34.492 177.801 -52.943 34.155 178.262 -56.074 41.119 180.792
3 0 -56.223 40.849 181.401 -56.074 41.119 180.792 -52.943 34.155 178.262
3 0 -52.943 34.155 178.262 -53.097 33.868 178.862 -56.223 40.849 181.401
3 0 -56.125 40.671 182.053 -56.223 40.849 181.401 -53.097 33.868 178.862
3 0 -53.097 33.868 178.862 -53.005 33.675 179.511 -56.125 40.671 182.053
3 0 -55.796 40.612 182.648 -56.125 40.671 182.053 -53.005 33.675 179.511
3 0 -53.005 33.675 179.511 -52.684 33.606 180.109 -55.796 40.612 182.648
3 0 -55.285 40.682 183.096 -55.796 40.612 182.648 -52.684 33.606 180.109
3 0 -52.684 33.606 180.109 -52.180 33.671 180.566 -55.285 40.682 183.096
3 0 -54.671 40.869 183.329 -55.285 40.682 183.096 -52.180 33.671 180.566
3 0 -52.180 33.671 180.566 -51.572 33.860 180.811 -54.671 40.869 183.329
3 0 -54.047 41.145 183.311 -54.671 40.869 183.329 -51.572 33.860 180.811
3 0 -51.572 33.860 180.811 -50.951 34.145 180.809 -54.047 41.145 183.311
3 0 -53.508 41.468 183.045 -54.047 41.145 183.311 -50.951 34.145 180.809
3 0 -50.951 34.145 180.809 -50.413 34.482 180.558 -53.508 41.468 183.045
3 0 -51.347 50.291 186.535 -51.865 50.218 186.095 -48.932 43.180 183.838
3 0 -48.932 43.180 183.838 -48.422 43.250 184.286 -51.347 50.291 186.535
3 0 -50.727 50.474 186.755 -51.347 50.291 186.535 -48.422 43.250 184.286
3 0 -48.422 43.250 184.286 -47.808 43.437 184.518 -50.727 50.474 186.755
3 0 -50.100 50.740 186.723 -50.727 50.474 186.755 -47.808 43.437 184.518
3 0 -47.808 43.437 184.518 -47.184 43.713 184.500 -50.100 50.740 186.723
3 0 -49.559 51.050 186.442 -50.100 50.740 186.723 -47.184 43.713 184.500
3 0 -47.184 43.713 184.500 -46.644 44.036 184.234 -49.559 51.050 186.442
3 0 -49.189 51.354 185.956 -49.559 51.050 186.442 -46.644 44.036 184.234
3 0 -46.644 44.036 184.234 -46.272 44.358 183.760 -49.189 51.354 185.956
3 0 -49.045 51.608 185.339 -49.189 51.354 185.956 -46.272 44.358 183.760
3 0 -46.272 44.358 183.760 -46.124 44.628 183.151 -49.045 51.608 185.339
3 0 -49.149 51.773 184.684 -49.045 51.608 185.339 -46.124 44.628 183.151
3 0 -46.124 44.628 183.151 -46.221 44.806 182.499 -49.149 51.773 184.684
3 0 -49.485 51.823 184.092 -49.149 51.773 184.684 -46.221 44.806 182.499
3 0 -46.221 44.806 182.499 -46.550 44.864 181.904 -49.485 51.823 184.092
3 0 -50.002 51.750 183.653 -49.485 51.823 184.092 -46.550 44.864 181.904
3 0 -46.550 44.864 181.904 -47.061 44.795 181.456 -50.002 51.750 183.653
3 0 -50.622 51.567 183.432 -50.002 51.750 183.653 -47.061 44.795 181.456
3 0 -47.061 44.795 181.456 -47.675 44.608 181.223 -50.622 51.567 183.432
3 0 -51.250 51.301 183.465 -50.622 51.567 183.432 -47.675 44.608 181.223
3 0 -47.675 44.608 181.223 -48.299 44.332 181.241 -51.250 51.301 183.465
3 0 -51.790 50.992 183.746 -51.250 51.301 183.465 -48.299 44.332 181.241
3 0 -48.299 44.332 181.241 -48.838 44.008 181.507 -51.790 50.992 183.746
3 0 -50.710 42.394 183.889 -53.653 49.459 186.189 -54.170 49.387 185.749
3 0 -54.170 49.387 185.749 -51.220 42.324 183.441 -50.710 42.394 183.889
3 0 -50.096 42.581 184.122 -53.033 49.643 186.409 -53.653 49.459 186.189
3 0 -53.653 49.459 186.189 -50.710 42.394 183.889 -50.096 42.581 184.122
3 0 -49.472 42.857 184.104 -52.405 49.909 186.376 -53.033 49.643 186.409
3 0 -53.033 49.643 186.409 -50.096 42.581 184.122 -49.472 42.857 184.104
3 0 -48.932 43.180 183.838 -51.865 50.218 186.095 -52.405 49.909 186.376
3 0 -52.405 49.909 186.376 -49.472 42.857 184.104 -48.932 43.180 183.838
3 0 -49.349 43.939 181.059 -52.308 50.919 183.306 -51.790 50.992 183.746
3 0 -51.790 50.992 183.746 -48.838 44.008 181.507 -49.349 43.939 181.059
3 0 -49.963 43.752 180.826 -52.927 50.736 183.086 -52.308 50.919 183.306
3 0 -52.308 50.919 183.306 -49.349 43.939 181.059 -49.963 43.752 180.826
3 0 -50.587 43.476 180.845 -53.555 50.470 183.118 -52.927 50.736 183.086
3 0 -52.927 50.736 183.086 -49.963 43.752 180.826 -50.587 43.476 180.845
3 0 -51.126 43.152 181.111 -54.095 50.160 183.399 -53.555 50.470 183.118
3 0 -53.555 50.470 183.118 -50.587 43.476 180.845 -51.126 43.152 181.111
3 0 -52.997 41.538 183.493 -55.957 48.629 185.842 -56.474 48.557 185.402
3 0 -56.474 48.557 185.402 -53.508 41.468 183.045 -52.997 41.538 183.493
3 0 -52.383 41.725 183.726 -55.337 48.812 186.062 -55.957 48.629 185.842
3 0 -55.957 48.629 185.842 -52.997 41.538 183.493 -52.383 41.725 183.726
3 0 -51.759 42.001 183.707 -54.709 49.078 186.030 -55.337 48.812 186.062
3 0 -55.337 48.812 186.062 -52.383 41.725 183.726 -51.759 42.001 183.707
3 0 -51.220 42.324 183.441 -54.170 49.387 185.749 -54.709 49.078 186.030
3 0 -54.709 49.078 186.030 -51.759 42.001 183.707 -51.220 42.324 183.441
3 0 -51.636 43.083 180.663 -54.612 50.089 182.960 -54.095 50.160 183.399
3 0 -54.095 50.160 183.399 -51.126 43.152 181.111 -51.636 43.083 180.663
3 0 -52.250 42.896 180.430 -55.232 49.905 182.739 -54.612 50.089 182.960
3 0 -54.612 50.089 182.960 -51.636 43.083 180.663 -52.250 42.896 180.430
3 0 -52.874 42.620 180.448 -55.860 49.639 182.772 -55.232 49.905 182.739
3 0 -55.232 49.905 182.739 -52.250 42.896 180.430 -52.874 42.620 180.448
3 0 -53.414 42.296 180.714 -56.400 49.330 183.053 -55.860 49.639 182.772
3 0 -55.860 49.639 182.772 -52.874 42.620 180.448 -53.414 42.296 180.714
3 0 -56.917 49.257 182.613 -56.400 49.330 183.053 -53.414 42.296 180.714
3 0 -53.414 42.296 180.714 -53.924 42.227 180.266 -56.917 49.257 182.613
3 0 -57.537 49.074 182.393 -56.917 49.257 182.613 -53.924 42.227 180.266
3 0 -53.924 42.227 180.266 -54.538 42.040 180.034 -57.537 49.074 182.393
3 0 -58.165 48.808 182.425 -57.537 49.074 182.393 -54.538 42.040 180.034
3 0 -54.538 42.040 180.034 -55.162 41.764 180.052 -58.165 48.808 182.425
3 0 -58.705 48.498 182.706 -58.165 48.808 182.425 -55.162 41.764 180.052
3 0 -55.162 41.764 180.052 -55.702 41.440 180.318 -58.705 48.498 182.706
3 0 -59.076 48.194 183.192 -58.705 48.498 182.706 -55.702 41.440 180.318
3 0 -55.702 41.440 180.318 -56.074 41.119 180.792 -59.076 48.194 183.192
3 0 -59.220 47.940 183.809 -59.076 48.194 183.192 -56.074 41.119 180.792
3 0 -56.074 41.119 180.792 -56.223 40.849 181.401 -59.220 47.940 183.809
3 0 -59.116 47.775 184.464 -59.220 47.940 183.809 -56.223 40.849 181.401
3 0 -56.223 40.849 181.401 -56.125 40.671 182.053 -59.116 47.775 184.464
3 0 -58.780 47.725 185.056 -59.116 47.775 184.464 -56.125 40.671 182.053
3 0 -56.125 40.671 182.053 -55.796 40.612 182.648 -58.780 47.725 185.056
3 0 -58.262 47.798 185.496 -58.780 47.725 185.056 -55.796 40.612 182.648
3 0 -55.796 40.612 182.648 -55.285 40.682 183.096 -58.262 47.798 185.496
3 0 -57.643 47.981 185.716 -58.262 47.798 185.496 -55.285 40.682 183.096
3 0 -55.285 40.682 183.096 -54.671 40.869 183.329 -57.643 47.981 185.716
3 0 -57.015 48.247 185.683 -57.643 47.981 185.716 -54.671 40.869 183.329
3 0 -54.671 40.869 183.329 -54.047 41.145 183.311 -57.015 48.247 185.683
3 0 -56.474 48.557 185.402 -57.015 48.247 185.683 -54.047 41.145 183.311
3 0 -54.047 41.145 183.311 -53.508 41.468 183.045 -56.474 48.557 185.402
3 0 -54.136 57.417 188.667 -54.660 57.344 188.236 -51.865 50.218 186.095
3 0 -51.865 50.218 186.095 -51.347 50.291 186.535 -54.136 57.417 188.667
3 0 -53.510 57.594 188.876 -54.136 57.417 188.667 -51.347 50.291 186.535
3 0 -51.347 50.291 186.535 -50.727 50.474 186.755 -53.510 57.594 188.876
3 0 -52.879 57.850 188.829 -53.510 57.594 188.876 -50.727 50.474 186.755
3 0 -50.727 50.474 186.755 -50.100 50.740 186.723 -52.879 57.850 188.829
3 0 -52.337 58.144 188.535 -52.879 57.850 188.829 -50.100 50.740 186.723
3 0 -50.100 50.740 186.723 -49.559 51.050 186.442 -52.337 58.144 188.535
3 0 -51.968 58.432 188.039 -52.337 58.144 188.535 -49.559 51.050 186.442
3 0 -49.559 51.050 186.442 -49.189 51.354 185.956 -51.968 58.432 188.039
3 0 -51.828 58.670 187.414 -51.968 58.432 188.039 -49.189 51.354 185.956
3 0 -49.189 51.354 185.956 -49.045 51.608 185.339 -51.828 58.670 187.414
3 0 -51.937 58.822 186.758 -51.828 58.670 187.414 -49.045 51.608 185.339
3 0 -49.045 51.608 185.339 -49.149 51.773 184.684 -51.937 58.822 186.758
3 0 -52.280 58.865 186.169 -51.937 58.822 186.758 -49.149 51.773 184.684
3 0 -49.149 51.773 184.684 -49.485 51.823 184.092 -52.280 58.865 186.169
3 0 -52.804 58.792 185.737 -52.280 58.865 186.169 -49.485 51.823 184.092
3 0 -49.485 51.823 184.092 -50.002 51.750 183.653 -52.804 58.792 185.737
3 0 -53.429 58.614 185.529 -52.804 58.792 185.737 -50.002 51.750 183.653
3 0 -50.002 51.750 183.653 -50.622 51.567 183.432 -53.429 58.614 185.529
3 0 -54.061 58.359 185.575 -53.429 58.614 185.529 -50.622 51.567 183.432
3 0 -50.622 51.567 183.432 -51.250 51.301 183.465 -54.061 58.359 185.575
3 0 -54.603 58.065 185.869 -54.061 58.359 185.575 -51.250 51.301 183.465
3 0 -51.250 51.301 183.465 -51.790 50.992 183.746 -54.603 58.065 185.869
3 0 -53.653 49.459 186.189 -56.458 56.616 188.367 -56.982 56.543 187.936
3 0 -56.982 56.543 187.936 -54.170 49.387 185.749 -53.653 49.459 186.189
3 0 -53.033 49.643 186.409 -55.833 56.794 188.576 -56.458 56.616 188.367
3 0 -56.458 56.616 188.367 -53.653 49.459 186.189 -53.033 49.643 186.409
3 0 -52.405 49.909 186.376 -55.201 57.049 188.530 -55.833 56.794 188.576
3 0 -55.833 56.794 188.576 -53.033 49.643 186.409 -52.405 49.909 186.376
3 0 -51.865 50.218 186.095 -54.660 57.344 188.236 -55.201 57.049 188.530
3 0 -55.201 57.049 188.530 -52.405 49.909 186.376 -51.865 50.218 186.095
3 0 -52.308 50.919 183.306 -55.127 57.991 185.437 -54.603 58.065 185.869
3 0 -54.603 58.065 185.869 -51.790 50.992 183.746 -52.308 50.919 183.306
3 0 -52.927 50.736 183.086 -55.752 57.814 185.229 -55.127 57.991 185.437
3 0 -55.127 57.991 185.437 -52.308 50.919 183.306 -52.927 50.736 183.086
3 0 -53.555 50.470 183.118 -56.384 57.558 185.275 -55.752 57.814 185.229
3 0 -55.752 57.814 185.229 -52.927 50.736 183.086 -53.555 50.470 183.118
3 0 -54.095 50.160 183.399 -56.925 57.264 185.569 -56.384 57.558 185.275
3 0 -56.384 57.558 185.275 -53.555 50.470 183.118 -54.095 50.160 183.399
3 0 -55.957 48.629 185.842 -58.780 55.816 188.067 -59.304 55.743 187.636
3 0 -59.304 55.743 187.636 -56.474 48.557 185.402 -55.957 48.629 185.842
3 0 -55.337 48.812 186.062 -58.155 55.994 188.276 -58.780 55.816 188.067
3 0 -58.780 55.816 188.067 -55.957 48.629 185.842 -55.337 48.812 186.062
3 0 -54.709 49.078 186.030 -57.523 56.249 188.230 -58.155 55.994 188.276
3 0 -58.155 55.994 188.276 -55.337 48.812 186.062 -54.709 49.078 186.030
3 0 -54.170 49.387 185.749 -56.982 56.543 187.936 -57.523 56.249 188.230
3 0 -57.523 56.249 188.230 -54.709 49.078 186.030 -54.170 49.387 185.749
3 0 -54.612 50.089 182.960 -57.449 57.191 185.137 -56.925 57.264 185.569
3 0 -56.925 57.264 185.569 -54.095 50.160 183.399 -54.612 50.089 182.960
3 0 -55.232 49.905 182.739 -58.074 57.014 184.929 -57.449 57.191 185.137
3 0 -57.449 57.191 185.137 -54.612 50.089 182.960 -55.232 49.905 182.739
3 0 -55.860 49.639 182.772 -58.705 56.758 184.975 -58.074 57.014 184.929
3 0 -58.074 57.014 184.929 -55.232 49.905 182.739 -55.860 49.639 182.772
3 0 -56.400 49.330 183.053 -59.247 56.464 185.269 -58.705 56.758 184.975
3 0 -58.705 56.758 184.975 -55.860 49.639 182.772 -56.400 49.330 183.053
3 0 -59.771 56.391 184.837 -59.247 56.464 185.269 -56.400 49.330 183.053
3 0 -56.400 49.330 183.053 -56.917 49.257 182.613 -59.771 56.391 184.837
3 0 -60.397 56.213 184.629 -59.771 56.391 184.837 -56.917 49.257 182.613
3 0 -56.917 49.257 182.613 -57.537 49.074 182.393 -60.397 56.213 184.629
3 0 -61.028 55.958 184.675 -60.397 56.213 184.629 -57.537 49.074 182.393
3 0 -57.537 49.074 182.393 -58.165 48.808 182.425 -61.028 55.958 184.675
3 0 -61.570 55.664 184.969 -61.028 55.958 184.675 -58.165 48.808 182.425
3 0 -58.165 48.808 182.425 -58.705 48.498 182.706 -61.570 55.664 184.969
3 0 -61.939 55.376 185.466 -61.570 55.664 184.969 -58.705 48.498 182.706
3 0 -58.705 48.498 182.706 -59.076 48.194 183.192 -61.939 55.376 185.466
3 0 -62.079 55.138 186.090 -61.939 55.376 185.466 -59.076 48.194 183.192
3 0 -59.076 48.194 183.192 -59.220 47.940 183.809 -62.079 55.138 186.090
3 0 -61.970 54.985 186.747 -62.079 55.138 186.090 -59.220 47.940 183.809
3 0 -59.220 47.940 183.809 -59.116 47.775 184.464 -61.970 54.985 186.747
3 0 -61.627 54.943 187.336 -61.970 54.985 186.747 -59.116 47.775 184.464
3 0 -59.116 47.775 184.464 -58.780 47.725 185.056 -61.627 54.943 187.336
3 0 -61.103 55.016 187.767 -61.627 54.943 187.336 -58.780 47.725 185.056
3 0 -58.780 47.725 185.056 -58.262 47.798 185.496 -61.103 55.016 187.767
3 0 -60.478 55.194 187.976 -61.103 55.016 187.767 -58.262 47.798 185.496
3 0 -58.262 47.798 185.496 -57.643 47.981 185.716 -60.478 55.194 187.976
3 0 -59.846 55.449 187.930 -60.478 55.194 187.976 -57.643 47.981 185.716
3 0 -57.643 47.981 185.716 -57.015 48.247 185.683 -59.846 55.449 187.930
3 0 -59.304 55.743 187.636 -59.846 55.449 187.930 -57.015 48.247 185.683
3 0 -57.015 48.247 185.683 -56.474 48.557 185.402 -59.304 55.743 187.636
3 0 -56.776 64.625 190.685 -57.307 64.553 190.261 -54.660 57.344 188.236
3 0 -54.660 57.344 188.236 -54.136 57.417 188.667 -56.776 64.625 190.685
3 0 -56.145 64.795 190.883 -56.776 64.625 190.685 -54.136 57.417 188.667
3 0 -54.136 57.417 188.667 -53.510 57.594 188.876 -56.145 64.795 190.883
3 0 -55.510 65.038 190.824 -56.145 64.795 190.883 -53.510 57.594 188.876
3 0 -53.510 57.594 188.876 -52.879 57.850 188.829 -55.510 65.038 190.824
3 0 -54.967 65.316 190.518 -55.510 65.038 190.824 -52.879 57.850 188.829
3 0 -52.879 57.850 188.829 -52.337 58.144 188.535 -54.967 65.316 190.518
3 0 -54.598 65.587 190.011 -54.967 65.316 190.518 -52.337 58.144 188.535
3 0 -52.337 58.144 188.535 -51.968 58.432 188.039 -54.598 65.587 190.011
3 0 -54.461 65.810 189.380 -54.598 65.587 190.011 -51.968 58.432 188.039
3 0 -51.968 58.432 188.039 -51.828 58.670 187.414 -54.461 65.810 189.380
3 0 -54.575 65.951 188.722 -54.461 65.810 189.380 -51.828 58.670 187.414
3 0 -51.828 58.670 187.414 -51.937 58.822 186.758 -54.575 65.951 188.722
3 0 -54.924 65.988 188.136 -54.575 65.951 188.722 -51.937 58.822 186.758
3 0 -51.937 58.822 186.758 -52.280 58.865 186.169 -54.924 65.988 188.136
3 0 -55.454 65.915 187.712 -54.924 65.988 188.136 -52.280 58.865 186.169
3 0 -52.280 58.865 186.169 -52.804 58.792 185.737 -55.454 65.915 187.712
3 0 -56.085 65.745 187.514 -55.454 65.915 187.712 -52.804 58.792 185.737
3 0 -52.804 58.792 185.737 -53.429 58.614 185.529 -56.085 65.745 187.514
3 0 -56.721 65.502 187.573 -56.085 65.745 187.514 -53.429 58.614 185.529
3 0 -53.429 58.614 185.529 -54.061 58.359 185.575 -56.721 65.502 187.573
3 0 -57.264 65.224 187.879 -56.721 65.502 187.573 -54.061 58.359 185.575
3 0 -54.061 58.359 185.575 -54.603 58.065 185.869 -57.264 65.224 187.879
3 0 -56.458 56.616 188.367 -59.117 63.862 190.428 -59.647 63.790 190.004
3 0 -59.647 63.790 190.004 -56.982 56.543 187.936 -56.458 56.616 188.367
3 0 -55.833 56.794 188.576 -58.486 64.032 190.626 -59.117 63.862 190.428
3 0 -59.117 63.862 190.428 -56.458 56.616 188.367 -55.833 56.794 188.576
3 0 -55.201 57.049 188.530 -57.850 64.275 190.567 -58.486 64.032 190.626
3 0 -58.486 64.032 190.626 -55.833 56.794 188.576 -55.201 57.049 188.530
3 0 -54.660 57.344 188.236 -57.307 64.553 190.261 -57.850 64.275 190.567
3 0 -57.850 64.275 190.567 -55.201 57.049 188.530 -54.660 57.344 188.236
3 0 -55.127 57.991 185.437 -57.795 65.152 187.455 -57.264 65.224 187.879
3 0 -57.264 65.224 187.879 -54.603 58.065 185.869 -55.127 57.991 185.437
3 0 -55.752 57.814 185.229 -58.426 64.982 187.258 -57.795 65.152 187.455
3 0 -57.795 65.152 187.455 -55.127 57.991 185.437 -55.752 57.814 185.229
3 0 -56.384 57.558 185.275 -59.061 64.739 187.316 -58.426 64.982 187.258
3 0 -58.426 64.982 187.258 -55.752 57.814 185.229 -56.384 57.558 185.275
3 0 -56.925 57.264 185.569 -59.604 64.461 187.622 -59.061 64.739 187.316
3 0 -59.061 64.739 187.316 -56.384 57.558 185.275 -56.925 57.264 185.569
3 0 -58.780 55.816 188.067 -61.456 63.099 190.171 -61.986 63.027 189.747
3 0 -61.986 63.027 189.747 -59.304 55.743 187.636 -58.780 55.816 188.067
3 0 -58.155 55.994 188.276 -60.825 63.269 190.369 -61.456 63.099 190.171
3 0 -61.456 63.099 190.171 -58.780 55.816 188.067 -58.155 55.994 188.276
3 0 -57.523 56.249 188.230 -60.190 63.512 190.310 -60.825 63.269 190.369
3 0 -60.825 63.269 190.369 -58.155 55.994 188.276 -57.523 56.249 188.230
3 0 -56.982 56.543 187.936 -59.647 63.790 190.004 -60.190 63.512 190.310
3 0 -60.190 63.512 190.310 -57.523 56.249 188.230 -56.982 56.543 187.936
3 0 -57.449 57.191 185.137 -60.134 64.389 187.198 -59.604 64.461 187.622
3 0 -59.604 64.461 187.622 -56.925 57.264 185.569 -57.449 57.191 185.137
3 0 -58.074 57.014 184.929 -60.765 64.219 187.001 -60.134 64.389 187.198
3 0 -60.134 64.389 187.198 -57.449 57.191 185.137 -58.074 57.014 184.929
3 0 -58.705 56.758 184.975 -61.400 63.976 187.059 -60.765 64.219 187.001
3 0 -60.765 64.219 187.001 -58.074 57.014 184.929 -58.705 56.758 184.975
3 0 -59.247 56.464 185.269 -61.944 63.698 187.365 -61.400 63.976 187.059
3 0 -61.400 63.976 187.059 -58.705 56.758 184.975 -59.247 56.464 185.269
3 0 -62.474 63.626 186.941 -61.944 63.698 187.365 -59.247 56.464 185.269
3 0 -59.247 56.464 185.269 -59.771 56.391 184.837 -62.474 63.626 186.941
3 0 -63.105 63.455 186.744 -62.474 63.626 186.941 -59.771 56.391 184.837
3 0 -59.771 56.391 184.837 -60.397 56.213 184.629 -63.105 63.455 186.744
3 0 -63.741 63.213 186.802 -63.105 63.455 186.744 -60.397 56.213 184.629
3 0 -60.397 56.213 184.629 -61.028 55.958 184.675 -63.741 63.213 186.802
3 0 -64.284 62.935 187.108 -63.741 63.213 186.802 -61.028 55.958 184.675
3 0 -61.028 55.958 184.675 -61.570 55.664 184.969 -64.284 62.935 187.108
3 0 -64.653 62.664 187.615 -64.284 62.935 187.108 -61.570 55.664 184.969
3 0 -61.570 55.664 184.969 -61.939 55.376 185.466 -64.653 62.664 187.615
3 0 -64.790 62.441 188.246 -64.653 62.664 187.615 -61.939 55.376 185.466
3 0 -61.939 55.376 185.466 -62.079 55.138 186.090 -64.790 62.441 188.246
3 0 -64.676 62.300 188.904 -64.790 62.441 188.246 -62.079 55.138 186.090
3 0 -62.079 55.138 186.090 -61.970 54.985 186.747 -64.676 62.300 188.904
3 0 -64.327 62.263 189.490 -64.676 62.300 188.904 -61.970 54.985 186.747
3 0 -61.970 54.985 186.747 -61.627 54.943 187.336 -64.327 62.263 189.490
3 0 -63.796 62.335 189.914 -64.327 62.263 189.490 -61.627 54.943 187.336
3 0 -61.627 54.943 187.336 -61.103 55.016 187.767 -63.796 62.335 189.914
3 0 -63.165 62.506 190.112 -63.796 62.335 189.914 -61.103 55.016 187.767
3 0 -61.103 55.016 187.767 -60.478 55.194 187.976 -63.165 62.506 190.112
3 0 -62.530 62.748 190.053 -63.165 62.506 190.112 -60.478 55.194 187.976
3 0 -60.478 55.194 187.976 -59.846 55.449 187.930 -62.530 62.748 190.053
3 0 -61.986 63.027 189.747 -62.530 62.748 190.053 -59.846 55.449 187.930
3 0 -59.846 55.449 187.930 -59.304 55.743 187.636 -61.986 63.027 189.747
3 0 -59.255 71.914 192.589 -59.791 71.845 192.172 -57.307 64.553 190.261
3 0 -57.307 64.553 190.261 -56.776 64.625 190.685 -59.255 71.914 192.589
3 0 -58.619 72.075 192.777 -59.255 71.914 192.589 -56.776 64.625 190.685
3 0 -56.776 64.625 190.685 -56.145 64.795 190.883 -58.619 72.075 192.777
3 0 -57.979 72.303 192.707 -58.619 72.075 192.777 -56.145 64.795 190.883
3 0 -56.145 64.795 190.883 -55.510 65.038 190.824 -57.979 72.303 192.707
3 0 -57.433 72.564 192.389 -57.979 72.303 192.707 -55.510 65.038 190.824
3 0 -55.510 65.038 190.824 -54.967 65.316 190.518 -57.433 72.564 192.389
3 0 -57.065 72.817 191.873 -57.433 72.564 192.389 -54.967 65.316 190.518
3 0 -54.967 65.316 190.518 -54.598 65.587 190.011 -57.065 72.817 191.873
3 0 -56.930 73.025 191.237 -57.065 72.817 191.873 -54.598 65.587 190.011
3 0 -54.598 65.587 190.011 -54.461 65.810 189.380 -56.930 73.025 191.237
3 0 -57.048 73.155 190.577 -56.930 73.025 191.237 -54.461 65.810 189.380
3 0 -54.461 65.810 189.380 -54.575 65.951 188.722 -57.048 73.155 190.577
3 0 -57.403 73.188 189.995 -57.048 73.155 190.577 -54.575 65.951 188.722
3 0 -54.575 65.951 188.722 -54.924 65.988 188.136 -57.403 73.188 189.995
3 0 -57.939 73.118 189.578 -57.403 73.188 189.995 -54.924 65.988 188.136
3 0 -54.924 65.988 188.136 -55.454 65.915 187.712 -57.939 73.118 189.578
3 0 -58.576 72.957 189.390 -57.939 73.118 189.578 -55.454 65.915 187.712
3 0 -55.454 65.915 187.712 -56.085 65.745 187.514 -58.576 72.957 189.390
3 0 -59.215 72.729 189.460 -58.576 72.957 189.390 -56.085 65.745 187.514
3 0 -56.085 65.745 187.514 -56.721 65.502 187.573 -59.215 72.729 189.460
3 0 -59.761 72.468 189.777 -59.215 72.729 189.460 -56.721 65.502 187.573
3 0 -56.721 65.502 187.573 -57.264 65.224 187.879 -59.761 72.468 189.777
3 0 -59.117 63.862 190.428 -61.613 71.195 192.372 -62.150 71.125 191.955
3 0 -62.150 71.125 191.955 -59.647 63.790 190.004 -59.117 63.862 190.428
3 0 -58.486 64.032 190.626 -60.977 71.356 192.559 -61.613 71.195 192.372
3 0 -61.613 71.195 192.372 -59.117 63.862 190.428 -58.486 64.032 190.626
3 0 -57.850 64.275 190.567 -60.337 71.584 192.489 -60.977 71.356 192.559
3 0 -60.977 71.356 192.559 -58.486 64.032 190.626 -57.850 64.275 190.567
3 0 -57.307 64.553 190.261 -59.791 71.845 192.172 -60.337 71.584 192.489
3 0 -60.337 71.584 192.489 -57.850 64.275 190.567 -57.307 64.553 190.261
3 0 -57.795 65.152 187.455 -60.297 72.399 189.360 -59.761 72.468 189.777
3 0 -59.761 72.468 189.777 -57.264 65.224 187.879 -57.795 65.152 187.455
3 0 -58.426 64.982 187.258 -60.934 72.238 189.173 -60.297 72.399 189.360
3 0 -60.297 72.399 189.360 -57.795 65.152 187.455 -58.426 64.982 187.258
3 0 -59.061 64.739 187.316 -61.573 72.010 189.243 -60.934 72.238 189.173
3 0 -60.934 72.238 189.173 -58.426 64.982 187.258 -59.061 64.739 187.316
3 0 -59.604 64.461 187.622 -62.119 71.749 189.560 -61.573 72.010 189.243
3 0 -61.573 72.010 189.243 -59.061 64.739 187.316 -59.604 64.461 187.622
3 0 -61.456 63.099 190.171 -63.970 70.476 192.154 -64.507 70.406 191.737
3 0 -64.507 70.406 191.737 -61.986 63.027 189.747 -61.456 63.099 190.171
3 0 -60.825 63.269 190.369 -63.334 70.637 192.342 -63.970 70.476 192.154
3 0 -63.970 70.476 192.154 -61.456 63.099 190.171 -60.825 63.269 190.369
3 0 -60.190 63.512 190.310 -62.694 70.865 192.272 -63.334 70.637 192.342
3 0 -63.334 70.637 192.342 -60.825 63.269 190.369 -60.190 63.512 190.310
3 0 -59.647 63.790 190.004 -62.150 71.125 191.955 -62.694 70.865 192.272
3 0 -62.694 70.865 192.272 -60.190 63.512 190.310 -59.647 63.790 190.004
3 0 -60.134 64.389 187.198 -62.655 71.680 189.143 -62.119 71.749 189.560
3 0 -62.119 71.749 189.560 -59.604 64.461 187.622 -60.134 64.389 187.198
3 0 -60.765 64.219 187.001 -63.291 71.519 188.955 -62.655 71.680 189.143
3 0 -62.655 71.680 189.143 -60.134 64.389 187.198 -60.765 64.219 187.001
3 0 -61.400 63.976 187.059 -63.931 71.291 189.025 -63.291 71.519 188.955
3 0 -63.291 71.519 188.955 -60.765 64.219 187.001 -61.400 63.976 187.059
3 0 -61.944 63.698 187.365 -64.476 71.030 189.343 -63.931 71.291 189.025
3 0 -63.931 71.291 189.025 -61.400 63.976 187.059 -61.944 63.698 187.365
3 0 -65.013 70.961 188.926 -64.476 71.030 189.343 -61.944 63.698 187.365
3 0 -61.944 63.698 187.365 -62.474 63.626 186.941 -65.013 70.961 188.926
3 0 -65.649 70.799 188.738 -65.013 70.961 188.926 -62.474 63.626 186.941
3 0 -62.474 63.626 186.941 -63.105 63.455 186.744 -65.649 70.799 188.738
3 0 -66.289 70.571 188.808 -65.649 70.799 188.738 -63.105 63.455 186.744
3 0 -63.105 63.455 186.744 -63.741 63.213 186.802 -66.289 70.571 188.808
3 0 -66.834 70.311 189.125 -66.289 70.571 188.808 -63.741 63.213 186.802
3 0 -63.741 63.213 186.802 -64.284 62.935 187.108 -66.834 70.311 189.125
3 0 -67.203 70.057 189.641 -66.834 70.311 189.125 -64.284 62.935 187.108
3 0 -64.284 62.935 187.108 -64.653 62.664 187.615 -67.203 70.057 189.641
3 0 -67.338 69.850 190.278 -67.203 70.057 189.641 -64.653 62.664 187.615
3 0 -64.653 62.664 187.615 -64.790 62.441 188.246 -67.338 69.850 190.278
3 0 -67.219 69.720 190.937 -67.338 69.850 190.278 -64.790 62.441 188.246
3 0 -64.790 62.441 188.246 -64.676 62.300 188.904 -67.219 69.720 190.937
3 0 -66.865 69.687 191.520 -67.219 69.720 190.937 -64.676 62.300 188.904
3 0 -64.676 62.300 188.904 -64.327 62.263 189.490 -66.865 69.687 191.520
3 0 -66.329 69.756 191.937 -66.865 69.687 191.520 -64.327 62.263 189.490
3 0 -64.327 62.263 189.490 -63.796 62.335 189.914 -66.329 69.756 191.937
3 0 -65.692 69.917 192.125 -66.329 69.756 191.937 -63.796 62.335 189.914
3 0 -63.796 62.335 189.914 -63.165 62.506 190.112 -65.692 69.917 192.125
3 0 -65.053 70.146 192.055 -65.692 69.917 192.125 -63.165 62.506 190.112
3 0 -63.165 62.506 190.112 -62.530 62.748 190.053 -65.053 70.146 192.055
3 0 -64.507 70.406 191.737 -65.053 70.146 192.055 -62.530 62.748 190.053
3 0 -62.530 62.748 190.053 -61.986 63.027 189.747 -64.507 70.406 191.737
3 0 -61.554 79.283 194.378 -62.096 79.218 193.967 -59.791 71.845 192.172
3 0 -59.791 71.845 192.172 -59.255 71.914 192.589 -61.554 79.283 194.378
3 0 -60.912 79.432 194.556 -61.554 79.283 194.378 -59.255 71.914 192.589
3 0 -59.255 71.914 192.589 -58.619 72.075 192.777 -60.912 79.432 194.556
3 0 -60.268 79.644 194.475 -60.912 79.432 194.556 -58.619 72.075 192.777
3 0 -58.619 72.075 192.777 -57.979 72.303 192.707 -60.268 79.644 194.475
3 0 -59.720 79.886 194.148 -60.268 79.644 194.475 -57.979 72.303 192.707
3 0 -57.979 72.303 192.707 -57.433 72.564 192.389 -59.720 79.886 194.148
3 0 -59.351 80.120 193.624 -59.720 79.886 194.148 -57.433 72.564 192.389
3 0 -57.433 72.564 192.389 -57.065 72.817 191.873 -59.351 80.120 193.624
3 0 -59.217 80.312 192.982 -59.351 80.120 193.624 -57.065 72.817 191.873
3 0 -57.065 72.817 191.873 -56.930 73.025 191.237 -59.217 80.312 192.982
3 0 -59.340 80.432 192.321 -59.217 80.312 192.982 -56.930 73.025 191.237
3 0 -56.930 73.025 191.237 -57.048 73.155 190.577 -59.340 80.432 192.321
3 0 -59.699 80.462 191.741 -59.340 80.432 192.321 -57.048 73.155 190.577
3 0 -57.048 73.155 190.577 -57.403 73.188 189.995 -59.699 80.462 191.741
3 0 -60.241 80.398 191.331 -59.699 80.462 191.741 -57.403 73.188 189.995
3 0 -57.403 73.188 189.995 -57.939 73.118 189.578 -60.241 80.398 191.331
3 0 -60.883 80.248 191.153 -60.241 80.398 191.331 -57.939 73.118 189.578
3 0 -57.939 73.118 189.578 -58.576 72.957 189.390 -60.883 80.248 191.153
3 0 -61.527 80.036 191.233 -60.883 80.248 191.153 -58.576 72.957 189.390
3 0 -58.576 72.957 189.390 -59.215 72.729 189.460 -61.527 80.036 191.233
3 0 -62.075 79.795 191.561 -61.527 80.036 191.233 -59.215 72.729 189.460
3 0 -59.215 72.729 189.460 -59.761 72.468 189.777 -62.075 79.795 191.561
3 0 -61.613 71.195 192.372 -63.931 78.615 194.197 -64.473 78.550 193.786
3 0 -64.473 78.550 193.786 -62.150 71.125 191.955 -61.613 71.195 192.372
3 0 -60.977 71.356 192.559 -63.289 78.765 194.375 -63.931 78.615 194.197
3 0 -63.931 78.615 194.197 -61.613 71.195 192.372 -60.977 71.356 192.559
3 0 -60.337 71.584 192.489 -62.645 78.976 194.295 -63.289 78.765 194.375
3 0 -63.289 78.765 194.375 -60.977 71.356 192.559 -60.337 71.584 192.489
3 0 -59.791 71.845 192.172 -62.096 79.218 193.967 -62.645 78.976 194.295
3 0 -62.645 78.976 194.295 -60.337 71.584 192.489 -59.791 71.845 192.172
3 0 -60.297 72.399 189.360 -62.617 79.730 191.150 -62.075 79.795 191.561
3 0 -62.075 79.795 191.561 -59.761 72.468 189.777 -60.297 72.399 189.360
3 0 -60.934 72.238 189.173 -63.259 79.580 190.972 -62.617 79.730 191.150
3 0 -62.617 79.730 191.150 -60.297 72.399 189.360 -60.934 72.238 189.173
3 0 -61.573 72.010 189.243 -63.903 79.369 191.052 -63.259 79.580 190.972
3 0 -63.259 79.580 190.972 -60.934 72.238 189.173 -61.573 72.010 189.243
3 0 -62.119 71.749 189.560 -64.452 79.127 191.380 -63.903 79.369 191.052
3 0 -63.903 79.369 191.052 -61.573 72.010 189.243 -62.119 71.749 189.560
3 0 -63.970 70.476 192.154 -66.306 77.948 194.016 -66.848 77.883 193.606
3 0 -66.848 77.883 193.606 -64.507 70.406 191.737 -63.970 70.476 192.154
3 0 -63.334 70.637 192.342 -65.664 78.098 194.195 -66.306 77.948 194.016
3 0 -66.306 77.948 194.016 -63.970 70.476 192.154 -63.334 70.637 192.342
3 0 -62.694 70.865 192.272 -65.020 78.309 194.114 -65.664 78.098 194.195
3 0 -65.664 78.098 194.195 -63.334 70.637 192.342 -62.694 70.865 192.272
3 0 -62.150 71.125 191.955 -64.473 78.550 193.786 -65.020 78.309 194.114
3 0 -65.020 78.309 194.114 -62.694 70.865 192.272 -62.150 71.125 191.955
3 0 -62.655 71.680 189.143 -64.993 79.063 190.970 -64.452 79.127 191.380
3 0 -64.452 79.127 191.380 -62.119 71.749 189.560 -62.655 71.680 189.143
3 0 -63.291 71.519 188.955 -65.635 78.913 190.791 -64.993 79.063 190.970
3 0 -64.993 79.063 190.970 -62.655 71.680 189.143 -63.291 71.519 188.955
3 0 -63.931 71.291 189.025 -66.279 78.701 190.872 -65.635 78.913 190.791
3 0 -65.635 78.913 190.791 -63.291 71.519 188.955 -63.931 71.291 189.025
3 0 -64.476 71.030 189.343 -66.827 78.460 191.199 -66.279 78.701 190.872
3 0 -66.279 78.701 190.872 -63.931 71.291 189.025 -64.476 71.030 189.343
3 0 -67.369 78.395 190.789 -66.827 78.460 191.199 -64.476 71.030 189.343
3 0 -64.476 71.030 189.343 -65.013 70.961 188.926 -67.369 78.395 190.789
3 0 -68.011 78.245 190.610 -67.369 78.395 190.789 -65.013 70.961 188.926
3 0 -65.013 70.961 188.926 -65.649 70.799 188.738 -68.011 78.245 190.610
3 0 -68.655 78.034 190.691 -68.011 78.245 190.610 -65.649 70.799 188.738
3 0 -65.649 70.799 188.738 -66.289 70.571 188.808 -68.655 78.034 190.691
3 0 -69.203 77.792 191.018 -68.655 78.034 190.691 -66.289 70.571 188.808
3 0 -66.289 70.571 188.808 -66.834 70.311 189.125 -69.203 77.792 191.018
3 0 -69.573 77.558 191.543 -69.203 77.792 191.018 -66.834 70.311 189.125
3 0 -66.834 70.311 189.125 -67.203 70.057 189.641 -69.573 77.558 191.543
3 0 -69.706 77.366 192.184 -69.573 77.558 191.543 -67.203 70.057 189.641
3 0 -67.203 70.057 189.641 -67.338 69.850 190.278 -69.706 77.366 192.184
3 0 -69.584 77.246 192.845 -69.706 77.366 192.184 -67.338 69.850 190.278
3 0 -67.338 69.850 190.278 -67.219 69.720 190.937 -69.584 77.246 192.845
3 0 -69.224 77.216 193.425 -69.584 77.246 192.845 -67.219 69.720 190.937
3 0 -67.219 69.720 190.937 -66.865 69.687 191.520 -69.224 77.216 193.425
3 0 -68.683 77.280 193.835 -69.224 77.216 193.425 -66.865 69.687 191.520
3 0 -66.865 69.687 191.520 -66.329 69.756 191.937 -68.683 77.280 193.835
3 0 -68.041 77.430 194.014 -68.683 77.280 193.835 -66.329 69.756 191.937
3 0 -66.329 69.756 191.937 -65.692 69.917 192.125 -68.041 77.430 194.014
3 0 -67.397 77.642 193.933 -68.041 77.430 194.014 -65.692 69.917 192.125
3 0 -65.692 69.917 192.125 -65.053 70.146 192.055 -67.397 77.642 193.933
3 0 -66.848 77.883 193.606 -67.397 77.642 193.933 -65.053 70.146 192.055
3 0 -65.053 70.146 192.055 -64.507 70.406 191.737 -66.848 77.883 193.606
3 0 -63.655 86.737 196.050 -64.201 86.678 195.645 -62.096 79.218 193.967
3 0 -62.096 79.218 193.967 -61.554 79.283 194.378 -63.655 86.737 196.050
3 0 -63.008 86.875 196.220 -63.655 86.737 196.050 -61.554 79.283 194.378
3 0 -61.554 79.283 194.378 -60.912 79.432 194.556 -63.008 86.875 196.220
3 0 -62.360 87.071 196.131 -63.008 86.875 196.220 -60.912 79.432 194.556
3 0 -60.912 79.432 194.556 -60.268 79.644 194.475 -62.360 87.071 196.131
3 0 -61.809 87.294 195.795 -62.360 87.071 196.131 -60.268 79.644 194.475
3 0 -60.268 79.644 194.475 -59.720 79.886 194.148 -61.809 87.294 195.795
3 0 -61.439 87.511 195.264 -61.809 87.294 195.795 -59.720 79.886 194.148
3 0 -59.720 79.886 194.148 -59.351 80.120 193.624 -61.439 87.511 195.264
3 0 -61.307 87.689 194.618 -61.439 87.511 195.264 -59.351 80.120 193.624
3 0 -59.351 80.120 193.624 -59.217 80.312 192.982 -61.307 87.689 194.618
3 0 -61.432 87.801 193.956 -61.307 87.689 194.618 -59.217 80.312 192.982
3 0 -59.217 80.312 192.982 -59.340 80.432 192.321 -61.432 87.801 193.956
3 0 -61.795 87.829 193.379 -61.432 87.801 193.956 -59.340 80.432 192.321
3 0 -59.340 80.432 192.321 -59.699 80.462 191.741 -61.795 87.829 193.379
3 0 -62.342 87.770 192.974 -61.795 87.829 193.379 -59.699 80.462 191.741
3 0 -59.699 80.462 191.741 -60.241 80.398 191.331 -62.342 87.770 192.974
3 0 -62.989 87.632 192.803 -62.342 87.770 192.974 -60.241 80.398 191.331
3 0 -60.241 80.398 191.331 -60.883 80.248 191.153 -62.989 87.632 192.803
3 0 -63.637 87.437 192.893 -62.989 87.632 192.803 -60.883 80.248 191.153
3 0 -60.883 80.248 191.153 -61.527 80.036 191.233 -63.637 87.437 192.893
3 0 -64.188 87.214 193.229 -63.637 87.437 192.893 -61.527 80.036 191.233
3 0 -61.527 80.036 191.233 -62.075 79.795 191.561 -64.188 87.214 193.229
3 0 -63.931 78.615 194.197 -66.047 86.122 195.900 -66.594 86.062 195.495
3 0 -66.594 86.062 195.495 -64.473 78.550 193.786 -63.931 78.615 194.197
3 0 -63.289 78.765 194.375 -65.400 86.259 196.070 -66.047 86.122 195.900
3 0 -66.047 86.122 195.900 -63.931 78.615 194.197 -63.289 78.765 194.375
3 0 -62.645 78.976 194.295 -64.752 86.455 195.981 -65.400 86.259 196.070
3 0 -65.400 86.259 196.070 -63.289 78.765 194.375 -62.645 78.976 194.295
3 0 -62.096 79.218 193.967 -64.201 86.678 195.645 -64.752 86.455 195.981
3 0 -64.752 86.455 195.981 -62.645 78.976 194.295 -62.096 79.218 193.967
3 0 -62.617 79.730 191.150 -64.734 87.154 192.824 -64.188 87.214 193.229
3 0 -64.188 87.214 193.229 -62.075 79.795 191.561 -62.617 79.730 191.150
3 0 -63.259 79.580 190.972 -65.381 87.017 192.653 -64.734 87.154 192.824
3 0 -64.734 87.154 192.824 -62.617 79.730 191.150 -63.259 79.580 190.972
3 0 -63.903 79.369 191.052 -66.029 86.821 192.743 -65.381 87.017 192.653
3 0 -65.381 87.017 192.653 -63.259 79.580 190.972 -63.903 79.369 191.052
3 0 -64.452 79.127 191.380 -66.580 86.598 193.079 -66.029 86.821 192.743
3 0 -66.029 86.821 192.743 -63.903 79.369 191.052 -64.452 79.127 191.380
3 0 -66.306 77.948 194.016 -68.439 85.506 195.750 -68.985 85.447 195.345
3 0 -68.985 85.447 195.345 -66.848 77.883 193.606 -66.306 77.948 194.016
3 0 -65.664 78.098 194.195 -67.792 85.644 195.920 -68.439 85.506 195.750
3 0 -68.439 85.506 195.750 -66.306 77.948 194.016 -65.664 78.098 194.195
3 0 -65.020 78.309 194.114 -67.144 85.839 195.831 -67.792 85.644 195.920
3 0 -67.792 85.644 195.920 -65.664 78.098 194.195 -65.020 78.309 194.114
3 0 -64.473 78.550 193.786 -66.594 86.062 195.495 -67.144 85.839 195.831
3 0 -67.144 85.839 195.831 -65.020 78.309 194.114 -64.473 78.550 193.786
3 0 -64.993 79.063 190.970 -67.126 86.539 192.674 -66.580 86.598 193.079
3 0 -66.580 86.598 193.079 -64.452 79.127 191.380 -64.993 79.063 190.970
3 0 -65.635 78.913 190.791 -67.773 86.401 192.503 -67.126 86.539 192.674
3 0 -67.126 86.539 192.674 -64.993 79.063 190.970 -65.635 78.913 190.791
3 0 -66.279 78.701 190.872 -68.421 86.206 192.593 -67.773 86.401 192.503
3 0 -67.773 86.401 192.503 -65.635 78.913 190.791 -66.279 78.701 190.872
3 0 -66.827 78.460 191.199 -68.972 85.982 192.929 -68.421 86.206 192.593
3 0 -68.421 86.206 192.593 -66.279 78.701 190.872 -66.827 78.460 191.199
3 0 -69.518 85.923 192.524 -68.972 85.982 192.929 -66.827 78.460 191.199
3 0 -66.827 78.460 191.199 -67.369 78.395 190.789 -69.518 85.923 192.524
3 0 -70.165 85.785 192.353 -69.518 85.923 192.524 -67.369 78.395 190.789
3 0 -67.369 78.395 190.789 -68.011 78.245 190.610 -70.165 85.785 192.353
3 0 -70.813 85.590 192.442 -70.165 85.785 192.353 -68.011 78.245 190.610
3 0 -68.011 78.245 190.610 -68.655 78.034 190.691 -70.813 85.590 192.442
3 0 -71.364 85.367 192.778 -70.813 85.590 192.442 -68.655 78.034 190.691
3 0 -68.655 78.034 190.691 -69.203 77.792 191.018 -71.364 85.367 192.778
3 0 -71.734 85.149 193.310 -71.364 85.367 192.778 -69.203 77.792 191.018
3 0 -69.203 77.792 191.018 -69.573 77.558 191.543 -71.734 85.149 193.310
3 0 -71.866 84.971 193.955 -71.734 85.149 193.310 -69.573 77.558 191.543
3 0 -69.573 77.558 191.543 -69.706 77.366 192.184 -71.866 84.971 193.955
3 0 -71.741 84.859 194.617 -71.866 84.971 193.955 -69.706 77.366 192.184
3 0 -69.706 77.366 192.184 -69.584 77.246 192.845 -71.741 84.859 194.617
3 0 -71.378 84.831 195.195 -71.741 84.859 194.617 -69.584 77.246 192.845
3 0 -69.584 77.246 192.845 -69.224 77.216 193.425 -71.378 84.831 195.195
3 0 -70.831 84.890 195.599 -71.378 84.831 195.195 -69.224 77.216 193.425
3 0 -69.224 77.216 193.425 -68.683 77.280 193.835 -70.831 84.890 195.599
3 0 -70.184 85.028 195.770 -70.831 84.890 195.599 -68.683 77.280 193.835
3 0 -68.683 77.280 193.835 -68.041 77.430 194.014 -70.184 85.028 195.770
3 0 -69.536 85.223 195.681 -70.184 85.028 195.770 -68.041 77.430 194.014
3 0 -68.041 77.430 194.014 -67.397 77.642 193.933 -69.536 85.223 195.681
3 0 -68.985 85.447 195.345 -69.536 85.223 195.681 -67.397 77.642 193.933
3 0 -67.397 77.642 193.933 -66.848 77.883 193.606 -68.985 85.447 195.345
3 0 -64.616 90.485 196.832 -65.166 90.431 196.431 -64.201 86.678 195.645
3 0 -64.201 86.678 195.645 -63.655 86.737 196.050 -64.616 90.485 196.832
3 0 -63.966 90.613 196.998 -64.616 90.485 196.832 -63.655 86.737 196.050
3 0 -63.655 86.737 196.050 -63.008 86.875 196.220 -63.966 90.613 196.998
3 0 -63.315 90.796 196.902 -63.966 90.613 196.998 -63.008 86.875 196.220
3 0 -63.008 86.875 196.220 -62.360 87.071 196.131 -63.315 90.796 196.902
3 0 -62.762 91.006 196.561 -63.315 90.796 196.902 -62.360 87.071 196.131
3 0 -62.360 87.071 196.131 -61.809 87.294 195.795 -62.762 91.006 196.561
3 0 -62.392 91.210 196.025 -62.762 91.006 196.561 -61.809 87.294 195.795
3 0 -61.809 87.294 195.795 -61.439 87.511 195.264 -62.392 91.210 196.025
3 0 -62.260 91.378 195.376 -62.392 91.210 196.025 -61.439 87.511 195.264
3 0 -61.439 87.511 195.264 -61.307 87.689 194.618 -62.260 91.378 195.376
3 0 -62.387 91.484 194.714 -62.260 91.378 195.376 -61.307 87.689 194.618
3 0 -61.307 87.689 194.618 -61.432 87.801 193.956 -62.387 91.484 194.714
3 0 -62.753 91.512 194.138 -62.387 91.484 194.714 -61.432 87.801 193.956
3 0 -61.432 87.801 193.956 -61.795 87.829 193.379 -62.753 91.512 194.138
3 0 -63.303 91.457 193.737 -62.753 91.512 194.138 -61.795 87.829 193.379
3 0 -61.795 87.829 193.379 -62.342 87.770 192.974 -63.303 91.457 193.737
3 0 -63.953 91.329 193.572 -63.303 91.457 193.737 -62.342 87.770 192.974
3 0 -62.342 87.770 192.974 -62.989 87.632 192.803 -63.953 91.329 193.572
3 0 -64.604 91.146 193.667 -63.953 91.329 193.572 -62.989 87.632 192.803
3 0 -62.989 87.632 192.803 -63.637 87.437 192.893 -64.604 91.146 193.667
3 0 -65.157 90.937 194.009 -64.604 91.146 193.667 -63.637 87.437 192.893
3 0 -63.637 87.437 192.893 -64.188 87.214 193.229 -65.157 90.937 194.009
3 0 -66.047 86.122 195.900 -67.020 89.910 196.703 -67.570 89.856 196.302
3 0 -67.570 89.856 196.302 -66.594 86.062 195.495 -66.047 86.122 195.900
3 0 -65.400 86.259 196.070 -66.370 90.039 196.868 -67.020 89.910 196.703
3 0 -67.020 89.910 196.703 -66.047 86.122 195.900 -65.400 86.259 196.070
3 0 -64.752 86.455 195.981 -65.719 90.221 196.773 -66.370 90.039 196.868
3 0 -66.370 90.039 196.868 -65.400 86.259 196.070 -64.752 86.455 195.981
3 0 -64.201 86.678 195.645 -65.166 90.431 196.431 -65.719 90.221 196.773
3 0 -65.719 90.221 196.773 -64.752 86.455 195.981 -64.201 86.678 195.645
3 0 -64.734 87.154 192.824 -65.707 90.883 193.608 -65.157 90.937 194.009
3 0 -65.157 90.937 194.009 -64.188 87.214 193.229 -64.734 87.154 192.824
3 0 -65.381 87.017 192.653 -66.357 90.754 193.443 -65.707 90.883 193.608
3 0 -65.707 90.883 193.608 -64.734 87.154 192.824 -65.381 87.017 192.653
3 0 -66.029 86.821 192.743 -67.008 90.572 193.538 -66.357 90.754 193.443
3 0 -66.357 90.754 193.443 -65.381 87.017 192.653 -66.029 86.821 192.743
3 0 -66.580 86.598 193.079 -67.561 90.362 193.880 -67.008 90.572 193.538
3 0 -67.008 90.572 193.538 -66.029 86.821 192.743 -66.580 86.598 193.079
3 0 -68.439 85.506 195.750 -69.423 89.336 196.574 -69.973 89.281 196.173
3 0 -69.973 89.281 196.173 -68.985 85.447 195.345 -68.439 85.506 195.750
3 0 -67.792 85.644 195.920 -68.773 89.464 196.739 -69.423 89.336 196.574
3 0 -69.423 89.336 196.574 -68.439 85.506 195.750 -67.792 85.644 195.920
3 0 -67.144 85.839 195.831 -68.122 89.647 196.644 -68.773 89.464 196.739
3 0 -68.773 89.464 196.739 -67.792 85.644 195.920 -67.144 85.839 195.831
3 0 -66.594 86.062 195.495 -67.570 89.856 196.302 -68.122 89.647 196.644
3 0 -68.122 89.647 196.644 -67.144 85.839 195.831 -66.594 86.062 195.495
3 0 -67.126 86.539 192.674 -68.110 90.308 193.479 -67.561 90.362 193.880
3 0 -67.561 90.362 193.880 -66.580 86.598 193.079 -67.126 86.539 192.674
3 0 -67.773 86.401 192.503 -68.760 90.180 193.313 -68.110 90.308 193.479
3 0 -68.110 90.308 193.479 -67.126 86.539 192.674 -67.773 86.401 192.503
3 0 -68.421 86.206 192.593 -69.411 89.997 193.409 -68.760 90.180 193.313
3 0 -68.760 90.180 193.313 -67.773 86.401 192.503 -68.421 86.206 192.593
3 0 -68.972 85.982 192.929 -69.963 89.788 193.750 -69.411 89.997 193.409
3 0 -69.411 89.997 193.409 -68.421 86.206 192.593 -68.972 85.982 192.929
3 0 -70.514 89.733 193.349 -69.963 89.788 193.750 -68.972 85.982 192.929
3 0 -68.972 85.982 192.929 -69.518 85.923 192.524 -70.514 89.733 193.349
3 0 -71.164 89.605 193.184 -70.514 89.733 193.349 -69.518 85.923 192.524
3 0 -69.518 85.923 192.524 -70.165 85.785 192.353 -71.164 89.605 193.184
3 0 -71.814 89.422 193.279 -71.164 89.605 193.184 -70.165 85.785 192.353
3 0 -70.165 85.785 192.353 -70.813 85.590 192.442 -71.814 89.422 193.279
3 0 -72.367 89.213 193.621 -71.814 89.422 193.279 -70.813 85.590 192.442
3 0 -70.813 85.590 192.442 -71.364 85.367 192.778 -72.367 89.213 193.621
3 0 -72.738 89.009 194.157 -72.367 89.213 193.621 -71.364 85.367 192.778
3 0 -71.364 85.367 192.778 -71.734 85.149 193.310 -72.738 89.009 194.157
3 0 -72.870 88.841 194.805 -72.738 89.009 194.157 -71.734 85.149 193.310
3 0 -71.734 85.149 193.310 -71.866 84.971 193.955 -72.870 88.841 194.805
3 0 -72.743 88.735 195.468 -72.870 88.841 194.805 -71.866 84.971 193.955
3 0 -71.866 84.971 193.955 -71.741 84.859 194.617 -72.743 88.735 195.468
3 0 -72.377 88.707 196.043 -72.743 88.735 195.468 -71.741 84.859 194.617
3 0 -71.741 84.859 194.617 -71.378 84.831 195.195 -72.377 88.707 196.043
3 0 -71.827 88.761 196.444 -72.377 88.707 196.043 -71.378 84.831 195.195
3 0 -71.378 84.831 195.195 -70.831 84.890 195.599 -71.827 88.761 196.444
3 0 -71.177 88.889 196.610 -71.827 88.761 196.444 -70.831 84.890 195.599
3 0 -70.831 84.890 195.599 -70.184 85.028 195.770 -71.177 88.889 196.610
3 0 -70.526 89.072 196.514 -71.177 88.889 196.610 -70.184 85.028 195.770
3 0 -70.184 85.028 195.770 -69.536 85.223 195.681 -70.526 89.072 196.514
3 0 -69.973 89.281 196.173 -70.526 89.072 196.514 -69.536 85.223 195.681
3 0 -69.536 85.223 195.681 -68.985 85.447 195.345 -69.973 89.281 196.173
3 0 -65.522 94.255 197.588 -66.074 94.206 197.190 -65.166 90.431 196.431
3 0 -65.166 90.431 196.431 -64.616 90.485 196.832 -65.522 94.255 197.588
3 0 -64.869 94.375 197.750 -65.522 94.255 197.588 -64.616 90.485 196.832
3 0 -64.616 90.485 196.832 -63.966 90.613 196.998 -64.869 94.375 197.750
3 0 -64.216 94.546 197.650 -64.869 94.375 197.750 -63.966 90.613 196.998
3 0 -63.966 90.613 196.998 -63.315 90.796 196.902 -64.216 94.546 197.650
3 0 -63.661 94.743 197.304 -64.216 94.546 197.650 -63.315 90.796 196.902
3 0 -63.315 90.796 196.902 -62.762 91.006 196.561 -63.661 94.743 197.304
3 0 -63.290 94.936 196.764 -63.661 94.743 197.304 -62.762 91.006 196.561
3 0 -62.762 91.006 196.561 -62.392 91.210 196.025 -63.290 94.936 196.764
3 0 -63.158 95.095 196.113 -63.290 94.936 196.764 -62.392 91.210 196.025
3 0 -62.392 91.210 196.025 -62.260 91.378 195.376 -63.158 95.095 196.113
3 0 -63.286 95.196 195.450 -63.158 95.095 196.113 -62.260 91.378 195.376
3 0 -62.260 91.378 195.376 -62.387 91.484 194.714 -63.286 95.196 195.450
3 0 -63.654 95.224 194.876 -63.286 95.196 195.450 -62.387 91.484 194.714
3 0 -62.387 91.484 194.714 -62.753 91.512 194.138 -63.654 95.224 194.876
3 0 -64.207 95.175 194.478 -63.654 95.224 194.876 -62.753 91.512 194.138
3 0 -62.753 91.512 194.138 -63.303 91.457 193.737 -64.207 95.175 194.478
3 0 -64.859 95.056 194.317 -64.207 95.175 194.478 -63.303 91.457 193.737
3 0 -63.303 91.457 193.737 -63.953 91.329 193.572 -64.859 95.056 194.317
3 0 -65.513 94.884 194.417 -64.859 95.056 194.317 -63.953 91.329 193.572
3 0 -63.953 91.329 193.572 -64.604 91.146 193.667 -65.513 94.884 194.417
3 0 -66.067 94.687 194.763 -65.513 94.884 194.417 -64.604 91.146 193.667
3 0 -64.604 91.146 193.667 -65.157 90.937 194.009 -66.067 94.687 194.763
3 0 -67.020 89.910 196.703 -67.935 93.718 197.475 -68.488 93.669 197.077
3 0 -68.488 93.669 197.077 -67.570 89.856 196.302 -67.020 89.910 196.703
3 0 -66.370 90.039 196.868 -67.283 93.838 197.636 -67.935 93.718 197.475
3 0 -67.935 93.718 197.475 -67.020 89.910 196.703 -66.370 90.039 196.868
3 0 -65.719 90.221 196.773 -66.629 94.009 197.536 -67.283 93.838 197.636
3 0 -67.283 93.838 197.636 -66.370 90.039 196.868 -65.719 90.221 196.773
3 0 -65.166 90.431 196.431 -66.074 94.206 197.190 -66.629 94.009 197.536
3 0 -66.629 94.009 197.536 -65.719 90.221 196.773 -65.166 90.431 196.431
3 0 -65.707 90.883 193.608 -66.620 94.638 194.364 -66.067 94.687 194.763
3 0 -66.067 94.687 194.763 -65.157 90.937 194.009 -65.707 90.883 193.608
3 0 -66.357 90.754 193.443 -67.273 94.519 194.203 -66.620 94.638 194.364
3 0 -66.620 94.638 194.364 -65.707 90.883 193.608 -66.357 90.754 193.443
3 0 -67.008 90.572 193.538 -67.926 94.347 194.303 -67.273 94.519 194.203
3 0 -67.273 94.519 194.203 -66.357 90.754 193.443 -67.008 90.572 193.538
3 0 -67.561 90.362 193.880 -68.481 94.150 194.649 -67.926 94.347 194.303
3 0 -67.926 94.347 194.303 -67.008 90.572 193.538 -67.561 90.362 193.880
3 0 -69.423 89.336 196.574 -70.348 93.182 197.361 -70.900 93.132 196.963
3 0 -70.900 93.132 196.963 -69.973 89.281 196.173 -69.423 89.336 196.574
3 0 -68.773 89.464 196.739 -69.695 93.301 197.523 -70.348 93.182 197.361
3 0 -70.348 93.182 197.361 -69.423 89.336 196.574 -68.773 89.464 196.739
3 0 -68.122 89.647 196.644 -69.042 93.472 197.423 -69.695 93.301 197.523
3 0 -69.695 93.301 197.523 -68.773 89.464 196.739 -68.122 89.647 196.644
3 0 -67.570 89.856 196.302 -68.488 93.669 197.077 -69.042 93.472 197.423
3 0 -69.042 93.472 197.423 -68.122 89.647 196.644 -67.570 89.856 196.302
3 0 -68.110 90.308 193.479 -69.032 94.101 194.251 -68.481 94.150 194.649
3 0 -68.481 94.150 194.649 -67.561 90.362 193.880 -68.110 90.308 193.479
3 0 -68.760 90.180 193.313 -69.685 93.982 194.090 -69.032 94.101 194.251
3 0 -69.032 94.101 194.251 -68.110 90.308 193.479 -68.760 90.180 193.313
3 0 -69.411 89.997 193.409 -70.338 93.811 194.189 -69.685 93.982 194.090
3 0 -69.685 93.982 194.090 -68.760 90.180 193.313 -69.411 89.997 193.409
3 0 -69.963 89.788 193.750 -70.893 93.614 194.535 -70.338 93.811 194.189
3 0 -70.338 93.811 194.189 -69.411 89.997 193.409 -69.963 89.788 193.750
3 0 -71.446 93.564 194.137 -70.893 93.614 194.535 -69.963 89.788 193.750
3 0 -69.963 89.788 193.750 -70.514 89.733 193.349 -71.446 93.564 194.137
3 0 -72.098 93.445 193.976 -71.446 93.564 194.137 -70.514 89.733 193.349
3 0 -70.514 89.733 193.349 -71.164 89.605 193.184 -72.098 93.445 193.976
3 0 -72.752 93.274 194.076 -72.098 93.445 193.976 -71.164 89.605 193.184
3 0 -71.164 89.605 193.184 -71.814 89.422 193.279 -72.752 93.274 194.076
3 0 -73.306 93.077 194.422 -72.752 93.274 194.076 -71.814 89.422 193.279
3 0 -71.814 89.422 193.279 -72.367 89.213 193.621 -73.306 93.077 194.422
3 0 -73.678 92.884 194.961 -73.306 93.077 194.422 -72.367 89.213 193.621
3 0 -72.367 89.213 193.621 -72.738 89.009 194.157 -73.678 92.884 194.961
3 0 -73.810 92.725 195.612 -73.678 92.884 194.961 -72.738 89.009 194.157
3 0 -72.738 89.009 194.157 -72.870 88.841 194.805 -73.810 92.725 195.612
3 0 -73.682 92.623 196.275 -73.810 92.725 195.612 -72.870 88.841 194.805
3 0 -72.870 88.841 194.805 -72.743 88.735 195.468 -73.682 92.623 196.275
3 0 -73.314 92.595 196.849 -73.682 92.623 196.275 -72.743 88.735 195.468
3 0 -72.743 88.735 195.468 -72.377 88.707 196.043 -73.314 92.595 196.849
3 0 -72.761 92.645 197.248 -73.314 92.595 196.849 -72.377 88.707 196.043
3 0 -72.377 88.707 196.043 -71.827 88.761 196.444 -72.761 92.645 197.248
3 0 -72.108 92.764 197.409 -72.761 92.645 197.248 -71.827 88.761 196.444
3 0 -71.827 88.761 196.444 -71.177 88.889 196.610 -72.108 92.764 197.409
3 0 -71.455 92.935 197.309 -72.108 92.764 197.409 -71.177 88.889 196.610
3 0 -71.177 88.889 196.610 -70.526 89.072 196.514 -71.455 92.935 197.309
3 0 -70.900 93.132 196.963 -71.455 92.935 197.309 -70.526 89.072 196.514
3 0 -70.526 89.072 196.514 -69.973 89.281 196.173 -70.900 93.132 196.963
3 0 -66.358 98.046 198.308 -66.913 98.002 197.913 -66.074 94.206 197.190
3 0 -66.074 94.206 197.190 -65.522 94.255 197.588 -66.358 98.046 198.308
3 0 -65.702 98.156 198.466 -66.358 98.046 198.308 -65.522 94.255 197.588
3 0 -65.522 94.255 197.588 -64.869 94.375 197.750 -65.702 98.156 198.466
3 0 -65.047 98.315 198.361 -65.702 98.156 198.466 -64.869 94.375 197.750
3 0 -64.869 94.375 197.750 -64.216 94.546 197.650 -65.047 98.315 198.361
3 0 -64.490 98.499 198.011 -65.047 98.315 198.361 -64.216 94.546 197.650
3 0 -64.216 94.546 197.650 -63.661 94.743 197.304 -64.490 98.499 198.011
3 0 -64.118 98.680 197.468 -64.490 98.499 198.011 -63.661 94.743 197.304
3 0 -63.661 94.743 197.304 -63.290 94.936 196.764 -64.118 98.680 197.468
3 0 -63.986 98.830 196.815 -64.118 98.680 197.468 -63.290 94.936 196.764
3 0 -63.290 94.936 196.764 -63.158 95.095 196.113 -63.986 98.830 196.815
3 0 -64.115 98.927 196.152 -63.986 98.830 196.815 -63.158 95.095 196.113
3 0 -63.158 95.095 196.113 -63.286 95.196 195.450 -64.115 98.927 196.152
3 0 -64.485 98.956 195.579 -64.115 98.927 196.152 -63.286 95.196 195.450
3 0 -63.286 95.196 195.450 -63.654 95.224 194.876 -64.485 98.956 195.579
3 0 -65.040 98.912 195.183 -64.485 98.956 195.579 -63.654 95.224 194.876
3 0 -63.654 95.224 194.876 -64.207 95.175 194.478 -65.040 98.912 195.183
3 0 -65.695 98.802 195.026 -65.040 98.912 195.183 -64.207 95.175 194.478
3 0 -64.207 95.175 194.478 -64.859 95.056 194.317 -65.695 98.802 195.026
3 0 -66.351 98.643 195.130 -65.695 98.802 195.026 -64.859 95.056 194.317
3 0 -64.859 95.056 194.317 -65.513 94.884 194.417 -66.351 98.643 195.130
3 0 -66.907 98.459 195.480 -66.351 98.643 195.130 -65.513 94.884 194.417
3 0 -65.513 94.884 194.417 -66.067 94.687 194.763 -66.907 98.459 195.480
3 0 -67.935 93.718 197.475 -68.780 97.549 198.210 -69.335 97.505 197.814
3 0 -69.335 97.505 197.814 -68.488 93.669 197.077 -67.935 93.718 197.475
3 0 -67.283 93.838 197.636 -68.125 97.659 198.367 -68.780 97.549 198.210
3 0 -68.780 97.549 198.210 -67.935 93.718 197.475 -67.283 93.838 197.636
3 0 -66.629 94.009 197.536 -67.469 97.818 198.263 -68.125 97.659 198.367
3 0 -68.125 97.659 198.367 -67.283 93.838 197.636 -66.629 94.009 197.536
3 0 -66.074 94.206 197.190 -66.913 98.002 197.913 -67.469 97.818 198.263
3 0 -67.469 97.818 198.263 -66.629 94.009 197.536 -66.074 94.206 197.190
3 0 -66.620 94.638 194.364 -67.462 98.415 195.085 -66.907 98.459 195.480
3 0 -66.907 98.459 195.480 -66.067 94.687 194.763 -66.620 94.638 194.364
3 0 -67.273 94.519 194.203 -68.118 98.305 194.927 -67.462 98.415 195.085
3 0 -67.462 98.415 195.085 -66.620 94.638 194.364 -67.273 94.519 194.203
3 0 -67.926 94.347 194.303 -68.773 98.146 195.032 -68.118 98.305 194.927
3 0 -68.118 98.305 194.927 -67.273 94.519 194.203 -67.926 94.347 194.303
3 0 -68.481 94.150 194.649 -69.330 97.962 195.382 -68.773 98.146 195.032
3 0 -68.773 98.146 195.032 -67.926 94.347 194.303 -68.481 94.150 194.649
3 0 -70.348 93.182 197.361 -71.202 97.053 198.111 -71.757 97.009 197.716
3 0 -71.757 97.009 197.716 -70.900 93.132 196.963 -70.348 93.182 197.361
3 0 -69.695 93.301 197.523 -70.547 97.163 198.269 -71.202 97.053 198.111
3 0 -71.202 97.053 198.111 -70.348 93.182 197.361 -69.695 93.301 197.523
3 0 -69.042 93.472 197.423 -69.891 97.322 198.164 -70.547 97.163 198.269
3 0 -70.547 97.163 198.269 -69.695 93.301 197.523 -69.042 93.472 197.423
3 0 -68.488 93.669 197.077 -69.335 97.505 197.814 -69.891 97.322 198.164
3 0 -69.891 97.322 198.164 -69.042 93.472 197.423 -68.488 93.669 197.077
3 0 -69.032 94.101 194.251 -69.884 97.919 194.986 -69.330 97.962 195.382
3 0 -69.330 97.962 195.382 -68.481 94.150 194.649 -69.032 94.101 194.251
3 0 -69.685 93.982 194.090 -70.539 97.809 194.829 -69.884 97.919 194.986
3 0 -69.884 97.919 194.986 -69.032 94.101 194.251 -69.685 93.982 194.090
3 0 -70.338 93.811 194.189 -71.195 97.650 194.933 -70.539 97.809 194.829
3 0 -70.539 97.809 194.829 -69.685 93.982 194.090 -70.338 93.811 194.189
3 0 -70.893 93.614 194.535 -71.752 97.466 195.283 -71.195 97.650 194.933
3 0 -71.195 97.650 194.933 -70.338 93.811 194.189 -70.893 93.614 194.535
3 0 -72.307 97.422 194.888 -71.752 97.466 195.283 -70.893 93.614 194.535
3 0 -70.893 93.614 194.535 -71.446 93.564 194.137 -72.307 97.422 194.888
3 0 -72.962 97.312 194.730 -72.307 97.422 194.888 -71.446 93.564 194.137
3 0 -71.446 93.564 194.137 -72.098 93.445 193.976 -72.962 97.312 194.730
3 0 -73.618 97.153 194.834 -72.962 97.312 194.730 -72.098 93.445 193.976
3 0 -72.098 93.445 193.976 -72.752 93.274 194.076 -73.618 97.153 194.834
3 0 -74.174 96.969 195.185 -73.618 97.153 194.834 -72.752 93.274 194.076
3 0 -72.752 93.274 194.076 -73.306 93.077 194.422 -74.174 96.969 195.185
3 0 -74.547 96.788 195.728 -74.174 96.969 195.185 -73.306 93.077 194.422
3 0 -73.306 93.077 194.422 -73.678 92.884 194.961 -74.547 96.788 195.728
3 0 -74.679 96.638 196.380 -74.547 96.788 195.728 -73.678 92.884 194.961
3 0 -73.678 92.884 194.961 -73.810 92.725 195.612 -74.679 96.638 196.380
3 0 -74.550 96.541 197.044 -74.679 96.638 196.380 -73.810 92.725 195.612
3 0 -73.810 92.725 195.612 -73.682 92.623 196.275 -74.550 96.541 197.044
3 0 -74.180 96.512 197.617 -74.550 96.541 197.044 -73.682 92.623 196.275
3 0 -73.682 92.623 196.275 -73.314 92.595 196.849 -74.180 96.512 197.617
3 0 -73.625 96.556 198.012 -74.180 96.512 197.617 -73.314 92.595 196.849
3 0 -73.314 92.595 196.849 -72.761 92.645 197.248 -73.625 96.556 198.012
3 0 -72.969 96.666 198.170 -73.625 96.556 198.012 -72.761 92.645 197.248
3 0 -72.761 92.645 197.248 -72.108 92.764 197.409 -72.969 96.666 198.170
3 0 -72.314 96.825 198.066 -72.969 96.666 198.170 -72.108 92.764 197.409
3 0 -72.108 92.764 197.409 -71.455 92.935 197.309 -72.314 96.825 198.066
3 0 -71.757 97.009 197.716 -72.314 96.825 198.066 -71.455 92.935 197.309
3 0 -71.455 92.935 197.309 -70.900 93.132 196.963 -71.757 97.009 197.716
3 0 -67.128 101.854 198.995 -67.685 101.816 198.602 -66.913 98.002 197.913
3 0 -66.913 98.002 197.913 -66.358 98.046 198.308 -67.128 101.854 198.995
3 0 -66.470 101.953 199.149 -67.128 101.854 198.995 -66.358 98.046 198.308
3 0 -66.358 98.046 198.308 -65.702 98.156 198.466 -66.470 101.953 199.149
3 0 -65.812 102.099 199.041 -66.470 101.953 199.149 -65.702 98.156 198.466
3 0 -65.702 98.156 198.466 -65.047 98.315 198.361 -65.812 102.099 199.041
3 0 -65.254 102.270 198.686 -65.812 102.099 199.041 -65.047 98.315 198.361
3 0 -65.047 98.315 198.361 -64.490 98.499 198.011 -65.254 102.270 198.686
3 0 -64.880 102.438 198.140 -65.254 102.270 198.686 -64.490 98.499 198.011
3 0 -64.490 98.499 198.011 -64.118 98.680 197.468 -64.880 102.438 198.140
3 0 -64.748 102.579 197.485 -64.880 102.438 198.140 -64.118 98.680 197.468
3 0 -64.118 98.680 197.468 -63.986 98.830 196.815 -64.748 102.579 197.485
3 0 -64.878 102.672 196.821 -64.748 102.579 197.485 -63.986 98.830 196.815
3 0 -63.986 98.830 196.815 -64.115 98.927 196.152 -64.878 102.672 196.821
3 0 -65.250 102.701 196.249 -64.878 102.672 196.821 -64.115 98.927 196.152
3 0 -64.115 98.927 196.152 -64.485 98.956 195.579 -65.250 102.701 196.249
3 0 -65.807 102.664 195.857 -65.250 102.701 196.249 -64.485 98.956 195.579
3 0 -64.485 98.956 195.579 -65.040 98.912 195.183 -65.807 102.664 195.857
3 0 -66.465 102.564 195.703 -65.807 102.664 195.857 -65.040 98.912 195.183
3 0 -65.040 98.912 195.183 -65.695 98.802 195.026 -66.465 102.564 195.703
3 0 -67.123 102.418 195.811 -66.465 102.564 195.703 -65.695 98.802 195.026
3 0 -65.695 98.802 195.026 -66.351 98.643 195.130 -67.123 102.418 195.811
3 0 -67.681 102.248 196.165 -67.123 102.418 195.811 -66.351 98.643 195.130
3 0 -66.351 98.643 195.130 -66.907 98.459 195.480 -67.681 102.248 196.165
3 0 -68.780 97.549 198.210 -69.560 101.400 198.911 -70.117 101.363 198.518
3 0 -70.117 101.363 198.518 -69.335 97.505 197.814 -68.780 97.549 198.210
3 0 -68.125 97.659 198.367 -68.902 101.500 199.065 -69.560 101.400 198.911
3 0 -69.560 101.400 198.911 -68.780 97.549 198.210 -68.125 97.659 198.367
3 0 -67.469 97.818 198.263 -68.244 101.646 198.956 -68.902 101.500 199.065
3 0 -68.902 101.500 199.065 -68.125 97.659 198.367 -67.469 97.818 198.263
3 0 -66.913 98.002 197.913 -67.685 101.816 198.602 -68.244 101.646 198.956
3 0 -68.244 101.646 198.956 -67.469 97.818 198.263 -66.913 98.002 197.913
3 0 -67.462 98.415 195.085 -68.239 102.210 195.772 -67.681 102.248 196.165
3 0 -67.681 102.248 196.165 -66.907 98.459 195.480 -67.462 98.415 195.085
3 0 -68.118 98.305 194.927 -68.897 102.111 195.619 -68.239 102.210 195.772
3 0 -68.239 102.210 195.772 -67.462 98.415 195.085 -68.118 98.305 194.927
3 0 -68.773 98.146 195.032 -69.555 101.965 195.727 -68.897 102.111 195.619
3 0 -68.897 102.111 195.619 -68.118 98.305 194.927 -68.773 98.146 195.032
3 0 -69.330 97.962 195.382 -70.113 101.794 196.081 -69.555 101.965 195.727
3 0 -69.555 101.965 195.727 -68.773 98.146 195.032 -69.330 97.962 195.382
3 0 -71.202 97.053 198.111 -71.990 100.947 198.827 -72.547 100.909 198.434
3 0 -72.547 100.909 198.434 -71.757 97.009 197.716 -71.202 97.053 198.111
3 0 -70.547 97.163 198.269 -71.333 101.046 198.981 -71.990 100.947 198.827
3 0 -71.990 100.947 198.827 -71.202 97.053 198.111 -70.547 97.163 198.269
3 0 -69.891 97.322 198.164 -70.674 101.192 198.872 -71.333 101.046 198.981
3 0 -71.333 101.046 198.981 -70.547 97.163 198.269 -69.891 97.322 198.164
3 0 -69.335 97.505 197.814 -70.117 101.363 198.518 -70.674 101.192 198.872
3 0 -70.674 101.192 198.872 -69.891 97.322 198.164 -69.335 97.505 197.814
3 0 -69.884 97.919 194.986 -70.669 101.757 195.688 -70.113 101.794 196.081
3 0 -70.113 101.794 196.081 -69.330 97.962 195.382 -69.884 97.919 194.986
3 0 -70.539 97.809 194.829 -71.327 101.657 195.534 -70.669 101.757 195.688
3 0 -70.669 101.757 195.688 -69.884 97.919 194.986 -70.539 97.809 194.829
3 0 -71.195 97.650 194.933 -71.985 101.511 195.643 -71.327 101.657 195.534
3 0 -71.327 101.657 195.534 -70.539 97.809 194.829 -71.195 97.650 194.933
3 0 -71.752 97.466 195.283 -72.544 101.341 195.997 -71.985 101.511 195.643
3 0 -71.985 101.511 195.643 -71.195 97.650 194.933 -71.752 97.466 195.283
3 0 -73.101 101.303 195.604 -72.544 101.341 195.997 -71.752 97.466 195.283
3 0 -71.752 97.466 195.283 -72.307 97.422 194.888 -73.101 101.303 195.604
3 0 -73.759 101.204 195.450 -73.101 101.303 195.604 -72.307 97.422 194.888
3 0 -72.307 97.422 194.888 -72.962 97.312 194.730 -73.759 101.204 195.450
3 0 -74.417 101.058 195.559 -73.759 101.204 195.450 -72.962 97.312 194.730
3 0 -72.962 97.312 194.730 -73.618 97.153 194.834 -74.417 101.058 195.559
3 0 -74.975 100.888 195.913 -74.417 101.058 195.559 -73.618 97.153 194.834
3 0 -73.618 97.153 194.834 -74.174 96.969 195.185 -74.975 100.888 195.913
3 0 -75.349 100.719 196.459 -74.975 100.888 195.913 -74.174 96.969 195.185
3 0 -74.174 96.969 195.185 -74.547 96.788 195.728 -75.349 100.719 196.459
3 0 -75.481 100.578 197.114 -75.349 100.719 196.459 -74.547 96.788 195.728
3 0 -74.547 96.788 195.728 -74.679 96.638 196.380 -75.481 100.578 197.114
3 0 -75.351 100.485 197.778 -75.481 100.578 197.114 -74.679 96.638 196.380
3 0 -74.679 96.638 196.380 -74.550 96.541 197.044 -75.351 100.485 197.778
3 0 -74.979 100.456 198.350 -75.351 100.485 197.778 -74.550 96.541 197.044
3 0 -74.550 96.541 197.044 -74.180 96.512 197.617 -74.979 100.456 198.350
3 0 -74.422 100.493 198.743 -74.979 100.456 198.350 -74.180 96.512 197.617
3 0 -74.180 96.512 197.617 -73.625 96.556 198.012 -74.422 100.493 198.743
3 0 -73.764 100.593 198.896 -74.422 100.493 198.743 -73.625 96.556 198.012
3 0 -73.625 96.556 198.012 -72.969 96.666 198.170 -73.764 100.593 198.896
3 0 -73.106 100.739 198.788 -73.764 100.593 198.896 -72.969 96.666 198.170
3 0 -72.969 96.666 198.170 -72.314 96.825 198.066 -73.106 100.739 198.788
3 0 -72.547 100.909 198.434 -73.106 100.739 198.788 -72.314 96.825 198.066
3 0 -72.314 96.825 198.066 -71.757 97.009 197.716 -72.547 100.909 198.434
3 0 -67.819 105.679 199.643 -68.379 105.648 199.253 -67.685 101.816 198.602
3 0 -67.685 101.816 198.602 -67.128 101.854 198.995 -67.819 105.679 199.643
3 0 -67.159 105.766 199.793 -67.819 105.679 199.643 -67.128 101.854 198.995
3 0 -67.128 101.854 198.995 -66.470 101.953 199.149 -67.159 105.766 199.793
3 0 -66.499 105.898 199.681 -67.159 105.766 199.793 -66.470 101.953 199.149
3 0 -66.470 101.953 199.149 -65.812 102.099 199.041 -66.499 105.898 199.681
3 0 -65.938 106.053 199.323 -66.499 105.898 199.681 -65.812 102.099 199.041
3 0 -65.812 102.099 199.041 -65.254 102.270 198.686 -65.938 106.053 199.323
3 0 -65.564 106.208 198.773 -65.938 106.053 199.323 -65.254 102.270 198.686
3 0 -65.254 102.270 198.686 -64.880 102.438 198.140 -65.564 106.208 198.773
3 0 -65.432 106.339 198.116 -65.564 106.208 198.773 -64.880 102.438 198.140
3 0 -64.880 102.438 198.140 -64.748 102.579 197.485 -65.432 106.339 198.116
3 0 -65.562 106.427 197.452 -65.432 106.339 198.116 -64.748 102.579 197.485
3 0 -64.748 102.579 197.485 -64.878 102.672 196.821 -65.562 106.427 197.452
3 0 -65.936 106.458 196.881 -65.562 106.427 197.452 -64.878 102.672 196.821
3 0 -64.878 102.672 196.821 -65.250 102.701 196.249 -65.936 106.458 196.881
3 0 -66.495 106.427 196.491 -65.936 106.458 196.881 -65.250 102.701 196.249
3 0 -65.250 102.701 196.249 -65.807 102.664 195.857 -66.495 106.427 196.491
3 0 -67.155 106.340 196.341 -66.495 106.427 196.491 -65.807 102.664 195.857
3 0 -65.807 102.664 195.857 -66.465 102.564 195.703 -67.155 106.340 196.341
3 0 -67.816 106.208 196.453 -67.155 106.340 196.341 -66.465 102.564 195.703
3 0 -66.465 102.564 195.703 -67.123 102.418 195.811 -67.816 106.208 196.453
3 0 -68.376 106.053 196.811 -67.816 106.208 196.453 -67.123 102.418 195.811
3 0 -67.123 102.418 195.811 -67.681 102.248 196.165 -68.376 106.053 196.811
3 0 -69.560 101.400 198.911 -70.260 105.273 199.573 -70.819 105.242 199.183
3 0 -70.819 105.242 199.183 -70.117 101.363 198.518 -69.560 101.400 198.911
3 0 -68.902 101.500 199.065 -69.600 105.361 199.723 -70.260 105.273 199.573
3 0 -70.260 105.273 199.573 -69.560 101.400 198.911 -68.902 101.500 199.065
3 0 -68.244 101.646 198.956 -68.939 105.493 199.611 -69.600 105.361 199.723
3 0 -69.600 105.361 199.723 -68.902 101.500 199.065 -68.244 101.646 198.956
3 0 -67.685 101.816 198.602 -68.379 105.648 199.253 -68.939 105.493 199.611
3 0 -68.939 105.493 199.611 -68.244 101.646 198.956 -67.685 101.816 198.602
3 0 -68.239 102.210 195.772 -68.936 106.022 196.421 -68.376 106.053 196.811
3 0 -68.376 106.053 196.811 -67.681 102.248 196.165 -68.239 102.210 195.772
3 0 -68.897 102.111 195.619 -69.596 105.934 196.271 -68.936 106.022 196.421
3 0 -68.936 106.022 196.421 -68.239 102.210 195.772 -68.897 102.111 195.619
3 0 -69.555 101.965 195.727 -70.257 105.803 196.383 -69.596 105.934 196.271
3 0 -69.596 105.934 196.271 -68.897 102.111 195.619 -69.555 101.965 195.727
3 0 -70.113 101.794 196.081 -70.817 105.648 196.741 -70.257 105.803 196.383
3 0 -70.257 105.803 196.383 -69.555 101.965 195.727 -70.113 101.794 196.081
3 0 -71.990 100.947 198.827 -72.700 104.868 199.503 -73.259 104.837 199.113
3 0 -73.259 104.837 199.113 -72.547 100.909 198.434 -71.990 100.947 198.827
3 0 -71.333 101.046 198.981 -72.039 104.956 199.654 -72.700 104.868 199.503
3 0 -72.700 104.868 199.503 -71.990 100.947 198.827 -71.333 101.046 198.981
3 0 -70.674 101.192 198.872 -71.379 105.088 199.541 -72.039 104.956 199.654
3 0 -72.039 104.956 199.654 -71.333 101.046 198.981 -70.674 101.192 198.872
3 0 -70.117 101.363 198.518 -70.819 105.242 199.183 -71.379 105.088 199.541
3 0 -71.379 105.088 199.541 -70.674 101.192 198.872 -70.117 101.363 198.518
3 0 -70.669 101.757 195.688 -71.375 105.617 196.351 -70.817 105.648 196.741
3 0 -70.817 105.648 196.741 -70.113 101.794 196.081 -70.669 101.757 195.688
3 0 -71.327 101.657 195.534 -72.036 105.529 196.201 -71.375 105.617 196.351
3 0 -71.375 105.617 196.351 -70.669 101.757 195.688 -71.327 101.657 195.534
3 0 -71.985 101.511 195.643 -72.696 105.398 196.313 -72.036 105.529 196.201
3 0 -72.036 105.529 196.201 -71.327 101.657 195.534 -71.985 101.511 195.643
3 0 -72.544 101.341 195.997 -73.256 105.243 196.672 -72.696 105.398 196.313
3 0 -72.696 105.398 196.313 -71.985 101.511 195.643 -72.544 101.341 195.997
3 0 -73.816 105.212 196.281 -73.256 105.243 196.672 -72.544 101.341 195.997
3 0 -72.544 101.341 195.997 -73.101 101.303 195.604 -73.816 105.212 196.281
3 0 -74.476 105.124 196.131 -73.816 105.212 196.281 -73.101 101.303 195.604
3 0 -73.101 101.303 195.604 -73.759 101.204 195.450 -74.476 105.124 196.131
3 0 -75.137 104.993 196.243 -74.476 105.124 196.131 -73.759 101.204 195.450
3 0 -73.759 101.204 195.450 -74.417 101.058 195.559 -75.137 104.993 196.243
3 0 -75.697 104.838 196.602 -75.137 104.993 196.243 -74.417 101.058 195.559
3 0 -74.417 101.058 195.559 -74.975 100.888 195.913 -75.697 104.838 196.602
3 0 -76.072 104.682 197.151 -75.697 104.838 196.602 -74.975 100.888 195.913
3 0 -74.975 100.888 195.913 -75.349 100.719 196.459 -76.072 104.682 197.151
3 0 -76.204 104.551 197.808 -76.072 104.682 197.151 -75.349 100.719 196.459
3 0 -75.349 100.719 196.459 -75.481 100.578 197.114 -76.204 104.551 197.808
3 0 -76.073 104.463 198.472 -76.204 104.551 197.808 -75.481 100.578 197.114
3 0 -75.481 100.578 197.114 -75.351 100.485 197.778 -76.073 104.463 198.472
3 0 -75.700 104.432 199.043 -76.073 104.463 198.472 -75.351 100.485 197.778
3 0 -75.351 100.485 197.778 -74.979 100.456 198.350 -75.700 104.432 199.043
3 0 -75.140 104.463 199.433 -75.700 104.432 199.043 -74.979 100.456 198.350
3 0 -74.979 100.456 198.350 -74.422 100.493 198.743 -75.140 104.463 199.433
3 0 -74.480 104.551 199.584 -75.140 104.463 199.433 -74.422 100.493 198.743
3 0 -74.422 100.493 198.743 -73.764 100.593 198.896 -74.480 104.551 199.584
3 0 -73.819 104.682 199.471 -74.480 104.551 199.584 -73.764 100.593 198.896
3 0 -73.764 100.593 198.896 -73.106 100.739 198.788 -73.819 104.682 199.471
3 0 -73.259 104.837 199.113 -73.819 104.682 199.471 -73.106 100.739 198.788
3 0 -73.106 100.739 198.788 -72.547 100.909 198.434 -73.259 104.837 199.113
3 0 -68.430 109.519 200.252 -68.991 109.496 199.865 -68.379 105.648 199.253
3 0 -68.379 105.648 199.253 -67.819 105.679 199.643 -68.430 109.519 200.252
3 0 -67.767 109.594 200.399 -68.430 109.519 200.252 -67.819 105.679 199.643
3 0 -67.819 105.679 199.643 -67.159 105.766 199.793 -67.767 109.594 200.399
3 0 -67.104 109.710 200.283 -67.767 109.594 200.399 -67.159 105.766 199.793
3 0 -67.159 105.766 199.793 -66.499 105.898 199.681 -67.104 109.710 200.283
3 0 -66.542 109.849 199.921 -67.104 109.710 200.283 -66.499 105.898 199.681
3 0 -66.499 105.898 199.681 -65.938 106.053 199.323 -66.542 109.849 199.921
3 0 -66.166 109.990 199.369 -66.542 109.849 199.921 -65.938 106.053 199.323
3 0 -65.938 106.053 199.323 -65.564 106.208 198.773 -66.166 109.990 199.369
3 0 -66.034 110.111 198.710 -66.166 109.990 199.369 -65.564 106.208 198.773
3 0 -65.564 106.208 198.773 -65.432 106.339 198.116 -66.034 110.111 198.710
3 0 -66.165 110.195 198.045 -66.034 110.111 198.710 -65.432 106.339 198.116
3 0 -65.432 106.339 198.116 -65.562 106.427 197.452 -66.165 110.195 198.045
3 0 -66.540 110.227 197.475 -66.165 110.195 198.045 -65.562 106.427 197.452
3 0 -65.562 106.427 197.452 -65.936 106.458 196.881 -66.540 110.227 197.475
3 0 -67.102 110.204 197.087 -66.540 110.227 197.475 -65.936 106.458 196.881
3 0 -65.936 106.458 196.881 -66.495 106.427 196.491 -67.102 110.204 197.087
3 0 -67.764 110.129 196.941 -67.102 110.204 197.087 -66.495 106.427 196.491
3 0 -66.495 106.427 196.491 -67.155 106.340 196.341 -67.764 110.129 196.941
3 0 -68.427 110.013 197.057 -67.764 110.129 196.941 -67.155 106.340 196.341
3 0 -67.155 106.340 196.341 -67.816 106.208 196.453 -68.427 110.013 197.057
3 0 -68.989 109.874 197.419 -68.427 110.013 197.057 -67.816 106.208 196.453
3 0 -67.816 106.208 196.453 -68.376 106.053 196.811 -68.989 109.874 197.419
3 0 -70.260 105.273 199.573 -70.879 109.166 200.196 -71.440 109.143 199.808
3 0 -71.440 109.143 199.808 -70.819 105.242 199.183 -70.260 105.273 199.573
3 0 -69.600 105.361 199.723 -70.216 109.241 200.343 -70.879 109.166 200.196
3 0 -70.879 109.166 200.196 -70.260 105.273 199.573 -69.600 105.361 199.723
3 0 -68.939 105.493 199.611 -69.553 109.357 200.227 -70.216 109.241 200.343
3 0 -70.216 109.241 200.343 -69.600 105.361 199.723 -68.939 105.493 199.611
3 0 -68.379 105.648 199.253 -68.991 109.496 199.865 -69.553 109.357 200.227
3 0 -69.553 109.357 200.227 -68.939 105.493 199.611 -68.379 105.648 199.253
3 0 -68.936 106.022 196.421 -69.551 109.851 197.031 -68.989 109.874 197.419
3 0 -68.989 109.874 197.419 -68.376 106.053 196.811 -68.936 106.022 196.421
3 0 -69.596 105.934 196.271 -70.214 109.776 196.884 -69.551 109.851 197.031
3 0 -69.551 109.851 197.031 -68.936 106.022 196.421 -69.596 105.934 196.271
3 0 -70.257 105.803 196.383 -70.876 109.660 197.001 -70.214 109.776 196.884
3 0 -70.214 109.776 196.884 -69.596 105.934 196.271 -70.257 105.803 196.383
3 0 -70.817 105.648 196.741 -71.438 109.521 197.363 -70.876 109.660 197.001
3 0 -70.876 109.660 197.001 -70.257 105.803 196.383 -70.817 105.648 196.741
3 0 -72.700 104.868 199.503 -73.327 108.813 200.140 -73.888 108.790 199.752
3 0 -73.888 108.790 199.752 -73.259 104.837 199.113 -72.700 104.868 199.503
3 0 -72.039 104.956 199.654 -72.664 108.889 200.287 -73.327 108.813 200.140
3 0 -73.327 108.813 200.140 -72.700 104.868 199.503 -72.039 104.956 199.654
3 0 -71.379 105.088 199.541 -72.001 109.004 200.170 -72.664 108.889 200.287
3 0 -72.664 108.889 200.287 -72.039 104.956 199.654 -71.379 105.088 199.541
3 0 -70.819 105.242 199.183 -71.440 109.143 199.808 -72.001 109.004 200.170
3 0 -72.001 109.004 200.170 -71.379 105.088 199.541 -70.819 105.242 199.183
3 0 -71.375 105.617 196.351 -71.999 109.498 196.975 -71.438 109.521 197.363
3 0 -71.438 109.521 197.363 -70.817 105.648 196.741 -71.375 105.617 196.351
3 0 -72.036 105.529 196.201 -72.662 109.423 196.828 -71.999 109.498 196.975
3 0 -71.999 109.498 196.975 -71.375 105.617 196.351 -72.036 105.529 196.201
3 0 -72.696 105.398 196.313 -73.324 109.307 196.944 -72.662 109.423 196.828
3 0 -72.662 109.423 196.828 -72.036 105.529 196.201 -72.696 105.398 196.313
3 0 -73.256 105.243 196.672 -73.886 109.168 197.306 -73.324 109.307 196.944
3 0 -73.324 109.307 196.944 -72.696 105.398 196.313 -73.256 105.243 196.672
3 0 -74.448 109.145 196.918 -73.886 109.168 197.306 -73.256 105.243 196.672
3 0 -73.256 105.243 196.672 -73.816 105.212 196.281 -74.448 109.145 196.918
3 0 -75.111 109.070 196.772 -74.448 109.145 196.918 -73.816 105.212 196.281
3 0 -73.816 105.212 196.281 -74.476 105.124 196.131 -75.111 109.070 196.772
3 0 -75.773 108.954 196.888 -75.111 109.070 196.772 -74.476 105.124 196.131
3 0 -74.476 105.124 196.131 -75.137 104.993 196.243 -75.773 108.954 196.888
3 0 -76.335 108.816 197.250 -75.773 108.954 196.888 -75.137 104.993 196.243
3 0 -75.137 104.993 196.243 -75.697 104.838 196.602 -76.335 108.816 197.250
3 0 -76.711 108.675 197.802 -76.335 108.816 197.250 -75.697 104.838 196.602
3 0 -75.697 104.838 196.602 -76.072 104.682 197.151 -76.711 108.675 197.802
3 0 -76.843 108.553 198.461 -76.711 108.675 197.802 -76.072 104.682 197.151
3 0 -76.072 104.682 197.151 -76.204 104.551 197.808 -76.843 108.553 198.461
3 0 -76.712 108.470 199.126 -76.843 108.553 198.461 -76.204 104.551 197.808
3 0 -76.204 104.551 197.808 -76.073 104.463 198.472 -76.712 108.470 199.126
3 0 -76.337 108.437 199.696 -76.712 108.470 199.126 -76.073 104.463 198.472
3 0 -76.073 104.463 198.472 -75.700 104.432 199.043 -76.337 108.437 199.696
3 0 -75.776 108.460 200.084 -76.337 108.437 199.696 -75.700 104.432 199.043
3 0 -75.700 104.432 199.043 -75.140 104.463 199.433 -75.776 108.460 200.084
3 0 -75.113 108.536 200.230 -75.776 108.460 200.084 -75.140 104.463 199.433
3 0 -75.140 104.463 199.433 -74.480 104.551 199.584 -75.113 108.536 200.230
3 0 -74.450 108.651 200.114 -75.113 108.536 200.230 -74.480 104.551 199.584
3 0 -74.480 104.551 199.584 -73.819 104.682 199.471 -74.450 108.651 200.114
3 0 -73.888 108.790 199.752 -74.450 108.651 200.114 -73.819 104.682 199.471
3 0 -73.819 104.682 199.471 -73.259 104.837 199.113 -73.888 108.790 199.752
3 0 -68.949 113.374 200.820 -69.513 113.360 200.434 -68.991 109.496 199.865
3 0 -68.991 109.496 199.865 -68.430 109.519 200.252 -68.949 113.374 200.820
3 0 -68.285 113.435 200.963 -68.949 113.374 200.820 -68.430 109.519 200.252
3 0 -68.430 109.519 200.252 -67.767 109.594 200.399 -68.285 113.435 200.963
3 0 -67.620 113.534 200.843 -68.285 113.435 200.963 -67.767 109.594 200.399
3 0 -67.767 109.594 200.399 -67.104 109.710 200.283 -67.620 113.534 200.843
3 0 -67.056 113.655 200.478 -67.620 113.534 200.843 -67.104 109.710 200.283
3 0 -67.104 109.710 200.283 -66.542 109.849 199.921 -67.056 113.655 200.478
3 0 -66.679 113.781 199.922 -67.056 113.655 200.478 -66.542 109.849 199.921
3 0 -66.542 109.849 199.921 -66.166 109.990 199.369 -66.679 113.781 199.922
3 0 -66.547 113.891 199.261 -66.679 113.781 199.922 -66.166 109.990 199.369
3 0 -66.166 109.990 199.369 -66.034 110.111 198.710 -66.547 113.891 199.261
3 0 -66.678 113.970 198.596 -66.547 113.891 199.261 -66.034 110.111 198.710
3 0 -66.034 110.111 198.710 -66.165 110.195 198.045 -66.678 113.970 198.596
3 0 -67.055 114.005 198.028 -66.678 113.970 198.596 -66.165 110.195 198.045
3 0 -66.165 110.195 198.045 -66.540 110.227 197.475 -67.055 114.005 198.028
3 0 -67.618 113.991 197.642 -67.055 114.005 198.028 -66.540 110.227 197.475
3 0 -66.540 110.227 197.475 -67.102 110.204 197.087 -67.618 113.991 197.642
3 0 -68.283 113.929 197.499 -67.618 113.991 197.642 -67.102 110.204 197.087
3 0 -67.102 110.204 197.087 -67.764 110.129 196.941 -68.283 113.929 197.499
3 0 -68.948 113.831 197.619 -68.283 113.929 197.499 -67.764 110.129 196.941
3 0 -67.764 110.129 196.941 -68.427 110.013 197.057 -68.948 113.831 197.619
3 0 -69.512 113.709 197.984 -68.948 113.831 197.619 -68.427 110.013 197.057
3 0 -68.427 110.013 197.057 -68.989 109.874 197.419 -69.512 113.709 197.984
3 0 -70.879 109.166 200.196 -71.406 113.079 200.777 -71.970 113.065 200.391
3 0 -71.970 113.065 200.391 -71.440 109.143 199.808 -70.879 109.166 200.196
3 0 -70.216 109.241 200.343 -70.741 113.140 200.920 -71.406 113.079 200.777
3 0 -71.406 113.079 200.777 -70.879 109.166 200.196 -70.216 109.241 200.343
3 0 -69.553 109.357 200.227 -70.077 113.239 200.800 -70.741 113.140 200.920
3 0 -70.741 113.140 200.920 -70.216 109.241 200.343 -69.553 109.357 200.227
3 0 -68.991 109.496 199.865 -69.513 113.360 200.434 -70.077 113.239 200.800
3 0 -70.077 113.239 200.800 -69.553 109.357 200.227 -68.991 109.496 199.865
3 0 -69.551 109.851 197.031 -70.075 113.695 197.599 -69.512 113.709 197.984
3 0 -69.512 113.709 197.984 -68.989 109.874 197.419 -69.551 109.851 197.031
3 0 -70.214 109.776 196.884 -70.740 113.634 197.455 -70.075 113.695 197.599
3 0 -70.075 113.695 197.599 -69.551 109.851 197.031 -70.214 109.776 196.884
3 0 -70.876 109.660 197.001 -71.405 113.535 197.575 -70.740 113.634 197.455
3 0 -70.740 113.634 197.455 -70.214 109.776 196.884 -70.876 109.660 197.001
3 0 -71.438 109.521 197.363 -71.968 113.414 197.941 -71.405 113.535 197.575
3 0 -71.405 113.535 197.575 -70.876 109.660 197.001 -71.438 109.521 197.363
3 0 -73.327 108.813 200.140 -73.862 112.784 200.733 -74.426 112.770 200.348
3 0 -74.426 112.770 200.348 -73.888 108.790 199.752 -73.327 108.813 200.140
3 0 -72.664 108.889 200.287 -73.197 112.845 200.877 -73.862 112.784 200.733
3 0 -73.862 112.784 200.733 -73.327 108.813 200.140 -72.664 108.889 200.287
3 0 -72.001 109.004 200.170 -72.533 112.944 200.757 -73.197 112.845 200.877
3 0 -73.197 112.845 200.877 -72.664 108.889 200.287 -72.001 109.004 200.170
3 0 -71.440 109.143 199.808 -71.970 113.065 200.391 -72.533 112.944 200.757
3 0 -72.533 112.944 200.757 -72.001 109.004 200.170 -71.440 109.143 199.808
3 0 -71.999 109.498 196.975 -72.531 113.400 197.556 -71.968 113.414 197.941
3 0 -71.968 113.414 197.941 -71.438 109.521 197.363 -71.999 109.498 196.975
3 0 -72.662 109.423 196.828 -73.196 113.339 197.412 -72.531 113.400 197.556
3 0 -72.531 113.400 197.556 -71.999 109.498 196.975 -72.662 109.423 196.828
3 0 -73.324 109.307 196.944 -73.861 113.240 197.532 -73.196 113.339 197.412
3 0 -73.196 113.339 197.412 -72.662 109.423 196.828 -73.324 109.307 196.944
3 0 -73.886 109.168 197.306 -74.424 113.119 197.898 -73.861 113.240 197.532
3 0 -73.861 113.240 197.532 -73.324 109.307 196.944 -73.886 109.168 197.306
3 0 -74.988 113.105 197.512 -74.424 113.119 197.898 -73.886 109.168 197.306
3 0 -73.886 109.168 197.306 -74.448 109.145 196.918 -74.988 113.105 197.512
3 0 -75.653 113.044 197.369 -74.988 113.105 197.512 -74.448 109.145 196.918
3 0 -74.448 109.145 196.918 -75.111 109.070 196.772 -75.653 113.044 197.369
3 0 -76.318 112.945 197.489 -75.653 113.044 197.369 -75.111 109.070 196.772
3 0 -75.111 109.070 196.772 -75.773 108.954 196.888 -76.318 112.945 197.489
3 0 -76.881 112.824 197.855 -76.318 112.945 197.489 -75.773 108.954 196.888
3 0 -75.773 108.954 196.888 -76.335 108.816 197.250 -76.881 112.824 197.855
3 0 -77.258 112.698 198.410 -76.881 112.824 197.855 -76.335 108.816 197.250
3 0 -76.335 108.816 197.250 -76.711 108.675 197.802 -77.258 112.698 198.410
3 0 -77.391 112.588 199.071 -77.258 112.698 198.410 -76.711 108.675 197.802
3 0 -76.711 108.675 197.802 -76.843 108.553 198.461 -77.391 112.588 199.071
3 0 -77.259 112.509 199.736 -77.391 112.588 199.071 -76.843 108.553 198.461
3 0 -76.843 108.553 198.461 -76.712 108.470 199.126 -77.259 112.509 199.736
3 0 -76.882 112.474 200.305 -77.259 112.509 199.736 -76.712 108.470 199.126
3 0 -76.712 108.470 199.126 -76.337 108.437 199.696 -76.882 112.474 200.305
3 0 -76.319 112.488 200.690 -76.882 112.474 200.305 -76.337 108.437 199.696
3 0 -76.337 108.437 199.696 -75.776 108.460 200.084 -76.319 112.488 200.690
3 0 -75.654 112.550 200.834 -76.319 112.488 200.690 -75.776 108.460 200.084
3 0 -75.776 108.460 200.084 -75.113 108.536 200.230 -75.654 112.550 200.834
3 0 -74.989 112.648 200.714 -75.654 112.550 200.834 -75.113 108.536 200.230
3 0 -75.113 108.536 200.230 -74.450 108.651 200.114 -74.989 112.648 200.714
3 0 -74.426 112.770 200.348 -74.989 112.648 200.714 -74.450 108.651 200.114
3 0 -74.450 108.651 200.114 -73.888 108.790 199.752 -74.426 112.770 200.348
3 0 -69.372 117.241 201.343 -69.937 117.237 200.960 -69.513 113.360 200.434
3 0 -69.513 113.360 200.434 -68.949 113.374 200.820 -69.372 117.241 201.343
3 0 -68.705 117.287 201.483 -69.372 117.241 201.343 -68.949 113.374 200.820
3 0 -68.949 113.374 200.820 -68.285 113.435 200.963 -68.705 117.287 201.483
3 0 -68.038 117.366 201.359 -68.705 117.287 201.483 -68.285 113.435 200.963
3 0 -68.285 113.435 200.963 -67.620 113.534 200.843 -68.038 117.366 201.359
3 0 -67.473 117.468 200.990 -68.038 117.366 201.359 -67.620 113.534 200.843
3 0 -67.620 113.534 200.843 -67.056 113.655 200.478 -67.473 117.468 200.990
3 0 -67.095 117.577 200.432 -67.473 117.468 200.990 -67.056 113.655 200.478
3 0 -67.056 113.655 200.478 -66.679 113.781 199.922 -67.095 117.577 200.432
3 0 -66.962 117.675 199.770 -67.095 117.577 200.432 -66.679 113.781 199.922
3 0 -66.679 113.781 199.922 -66.547 113.891 199.261 -66.962 117.675 199.770
3 0 -67.095 117.749 199.104 -66.962 117.675 199.770 -66.547 113.891 199.261
3 0 -66.547 113.891 199.261 -66.678 113.970 198.596 -67.095 117.749 199.104
3 0 -67.472 117.787 198.536 -67.095 117.749 199.104 -66.678 113.970 198.596
3 0 -66.678 113.970 198.596 -67.055 114.005 198.028 -67.472 117.787 198.536
3 0 -68.037 117.783 198.153 -67.472 117.787 198.536 -67.055 114.005 198.028
3 0 -67.055 114.005 198.028 -67.618 113.991 197.642 -68.037 117.783 198.153
3 0 -68.704 117.737 198.013 -68.037 117.783 198.153 -67.618 113.991 197.642
3 0 -67.618 113.991 197.642 -68.283 113.929 197.499 -68.704 117.737 198.013
3 0 -69.371 117.658 198.136 -68.704 117.737 198.013 -68.283 113.929 197.499
3 0 -68.283 113.929 197.499 -68.948 113.831 197.619 -69.371 117.658 198.136
3 0 -69.936 117.556 198.505 -69.371 117.658 198.136 -68.948 113.831 197.619
3 0 -68.948 113.831 197.619 -69.512 113.709 197.984 -69.936 117.556 198.505
3 0 -71.406 113.079 200.777 -71.836 117.010 201.312 -72.401 117.006 200.929
3 0 -72.401 117.006 200.929 -71.970 113.065 200.391 -71.406 113.079 200.777
3 0 -70.741 113.140 200.920 -71.169 117.055 201.453 -71.836 117.010 201.312
3 0 -71.836 117.010 201.312 -71.406 113.079 200.777 -70.741 113.140 200.920
3 0 -70.077 113.239 200.800 -70.502 117.135 201.329 -71.169 117.055 201.453
3 0 -71.169 117.055 201.453 -70.741 113.140 200.920 -70.077 113.239 200.800
3 0 -69.513 113.360 200.434 -69.937 117.237 200.960 -70.502 117.135 201.329
3 0 -70.502 117.135 201.329 -70.077 113.239 200.800 -69.513 113.360 200.434
3 0 -70.075 113.695 197.599 -70.501 117.552 198.122 -69.936 117.556 198.505
3 0 -69.936 117.556 198.505 -69.512 113.709 197.984 -70.075 113.695 197.599
3 0 -70.740 113.634 197.455 -71.168 117.506 197.982 -70.501 117.552 198.122
3 0 -70.501 117.552 198.122 -70.075 113.695 197.599 -70.740 113.634 197.455
3 0 -71.405 113.535 197.575 -71.835 117.426 198.106 -71.168 117.506 197.982
3 0 -71.168 117.506 197.982 -70.740 113.634 197.455 -71.405 113.535 197.575
3 0 -71.968 113.414 197.941 -72.400 117.325 198.475 -71.835 117.426 198.106
3 0 -71.835 117.426 198.106 -71.405 113.535 197.575 -71.968 113.414 197.941
3 0 -73.862 112.784 200.733 -74.299 116.779 201.282 -74.864 116.775 200.898
3 0 -74.864 116.775 200.898 -74.426 112.770 200.348 -73.862 112.784 200.733
3 0 -73.197 112.845 200.877 -73.632 116.824 201.422 -74.299 116.779 201.282
3 0 -74.299 116.779 201.282 -73.862 112.784 200.733 -73.197 112.845 200.877
3 0 -72.533 112.944 200.757 -72.965 116.904 201.298 -73.632 116.824 201.422
3 0 -73.632 116.824 201.422 -73.197 112.845 200.877 -72.533 112.944 200.757
3 0 -71.970 113.065 200.391 -72.401 117.006 200.929 -72.965 116.904 201.298
3 0 -72.965 116.904 201.298 -72.533 112.944 200.757 -71.970 113.065 200.391
3 0 -72.531 113.400 197.556 -72.964 117.320 198.091 -72.400 117.325 198.475
3 0 -72.400 117.325 198.475 -71.968 113.414 197.941 -72.531 113.400 197.556
3 0 -73.196 113.339 197.412 -73.631 117.275 197.951 -72.964 117.320 198.091
3 0 -72.964 117.320 198.091 -72.531 113.400 197.556 -73.196 113.339 197.412
3 0 -73.861 113.240 197.532 -74.298 117.195 198.075 -73.631 117.275 197.951
3 0 -73.631 117.275 197.951 -73.196 113.339 197.412 -73.861 113.240 197.532
3 0 -74.424 113.119 197.898 -74.863 117.093 198.444 -74.298 117.195 198.075
3 0 -74.298 117.195 198.075 -73.861 113.240 197.532 -74.424 113.119 197.898
3 0 -75.428 117.089 198.061 -74.863 117.093 198.444 -74.424 113.119 197.898
3 0 -74.424 113.119 197.898 -74.988 113.105 197.512 -75.428 117.089 198.061
3 0 -76.095 117.044 197.920 -75.428 117.089 198.061 -74.988 113.105 197.512
3 0 -74.988 113.105 197.512 -75.653 113.044 197.369 -76.095 117.044 197.920
3 0 -76.762 116.964 198.044 -76.095 117.044 197.920 -75.653 113.044 197.369
3 0 -75.653 113.044 197.369 -76.318 112.945 197.489 -76.762 116.964 198.044
3 0 -77.327 116.862 198.413 -76.762 116.964 198.044 -76.318 112.945 197.489
3 0 -76.318 112.945 197.489 -76.881 112.824 197.855 -77.327 116.862 198.413
3 0 -77.705 116.754 198.972 -77.327 116.862 198.413 -76.881 112.824 197.855
3 0 -76.881 112.824 197.855 -77.258 112.698 198.410 -77.705 116.754 198.972
3 0 -77.838 116.655 199.634 -77.705 116.754 198.972 -77.258 112.698 198.410
3 0 -77.258 112.698 198.410 -77.391 112.588 199.071 -77.838 116.655 199.634
3 0 -77.705 116.581 200.300 -77.838 116.655 199.634 -77.391 112.588 199.071
3 0 -77.391 112.588 199.071 -77.259 112.509 199.736 -77.705 116.581 200.300
3 0 -77.328 116.544 200.868 -77.705 116.581 200.300 -77.259 112.509 199.736
3 0 -77.259 112.509 199.736 -76.882 112.474 200.305 -77.328 116.544 200.868
3 0 -76.763 116.548 201.251 -77.328 116.544 200.868 -76.882 112.474 200.305
3 0 -76.882 112.474 200.305 -76.319 112.488 200.690 -76.763 116.548 201.251
3 0 -76.096 116.593 201.391 -76.763 116.548 201.251 -76.319 112.488 200.690
3 0 -76.319 112.488 200.690 -75.654 112.550 200.834 -76.096 116.593 201.391
3 0 -75.429 116.673 201.267 -76.096 116.593 201.391 -75.654 112.550 200.834
3 0 -75.654 112.550 200.834 -74.989 112.648 200.714 -75.429 116.673 201.267
3 0 -74.864 116.775 200.898 -75.429 116.673 201.267 -74.989 112.648 200.714
3 0 -74.989 112.648 200.714 -74.426 112.770 200.348 -74.864 116.775 200.898
3 0 -69.684 121.119 201.817 -70.251 121.126 201.436 -69.937 117.237 200.960
3 0 -69.937 117.237 200.960 -69.372 117.241 201.343 -69.684 121.119 201.817
3 0 -69.016 121.147 201.955 -69.684 121.119 201.817 -69.372 117.241 201.343
3 0 -69.372 117.241 201.343 -68.705 117.287 201.483 -69.016 121.147 201.955
3 0 -68.348 121.206 201.828 -69.016 121.147 201.955 -68.705 117.287 201.483
3 0 -68.705 117.287 201.483 -68.038 117.366 201.359 -68.348 121.206 201.828
3 0 -67.781 121.287 201.455 -68.348 121.206 201.828 -68.038 117.366 201.359
3 0 -68.038 117.366 201.359 -67.473 117.468 200.990 -67.781 121.287 201.455
3 0 -67.402 121.378 200.894 -67.781 121.287 201.455 -67.473 117.468 200.990
3 0 -67.473 117.468 200.990 -67.095 117.577 200.432 -67.402 121.378 200.894
3 0 -67.270 121.464 200.230 -67.402 121.378 200.894 -67.095 117.577 200.432
3 0 -67.095 117.577 200.432 -66.962 117.675 199.770 -67.270 121.464 200.230
3 0 -67.402 121.533 199.564 -67.270 121.464 200.230 -66.962 117.675 199.770
3 0 -66.962 117.675 199.770 -67.095 117.749 199.104 -67.402 121.533 199.564
3 0 -67.781 121.574 198.997 -67.402 121.533 199.564 -67.095 117.749 199.104
3 0 -67.095 117.749 199.104 -67.472 117.787 198.536 -67.781 121.574 198.997
3 0 -68.347 121.581 198.616 -67.781 121.574 198.997 -67.472 117.787 198.536
3 0 -67.472 117.787 198.536 -68.037 117.783 198.153 -68.347 121.581 198.616
3 0 -69.015 121.552 198.478 -68.347 121.581 198.616 -68.037 117.783 198.153
3 0 -68.037 117.783 198.153 -68.704 117.737 198.013 -69.015 121.552 198.478
3 0 -69.684 121.493 198.605 -69.015 121.552 198.478 -68.704 117.737 198.013
3 0 -68.704 117.737 198.013 -69.371 117.658 198.136 -69.684 121.493 198.605
3 0 -70.250 121.412 198.978 -69.684 121.493 198.605 -69.371 117.658 198.136
3 0 -69.371 117.658 198.136 -69.936 117.556 198.505 -70.250 121.412 198.978
3 0 -71.836 117.010 201.312 -72.154 120.958 201.798 -72.720 120.965 201.417
3 0 -72.720 120.965 201.417 -72.401 117.006 200.929 -71.836 117.010 201.312
3 0 -71.169 117.055 201.453 -71.486 120.986 201.935 -72.154 120.958 201.798
3 0 -72.154 120.958 201.798 -71.836 117.010 201.312 -71.169 117.055 201.453
3 0 -70.502 117.135 201.329 -70.817 121.045 201.808 -71.486 120.986 201.935
3 0 -71.486 120.986 201.935 -71.169 117.055 201.453 -70.502 117.135 201.329
3 0 -69.937 117.237 200.960 -70.251 121.126 201.436 -70.817 121.045 201.808
3 0 -70.817 121.045 201.808 -70.502 117.135 201.329 -69.937 117.237 200.960
3 0 -70.501 117.552 198.122 -70.817 121.419 198.597 -70.250 121.412 198.978
3 0 -70.250 121.412 198.978 -69.936 117.556 198.505 -70.501 117.552 198.122
3 0 -71.168 117.506 197.982 -71.485 121.391 198.459 -70.817 121.419 198.597
3 0 -70.817 121.419 198.597 -70.501 117.552 198.122 -71.168 117.506 197.982
3 0 -71.835 117.426 198.106 -72.153 121.332 198.586 -71.485 121.391 198.459
3 0 -71.485 121.391 198.459 -71.168 117.506 197.982 -71.835 117.426 198.106
3 0 -72.400 117.325 198.475 -72.720 121.251 198.959 -72.153 121.332 198.586
3 0 -72.153 121.332 198.586 -71.835 117.426 198.106 -72.400 117.325 198.475
3 0 -74.299 116.779 201.282 -74.623 120.797 201.779 -75.189 120.804 201.398
3 0 -75.189 120.804 201.398 -74.864 116.775 200.898 -74.299 116.779 201.282
3 0 -73.632 116.824 201.422 -73.954 120.825 201.916 -74.623 120.797 201.779
3 0 -74.623 120.797 201.779 -74.299 116.779 201.282 -73.632 116.824 201.422
3 0 -72.965 116.904 201.298 -73.286 120.884 201.789 -73.954 120.825 201.916
3 0 -73.954 120.825 201.916 -73.632 116.824 201.422 -72.965 116.904 201.298
3 0 -72.401 117.006 200.929 -72.720 120.965 201.417 -73.286 120.884 201.789
3 0 -73.286 120.884 201.789 -72.965 116.904 201.298 -72.401 117.006 200.929
3 0 -72.964 117.320 198.091 -73.286 121.258 198.577 -72.720 121.251 198.959
3 0 -72.720 121.251 198.959 -72.400 117.325 198.475 -72.964 117.320 198.091
3 0 -73.631 117.275 197.951 -73.954 121.230 198.440 -73.286 121.258 198.577
3 0 -73.286 121.258 198.577 -72.964 117.320 198.091 -73.631 117.275 197.951
3 0 -74.298 117.195 198.075 -74.622 121.171 198.567 -73.954 121.230 198.440
3 0 -73.954 121.230 198.440 -73.631 117.275 197.951 -74.298 117.195 198.075
3 0 -74.863 117.093 198.444 -75.189 121.090 198.939 -74.622 121.171 198.567
3 0 -74.622 121.171 198.567 -74.298 117.195 198.075 -74.863 117.093 198.444
3 0 -75.755 121.097 198.558 -75.189 121.090 198.939 -74.863 117.093 198.444
3 0 -74.863 117.093 198.444 -75.428 117.089 198.061 -75.755 121.097 198.558
3 0 -76.423 121.069 198.421 -75.755 121.097 198.558 -75.428 117.089 198.061
3 0 -75.428 117.089 198.061 -76.095 117.044 197.920 -76.423 121.069 198.421
3 0 -77.092 121.010 198.548 -76.423 121.069 198.421 -76.095 117.044 197.920
3 0 -76.095 117.044 197.920 -76.762 116.964 198.044 -77.092 121.010 198.548
3 0 -77.658 120.929 198.920 -77.092 121.010 198.548 -76.762 116.964 198.044
3 0 -76.762 116.964 198.044 -77.327 116.862 198.413 -77.658 120.929 198.920
3 0 -78.037 120.839 199.481 -77.658 120.929 198.920 -77.327 116.862 198.413
3 0 -77.327 116.862 198.413 -77.705 116.754 198.972 -78.037 120.839 199.481
3 0 -78.170 120.752 200.145 -78.037 120.839 199.481 -77.705 116.754 198.972
3 0 -77.705 116.754 198.972 -77.838 116.655 199.634 -78.170 120.752 200.145
3 0 -78.037 120.683 200.812 -78.170 120.752 200.145 -77.838 116.655 199.634
3 0 -77.838 116.655 199.634 -77.705 116.581 200.300 -78.037 120.683 200.812
3 0 -77.659 120.642 201.378 -78.037 120.683 200.812 -77.705 116.581 200.300
3 0 -77.705 116.581 200.300 -77.328 116.544 200.868 -77.659 120.642 201.378
3 0 -77.092 120.636 201.760 -77.659 120.642 201.378 -77.328 116.544 200.868
3 0 -77.328 116.544 200.868 -76.763 116.548 201.251 -77.092 120.636 201.760
3 0 -76.424 120.664 201.897 -77.092 120.636 201.760 -76.763 116.548 201.251
3 0 -76.763 116.548 201.251 -76.096 116.593 201.391 -76.424 120.664 201.897
3 0 -75.756 120.723 201.770 -76.424 120.664 201.897 -76.096 116.593 201.391
3 0 -76.096 116.593 201.391 -75.429 116.673 201.267 -75.756 120.723 201.770
3 0 -75.189 120.804 201.398 -75.756 120.723 201.770 -75.429 116.673 201.267
3 0 -75.429 116.673 201.267 -74.864 116.775 200.898 -75.189 120.804 201.398
3 0 -69.882 125.005 202.242 -70.450 125.024 201.862 -70.251 121.126 201.436
3 0 -70.251 121.126 201.436 -69.684 121.119 201.817 -69.882 125.005 202.242
3 0 -69.213 125.015 202.377 -69.882 125.005 202.242 -69.684 121.119 201.817
3 0 -69.684 121.119 201.817 -69.016 121.147 201.955 -69.213 125.015 202.377
3 0 -68.544 125.052 202.247 -69.213 125.015 202.377 -69.016 121.147 201.955
3 0 -69.016 121.147 201.955 -68.348 121.206 201.828 -68.544 125.052 202.247
3 0 -67.976 125.110 201.871 -68.544 125.052 202.247 -68.348 121.206 201.828
3 0 -68.348 121.206 201.828 -67.781 121.287 201.455 -67.976 125.110 201.871
3 0 -67.597 125.182 201.308 -67.976 125.110 201.871 -67.781 121.287 201.455
3 0 -67.781 121.287 201.455 -67.402 121.378 200.894 -67.597 125.182 201.308
3 0 -67.464 125.255 200.642 -67.597 125.182 201.308 -67.402 121.378 200.894
3 0 -67.402 121.378 200.894 -67.270 121.464 200.230 -67.464 125.255 200.642
3 0 -67.597 125.318 199.976 -67.464 125.255 200.642 -67.270 121.464 200.230
3 0 -67.270 121.464 200.230 -67.402 121.533 199.564 -67.597 125.318 199.976
3 0 -67.976 125.363 199.410 -67.597 125.318 199.976 -67.402 121.533 199.564
3 0 -67.402 121.533 199.564 -67.781 121.574 198.997 -67.976 125.363 199.410
3 0 -68.544 125.382 199.030 -67.976 125.363 199.410 -67.781 121.574 198.997
3 0 -67.781 121.574 198.997 -68.347 121.581 198.616 -68.544 125.382 199.030
3 0 -69.213 125.372 198.895 -68.544 125.382 199.030 -68.347 121.581 198.616
3 0 -68.347 121.581 198.616 -69.015 121.552 198.478 -69.213 125.372 198.895
3 0 -69.882 125.335 199.025 -69.213 125.372 198.895 -69.015 121.552 198.478
3 0 -69.015 121.552 198.478 -69.684 121.493 198.605 -69.882 125.335 199.025
3 0 -70.449 125.277 199.400 -69.882 125.335 199.025 -69.684 121.493 198.605
3 0 -69.684 121.493 198.605 -70.250 121.412 198.978 -70.449 125.277 199.400
3 0 -72.154 120.958 201.798 -72.356 124.919 202.233 -72.923 124.938 201.853
3 0 -72.923 124.938 201.853 -72.720 120.965 201.417 -72.154 120.958 201.798
3 0 -71.486 120.986 201.935 -71.687 124.929 202.368 -72.356 124.919 202.233
3 0 -72.356 124.919 202.233 -72.154 120.958 201.798 -71.486 120.986 201.935
3 0 -70.817 121.045 201.808 -71.017 124.966 202.238 -71.687 124.929 202.368
3 0 -71.687 124.929 202.368 -71.486 120.986 201.935 -70.817 121.045 201.808
3 0 -70.251 121.126 201.436 -70.450 125.024 201.862 -71.017 124.966 202.238
3 0 -71.017 124.966 202.238 -70.817 121.045 201.808 -70.251 121.126 201.436
3 0 -70.817 121.419 198.597 -71.017 125.296 199.021 -70.449 125.277 199.400
3 0 -70.449 125.277 199.400 -70.250 121.412 198.978 -70.817 121.419 198.597
3 0 -71.485 121.391 198.459 -71.686 125.286 198.886 -71.017 125.296 199.021
3 0 -71.017 125.296 199.021 -70.817 121.419 198.597 -71.485 121.391 198.459
3 0 -72.153 121.332 198.586 -72.356 125.249 199.016 -71.686 125.286 198.886
3 0 -71.686 125.286 198.886 -71.485 121.391 198.459 -72.153 121.332 198.586
3 0 -72.720 121.251 198.959 -72.923 125.191 199.391 -72.356 125.249 199.016
3 0 -72.356 125.249 199.016 -72.153 121.332 198.586 -72.720 121.251 198.959
3 0 -74.623 120.797 201.779 -74.828 124.833 202.224 -75.396 124.852 201.844
3 0 -75.396 124.852 201.844 -75.189 120.804 201.398 -74.623 120.797 201.779
3 0 -73.954 120.825 201.916 -74.159 124.843 202.359 -74.828 124.833 202.224
3 0 -74.828 124.833 202.224 -74.623 120.797 201.779 -73.954 120.825 201.916
3 0 -73.286 120.884 201.789 -73.490 124.879 202.229 -74.159 124.843 202.359
3 0 -74.159 124.843 202.359 -73.954 120.825 201.916 -73.286 120.884 201.789
3 0 -72.720 120.965 201.417 -72.923 124.938 201.853 -73.490 124.879 202.229
3 0 -73.490 124.879 202.229 -73.286 120.884 201.789 -72.720 120.965 201.417
3 0 -73.286 121.258 198.577 -73.489 125.210 199.012 -72.923 125.191 199.391
3 0 -72.923 125.191 199.391 -72.720 121.251 198.959 -73.286 121.258 198.577
3 0 -73.954 121.230 198.440 -74.159 125.200 198.877 -73.489 125.210 199.012
3 0 -73.489 125.210 199.012 -73.286 121.258 198.577 -73.954 121.230 198.440
3 0 -74.622 121.171 198.567 -74.828 125.163 199.007 -74.159 125.200 198.877
3 0 -74.159 125.200 198.877 -73.954 121.230 198.440 -74.622 121.171 198.567
3 0 -75.189 121.090 198.939 -75.395 125.104 199.382 -74.828 125.163 199.007
3 0 -74.828 125.163 199.007 -74.622 121.171 198.567 -75.189 121.090 198.939
3 0 -75.963 125.123 199.003 -75.395 125.104 199.382 -75.189 121.090 198.939
3 0 -75.189 121.090 198.939 -75.755 121.097 198.558 -75.963 125.123 199.003
3 0 -76.632 125.114 198.868 -75.963 125.123 199.003 -75.755 121.097 198.558
3 0 -75.755 121.097 198.558 -76.423 121.069 198.421 -76.632 125.114 198.868
3 0 -77.301 125.077 198.998 -76.632 125.114 198.868 -76.423 121.069 198.421
3 0 -76.423 121.069 198.421 -77.092 121.010 198.548 -77.301 125.077 198.998
3 0 -77.869 125.018 199.373 -77.301 125.077 198.998 -77.092 121.010 198.548
3 0 -77.092 121.010 198.548 -77.658 120.929 198.920 -77.869 125.018 199.373
3 0 -78.248 124.947 199.936 -77.869 125.018 199.373 -77.658 120.929 198.920
3 0 -77.658 120.929 198.920 -78.037 120.839 199.481 -78.248 124.947 199.936
3 0 -78.381 124.874 200.602 -78.248 124.947 199.936 -78.037 120.839 199.481
3 0 -78.037 120.839 199.481 -78.170 120.752 200.145 -78.381 124.874 200.602
3 0 -78.248 124.810 201.269 -78.381 124.874 200.602 -78.170 120.752 200.145
3 0 -78.170 120.752 200.145 -78.037 120.683 200.812 -78.248 124.810 201.269
3 0 -77.869 124.766 201.835 -78.248 124.810 201.269 -78.037 120.683 200.812
3 0 -78.037 120.683 200.812 -77.659 120.642 201.378 -77.869 124.766 201.835
3 0 -77.302 124.747 202.215 -77.869 124.766 201.835 -77.659 120.642 201.378
3 0 -77.659 120.642 201.378 -77.092 120.636 201.760 -77.302 124.747 202.215
3 0 -76.633 124.756 202.349 -77.302 124.747 202.215 -77.092 120.636 201.760
3 0 -77.092 120.636 201.760 -76.424 120.664 201.897 -76.633 124.756 202.349
3 0 -75.963 124.793 202.219 -76.633 124.756 202.349 -76.424 120.664 201.897
3 0 -76.424 120.664 201.897 -75.756 120.723 201.770 -75.963 124.793 202.219
3 0 -75.396 124.852 201.844 -75.963 124.793 202.219 -75.756 120.723 201.770
3 0 -75.756 120.723 201.770 -75.189 120.804 201.398 -75.396 124.852 201.844
3 0 -69.957 128.939 202.616 -70.525 128.963 202.237 -70.450 125.024 201.862
3 0 -70.450 125.024 201.862 -69.882 125.005 202.242 -69.957 128.939 202.616
3 0 -69.287 128.938 202.749 -69.957 128.939 202.616 -69.882 125.005 202.242
3 0 -69.882 125.005 202.242 -69.213 125.015 202.377 -69.287 128.938 202.749
3 0 -68.618 128.958 202.617 -69.287 128.938 202.749 -69.213 125.015 202.377
3 0 -69.213 125.015 202.377 -68.544 125.052 202.247 -68.618 128.958 202.617
3 0 -68.050 128.998 202.240 -68.618 128.958 202.617 -68.544 125.052 202.247
3 0 -68.544 125.052 202.247 -67.976 125.110 201.871 -68.050 128.998 202.240
3 0 -67.671 129.051 201.675 -68.050 128.998 202.240 -67.976 125.110 201.871
3 0 -67.976 125.110 201.871 -67.597 125.182 201.308 -67.671 129.051 201.675
3 0 -67.538 129.109 201.008 -67.671 129.051 201.675 -67.597 125.182 201.308
3 0 -67.597 125.182 201.308 -67.464 125.255 200.642 -67.538 129.109 201.008
3 0 -67.671 129.163 200.340 -67.538 129.109 201.008 -67.464 125.255 200.642
3 0 -67.464 125.255 200.642 -67.597 125.318 199.976 -67.671 129.163 200.340
3 0 -68.050 129.205 199.774 -67.671 129.163 200.340 -67.597 125.318 199.976
3 0 -67.597 125.318 199.976 -67.976 125.363 199.410 -68.050 129.205 199.774
3 0 -68.618 129.229 199.395 -68.050 129.205 199.774 -67.976 125.363 199.410
3 0 -67.976 125.363 199.410 -68.544 125.382 199.030 -68.618 129.229 199.395
3 0 -69.287 129.230 199.262 -68.618 129.229 199.395 -68.544 125.382 199.030
3 0 -68.544 125.382 199.030 -69.213 125.372 198.895 -69.287 129.230 199.262
3 0 -69.957 129.210 199.393 -69.287 129.230 199.262 -69.213 125.372 198.895
3 0 -69.213 125.372 198.895 -69.882 125.335 199.025 -69.957 129.210 199.393
3 0 -70.525 129.170 199.771 -69.957 129.210 199.393 -69.882 125.335 199.025
3 0 -69.882 125.335 199.025 -70.449 125.277 199.400 -70.525 129.170 199.771
3 0 -72.356 124.919 202.233 -72.432 128.904 202.613 -72.999 128.927 202.234
3 0 -72.999 128.927 202.234 -72.923 124.938 201.853 -72.356 124.919 202.233
3 0 -71.687 124.929 202.368 -71.762 128.902 202.746 -72.432 128.904 202.613
3 0 -72.432 128.904 202.613 -72.356 124.919 202.233 -71.687 124.929 202.368
3 0 -71.017 124.966 202.238 -71.093 128.923 202.614 -71.762 128.902 202.746
3 0 -71.762 128.902 202.746 -71.687 124.929 202.368 -71.017 124.966 202.238
3 0 -70.450 125.024 201.862 -70.525 128.963 202.237 -71.093 128.923 202.614
3 0 -71.093 128.923 202.614 -71.017 124.966 202.238 -70.450 125.024 201.862
3 0 -71.017 125.296 199.021 -71.092 129.193 199.392 -70.525 129.170 199.771
3 0 -70.525 129.170 199.771 -70.449 125.277 199.400 -71.017 125.296 199.021
3 0 -71.686 125.286 198.886 -71.762 129.195 199.258 -71.092 129.193 199.392
3 0 -71.092 129.193 199.392 -71.017 125.296 199.021 -71.686 125.286 198.886
3 0 -72.356 125.249 199.016 -72.432 129.174 199.390 -71.762 129.195 199.258
3 0 -71.762 129.195 199.258 -71.686 125.286 198.886 -72.356 125.249 199.016
3 0 -72.923 125.191 199.391 -72.999 129.134 199.768 -72.432 129.174 199.390
3 0 -72.432 129.174 199.390 -72.356 125.249 199.016 -72.923 125.191 199.391
3 0 -74.828 124.833 202.224 -74.906 128.869 202.610 -75.473 128.892 202.231
3 0 -75.473 128.892 202.231 -75.396 124.852 201.844 -74.828 124.833 202.224
3 0 -74.159 124.843 202.359 -74.236 128.867 202.743 -74.906 128.869 202.610
3 0 -74.906 128.869 202.610 -74.828 124.833 202.224 -74.159 124.843 202.359
3 0 -73.490 124.879 202.229 -73.566 128.888 202.611 -74.236 128.867 202.743
3 0 -74.236 128.867 202.743 -74.159 124.843 202.359 -73.490 124.879 202.229
3 0 -72.923 124.938 201.853 -72.999 128.927 202.234 -73.566 128.888 202.611
3 0 -73.566 128.888 202.611 -73.490 124.879 202.229 -72.923 124.938 201.853
3 0 -73.489 125.210 199.012 -73.566 129.158 199.389 -72.999 129.134 199.768
3 0 -72.999 129.134 199.768 -72.923 125.191 199.391 -73.489 125.210 199.012
3 0 -74.159 125.200 198.877 -74.236 129.160 199.255 -73.566 129.158 199.389
3 0 -73.566 129.158 199.389 -73.489 125.210 199.012 -74.159 125.200 198.877
3 0 -74.828 125.163 199.007 -74.905 129.139 199.387 -74.236 129.160 199.255
3 0 -74.236 129.160 199.255 -74.159 125.200 198.877 -74.828 125.163 199.007
3 0 -75.395 125.104 199.382 -75.473 129.099 199.765 -74.905 129.139 199.387
3 0 -74.905 129.139 199.387 -74.828 125.163 199.007 -75.395 125.104 199.382
3 0 -76.041 129.123 199.386 -75.473 129.099 199.765 -75.395 125.104 199.382
3 0 -75.395 125.104 199.382 -75.963 125.123 199.003 -76.041 129.123 199.386
3 0 -76.710 129.124 199.252 -76.041 129.123 199.386 -75.963 125.123 199.003
3 0 -75.963 125.123 199.003 -76.632 125.114 198.868 -76.710 129.124 199.252
3 0 -77.380 129.104 199.384 -76.710 129.124 199.252 -76.632 125.114 198.868
3 0 -76.632 125.114 198.868 -77.301 125.077 198.998 -77.380 129.104 199.384
3 0 -77.948 129.064 199.762 -77.380 129.104 199.384 -77.301 125.077 198.998
3 0 -77.301 125.077 198.998 -77.869 125.018 199.373 -77.948 129.064 199.762
3 0 -78.327 129.011 200.327 -77.948 129.064 199.762 -77.869 125.018 199.373
3 0 -77.869 125.018 199.373 -78.248 124.947 199.936 -78.327 129.011 200.327
3 0 -78.460 128.953 200.994 -78.327 129.011 200.327 -78.248 124.947 199.936
3 0 -78.248 124.947 199.936 -78.381 124.874 200.602 -78.460 128.953 200.994
3 0 -78.327 128.899 201.661 -78.460 128.953 200.994 -78.381 124.874 200.602
3 0 -78.381 124.874 200.602 -78.248 124.810 201.269 -78.327 128.899 201.661
3 0 -77.948 128.857 202.228 -78.327 128.899 201.661 -78.248 124.810 201.269
3 0 -78.248 124.810 201.269 -77.869 124.766 201.835 -77.948 128.857 202.228
3 0 -77.380 128.833 202.606 -77.948 128.857 202.228 -77.869 124.766 201.835
3 0 -77.869 124.766 201.835 -77.302 124.747 202.215 -77.380 128.833 202.606
3 0 -76.711 128.832 202.740 -77.380 128.833 202.606 -77.302 124.747 202.215
3 0 -77.302 124.747 202.215 -76.633 124.756 202.349 -76.711 128.832 202.740
3 0 -76.041 128.852 202.608 -76.711 128.832 202.740 -76.633 124.756 202.349
3 0 -76.633 124.756 202.349 -75.963 124.793 202.219 -76.041 128.852 202.608
3 0 -75.473 128.892 202.231 -76.041 128.852 202.608 -75.963 124.793 202.219
3 0 -75.963 124.793 202.219 -75.396 124.852 201.844 -75.473 128.892 202.231
3 0 -70.003 132.966 202.920 -70.568 132.978 202.538 -70.525 128.963 202.237
3 0 -70.525 128.963 202.237 -69.957 128.939 202.616 -70.003 132.966 202.920
3 0 -69.334 132.970 203.056 -70.003 132.966 202.920 -69.957 128.939 202.616
3 0 -69.957 128.939 202.616 -69.287 128.938 202.749 -69.334 132.970 203.056
3 0 -68.663 132.989 202.927 -69.334 132.970 203.056 -69.287 128.938 202.749
3 0 -69.287 128.938 202.749 -68.618 128.958 202.617 -68.663 132.989 202.927
3 0 -68.094 133.021 202.552 -68.663 132.989 202.927 -68.618 128.958 202.617
3 0 -68.618 128.958 202.617 -68.050 128.998 202.240 -68.094 133.021 202.552
3 0 -67.712 133.059 201.987 -68.094 133.021 202.552 -68.050 128.998 202.240
3 0 -68.050 128.998 202.240 -67.671 129.051 201.675 -67.712 133.059 201.987
3 0 -67.576 133.100 201.319 -67.712 133.059 201.987 -67.671 129.051 201.675
3 0 -67.671 129.051 201.675 -67.538 129.109 201.008 -67.576 133.100 201.319
3 0 -67.706 133.136 200.650 -67.576 133.100 201.319 -67.538 129.109 201.008
3 0 -67.538 129.109 201.008 -67.671 129.163 200.340 -67.706 133.136 200.650
3 0 -68.083 133.162 200.081 -67.706 133.136 200.650 -67.671 129.163 200.340
3 0 -67.671 129.163 200.340 -68.050 129.205 199.774 -68.083 133.162 200.081
3 0 -68.648 133.173 199.699 -68.083 133.162 200.081 -68.050 129.205 199.774
3 0 -68.050 129.205 199.774 -68.618 129.229 199.395 -68.648 133.173 199.699
3 0 -69.317 133.169 199.562 -68.648 133.173 199.699 -68.618 129.229 199.395
3 0 -68.618 129.229 199.395 -69.287 129.230 199.262 -69.317 133.169 199.562
3 0 -69.988 133.150 199.692 -69.317 133.169 199.562 -69.287 129.230 199.262
3 0 -69.287 129.230 199.262 -69.957 129.210 199.393 -69.988 133.150 199.692
3 0 -70.557 133.119 200.067 -69.988 133.150 199.692 -69.957 129.210 199.393
3 0 -69.957 129.210 199.393 -70.525 129.170 199.771 -70.557 133.119 200.067
3 0 -72.432 128.904 202.613 -72.477 132.923 202.906 -73.043 132.935 202.524
3 0 -73.043 132.935 202.524 -72.999 128.927 202.234 -72.432 128.904 202.613
3 0 -71.762 128.902 202.746 -71.808 132.927 203.043 -72.477 132.923 202.906
3 0 -72.477 132.923 202.906 -72.432 128.904 202.613 -71.762 128.902 202.746
3 0 -71.093 128.923 202.614 -71.138 132.947 202.913 -71.808 132.927 203.043
3 0 -71.808 132.927 203.043 -71.762 128.902 202.746 -71.093 128.923 202.614
3 0 -70.525 128.963 202.237 -70.568 132.978 202.538 -71.138 132.947 202.913
3 0 -71.138 132.947 202.913 -71.093 128.923 202.614 -70.525 128.963 202.237
3 0 -71.092 129.193 199.392 -71.123 133.131 199.685 -70.557 133.119 200.067
3 0 -70.557 133.119 200.067 -70.525 129.170 199.771 -71.092 129.193 199.392
3 0 -71.762 129.195 199.258 -71.792 133.127 199.548 -71.123 133.131 199.685
3 0 -71.123 133.131 199.685 -71.092 129.193 199.392 -71.762 129.195 199.258
3 0 -72.432 129.174 199.390 -72.462 133.108 199.678 -71.792 133.127 199.548
3 0 -71.792 133.127 199.548 -71.762 129.195 199.258 -72.432 129.174 199.390
3 0 -72.999 129.134 199.768 -73.032 133.076 200.053 -72.462 133.108 199.678
3 0 -72.462 133.108 199.678 -72.432 129.174 199.390 -72.999 129.134 199.768
3 0 -74.906 128.869 202.610 -74.951 132.881 202.892 -75.517 132.893 202.510
3 0 -75.517 132.893 202.510 -75.473 128.892 202.231 -74.906 128.869 202.610
3 0 -74.236 128.867 202.743 -74.282 132.885 203.029 -74.951 132.881 202.892
3 0 -74.951 132.881 202.892 -74.906 128.869 202.610 -74.236 128.867 202.743
3 0 -73.566 128.888 202.611 -73.612 132.904 202.900 -74.282 132.885 203.029
3 0 -74.282 132.885 203.029 -74.236 128.867 202.743 -73.566 128.888 202.611
3 0 -72.999 128.927 202.234 -73.043 132.935 202.524 -73.612 132.904 202.900
3 0 -73.612 132.904 202.900 -73.566 128.888 202.611 -72.999 128.927 202.234
3 0 -73.566 129.158 199.389 -73.597 133.088 199.671 -73.032 133.076 200.053
3 0 -73.032 133.076 200.053 -72.999 129.134 199.768 -73.566 129.158 199.389
3 0 -74.236 129.160 199.255 -74.266 133.084 199.535 -73.597 133.088 199.671
3 0 -73.597 133.088 199.671 -73.566 129.158 199.389 -74.236 129.160 199.255
3 0 -74.905 129.139 199.387 -74.936 133.065 199.664 -74.266 133.084 199.535
3 0 -74.266 133.084 199.535 -74.236 129.160 199.255 -74.905 129.139 199.387
3 0 -75.473 129.099 199.765 -75.505 133.034 200.039 -74.936 133.065 199.664
3 0 -74.936 133.065 199.664 -74.905 129.139 199.387 -75.473 129.099 199.765
3 0 -76.071 133.046 199.657 -75.505 133.034 200.039 -75.473 129.099 199.765
3 0 -75.473 129.099 199.765 -76.041 129.123 199.386 -76.071 133.046 199.657
3 0 -76.740 133.042 199.521 -76.071 133.046 199.657 -76.041 129.123 199.386
3 0 -76.041 129.123 199.386 -76.710 129.124 199.252 -76.740 133.042 199.521
3 0 -77.410 133.023 199.650 -76.740 133.042 199.521 -76.710 129.124 199.252
3 0 -76.710 129.124 199.252 -77.380 129.104 199.384 -77.410 133.023 199.650
3 0 -77.980 132.991 200.026 -77.410 133.023 199.650 -77.380 129.104 199.384
3 0 -77.380 129.104 199.384 -77.948 129.064 199.762 -77.980 132.991 200.026
3 0 -78.362 132.952 200.590 -77.980 132.991 200.026 -77.948 129.064 199.762
3 0 -77.948 129.064 199.762 -78.327 129.011 200.327 -78.362 132.952 200.590
3 0 -78.498 132.912 201.258 -78.362 132.952 200.590 -78.327 129.011 200.327
3 0 -78.327 129.011 200.327 -78.460 128.953 200.994 -78.498 132.912 201.258
3 0 -78.368 132.876 201.927 -78.498 132.912 201.258 -78.460 128.953 200.994
3 0 -78.460 128.953 200.994 -78.327 128.899 201.661 -78.368 132.876 201.927
3 0 -77.991 132.850 202.496 -78.368 132.876 201.927 -78.327 128.899 201.661
3 0 -78.327 128.899 201.661 -77.948 128.857 202.228 -77.991 132.850 202.496
3 0 -77.425 132.838 202.878 -77.991 132.850 202.496 -77.948 128.857 202.228
3 0 -77.948 128.857 202.228 -77.380 128.833 202.606 -77.425 132.838 202.878
3 0 -76.756 132.842 203.015 -77.425 132.838 202.878 -77.380 128.833 202.606
3 0 -77.380 128.833 202.606 -76.711 128.832 202.740 -76.756 132.842 203.015
3 0 -76.086 132.861 202.886 -76.756 132.842 203.015 -76.711 128.832 202.740
3 0 -76.711 128.832 202.740 -76.041 128.852 202.608 -76.086 132.861 202.886
3 0 -75.517 132.893 202.510 -76.086 132.861 202.886 -76.041 128.852 202.608
3 0 -76.041 128.852 202.608 -75.473 128.892 202.231 -75.517 132.893 202.510
3 0 -70.230 141.011 203.296 -70.790 141.005 202.905 -70.568 132.978 202.538
3 0 -70.568 132.978 202.538 -70.003 132.966 202.920 -70.230 141.011 203.296
3 0 -69.563 141.027 203.442 -70.230 141.011 203.296 -70.003 132.966 202.920
3 0 -70.003 132.966 202.920 -69.334 132.970 203.056 -69.563 141.027 203.442
3 0 -68.891 141.051 203.322 -69.563 141.027 203.442 -69.334 132.970 203.056
3 0 -69.334 132.970 203.056 -68.663 132.989 202.927 -68.891 141.051 203.322
3 0 -68.317 141.079 202.954 -68.891 141.051 203.322 -68.663 132.989 202.927
3 0 -68.663 132.989 202.927 -68.094 133.021 202.552 -68.317 141.079 202.954
3 0 -67.927 141.107 202.394 -68.317 141.079 202.954 -68.094 133.021 202.552
3 0 -68.094 133.021 202.552 -67.712 133.059 201.987 -67.927 141.107 202.394
3 0 -67.781 141.131 201.728 -67.927 141.107 202.394 -67.712 133.059 201.987
3 0 -67.712 133.059 201.987 -67.576 133.100 201.319 -67.781 141.131 201.728
3 0 -67.902 141.147 201.056 -67.781 141.131 201.728 -67.576 133.100 201.319
3 0 -67.576 133.100 201.319 -67.706 133.136 200.650 -67.902 141.147 201.056
3 0 -68.270 141.152 200.481 -67.902 141.147 201.056 -67.706 133.136 200.650
3 0 -67.706 133.136 200.650 -68.083 133.162 200.081 -68.270 141.152 200.481
3 0 -68.830 141.147 200.090 -68.270 141.152 200.481 -68.083 133.162 200.081
3 0 -68.083 133.162 200.081 -68.648 133.173 199.699 -68.830 141.147 200.090
3 0 -69.497 141.130 199.944 -68.830 141.147 200.090 -68.648 133.173 199.699
3 0 -68.648 133.173 199.699 -69.317 133.169 199.562 -69.497 141.130 199.944
3 0 -70.169 141.106 200.064 -69.497 141.130 199.944 -69.317 133.169 199.562
3 0 -69.317 133.169 199.562 -69.988 133.150 199.692 -70.169 141.106 200.064
3 0 -70.743 141.078 200.432 -70.169 141.106 200.064 -69.988 133.150 199.692
3 0 -69.988 133.150 199.692 -70.557 133.119 200.067 -70.743 141.078 200.432
3 0 -72.477 132.923 202.906 -72.703 140.936 203.247 -73.263 140.931 202.856
3 0 -73.263 140.931 202.856 -73.043 132.935 202.524 -72.477 132.923 202.906
3 0 -71.808 132.927 203.043 -72.036 140.953 203.393 -72.703 140.936 203.247
3 0 -72.703 140.936 203.247 -72.477 132.923 202.906 -71.808 132.927 203.043
3 0 -71.138 132.947 202.913 -71.365 140.977 203.273 -72.036 140.953 203.393
3 0 -72.036 140.953 203.393 -71.808 132.927 203.043 -71.138 132.947 202.913
3 0 -70.568 132.978 202.538 -70.790 141.005 202.905 -71.365 140.977 203.273
3 0 -71.365 140.977 203.273 -71.138 132.947 202.913 -70.568 132.978 202.538
3 0 -71.123 133.131 199.685 -71.304 141.072 200.041 -70.743 141.078 200.432
3 0 -70.743 141.078 200.432 -70.557 133.119 200.067 -71.123 133.131 199.685
3 0 -71.792 133.127 199.548 -71.970 141.056 199.895 -71.304 141.072 200.041
3 0 -71.304 141.072 200.041 -71.123 133.131 199.685 -71.792 133.127 199.548
3 0 -72.462 133.108 199.678 -72.642 141.032 200.015 -71.970 141.056 199.895
3 0 -71.970 141.056 199.895 -71.792 133.127 199.548 -72.462 133.108 199.678
3 0 -73.032 133.076 200.053 -73.217 141.004 200.383 -72.642 141.032 200.015
3 0 -72.642 141.032 200.015 -72.462 133.108 199.678 -73.032 133.076 200.053
3 0 -74.951 132.881 202.892 -75.176 140.862 203.198 -75.736 140.856 202.807
3 0 -75.736 140.856 202.807 -75.517 132.893 202.510 -74.951 132.881 202.892
3 0 -74.282 132.885 203.029 -74.509 140.878 203.344 -75.176 140.862 203.198
3 0 -75.176 140.862 203.198 -74.951 132.881 202.892 -74.282 132.885 203.029
3 0 -73.612 132.904 202.900 -73.837 140.902 203.224 -74.509 140.878 203.344
3 0 -74.509 140.878 203.344 -74.282 132.885 203.029 -73.612 132.904 202.900
3 0 -73.043 132.935 202.524 -73.263 140.931 202.856 -73.837 140.902 203.224
3 0 -73.837 140.902 203.224 -73.612 132.904 202.900 -73.043 132.935 202.524
3 0 -73.597 133.088 199.671 -73.776 140.998 199.993 -73.217 141.004 200.383
3 0 -73.217 141.004 200.383 -73.032 133.076 200.053 -73.597 133.088 199.671
3 0 -74.266 133.084 199.535 -74.443 140.982 199.846 -73.776 140.998 199.993
3 0 -73.776 140.998 199.993 -73.597 133.088 199.671 -74.266 133.084 199.535
3 0 -74.936 133.065 199.664 -75.114 140.958 199.966 -74.443 140.982 199.846
3 0 -74.443 140.982 199.846 -74.266 133.084 199.535 -74.936 133.065 199.664
3 0 -75.505 133.034 200.039 -75.689 140.930 200.334 -75.114 140.958 199.966
3 0 -75.114 140.958 199.966 -74.936 133.065 199.664 -75.505 133.034 200.039
3 0 -76.249 140.924 199.944 -75.689 140.930 200.334 -75.505 133.034 200.039
3 0 -75.505 133.034 200.039 -76.071 133.046 199.657 -76.249 140.924 199.944
3 0 -76.916 140.908 199.797 -76.249 140.924 199.944 -76.071 133.046 199.657
3 0 -76.071 133.046 199.657 -76.740 133.042 199.521 -76.916 140.908 199.797
3 0 -77.588 140.883 199.917 -76.916 140.908 199.797 -76.740 133.042 199.521
3 0 -76.740 133.042 199.521 -77.410 133.023 199.650 -77.588 140.883 199.917
3 0 -78.162 140.855 200.285 -77.588 140.883 199.917 -77.410 133.023 199.650
3 0 -77.410 133.023 199.650 -77.980 132.991 200.026 -78.162 140.855 200.285
3 0 -78.552 140.827 200.845 -78.162 140.855 200.285 -77.980 132.991 200.026
3 0 -77.980 132.991 200.026 -78.362 132.952 200.590 -78.552 140.827 200.845
3 0 -78.698 140.803 201.512 -78.552 140.827 200.845 -78.362 132.952 200.590
3 0 -78.362 132.952 200.590 -78.498 132.912 201.258 -78.698 140.803 201.512
3 0 -78.578 140.787 202.183 -78.698 140.803 201.512 -78.498 132.912 201.258
3 0 -78.498 132.912 201.258 -78.368 132.876 201.927 -78.578 140.787 202.183
3 0 -78.209 140.782 202.758 -78.578 140.787 202.183 -78.368 132.876 201.927
3 0 -78.368 132.876 201.927 -77.991 132.850 202.496 -78.209 140.782 202.758
3 0 -77.649 140.788 203.149 -78.209 140.782 202.758 -77.991 132.850 202.496
3 0 -77.991 132.850 202.496 -77.425 132.838 202.878 -77.649 140.788 203.149
3 0 -76.982 140.804 203.295 -77.649 140.788 203.149 -77.425 132.838 202.878
3 0 -77.425 132.838 202.878 -76.756 132.842 203.015 -76.982 140.804 203.295
3 0 -76.310 140.828 203.175 -76.982 140.804 203.295 -76.756 132.842 203.015
3 0 -76.756 132.842 203.015 -76.086 132.861 202.886 -76.310 140.828 203.175
3 0 -75.736 140.856 202.807 -76.310 140.828 203.175 -76.086 132.861 202.886
3 0 -76.086 132.861 202.886 -75.517 132.893 202.510 -75.736 140.856 202.807
3 0 -70.548 149.034 203.484 -71.101 149.015 203.083 -70.790 141.005 202.905
3 0 -70.790 141.005 202.905 -70.230 141.011 203.296 -70.548 149.034 203.484
3 0 -69.885 149.058 203.643 -70.548 149.034 203.484 -70.230 141.011 203.296
3 0 -70.230 141.011 203.296 -69.563 141.027 203.442 -69.885 149.058 203.643
3 0 -69.211 149.084 203.536 -69.885 149.058 203.643 -69.563 141.027 203.442
3 0 -69.563 141.027 203.442 -68.891 141.051 203.322 -69.211 149.084 203.536
3 0 -68.629 149.107 203.179 -69.211 149.084 203.536 -68.891 141.051 203.322
3 0 -68.891 141.051 203.322 -68.317 141.079 202.954 -68.629 149.107 203.179
3 0 -68.229 149.125 202.627 -68.629 149.107 203.179 -68.317 141.079 202.954
3 0 -68.317 141.079 202.954 -67.927 141.107 202.394 -68.229 149.125 202.627
3 0 -68.070 149.135 201.963 -68.229 149.125 202.627 -67.927 141.107 202.394
3 0 -67.927 141.107 202.394 -67.781 141.131 201.728 -68.070 149.135 201.963
3 0 -68.177 149.135 201.289 -68.070 149.135 201.963 -67.781 141.131 201.728
3 0 -67.781 141.131 201.728 -67.902 141.147 201.056 -68.177 149.135 201.289
3 0 -68.534 149.125 200.707 -68.177 149.135 201.289 -67.902 141.147 201.056
3 0 -67.902 141.147 201.056 -68.270 141.152 200.481 -68.534 149.125 200.707
3 0 -69.086 149.106 200.305 -68.534 149.125 200.707 -68.270 141.152 200.481
3 0 -68.270 141.152 200.481 -68.830 141.147 200.090 -69.086 149.106 200.305
3 0 -69.749 149.083 200.146 -69.086 149.106 200.305 -68.830 141.147 200.090
3 0 -68.830 141.147 200.090 -69.497 141.130 199.944 -69.749 149.083 200.146
3 0 -70.423 149.057 200.253 -69.749 149.083 200.146 -69.497 141.130 199.944
3 0 -69.497 141.130 199.944 -70.169 141.106 200.064 -70.423 149.057 200.253
3 0 -71.005 149.033 200.610 -70.423 149.057 200.253 -70.169 141.106 200.064
3 0 -70.169 141.106 200.064 -70.743 141.078 200.432 -71.005 149.033 200.610
3 0 -72.703 140.936 203.247 -73.020 148.942 203.388 -73.572 148.923 202.987
3 0 -73.572 148.923 202.987 -73.263 140.931 202.856 -72.703 140.936 203.247
3 0 -72.036 140.953 203.393 -72.356 148.966 203.547 -73.020 148.942 203.388
3 0 -73.020 148.942 203.388 -72.703 140.936 203.247 -72.036 140.953 203.393
3 0 -71.365 140.977 203.273 -71.682 148.992 203.440 -72.356 148.966 203.547
3 0 -72.356 148.966 203.547 -72.036 140.953 203.393 -71.365 140.977 203.273
3 0 -70.790 141.005 202.905 -71.101 149.015 203.083 -71.682 148.992 203.440
3 0 -71.682 148.992 203.440 -71.365 140.977 203.273 -70.790 141.005 202.905
3 0 -71.304 141.072 200.041 -71.557 149.015 200.209 -71.005 149.033 200.610
3 0 -71.005 149.033 200.610 -70.743 141.078 200.432 -71.304 141.072 200.041
3 0 -71.970 141.056 199.895 -72.221 148.991 200.050 -71.557 149.015 200.209
3 0 -71.557 149.015 200.209 -71.304 141.072 200.041 -71.970 141.056 199.895
3 0 -72.642 141.032 200.015 -72.895 148.965 200.157 -72.221 148.991 200.050
3 0 -72.221 148.991 200.050 -71.970 141.056 199.895 -72.642 141.032 200.015
3 0 -73.217 141.004 200.383 -73.476 148.941 200.514 -72.895 148.965 200.157
3 0 -72.895 148.965 200.157 -72.642 141.032 200.015 -73.217 141.004 200.383
3 0 -75.176 140.862 203.198 -75.490 148.850 203.291 -76.042 148.832 202.890
3 0 -76.042 148.832 202.890 -75.736 140.856 202.807 -75.176 140.862 203.198
3 0 -74.509 140.878 203.344 -74.827 148.874 203.451 -75.490 148.850 203.291
3 0 -75.490 148.850 203.291 -75.176 140.862 203.198 -74.509 140.878 203.344
3 0 -73.837 140.902 203.224 -74.153 148.900 203.344 -74.827 148.874 203.451
3 0 -74.827 148.874 203.451 -74.509 140.878 203.344 -73.837 140.902 203.224
3 0 -73.263 140.931 202.856 -73.572 148.923 202.987 -74.153 148.900 203.344
3 0 -74.153 148.900 203.344 -73.837 140.902 203.224 -73.263 140.931 202.856
3 0 -73.776 140.998 199.993 -74.028 148.923 200.113 -73.476 148.941 200.514
3 0 -73.476 148.941 200.514 -73.217 141.004 200.383 -73.776 140.998 199.993
3 0 -74.443 140.982 199.846 -74.691 148.899 199.953 -74.028 148.923 200.113
3 0 -74.028 148.923 200.113 -73.776 140.998 199.993 -74.443 140.982 199.846
3 0 -75.114 140.958 199.966 -75.365 148.873 200.060 -74.691 148.899 199.953
3 0 -74.691 148.899 199.953 -74.443 140.982 199.846 -75.114 140.958 199.966
3 0 -75.689 140.930 200.334 -75.947 148.849 200.417 -75.365 148.873 200.060
3 0 -75.365 148.873 200.060 -75.114 140.958 199.966 -75.689 140.930 200.334
3 0 -76.499 148.831 200.016 -75.947 148.849 200.417 -75.689 140.930 200.334
3 0 -75.689 140.930 200.334 -76.249 140.924 199.944 -76.499 148.831 200.016
3 0 -77.163 148.807 199.857 -76.499 148.831 200.016 -76.249 140.924 199.944
3 0 -76.249 140.924 199.944 -76.916 140.908 199.797 -77.163 148.807 199.857
3 0 -77.836 148.781 199.964 -77.163 148.807 199.857 -76.916 140.908 199.797
3 0 -76.916 140.908 199.797 -77.588 140.883 199.917 -77.836 148.781 199.964
3 0 -78.418 148.757 200.321 -77.836 148.781 199.964 -77.588 140.883 199.917
3 0 -77.588 140.883 199.917 -78.162 140.855 200.285 -78.418 148.757 200.321
3 0 -78.819 148.739 200.873 -78.418 148.757 200.321 -78.162 140.855 200.285
3 0 -78.162 140.855 200.285 -78.552 140.827 200.845 -78.819 148.739 200.873
3 0 -78.978 148.729 201.537 -78.819 148.739 200.873 -78.552 140.827 200.845
3 0 -78.552 140.827 200.845 -78.698 140.803 201.512 -78.978 148.729 201.537
3 0 -78.871 148.730 202.212 -78.978 148.729 201.537 -78.698 140.803 201.512
3 0 -78.698 140.803 201.512 -78.578 140.787 202.183 -78.871 148.730 202.212
3 0 -78.514 148.740 202.794 -78.871 148.730 202.212 -78.578 140.787 202.183
3 0 -78.578 140.787 202.183 -78.209 140.782 202.758 -78.514 148.740 202.794
3 0 -77.962 148.758 203.195 -78.514 148.740 202.794 -78.209 140.782 202.758
3 0 -78.209 140.782 202.758 -77.649 140.788 203.149 -77.962 148.758 203.195
3 0 -77.298 148.782 203.354 -77.962 148.758 203.195 -77.649 140.788 203.149
3 0 -77.649 140.788 203.149 -76.982 140.804 203.295 -77.298 148.782 203.354
3 0 -76.624 148.808 203.247 -77.298 148.782 203.354 -76.982 140.804 203.295
3 0 -76.982 140.804 203.295 -76.310 140.828 203.175 -76.624 148.808 203.247
3 0 -76.042 148.832 202.890 -76.624 148.808 203.247 -76.310 140.828 203.175
3 0 -76.310 140.828 203.175 -75.736 140.856 202.807 -76.042 148.832 202.890
3 0 -71.228 164.995 203.497 -71.767 164.970 203.078 -71.101 149.015 203.083
3 0 -71.101 149.015 203.083 -70.548 149.034 203.484 -71.228 164.995 203.497
3 0 -70.570 165.023 203.677 -71.228 164.995 203.497 -70.548 149.034 203.484
3 0 -70.548 149.034 203.484 -69.885 149.058 203.643 -70.570 165.023 203.677
3 0 -69.893 165.047 203.591 -70.570 165.023 203.677 -69.885 149.058 203.643
3 0 -69.885 149.058 203.643 -69.211 149.084 203.536 -69.893 165.047 203.591
3 0 -69.300 165.065 203.253 -69.893 165.047 203.591 -69.211 149.084 203.536
3 0 -69.211 149.084 203.536 -68.629 149.107 203.179 -69.300 165.065 203.253
3 0 -68.882 165.075 202.714 -69.300 165.065 203.253 -68.629 149.107 203.179
3 0 -68.629 149.107 203.179 -68.229 149.125 202.627 -68.882 165.075 202.714
3 0 -68.702 165.073 202.055 -68.882 165.075 202.714 -68.229 149.125 202.627
3 0 -68.229 149.125 202.627 -68.070 149.135 201.963 -68.702 165.073 202.055
3 0 -68.787 165.062 201.378 -68.702 165.073 202.055 -68.070 149.135 201.963
3 0 -68.070 149.135 201.963 -68.177 149.135 201.289 -68.787 165.062 201.378
3 0 -69.124 165.042 200.785 -68.787 165.062 201.378 -68.177 149.135 201.289
3 0 -68.177 149.135 201.289 -68.534 149.125 200.707 -69.124 165.042 200.785
3 0 -69.663 165.016 200.366 -69.124 165.042 200.785 -68.534 149.125 200.707
3 0 -68.534 149.125 200.707 -69.086 149.106 200.305 -69.663 165.016 200.366
3 0 -70.321 164.989 200.186 -69.663 165.016 200.366 -69.086 149.106 200.305
3 0 -69.086 149.106 200.305 -69.749 149.083 200.146 -70.321 164.989 200.186
3 0 -70.998 164.964 200.271 -70.321 164.989 200.186 -69.749 149.083 200.146
3 0 -69.749 149.083 200.146 -70.423 149.057 200.253 -70.998 164.964 200.271
3 0 -71.591 164.946 200.610 -70.998 164.964 200.271 -70.423 149.057 200.253
3 0 -70.423 149.057 200.253 -71.005 149.033 200.610 -71.591 164.946 200.610
3 0 -73.020 148.942 203.388 -73.695 164.900 203.322 -74.234 164.874 202.903
3 0 -74.234 164.874 202.903 -73.572 148.923 202.987 -73.020 148.942 203.388
3 0 -72.356 148.966 203.547 -73.037 164.927 203.502 -73.695 164.900 203.322
3 0 -73.695 164.900 203.322 -73.020 148.942 203.388 -72.356 148.966 203.547
3 0 -71.682 148.992 203.440 -72.360 164.951 203.416 -73.037 164.927 203.502
3 0 -73.037 164.927 203.502 -72.356 148.966 203.547 -71.682 148.992 203.440
3 0 -71.101 149.015 203.083 -71.767 164.970 203.078 -72.360 164.951 203.416
3 0 -72.360 164.951 203.416 -71.682 148.992 203.440 -71.101 149.015 203.083
3 0 -71.557 149.015 200.209 -72.130 164.920 200.191 -71.591 164.946 200.610
3 0 -71.591 164.946 200.610 -71.005 149.033 200.610 -71.557 149.015 200.209
3 0 -72.221 148.991 200.050 -72.788 164.893 200.011 -72.130 164.920 200.191
3 0 -72.130 164.920 200.191 -71.557 149.015 200.209 -72.221 148.991 200.050
3 0 -72.895 148.965 200.157 -73.465 164.869 200.096 -72.788 164.893 200.011
3 0 -72.788 164.893 200.011 -72.221 148.991 200.050 -72.895 148.965 200.157
3 0 -73.476 148.941 200.514 -74.058 164.850 200.435 -73.465 164.869 200.096
3 0 -73.465 164.869 200.096 -72.895 148.965 200.157 -73.476 148.941 200.514
3 0 -75.490 148.850 203.291 -76.161 164.804 203.147 -76.700 164.778 202.728
3 0 -76.700 164.778 202.728 -76.042 148.832 202.890 -75.490 148.850 203.291
3 0 -74.827 148.874 203.451 -75.503 164.831 203.327 -76.161 164.804 203.147
3 0 -76.161 164.804 203.147 -75.490 148.850 203.291 -74.827 148.874 203.451
3 0 -74.153 148.900 203.344 -74.826 164.856 203.241 -75.503 164.831 203.327
3 0 -75.503 164.831 203.327 -74.827 148.874 203.451 -74.153 148.900 203.344
3 0 -73.572 148.923 202.987 -74.234 164.874 202.903 -74.826 164.856 203.241
3 0 -74.826 164.856 203.241 -74.153 148.900 203.344 -73.572 148.923 202.987
3 0 -74.028 148.923 200.113 -74.596 164.825 200.016 -74.058 164.850 200.435
3 0 -74.058 164.850 200.435 -73.476 148.941 200.514 -74.028 148.923 200.113
3 0 -74.691 148.899 199.953 -75.254 164.798 199.836 -74.596 164.825 200.016
3 0 -74.596 164.825 200.016 -74.028 148.923 200.113 -74.691 148.899 199.953
3 0 -75.365 148.873 200.060 -75.931 164.773 199.921 -75.254 164.798 199.836
3 0 -75.254 164.798 199.836 -74.691 148.899 199.953 -75.365 148.873 200.060
3 0 -75.947 148.849 200.417 -76.524 164.755 200.260 -75.931 164.773 199.921
3 0 -75.931 164.773 199.921 -75.365 148.873 200.060 -75.947 148.849 200.417
3 0 -77.063 164.729 199.841 -76.524 164.755 200.260 -75.947 148.849 200.417
3 0 -75.947 148.849 200.417 -76.499 148.831 200.016 -77.063 164.729 199.841
3 0 -77.721 164.702 199.661 -77.063 164.729 199.841 -76.499 148.831 200.016
3 0 -76.499 148.831 200.016 -77.163 148.807 199.857 -77.721 164.702 199.661
3 0 -78.398 164.677 199.746 -77.721 164.702 199.661 -77.163 148.807 199.857
3 0 -77.163 148.807 199.857 -77.836 148.781 199.964 -78.398 164.677 199.746
3 0 -78.991 164.659 200.085 -78.398 164.677 199.746 -77.836 148.781 199.964
3 0 -77.836 148.781 199.964 -78.418 148.757 200.321 -78.991 164.659 200.085
3 0 -79.410 164.650 200.624 -78.991 164.659 200.085 -78.418 148.757 200.321
3 0 -78.418 148.757 200.321 -78.819 148.739 200.873 -79.410 164.650 200.624
3 0 -79.590 164.651 201.283 -79.410 164.650 200.624 -78.819 148.739 200.873
3 0 -78.819 148.739 200.873 -78.978 148.729 201.537 -79.590 164.651 201.283
3 0 -79.505 164.662 201.960 -79.590 164.651 201.283 -78.978 148.729 201.537
3 0 -78.978 148.729 201.537 -78.871 148.730 202.212 -79.505 164.662 201.960
3 0 -79.167 164.683 202.553 -79.505 164.662 201.960 -78.871 148.730 202.212
3 0 -78.871 148.730 202.212 -78.514 148.740 202.794 -79.167 164.683 202.553
3 0 -78.628 164.708 202.972 -79.167 164.683 202.553 -78.514 148.740 202.794
3 0 -78.514 148.740 202.794 -77.962 148.758 203.195 -78.628 164.708 202.972
3 0 -77.970 164.735 203.152 -78.628 164.708 202.972 -77.962 148.758 203.195
3 0 -77.962 148.758 203.195 -77.298 148.782 203.354 -77.970 164.735 203.152
3 0 -77.293 164.760 203.066 -77.970 164.735 203.152 -77.298 148.782 203.354
3 0 -77.298 148.782 203.354 -76.624 148.808 203.247 -77.293 164.760 203.066
3 0 -76.700 164.778 202.728 -77.293 164.760 203.066 -76.624 148.808 203.247
3 0 -76.624 148.808 203.247 -76.042 148.832 202.890 -76.700 164.778 202.728
3 0 -71.585 172.968 203.441 -72.109 172.940 203.004 -71.767 164.970 203.078
3 0 -71.767 164.970 203.078 -71.228 164.995 203.497 -71.585 172.968 203.441
3 0 -70.934 172.994 203.644 -71.585 172.968 203.441 -71.228 164.995 203.497
3 0 -71.228 164.995 203.497 -70.570 165.023 203.677 -70.934 172.994 203.644
3 0 -70.254 173.015 203.582 -70.934 172.994 203.644 -70.570 165.023 203.677
3 0 -70.570 165.023 203.677 -69.893 165.047 203.591 -70.254 173.015 203.582
3 0 -69.650 173.027 203.264 -70.254 173.015 203.582 -69.893 165.047 203.591
3 0 -69.893 165.047 203.591 -69.300 165.065 203.253 -69.650 173.027 203.264
3 0 -69.213 173.028 202.740 -69.650 173.027 203.264 -69.300 165.065 203.253
3 0 -69.300 165.065 203.253 -68.882 165.075 202.714 -69.213 173.028 202.740
3 0 -69.009 173.018 202.088 -69.213 173.028 202.740 -68.882 165.075 202.714
3 0 -68.882 165.075 202.714 -68.702 165.073 202.055 -69.009 173.018 202.088
3 0 -69.071 172.999 201.408 -69.009 173.018 202.088 -68.702 165.073 202.055
3 0 -68.702 165.073 202.055 -68.787 165.062 201.378 -69.071 172.999 201.408
3 0 -69.388 172.974 200.804 -69.071 172.999 201.408 -68.787 165.062 201.378
3 0 -68.787 165.062 201.378 -69.124 165.042 200.785 -69.388 172.974 200.804
3 0 -69.912 172.946 200.367 -69.388 172.974 200.804 -69.124 165.042 200.785
3 0 -69.124 165.042 200.785 -69.663 165.016 200.366 -69.912 172.946 200.367
3 0 -70.563 172.919 200.164 -69.912 172.946 200.367 -69.663 165.016 200.366
3 0 -69.663 165.016 200.366 -70.321 164.989 200.186 -70.563 172.919 200.164
3 0 -71.243 172.899 200.226 -70.563 172.919 200.164 -70.321 164.989 200.186
3 0 -70.321 164.989 200.186 -70.998 164.964 200.271 -71.243 172.899 200.226
3 0 -71.847 172.887 200.544 -71.243 172.899 200.226 -70.998 164.964 200.271
3 0 -70.998 164.964 200.271 -71.591 164.946 200.610 -71.847 172.887 200.544
3 0 -73.695 164.900 203.322 -74.045 172.881 203.181 -74.569 172.853 202.744
3 0 -74.569 172.853 202.744 -74.234 164.874 202.903 -73.695 164.900 203.322
3 0 -73.037 164.927 203.502 -73.394 172.907 203.383 -74.045 172.881 203.181
3 0 -74.045 172.881 203.181 -73.695 164.900 203.322 -73.037 164.927 203.502
3 0 -72.360 164.951 203.416 -72.714 172.928 203.321 -73.394 172.907 203.383
3 0 -73.394 172.907 203.383 -73.037 164.927 203.502 -72.360 164.951 203.416
3 0 -71.767 164.970 203.078 -72.109 172.940 203.004 -72.714 172.928 203.321
3 0 -72.714 172.928 203.321 -72.360 164.951 203.416 -71.767 164.970 203.078
3 0 -72.130 164.920 200.191 -72.372 172.859 200.107 -71.847 172.887 200.544
3 0 -71.847 172.887 200.544 -71.591 164.946 200.610 -72.130 164.920 200.191
3 0 -72.788 164.893 200.011 -73.023 172.833 199.904 -72.372 172.859 200.107
3 0 -72.372 172.859 200.107 -72.130 164.920 200.191 -72.788 164.893 200.011
3 0 -73.465 164.869 200.096 -73.703 172.812 199.966 -73.023 172.833 199.904
3 0 -73.023 172.833 199.904 -72.788 164.893 200.011 -73.465 164.869 200.096
3 0 -74.058 164.850 200.435 -74.307 172.800 200.283 -73.703 172.812 199.966
3 0 -73.703 172.812 199.966 -73.465 164.869 200.096 -74.058 164.850 200.435
3 0 -76.161 164.804 203.147 -76.504 172.794 202.921 -77.028 172.766 202.484
3 0 -77.028 172.766 202.484 -76.700 164.778 202.728 -76.161 164.804 203.147
3 0 -75.503 164.831 203.327 -75.852 172.821 203.123 -76.504 172.794 202.921
3 0 -76.504 172.794 202.921 -76.161 164.804 203.147 -75.503 164.831 203.327
3 0 -74.826 164.856 203.241 -75.173 172.841 203.061 -75.852 172.821 203.123
3 0 -75.852 172.821 203.123 -75.503 164.831 203.327 -74.826 164.856 203.241
3 0 -74.234 164.874 202.903 -74.569 172.853 202.744 -75.173 172.841 203.061
3 0 -75.173 172.841 203.061 -74.826 164.856 203.241 -74.234 164.874 202.903
3 0 -74.596 164.825 200.016 -74.830 172.772 199.847 -74.307 172.800 200.283
3 0 -74.307 172.800 200.283 -74.058 164.850 200.435 -74.596 164.825 200.016
3 0 -75.254 164.798 199.836 -75.482 172.746 199.644 -74.830 172.772 199.847
3 0 -74.830 172.772 199.847 -74.596 164.825 200.016 -75.254 164.798 199.836
3 0 -75.931 164.773 199.921 -76.161 172.725 199.706 -75.482 172.746 199.644
3 0 -75.482 172.746 199.644 -75.254 164.798 199.836 -75.931 164.773 199.921
3 0 -76.524 164.755 200.260 -76.766 172.713 200.023 -76.161 172.725 199.706
3 0 -76.161 172.725 199.706 -75.931 164.773 199.921 -76.524 164.755 200.260
3 0 -77.290 172.685 199.586 -76.766 172.713 200.023 -76.524 164.755 200.260
3 0 -76.524 164.755 200.260 -77.063 164.729 199.841 -77.290 172.685 199.586
3 0 -77.942 172.659 199.384 -77.290 172.685 199.586 -77.063 164.729 199.841
3 0 -77.063 164.729 199.841 -77.721 164.702 199.661 -77.942 172.659 199.384
3 0 -78.621 172.638 199.446 -77.942 172.659 199.384 -77.721 164.702 199.661
3 0 -77.721 164.702 199.661 -78.398 164.677 199.746 -78.621 172.638 199.446
3 0 -79.226 172.627 199.763 -78.621 172.638 199.446 -78.398 164.677 199.746
3 0 -78.398 164.677 199.746 -78.991 164.659 200.085 -79.226 172.627 199.763
3 0 -79.663 172.625 200.288 -79.226 172.627 199.763 -78.991 164.659 200.085
3 0 -78.991 164.659 200.085 -79.410 164.650 200.624 -79.663 172.625 200.288
3 0 -79.866 172.635 200.939 -79.663 172.625 200.288 -79.410 164.650 200.624
3 0 -79.410 164.650 200.624 -79.590 164.651 201.283 -79.866 172.635 200.939
3 0 -79.805 172.654 201.619 -79.866 172.635 200.939 -79.590 164.651 201.283
3 0 -79.590 164.651 201.283 -79.505 164.662 201.960 -79.805 172.654 201.619
3 0 -79.488 172.679 202.223 -79.805 172.654 201.619 -79.505 164.662 201.960
3 0 -79.505 164.662 201.960 -79.167 164.683 202.553 -79.488 172.679 202.223
3 0 -78.964 172.707 202.660 -79.488 172.679 202.223 -79.167 164.683 202.553
3 0 -79.167 164.683 202.553 -78.628 164.708 202.972 -78.964 172.707 202.660
3 0 -78.312 172.734 202.863 -78.964 172.707 202.660 -78.628 164.708 202.972
3 0 -78.628 164.708 202.972 -77.970 164.735 203.152 -78.312 172.734 202.863
3 0 -77.633 172.754 202.801 -78.312 172.734 202.863 -77.970 164.735 203.152
3 0 -77.970 164.735 203.152 -77.293 164.760 203.066 -77.633 172.754 202.801
3 0 -77.028 172.766 202.484 -77.633 172.754 202.801 -77.293 164.760 203.066
3 0 -77.293 164.760 203.066 -76.700 164.778 202.728 -77.028 172.766 202.484
3 0 -72.251 192.868 202.972 -72.753 192.841 202.510 -72.109 172.940 203.004
3 0 -72.109 172.940 203.004 -71.585 172.968 203.441 -72.251 192.868 202.972
3 0 -71.610 192.890 203.207 -72.251 192.868 202.972 -71.585 172.968 203.441
3 0 -71.585 172.968 203.441 -70.934 172.994 203.644 -71.610 192.890 203.207
3 0 -70.928 192.903 203.178 -71.610 192.890 203.207 -70.934 172.994 203.644
3 0 -70.934 172.994 203.644 -70.254 173.015 203.582 -70.928 192.903 203.178
3 0 -70.309 192.906 202.890 -70.928 192.903 203.178 -70.254 173.015 203.582
3 0 -70.254 173.015 203.582 -69.650 173.027 203.264 -70.309 192.906 202.890
3 0 -69.846 192.897 202.388 -70.309 192.906 202.890 -69.650 173.027 203.264
3 0 -69.650 173.027 203.264 -69.213 173.028 202.740 -69.846 192.897 202.388
3 0 -69.611 192.879 201.747 -69.846 192.897 202.388 -69.213 173.028 202.740
3 0 -69.213 173.028 202.740 -69.009 173.018 202.088 -69.611 192.879 201.747
3 0 -69.639 192.855 201.065 -69.611 192.879 201.747 -69.009 173.018 202.088
3 0 -69.009 173.018 202.088 -69.071 172.999 201.408 -69.639 192.855 201.065
3 0 -69.926 192.826 200.447 -69.639 192.855 201.065 -69.071 172.999 201.408
3 0 -69.071 172.999 201.408 -69.388 172.974 200.804 -69.926 192.826 200.447
3 0 -70.429 192.799 199.985 -69.926 192.826 200.447 -69.388 172.974 200.804
3 0 -69.388 172.974 200.804 -69.912 172.946 200.367 -70.429 192.799 199.985
3 0 -71.070 192.778 199.750 -70.429 192.799 199.985 -69.912 172.946 200.367
3 0 -69.912 172.946 200.367 -70.563 172.919 200.164 -71.070 192.778 199.750
3 0 -71.752 192.765 199.779 -71.070 192.778 199.750 -70.563 172.919 200.164
3 0 -70.563 172.919 200.164 -71.243 172.899 200.226 -71.752 192.765 199.779
3 0 -72.371 192.762 200.067 -71.752 192.765 199.779 -71.243 172.899 200.226
3 0 -71.243 172.899 200.226 -71.847 172.887 200.544 -72.371 192.762 200.067
3 0 -74.045 172.881 203.181 -74.696 192.804 202.592 -75.198 192.777 202.130
3 0 -75.198 192.777 202.130 -74.569 172.853 202.744 -74.045 172.881 203.181
3 0 -73.394 172.907 203.383 -74.055 192.826 202.826 -74.696 192.804 202.592
3 0 -74.696 192.804 202.592 -74.045 172.881 203.181 -73.394 172.907 203.383
3 0 -72.714 172.928 203.321 -73.373 192.839 202.798 -74.055 192.826 202.826
3 0 -74.055 192.826 202.826 -73.394 172.907 203.383 -72.714 172.928 203.321
3 0 -72.109 172.940 203.004 -72.753 192.841 202.510 -73.373 192.839 202.798
3 0 -73.373 192.839 202.798 -72.714 172.928 203.321 -72.109 172.940 203.004
3 0 -72.372 172.859 200.107 -72.873 192.735 199.605 -72.371 192.762 200.067
3 0 -72.371 192.762 200.067 -71.847 172.887 200.544 -72.372 172.859 200.107
3 0 -73.023 172.833 199.904 -73.514 192.713 199.370 -72.873 192.735 199.605
3 0 -72.873 192.735 199.605 -72.372 172.859 200.107 -73.023 172.833 199.904
3 0 -73.703 172.812 199.966 -74.196 192.700 199.399 -73.514 192.713 199.370
3 0 -73.514 192.713 199.370 -73.023 172.833 199.904 -73.703 172.812 199.966
3 0 -74.307 172.800 200.283 -74.816 192.697 199.686 -74.196 192.700 199.399
3 0 -74.196 192.700 199.399 -73.703 172.812 199.966 -74.307 172.800 200.283
3 0 -76.504 172.794 202.921 -77.139 192.739 202.212 -77.642 192.712 201.750
3 0 -77.642 192.712 201.750 -77.028 172.766 202.484 -76.504 172.794 202.921
3 0 -75.852 172.821 203.123 -76.499 192.761 202.446 -77.139 192.739 202.212
3 0 -77.139 192.739 202.212 -76.504 172.794 202.921 -75.852 172.821 203.123
3 0 -75.173 172.841 203.061 -75.816 192.774 202.418 -76.499 192.761 202.446
3 0 -76.499 192.761 202.446 -75.852 172.821 203.123 -75.173 172.841 203.061
3 0 -74.569 172.853 202.744 -75.198 192.777 202.130 -75.816 192.774 202.418
3 0 -75.816 192.774 202.418 -75.173 172.841 203.061 -74.569 172.853 202.744
3 0 -74.830 172.772 199.847 -75.317 192.671 199.225 -74.816 192.697 199.686
3 0 -74.816 192.697 199.686 -74.307 172.800 200.283 -74.830 172.772 199.847
3 0 -75.482 172.746 199.644 -75.958 192.649 198.990 -75.317 192.671 199.225
3 0 -75.317 192.671 199.225 -74.830 172.772 199.847 -75.482 172.746 199.644
3 0 -76.161 172.725 199.706 -76.640 192.636 199.019 -75.958 192.649 198.990
3 0 -75.958 192.649 198.990 -75.482 172.746 199.644 -76.161 172.725 199.706
3 0 -76.766 172.713 200.023 -77.260 192.633 199.306 -76.640 192.636 199.019
3 0 -76.640 192.636 199.019 -76.161 172.725 199.706 -76.766 172.713 200.023
3 0 -77.762 192.606 198.844 -77.260 192.633 199.306 -76.766 172.713 200.023
3 0 -76.766 172.713 200.023 -77.290 172.685 199.586 -77.762 192.606 198.844
3 0 -78.403 192.584 198.610 -77.762 192.606 198.844 -77.290 172.685 199.586
3 0 -77.290 172.685 199.586 -77.942 172.659 199.384 -78.403 192.584 198.610
3 0 -79.085 192.571 198.639 -78.403 192.584 198.610 -77.942 172.659 199.384
3 0 -77.942 172.659 199.384 -78.621 172.638 199.446 -79.085 192.571 198.639
3 0 -79.704 192.569 198.926 -79.085 192.571 198.639 -78.621 172.638 199.446
3 0 -78.621 172.638 199.446 -79.226 172.627 199.763 -79.704 192.569 198.926
3 0 -80.167 192.577 199.429 -79.704 192.569 198.926 -79.226 172.627 199.763
3 0 -79.226 172.627 199.763 -79.663 172.625 200.288 -80.167 192.577 199.429
3 0 -80.402 192.595 200.069 -80.167 192.577 199.429 -79.663 172.625 200.288
3 0 -79.663 172.625 200.288 -79.866 172.635 200.939 -80.402 192.595 200.069
3 0 -80.374 192.620 200.751 -80.402 192.595 200.069 -79.866 172.635 200.939
3 0 -79.866 172.635 200.939 -79.805 172.654 201.619 -80.374 192.620 200.751
3 0 -80.086 192.648 201.370 -80.374 192.620 200.751 -79.805 172.654 201.619
3 0 -79.805 172.654 201.619 -79.488 172.679 202.223 -80.086 192.648 201.370
3 0 -79.584 192.675 201.832 -80.086 192.648 201.370 -79.488 172.679 202.223
3 0 -79.488 172.679 202.223 -78.964 172.707 202.660 -79.584 192.675 201.832
3 0 -78.943 192.697 202.066 -79.584 192.675 201.832 -78.964 172.707 202.660
3 0 -78.964 172.707 202.660 -78.312 172.734 202.863 -78.943 192.697 202.066
3 0 -78.261 192.710 202.038 -78.943 192.697 202.066 -78.312 172.734 202.863
3 0 -78.312 172.734 202.863 -77.633 172.754 202.801 -78.261 192.710 202.038
3 0 -77.642 192.712 201.750 -78.261 192.710 202.038 -77.633 172.754 202.801
3 0 -77.633 172.754 202.801 -77.028 172.766 202.484 -77.642 192.712 201.750
3 0 -73.085 209.252 201.998 -72.753 192.841 202.510 -72.251 192.868 202.972
3 0 -72.251 192.868 202.972 -72.617 209.276 202.495 -73.085 209.252 201.998
3 0 -72.617 209.276 202.495 -72.251 192.868 202.972 -71.610 192.890 203.207
3 0 -71.610 192.890 203.207 -71.994 209.291 202.775 -72.617 209.276 202.495
3 0 -71.994 209.291 202.775 -71.610 192.890 203.207 -70.928 192.903 203.178
3 0 -70.928 192.903 203.178 -71.312 209.295 202.795 -71.994 209.291 202.775
3 0 -71.312 209.295 202.795 -70.928 192.903 203.178 -70.309 192.906 202.890
3 0 -70.309 192.906 202.890 -70.673 209.287 202.554 -71.312 209.295 202.795
3 0 -70.673 209.287 202.554 -70.309 192.906 202.890 -69.846 192.897 202.388
3 0 -69.846 192.897 202.388 -70.176 209.269 202.086 -70.673 209.287 202.554
3 0 -70.176 209.269 202.086 -69.846 192.897 202.388 -69.611 192.879 201.747
3 0 -69.611 192.879 201.747 -69.896 209.243 201.464 -70.176 209.269 202.086
3 0 -69.896 209.243 201.464 -69.611 192.879 201.747 -69.639 192.855 201.065
3 0 -69.639 192.855 201.065 -69.875 209.213 200.782 -69.896 209.243 201.464
3 0 -69.875 209.213 200.782 -69.639 192.855 201.065 -69.926 192.826 200.447
3 0 -69.926 192.826 200.447 -70.117 209.184 200.144 -69.875 209.213 200.782
3 0 -70.117 209.184 200.144 -69.926 192.826 200.447 -70.429 192.799 199.985
3 0 -70.429 192.799 199.985 -70.585 209.160 199.648 -70.117 209.184 200.144
3 0 -70.585 209.160 199.648 -70.429 192.799 199.985 -71.070 192.778 199.750
3 0 -71.070 192.778 199.750 -71.208 209.145 199.368 -70.585 209.160 199.648
3 0 -71.208 209.145 199.368 -71.070 192.778 199.750 -71.752 192.765 199.779
3 0 -71.752 192.765 199.779 -71.890 209.141 199.347 -71.208 209.145 199.368
3 0 -71.890 209.141 199.347 -71.752 192.765 199.779 -72.371 192.762 200.067
3 0 -72.371 192.762 200.067 -72.528 209.148 199.589 -71.890 209.141 199.347
3 0 -75.029 209.240 201.940 -75.496 209.216 201.443 -75.198 192.777 202.130
3 0 -75.198 192.777 202.130 -74.696 192.804 202.592 -75.029 209.240 201.940
3 0 -74.406 209.255 202.220 -75.029 209.240 201.940 -74.696 192.804 202.592
3 0 -74.696 192.804 202.592 -74.055 192.826 202.826 -74.406 209.255 202.220
3 0 -73.723 209.259 202.240 -74.406 209.255 202.220 -74.055 192.826 202.826
3 0 -74.055 192.826 202.826 -73.373 192.839 202.798 -73.723 209.259 202.240
3 0 -73.085 209.252 201.998 -73.723 209.259 202.240 -73.373 192.839 202.798
3 0 -73.373 192.839 202.798 -72.753 192.841 202.510 -73.085 209.252 201.998
3 0 -72.997 209.124 199.092 -72.528 209.148 199.589 -72.371 192.762 200.067
3 0 -72.371 192.762 200.067 -72.873 192.735 199.605 -72.997 209.124 199.092
3 0 -73.619 209.109 198.812 -72.997 209.124 199.092 -72.873 192.735 199.605
3 0 -72.873 192.735 199.605 -73.514 192.713 199.370 -73.619 209.109 198.812
3 0 -74.302 209.105 198.792 -73.619 209.109 198.812 -73.514 192.713 199.370
3 0 -73.514 192.713 199.370 -74.196 192.700 199.399 -74.302 209.105 198.792
3 0 -74.940 209.113 199.034 -74.302 209.105 198.792 -74.196 192.700 199.399
3 0 -74.196 192.700 199.399 -74.816 192.697 199.686 -74.940 209.113 199.034
3 0 -77.439 209.205 201.384 -77.907 209.181 200.888 -77.642 192.712 201.750
3 0 -77.642 192.712 201.750 -77.139 192.739 202.212 -77.439 209.205 201.384
3 0 -76.817 209.220 201.664 -77.439 209.205 201.384 -77.139 192.739 202.212
3 0 -77.139 192.739 202.212 -76.499 192.761 202.446 -76.817 209.220 201.664
3 0 -76.134 209.224 201.685 -76.817 209.220 201.664 -76.499 192.761 202.446
3 0 -76.499 192.761 202.446 -75.816 192.774 202.418 -76.134 209.224 201.685
3 0 -75.496 209.216 201.443 -76.134 209.224 201.685 -75.816 192.774 202.418
3 0 -75.816 192.774 202.418 -75.198 192.777 202.130 -75.496 209.216 201.443
3 0 -75.407 209.089 198.537 -74.940 209.113 199.034 -74.816 192.697 199.686
3 0 -74.816 192.697 199.686 -75.317 192.671 199.225 -75.407 209.089 198.537
3 0 -76.030 209.074 198.257 -75.407 209.089 198.537 -75.317 192.671 199.225
3 0 -75.317 192.671 199.225 -75.958 192.649 198.990 -76.030 209.074 198.257
3 0 -76.712 209.070 198.237 -76.030 209.074 198.257 -75.958 192.649 198.990
3 0 -75.958 192.649 198.990 -76.640 192.636 199.019 -76.712 209.070 198.237
3 0 -77.351 209.077 198.479 -76.712 209.070 198.237 -76.640 192.636 199.019
3 0 -76.640 192.636 199.019 -77.260 192.633 199.306 -77.351 209.077 198.479
3 0 -77.351 209.077 198.479 -77.260 192.633 199.306 -77.762 192.606 198.844
3 0 -77.762 192.606 198.844 -77.819 209.053 197.982 -77.351 209.077 198.479
3 0 -77.819 209.053 197.982 -77.762 192.606 198.844 -78.403 192.584 198.610
3 0 -78.403 192.584 198.610 -78.441 209.038 197.702 -77.819 209.053 197.982
3 0 -78.441 209.038 197.702 -78.403 192.584 198.610 -79.085 192.571 198.639
3 0 -79.085 192.571 198.639 -79.124 209.034 197.681 -78.441 209.038 197.702
3 0 -79.124 209.034 197.681 -79.085 192.571 198.639 -79.704 192.569 198.926
3 0 -79.704 192.569 198.926 -79.762 209.042 197.923 -79.124 209.034 197.681
3 0 -79.762 209.042 197.923 -79.704 192.569 198.926 -80.167 192.577 199.429
3 0 -80.167 192.577 199.429 -80.260 209.060 198.391 -79.762 209.042 197.923
3 0 -80.260 209.060 198.391 -80.167 192.577 199.429 -80.402 192.595 200.069
3 0 -80.402 192.595 200.069 -80.540 209.086 199.013 -80.260 209.060 198.391
3 0 -80.540 209.086 199.013 -80.402 192.595 200.069 -80.374 192.620 200.751
3 0 -80.374 192.620 200.751 -80.561 209.116 199.695 -80.540 209.086 199.013
3 0 -80.561 209.116 199.695 -80.374 192.620 200.751 -80.086 192.648 201.370
3 0 -80.086 192.648 201.370 -80.319 209.145 200.332 -80.561 209.116 199.695
3 0 -80.319 209.145 200.332 -80.086 192.648 201.370 -79.584 192.675 201.832
3 0 -79.584 192.675 201.832 -79.851 209.169 200.829 -80.319 209.145 200.332
3 0 -79.851 209.169 200.829 -79.584 192.675 201.832 -78.943 192.697 202.066
3 0 -78.943 192.697 202.066 -79.228 209.184 201.109 -79.851 209.169 200.829
3 0 -79.228 209.184 201.109 -78.943 192.697 202.066 -78.261 192.710 202.038
3 0 -78.261 192.710 202.038 -78.546 209.188 201.130 -79.228 209.184 201.109
3 0 -78.546 209.188 201.130 -78.261 192.710 202.038 -77.642 192.712 201.750
3 0 -77.642 192.712 201.750 -77.907 209.181 200.888 -78.546 209.188 201.130
3 0 -73.162 221.177 201.578 -73.085 209.252 201.998 -72.617 209.276 202.495
3 0 -72.617 209.276 202.495 -72.729 221.198 202.105 -73.162 221.177 201.578
3 0 -72.729 221.198 202.105 -72.617 209.276 202.495 -71.994 209.291 202.775
3 0 -71.994 209.291 202.775 -72.126 221.206 202.426 -72.729 221.198 202.105
3 0 -72.126 221.206 202.426 -71.994 209.291 202.775 -71.312 209.295 202.795
3 0 -71.312 209.295 202.795 -71.447 221.201 202.493 -72.126 221.206 202.426
3 0 -71.447 221.201 202.493 -71.312 209.295 202.795 -70.673 209.287 202.554
3 0 -70.673 209.287 202.554 -70.794 221.183 202.295 -71.447 221.201 202.493
3 0 -70.794 221.183 202.295 -70.673 209.287 202.554 -70.176 209.269 202.086
3 0 -70.176 209.269 202.086 -70.266 221.156 201.862 -70.794 221.183 202.295
3 0 -70.266 221.156 201.862 -70.176 209.269 202.086 -69.896 209.243 201.464
3 0 -69.896 209.243 201.464 -69.945 221.122 201.260 -70.266 221.156 201.862
3 0 -69.945 221.122 201.260 -69.896 209.243 201.464 -69.875 209.213 200.782
3 0 -69.875 209.213 200.782 -69.879 221.088 200.582 -69.945 221.122 201.260
3 0 -69.879 221.088 200.582 -69.875 209.213 200.782 -70.117 209.184 200.144
3 0 -70.117 209.184 200.144 -70.077 221.058 199.929 -69.879 221.088 200.582
3 0 -70.077 221.058 199.929 -70.117 209.184 200.144 -70.585 209.160 199.648
3 0 -70.585 209.160 199.648 -70.511 221.038 199.402 -70.077 221.058 199.929
3 0 -70.511 221.038 199.402 -70.585 209.160 199.648 -71.208 209.145 199.368
3 0 -71.208 209.145 199.368 -71.113 221.029 199.081 -70.511 221.038 199.402
3 0 -71.113 221.029 199.081 -71.208 209.145 199.368 -71.890 209.141 199.347
3 0 -71.890 209.141 199.347 -71.793 221.034 199.014 -71.113 221.029 199.081
3 0 -71.793 221.034 199.014 -71.890 209.141 199.347 -72.528 209.148 199.589
3 0 -72.528 209.148 199.589 -72.446 221.052 199.212 -71.793 221.034 199.014
3 0 -75.098 221.191 201.388 -75.531 221.171 200.861 -75.496 209.216 201.443
3 0 -75.496 209.216 201.443 -75.029 209.240 201.940 -75.098 221.191 201.388
3 0 -74.495 221.200 201.709 -75.098 221.191 201.388 -75.029 209.240 201.940
3 0 -75.029 209.240 201.940 -74.406 209.255 202.220 -74.495 221.200 201.709
3 0 -73.816 221.195 201.776 -74.495 221.200 201.709 -74.406 209.255 202.220
3 0 -74.406 209.255 202.220 -73.723 209.259 202.240 -73.816 221.195 201.776
3 0 -73.162 221.177 201.578 -73.816 221.195 201.776 -73.723 209.259 202.240
3 0 -73.723 209.259 202.240 -73.085 209.252 201.998 -73.162 221.177 201.578
3 0 -72.880 221.031 198.685 -72.446 221.052 199.212 -72.528 209.148 199.589
3 0 -72.528 209.148 199.589 -72.997 209.124 199.092 -72.880 221.031 198.685
3 0 -73.482 221.023 198.364 -72.880 221.031 198.685 -72.997 209.124 199.092
3 0 -72.997 209.124 199.092 -73.619 209.109 198.812 -73.482 221.023 198.364
3 0 -74.162 221.028 198.297 -73.482 221.023 198.364 -73.619 209.109 198.812
3 0 -73.619 209.109 198.812 -74.302 209.105 198.792 -74.162 221.028 198.297
3 0 -74.815 221.046 198.495 -74.162 221.028 198.297 -74.302 209.105 198.792
3 0 -74.302 209.105 198.792 -74.940 209.113 199.034 -74.815 221.046 198.495
3 0 -77.466 221.185 200.671 -77.899 221.164 200.144 -77.907 209.181 200.888
3 0 -77.907 209.181 200.888 -77.439 209.205 201.384 -77.466 221.185 200.671
3 0 -76.863 221.193 200.992 -77.466 221.185 200.671 -77.439 209.205 201.384
3 0 -77.439 209.205 201.384 -76.817 209.220 201.664 -76.863 221.193 200.992
3 0 -76.184 221.188 201.059 -76.863 221.193 200.992 -76.817 209.220 201.664
3 0 -76.817 209.220 201.664 -76.134 209.224 201.685 -76.184 221.188 201.059
3 0 -75.531 221.171 200.861 -76.184 221.188 201.059 -76.134 209.224 201.685
3 0 -76.134 209.224 201.685 -75.496 209.216 201.443 -75.531 221.171 200.861
3 0 -75.248 221.025 197.968 -74.815 221.046 198.495 -74.940 209.113 199.034
3 0 -74.940 209.113 199.034 -75.407 209.089 198.537 -75.248 221.025 197.968
3 0 -75.850 221.017 197.647 -75.248 221.025 197.968 -75.407 209.089 198.537
3 0 -75.407 209.089 198.537 -76.030 209.074 198.257 -75.850 221.017 197.647
3 0 -76.530 221.022 197.580 -75.850 221.017 197.647 -76.030 209.074 198.257
3 0 -76.030 209.074 198.257 -76.712 209.070 198.237 -76.530 221.022 197.580
3 0 -77.183 221.039 197.778 -76.530 221.022 197.580 -76.712 209.070 198.237
3 0 -76.712 209.070 198.237 -77.351 209.077 198.479 -77.183 221.039 197.778
3 0 -77.183 221.039 197.778 -77.351 209.077 198.479 -77.819 209.053 197.982
3 0 -77.819 209.053 197.982 -77.617 221.019 197.251 -77.183 221.039 197.778
3 0 -77.617 221.019 197.251 -77.819 209.053 197.982 -78.441 209.038 197.702
3 0 -78.441 209.038 197.702 -78.219 221.010 196.930 -77.617 221.019 197.251
3 0 -78.219 221.010 196.930 -78.441 209.038 197.702 -79.124 209.034 197.681
3 0 -79.124 209.034 197.681 -78.898 221.015 196.863 -78.219 221.010 196.930
3 0 -78.898 221.015 196.863 -79.124 209.034 197.681 -79.762 209.042 197.923
3 0 -79.762 209.042 197.923 -79.552 221.033 197.061 -78.898 221.015 196.863
3 0 -79.552 221.033 197.061 -79.762 209.042 197.923 -80.260 209.060 198.391
3 0 -80.260 209.060 198.391 -80.079 221.061 197.494 -79.552 221.033 197.061
3 0 -80.079 221.061 197.494 -80.260 209.060 198.391 -80.540 209.086 199.013
3 0 -80.540 209.086 199.013 -80.400 221.094 198.096 -80.079 221.061 197.494
3 0 -80.400 221.094 198.096 -80.540 209.086 199.013 -80.561 209.116 199.695
3 0 -80.561 209.116 199.695 -80.467 221.128 198.774 -80.400 221.094 198.096
3 0 -80.467 221.128 198.774 -80.561 209.116 199.695 -80.319 209.145 200.332
3 0 -80.319 209.145 200.332 -80.268 221.158 199.427 -80.467 221.128 198.774
3 0 -80.268 221.158 199.427 -80.319 209.145 200.332 -79.851 209.169 200.829
3 0 -79.851 209.169 200.829 -79.834 221.179 199.954 -80.268 221.158 199.427
3 0 -79.834 221.179 199.954 -79.851 209.169 200.829 -79.228 209.184 201.109
3 0 -79.228 209.184 201.109 -79.232 221.187 200.275 -79.834 221.179 199.954
3 0 -79.232 221.187 200.275 -79.228 209.184 201.109 -78.546 209.188 201.130
3 0 -78.546 209.188 201.130 -78.552 221.182 200.342 -79.232 221.187 200.275
3 0 -78.552 221.182 200.342 -78.546 209.188 201.130 -77.907 209.181 200.888
3 0 -77.907 209.181 200.888 -77.899 221.164 200.144 -78.552 221.182 200.342
3 0 -73.050 233.097 201.102 -73.162 221.177 201.578 -72.729 221.198 202.105
3 0 -72.729 221.198 202.105 -72.653 233.114 201.657 -73.050 233.097 201.102
3 0 -72.653 233.114 201.657 -72.729 221.198 202.105 -72.126 221.206 202.426
3 0 -72.126 221.206 202.426 -72.074 233.115 202.019 -72.653 233.114 201.657
3 0 -72.074 233.115 202.019 -72.126 221.206 202.426 -71.447 221.201 202.493
3 0 -71.447 221.201 202.493 -71.401 233.100 202.133 -72.074 233.115 202.019
3 0 -71.401 233.100 202.133 -71.447 221.201 202.493 -70.794 221.183 202.295
3 0 -70.794 221.183 202.295 -70.736 233.072 201.980 -71.401 233.100 202.133
3 0 -70.736 233.072 201.980 -70.794 221.183 202.295 -70.266 221.156 201.862
3 0 -70.266 221.156 201.862 -70.181 233.034 201.585 -70.736 233.072 201.980
3 0 -70.181 233.034 201.585 -70.266 221.156 201.862 -69.945 221.122 201.260
3 0 -69.945 221.122 201.260 -69.819 232.992 201.007 -70.181 233.034 201.585
3 0 -69.819 232.992 201.007 -69.945 221.122 201.260 -69.879 221.088 200.582
3 0 -69.879 221.088 200.582 -69.707 232.953 200.335 -69.819 232.992 201.007
3 0 -69.707 232.953 200.335 -69.879 221.088 200.582 -70.077 221.058 199.929
3 0 -70.077 221.058 199.929 -69.861 232.922 199.670 -69.707 232.953 200.335
3 0 -69.861 232.922 199.670 -70.077 221.058 199.929 -70.511 221.038 199.402
3 0 -70.511 221.038 199.402 -70.257 232.905 199.115 -69.861 232.922 199.670
3 0 -70.257 232.905 199.115 -70.511 221.038 199.402 -71.113 221.029 199.081
3 0 -71.113 221.029 199.081 -70.836 232.904 198.753 -70.257 232.905 199.115
3 0 -70.836 232.904 198.753 -71.113 221.029 199.081 -71.793 221.034 199.014
3 0 -71.793 221.034 199.014 -71.509 232.918 198.639 -70.836 232.904 198.753
3 0 -71.509 232.918 198.639 -71.793 221.034 199.014 -72.446 221.052 199.212
3 0 -72.446 221.052 199.212 -72.174 232.947 198.792 -71.509 232.918 198.639
3 0 -74.967 233.139 200.779 -75.364 233.122 200.223 -75.531 221.171 200.861
3 0 -75.531 221.171 200.861 -75.098 221.191 201.388 -74.967 233.139 200.779
3 0 -74.388 233.140 201.141 -74.967 233.139 200.779 -75.098 221.191 201.388
3 0 -75.098 221.191 201.388 -74.495 221.200 201.709 -74.388 233.140 201.141
3 0 -73.715 233.125 201.254 -74.388 233.140 201.141 -74.495 221.200 201.709
3 0 -74.495 221.200 201.709 -73.816 221.195 201.776 -73.715 233.125 201.254
3 0 -73.050 233.097 201.102 -73.715 233.125 201.254 -73.816 221.195 201.776
3 0 -73.816 221.195 201.776 -73.162 221.177 201.578 -73.050 233.097 201.102
3 0 -72.571 232.930 198.236 -72.174 232.947 198.792 -72.446 221.052 199.212
3 0 -72.446 221.052 199.212 -72.880 221.031 198.685 -72.571 232.930 198.236
3 0 -73.150 232.929 197.874 -72.571 232.930 198.236 -72.880 221.031 198.685
3 0 -72.880 221.031 198.685 -73.482 221.023 198.364 -73.150 232.929 197.874
3 0 -73.823 232.943 197.761 -73.150 232.929 197.874 -73.482 221.023 198.364
3 0 -73.482 221.023 198.364 -74.162 221.028 198.297 -73.823 232.943 197.761
3 0 -74.488 232.972 197.913 -73.823 232.943 197.761 -74.162 221.028 198.297
3 0 -74.162 221.028 198.297 -74.815 221.046 198.495 -74.488 232.972 197.913
3 0 -77.280 233.164 199.901 -77.676 233.147 199.345 -77.899 221.164 200.144
3 0 -77.899 221.164 200.144 -77.466 221.185 200.671 -77.280 233.164 199.901
3 0 -76.701 233.165 200.263 -77.280 233.164 199.901 -77.466 221.185 200.671
3 0 -77.466 221.185 200.671 -76.863 221.193 200.992 -76.701 233.165 200.263
3 0 -76.028 233.150 200.376 -76.701 233.165 200.263 -76.863 221.193 200.992
3 0 -76.863 221.193 200.992 -76.184 221.188 201.059 -76.028 233.150 200.376
3 0 -75.364 233.122 200.223 -76.028 233.150 200.376 -76.184 221.188 201.059
3 0 -76.184 221.188 201.059 -75.531 221.171 200.861 -75.364 233.122 200.223
3 0 -74.884 232.955 197.358 -74.488 232.972 197.913 -74.815 221.046 198.495
3 0 -74.815 221.046 198.495 -75.248 221.025 197.968 -74.884 232.955 197.358
3 0 -75.463 232.953 196.996 -74.884 232.955 197.358 -75.248 221.025 197.968
3 0 -75.248 221.025 197.968 -75.850 221.017 197.647 -75.463 232.953 196.996
3 0 -76.136 232.968 196.882 -75.463 232.953 196.996 -75.850 221.017 197.647
3 0 -75.850 221.017 197.647 -76.530 221.022 197.580 -76.136 232.968 196.882
3 0 -76.801 232.997 197.035 -76.136 232.968 196.882 -76.530 221.022 197.580
3 0 -76.530 221.022 197.580 -77.183 221.039 197.778 -76.801 232.997 197.035
3 0 -76.801 232.997 197.035 -77.183 221.039 197.778 -77.617 221.019 197.251
3 0 -77.617 221.019 197.251 -77.197 232.980 196.479 -76.801 232.997 197.035
3 0 -77.197 232.980 196.479 -77.617 221.019 197.251 -78.219 221.010 196.930
3 0 -78.219 221.010 196.930 -77.776 232.978 196.117 -77.197 232.980 196.479
3 0 -77.776 232.978 196.117 -78.219 221.010 196.930 -78.898 221.015 196.863
3 0 -78.898 221.015 196.863 -78.449 232.993 196.004 -77.776 232.978 196.117
3 0 -78.449 232.993 196.004 -78.898 221.015 196.863 -79.552 221.033 197.061
3 0 -79.552 221.033 197.061 -79.114 233.022 196.156 -78.449 232.993 196.004
3 0 -79.114 233.022 196.156 -79.552 221.033 197.061 -80.079 221.061 197.494
3 0 -80.079 221.061 197.494 -79.670 233.060 196.552 -79.114 233.022 196.156
3 0 -79.670 233.060 196.552 -80.079 221.061 197.494 -80.400 221.094 198.096
3 0 -80.400 221.094 198.096 -80.031 233.102 197.129 -79.670 233.060 196.552
3 0 -80.031 233.102 197.129 -80.400 221.094 198.096 -80.467 221.128 198.774
3 0 -80.467 221.128 198.774 -80.144 233.141 197.802 -80.031 233.102 197.129
3 0 -80.144 233.141 197.802 -80.467 221.128 198.774 -80.268 221.158 199.427
3 0 -80.268 221.158 199.427 -79.990 233.172 198.466 -80.144 233.141 197.802
3 0 -79.990 233.172 198.466 -80.268 221.158 199.427 -79.834 221.179 199.954
3 0 -79.834 221.179 199.954 -79.593 233.189 199.022 -79.990 233.172 198.466
3 0 -79.593 233.189 199.022 -79.834 221.179 199.954 -79.232 221.187 200.275
3 0 -79.232 221.187 200.275 -79.015 233.190 199.384 -79.593 233.189 199.022
3 0 -79.015 233.190 199.384 -79.232 221.187 200.275 -78.552 221.182 200.342
3 0 -78.552 221.182 200.342 -78.341 233.175 199.497 -79.015 233.190 199.384
3 0 -78.341 233.175 199.497 -78.552 221.182 200.342 -77.899 221.164 200.144
3 0 -77.899 221.164 200.144 -77.676 233.147 199.345 -78.341 233.175 199.497
3 0 -72.724 245.010 200.592 -73.050 233.097 201.102 -72.653 233.114 201.657
3 0 -72.653 233.114 201.657 -72.373 245.025 201.177 -72.724 245.010 200.592
3 0 -72.373 245.025 201.177 -72.653 233.114 201.657 -72.074 233.115 202.019
3 0 -72.074 233.115 202.019 -71.825 245.020 201.584 -72.373 245.025 201.177
3 0 -71.825 245.020 201.584 -72.074 233.115 202.019 -71.401 233.100 202.133
3 0 -71.401 233.100 202.133 -71.163 244.995 201.750 -71.825 245.020 201.584
3 0 -71.163 244.995 201.750 -71.401 233.100 202.133 -70.736 233.072 201.980
3 0 -70.736 233.072 201.980 -70.489 244.955 201.651 -71.163 244.995 201.750
3 0 -70.489 244.955 201.651 -70.736 233.072 201.980 -70.181 233.034 201.585
3 0 -70.181 233.034 201.585 -69.904 244.906 201.301 -70.489 244.955 201.651
3 0 -69.904 244.906 201.301 -70.181 233.034 201.585 -69.819 232.992 201.007
3 0 -69.819 232.992 201.007 -69.499 244.854 200.754 -69.904 244.906 201.301
3 0 -69.499 244.854 200.754 -69.819 232.992 201.007 -69.707 232.953 200.335
3 0 -69.707 232.953 200.335 -69.334 244.809 200.093 -69.499 244.854 200.754
3 0 -69.334 244.809 200.093 -69.707 232.953 200.335 -69.861 232.922 199.670
3 0 -69.861 232.922 199.670 -69.435 244.776 199.419 -69.334 244.809 200.093
3 0 -69.435 244.776 199.419 -69.861 232.922 199.670 -70.257 232.905 199.115
3 0 -70.257 232.905 199.115 -69.787 244.761 198.833 -69.435 244.776 199.419
3 0 -69.787 244.761 198.833 -70.257 232.905 199.115 -70.836 232.904 198.753
3 0 -70.836 232.904 198.753 -70.335 244.766 198.427 -69.787 244.761 198.833
3 0 -70.335 244.766 198.427 -70.836 232.904 198.753 -71.509 232.918 198.639
3 0 -71.509 232.918 198.639 -70.997 244.791 198.260 -70.335 244.766 198.427
3 0 -70.997 244.791 198.260 -71.509 232.918 198.639 -72.174 232.947 198.792
3 0 -72.174 232.947 198.792 -71.671 244.831 198.359 -70.997 244.791 198.260
3 0 -74.609 245.080 200.117 -74.961 245.065 199.532 -75.364 233.122 200.223
3 0 -75.364 233.122 200.223 -74.967 233.139 200.779 -74.609 245.080 200.117
3 0 -74.061 245.075 200.524 -74.609 245.080 200.117 -74.967 233.139 200.779
3 0 -74.967 233.139 200.779 -74.388 233.140 201.141 -74.061 245.075 200.524
3 0 -73.399 245.050 200.691 -74.061 245.075 200.524 -74.388 233.140 201.141
3 0 -74.388 233.140 201.141 -73.715 233.125 201.254 -73.399 245.050 200.691
3 0 -72.724 245.010 200.592 -73.399 245.050 200.691 -73.715 233.125 201.254
3 0 -73.715 233.125 201.254 -73.050 233.097 201.102 -72.724 245.010 200.592
3 0 -72.023 244.816 197.774 -71.671 244.831 198.359 -72.174 232.947 198.792
3 0 -72.174 232.947 198.792 -72.571 232.930 198.236 -72.023 244.816 197.774
3 0 -72.571 244.821 197.367 -72.023 244.816 197.774 -72.571 232.930 198.236
3 0 -72.571 232.930 198.236 -73.150 232.929 197.874 -72.571 244.821 197.367
3 0 -73.233 244.846 197.201 -72.571 244.821 197.367 -73.150 232.929 197.874
3 0 -73.150 232.929 197.874 -73.823 232.943 197.761 -73.233 244.846 197.201
3 0 -73.907 244.886 197.300 -73.233 244.846 197.201 -73.823 232.943 197.761
3 0 -73.823 232.943 197.761 -74.488 232.972 197.913 -73.907 244.886 197.300
3 0 -76.844 245.135 199.058 -77.196 245.120 198.473 -77.676 233.147 199.345
3 0 -77.676 233.147 199.345 -77.280 233.164 199.901 -76.844 245.135 199.058
3 0 -76.296 245.130 199.465 -76.844 245.135 199.058 -77.280 233.164 199.901
3 0 -77.280 233.164 199.901 -76.701 233.165 200.263 -76.296 245.130 199.465
3 0 -75.634 245.105 199.632 -76.296 245.130 199.465 -76.701 233.165 200.263
3 0 -76.701 233.165 200.263 -76.028 233.150 200.376 -75.634 245.105 199.632
3 0 -74.961 245.065 199.532 -75.634 245.105 199.632 -76.028 233.150 200.376
3 0 -76.028 233.150 200.376 -75.364 233.122 200.223 -74.961 245.065 199.532
3 0 -74.258 244.871 196.715 -73.907 244.886 197.300 -74.488 232.972 197.913
3 0 -74.488 232.972 197.913 -74.884 232.955 197.358 -74.258 244.871 196.715
3 0 -74.806 244.876 196.308 -74.258 244.871 196.715 -74.884 232.955 197.358
3 0 -74.884 232.955 197.358 -75.463 232.953 196.996 -74.806 244.876 196.308
3 0 -75.468 244.901 196.142 -74.806 244.876 196.308 -75.463 232.953 196.996
3 0 -75.463 232.953 196.996 -76.136 232.968 196.882 -75.468 244.901 196.142
3 0 -76.142 244.941 196.241 -75.468 244.901 196.142 -76.136 232.968 196.882
3 0 -76.136 232.968 196.882 -76.801 232.997 197.035 -76.142 244.941 196.241
3 0 -76.142 244.941 196.241 -76.801 232.997 197.035 -77.197 232.980 196.479
3 0 -77.197 232.980 196.479 -76.494 244.926 195.655 -76.142 244.941 196.241
3 0 -76.494 244.926 195.655 -77.197 232.980 196.479 -77.776 232.978 196.117
3 0 -77.776 232.978 196.117 -77.042 244.931 195.249 -76.494 244.926 195.655
3 0 -77.042 244.931 195.249 -77.776 232.978 196.117 -78.449 232.993 196.004
3 0 -78.449 232.993 196.004 -77.704 244.956 195.082 -77.042 244.931 195.249
3 0 -77.704 244.956 195.082 -78.449 232.993 196.004 -79.114 233.022 196.156
3 0 -79.114 233.022 196.156 -78.379 244.996 195.181 -77.704 244.956 195.082
3 0 -78.379 244.996 195.181 -79.114 233.022 196.156 -79.670 233.060 196.552
3 0 -79.670 233.060 196.552 -78.963 245.045 195.531 -78.379 244.996 195.181
3 0 -78.963 245.045 195.531 -79.670 233.060 196.552 -80.031 233.102 197.129
3 0 -80.031 233.102 197.129 -79.368 245.097 196.078 -78.963 245.045 195.531
3 0 -79.368 245.097 196.078 -80.031 233.102 197.129 -80.144 233.141 197.802
3 0 -80.144 233.141 197.802 -79.533 245.142 196.739 -79.368 245.097 196.078
3 0 -79.533 245.142 196.739 -80.144 233.141 197.802 -79.990 233.172 198.466
3 0 -79.990 233.172 198.466 -79.432 245.175 197.414 -79.533 245.142 196.739
3 0 -79.432 245.175 197.414 -79.990 233.172 198.466 -79.593 233.189 199.022
3 0 -79.593 233.189 199.022 -79.080 245.190 197.999 -79.432 245.175 197.414
3 0 -79.080 245.190 197.999 -79.593 233.189 199.022 -79.015 233.190 199.384
3 0 -79.015 233.190 199.384 -78.532 245.185 198.406 -79.080 245.190 197.999
3 0 -78.532 245.185 198.406 -79.015 233.190 199.384 -78.341 233.175 199.497
3 0 -78.341 233.175 199.497 -77.870 245.160 198.572 -78.532 245.185 198.406
3 0 -77.870 245.160 198.572 -78.341 233.175 199.497 -77.676 233.147 199.345
3 0 -77.676 233.147 199.345 -77.196 245.120 198.473 -77.870 245.160 198.572
3 0 -72.404 252.944 200.257 -72.724 245.010 200.592 -72.373 245.025 201.177
3 0 -72.373 245.025 201.177 -72.097 252.958 200.867 -72.404 252.944 200.257
3 0 -72.097 252.958 200.867 -72.373 245.025 201.177 -71.825 245.020 201.584
3 0 -71.825 245.020 201.584 -71.580 252.948 201.313 -72.097 252.958 200.867
3 0 -71.580 252.948 201.313 -71.825 245.020 201.584 -71.163 244.995 201.750
3 0 -71.163 244.995 201.750 -70.933 252.915 201.529 -71.580 252.948 201.313
3 0 -70.933 252.915 201.529 -71.163 244.995 201.750 -70.489 244.955 201.651
3 0 -70.489 244.955 201.651 -70.254 252.864 201.480 -70.933 252.915 201.529
3 0 -70.254 252.864 201.480 -70.489 244.955 201.651 -69.904 244.906 201.301
3 0 -69.904 244.906 201.301 -69.646 252.803 201.175 -70.254 252.864 201.480
3 0 -69.646 252.803 201.175 -69.904 244.906 201.301 -69.499 244.854 200.754
3 0 -69.499 244.854 200.754 -69.202 252.741 200.660 -69.646 252.803 201.175
3 0 -69.202 252.741 200.660 -69.499 244.854 200.754 -69.334 244.809 200.093
3 0 -69.334 244.809 200.093 -68.989 252.689 200.013 -69.202 252.741 200.660
3 0 -68.989 252.689 200.013 -69.334 244.809 200.093 -69.435 244.776 199.419
3 0 -69.435 244.776 199.419 -69.040 252.652 199.334 -68.989 252.689 200.013
3 0 -69.040 252.652 199.334 -69.435 244.776 199.419 -69.787 244.761 198.833
3 0 -69.787 244.761 198.833 -69.348 252.639 198.724 -69.040 252.652 199.334
3 0 -69.348 252.639 198.724 -69.787 244.761 198.833 -70.335 244.766 198.427
3 0 -70.335 244.766 198.427 -69.864 252.649 198.277 -69.348 252.639 198.724
3 0 -69.864 252.649 198.277 -70.335 244.766 198.427 -70.997 244.791 198.260
3 0 -70.997 244.791 198.260 -70.511 252.682 198.062 -69.864 252.649 198.277
3 0 -70.511 252.682 198.062 -70.997 244.791 198.260 -71.671 244.831 198.359
3 0 -71.671 244.831 198.359 -71.190 252.733 198.110 -70.511 252.682 198.062
3 0 -74.247 253.038 199.643 -74.554 253.024 199.034 -74.961 245.065 199.532
3 0 -74.961 245.065 199.532 -74.609 245.080 200.117 -74.247 253.038 199.643
3 0 -73.730 253.028 200.090 -74.247 253.038 199.643 -74.609 245.080 200.117
3 0 -74.609 245.080 200.117 -74.061 245.075 200.524 -73.730 253.028 200.090
3 0 -73.083 252.995 200.305 -73.730 253.028 200.090 -74.061 245.075 200.524
3 0 -74.061 245.075 200.524 -73.399 245.050 200.691 -73.083 252.995 200.305
3 0 -72.404 252.944 200.257 -73.083 252.995 200.305 -73.399 245.050 200.691
3 0 -73.399 245.050 200.691 -72.724 245.010 200.592 -72.404 252.944 200.257
3 0 -71.498 252.719 197.501 -71.190 252.733 198.110 -71.671 244.831 198.359
3 0 -71.671 244.831 198.359 -72.023 244.816 197.774 -71.498 252.719 197.501
3 0 -72.014 252.729 197.054 -71.498 252.719 197.501 -72.023 244.816 197.774
3 0 -72.023 244.816 197.774 -72.571 244.821 197.367 -72.014 252.729 197.054
3 0 -72.661 252.762 196.839 -72.014 252.729 197.054 -72.571 244.821 197.367
3 0 -72.571 244.821 197.367 -73.233 244.846 197.201 -72.661 252.762 196.839
3 0 -73.340 252.813 196.887 -72.661 252.762 196.839 -73.233 244.846 197.201
3 0 -73.233 244.846 197.201 -73.907 244.886 197.300 -73.340 252.813 196.887
3 0 -76.396 253.119 198.421 -76.703 253.105 197.811 -77.196 245.120 198.473
3 0 -77.196 245.120 198.473 -76.844 245.135 199.058 -76.396 253.119 198.421
3 0 -75.879 253.108 198.867 -76.396 253.119 198.421 -76.844 245.135 199.058
3 0 -76.844 245.135 199.058 -76.296 245.130 199.465 -75.879 253.108 198.867
3 0 -75.232 253.075 199.083 -75.879 253.108 198.867 -76.296 245.130 199.465
3 0 -76.296 245.130 199.465 -75.634 245.105 199.632 -75.232 253.075 199.083
3 0 -74.554 253.024 199.034 -75.232 253.075 199.083 -75.634 245.105 199.632
3 0 -75.634 245.105 199.632 -74.961 245.065 199.532 -74.554 253.024 199.034
3 0 -73.647 252.799 196.278 -73.340 252.813 196.887 -73.907 244.886 197.300
3 0 -73.907 244.886 197.300 -74.258 244.871 196.715 -73.647 252.799 196.278
3 0 -74.163 252.810 195.831 -73.647 252.799 196.278 -74.258 244.871 196.715
3 0 -74.258 244.871 196.715 -74.806 244.876 196.308 -74.163 252.810 195.831
3 0 -74.810 252.843 195.616 -74.163 252.810 195.831 -74.806 244.876 196.308
3 0 -74.806 244.876 196.308 -75.468 244.901 196.142 -74.810 252.843 195.616
3 0 -75.490 252.893 195.664 -74.810 252.843 195.616 -75.468 244.901 196.142
3 0 -75.468 244.901 196.142 -76.142 244.941 196.241 -75.490 252.893 195.664
3 0 -75.490 252.893 195.664 -76.142 244.941 196.241 -76.494 244.926 195.655
3 0 -76.494 244.926 195.655 -75.797 252.880 195.055 -75.490 252.893 195.664
3 0 -75.797 252.880 195.055 -76.494 244.926 195.655 -77.042 244.931 195.249
3 0 -77.042 244.931 195.249 -76.313 252.890 194.608 -75.797 252.880 195.055
3 0 -76.313 252.890 194.608 -77.042 244.931 195.249 -77.704 244.956 195.082
3 0 -77.704 244.956 195.082 -76.961 252.923 194.393 -76.313 252.890 194.608
3 0 -76.961 252.923 194.393 -77.704 244.956 195.082 -78.379 244.996 195.181
3 0 -78.379 244.996 195.181 -77.640 252.974 194.441 -76.961 252.923 194.393
3 0 -77.640 252.974 194.441 -78.379 244.996 195.181 -78.963 245.045 195.531
3 0 -78.963 245.045 195.531 -78.248 253.035 194.746 -77.640 252.974 194.441
3 0 -78.248 253.035 194.746 -78.963 245.045 195.531 -79.368 245.097 196.078
3 0 -79.368 245.097 196.078 -78.692 253.096 195.261 -78.248 253.035 194.746
3 0 -78.692 253.096 195.261 -79.368 245.097 196.078 -79.533 245.142 196.739
3 0 -79.533 245.142 196.739 -78.904 253.149 195.908 -78.692 253.096 195.261
3 0 -78.904 253.149 195.908 -79.533 245.142 196.739 -79.432 245.175 197.414
3 0 -79.432 245.175 197.414 -78.853 253.185 196.588 -78.904 253.149 195.908
3 0 -78.853 253.185 196.588 -79.432 245.175 197.414 -79.080 245.190 197.999
3 0 -79.080 245.190 197.999 -78.546 253.199 197.197 -78.853 253.185 196.588
3 0 -78.546 253.199 197.197 -79.080 245.190 197.999 -78.532 245.185 198.406
3 0 -78.532 245.185 198.406 -78.029 253.189 197.644 -78.546 253.199 197.197
3 0 -78.029 253.189 197.644 -78.532 245.185 198.406 -77.870 245.160 198.572
3 0 -77.870 245.160 198.572 -77.382 253.155 197.859 -78.029 253.189 197.644
3 0 -77.382 253.155 197.859 -77.870 245.160 198.572 -77.196 245.120 198.473
3 0 -77.196 245.120 198.473 -76.703 253.105 197.811 -77.382 253.155 197.859
3 0 -71.927 260.869 199.885 -72.404 252.944 200.257 -72.097 252.958 200.867
3 0 -72.097 252.958 200.867 -71.662 260.883 200.514 -71.927 260.869 199.885
3 0 -71.662 260.883 200.514 -72.097 252.958 200.867 -71.580 252.948 201.313
3 0 -71.580 252.948 201.313 -71.177 260.868 200.995 -71.662 260.883 200.514
3 0 -71.177 260.868 200.995 -71.580 252.948 201.313 -70.933 252.915 201.529
3 0 -70.933 252.915 201.529 -70.546 260.826 201.254 -71.177 260.868 200.995
3 0 -70.546 260.826 201.254 -70.933 252.915 201.529 -70.254 252.864 201.480
3 0 -70.254 252.864 201.480 -69.866 260.763 201.251 -70.546 260.826 201.254
3 0 -69.866 260.763 201.251 -70.254 252.864 201.480 -69.646 252.803 201.175
3 0 -69.646 252.803 201.175 -69.240 260.690 200.989 -69.866 260.763 201.251
3 0 -69.240 260.690 200.989 -69.646 252.803 201.175 -69.202 252.741 200.660
3 0 -69.202 252.741 200.660 -68.764 260.618 200.505 -69.240 260.690 200.989
3 0 -68.764 260.618 200.505 -69.202 252.741 200.660 -68.989 252.689 200.013
3 0 -68.989 252.689 200.013 -68.509 260.556 199.875 -68.764 260.618 200.505
3 0 -68.509 260.556 199.875 -68.989 252.689 200.013 -69.040 252.652 199.334
3 0 -69.040 252.652 199.334 -68.515 260.516 199.193 -68.509 260.556 199.875
3 0 -68.515 260.516 199.193 -69.040 252.652 199.334 -69.348 252.639 198.724
3 0 -69.348 252.639 198.724 -68.780 260.502 198.564 -68.515 260.516 199.193
3 0 -68.780 260.502 198.564 -69.348 252.639 198.724 -69.864 252.649 198.277
3 0 -69.864 252.649 198.277 -69.265 260.517 198.084 -68.780 260.502 198.564
3 0 -69.265 260.517 198.084 -69.864 252.649 198.277 -70.511 252.682 198.062
3 0 -70.511 252.682 198.062 -69.895 260.559 197.825 -69.265 260.517 198.084
3 0 -69.895 260.559 197.825 -70.511 252.682 198.062 -71.190 252.733 198.110
3 0 -71.190 252.733 198.110 -70.575 260.621 197.827 -69.895 260.559 197.825
3 0 -73.723 260.988 199.148 -73.988 260.975 198.519 -74.554 253.024 199.034
3 0 -74.554 253.024 199.034 -74.247 253.038 199.643 -73.723 260.988 199.148
3 0 -73.238 260.973 199.628 -73.723 260.988 199.148 -74.247 253.038 199.643
3 0 -74.247 253.038 199.643 -73.730 253.028 200.090 -73.238 260.973 199.628
3 0 -72.607 260.931 199.887 -73.238 260.973 199.628 -73.730 253.028 200.090
3 0 -73.730 253.028 200.090 -73.083 252.995 200.305 -72.607 260.931 199.887
3 0 -71.927 260.869 199.885 -72.607 260.931 199.887 -73.083 252.995 200.305
3 0 -73.083 252.995 200.305 -72.404 252.944 200.257 -71.927 260.869 199.885
3 0 -70.841 260.607 197.198 -70.575 260.621 197.827 -71.190 252.733 198.110
3 0 -71.190 252.733 198.110 -71.498 252.719 197.501 -70.841 260.607 197.198
3 0 -71.326 260.623 196.718 -70.841 260.607 197.198 -71.498 252.719 197.501
3 0 -71.498 252.719 197.501 -72.014 252.729 197.054 -71.326 260.623 196.718
3 0 -71.957 260.665 196.459 -71.326 260.623 196.718 -72.014 252.729 197.054
3 0 -72.014 252.729 197.054 -72.661 252.762 196.839 -71.957 260.665 196.459
3 0 -72.637 260.727 196.461 -71.957 260.665 196.459 -72.661 252.762 196.839
3 0 -72.661 252.762 196.839 -73.340 252.813 196.887 -72.637 260.727 196.461
3 0 -75.783 261.094 197.782 -76.048 261.080 197.154 -76.703 253.105 197.811
3 0 -76.703 253.105 197.811 -76.396 253.119 198.421 -75.783 261.094 197.782
3 0 -75.298 261.079 198.263 -75.783 261.094 197.782 -76.396 253.119 198.421
3 0 -76.396 253.119 198.421 -75.879 253.108 198.867 -75.298 261.079 198.263
3 0 -74.667 261.037 198.522 -75.298 261.079 198.263 -75.879 253.108 198.867
3 0 -75.879 253.108 198.867 -75.232 253.075 199.083 -74.667 261.037 198.522
3 0 -73.988 260.975 198.519 -74.667 261.037 198.522 -75.232 253.075 199.083
3 0 -75.232 253.075 199.083 -74.554 253.024 199.034 -73.988 260.975 198.519
3 0 -72.901 260.713 195.832 -72.637 260.727 196.461 -73.340 252.813 196.887
3 0 -73.340 252.813 196.887 -73.647 252.799 196.278 -72.901 260.713 195.832
3 0 -73.386 260.728 195.352 -72.901 260.713 195.832 -73.647 252.799 196.278
3 0 -73.647 252.799 196.278 -74.163 252.810 195.831 -73.386 260.728 195.352
3 0 -74.017 260.770 195.093 -73.386 260.728 195.352 -74.163 252.810 195.831
3 0 -74.163 252.810 195.831 -74.810 252.843 195.616 -74.017 260.770 195.093
3 0 -74.697 260.832 195.095 -74.017 260.770 195.093 -74.810 252.843 195.616
3 0 -74.810 252.843 195.616 -75.490 252.893 195.664 -74.697 260.832 195.095
3 0 -74.697 260.832 195.095 -75.490 252.893 195.664 -75.797 252.880 195.055
3 0 -75.797 252.880 195.055 -74.963 260.819 194.466 -74.697 260.832 195.095
3 0 -74.963 260.819 194.466 -75.797 252.880 195.055 -76.313 252.890 194.608
3 0 -76.313 252.890 194.608 -75.447 260.834 193.986 -74.963 260.819 194.466
3 0 -75.447 260.834 193.986 -76.313 252.890 194.608 -76.961 252.923 194.393
3 0 -76.961 252.923 194.393 -76.078 260.876 193.727 -75.447 260.834 193.986
3 0 -76.078 260.876 193.727 -76.961 252.923 194.393 -77.640 252.974 194.441
3 0 -77.640 252.974 194.441 -76.758 260.938 193.729 -76.078 260.876 193.727
3 0 -76.758 260.938 193.729 -77.640 252.974 194.441 -78.248 253.035 194.746
3 0 -78.248 253.035 194.746 -77.384 261.011 193.992 -76.758 260.938 193.729
3 0 -77.384 261.011 193.992 -78.248 253.035 194.746 -78.692 253.096 195.261
3 0 -78.692 253.096 195.261 -77.860 261.084 194.475 -77.384 261.011 193.992
3 0 -77.860 261.084 194.475 -78.692 253.096 195.261 -78.904 253.149 195.908
3 0 -78.904 253.149 195.908 -78.115 261.145 195.106 -77.860 261.084 194.475
3 0 -78.115 261.145 195.106 -78.904 253.149 195.908 -78.853 253.185 196.588
3 0 -78.853 253.185 196.588 -78.109 261.186 195.787 -78.115 261.145 195.106
3 0 -78.109 261.186 195.787 -78.853 253.185 196.588 -78.546 253.199 197.197
3 0 -78.546 253.199 197.197 -77.844 261.200 196.416 -78.109 261.186 195.787
3 0 -77.844 261.200 196.416 -78.546 253.199 197.197 -78.029 253.189 197.644
3 0 -78.029 253.189 197.644 -77.359 261.184 196.897 -77.844 261.200 196.416
3 0 -77.359 261.184 196.897 -78.029 253.189 197.644 -77.382 253.155 197.859
3 0 -77.382 253.155 197.859 -76.729 261.142 197.156 -77.359 261.184 196.897
3 0 -76.729 261.142 197.156 -77.382 253.155 197.859 -76.703 253.105 197.811
3 0 -76.703 253.105 197.811 -76.048 261.080 197.154 -76.729 261.142 197.156
3 0 -71.294 268.782 199.496 -71.927 260.869 199.885 -71.662 260.883 200.514
3 0 -71.662 260.883 200.514 -71.075 268.797 200.143 -71.294 268.782 199.496
3 0 -71.075 268.797 200.143 -71.662 260.883 200.514 -71.177 260.868 200.995
3 0 -71.177 260.868 200.995 -70.627 268.777 200.658 -71.075 268.797 200.143
3 0 -70.627 268.777 200.658 -71.177 260.868 200.995 -70.546 260.826 201.254
3 0 -70.546 260.826 201.254 -70.019 268.726 200.963 -70.627 268.777 200.658
3 0 -70.019 268.726 200.963 -70.546 260.826 201.254 -69.866 260.763 201.251
3 0 -69.866 260.763 201.251 -69.342 268.650 201.011 -70.019 268.726 200.963
3 0 -69.342 268.650 201.011 -69.866 260.763 201.251 -69.240 260.690 200.989
3 0 -69.240 260.690 200.989 -68.700 268.563 200.796 -69.342 268.650 201.011
3 0 -68.700 268.563 200.796 -69.240 260.690 200.989 -68.764 260.618 200.505
3 0 -68.764 260.618 200.505 -68.190 268.476 200.349 -68.700 268.563 200.796
3 0 -68.190 268.476 200.349 -68.764 260.618 200.505 -68.509 260.556 199.875
3 0 -68.509 260.556 199.875 -67.891 268.404 199.740 -68.190 268.476 200.349
3 0 -67.891 268.404 199.740 -68.509 260.556 199.875 -68.515 260.516 199.193
3 0 -68.515 260.516 199.193 -67.848 268.357 199.060 -67.891 268.404 199.740
3 0 -67.848 268.357 199.060 -68.515 260.516 199.193 -68.780 260.502 198.564
3 0 -68.780 260.502 198.564 -68.067 268.342 198.413 -67.848 268.357 199.060
3 0 -68.067 268.342 198.413 -68.780 260.502 198.564 -69.265 260.517 198.084
3 0 -69.265 260.517 198.084 -68.515 268.361 197.899 -68.067 268.342 198.413
3 0 -68.515 268.361 197.899 -69.265 260.517 198.084 -69.895 260.559 197.825
3 0 -69.895 260.559 197.825 -69.123 268.412 197.594 -68.515 268.361 197.899
3 0 -69.123 268.412 197.594 -69.895 260.559 197.825 -70.575 260.621 197.827
3 0 -70.575 260.621 197.827 -69.800 268.488 197.545 -69.123 268.412 197.594
3 0 -73.028 268.928 198.628 -73.247 268.913 197.981 -73.988 260.975 198.519
3 0 -73.988 260.975 198.519 -73.723 260.988 199.148 -73.028 268.928 198.628
3 0 -72.580 268.908 199.143 -73.028 268.928 198.628 -73.723 260.988 199.148
3 0 -73.723 260.988 199.148 -73.238 260.973 199.628 -72.580 268.908 199.143
3 0 -71.971 268.857 199.448 -72.580 268.908 199.143 -73.238 260.973 199.628
3 0 -73.238 260.973 199.628 -72.607 260.931 199.887 -71.971 268.857 199.448
3 0 -71.294 268.782 199.496 -71.971 268.857 199.448 -72.607 260.931 199.887
3 0 -72.607 260.931 199.887 -71.927 260.869 199.885 -71.294 268.782 199.496
3 0 -70.019 268.473 196.898 -69.800 268.488 197.545 -70.575 260.621 197.827
3 0 -70.575 260.621 197.827 -70.841 260.607 197.198 -70.019 268.473 196.898
3 0 -70.467 268.492 196.384 -70.019 268.473 196.898 -70.841 260.607 197.198
3 0 -70.841 260.607 197.198 -71.326 260.623 196.718 -70.467 268.492 196.384
3 0 -71.076 268.543 196.079 -70.467 268.492 196.384 -71.326 260.623 196.718
3 0 -71.326 260.623 196.718 -71.957 260.665 196.459 -71.076 268.543 196.079
3 0 -71.753 268.619 196.030 -71.076 268.543 196.079 -71.957 260.665 196.459
3 0 -71.957 260.665 196.459 -72.637 260.727 196.461 -71.753 268.619 196.030
3 0 -74.980 269.059 197.113 -75.199 269.044 196.467 -76.048 261.080 197.154
3 0 -76.048 261.080 197.154 -75.783 261.094 197.782 -74.980 269.059 197.113
3 0 -74.532 269.039 197.628 -74.980 269.059 197.113 -75.783 261.094 197.782
3 0 -75.783 261.094 197.782 -75.298 261.079 198.263 -74.532 269.039 197.628
3 0 -73.923 268.988 197.933 -74.532 269.039 197.628 -75.298 261.079 198.263
3 0 -75.298 261.079 198.263 -74.667 261.037 198.522 -73.923 268.988 197.933
3 0 -73.247 268.913 197.981 -73.923 268.988 197.933 -74.667 261.037 198.522
3 0 -74.667 261.037 198.522 -73.988 260.975 198.519 -73.247 268.913 197.981
3 0 -71.971 268.604 195.384 -71.753 268.619 196.030 -72.637 260.727 196.461
3 0 -72.637 260.727 196.461 -72.901 260.713 195.832 -71.971 268.604 195.384
3 0 -72.419 268.623 194.869 -71.971 268.604 195.384 -72.901 260.713 195.832
3 0 -72.901 260.713 195.832 -73.386 260.728 195.352 -72.419 268.623 194.869
3 0 -73.028 268.674 194.564 -72.419 268.623 194.869 -73.386 260.728 195.352
3 0 -73.386 260.728 195.352 -74.017 260.770 195.093 -73.028 268.674 194.564
3 0 -73.705 268.750 194.516 -73.028 268.674 194.564 -74.017 260.770 195.093
3 0 -74.017 260.770 195.093 -74.697 260.832 195.095 -73.705 268.750 194.516
3 0 -73.705 268.750 194.516 -74.697 260.832 195.095 -74.963 260.819 194.466
3 0 -74.963 260.819 194.466 -73.924 268.735 193.869 -73.705 268.750 194.516
3 0 -73.924 268.735 193.869 -74.963 260.819 194.466 -75.447 260.834 193.986
3 0 -75.447 260.834 193.986 -74.372 268.754 193.354 -73.924 268.735 193.869
3 0 -74.372 268.754 193.354 -75.447 260.834 193.986 -76.078 260.876 193.727
3 0 -76.078 260.876 193.727 -74.981 268.806 193.049 -74.372 268.754 193.354
3 0 -74.981 268.806 193.049 -76.078 260.876 193.727 -76.758 260.938 193.729
3 0 -76.758 260.938 193.729 -75.658 268.881 193.001 -74.981 268.806 193.049
3 0 -75.658 268.881 193.001 -76.758 260.938 193.729 -77.384 261.011 193.992
3 0 -77.384 261.011 193.992 -76.300 268.968 193.216 -75.658 268.881 193.001
3 0 -76.300 268.968 193.216 -77.384 261.011 193.992 -77.860 261.084 194.475
3 0 -77.860 261.084 194.475 -76.809 269.055 193.663 -76.300 268.968 193.216
3 0 -76.809 269.055 193.663 -77.860 261.084 194.475 -78.115 261.145 195.106
3 0 -78.115 261.145 195.106 -77.108 269.127 194.272 -76.809 269.055 193.663
3 0 -77.108 269.127 194.272 -78.115 261.145 195.106 -78.109 261.186 195.787
3 0 -78.109 261.186 195.787 -77.152 269.175 194.952 -77.108 269.127 194.272
3 0 -77.152 269.175 194.952 -78.109 261.186 195.787 -77.844 261.200 196.416
3 0 -77.844 261.200 196.416 -76.933 269.190 195.598 -77.152 269.175 194.952
3 0 -76.933 269.190 195.598 -77.844 261.200 196.416 -77.359 261.184 196.897
3 0 -77.359 261.184 196.897 -76.485 269.170 196.113 -76.933 269.190 195.598
3 0 -76.485 269.170 196.113 -77.359 261.184 196.897 -76.729 261.142 197.156
3 0 -76.729 261.142 197.156 -75.876 269.119 196.418 -76.485 269.170 196.113
3 0 -75.876 269.119 196.418 -76.729 261.142 197.156 -76.048 261.080 197.154
3 0 -76.048 261.080 197.154 -75.199 269.044 196.467 -75.876 269.119 196.418
3 0 -70.482 276.677 199.087 -71.294 268.782 199.496 -71.075 268.797 200.143
3 0 -71.075 268.797 200.143 -70.314 276.696 199.749 -70.482 276.677 199.087
3 0 -70.314 276.696 199.749 -71.075 268.797 200.143 -70.627 268.777 200.658
3 0 -70.627 268.777 200.658 -69.909 276.672 200.298 -70.314 276.696 199.749
3 0 -69.909 276.672 200.298 -70.627 268.777 200.658 -70.019 268.726 200.963
3 0 -70.019 268.726 200.963 -69.328 276.612 200.650 -69.909 276.672 200.298
3 0 -69.328 276.612 200.650 -70.019 268.726 200.963 -69.342 268.650 201.011
3 0 -69.342 268.650 201.011 -68.658 276.522 200.753 -69.328 276.612 200.650
3 0 -68.658 276.522 200.753 -69.342 268.650 201.011 -68.700 268.563 200.796
3 0 -68.700 268.563 200.796 -68.004 276.418 200.590 -68.658 276.522 200.753
3 0 -68.004 276.418 200.590 -68.700 268.563 200.796 -68.190 268.476 200.349
3 0 -68.190 268.476 200.349 -67.463 276.314 200.186 -68.004 276.418 200.590
3 0 -67.463 276.314 200.186 -68.190 268.476 200.349 -67.891 268.404 199.740
3 0 -67.891 268.404 199.740 -67.118 276.227 199.603 -67.463 276.314 200.186
3 0 -67.118 276.227 199.603 -67.891 268.404 199.740 -67.848 268.357 199.060
3 0 -67.848 268.357 199.060 -67.022 276.171 198.930 -67.118 276.227 199.603
3 0 -67.022 276.171 198.930 -67.848 268.357 199.060 -68.067 268.342 198.413
3 0 -68.067 268.342 198.413 -67.190 276.152 198.268 -67.022 276.171 198.930
3 0 -67.190 276.152 198.268 -68.067 268.342 198.413 -68.515 268.361 197.899
3 0 -68.515 268.361 197.899 -67.595 276.175 197.719 -67.190 276.152 198.268
3 0 -67.595 276.175 197.719 -68.515 268.361 197.899 -69.123 268.412 197.594
3 0 -69.123 268.412 197.594 -68.177 276.236 197.366 -67.595 276.175 197.719
3 0 -68.177 276.236 197.366 -69.123 268.412 197.594 -69.800 268.488 197.545
3 0 -69.800 268.488 197.545 -68.846 276.326 197.264 -68.177 276.236 197.366
3 0 -72.138 276.851 198.083 -72.306 276.832 197.421 -73.247 268.913 197.981
3 0 -73.247 268.913 197.981 -73.028 268.928 198.628 -72.138 276.851 198.083
3 0 -71.733 276.828 198.632 -72.138 276.851 198.083 -73.028 268.928 198.628
3 0 -73.028 268.928 198.628 -72.580 268.908 199.143 -71.733 276.828 198.632
3 0 -71.151 276.767 198.984 -71.733 276.828 198.632 -72.580 268.908 199.143
3 0 -72.580 268.908 199.143 -71.971 268.857 199.448 -71.151 276.767 198.984
3 0 -70.482 276.677 199.087 -71.151 276.767 198.984 -71.971 268.857 199.448
3 0 -71.971 268.857 199.448 -71.294 268.782 199.496 -70.482 276.677 199.087
3 0 -69.014 276.307 196.602 -68.846 276.326 197.264 -69.800 268.488 197.545
3 0 -69.800 268.488 197.545 -70.019 268.473 196.898 -69.014 276.307 196.602
3 0 -69.419 276.330 196.053 -69.014 276.307 196.602 -70.019 268.473 196.898
3 0 -70.019 268.473 196.898 -70.467 268.492 196.384 -69.419 276.330 196.053
3 0 -70.001 276.391 195.700 -69.419 276.330 196.053 -70.467 268.492 196.384
3 0 -70.467 268.492 196.384 -71.076 268.543 196.079 -70.001 276.391 195.700
3 0 -70.670 276.481 195.598 -70.001 276.391 195.700 -71.076 268.543 196.079
3 0 -71.076 268.543 196.079 -71.753 268.619 196.030 -70.670 276.481 195.598
3 0 -73.961 277.006 196.417 -74.128 276.987 195.756 -75.199 269.044 196.467
3 0 -75.199 269.044 196.467 -74.980 269.059 197.113 -73.961 277.006 196.417
3 0 -73.556 276.983 196.966 -73.961 277.006 196.417 -74.980 269.059 197.113
3 0 -74.980 269.059 197.113 -74.532 269.039 197.628 -73.556 276.983 196.966
3 0 -72.974 276.922 197.319 -73.556 276.983 196.966 -74.532 269.039 197.628
3 0 -74.532 269.039 197.628 -73.923 268.988 197.933 -72.974 276.922 197.319
3 0 -72.306 276.832 197.421 -72.974 276.922 197.319 -73.923 268.988 197.933
3 0 -73.923 268.988 197.933 -73.247 268.913 197.981 -72.306 276.832 197.421
3 0 -70.837 276.462 194.936 -70.670 276.481 195.598 -71.753 268.619 196.030
3 0 -71.753 268.619 196.030 -71.971 268.604 195.384 -70.837 276.462 194.936
3 0 -71.242 276.485 194.388 -70.837 276.462 194.936 -71.971 268.604 195.384
3 0 -71.971 268.604 195.384 -72.419 268.623 194.869 -71.242 276.485 194.388
3 0 -71.823 276.546 194.035 -71.242 276.485 194.388 -72.419 268.623 194.869
3 0 -72.419 268.623 194.869 -73.028 268.674 194.564 -71.823 276.546 194.035
3 0 -72.493 276.636 193.932 -71.823 276.546 194.035 -73.028 268.674 194.564
3 0 -73.028 268.674 194.564 -73.705 268.750 194.516 -72.493 276.636 193.932
3 0 -72.493 276.636 193.932 -73.705 268.750 194.516 -73.924 268.735 193.869
3 0 -73.924 268.735 193.869 -72.660 276.617 193.270 -72.493 276.636 193.932
3 0 -72.660 276.617 193.270 -73.924 268.735 193.869 -74.372 268.754 193.354
3 0 -74.372 268.754 193.354 -73.066 276.640 192.721 -72.660 276.617 193.270
3 0 -73.066 276.640 192.721 -74.372 268.754 193.354 -74.981 268.806 193.049
3 0 -74.981 268.806 193.049 -73.647 276.701 192.369 -73.066 276.640 192.721
3 0 -73.647 276.701 192.369 -74.981 268.806 193.049 -75.658 268.881 193.001
3 0 -75.658 268.881 193.001 -74.316 276.791 192.266 -73.647 276.701 192.369
3 0 -74.316 276.791 192.266 -75.658 268.881 193.001 -76.300 268.968 193.216
3 0 -76.300 268.968 193.216 -74.971 276.895 192.429 -74.316 276.791 192.266
3 0 -74.971 276.895 192.429 -76.300 268.968 193.216 -76.809 269.055 193.663
3 0 -76.809 269.055 193.663 -75.512 276.999 192.833 -74.971 276.895 192.429
3 0 -75.512 276.999 192.833 -76.809 269.055 193.663 -77.108 269.127 194.272
3 0 -77.108 269.127 194.272 -75.856 277.085 193.416 -75.512 276.999 192.833
3 0 -75.856 277.085 193.416 -77.108 269.127 194.272 -77.152 269.175 194.952
3 0 -77.152 269.175 194.952 -75.952 277.142 194.089 -75.856 277.085 193.416
3 0 -75.952 277.142 194.089 -77.152 269.175 194.952 -76.933 269.190 195.598
3 0 -76.933 269.190 195.598 -75.785 277.161 194.751 -75.952 277.142 194.089
3 0 -75.785 277.161 194.751 -76.933 269.190 195.598 -76.485 269.170 196.113
3 0 -76.485 269.170 196.113 -75.379 277.138 195.300 -75.785 277.161 194.751
3 0 -75.379 277.138 195.300 -76.485 269.170 196.113 -75.876 269.119 196.418
3 0 -75.876 269.119 196.418 -74.798 277.077 195.653 -75.379 277.138 195.300
3 0 -74.798 277.077 195.653 -75.876 269.119 196.418 -75.199 269.044 196.467
3 0 -75.199 269.044 196.467 -74.128 276.987 195.756 -74.798 277.077 195.653
3 0 -69.453 284.548 198.655 -70.482 276.677 199.087 -70.314 276.696 199.749
3 0 -70.314 276.696 199.749 -69.341 284.572 199.328 -69.453 284.548 198.655
3 0 -69.341 284.572 199.328 -70.314 276.696 199.749 -69.909 276.672 200.298
3 0 -69.909 276.672 200.298 -68.984 284.547 199.909 -69.341 284.572 199.328
3 0 -68.984 284.547 199.909 -69.909 276.672 200.298 -69.328 276.612 200.650
3 0 -69.328 276.612 200.650 -68.436 284.476 200.311 -68.984 284.547 199.909
3 0 -68.436 284.476 200.311 -69.328 276.612 200.650 -68.658 276.522 200.753
3 0 -68.658 276.522 200.753 -67.781 284.371 200.470 -68.436 284.476 200.311
3 0 -67.781 284.371 200.470 -68.658 276.522 200.753 -68.004 276.418 200.590
3 0 -68.004 276.418 200.590 -67.118 284.246 200.365 -67.781 284.371 200.470
3 0 -67.118 284.246 200.365 -68.004 276.418 200.590 -67.463 276.314 200.186
3 0 -67.463 276.314 200.186 -66.548 284.122 200.009 -67.118 284.246 200.365
3 0 -66.548 284.122 200.009 -67.463 276.314 200.186 -67.118 276.227 199.603
3 0 -67.118 276.227 199.603 -66.158 284.017 199.459 -66.548 284.122 200.009
3 0 -66.158 284.017 199.459 -67.118 276.227 199.603 -67.022 276.171 198.930
3 0 -67.022 276.171 198.930 -66.008 283.946 198.796 -66.158 284.017 199.459
3 0 -66.008 283.946 198.796 -67.022 276.171 198.930 -67.190 276.152 198.268
3 0 -67.190 276.152 198.268 -66.120 283.922 198.123 -66.008 283.946 198.796
3 0 -66.120 283.922 198.123 -67.190 276.152 198.268 -67.595 276.175 197.719
3 0 -67.595 276.175 197.719 -66.477 283.947 197.542 -66.120 283.922 198.123
3 0 -66.477 283.947 197.542 -67.595 276.175 197.719 -68.177 276.236 197.366
3 0 -68.177 276.236 197.366 -67.025 284.018 197.140 -66.477 283.947 197.542
3 0 -67.025 284.018 197.140 -68.177 276.236 197.366 -68.846 276.326 197.264
3 0 -68.846 276.326 197.264 -67.681 284.124 196.981 -67.025 284.018 197.140
3 0 -71.014 284.749 197.513 -71.126 284.725 196.840 -72.306 276.832 197.421
3 0 -72.306 276.832 197.421 -72.138 276.851 198.083 -71.014 284.749 197.513
3 0 -70.657 284.724 198.094 -71.014 284.749 197.513 -72.138 276.851 198.083
3 0 -72.138 276.851 198.083 -71.733 276.828 198.632 -70.657 284.724 198.094
3 0 -70.109 284.653 198.495 -70.657 284.724 198.094 -71.733 276.828 198.632
3 0 -71.733 276.828 198.632 -71.151 276.767 198.984 -70.109 284.653 198.495
3 0 -69.453 284.548 198.655 -70.109 284.653 198.495 -71.151 276.767 198.984
3 0 -71.151 276.767 198.984 -70.482 276.677 199.087 -69.453 284.548 198.655
3 0 -67.793 284.099 196.307 -67.681 284.124 196.981 -68.846 276.326 197.264
3 0 -68.846 276.326 197.264 -69.014 276.307 196.602 -67.793 284.099 196.307
3 0 -68.150 284.124 195.726 -67.793 284.099 196.307 -69.014 276.307 196.602
3 0 -69.014 276.307 196.602 -69.419 276.330 196.053 -68.150 284.124 195.726
3 0 -68.698 284.195 195.325 -68.150 284.124 195.726 -69.419 276.330 196.053
3 0 -69.419 276.330 196.053 -70.001 276.391 195.700 -68.698 284.195 195.325
3 0 -69.354 284.301 195.165 -68.698 284.195 195.325 -70.001 276.391 195.700
3 0 -70.001 276.391 195.700 -70.670 276.481 195.598 -69.354 284.301 195.165
3 0 -72.686 284.926 195.698 -72.798 284.902 195.025 -74.128 276.987 195.756
3 0 -74.128 276.987 195.756 -73.961 277.006 196.417 -72.686 284.926 195.698
3 0 -72.329 284.901 196.279 -72.686 284.926 195.698 -73.961 277.006 196.417
3 0 -73.961 277.006 196.417 -73.556 276.983 196.966 -72.329 284.901 196.279
3 0 -71.781 284.831 196.680 -72.329 284.901 196.279 -73.556 276.983 196.966
3 0 -73.556 276.983 196.966 -72.974 276.922 197.319 -71.781 284.831 196.680
3 0 -71.126 284.725 196.840 -71.781 284.831 196.680 -72.974 276.922 197.319
3 0 -72.974 276.922 197.319 -72.306 276.832 197.421 -71.126 284.725 196.840
3 0 -69.465 284.276 194.493 -69.354 284.301 195.165 -70.670 276.481 195.598
3 0 -70.670 276.481 195.598 -70.837 276.462 194.936 -69.465 284.276 194.493
3 0 -69.822 284.302 193.911 -69.465 284.276 194.493 -70.837 276.462 194.936
3 0 -70.837 276.462 194.936 -71.242 276.485 194.388 -69.822 284.302 193.911
3 0 -70.370 284.372 193.510 -69.822 284.302 193.911 -71.242 276.485 194.388
3 0 -71.242 276.485 194.388 -71.823 276.546 194.035 -70.370 284.372 193.510
3 0 -71.026 284.478 193.350 -70.370 284.372 193.510 -71.823 276.546 194.035
3 0 -71.823 276.546 194.035 -72.493 276.636 193.932 -71.026 284.478 193.350
3 0 -71.026 284.478 193.350 -72.493 276.636 193.932 -72.660 276.617 193.270
3 0 -72.660 276.617 193.270 -71.138 284.454 192.677 -71.026 284.478 193.350
3 0 -71.138 284.454 192.677 -72.660 276.617 193.270 -73.066 276.640 192.721
3 0 -73.066 276.640 192.721 -71.495 284.479 192.096 -71.138 284.454 192.677
3 0 -71.495 284.479 192.096 -73.066 276.640 192.721 -73.647 276.701 192.369
3 0 -73.647 276.701 192.369 -72.043 284.549 191.695 -71.495 284.479 192.096
3 0 -72.043 284.549 191.695 -73.647 276.701 192.369 -74.316 276.791 192.266
3 0 -74.316 276.791 192.266 -72.698 284.655 191.535 -72.043 284.549 191.695
3 0 -72.698 284.655 191.535 -74.316 276.791 192.266 -74.971 276.895 192.429
3 0 -74.971 276.895 192.429 -73.361 284.780 191.641 -72.698 284.655 191.535
3 0 -73.361 284.780 191.641 -74.971 276.895 192.429 -75.512 276.999 192.833
3 0 -75.512 276.999 192.833 -73.931 284.904 191.996 -73.361 284.780 191.641
3 0 -73.931 284.904 191.996 -75.512 276.999 192.833 -75.856 277.085 193.416
3 0 -75.856 277.085 193.416 -74.321 285.009 192.547 -73.931 284.904 191.996
3 0 -74.321 285.009 192.547 -75.856 277.085 193.416 -75.952 277.142 194.089
3 0 -75.952 277.142 194.089 -74.471 285.079 193.209 -74.321 285.009 192.547
3 0 -74.471 285.079 193.209 -75.952 277.142 194.089 -75.785 277.161 194.751
3 0 -75.785 277.161 194.751 -74.359 285.104 193.882 -74.471 285.079 193.209
3 0 -74.359 285.104 193.882 -75.785 277.161 194.751 -75.379 277.138 195.300
3 0 -75.379 277.138 195.300 -74.001 285.079 194.464 -74.359 285.104 193.882
3 0 -74.001 285.079 194.464 -75.379 277.138 195.300 -74.798 277.077 195.653
3 0 -74.798 277.077 195.653 -73.453 285.008 194.865 -74.001 285.079 194.464
3 0 -73.453 285.008 194.865 -74.798 277.077 195.653 -74.128 276.987 195.756
3 0 -74.128 276.987 195.756 -72.798 284.902 195.025 -73.453 285.008 194.865
3 0 -68.154 292.382 198.196 -69.453 284.548 198.655 -69.341 284.572 199.328
3 0 -69.341 284.572 199.328 -68.099 292.415 198.876 -68.154 292.382 198.196
3 0 -68.099 292.415 198.876 -69.341 284.572 199.328 -68.984 284.547 199.909
3 0 -68.984 284.547 199.909 -67.793 292.391 199.486 -68.099 292.415 198.876
3 0 -67.793 292.391 199.486 -68.984 284.547 199.909 -68.436 284.476 200.311
3 0 -68.436 284.476 200.311 -67.284 292.313 199.934 -67.793 292.391 199.486
3 0 -67.284 292.313 199.934 -68.436 284.476 200.311 -67.781 284.371 200.470
3 0 -67.781 284.371 200.470 -66.648 292.192 200.151 -67.284 292.313 199.934
3 0 -66.648 292.192 200.151 -67.781 284.371 200.470 -67.118 284.246 200.365
3 0 -67.118 284.246 200.365 -65.982 292.047 200.105 -66.648 292.192 200.151
3 0 -65.982 292.047 200.105 -67.118 284.246 200.365 -66.548 284.122 200.009
3 0 -66.548 284.122 200.009 -65.389 291.900 199.802 -65.982 292.047 200.105
3 0 -65.389 291.900 199.802 -66.548 284.122 200.009 -66.158 284.017 199.459
3 0 -66.158 284.017 199.459 -64.957 291.773 199.288 -65.389 291.900 199.802
3 0 -64.957 291.773 199.288 -66.158 284.017 199.459 -66.008 283.946 198.796
3 0 -66.008 283.946 198.796 -64.753 291.686 198.642 -64.957 291.773 199.288
3 0 -64.753 291.686 198.642 -66.008 283.946 198.796 -66.120 283.922 198.123
3 0 -66.120 283.922 198.123 -64.807 291.652 197.963 -64.753 291.686 198.642
3 0 -64.807 291.652 197.963 -66.120 283.922 198.123 -66.477 283.947 197.542
3 0 -66.477 283.947 197.542 -65.113 291.677 197.352 -64.807 291.652 197.963
3 0 -65.113 291.677 197.352 -66.477 283.947 197.542 -67.025 284.018 197.140
3 0 -67.025 284.018 197.140 -65.622 291.755 196.905 -65.113 291.677 197.352
3 0 -65.622 291.755 196.905 -67.025 284.018 197.140 -67.681 284.124 196.981
3 0 -67.681 284.124 196.981 -66.258 291.876 196.687 -65.622 291.755 196.905
3 0 -69.604 292.605 196.921 -69.659 292.571 196.241 -71.126 284.725 196.840
3 0 -71.126 284.725 196.840 -71.014 284.749 197.513 -69.604 292.605 196.921
3 0 -69.299 292.581 197.531 -69.604 292.605 196.921 -71.014 284.749 197.513
3 0 -71.014 284.749 197.513 -70.657 284.724 198.094 -69.299 292.581 197.531
3 0 -68.790 292.503 197.979 -69.299 292.581 197.531 -70.657 284.724 198.094
3 0 -70.657 284.724 198.094 -70.109 284.653 198.495 -68.790 292.503 197.979
3 0 -68.154 292.382 198.196 -68.790 292.503 197.979 -70.109 284.653 198.495
3 0 -70.109 284.653 198.495 -69.453 284.548 198.655 -68.154 292.382 198.196
3 0 -66.313 291.842 196.007 -66.258 291.876 196.687 -67.681 284.124 196.981
3 0 -67.681 284.124 196.981 -67.793 284.099 196.307 -66.313 291.842 196.007
3 0 -66.618 291.867 195.397 -66.313 291.842 196.007 -67.793 284.099 196.307
3 0 -67.793 284.099 196.307 -68.150 284.124 195.726 -66.618 291.867 195.397
3 0 -67.128 291.945 194.949 -66.618 291.867 195.397 -68.150 284.124 195.726
3 0 -68.150 284.124 195.726 -68.698 284.195 195.325 -67.128 291.945 194.949
3 0 -67.764 292.066 194.732 -67.128 291.945 194.949 -68.698 284.195 195.325
3 0 -68.698 284.195 195.325 -69.354 284.301 195.165 -67.764 292.066 194.732
3 0 -71.109 292.795 194.966 -71.164 292.761 194.287 -72.798 284.902 195.025
3 0 -72.798 284.902 195.025 -72.686 284.926 195.698 -71.109 292.795 194.966
3 0 -70.804 292.771 195.576 -71.109 292.795 194.966 -72.686 284.926 195.698
3 0 -72.686 284.926 195.698 -72.329 284.901 196.279 -70.804 292.771 195.576
3 0 -70.295 292.692 196.024 -70.804 292.771 195.576 -72.329 284.901 196.279
3 0 -72.329 284.901 196.279 -71.781 284.831 196.680 -70.295 292.692 196.024
3 0 -69.659 292.571 196.241 -70.295 292.692 196.024 -71.781 284.831 196.680
3 0 -71.781 284.831 196.680 -71.126 284.725 196.840 -69.659 292.571 196.241
3 0 -67.818 292.032 194.053 -67.764 292.066 194.732 -69.354 284.301 195.165
3 0 -69.354 284.301 195.165 -69.465 284.276 194.493 -67.818 292.032 194.053
3 0 -68.123 292.056 193.443 -67.818 292.032 194.053 -69.465 284.276 194.493
3 0 -69.465 284.276 194.493 -69.822 284.302 193.911 -68.123 292.056 193.443
3 0 -68.633 292.135 192.995 -68.123 292.056 193.443 -69.822 284.302 193.911
3 0 -69.822 284.302 193.911 -70.370 284.372 193.510 -68.633 292.135 192.995
3 0 -69.269 292.256 192.778 -68.633 292.135 192.995 -70.370 284.372 193.510
3 0 -70.370 284.372 193.510 -71.026 284.478 193.350 -69.269 292.256 192.778
3 0 -69.269 292.256 192.778 -71.026 284.478 193.350 -71.138 284.454 192.677
3 0 -71.138 284.454 192.677 -69.324 292.222 192.098 -69.269 292.256 192.778
3 0 -69.324 292.222 192.098 -71.138 284.454 192.677 -71.495 284.479 192.096
3 0 -71.495 284.479 192.096 -69.629 292.246 191.488 -69.324 292.222 192.098
3 0 -69.629 292.246 191.488 -71.495 284.479 192.096 -72.043 284.549 191.695
3 0 -72.043 284.549 191.695 -70.138 292.325 191.040 -69.629 292.246 191.488
3 0 -70.138 292.325 191.040 -72.043 284.549 191.695 -72.698 284.655 191.535
3 0 -72.698 284.655 191.535 -70.774 292.446 190.823 -70.138 292.325 191.040
3 0 -70.774 292.446 190.823 -72.698 284.655 191.535 -73.361 284.780 191.641
3 0 -73.361 284.780 191.641 -71.440 292.591 190.869 -70.774 292.446 190.823
3 0 -71.440 292.591 190.869 -73.361 284.780 191.641 -73.931 284.904 191.996
3 0 -73.931 284.904 191.996 -72.034 292.738 191.172 -71.440 292.591 190.869
3 0 -72.034 292.738 191.172 -73.931 284.904 191.996 -74.321 285.009 192.547
3 0 -74.321 285.009 192.547 -72.466 292.864 191.686 -72.034 292.738 191.172
3 0 -72.466 292.864 191.686 -74.321 285.009 192.547 -74.471 285.079 193.209
3 0 -74.471 285.079 193.209 -72.670 292.951 192.331 -72.466 292.864 191.686
3 0 -72.670 292.951 192.331 -74.471 285.079 193.209 -74.359 285.104 193.882
3 0 -74.359 285.104 193.882 -72.615 292.985 193.011 -72.670 292.951 192.331
3 0 -72.615 292.985 193.011 -74.359 285.104 193.882 -74.001 285.079 194.464
3 0 -74.001 285.079 194.464 -72.310 292.961 193.621 -72.615 292.985 193.011
3 0 -72.310 292.961 193.621 -74.001 285.079 194.464 -73.453 285.008 194.865
3 0 -73.453 285.008 194.865 -71.800 292.882 194.069 -72.310 292.961 193.621
3 0 -71.800 292.882 194.069 -73.453 285.008 194.865 -72.798 284.902 195.025
3 0 -72.798 284.902 195.025 -71.164 292.761 194.287 -71.800 292.882 194.069
3 0 -67.435 296.286 197.965 -68.154 292.382 198.196 -68.099 292.415 198.876
3 0 -68.099 292.415 198.876 -67.423 296.330 198.646 -67.435 296.286 197.965
3 0 -67.423 296.330 198.646 -68.099 292.415 198.876 -67.793 292.391 199.486
3 0 -67.793 292.391 199.486 -67.159 296.308 199.275 -67.423 296.330 198.646
3 0 -67.159 296.308 199.275 -67.793 292.391 199.486 -67.284 292.313 199.934
3 0 -67.284 292.313 199.934 -66.682 296.224 199.756 -67.159 296.308 199.275
3 0 -66.682 296.224 199.756 -67.284 292.313 199.934 -66.648 292.192 200.151
3 0 -66.648 292.192 200.151 -66.064 296.092 200.016 -66.682 296.224 199.756
3 0 -66.064 296.092 200.016 -66.648 292.192 200.151 -65.982 292.047 200.105
3 0 -65.982 292.047 200.105 -65.401 295.930 200.016 -66.064 296.092 200.016
3 0 -65.401 295.930 200.016 -65.982 292.047 200.105 -65.389 291.900 199.802
3 0 -65.389 291.900 199.802 -64.793 295.764 199.754 -65.401 295.930 200.016
3 0 -64.793 295.764 199.754 -65.389 291.900 199.802 -64.957 291.773 199.288
3 0 -64.957 291.773 199.288 -64.331 295.619 199.272 -64.793 295.764 199.754
3 0 -64.331 295.619 199.272 -64.957 291.773 199.288 -64.753 291.686 198.642
3 0 -64.753 291.686 198.642 -64.088 295.517 198.642 -64.331 295.619 199.272
3 0 -64.088 295.517 198.642 -64.753 291.686 198.642 -64.807 291.652 197.963
3 0 -64.807 291.652 197.963 -64.100 295.474 197.960 -64.088 295.517 198.642
3 0 -64.100 295.474 197.960 -64.807 291.652 197.963 -65.113 291.677 197.352
3 0 -65.113 291.677 197.352 -64.364 295.496 197.331 -64.100 295.474 197.960
3 0 -64.364 295.496 197.331 -65.113 291.677 197.352 -65.622 291.755 196.905
3 0 -65.622 291.755 196.905 -64.841 295.579 196.850 -64.364 295.496 197.331
3 0 -64.841 295.579 196.850 -65.622 291.755 196.905 -66.258 291.876 196.687
3 0 -66.258 291.876 196.687 -65.459 295.712 196.590 -64.841 295.579 196.850
3 0 -68.794 296.525 196.595 -68.805 296.481 195.913 -69.659 292.571 196.241
3 0 -69.659 292.571 196.241 -69.604 292.605 196.921 -68.794 296.525 196.595
3 0 -68.529 296.503 197.224 -68.794 296.525 196.595 -69.604 292.605 196.921
3 0 -69.604 292.605 196.921 -69.299 292.581 197.531 -68.529 296.503 197.224
3 0 -68.052 296.419 197.705 -68.529 296.503 197.224 -69.299 292.581 197.531
3 0 -69.299 292.581 197.531 -68.790 292.503 197.979 -68.052 296.419 197.705
3 0 -67.435 296.286 197.965 -68.052 296.419 197.705 -68.790 292.503 197.979
3 0 -68.790 292.503 197.979 -68.154 292.382 198.196 -67.435 296.286 197.965
3 0 -65.470 295.669 195.909 -65.459 295.712 196.590 -66.258 291.876 196.687
3 0 -66.258 291.876 196.687 -66.313 291.842 196.007 -65.470 295.669 195.909
3 0 -65.735 295.690 195.280 -65.470 295.669 195.909 -66.313 291.842 196.007
3 0 -66.313 291.842 196.007 -66.618 291.867 195.397 -65.735 295.690 195.280
3 0 -66.212 295.774 194.798 -65.735 295.690 195.280 -66.618 291.867 195.397
3 0 -66.618 291.867 195.397 -67.128 291.945 194.949 -66.212 295.774 194.798
3 0 -66.829 295.907 194.539 -66.212 295.774 194.798 -67.128 291.945 194.949
3 0 -67.128 291.945 194.949 -67.764 292.066 194.732 -66.829 295.907 194.539
3 0 -70.164 296.719 194.544 -70.175 296.676 193.862 -71.164 292.761 194.287
3 0 -71.164 292.761 194.287 -71.109 292.795 194.966 -70.164 296.719 194.544
3 0 -69.899 296.698 195.173 -70.164 296.719 194.544 -71.109 292.795 194.966
3 0 -71.109 292.795 194.966 -70.804 292.771 195.576 -69.899 296.698 195.173
3 0 -69.422 296.614 195.654 -69.899 296.698 195.173 -70.804 292.771 195.576
3 0 -70.804 292.771 195.576 -70.295 292.692 196.024 -69.422 296.614 195.654
3 0 -68.805 296.481 195.913 -69.422 296.614 195.654 -70.295 292.692 196.024
3 0 -70.295 292.692 196.024 -69.659 292.571 196.241 -68.805 296.481 195.913
3 0 -66.840 295.863 193.858 -66.829 295.907 194.539 -67.764 292.066 194.732
3 0 -67.764 292.066 194.732 -67.818 292.032 194.053 -66.840 295.863 193.858
3 0 -67.105 295.885 193.229 -66.840 295.863 193.858 -67.818 292.032 194.053
3 0 -67.818 292.032 194.053 -68.123 292.056 193.443 -67.105 295.885 193.229
3 0 -67.582 295.969 192.748 -67.105 295.885 193.229 -68.123 292.056 193.443
3 0 -68.123 292.056 193.443 -68.633 292.135 192.995 -67.582 295.969 192.748
3 0 -68.199 296.102 192.488 -67.582 295.969 192.748 -68.633 292.135 192.995
3 0 -68.633 292.135 192.995 -69.269 292.256 192.778 -68.199 296.102 192.488
3 0 -68.199 296.102 192.488 -69.269 292.256 192.778 -69.324 292.222 192.098
3 0 -69.324 292.222 192.098 -68.210 296.058 191.806 -68.199 296.102 192.488
3 0 -68.210 296.058 191.806 -69.324 292.222 192.098 -69.629 292.246 191.488
3 0 -69.629 292.246 191.488 -68.475 296.080 191.177 -68.210 296.058 191.806
3 0 -68.475 296.080 191.177 -69.629 292.246 191.488 -70.138 292.325 191.040
3 0 -70.138 292.325 191.040 -68.952 296.164 190.696 -68.475 296.080 191.177
3 0 -68.952 296.164 190.696 -70.138 292.325 191.040 -70.774 292.446 190.823
3 0 -70.774 292.446 190.823 -69.569 296.296 190.436 -68.952 296.164 190.696
3 0 -69.569 296.296 190.436 -70.774 292.446 190.823 -71.440 292.591 190.869
3 0 -71.440 292.591 190.869 -70.233 296.458 190.437 -69.569 296.296 190.436
3 0 -70.233 296.458 190.437 -71.440 292.591 190.869 -72.034 292.738 191.172
3 0 -72.034 292.738 191.172 -70.841 296.624 190.698 -70.233 296.458 190.437
3 0 -70.841 296.624 190.698 -72.034 292.738 191.172 -72.466 292.864 191.686
3 0 -72.466 292.864 191.686 -71.302 296.769 191.181 -70.841 296.624 190.698
3 0 -71.302 296.769 191.181 -72.466 292.864 191.686 -72.670 292.951 192.331
3 0 -72.670 292.951 192.331 -71.546 296.871 191.811 -71.302 296.769 191.181
3 0 -71.546 296.871 191.811 -72.670 292.951 192.331 -72.615 292.985 193.011
3 0 -72.615 292.985 193.011 -71.534 296.914 192.492 -71.546 296.871 191.811
3 0 -71.534 296.914 192.492 -72.615 292.985 193.011 -72.310 292.961 193.621
3 0 -72.310 292.961 193.621 -71.270 296.893 193.121 -71.534 296.914 192.492
3 0 -71.270 296.893 193.121 -72.310 292.961 193.621 -71.800 292.882 194.069
3 0 -71.800 292.882 194.069 -70.793 296.809 193.602 -71.270 296.893 193.121
3 0 -70.793 296.809 193.602 -71.800 292.882 194.069 -71.164 292.761 194.287
3 0 -71.164 292.761 194.287 -70.175 296.676 193.862 -70.793 296.809 193.602
3 0 -66.584 300.215 198.397 -66.566 300.164 197.716 -67.435 296.286 197.965
3 0 -67.435 296.286 197.965 -67.423 296.330 198.646 -66.584 300.215 198.397
3 0 -66.348 300.195 199.037 -66.584 300.215 198.397 -67.423 296.330 198.646
3 0 -67.423 296.330 198.646 -67.159 296.308 199.275 -66.348 300.195 199.037
3 0 -65.895 300.107 199.540 -66.348 300.195 199.037 -67.159 296.308 199.275
3 0 -67.159 296.308 199.275 -66.682 296.224 199.756 -65.895 300.107 199.540
3 0 -65.292 299.965 199.829 -65.895 300.107 199.540 -66.682 296.224 199.756
3 0 -66.682 296.224 199.756 -66.064 296.092 200.016 -65.292 299.965 199.829
3 0 -64.633 299.789 199.859 -65.292 299.965 199.829 -66.064 296.092 200.016
3 0 -66.064 296.092 200.016 -65.401 295.930 200.016 -64.633 299.789 199.859
3 0 -64.017 299.607 199.627 -64.633 299.789 199.859 -65.401 295.930 200.016
3 0 -65.401 295.930 200.016 -64.793 295.764 199.754 -64.017 299.607 199.627
3 0 -63.539 299.447 199.167 -64.017 299.607 199.627 -64.793 295.764 199.754
3 0 -64.793 295.764 199.754 -64.331 295.619 199.272 -63.539 299.447 199.167
3 0 -63.270 299.332 198.550 -63.539 299.447 199.167 -64.331 295.619 199.272
3 0 -64.331 295.619 199.272 -64.088 295.517 198.642 -63.270 299.332 198.550
3 0 -63.252 299.281 197.869 -63.270 299.332 198.550 -64.088 295.517 198.642
3 0 -64.088 295.517 198.642 -64.100 295.474 197.960 -63.252 299.281 197.869
3 0 -63.488 299.301 197.229 -63.252 299.281 197.869 -64.100 295.474 197.960
3 0 -64.100 295.474 197.960 -64.364 295.496 197.331 -63.488 299.301 197.229
3 0 -63.942 299.388 196.726 -63.488 299.301 197.229 -64.364 295.496 197.331
3 0 -64.364 295.496 197.331 -64.841 295.579 196.850 -63.942 299.388 196.726
3 0 -64.544 299.531 196.437 -63.942 299.388 196.726 -64.841 295.579 196.850
3 0 -64.841 295.579 196.850 -65.459 295.712 196.590 -64.544 299.531 196.437
3 0 -68.794 296.525 196.595 -67.858 300.414 196.284 -67.840 300.362 195.603
3 0 -67.840 300.362 195.603 -68.805 296.481 195.913 -68.794 296.525 196.595
3 0 -68.529 296.503 197.224 -67.622 300.394 196.924 -67.858 300.414 196.284
3 0 -67.858 300.414 196.284 -68.794 296.525 196.595 -68.529 296.503 197.224
3 0 -68.052 296.419 197.705 -67.168 300.306 197.427 -67.622 300.394 196.924
3 0 -67.622 300.394 196.924 -68.529 296.503 197.224 -68.052 296.419 197.705
3 0 -67.435 296.286 197.965 -66.566 300.164 197.716 -67.168 300.306 197.427
3 0 -67.168 300.306 197.427 -68.052 296.419 197.705 -67.435 296.286 197.965
3 0 -65.470 295.669 195.909 -64.526 299.480 195.756 -64.544 299.531 196.437
3 0 -64.544 299.531 196.437 -65.459 295.712 196.590 -65.470 295.669 195.909
3 0 -65.735 295.690 195.280 -64.762 299.499 195.116 -64.526 299.480 195.756
3 0 -64.526 299.480 195.756 -65.470 295.669 195.909 -65.735 295.690 195.280
3 0 -66.212 295.774 194.798 -65.216 299.587 194.613 -64.762 299.499 195.116
3 0 -64.762 299.499 195.116 -65.735 295.690 195.280 -66.212 295.774 194.798
3 0 -66.829 295.907 194.539 -65.818 299.730 194.325 -65.216 299.587 194.613
3 0 -65.216 299.587 194.613 -66.212 295.774 194.798 -66.829 295.907 194.539
3 0 -70.164 296.719 194.544 -69.131 300.613 194.172 -69.113 300.561 193.492
3 0 -69.113 300.561 193.492 -70.175 296.676 193.862 -70.164 296.719 194.544
3 0 -69.899 296.698 195.173 -68.895 300.593 194.813 -69.131 300.613 194.172
3 0 -69.131 300.613 194.172 -70.164 296.719 194.544 -69.899 296.698 195.173
3 0 -69.422 296.614 195.654 -68.442 300.505 195.316 -68.895 300.593 194.813
3 0 -68.895 300.593 194.813 -69.899 296.698 195.173 -69.422 296.614 195.654
3 0 -68.805 296.481 195.913 -67.840 300.362 195.603 -68.442 300.505 195.316
3 0 -68.442 300.505 195.316 -69.422 296.614 195.654 -68.805 296.481 195.913
3 0 -66.840 295.863 193.858 -65.800 299.678 193.645 -65.818 299.730 194.325
3 0 -65.818 299.730 194.325 -66.829 295.907 194.539 -66.840 295.863 193.858
3 0 -67.105 295.885 193.229 -66.035 299.698 193.004 -65.800 299.678 193.645
3 0 -65.800 299.678 193.645 -66.840 295.863 193.858 -67.105 295.885 193.229
3 0 -67.582 295.969 192.748 -66.489 299.786 192.501 -66.035 299.698 193.004
3 0 -66.035 299.698 193.004 -67.105 295.885 193.229 -67.582 295.969 192.748
3 0 -68.199 296.102 192.488 -67.091 299.929 192.213 -66.489 299.786 192.501
3 0 -66.489 299.786 192.501 -67.582 295.969 192.748 -68.199 296.102 192.488
3 0 -67.073 299.877 191.532 -67.091 299.929 192.213 -68.199 296.102 192.488
3 0 -68.199 296.102 192.488 -68.210 296.058 191.806 -67.073 299.877 191.532
3 0 -67.309 299.897 190.892 -67.073 299.877 191.532 -68.210 296.058 191.806
3 0 -68.210 296.058 191.806 -68.475 296.080 191.177 -67.309 299.897 190.892
3 0 -67.763 299.985 190.389 -67.309 299.897 190.892 -68.475 296.080 191.177
3 0 -68.475 296.080 191.177 -68.952 296.164 190.696 -67.763 299.985 190.389
3 0 -68.365 300.127 190.100 -67.763 299.985 190.389 -68.952 296.164 190.696
3 0 -68.952 296.164 190.696 -69.569 296.296 190.436 -68.365 300.127 190.100
3 0 -69.024 300.303 190.070 -68.365 300.127 190.100 -69.569 296.296 190.436
3 0 -69.569 296.296 190.436 -70.233 296.458 190.437 -69.024 300.303 190.070
3 0 -69.640 300.485 190.302 -69.024 300.303 190.070 -70.233 296.458 190.437
3 0 -70.233 296.458 190.437 -70.841 296.624 190.698 -69.640 300.485 190.302
3 0 -70.118 300.645 190.762 -69.640 300.485 190.302 -70.841 296.624 190.698
3 0 -70.841 296.624 190.698 -71.302 296.769 191.181 -70.118 300.645 190.762
3 0 -70.387 300.760 191.379 -70.118 300.645 190.762 -71.302 296.769 191.181
3 0 -71.302 296.769 191.181 -71.546 296.871 191.811 -70.387 300.760 191.379
3 0 -70.405 300.811 192.060 -70.387 300.760 191.379 -71.546 296.871 191.811
3 0 -71.546 296.871 191.811 -71.534 296.914 192.492 -70.405 300.811 192.060
3 0 -70.169 300.792 192.700 -70.405 300.811 192.060 -71.534 296.914 192.492
3 0 -71.534 296.914 192.492 -71.270 296.893 193.121 -70.169 300.792 192.700
3 0 -69.716 300.704 193.203 -70.169 300.792 192.700 -71.270 296.893 193.121
3 0 -71.270 296.893 193.121 -70.793 296.809 193.602 -69.716 300.704 193.203
3 0 -69.113 300.561 193.492 -69.716 300.704 193.203 -70.793 296.809 193.602
3 0 -70.793 296.809 193.602 -70.175 296.676 193.862 -69.113 300.561 193.492
3 0 -65.652 304.082 198.139 -65.605 304.021 197.461 -66.566 300.164 197.716
3 0 -66.566 300.164 197.716 -66.584 300.215 198.397 -65.652 304.082 198.139
3 0 -65.445 304.065 198.790 -65.652 304.082 198.139 -66.584 300.215 198.397
3 0 -66.584 300.215 198.397 -66.348 300.195 199.037 -65.445 304.065 198.790
3 0 -65.017 303.972 199.314 -65.445 304.065 198.790 -66.348 300.195 199.037
3 0 -66.348 300.195 199.037 -65.895 300.107 199.540 -65.017 303.972 199.314
3 0 -64.432 303.818 199.631 -65.017 303.972 199.314 -65.895 300.107 199.540
3 0 -65.895 300.107 199.540 -65.292 299.965 199.829 -64.432 303.818 199.631
3 0 -63.780 303.626 199.693 -64.432 303.818 199.631 -65.292 299.965 199.829
3 0 -65.292 299.965 199.829 -64.633 299.789 199.859 -63.780 303.626 199.693
3 0 -63.160 303.424 199.491 -63.780 303.626 199.693 -64.633 299.789 199.859
3 0 -64.633 299.789 199.859 -64.017 299.607 199.627 -63.160 303.424 199.491
3 0 -62.666 303.245 199.056 -63.160 303.424 199.491 -64.017 299.607 199.627
3 0 -64.017 299.607 199.627 -63.539 299.447 199.167 -62.666 303.245 199.056
3 0 -62.373 303.115 198.453 -62.666 303.245 199.056 -63.539 299.447 199.167
3 0 -63.539 299.447 199.167 -63.270 299.332 198.550 -62.373 303.115 198.453
3 0 -62.326 303.054 197.774 -62.373 303.115 198.453 -63.270 299.332 198.550
3 0 -63.270 299.332 198.550 -63.252 299.281 197.869 -62.326 303.054 197.774
3 0 -62.532 303.071 197.124 -62.326 303.054 197.774 -63.252 299.281 197.869
3 0 -63.252 299.281 197.869 -63.488 299.301 197.229 -62.532 303.071 197.124
3 0 -62.960 303.164 196.600 -62.532 303.071 197.124 -63.488 299.301 197.229
3 0 -63.488 299.301 197.229 -63.942 299.388 196.726 -62.960 303.164 196.600
3 0 -63.545 303.318 196.283 -62.960 303.164 196.600 -63.942 299.388 196.726
3 0 -63.942 299.388 196.726 -64.544 299.531 196.437 -63.545 303.318 196.283
3 0 -67.858 300.414 196.284 -66.824 304.286 195.969 -66.777 304.224 195.291
3 0 -66.777 304.224 195.291 -67.840 300.362 195.603 -67.858 300.414 196.284
3 0 -67.622 300.394 196.924 -66.617 304.268 196.620 -66.824 304.286 195.969
3 0 -66.824 304.286 195.969 -67.858 300.414 196.284 -67.622 300.394 196.924
3 0 -67.168 300.306 197.427 -66.189 304.176 197.143 -66.617 304.268 196.620
3 0 -66.617 304.268 196.620 -67.622 300.394 196.924 -67.168 300.306 197.427
3 0 -66.566 300.164 197.716 -65.605 304.021 197.461 -66.189 304.176 197.143
3 0 -66.189 304.176 197.143 -67.168 300.306 197.427 -66.566 300.164 197.716
3 0 -64.526 299.480 195.756 -63.498 303.257 195.604 -63.545 303.318 196.283
3 0 -63.545 303.318 196.283 -64.544 299.531 196.437 -64.526 299.480 195.756
3 0 -64.762 299.499 195.116 -63.705 303.275 194.953 -63.498 303.257 195.604
3 0 -63.498 303.257 195.604 -64.526 299.480 195.756 -64.762 299.499 195.116
3 0 -65.216 299.587 194.613 -64.133 303.367 194.429 -63.705 303.275 194.953
3 0 -63.705 303.275 194.953 -64.762 299.499 195.116 -65.216 299.587 194.613
3 0 -65.818 299.730 194.325 -64.717 303.522 194.112 -64.133 303.367 194.429
3 0 -64.133 303.367 194.429 -65.216 299.587 194.613 -65.818 299.730 194.325
3 0 -69.131 300.613 194.172 -67.996 304.489 193.800 -67.949 304.428 193.121
3 0 -67.949 304.428 193.121 -69.113 300.561 193.492 -69.131 300.613 194.172
3 0 -68.895 300.593 194.813 -67.789 304.472 194.450 -67.996 304.489 193.800
3 0 -67.996 304.489 193.800 -69.131 300.613 194.172 -68.895 300.593 194.813
3 0 -68.442 300.505 195.316 -67.361 304.379 194.974 -67.789 304.472 194.450
3 0 -67.789 304.472 194.450 -68.895 300.593 194.813 -68.442 300.505 195.316
3 0 -67.840 300.362 195.603 -66.777 304.224 195.291 -67.361 304.379 194.974
3 0 -67.361 304.379 194.974 -68.442 300.505 195.316 -67.840 300.362 195.603
3 0 -65.800 299.678 193.645 -64.670 303.461 193.434 -64.717 303.522 194.112
3 0 -64.717 303.522 194.112 -65.818 299.730 194.325 -65.800 299.678 193.645
3 0 -66.035 299.698 193.004 -64.876 303.478 192.784 -64.670 303.461 193.434
3 0 -64.670 303.461 193.434 -65.800 299.678 193.645 -66.035 299.698 193.004
3 0 -66.489 299.786 192.501 -65.304 303.571 192.260 -64.876 303.478 192.784
3 0 -64.876 303.478 192.784 -66.035 299.698 193.004 -66.489 299.786 192.501
3 0 -67.091 299.929 192.213 -65.889 303.725 191.943 -65.304 303.571 192.260
3 0 -65.304 303.571 192.260 -66.489 299.786 192.501 -67.091 299.929 192.213
3 0 -65.842 303.664 191.264 -65.889 303.725 191.943 -67.091 299.929 192.213
3 0 -67.091 299.929 192.213 -67.073 299.877 191.532 -65.842 303.664 191.264
3 0 -66.049 303.681 190.614 -65.842 303.664 191.264 -67.073 299.877 191.532
3 0 -67.073 299.877 191.532 -67.309 299.897 190.892 -66.049 303.681 190.614
3 0 -66.477 303.774 190.090 -66.049 303.681 190.614 -67.309 299.897 190.892
3 0 -67.309 299.897 190.892 -67.763 299.985 190.389 -66.477 303.774 190.090
3 0 -67.061 303.928 189.773 -66.477 303.774 190.090 -67.763 299.985 190.389
3 0 -67.763 299.985 190.389 -68.365 300.127 190.100 -67.061 303.928 189.773
3 0 -67.713 304.121 189.710 -67.061 303.928 189.773 -68.365 300.127 190.100
3 0 -68.365 300.127 190.100 -69.024 300.303 190.070 -67.713 304.121 189.710
3 0 -68.334 304.322 189.912 -67.713 304.121 189.710 -69.024 300.303 190.070
3 0 -69.024 300.303 190.070 -69.640 300.485 190.302 -68.334 304.322 189.912
3 0 -68.828 304.501 190.348 -68.334 304.322 189.912 -69.640 300.485 190.302
3 0 -69.640 300.485 190.302 -70.118 300.645 190.762 -68.828 304.501 190.348
3 0 -69.121 304.631 190.951 -68.828 304.501 190.348 -70.118 300.645 190.762
3 0 -70.118 300.645 190.762 -70.387 300.760 191.379 -69.121 304.631 190.951
3 0 -69.168 304.692 191.629 -69.121 304.631 190.951 -70.387 300.760 191.379
3 0 -70.387 300.760 191.379 -70.405 300.811 192.060 -69.168 304.692 191.629
3 0 -68.961 304.675 192.280 -69.168 304.692 191.629 -70.405 300.811 192.060
3 0 -70.405 300.811 192.060 -70.169 300.792 192.700 -68.961 304.675 192.280
3 0 -68.533 304.582 192.804 -68.961 304.675 192.280 -70.169 300.792 192.700
3 0 -70.169 300.792 192.700 -69.716 300.704 193.203 -68.533 304.582 192.804
3 0 -67.949 304.428 193.121 -68.533 304.582 192.804 -69.716 300.704 193.203
3 0 -69.716 300.704 193.203 -69.113 300.561 193.492 -67.949 304.428 193.121
3 0 -64.584 307.918 197.874 -64.509 307.845 197.199 -65.605 304.021 197.461
3 0 -65.605 304.021 197.461 -65.652 304.082 198.139 -64.584 307.918 197.874
3 0 -64.408 307.904 198.533 -64.584 307.918 197.874 -65.652 304.082 198.139
3 0 -65.652 304.082 198.139 -65.445 304.065 198.790 -64.408 307.904 198.533
3 0 -64.007 307.806 199.077 -64.408 307.904 198.533 -65.445 304.065 198.790
3 0 -65.445 304.065 198.790 -65.017 303.972 199.314 -64.007 307.806 199.077
3 0 -63.442 307.638 199.423 -64.007 307.806 199.077 -65.017 303.972 199.314
3 0 -65.017 303.972 199.314 -64.432 303.818 199.631 -63.442 307.638 199.423
3 0 -62.800 307.426 199.517 -63.442 307.638 199.423 -64.432 303.818 199.631
3 0 -64.432 303.818 199.631 -63.780 303.626 199.693 -62.800 307.426 199.517
3 0 -62.178 307.203 199.346 -62.800 307.426 199.517 -63.780 303.626 199.693
3 0 -63.780 303.626 199.693 -63.160 303.424 199.491 -62.178 307.203 199.346
3 0 -61.671 307.002 198.936 -62.178 307.203 199.346 -63.160 303.424 199.491
3 0 -63.160 303.424 199.491 -62.666 303.245 199.056 -61.671 307.002 198.936
3 0 -61.356 306.853 198.348 -61.671 307.002 198.936 -62.666 303.245 199.056
3 0 -62.666 303.245 199.056 -62.373 303.115 198.453 -61.356 306.853 198.348
3 0 -61.281 306.781 197.674 -61.356 306.853 198.348 -62.373 303.115 198.453
3 0 -62.373 303.115 198.453 -62.326 303.054 197.774 -61.281 306.781 197.674
3 0 -61.457 306.795 197.014 -61.281 306.781 197.674 -62.326 303.054 197.774
3 0 -62.326 303.054 197.774 -62.532 303.071 197.124 -61.457 306.795 197.014
3 0 -61.858 306.893 196.470 -61.457 306.795 197.014 -62.532 303.071 197.124
3 0 -62.532 303.071 197.124 -62.960 303.164 196.600 -61.858 306.893 196.470
3 0 -62.422 307.061 196.125 -61.858 306.893 196.470 -62.960 303.164 196.600
3 0 -62.960 303.164 196.600 -63.545 303.318 196.283 -62.422 307.061 196.125
3 0 -66.824 304.286 195.969 -65.651 308.125 195.650 -65.576 308.052 194.976
3 0 -65.576 308.052 194.976 -66.777 304.224 195.291 -66.824 304.286 195.969
3 0 -66.617 304.268 196.620 -65.475 308.111 196.310 -65.651 308.125 195.650
3 0 -65.651 308.125 195.650 -66.824 304.286 195.969 -66.617 304.268 196.620
3 0 -66.189 304.176 197.143 -65.074 308.013 196.854 -65.475 308.111 196.310
3 0 -65.475 308.111 196.310 -66.617 304.268 196.620 -66.189 304.176 197.143
3 0 -65.605 304.021 197.461 -64.509 307.845 197.199 -65.074 308.013 196.854
3 0 -65.074 308.013 196.854 -66.189 304.176 197.143 -65.605 304.021 197.461
3 0 -63.498 303.257 195.604 -62.347 306.988 195.450 -62.422 307.061 196.125
3 0 -62.422 307.061 196.125 -63.545 303.318 196.283 -63.498 303.257 195.604
3 0 -63.705 303.275 194.953 -62.524 307.002 194.791 -62.347 306.988 195.450
3 0 -62.347 306.988 195.450 -63.498 303.257 195.604 -63.705 303.275 194.953
3 0 -64.133 303.367 194.429 -62.925 307.100 194.247 -62.524 307.002 194.791
3 0 -62.524 307.002 194.791 -63.705 303.275 194.953 -64.133 303.367 194.429
3 0 -64.717 303.522 194.112 -63.489 307.268 193.901 -62.925 307.100 194.247
3 0 -62.925 307.100 194.247 -64.133 303.367 194.429 -64.717 303.522 194.112
3 0 -67.996 304.489 193.800 -66.718 308.332 193.428 -66.643 308.259 192.753
3 0 -66.643 308.259 192.753 -67.949 304.428 193.121 -67.996 304.489 193.800
3 0 -67.789 304.472 194.450 -66.541 308.318 194.087 -66.718 308.332 193.428
3 0 -66.718 308.332 193.428 -67.996 304.489 193.800 -67.789 304.472 194.450
3 0 -67.361 304.379 194.974 -66.140 308.220 194.631 -66.541 308.318 194.087
3 0 -66.541 308.318 194.087 -67.789 304.472 194.450 -67.361 304.379 194.974
3 0 -66.777 304.224 195.291 -65.576 308.052 194.976 -66.140 308.220 194.631
3 0 -66.140 308.220 194.631 -67.361 304.379 194.974 -66.777 304.224 195.291
3 0 -64.670 303.461 193.434 -63.414 307.195 193.227 -63.489 307.268 193.901
3 0 -63.489 307.268 193.901 -64.717 303.522 194.112 -64.670 303.461 193.434
3 0 -64.876 303.478 192.784 -63.590 307.209 192.568 -63.414 307.195 193.227
3 0 -63.414 307.195 193.227 -64.670 303.461 193.434 -64.876 303.478 192.784
3 0 -65.304 303.571 192.260 -63.991 307.307 192.024 -63.590 307.209 192.568
3 0 -63.590 307.209 192.568 -64.876 303.478 192.784 -65.304 303.571 192.260
3 0 -65.889 303.725 191.943 -64.556 307.475 191.679 -63.991 307.307 192.024
3 0 -63.991 307.307 192.024 -65.304 303.571 192.260 -65.889 303.725 191.943
3 0 -64.481 307.402 191.004 -64.556 307.475 191.679 -65.889 303.725 191.943
3 0 -65.889 303.725 191.943 -65.842 303.664 191.264 -64.481 307.402 191.004
3 0 -64.657 307.416 190.344 -64.481 307.402 191.004 -65.842 303.664 191.264
3 0 -65.842 303.664 191.264 -66.049 303.681 190.614 -64.657 307.416 190.344
3 0 -65.058 307.514 189.800 -64.657 307.416 190.344 -66.049 303.681 190.614
3 0 -66.049 303.681 190.614 -66.477 303.774 190.090 -65.058 307.514 189.800
3 0 -65.623 307.682 189.455 -65.058 307.514 189.800 -66.477 303.774 190.090
3 0 -66.477 303.774 190.090 -67.061 303.928 189.773 -65.623 307.682 189.455
3 0 -66.265 307.894 189.361 -65.623 307.682 189.455 -67.061 303.928 189.773
3 0 -67.061 303.928 189.773 -67.713 304.121 189.710 -66.265 307.894 189.361
3 0 -66.887 308.117 189.532 -66.265 307.894 189.361 -67.713 304.121 189.710
3 0 -67.713 304.121 189.710 -68.334 304.322 189.912 -66.887 308.117 189.532
3 0 -67.394 308.318 189.942 -66.887 308.117 189.532 -68.334 304.322 189.912
3 0 -68.334 304.322 189.912 -68.828 304.501 190.348 -67.394 308.318 189.942
3 0 -67.710 308.467 190.529 -67.394 308.318 189.942 -68.828 304.501 190.348
3 0 -68.828 304.501 190.348 -69.121 304.631 190.951 -67.710 308.467 190.529
3 0 -67.785 308.539 191.204 -67.710 308.467 190.529 -69.121 304.631 190.951
3 0 -69.121 304.631 190.951 -69.168 304.692 191.629 -67.785 308.539 191.204
3 0 -67.608 308.525 191.864 -67.785 308.539 191.204 -69.168 304.692 191.629
3 0 -69.168 304.692 191.629 -68.961 304.675 192.280 -67.608 308.525 191.864
3 0 -67.207 308.427 192.407 -67.608 308.525 191.864 -68.961 304.675 192.280
3 0 -68.961 304.675 192.280 -68.533 304.582 192.804 -67.207 308.427 192.407
3 0 -66.643 308.259 192.753 -67.207 308.427 192.407 -68.533 304.582 192.804
3 0 -68.533 304.582 192.804 -67.949 304.428 193.121 -66.643 308.259 192.753
3 0 -63.378 311.717 197.602 -63.277 311.631 196.932 -64.509 307.845 197.199
3 0 -64.509 307.845 197.199 -64.584 307.918 197.874 -63.378 311.717 197.602
3 0 -63.231 311.708 198.269 -63.378 311.717 197.602 -64.584 307.918 197.874
3 0 -64.584 307.918 197.874 -64.408 307.904 198.533 -63.231 311.708 198.269
3 0 -62.858 311.605 198.831 -63.231 311.708 198.269 -64.408 307.904 198.533
3 0 -64.408 307.904 198.533 -64.007 307.806 199.077 -62.858 311.605 198.831
3 0 -62.315 311.424 199.203 -62.858 311.605 198.831 -64.007 307.806 199.077
3 0 -64.007 307.806 199.077 -63.442 307.638 199.423 -62.315 311.424 199.203
3 0 -61.685 311.192 199.329 -62.315 311.424 199.203 -63.442 307.638 199.423
3 0 -63.442 307.638 199.423 -62.800 307.426 199.517 -61.685 311.192 199.329
3 0 -61.064 310.945 199.188 -61.685 311.192 199.329 -62.800 307.426 199.517
3 0 -62.800 307.426 199.517 -62.178 307.203 199.346 -61.064 310.945 199.188
3 0 -60.547 310.720 198.803 -61.064 310.945 199.188 -62.178 307.203 199.346
3 0 -62.178 307.203 199.346 -61.671 307.002 198.936 -60.547 310.720 198.803
3 0 -60.212 310.552 198.233 -60.547 310.720 198.803 -61.671 307.002 198.936
3 0 -61.671 307.002 198.936 -61.356 306.853 198.348 -60.212 310.552 198.233
3 0 -60.110 310.466 197.563 -60.212 310.552 198.233 -61.356 306.853 198.348
3 0 -61.356 306.853 198.348 -61.281 306.781 197.674 -60.110 310.466 197.563
3 0 -60.257 310.475 196.896 -60.110 310.466 197.563 -61.281 306.781 197.674
3 0 -61.281 306.781 197.674 -61.457 306.795 197.014 -60.257 310.475 196.896
3 0 -60.631 310.578 196.334 -60.257 310.475 196.896 -61.457 306.795 197.014
3 0 -61.457 306.795 197.014 -61.858 306.893 196.470 -60.631 310.578 196.334
3 0 -61.174 310.759 195.962 -60.631 310.578 196.334 -61.858 306.893 196.470
3 0 -61.858 306.893 196.470 -62.422 307.061 196.125 -61.174 310.759 195.962
3 0 -65.651 308.125 195.650 -64.340 311.925 195.331 -64.239 311.838 194.661
3 0 -64.239 311.838 194.661 -65.576 308.052 194.976 -65.651 308.125 195.650
3 0 -65.475 308.111 196.310 -64.193 311.915 195.998 -64.340 311.925 195.331
3 0 -64.340 311.925 195.331 -65.651 308.125 195.650 -65.475 308.111 196.310
3 0 -65.074 308.013 196.854 -63.820 311.812 196.560 -64.193 311.915 195.998
3 0 -64.193 311.915 195.998 -65.475 308.111 196.310 -65.074 308.013 196.854
3 0 -64.509 307.845 197.199 -63.277 311.631 196.932 -63.820 311.812 196.560
3 0 -63.820 311.812 196.560 -65.074 308.013 196.854 -64.509 307.845 197.199
3 0 -62.347 306.988 195.450 -61.072 310.673 195.292 -61.174 310.759 195.962
3 0 -61.174 310.759 195.962 -62.422 307.061 196.125 -62.347 306.988 195.450
3 0 -62.524 307.002 194.791 -61.219 310.682 194.625 -61.072 310.673 195.292
3 0 -61.072 310.673 195.292 -62.347 306.988 195.450 -62.524 307.002 194.791
3 0 -62.925 307.100 194.247 -61.593 310.785 194.063 -61.219 310.682 194.625
3 0 -61.219 310.682 194.625 -62.524 307.002 194.791 -62.925 307.100 194.247
3 0 -63.489 307.268 193.901 -62.136 310.966 193.691 -61.593 310.785 194.063
3 0 -61.593 310.785 194.063 -62.925 307.100 194.247 -63.489 307.268 193.901
3 0 -66.718 308.332 193.428 -65.302 312.132 193.061 -65.200 312.045 192.391
3 0 -65.200 312.045 192.391 -66.643 308.259 192.753 -66.718 308.332 193.428
3 0 -66.541 308.318 194.087 -65.155 312.122 193.728 -65.302 312.132 193.061
3 0 -65.302 312.132 193.061 -66.718 308.332 193.428 -66.541 308.318 194.087
3 0 -66.140 308.220 194.631 -64.782 312.019 194.290 -65.155 312.122 193.728
3 0 -65.155 312.122 193.728 -66.541 308.318 194.087 -66.140 308.220 194.631
3 0 -65.576 308.052 194.976 -64.239 311.838 194.661 -64.782 312.019 194.290
3 0 -64.782 312.019 194.290 -66.140 308.220 194.631 -65.576 308.052 194.976
3 0 -63.414 307.195 193.227 -62.034 310.880 193.022 -62.136 310.966 193.691
3 0 -62.136 310.966 193.691 -63.489 307.268 193.901 -63.414 307.195 193.227
3 0 -63.590 307.209 192.568 -62.181 310.889 192.355 -62.034 310.880 193.022
3 0 -62.034 310.880 193.022 -63.414 307.195 193.227 -63.590 307.209 192.568
3 0 -63.991 307.307 192.024 -62.555 310.992 191.793 -62.181 310.889 192.355
3 0 -62.181 310.889 192.355 -63.590 307.209 192.568 -63.991 307.307 192.024
3 0 -64.556 307.475 191.679 -63.098 311.173 191.421 -62.555 310.992 191.793
3 0 -62.555 310.992 191.793 -63.991 307.307 192.024 -64.556 307.475 191.679
3 0 -62.996 311.087 190.751 -63.098 311.173 191.421 -64.556 307.475 191.679
3 0 -64.556 307.475 191.679 -64.481 307.402 191.004 -62.996 311.087 190.751
3 0 -63.143 311.096 190.084 -62.996 311.087 190.751 -64.481 307.402 191.004
3 0 -64.481 307.402 191.004 -64.657 307.416 190.344 -63.143 311.096 190.084
3 0 -63.517 311.199 189.522 -63.143 311.096 190.084 -64.657 307.416 190.344
3 0 -64.657 307.416 190.344 -65.058 307.514 189.800 -63.517 311.199 189.522
3 0 -64.060 311.380 189.150 -63.517 311.199 189.522 -65.058 307.514 189.800
3 0 -65.058 307.514 189.800 -65.623 307.682 189.455 -64.060 311.380 189.150
3 0 -64.690 311.612 189.025 -64.060 311.380 189.150 -65.623 307.682 189.455
3 0 -65.623 307.682 189.455 -66.265 307.894 189.361 -64.690 311.612 189.025
3 0 -65.310 311.859 189.165 -64.690 311.612 189.025 -66.265 307.894 189.361
3 0 -66.265 307.894 189.361 -66.887 308.117 189.532 -65.310 311.859 189.165
3 0 -65.828 312.084 189.550 -65.310 311.859 189.165 -66.887 308.117 189.532
3 0 -66.887 308.117 189.532 -67.394 308.318 189.942 -65.828 312.084 189.550
3 0 -66.163 312.253 190.120 -65.828 312.084 189.550 -67.394 308.318 189.942
3 0 -67.394 308.318 189.942 -67.710 308.467 190.529 -66.163 312.253 190.120
3 0 -66.264 312.339 190.790 -66.163 312.253 190.120 -67.710 308.467 190.529
3 0 -67.710 308.467 190.529 -67.785 308.539 191.204 -66.264 312.339 190.790
3 0 -66.117 312.330 191.457 -66.264 312.339 190.790 -67.785 308.539 191.204
3 0 -67.785 308.539 191.204 -67.608 308.525 191.864 -66.117 312.330 191.457
3 0 -65.744 312.227 192.019 -66.117 312.330 191.457 -67.608 308.525 191.864
3 0 -67.608 308.525 191.864 -67.207 308.427 192.407 -65.744 312.227 192.019
3 0 -65.200 312.045 192.391 -65.744 312.227 192.019 -67.207 308.427 192.407
3 0 -67.207 308.427 192.407 -66.643 308.259 192.753 -65.200 312.045 192.391
3 0 -62.017 315.471 197.324 -61.890 315.369 196.661 -63.277 311.631 196.932
3 0 -63.277 311.631 196.932 -63.378 311.717 197.602 -62.017 315.471 197.324
3 0 -61.898 315.468 197.997 -62.017 315.471 197.324 -63.378 311.717 197.602
3 0 -63.378 311.717 197.602 -63.231 311.708 198.269 -61.898 315.468 197.997
3 0 -61.553 315.360 198.576 -61.898 315.468 197.997 -63.231 311.708 198.269
3 0 -63.231 311.708 198.269 -62.858 311.605 198.831 -61.553 315.360 198.576
3 0 -61.035 315.163 198.974 -61.553 315.360 198.576 -62.858 311.605 198.831
3 0 -62.858 311.605 198.831 -62.315 311.424 199.203 -61.035 315.163 198.974
3 0 -60.421 314.908 199.130 -61.035 315.163 198.974 -62.315 311.424 199.203
3 0 -62.315 311.424 199.203 -61.685 311.192 199.329 -60.421 314.908 199.130
3 0 -59.805 314.634 199.020 -60.421 314.908 199.130 -61.685 311.192 199.329
3 0 -61.685 311.192 199.329 -61.064 310.945 199.188 -59.805 314.634 199.020
3 0 -59.282 314.381 198.662 -59.805 314.634 199.020 -61.064 310.945 199.188
3 0 -61.064 310.945 199.188 -60.547 310.720 198.803 -59.282 314.381 198.662
3 0 -58.930 314.189 198.109 -59.282 314.381 198.662 -60.547 310.720 198.803
3 0 -60.547 310.720 198.803 -60.212 310.552 198.233 -58.930 314.189 198.109
3 0 -58.804 314.087 197.446 -58.930 314.189 198.109 -60.212 310.552 198.233
3 0 -60.212 310.552 198.233 -60.110 310.466 197.563 -58.804 314.087 197.446
3 0 -58.923 314.090 196.773 -58.804 314.087 197.446 -60.110 310.466 197.563
3 0 -60.110 310.466 197.563 -60.257 310.475 196.896 -58.923 314.090 196.773
3 0 -59.267 314.198 196.194 -58.923 314.090 196.773 -60.257 310.475 196.896
3 0 -60.257 310.475 196.896 -60.631 310.578 196.334 -59.267 314.198 196.194
3 0 -59.786 314.395 195.796 -59.267 314.198 196.194 -60.631 310.578 196.334
3 0 -60.631 310.578 196.334 -61.174 310.759 195.962 -59.786 314.395 195.796
3 0 -64.340 311.925 195.331 -62.872 315.677 195.011 -62.746 315.575 194.348
3 0 -62.746 315.575 194.348 -64.239 311.838 194.661 -64.340 311.925 195.331
3 0 -64.193 311.915 195.998 -62.754 315.674 195.684 -62.872 315.677 195.011
3 0 -62.872 315.677 195.011 -64.340 311.925 195.331 -64.193 311.915 195.998
3 0 -63.820 311.812 196.560 -62.409 315.565 196.263 -62.754 315.674 195.684
3 0 -62.754 315.674 195.684 -64.193 311.915 195.998 -63.820 311.812 196.560
3 0 -63.277 311.631 196.932 -61.890 315.369 196.661 -62.409 315.565 196.263
3 0 -62.409 315.565 196.263 -63.820 311.812 196.560 -63.277 311.631 196.932
3 0 -61.072 310.673 195.292 -59.660 314.293 195.132 -59.786 314.395 195.796
3 0 -59.786 314.395 195.796 -61.174 310.759 195.962 -61.072 310.673 195.292
3 0 -61.219 310.682 194.625 -59.778 314.296 194.460 -59.660 314.293 195.132
3 0 -59.660 314.293 195.132 -61.072 310.673 195.292 -61.219 310.682 194.625
3 0 -61.593 310.785 194.063 -60.123 314.404 193.881 -59.778 314.296 194.460
3 0 -59.778 314.296 194.460 -61.219 310.682 194.625 -61.593 310.785 194.063
3 0 -62.136 310.966 193.691 -60.642 314.601 193.483 -60.123 314.404 193.881
3 0 -60.123 314.404 193.881 -61.593 310.785 194.063 -62.136 310.966 193.691
3 0 -65.302 312.132 193.061 -63.728 315.882 192.699 -63.602 315.780 192.036
3 0 -63.602 315.780 192.036 -65.200 312.045 192.391 -65.302 312.132 193.061
3 0 -65.155 312.122 193.728 -63.610 315.879 193.371 -63.728 315.882 192.699
3 0 -63.728 315.882 192.699 -65.302 312.132 193.061 -65.155 312.122 193.728
3 0 -64.782 312.019 194.290 -63.265 315.771 193.951 -63.610 315.879 193.371
3 0 -63.610 315.879 193.371 -65.155 312.122 193.728 -64.782 312.019 194.290
3 0 -64.239 311.838 194.661 -62.746 315.575 194.348 -63.265 315.771 193.951
3 0 -63.265 315.771 193.951 -64.782 312.019 194.290 -64.239 311.838 194.661
3 0 -62.034 310.880 193.022 -60.516 314.499 192.820 -60.642 314.601 193.483
3 0 -60.642 314.601 193.483 -62.136 310.966 193.691 -62.034 310.880 193.022
3 0 -62.181 310.889 192.355 -60.634 314.502 192.148 -60.516 314.499 192.820
3 0 -60.516 314.499 192.820 -62.034 310.880 193.022 -62.181 310.889 192.355
3 0 -62.555 310.992 191.793 -60.979 314.610 191.568 -60.634 314.502 192.148
3 0 -60.634 314.502 192.148 -62.181 310.889 192.355 -62.555 310.992 191.793
3 0 -63.098 311.173 191.421 -61.498 314.806 191.170 -60.979 314.610 191.568
3 0 -60.979 314.610 191.568 -62.555 310.992 191.793 -63.098 311.173 191.421
3 0 -61.371 314.704 190.507 -61.498 314.806 191.170 -63.098 311.173 191.421
3 0 -63.098 311.173 191.421 -62.996 311.087 190.751 -61.371 314.704 190.507
3 0 -61.490 314.708 189.835 -61.371 314.704 190.507 -62.996 311.087 190.751
3 0 -62.996 311.087 190.751 -63.143 311.096 190.084 -61.490 314.708 189.835
3 0 -61.835 314.816 189.255 -61.490 314.708 189.835 -63.143 311.096 190.084
3 0 -63.143 311.096 190.084 -63.517 311.199 189.522 -61.835 314.816 189.255
3 0 -62.353 315.012 188.857 -61.835 314.816 189.255 -63.517 311.199 189.522
3 0 -63.517 311.199 189.522 -64.060 311.380 189.150 -62.353 315.012 188.857
3 0 -62.967 315.267 188.701 -62.353 315.012 188.857 -64.060 311.380 189.150
3 0 -64.060 311.380 189.150 -64.690 311.612 189.025 -62.967 315.267 188.701
3 0 -63.583 315.542 188.811 -62.967 315.267 188.701 -64.690 311.612 189.025
3 0 -64.690 311.612 189.025 -65.310 311.859 189.165 -63.583 315.542 188.811
3 0 -64.106 315.794 189.169 -63.583 315.542 188.811 -65.310 311.859 189.165
3 0 -65.310 311.859 189.165 -65.828 312.084 189.550 -64.106 315.794 189.169
3 0 -64.458 315.986 189.722 -64.106 315.794 189.169 -65.828 312.084 189.550
3 0 -65.828 312.084 189.550 -66.163 312.253 190.120 -64.458 315.986 189.722
3 0 -64.584 316.088 190.386 -64.458 315.986 189.722 -66.163 312.253 190.120
3 0 -66.163 312.253 190.120 -66.264 312.339 190.790 -64.584 316.088 190.386
3 0 -64.465 316.085 191.058 -64.584 316.088 190.386 -66.264 312.339 190.790
3 0 -66.264 312.339 190.790 -66.117 312.330 191.457 -64.465 316.085 191.058
3 0 -64.121 315.977 191.637 -64.465 316.085 191.058 -66.117 312.330 191.457
3 0 -66.117 312.330 191.457 -65.744 312.227 192.019 -64.121 315.977 191.637
3 0 -63.602 315.780 192.036 -64.121 315.977 191.637 -65.744 312.227 192.019
3 0 -65.744 312.227 192.019 -65.200 312.045 192.391 -63.602 315.780 192.036
3 0 -60.467 319.161 197.043 -60.319 319.040 196.387 -61.890 315.369 196.661
3 0 -61.890 315.369 196.661 -62.017 315.471 197.324 -60.467 319.161 197.043
3 0 -60.377 319.165 197.719 -60.467 319.161 197.043 -62.017 315.471 197.324
3 0 -62.017 315.471 197.324 -61.898 315.468 197.997 -60.377 319.165 197.719
3 0 -60.062 319.051 198.314 -60.377 319.165 197.719 -61.898 315.468 197.997
3 0 -61.898 315.468 197.997 -61.553 315.360 198.576 -60.062 319.051 198.314
3 0 -59.570 318.838 198.737 -60.062 319.051 198.314 -61.553 315.360 198.576
3 0 -61.553 315.360 198.576 -61.035 315.163 198.974 -59.570 318.838 198.737
3 0 -58.976 318.557 198.923 -59.570 318.838 198.737 -61.035 315.163 198.974
3 0 -61.035 315.163 198.974 -60.421 314.908 199.130 -58.976 318.557 198.923
3 0 -58.371 318.251 198.844 -58.976 318.557 198.923 -60.421 314.908 199.130
3 0 -60.421 314.908 199.130 -59.805 314.634 199.020 -58.371 318.251 198.844
3 0 -57.846 317.967 198.512 -58.371 318.251 198.844 -59.805 314.634 199.020
3 0 -59.805 314.634 199.020 -59.282 314.381 198.662 -57.846 317.967 198.512
3 0 -57.482 317.747 197.977 -57.846 317.967 198.512 -59.282 314.381 198.662
3 0 -59.282 314.381 198.662 -58.930 314.189 198.109 -57.482 317.747 197.977
3 0 -57.334 317.627 197.322 -57.482 317.747 197.977 -58.930 314.189 198.109
3 0 -58.930 314.189 198.109 -58.804 314.087 197.446 -57.334 317.627 197.322
3 0 -57.424 317.623 196.645 -57.334 317.627 197.322 -58.804 314.087 197.446
3 0 -58.804 314.087 197.446 -58.923 314.090 196.773 -57.424 317.623 196.645
3 0 -57.740 317.736 196.050 -57.424 317.623 196.645 -58.923 314.090 196.773
3 0 -58.923 314.090 196.773 -59.267 314.198 196.194 -57.740 317.736 196.050
3 0 -58.232 317.950 195.627 -57.740 317.736 196.050 -59.267 314.198 196.194
3 0 -59.267 314.198 196.194 -59.786 314.395 195.796 -58.232 317.950 195.627
3 0 -62.872 315.677 195.011 -61.217 319.363 194.693 -61.069 319.242 194.037
3 0 -61.069 319.242 194.037 -62.746 315.575 194.348 -62.872 315.677 195.011
3 0 -62.754 315.674 195.684 -61.126 319.367 195.369 -61.217 319.363 194.693
3 0 -61.217 319.363 194.693 -62.872 315.677 195.011 -62.754 315.674 195.684
3 0 -62.409 315.565 196.263 -60.811 319.254 195.964 -61.126 319.367 195.369
3 0 -61.126 319.367 195.369 -62.754 315.674 195.684 -62.409 315.565 196.263
3 0 -61.890 315.369 196.661 -60.319 319.040 196.387 -60.811 319.254 195.964
3 0 -60.811 319.254 195.964 -62.409 315.565 196.263 -61.890 315.369 196.661
3 0 -59.660 314.293 195.132 -58.084 317.829 194.972 -58.232 317.950 195.627
3 0 -58.232 317.950 195.627 -59.786 314.395 195.796 -59.660 314.293 195.132
3 0 -59.778 314.296 194.460 -58.174 317.825 194.295 -58.084 317.829 194.972
3 0 -58.084 317.829 194.972 -59.660 314.293 195.132 -59.778 314.296 194.460
3 0 -60.123 314.404 193.881 -58.489 317.938 193.700 -58.174 317.825 194.295
3 0 -58.174 317.825 194.295 -59.778 314.296 194.460 -60.123 314.404 193.881
3 0 -60.642 314.601 193.483 -58.981 318.152 193.277 -58.489 317.938 193.700
3 0 -58.489 317.938 193.700 -60.123 314.404 193.881 -60.642 314.601 193.483
3 0 -63.728 315.882 192.699 -61.966 319.565 192.343 -61.818 319.444 191.688
3 0 -61.818 319.444 191.688 -63.602 315.780 192.036 -63.728 315.882 192.699
3 0 -63.610 315.879 193.371 -61.876 319.569 193.020 -61.966 319.565 192.343
3 0 -61.966 319.565 192.343 -63.728 315.882 192.699 -63.610 315.879 193.371
3 0 -63.265 315.771 193.951 -61.561 319.456 193.615 -61.876 319.569 193.020
3 0 -61.876 319.569 193.020 -63.610 315.879 193.371 -63.265 315.771 193.951
3 0 -62.746 315.575 194.348 -61.069 319.242 194.037 -61.561 319.456 193.615
3 0 -61.561 319.456 193.615 -63.265 315.771 193.951 -62.746 315.575 194.348
3 0 -60.516 314.499 192.820 -58.833 318.031 192.623 -58.981 318.152 193.277
3 0 -58.981 318.152 193.277 -60.642 314.601 193.483 -60.516 314.499 192.820
3 0 -60.634 314.502 192.148 -58.923 318.027 191.946 -58.833 318.031 192.623
3 0 -58.833 318.031 192.623 -60.516 314.499 192.820 -60.634 314.502 192.148
3 0 -60.979 314.610 191.568 -59.238 318.141 191.351 -58.923 318.027 191.946
3 0 -58.923 318.027 191.946 -60.634 314.502 192.148 -60.979 314.610 191.568
3 0 -61.498 314.806 191.170 -59.730 318.354 190.928 -59.238 318.141 191.351
3 0 -59.238 318.141 191.351 -60.979 314.610 191.568 -61.498 314.806 191.170
3 0 -59.582 318.233 190.272 -59.730 318.354 190.928 -61.498 314.806 191.170
3 0 -61.498 314.806 191.170 -61.371 314.704 190.507 -59.582 318.233 190.272
3 0 -59.673 318.229 189.596 -59.582 318.233 190.272 -61.371 314.704 190.507
3 0 -61.371 314.704 190.507 -61.490 314.708 189.835 -59.673 318.229 189.596
3 0 -59.988 318.343 189.001 -59.673 318.229 189.596 -61.490 314.708 189.835
3 0 -61.490 314.708 189.835 -61.835 314.816 189.255 -59.988 318.343 189.001
3 0 -60.480 318.556 188.578 -59.988 318.343 189.001 -61.835 314.816 189.255
3 0 -61.835 314.816 189.255 -62.353 315.012 188.857 -60.480 318.556 188.578
3 0 -61.074 318.838 188.392 -60.480 318.556 188.578 -62.353 315.012 188.857
3 0 -62.353 315.012 188.857 -62.967 315.267 188.701 -61.074 318.838 188.392
3 0 -61.679 319.143 188.471 -61.074 318.838 188.392 -62.967 315.267 188.701
3 0 -62.967 315.267 188.701 -63.583 315.542 188.811 -61.679 319.143 188.471
3 0 -62.204 319.428 188.803 -61.679 319.143 188.471 -63.583 315.542 188.811
3 0 -63.583 315.542 188.811 -64.106 315.794 189.169 -62.204 319.428 188.803
3 0 -62.568 319.647 189.338 -62.204 319.428 188.803 -64.106 315.794 189.169
3 0 -64.106 315.794 189.169 -64.458 315.986 189.722 -62.568 319.647 189.338
3 0 -62.716 319.768 189.993 -62.568 319.647 189.338 -64.458 315.986 189.722
3 0 -64.458 315.986 189.722 -64.584 316.088 190.386 -62.716 319.768 189.993
3 0 -62.625 319.771 190.670 -62.716 319.768 189.993 -64.584 316.088 190.386
3 0 -64.584 316.088 190.386 -64.465 316.085 191.058 -62.625 319.771 190.670
3 0 -62.310 319.658 191.265 -62.625 319.771 190.670 -64.465 316.085 191.058
3 0 -64.465 316.085 191.058 -64.121 315.977 191.637 -62.310 319.658 191.265
3 0 -61.818 319.444 191.688 -62.310 319.658 191.265 -64.121 315.977 191.637
3 0 -64.121 315.977 191.637 -63.602 315.780 192.036 -61.818 319.444 191.688
3 0 -58.707 322.767 196.760 -58.541 322.625 196.113 -60.319 319.040 196.387
3 0 -60.319 319.040 196.387 -60.467 319.161 197.043 -58.707 322.767 196.760
3 0 -58.643 322.780 197.439 -58.707 322.767 196.760 -60.467 319.161 197.043
3 0 -60.467 319.161 197.043 -60.377 319.165 197.719 -58.643 322.780 197.439
3 0 -58.358 322.661 198.048 -58.643 322.780 197.439 -60.377 319.165 197.719
3 0 -60.377 319.165 197.719 -60.062 319.051 198.314 -58.358 322.661 198.048
3 0 -57.896 322.429 198.494 -58.358 322.661 198.048 -60.062 319.051 198.314
3 0 -60.062 319.051 198.314 -59.570 318.838 198.737 -57.896 322.429 198.494
3 0 -57.327 322.119 198.709 -57.896 322.429 198.494 -59.570 318.838 198.737
3 0 -59.570 318.838 198.737 -58.976 318.557 198.923 -57.327 322.119 198.709
3 0 -56.737 321.778 198.659 -57.327 322.119 198.709 -58.976 318.557 198.923
3 0 -58.976 318.557 198.923 -58.371 318.251 198.844 -56.737 321.778 198.659
3 0 -56.217 321.458 198.354 -56.737 321.778 198.659 -58.371 318.251 198.844
3 0 -58.371 318.251 198.844 -57.846 317.967 198.512 -56.217 321.458 198.354
3 0 -55.846 321.208 197.838 -56.217 321.458 198.354 -57.846 317.967 198.512
3 0 -57.846 317.967 198.512 -57.482 317.747 197.977 -55.846 321.208 197.838
3 0 -55.679 321.066 197.191 -55.846 321.208 197.838 -57.482 317.747 197.977
3 0 -57.482 317.747 197.977 -57.334 317.627 197.322 -55.679 321.066 197.191
3 0 -55.744 321.053 196.512 -55.679 321.066 197.191 -57.334 317.627 197.322
3 0 -57.334 317.627 197.322 -57.424 317.623 196.645 -55.744 321.053 196.512
3 0 -56.029 321.172 195.903 -55.744 321.053 196.512 -57.424 317.623 196.645
3 0 -57.424 317.623 196.645 -57.740 317.736 196.050 -56.029 321.172 195.903
3 0 -56.491 321.404 195.457 -56.029 321.172 195.903 -57.740 317.736 196.050
3 0 -57.740 317.736 196.050 -58.232 317.950 195.627 -56.491 321.404 195.457
3 0 -61.217 319.363 194.693 -59.353 322.963 194.378 -59.186 322.821 193.732
3 0 -59.186 322.821 193.732 -61.069 319.242 194.037 -61.217 319.363 194.693
3 0 -61.126 319.367 195.369 -59.288 322.976 195.058 -59.353 322.963 194.378
3 0 -59.353 322.963 194.378 -61.217 319.363 194.693 -61.126 319.367 195.369
3 0 -60.811 319.254 195.964 -59.004 322.857 195.667 -59.288 322.976 195.058
3 0 -59.288 322.976 195.058 -61.126 319.367 195.369 -60.811 319.254 195.964
3 0 -60.319 319.040 196.387 -58.541 322.625 196.113 -59.004 322.857 195.667
3 0 -59.004 322.857 195.667 -60.811 319.254 195.964 -60.319 319.040 196.387
3 0 -58.084 317.829 194.972 -56.325 321.262 194.810 -56.491 321.404 195.457
3 0 -56.491 321.404 195.457 -58.232 317.950 195.627 -58.084 317.829 194.972
3 0 -58.174 317.825 194.295 -56.389 321.249 194.130 -56.325 321.262 194.810
3 0 -56.325 321.262 194.810 -58.084 317.829 194.972 -58.174 317.825 194.295
3 0 -58.489 317.938 193.700 -56.674 321.368 193.521 -56.389 321.249 194.130
3 0 -56.389 321.249 194.130 -58.174 317.825 194.295 -58.489 317.938 193.700
3 0 -58.981 318.152 193.277 -57.136 321.600 193.076 -56.674 321.368 193.521
3 0 -56.674 321.368 193.521 -58.489 317.938 193.700 -58.981 318.152 193.277
3 0 -61.966 319.565 192.343 -59.998 323.159 191.998 -59.832 323.016 191.351
3 0 -59.832 323.016 191.351 -61.818 319.444 191.688 -61.966 319.565 192.343
3 0 -61.876 319.569 193.020 -59.934 323.171 192.678 -59.998 323.159 191.998
3 0 -59.998 323.159 191.998 -61.966 319.565 192.343 -61.876 319.569 193.020
3 0 -61.561 319.456 193.615 -59.649 323.053 193.287 -59.934 323.171 192.678
3 0 -59.934 323.171 192.678 -61.876 319.569 193.020 -61.561 319.456 193.615
3 0 -61.069 319.242 194.037 -59.186 322.821 193.732 -59.649 323.053 193.287
3 0 -59.649 323.053 193.287 -61.561 319.456 193.615 -61.069 319.242 194.037
3 0 -58.833 318.031 192.623 -56.970 321.457 192.430 -57.136 321.600 193.076
3 0 -57.136 321.600 193.076 -58.981 318.152 193.277 -58.833 318.031 192.623
3 0 -58.923 318.027 191.946 -57.034 321.445 191.750 -56.970 321.457 192.430
3 0 -56.970 321.457 192.430 -58.833 318.031 192.623 -58.923 318.027 191.946
3 0 -59.238 318.141 191.351 -57.319 321.563 191.141 -57.034 321.445 191.750
3 0 -57.034 321.445 191.750 -58.923 318.027 191.946 -59.238 318.141 191.351
3 0 -59.730 318.354 190.928 -57.781 321.795 190.695 -57.319 321.563 191.141
3 0 -57.319 321.563 191.141 -59.238 318.141 191.351 -59.730 318.354 190.928
3 0 -57.615 321.653 190.048 -57.781 321.795 190.695 -59.730 318.354 190.928
3 0 -59.730 318.354 190.928 -59.582 318.233 190.272 -57.615 321.653 190.048
3 0 -57.679 321.640 189.369 -57.615 321.653 190.048 -59.582 318.233 190.272
3 0 -59.582 318.233 190.272 -59.673 318.229 189.596 -57.679 321.640 189.369
3 0 -57.964 321.759 188.760 -57.679 321.640 189.369 -59.673 318.229 189.596
3 0 -59.673 318.229 189.596 -59.988 318.343 189.001 -57.964 321.759 188.760
3 0 -58.427 321.991 188.314 -57.964 321.759 188.760 -59.988 318.343 189.001
3 0 -59.988 318.343 189.001 -60.480 318.556 188.578 -58.427 321.991 188.314
3 0 -58.996 322.301 188.099 -58.427 321.991 188.314 -60.480 318.556 188.578
3 0 -60.480 318.556 188.578 -61.074 318.838 188.392 -58.996 322.301 188.099
3 0 -59.585 322.642 188.149 -58.996 322.301 188.099 -61.074 318.838 188.392
3 0 -61.074 318.838 188.392 -61.679 319.143 188.471 -59.585 322.642 188.149
3 0 -60.105 322.962 188.454 -59.585 322.642 188.149 -61.679 319.143 188.471
3 0 -61.679 319.143 188.471 -62.204 319.428 188.803 -60.105 322.962 188.454
3 0 -60.477 323.212 188.970 -60.105 322.962 188.454 -62.204 319.428 188.803
3 0 -62.204 319.428 188.803 -62.568 319.647 189.338 -60.477 323.212 188.970
3 0 -60.643 323.354 189.617 -60.477 323.212 188.970 -62.568 319.647 189.338
3 0 -62.568 319.647 189.338 -62.716 319.768 189.993 -60.643 323.354 189.617
3 0 -60.579 323.367 190.296 -60.643 323.354 189.617 -62.716 319.768 189.993
3 0 -62.716 319.768 189.993 -62.625 319.771 190.670 -60.579 323.367 190.296
3 0 -60.294 323.248 190.905 -60.579 323.367 190.296 -62.625 319.771 190.670
3 0 -62.625 319.771 190.670 -62.310 319.658 191.265 -60.294 323.248 190.905
3 0 -59.832 323.016 191.351 -60.294 323.248 190.905 -62.310 319.658 191.265
3 0 -62.310 319.658 191.265 -61.818 319.444 191.688 -59.832 323.016 191.351
3 0 -56.706 326.263 196.478 -56.526 326.096 195.841 -58.541 322.625 196.113
3 0 -58.541 322.625 196.113 -58.707 322.767 196.760 -56.706 326.263 196.478
3 0 -56.666 326.286 197.160 -56.706 326.263 196.478 -58.707 322.767 196.760
3 0 -58.707 322.767 196.760 -58.643 322.780 197.439 -56.666 326.286 197.160
3 0 -56.412 326.162 197.781 -56.666 326.286 197.160 -58.643 322.780 197.439
3 0 -58.643 322.780 197.439 -58.358 322.661 198.048 -56.412 326.162 197.781
3 0 -55.983 325.909 198.249 -56.412 326.162 197.781 -58.358 322.661 198.048
3 0 -58.358 322.661 198.048 -57.896 322.429 198.494 -55.983 325.909 198.249
3 0 -55.445 325.566 198.491 -55.983 325.909 198.249 -57.896 322.429 198.494
3 0 -57.896 322.429 198.494 -57.327 322.119 198.709 -55.445 325.566 198.491
3 0 -54.879 325.185 198.470 -55.445 325.566 198.491 -57.327 322.119 198.709
3 0 -57.327 322.119 198.709 -56.737 321.778 198.659 -54.879 325.185 198.470
3 0 -54.371 324.824 198.191 -54.879 325.185 198.470 -56.737 321.778 198.659
3 0 -56.737 321.778 198.659 -56.217 321.458 198.354 -54.371 324.824 198.191
3 0 -53.999 324.538 197.695 -54.371 324.824 198.191 -56.217 321.458 198.354
3 0 -56.217 321.458 198.354 -55.846 321.208 197.838 -53.999 324.538 197.695
3 0 -53.819 324.371 197.058 -53.999 324.538 197.695 -55.846 321.208 197.838
3 0 -55.846 321.208 197.838 -55.679 321.066 197.191 -53.819 324.371 197.058
3 0 -53.859 324.348 196.376 -53.819 324.371 197.058 -55.679 321.066 197.191
3 0 -55.679 321.066 197.191 -55.744 321.053 196.512 -53.859 324.348 196.376
3 0 -54.113 324.472 195.755 -53.859 324.348 196.376 -55.744 321.053 196.512
3 0 -55.744 321.053 196.512 -56.029 321.172 195.903 -54.113 324.472 195.755
3 0 -54.542 324.725 195.287 -54.113 324.472 195.755 -56.029 321.172 195.903
3 0 -56.029 321.172 195.903 -56.491 321.404 195.457 -54.542 324.725 195.287
3 0 -59.353 322.963 194.378 -57.249 326.450 194.071 -57.069 326.282 193.434
3 0 -57.069 326.282 193.434 -59.186 322.821 193.732 -59.353 322.963 194.378
3 0 -59.288 322.976 195.058 -57.209 326.473 194.752 -57.249 326.450 194.071
3 0 -57.249 326.450 194.071 -59.353 322.963 194.378 -59.288 322.976 195.058
3 0 -59.004 322.857 195.667 -56.955 326.349 195.374 -57.209 326.473 194.752
3 0 -57.209 326.473 194.752 -59.288 322.976 195.058 -59.004 322.857 195.667
3 0 -58.541 322.625 196.113 -56.526 326.096 195.841 -56.955 326.349 195.374
3 0 -56.955 326.349 195.374 -59.004 322.857 195.667 -58.541 322.625 196.113
3 0 -56.325 321.262 194.810 -54.362 324.557 194.650 -54.542 324.725 195.287
3 0 -54.542 324.725 195.287 -56.491 321.404 195.457 -56.325 321.262 194.810
3 0 -56.389 321.249 194.130 -54.402 324.534 193.969 -54.362 324.557 194.650
3 0 -54.362 324.557 194.650 -56.325 321.262 194.810 -56.389 321.249 194.130
3 0 -56.674 321.368 193.521 -54.656 324.658 193.347 -54.402 324.534 193.969
3 0 -54.402 324.534 193.969 -56.389 321.249 194.130 -56.674 321.368 193.521
3 0 -57.136 321.600 193.076 -55.085 324.911 192.880 -54.656 324.658 193.347
3 0 -54.656 324.658 193.347 -56.674 321.368 193.521 -57.136 321.600 193.076
3 0 -59.998 323.159 191.998 -57.792 326.636 191.664 -57.612 326.469 191.027
3 0 -57.612 326.469 191.027 -59.832 323.016 191.351 -59.998 323.159 191.998
3 0 -59.934 323.171 192.678 -57.751 326.659 192.346 -57.792 326.636 191.664
3 0 -57.792 326.636 191.664 -59.998 323.159 191.998 -59.934 323.171 192.678
3 0 -59.649 323.053 193.287 -57.498 326.535 192.967 -57.751 326.659 192.346
3 0 -57.751 326.659 192.346 -59.934 323.171 192.678 -59.649 323.053 193.287
3 0 -59.186 322.821 193.732 -57.069 326.282 193.434 -57.498 326.535 192.967
3 0 -57.498 326.535 192.967 -59.649 323.053 193.287 -59.186 322.821 193.732
3 0 -56.970 321.457 192.430 -54.905 324.744 192.244 -55.085 324.911 192.880
3 0 -55.085 324.911 192.880 -57.136 321.600 193.076 -56.970 321.457 192.430
3 0 -57.034 321.445 191.750 -54.945 324.721 191.562 -54.905 324.744 192.244
3 0 -54.905 324.744 192.244 -56.970 321.457 192.430 -57.034 321.445 191.750
3 0 -57.319 321.563 191.141 -55.199 324.845 190.941 -54.945 324.721 191.562
3 0 -54.945 324.721 191.562 -57.034 321.445 191.750 -57.319 321.563 191.141
3 0 -57.781 321.795 190.695 -55.627 325.098 190.473 -55.199 324.845 190.941
3 0 -55.199 324.845 190.941 -57.319 321.563 191.141 -57.781 321.795 190.695
3 0 -55.448 324.931 189.836 -55.627 325.098 190.473 -57.781 321.795 190.695
3 0 -57.781 321.795 190.695 -57.615 321.653 190.048 -55.448 324.931 189.836
3 0 -55.488 324.907 189.155 -55.448 324.931 189.836 -57.615 321.653 190.048
3 0 -57.615 321.653 190.048 -57.679 321.640 189.369 -55.488 324.907 189.155
3 0 -55.741 325.032 188.533 -55.488 324.907 189.155 -57.679 321.640 189.369
3 0 -57.679 321.640 189.369 -57.964 321.759 188.760 -55.741 325.032 188.533
3 0 -56.170 325.285 188.066 -55.741 325.032 188.533 -57.964 321.759 188.760
3 0 -57.964 321.759 188.760 -58.427 321.991 188.314 -56.170 325.285 188.066
3 0 -56.709 325.628 187.824 -56.170 325.285 188.066 -58.427 321.991 188.314
3 0 -58.427 321.991 188.314 -58.996 322.301 188.099 -56.709 325.628 187.824
3 0 -57.275 326.009 187.844 -56.709 325.628 187.824 -58.996 322.301 188.099
3 0 -58.996 322.301 188.099 -59.585 322.642 188.149 -57.275 326.009 187.844
3 0 -57.783 326.370 188.124 -57.275 326.009 187.844 -59.585 322.642 188.149
3 0 -59.585 322.642 188.149 -60.105 322.962 188.454 -57.783 326.370 188.124
3 0 -58.155 326.655 188.620 -57.783 326.370 188.124 -60.105 322.962 188.454
3 0 -60.105 322.962 188.454 -60.477 323.212 188.970 -58.155 326.655 188.620
3 0 -58.335 326.823 189.257 -58.155 326.655 188.620 -60.477 323.212 188.970
3 0 -60.477 323.212 188.970 -60.643 323.354 189.617 -58.335 326.823 189.257
3 0 -58.294 326.846 189.938 -58.335 326.823 189.257 -60.643 323.354 189.617
3 0 -60.643 323.354 189.617 -60.579 323.367 190.296 -58.294 326.846 189.938
3 0 -58.041 326.722 190.560 -58.294 326.846 189.938 -60.579 323.367 190.296
3 0 -60.579 323.367 190.296 -60.294 323.248 190.905 -58.041 326.722 190.560
3 0 -57.612 326.469 191.027 -58.041 326.722 190.560 -60.294 323.248 190.905
3 0 -60.294 323.248 190.905 -59.832 323.016 191.351 -57.612 326.469 191.027
3 0 -54.421 329.603 196.203 -54.234 329.407 195.576 -56.526 326.096 195.841
3 0 -56.526 326.096 195.841 -56.706 326.263 196.478 -54.421 329.603 196.203
3 0 -54.403 329.638 196.885 -54.421 329.603 196.203 -56.706 326.263 196.478
3 0 -56.706 326.263 196.478 -56.666 326.286 197.160 -54.403 329.638 196.885
3 0 -54.181 329.509 197.518 -54.403 329.638 196.885 -56.666 326.286 197.160
3 0 -56.666 326.286 197.160 -56.412 326.162 197.781 -54.181 329.509 197.518
3 0 -53.790 329.233 198.005 -54.181 329.509 197.518 -56.412 326.162 197.781
3 0 -56.412 326.162 197.781 -55.983 325.909 198.249 -53.790 329.233 198.005
3 0 -53.289 328.854 198.273 -53.790 329.233 198.005 -55.983 325.909 198.249
3 0 -55.983 325.909 198.249 -55.445 325.566 198.491 -53.289 328.854 198.273
3 0 -52.755 328.428 198.280 -53.289 328.854 198.273 -55.445 325.566 198.491
3 0 -55.445 325.566 198.491 -54.879 325.185 198.470 -52.755 328.428 198.280
3 0 -52.269 328.022 198.026 -52.755 328.428 198.280 -54.879 325.185 198.470
3 0 -54.879 325.185 198.470 -54.371 324.824 198.191 -52.269 328.022 198.026
3 0 -51.904 327.696 197.549 -52.269 328.022 198.026 -54.371 324.824 198.191
3 0 -54.371 324.824 198.191 -53.999 324.538 197.695 -51.904 327.696 197.549
3 0 -51.717 327.500 196.923 -51.904 327.696 197.549 -53.999 324.538 197.695
3 0 -53.999 324.538 197.695 -53.819 324.371 197.058 -51.717 327.500 196.923
3 0 -51.736 327.464 196.241 -51.717 327.500 196.923 -53.819 324.371 197.058
3 0 -53.819 324.371 197.058 -53.859 324.348 196.376 -51.736 327.464 196.241
3 0 -51.958 327.594 195.608 -51.736 327.464 196.241 -53.859 324.348 196.376
3 0 -53.859 324.348 196.376 -54.113 324.472 195.755 -51.958 327.594 195.608
3 0 -52.349 327.870 195.121 -51.958 327.594 195.608 -54.113 324.472 195.755
3 0 -54.113 324.472 195.755 -54.542 324.725 195.287 -52.349 327.870 195.121
3 0 -57.249 326.450 194.071 -54.866 329.777 193.775 -54.679 329.581 193.148
3 0 -54.679 329.581 193.148 -57.069 326.282 193.434 -57.249 326.450 194.071
3 0 -57.209 326.473 194.752 -54.847 329.812 194.456 -54.866 329.777 193.775
3 0 -54.866 329.777 193.775 -57.249 326.450 194.071 -57.209 326.473 194.752
3 0 -56.955 326.349 195.374 -54.625 329.682 195.089 -54.847 329.812 194.456
3 0 -54.847 329.812 194.456 -57.209 326.473 194.752 -56.955 326.349 195.374
3 0 -56.526 326.096 195.841 -54.234 329.407 195.576 -54.625 329.682 195.089
3 0 -54.625 329.682 195.089 -56.955 326.349 195.374 -56.526 326.096 195.841
3 0 -54.362 324.557 194.650 -52.162 327.674 194.494 -52.349 327.870 195.121
3 0 -52.349 327.870 195.121 -54.542 324.725 195.287 -54.362 324.557 194.650
3 0 -54.402 324.534 193.969 -52.181 327.638 193.812 -52.162 327.674 194.494
3 0 -52.162 327.674 194.494 -54.362 324.557 194.650 -54.402 324.534 193.969
3 0 -54.656 324.658 193.347 -52.403 327.768 193.180 -52.181 327.638 193.812
3 0 -52.181 327.638 193.812 -54.402 324.534 193.969 -54.656 324.658 193.347
3 0 -55.085 324.911 192.880 -52.794 328.044 192.693 -52.403 327.768 193.180
3 0 -52.403 327.768 193.180 -54.656 324.658 193.347 -55.085 324.911 192.880
3 0 -57.792 326.636 191.664 -55.311 329.951 191.347 -55.124 329.755 190.720
3 0 -55.124 329.755 190.720 -57.612 326.469 191.027 -57.792 326.636 191.664
3 0 -57.751 326.659 192.346 -55.292 329.986 192.029 -55.311 329.951 191.347
3 0 -55.311 329.951 191.347 -57.792 326.636 191.664 -57.751 326.659 192.346
3 0 -57.498 326.535 192.967 -55.070 329.856 192.661 -55.292 329.986 192.029
3 0 -55.292 329.986 192.029 -57.751 326.659 192.346 -57.498 326.535 192.967
3 0 -57.069 326.282 193.434 -54.679 329.581 193.148 -55.070 329.856 192.661
3 0 -55.070 329.856 192.661 -57.498 326.535 192.967 -57.069 326.282 193.434
3 0 -54.905 324.744 192.244 -52.607 327.848 192.067 -52.794 328.044 192.693
3 0 -52.794 328.044 192.693 -55.085 324.911 192.880 -54.905 324.744 192.244
3 0 -54.945 324.721 191.562 -52.625 327.812 191.385 -52.607 327.848 192.067
3 0 -52.607 327.848 192.067 -54.905 324.744 192.244 -54.945 324.721 191.562
3 0 -55.199 324.845 190.941 -52.847 327.942 190.752 -52.625 327.812 191.385
3 0 -52.625 327.812 191.385 -54.945 324.721 191.562 -55.199 324.845 190.941
3 0 -55.627 325.098 190.473 -53.238 328.218 190.265 -52.847 327.942 190.752
3 0 -52.847 327.942 190.752 -55.199 324.845 190.941 -55.627 325.098 190.473
3 0 -53.051 328.022 189.638 -53.238 328.218 190.265 -55.627 325.098 190.473
3 0 -55.627 325.098 190.473 -55.448 324.931 189.836 -53.051 328.022 189.638
3 0 -53.070 327.986 188.956 -53.051 328.022 189.638 -55.448 324.931 189.836
3 0 -55.448 324.931 189.836 -55.488 324.907 189.155 -53.070 327.986 188.956
3 0 -53.292 328.116 188.324 -53.070 327.986 188.956 -55.488 324.907 189.155
3 0 -55.488 324.907 189.155 -55.741 325.032 188.533 -53.292 328.116 188.324
3 0 -53.683 328.392 187.837 -53.292 328.116 188.324 -55.741 325.032 188.533
3 0 -55.741 325.032 188.533 -56.170 325.285 188.066 -53.683 328.392 187.837
3 0 -54.184 328.771 187.569 -53.683 328.392 187.837 -56.170 325.285 188.066
3 0 -56.170 325.285 188.066 -56.709 325.628 187.824 -54.184 328.771 187.569
3 0 -54.718 329.196 187.561 -54.184 328.771 187.569 -56.709 325.628 187.824
3 0 -56.709 325.628 187.824 -57.275 326.009 187.844 -54.718 329.196 187.561
3 0 -55.204 329.603 187.815 -54.718 329.196 187.561 -57.275 326.009 187.844
3 0 -57.275 326.009 187.844 -57.783 326.370 188.124 -55.204 329.603 187.815
3 0 -55.568 329.929 188.292 -55.204 329.603 187.815 -57.783 326.370 188.124
3 0 -57.783 326.370 188.124 -58.155 326.655 188.620 -55.568 329.929 188.292
3 0 -55.755 330.124 188.919 -55.568 329.929 188.292 -58.155 326.655 188.620
3 0 -58.155 326.655 188.620 -58.335 326.823 189.257 -55.755 330.124 188.919
3 0 -55.736 330.160 189.600 -55.755 330.124 188.919 -58.335 326.823 189.257
3 0 -58.335 326.823 189.257 -58.294 326.846 189.938 -55.736 330.160 189.600
3 0 -55.515 330.030 190.233 -55.736 330.160 189.600 -58.294 326.846 189.938
3 0 -58.294 326.846 189.938 -58.041 326.722 190.560 -55.515 330.030 190.233
3 0 -55.124 329.755 190.720 -55.515 330.030 190.233 -58.041 326.722 190.560
3 0 -58.041 326.722 190.560 -57.612 326.469 191.027 -55.124 329.755 190.720
3 0 -51.828 332.742 195.939 -51.642 332.514 195.323 -54.234 329.407 195.576
3 0 -54.234 329.407 195.576 -54.421 329.603 196.203 -51.828 332.742 195.939
3 0 -51.826 332.791 196.620 -51.828 332.742 195.939 -54.421 329.603 196.203
3 0 -54.421 329.603 196.203 -54.403 329.638 196.885 -51.826 332.791 196.620
3 0 -51.638 332.656 197.262 -51.826 332.791 196.620 -54.403 329.638 196.885
3 0 -54.403 329.638 196.885 -54.181 329.509 197.518 -51.638 332.656 197.262
3 0 -51.291 332.356 197.768 -51.638 332.656 197.262 -54.181 329.509 197.518
3 0 -54.181 329.509 197.518 -53.790 329.233 198.005 -51.291 332.356 197.768
3 0 -50.838 331.936 198.060 -51.291 332.356 197.768 -53.790 329.233 198.005
3 0 -53.790 329.233 198.005 -53.289 328.854 198.273 -50.838 331.936 198.060
3 0 -50.349 331.461 198.094 -50.838 331.936 198.060 -53.289 328.854 198.273
3 0 -53.289 328.854 198.273 -52.755 328.428 198.280 -50.349 331.461 198.094
3 0 -49.897 331.004 197.864 -50.349 331.461 198.094 -52.755 328.428 198.280
3 0 -52.755 328.428 198.280 -52.269 328.022 198.026 -49.897 331.004 197.864
3 0 -49.551 330.633 197.407 -49.897 331.004 197.864 -52.269 328.022 198.026
3 0 -52.269 328.022 198.026 -51.904 327.696 197.549 -49.551 330.633 197.407
3 0 -49.365 330.405 196.791 -49.551 330.633 197.407 -51.904 327.696 197.549
3 0 -51.904 327.696 197.549 -51.717 327.500 196.923 -49.365 330.405 196.791
3 0 -49.367 330.355 196.110 -49.365 330.405 196.791 -51.717 327.500 196.923
3 0 -51.717 327.500 196.923 -51.736 327.464 196.241 -49.367 330.355 196.110
3 0 -49.555 330.490 195.468 -49.367 330.355 196.110 -51.736 327.464 196.241
3 0 -51.736 327.464 196.241 -51.958 327.594 195.608 -49.555 330.490 195.468
3 0 -49.902 330.791 194.962 -49.555 330.490 195.468 -51.958 327.594 195.608
3 0 -51.958 327.594 195.608 -52.349 327.870 195.121 -49.902 330.791 194.962
3 0 -54.866 329.777 193.775 -52.179 332.900 193.494 -51.992 332.672 192.878
3 0 -51.992 332.672 192.878 -54.679 329.581 193.148 -54.866 329.777 193.775
3 0 -54.847 329.812 194.456 -52.177 332.950 194.175 -52.179 332.900 193.494
3 0 -52.179 332.900 193.494 -54.866 329.777 193.775 -54.847 329.812 194.456
3 0 -54.625 329.682 195.089 -51.989 332.814 194.818 -52.177 332.950 194.175
3 0 -52.177 332.950 194.175 -54.847 329.812 194.456 -54.625 329.682 195.089
3 0 -54.234 329.407 195.576 -51.642 332.514 195.323 -51.989 332.814 194.818
3 0 -51.989 332.814 194.818 -54.625 329.682 195.089 -54.234 329.407 195.576
3 0 -52.162 327.674 194.494 -49.716 330.563 194.346 -49.902 330.791 194.962
3 0 -49.902 330.791 194.962 -52.349 327.870 195.121 -52.162 327.674 194.494
3 0 -52.181 327.638 193.812 -49.717 330.513 193.665 -49.716 330.563 194.346
3 0 -49.716 330.563 194.346 -52.162 327.674 194.494 -52.181 327.638 193.812
3 0 -52.403 327.768 193.180 -49.906 330.648 193.023 -49.717 330.513 193.665
3 0 -49.717 330.513 193.665 -52.181 327.638 193.812 -52.403 327.768 193.180
3 0 -52.794 328.044 192.693 -50.253 330.949 192.517 -49.906 330.648 193.023
3 0 -49.906 330.648 193.023 -52.403 327.768 193.180 -52.794 328.044 192.693
3 0 -55.311 329.951 191.347 -52.529 333.058 191.051 -52.343 332.830 190.434
3 0 -52.343 332.830 190.434 -55.124 329.755 190.720 -55.311 329.951 191.347
3 0 -55.292 329.986 192.029 -52.528 333.108 191.731 -52.529 333.058 191.051
3 0 -52.529 333.058 191.051 -55.311 329.951 191.347 -55.292 329.986 192.029
3 0 -55.070 329.856 192.661 -52.339 332.972 192.374 -52.528 333.108 191.731
3 0 -52.528 333.108 191.731 -55.292 329.986 192.029 -55.070 329.856 192.661
3 0 -54.679 329.581 193.148 -51.992 332.672 192.878 -52.339 332.972 192.374
3 0 -52.339 332.972 192.374 -55.070 329.856 192.661 -54.679 329.581 193.148
3 0 -52.607 327.848 192.067 -50.067 330.721 191.902 -50.253 330.949 192.517
3 0 -50.253 330.949 192.517 -52.794 328.044 192.693 -52.607 327.848 192.067
3 0 -52.625 327.812 191.385 -50.068 330.671 191.221 -50.067 330.721 191.902
3 0 -50.067 330.721 191.902 -52.607 327.848 192.067 -52.625 327.812 191.385
3 0 -52.847 327.942 190.752 -50.257 330.807 190.579 -50.068 330.671 191.221
3 0 -50.068 330.671 191.221 -52.625 327.812 191.385 -52.847 327.942 190.752
3 0 -53.238 328.218 190.265 -50.604 331.107 190.073 -50.257 330.807 190.579
3 0 -50.257 330.807 190.579 -52.847 327.942 190.752 -53.238 328.218 190.265
3 0 -50.418 330.879 189.457 -50.604 331.107 190.073 -53.238 328.218 190.265
3 0 -53.238 328.218 190.265 -53.051 328.022 189.638 -50.418 330.879 189.457
3 0 -50.419 330.829 188.776 -50.418 330.879 189.457 -53.051 328.022 189.638
3 0 -53.051 328.022 189.638 -53.070 327.986 188.956 -50.419 330.829 188.776
3 0 -50.607 330.965 188.134 -50.419 330.829 188.776 -53.070 327.986 188.956
3 0 -53.070 327.986 188.956 -53.292 328.116 188.324 -50.607 330.965 188.134
3 0 -50.954 331.265 187.628 -50.607 330.965 188.134 -53.292 328.116 188.324
3 0 -53.292 328.116 188.324 -53.683 328.392 187.837 -50.954 331.265 187.628
3 0 -51.407 331.685 187.336 -50.954 331.265 187.628 -53.683 328.392 187.837
3 0 -53.683 328.392 187.837 -54.184 328.771 187.569 -51.407 331.685 187.336
3 0 -51.897 332.160 187.303 -51.407 331.685 187.336 -54.184 328.771 187.569
3 0 -54.184 328.771 187.569 -54.718 329.196 187.561 -51.897 332.160 187.303
3 0 -52.349 332.617 187.532 -51.897 332.160 187.303 -54.718 329.196 187.561
3 0 -54.718 329.196 187.561 -55.204 329.603 187.815 -52.349 332.617 187.532
3 0 -52.694 332.988 187.989 -52.349 332.617 187.532 -55.204 329.603 187.815
3 0 -55.204 329.603 187.815 -55.568 329.929 188.292 -52.694 332.988 187.989
3 0 -52.880 333.216 188.606 -52.694 332.988 187.989 -55.568 329.929 188.292
3 0 -55.568 329.929 188.292 -55.755 330.124 188.919 -52.880 333.216 188.606
3 0 -52.879 333.266 189.287 -52.880 333.216 188.606 -55.755 330.124 188.919
3 0 -55.755 330.124 188.919 -55.736 330.160 189.600 -52.879 333.266 189.287
3 0 -52.690 333.131 189.929 -52.879 333.266 189.287 -55.736 330.160 189.600
3 0 -55.736 330.160 189.600 -55.515 330.030 190.233 -52.690 333.131 189.929
3 0 -52.343 332.830 190.434 -52.690 333.131 189.929 -55.515 330.030 190.233
3 0 -55.515 330.030 190.233 -55.124 329.755 190.720 -52.343 332.830 190.434
3 0 -48.872 335.583 195.695 -48.697 335.321 195.090 -51.642 332.514 195.323
3 0 -51.642 332.514 195.323 -51.828 332.742 195.939 -48.872 335.583 195.695
3 0 -48.884 335.649 196.375 -48.872 335.583 195.695 -51.828 332.742 195.939
3 0 -51.828 332.742 195.939 -51.826 332.791 196.620 -48.884 335.649 196.375
3 0 -48.730 335.508 197.025 -48.884 335.649 196.375 -51.826 332.791 196.620
3 0 -51.826 332.791 196.620 -51.638 332.656 197.262 -48.730 335.508 197.025
3 0 -48.433 335.182 197.547 -48.730 335.508 197.025 -51.638 332.656 197.262
3 0 -51.638 332.656 197.262 -51.291 332.356 197.768 -48.433 335.182 197.547
3 0 -48.040 334.721 197.861 -48.433 335.182 197.547 -51.291 332.356 197.768
3 0 -51.291 332.356 197.768 -50.838 331.936 198.060 -48.040 334.721 197.861
3 0 -47.610 334.194 197.919 -48.040 334.721 197.861 -50.838 331.936 198.060
3 0 -50.838 331.936 198.060 -50.349 331.461 198.094 -47.610 334.194 197.919
3 0 -47.207 333.682 197.713 -47.610 334.194 197.919 -50.349 331.461 198.094
3 0 -50.349 331.461 198.094 -49.897 331.004 197.864 -47.207 333.682 197.713
3 0 -46.895 333.263 197.273 -47.207 333.682 197.713 -49.897 331.004 197.864
3 0 -49.897 331.004 197.864 -49.551 330.633 197.407 -46.895 333.263 197.273
3 0 -46.719 333.001 196.668 -46.895 333.263 197.273 -49.551 330.633 197.407
3 0 -49.551 330.633 197.407 -49.365 330.405 196.791 -46.719 333.001 196.668
3 0 -46.708 332.935 195.988 -46.719 333.001 196.668 -49.365 330.405 196.791
3 0 -49.365 330.405 196.791 -49.367 330.355 196.110 -46.708 332.935 195.988
3 0 -46.862 333.076 195.338 -46.708 332.935 195.988 -49.367 330.355 196.110
3 0 -49.367 330.355 196.110 -49.555 330.490 195.468 -46.862 333.076 195.338
3 0 -47.158 333.402 194.817 -46.862 333.076 195.338 -49.555 330.490 195.468
3 0 -49.555 330.490 195.468 -49.902 330.791 194.962 -47.158 333.402 194.817
3 0 -52.179 332.900 193.494 -49.136 335.722 193.238 -48.960 335.460 192.633
3 0 -48.960 335.460 192.633 -51.992 332.672 192.878 -52.179 332.900 193.494
3 0 -52.177 332.950 194.175 -49.147 335.788 193.918 -49.136 335.722 193.238
3 0 -49.136 335.722 193.238 -52.179 332.900 193.494 -52.177 332.950 194.175
3 0 -51.989 332.814 194.818 -48.993 335.647 194.568 -49.147 335.788 193.918
3 0 -49.147 335.788 193.918 -52.177 332.950 194.175 -51.989 332.814 194.818
3 0 -51.642 332.514 195.323 -48.697 335.321 195.090 -48.993 335.647 194.568
3 0 -48.993 335.647 194.568 -51.989 332.814 194.818 -51.642 332.514 195.323
3 0 -49.716 330.563 194.346 -46.983 333.139 194.211 -47.158 333.402 194.817
3 0 -47.158 333.402 194.817 -49.902 330.791 194.962 -49.716 330.563 194.346
3 0 -49.717 330.513 193.665 -46.971 333.074 193.531 -46.983 333.139 194.211
3 0 -46.983 333.139 194.211 -49.716 330.563 194.346 -49.717 330.513 193.665
3 0 -49.906 330.648 193.023 -47.125 333.214 192.881 -46.971 333.074 193.531
3 0 -46.971 333.074 193.531 -49.717 330.513 193.665 -49.906 330.648 193.023
3 0 -50.253 330.949 192.517 -47.422 333.540 192.360 -47.125 333.214 192.881
3 0 -47.125 333.214 192.881 -49.906 330.648 193.023 -50.253 330.949 192.517
3 0 -52.529 333.058 191.051 -49.399 335.860 190.782 -49.224 335.598 190.177
3 0 -49.224 335.598 190.177 -52.343 332.830 190.434 -52.529 333.058 191.051
3 0 -52.528 333.108 191.731 -49.411 335.926 191.462 -49.399 335.860 190.782
3 0 -49.399 335.860 190.782 -52.529 333.058 191.051 -52.528 333.108 191.731
3 0 -52.339 332.972 192.374 -49.256 335.785 192.112 -49.411 335.926 191.462
3 0 -49.411 335.926 191.462 -52.528 333.108 191.731 -52.339 332.972 192.374
3 0 -51.992 332.672 192.878 -48.960 335.460 192.633 -49.256 335.785 192.112
3 0 -49.256 335.785 192.112 -52.339 332.972 192.374 -51.992 332.672 192.878
3 0 -50.067 330.721 191.902 -47.246 333.278 191.755 -47.422 333.540 192.360
3 0 -47.422 333.540 192.360 -50.253 330.949 192.517 -50.067 330.721 191.902
3 0 -50.068 330.671 191.221 -47.235 333.212 191.075 -47.246 333.278 191.755
3 0 -47.246 333.278 191.755 -50.067 330.721 191.902 -50.068 330.671 191.221
3 0 -50.257 330.807 190.579 -47.389 333.353 190.425 -47.235 333.212 191.075
3 0 -47.235 333.212 191.075 -50.068 330.671 191.221 -50.257 330.807 190.579
3 0 -50.604 331.107 190.073 -47.685 333.679 189.904 -47.389 333.353 190.425
3 0 -47.389 333.353 190.425 -50.257 330.807 190.579 -50.604 331.107 190.073
3 0 -47.510 333.416 189.298 -47.685 333.679 189.904 -50.604 331.107 190.073
3 0 -50.604 331.107 190.073 -50.418 330.879 189.457 -47.510 333.416 189.298
3 0 -47.498 333.351 188.618 -47.510 333.416 189.298 -50.418 330.879 189.457
3 0 -50.418 330.879 189.457 -50.419 330.829 188.776 -47.498 333.351 188.618
3 0 -47.652 333.491 187.968 -47.498 333.351 188.618 -50.419 330.829 188.776
3 0 -50.419 330.829 188.776 -50.607 330.965 188.134 -47.652 333.491 187.968
3 0 -47.949 333.817 187.447 -47.652 333.491 187.968 -50.607 330.965 188.134
3 0 -50.607 330.965 188.134 -50.954 331.265 187.628 -47.949 333.817 187.447
3 0 -48.342 334.279 187.133 -47.949 333.817 187.447 -50.954 331.265 187.628
3 0 -50.954 331.265 187.628 -51.407 331.685 187.336 -48.342 334.279 187.133
3 0 -48.772 334.806 187.074 -48.342 334.279 187.133 -51.407 331.685 187.336
3 0 -51.407 331.685 187.336 -51.897 332.160 187.303 -48.772 334.806 187.074
3 0 -49.175 335.318 187.280 -48.772 334.806 187.074 -51.897 332.160 187.303
3 0 -51.897 332.160 187.303 -52.349 332.617 187.532 -49.175 335.318 187.280
3 0 -49.487 335.737 187.720 -49.175 335.318 187.280 -52.349 332.617 187.532
3 0 -52.349 332.617 187.532 -52.694 332.988 187.989 -49.487 335.737 187.720
3 0 -49.663 335.999 188.325 -49.487 335.737 187.720 -52.694 332.988 187.989
3 0 -52.694 332.988 187.989 -52.880 333.216 188.606 -49.663 335.999 188.325
3 0 -49.674 336.065 189.005 -49.663 335.999 188.325 -52.880 333.216 188.606
3 0 -52.880 333.216 188.606 -52.879 333.266 189.287 -49.674 336.065 189.005
3 0 -49.520 335.924 189.655 -49.674 336.065 189.005 -52.879 333.266 189.287
3 0 -52.879 333.266 189.287 -52.690 333.131 189.929 -49.520 335.924 189.655
3 0 -49.224 335.598 190.177 -49.520 335.924 189.655 -52.690 333.131 189.929
3 0 -52.690 333.131 189.929 -52.343 332.830 190.434 -49.224 335.598 190.177
3 0 -45.563 338.045 195.480 -45.409 337.749 194.885 -48.697 335.321 195.090
3 0 -48.697 335.321 195.090 -48.872 335.583 195.695 -45.563 338.045 195.480
3 0 -45.582 338.127 196.158 -45.563 338.045 195.480 -48.872 335.583 195.695
3 0 -48.872 335.583 195.695 -48.884 335.649 196.375 -45.582 338.127 196.158
3 0 -45.462 337.983 196.814 -45.582 338.127 196.158 -48.884 335.649 196.375
3 0 -48.884 335.649 196.375 -48.730 335.508 197.025 -45.462 337.983 196.814
3 0 -45.222 337.634 197.350 -45.462 337.983 196.814 -48.730 335.508 197.025
3 0 -48.730 335.508 197.025 -48.433 335.182 197.547 -45.222 337.634 197.350
3 0 -44.898 337.134 197.683 -45.222 337.634 197.350 -48.433 335.182 197.547
3 0 -48.433 335.182 197.547 -48.040 334.721 197.861 -44.898 337.134 197.683
3 0 -44.540 336.558 197.762 -44.898 337.134 197.683 -48.040 334.721 197.861
3 0 -48.040 334.721 197.861 -47.610 334.194 197.919 -44.540 336.558 197.762
3 0 -44.201 335.994 197.577 -44.540 336.558 197.762 -47.610 334.194 197.919
3 0 -47.610 334.194 197.919 -47.207 333.682 197.713 -44.201 335.994 197.577
3 0 -43.935 335.529 197.154 -44.201 335.994 197.577 -47.207 333.682 197.713
3 0 -47.207 333.682 197.713 -46.895 333.263 197.273 -43.935 335.529 197.154
3 0 -43.781 335.233 196.558 -43.935 335.529 197.154 -46.895 333.263 197.273
3 0 -46.895 333.263 197.273 -46.719 333.001 196.668 -43.781 335.233 196.558
3 0 -43.762 335.151 195.881 -43.781 335.233 196.558 -46.719 333.001 196.668
3 0 -46.719 333.001 196.668 -46.708 332.935 195.988 -43.762 335.151 195.881
3 0 -43.882 335.295 195.224 -43.762 335.151 195.881 -46.708 332.935 195.988
3 0 -46.708 332.935 195.988 -46.862 333.076 195.338 -43.882 335.295 195.224
3 0 -44.122 335.644 194.689 -43.882 335.295 195.224 -46.862 333.076 195.338
3 0 -46.862 333.076 195.338 -47.158 333.402 194.817 -44.122 335.644 194.689
3 0 -49.136 335.722 193.238 -45.750 338.160 193.015 -45.596 337.864 192.419
3 0 -45.596 337.864 192.419 -48.960 335.460 192.633 -49.136 335.722 193.238
3 0 -49.147 335.788 193.918 -45.769 338.242 193.692 -45.750 338.160 193.015
3 0 -45.750 338.160 193.015 -49.136 335.722 193.238 -49.147 335.788 193.918
3 0 -48.993 335.647 194.568 -45.649 338.098 194.349 -45.769 338.242 193.692
3 0 -45.769 338.242 193.692 -49.147 335.788 193.918 -48.993 335.647 194.568
3 0 -48.697 335.321 195.090 -45.409 337.749 194.885 -45.649 338.098 194.349
3 0 -45.649 338.098 194.349 -48.993 335.647 194.568 -48.697 335.321 195.090
3 0 -46.983 333.139 194.211 -43.968 335.348 194.093 -44.122 335.644 194.689
3 0 -44.122 335.644 194.689 -47.158 333.402 194.817 -46.983 333.139 194.211
3 0 -46.971 333.074 193.531 -43.949 335.265 193.416 -43.968 335.348 194.093
3 0 -43.968 335.348 194.093 -46.983 333.139 194.211 -46.971 333.074 193.531
3 0 -47.125 333.214 192.881 -44.069 335.410 192.759 -43.949 335.265 193.416
3 0 -43.949 335.265 193.416 -46.971 333.074 193.531 -47.125 333.214 192.881
3 0 -47.422 333.540 192.360 -44.309 335.759 192.224 -44.069 335.410 192.759
3 0 -44.069 335.410 192.759 -47.125 333.214 192.881 -47.422 333.540 192.360
3 0 -49.399 335.860 190.782 -45.937 338.275 190.551 -45.783 337.979 189.955
3 0 -45.783 337.979 189.955 -49.224 335.598 190.177 -49.399 335.860 190.782
3 0 -49.411 335.926 191.462 -45.956 338.357 191.228 -45.937 338.275 190.551
3 0 -45.937 338.275 190.551 -49.399 335.860 190.782 -49.411 335.926 191.462
3 0 -49.256 335.785 192.112 -45.836 338.213 191.885 -45.956 338.357 191.228
3 0 -45.956 338.357 191.228 -49.411 335.926 191.462 -49.256 335.785 192.112
3 0 -48.960 335.460 192.633 -45.596 337.864 192.419 -45.836 338.213 191.885
3 0 -45.836 338.213 191.885 -49.256 335.785 192.112 -48.960 335.460 192.633
3 0 -47.246 333.278 191.755 -44.155 335.462 191.629 -44.309 335.759 192.224
3 0 -44.309 335.759 192.224 -47.422 333.540 192.360 -47.246 333.278 191.755
3 0 -47.235 333.212 191.075 -44.136 335.380 190.951 -44.155 335.462 191.629
3 0 -44.155 335.462 191.629 -47.246 333.278 191.755 -47.235 333.212 191.075
3 0 -47.389 333.353 190.425 -44.256 335.524 190.295 -44.136 335.380 190.951
3 0 -44.136 335.380 190.951 -47.235 333.212 191.075 -47.389 333.353 190.425
3 0 -47.685 333.679 189.904 -44.496 335.874 189.759 -44.256 335.524 190.295
3 0 -44.256 335.524 190.295 -47.389 333.353 190.425 -47.685 333.679 189.904
3 0 -44.342 335.577 189.164 -44.496 335.874 189.759 -47.685 333.679 189.904
3 0 -47.685 333.679 189.904 -47.510 333.416 189.298 -44.342 335.577 189.164
3 0 -44.323 335.495 188.486 -44.342 335.577 189.164 -47.510 333.416 189.298
3 0 -47.510 333.416 189.298 -47.498 333.351 188.618 -44.323 335.495 188.486
3 0 -44.443 335.639 187.830 -44.323 335.495 188.486 -47.498 333.351 188.618
3 0 -47.498 333.351 188.618 -47.652 333.491 187.968 -44.443 335.639 187.830
3 0 -44.683 335.988 187.294 -44.443 335.639 187.830 -47.652 333.491 187.968
3 0 -47.652 333.491 187.968 -47.949 333.817 187.447 -44.683 335.988 187.294
3 0 -45.007 336.489 186.961 -44.683 335.988 187.294 -47.949 333.817 187.447
3 0 -47.949 333.817 187.447 -48.342 334.279 187.133 -45.007 336.489 186.961
3 0 -45.365 337.065 186.881 -45.007 336.489 186.961 -48.342 334.279 187.133
3 0 -48.342 334.279 187.133 -48.772 334.806 187.074 -45.365 337.065 186.881
3 0 -45.703 337.628 187.067 -45.365 337.065 186.881 -48.772 334.806 187.074
3 0 -48.772 334.806 187.074 -49.175 335.318 187.280 -45.703 337.628 187.067
3 0 -45.970 338.093 187.490 -45.703 337.628 187.067 -49.175 335.318 187.280
3 0 -49.175 335.318 187.280 -49.487 335.737 187.720 -45.970 338.093 187.490
3 0 -46.124 338.390 188.085 -45.970 338.093 187.490 -49.487 335.737 187.720
3 0 -49.487 335.737 187.720 -49.663 335.999 188.325 -46.124 338.390 188.085
3 0 -46.143 338.472 188.763 -46.124 338.390 188.085 -49.663 335.999 188.325
3 0 -49.663 335.999 188.325 -49.674 336.065 189.005 -46.143 338.472 188.763
3 0 -46.023 338.328 189.419 -46.143 338.472 188.763 -49.674 336.065 189.005
3 0 -49.674 336.065 189.005 -49.520 335.924 189.655 -46.023 338.328 189.419
3 0 -45.783 337.979 189.955 -46.023 338.328 189.419 -49.520 335.924 189.655
3 0 -49.520 335.924 189.655 -49.224 335.598 190.177 -45.783 337.979 189.955
3 0 -41.925 340.034 195.302 -41.802 339.707 194.716 -45.409 337.749 194.885
3 0 -45.409 337.749 194.885 -45.563 338.045 195.480 -41.925 340.034 195.302
3 0 -41.945 340.132 195.978 -41.925 340.034 195.302 -45.563 338.045 195.480
3 0 -45.563 338.045 195.480 -45.582 338.127 196.158 -41.945 340.132 195.978
3 0 -41.859 339.986 196.639 -41.945 340.132 195.978 -45.582 338.127 196.158
3 0 -45.582 338.127 196.158 -45.462 337.983 196.814 -41.859 339.986 196.639
3 0 -41.679 339.618 197.186 -41.859 339.986 196.639 -45.462 337.983 196.814
3 0 -45.462 337.983 196.814 -45.222 337.634 197.350 -41.679 339.618 197.186
3 0 -41.435 339.085 197.535 -41.679 339.618 197.186 -45.222 337.634 197.350
3 0 -45.222 337.634 197.350 -44.898 337.134 197.683 -41.435 339.085 197.535
3 0 -41.161 338.467 197.633 -41.435 339.085 197.535 -44.898 337.134 197.683
3 0 -44.898 337.134 197.683 -44.540 336.558 197.762 -41.161 338.467 197.633
3 0 -40.901 337.858 197.465 -41.161 338.467 197.633 -44.540 336.558 197.762
3 0 -44.540 336.558 197.762 -44.201 335.994 197.577 -40.901 337.858 197.465
3 0 -40.694 337.352 197.056 -40.901 337.858 197.465 -44.201 335.994 197.577
3 0 -44.201 335.994 197.577 -43.935 335.529 197.154 -40.694 337.352 197.056
3 0 -40.571 337.025 196.469 -40.694 337.352 197.056 -43.935 335.529 197.154
3 0 -43.935 335.529 197.154 -43.781 335.233 196.558 -40.571 337.025 196.469
3 0 -40.551 336.927 195.794 -40.571 337.025 196.469 -43.781 335.233 196.558
3 0 -43.781 335.233 196.558 -43.762 335.151 195.881 -40.551 336.927 195.794
3 0 -40.637 337.072 195.133 -40.551 336.927 195.794 -43.762 335.151 195.881
3 0 -43.762 335.151 195.881 -43.882 335.295 195.224 -40.637 337.072 195.133
3 0 -40.816 337.440 194.586 -40.637 337.072 195.133 -43.882 335.295 195.224
3 0 -43.882 335.295 195.224 -44.122 335.644 194.689 -40.816 337.440 194.586
3 0 -45.750 338.160 193.015 -42.047 340.122 192.832 -41.924 339.795 192.245
3 0 -41.924 339.795 192.245 -45.596 337.864 192.419 -45.750 338.160 193.015
3 0 -45.769 338.242 193.692 -42.067 340.220 193.507 -42.047 340.122 192.832
3 0 -42.047 340.122 192.832 -45.750 338.160 193.015 -45.769 338.242 193.692
3 0 -45.649 338.098 194.349 -41.981 340.074 194.169 -42.067 340.220 193.507
3 0 -42.067 340.220 193.507 -45.769 338.242 193.692 -45.649 338.098 194.349
3 0 -45.409 337.749 194.885 -41.802 339.707 194.716 -41.981 340.074 194.169
3 0 -41.981 340.074 194.169 -45.649 338.098 194.349 -45.409 337.749 194.885
3 0 -43.968 335.348 194.093 -40.693 337.113 193.999 -40.816 337.440 194.586
3 0 -40.816 337.440 194.586 -44.122 335.644 194.689 -43.968 335.348 194.093
3 0 -43.949 335.265 193.416 -40.673 337.015 193.324 -40.693 337.113 193.999
3 0 -40.693 337.113 193.999 -43.968 335.348 194.093 -43.949 335.265 193.416
3 0 -44.069 335.410 192.759 -40.759 337.161 192.662 -40.673 337.015 193.324
3 0 -40.673 337.015 193.324 -43.949 335.265 193.416 -44.069 335.410 192.759
3 0 -44.309 335.759 192.224 -40.938 337.529 192.115 -40.759 337.161 192.662
3 0 -40.759 337.161 192.662 -44.069 335.410 192.759 -44.309 335.759 192.224
3 0 -45.937 338.275 190.551 -42.169 340.211 190.363 -42.046 339.883 189.776
3 0 -42.046 339.883 189.776 -45.783 337.979 189.955 -45.937 338.275 190.551
3 0 -45.956 338.357 191.228 -42.189 340.309 191.038 -42.169 340.211 190.363
3 0 -42.169 340.211 190.363 -45.937 338.275 190.551 -45.956 338.357 191.228
3 0 -45.836 338.213 191.885 -42.103 340.163 191.699 -42.189 340.309 191.038
3 0 -42.189 340.309 191.038 -45.956 338.357 191.228 -45.836 338.213 191.885
3 0 -45.596 337.864 192.419 -41.924 339.795 192.245 -42.103 340.163 191.699
3 0 -42.103 340.163 191.699 -45.836 338.213 191.885 -45.596 337.864 192.419
3 0 -44.155 335.462 191.629 -40.815 337.202 191.530 -40.938 337.529 192.115
3 0 -40.938 337.529 192.115 -44.309 335.759 192.224 -44.155 335.462 191.629
3 0 -44.136 335.380 190.951 -40.795 337.104 190.854 -40.815 337.202 191.530
3 0 -40.815 337.202 191.530 -44.155 335.462 191.629 -44.136 335.380 190.951
3 0 -44.256 335.524 190.295 -40.881 337.249 190.193 -40.795 337.104 190.854
3 0 -40.795 337.104 190.854 -44.136 335.380 190.951 -44.256 335.524 190.295
3 0 -44.496 335.874 189.759 -41.060 337.617 189.646 -40.881 337.249 190.193
3 0 -40.881 337.249 190.193 -44.256 335.524 190.295 -44.496 335.874 189.759
3 0 -40.937 337.290 189.059 -41.060 337.617 189.646 -44.496 335.874 189.759
3 0 -44.496 335.874 189.759 -44.342 335.577 189.164 -40.937 337.290 189.059
3 0 -40.917 337.192 188.384 -40.937 337.290 189.059 -44.342 335.577 189.164
3 0 -44.342 335.577 189.164 -44.323 335.495 188.486 -40.917 337.192 188.384
3 0 -41.003 337.338 187.722 -40.917 337.192 188.384 -44.323 335.495 188.486
3 0 -44.323 335.495 188.486 -44.443 335.639 187.830 -41.003 337.338 187.722
3 0 -41.182 337.706 187.176 -41.003 337.338 187.722 -44.443 335.639 187.830
3 0 -44.443 335.639 187.830 -44.683 335.988 187.294 -41.182 337.706 187.176
3 0 -41.427 338.239 186.827 -41.182 337.706 187.176 -44.683 335.988 187.294
3 0 -44.683 335.988 187.294 -45.007 336.489 186.961 -41.427 338.239 186.827
3 0 -41.701 338.857 186.729 -41.427 338.239 186.827 -45.007 336.489 186.961
3 0 -45.007 336.489 186.961 -45.365 337.065 186.881 -41.701 338.857 186.729
3 0 -41.961 339.466 186.897 -41.701 338.857 186.729 -45.365 337.065 186.881
3 0 -45.365 337.065 186.881 -45.703 337.628 187.067 -41.961 339.466 186.897
3 0 -42.168 339.972 187.306 -41.961 339.466 186.897 -45.703 337.628 187.067
3 0 -45.703 337.628 187.067 -45.970 338.093 187.490 -42.168 339.972 187.306
3 0 -42.291 340.299 187.892 -42.168 339.972 187.306 -45.970 338.093 187.490
3 0 -45.970 338.093 187.490 -46.124 338.390 188.085 -42.291 340.299 187.892
3 0 -42.311 340.397 188.568 -42.291 340.299 187.892 -46.124 338.390 188.085
3 0 -46.124 338.390 188.085 -46.143 338.472 188.763 -42.311 340.397 188.568
3 0 -42.225 340.251 189.229 -42.311 340.397 188.568 -46.143 338.472 188.763
3 0 -46.143 338.472 188.763 -46.023 338.328 189.419 -42.225 340.251 189.229
3 0 -42.046 339.883 189.776 -42.225 340.251 189.229 -46.023 338.328 189.419
3 0 -46.023 338.328 189.419 -45.783 337.979 189.955 -42.046 339.883 189.776
3 0 -38.020 341.472 195.170 -37.936 341.121 194.590 -41.802 339.707 194.716
3 0 -41.802 339.707 194.716 -41.925 340.034 195.302 -38.020 341.472 195.170
3 0 -38.036 341.584 195.843 -38.020 341.472 195.170 -41.925 340.034 195.302
3 0 -41.925 340.034 195.302 -41.945 340.132 195.978 -38.036 341.584 195.843
3 0 -37.982 341.439 196.508 -38.036 341.584 195.843 -41.945 340.132 195.978
3 0 -41.945 340.132 195.978 -41.859 339.986 196.639 -37.982 341.439 196.508
3 0 -37.866 341.059 197.063 -37.982 341.439 196.508 -41.859 339.986 196.639
3 0 -41.859 339.986 196.639 -41.679 339.618 197.186 -37.866 341.059 197.063
3 0 -37.706 340.503 197.425 -37.866 341.059 197.063 -41.679 339.618 197.186
3 0 -41.679 339.618 197.186 -41.435 339.085 197.535 -37.706 340.503 197.425
3 0 -37.526 339.854 197.537 -37.706 340.503 197.425 -41.435 339.085 197.535
3 0 -41.435 339.085 197.535 -41.161 338.467 197.633 -37.526 339.854 197.537
3 0 -37.353 339.211 197.383 -37.526 339.854 197.537 -41.161 338.467 197.633
3 0 -41.161 338.467 197.633 -40.901 337.858 197.465 -37.353 339.211 197.383
3 0 -37.214 338.673 196.986 -37.353 339.211 197.383 -40.901 337.858 197.465
3 0 -40.901 337.858 197.465 -40.694 337.352 197.056 -37.214 338.673 196.986
3 0 -37.130 338.322 196.407 -37.214 338.673 196.986 -40.694 337.352 197.056
3 0 -40.694 337.352 197.056 -40.571 337.025 196.469 -37.130 338.322 196.407
3 0 -37.114 338.210 195.733 -37.130 338.322 196.407 -40.571 337.025 196.469
3 0 -40.571 337.025 196.469 -40.551 336.927 195.794 -37.114 338.210 195.733
3 0 -37.168 338.355 195.068 -37.114 338.210 195.733 -40.551 336.927 195.794
3 0 -40.551 336.927 195.794 -40.637 337.072 195.133 -37.168 338.355 195.068
3 0 -37.284 338.734 194.513 -37.168 338.355 195.068 -40.637 337.072 195.133
3 0 -40.637 337.072 195.133 -40.816 337.440 194.586 -37.284 338.734 194.513
3 0 -42.047 340.122 192.832 -38.090 341.533 192.696 -38.006 341.182 192.117
3 0 -38.006 341.182 192.117 -41.924 339.795 192.245 -42.047 340.122 192.832
3 0 -42.067 340.220 193.507 -38.106 341.645 193.370 -38.090 341.533 192.696
3 0 -38.090 341.533 192.696 -42.047 340.122 192.832 -42.067 340.220 193.507
3 0 -41.981 340.074 194.169 -38.052 341.500 194.035 -38.106 341.645 193.370
3 0 -38.106 341.645 193.370 -42.067 340.220 193.507 -41.981 340.074 194.169
3 0 -41.802 339.707 194.716 -37.936 341.121 194.590 -38.052 341.500 194.035
3 0 -38.052 341.500 194.035 -41.981 340.074 194.169 -41.802 339.707 194.716
3 0 -40.693 337.113 193.999 -37.200 338.383 193.934 -37.284 338.734 194.513
3 0 -37.284 338.734 194.513 -40.816 337.440 194.586 -40.693 337.113 193.999
3 0 -40.673 337.015 193.324 -37.183 338.271 193.260 -37.200 338.383 193.934
3 0 -37.200 338.383 193.934 -40.693 337.113 193.999 -40.673 337.015 193.324
3 0 -40.759 337.161 192.662 -37.237 338.416 192.595 -37.183 338.271 193.260
3 0 -37.183 338.271 193.260 -40.673 337.015 193.324 -40.759 337.161 192.662
3 0 -40.938 337.529 192.115 -37.353 338.796 192.040 -37.237 338.416 192.595
3 0 -37.237 338.416 192.595 -40.759 337.161 192.662 -40.938 337.529 192.115
3 0 -42.169 340.211 190.363 -38.159 341.595 190.224 -38.075 341.243 189.645
3 0 -38.075 341.243 189.645 -42.046 339.883 189.776 -42.169 340.211 190.363
3 0 -42.189 340.309 191.038 -38.176 341.706 190.897 -38.159 341.595 190.224
3 0 -38.159 341.595 190.224 -42.169 340.211 190.363 -42.189 340.309 191.038
3 0 -42.103 340.163 191.699 -38.122 341.561 191.562 -38.176 341.706 190.897
3 0 -38.176 341.706 190.897 -42.189 340.309 191.038 -42.103 340.163 191.699
3 0 -41.924 339.795 192.245 -38.006 341.182 192.117 -38.122 341.561 191.562
3 0 -38.122 341.561 191.562 -42.103 340.163 191.699 -41.924 339.795 192.245
3 0 -40.815 337.202 191.530 -37.269 338.444 191.461 -37.353 338.796 192.040
3 0 -37.353 338.796 192.040 -40.938 337.529 192.115 -40.815 337.202 191.530
3 0 -40.795 337.104 190.854 -37.253 338.332 190.788 -37.269 338.444 191.461
3 0 -37.269 338.444 191.461 -40.815 337.202 191.530 -40.795 337.104 190.854
3 0 -40.881 337.249 190.193 -37.307 338.477 190.123 -37.253 338.332 190.788
3 0 -37.253 338.332 190.788 -40.795 337.104 190.854 -40.881 337.249 190.193
3 0 -41.060 337.617 189.646 -37.423 338.857 189.567 -37.307 338.477 190.123
3 0 -37.307 338.477 190.123 -40.881 337.249 190.193 -41.060 337.617 189.646
3 0 -37.339 338.505 188.988 -37.423 338.857 189.567 -41.060 337.617 189.646
3 0 -41.060 337.617 189.646 -40.937 337.290 189.059 -37.339 338.505 188.988
3 0 -37.323 338.393 188.315 -37.339 338.505 188.988 -40.937 337.290 189.059
3 0 -40.937 337.290 189.059 -40.917 337.192 188.384 -37.323 338.393 188.315
3 0 -37.377 338.538 187.650 -37.323 338.393 188.315 -40.917 337.192 188.384
3 0 -40.917 337.192 188.384 -41.003 337.338 187.722 -37.377 338.538 187.650
3 0 -37.493 338.918 187.094 -37.377 338.538 187.650 -41.003 337.338 187.722
3 0 -41.003 337.338 187.722 -41.182 337.706 187.176 -37.493 338.918 187.094
3 0 -37.653 339.475 186.733 -37.493 338.918 187.094 -41.182 337.706 187.176
3 0 -41.182 337.706 187.176 -41.427 338.239 186.827 -37.653 339.475 186.733
3 0 -37.833 340.124 186.621 -37.653 339.475 186.733 -41.427 338.239 186.827
3 0 -41.427 338.239 186.827 -41.701 338.857 186.729 -37.833 340.124 186.621
3 0 -38.006 340.766 186.775 -37.833 340.124 186.621 -41.701 338.857 186.729
3 0 -41.701 338.857 186.729 -41.961 339.466 186.897 -38.006 340.766 186.775
3 0 -38.145 341.304 187.172 -38.006 340.766 186.775 -41.961 339.466 186.897
3 0 -41.961 339.466 186.897 -42.168 339.972 187.306 -38.145 341.304 187.172
3 0 -38.229 341.656 187.751 -38.145 341.304 187.172 -42.168 339.972 187.306
3 0 -42.168 339.972 187.306 -42.291 340.299 187.892 -38.229 341.656 187.751
3 0 -38.245 341.768 188.424 -38.229 341.656 187.751 -42.291 340.299 187.892
3 0 -42.291 340.299 187.892 -42.311 340.397 188.568 -38.245 341.768 188.424
3 0 -38.191 341.623 189.089 -38.245 341.768 188.424 -42.311 340.397 188.568
3 0 -42.311 340.397 188.568 -42.225 340.251 189.229 -38.191 341.623 189.089
3 0 -38.075 341.243 189.645 -38.191 341.623 189.089 -42.225 340.251 189.229
3 0 -42.225 340.251 189.229 -42.046 339.883 189.776 -38.075 341.243 189.645
3 0 -33.944 342.321 195.086 -33.902 341.953 194.512 -37.936 341.121 194.590
3 0 -37.936 341.121 194.590 -38.020 341.472 195.170 -33.944 342.321 195.086
3 0 -33.953 342.444 195.758 -33.944 342.321 195.086 -38.020 341.472 195.170
3 0 -38.020 341.472 195.170 -38.036 341.584 195.843 -33.953 342.444 195.758
3 0 -33.928 342.302 196.425 -33.953 342.444 195.758 -38.036 341.584 195.843
3 0 -38.036 341.584 195.843 -37.982 341.439 196.508 -33.928 342.302 196.425
3 0 -33.872 341.918 196.987 -33.928 342.302 196.425 -37.982 341.439 196.508
3 0 -37.982 341.439 196.508 -37.866 341.059 197.063 -33.872 341.918 196.987
3 0 -33.795 341.350 197.357 -33.872 341.918 196.987 -37.866 341.059 197.063
3 0 -37.866 341.059 197.063 -37.706 340.503 197.425 -33.795 341.350 197.357
3 0 -33.707 340.684 197.480 -33.795 341.350 197.357 -37.706 340.503 197.425
3 0 -37.706 340.503 197.425 -37.526 339.854 197.537 -33.707 340.684 197.480
3 0 -33.622 340.022 197.337 -33.707 340.684 197.480 -37.526 339.854 197.537
3 0 -37.526 339.854 197.537 -37.353 339.211 197.383 -33.622 340.022 197.337
3 0 -33.554 339.464 196.948 -33.622 340.022 197.337 -37.353 339.211 197.383
3 0 -37.353 339.211 197.383 -37.214 338.673 196.986 -33.554 339.464 196.948
3 0 -33.512 339.096 196.375 -33.554 339.464 196.948 -37.214 338.673 196.986
3 0 -37.214 338.673 196.986 -37.130 338.322 196.407 -33.512 339.096 196.375
3 0 -33.503 338.973 195.703 -33.512 339.096 196.375 -37.130 338.322 196.407
3 0 -37.130 338.322 196.407 -37.114 338.210 195.733 -33.503 338.973 195.703
3 0 -33.528 339.115 195.036 -33.503 338.973 195.703 -37.114 338.210 195.733
3 0 -37.114 338.210 195.733 -37.168 338.355 195.068 -33.528 339.115 195.036
3 0 -33.584 339.499 194.474 -33.528 339.115 195.036 -37.168 338.355 195.068
3 0 -37.168 338.355 195.068 -37.284 338.734 194.513 -33.584 339.499 194.474
3 0 -38.090 341.533 192.696 -33.974 342.356 192.611 -33.932 341.988 192.038
3 0 -33.932 341.988 192.038 -38.006 341.182 192.117 -38.090 341.533 192.696
3 0 -38.106 341.645 193.370 -33.983 342.478 193.283 -33.974 342.356 192.611
3 0 -33.974 342.356 192.611 -38.090 341.533 192.696 -38.106 341.645 193.370
3 0 -38.052 341.500 194.035 -33.958 342.337 193.950 -33.983 342.478 193.283
3 0 -33.983 342.478 193.283 -38.106 341.645 193.370 -38.052 341.500 194.035
3 0 -37.936 341.121 194.590 -33.902 341.953 194.512 -33.958 342.337 193.950
3 0 -33.958 342.337 193.950 -38.052 341.500 194.035 -37.936 341.121 194.590
3 0 -37.200 338.383 193.934 -33.542 339.131 193.900 -33.584 339.499 194.474
3 0 -33.584 339.499 194.474 -37.284 338.734 194.513 -37.200 338.383 193.934
3 0 -37.183 338.271 193.260 -33.533 339.008 193.229 -33.542 339.131 193.900
3 0 -33.542 339.131 193.900 -37.200 338.383 193.934 -37.183 338.271 193.260
3 0 -37.237 338.416 192.595 -33.558 339.150 192.561 -33.533 339.008 193.229
3 0 -33.533 339.008 193.229 -37.183 338.271 193.260 -37.237 338.416 192.595
3 0 -37.353 338.796 192.040 -33.614 339.534 191.999 -33.558 339.150 192.561
3 0 -33.558 339.150 192.561 -37.237 338.416 192.595 -37.353 338.796 192.040
3 0 -38.159 341.595 190.224 -34.004 342.391 190.138 -33.962 342.022 189.564
3 0 -33.962 342.022 189.564 -38.075 341.243 189.645 -38.159 341.595 190.224
3 0 -38.176 341.706 190.897 -34.013 342.513 190.809 -34.004 342.391 190.138
3 0 -34.004 342.391 190.138 -38.159 341.595 190.224 -38.176 341.706 190.897
3 0 -38.122 341.561 191.562 -33.988 342.372 191.477 -34.013 342.513 190.809
3 0 -34.013 342.513 190.809 -38.176 341.706 190.897 -38.122 341.561 191.562
3 0 -38.006 341.182 192.117 -33.932 341.988 192.038 -33.988 342.372 191.477
3 0 -33.988 342.372 191.477 -38.122 341.561 191.562 -38.006 341.182 192.117
3 0 -37.269 338.444 191.461 -33.572 339.165 191.427 -33.614 339.534 191.999
3 0 -33.614 339.534 191.999 -37.353 338.796 192.040 -37.269 338.444 191.461
3 0 -37.253 338.332 190.788 -33.563 339.043 190.755 -33.572 339.165 191.427
3 0 -33.572 339.165 191.427 -37.269 338.444 191.461 -37.253 338.332 190.788
3 0 -37.307 338.477 190.123 -33.588 339.184 190.088 -33.563 339.043 190.755
3 0 -33.563 339.043 190.755 -37.253 338.332 190.788 -37.307 338.477 190.123
3 0 -37.423 338.857 189.567 -33.644 339.568 189.526 -33.588 339.184 190.088
3 0 -33.588 339.184 190.088 -37.307 338.477 190.123 -37.423 338.857 189.567
3 0 -33.602 339.200 188.952 -33.644 339.568 189.526 -37.423 338.857 189.567
3 0 -37.423 338.857 189.567 -37.339 338.505 188.988 -33.602 339.200 188.952
3 0 -33.593 339.078 188.281 -33.602 339.200 188.952 -37.339 338.505 188.988
3 0 -37.339 338.505 188.988 -37.323 338.393 188.315 -33.593 339.078 188.281
3 0 -33.618 339.219 187.613 -33.593 339.078 188.281 -37.323 338.393 188.315
3 0 -37.323 338.393 188.315 -37.377 338.538 187.650 -33.618 339.219 187.613
3 0 -33.673 339.603 187.051 -33.618 339.219 187.613 -37.377 338.538 187.650
3 0 -37.377 338.538 187.650 -37.493 338.918 187.094 -33.673 339.603 187.051
3 0 -33.751 340.171 186.681 -33.673 339.603 187.051 -37.493 338.918 187.094
3 0 -37.493 338.918 187.094 -37.653 339.475 186.733 -33.751 340.171 186.681
3 0 -33.839 340.837 186.558 -33.751 340.171 186.681 -37.653 339.475 186.733
3 0 -37.653 339.475 186.733 -37.833 340.124 186.621 -33.839 340.837 186.558
3 0 -33.924 341.500 186.702 -33.839 340.837 186.558 -37.833 340.124 186.621
3 0 -37.833 340.124 186.621 -38.006 340.766 186.775 -33.924 341.500 186.702
3 0 -33.992 342.057 187.090 -33.924 341.500 186.702 -38.006 340.766 186.775
3 0 -38.006 340.766 186.775 -38.145 341.304 187.172 -33.992 342.057 187.090
3 0 -34.034 342.425 187.663 -33.992 342.057 187.090 -38.145 341.304 187.172
3 0 -38.145 341.304 187.172 -38.229 341.656 187.751 -34.034 342.425 187.663
3 0 -34.043 342.548 188.335 -34.034 342.425 187.663 -38.229 341.656 187.751
3 0 -38.229 341.656 187.751 -38.245 341.768 188.424 -34.043 342.548 188.335
3 0 -34.018 342.407 189.002 -34.043 342.548 188.335 -38.245 341.768 188.424
3 0 -38.245 341.768 188.424 -38.191 341.623 189.089 -34.018 342.407 189.002
3 0 -33.962 342.022 189.564 -34.018 342.407 189.002 -38.191 341.623 189.089
3 0 -38.191 341.623 189.089 -38.075 341.243 189.645 -33.962 342.022 189.564
3 0 -30.000 342.617 195.043 -30.000 342.238 194.475 -33.902 341.953 194.512
3 0 -33.902 341.953 194.512 -33.944 342.321 195.086 -30.000 342.617 195.043
3 0 -30.000 342.750 195.712 -30.000 342.617 195.043 -33.944 342.321 195.086
3 0 -33.944 342.321 195.086 -33.953 342.444 195.758 -30.000 342.750 195.712
3 0 -30.000 342.617 196.382 -30.000 342.750 195.712 -33.953 342.444 195.758
3 0 -33.953 342.444 195.758 -33.928 342.302 196.425 -30.000 342.617 196.382
3 0 -30.000 342.238 196.950 -30.000 342.617 196.382 -33.928 342.302 196.425
3 0 -33.928 342.302 196.425 -33.872 341.918 196.987 -30.000 342.238 196.950
3 0 -30.000 341.670 197.329 -30.000 342.238 196.950 -33.872 341.918 196.987
3 0 -33.872 341.918 196.987 -33.795 341.350 197.357 -30.000 341.670 197.329
3 0 -30.000 341.000 197.462 -30.000 341.670 197.329 -33.795 341.350 197.357
3 0 -33.795 341.350 197.357 -33.707 340.684 197.480 -30.000 341.000 197.462
3 0 -30.000 340.331 197.329 -30.000 341.000 197.462 -33.707 340.684 197.480
3 0 -33.707 340.684 197.480 -33.622 340.022 197.337 -30.000 340.331 197.329
3 0 -30.000 339.763 196.950 -30.000 340.331 197.329 -33.622 340.022 197.337
3 0 -33.622 340.022 197.337 -33.554 339.464 196.948 -30.000 339.763 196.950
3 0 -30.000 339.383 196.382 -30.000 339.763 196.950 -33.554 339.464 196.948
3 0 -33.554 339.464 196.948 -33.512 339.096 196.375 -30.000 339.383 196.382
3 0 -30.000 339.250 195.712 -30.000 339.383 196.382 -33.512 339.096 196.375
3 0 -33.512 339.096 196.375 -33.503 338.973 195.703 -30.000 339.250 195.712
3 0 -30.000 339.383 195.043 -30.000 339.250 195.712 -33.503 338.973 195.703
3 0 -33.503 338.973 195.703 -33.528 339.115 195.036 -30.000 339.383 195.043
3 0 -30.000 339.763 194.475 -30.000 339.383 195.043 -33.528 339.115 195.036
3 0 -33.528 339.115 195.036 -33.584 339.499 194.474 -30.000 339.763 194.475
3 0 -33.974 342.356 192.611 -30.000 342.617 192.568 -30.000 342.238 192.000
3 0 -30.000 342.238 192.000 -33.932 341.988 192.038 -33.974 342.356 192.611
3 0 -33.983 342.478 193.283 -30.000 342.750 193.237 -30.000 342.617 192.568
3 0 -30.000 342.617 192.568 -33.974 342.356 192.611 -33.983 342.478 193.283
3 0 -33.958 342.337 193.950 -30.000 342.617 193.907 -30.000 342.750 193.237
3 0 -30.000 342.750 193.237 -33.983 342.478 193.283 -33.958 342.337 193.950
3 0 -33.902 341.953 194.512 -30.000 342.238 194.475 -30.000 342.617 193.907
3 0 -30.000 342.617 193.907 -33.958 342.337 193.950 -33.902 341.953 194.512
3 0 -33.542 339.131 193.900 -30.000 339.383 193.907 -30.000 339.763 194.475
3 0 -30.000 339.763 194.475 -33.584 339.499 194.474 -33.542 339.131 193.900
3 0 -33.533 339.008 193.229 -30.000 339.250 193.237 -30.000 339.383 193.907
3 0 -30.000 339.383 193.907 -33.542 339.131 193.900 -33.533 339.008 193.229
3 0 -33.558 339.150 192.561 -30.000 339.383 192.568 -30.000 339.250 193.237
3 0 -30.000 339.250 193.237 -33.533 339.008 193.229 -33.558 339.150 192.561
3 0 -33.614 339.534 191.999 -30.000 339.763 192.000 -30.000 339.383 192.568
3 0 -30.000 339.383 192.568 -33.558 339.150 192.561 -33.614 339.534 191.999
3 0 -34.004 342.391 190.138 -30.000 342.617 190.094 -30.000 342.238 189.526
3 0 -30.000 342.238 189.526 -33.962 342.022 189.564 -34.004 342.391 190.138
3 0 -34.013 342.513 190.809 -30.000 342.750 190.763 -30.000 342.617 190.094
3 0 -30.000 342.617 190.094 -34.004 342.391 190.138 -34.013 342.513 190.809
3 0 -33.988 342.372 191.477 -30.000 342.617 191.433 -30.000 342.750 190.763
3 0 -30.000 342.750 190.763 -34.013 342.513 190.809 -33.988 342.372 191.477
3 0 -33.932 341.988 192.038 -30.000 342.238 192.000 -30.000 342.617 191.433
3 0 -30.000 342.617 191.433 -33.988 342.372 191.477 -33.932 341.988 192.038
3 0 -33.572 339.165 191.427 -30.000 339.383 191.433 -30.000 339.763 192.000
3 0 -30.000 339.763 192.000 -33.614 339.534 191.999 -33.572 339.165 191.427
3 0 -33.563 339.043 190.755 -30.000 339.250 190.763 -30.000 339.383 191.433
3 0 -30.000 339.383 191.433 -33.572 339.165 191.427 -33.563 339.043 190.755
3 0 -33.588 339.184 190.088 -30.000 339.383 190.094 -30.000 339.250 190.763
3 0 -30.000 339.250 190.763 -33.563 339.043 190.755 -33.588 339.184 190.088
3 0 -33.644 339.568 189.526 -30.000 339.763 189.526 -30.000 339.383 190.094
3 0 -30.000 339.383 190.094 -33.588 339.184 190.088 -33.644 339.568 189.526
3 0 -30.000 339.383 188.958 -30.000 339.763 189.526 -33.644 339.568 189.526
3 0 -33.644 339.568 189.526 -33.602 339.200 188.952 -30.000 339.383 188.958
3 0 -30.000 339.250 188.288 -30.000 339.383 188.958 -33.602 339.200 188.952
3 0 -33.602 339.200 188.952 -33.593 339.078 188.281 -30.000 339.250 188.288
3 0 -30.000 339.383 187.619 -30.000 339.250 188.288 -33.593 339.078 188.281
3 0 -33.593 339.078 188.281 -33.618 339.219 187.613 -30.000 339.383 187.619
3 0 -30.000 339.763 187.051 -30.000 339.383 187.619 -33.618 339.219 187.613
3 0 -33.618 339.219 187.613 -33.673 339.603 187.051 -30.000 339.763 187.051
3 0 -30.000 340.331 186.672 -30.000 339.763 187.051 -33.673 339.603 187.051
3 0 -33.673 339.603 187.051 -33.751 340.171 186.681 -30.000 340.331 186.672
3 0 -30.000 341.000 186.538 -30.000 340.331 186.672 -33.751 340.171 186.681
3 0 -33.751 340.171 186.681 -33.839 340.837 186.558 -30.000 341.000 186.538
3 0 -30.000 341.670 186.672 -30.000 341.000 186.538 -33.839 340.837 186.558
3 0 -33.839 340.837 186.558 -33.924 341.500 186.702 -30.000 341.670 186.672
3 0 -30.000 342.238 187.051 -30.000 341.670 186.672 -33.924 341.500 186.702
3 0 -33.924 341.500 186.702 -33.992 342.057 187.090 -30.000 342.238 187.051
3 0 -30.000 342.617 187.619 -30.000 342.238 187.051 -33.992 342.057 187.090
3 0 -33.992 342.057 187.090 -34.034 342.425 187.663 -30.000 342.617 187.619
3 0 -30.000 342.750 188.288 -30.000 342.617 187.619 -34.034 342.425 187.663
3 0 -34.034 342.425 187.663 -34.043 342.548 188.335 -30.000 342.750 188.288
3 0 -30.000 342.617 188.958 -30.000 342.750 188.288 -34.043 342.548 188.335
3 0 -34.043 342.548 188.335 -34.018 342.407 189.002 -30.000 342.617 188.958
3 0 -30.000 342.238 189.526 -30.000 342.617 188.958 -34.018 342.407 189.002
3 0 -34.018 342.407 189.002 -33.962 342.022 189.564 -30.000 342.238 189.526
